ISO-10303-21;
HEADER;
FILE_DESCRIPTION(('Open CASCADE Model'),'2;1');
FILE_NAME('Open CASCADE Shape Model','2026-10-07T21:49:07',('Author'),(
    'Open CASCADE'),'Open CASCADE STEP processor 7.8','Open CASCADE 7.8'
  ,'Unknown');
FILE_SCHEMA(('AUTOMOTIVE_DESIGN { 1 0 10303 214 1 1 1 1 }'));
ENDSEC;
DATA;
#1 = APPLICATION_PROTOCOL_DEFINITION('international standard',
  'automotive_design',2000,#2);
#2 = APPLICATION_CONTEXT(
  'core data for automotive mechanical design processes');
#3 = SHAPE_DEFINITION_REPRESENTATION(#4,#10);
#4 = PRODUCT_DEFINITION_SHAPE('','',#5);
#5 = PRODUCT_DEFINITION('design','',#6,#9);
#6 = PRODUCT_DEFINITION_FORMATION('','',#7);
#7 = PRODUCT('Open CASCADE STEP translator 7.8 4',
  'Open CASCADE STEP translator 7.8 4','',(#8));
#8 = PRODUCT_CONTEXT('',#2,'mechanical');
#9 = PRODUCT_DEFINITION_CONTEXT('part definition',#2,'design');
#10 = ADVANCED_BREP_SHAPE_REPRESENTATION('',(#11,#15),#9406);
#11 = AXIS2_PLACEMENT_3D('',#12,#13,#14);
#12 = CARTESIAN_POINT('',(0.,0.,0.));
#13 = DIRECTION('',(0.,0.,1.));
#14 = DIRECTION('',(1.,0.,-0.));
#15 = MANIFOLD_SOLID_BREP('',#16);
#16 = CLOSED_SHELL('',(#17,#141,#218,#354,#515,#2260,#2960,#3098,#3236,
    #3646,#3695,#3909,#3982,#4101,#4262,#4393,#4442,#4491,#4569,#4618,
    #4740,#4789,#4838,#4865,#4892,#4941,#5063,#5112,#5161,#5188,#5215,
    #5264,#5386,#5435,#5484,#5511,#5538,#5587,#5709,#5758,#5807,#5834,
    #5861,#5910,#6032,#6081,#6130,#6157,#6184,#6233,#6355,#6404,#6453,
    #6480,#6507,#6556,#6678,#6727,#6776,#6803,#6830,#6964,#6971,#6978,
    #6985,#6992,#6999,#7006,#7013,#7062,#7171,#7203,#7304,#7331,#7358,
    #7385,#7392,#7419,#7446,#7453,#7507,#7802,#7906,#8084,#8111,#8215,
    #8474,#8502,#8574,#8602,#8679,#8707,#8735,#8767,#8799,#8827,#8878,
    #8907,#8914,#8921,#8928,#8935,#8942,#8949,#8956,#8988,#9016,#9044,
    #9051,#9057,#9129,#9157,#9185,#9192,#9246,#9274,#9281,#9287,#9343,
    #9398,#9402));
#17 = ADVANCED_FACE('',(#18),#32,.T.);
#18 = FACE_BOUND('',#19,.T.);
#19 = EDGE_LOOP('',(#20,#55,#83,#111));
#20 = ORIENTED_EDGE('',*,*,#21,.F.);
#21 = EDGE_CURVE('',#22,#24,#26,.T.);
#22 = VERTEX_POINT('',#23);
#23 = CARTESIAN_POINT('',(137.,214.,15.));
#24 = VERTEX_POINT('',#25);
#25 = CARTESIAN_POINT('',(134.53254190484,214.,15.));
#26 = SURFACE_CURVE('',#27,(#31,#43),.PCURVE_S1.);
#27 = LINE('',#28,#29);
#28 = CARTESIAN_POINT('',(213.,214.,15.));
#29 = VECTOR('',#30,1.);
#30 = DIRECTION('',(-1.,-0.,-0.));
#31 = PCURVE('',#32,#37);
#32 = PLANE('',#33);
#33 = AXIS2_PLACEMENT_3D('',#34,#35,#36);
#34 = CARTESIAN_POINT('',(213.,214.,15.));
#35 = DIRECTION('',(-0.,-0.707106781187,-0.707106781187));
#36 = DIRECTION('',(0.,0.707106781187,-0.707106781187));
#37 = DEFINITIONAL_REPRESENTATION('',(#38),#42);
#38 = LINE('',#39,#40);
#39 = CARTESIAN_POINT('',(0.,0.));
#40 = VECTOR('',#41,1.);
#41 = DIRECTION('',(0.,-1.));
#42 = ( GEOMETRIC_REPRESENTATION_CONTEXT(2) 
PARAMETRIC_REPRESENTATION_CONTEXT() REPRESENTATION_CONTEXT('2D SPACE',''
  ) );
#43 = PCURVE('',#44,#49);
#44 = PLANE('',#45);
#45 = AXIS2_PLACEMENT_3D('',#46,#47,#48);
#46 = CARTESIAN_POINT('',(214.,214.,11.5));
#47 = DIRECTION('',(-0.,1.,-0.));
#48 = DIRECTION('',(0.,0.,-1.));
#49 = DEFINITIONAL_REPRESENTATION('',(#50),#54);
#50 = LINE('',#51,#52);
#51 = CARTESIAN_POINT('',(-3.5,1.));
#52 = VECTOR('',#53,1.);
#53 = DIRECTION('',(-0.,1.));
#54 = ( GEOMETRIC_REPRESENTATION_CONTEXT(2) 
PARAMETRIC_REPRESENTATION_CONTEXT() REPRESENTATION_CONTEXT('2D SPACE',''
  ) );
#55 = ORIENTED_EDGE('',*,*,#56,.T.);
#56 = EDGE_CURVE('',#22,#57,#59,.T.);
#57 = VERTEX_POINT('',#58);
#58 = CARTESIAN_POINT('',(137.,212.,17.));
#59 = SURFACE_CURVE('',#60,(#64,#71),.PCURVE_S1.);
#60 = LINE('',#61,#62);
#61 = CARTESIAN_POINT('',(137.,169.525,59.475));
#62 = VECTOR('',#63,1.);
#63 = DIRECTION('',(0.,-0.707106781187,0.707106781187));
#64 = PCURVE('',#32,#65);
#65 = DEFINITIONAL_REPRESENTATION('',(#66),#70);
#66 = LINE('',#67,#68);
#67 = CARTESIAN_POINT('',(-62.89714818654,-76.));
#68 = VECTOR('',#69,1.);
#69 = DIRECTION('',(-1.,0.));
#70 = ( GEOMETRIC_REPRESENTATION_CONTEXT(2) 
PARAMETRIC_REPRESENTATION_CONTEXT() REPRESENTATION_CONTEXT('2D SPACE',''
  ) );
#71 = PCURVE('',#72,#77);
#72 = PLANE('',#73);
#73 = AXIS2_PLACEMENT_3D('',#74,#75,#76);
#74 = CARTESIAN_POINT('',(137.,21.,-0.1));
#75 = DIRECTION('',(1.,0.,-0.));
#76 = DIRECTION('',(0.,0.,1.));
#77 = DEFINITIONAL_REPRESENTATION('',(#78),#82);
#78 = LINE('',#79,#80);
#79 = CARTESIAN_POINT('',(59.575,-148.525));
#80 = VECTOR('',#81,1.);
#81 = DIRECTION('',(0.707106781187,0.707106781187));
#82 = ( GEOMETRIC_REPRESENTATION_CONTEXT(2) 
PARAMETRIC_REPRESENTATION_CONTEXT() REPRESENTATION_CONTEXT('2D SPACE',''
  ) );
#83 = ORIENTED_EDGE('',*,*,#84,.T.);
#84 = EDGE_CURVE('',#57,#85,#87,.T.);
#85 = VERTEX_POINT('',#86);
#86 = CARTESIAN_POINT('',(134.68553258777,212.,17.));
#87 = SURFACE_CURVE('',#88,(#92,#99),.PCURVE_S1.);
#88 = LINE('',#89,#90);
#89 = CARTESIAN_POINT('',(213.,212.,17.));
#90 = VECTOR('',#91,1.);
#91 = DIRECTION('',(-1.,-0.,-0.));
#92 = PCURVE('',#32,#93);
#93 = DEFINITIONAL_REPRESENTATION('',(#94),#98);
#94 = LINE('',#95,#96);
#95 = CARTESIAN_POINT('',(-2.828427124746,0.));
#96 = VECTOR('',#97,1.);
#97 = DIRECTION('',(0.,-1.));
#98 = ( GEOMETRIC_REPRESENTATION_CONTEXT(2) 
PARAMETRIC_REPRESENTATION_CONTEXT() REPRESENTATION_CONTEXT('2D SPACE',''
  ) );
#99 = PCURVE('',#100,#105);
#100 = PLANE('',#101);
#101 = AXIS2_PLACEMENT_3D('',#102,#103,#104);
#102 = CARTESIAN_POINT('',(213.,21.,17.));
#103 = DIRECTION('',(-0.,-0.,1.));
#104 = DIRECTION('',(1.,0.,0.));
#105 = DEFINITIONAL_REPRESENTATION('',(#106),#110);
#106 = LINE('',#107,#108);
#107 = CARTESIAN_POINT('',(0.,191.));
#108 = VECTOR('',#109,1.);
#109 = DIRECTION('',(-1.,0.));
#110 = ( GEOMETRIC_REPRESENTATION_CONTEXT(2) 
PARAMETRIC_REPRESENTATION_CONTEXT() REPRESENTATION_CONTEXT('2D SPACE',''
  ) );
#111 = ORIENTED_EDGE('',*,*,#112,.F.);
#112 = EDGE_CURVE('',#24,#85,#113,.T.);
#113 = SURFACE_CURVE('',#114,(#119,#126),.PCURVE_S1.);
#114 = ELLIPSE('',#115,27.848525751443,19.691881404894);
#115 = AXIS2_PLACEMENT_3D('',#116,#117,#118);
#116 = CARTESIAN_POINT('',(115.,211.5,17.5));
#117 = DIRECTION('',(0.,-0.707106781187,-0.707106781187));
#118 = DIRECTION('',(0.,0.707106781187,-0.707106781187));
#119 = PCURVE('',#32,#120);
#120 = DEFINITIONAL_REPRESENTATION('',(#121),#125);
#121 = ELLIPSE('',#122,27.848525751443,19.691881404894);
#122 = AXIS2_PLACEMENT_2D('',#123,#124);
#123 = CARTESIAN_POINT('',(-3.535533905933,-98.));
#124 = DIRECTION('',(1.,0.));
#125 = ( GEOMETRIC_REPRESENTATION_CONTEXT(2) 
PARAMETRIC_REPRESENTATION_CONTEXT() REPRESENTATION_CONTEXT('2D SPACE',''
  ) );
#126 = PCURVE('',#127,#132);
#127 = CYLINDRICAL_SURFACE('',#128,19.691881404894);
#128 = AXIS2_PLACEMENT_3D('',#129,#130,#131);
#129 = CARTESIAN_POINT('',(115.,211.65,17.5));
#130 = DIRECTION('',(0.,1.,0.));
#131 = DIRECTION('',(0.,-0.,1.));
#132 = DEFINITIONAL_REPRESENTATION('',(#133),#140);
#133 = B_SPLINE_CURVE_WITH_KNOTS('',5,(#134,#135,#136,#137,#138,#139),
  .UNSPECIFIED.,.F.,.F.,(6,6),(1.433250693992,1.555561032622),
  .PIECEWISE_BEZIER_KNOTS.);
#134 = CARTESIAN_POINT('',(1.708341959597,2.55));
#135 = CARTESIAN_POINT('',(1.683879891872,2.072845316492));
#136 = CARTESIAN_POINT('',(1.659417824146,1.593671057594));
#137 = CARTESIAN_POINT('',(1.63495575642,1.113072067807));
#138 = CARTESIAN_POINT('',(1.610493688694,0.631648232476));
#139 = CARTESIAN_POINT('',(1.586031620968,0.15));
#140 = ( GEOMETRIC_REPRESENTATION_CONTEXT(2) 
PARAMETRIC_REPRESENTATION_CONTEXT() REPRESENTATION_CONTEXT('2D SPACE',''
  ) );
#141 = ADVANCED_FACE('',(#142),#44,.F.);
#142 = FACE_BOUND('',#143,.F.);
#143 = EDGE_LOOP('',(#144,#145,#168,#196));
#144 = ORIENTED_EDGE('',*,*,#21,.F.);
#145 = ORIENTED_EDGE('',*,*,#146,.T.);
#146 = EDGE_CURVE('',#22,#147,#149,.T.);
#147 = VERTEX_POINT('',#148);
#148 = CARTESIAN_POINT('',(137.,214.,3.4));
#149 = SURFACE_CURVE('',#150,(#154,#161),.PCURVE_S1.);
#150 = LINE('',#151,#152);
#151 = CARTESIAN_POINT('',(137.,214.,5.7));
#152 = VECTOR('',#153,1.);
#153 = DIRECTION('',(0.,-0.,-1.));
#154 = PCURVE('',#44,#155);
#155 = DEFINITIONAL_REPRESENTATION('',(#156),#160);
#156 = LINE('',#157,#158);
#157 = CARTESIAN_POINT('',(5.8,77.));
#158 = VECTOR('',#159,1.);
#159 = DIRECTION('',(1.,0.));
#160 = ( GEOMETRIC_REPRESENTATION_CONTEXT(2) 
PARAMETRIC_REPRESENTATION_CONTEXT() REPRESENTATION_CONTEXT('2D SPACE',''
  ) );
#161 = PCURVE('',#72,#162);
#162 = DEFINITIONAL_REPRESENTATION('',(#163),#167);
#163 = LINE('',#164,#165);
#164 = CARTESIAN_POINT('',(5.8,-193.));
#165 = VECTOR('',#166,1.);
#166 = DIRECTION('',(-1.,0.));
#167 = ( GEOMETRIC_REPRESENTATION_CONTEXT(2) 
PARAMETRIC_REPRESENTATION_CONTEXT() REPRESENTATION_CONTEXT('2D SPACE',''
  ) );
#168 = ORIENTED_EDGE('',*,*,#169,.F.);
#169 = EDGE_CURVE('',#170,#147,#172,.T.);
#170 = VERTEX_POINT('',#171);
#171 = CARTESIAN_POINT('',(128.74627925165,214.,3.4));
#172 = SURFACE_CURVE('',#173,(#177,#184),.PCURVE_S1.);
#173 = LINE('',#174,#175);
#174 = CARTESIAN_POINT('',(128.74627925165,214.,3.4));
#175 = VECTOR('',#176,1.);
#176 = DIRECTION('',(1.,0.,1.088130320384E-15));
#177 = PCURVE('',#44,#178);
#178 = DEFINITIONAL_REPRESENTATION('',(#179),#183);
#179 = LINE('',#180,#181);
#180 = CARTESIAN_POINT('',(8.1,85.25372074835));
#181 = VECTOR('',#182,1.);
#182 = DIRECTION('',(-1.088130320384E-15,-1.));
#183 = ( GEOMETRIC_REPRESENTATION_CONTEXT(2) 
PARAMETRIC_REPRESENTATION_CONTEXT() REPRESENTATION_CONTEXT('2D SPACE',''
  ) );
#184 = PCURVE('',#185,#190);
#185 = PLANE('',#186);
#186 = AXIS2_PLACEMENT_3D('',#187,#188,#189);
#187 = CARTESIAN_POINT('',(201.8,23.4,3.4));
#188 = DIRECTION('',(-0.,-0.,1.));
#189 = DIRECTION('',(1.,0.,0.));
#190 = DEFINITIONAL_REPRESENTATION('',(#191),#195);
#191 = LINE('',#192,#193);
#192 = CARTESIAN_POINT('',(-73.05372074835,190.6));
#193 = VECTOR('',#194,1.);
#194 = DIRECTION('',(1.,0.));
#195 = ( GEOMETRIC_REPRESENTATION_CONTEXT(2) 
PARAMETRIC_REPRESENTATION_CONTEXT() REPRESENTATION_CONTEXT('2D SPACE',''
  ) );
#196 = ORIENTED_EDGE('',*,*,#197,.F.);
#197 = EDGE_CURVE('',#24,#170,#198,.T.);
#198 = SURFACE_CURVE('',#199,(#204,#211),.PCURVE_S1.);
#199 = CIRCLE('',#200,19.691881404894);
#200 = AXIS2_PLACEMENT_3D('',#201,#202,#203);
#201 = CARTESIAN_POINT('',(115.,214.,17.5));
#202 = DIRECTION('',(0.,1.,0.));
#203 = DIRECTION('',(0.,-0.,1.));
#204 = PCURVE('',#44,#205);
#205 = DEFINITIONAL_REPRESENTATION('',(#206),#210);
#206 = CIRCLE('',#207,19.691881404894);
#207 = AXIS2_PLACEMENT_2D('',#208,#209);
#208 = CARTESIAN_POINT('',(-6.,99.));
#209 = DIRECTION('',(-1.,0.));
#210 = ( GEOMETRIC_REPRESENTATION_CONTEXT(2) 
PARAMETRIC_REPRESENTATION_CONTEXT() REPRESENTATION_CONTEXT('2D SPACE',''
  ) );
#211 = PCURVE('',#127,#212);
#212 = DEFINITIONAL_REPRESENTATION('',(#213),#217);
#213 = LINE('',#214,#215);
#214 = CARTESIAN_POINT('',(0.,2.35));
#215 = VECTOR('',#216,1.);
#216 = DIRECTION('',(1.,0.));
#217 = ( GEOMETRIC_REPRESENTATION_CONTEXT(2) 
PARAMETRIC_REPRESENTATION_CONTEXT() REPRESENTATION_CONTEXT('2D SPACE',''
  ) );
#218 = ADVANCED_FACE('',(#219),#127,.F.);
#219 = FACE_BOUND('',#220,.F.);
#220 = EDGE_LOOP('',(#221,#252,#272,#273,#274,#296,#329));
#221 = ORIENTED_EDGE('',*,*,#222,.F.);
#222 = EDGE_CURVE('',#223,#225,#227,.T.);
#223 = VERTEX_POINT('',#224);
#224 = CARTESIAN_POINT('',(134.68553258777,216.25,17.));
#225 = VERTEX_POINT('',#226);
#226 = CARTESIAN_POINT('',(124.02885337484,216.25,3.552713678801E-15));
#227 = SURFACE_CURVE('',#228,(#233,#240),.PCURVE_S1.);
#228 = CIRCLE('',#229,19.691881404894);
#229 = AXIS2_PLACEMENT_3D('',#230,#231,#232);
#230 = CARTESIAN_POINT('',(115.,216.25,17.5));
#231 = DIRECTION('',(0.,1.,0.));
#232 = DIRECTION('',(0.999677592151,0.,-2.539117465312E-02));
#233 = PCURVE('',#127,#234);
#234 = DEFINITIONAL_REPRESENTATION('',(#235),#239);
#235 = LINE('',#236,#237);
#236 = CARTESIAN_POINT('',(1.596190230571,4.6));
#237 = VECTOR('',#238,1.);
#238 = DIRECTION('',(1.,0.));
#239 = ( GEOMETRIC_REPRESENTATION_CONTEXT(2) 
PARAMETRIC_REPRESENTATION_CONTEXT() REPRESENTATION_CONTEXT('2D SPACE',''
  ) );
#240 = PCURVE('',#241,#246);
#241 = PLANE('',#242);
#242 = AXIS2_PLACEMENT_3D('',#243,#244,#245);
#243 = CARTESIAN_POINT('',(115.,216.25,17.5));
#244 = DIRECTION('',(0.,1.,0.));
#245 = DIRECTION('',(0.,-0.,1.));
#246 = DEFINITIONAL_REPRESENTATION('',(#247),#251);
#247 = CIRCLE('',#248,19.691881404894);
#248 = AXIS2_PLACEMENT_2D('',#249,#250);
#249 = CARTESIAN_POINT('',(0.,0.));
#250 = DIRECTION('',(-2.539117465312E-02,0.999677592151));
#251 = ( GEOMETRIC_REPRESENTATION_CONTEXT(2) 
PARAMETRIC_REPRESENTATION_CONTEXT() REPRESENTATION_CONTEXT('2D SPACE',''
  ) );
#252 = ORIENTED_EDGE('',*,*,#253,.F.);
#253 = EDGE_CURVE('',#85,#223,#254,.T.);
#254 = SURFACE_CURVE('',#255,(#259,#265),.PCURVE_S1.);
#255 = LINE('',#256,#257);
#256 = CARTESIAN_POINT('',(134.68553258777,211.65,17.));
#257 = VECTOR('',#258,1.);
#258 = DIRECTION('',(0.,1.,0.));
#259 = PCURVE('',#127,#260);
#260 = DEFINITIONAL_REPRESENTATION('',(#261),#264);
#261 = B_SPLINE_CURVE_WITH_KNOTS('',1,(#262,#263),.UNSPECIFIED.,.F.,.F.,
  (2,2),(-5.999999928008E-07,4.6000006),.PIECEWISE_BEZIER_KNOTS.);
#262 = CARTESIAN_POINT('',(1.596190230571,-5.999999928008E-07));
#263 = CARTESIAN_POINT('',(1.596190230571,4.6000006));
#264 = ( GEOMETRIC_REPRESENTATION_CONTEXT(2) 
PARAMETRIC_REPRESENTATION_CONTEXT() REPRESENTATION_CONTEXT('2D SPACE',''
  ) );
#265 = PCURVE('',#100,#266);
#266 = DEFINITIONAL_REPRESENTATION('',(#267),#271);
#267 = LINE('',#268,#269);
#268 = CARTESIAN_POINT('',(-78.31446741223,190.65));
#269 = VECTOR('',#270,1.);
#270 = DIRECTION('',(0.,1.));
#271 = ( GEOMETRIC_REPRESENTATION_CONTEXT(2) 
PARAMETRIC_REPRESENTATION_CONTEXT() REPRESENTATION_CONTEXT('2D SPACE',''
  ) );
#272 = ORIENTED_EDGE('',*,*,#112,.F.);
#273 = ORIENTED_EDGE('',*,*,#197,.T.);
#274 = ORIENTED_EDGE('',*,*,#275,.F.);
#275 = EDGE_CURVE('',#276,#170,#278,.T.);
#276 = VERTEX_POINT('',#277);
#277 = CARTESIAN_POINT('',(128.74627925165,211.65,3.4));
#278 = SURFACE_CURVE('',#279,(#283,#289),.PCURVE_S1.);
#279 = LINE('',#280,#281);
#280 = CARTESIAN_POINT('',(128.74627925165,211.65,3.4));
#281 = VECTOR('',#282,1.);
#282 = DIRECTION('',(0.,1.,0.));
#283 = PCURVE('',#127,#284);
#284 = DEFINITIONAL_REPRESENTATION('',(#285),#288);
#285 = B_SPLINE_CURVE_WITH_KNOTS('',1,(#286,#287),.UNSPECIFIED.,.F.,.F.,
  (2,2),(-5.999999928008E-07,4.6000006),.PIECEWISE_BEZIER_KNOTS.);
#286 = CARTESIAN_POINT('',(2.368896428643,-5.999999928008E-07));
#287 = CARTESIAN_POINT('',(2.368896428643,4.6000006));
#288 = ( GEOMETRIC_REPRESENTATION_CONTEXT(2) 
PARAMETRIC_REPRESENTATION_CONTEXT() REPRESENTATION_CONTEXT('2D SPACE',''
  ) );
#289 = PCURVE('',#185,#290);
#290 = DEFINITIONAL_REPRESENTATION('',(#291),#295);
#291 = LINE('',#292,#293);
#292 = CARTESIAN_POINT('',(-73.05372074835,188.25));
#293 = VECTOR('',#294,1.);
#294 = DIRECTION('',(0.,1.));
#295 = ( GEOMETRIC_REPRESENTATION_CONTEXT(2) 
PARAMETRIC_REPRESENTATION_CONTEXT() REPRESENTATION_CONTEXT('2D SPACE',''
  ) );
#296 = ORIENTED_EDGE('',*,*,#297,.F.);
#297 = EDGE_CURVE('',#298,#276,#300,.T.);
#298 = VERTEX_POINT('',#299);
#299 = CARTESIAN_POINT('',(124.02885337484,211.65,3.552713678801E-15));
#300 = SURFACE_CURVE('',#301,(#306,#313),.PCURVE_S1.);
#301 = CIRCLE('',#302,19.691881404894);
#302 = AXIS2_PLACEMENT_3D('',#303,#304,#305);
#303 = CARTESIAN_POINT('',(115.,211.65,17.5));
#304 = DIRECTION('',(0.,-1.,0.));
#305 = DIRECTION('',(0.458506385916,0.,-0.888691112859));
#306 = PCURVE('',#127,#307);
#307 = DEFINITIONAL_REPRESENTATION('',(#308),#312);
#308 = LINE('',#309,#310);
#309 = CARTESIAN_POINT('',(2.665278874976,0.));
#310 = VECTOR('',#311,1.);
#311 = DIRECTION('',(-1.,-0.));
#312 = ( GEOMETRIC_REPRESENTATION_CONTEXT(2) 
PARAMETRIC_REPRESENTATION_CONTEXT() REPRESENTATION_CONTEXT('2D SPACE',''
  ) );
#313 = PCURVE('',#314,#319);
#314 = PLANE('',#315);
#315 = AXIS2_PLACEMENT_3D('',#316,#317,#318);
#316 = CARTESIAN_POINT('',(115.,211.65,17.5));
#317 = DIRECTION('',(0.,1.,0.));
#318 = DIRECTION('',(0.,-0.,1.));
#319 = DEFINITIONAL_REPRESENTATION('',(#320),#328);
#320 = ( BOUNDED_CURVE() B_SPLINE_CURVE(2,(#321,#322,#323,#324,#325,#326
,#327),.UNSPECIFIED.,.T.,.F.) B_SPLINE_CURVE_WITH_KNOTS((1,2,2,2,2,1),(
    -2.094395102393,0.,2.094395102393,4.188790204786,6.28318530718,
8.377580409573),.UNSPECIFIED.) CURVE() GEOMETRIC_REPRESENTATION_ITEM() 
RATIONAL_B_SPLINE_CURVE((1.,0.5,1.,0.5,1.,0.5,1.)) REPRESENTATION_ITEM(
  '') );
#321 = CARTESIAN_POINT('',(-17.5,9.028853374843));
#322 = CARTESIAN_POINT('',(-1.861567220682,39.339742507298));
#323 = CARTESIAN_POINT('',(16.569216389659,10.641017878806));
#324 = CARTESIAN_POINT('',(35.,-18.05770674968));
#325 = CARTESIAN_POINT('',(0.930783610341,-19.66987125364));
#326 = CARTESIAN_POINT('',(-33.13843277931,-21.28203575761));
#327 = CARTESIAN_POINT('',(-17.5,9.028853374843));
#328 = ( GEOMETRIC_REPRESENTATION_CONTEXT(2) 
PARAMETRIC_REPRESENTATION_CONTEXT() REPRESENTATION_CONTEXT('2D SPACE',''
  ) );
#329 = ORIENTED_EDGE('',*,*,#330,.T.);
#330 = EDGE_CURVE('',#298,#225,#331,.T.);
#331 = SURFACE_CURVE('',#332,(#336,#342),.PCURVE_S1.);
#332 = LINE('',#333,#334);
#333 = CARTESIAN_POINT('',(124.02885337484,211.65,0.));
#334 = VECTOR('',#335,1.);
#335 = DIRECTION('',(0.,1.,0.));
#336 = PCURVE('',#127,#337);
#337 = DEFINITIONAL_REPRESENTATION('',(#338),#341);
#338 = B_SPLINE_CURVE_WITH_KNOTS('',1,(#339,#340),.UNSPECIFIED.,.F.,.F.,
  (2,2),(-5.999999928008E-07,4.6000006),.PIECEWISE_BEZIER_KNOTS.);
#339 = CARTESIAN_POINT('',(2.665278874976,-5.999999928008E-07));
#340 = CARTESIAN_POINT('',(2.665278874976,4.6000006));
#341 = ( GEOMETRIC_REPRESENTATION_CONTEXT(2) 
PARAMETRIC_REPRESENTATION_CONTEXT() REPRESENTATION_CONTEXT('2D SPACE',''
  ) );
#342 = PCURVE('',#343,#348);
#343 = PLANE('',#344);
#344 = AXIS2_PLACEMENT_3D('',#345,#346,#347);
#345 = CARTESIAN_POINT('',(213.,21.,0.));
#346 = DIRECTION('',(-0.,-0.,1.));
#347 = DIRECTION('',(1.,0.,0.));
#348 = DEFINITIONAL_REPRESENTATION('',(#349),#353);
#349 = LINE('',#350,#351);
#350 = CARTESIAN_POINT('',(-88.97114662516,190.65));
#351 = VECTOR('',#352,1.);
#352 = DIRECTION('',(0.,1.));
#353 = ( GEOMETRIC_REPRESENTATION_CONTEXT(2) 
PARAMETRIC_REPRESENTATION_CONTEXT() REPRESENTATION_CONTEXT('2D SPACE',''
  ) );
#354 = ADVANCED_FACE('',(#355),#100,.T.);
#355 = FACE_BOUND('',#356,.T.);
#356 = EDGE_LOOP('',(#357,#380,#408,#436,#464,#492,#513,#514));
#357 = ORIENTED_EDGE('',*,*,#358,.T.);
#358 = EDGE_CURVE('',#57,#359,#361,.T.);
#359 = VERTEX_POINT('',#360);
#360 = CARTESIAN_POINT('',(137.,220.2,17.));
#361 = SURFACE_CURVE('',#362,(#366,#373),.PCURVE_S1.);
#362 = LINE('',#363,#364);
#363 = CARTESIAN_POINT('',(137.,21.,17.));
#364 = VECTOR('',#365,1.);
#365 = DIRECTION('',(0.,1.,0.));
#366 = PCURVE('',#100,#367);
#367 = DEFINITIONAL_REPRESENTATION('',(#368),#372);
#368 = LINE('',#369,#370);
#369 = CARTESIAN_POINT('',(-76.,0.));
#370 = VECTOR('',#371,1.);
#371 = DIRECTION('',(0.,1.));
#372 = ( GEOMETRIC_REPRESENTATION_CONTEXT(2) 
PARAMETRIC_REPRESENTATION_CONTEXT() REPRESENTATION_CONTEXT('2D SPACE',''
  ) );
#373 = PCURVE('',#72,#374);
#374 = DEFINITIONAL_REPRESENTATION('',(#375),#379);
#375 = LINE('',#376,#377);
#376 = CARTESIAN_POINT('',(17.1,0.));
#377 = VECTOR('',#378,1.);
#378 = DIRECTION('',(0.,-1.));
#379 = ( GEOMETRIC_REPRESENTATION_CONTEXT(2) 
PARAMETRIC_REPRESENTATION_CONTEXT() REPRESENTATION_CONTEXT('2D SPACE',''
  ) );
#380 = ORIENTED_EDGE('',*,*,#381,.T.);
#381 = EDGE_CURVE('',#359,#382,#384,.T.);
#382 = VERTEX_POINT('',#383);
#383 = CARTESIAN_POINT('',(123.,220.2,17.));
#384 = SURFACE_CURVE('',#385,(#389,#396),.PCURVE_S1.);
#385 = LINE('',#386,#387);
#386 = CARTESIAN_POINT('',(210.,220.2,17.));
#387 = VECTOR('',#388,1.);
#388 = DIRECTION('',(-1.,-0.,-0.));
#389 = PCURVE('',#100,#390);
#390 = DEFINITIONAL_REPRESENTATION('',(#391),#395);
#391 = LINE('',#392,#393);
#392 = CARTESIAN_POINT('',(-3.,199.2));
#393 = VECTOR('',#394,1.);
#394 = DIRECTION('',(-1.,0.));
#395 = ( GEOMETRIC_REPRESENTATION_CONTEXT(2) 
PARAMETRIC_REPRESENTATION_CONTEXT() REPRESENTATION_CONTEXT('2D SPACE',''
  ) );
#396 = PCURVE('',#397,#402);
#397 = CYLINDRICAL_SURFACE('',#398,0.8);
#398 = AXIS2_PLACEMENT_3D('',#399,#400,#401);
#399 = CARTESIAN_POINT('',(210.,220.2,16.2));
#400 = DIRECTION('',(-1.,-0.,-0.));
#401 = DIRECTION('',(-0.,0.,1.));
#402 = DEFINITIONAL_REPRESENTATION('',(#403),#407);
#403 = LINE('',#404,#405);
#404 = CARTESIAN_POINT('',(0.,0.));
#405 = VECTOR('',#406,1.);
#406 = DIRECTION('',(0.,1.));
#407 = ( GEOMETRIC_REPRESENTATION_CONTEXT(2) 
PARAMETRIC_REPRESENTATION_CONTEXT() REPRESENTATION_CONTEXT('2D SPACE',''
  ) );
#408 = ORIENTED_EDGE('',*,*,#409,.T.);
#409 = EDGE_CURVE('',#382,#410,#412,.T.);
#410 = VERTEX_POINT('',#411);
#411 = CARTESIAN_POINT('',(123.,216.5,17.));
#412 = SURFACE_CURVE('',#413,(#417,#424),.PCURVE_S1.);
#413 = LINE('',#414,#415);
#414 = CARTESIAN_POINT('',(123.,118.75,17.));
#415 = VECTOR('',#416,1.);
#416 = DIRECTION('',(0.,-1.,0.));
#417 = PCURVE('',#100,#418);
#418 = DEFINITIONAL_REPRESENTATION('',(#419),#423);
#419 = LINE('',#420,#421);
#420 = CARTESIAN_POINT('',(-90.,97.75));
#421 = VECTOR('',#422,1.);
#422 = DIRECTION('',(0.,-1.));
#423 = ( GEOMETRIC_REPRESENTATION_CONTEXT(2) 
PARAMETRIC_REPRESENTATION_CONTEXT() REPRESENTATION_CONTEXT('2D SPACE',''
  ) );
#424 = PCURVE('',#425,#430);
#425 = PLANE('',#426);
#426 = AXIS2_PLACEMENT_3D('',#427,#428,#429);
#427 = CARTESIAN_POINT('',(123.,216.5,0.));
#428 = DIRECTION('',(-1.,-0.,-0.));
#429 = DIRECTION('',(0.,0.,-1.));
#430 = DEFINITIONAL_REPRESENTATION('',(#431),#435);
#431 = LINE('',#432,#433);
#432 = CARTESIAN_POINT('',(-17.,97.75));
#433 = VECTOR('',#434,1.);
#434 = DIRECTION('',(0.,1.));
#435 = ( GEOMETRIC_REPRESENTATION_CONTEXT(2) 
PARAMETRIC_REPRESENTATION_CONTEXT() REPRESENTATION_CONTEXT('2D SPACE',''
  ) );
#436 = ORIENTED_EDGE('',*,*,#437,.T.);
#437 = EDGE_CURVE('',#410,#438,#440,.T.);
#438 = VERTEX_POINT('',#439);
#439 = CARTESIAN_POINT('',(120.6,216.5,17.));
#440 = SURFACE_CURVE('',#441,(#445,#452),.PCURVE_S1.);
#441 = LINE('',#442,#443);
#442 = CARTESIAN_POINT('',(168.,216.5,17.));
#443 = VECTOR('',#444,1.);
#444 = DIRECTION('',(-1.,-0.,-0.));
#445 = PCURVE('',#100,#446);
#446 = DEFINITIONAL_REPRESENTATION('',(#447),#451);
#447 = LINE('',#448,#449);
#448 = CARTESIAN_POINT('',(-45.,195.5));
#449 = VECTOR('',#450,1.);
#450 = DIRECTION('',(-1.,0.));
#451 = ( GEOMETRIC_REPRESENTATION_CONTEXT(2) 
PARAMETRIC_REPRESENTATION_CONTEXT() REPRESENTATION_CONTEXT('2D SPACE',''
  ) );
#452 = PCURVE('',#453,#458);
#453 = PLANE('',#454);
#454 = AXIS2_PLACEMENT_3D('',#455,#456,#457);
#455 = CARTESIAN_POINT('',(123.,216.5,0.));
#456 = DIRECTION('',(-0.,1.,-0.));
#457 = DIRECTION('',(0.,0.,-1.));
#458 = DEFINITIONAL_REPRESENTATION('',(#459),#463);
#459 = LINE('',#460,#461);
#460 = CARTESIAN_POINT('',(-17.,-45.));
#461 = VECTOR('',#462,1.);
#462 = DIRECTION('',(-0.,1.));
#463 = ( GEOMETRIC_REPRESENTATION_CONTEXT(2) 
PARAMETRIC_REPRESENTATION_CONTEXT() REPRESENTATION_CONTEXT('2D SPACE',''
  ) );
#464 = ORIENTED_EDGE('',*,*,#465,.F.);
#465 = EDGE_CURVE('',#466,#438,#468,.T.);
#466 = VERTEX_POINT('',#467);
#467 = CARTESIAN_POINT('',(120.6,216.25,17.));
#468 = SURFACE_CURVE('',#469,(#473,#480),.PCURVE_S1.);
#469 = LINE('',#470,#471);
#470 = CARTESIAN_POINT('',(120.6,116.35,17.));
#471 = VECTOR('',#472,1.);
#472 = DIRECTION('',(-0.,1.,-0.));
#473 = PCURVE('',#100,#474);
#474 = DEFINITIONAL_REPRESENTATION('',(#475),#479);
#475 = LINE('',#476,#477);
#476 = CARTESIAN_POINT('',(-92.4,95.35));
#477 = VECTOR('',#478,1.);
#478 = DIRECTION('',(0.,1.));
#479 = ( GEOMETRIC_REPRESENTATION_CONTEXT(2) 
PARAMETRIC_REPRESENTATION_CONTEXT() REPRESENTATION_CONTEXT('2D SPACE',''
  ) );
#480 = PCURVE('',#481,#486);
#481 = PLANE('',#482);
#482 = AXIS2_PLACEMENT_3D('',#483,#484,#485);
#483 = CARTESIAN_POINT('',(120.6,211.7,11.5));
#484 = DIRECTION('',(-1.,-0.,-0.));
#485 = DIRECTION('',(0.,0.,-1.));
#486 = DEFINITIONAL_REPRESENTATION('',(#487),#491);
#487 = LINE('',#488,#489);
#488 = CARTESIAN_POINT('',(-5.5,95.35));
#489 = VECTOR('',#490,1.);
#490 = DIRECTION('',(0.,-1.));
#491 = ( GEOMETRIC_REPRESENTATION_CONTEXT(2) 
PARAMETRIC_REPRESENTATION_CONTEXT() REPRESENTATION_CONTEXT('2D SPACE',''
  ) );
#492 = ORIENTED_EDGE('',*,*,#493,.T.);
#493 = EDGE_CURVE('',#466,#223,#494,.T.);
#494 = SURFACE_CURVE('',#495,(#499,#506),.PCURVE_S1.);
#495 = LINE('',#496,#497);
#496 = CARTESIAN_POINT('',(164.,216.25,17.));
#497 = VECTOR('',#498,1.);
#498 = DIRECTION('',(1.,-0.,0.));
#499 = PCURVE('',#100,#500);
#500 = DEFINITIONAL_REPRESENTATION('',(#501),#505);
#501 = LINE('',#502,#503);
#502 = CARTESIAN_POINT('',(-49.,195.25));
#503 = VECTOR('',#504,1.);
#504 = DIRECTION('',(1.,0.));
#505 = ( GEOMETRIC_REPRESENTATION_CONTEXT(2) 
PARAMETRIC_REPRESENTATION_CONTEXT() REPRESENTATION_CONTEXT('2D SPACE',''
  ) );
#506 = PCURVE('',#241,#507);
#507 = DEFINITIONAL_REPRESENTATION('',(#508),#512);
#508 = LINE('',#509,#510);
#509 = CARTESIAN_POINT('',(-0.5,49.));
#510 = VECTOR('',#511,1.);
#511 = DIRECTION('',(0.,1.));
#512 = ( GEOMETRIC_REPRESENTATION_CONTEXT(2) 
PARAMETRIC_REPRESENTATION_CONTEXT() REPRESENTATION_CONTEXT('2D SPACE',''
  ) );
#513 = ORIENTED_EDGE('',*,*,#253,.F.);
#514 = ORIENTED_EDGE('',*,*,#84,.F.);
#515 = ADVANCED_FACE('',(#516),#72,.T.);
#516 = FACE_BOUND('',#517,.T.);
#517 = EDGE_LOOP('',(#518,#548,#571,#599,#625,#626,#627,#628,#651,#679,
    #707,#735,#763,#791,#814,#842,#865,#893,#921,#949,#977,#1005,#1028,
    #1056,#1079,#1107,#1135,#1163,#1191,#1219,#1242,#1270,#1293,#1321,
    #1349,#1377,#1405,#1433,#1456,#1484,#1507,#1535,#1563,#1591,#1619,
    #1647,#1670,#1698,#1721,#1749,#1777,#1805,#1833,#1861,#1884,#1912,
    #1935,#1963,#1991,#2019,#2047,#2075,#2098,#2126,#2149,#2177,#2205,
    #2233));
#518 = ORIENTED_EDGE('',*,*,#519,.T.);
#519 = EDGE_CURVE('',#520,#522,#524,.T.);
#520 = VERTEX_POINT('',#521);
#521 = CARTESIAN_POINT('',(137.,21.,16.2));
#522 = VERTEX_POINT('',#523);
#523 = CARTESIAN_POINT('',(137.,21.,0.));
#524 = SURFACE_CURVE('',#525,(#529,#536),.PCURVE_S1.);
#525 = LINE('',#526,#527);
#526 = CARTESIAN_POINT('',(137.,21.,16.2));
#527 = VECTOR('',#528,1.);
#528 = DIRECTION('',(0.,3.426614273534E-18,-1.));
#529 = PCURVE('',#72,#530);
#530 = DEFINITIONAL_REPRESENTATION('',(#531),#535);
#531 = LINE('',#532,#533);
#532 = CARTESIAN_POINT('',(16.3,0.));
#533 = VECTOR('',#534,1.);
#534 = DIRECTION('',(-1.,-3.426614273534E-18));
#535 = ( GEOMETRIC_REPRESENTATION_CONTEXT(2) 
PARAMETRIC_REPRESENTATION_CONTEXT() REPRESENTATION_CONTEXT('2D SPACE',''
  ) );
#536 = PCURVE('',#537,#542);
#537 = PLANE('',#538);
#538 = AXIS2_PLACEMENT_3D('',#539,#540,#541);
#539 = CARTESIAN_POINT('',(213.,21.,0.));
#540 = DIRECTION('',(-0.,1.,-0.));
#541 = DIRECTION('',(0.,0.,-1.));
#542 = DEFINITIONAL_REPRESENTATION('',(#543),#547);
#543 = LINE('',#544,#545);
#544 = CARTESIAN_POINT('',(-16.2,76.));
#545 = VECTOR('',#546,1.);
#546 = DIRECTION('',(1.,0.));
#547 = ( GEOMETRIC_REPRESENTATION_CONTEXT(2) 
PARAMETRIC_REPRESENTATION_CONTEXT() REPRESENTATION_CONTEXT('2D SPACE',''
  ) );
#548 = ORIENTED_EDGE('',*,*,#549,.T.);
#549 = EDGE_CURVE('',#522,#550,#552,.T.);
#550 = VERTEX_POINT('',#551);
#551 = CARTESIAN_POINT('',(137.,221.,0.));
#552 = SURFACE_CURVE('',#553,(#557,#564),.PCURVE_S1.);
#553 = LINE('',#554,#555);
#554 = CARTESIAN_POINT('',(137.,21.,0.));
#555 = VECTOR('',#556,1.);
#556 = DIRECTION('',(0.,1.,0.));
#557 = PCURVE('',#72,#558);
#558 = DEFINITIONAL_REPRESENTATION('',(#559),#563);
#559 = LINE('',#560,#561);
#560 = CARTESIAN_POINT('',(0.1,0.));
#561 = VECTOR('',#562,1.);
#562 = DIRECTION('',(0.,-1.));
#563 = ( GEOMETRIC_REPRESENTATION_CONTEXT(2) 
PARAMETRIC_REPRESENTATION_CONTEXT() REPRESENTATION_CONTEXT('2D SPACE',''
  ) );
#564 = PCURVE('',#343,#565);
#565 = DEFINITIONAL_REPRESENTATION('',(#566),#570);
#566 = LINE('',#567,#568);
#567 = CARTESIAN_POINT('',(-76.,0.));
#568 = VECTOR('',#569,1.);
#569 = DIRECTION('',(0.,1.));
#570 = ( GEOMETRIC_REPRESENTATION_CONTEXT(2) 
PARAMETRIC_REPRESENTATION_CONTEXT() REPRESENTATION_CONTEXT('2D SPACE',''
  ) );
#571 = ORIENTED_EDGE('',*,*,#572,.T.);
#572 = EDGE_CURVE('',#550,#573,#575,.T.);
#573 = VERTEX_POINT('',#574);
#574 = CARTESIAN_POINT('',(137.,221.,16.2));
#575 = SURFACE_CURVE('',#576,(#580,#587),.PCURVE_S1.);
#576 = LINE('',#577,#578);
#577 = CARTESIAN_POINT('',(137.,221.,0.));
#578 = VECTOR('',#579,1.);
#579 = DIRECTION('',(0.,0.,1.));
#580 = PCURVE('',#72,#581);
#581 = DEFINITIONAL_REPRESENTATION('',(#582),#586);
#582 = LINE('',#583,#584);
#583 = CARTESIAN_POINT('',(0.1,-200.));
#584 = VECTOR('',#585,1.);
#585 = DIRECTION('',(1.,0.));
#586 = ( GEOMETRIC_REPRESENTATION_CONTEXT(2) 
PARAMETRIC_REPRESENTATION_CONTEXT() REPRESENTATION_CONTEXT('2D SPACE',''
  ) );
#587 = PCURVE('',#588,#593);
#588 = PLANE('',#589);
#589 = AXIS2_PLACEMENT_3D('',#590,#591,#592);
#590 = CARTESIAN_POINT('',(213.,221.,0.));
#591 = DIRECTION('',(-0.,1.,-0.));
#592 = DIRECTION('',(0.,0.,-1.));
#593 = DEFINITIONAL_REPRESENTATION('',(#594),#598);
#594 = LINE('',#595,#596);
#595 = CARTESIAN_POINT('',(0.,76.));
#596 = VECTOR('',#597,1.);
#597 = DIRECTION('',(-1.,-0.));
#598 = ( GEOMETRIC_REPRESENTATION_CONTEXT(2) 
PARAMETRIC_REPRESENTATION_CONTEXT() REPRESENTATION_CONTEXT('2D SPACE',''
  ) );
#599 = ORIENTED_EDGE('',*,*,#600,.F.);
#600 = EDGE_CURVE('',#359,#573,#601,.T.);
#601 = SURFACE_CURVE('',#602,(#607,#618),.PCURVE_S1.);
#602 = CIRCLE('',#603,0.8);
#603 = AXIS2_PLACEMENT_3D('',#604,#605,#606);
#604 = CARTESIAN_POINT('',(137.,220.2,16.2));
#605 = DIRECTION('',(-1.,0.,-0.));
#606 = DIRECTION('',(-0.,0.,1.));
#607 = PCURVE('',#72,#608);
#608 = DEFINITIONAL_REPRESENTATION('',(#609),#617);
#609 = ( BOUNDED_CURVE() B_SPLINE_CURVE(2,(#610,#611,#612,#613,#614,#615
,#616),.UNSPECIFIED.,.T.,.F.) B_SPLINE_CURVE_WITH_KNOTS((1,2,2,2,2,1),(
    -2.094395102393,0.,2.094395102393,4.188790204786,6.28318530718,
8.377580409573),.UNSPECIFIED.) CURVE() GEOMETRIC_REPRESENTATION_ITEM() 
RATIONAL_B_SPLINE_CURVE((1.,0.5,1.,0.5,1.,0.5,1.)) REPRESENTATION_ITEM(
  '') );
#610 = CARTESIAN_POINT('',(17.1,-199.2));
#611 = CARTESIAN_POINT('',(17.1,-200.585640646));
#612 = CARTESIAN_POINT('',(15.9,-199.892820323));
#613 = CARTESIAN_POINT('',(14.7,-199.2));
#614 = CARTESIAN_POINT('',(15.9,-198.5071796769));
#615 = CARTESIAN_POINT('',(17.1,-197.8143593539));
#616 = CARTESIAN_POINT('',(17.1,-199.2));
#617 = ( GEOMETRIC_REPRESENTATION_CONTEXT(2) 
PARAMETRIC_REPRESENTATION_CONTEXT() REPRESENTATION_CONTEXT('2D SPACE',''
  ) );
#618 = PCURVE('',#397,#619);
#619 = DEFINITIONAL_REPRESENTATION('',(#620),#624);
#620 = LINE('',#621,#622);
#621 = CARTESIAN_POINT('',(0.,73.));
#622 = VECTOR('',#623,1.);
#623 = DIRECTION('',(1.,0.));
#624 = ( GEOMETRIC_REPRESENTATION_CONTEXT(2) 
PARAMETRIC_REPRESENTATION_CONTEXT() REPRESENTATION_CONTEXT('2D SPACE',''
  ) );
#625 = ORIENTED_EDGE('',*,*,#358,.F.);
#626 = ORIENTED_EDGE('',*,*,#56,.F.);
#627 = ORIENTED_EDGE('',*,*,#146,.T.);
#628 = ORIENTED_EDGE('',*,*,#629,.F.);
#629 = EDGE_CURVE('',#630,#147,#632,.T.);
#630 = VERTEX_POINT('',#631);
#631 = CARTESIAN_POINT('',(137.,187.85,3.4));
#632 = SURFACE_CURVE('',#633,(#637,#644),.PCURVE_S1.);
#633 = LINE('',#634,#635);
#634 = CARTESIAN_POINT('',(137.,22.2,3.4));
#635 = VECTOR('',#636,1.);
#636 = DIRECTION('',(0.,1.,0.));
#637 = PCURVE('',#72,#638);
#638 = DEFINITIONAL_REPRESENTATION('',(#639),#643);
#639 = LINE('',#640,#641);
#640 = CARTESIAN_POINT('',(3.5,-1.2));
#641 = VECTOR('',#642,1.);
#642 = DIRECTION('',(0.,-1.));
#643 = ( GEOMETRIC_REPRESENTATION_CONTEXT(2) 
PARAMETRIC_REPRESENTATION_CONTEXT() REPRESENTATION_CONTEXT('2D SPACE',''
  ) );
#644 = PCURVE('',#185,#645);
#645 = DEFINITIONAL_REPRESENTATION('',(#646),#650);
#646 = LINE('',#647,#648);
#647 = CARTESIAN_POINT('',(-64.8,-1.2));
#648 = VECTOR('',#649,1.);
#649 = DIRECTION('',(0.,1.));
#650 = ( GEOMETRIC_REPRESENTATION_CONTEXT(2) 
PARAMETRIC_REPRESENTATION_CONTEXT() REPRESENTATION_CONTEXT('2D SPACE',''
  ) );
#651 = ORIENTED_EDGE('',*,*,#652,.F.);
#652 = EDGE_CURVE('',#653,#630,#655,.T.);
#653 = VERTEX_POINT('',#654);
#654 = CARTESIAN_POINT('',(137.,187.85,6.9));
#655 = SURFACE_CURVE('',#656,(#660,#667),.PCURVE_S1.);
#656 = LINE('',#657,#658);
#657 = CARTESIAN_POINT('',(137.,187.85,1.645));
#658 = VECTOR('',#659,1.);
#659 = DIRECTION('',(0.,-0.,-1.));
#660 = PCURVE('',#72,#661);
#661 = DEFINITIONAL_REPRESENTATION('',(#662),#666);
#662 = LINE('',#663,#664);
#663 = CARTESIAN_POINT('',(1.745,-166.85));
#664 = VECTOR('',#665,1.);
#665 = DIRECTION('',(-1.,0.));
#666 = ( GEOMETRIC_REPRESENTATION_CONTEXT(2) 
PARAMETRIC_REPRESENTATION_CONTEXT() REPRESENTATION_CONTEXT('2D SPACE',''
  ) );
#667 = PCURVE('',#668,#673);
#668 = PLANE('',#669);
#669 = AXIS2_PLACEMENT_3D('',#670,#671,#672);
#670 = CARTESIAN_POINT('',(157.05,187.85,3.39));
#671 = DIRECTION('',(-0.,1.,-0.));
#672 = DIRECTION('',(0.,0.,-1.));
#673 = DEFINITIONAL_REPRESENTATION('',(#674),#678);
#674 = LINE('',#675,#676);
#675 = CARTESIAN_POINT('',(1.745,20.05));
#676 = VECTOR('',#677,1.);
#677 = DIRECTION('',(1.,0.));
#678 = ( GEOMETRIC_REPRESENTATION_CONTEXT(2) 
PARAMETRIC_REPRESENTATION_CONTEXT() REPRESENTATION_CONTEXT('2D SPACE',''
  ) );
#679 = ORIENTED_EDGE('',*,*,#680,.F.);
#680 = EDGE_CURVE('',#681,#653,#683,.T.);
#681 = VERTEX_POINT('',#682);
#682 = CARTESIAN_POINT('',(137.,187.05,6.9));
#683 = SURFACE_CURVE('',#684,(#688,#695),.PCURVE_S1.);
#684 = LINE('',#685,#686);
#685 = CARTESIAN_POINT('',(137.,93.275,6.9));
#686 = VECTOR('',#687,1.);
#687 = DIRECTION('',(0.,1.,0.));
#688 = PCURVE('',#72,#689);
#689 = DEFINITIONAL_REPRESENTATION('',(#690),#694);
#690 = LINE('',#691,#692);
#691 = CARTESIAN_POINT('',(7.,-72.275));
#692 = VECTOR('',#693,1.);
#693 = DIRECTION('',(0.,-1.));
#694 = ( GEOMETRIC_REPRESENTATION_CONTEXT(2) 
PARAMETRIC_REPRESENTATION_CONTEXT() REPRESENTATION_CONTEXT('2D SPACE',''
  ) );
#695 = PCURVE('',#696,#701);
#696 = PLANE('',#697);
#697 = AXIS2_PLACEMENT_3D('',#698,#699,#700);
#698 = CARTESIAN_POINT('',(201.05,165.55,6.9));
#699 = DIRECTION('',(-0.,-0.,1.));
#700 = DIRECTION('',(1.,0.,0.));
#701 = DEFINITIONAL_REPRESENTATION('',(#702),#706);
#702 = LINE('',#703,#704);
#703 = CARTESIAN_POINT('',(-64.05,-72.275));
#704 = VECTOR('',#705,1.);
#705 = DIRECTION('',(0.,1.));
#706 = ( GEOMETRIC_REPRESENTATION_CONTEXT(2) 
PARAMETRIC_REPRESENTATION_CONTEXT() REPRESENTATION_CONTEXT('2D SPACE',''
  ) );
#707 = ORIENTED_EDGE('',*,*,#708,.T.);
#708 = EDGE_CURVE('',#681,#709,#711,.T.);
#709 = VERTEX_POINT('',#710);
#710 = CARTESIAN_POINT('',(137.,187.05,3.4));
#711 = SURFACE_CURVE('',#712,(#716,#723),.PCURVE_S1.);
#712 = LINE('',#713,#714);
#713 = CARTESIAN_POINT('',(137.,187.05,1.64));
#714 = VECTOR('',#715,1.);
#715 = DIRECTION('',(0.,-0.,-1.));
#716 = PCURVE('',#72,#717);
#717 = DEFINITIONAL_REPRESENTATION('',(#718),#722);
#718 = LINE('',#719,#720);
#719 = CARTESIAN_POINT('',(1.74,-166.05));
#720 = VECTOR('',#721,1.);
#721 = DIRECTION('',(-1.,0.));
#722 = ( GEOMETRIC_REPRESENTATION_CONTEXT(2) 
PARAMETRIC_REPRESENTATION_CONTEXT() REPRESENTATION_CONTEXT('2D SPACE',''
  ) );
#723 = PCURVE('',#724,#729);
#724 = PLANE('',#725);
#725 = AXIS2_PLACEMENT_3D('',#726,#727,#728);
#726 = CARTESIAN_POINT('',(156.25,187.05,3.38));
#727 = DIRECTION('',(-0.,1.,-0.));
#728 = DIRECTION('',(0.,0.,-1.));
#729 = DEFINITIONAL_REPRESENTATION('',(#730),#734);
#730 = LINE('',#731,#732);
#731 = CARTESIAN_POINT('',(1.74,19.25));
#732 = VECTOR('',#733,1.);
#733 = DIRECTION('',(1.,0.));
#734 = ( GEOMETRIC_REPRESENTATION_CONTEXT(2) 
PARAMETRIC_REPRESENTATION_CONTEXT() REPRESENTATION_CONTEXT('2D SPACE',''
  ) );
#735 = ORIENTED_EDGE('',*,*,#736,.F.);
#736 = EDGE_CURVE('',#737,#709,#739,.T.);
#737 = VERTEX_POINT('',#738);
#738 = CARTESIAN_POINT('',(137.,166.35,3.4));
#739 = SURFACE_CURVE('',#740,(#744,#751),.PCURVE_S1.);
#740 = LINE('',#741,#742);
#741 = CARTESIAN_POINT('',(137.,22.2,3.4));
#742 = VECTOR('',#743,1.);
#743 = DIRECTION('',(0.,1.,0.));
#744 = PCURVE('',#72,#745);
#745 = DEFINITIONAL_REPRESENTATION('',(#746),#750);
#746 = LINE('',#747,#748);
#747 = CARTESIAN_POINT('',(3.5,-1.2));
#748 = VECTOR('',#749,1.);
#749 = DIRECTION('',(0.,-1.));
#750 = ( GEOMETRIC_REPRESENTATION_CONTEXT(2) 
PARAMETRIC_REPRESENTATION_CONTEXT() REPRESENTATION_CONTEXT('2D SPACE',''
  ) );
#751 = PCURVE('',#752,#757);
#752 = PLANE('',#753);
#753 = AXIS2_PLACEMENT_3D('',#754,#755,#756);
#754 = CARTESIAN_POINT('',(201.8,23.4,3.4));
#755 = DIRECTION('',(-0.,-0.,1.));
#756 = DIRECTION('',(1.,0.,0.));
#757 = DEFINITIONAL_REPRESENTATION('',(#758),#762);
#758 = LINE('',#759,#760);
#759 = CARTESIAN_POINT('',(-64.8,-1.2));
#760 = VECTOR('',#761,1.);
#761 = DIRECTION('',(0.,1.));
#762 = ( GEOMETRIC_REPRESENTATION_CONTEXT(2) 
PARAMETRIC_REPRESENTATION_CONTEXT() REPRESENTATION_CONTEXT('2D SPACE',''
  ) );
#763 = ORIENTED_EDGE('',*,*,#764,.F.);
#764 = EDGE_CURVE('',#765,#737,#767,.T.);
#765 = VERTEX_POINT('',#766);
#766 = CARTESIAN_POINT('',(137.,166.35,6.9));
#767 = SURFACE_CURVE('',#768,(#772,#779),.PCURVE_S1.);
#768 = LINE('',#769,#770);
#769 = CARTESIAN_POINT('',(137.,166.35,1.64));
#770 = VECTOR('',#771,1.);
#771 = DIRECTION('',(0.,-0.,-1.));
#772 = PCURVE('',#72,#773);
#773 = DEFINITIONAL_REPRESENTATION('',(#774),#778);
#774 = LINE('',#775,#776);
#775 = CARTESIAN_POINT('',(1.74,-145.35));
#776 = VECTOR('',#777,1.);
#777 = DIRECTION('',(-1.,0.));
#778 = ( GEOMETRIC_REPRESENTATION_CONTEXT(2) 
PARAMETRIC_REPRESENTATION_CONTEXT() REPRESENTATION_CONTEXT('2D SPACE',''
  ) );
#779 = PCURVE('',#780,#785);
#780 = PLANE('',#781);
#781 = AXIS2_PLACEMENT_3D('',#782,#783,#784);
#782 = CARTESIAN_POINT('',(156.25,166.35,3.38));
#783 = DIRECTION('',(-0.,1.,-0.));
#784 = DIRECTION('',(0.,0.,-1.));
#785 = DEFINITIONAL_REPRESENTATION('',(#786),#790);
#786 = LINE('',#787,#788);
#787 = CARTESIAN_POINT('',(1.74,19.25));
#788 = VECTOR('',#789,1.);
#789 = DIRECTION('',(1.,0.));
#790 = ( GEOMETRIC_REPRESENTATION_CONTEXT(2) 
PARAMETRIC_REPRESENTATION_CONTEXT() REPRESENTATION_CONTEXT('2D SPACE',''
  ) );
#791 = ORIENTED_EDGE('',*,*,#792,.F.);
#792 = EDGE_CURVE('',#793,#765,#795,.T.);
#793 = VERTEX_POINT('',#794);
#794 = CARTESIAN_POINT('',(137.,165.55,6.9));
#795 = SURFACE_CURVE('',#796,(#800,#807),.PCURVE_S1.);
#796 = LINE('',#797,#798);
#797 = CARTESIAN_POINT('',(137.,93.275,6.9));
#798 = VECTOR('',#799,1.);
#799 = DIRECTION('',(0.,1.,0.));
#800 = PCURVE('',#72,#801);
#801 = DEFINITIONAL_REPRESENTATION('',(#802),#806);
#802 = LINE('',#803,#804);
#803 = CARTESIAN_POINT('',(7.,-72.275));
#804 = VECTOR('',#805,1.);
#805 = DIRECTION('',(0.,-1.));
#806 = ( GEOMETRIC_REPRESENTATION_CONTEXT(2) 
PARAMETRIC_REPRESENTATION_CONTEXT() REPRESENTATION_CONTEXT('2D SPACE',''
  ) );
#807 = PCURVE('',#696,#808);
#808 = DEFINITIONAL_REPRESENTATION('',(#809),#813);
#809 = LINE('',#810,#811);
#810 = CARTESIAN_POINT('',(-64.05,-72.275));
#811 = VECTOR('',#812,1.);
#812 = DIRECTION('',(0.,1.));
#813 = ( GEOMETRIC_REPRESENTATION_CONTEXT(2) 
PARAMETRIC_REPRESENTATION_CONTEXT() REPRESENTATION_CONTEXT('2D SPACE',''
  ) );
#814 = ORIENTED_EDGE('',*,*,#815,.T.);
#815 = EDGE_CURVE('',#793,#816,#818,.T.);
#816 = VERTEX_POINT('',#817);
#817 = CARTESIAN_POINT('',(137.,165.55,3.4));
#818 = SURFACE_CURVE('',#819,(#823,#830),.PCURVE_S1.);
#819 = LINE('',#820,#821);
#820 = CARTESIAN_POINT('',(137.,165.55,1.645));
#821 = VECTOR('',#822,1.);
#822 = DIRECTION('',(0.,-0.,-1.));
#823 = PCURVE('',#72,#824);
#824 = DEFINITIONAL_REPRESENTATION('',(#825),#829);
#825 = LINE('',#826,#827);
#826 = CARTESIAN_POINT('',(1.745,-144.55));
#827 = VECTOR('',#828,1.);
#828 = DIRECTION('',(-1.,0.));
#829 = ( GEOMETRIC_REPRESENTATION_CONTEXT(2) 
PARAMETRIC_REPRESENTATION_CONTEXT() REPRESENTATION_CONTEXT('2D SPACE',''
  ) );
#830 = PCURVE('',#831,#836);
#831 = PLANE('',#832);
#832 = AXIS2_PLACEMENT_3D('',#833,#834,#835);
#833 = CARTESIAN_POINT('',(201.05,165.55,3.39));
#834 = DIRECTION('',(-0.,1.,-0.));
#835 = DIRECTION('',(0.,0.,-1.));
#836 = DEFINITIONAL_REPRESENTATION('',(#837),#841);
#837 = LINE('',#838,#839);
#838 = CARTESIAN_POINT('',(1.745,64.05));
#839 = VECTOR('',#840,1.);
#840 = DIRECTION('',(1.,0.));
#841 = ( GEOMETRIC_REPRESENTATION_CONTEXT(2) 
PARAMETRIC_REPRESENTATION_CONTEXT() REPRESENTATION_CONTEXT('2D SPACE',''
  ) );
#842 = ORIENTED_EDGE('',*,*,#843,.F.);
#843 = EDGE_CURVE('',#844,#816,#846,.T.);
#844 = VERTEX_POINT('',#845);
#845 = CARTESIAN_POINT('',(137.,165.25,3.4));
#846 = SURFACE_CURVE('',#847,(#851,#858),.PCURVE_S1.);
#847 = LINE('',#848,#849);
#848 = CARTESIAN_POINT('',(137.,22.2,3.4));
#849 = VECTOR('',#850,1.);
#850 = DIRECTION('',(0.,1.,0.));
#851 = PCURVE('',#72,#852);
#852 = DEFINITIONAL_REPRESENTATION('',(#853),#857);
#853 = LINE('',#854,#855);
#854 = CARTESIAN_POINT('',(3.5,-1.2));
#855 = VECTOR('',#856,1.);
#856 = DIRECTION('',(0.,-1.));
#857 = ( GEOMETRIC_REPRESENTATION_CONTEXT(2) 
PARAMETRIC_REPRESENTATION_CONTEXT() REPRESENTATION_CONTEXT('2D SPACE',''
  ) );
#858 = PCURVE('',#185,#859);
#859 = DEFINITIONAL_REPRESENTATION('',(#860),#864);
#860 = LINE('',#861,#862);
#861 = CARTESIAN_POINT('',(-64.8,-1.2));
#862 = VECTOR('',#863,1.);
#863 = DIRECTION('',(0.,1.));
#864 = ( GEOMETRIC_REPRESENTATION_CONTEXT(2) 
PARAMETRIC_REPRESENTATION_CONTEXT() REPRESENTATION_CONTEXT('2D SPACE',''
  ) );
#865 = ORIENTED_EDGE('',*,*,#866,.F.);
#866 = EDGE_CURVE('',#867,#844,#869,.T.);
#867 = VERTEX_POINT('',#868);
#868 = CARTESIAN_POINT('',(137.,165.25,6.9));
#869 = SURFACE_CURVE('',#870,(#874,#881),.PCURVE_S1.);
#870 = LINE('',#871,#872);
#871 = CARTESIAN_POINT('',(137.,165.25,1.645));
#872 = VECTOR('',#873,1.);
#873 = DIRECTION('',(0.,-0.,-1.));
#874 = PCURVE('',#72,#875);
#875 = DEFINITIONAL_REPRESENTATION('',(#876),#880);
#876 = LINE('',#877,#878);
#877 = CARTESIAN_POINT('',(1.745,-144.25));
#878 = VECTOR('',#879,1.);
#879 = DIRECTION('',(-1.,0.));
#880 = ( GEOMETRIC_REPRESENTATION_CONTEXT(2) 
PARAMETRIC_REPRESENTATION_CONTEXT() REPRESENTATION_CONTEXT('2D SPACE',''
  ) );
#881 = PCURVE('',#882,#887);
#882 = PLANE('',#883);
#883 = AXIS2_PLACEMENT_3D('',#884,#885,#886);
#884 = CARTESIAN_POINT('',(201.05,165.25,3.39));
#885 = DIRECTION('',(-0.,1.,-0.));
#886 = DIRECTION('',(0.,0.,-1.));
#887 = DEFINITIONAL_REPRESENTATION('',(#888),#892);
#888 = LINE('',#889,#890);
#889 = CARTESIAN_POINT('',(1.745,64.05));
#890 = VECTOR('',#891,1.);
#891 = DIRECTION('',(1.,0.));
#892 = ( GEOMETRIC_REPRESENTATION_CONTEXT(2) 
PARAMETRIC_REPRESENTATION_CONTEXT() REPRESENTATION_CONTEXT('2D SPACE',''
  ) );
#893 = ORIENTED_EDGE('',*,*,#894,.F.);
#894 = EDGE_CURVE('',#895,#867,#897,.T.);
#895 = VERTEX_POINT('',#896);
#896 = CARTESIAN_POINT('',(137.,164.45,6.9));
#897 = SURFACE_CURVE('',#898,(#902,#909),.PCURVE_S1.);
#898 = LINE('',#899,#900);
#899 = CARTESIAN_POINT('',(137.,81.975,6.9));
#900 = VECTOR('',#901,1.);
#901 = DIRECTION('',(0.,1.,0.));
#902 = PCURVE('',#72,#903);
#903 = DEFINITIONAL_REPRESENTATION('',(#904),#908);
#904 = LINE('',#905,#906);
#905 = CARTESIAN_POINT('',(7.,-60.975));
#906 = VECTOR('',#907,1.);
#907 = DIRECTION('',(0.,-1.));
#908 = ( GEOMETRIC_REPRESENTATION_CONTEXT(2) 
PARAMETRIC_REPRESENTATION_CONTEXT() REPRESENTATION_CONTEXT('2D SPACE',''
  ) );
#909 = PCURVE('',#910,#915);
#910 = PLANE('',#911);
#911 = AXIS2_PLACEMENT_3D('',#912,#913,#914);
#912 = CARTESIAN_POINT('',(201.05,142.95,6.9));
#913 = DIRECTION('',(-0.,-0.,1.));
#914 = DIRECTION('',(1.,0.,0.));
#915 = DEFINITIONAL_REPRESENTATION('',(#916),#920);
#916 = LINE('',#917,#918);
#917 = CARTESIAN_POINT('',(-64.05,-60.975));
#918 = VECTOR('',#919,1.);
#919 = DIRECTION('',(0.,1.));
#920 = ( GEOMETRIC_REPRESENTATION_CONTEXT(2) 
PARAMETRIC_REPRESENTATION_CONTEXT() REPRESENTATION_CONTEXT('2D SPACE',''
  ) );
#921 = ORIENTED_EDGE('',*,*,#922,.T.);
#922 = EDGE_CURVE('',#895,#923,#925,.T.);
#923 = VERTEX_POINT('',#924);
#924 = CARTESIAN_POINT('',(137.,164.45,3.4));
#925 = SURFACE_CURVE('',#926,(#930,#937),.PCURVE_S1.);
#926 = LINE('',#927,#928);
#927 = CARTESIAN_POINT('',(137.,164.45,1.64));
#928 = VECTOR('',#929,1.);
#929 = DIRECTION('',(0.,-0.,-1.));
#930 = PCURVE('',#72,#931);
#931 = DEFINITIONAL_REPRESENTATION('',(#932),#936);
#932 = LINE('',#933,#934);
#933 = CARTESIAN_POINT('',(1.74,-143.45));
#934 = VECTOR('',#935,1.);
#935 = DIRECTION('',(-1.,0.));
#936 = ( GEOMETRIC_REPRESENTATION_CONTEXT(2) 
PARAMETRIC_REPRESENTATION_CONTEXT() REPRESENTATION_CONTEXT('2D SPACE',''
  ) );
#937 = PCURVE('',#938,#943);
#938 = PLANE('',#939);
#939 = AXIS2_PLACEMENT_3D('',#940,#941,#942);
#940 = CARTESIAN_POINT('',(156.25,164.45,3.38));
#941 = DIRECTION('',(-0.,1.,-0.));
#942 = DIRECTION('',(0.,0.,-1.));
#943 = DEFINITIONAL_REPRESENTATION('',(#944),#948);
#944 = LINE('',#945,#946);
#945 = CARTESIAN_POINT('',(1.74,19.25));
#946 = VECTOR('',#947,1.);
#947 = DIRECTION('',(1.,0.));
#948 = ( GEOMETRIC_REPRESENTATION_CONTEXT(2) 
PARAMETRIC_REPRESENTATION_CONTEXT() REPRESENTATION_CONTEXT('2D SPACE',''
  ) );
#949 = ORIENTED_EDGE('',*,*,#950,.F.);
#950 = EDGE_CURVE('',#951,#923,#953,.T.);
#951 = VERTEX_POINT('',#952);
#952 = CARTESIAN_POINT('',(137.,143.75,3.4));
#953 = SURFACE_CURVE('',#954,(#958,#965),.PCURVE_S1.);
#954 = LINE('',#955,#956);
#955 = CARTESIAN_POINT('',(137.,22.2,3.4));
#956 = VECTOR('',#957,1.);
#957 = DIRECTION('',(0.,1.,0.));
#958 = PCURVE('',#72,#959);
#959 = DEFINITIONAL_REPRESENTATION('',(#960),#964);
#960 = LINE('',#961,#962);
#961 = CARTESIAN_POINT('',(3.5,-1.2));
#962 = VECTOR('',#963,1.);
#963 = DIRECTION('',(0.,-1.));
#964 = ( GEOMETRIC_REPRESENTATION_CONTEXT(2) 
PARAMETRIC_REPRESENTATION_CONTEXT() REPRESENTATION_CONTEXT('2D SPACE',''
  ) );
#965 = PCURVE('',#966,#971);
#966 = PLANE('',#967);
#967 = AXIS2_PLACEMENT_3D('',#968,#969,#970);
#968 = CARTESIAN_POINT('',(201.8,23.4,3.4));
#969 = DIRECTION('',(-0.,-0.,1.));
#970 = DIRECTION('',(1.,0.,0.));
#971 = DEFINITIONAL_REPRESENTATION('',(#972),#976);
#972 = LINE('',#973,#974);
#973 = CARTESIAN_POINT('',(-64.8,-1.2));
#974 = VECTOR('',#975,1.);
#975 = DIRECTION('',(0.,1.));
#976 = ( GEOMETRIC_REPRESENTATION_CONTEXT(2) 
PARAMETRIC_REPRESENTATION_CONTEXT() REPRESENTATION_CONTEXT('2D SPACE',''
  ) );
#977 = ORIENTED_EDGE('',*,*,#978,.F.);
#978 = EDGE_CURVE('',#979,#951,#981,.T.);
#979 = VERTEX_POINT('',#980);
#980 = CARTESIAN_POINT('',(137.,143.75,6.9));
#981 = SURFACE_CURVE('',#982,(#986,#993),.PCURVE_S1.);
#982 = LINE('',#983,#984);
#983 = CARTESIAN_POINT('',(137.,143.75,1.64));
#984 = VECTOR('',#985,1.);
#985 = DIRECTION('',(0.,-0.,-1.));
#986 = PCURVE('',#72,#987);
#987 = DEFINITIONAL_REPRESENTATION('',(#988),#992);
#988 = LINE('',#989,#990);
#989 = CARTESIAN_POINT('',(1.74,-122.75));
#990 = VECTOR('',#991,1.);
#991 = DIRECTION('',(-1.,0.));
#992 = ( GEOMETRIC_REPRESENTATION_CONTEXT(2) 
PARAMETRIC_REPRESENTATION_CONTEXT() REPRESENTATION_CONTEXT('2D SPACE',''
  ) );
#993 = PCURVE('',#994,#999);
#994 = PLANE('',#995);
#995 = AXIS2_PLACEMENT_3D('',#996,#997,#998);
#996 = CARTESIAN_POINT('',(156.25,143.75,3.38));
#997 = DIRECTION('',(-0.,1.,-0.));
#998 = DIRECTION('',(0.,0.,-1.));
#999 = DEFINITIONAL_REPRESENTATION('',(#1000),#1004);
#1000 = LINE('',#1001,#1002);
#1001 = CARTESIAN_POINT('',(1.74,19.25));
#1002 = VECTOR('',#1003,1.);
#1003 = DIRECTION('',(1.,0.));
#1004 = ( GEOMETRIC_REPRESENTATION_CONTEXT(2) 
PARAMETRIC_REPRESENTATION_CONTEXT() REPRESENTATION_CONTEXT('2D SPACE',''
  ) );
#1005 = ORIENTED_EDGE('',*,*,#1006,.F.);
#1006 = EDGE_CURVE('',#1007,#979,#1009,.T.);
#1007 = VERTEX_POINT('',#1008);
#1008 = CARTESIAN_POINT('',(137.,142.95,6.9));
#1009 = SURFACE_CURVE('',#1010,(#1014,#1021),.PCURVE_S1.);
#1010 = LINE('',#1011,#1012);
#1011 = CARTESIAN_POINT('',(137.,81.975,6.9));
#1012 = VECTOR('',#1013,1.);
#1013 = DIRECTION('',(0.,1.,0.));
#1014 = PCURVE('',#72,#1015);
#1015 = DEFINITIONAL_REPRESENTATION('',(#1016),#1020);
#1016 = LINE('',#1017,#1018);
#1017 = CARTESIAN_POINT('',(7.,-60.975));
#1018 = VECTOR('',#1019,1.);
#1019 = DIRECTION('',(0.,-1.));
#1020 = ( GEOMETRIC_REPRESENTATION_CONTEXT(2) 
PARAMETRIC_REPRESENTATION_CONTEXT() REPRESENTATION_CONTEXT('2D SPACE',''
  ) );
#1021 = PCURVE('',#910,#1022);
#1022 = DEFINITIONAL_REPRESENTATION('',(#1023),#1027);
#1023 = LINE('',#1024,#1025);
#1024 = CARTESIAN_POINT('',(-64.05,-60.975));
#1025 = VECTOR('',#1026,1.);
#1026 = DIRECTION('',(0.,1.));
#1027 = ( GEOMETRIC_REPRESENTATION_CONTEXT(2) 
PARAMETRIC_REPRESENTATION_CONTEXT() REPRESENTATION_CONTEXT('2D SPACE',''
  ) );
#1028 = ORIENTED_EDGE('',*,*,#1029,.T.);
#1029 = EDGE_CURVE('',#1007,#1030,#1032,.T.);
#1030 = VERTEX_POINT('',#1031);
#1031 = CARTESIAN_POINT('',(137.,142.95,3.4));
#1032 = SURFACE_CURVE('',#1033,(#1037,#1044),.PCURVE_S1.);
#1033 = LINE('',#1034,#1035);
#1034 = CARTESIAN_POINT('',(137.,142.95,1.645));
#1035 = VECTOR('',#1036,1.);
#1036 = DIRECTION('',(0.,-0.,-1.));
#1037 = PCURVE('',#72,#1038);
#1038 = DEFINITIONAL_REPRESENTATION('',(#1039),#1043);
#1039 = LINE('',#1040,#1041);
#1040 = CARTESIAN_POINT('',(1.745,-121.95));
#1041 = VECTOR('',#1042,1.);
#1042 = DIRECTION('',(-1.,0.));
#1043 = ( GEOMETRIC_REPRESENTATION_CONTEXT(2) 
PARAMETRIC_REPRESENTATION_CONTEXT() REPRESENTATION_CONTEXT('2D SPACE',''
  ) );
#1044 = PCURVE('',#1045,#1050);
#1045 = PLANE('',#1046);
#1046 = AXIS2_PLACEMENT_3D('',#1047,#1048,#1049);
#1047 = CARTESIAN_POINT('',(201.05,142.95,3.39));
#1048 = DIRECTION('',(-0.,1.,-0.));
#1049 = DIRECTION('',(0.,0.,-1.));
#1050 = DEFINITIONAL_REPRESENTATION('',(#1051),#1055);
#1051 = LINE('',#1052,#1053);
#1052 = CARTESIAN_POINT('',(1.745,64.05));
#1053 = VECTOR('',#1054,1.);
#1054 = DIRECTION('',(1.,0.));
#1055 = ( GEOMETRIC_REPRESENTATION_CONTEXT(2) 
PARAMETRIC_REPRESENTATION_CONTEXT() REPRESENTATION_CONTEXT('2D SPACE',''
  ) );
#1056 = ORIENTED_EDGE('',*,*,#1057,.F.);
#1057 = EDGE_CURVE('',#1058,#1030,#1060,.T.);
#1058 = VERTEX_POINT('',#1059);
#1059 = CARTESIAN_POINT('',(137.,142.65,3.4));
#1060 = SURFACE_CURVE('',#1061,(#1065,#1072),.PCURVE_S1.);
#1061 = LINE('',#1062,#1063);
#1062 = CARTESIAN_POINT('',(137.,22.2,3.4));
#1063 = VECTOR('',#1064,1.);
#1064 = DIRECTION('',(0.,1.,0.));
#1065 = PCURVE('',#72,#1066);
#1066 = DEFINITIONAL_REPRESENTATION('',(#1067),#1071);
#1067 = LINE('',#1068,#1069);
#1068 = CARTESIAN_POINT('',(3.5,-1.2));
#1069 = VECTOR('',#1070,1.);
#1070 = DIRECTION('',(0.,-1.));
#1071 = ( GEOMETRIC_REPRESENTATION_CONTEXT(2) 
PARAMETRIC_REPRESENTATION_CONTEXT() REPRESENTATION_CONTEXT('2D SPACE',''
  ) );
#1072 = PCURVE('',#185,#1073);
#1073 = DEFINITIONAL_REPRESENTATION('',(#1074),#1078);
#1074 = LINE('',#1075,#1076);
#1075 = CARTESIAN_POINT('',(-64.8,-1.2));
#1076 = VECTOR('',#1077,1.);
#1077 = DIRECTION('',(0.,1.));
#1078 = ( GEOMETRIC_REPRESENTATION_CONTEXT(2) 
PARAMETRIC_REPRESENTATION_CONTEXT() REPRESENTATION_CONTEXT('2D SPACE',''
  ) );
#1079 = ORIENTED_EDGE('',*,*,#1080,.F.);
#1080 = EDGE_CURVE('',#1081,#1058,#1083,.T.);
#1081 = VERTEX_POINT('',#1082);
#1082 = CARTESIAN_POINT('',(137.,142.65,6.9));
#1083 = SURFACE_CURVE('',#1084,(#1088,#1095),.PCURVE_S1.);
#1084 = LINE('',#1085,#1086);
#1085 = CARTESIAN_POINT('',(137.,142.65,1.645));
#1086 = VECTOR('',#1087,1.);
#1087 = DIRECTION('',(0.,-0.,-1.));
#1088 = PCURVE('',#72,#1089);
#1089 = DEFINITIONAL_REPRESENTATION('',(#1090),#1094);
#1090 = LINE('',#1091,#1092);
#1091 = CARTESIAN_POINT('',(1.745,-121.65));
#1092 = VECTOR('',#1093,1.);
#1093 = DIRECTION('',(-1.,0.));
#1094 = ( GEOMETRIC_REPRESENTATION_CONTEXT(2) 
PARAMETRIC_REPRESENTATION_CONTEXT() REPRESENTATION_CONTEXT('2D SPACE',''
  ) );
#1095 = PCURVE('',#1096,#1101);
#1096 = PLANE('',#1097);
#1097 = AXIS2_PLACEMENT_3D('',#1098,#1099,#1100);
#1098 = CARTESIAN_POINT('',(201.05,142.65,3.39));
#1099 = DIRECTION('',(-0.,1.,-0.));
#1100 = DIRECTION('',(0.,0.,-1.));
#1101 = DEFINITIONAL_REPRESENTATION('',(#1102),#1106);
#1102 = LINE('',#1103,#1104);
#1103 = CARTESIAN_POINT('',(1.745,64.05));
#1104 = VECTOR('',#1105,1.);
#1105 = DIRECTION('',(1.,0.));
#1106 = ( GEOMETRIC_REPRESENTATION_CONTEXT(2) 
PARAMETRIC_REPRESENTATION_CONTEXT() REPRESENTATION_CONTEXT('2D SPACE',''
  ) );
#1107 = ORIENTED_EDGE('',*,*,#1108,.F.);
#1108 = EDGE_CURVE('',#1109,#1081,#1111,.T.);
#1109 = VERTEX_POINT('',#1110);
#1110 = CARTESIAN_POINT('',(137.,141.85,6.9));
#1111 = SURFACE_CURVE('',#1112,(#1116,#1123),.PCURVE_S1.);
#1112 = LINE('',#1113,#1114);
#1113 = CARTESIAN_POINT('',(137.,70.675,6.9));
#1114 = VECTOR('',#1115,1.);
#1115 = DIRECTION('',(0.,1.,0.));
#1116 = PCURVE('',#72,#1117);
#1117 = DEFINITIONAL_REPRESENTATION('',(#1118),#1122);
#1118 = LINE('',#1119,#1120);
#1119 = CARTESIAN_POINT('',(7.,-49.675));
#1120 = VECTOR('',#1121,1.);
#1121 = DIRECTION('',(0.,-1.));
#1122 = ( GEOMETRIC_REPRESENTATION_CONTEXT(2) 
PARAMETRIC_REPRESENTATION_CONTEXT() REPRESENTATION_CONTEXT('2D SPACE',''
  ) );
#1123 = PCURVE('',#1124,#1129);
#1124 = PLANE('',#1125);
#1125 = AXIS2_PLACEMENT_3D('',#1126,#1127,#1128);
#1126 = CARTESIAN_POINT('',(201.05,120.35,6.9));
#1127 = DIRECTION('',(-0.,-0.,1.));
#1128 = DIRECTION('',(1.,0.,0.));
#1129 = DEFINITIONAL_REPRESENTATION('',(#1130),#1134);
#1130 = LINE('',#1131,#1132);
#1131 = CARTESIAN_POINT('',(-64.05,-49.675));
#1132 = VECTOR('',#1133,1.);
#1133 = DIRECTION('',(0.,1.));
#1134 = ( GEOMETRIC_REPRESENTATION_CONTEXT(2) 
PARAMETRIC_REPRESENTATION_CONTEXT() REPRESENTATION_CONTEXT('2D SPACE',''
  ) );
#1135 = ORIENTED_EDGE('',*,*,#1136,.T.);
#1136 = EDGE_CURVE('',#1109,#1137,#1139,.T.);
#1137 = VERTEX_POINT('',#1138);
#1138 = CARTESIAN_POINT('',(137.,141.85,3.4));
#1139 = SURFACE_CURVE('',#1140,(#1144,#1151),.PCURVE_S1.);
#1140 = LINE('',#1141,#1142);
#1141 = CARTESIAN_POINT('',(137.,141.85,1.64));
#1142 = VECTOR('',#1143,1.);
#1143 = DIRECTION('',(0.,-0.,-1.));
#1144 = PCURVE('',#72,#1145);
#1145 = DEFINITIONAL_REPRESENTATION('',(#1146),#1150);
#1146 = LINE('',#1147,#1148);
#1147 = CARTESIAN_POINT('',(1.74,-120.85));
#1148 = VECTOR('',#1149,1.);
#1149 = DIRECTION('',(-1.,0.));
#1150 = ( GEOMETRIC_REPRESENTATION_CONTEXT(2) 
PARAMETRIC_REPRESENTATION_CONTEXT() REPRESENTATION_CONTEXT('2D SPACE',''
  ) );
#1151 = PCURVE('',#1152,#1157);
#1152 = PLANE('',#1153);
#1153 = AXIS2_PLACEMENT_3D('',#1154,#1155,#1156);
#1154 = CARTESIAN_POINT('',(156.25,141.85,3.38));
#1155 = DIRECTION('',(-0.,1.,-0.));
#1156 = DIRECTION('',(0.,0.,-1.));
#1157 = DEFINITIONAL_REPRESENTATION('',(#1158),#1162);
#1158 = LINE('',#1159,#1160);
#1159 = CARTESIAN_POINT('',(1.74,19.25));
#1160 = VECTOR('',#1161,1.);
#1161 = DIRECTION('',(1.,0.));
#1162 = ( GEOMETRIC_REPRESENTATION_CONTEXT(2) 
PARAMETRIC_REPRESENTATION_CONTEXT() REPRESENTATION_CONTEXT('2D SPACE',''
  ) );
#1163 = ORIENTED_EDGE('',*,*,#1164,.F.);
#1164 = EDGE_CURVE('',#1165,#1137,#1167,.T.);
#1165 = VERTEX_POINT('',#1166);
#1166 = CARTESIAN_POINT('',(137.,121.15,3.4));
#1167 = SURFACE_CURVE('',#1168,(#1172,#1179),.PCURVE_S1.);
#1168 = LINE('',#1169,#1170);
#1169 = CARTESIAN_POINT('',(137.,22.2,3.4));
#1170 = VECTOR('',#1171,1.);
#1171 = DIRECTION('',(0.,1.,0.));
#1172 = PCURVE('',#72,#1173);
#1173 = DEFINITIONAL_REPRESENTATION('',(#1174),#1178);
#1174 = LINE('',#1175,#1176);
#1175 = CARTESIAN_POINT('',(3.5,-1.2));
#1176 = VECTOR('',#1177,1.);
#1177 = DIRECTION('',(0.,-1.));
#1178 = ( GEOMETRIC_REPRESENTATION_CONTEXT(2) 
PARAMETRIC_REPRESENTATION_CONTEXT() REPRESENTATION_CONTEXT('2D SPACE',''
  ) );
#1179 = PCURVE('',#1180,#1185);
#1180 = PLANE('',#1181);
#1181 = AXIS2_PLACEMENT_3D('',#1182,#1183,#1184);
#1182 = CARTESIAN_POINT('',(201.8,23.4,3.4));
#1183 = DIRECTION('',(-0.,-0.,1.));
#1184 = DIRECTION('',(1.,0.,0.));
#1185 = DEFINITIONAL_REPRESENTATION('',(#1186),#1190);
#1186 = LINE('',#1187,#1188);
#1187 = CARTESIAN_POINT('',(-64.8,-1.2));
#1188 = VECTOR('',#1189,1.);
#1189 = DIRECTION('',(0.,1.));
#1190 = ( GEOMETRIC_REPRESENTATION_CONTEXT(2) 
PARAMETRIC_REPRESENTATION_CONTEXT() REPRESENTATION_CONTEXT('2D SPACE',''
  ) );
#1191 = ORIENTED_EDGE('',*,*,#1192,.F.);
#1192 = EDGE_CURVE('',#1193,#1165,#1195,.T.);
#1193 = VERTEX_POINT('',#1194);
#1194 = CARTESIAN_POINT('',(137.,121.15,6.9));
#1195 = SURFACE_CURVE('',#1196,(#1200,#1207),.PCURVE_S1.);
#1196 = LINE('',#1197,#1198);
#1197 = CARTESIAN_POINT('',(137.,121.15,1.64));
#1198 = VECTOR('',#1199,1.);
#1199 = DIRECTION('',(0.,-0.,-1.));
#1200 = PCURVE('',#72,#1201);
#1201 = DEFINITIONAL_REPRESENTATION('',(#1202),#1206);
#1202 = LINE('',#1203,#1204);
#1203 = CARTESIAN_POINT('',(1.74,-100.15));
#1204 = VECTOR('',#1205,1.);
#1205 = DIRECTION('',(-1.,0.));
#1206 = ( GEOMETRIC_REPRESENTATION_CONTEXT(2) 
PARAMETRIC_REPRESENTATION_CONTEXT() REPRESENTATION_CONTEXT('2D SPACE',''
  ) );
#1207 = PCURVE('',#1208,#1213);
#1208 = PLANE('',#1209);
#1209 = AXIS2_PLACEMENT_3D('',#1210,#1211,#1212);
#1210 = CARTESIAN_POINT('',(156.25,121.15,3.38));
#1211 = DIRECTION('',(-0.,1.,-0.));
#1212 = DIRECTION('',(0.,0.,-1.));
#1213 = DEFINITIONAL_REPRESENTATION('',(#1214),#1218);
#1214 = LINE('',#1215,#1216);
#1215 = CARTESIAN_POINT('',(1.74,19.25));
#1216 = VECTOR('',#1217,1.);
#1217 = DIRECTION('',(1.,0.));
#1218 = ( GEOMETRIC_REPRESENTATION_CONTEXT(2) 
PARAMETRIC_REPRESENTATION_CONTEXT() REPRESENTATION_CONTEXT('2D SPACE',''
  ) );
#1219 = ORIENTED_EDGE('',*,*,#1220,.F.);
#1220 = EDGE_CURVE('',#1221,#1193,#1223,.T.);
#1221 = VERTEX_POINT('',#1222);
#1222 = CARTESIAN_POINT('',(137.,120.35,6.9));
#1223 = SURFACE_CURVE('',#1224,(#1228,#1235),.PCURVE_S1.);
#1224 = LINE('',#1225,#1226);
#1225 = CARTESIAN_POINT('',(137.,70.675,6.9));
#1226 = VECTOR('',#1227,1.);
#1227 = DIRECTION('',(0.,1.,0.));
#1228 = PCURVE('',#72,#1229);
#1229 = DEFINITIONAL_REPRESENTATION('',(#1230),#1234);
#1230 = LINE('',#1231,#1232);
#1231 = CARTESIAN_POINT('',(7.,-49.675));
#1232 = VECTOR('',#1233,1.);
#1233 = DIRECTION('',(0.,-1.));
#1234 = ( GEOMETRIC_REPRESENTATION_CONTEXT(2) 
PARAMETRIC_REPRESENTATION_CONTEXT() REPRESENTATION_CONTEXT('2D SPACE',''
  ) );
#1235 = PCURVE('',#1124,#1236);
#1236 = DEFINITIONAL_REPRESENTATION('',(#1237),#1241);
#1237 = LINE('',#1238,#1239);
#1238 = CARTESIAN_POINT('',(-64.05,-49.675));
#1239 = VECTOR('',#1240,1.);
#1240 = DIRECTION('',(0.,1.));
#1241 = ( GEOMETRIC_REPRESENTATION_CONTEXT(2) 
PARAMETRIC_REPRESENTATION_CONTEXT() REPRESENTATION_CONTEXT('2D SPACE',''
  ) );
#1242 = ORIENTED_EDGE('',*,*,#1243,.T.);
#1243 = EDGE_CURVE('',#1221,#1244,#1246,.T.);
#1244 = VERTEX_POINT('',#1245);
#1245 = CARTESIAN_POINT('',(137.,120.35,3.4));
#1246 = SURFACE_CURVE('',#1247,(#1251,#1258),.PCURVE_S1.);
#1247 = LINE('',#1248,#1249);
#1248 = CARTESIAN_POINT('',(137.,120.35,1.645));
#1249 = VECTOR('',#1250,1.);
#1250 = DIRECTION('',(0.,-0.,-1.));
#1251 = PCURVE('',#72,#1252);
#1252 = DEFINITIONAL_REPRESENTATION('',(#1253),#1257);
#1253 = LINE('',#1254,#1255);
#1254 = CARTESIAN_POINT('',(1.745,-99.35));
#1255 = VECTOR('',#1256,1.);
#1256 = DIRECTION('',(-1.,0.));
#1257 = ( GEOMETRIC_REPRESENTATION_CONTEXT(2) 
PARAMETRIC_REPRESENTATION_CONTEXT() REPRESENTATION_CONTEXT('2D SPACE',''
  ) );
#1258 = PCURVE('',#1259,#1264);
#1259 = PLANE('',#1260);
#1260 = AXIS2_PLACEMENT_3D('',#1261,#1262,#1263);
#1261 = CARTESIAN_POINT('',(201.05,120.35,3.39));
#1262 = DIRECTION('',(-0.,1.,-0.));
#1263 = DIRECTION('',(0.,0.,-1.));
#1264 = DEFINITIONAL_REPRESENTATION('',(#1265),#1269);
#1265 = LINE('',#1266,#1267);
#1266 = CARTESIAN_POINT('',(1.745,64.05));
#1267 = VECTOR('',#1268,1.);
#1268 = DIRECTION('',(1.,0.));
#1269 = ( GEOMETRIC_REPRESENTATION_CONTEXT(2) 
PARAMETRIC_REPRESENTATION_CONTEXT() REPRESENTATION_CONTEXT('2D SPACE',''
  ) );
#1270 = ORIENTED_EDGE('',*,*,#1271,.F.);
#1271 = EDGE_CURVE('',#1272,#1244,#1274,.T.);
#1272 = VERTEX_POINT('',#1273);
#1273 = CARTESIAN_POINT('',(137.,120.05,3.4));
#1274 = SURFACE_CURVE('',#1275,(#1279,#1286),.PCURVE_S1.);
#1275 = LINE('',#1276,#1277);
#1276 = CARTESIAN_POINT('',(137.,22.2,3.4));
#1277 = VECTOR('',#1278,1.);
#1278 = DIRECTION('',(0.,1.,0.));
#1279 = PCURVE('',#72,#1280);
#1280 = DEFINITIONAL_REPRESENTATION('',(#1281),#1285);
#1281 = LINE('',#1282,#1283);
#1282 = CARTESIAN_POINT('',(3.5,-1.2));
#1283 = VECTOR('',#1284,1.);
#1284 = DIRECTION('',(0.,-1.));
#1285 = ( GEOMETRIC_REPRESENTATION_CONTEXT(2) 
PARAMETRIC_REPRESENTATION_CONTEXT() REPRESENTATION_CONTEXT('2D SPACE',''
  ) );
#1286 = PCURVE('',#185,#1287);
#1287 = DEFINITIONAL_REPRESENTATION('',(#1288),#1292);
#1288 = LINE('',#1289,#1290);
#1289 = CARTESIAN_POINT('',(-64.8,-1.2));
#1290 = VECTOR('',#1291,1.);
#1291 = DIRECTION('',(0.,1.));
#1292 = ( GEOMETRIC_REPRESENTATION_CONTEXT(2) 
PARAMETRIC_REPRESENTATION_CONTEXT() REPRESENTATION_CONTEXT('2D SPACE',''
  ) );
#1293 = ORIENTED_EDGE('',*,*,#1294,.F.);
#1294 = EDGE_CURVE('',#1295,#1272,#1297,.T.);
#1295 = VERTEX_POINT('',#1296);
#1296 = CARTESIAN_POINT('',(137.,120.05,6.9));
#1297 = SURFACE_CURVE('',#1298,(#1302,#1309),.PCURVE_S1.);
#1298 = LINE('',#1299,#1300);
#1299 = CARTESIAN_POINT('',(137.,120.05,1.645));
#1300 = VECTOR('',#1301,1.);
#1301 = DIRECTION('',(0.,-0.,-1.));
#1302 = PCURVE('',#72,#1303);
#1303 = DEFINITIONAL_REPRESENTATION('',(#1304),#1308);
#1304 = LINE('',#1305,#1306);
#1305 = CARTESIAN_POINT('',(1.745,-99.05));
#1306 = VECTOR('',#1307,1.);
#1307 = DIRECTION('',(-1.,0.));
#1308 = ( GEOMETRIC_REPRESENTATION_CONTEXT(2) 
PARAMETRIC_REPRESENTATION_CONTEXT() REPRESENTATION_CONTEXT('2D SPACE',''
  ) );
#1309 = PCURVE('',#1310,#1315);
#1310 = PLANE('',#1311);
#1311 = AXIS2_PLACEMENT_3D('',#1312,#1313,#1314);
#1312 = CARTESIAN_POINT('',(201.05,120.05,3.39));
#1313 = DIRECTION('',(-0.,1.,-0.));
#1314 = DIRECTION('',(0.,0.,-1.));
#1315 = DEFINITIONAL_REPRESENTATION('',(#1316),#1320);
#1316 = LINE('',#1317,#1318);
#1317 = CARTESIAN_POINT('',(1.745,64.05));
#1318 = VECTOR('',#1319,1.);
#1319 = DIRECTION('',(1.,0.));
#1320 = ( GEOMETRIC_REPRESENTATION_CONTEXT(2) 
PARAMETRIC_REPRESENTATION_CONTEXT() REPRESENTATION_CONTEXT('2D SPACE',''
  ) );
#1321 = ORIENTED_EDGE('',*,*,#1322,.F.);
#1322 = EDGE_CURVE('',#1323,#1295,#1325,.T.);
#1323 = VERTEX_POINT('',#1324);
#1324 = CARTESIAN_POINT('',(137.,119.25,6.9));
#1325 = SURFACE_CURVE('',#1326,(#1330,#1337),.PCURVE_S1.);
#1326 = LINE('',#1327,#1328);
#1327 = CARTESIAN_POINT('',(137.,59.375,6.9));
#1328 = VECTOR('',#1329,1.);
#1329 = DIRECTION('',(0.,1.,0.));
#1330 = PCURVE('',#72,#1331);
#1331 = DEFINITIONAL_REPRESENTATION('',(#1332),#1336);
#1332 = LINE('',#1333,#1334);
#1333 = CARTESIAN_POINT('',(7.,-38.375));
#1334 = VECTOR('',#1335,1.);
#1335 = DIRECTION('',(0.,-1.));
#1336 = ( GEOMETRIC_REPRESENTATION_CONTEXT(2) 
PARAMETRIC_REPRESENTATION_CONTEXT() REPRESENTATION_CONTEXT('2D SPACE',''
  ) );
#1337 = PCURVE('',#1338,#1343);
#1338 = PLANE('',#1339);
#1339 = AXIS2_PLACEMENT_3D('',#1340,#1341,#1342);
#1340 = CARTESIAN_POINT('',(201.05,97.75,6.9));
#1341 = DIRECTION('',(-0.,-0.,1.));
#1342 = DIRECTION('',(1.,0.,0.));
#1343 = DEFINITIONAL_REPRESENTATION('',(#1344),#1348);
#1344 = LINE('',#1345,#1346);
#1345 = CARTESIAN_POINT('',(-64.05,-38.375));
#1346 = VECTOR('',#1347,1.);
#1347 = DIRECTION('',(0.,1.));
#1348 = ( GEOMETRIC_REPRESENTATION_CONTEXT(2) 
PARAMETRIC_REPRESENTATION_CONTEXT() REPRESENTATION_CONTEXT('2D SPACE',''
  ) );
#1349 = ORIENTED_EDGE('',*,*,#1350,.T.);
#1350 = EDGE_CURVE('',#1323,#1351,#1353,.T.);
#1351 = VERTEX_POINT('',#1352);
#1352 = CARTESIAN_POINT('',(137.,119.25,3.4));
#1353 = SURFACE_CURVE('',#1354,(#1358,#1365),.PCURVE_S1.);
#1354 = LINE('',#1355,#1356);
#1355 = CARTESIAN_POINT('',(137.,119.25,1.64));
#1356 = VECTOR('',#1357,1.);
#1357 = DIRECTION('',(0.,-0.,-1.));
#1358 = PCURVE('',#72,#1359);
#1359 = DEFINITIONAL_REPRESENTATION('',(#1360),#1364);
#1360 = LINE('',#1361,#1362);
#1361 = CARTESIAN_POINT('',(1.74,-98.25));
#1362 = VECTOR('',#1363,1.);
#1363 = DIRECTION('',(-1.,0.));
#1364 = ( GEOMETRIC_REPRESENTATION_CONTEXT(2) 
PARAMETRIC_REPRESENTATION_CONTEXT() REPRESENTATION_CONTEXT('2D SPACE',''
  ) );
#1365 = PCURVE('',#1366,#1371);
#1366 = PLANE('',#1367);
#1367 = AXIS2_PLACEMENT_3D('',#1368,#1369,#1370);
#1368 = CARTESIAN_POINT('',(156.25,119.25,3.38));
#1369 = DIRECTION('',(-0.,1.,-0.));
#1370 = DIRECTION('',(0.,0.,-1.));
#1371 = DEFINITIONAL_REPRESENTATION('',(#1372),#1376);
#1372 = LINE('',#1373,#1374);
#1373 = CARTESIAN_POINT('',(1.74,19.25));
#1374 = VECTOR('',#1375,1.);
#1375 = DIRECTION('',(1.,0.));
#1376 = ( GEOMETRIC_REPRESENTATION_CONTEXT(2) 
PARAMETRIC_REPRESENTATION_CONTEXT() REPRESENTATION_CONTEXT('2D SPACE',''
  ) );
#1377 = ORIENTED_EDGE('',*,*,#1378,.F.);
#1378 = EDGE_CURVE('',#1379,#1351,#1381,.T.);
#1379 = VERTEX_POINT('',#1380);
#1380 = CARTESIAN_POINT('',(137.,98.55,3.4));
#1381 = SURFACE_CURVE('',#1382,(#1386,#1393),.PCURVE_S1.);
#1382 = LINE('',#1383,#1384);
#1383 = CARTESIAN_POINT('',(137.,22.2,3.4));
#1384 = VECTOR('',#1385,1.);
#1385 = DIRECTION('',(0.,1.,0.));
#1386 = PCURVE('',#72,#1387);
#1387 = DEFINITIONAL_REPRESENTATION('',(#1388),#1392);
#1388 = LINE('',#1389,#1390);
#1389 = CARTESIAN_POINT('',(3.5,-1.2));
#1390 = VECTOR('',#1391,1.);
#1391 = DIRECTION('',(0.,-1.));
#1392 = ( GEOMETRIC_REPRESENTATION_CONTEXT(2) 
PARAMETRIC_REPRESENTATION_CONTEXT() REPRESENTATION_CONTEXT('2D SPACE',''
  ) );
#1393 = PCURVE('',#1394,#1399);
#1394 = PLANE('',#1395);
#1395 = AXIS2_PLACEMENT_3D('',#1396,#1397,#1398);
#1396 = CARTESIAN_POINT('',(201.8,23.4,3.4));
#1397 = DIRECTION('',(-0.,-0.,1.));
#1398 = DIRECTION('',(1.,0.,0.));
#1399 = DEFINITIONAL_REPRESENTATION('',(#1400),#1404);
#1400 = LINE('',#1401,#1402);
#1401 = CARTESIAN_POINT('',(-64.8,-1.2));
#1402 = VECTOR('',#1403,1.);
#1403 = DIRECTION('',(0.,1.));
#1404 = ( GEOMETRIC_REPRESENTATION_CONTEXT(2) 
PARAMETRIC_REPRESENTATION_CONTEXT() REPRESENTATION_CONTEXT('2D SPACE',''
  ) );
#1405 = ORIENTED_EDGE('',*,*,#1406,.F.);
#1406 = EDGE_CURVE('',#1407,#1379,#1409,.T.);
#1407 = VERTEX_POINT('',#1408);
#1408 = CARTESIAN_POINT('',(137.,98.55,6.9));
#1409 = SURFACE_CURVE('',#1410,(#1414,#1421),.PCURVE_S1.);
#1410 = LINE('',#1411,#1412);
#1411 = CARTESIAN_POINT('',(137.,98.55,1.64));
#1412 = VECTOR('',#1413,1.);
#1413 = DIRECTION('',(0.,-0.,-1.));
#1414 = PCURVE('',#72,#1415);
#1415 = DEFINITIONAL_REPRESENTATION('',(#1416),#1420);
#1416 = LINE('',#1417,#1418);
#1417 = CARTESIAN_POINT('',(1.74,-77.55));
#1418 = VECTOR('',#1419,1.);
#1419 = DIRECTION('',(-1.,0.));
#1420 = ( GEOMETRIC_REPRESENTATION_CONTEXT(2) 
PARAMETRIC_REPRESENTATION_CONTEXT() REPRESENTATION_CONTEXT('2D SPACE',''
  ) );
#1421 = PCURVE('',#1422,#1427);
#1422 = PLANE('',#1423);
#1423 = AXIS2_PLACEMENT_3D('',#1424,#1425,#1426);
#1424 = CARTESIAN_POINT('',(156.25,98.55,3.38));
#1425 = DIRECTION('',(-0.,1.,-0.));
#1426 = DIRECTION('',(0.,0.,-1.));
#1427 = DEFINITIONAL_REPRESENTATION('',(#1428),#1432);
#1428 = LINE('',#1429,#1430);
#1429 = CARTESIAN_POINT('',(1.74,19.25));
#1430 = VECTOR('',#1431,1.);
#1431 = DIRECTION('',(1.,0.));
#1432 = ( GEOMETRIC_REPRESENTATION_CONTEXT(2) 
PARAMETRIC_REPRESENTATION_CONTEXT() REPRESENTATION_CONTEXT('2D SPACE',''
  ) );
#1433 = ORIENTED_EDGE('',*,*,#1434,.F.);
#1434 = EDGE_CURVE('',#1435,#1407,#1437,.T.);
#1435 = VERTEX_POINT('',#1436);
#1436 = CARTESIAN_POINT('',(137.,97.75,6.9));
#1437 = SURFACE_CURVE('',#1438,(#1442,#1449),.PCURVE_S1.);
#1438 = LINE('',#1439,#1440);
#1439 = CARTESIAN_POINT('',(137.,59.375,6.9));
#1440 = VECTOR('',#1441,1.);
#1441 = DIRECTION('',(0.,1.,0.));
#1442 = PCURVE('',#72,#1443);
#1443 = DEFINITIONAL_REPRESENTATION('',(#1444),#1448);
#1444 = LINE('',#1445,#1446);
#1445 = CARTESIAN_POINT('',(7.,-38.375));
#1446 = VECTOR('',#1447,1.);
#1447 = DIRECTION('',(0.,-1.));
#1448 = ( GEOMETRIC_REPRESENTATION_CONTEXT(2) 
PARAMETRIC_REPRESENTATION_CONTEXT() REPRESENTATION_CONTEXT('2D SPACE',''
  ) );
#1449 = PCURVE('',#1338,#1450);
#1450 = DEFINITIONAL_REPRESENTATION('',(#1451),#1455);
#1451 = LINE('',#1452,#1453);
#1452 = CARTESIAN_POINT('',(-64.05,-38.375));
#1453 = VECTOR('',#1454,1.);
#1454 = DIRECTION('',(0.,1.));
#1455 = ( GEOMETRIC_REPRESENTATION_CONTEXT(2) 
PARAMETRIC_REPRESENTATION_CONTEXT() REPRESENTATION_CONTEXT('2D SPACE',''
  ) );
#1456 = ORIENTED_EDGE('',*,*,#1457,.T.);
#1457 = EDGE_CURVE('',#1435,#1458,#1460,.T.);
#1458 = VERTEX_POINT('',#1459);
#1459 = CARTESIAN_POINT('',(137.,97.75,3.4));
#1460 = SURFACE_CURVE('',#1461,(#1465,#1472),.PCURVE_S1.);
#1461 = LINE('',#1462,#1463);
#1462 = CARTESIAN_POINT('',(137.,97.75,1.645));
#1463 = VECTOR('',#1464,1.);
#1464 = DIRECTION('',(0.,-0.,-1.));
#1465 = PCURVE('',#72,#1466);
#1466 = DEFINITIONAL_REPRESENTATION('',(#1467),#1471);
#1467 = LINE('',#1468,#1469);
#1468 = CARTESIAN_POINT('',(1.745,-76.75));
#1469 = VECTOR('',#1470,1.);
#1470 = DIRECTION('',(-1.,0.));
#1471 = ( GEOMETRIC_REPRESENTATION_CONTEXT(2) 
PARAMETRIC_REPRESENTATION_CONTEXT() REPRESENTATION_CONTEXT('2D SPACE',''
  ) );
#1472 = PCURVE('',#1473,#1478);
#1473 = PLANE('',#1474);
#1474 = AXIS2_PLACEMENT_3D('',#1475,#1476,#1477);
#1475 = CARTESIAN_POINT('',(201.05,97.75,3.39));
#1476 = DIRECTION('',(-0.,1.,-0.));
#1477 = DIRECTION('',(0.,0.,-1.));
#1478 = DEFINITIONAL_REPRESENTATION('',(#1479),#1483);
#1479 = LINE('',#1480,#1481);
#1480 = CARTESIAN_POINT('',(1.745,64.05));
#1481 = VECTOR('',#1482,1.);
#1482 = DIRECTION('',(1.,0.));
#1483 = ( GEOMETRIC_REPRESENTATION_CONTEXT(2) 
PARAMETRIC_REPRESENTATION_CONTEXT() REPRESENTATION_CONTEXT('2D SPACE',''
  ) );
#1484 = ORIENTED_EDGE('',*,*,#1485,.F.);
#1485 = EDGE_CURVE('',#1486,#1458,#1488,.T.);
#1486 = VERTEX_POINT('',#1487);
#1487 = CARTESIAN_POINT('',(137.,97.45,3.4));
#1488 = SURFACE_CURVE('',#1489,(#1493,#1500),.PCURVE_S1.);
#1489 = LINE('',#1490,#1491);
#1490 = CARTESIAN_POINT('',(137.,22.2,3.4));
#1491 = VECTOR('',#1492,1.);
#1492 = DIRECTION('',(0.,1.,0.));
#1493 = PCURVE('',#72,#1494);
#1494 = DEFINITIONAL_REPRESENTATION('',(#1495),#1499);
#1495 = LINE('',#1496,#1497);
#1496 = CARTESIAN_POINT('',(3.5,-1.2));
#1497 = VECTOR('',#1498,1.);
#1498 = DIRECTION('',(0.,-1.));
#1499 = ( GEOMETRIC_REPRESENTATION_CONTEXT(2) 
PARAMETRIC_REPRESENTATION_CONTEXT() REPRESENTATION_CONTEXT('2D SPACE',''
  ) );
#1500 = PCURVE('',#185,#1501);
#1501 = DEFINITIONAL_REPRESENTATION('',(#1502),#1506);
#1502 = LINE('',#1503,#1504);
#1503 = CARTESIAN_POINT('',(-64.8,-1.2));
#1504 = VECTOR('',#1505,1.);
#1505 = DIRECTION('',(0.,1.));
#1506 = ( GEOMETRIC_REPRESENTATION_CONTEXT(2) 
PARAMETRIC_REPRESENTATION_CONTEXT() REPRESENTATION_CONTEXT('2D SPACE',''
  ) );
#1507 = ORIENTED_EDGE('',*,*,#1508,.F.);
#1508 = EDGE_CURVE('',#1509,#1486,#1511,.T.);
#1509 = VERTEX_POINT('',#1510);
#1510 = CARTESIAN_POINT('',(137.,97.45,6.9));
#1511 = SURFACE_CURVE('',#1512,(#1516,#1523),.PCURVE_S1.);
#1512 = LINE('',#1513,#1514);
#1513 = CARTESIAN_POINT('',(137.,97.45,1.645));
#1514 = VECTOR('',#1515,1.);
#1515 = DIRECTION('',(0.,-0.,-1.));
#1516 = PCURVE('',#72,#1517);
#1517 = DEFINITIONAL_REPRESENTATION('',(#1518),#1522);
#1518 = LINE('',#1519,#1520);
#1519 = CARTESIAN_POINT('',(1.745,-76.45));
#1520 = VECTOR('',#1521,1.);
#1521 = DIRECTION('',(-1.,0.));
#1522 = ( GEOMETRIC_REPRESENTATION_CONTEXT(2) 
PARAMETRIC_REPRESENTATION_CONTEXT() REPRESENTATION_CONTEXT('2D SPACE',''
  ) );
#1523 = PCURVE('',#1524,#1529);
#1524 = PLANE('',#1525);
#1525 = AXIS2_PLACEMENT_3D('',#1526,#1527,#1528);
#1526 = CARTESIAN_POINT('',(201.05,97.45,3.39));
#1527 = DIRECTION('',(-0.,1.,-0.));
#1528 = DIRECTION('',(0.,0.,-1.));
#1529 = DEFINITIONAL_REPRESENTATION('',(#1530),#1534);
#1530 = LINE('',#1531,#1532);
#1531 = CARTESIAN_POINT('',(1.745,64.05));
#1532 = VECTOR('',#1533,1.);
#1533 = DIRECTION('',(1.,0.));
#1534 = ( GEOMETRIC_REPRESENTATION_CONTEXT(2) 
PARAMETRIC_REPRESENTATION_CONTEXT() REPRESENTATION_CONTEXT('2D SPACE',''
  ) );
#1535 = ORIENTED_EDGE('',*,*,#1536,.F.);
#1536 = EDGE_CURVE('',#1537,#1509,#1539,.T.);
#1537 = VERTEX_POINT('',#1538);
#1538 = CARTESIAN_POINT('',(137.,96.65,6.9));
#1539 = SURFACE_CURVE('',#1540,(#1544,#1551),.PCURVE_S1.);
#1540 = LINE('',#1541,#1542);
#1541 = CARTESIAN_POINT('',(137.,48.075,6.9));
#1542 = VECTOR('',#1543,1.);
#1543 = DIRECTION('',(0.,1.,0.));
#1544 = PCURVE('',#72,#1545);
#1545 = DEFINITIONAL_REPRESENTATION('',(#1546),#1550);
#1546 = LINE('',#1547,#1548);
#1547 = CARTESIAN_POINT('',(7.,-27.075));
#1548 = VECTOR('',#1549,1.);
#1549 = DIRECTION('',(0.,-1.));
#1550 = ( GEOMETRIC_REPRESENTATION_CONTEXT(2) 
PARAMETRIC_REPRESENTATION_CONTEXT() REPRESENTATION_CONTEXT('2D SPACE',''
  ) );
#1551 = PCURVE('',#1552,#1557);
#1552 = PLANE('',#1553);
#1553 = AXIS2_PLACEMENT_3D('',#1554,#1555,#1556);
#1554 = CARTESIAN_POINT('',(201.05,75.15,6.9));
#1555 = DIRECTION('',(-0.,-0.,1.));
#1556 = DIRECTION('',(1.,0.,0.));
#1557 = DEFINITIONAL_REPRESENTATION('',(#1558),#1562);
#1558 = LINE('',#1559,#1560);
#1559 = CARTESIAN_POINT('',(-64.05,-27.075));
#1560 = VECTOR('',#1561,1.);
#1561 = DIRECTION('',(0.,1.));
#1562 = ( GEOMETRIC_REPRESENTATION_CONTEXT(2) 
PARAMETRIC_REPRESENTATION_CONTEXT() REPRESENTATION_CONTEXT('2D SPACE',''
  ) );
#1563 = ORIENTED_EDGE('',*,*,#1564,.T.);
#1564 = EDGE_CURVE('',#1537,#1565,#1567,.T.);
#1565 = VERTEX_POINT('',#1566);
#1566 = CARTESIAN_POINT('',(137.,96.65,3.4));
#1567 = SURFACE_CURVE('',#1568,(#1572,#1579),.PCURVE_S1.);
#1568 = LINE('',#1569,#1570);
#1569 = CARTESIAN_POINT('',(137.,96.65,1.64));
#1570 = VECTOR('',#1571,1.);
#1571 = DIRECTION('',(0.,-0.,-1.));
#1572 = PCURVE('',#72,#1573);
#1573 = DEFINITIONAL_REPRESENTATION('',(#1574),#1578);
#1574 = LINE('',#1575,#1576);
#1575 = CARTESIAN_POINT('',(1.74,-75.65));
#1576 = VECTOR('',#1577,1.);
#1577 = DIRECTION('',(-1.,0.));
#1578 = ( GEOMETRIC_REPRESENTATION_CONTEXT(2) 
PARAMETRIC_REPRESENTATION_CONTEXT() REPRESENTATION_CONTEXT('2D SPACE',''
  ) );
#1579 = PCURVE('',#1580,#1585);
#1580 = PLANE('',#1581);
#1581 = AXIS2_PLACEMENT_3D('',#1582,#1583,#1584);
#1582 = CARTESIAN_POINT('',(156.25,96.65,3.38));
#1583 = DIRECTION('',(-0.,1.,-0.));
#1584 = DIRECTION('',(0.,0.,-1.));
#1585 = DEFINITIONAL_REPRESENTATION('',(#1586),#1590);
#1586 = LINE('',#1587,#1588);
#1587 = CARTESIAN_POINT('',(1.74,19.25));
#1588 = VECTOR('',#1589,1.);
#1589 = DIRECTION('',(1.,0.));
#1590 = ( GEOMETRIC_REPRESENTATION_CONTEXT(2) 
PARAMETRIC_REPRESENTATION_CONTEXT() REPRESENTATION_CONTEXT('2D SPACE',''
  ) );
#1591 = ORIENTED_EDGE('',*,*,#1592,.F.);
#1592 = EDGE_CURVE('',#1593,#1565,#1595,.T.);
#1593 = VERTEX_POINT('',#1594);
#1594 = CARTESIAN_POINT('',(137.,75.95,3.4));
#1595 = SURFACE_CURVE('',#1596,(#1600,#1607),.PCURVE_S1.);
#1596 = LINE('',#1597,#1598);
#1597 = CARTESIAN_POINT('',(137.,22.2,3.4));
#1598 = VECTOR('',#1599,1.);
#1599 = DIRECTION('',(0.,1.,0.));
#1600 = PCURVE('',#72,#1601);
#1601 = DEFINITIONAL_REPRESENTATION('',(#1602),#1606);
#1602 = LINE('',#1603,#1604);
#1603 = CARTESIAN_POINT('',(3.5,-1.2));
#1604 = VECTOR('',#1605,1.);
#1605 = DIRECTION('',(0.,-1.));
#1606 = ( GEOMETRIC_REPRESENTATION_CONTEXT(2) 
PARAMETRIC_REPRESENTATION_CONTEXT() REPRESENTATION_CONTEXT('2D SPACE',''
  ) );
#1607 = PCURVE('',#1608,#1613);
#1608 = PLANE('',#1609);
#1609 = AXIS2_PLACEMENT_3D('',#1610,#1611,#1612);
#1610 = CARTESIAN_POINT('',(201.8,23.4,3.4));
#1611 = DIRECTION('',(-0.,-0.,1.));
#1612 = DIRECTION('',(1.,0.,0.));
#1613 = DEFINITIONAL_REPRESENTATION('',(#1614),#1618);
#1614 = LINE('',#1615,#1616);
#1615 = CARTESIAN_POINT('',(-64.8,-1.2));
#1616 = VECTOR('',#1617,1.);
#1617 = DIRECTION('',(0.,1.));
#1618 = ( GEOMETRIC_REPRESENTATION_CONTEXT(2) 
PARAMETRIC_REPRESENTATION_CONTEXT() REPRESENTATION_CONTEXT('2D SPACE',''
  ) );
#1619 = ORIENTED_EDGE('',*,*,#1620,.F.);
#1620 = EDGE_CURVE('',#1621,#1593,#1623,.T.);
#1621 = VERTEX_POINT('',#1622);
#1622 = CARTESIAN_POINT('',(137.,75.95,6.9));
#1623 = SURFACE_CURVE('',#1624,(#1628,#1635),.PCURVE_S1.);
#1624 = LINE('',#1625,#1626);
#1625 = CARTESIAN_POINT('',(137.,75.95,1.64));
#1626 = VECTOR('',#1627,1.);
#1627 = DIRECTION('',(0.,-0.,-1.));
#1628 = PCURVE('',#72,#1629);
#1629 = DEFINITIONAL_REPRESENTATION('',(#1630),#1634);
#1630 = LINE('',#1631,#1632);
#1631 = CARTESIAN_POINT('',(1.74,-54.95));
#1632 = VECTOR('',#1633,1.);
#1633 = DIRECTION('',(-1.,0.));
#1634 = ( GEOMETRIC_REPRESENTATION_CONTEXT(2) 
PARAMETRIC_REPRESENTATION_CONTEXT() REPRESENTATION_CONTEXT('2D SPACE',''
  ) );
#1635 = PCURVE('',#1636,#1641);
#1636 = PLANE('',#1637);
#1637 = AXIS2_PLACEMENT_3D('',#1638,#1639,#1640);
#1638 = CARTESIAN_POINT('',(156.25,75.95,3.38));
#1639 = DIRECTION('',(-0.,1.,-0.));
#1640 = DIRECTION('',(0.,0.,-1.));
#1641 = DEFINITIONAL_REPRESENTATION('',(#1642),#1646);
#1642 = LINE('',#1643,#1644);
#1643 = CARTESIAN_POINT('',(1.74,19.25));
#1644 = VECTOR('',#1645,1.);
#1645 = DIRECTION('',(1.,0.));
#1646 = ( GEOMETRIC_REPRESENTATION_CONTEXT(2) 
PARAMETRIC_REPRESENTATION_CONTEXT() REPRESENTATION_CONTEXT('2D SPACE',''
  ) );
#1647 = ORIENTED_EDGE('',*,*,#1648,.F.);
#1648 = EDGE_CURVE('',#1649,#1621,#1651,.T.);
#1649 = VERTEX_POINT('',#1650);
#1650 = CARTESIAN_POINT('',(137.,75.15,6.9));
#1651 = SURFACE_CURVE('',#1652,(#1656,#1663),.PCURVE_S1.);
#1652 = LINE('',#1653,#1654);
#1653 = CARTESIAN_POINT('',(137.,48.075,6.9));
#1654 = VECTOR('',#1655,1.);
#1655 = DIRECTION('',(0.,1.,0.));
#1656 = PCURVE('',#72,#1657);
#1657 = DEFINITIONAL_REPRESENTATION('',(#1658),#1662);
#1658 = LINE('',#1659,#1660);
#1659 = CARTESIAN_POINT('',(7.,-27.075));
#1660 = VECTOR('',#1661,1.);
#1661 = DIRECTION('',(0.,-1.));
#1662 = ( GEOMETRIC_REPRESENTATION_CONTEXT(2) 
PARAMETRIC_REPRESENTATION_CONTEXT() REPRESENTATION_CONTEXT('2D SPACE',''
  ) );
#1663 = PCURVE('',#1552,#1664);
#1664 = DEFINITIONAL_REPRESENTATION('',(#1665),#1669);
#1665 = LINE('',#1666,#1667);
#1666 = CARTESIAN_POINT('',(-64.05,-27.075));
#1667 = VECTOR('',#1668,1.);
#1668 = DIRECTION('',(0.,1.));
#1669 = ( GEOMETRIC_REPRESENTATION_CONTEXT(2) 
PARAMETRIC_REPRESENTATION_CONTEXT() REPRESENTATION_CONTEXT('2D SPACE',''
  ) );
#1670 = ORIENTED_EDGE('',*,*,#1671,.T.);
#1671 = EDGE_CURVE('',#1649,#1672,#1674,.T.);
#1672 = VERTEX_POINT('',#1673);
#1673 = CARTESIAN_POINT('',(137.,75.15,3.4));
#1674 = SURFACE_CURVE('',#1675,(#1679,#1686),.PCURVE_S1.);
#1675 = LINE('',#1676,#1677);
#1676 = CARTESIAN_POINT('',(137.,75.15,1.645));
#1677 = VECTOR('',#1678,1.);
#1678 = DIRECTION('',(0.,-0.,-1.));
#1679 = PCURVE('',#72,#1680);
#1680 = DEFINITIONAL_REPRESENTATION('',(#1681),#1685);
#1681 = LINE('',#1682,#1683);
#1682 = CARTESIAN_POINT('',(1.745,-54.15));
#1683 = VECTOR('',#1684,1.);
#1684 = DIRECTION('',(-1.,0.));
#1685 = ( GEOMETRIC_REPRESENTATION_CONTEXT(2) 
PARAMETRIC_REPRESENTATION_CONTEXT() REPRESENTATION_CONTEXT('2D SPACE',''
  ) );
#1686 = PCURVE('',#1687,#1692);
#1687 = PLANE('',#1688);
#1688 = AXIS2_PLACEMENT_3D('',#1689,#1690,#1691);
#1689 = CARTESIAN_POINT('',(201.05,75.15,3.39));
#1690 = DIRECTION('',(-0.,1.,-0.));
#1691 = DIRECTION('',(0.,0.,-1.));
#1692 = DEFINITIONAL_REPRESENTATION('',(#1693),#1697);
#1693 = LINE('',#1694,#1695);
#1694 = CARTESIAN_POINT('',(1.745,64.05));
#1695 = VECTOR('',#1696,1.);
#1696 = DIRECTION('',(1.,0.));
#1697 = ( GEOMETRIC_REPRESENTATION_CONTEXT(2) 
PARAMETRIC_REPRESENTATION_CONTEXT() REPRESENTATION_CONTEXT('2D SPACE',''
  ) );
#1698 = ORIENTED_EDGE('',*,*,#1699,.F.);
#1699 = EDGE_CURVE('',#1700,#1672,#1702,.T.);
#1700 = VERTEX_POINT('',#1701);
#1701 = CARTESIAN_POINT('',(137.,74.85,3.4));
#1702 = SURFACE_CURVE('',#1703,(#1707,#1714),.PCURVE_S1.);
#1703 = LINE('',#1704,#1705);
#1704 = CARTESIAN_POINT('',(137.,22.2,3.4));
#1705 = VECTOR('',#1706,1.);
#1706 = DIRECTION('',(0.,1.,0.));
#1707 = PCURVE('',#72,#1708);
#1708 = DEFINITIONAL_REPRESENTATION('',(#1709),#1713);
#1709 = LINE('',#1710,#1711);
#1710 = CARTESIAN_POINT('',(3.5,-1.2));
#1711 = VECTOR('',#1712,1.);
#1712 = DIRECTION('',(0.,-1.));
#1713 = ( GEOMETRIC_REPRESENTATION_CONTEXT(2) 
PARAMETRIC_REPRESENTATION_CONTEXT() REPRESENTATION_CONTEXT('2D SPACE',''
  ) );
#1714 = PCURVE('',#185,#1715);
#1715 = DEFINITIONAL_REPRESENTATION('',(#1716),#1720);
#1716 = LINE('',#1717,#1718);
#1717 = CARTESIAN_POINT('',(-64.8,-1.2));
#1718 = VECTOR('',#1719,1.);
#1719 = DIRECTION('',(0.,1.));
#1720 = ( GEOMETRIC_REPRESENTATION_CONTEXT(2) 
PARAMETRIC_REPRESENTATION_CONTEXT() REPRESENTATION_CONTEXT('2D SPACE',''
  ) );
#1721 = ORIENTED_EDGE('',*,*,#1722,.F.);
#1722 = EDGE_CURVE('',#1723,#1700,#1725,.T.);
#1723 = VERTEX_POINT('',#1724);
#1724 = CARTESIAN_POINT('',(137.,74.85,6.9));
#1725 = SURFACE_CURVE('',#1726,(#1730,#1737),.PCURVE_S1.);
#1726 = LINE('',#1727,#1728);
#1727 = CARTESIAN_POINT('',(137.,74.85,1.645));
#1728 = VECTOR('',#1729,1.);
#1729 = DIRECTION('',(0.,-0.,-1.));
#1730 = PCURVE('',#72,#1731);
#1731 = DEFINITIONAL_REPRESENTATION('',(#1732),#1736);
#1732 = LINE('',#1733,#1734);
#1733 = CARTESIAN_POINT('',(1.745,-53.85));
#1734 = VECTOR('',#1735,1.);
#1735 = DIRECTION('',(-1.,0.));
#1736 = ( GEOMETRIC_REPRESENTATION_CONTEXT(2) 
PARAMETRIC_REPRESENTATION_CONTEXT() REPRESENTATION_CONTEXT('2D SPACE',''
  ) );
#1737 = PCURVE('',#1738,#1743);
#1738 = PLANE('',#1739);
#1739 = AXIS2_PLACEMENT_3D('',#1740,#1741,#1742);
#1740 = CARTESIAN_POINT('',(201.05,74.85,3.39));
#1741 = DIRECTION('',(-0.,1.,-0.));
#1742 = DIRECTION('',(0.,0.,-1.));
#1743 = DEFINITIONAL_REPRESENTATION('',(#1744),#1748);
#1744 = LINE('',#1745,#1746);
#1745 = CARTESIAN_POINT('',(1.745,64.05));
#1746 = VECTOR('',#1747,1.);
#1747 = DIRECTION('',(1.,0.));
#1748 = ( GEOMETRIC_REPRESENTATION_CONTEXT(2) 
PARAMETRIC_REPRESENTATION_CONTEXT() REPRESENTATION_CONTEXT('2D SPACE',''
  ) );
#1749 = ORIENTED_EDGE('',*,*,#1750,.F.);
#1750 = EDGE_CURVE('',#1751,#1723,#1753,.T.);
#1751 = VERTEX_POINT('',#1752);
#1752 = CARTESIAN_POINT('',(137.,74.05,6.9));
#1753 = SURFACE_CURVE('',#1754,(#1758,#1765),.PCURVE_S1.);
#1754 = LINE('',#1755,#1756);
#1755 = CARTESIAN_POINT('',(137.,36.775,6.9));
#1756 = VECTOR('',#1757,1.);
#1757 = DIRECTION('',(0.,1.,0.));
#1758 = PCURVE('',#72,#1759);
#1759 = DEFINITIONAL_REPRESENTATION('',(#1760),#1764);
#1760 = LINE('',#1761,#1762);
#1761 = CARTESIAN_POINT('',(7.,-15.775));
#1762 = VECTOR('',#1763,1.);
#1763 = DIRECTION('',(0.,-1.));
#1764 = ( GEOMETRIC_REPRESENTATION_CONTEXT(2) 
PARAMETRIC_REPRESENTATION_CONTEXT() REPRESENTATION_CONTEXT('2D SPACE',''
  ) );
#1765 = PCURVE('',#1766,#1771);
#1766 = PLANE('',#1767);
#1767 = AXIS2_PLACEMENT_3D('',#1768,#1769,#1770);
#1768 = CARTESIAN_POINT('',(201.05,52.55,6.9));
#1769 = DIRECTION('',(-0.,-0.,1.));
#1770 = DIRECTION('',(1.,0.,0.));
#1771 = DEFINITIONAL_REPRESENTATION('',(#1772),#1776);
#1772 = LINE('',#1773,#1774);
#1773 = CARTESIAN_POINT('',(-64.05,-15.775));
#1774 = VECTOR('',#1775,1.);
#1775 = DIRECTION('',(0.,1.));
#1776 = ( GEOMETRIC_REPRESENTATION_CONTEXT(2) 
PARAMETRIC_REPRESENTATION_CONTEXT() REPRESENTATION_CONTEXT('2D SPACE',''
  ) );
#1777 = ORIENTED_EDGE('',*,*,#1778,.T.);
#1778 = EDGE_CURVE('',#1751,#1779,#1781,.T.);
#1779 = VERTEX_POINT('',#1780);
#1780 = CARTESIAN_POINT('',(137.,74.05,3.4));
#1781 = SURFACE_CURVE('',#1782,(#1786,#1793),.PCURVE_S1.);
#1782 = LINE('',#1783,#1784);
#1783 = CARTESIAN_POINT('',(137.,74.05,1.64));
#1784 = VECTOR('',#1785,1.);
#1785 = DIRECTION('',(0.,-0.,-1.));
#1786 = PCURVE('',#72,#1787);
#1787 = DEFINITIONAL_REPRESENTATION('',(#1788),#1792);
#1788 = LINE('',#1789,#1790);
#1789 = CARTESIAN_POINT('',(1.74,-53.05));
#1790 = VECTOR('',#1791,1.);
#1791 = DIRECTION('',(-1.,0.));
#1792 = ( GEOMETRIC_REPRESENTATION_CONTEXT(2) 
PARAMETRIC_REPRESENTATION_CONTEXT() REPRESENTATION_CONTEXT('2D SPACE',''
  ) );
#1793 = PCURVE('',#1794,#1799);
#1794 = PLANE('',#1795);
#1795 = AXIS2_PLACEMENT_3D('',#1796,#1797,#1798);
#1796 = CARTESIAN_POINT('',(156.25,74.05,3.38));
#1797 = DIRECTION('',(-0.,1.,-0.));
#1798 = DIRECTION('',(0.,0.,-1.));
#1799 = DEFINITIONAL_REPRESENTATION('',(#1800),#1804);
#1800 = LINE('',#1801,#1802);
#1801 = CARTESIAN_POINT('',(1.74,19.25));
#1802 = VECTOR('',#1803,1.);
#1803 = DIRECTION('',(1.,0.));
#1804 = ( GEOMETRIC_REPRESENTATION_CONTEXT(2) 
PARAMETRIC_REPRESENTATION_CONTEXT() REPRESENTATION_CONTEXT('2D SPACE',''
  ) );
#1805 = ORIENTED_EDGE('',*,*,#1806,.F.);
#1806 = EDGE_CURVE('',#1807,#1779,#1809,.T.);
#1807 = VERTEX_POINT('',#1808);
#1808 = CARTESIAN_POINT('',(137.,53.35,3.4));
#1809 = SURFACE_CURVE('',#1810,(#1814,#1821),.PCURVE_S1.);
#1810 = LINE('',#1811,#1812);
#1811 = CARTESIAN_POINT('',(137.,22.2,3.4));
#1812 = VECTOR('',#1813,1.);
#1813 = DIRECTION('',(0.,1.,0.));
#1814 = PCURVE('',#72,#1815);
#1815 = DEFINITIONAL_REPRESENTATION('',(#1816),#1820);
#1816 = LINE('',#1817,#1818);
#1817 = CARTESIAN_POINT('',(3.5,-1.2));
#1818 = VECTOR('',#1819,1.);
#1819 = DIRECTION('',(0.,-1.));
#1820 = ( GEOMETRIC_REPRESENTATION_CONTEXT(2) 
PARAMETRIC_REPRESENTATION_CONTEXT() REPRESENTATION_CONTEXT('2D SPACE',''
  ) );
#1821 = PCURVE('',#1822,#1827);
#1822 = PLANE('',#1823);
#1823 = AXIS2_PLACEMENT_3D('',#1824,#1825,#1826);
#1824 = CARTESIAN_POINT('',(201.8,23.4,3.4));
#1825 = DIRECTION('',(-0.,-0.,1.));
#1826 = DIRECTION('',(1.,0.,0.));
#1827 = DEFINITIONAL_REPRESENTATION('',(#1828),#1832);
#1828 = LINE('',#1829,#1830);
#1829 = CARTESIAN_POINT('',(-64.8,-1.2));
#1830 = VECTOR('',#1831,1.);
#1831 = DIRECTION('',(0.,1.));
#1832 = ( GEOMETRIC_REPRESENTATION_CONTEXT(2) 
PARAMETRIC_REPRESENTATION_CONTEXT() REPRESENTATION_CONTEXT('2D SPACE',''
  ) );
#1833 = ORIENTED_EDGE('',*,*,#1834,.F.);
#1834 = EDGE_CURVE('',#1835,#1807,#1837,.T.);
#1835 = VERTEX_POINT('',#1836);
#1836 = CARTESIAN_POINT('',(137.,53.35,6.9));
#1837 = SURFACE_CURVE('',#1838,(#1842,#1849),.PCURVE_S1.);
#1838 = LINE('',#1839,#1840);
#1839 = CARTESIAN_POINT('',(137.,53.35,1.64));
#1840 = VECTOR('',#1841,1.);
#1841 = DIRECTION('',(0.,-0.,-1.));
#1842 = PCURVE('',#72,#1843);
#1843 = DEFINITIONAL_REPRESENTATION('',(#1844),#1848);
#1844 = LINE('',#1845,#1846);
#1845 = CARTESIAN_POINT('',(1.74,-32.35));
#1846 = VECTOR('',#1847,1.);
#1847 = DIRECTION('',(-1.,0.));
#1848 = ( GEOMETRIC_REPRESENTATION_CONTEXT(2) 
PARAMETRIC_REPRESENTATION_CONTEXT() REPRESENTATION_CONTEXT('2D SPACE',''
  ) );
#1849 = PCURVE('',#1850,#1855);
#1850 = PLANE('',#1851);
#1851 = AXIS2_PLACEMENT_3D('',#1852,#1853,#1854);
#1852 = CARTESIAN_POINT('',(156.25,53.35,3.38));
#1853 = DIRECTION('',(-0.,1.,-0.));
#1854 = DIRECTION('',(0.,0.,-1.));
#1855 = DEFINITIONAL_REPRESENTATION('',(#1856),#1860);
#1856 = LINE('',#1857,#1858);
#1857 = CARTESIAN_POINT('',(1.74,19.25));
#1858 = VECTOR('',#1859,1.);
#1859 = DIRECTION('',(1.,0.));
#1860 = ( GEOMETRIC_REPRESENTATION_CONTEXT(2) 
PARAMETRIC_REPRESENTATION_CONTEXT() REPRESENTATION_CONTEXT('2D SPACE',''
  ) );
#1861 = ORIENTED_EDGE('',*,*,#1862,.F.);
#1862 = EDGE_CURVE('',#1863,#1835,#1865,.T.);
#1863 = VERTEX_POINT('',#1864);
#1864 = CARTESIAN_POINT('',(137.,52.55,6.9));
#1865 = SURFACE_CURVE('',#1866,(#1870,#1877),.PCURVE_S1.);
#1866 = LINE('',#1867,#1868);
#1867 = CARTESIAN_POINT('',(137.,36.775,6.9));
#1868 = VECTOR('',#1869,1.);
#1869 = DIRECTION('',(0.,1.,0.));
#1870 = PCURVE('',#72,#1871);
#1871 = DEFINITIONAL_REPRESENTATION('',(#1872),#1876);
#1872 = LINE('',#1873,#1874);
#1873 = CARTESIAN_POINT('',(7.,-15.775));
#1874 = VECTOR('',#1875,1.);
#1875 = DIRECTION('',(0.,-1.));
#1876 = ( GEOMETRIC_REPRESENTATION_CONTEXT(2) 
PARAMETRIC_REPRESENTATION_CONTEXT() REPRESENTATION_CONTEXT('2D SPACE',''
  ) );
#1877 = PCURVE('',#1766,#1878);
#1878 = DEFINITIONAL_REPRESENTATION('',(#1879),#1883);
#1879 = LINE('',#1880,#1881);
#1880 = CARTESIAN_POINT('',(-64.05,-15.775));
#1881 = VECTOR('',#1882,1.);
#1882 = DIRECTION('',(0.,1.));
#1883 = ( GEOMETRIC_REPRESENTATION_CONTEXT(2) 
PARAMETRIC_REPRESENTATION_CONTEXT() REPRESENTATION_CONTEXT('2D SPACE',''
  ) );
#1884 = ORIENTED_EDGE('',*,*,#1885,.T.);
#1885 = EDGE_CURVE('',#1863,#1886,#1888,.T.);
#1886 = VERTEX_POINT('',#1887);
#1887 = CARTESIAN_POINT('',(137.,52.55,3.4));
#1888 = SURFACE_CURVE('',#1889,(#1893,#1900),.PCURVE_S1.);
#1889 = LINE('',#1890,#1891);
#1890 = CARTESIAN_POINT('',(137.,52.55,1.645));
#1891 = VECTOR('',#1892,1.);
#1892 = DIRECTION('',(0.,-0.,-1.));
#1893 = PCURVE('',#72,#1894);
#1894 = DEFINITIONAL_REPRESENTATION('',(#1895),#1899);
#1895 = LINE('',#1896,#1897);
#1896 = CARTESIAN_POINT('',(1.745,-31.55));
#1897 = VECTOR('',#1898,1.);
#1898 = DIRECTION('',(-1.,0.));
#1899 = ( GEOMETRIC_REPRESENTATION_CONTEXT(2) 
PARAMETRIC_REPRESENTATION_CONTEXT() REPRESENTATION_CONTEXT('2D SPACE',''
  ) );
#1900 = PCURVE('',#1901,#1906);
#1901 = PLANE('',#1902);
#1902 = AXIS2_PLACEMENT_3D('',#1903,#1904,#1905);
#1903 = CARTESIAN_POINT('',(201.05,52.55,3.39));
#1904 = DIRECTION('',(-0.,1.,-0.));
#1905 = DIRECTION('',(0.,0.,-1.));
#1906 = DEFINITIONAL_REPRESENTATION('',(#1907),#1911);
#1907 = LINE('',#1908,#1909);
#1908 = CARTESIAN_POINT('',(1.745,64.05));
#1909 = VECTOR('',#1910,1.);
#1910 = DIRECTION('',(1.,0.));
#1911 = ( GEOMETRIC_REPRESENTATION_CONTEXT(2) 
PARAMETRIC_REPRESENTATION_CONTEXT() REPRESENTATION_CONTEXT('2D SPACE',''
  ) );
#1912 = ORIENTED_EDGE('',*,*,#1913,.F.);
#1913 = EDGE_CURVE('',#1914,#1886,#1916,.T.);
#1914 = VERTEX_POINT('',#1915);
#1915 = CARTESIAN_POINT('',(137.,52.25,3.4));
#1916 = SURFACE_CURVE('',#1917,(#1921,#1928),.PCURVE_S1.);
#1917 = LINE('',#1918,#1919);
#1918 = CARTESIAN_POINT('',(137.,22.2,3.4));
#1919 = VECTOR('',#1920,1.);
#1920 = DIRECTION('',(0.,1.,0.));
#1921 = PCURVE('',#72,#1922);
#1922 = DEFINITIONAL_REPRESENTATION('',(#1923),#1927);
#1923 = LINE('',#1924,#1925);
#1924 = CARTESIAN_POINT('',(3.5,-1.2));
#1925 = VECTOR('',#1926,1.);
#1926 = DIRECTION('',(0.,-1.));
#1927 = ( GEOMETRIC_REPRESENTATION_CONTEXT(2) 
PARAMETRIC_REPRESENTATION_CONTEXT() REPRESENTATION_CONTEXT('2D SPACE',''
  ) );
#1928 = PCURVE('',#185,#1929);
#1929 = DEFINITIONAL_REPRESENTATION('',(#1930),#1934);
#1930 = LINE('',#1931,#1932);
#1931 = CARTESIAN_POINT('',(-64.8,-1.2));
#1932 = VECTOR('',#1933,1.);
#1933 = DIRECTION('',(0.,1.));
#1934 = ( GEOMETRIC_REPRESENTATION_CONTEXT(2) 
PARAMETRIC_REPRESENTATION_CONTEXT() REPRESENTATION_CONTEXT('2D SPACE',''
  ) );
#1935 = ORIENTED_EDGE('',*,*,#1936,.F.);
#1936 = EDGE_CURVE('',#1937,#1914,#1939,.T.);
#1937 = VERTEX_POINT('',#1938);
#1938 = CARTESIAN_POINT('',(137.,52.25,6.9));
#1939 = SURFACE_CURVE('',#1940,(#1944,#1951),.PCURVE_S1.);
#1940 = LINE('',#1941,#1942);
#1941 = CARTESIAN_POINT('',(137.,52.25,1.645));
#1942 = VECTOR('',#1943,1.);
#1943 = DIRECTION('',(0.,-0.,-1.));
#1944 = PCURVE('',#72,#1945);
#1945 = DEFINITIONAL_REPRESENTATION('',(#1946),#1950);
#1946 = LINE('',#1947,#1948);
#1947 = CARTESIAN_POINT('',(1.745,-31.25));
#1948 = VECTOR('',#1949,1.);
#1949 = DIRECTION('',(-1.,0.));
#1950 = ( GEOMETRIC_REPRESENTATION_CONTEXT(2) 
PARAMETRIC_REPRESENTATION_CONTEXT() REPRESENTATION_CONTEXT('2D SPACE',''
  ) );
#1951 = PCURVE('',#1952,#1957);
#1952 = PLANE('',#1953);
#1953 = AXIS2_PLACEMENT_3D('',#1954,#1955,#1956);
#1954 = CARTESIAN_POINT('',(201.05,52.25,3.39));
#1955 = DIRECTION('',(-0.,1.,-0.));
#1956 = DIRECTION('',(0.,0.,-1.));
#1957 = DEFINITIONAL_REPRESENTATION('',(#1958),#1962);
#1958 = LINE('',#1959,#1960);
#1959 = CARTESIAN_POINT('',(1.745,64.05));
#1960 = VECTOR('',#1961,1.);
#1961 = DIRECTION('',(1.,0.));
#1962 = ( GEOMETRIC_REPRESENTATION_CONTEXT(2) 
PARAMETRIC_REPRESENTATION_CONTEXT() REPRESENTATION_CONTEXT('2D SPACE',''
  ) );
#1963 = ORIENTED_EDGE('',*,*,#1964,.F.);
#1964 = EDGE_CURVE('',#1965,#1937,#1967,.T.);
#1965 = VERTEX_POINT('',#1966);
#1966 = CARTESIAN_POINT('',(137.,51.45,6.9));
#1967 = SURFACE_CURVE('',#1968,(#1972,#1979),.PCURVE_S1.);
#1968 = LINE('',#1969,#1970);
#1969 = CARTESIAN_POINT('',(137.,25.475,6.9));
#1970 = VECTOR('',#1971,1.);
#1971 = DIRECTION('',(0.,1.,0.));
#1972 = PCURVE('',#72,#1973);
#1973 = DEFINITIONAL_REPRESENTATION('',(#1974),#1978);
#1974 = LINE('',#1975,#1976);
#1975 = CARTESIAN_POINT('',(7.,-4.475));
#1976 = VECTOR('',#1977,1.);
#1977 = DIRECTION('',(0.,-1.));
#1978 = ( GEOMETRIC_REPRESENTATION_CONTEXT(2) 
PARAMETRIC_REPRESENTATION_CONTEXT() REPRESENTATION_CONTEXT('2D SPACE',''
  ) );
#1979 = PCURVE('',#1980,#1985);
#1980 = PLANE('',#1981);
#1981 = AXIS2_PLACEMENT_3D('',#1982,#1983,#1984);
#1982 = CARTESIAN_POINT('',(201.05,29.95,6.9));
#1983 = DIRECTION('',(-0.,-0.,1.));
#1984 = DIRECTION('',(1.,0.,0.));
#1985 = DEFINITIONAL_REPRESENTATION('',(#1986),#1990);
#1986 = LINE('',#1987,#1988);
#1987 = CARTESIAN_POINT('',(-64.05,-4.475));
#1988 = VECTOR('',#1989,1.);
#1989 = DIRECTION('',(0.,1.));
#1990 = ( GEOMETRIC_REPRESENTATION_CONTEXT(2) 
PARAMETRIC_REPRESENTATION_CONTEXT() REPRESENTATION_CONTEXT('2D SPACE',''
  ) );
#1991 = ORIENTED_EDGE('',*,*,#1992,.T.);
#1992 = EDGE_CURVE('',#1965,#1993,#1995,.T.);
#1993 = VERTEX_POINT('',#1994);
#1994 = CARTESIAN_POINT('',(137.,51.45,3.4));
#1995 = SURFACE_CURVE('',#1996,(#2000,#2007),.PCURVE_S1.);
#1996 = LINE('',#1997,#1998);
#1997 = CARTESIAN_POINT('',(137.,51.45,1.64));
#1998 = VECTOR('',#1999,1.);
#1999 = DIRECTION('',(0.,-0.,-1.));
#2000 = PCURVE('',#72,#2001);
#2001 = DEFINITIONAL_REPRESENTATION('',(#2002),#2006);
#2002 = LINE('',#2003,#2004);
#2003 = CARTESIAN_POINT('',(1.74,-30.45));
#2004 = VECTOR('',#2005,1.);
#2005 = DIRECTION('',(-1.,0.));
#2006 = ( GEOMETRIC_REPRESENTATION_CONTEXT(2) 
PARAMETRIC_REPRESENTATION_CONTEXT() REPRESENTATION_CONTEXT('2D SPACE',''
  ) );
#2007 = PCURVE('',#2008,#2013);
#2008 = PLANE('',#2009);
#2009 = AXIS2_PLACEMENT_3D('',#2010,#2011,#2012);
#2010 = CARTESIAN_POINT('',(156.25,51.45,3.38));
#2011 = DIRECTION('',(-0.,1.,-0.));
#2012 = DIRECTION('',(0.,0.,-1.));
#2013 = DEFINITIONAL_REPRESENTATION('',(#2014),#2018);
#2014 = LINE('',#2015,#2016);
#2015 = CARTESIAN_POINT('',(1.74,19.25));
#2016 = VECTOR('',#2017,1.);
#2017 = DIRECTION('',(1.,0.));
#2018 = ( GEOMETRIC_REPRESENTATION_CONTEXT(2) 
PARAMETRIC_REPRESENTATION_CONTEXT() REPRESENTATION_CONTEXT('2D SPACE',''
  ) );
#2019 = ORIENTED_EDGE('',*,*,#2020,.F.);
#2020 = EDGE_CURVE('',#2021,#1993,#2023,.T.);
#2021 = VERTEX_POINT('',#2022);
#2022 = CARTESIAN_POINT('',(137.,30.75,3.4));
#2023 = SURFACE_CURVE('',#2024,(#2028,#2035),.PCURVE_S1.);
#2024 = LINE('',#2025,#2026);
#2025 = CARTESIAN_POINT('',(137.,22.2,3.4));
#2026 = VECTOR('',#2027,1.);
#2027 = DIRECTION('',(0.,1.,0.));
#2028 = PCURVE('',#72,#2029);
#2029 = DEFINITIONAL_REPRESENTATION('',(#2030),#2034);
#2030 = LINE('',#2031,#2032);
#2031 = CARTESIAN_POINT('',(3.5,-1.2));
#2032 = VECTOR('',#2033,1.);
#2033 = DIRECTION('',(0.,-1.));
#2034 = ( GEOMETRIC_REPRESENTATION_CONTEXT(2) 
PARAMETRIC_REPRESENTATION_CONTEXT() REPRESENTATION_CONTEXT('2D SPACE',''
  ) );
#2035 = PCURVE('',#2036,#2041);
#2036 = PLANE('',#2037);
#2037 = AXIS2_PLACEMENT_3D('',#2038,#2039,#2040);
#2038 = CARTESIAN_POINT('',(201.8,23.4,3.4));
#2039 = DIRECTION('',(-0.,-0.,1.));
#2040 = DIRECTION('',(1.,0.,0.));
#2041 = DEFINITIONAL_REPRESENTATION('',(#2042),#2046);
#2042 = LINE('',#2043,#2044);
#2043 = CARTESIAN_POINT('',(-64.8,-1.2));
#2044 = VECTOR('',#2045,1.);
#2045 = DIRECTION('',(0.,1.));
#2046 = ( GEOMETRIC_REPRESENTATION_CONTEXT(2) 
PARAMETRIC_REPRESENTATION_CONTEXT() REPRESENTATION_CONTEXT('2D SPACE',''
  ) );
#2047 = ORIENTED_EDGE('',*,*,#2048,.F.);
#2048 = EDGE_CURVE('',#2049,#2021,#2051,.T.);
#2049 = VERTEX_POINT('',#2050);
#2050 = CARTESIAN_POINT('',(137.,30.75,6.9));
#2051 = SURFACE_CURVE('',#2052,(#2056,#2063),.PCURVE_S1.);
#2052 = LINE('',#2053,#2054);
#2053 = CARTESIAN_POINT('',(137.,30.75,1.64));
#2054 = VECTOR('',#2055,1.);
#2055 = DIRECTION('',(0.,-0.,-1.));
#2056 = PCURVE('',#72,#2057);
#2057 = DEFINITIONAL_REPRESENTATION('',(#2058),#2062);
#2058 = LINE('',#2059,#2060);
#2059 = CARTESIAN_POINT('',(1.74,-9.75));
#2060 = VECTOR('',#2061,1.);
#2061 = DIRECTION('',(-1.,0.));
#2062 = ( GEOMETRIC_REPRESENTATION_CONTEXT(2) 
PARAMETRIC_REPRESENTATION_CONTEXT() REPRESENTATION_CONTEXT('2D SPACE',''
  ) );
#2063 = PCURVE('',#2064,#2069);
#2064 = PLANE('',#2065);
#2065 = AXIS2_PLACEMENT_3D('',#2066,#2067,#2068);
#2066 = CARTESIAN_POINT('',(156.25,30.75,3.38));
#2067 = DIRECTION('',(-0.,1.,-0.));
#2068 = DIRECTION('',(0.,0.,-1.));
#2069 = DEFINITIONAL_REPRESENTATION('',(#2070),#2074);
#2070 = LINE('',#2071,#2072);
#2071 = CARTESIAN_POINT('',(1.74,19.25));
#2072 = VECTOR('',#2073,1.);
#2073 = DIRECTION('',(1.,0.));
#2074 = ( GEOMETRIC_REPRESENTATION_CONTEXT(2) 
PARAMETRIC_REPRESENTATION_CONTEXT() REPRESENTATION_CONTEXT('2D SPACE',''
  ) );
#2075 = ORIENTED_EDGE('',*,*,#2076,.F.);
#2076 = EDGE_CURVE('',#2077,#2049,#2079,.T.);
#2077 = VERTEX_POINT('',#2078);
#2078 = CARTESIAN_POINT('',(137.,29.95,6.9));
#2079 = SURFACE_CURVE('',#2080,(#2084,#2091),.PCURVE_S1.);
#2080 = LINE('',#2081,#2082);
#2081 = CARTESIAN_POINT('',(137.,25.475,6.9));
#2082 = VECTOR('',#2083,1.);
#2083 = DIRECTION('',(0.,1.,0.));
#2084 = PCURVE('',#72,#2085);
#2085 = DEFINITIONAL_REPRESENTATION('',(#2086),#2090);
#2086 = LINE('',#2087,#2088);
#2087 = CARTESIAN_POINT('',(7.,-4.475));
#2088 = VECTOR('',#2089,1.);
#2089 = DIRECTION('',(0.,-1.));
#2090 = ( GEOMETRIC_REPRESENTATION_CONTEXT(2) 
PARAMETRIC_REPRESENTATION_CONTEXT() REPRESENTATION_CONTEXT('2D SPACE',''
  ) );
#2091 = PCURVE('',#1980,#2092);
#2092 = DEFINITIONAL_REPRESENTATION('',(#2093),#2097);
#2093 = LINE('',#2094,#2095);
#2094 = CARTESIAN_POINT('',(-64.05,-4.475));
#2095 = VECTOR('',#2096,1.);
#2096 = DIRECTION('',(0.,1.));
#2097 = ( GEOMETRIC_REPRESENTATION_CONTEXT(2) 
PARAMETRIC_REPRESENTATION_CONTEXT() REPRESENTATION_CONTEXT('2D SPACE',''
  ) );
#2098 = ORIENTED_EDGE('',*,*,#2099,.T.);
#2099 = EDGE_CURVE('',#2077,#2100,#2102,.T.);
#2100 = VERTEX_POINT('',#2101);
#2101 = CARTESIAN_POINT('',(137.,29.95,3.4));
#2102 = SURFACE_CURVE('',#2103,(#2107,#2114),.PCURVE_S1.);
#2103 = LINE('',#2104,#2105);
#2104 = CARTESIAN_POINT('',(137.,29.95,1.645));
#2105 = VECTOR('',#2106,1.);
#2106 = DIRECTION('',(0.,-0.,-1.));
#2107 = PCURVE('',#72,#2108);
#2108 = DEFINITIONAL_REPRESENTATION('',(#2109),#2113);
#2109 = LINE('',#2110,#2111);
#2110 = CARTESIAN_POINT('',(1.745,-8.95));
#2111 = VECTOR('',#2112,1.);
#2112 = DIRECTION('',(-1.,0.));
#2113 = ( GEOMETRIC_REPRESENTATION_CONTEXT(2) 
PARAMETRIC_REPRESENTATION_CONTEXT() REPRESENTATION_CONTEXT('2D SPACE',''
  ) );
#2114 = PCURVE('',#2115,#2120);
#2115 = PLANE('',#2116);
#2116 = AXIS2_PLACEMENT_3D('',#2117,#2118,#2119);
#2117 = CARTESIAN_POINT('',(201.05,29.95,3.39));
#2118 = DIRECTION('',(-0.,1.,-0.));
#2119 = DIRECTION('',(0.,0.,-1.));
#2120 = DEFINITIONAL_REPRESENTATION('',(#2121),#2125);
#2121 = LINE('',#2122,#2123);
#2122 = CARTESIAN_POINT('',(1.745,64.05));
#2123 = VECTOR('',#2124,1.);
#2124 = DIRECTION('',(1.,0.));
#2125 = ( GEOMETRIC_REPRESENTATION_CONTEXT(2) 
PARAMETRIC_REPRESENTATION_CONTEXT() REPRESENTATION_CONTEXT('2D SPACE',''
  ) );
#2126 = ORIENTED_EDGE('',*,*,#2127,.F.);
#2127 = EDGE_CURVE('',#2128,#2100,#2130,.T.);
#2128 = VERTEX_POINT('',#2129);
#2129 = CARTESIAN_POINT('',(137.,23.4,3.4));
#2130 = SURFACE_CURVE('',#2131,(#2135,#2142),.PCURVE_S1.);
#2131 = LINE('',#2132,#2133);
#2132 = CARTESIAN_POINT('',(137.,22.2,3.4));
#2133 = VECTOR('',#2134,1.);
#2134 = DIRECTION('',(0.,1.,0.));
#2135 = PCURVE('',#72,#2136);
#2136 = DEFINITIONAL_REPRESENTATION('',(#2137),#2141);
#2137 = LINE('',#2138,#2139);
#2138 = CARTESIAN_POINT('',(3.5,-1.2));
#2139 = VECTOR('',#2140,1.);
#2140 = DIRECTION('',(0.,-1.));
#2141 = ( GEOMETRIC_REPRESENTATION_CONTEXT(2) 
PARAMETRIC_REPRESENTATION_CONTEXT() REPRESENTATION_CONTEXT('2D SPACE',''
  ) );
#2142 = PCURVE('',#185,#2143);
#2143 = DEFINITIONAL_REPRESENTATION('',(#2144),#2148);
#2144 = LINE('',#2145,#2146);
#2145 = CARTESIAN_POINT('',(-64.8,-1.2));
#2146 = VECTOR('',#2147,1.);
#2147 = DIRECTION('',(0.,1.));
#2148 = ( GEOMETRIC_REPRESENTATION_CONTEXT(2) 
PARAMETRIC_REPRESENTATION_CONTEXT() REPRESENTATION_CONTEXT('2D SPACE',''
  ) );
#2149 = ORIENTED_EDGE('',*,*,#2150,.F.);
#2150 = EDGE_CURVE('',#2151,#2128,#2153,.T.);
#2151 = VERTEX_POINT('',#2152);
#2152 = CARTESIAN_POINT('',(137.,23.4,15.));
#2153 = SURFACE_CURVE('',#2154,(#2158,#2165),.PCURVE_S1.);
#2154 = LINE('',#2155,#2156);
#2155 = CARTESIAN_POINT('',(137.,23.4,5.7));
#2156 = VECTOR('',#2157,1.);
#2157 = DIRECTION('',(0.,-0.,-1.));
#2158 = PCURVE('',#72,#2159);
#2159 = DEFINITIONAL_REPRESENTATION('',(#2160),#2164);
#2160 = LINE('',#2161,#2162);
#2161 = CARTESIAN_POINT('',(5.8,-2.4));
#2162 = VECTOR('',#2163,1.);
#2163 = DIRECTION('',(-1.,0.));
#2164 = ( GEOMETRIC_REPRESENTATION_CONTEXT(2) 
PARAMETRIC_REPRESENTATION_CONTEXT() REPRESENTATION_CONTEXT('2D SPACE',''
  ) );
#2165 = PCURVE('',#2166,#2171);
#2166 = PLANE('',#2167);
#2167 = AXIS2_PLACEMENT_3D('',#2168,#2169,#2170);
#2168 = CARTESIAN_POINT('',(214.,23.4,11.5));
#2169 = DIRECTION('',(-0.,1.,-0.));
#2170 = DIRECTION('',(0.,0.,-1.));
#2171 = DEFINITIONAL_REPRESENTATION('',(#2172),#2176);
#2172 = LINE('',#2173,#2174);
#2173 = CARTESIAN_POINT('',(5.8,77.));
#2174 = VECTOR('',#2175,1.);
#2175 = DIRECTION('',(1.,0.));
#2176 = ( GEOMETRIC_REPRESENTATION_CONTEXT(2) 
PARAMETRIC_REPRESENTATION_CONTEXT() REPRESENTATION_CONTEXT('2D SPACE',''
  ) );
#2177 = ORIENTED_EDGE('',*,*,#2178,.T.);
#2178 = EDGE_CURVE('',#2151,#2179,#2181,.T.);
#2179 = VERTEX_POINT('',#2180);
#2180 = CARTESIAN_POINT('',(137.,25.4,17.));
#2181 = SURFACE_CURVE('',#2182,(#2186,#2193),.PCURVE_S1.);
#2182 = LINE('',#2183,#2184);
#2183 = CARTESIAN_POINT('',(137.,19.025,10.625));
#2184 = VECTOR('',#2185,1.);
#2185 = DIRECTION('',(0.,0.707106781187,0.707106781187));
#2186 = PCURVE('',#72,#2187);
#2187 = DEFINITIONAL_REPRESENTATION('',(#2188),#2192);
#2188 = LINE('',#2189,#2190);
#2189 = CARTESIAN_POINT('',(10.725,1.975));
#2190 = VECTOR('',#2191,1.);
#2191 = DIRECTION('',(0.707106781187,-0.707106781187));
#2192 = ( GEOMETRIC_REPRESENTATION_CONTEXT(2) 
PARAMETRIC_REPRESENTATION_CONTEXT() REPRESENTATION_CONTEXT('2D SPACE',''
  ) );
#2193 = PCURVE('',#2194,#2199);
#2194 = PLANE('',#2195);
#2195 = AXIS2_PLACEMENT_3D('',#2196,#2197,#2198);
#2196 = CARTESIAN_POINT('',(156.,23.4,15.));
#2197 = DIRECTION('',(-0.,-0.707106781187,0.707106781187));
#2198 = DIRECTION('',(0.,-0.707106781187,-0.707106781187));
#2199 = DEFINITIONAL_REPRESENTATION('',(#2200),#2204);
#2200 = LINE('',#2201,#2202);
#2201 = CARTESIAN_POINT('',(6.187184335382,-19.));
#2202 = VECTOR('',#2203,1.);
#2203 = DIRECTION('',(-1.,0.));
#2204 = ( GEOMETRIC_REPRESENTATION_CONTEXT(2) 
PARAMETRIC_REPRESENTATION_CONTEXT() REPRESENTATION_CONTEXT('2D SPACE',''
  ) );
#2205 = ORIENTED_EDGE('',*,*,#2206,.F.);
#2206 = EDGE_CURVE('',#2207,#2179,#2209,.T.);
#2207 = VERTEX_POINT('',#2208);
#2208 = CARTESIAN_POINT('',(137.,21.8,17.));
#2209 = SURFACE_CURVE('',#2210,(#2214,#2221),.PCURVE_S1.);
#2210 = LINE('',#2211,#2212);
#2211 = CARTESIAN_POINT('',(137.,21.,17.));
#2212 = VECTOR('',#2213,1.);
#2213 = DIRECTION('',(0.,1.,0.));
#2214 = PCURVE('',#72,#2215);
#2215 = DEFINITIONAL_REPRESENTATION('',(#2216),#2220);
#2216 = LINE('',#2217,#2218);
#2217 = CARTESIAN_POINT('',(17.1,0.));
#2218 = VECTOR('',#2219,1.);
#2219 = DIRECTION('',(0.,-1.));
#2220 = ( GEOMETRIC_REPRESENTATION_CONTEXT(2) 
PARAMETRIC_REPRESENTATION_CONTEXT() REPRESENTATION_CONTEXT('2D SPACE',''
  ) );
#2221 = PCURVE('',#2222,#2227);
#2222 = PLANE('',#2223);
#2223 = AXIS2_PLACEMENT_3D('',#2224,#2225,#2226);
#2224 = CARTESIAN_POINT('',(213.,21.,17.));
#2225 = DIRECTION('',(-0.,-0.,1.));
#2226 = DIRECTION('',(1.,0.,0.));
#2227 = DEFINITIONAL_REPRESENTATION('',(#2228),#2232);
#2228 = LINE('',#2229,#2230);
#2229 = CARTESIAN_POINT('',(-76.,0.));
#2230 = VECTOR('',#2231,1.);
#2231 = DIRECTION('',(0.,1.));
#2232 = ( GEOMETRIC_REPRESENTATION_CONTEXT(2) 
PARAMETRIC_REPRESENTATION_CONTEXT() REPRESENTATION_CONTEXT('2D SPACE',''
  ) );
#2233 = ORIENTED_EDGE('',*,*,#2234,.T.);
#2234 = EDGE_CURVE('',#2207,#520,#2235,.T.);
#2235 = SURFACE_CURVE('',#2236,(#2241,#2248),.PCURVE_S1.);
#2236 = CIRCLE('',#2237,0.8);
#2237 = AXIS2_PLACEMENT_3D('',#2238,#2239,#2240);
#2238 = CARTESIAN_POINT('',(137.,21.8,16.2));
#2239 = DIRECTION('',(1.,0.,0.));
#2240 = DIRECTION('',(-0.,0.,1.));
#2241 = PCURVE('',#72,#2242);
#2242 = DEFINITIONAL_REPRESENTATION('',(#2243),#2247);
#2243 = CIRCLE('',#2244,0.8);
#2244 = AXIS2_PLACEMENT_2D('',#2245,#2246);
#2245 = CARTESIAN_POINT('',(16.3,-0.8));
#2246 = DIRECTION('',(1.,0.));
#2247 = ( GEOMETRIC_REPRESENTATION_CONTEXT(2) 
PARAMETRIC_REPRESENTATION_CONTEXT() REPRESENTATION_CONTEXT('2D SPACE',''
  ) );
#2248 = PCURVE('',#2249,#2254);
#2249 = CYLINDRICAL_SURFACE('',#2250,0.8);
#2250 = AXIS2_PLACEMENT_3D('',#2251,#2252,#2253);
#2251 = CARTESIAN_POINT('',(118.2,21.8,16.2));
#2252 = DIRECTION('',(1.,-0.,0.));
#2253 = DIRECTION('',(-0.,0.,1.));
#2254 = DEFINITIONAL_REPRESENTATION('',(#2255),#2259);
#2255 = LINE('',#2256,#2257);
#2256 = CARTESIAN_POINT('',(0.,18.8));
#2257 = VECTOR('',#2258,1.);
#2258 = DIRECTION('',(1.,0.));
#2259 = ( GEOMETRIC_REPRESENTATION_CONTEXT(2) 
PARAMETRIC_REPRESENTATION_CONTEXT() REPRESENTATION_CONTEXT('2D SPACE',''
  ) );
#2260 = ADVANCED_FACE('',(#2261),#185,.T.);
#2261 = FACE_BOUND('',#2262,.T.);
#2262 = EDGE_LOOP('',(#2263,#2264,#2265,#2266,#2289,#2317,#2345,#2372,
    #2400,#2428,#2449,#2450,#2473,#2501,#2522,#2523,#2546,#2574,#2595,
    #2596,#2619,#2647,#2668,#2669,#2692,#2720,#2741,#2742,#2765,#2793,
    #2814,#2815,#2838,#2866,#2887,#2888,#2911,#2939));
#2263 = ORIENTED_EDGE('',*,*,#629,.T.);
#2264 = ORIENTED_EDGE('',*,*,#169,.F.);
#2265 = ORIENTED_EDGE('',*,*,#275,.F.);
#2266 = ORIENTED_EDGE('',*,*,#2267,.F.);
#2267 = EDGE_CURVE('',#2268,#276,#2270,.T.);
#2268 = VERTEX_POINT('',#2269);
#2269 = CARTESIAN_POINT('',(123.5,211.65,3.4));
#2270 = SURFACE_CURVE('',#2271,(#2275,#2282),.PCURVE_S1.);
#2271 = LINE('',#2272,#2273);
#2272 = CARTESIAN_POINT('',(158.4,211.65,3.4));
#2273 = VECTOR('',#2274,1.);
#2274 = DIRECTION('',(1.,-0.,0.));
#2275 = PCURVE('',#185,#2276);
#2276 = DEFINITIONAL_REPRESENTATION('',(#2277),#2281);
#2277 = LINE('',#2278,#2279);
#2278 = CARTESIAN_POINT('',(-43.4,188.25));
#2279 = VECTOR('',#2280,1.);
#2280 = DIRECTION('',(1.,0.));
#2281 = ( GEOMETRIC_REPRESENTATION_CONTEXT(2) 
PARAMETRIC_REPRESENTATION_CONTEXT() REPRESENTATION_CONTEXT('2D SPACE',''
  ) );
#2282 = PCURVE('',#314,#2283);
#2283 = DEFINITIONAL_REPRESENTATION('',(#2284),#2288);
#2284 = LINE('',#2285,#2286);
#2285 = CARTESIAN_POINT('',(-14.1,43.4));
#2286 = VECTOR('',#2287,1.);
#2287 = DIRECTION('',(0.,1.));
#2288 = ( GEOMETRIC_REPRESENTATION_CONTEXT(2) 
PARAMETRIC_REPRESENTATION_CONTEXT() REPRESENTATION_CONTEXT('2D SPACE',''
  ) );
#2289 = ORIENTED_EDGE('',*,*,#2290,.F.);
#2290 = EDGE_CURVE('',#2291,#2268,#2293,.T.);
#2291 = VERTEX_POINT('',#2292);
#2292 = CARTESIAN_POINT('',(123.5,30.35,3.4));
#2293 = SURFACE_CURVE('',#2294,(#2298,#2305),.PCURVE_S1.);
#2294 = LINE('',#2295,#2296);
#2295 = CARTESIAN_POINT('',(123.5,23.4,3.4));
#2296 = VECTOR('',#2297,1.);
#2297 = DIRECTION('',(-0.,1.,0.));
#2298 = PCURVE('',#185,#2299);
#2299 = DEFINITIONAL_REPRESENTATION('',(#2300),#2304);
#2300 = LINE('',#2301,#2302);
#2301 = CARTESIAN_POINT('',(-78.3,0.));
#2302 = VECTOR('',#2303,1.);
#2303 = DIRECTION('',(0.,1.));
#2304 = ( GEOMETRIC_REPRESENTATION_CONTEXT(2) 
PARAMETRIC_REPRESENTATION_CONTEXT() REPRESENTATION_CONTEXT('2D SPACE',''
  ) );
#2305 = PCURVE('',#2306,#2311);
#2306 = PLANE('',#2307);
#2307 = AXIS2_PLACEMENT_3D('',#2308,#2309,#2310);
#2308 = CARTESIAN_POINT('',(123.5,23.4,2.2));
#2309 = DIRECTION('',(-1.,-0.,-0.));
#2310 = DIRECTION('',(0.,0.,-1.));
#2311 = DEFINITIONAL_REPRESENTATION('',(#2312),#2316);
#2312 = LINE('',#2313,#2314);
#2313 = CARTESIAN_POINT('',(-1.2,0.));
#2314 = VECTOR('',#2315,1.);
#2315 = DIRECTION('',(0.,-1.));
#2316 = ( GEOMETRIC_REPRESENTATION_CONTEXT(2) 
PARAMETRIC_REPRESENTATION_CONTEXT() REPRESENTATION_CONTEXT('2D SPACE',''
  ) );
#2317 = ORIENTED_EDGE('',*,*,#2318,.T.);
#2318 = EDGE_CURVE('',#2291,#2319,#2321,.T.);
#2319 = VERTEX_POINT('',#2320);
#2320 = CARTESIAN_POINT('',(128.74627925165,30.35,3.4));
#2321 = SURFACE_CURVE('',#2322,(#2326,#2333),.PCURVE_S1.);
#2322 = LINE('',#2323,#2324);
#2323 = CARTESIAN_POINT('',(158.4,30.35,3.4));
#2324 = VECTOR('',#2325,1.);
#2325 = DIRECTION('',(1.,-0.,0.));
#2326 = PCURVE('',#185,#2327);
#2327 = DEFINITIONAL_REPRESENTATION('',(#2328),#2332);
#2328 = LINE('',#2329,#2330);
#2329 = CARTESIAN_POINT('',(-43.4,6.95));
#2330 = VECTOR('',#2331,1.);
#2331 = DIRECTION('',(1.,0.));
#2332 = ( GEOMETRIC_REPRESENTATION_CONTEXT(2) 
PARAMETRIC_REPRESENTATION_CONTEXT() REPRESENTATION_CONTEXT('2D SPACE',''
  ) );
#2333 = PCURVE('',#2334,#2339);
#2334 = PLANE('',#2335);
#2335 = AXIS2_PLACEMENT_3D('',#2336,#2337,#2338);
#2336 = CARTESIAN_POINT('',(115.,30.35,17.5));
#2337 = DIRECTION('',(0.,1.,0.));
#2338 = DIRECTION('',(0.,-0.,1.));
#2339 = DEFINITIONAL_REPRESENTATION('',(#2340),#2344);
#2340 = LINE('',#2341,#2342);
#2341 = CARTESIAN_POINT('',(-14.1,43.4));
#2342 = VECTOR('',#2343,1.);
#2343 = DIRECTION('',(0.,1.));
#2344 = ( GEOMETRIC_REPRESENTATION_CONTEXT(2) 
PARAMETRIC_REPRESENTATION_CONTEXT() REPRESENTATION_CONTEXT('2D SPACE',''
  ) );
#2345 = ORIENTED_EDGE('',*,*,#2346,.F.);
#2346 = EDGE_CURVE('',#2347,#2319,#2349,.T.);
#2347 = VERTEX_POINT('',#2348);
#2348 = CARTESIAN_POINT('',(128.74627925165,25.75,3.4));
#2349 = SURFACE_CURVE('',#2350,(#2354,#2361),.PCURVE_S1.);
#2350 = LINE('',#2351,#2352);
#2351 = CARTESIAN_POINT('',(128.74627925165,25.75,3.4));
#2352 = VECTOR('',#2353,1.);
#2353 = DIRECTION('',(0.,1.,0.));
#2354 = PCURVE('',#185,#2355);
#2355 = DEFINITIONAL_REPRESENTATION('',(#2356),#2360);
#2356 = LINE('',#2357,#2358);
#2357 = CARTESIAN_POINT('',(-73.05372074835,2.35));
#2358 = VECTOR('',#2359,1.);
#2359 = DIRECTION('',(0.,1.));
#2360 = ( GEOMETRIC_REPRESENTATION_CONTEXT(2) 
PARAMETRIC_REPRESENTATION_CONTEXT() REPRESENTATION_CONTEXT('2D SPACE',''
  ) );
#2361 = PCURVE('',#2362,#2367);
#2362 = CYLINDRICAL_SURFACE('',#2363,19.691881404894);
#2363 = AXIS2_PLACEMENT_3D('',#2364,#2365,#2366);
#2364 = CARTESIAN_POINT('',(115.,25.75,17.5));
#2365 = DIRECTION('',(0.,1.,0.));
#2366 = DIRECTION('',(0.,-0.,1.));
#2367 = DEFINITIONAL_REPRESENTATION('',(#2368),#2371);
#2368 = B_SPLINE_CURVE_WITH_KNOTS('',1,(#2369,#2370),.UNSPECIFIED.,.F.,
  .F.,(2,2),(-5.999999999062E-07,4.6000006),.PIECEWISE_BEZIER_KNOTS.);
#2369 = CARTESIAN_POINT('',(2.368896428643,-5.999999999062E-07));
#2370 = CARTESIAN_POINT('',(2.368896428643,4.6000006));
#2371 = ( GEOMETRIC_REPRESENTATION_CONTEXT(2) 
PARAMETRIC_REPRESENTATION_CONTEXT() REPRESENTATION_CONTEXT('2D SPACE',''
  ) );
#2372 = ORIENTED_EDGE('',*,*,#2373,.F.);
#2373 = EDGE_CURVE('',#2374,#2347,#2376,.T.);
#2374 = VERTEX_POINT('',#2375);
#2375 = CARTESIAN_POINT('',(123.5,25.75,3.4));
#2376 = SURFACE_CURVE('',#2377,(#2381,#2388),.PCURVE_S1.);
#2377 = LINE('',#2378,#2379);
#2378 = CARTESIAN_POINT('',(158.4,25.75,3.4));
#2379 = VECTOR('',#2380,1.);
#2380 = DIRECTION('',(1.,-0.,0.));
#2381 = PCURVE('',#185,#2382);
#2382 = DEFINITIONAL_REPRESENTATION('',(#2383),#2387);
#2383 = LINE('',#2384,#2385);
#2384 = CARTESIAN_POINT('',(-43.4,2.35));
#2385 = VECTOR('',#2386,1.);
#2386 = DIRECTION('',(1.,0.));
#2387 = ( GEOMETRIC_REPRESENTATION_CONTEXT(2) 
PARAMETRIC_REPRESENTATION_CONTEXT() REPRESENTATION_CONTEXT('2D SPACE',''
  ) );
#2388 = PCURVE('',#2389,#2394);
#2389 = PLANE('',#2390);
#2390 = AXIS2_PLACEMENT_3D('',#2391,#2392,#2393);
#2391 = CARTESIAN_POINT('',(115.,25.75,17.5));
#2392 = DIRECTION('',(0.,1.,0.));
#2393 = DIRECTION('',(0.,-0.,1.));
#2394 = DEFINITIONAL_REPRESENTATION('',(#2395),#2399);
#2395 = LINE('',#2396,#2397);
#2396 = CARTESIAN_POINT('',(-14.1,43.4));
#2397 = VECTOR('',#2398,1.);
#2398 = DIRECTION('',(0.,1.));
#2399 = ( GEOMETRIC_REPRESENTATION_CONTEXT(2) 
PARAMETRIC_REPRESENTATION_CONTEXT() REPRESENTATION_CONTEXT('2D SPACE',''
  ) );
#2400 = ORIENTED_EDGE('',*,*,#2401,.F.);
#2401 = EDGE_CURVE('',#2402,#2374,#2404,.T.);
#2402 = VERTEX_POINT('',#2403);
#2403 = CARTESIAN_POINT('',(123.5,23.4,3.4));
#2404 = SURFACE_CURVE('',#2405,(#2409,#2416),.PCURVE_S1.);
#2405 = LINE('',#2406,#2407);
#2406 = CARTESIAN_POINT('',(123.5,23.4,3.4));
#2407 = VECTOR('',#2408,1.);
#2408 = DIRECTION('',(-0.,1.,0.));
#2409 = PCURVE('',#185,#2410);
#2410 = DEFINITIONAL_REPRESENTATION('',(#2411),#2415);
#2411 = LINE('',#2412,#2413);
#2412 = CARTESIAN_POINT('',(-78.3,0.));
#2413 = VECTOR('',#2414,1.);
#2414 = DIRECTION('',(0.,1.));
#2415 = ( GEOMETRIC_REPRESENTATION_CONTEXT(2) 
PARAMETRIC_REPRESENTATION_CONTEXT() REPRESENTATION_CONTEXT('2D SPACE',''
  ) );
#2416 = PCURVE('',#2417,#2422);
#2417 = PLANE('',#2418);
#2418 = AXIS2_PLACEMENT_3D('',#2419,#2420,#2421);
#2419 = CARTESIAN_POINT('',(123.5,23.4,2.2));
#2420 = DIRECTION('',(-1.,-0.,-0.));
#2421 = DIRECTION('',(0.,0.,-1.));
#2422 = DEFINITIONAL_REPRESENTATION('',(#2423),#2427);
#2423 = LINE('',#2424,#2425);
#2424 = CARTESIAN_POINT('',(-1.2,0.));
#2425 = VECTOR('',#2426,1.);
#2426 = DIRECTION('',(0.,-1.));
#2427 = ( GEOMETRIC_REPRESENTATION_CONTEXT(2) 
PARAMETRIC_REPRESENTATION_CONTEXT() REPRESENTATION_CONTEXT('2D SPACE',''
  ) );
#2428 = ORIENTED_EDGE('',*,*,#2429,.F.);
#2429 = EDGE_CURVE('',#2128,#2402,#2430,.T.);
#2430 = SURFACE_CURVE('',#2431,(#2435,#2442),.PCURVE_S1.);
#2431 = LINE('',#2432,#2433);
#2432 = CARTESIAN_POINT('',(201.8,23.4,3.4));
#2433 = VECTOR('',#2434,1.);
#2434 = DIRECTION('',(-1.,0.,0.));
#2435 = PCURVE('',#185,#2436);
#2436 = DEFINITIONAL_REPRESENTATION('',(#2437),#2441);
#2437 = LINE('',#2438,#2439);
#2438 = CARTESIAN_POINT('',(0.,0.));
#2439 = VECTOR('',#2440,1.);
#2440 = DIRECTION('',(-1.,0.));
#2441 = ( GEOMETRIC_REPRESENTATION_CONTEXT(2) 
PARAMETRIC_REPRESENTATION_CONTEXT() REPRESENTATION_CONTEXT('2D SPACE',''
  ) );
#2442 = PCURVE('',#2166,#2443);
#2443 = DEFINITIONAL_REPRESENTATION('',(#2444),#2448);
#2444 = LINE('',#2445,#2446);
#2445 = CARTESIAN_POINT('',(8.1,12.2));
#2446 = VECTOR('',#2447,1.);
#2447 = DIRECTION('',(0.,1.));
#2448 = ( GEOMETRIC_REPRESENTATION_CONTEXT(2) 
PARAMETRIC_REPRESENTATION_CONTEXT() REPRESENTATION_CONTEXT('2D SPACE',''
  ) );
#2449 = ORIENTED_EDGE('',*,*,#2127,.T.);
#2450 = ORIENTED_EDGE('',*,*,#2451,.T.);
#2451 = EDGE_CURVE('',#2100,#2452,#2454,.T.);
#2452 = VERTEX_POINT('',#2453);
#2453 = CARTESIAN_POINT('',(134.75,29.95,3.4));
#2454 = SURFACE_CURVE('',#2455,(#2459,#2466),.PCURVE_S1.);
#2455 = LINE('',#2456,#2457);
#2456 = CARTESIAN_POINT('',(201.05,29.95,3.4));
#2457 = VECTOR('',#2458,1.);
#2458 = DIRECTION('',(-1.,0.,0.));
#2459 = PCURVE('',#185,#2460);
#2460 = DEFINITIONAL_REPRESENTATION('',(#2461),#2465);
#2461 = LINE('',#2462,#2463);
#2462 = CARTESIAN_POINT('',(-0.75,6.55));
#2463 = VECTOR('',#2464,1.);
#2464 = DIRECTION('',(-1.,0.));
#2465 = ( GEOMETRIC_REPRESENTATION_CONTEXT(2) 
PARAMETRIC_REPRESENTATION_CONTEXT() REPRESENTATION_CONTEXT('2D SPACE',''
  ) );
#2466 = PCURVE('',#2115,#2467);
#2467 = DEFINITIONAL_REPRESENTATION('',(#2468),#2472);
#2468 = LINE('',#2469,#2470);
#2469 = CARTESIAN_POINT('',(-1.E-02,-0.));
#2470 = VECTOR('',#2471,1.);
#2471 = DIRECTION('',(0.,1.));
#2472 = ( GEOMETRIC_REPRESENTATION_CONTEXT(2) 
PARAMETRIC_REPRESENTATION_CONTEXT() REPRESENTATION_CONTEXT('2D SPACE',''
  ) );
#2473 = ORIENTED_EDGE('',*,*,#2474,.F.);
#2474 = EDGE_CURVE('',#2475,#2452,#2477,.T.);
#2475 = VERTEX_POINT('',#2476);
#2476 = CARTESIAN_POINT('',(134.75,52.25,3.4));
#2477 = SURFACE_CURVE('',#2478,(#2482,#2489),.PCURVE_S1.);
#2478 = LINE('',#2479,#2480);
#2479 = CARTESIAN_POINT('',(134.75,26.675,3.4));
#2480 = VECTOR('',#2481,1.);
#2481 = DIRECTION('',(0.,-1.,0.));
#2482 = PCURVE('',#185,#2483);
#2483 = DEFINITIONAL_REPRESENTATION('',(#2484),#2488);
#2484 = LINE('',#2485,#2486);
#2485 = CARTESIAN_POINT('',(-67.05,3.275));
#2486 = VECTOR('',#2487,1.);
#2487 = DIRECTION('',(0.,-1.));
#2488 = ( GEOMETRIC_REPRESENTATION_CONTEXT(2) 
PARAMETRIC_REPRESENTATION_CONTEXT() REPRESENTATION_CONTEXT('2D SPACE',''
  ) );
#2489 = PCURVE('',#2490,#2495);
#2490 = PLANE('',#2491);
#2491 = AXIS2_PLACEMENT_3D('',#2492,#2493,#2494);
#2492 = CARTESIAN_POINT('',(134.75,29.95,3.39));
#2493 = DIRECTION('',(-1.,-0.,-0.));
#2494 = DIRECTION('',(0.,0.,-1.));
#2495 = DEFINITIONAL_REPRESENTATION('',(#2496),#2500);
#2496 = LINE('',#2497,#2498);
#2497 = CARTESIAN_POINT('',(-1.E-02,3.275));
#2498 = VECTOR('',#2499,1.);
#2499 = DIRECTION('',(0.,1.));
#2500 = ( GEOMETRIC_REPRESENTATION_CONTEXT(2) 
PARAMETRIC_REPRESENTATION_CONTEXT() REPRESENTATION_CONTEXT('2D SPACE',''
  ) );
#2501 = ORIENTED_EDGE('',*,*,#2502,.T.);
#2502 = EDGE_CURVE('',#2475,#1914,#2503,.T.);
#2503 = SURFACE_CURVE('',#2504,(#2508,#2515),.PCURVE_S1.);
#2504 = LINE('',#2505,#2506);
#2505 = CARTESIAN_POINT('',(134.75,52.25,3.4));
#2506 = VECTOR('',#2507,1.);
#2507 = DIRECTION('',(1.,0.,0.));
#2508 = PCURVE('',#185,#2509);
#2509 = DEFINITIONAL_REPRESENTATION('',(#2510),#2514);
#2510 = LINE('',#2511,#2512);
#2511 = CARTESIAN_POINT('',(-67.05,28.85));
#2512 = VECTOR('',#2513,1.);
#2513 = DIRECTION('',(1.,0.));
#2514 = ( GEOMETRIC_REPRESENTATION_CONTEXT(2) 
PARAMETRIC_REPRESENTATION_CONTEXT() REPRESENTATION_CONTEXT('2D SPACE',''
  ) );
#2515 = PCURVE('',#1952,#2516);
#2516 = DEFINITIONAL_REPRESENTATION('',(#2517),#2521);
#2517 = LINE('',#2518,#2519);
#2518 = CARTESIAN_POINT('',(-1.E-02,66.3));
#2519 = VECTOR('',#2520,1.);
#2520 = DIRECTION('',(0.,-1.));
#2521 = ( GEOMETRIC_REPRESENTATION_CONTEXT(2) 
PARAMETRIC_REPRESENTATION_CONTEXT() REPRESENTATION_CONTEXT('2D SPACE',''
  ) );
#2522 = ORIENTED_EDGE('',*,*,#1913,.T.);
#2523 = ORIENTED_EDGE('',*,*,#2524,.T.);
#2524 = EDGE_CURVE('',#1886,#2525,#2527,.T.);
#2525 = VERTEX_POINT('',#2526);
#2526 = CARTESIAN_POINT('',(134.75,52.55,3.4));
#2527 = SURFACE_CURVE('',#2528,(#2532,#2539),.PCURVE_S1.);
#2528 = LINE('',#2529,#2530);
#2529 = CARTESIAN_POINT('',(201.05,52.55,3.4));
#2530 = VECTOR('',#2531,1.);
#2531 = DIRECTION('',(-1.,0.,0.));
#2532 = PCURVE('',#185,#2533);
#2533 = DEFINITIONAL_REPRESENTATION('',(#2534),#2538);
#2534 = LINE('',#2535,#2536);
#2535 = CARTESIAN_POINT('',(-0.75,29.15));
#2536 = VECTOR('',#2537,1.);
#2537 = DIRECTION('',(-1.,0.));
#2538 = ( GEOMETRIC_REPRESENTATION_CONTEXT(2) 
PARAMETRIC_REPRESENTATION_CONTEXT() REPRESENTATION_CONTEXT('2D SPACE',''
  ) );
#2539 = PCURVE('',#1901,#2540);
#2540 = DEFINITIONAL_REPRESENTATION('',(#2541),#2545);
#2541 = LINE('',#2542,#2543);
#2542 = CARTESIAN_POINT('',(-1.E-02,-0.));
#2543 = VECTOR('',#2544,1.);
#2544 = DIRECTION('',(0.,1.));
#2545 = ( GEOMETRIC_REPRESENTATION_CONTEXT(2) 
PARAMETRIC_REPRESENTATION_CONTEXT() REPRESENTATION_CONTEXT('2D SPACE',''
  ) );
#2546 = ORIENTED_EDGE('',*,*,#2547,.F.);
#2547 = EDGE_CURVE('',#2548,#2525,#2550,.T.);
#2548 = VERTEX_POINT('',#2549);
#2549 = CARTESIAN_POINT('',(134.75,74.85,3.4));
#2550 = SURFACE_CURVE('',#2551,(#2555,#2562),.PCURVE_S1.);
#2551 = LINE('',#2552,#2553);
#2552 = CARTESIAN_POINT('',(134.75,37.975,3.4));
#2553 = VECTOR('',#2554,1.);
#2554 = DIRECTION('',(0.,-1.,0.));
#2555 = PCURVE('',#185,#2556);
#2556 = DEFINITIONAL_REPRESENTATION('',(#2557),#2561);
#2557 = LINE('',#2558,#2559);
#2558 = CARTESIAN_POINT('',(-67.05,14.575));
#2559 = VECTOR('',#2560,1.);
#2560 = DIRECTION('',(0.,-1.));
#2561 = ( GEOMETRIC_REPRESENTATION_CONTEXT(2) 
PARAMETRIC_REPRESENTATION_CONTEXT() REPRESENTATION_CONTEXT('2D SPACE',''
  ) );
#2562 = PCURVE('',#2563,#2568);
#2563 = PLANE('',#2564);
#2564 = AXIS2_PLACEMENT_3D('',#2565,#2566,#2567);
#2565 = CARTESIAN_POINT('',(134.75,52.55,3.39));
#2566 = DIRECTION('',(-1.,-0.,-0.));
#2567 = DIRECTION('',(0.,0.,-1.));
#2568 = DEFINITIONAL_REPRESENTATION('',(#2569),#2573);
#2569 = LINE('',#2570,#2571);
#2570 = CARTESIAN_POINT('',(-1.E-02,14.575));
#2571 = VECTOR('',#2572,1.);
#2572 = DIRECTION('',(0.,1.));
#2573 = ( GEOMETRIC_REPRESENTATION_CONTEXT(2) 
PARAMETRIC_REPRESENTATION_CONTEXT() REPRESENTATION_CONTEXT('2D SPACE',''
  ) );
#2574 = ORIENTED_EDGE('',*,*,#2575,.T.);
#2575 = EDGE_CURVE('',#2548,#1700,#2576,.T.);
#2576 = SURFACE_CURVE('',#2577,(#2581,#2588),.PCURVE_S1.);
#2577 = LINE('',#2578,#2579);
#2578 = CARTESIAN_POINT('',(134.75,74.85,3.4));
#2579 = VECTOR('',#2580,1.);
#2580 = DIRECTION('',(1.,0.,0.));
#2581 = PCURVE('',#185,#2582);
#2582 = DEFINITIONAL_REPRESENTATION('',(#2583),#2587);
#2583 = LINE('',#2584,#2585);
#2584 = CARTESIAN_POINT('',(-67.05,51.45));
#2585 = VECTOR('',#2586,1.);
#2586 = DIRECTION('',(1.,0.));
#2587 = ( GEOMETRIC_REPRESENTATION_CONTEXT(2) 
PARAMETRIC_REPRESENTATION_CONTEXT() REPRESENTATION_CONTEXT('2D SPACE',''
  ) );
#2588 = PCURVE('',#1738,#2589);
#2589 = DEFINITIONAL_REPRESENTATION('',(#2590),#2594);
#2590 = LINE('',#2591,#2592);
#2591 = CARTESIAN_POINT('',(-1.E-02,66.3));
#2592 = VECTOR('',#2593,1.);
#2593 = DIRECTION('',(0.,-1.));
#2594 = ( GEOMETRIC_REPRESENTATION_CONTEXT(2) 
PARAMETRIC_REPRESENTATION_CONTEXT() REPRESENTATION_CONTEXT('2D SPACE',''
  ) );
#2595 = ORIENTED_EDGE('',*,*,#1699,.T.);
#2596 = ORIENTED_EDGE('',*,*,#2597,.T.);
#2597 = EDGE_CURVE('',#1672,#2598,#2600,.T.);
#2598 = VERTEX_POINT('',#2599);
#2599 = CARTESIAN_POINT('',(134.75,75.15,3.4));
#2600 = SURFACE_CURVE('',#2601,(#2605,#2612),.PCURVE_S1.);
#2601 = LINE('',#2602,#2603);
#2602 = CARTESIAN_POINT('',(201.05,75.15,3.4));
#2603 = VECTOR('',#2604,1.);
#2604 = DIRECTION('',(-1.,0.,0.));
#2605 = PCURVE('',#185,#2606);
#2606 = DEFINITIONAL_REPRESENTATION('',(#2607),#2611);
#2607 = LINE('',#2608,#2609);
#2608 = CARTESIAN_POINT('',(-0.75,51.75));
#2609 = VECTOR('',#2610,1.);
#2610 = DIRECTION('',(-1.,0.));
#2611 = ( GEOMETRIC_REPRESENTATION_CONTEXT(2) 
PARAMETRIC_REPRESENTATION_CONTEXT() REPRESENTATION_CONTEXT('2D SPACE',''
  ) );
#2612 = PCURVE('',#1687,#2613);
#2613 = DEFINITIONAL_REPRESENTATION('',(#2614),#2618);
#2614 = LINE('',#2615,#2616);
#2615 = CARTESIAN_POINT('',(-1.E-02,-0.));
#2616 = VECTOR('',#2617,1.);
#2617 = DIRECTION('',(0.,1.));
#2618 = ( GEOMETRIC_REPRESENTATION_CONTEXT(2) 
PARAMETRIC_REPRESENTATION_CONTEXT() REPRESENTATION_CONTEXT('2D SPACE',''
  ) );
#2619 = ORIENTED_EDGE('',*,*,#2620,.F.);
#2620 = EDGE_CURVE('',#2621,#2598,#2623,.T.);
#2621 = VERTEX_POINT('',#2622);
#2622 = CARTESIAN_POINT('',(134.75,97.45,3.4));
#2623 = SURFACE_CURVE('',#2624,(#2628,#2635),.PCURVE_S1.);
#2624 = LINE('',#2625,#2626);
#2625 = CARTESIAN_POINT('',(134.75,49.275,3.4));
#2626 = VECTOR('',#2627,1.);
#2627 = DIRECTION('',(0.,-1.,0.));
#2628 = PCURVE('',#185,#2629);
#2629 = DEFINITIONAL_REPRESENTATION('',(#2630),#2634);
#2630 = LINE('',#2631,#2632);
#2631 = CARTESIAN_POINT('',(-67.05,25.875));
#2632 = VECTOR('',#2633,1.);
#2633 = DIRECTION('',(0.,-1.));
#2634 = ( GEOMETRIC_REPRESENTATION_CONTEXT(2) 
PARAMETRIC_REPRESENTATION_CONTEXT() REPRESENTATION_CONTEXT('2D SPACE',''
  ) );
#2635 = PCURVE('',#2636,#2641);
#2636 = PLANE('',#2637);
#2637 = AXIS2_PLACEMENT_3D('',#2638,#2639,#2640);
#2638 = CARTESIAN_POINT('',(134.75,75.15,3.39));
#2639 = DIRECTION('',(-1.,-0.,-0.));
#2640 = DIRECTION('',(0.,0.,-1.));
#2641 = DEFINITIONAL_REPRESENTATION('',(#2642),#2646);
#2642 = LINE('',#2643,#2644);
#2643 = CARTESIAN_POINT('',(-1.E-02,25.875));
#2644 = VECTOR('',#2645,1.);
#2645 = DIRECTION('',(0.,1.));
#2646 = ( GEOMETRIC_REPRESENTATION_CONTEXT(2) 
PARAMETRIC_REPRESENTATION_CONTEXT() REPRESENTATION_CONTEXT('2D SPACE',''
  ) );
#2647 = ORIENTED_EDGE('',*,*,#2648,.T.);
#2648 = EDGE_CURVE('',#2621,#1486,#2649,.T.);
#2649 = SURFACE_CURVE('',#2650,(#2654,#2661),.PCURVE_S1.);
#2650 = LINE('',#2651,#2652);
#2651 = CARTESIAN_POINT('',(134.75,97.45,3.4));
#2652 = VECTOR('',#2653,1.);
#2653 = DIRECTION('',(1.,0.,0.));
#2654 = PCURVE('',#185,#2655);
#2655 = DEFINITIONAL_REPRESENTATION('',(#2656),#2660);
#2656 = LINE('',#2657,#2658);
#2657 = CARTESIAN_POINT('',(-67.05,74.05));
#2658 = VECTOR('',#2659,1.);
#2659 = DIRECTION('',(1.,0.));
#2660 = ( GEOMETRIC_REPRESENTATION_CONTEXT(2) 
PARAMETRIC_REPRESENTATION_CONTEXT() REPRESENTATION_CONTEXT('2D SPACE',''
  ) );
#2661 = PCURVE('',#1524,#2662);
#2662 = DEFINITIONAL_REPRESENTATION('',(#2663),#2667);
#2663 = LINE('',#2664,#2665);
#2664 = CARTESIAN_POINT('',(-1.E-02,66.3));
#2665 = VECTOR('',#2666,1.);
#2666 = DIRECTION('',(0.,-1.));
#2667 = ( GEOMETRIC_REPRESENTATION_CONTEXT(2) 
PARAMETRIC_REPRESENTATION_CONTEXT() REPRESENTATION_CONTEXT('2D SPACE',''
  ) );
#2668 = ORIENTED_EDGE('',*,*,#1485,.T.);
#2669 = ORIENTED_EDGE('',*,*,#2670,.T.);
#2670 = EDGE_CURVE('',#1458,#2671,#2673,.T.);
#2671 = VERTEX_POINT('',#2672);
#2672 = CARTESIAN_POINT('',(134.75,97.75,3.4));
#2673 = SURFACE_CURVE('',#2674,(#2678,#2685),.PCURVE_S1.);
#2674 = LINE('',#2675,#2676);
#2675 = CARTESIAN_POINT('',(201.05,97.75,3.4));
#2676 = VECTOR('',#2677,1.);
#2677 = DIRECTION('',(-1.,0.,0.));
#2678 = PCURVE('',#185,#2679);
#2679 = DEFINITIONAL_REPRESENTATION('',(#2680),#2684);
#2680 = LINE('',#2681,#2682);
#2681 = CARTESIAN_POINT('',(-0.75,74.35));
#2682 = VECTOR('',#2683,1.);
#2683 = DIRECTION('',(-1.,0.));
#2684 = ( GEOMETRIC_REPRESENTATION_CONTEXT(2) 
PARAMETRIC_REPRESENTATION_CONTEXT() REPRESENTATION_CONTEXT('2D SPACE',''
  ) );
#2685 = PCURVE('',#1473,#2686);
#2686 = DEFINITIONAL_REPRESENTATION('',(#2687),#2691);
#2687 = LINE('',#2688,#2689);
#2688 = CARTESIAN_POINT('',(-1.E-02,-0.));
#2689 = VECTOR('',#2690,1.);
#2690 = DIRECTION('',(0.,1.));
#2691 = ( GEOMETRIC_REPRESENTATION_CONTEXT(2) 
PARAMETRIC_REPRESENTATION_CONTEXT() REPRESENTATION_CONTEXT('2D SPACE',''
  ) );
#2692 = ORIENTED_EDGE('',*,*,#2693,.F.);
#2693 = EDGE_CURVE('',#2694,#2671,#2696,.T.);
#2694 = VERTEX_POINT('',#2695);
#2695 = CARTESIAN_POINT('',(134.75,120.05,3.4));
#2696 = SURFACE_CURVE('',#2697,(#2701,#2708),.PCURVE_S1.);
#2697 = LINE('',#2698,#2699);
#2698 = CARTESIAN_POINT('',(134.75,60.575,3.4));
#2699 = VECTOR('',#2700,1.);
#2700 = DIRECTION('',(0.,-1.,0.));
#2701 = PCURVE('',#185,#2702);
#2702 = DEFINITIONAL_REPRESENTATION('',(#2703),#2707);
#2703 = LINE('',#2704,#2705);
#2704 = CARTESIAN_POINT('',(-67.05,37.175));
#2705 = VECTOR('',#2706,1.);
#2706 = DIRECTION('',(0.,-1.));
#2707 = ( GEOMETRIC_REPRESENTATION_CONTEXT(2) 
PARAMETRIC_REPRESENTATION_CONTEXT() REPRESENTATION_CONTEXT('2D SPACE',''
  ) );
#2708 = PCURVE('',#2709,#2714);
#2709 = PLANE('',#2710);
#2710 = AXIS2_PLACEMENT_3D('',#2711,#2712,#2713);
#2711 = CARTESIAN_POINT('',(134.75,97.75,3.39));
#2712 = DIRECTION('',(-1.,-0.,-0.));
#2713 = DIRECTION('',(0.,0.,-1.));
#2714 = DEFINITIONAL_REPRESENTATION('',(#2715),#2719);
#2715 = LINE('',#2716,#2717);
#2716 = CARTESIAN_POINT('',(-1.E-02,37.175));
#2717 = VECTOR('',#2718,1.);
#2718 = DIRECTION('',(0.,1.));
#2719 = ( GEOMETRIC_REPRESENTATION_CONTEXT(2) 
PARAMETRIC_REPRESENTATION_CONTEXT() REPRESENTATION_CONTEXT('2D SPACE',''
  ) );
#2720 = ORIENTED_EDGE('',*,*,#2721,.T.);
#2721 = EDGE_CURVE('',#2694,#1272,#2722,.T.);
#2722 = SURFACE_CURVE('',#2723,(#2727,#2734),.PCURVE_S1.);
#2723 = LINE('',#2724,#2725);
#2724 = CARTESIAN_POINT('',(134.75,120.05,3.4));
#2725 = VECTOR('',#2726,1.);
#2726 = DIRECTION('',(1.,0.,0.));
#2727 = PCURVE('',#185,#2728);
#2728 = DEFINITIONAL_REPRESENTATION('',(#2729),#2733);
#2729 = LINE('',#2730,#2731);
#2730 = CARTESIAN_POINT('',(-67.05,96.65));
#2731 = VECTOR('',#2732,1.);
#2732 = DIRECTION('',(1.,0.));
#2733 = ( GEOMETRIC_REPRESENTATION_CONTEXT(2) 
PARAMETRIC_REPRESENTATION_CONTEXT() REPRESENTATION_CONTEXT('2D SPACE',''
  ) );
#2734 = PCURVE('',#1310,#2735);
#2735 = DEFINITIONAL_REPRESENTATION('',(#2736),#2740);
#2736 = LINE('',#2737,#2738);
#2737 = CARTESIAN_POINT('',(-1.E-02,66.3));
#2738 = VECTOR('',#2739,1.);
#2739 = DIRECTION('',(0.,-1.));
#2740 = ( GEOMETRIC_REPRESENTATION_CONTEXT(2) 
PARAMETRIC_REPRESENTATION_CONTEXT() REPRESENTATION_CONTEXT('2D SPACE',''
  ) );
#2741 = ORIENTED_EDGE('',*,*,#1271,.T.);
#2742 = ORIENTED_EDGE('',*,*,#2743,.T.);
#2743 = EDGE_CURVE('',#1244,#2744,#2746,.T.);
#2744 = VERTEX_POINT('',#2745);
#2745 = CARTESIAN_POINT('',(134.75,120.35,3.4));
#2746 = SURFACE_CURVE('',#2747,(#2751,#2758),.PCURVE_S1.);
#2747 = LINE('',#2748,#2749);
#2748 = CARTESIAN_POINT('',(201.05,120.35,3.4));
#2749 = VECTOR('',#2750,1.);
#2750 = DIRECTION('',(-1.,0.,0.));
#2751 = PCURVE('',#185,#2752);
#2752 = DEFINITIONAL_REPRESENTATION('',(#2753),#2757);
#2753 = LINE('',#2754,#2755);
#2754 = CARTESIAN_POINT('',(-0.75,96.95));
#2755 = VECTOR('',#2756,1.);
#2756 = DIRECTION('',(-1.,0.));
#2757 = ( GEOMETRIC_REPRESENTATION_CONTEXT(2) 
PARAMETRIC_REPRESENTATION_CONTEXT() REPRESENTATION_CONTEXT('2D SPACE',''
  ) );
#2758 = PCURVE('',#1259,#2759);
#2759 = DEFINITIONAL_REPRESENTATION('',(#2760),#2764);
#2760 = LINE('',#2761,#2762);
#2761 = CARTESIAN_POINT('',(-1.E-02,-0.));
#2762 = VECTOR('',#2763,1.);
#2763 = DIRECTION('',(0.,1.));
#2764 = ( GEOMETRIC_REPRESENTATION_CONTEXT(2) 
PARAMETRIC_REPRESENTATION_CONTEXT() REPRESENTATION_CONTEXT('2D SPACE',''
  ) );
#2765 = ORIENTED_EDGE('',*,*,#2766,.F.);
#2766 = EDGE_CURVE('',#2767,#2744,#2769,.T.);
#2767 = VERTEX_POINT('',#2768);
#2768 = CARTESIAN_POINT('',(134.75,142.65,3.4));
#2769 = SURFACE_CURVE('',#2770,(#2774,#2781),.PCURVE_S1.);
#2770 = LINE('',#2771,#2772);
#2771 = CARTESIAN_POINT('',(134.75,71.875,3.4));
#2772 = VECTOR('',#2773,1.);
#2773 = DIRECTION('',(0.,-1.,0.));
#2774 = PCURVE('',#185,#2775);
#2775 = DEFINITIONAL_REPRESENTATION('',(#2776),#2780);
#2776 = LINE('',#2777,#2778);
#2777 = CARTESIAN_POINT('',(-67.05,48.475));
#2778 = VECTOR('',#2779,1.);
#2779 = DIRECTION('',(0.,-1.));
#2780 = ( GEOMETRIC_REPRESENTATION_CONTEXT(2) 
PARAMETRIC_REPRESENTATION_CONTEXT() REPRESENTATION_CONTEXT('2D SPACE',''
  ) );
#2781 = PCURVE('',#2782,#2787);
#2782 = PLANE('',#2783);
#2783 = AXIS2_PLACEMENT_3D('',#2784,#2785,#2786);
#2784 = CARTESIAN_POINT('',(134.75,120.35,3.39));
#2785 = DIRECTION('',(-1.,-0.,-0.));
#2786 = DIRECTION('',(0.,0.,-1.));
#2787 = DEFINITIONAL_REPRESENTATION('',(#2788),#2792);
#2788 = LINE('',#2789,#2790);
#2789 = CARTESIAN_POINT('',(-1.E-02,48.475));
#2790 = VECTOR('',#2791,1.);
#2791 = DIRECTION('',(0.,1.));
#2792 = ( GEOMETRIC_REPRESENTATION_CONTEXT(2) 
PARAMETRIC_REPRESENTATION_CONTEXT() REPRESENTATION_CONTEXT('2D SPACE',''
  ) );
#2793 = ORIENTED_EDGE('',*,*,#2794,.T.);
#2794 = EDGE_CURVE('',#2767,#1058,#2795,.T.);
#2795 = SURFACE_CURVE('',#2796,(#2800,#2807),.PCURVE_S1.);
#2796 = LINE('',#2797,#2798);
#2797 = CARTESIAN_POINT('',(134.75,142.65,3.4));
#2798 = VECTOR('',#2799,1.);
#2799 = DIRECTION('',(1.,0.,0.));
#2800 = PCURVE('',#185,#2801);
#2801 = DEFINITIONAL_REPRESENTATION('',(#2802),#2806);
#2802 = LINE('',#2803,#2804);
#2803 = CARTESIAN_POINT('',(-67.05,119.25));
#2804 = VECTOR('',#2805,1.);
#2805 = DIRECTION('',(1.,0.));
#2806 = ( GEOMETRIC_REPRESENTATION_CONTEXT(2) 
PARAMETRIC_REPRESENTATION_CONTEXT() REPRESENTATION_CONTEXT('2D SPACE',''
  ) );
#2807 = PCURVE('',#1096,#2808);
#2808 = DEFINITIONAL_REPRESENTATION('',(#2809),#2813);
#2809 = LINE('',#2810,#2811);
#2810 = CARTESIAN_POINT('',(-1.E-02,66.3));
#2811 = VECTOR('',#2812,1.);
#2812 = DIRECTION('',(0.,-1.));
#2813 = ( GEOMETRIC_REPRESENTATION_CONTEXT(2) 
PARAMETRIC_REPRESENTATION_CONTEXT() REPRESENTATION_CONTEXT('2D SPACE',''
  ) );
#2814 = ORIENTED_EDGE('',*,*,#1057,.T.);
#2815 = ORIENTED_EDGE('',*,*,#2816,.T.);
#2816 = EDGE_CURVE('',#1030,#2817,#2819,.T.);
#2817 = VERTEX_POINT('',#2818);
#2818 = CARTESIAN_POINT('',(134.75,142.95,3.4));
#2819 = SURFACE_CURVE('',#2820,(#2824,#2831),.PCURVE_S1.);
#2820 = LINE('',#2821,#2822);
#2821 = CARTESIAN_POINT('',(201.05,142.95,3.4));
#2822 = VECTOR('',#2823,1.);
#2823 = DIRECTION('',(-1.,0.,0.));
#2824 = PCURVE('',#185,#2825);
#2825 = DEFINITIONAL_REPRESENTATION('',(#2826),#2830);
#2826 = LINE('',#2827,#2828);
#2827 = CARTESIAN_POINT('',(-0.75,119.55));
#2828 = VECTOR('',#2829,1.);
#2829 = DIRECTION('',(-1.,0.));
#2830 = ( GEOMETRIC_REPRESENTATION_CONTEXT(2) 
PARAMETRIC_REPRESENTATION_CONTEXT() REPRESENTATION_CONTEXT('2D SPACE',''
  ) );
#2831 = PCURVE('',#1045,#2832);
#2832 = DEFINITIONAL_REPRESENTATION('',(#2833),#2837);
#2833 = LINE('',#2834,#2835);
#2834 = CARTESIAN_POINT('',(-1.E-02,-0.));
#2835 = VECTOR('',#2836,1.);
#2836 = DIRECTION('',(0.,1.));
#2837 = ( GEOMETRIC_REPRESENTATION_CONTEXT(2) 
PARAMETRIC_REPRESENTATION_CONTEXT() REPRESENTATION_CONTEXT('2D SPACE',''
  ) );
#2838 = ORIENTED_EDGE('',*,*,#2839,.F.);
#2839 = EDGE_CURVE('',#2840,#2817,#2842,.T.);
#2840 = VERTEX_POINT('',#2841);
#2841 = CARTESIAN_POINT('',(134.75,165.25,3.4));
#2842 = SURFACE_CURVE('',#2843,(#2847,#2854),.PCURVE_S1.);
#2843 = LINE('',#2844,#2845);
#2844 = CARTESIAN_POINT('',(134.75,83.175,3.4));
#2845 = VECTOR('',#2846,1.);
#2846 = DIRECTION('',(0.,-1.,0.));
#2847 = PCURVE('',#185,#2848);
#2848 = DEFINITIONAL_REPRESENTATION('',(#2849),#2853);
#2849 = LINE('',#2850,#2851);
#2850 = CARTESIAN_POINT('',(-67.05,59.775));
#2851 = VECTOR('',#2852,1.);
#2852 = DIRECTION('',(0.,-1.));
#2853 = ( GEOMETRIC_REPRESENTATION_CONTEXT(2) 
PARAMETRIC_REPRESENTATION_CONTEXT() REPRESENTATION_CONTEXT('2D SPACE',''
  ) );
#2854 = PCURVE('',#2855,#2860);
#2855 = PLANE('',#2856);
#2856 = AXIS2_PLACEMENT_3D('',#2857,#2858,#2859);
#2857 = CARTESIAN_POINT('',(134.75,142.95,3.39));
#2858 = DIRECTION('',(-1.,-0.,-0.));
#2859 = DIRECTION('',(0.,0.,-1.));
#2860 = DEFINITIONAL_REPRESENTATION('',(#2861),#2865);
#2861 = LINE('',#2862,#2863);
#2862 = CARTESIAN_POINT('',(-1.E-02,59.775));
#2863 = VECTOR('',#2864,1.);
#2864 = DIRECTION('',(0.,1.));
#2865 = ( GEOMETRIC_REPRESENTATION_CONTEXT(2) 
PARAMETRIC_REPRESENTATION_CONTEXT() REPRESENTATION_CONTEXT('2D SPACE',''
  ) );
#2866 = ORIENTED_EDGE('',*,*,#2867,.T.);
#2867 = EDGE_CURVE('',#2840,#844,#2868,.T.);
#2868 = SURFACE_CURVE('',#2869,(#2873,#2880),.PCURVE_S1.);
#2869 = LINE('',#2870,#2871);
#2870 = CARTESIAN_POINT('',(134.75,165.25,3.4));
#2871 = VECTOR('',#2872,1.);
#2872 = DIRECTION('',(1.,0.,0.));
#2873 = PCURVE('',#185,#2874);
#2874 = DEFINITIONAL_REPRESENTATION('',(#2875),#2879);
#2875 = LINE('',#2876,#2877);
#2876 = CARTESIAN_POINT('',(-67.05,141.85));
#2877 = VECTOR('',#2878,1.);
#2878 = DIRECTION('',(1.,0.));
#2879 = ( GEOMETRIC_REPRESENTATION_CONTEXT(2) 
PARAMETRIC_REPRESENTATION_CONTEXT() REPRESENTATION_CONTEXT('2D SPACE',''
  ) );
#2880 = PCURVE('',#882,#2881);
#2881 = DEFINITIONAL_REPRESENTATION('',(#2882),#2886);
#2882 = LINE('',#2883,#2884);
#2883 = CARTESIAN_POINT('',(-1.E-02,66.3));
#2884 = VECTOR('',#2885,1.);
#2885 = DIRECTION('',(0.,-1.));
#2886 = ( GEOMETRIC_REPRESENTATION_CONTEXT(2) 
PARAMETRIC_REPRESENTATION_CONTEXT() REPRESENTATION_CONTEXT('2D SPACE',''
  ) );
#2887 = ORIENTED_EDGE('',*,*,#843,.T.);
#2888 = ORIENTED_EDGE('',*,*,#2889,.T.);
#2889 = EDGE_CURVE('',#816,#2890,#2892,.T.);
#2890 = VERTEX_POINT('',#2891);
#2891 = CARTESIAN_POINT('',(134.75,165.55,3.4));
#2892 = SURFACE_CURVE('',#2893,(#2897,#2904),.PCURVE_S1.);
#2893 = LINE('',#2894,#2895);
#2894 = CARTESIAN_POINT('',(201.05,165.55,3.4));
#2895 = VECTOR('',#2896,1.);
#2896 = DIRECTION('',(-1.,0.,0.));
#2897 = PCURVE('',#185,#2898);
#2898 = DEFINITIONAL_REPRESENTATION('',(#2899),#2903);
#2899 = LINE('',#2900,#2901);
#2900 = CARTESIAN_POINT('',(-0.75,142.15));
#2901 = VECTOR('',#2902,1.);
#2902 = DIRECTION('',(-1.,0.));
#2903 = ( GEOMETRIC_REPRESENTATION_CONTEXT(2) 
PARAMETRIC_REPRESENTATION_CONTEXT() REPRESENTATION_CONTEXT('2D SPACE',''
  ) );
#2904 = PCURVE('',#831,#2905);
#2905 = DEFINITIONAL_REPRESENTATION('',(#2906),#2910);
#2906 = LINE('',#2907,#2908);
#2907 = CARTESIAN_POINT('',(-1.E-02,-0.));
#2908 = VECTOR('',#2909,1.);
#2909 = DIRECTION('',(0.,1.));
#2910 = ( GEOMETRIC_REPRESENTATION_CONTEXT(2) 
PARAMETRIC_REPRESENTATION_CONTEXT() REPRESENTATION_CONTEXT('2D SPACE',''
  ) );
#2911 = ORIENTED_EDGE('',*,*,#2912,.F.);
#2912 = EDGE_CURVE('',#2913,#2890,#2915,.T.);
#2913 = VERTEX_POINT('',#2914);
#2914 = CARTESIAN_POINT('',(134.75,187.85,3.4));
#2915 = SURFACE_CURVE('',#2916,(#2920,#2927),.PCURVE_S1.);
#2916 = LINE('',#2917,#2918);
#2917 = CARTESIAN_POINT('',(134.75,94.475,3.4));
#2918 = VECTOR('',#2919,1.);
#2919 = DIRECTION('',(0.,-1.,0.));
#2920 = PCURVE('',#185,#2921);
#2921 = DEFINITIONAL_REPRESENTATION('',(#2922),#2926);
#2922 = LINE('',#2923,#2924);
#2923 = CARTESIAN_POINT('',(-67.05,71.075));
#2924 = VECTOR('',#2925,1.);
#2925 = DIRECTION('',(0.,-1.));
#2926 = ( GEOMETRIC_REPRESENTATION_CONTEXT(2) 
PARAMETRIC_REPRESENTATION_CONTEXT() REPRESENTATION_CONTEXT('2D SPACE',''
  ) );
#2927 = PCURVE('',#2928,#2933);
#2928 = PLANE('',#2929);
#2929 = AXIS2_PLACEMENT_3D('',#2930,#2931,#2932);
#2930 = CARTESIAN_POINT('',(134.75,165.55,3.39));
#2931 = DIRECTION('',(-1.,-0.,-0.));
#2932 = DIRECTION('',(0.,0.,-1.));
#2933 = DEFINITIONAL_REPRESENTATION('',(#2934),#2938);
#2934 = LINE('',#2935,#2936);
#2935 = CARTESIAN_POINT('',(-1.E-02,71.075));
#2936 = VECTOR('',#2937,1.);
#2937 = DIRECTION('',(0.,1.));
#2938 = ( GEOMETRIC_REPRESENTATION_CONTEXT(2) 
PARAMETRIC_REPRESENTATION_CONTEXT() REPRESENTATION_CONTEXT('2D SPACE',''
  ) );
#2939 = ORIENTED_EDGE('',*,*,#2940,.T.);
#2940 = EDGE_CURVE('',#2913,#630,#2941,.T.);
#2941 = SURFACE_CURVE('',#2942,(#2946,#2953),.PCURVE_S1.);
#2942 = LINE('',#2943,#2944);
#2943 = CARTESIAN_POINT('',(134.75,187.85,3.4));
#2944 = VECTOR('',#2945,1.);
#2945 = DIRECTION('',(1.,0.,0.));
#2946 = PCURVE('',#185,#2947);
#2947 = DEFINITIONAL_REPRESENTATION('',(#2948),#2952);
#2948 = LINE('',#2949,#2950);
#2949 = CARTESIAN_POINT('',(-67.05,164.45));
#2950 = VECTOR('',#2951,1.);
#2951 = DIRECTION('',(1.,0.));
#2952 = ( GEOMETRIC_REPRESENTATION_CONTEXT(2) 
PARAMETRIC_REPRESENTATION_CONTEXT() REPRESENTATION_CONTEXT('2D SPACE',''
  ) );
#2953 = PCURVE('',#668,#2954);
#2954 = DEFINITIONAL_REPRESENTATION('',(#2955),#2959);
#2955 = LINE('',#2956,#2957);
#2956 = CARTESIAN_POINT('',(-1.E-02,22.3));
#2957 = VECTOR('',#2958,1.);
#2958 = DIRECTION('',(0.,-1.));
#2959 = ( GEOMETRIC_REPRESENTATION_CONTEXT(2) 
PARAMETRIC_REPRESENTATION_CONTEXT() REPRESENTATION_CONTEXT('2D SPACE',''
  ) );
#2960 = ADVANCED_FACE('',(#2961),#241,.F.);
#2961 = FACE_BOUND('',#2962,.F.);
#2962 = EDGE_LOOP('',(#2963,#2986,#2987,#2988,#3011,#3044,#3072));
#2963 = ORIENTED_EDGE('',*,*,#2964,.T.);
#2964 = EDGE_CURVE('',#2965,#466,#2967,.T.);
#2965 = VERTEX_POINT('',#2966);
#2966 = CARTESIAN_POINT('',(120.6,216.25,11.5));
#2967 = SURFACE_CURVE('',#2968,(#2972,#2979),.PCURVE_S1.);
#2968 = LINE('',#2969,#2970);
#2969 = CARTESIAN_POINT('',(120.6,216.25,14.5));
#2970 = VECTOR('',#2971,1.);
#2971 = DIRECTION('',(0.,0.,1.));
#2972 = PCURVE('',#241,#2973);
#2973 = DEFINITIONAL_REPRESENTATION('',(#2974),#2978);
#2974 = LINE('',#2975,#2976);
#2975 = CARTESIAN_POINT('',(-3.,5.6));
#2976 = VECTOR('',#2977,1.);
#2977 = DIRECTION('',(1.,0.));
#2978 = ( GEOMETRIC_REPRESENTATION_CONTEXT(2) 
PARAMETRIC_REPRESENTATION_CONTEXT() REPRESENTATION_CONTEXT('2D SPACE',''
  ) );
#2979 = PCURVE('',#481,#2980);
#2980 = DEFINITIONAL_REPRESENTATION('',(#2981),#2985);
#2981 = LINE('',#2982,#2983);
#2982 = CARTESIAN_POINT('',(-3.,-4.55));
#2983 = VECTOR('',#2984,1.);
#2984 = DIRECTION('',(-1.,0.));
#2985 = ( GEOMETRIC_REPRESENTATION_CONTEXT(2) 
PARAMETRIC_REPRESENTATION_CONTEXT() REPRESENTATION_CONTEXT('2D SPACE',''
  ) );
#2986 = ORIENTED_EDGE('',*,*,#493,.T.);
#2987 = ORIENTED_EDGE('',*,*,#222,.T.);
#2988 = ORIENTED_EDGE('',*,*,#2989,.T.);
#2989 = EDGE_CURVE('',#225,#2990,#2992,.T.);
#2990 = VERTEX_POINT('',#2991);
#2991 = CARTESIAN_POINT('',(116.,216.25,-1.110223024625E-16));
#2992 = SURFACE_CURVE('',#2993,(#2997,#3004),.PCURVE_S1.);
#2993 = LINE('',#2994,#2995);
#2994 = CARTESIAN_POINT('',(124.02885337484,216.25,3.552713678801E-15));
#2995 = VECTOR('',#2996,1.);
#2996 = DIRECTION('',(-1.,0.,-4.563211968403E-16));
#2997 = PCURVE('',#241,#2998);
#2998 = DEFINITIONAL_REPRESENTATION('',(#2999),#3003);
#2999 = LINE('',#3000,#3001);
#3000 = CARTESIAN_POINT('',(-17.5,9.02885337484));
#3001 = VECTOR('',#3002,1.);
#3002 = DIRECTION('',(-4.563211968403E-16,-1.));
#3003 = ( GEOMETRIC_REPRESENTATION_CONTEXT(2) 
PARAMETRIC_REPRESENTATION_CONTEXT() REPRESENTATION_CONTEXT('2D SPACE',''
  ) );
#3004 = PCURVE('',#343,#3005);
#3005 = DEFINITIONAL_REPRESENTATION('',(#3006),#3010);
#3006 = LINE('',#3007,#3008);
#3007 = CARTESIAN_POINT('',(-88.97114662516,195.25));
#3008 = VECTOR('',#3009,1.);
#3009 = DIRECTION('',(-1.,0.));
#3010 = ( GEOMETRIC_REPRESENTATION_CONTEXT(2) 
PARAMETRIC_REPRESENTATION_CONTEXT() REPRESENTATION_CONTEXT('2D SPACE',''
  ) );
#3011 = ORIENTED_EDGE('',*,*,#3012,.F.);
#3012 = EDGE_CURVE('',#3013,#2990,#3015,.T.);
#3013 = VERTEX_POINT('',#3014);
#3014 = CARTESIAN_POINT('',(115.2,216.25,0.8));
#3015 = SURFACE_CURVE('',#3016,(#3021,#3032),.PCURVE_S1.);
#3016 = CIRCLE('',#3017,0.8);
#3017 = AXIS2_PLACEMENT_3D('',#3018,#3019,#3020);
#3018 = CARTESIAN_POINT('',(116.,216.25,0.8));
#3019 = DIRECTION('',(-0.,-1.,-0.));
#3020 = DIRECTION('',(-1.,0.,0.));
#3021 = PCURVE('',#241,#3022);
#3022 = DEFINITIONAL_REPRESENTATION('',(#3023),#3031);
#3023 = ( BOUNDED_CURVE() B_SPLINE_CURVE(2,(#3024,#3025,#3026,#3027,
#3028,#3029,#3030),.UNSPECIFIED.,.T.,.F.) B_SPLINE_CURVE_WITH_KNOTS((1,2
    ,2,2,2,1),(-2.094395102393,0.,2.094395102393,4.188790204786,
6.28318530718,8.377580409573),.UNSPECIFIED.) CURVE() 
GEOMETRIC_REPRESENTATION_ITEM() RATIONAL_B_SPLINE_CURVE((1.,0.5,1.,0.5,
1.,0.5,1.)) REPRESENTATION_ITEM('') );
#3024 = CARTESIAN_POINT('',(-16.7,0.2));
#3025 = CARTESIAN_POINT('',(-18.08564064605,0.2));
#3026 = CARTESIAN_POINT('',(-17.39282032302,1.4));
#3027 = CARTESIAN_POINT('',(-16.7,2.6));
#3028 = CARTESIAN_POINT('',(-16.00717967697,1.4));
#3029 = CARTESIAN_POINT('',(-15.31435935394,0.2));
#3030 = CARTESIAN_POINT('',(-16.7,0.2));
#3031 = ( GEOMETRIC_REPRESENTATION_CONTEXT(2) 
PARAMETRIC_REPRESENTATION_CONTEXT() REPRESENTATION_CONTEXT('2D SPACE',''
  ) );
#3032 = PCURVE('',#3033,#3038);
#3033 = CYLINDRICAL_SURFACE('',#3034,0.8);
#3034 = AXIS2_PLACEMENT_3D('',#3035,#3036,#3037);
#3035 = CARTESIAN_POINT('',(116.,218.,0.8));
#3036 = DIRECTION('',(-0.,-1.,-0.));
#3037 = DIRECTION('',(-1.,0.,0.));
#3038 = DEFINITIONAL_REPRESENTATION('',(#3039),#3043);
#3039 = LINE('',#3040,#3041);
#3040 = CARTESIAN_POINT('',(0.,1.75));
#3041 = VECTOR('',#3042,1.);
#3042 = DIRECTION('',(1.,0.));
#3043 = ( GEOMETRIC_REPRESENTATION_CONTEXT(2) 
PARAMETRIC_REPRESENTATION_CONTEXT() REPRESENTATION_CONTEXT('2D SPACE',''
  ) );
#3044 = ORIENTED_EDGE('',*,*,#3045,.T.);
#3045 = EDGE_CURVE('',#3013,#3046,#3048,.T.);
#3046 = VERTEX_POINT('',#3047);
#3047 = CARTESIAN_POINT('',(115.2,216.25,11.5));
#3048 = SURFACE_CURVE('',#3049,(#3053,#3060),.PCURVE_S1.);
#3049 = LINE('',#3050,#3051);
#3050 = CARTESIAN_POINT('',(115.2,216.25,8.75));
#3051 = VECTOR('',#3052,1.);
#3052 = DIRECTION('',(0.,0.,1.));
#3053 = PCURVE('',#241,#3054);
#3054 = DEFINITIONAL_REPRESENTATION('',(#3055),#3059);
#3055 = LINE('',#3056,#3057);
#3056 = CARTESIAN_POINT('',(-8.75,0.2));
#3057 = VECTOR('',#3058,1.);
#3058 = DIRECTION('',(1.,0.));
#3059 = ( GEOMETRIC_REPRESENTATION_CONTEXT(2) 
PARAMETRIC_REPRESENTATION_CONTEXT() REPRESENTATION_CONTEXT('2D SPACE',''
  ) );
#3060 = PCURVE('',#3061,#3066);
#3061 = PLANE('',#3062);
#3062 = AXIS2_PLACEMENT_3D('',#3063,#3064,#3065);
#3063 = CARTESIAN_POINT('',(115.2,21.,0.));
#3064 = DIRECTION('',(-1.,-0.,-0.));
#3065 = DIRECTION('',(0.,0.,-1.));
#3066 = DEFINITIONAL_REPRESENTATION('',(#3067),#3071);
#3067 = LINE('',#3068,#3069);
#3068 = CARTESIAN_POINT('',(-8.75,-195.25));
#3069 = VECTOR('',#3070,1.);
#3070 = DIRECTION('',(-1.,0.));
#3071 = ( GEOMETRIC_REPRESENTATION_CONTEXT(2) 
PARAMETRIC_REPRESENTATION_CONTEXT() REPRESENTATION_CONTEXT('2D SPACE',''
  ) );
#3072 = ORIENTED_EDGE('',*,*,#3073,.T.);
#3073 = EDGE_CURVE('',#3046,#2965,#3074,.T.);
#3074 = SURFACE_CURVE('',#3075,(#3079,#3086),.PCURVE_S1.);
#3075 = LINE('',#3076,#3077);
#3076 = CARTESIAN_POINT('',(164.5,216.25,11.5));
#3077 = VECTOR('',#3078,1.);
#3078 = DIRECTION('',(1.,-0.,0.));
#3079 = PCURVE('',#241,#3080);
#3080 = DEFINITIONAL_REPRESENTATION('',(#3081),#3085);
#3081 = LINE('',#3082,#3083);
#3082 = CARTESIAN_POINT('',(-6.,49.5));
#3083 = VECTOR('',#3084,1.);
#3084 = DIRECTION('',(0.,1.));
#3085 = ( GEOMETRIC_REPRESENTATION_CONTEXT(2) 
PARAMETRIC_REPRESENTATION_CONTEXT() REPRESENTATION_CONTEXT('2D SPACE',''
  ) );
#3086 = PCURVE('',#3087,#3092);
#3087 = PLANE('',#3088);
#3088 = AXIS2_PLACEMENT_3D('',#3089,#3090,#3091);
#3089 = CARTESIAN_POINT('',(214.,20.,11.5));
#3090 = DIRECTION('',(-0.,-0.,1.));
#3091 = DIRECTION('',(1.,0.,0.));
#3092 = DEFINITIONAL_REPRESENTATION('',(#3093),#3097);
#3093 = LINE('',#3094,#3095);
#3094 = CARTESIAN_POINT('',(-49.5,196.25));
#3095 = VECTOR('',#3096,1.);
#3096 = DIRECTION('',(1.,0.));
#3097 = ( GEOMETRIC_REPRESENTATION_CONTEXT(2) 
PARAMETRIC_REPRESENTATION_CONTEXT() REPRESENTATION_CONTEXT('2D SPACE',''
  ) );
#3098 = ADVANCED_FACE('',(#3099),#314,.T.);
#3099 = FACE_BOUND('',#3100,.T.);
#3100 = EDGE_LOOP('',(#3101,#3102,#3125,#3158,#3186,#3214,#3235));
#3101 = ORIENTED_EDGE('',*,*,#297,.F.);
#3102 = ORIENTED_EDGE('',*,*,#3103,.F.);
#3103 = EDGE_CURVE('',#3104,#298,#3106,.T.);
#3104 = VERTEX_POINT('',#3105);
#3105 = CARTESIAN_POINT('',(116.,211.65,-1.110223024625E-16));
#3106 = SURFACE_CURVE('',#3107,(#3111,#3118),.PCURVE_S1.);
#3107 = LINE('',#3108,#3109);
#3108 = CARTESIAN_POINT('',(116.,211.65,-1.110223024625E-16));
#3109 = VECTOR('',#3110,1.);
#3110 = DIRECTION('',(1.,0.,4.563211968403E-16));
#3111 = PCURVE('',#314,#3112);
#3112 = DEFINITIONAL_REPRESENTATION('',(#3113),#3117);
#3113 = LINE('',#3114,#3115);
#3114 = CARTESIAN_POINT('',(-17.5,1.));
#3115 = VECTOR('',#3116,1.);
#3116 = DIRECTION('',(4.563211968403E-16,1.));
#3117 = ( GEOMETRIC_REPRESENTATION_CONTEXT(2) 
PARAMETRIC_REPRESENTATION_CONTEXT() REPRESENTATION_CONTEXT('2D SPACE',''
  ) );
#3118 = PCURVE('',#343,#3119);
#3119 = DEFINITIONAL_REPRESENTATION('',(#3120),#3124);
#3120 = LINE('',#3121,#3122);
#3121 = CARTESIAN_POINT('',(-97.,190.65));
#3122 = VECTOR('',#3123,1.);
#3123 = DIRECTION('',(1.,0.));
#3124 = ( GEOMETRIC_REPRESENTATION_CONTEXT(2) 
PARAMETRIC_REPRESENTATION_CONTEXT() REPRESENTATION_CONTEXT('2D SPACE',''
  ) );
#3125 = ORIENTED_EDGE('',*,*,#3126,.F.);
#3126 = EDGE_CURVE('',#3127,#3104,#3129,.T.);
#3127 = VERTEX_POINT('',#3128);
#3128 = CARTESIAN_POINT('',(115.2,211.65,0.8));
#3129 = SURFACE_CURVE('',#3130,(#3135,#3146),.PCURVE_S1.);
#3130 = CIRCLE('',#3131,0.8);
#3131 = AXIS2_PLACEMENT_3D('',#3132,#3133,#3134);
#3132 = CARTESIAN_POINT('',(116.,211.65,0.8));
#3133 = DIRECTION('',(-0.,-1.,-0.));
#3134 = DIRECTION('',(-1.,0.,0.));
#3135 = PCURVE('',#314,#3136);
#3136 = DEFINITIONAL_REPRESENTATION('',(#3137),#3145);
#3137 = ( BOUNDED_CURVE() B_SPLINE_CURVE(2,(#3138,#3139,#3140,#3141,
#3142,#3143,#3144),.UNSPECIFIED.,.T.,.F.) B_SPLINE_CURVE_WITH_KNOTS((1,2
    ,2,2,2,1),(-2.094395102393,0.,2.094395102393,4.188790204786,
6.28318530718,8.377580409573),.UNSPECIFIED.) CURVE() 
GEOMETRIC_REPRESENTATION_ITEM() RATIONAL_B_SPLINE_CURVE((1.,0.5,1.,0.5,
1.,0.5,1.)) REPRESENTATION_ITEM('') );
#3138 = CARTESIAN_POINT('',(-16.7,0.2));
#3139 = CARTESIAN_POINT('',(-18.08564064605,0.2));
#3140 = CARTESIAN_POINT('',(-17.39282032302,1.4));
#3141 = CARTESIAN_POINT('',(-16.7,2.6));
#3142 = CARTESIAN_POINT('',(-16.00717967697,1.4));
#3143 = CARTESIAN_POINT('',(-15.31435935394,0.2));
#3144 = CARTESIAN_POINT('',(-16.7,0.2));
#3145 = ( GEOMETRIC_REPRESENTATION_CONTEXT(2) 
PARAMETRIC_REPRESENTATION_CONTEXT() REPRESENTATION_CONTEXT('2D SPACE',''
  ) );
#3146 = PCURVE('',#3147,#3152);
#3147 = CYLINDRICAL_SURFACE('',#3148,0.8);
#3148 = AXIS2_PLACEMENT_3D('',#3149,#3150,#3151);
#3149 = CARTESIAN_POINT('',(116.,218.,0.8));
#3150 = DIRECTION('',(-0.,-1.,-0.));
#3151 = DIRECTION('',(-1.,0.,0.));
#3152 = DEFINITIONAL_REPRESENTATION('',(#3153),#3157);
#3153 = LINE('',#3154,#3155);
#3154 = CARTESIAN_POINT('',(0.,6.35));
#3155 = VECTOR('',#3156,1.);
#3156 = DIRECTION('',(1.,0.));
#3157 = ( GEOMETRIC_REPRESENTATION_CONTEXT(2) 
PARAMETRIC_REPRESENTATION_CONTEXT() REPRESENTATION_CONTEXT('2D SPACE',''
  ) );
#3158 = ORIENTED_EDGE('',*,*,#3159,.T.);
#3159 = EDGE_CURVE('',#3127,#3160,#3162,.T.);
#3160 = VERTEX_POINT('',#3161);
#3161 = CARTESIAN_POINT('',(115.2,211.65,11.5));
#3162 = SURFACE_CURVE('',#3163,(#3167,#3174),.PCURVE_S1.);
#3163 = LINE('',#3164,#3165);
#3164 = CARTESIAN_POINT('',(115.2,211.65,8.75));
#3165 = VECTOR('',#3166,1.);
#3166 = DIRECTION('',(0.,0.,1.));
#3167 = PCURVE('',#314,#3168);
#3168 = DEFINITIONAL_REPRESENTATION('',(#3169),#3173);
#3169 = LINE('',#3170,#3171);
#3170 = CARTESIAN_POINT('',(-8.75,0.2));
#3171 = VECTOR('',#3172,1.);
#3172 = DIRECTION('',(1.,0.));
#3173 = ( GEOMETRIC_REPRESENTATION_CONTEXT(2) 
PARAMETRIC_REPRESENTATION_CONTEXT() REPRESENTATION_CONTEXT('2D SPACE',''
  ) );
#3174 = PCURVE('',#3175,#3180);
#3175 = PLANE('',#3176);
#3176 = AXIS2_PLACEMENT_3D('',#3177,#3178,#3179);
#3177 = CARTESIAN_POINT('',(115.2,21.,0.));
#3178 = DIRECTION('',(-1.,-0.,-0.));
#3179 = DIRECTION('',(0.,0.,-1.));
#3180 = DEFINITIONAL_REPRESENTATION('',(#3181),#3185);
#3181 = LINE('',#3182,#3183);
#3182 = CARTESIAN_POINT('',(-8.75,-190.65));
#3183 = VECTOR('',#3184,1.);
#3184 = DIRECTION('',(-1.,0.));
#3185 = ( GEOMETRIC_REPRESENTATION_CONTEXT(2) 
PARAMETRIC_REPRESENTATION_CONTEXT() REPRESENTATION_CONTEXT('2D SPACE',''
  ) );
#3186 = ORIENTED_EDGE('',*,*,#3187,.T.);
#3187 = EDGE_CURVE('',#3160,#3188,#3190,.T.);
#3188 = VERTEX_POINT('',#3189);
#3189 = CARTESIAN_POINT('',(123.5,211.65,11.5));
#3190 = SURFACE_CURVE('',#3191,(#3195,#3202),.PCURVE_S1.);
#3191 = LINE('',#3192,#3193);
#3192 = CARTESIAN_POINT('',(164.5,211.65,11.5));
#3193 = VECTOR('',#3194,1.);
#3194 = DIRECTION('',(1.,-0.,0.));
#3195 = PCURVE('',#314,#3196);
#3196 = DEFINITIONAL_REPRESENTATION('',(#3197),#3201);
#3197 = LINE('',#3198,#3199);
#3198 = CARTESIAN_POINT('',(-6.,49.5));
#3199 = VECTOR('',#3200,1.);
#3200 = DIRECTION('',(0.,1.));
#3201 = ( GEOMETRIC_REPRESENTATION_CONTEXT(2) 
PARAMETRIC_REPRESENTATION_CONTEXT() REPRESENTATION_CONTEXT('2D SPACE',''
  ) );
#3202 = PCURVE('',#3203,#3208);
#3203 = PLANE('',#3204);
#3204 = AXIS2_PLACEMENT_3D('',#3205,#3206,#3207);
#3205 = CARTESIAN_POINT('',(214.,20.,11.5));
#3206 = DIRECTION('',(-0.,-0.,1.));
#3207 = DIRECTION('',(1.,0.,0.));
#3208 = DEFINITIONAL_REPRESENTATION('',(#3209),#3213);
#3209 = LINE('',#3210,#3211);
#3210 = CARTESIAN_POINT('',(-49.5,191.65));
#3211 = VECTOR('',#3212,1.);
#3212 = DIRECTION('',(1.,0.));
#3213 = ( GEOMETRIC_REPRESENTATION_CONTEXT(2) 
PARAMETRIC_REPRESENTATION_CONTEXT() REPRESENTATION_CONTEXT('2D SPACE',''
  ) );
#3214 = ORIENTED_EDGE('',*,*,#3215,.F.);
#3215 = EDGE_CURVE('',#2268,#3188,#3216,.T.);
#3216 = SURFACE_CURVE('',#3217,(#3221,#3228),.PCURVE_S1.);
#3217 = LINE('',#3218,#3219);
#3218 = CARTESIAN_POINT('',(123.5,211.65,9.85));
#3219 = VECTOR('',#3220,1.);
#3220 = DIRECTION('',(0.,0.,1.));
#3221 = PCURVE('',#314,#3222);
#3222 = DEFINITIONAL_REPRESENTATION('',(#3223),#3227);
#3223 = LINE('',#3224,#3225);
#3224 = CARTESIAN_POINT('',(-7.65,8.5));
#3225 = VECTOR('',#3226,1.);
#3226 = DIRECTION('',(1.,0.));
#3227 = ( GEOMETRIC_REPRESENTATION_CONTEXT(2) 
PARAMETRIC_REPRESENTATION_CONTEXT() REPRESENTATION_CONTEXT('2D SPACE',''
  ) );
#3228 = PCURVE('',#2306,#3229);
#3229 = DEFINITIONAL_REPRESENTATION('',(#3230),#3234);
#3230 = LINE('',#3231,#3232);
#3231 = CARTESIAN_POINT('',(-7.65,-188.25));
#3232 = VECTOR('',#3233,1.);
#3233 = DIRECTION('',(-1.,0.));
#3234 = ( GEOMETRIC_REPRESENTATION_CONTEXT(2) 
PARAMETRIC_REPRESENTATION_CONTEXT() REPRESENTATION_CONTEXT('2D SPACE',''
  ) );
#3235 = ORIENTED_EDGE('',*,*,#2267,.T.);
#3236 = ADVANCED_FACE('',(#3237),#343,.F.);
#3237 = FACE_BOUND('',#3238,.F.);
#3238 = EDGE_LOOP('',(#3239,#3240,#3263,#3291,#3319,#3347,#3370,#3391,
    #3392,#3393,#3394,#3417,#3440,#3462,#3485,#3513,#3541,#3569,#3597,
    #3625));
#3239 = ORIENTED_EDGE('',*,*,#549,.T.);
#3240 = ORIENTED_EDGE('',*,*,#3241,.T.);
#3241 = EDGE_CURVE('',#550,#3242,#3244,.T.);
#3242 = VERTEX_POINT('',#3243);
#3243 = CARTESIAN_POINT('',(122.8,221.,0.));
#3244 = SURFACE_CURVE('',#3245,(#3249,#3256),.PCURVE_S1.);
#3245 = LINE('',#3246,#3247);
#3246 = CARTESIAN_POINT('',(137.,221.,0.));
#3247 = VECTOR('',#3248,1.);
#3248 = DIRECTION('',(-1.,-0.,-0.));
#3249 = PCURVE('',#343,#3250);
#3250 = DEFINITIONAL_REPRESENTATION('',(#3251),#3255);
#3251 = LINE('',#3252,#3253);
#3252 = CARTESIAN_POINT('',(-76.,200.));
#3253 = VECTOR('',#3254,1.);
#3254 = DIRECTION('',(-1.,0.));
#3255 = ( GEOMETRIC_REPRESENTATION_CONTEXT(2) 
PARAMETRIC_REPRESENTATION_CONTEXT() REPRESENTATION_CONTEXT('2D SPACE',''
  ) );
#3256 = PCURVE('',#588,#3257);
#3257 = DEFINITIONAL_REPRESENTATION('',(#3258),#3262);
#3258 = LINE('',#3259,#3260);
#3259 = CARTESIAN_POINT('',(0.,76.));
#3260 = VECTOR('',#3261,1.);
#3261 = DIRECTION('',(-0.,1.));
#3262 = ( GEOMETRIC_REPRESENTATION_CONTEXT(2) 
PARAMETRIC_REPRESENTATION_CONTEXT() REPRESENTATION_CONTEXT('2D SPACE',''
  ) );
#3263 = ORIENTED_EDGE('',*,*,#3264,.F.);
#3264 = EDGE_CURVE('',#3265,#3242,#3267,.T.);
#3265 = VERTEX_POINT('',#3266);
#3266 = CARTESIAN_POINT('',(122.8,220.8,0.));
#3267 = SURFACE_CURVE('',#3268,(#3272,#3279),.PCURVE_S1.);
#3268 = LINE('',#3269,#3270);
#3269 = CARTESIAN_POINT('',(122.8,21.,0.));
#3270 = VECTOR('',#3271,1.);
#3271 = DIRECTION('',(-0.,1.,-0.));
#3272 = PCURVE('',#343,#3273);
#3273 = DEFINITIONAL_REPRESENTATION('',(#3274),#3278);
#3274 = LINE('',#3275,#3276);
#3275 = CARTESIAN_POINT('',(-90.2,0.));
#3276 = VECTOR('',#3277,1.);
#3277 = DIRECTION('',(0.,1.));
#3278 = ( GEOMETRIC_REPRESENTATION_CONTEXT(2) 
PARAMETRIC_REPRESENTATION_CONTEXT() REPRESENTATION_CONTEXT('2D SPACE',''
  ) );
#3279 = PCURVE('',#3280,#3285);
#3280 = PLANE('',#3281);
#3281 = AXIS2_PLACEMENT_3D('',#3282,#3283,#3284);
#3282 = CARTESIAN_POINT('',(122.8,21.,0.));
#3283 = DIRECTION('',(-1.,-0.,-0.));
#3284 = DIRECTION('',(0.,0.,-1.));
#3285 = DEFINITIONAL_REPRESENTATION('',(#3286),#3290);
#3286 = LINE('',#3287,#3288);
#3287 = CARTESIAN_POINT('',(0.,0.));
#3288 = VECTOR('',#3289,1.);
#3289 = DIRECTION('',(0.,-1.));
#3290 = ( GEOMETRIC_REPRESENTATION_CONTEXT(2) 
PARAMETRIC_REPRESENTATION_CONTEXT() REPRESENTATION_CONTEXT('2D SPACE',''
  ) );
#3291 = ORIENTED_EDGE('',*,*,#3292,.T.);
#3292 = EDGE_CURVE('',#3265,#3293,#3295,.T.);
#3293 = VERTEX_POINT('',#3294);
#3294 = CARTESIAN_POINT('',(115.,220.8,0.));
#3295 = SURFACE_CURVE('',#3296,(#3300,#3307),.PCURVE_S1.);
#3296 = LINE('',#3297,#3298);
#3297 = CARTESIAN_POINT('',(123.,220.8,0.));
#3298 = VECTOR('',#3299,1.);
#3299 = DIRECTION('',(-1.,-0.,-0.));
#3300 = PCURVE('',#343,#3301);
#3301 = DEFINITIONAL_REPRESENTATION('',(#3302),#3306);
#3302 = LINE('',#3303,#3304);
#3303 = CARTESIAN_POINT('',(-90.,199.8));
#3304 = VECTOR('',#3305,1.);
#3305 = DIRECTION('',(-1.,0.));
#3306 = ( GEOMETRIC_REPRESENTATION_CONTEXT(2) 
PARAMETRIC_REPRESENTATION_CONTEXT() REPRESENTATION_CONTEXT('2D SPACE',''
  ) );
#3307 = PCURVE('',#3308,#3313);
#3308 = PLANE('',#3309);
#3309 = AXIS2_PLACEMENT_3D('',#3310,#3311,#3312);
#3310 = CARTESIAN_POINT('',(123.,220.8,0.));
#3311 = DIRECTION('',(-0.,1.,-0.));
#3312 = DIRECTION('',(0.,0.,-1.));
#3313 = DEFINITIONAL_REPRESENTATION('',(#3314),#3318);
#3314 = LINE('',#3315,#3316);
#3315 = CARTESIAN_POINT('',(0.,-0.));
#3316 = VECTOR('',#3317,1.);
#3317 = DIRECTION('',(-0.,1.));
#3318 = ( GEOMETRIC_REPRESENTATION_CONTEXT(2) 
PARAMETRIC_REPRESENTATION_CONTEXT() REPRESENTATION_CONTEXT('2D SPACE',''
  ) );
#3319 = ORIENTED_EDGE('',*,*,#3320,.F.);
#3320 = EDGE_CURVE('',#3321,#3293,#3323,.T.);
#3321 = VERTEX_POINT('',#3322);
#3322 = CARTESIAN_POINT('',(115.,216.5,0.));
#3323 = SURFACE_CURVE('',#3324,(#3328,#3335),.PCURVE_S1.);
#3324 = LINE('',#3325,#3326);
#3325 = CARTESIAN_POINT('',(115.,216.5,0.));
#3326 = VECTOR('',#3327,1.);
#3327 = DIRECTION('',(-0.,1.,-0.));
#3328 = PCURVE('',#343,#3329);
#3329 = DEFINITIONAL_REPRESENTATION('',(#3330),#3334);
#3330 = LINE('',#3331,#3332);
#3331 = CARTESIAN_POINT('',(-98.,195.5));
#3332 = VECTOR('',#3333,1.);
#3333 = DIRECTION('',(0.,1.));
#3334 = ( GEOMETRIC_REPRESENTATION_CONTEXT(2) 
PARAMETRIC_REPRESENTATION_CONTEXT() REPRESENTATION_CONTEXT('2D SPACE',''
  ) );
#3335 = PCURVE('',#3336,#3341);
#3336 = PLANE('',#3337);
#3337 = AXIS2_PLACEMENT_3D('',#3338,#3339,#3340);
#3338 = CARTESIAN_POINT('',(115.,216.5,0.));
#3339 = DIRECTION('',(-1.,-0.,-0.));
#3340 = DIRECTION('',(0.,0.,-1.));
#3341 = DEFINITIONAL_REPRESENTATION('',(#3342),#3346);
#3342 = LINE('',#3343,#3344);
#3343 = CARTESIAN_POINT('',(0.,0.));
#3344 = VECTOR('',#3345,1.);
#3345 = DIRECTION('',(0.,-1.));
#3346 = ( GEOMETRIC_REPRESENTATION_CONTEXT(2) 
PARAMETRIC_REPRESENTATION_CONTEXT() REPRESENTATION_CONTEXT('2D SPACE',''
  ) );
#3347 = ORIENTED_EDGE('',*,*,#3348,.F.);
#3348 = EDGE_CURVE('',#3349,#3321,#3351,.T.);
#3349 = VERTEX_POINT('',#3350);
#3350 = CARTESIAN_POINT('',(116.,216.5,-5.551115123126E-17));
#3351 = SURFACE_CURVE('',#3352,(#3356,#3363),.PCURVE_S1.);
#3352 = LINE('',#3353,#3354);
#3353 = CARTESIAN_POINT('',(123.,216.5,0.));
#3354 = VECTOR('',#3355,1.);
#3355 = DIRECTION('',(-1.,-0.,-0.));
#3356 = PCURVE('',#343,#3357);
#3357 = DEFINITIONAL_REPRESENTATION('',(#3358),#3362);
#3358 = LINE('',#3359,#3360);
#3359 = CARTESIAN_POINT('',(-90.,195.5));
#3360 = VECTOR('',#3361,1.);
#3361 = DIRECTION('',(-1.,0.));
#3362 = ( GEOMETRIC_REPRESENTATION_CONTEXT(2) 
PARAMETRIC_REPRESENTATION_CONTEXT() REPRESENTATION_CONTEXT('2D SPACE',''
  ) );
#3363 = PCURVE('',#453,#3364);
#3364 = DEFINITIONAL_REPRESENTATION('',(#3365),#3369);
#3365 = LINE('',#3366,#3367);
#3366 = CARTESIAN_POINT('',(0.,-0.));
#3367 = VECTOR('',#3368,1.);
#3368 = DIRECTION('',(-0.,1.));
#3369 = ( GEOMETRIC_REPRESENTATION_CONTEXT(2) 
PARAMETRIC_REPRESENTATION_CONTEXT() REPRESENTATION_CONTEXT('2D SPACE',''
  ) );
#3370 = ORIENTED_EDGE('',*,*,#3371,.T.);
#3371 = EDGE_CURVE('',#3349,#2990,#3372,.T.);
#3372 = SURFACE_CURVE('',#3373,(#3377,#3384),.PCURVE_S1.);
#3373 = LINE('',#3374,#3375);
#3374 = CARTESIAN_POINT('',(116.,218.,-1.110223024625E-16));
#3375 = VECTOR('',#3376,1.);
#3376 = DIRECTION('',(-0.,-1.,-0.));
#3377 = PCURVE('',#343,#3378);
#3378 = DEFINITIONAL_REPRESENTATION('',(#3379),#3383);
#3379 = LINE('',#3380,#3381);
#3380 = CARTESIAN_POINT('',(-97.,197.));
#3381 = VECTOR('',#3382,1.);
#3382 = DIRECTION('',(0.,-1.));
#3383 = ( GEOMETRIC_REPRESENTATION_CONTEXT(2) 
PARAMETRIC_REPRESENTATION_CONTEXT() REPRESENTATION_CONTEXT('2D SPACE',''
  ) );
#3384 = PCURVE('',#3033,#3385);
#3385 = DEFINITIONAL_REPRESENTATION('',(#3386),#3390);
#3386 = LINE('',#3387,#3388);
#3387 = CARTESIAN_POINT('',(1.570796326795,0.));
#3388 = VECTOR('',#3389,1.);
#3389 = DIRECTION('',(0.,1.));
#3390 = ( GEOMETRIC_REPRESENTATION_CONTEXT(2) 
PARAMETRIC_REPRESENTATION_CONTEXT() REPRESENTATION_CONTEXT('2D SPACE',''
  ) );
#3391 = ORIENTED_EDGE('',*,*,#2989,.F.);
#3392 = ORIENTED_EDGE('',*,*,#330,.F.);
#3393 = ORIENTED_EDGE('',*,*,#3103,.F.);
#3394 = ORIENTED_EDGE('',*,*,#3395,.T.);
#3395 = EDGE_CURVE('',#3104,#3396,#3398,.T.);
#3396 = VERTEX_POINT('',#3397);
#3397 = CARTESIAN_POINT('',(116.,30.35,-1.110223024625E-16));
#3398 = SURFACE_CURVE('',#3399,(#3403,#3410),.PCURVE_S1.);
#3399 = LINE('',#3400,#3401);
#3400 = CARTESIAN_POINT('',(116.,218.,-1.110223024625E-16));
#3401 = VECTOR('',#3402,1.);
#3402 = DIRECTION('',(-0.,-1.,-0.));
#3403 = PCURVE('',#343,#3404);
#3404 = DEFINITIONAL_REPRESENTATION('',(#3405),#3409);
#3405 = LINE('',#3406,#3407);
#3406 = CARTESIAN_POINT('',(-97.,197.));
#3407 = VECTOR('',#3408,1.);
#3408 = DIRECTION('',(0.,-1.));
#3409 = ( GEOMETRIC_REPRESENTATION_CONTEXT(2) 
PARAMETRIC_REPRESENTATION_CONTEXT() REPRESENTATION_CONTEXT('2D SPACE',''
  ) );
#3410 = PCURVE('',#3147,#3411);
#3411 = DEFINITIONAL_REPRESENTATION('',(#3412),#3416);
#3412 = LINE('',#3413,#3414);
#3413 = CARTESIAN_POINT('',(1.570796326795,0.));
#3414 = VECTOR('',#3415,1.);
#3415 = DIRECTION('',(0.,1.));
#3416 = ( GEOMETRIC_REPRESENTATION_CONTEXT(2) 
PARAMETRIC_REPRESENTATION_CONTEXT() REPRESENTATION_CONTEXT('2D SPACE',''
  ) );
#3417 = ORIENTED_EDGE('',*,*,#3418,.F.);
#3418 = EDGE_CURVE('',#3419,#3396,#3421,.T.);
#3419 = VERTEX_POINT('',#3420);
#3420 = CARTESIAN_POINT('',(124.02885337484,30.35,3.552713678801E-15));
#3421 = SURFACE_CURVE('',#3422,(#3426,#3433),.PCURVE_S1.);
#3422 = LINE('',#3423,#3424);
#3423 = CARTESIAN_POINT('',(124.02885337484,30.35,3.552713678801E-15));
#3424 = VECTOR('',#3425,1.);
#3425 = DIRECTION('',(-1.,-6.637399226767E-16,-4.563211968403E-16));
#3426 = PCURVE('',#343,#3427);
#3427 = DEFINITIONAL_REPRESENTATION('',(#3428),#3432);
#3428 = LINE('',#3429,#3430);
#3429 = CARTESIAN_POINT('',(-88.97114662516,9.35));
#3430 = VECTOR('',#3431,1.);
#3431 = DIRECTION('',(-1.,-6.637399226767E-16));
#3432 = ( GEOMETRIC_REPRESENTATION_CONTEXT(2) 
PARAMETRIC_REPRESENTATION_CONTEXT() REPRESENTATION_CONTEXT('2D SPACE',''
  ) );
#3433 = PCURVE('',#2334,#3434);
#3434 = DEFINITIONAL_REPRESENTATION('',(#3435),#3439);
#3435 = LINE('',#3436,#3437);
#3436 = CARTESIAN_POINT('',(-17.5,9.02885337484));
#3437 = VECTOR('',#3438,1.);
#3438 = DIRECTION('',(-4.563211968403E-16,-1.));
#3439 = ( GEOMETRIC_REPRESENTATION_CONTEXT(2) 
PARAMETRIC_REPRESENTATION_CONTEXT() REPRESENTATION_CONTEXT('2D SPACE',''
  ) );
#3440 = ORIENTED_EDGE('',*,*,#3441,.F.);
#3441 = EDGE_CURVE('',#3442,#3419,#3444,.T.);
#3442 = VERTEX_POINT('',#3443);
#3443 = CARTESIAN_POINT('',(124.02885337484,25.75,3.552713678801E-15));
#3444 = SURFACE_CURVE('',#3445,(#3449,#3456),.PCURVE_S1.);
#3445 = LINE('',#3446,#3447);
#3446 = CARTESIAN_POINT('',(124.02885337484,25.75,0.));
#3447 = VECTOR('',#3448,1.);
#3448 = DIRECTION('',(0.,1.,0.));
#3449 = PCURVE('',#343,#3450);
#3450 = DEFINITIONAL_REPRESENTATION('',(#3451),#3455);
#3451 = LINE('',#3452,#3453);
#3452 = CARTESIAN_POINT('',(-88.97114662516,4.75));
#3453 = VECTOR('',#3454,1.);
#3454 = DIRECTION('',(0.,1.));
#3455 = ( GEOMETRIC_REPRESENTATION_CONTEXT(2) 
PARAMETRIC_REPRESENTATION_CONTEXT() REPRESENTATION_CONTEXT('2D SPACE',''
  ) );
#3456 = PCURVE('',#2362,#3457);
#3457 = DEFINITIONAL_REPRESENTATION('',(#3458),#3461);
#3458 = B_SPLINE_CURVE_WITH_KNOTS('',1,(#3459,#3460),.UNSPECIFIED.,.F.,
  .F.,(2,2),(0.,4.6),.PIECEWISE_BEZIER_KNOTS.);
#3459 = CARTESIAN_POINT('',(2.665278874976,0.));
#3460 = CARTESIAN_POINT('',(2.665278874976,4.6));
#3461 = ( GEOMETRIC_REPRESENTATION_CONTEXT(2) 
PARAMETRIC_REPRESENTATION_CONTEXT() REPRESENTATION_CONTEXT('2D SPACE',''
  ) );
#3462 = ORIENTED_EDGE('',*,*,#3463,.F.);
#3463 = EDGE_CURVE('',#3464,#3442,#3466,.T.);
#3464 = VERTEX_POINT('',#3465);
#3465 = CARTESIAN_POINT('',(116.,25.75,-1.110223024625E-16));
#3466 = SURFACE_CURVE('',#3467,(#3471,#3478),.PCURVE_S1.);
#3467 = LINE('',#3468,#3469);
#3468 = CARTESIAN_POINT('',(116.,25.75,-1.110223024625E-16));
#3469 = VECTOR('',#3470,1.);
#3470 = DIRECTION('',(1.,0.,4.563211968403E-16));
#3471 = PCURVE('',#343,#3472);
#3472 = DEFINITIONAL_REPRESENTATION('',(#3473),#3477);
#3473 = LINE('',#3474,#3475);
#3474 = CARTESIAN_POINT('',(-97.,4.75));
#3475 = VECTOR('',#3476,1.);
#3476 = DIRECTION('',(1.,0.));
#3477 = ( GEOMETRIC_REPRESENTATION_CONTEXT(2) 
PARAMETRIC_REPRESENTATION_CONTEXT() REPRESENTATION_CONTEXT('2D SPACE',''
  ) );
#3478 = PCURVE('',#2389,#3479);
#3479 = DEFINITIONAL_REPRESENTATION('',(#3480),#3484);
#3480 = LINE('',#3481,#3482);
#3481 = CARTESIAN_POINT('',(-17.5,1.));
#3482 = VECTOR('',#3483,1.);
#3483 = DIRECTION('',(4.563211968403E-16,1.));
#3484 = ( GEOMETRIC_REPRESENTATION_CONTEXT(2) 
PARAMETRIC_REPRESENTATION_CONTEXT() REPRESENTATION_CONTEXT('2D SPACE',''
  ) );
#3485 = ORIENTED_EDGE('',*,*,#3486,.T.);
#3486 = EDGE_CURVE('',#3464,#3487,#3489,.T.);
#3487 = VERTEX_POINT('',#3488);
#3488 = CARTESIAN_POINT('',(116.,25.5,-5.551115123126E-17));
#3489 = SURFACE_CURVE('',#3490,(#3494,#3501),.PCURVE_S1.);
#3490 = LINE('',#3491,#3492);
#3491 = CARTESIAN_POINT('',(116.,218.,-1.110223024625E-16));
#3492 = VECTOR('',#3493,1.);
#3493 = DIRECTION('',(-0.,-1.,-0.));
#3494 = PCURVE('',#343,#3495);
#3495 = DEFINITIONAL_REPRESENTATION('',(#3496),#3500);
#3496 = LINE('',#3497,#3498);
#3497 = CARTESIAN_POINT('',(-97.,197.));
#3498 = VECTOR('',#3499,1.);
#3499 = DIRECTION('',(0.,-1.));
#3500 = ( GEOMETRIC_REPRESENTATION_CONTEXT(2) 
PARAMETRIC_REPRESENTATION_CONTEXT() REPRESENTATION_CONTEXT('2D SPACE',''
  ) );
#3501 = PCURVE('',#3502,#3507);
#3502 = CYLINDRICAL_SURFACE('',#3503,0.8);
#3503 = AXIS2_PLACEMENT_3D('',#3504,#3505,#3506);
#3504 = CARTESIAN_POINT('',(116.,218.,0.8));
#3505 = DIRECTION('',(-0.,-1.,-0.));
#3506 = DIRECTION('',(-1.,0.,0.));
#3507 = DEFINITIONAL_REPRESENTATION('',(#3508),#3512);
#3508 = LINE('',#3509,#3510);
#3509 = CARTESIAN_POINT('',(1.570796326795,0.));
#3510 = VECTOR('',#3511,1.);
#3511 = DIRECTION('',(0.,1.));
#3512 = ( GEOMETRIC_REPRESENTATION_CONTEXT(2) 
PARAMETRIC_REPRESENTATION_CONTEXT() REPRESENTATION_CONTEXT('2D SPACE',''
  ) );
#3513 = ORIENTED_EDGE('',*,*,#3514,.T.);
#3514 = EDGE_CURVE('',#3487,#3515,#3517,.T.);
#3515 = VERTEX_POINT('',#3516);
#3516 = CARTESIAN_POINT('',(115.,25.5,0.));
#3517 = SURFACE_CURVE('',#3518,(#3522,#3529),.PCURVE_S1.);
#3518 = LINE('',#3519,#3520);
#3519 = CARTESIAN_POINT('',(123.,25.5,0.));
#3520 = VECTOR('',#3521,1.);
#3521 = DIRECTION('',(-1.,-0.,-0.));
#3522 = PCURVE('',#343,#3523);
#3523 = DEFINITIONAL_REPRESENTATION('',(#3524),#3528);
#3524 = LINE('',#3525,#3526);
#3525 = CARTESIAN_POINT('',(-90.,4.5));
#3526 = VECTOR('',#3527,1.);
#3527 = DIRECTION('',(-1.,0.));
#3528 = ( GEOMETRIC_REPRESENTATION_CONTEXT(2) 
PARAMETRIC_REPRESENTATION_CONTEXT() REPRESENTATION_CONTEXT('2D SPACE',''
  ) );
#3529 = PCURVE('',#3530,#3535);
#3530 = PLANE('',#3531);
#3531 = AXIS2_PLACEMENT_3D('',#3532,#3533,#3534);
#3532 = CARTESIAN_POINT('',(123.,25.5,0.));
#3533 = DIRECTION('',(-0.,1.,-0.));
#3534 = DIRECTION('',(0.,0.,-1.));
#3535 = DEFINITIONAL_REPRESENTATION('',(#3536),#3540);
#3536 = LINE('',#3537,#3538);
#3537 = CARTESIAN_POINT('',(0.,-0.));
#3538 = VECTOR('',#3539,1.);
#3539 = DIRECTION('',(-0.,1.));
#3540 = ( GEOMETRIC_REPRESENTATION_CONTEXT(2) 
PARAMETRIC_REPRESENTATION_CONTEXT() REPRESENTATION_CONTEXT('2D SPACE',''
  ) );
#3541 = ORIENTED_EDGE('',*,*,#3542,.F.);
#3542 = EDGE_CURVE('',#3543,#3515,#3545,.T.);
#3543 = VERTEX_POINT('',#3544);
#3544 = CARTESIAN_POINT('',(115.,21.2,0.));
#3545 = SURFACE_CURVE('',#3546,(#3550,#3557),.PCURVE_S1.);
#3546 = LINE('',#3547,#3548);
#3547 = CARTESIAN_POINT('',(115.,21.2,0.));
#3548 = VECTOR('',#3549,1.);
#3549 = DIRECTION('',(-0.,1.,-0.));
#3550 = PCURVE('',#343,#3551);
#3551 = DEFINITIONAL_REPRESENTATION('',(#3552),#3556);
#3552 = LINE('',#3553,#3554);
#3553 = CARTESIAN_POINT('',(-98.,0.2));
#3554 = VECTOR('',#3555,1.);
#3555 = DIRECTION('',(0.,1.));
#3556 = ( GEOMETRIC_REPRESENTATION_CONTEXT(2) 
PARAMETRIC_REPRESENTATION_CONTEXT() REPRESENTATION_CONTEXT('2D SPACE',''
  ) );
#3557 = PCURVE('',#3558,#3563);
#3558 = PLANE('',#3559);
#3559 = AXIS2_PLACEMENT_3D('',#3560,#3561,#3562);
#3560 = CARTESIAN_POINT('',(115.,21.2,0.));
#3561 = DIRECTION('',(-1.,-0.,-0.));
#3562 = DIRECTION('',(0.,0.,-1.));
#3563 = DEFINITIONAL_REPRESENTATION('',(#3564),#3568);
#3564 = LINE('',#3565,#3566);
#3565 = CARTESIAN_POINT('',(0.,0.));
#3566 = VECTOR('',#3567,1.);
#3567 = DIRECTION('',(0.,-1.));
#3568 = ( GEOMETRIC_REPRESENTATION_CONTEXT(2) 
PARAMETRIC_REPRESENTATION_CONTEXT() REPRESENTATION_CONTEXT('2D SPACE',''
  ) );
#3569 = ORIENTED_EDGE('',*,*,#3570,.F.);
#3570 = EDGE_CURVE('',#3571,#3543,#3573,.T.);
#3571 = VERTEX_POINT('',#3572);
#3572 = CARTESIAN_POINT('',(122.8,21.2,0.));
#3573 = SURFACE_CURVE('',#3574,(#3578,#3585),.PCURVE_S1.);
#3574 = LINE('',#3575,#3576);
#3575 = CARTESIAN_POINT('',(123.,21.2,0.));
#3576 = VECTOR('',#3577,1.);
#3577 = DIRECTION('',(-1.,-0.,-0.));
#3578 = PCURVE('',#343,#3579);
#3579 = DEFINITIONAL_REPRESENTATION('',(#3580),#3584);
#3580 = LINE('',#3581,#3582);
#3581 = CARTESIAN_POINT('',(-90.,0.2));
#3582 = VECTOR('',#3583,1.);
#3583 = DIRECTION('',(-1.,0.));
#3584 = ( GEOMETRIC_REPRESENTATION_CONTEXT(2) 
PARAMETRIC_REPRESENTATION_CONTEXT() REPRESENTATION_CONTEXT('2D SPACE',''
  ) );
#3585 = PCURVE('',#3586,#3591);
#3586 = PLANE('',#3587);
#3587 = AXIS2_PLACEMENT_3D('',#3588,#3589,#3590);
#3588 = CARTESIAN_POINT('',(123.,21.2,0.));
#3589 = DIRECTION('',(-0.,1.,-0.));
#3590 = DIRECTION('',(0.,0.,-1.));
#3591 = DEFINITIONAL_REPRESENTATION('',(#3592),#3596);
#3592 = LINE('',#3593,#3594);
#3593 = CARTESIAN_POINT('',(0.,-0.));
#3594 = VECTOR('',#3595,1.);
#3595 = DIRECTION('',(-0.,1.));
#3596 = ( GEOMETRIC_REPRESENTATION_CONTEXT(2) 
PARAMETRIC_REPRESENTATION_CONTEXT() REPRESENTATION_CONTEXT('2D SPACE',''
  ) );
#3597 = ORIENTED_EDGE('',*,*,#3598,.F.);
#3598 = EDGE_CURVE('',#3599,#3571,#3601,.T.);
#3599 = VERTEX_POINT('',#3600);
#3600 = CARTESIAN_POINT('',(122.8,21.,0.));
#3601 = SURFACE_CURVE('',#3602,(#3606,#3613),.PCURVE_S1.);
#3602 = LINE('',#3603,#3604);
#3603 = CARTESIAN_POINT('',(122.8,21.,0.));
#3604 = VECTOR('',#3605,1.);
#3605 = DIRECTION('',(-0.,1.,-0.));
#3606 = PCURVE('',#343,#3607);
#3607 = DEFINITIONAL_REPRESENTATION('',(#3608),#3612);
#3608 = LINE('',#3609,#3610);
#3609 = CARTESIAN_POINT('',(-90.2,0.));
#3610 = VECTOR('',#3611,1.);
#3611 = DIRECTION('',(0.,1.));
#3612 = ( GEOMETRIC_REPRESENTATION_CONTEXT(2) 
PARAMETRIC_REPRESENTATION_CONTEXT() REPRESENTATION_CONTEXT('2D SPACE',''
  ) );
#3613 = PCURVE('',#3614,#3619);
#3614 = PLANE('',#3615);
#3615 = AXIS2_PLACEMENT_3D('',#3616,#3617,#3618);
#3616 = CARTESIAN_POINT('',(122.8,21.,0.));
#3617 = DIRECTION('',(-1.,-0.,-0.));
#3618 = DIRECTION('',(0.,0.,-1.));
#3619 = DEFINITIONAL_REPRESENTATION('',(#3620),#3624);
#3620 = LINE('',#3621,#3622);
#3621 = CARTESIAN_POINT('',(0.,0.));
#3622 = VECTOR('',#3623,1.);
#3623 = DIRECTION('',(0.,-1.));
#3624 = ( GEOMETRIC_REPRESENTATION_CONTEXT(2) 
PARAMETRIC_REPRESENTATION_CONTEXT() REPRESENTATION_CONTEXT('2D SPACE',''
  ) );
#3625 = ORIENTED_EDGE('',*,*,#3626,.F.);
#3626 = EDGE_CURVE('',#522,#3599,#3627,.T.);
#3627 = SURFACE_CURVE('',#3628,(#3632,#3639),.PCURVE_S1.);
#3628 = LINE('',#3629,#3630);
#3629 = CARTESIAN_POINT('',(137.,21.,0.));
#3630 = VECTOR('',#3631,1.);
#3631 = DIRECTION('',(-1.,-0.,-0.));
#3632 = PCURVE('',#343,#3633);
#3633 = DEFINITIONAL_REPRESENTATION('',(#3634),#3638);
#3634 = LINE('',#3635,#3636);
#3635 = CARTESIAN_POINT('',(-76.,0.));
#3636 = VECTOR('',#3637,1.);
#3637 = DIRECTION('',(-1.,0.));
#3638 = ( GEOMETRIC_REPRESENTATION_CONTEXT(2) 
PARAMETRIC_REPRESENTATION_CONTEXT() REPRESENTATION_CONTEXT('2D SPACE',''
  ) );
#3639 = PCURVE('',#537,#3640);
#3640 = DEFINITIONAL_REPRESENTATION('',(#3641),#3645);
#3641 = LINE('',#3642,#3643);
#3642 = CARTESIAN_POINT('',(0.,76.));
#3643 = VECTOR('',#3644,1.);
#3644 = DIRECTION('',(-0.,1.));
#3645 = ( GEOMETRIC_REPRESENTATION_CONTEXT(2) 
PARAMETRIC_REPRESENTATION_CONTEXT() REPRESENTATION_CONTEXT('2D SPACE',''
  ) );
#3646 = ADVANCED_FACE('',(#3647),#481,.T.);
#3647 = FACE_BOUND('',#3648,.F.);
#3648 = EDGE_LOOP('',(#3649,#3650,#3651,#3674));
#3649 = ORIENTED_EDGE('',*,*,#465,.F.);
#3650 = ORIENTED_EDGE('',*,*,#2964,.F.);
#3651 = ORIENTED_EDGE('',*,*,#3652,.T.);
#3652 = EDGE_CURVE('',#2965,#3653,#3655,.T.);
#3653 = VERTEX_POINT('',#3654);
#3654 = CARTESIAN_POINT('',(120.6,216.5,11.5));
#3655 = SURFACE_CURVE('',#3656,(#3660,#3667),.PCURVE_S1.);
#3656 = LINE('',#3657,#3658);
#3657 = CARTESIAN_POINT('',(120.6,211.7,11.5));
#3658 = VECTOR('',#3659,1.);
#3659 = DIRECTION('',(-0.,1.,-0.));
#3660 = PCURVE('',#481,#3661);
#3661 = DEFINITIONAL_REPRESENTATION('',(#3662),#3666);
#3662 = LINE('',#3663,#3664);
#3663 = CARTESIAN_POINT('',(0.,0.));
#3664 = VECTOR('',#3665,1.);
#3665 = DIRECTION('',(0.,-1.));
#3666 = ( GEOMETRIC_REPRESENTATION_CONTEXT(2) 
PARAMETRIC_REPRESENTATION_CONTEXT() REPRESENTATION_CONTEXT('2D SPACE',''
  ) );
#3667 = PCURVE('',#3087,#3668);
#3668 = DEFINITIONAL_REPRESENTATION('',(#3669),#3673);
#3669 = LINE('',#3670,#3671);
#3670 = CARTESIAN_POINT('',(-93.4,191.7));
#3671 = VECTOR('',#3672,1.);
#3672 = DIRECTION('',(0.,1.));
#3673 = ( GEOMETRIC_REPRESENTATION_CONTEXT(2) 
PARAMETRIC_REPRESENTATION_CONTEXT() REPRESENTATION_CONTEXT('2D SPACE',''
  ) );
#3674 = ORIENTED_EDGE('',*,*,#3675,.F.);
#3675 = EDGE_CURVE('',#438,#3653,#3676,.T.);
#3676 = SURFACE_CURVE('',#3677,(#3681,#3688),.PCURVE_S1.);
#3677 = LINE('',#3678,#3679);
#3678 = CARTESIAN_POINT('',(120.6,216.5,5.75));
#3679 = VECTOR('',#3680,1.);
#3680 = DIRECTION('',(0.,0.,-1.));
#3681 = PCURVE('',#481,#3682);
#3682 = DEFINITIONAL_REPRESENTATION('',(#3683),#3687);
#3683 = LINE('',#3684,#3685);
#3684 = CARTESIAN_POINT('',(5.75,-4.8));
#3685 = VECTOR('',#3686,1.);
#3686 = DIRECTION('',(1.,0.));
#3687 = ( GEOMETRIC_REPRESENTATION_CONTEXT(2) 
PARAMETRIC_REPRESENTATION_CONTEXT() REPRESENTATION_CONTEXT('2D SPACE',''
  ) );
#3688 = PCURVE('',#453,#3689);
#3689 = DEFINITIONAL_REPRESENTATION('',(#3690),#3694);
#3690 = LINE('',#3691,#3692);
#3691 = CARTESIAN_POINT('',(-5.75,2.4));
#3692 = VECTOR('',#3693,1.);
#3693 = DIRECTION('',(1.,0.));
#3694 = ( GEOMETRIC_REPRESENTATION_CONTEXT(2) 
PARAMETRIC_REPRESENTATION_CONTEXT() REPRESENTATION_CONTEXT('2D SPACE',''
  ) );
#3695 = ADVANCED_FACE('',(#3696,#3878),#453,.F.);
#3696 = FACE_BOUND('',#3697,.T.);
#3697 = EDGE_LOOP('',(#3698,#3699,#3727,#3750,#3771,#3772,#3773,#3796,
    #3824,#3857));
#3698 = ORIENTED_EDGE('',*,*,#3348,.F.);
#3699 = ORIENTED_EDGE('',*,*,#3700,.F.);
#3700 = EDGE_CURVE('',#3701,#3349,#3703,.T.);
#3701 = VERTEX_POINT('',#3702);
#3702 = CARTESIAN_POINT('',(115.2,216.5,0.8));
#3703 = SURFACE_CURVE('',#3704,(#3709,#3720),.PCURVE_S1.);
#3704 = CIRCLE('',#3705,0.8);
#3705 = AXIS2_PLACEMENT_3D('',#3706,#3707,#3708);
#3706 = CARTESIAN_POINT('',(116.,216.5,0.8));
#3707 = DIRECTION('',(-0.,-1.,-0.));
#3708 = DIRECTION('',(-1.,0.,0.));
#3709 = PCURVE('',#453,#3710);
#3710 = DEFINITIONAL_REPRESENTATION('',(#3711),#3719);
#3711 = ( BOUNDED_CURVE() B_SPLINE_CURVE(2,(#3712,#3713,#3714,#3715,
#3716,#3717,#3718),.UNSPECIFIED.,.T.,.F.) B_SPLINE_CURVE_WITH_KNOTS((1,2
    ,2,2,2,1),(-2.094395102393,0.,2.094395102393,4.188790204786,
6.28318530718,8.377580409573),.UNSPECIFIED.) CURVE() 
GEOMETRIC_REPRESENTATION_ITEM() RATIONAL_B_SPLINE_CURVE((1.,0.5,1.,0.5,
1.,0.5,1.)) REPRESENTATION_ITEM('') );
#3712 = CARTESIAN_POINT('',(-0.8,7.8));
#3713 = CARTESIAN_POINT('',(0.585640646055,7.8));
#3714 = CARTESIAN_POINT('',(-0.107179676972,6.6));
#3715 = CARTESIAN_POINT('',(-0.8,5.4));
#3716 = CARTESIAN_POINT('',(-1.492820323028,6.6));
#3717 = CARTESIAN_POINT('',(-2.185640646055,7.8));
#3718 = CARTESIAN_POINT('',(-0.8,7.8));
#3719 = ( GEOMETRIC_REPRESENTATION_CONTEXT(2) 
PARAMETRIC_REPRESENTATION_CONTEXT() REPRESENTATION_CONTEXT('2D SPACE',''
  ) );
#3720 = PCURVE('',#3033,#3721);
#3721 = DEFINITIONAL_REPRESENTATION('',(#3722),#3726);
#3722 = LINE('',#3723,#3724);
#3723 = CARTESIAN_POINT('',(0.,1.5));
#3724 = VECTOR('',#3725,1.);
#3725 = DIRECTION('',(1.,0.));
#3726 = ( GEOMETRIC_REPRESENTATION_CONTEXT(2) 
PARAMETRIC_REPRESENTATION_CONTEXT() REPRESENTATION_CONTEXT('2D SPACE',''
  ) );
#3727 = ORIENTED_EDGE('',*,*,#3728,.F.);
#3728 = EDGE_CURVE('',#3729,#3701,#3731,.T.);
#3729 = VERTEX_POINT('',#3730);
#3730 = CARTESIAN_POINT('',(115.2,216.5,11.5));
#3731 = SURFACE_CURVE('',#3732,(#3736,#3743),.PCURVE_S1.);
#3732 = LINE('',#3733,#3734);
#3733 = CARTESIAN_POINT('',(115.2,216.5,0.));
#3734 = VECTOR('',#3735,1.);
#3735 = DIRECTION('',(0.,0.,-1.));
#3736 = PCURVE('',#453,#3737);
#3737 = DEFINITIONAL_REPRESENTATION('',(#3738),#3742);
#3738 = LINE('',#3739,#3740);
#3739 = CARTESIAN_POINT('',(0.,7.8));
#3740 = VECTOR('',#3741,1.);
#3741 = DIRECTION('',(1.,0.));
#3742 = ( GEOMETRIC_REPRESENTATION_CONTEXT(2) 
PARAMETRIC_REPRESENTATION_CONTEXT() REPRESENTATION_CONTEXT('2D SPACE',''
  ) );
#3743 = PCURVE('',#3061,#3744);
#3744 = DEFINITIONAL_REPRESENTATION('',(#3745),#3749);
#3745 = LINE('',#3746,#3747);
#3746 = CARTESIAN_POINT('',(0.,-195.5));
#3747 = VECTOR('',#3748,1.);
#3748 = DIRECTION('',(1.,0.));
#3749 = ( GEOMETRIC_REPRESENTATION_CONTEXT(2) 
PARAMETRIC_REPRESENTATION_CONTEXT() REPRESENTATION_CONTEXT('2D SPACE',''
  ) );
#3750 = ORIENTED_EDGE('',*,*,#3751,.F.);
#3751 = EDGE_CURVE('',#3653,#3729,#3752,.T.);
#3752 = SURFACE_CURVE('',#3753,(#3757,#3764),.PCURVE_S1.);
#3753 = LINE('',#3754,#3755);
#3754 = CARTESIAN_POINT('',(168.5,216.5,11.5));
#3755 = VECTOR('',#3756,1.);
#3756 = DIRECTION('',(-1.,-0.,-0.));
#3757 = PCURVE('',#453,#3758);
#3758 = DEFINITIONAL_REPRESENTATION('',(#3759),#3763);
#3759 = LINE('',#3760,#3761);
#3760 = CARTESIAN_POINT('',(-11.5,-45.5));
#3761 = VECTOR('',#3762,1.);
#3762 = DIRECTION('',(-0.,1.));
#3763 = ( GEOMETRIC_REPRESENTATION_CONTEXT(2) 
PARAMETRIC_REPRESENTATION_CONTEXT() REPRESENTATION_CONTEXT('2D SPACE',''
  ) );
#3764 = PCURVE('',#3087,#3765);
#3765 = DEFINITIONAL_REPRESENTATION('',(#3766),#3770);
#3766 = LINE('',#3767,#3768);
#3767 = CARTESIAN_POINT('',(-45.5,196.5));
#3768 = VECTOR('',#3769,1.);
#3769 = DIRECTION('',(-1.,0.));
#3770 = ( GEOMETRIC_REPRESENTATION_CONTEXT(2) 
PARAMETRIC_REPRESENTATION_CONTEXT() REPRESENTATION_CONTEXT('2D SPACE',''
  ) );
#3771 = ORIENTED_EDGE('',*,*,#3675,.F.);
#3772 = ORIENTED_EDGE('',*,*,#437,.F.);
#3773 = ORIENTED_EDGE('',*,*,#3774,.T.);
#3774 = EDGE_CURVE('',#410,#3775,#3777,.T.);
#3775 = VERTEX_POINT('',#3776);
#3776 = CARTESIAN_POINT('',(123.,216.5,17.5));
#3777 = SURFACE_CURVE('',#3778,(#3782,#3789),.PCURVE_S1.);
#3778 = LINE('',#3779,#3780);
#3779 = CARTESIAN_POINT('',(123.,216.5,0.));
#3780 = VECTOR('',#3781,1.);
#3781 = DIRECTION('',(-0.,-0.,1.));
#3782 = PCURVE('',#453,#3783);
#3783 = DEFINITIONAL_REPRESENTATION('',(#3784),#3788);
#3784 = LINE('',#3785,#3786);
#3785 = CARTESIAN_POINT('',(0.,-0.));
#3786 = VECTOR('',#3787,1.);
#3787 = DIRECTION('',(-1.,0.));
#3788 = ( GEOMETRIC_REPRESENTATION_CONTEXT(2) 
PARAMETRIC_REPRESENTATION_CONTEXT() REPRESENTATION_CONTEXT('2D SPACE',''
  ) );
#3789 = PCURVE('',#425,#3790);
#3790 = DEFINITIONAL_REPRESENTATION('',(#3791),#3795);
#3791 = LINE('',#3792,#3793);
#3792 = CARTESIAN_POINT('',(0.,0.));
#3793 = VECTOR('',#3794,1.);
#3794 = DIRECTION('',(-1.,0.));
#3795 = ( GEOMETRIC_REPRESENTATION_CONTEXT(2) 
PARAMETRIC_REPRESENTATION_CONTEXT() REPRESENTATION_CONTEXT('2D SPACE',''
  ) );
#3796 = ORIENTED_EDGE('',*,*,#3797,.T.);
#3797 = EDGE_CURVE('',#3775,#3798,#3800,.T.);
#3798 = VERTEX_POINT('',#3799);
#3799 = CARTESIAN_POINT('',(119.1,216.5,17.5));
#3800 = SURFACE_CURVE('',#3801,(#3805,#3812),.PCURVE_S1.);
#3801 = LINE('',#3802,#3803);
#3802 = CARTESIAN_POINT('',(123.,216.5,17.5));
#3803 = VECTOR('',#3804,1.);
#3804 = DIRECTION('',(-1.,-0.,-0.));
#3805 = PCURVE('',#453,#3806);
#3806 = DEFINITIONAL_REPRESENTATION('',(#3807),#3811);
#3807 = LINE('',#3808,#3809);
#3808 = CARTESIAN_POINT('',(-17.5,-0.));
#3809 = VECTOR('',#3810,1.);
#3810 = DIRECTION('',(-0.,1.));
#3811 = ( GEOMETRIC_REPRESENTATION_CONTEXT(2) 
PARAMETRIC_REPRESENTATION_CONTEXT() REPRESENTATION_CONTEXT('2D SPACE',''
  ) );
#3812 = PCURVE('',#3813,#3818);
#3813 = PLANE('',#3814);
#3814 = AXIS2_PLACEMENT_3D('',#3815,#3816,#3817);
#3815 = CARTESIAN_POINT('',(123.,216.5,17.5));
#3816 = DIRECTION('',(-0.,-0.,1.));
#3817 = DIRECTION('',(1.,0.,0.));
#3818 = DEFINITIONAL_REPRESENTATION('',(#3819),#3823);
#3819 = LINE('',#3820,#3821);
#3820 = CARTESIAN_POINT('',(0.,0.));
#3821 = VECTOR('',#3822,1.);
#3822 = DIRECTION('',(-1.,0.));
#3823 = ( GEOMETRIC_REPRESENTATION_CONTEXT(2) 
PARAMETRIC_REPRESENTATION_CONTEXT() REPRESENTATION_CONTEXT('2D SPACE',''
  ) );
#3824 = ORIENTED_EDGE('',*,*,#3825,.T.);
#3825 = EDGE_CURVE('',#3798,#3826,#3828,.T.);
#3826 = VERTEX_POINT('',#3827);
#3827 = CARTESIAN_POINT('',(115.,216.5,13.4));
#3828 = SURFACE_CURVE('',#3829,(#3834,#3845),.PCURVE_S1.);
#3829 = CIRCLE('',#3830,4.1);
#3830 = AXIS2_PLACEMENT_3D('',#3831,#3832,#3833);
#3831 = CARTESIAN_POINT('',(115.,216.5,17.5));
#3832 = DIRECTION('',(0.,-1.,0.));
#3833 = DIRECTION('',(1.,0.,-3.119455913093E-14));
#3834 = PCURVE('',#453,#3835);
#3835 = DEFINITIONAL_REPRESENTATION('',(#3836),#3844);
#3836 = ( BOUNDED_CURVE() B_SPLINE_CURVE(2,(#3837,#3838,#3839,#3840,
#3841,#3842,#3843),.UNSPECIFIED.,.T.,.F.) B_SPLINE_CURVE_WITH_KNOTS((1,2
    ,2,2,2,1),(-2.094395102393,0.,2.094395102393,4.188790204786,
6.28318530718,8.377580409573),.UNSPECIFIED.) CURVE() 
GEOMETRIC_REPRESENTATION_ITEM() RATIONAL_B_SPLINE_CURVE((1.,0.5,1.,0.5,
1.,0.5,1.)) REPRESENTATION_ITEM('') );
#3837 = CARTESIAN_POINT('',(-17.5,3.9));
#3838 = CARTESIAN_POINT('',(-24.60140831103,3.9));
#3839 = CARTESIAN_POINT('',(-21.05070415551,10.05));
#3840 = CARTESIAN_POINT('',(-17.5,16.2));
#3841 = CARTESIAN_POINT('',(-13.94929584448,10.05));
#3842 = CARTESIAN_POINT('',(-10.39859168896,3.9));
#3843 = CARTESIAN_POINT('',(-17.5,3.9));
#3844 = ( GEOMETRIC_REPRESENTATION_CONTEXT(2) 
PARAMETRIC_REPRESENTATION_CONTEXT() REPRESENTATION_CONTEXT('2D SPACE',''
  ) );
#3845 = PCURVE('',#3846,#3851);
#3846 = TOROIDAL_SURFACE('',#3847,4.1,0.4);
#3847 = AXIS2_PLACEMENT_3D('',#3848,#3849,#3850);
#3848 = CARTESIAN_POINT('',(115.,216.9,17.5));
#3849 = DIRECTION('',(-0.,-1.,-0.));
#3850 = DIRECTION('',(0.,-0.,1.));
#3851 = DEFINITIONAL_REPRESENTATION('',(#3852),#3856);
#3852 = LINE('',#3853,#3854);
#3853 = CARTESIAN_POINT('',(-1.570796326795,1.570796326795));
#3854 = VECTOR('',#3855,1.);
#3855 = DIRECTION('',(1.,-0.));
#3856 = ( GEOMETRIC_REPRESENTATION_CONTEXT(2) 
PARAMETRIC_REPRESENTATION_CONTEXT() REPRESENTATION_CONTEXT('2D SPACE',''
  ) );
#3857 = ORIENTED_EDGE('',*,*,#3858,.F.);
#3858 = EDGE_CURVE('',#3321,#3826,#3859,.T.);
#3859 = SURFACE_CURVE('',#3860,(#3864,#3871),.PCURVE_S1.);
#3860 = LINE('',#3861,#3862);
#3861 = CARTESIAN_POINT('',(115.,216.5,0.));
#3862 = VECTOR('',#3863,1.);
#3863 = DIRECTION('',(-0.,-0.,1.));
#3864 = PCURVE('',#453,#3865);
#3865 = DEFINITIONAL_REPRESENTATION('',(#3866),#3870);
#3866 = LINE('',#3867,#3868);
#3867 = CARTESIAN_POINT('',(0.,8.));
#3868 = VECTOR('',#3869,1.);
#3869 = DIRECTION('',(-1.,0.));
#3870 = ( GEOMETRIC_REPRESENTATION_CONTEXT(2) 
PARAMETRIC_REPRESENTATION_CONTEXT() REPRESENTATION_CONTEXT('2D SPACE',''
  ) );
#3871 = PCURVE('',#3336,#3872);
#3872 = DEFINITIONAL_REPRESENTATION('',(#3873),#3877);
#3873 = LINE('',#3874,#3875);
#3874 = CARTESIAN_POINT('',(0.,0.));
#3875 = VECTOR('',#3876,1.);
#3876 = DIRECTION('',(-1.,0.));
#3877 = ( GEOMETRIC_REPRESENTATION_CONTEXT(2) 
PARAMETRIC_REPRESENTATION_CONTEXT() REPRESENTATION_CONTEXT('2D SPACE',''
  ) );
#3878 = FACE_BOUND('',#3879,.T.);
#3879 = EDGE_LOOP('',(#3880));
#3880 = ORIENTED_EDGE('',*,*,#3881,.T.);
#3881 = EDGE_CURVE('',#3882,#3882,#3884,.T.);
#3882 = VERTEX_POINT('',#3883);
#3883 = CARTESIAN_POINT('',(115.,216.5,19.5));
#3884 = SURFACE_CURVE('',#3885,(#3890,#3897),.PCURVE_S1.);
#3885 = CIRCLE('',#3886,2.);
#3886 = AXIS2_PLACEMENT_3D('',#3887,#3888,#3889);
#3887 = CARTESIAN_POINT('',(115.,216.5,17.5));
#3888 = DIRECTION('',(0.,1.,0.));
#3889 = DIRECTION('',(0.,-0.,1.));
#3890 = PCURVE('',#453,#3891);
#3891 = DEFINITIONAL_REPRESENTATION('',(#3892),#3896);
#3892 = CIRCLE('',#3893,2.);
#3893 = AXIS2_PLACEMENT_2D('',#3894,#3895);
#3894 = CARTESIAN_POINT('',(-17.5,8.));
#3895 = DIRECTION('',(-1.,0.));
#3896 = ( GEOMETRIC_REPRESENTATION_CONTEXT(2) 
PARAMETRIC_REPRESENTATION_CONTEXT() REPRESENTATION_CONTEXT('2D SPACE',''
  ) );
#3897 = PCURVE('',#3898,#3903);
#3898 = CYLINDRICAL_SURFACE('',#3899,2.);
#3899 = AXIS2_PLACEMENT_3D('',#3900,#3901,#3902);
#3900 = CARTESIAN_POINT('',(115.,214.6,17.5));
#3901 = DIRECTION('',(0.,1.,0.));
#3902 = DIRECTION('',(0.,-0.,1.));
#3903 = DEFINITIONAL_REPRESENTATION('',(#3904),#3908);
#3904 = LINE('',#3905,#3906);
#3905 = CARTESIAN_POINT('',(0.,1.9));
#3906 = VECTOR('',#3907,1.);
#3907 = DIRECTION('',(1.,0.));
#3908 = ( GEOMETRIC_REPRESENTATION_CONTEXT(2) 
PARAMETRIC_REPRESENTATION_CONTEXT() REPRESENTATION_CONTEXT('2D SPACE',''
  ) );
#3909 = ADVANCED_FACE('',(#3910),#425,.F.);
#3910 = FACE_BOUND('',#3911,.T.);
#3911 = EDGE_LOOP('',(#3912,#3913,#3914,#3938,#3961));
#3912 = ORIENTED_EDGE('',*,*,#3774,.F.);
#3913 = ORIENTED_EDGE('',*,*,#409,.F.);
#3914 = ORIENTED_EDGE('',*,*,#3915,.T.);
#3915 = EDGE_CURVE('',#382,#3916,#3918,.T.);
#3916 = VERTEX_POINT('',#3917);
#3917 = CARTESIAN_POINT('',(123.,220.8,16.729150262223));
#3918 = SURFACE_CURVE('',#3919,(#3924,#3931),.PCURVE_S1.);
#3919 = CIRCLE('',#3920,0.8);
#3920 = AXIS2_PLACEMENT_3D('',#3921,#3922,#3923);
#3921 = CARTESIAN_POINT('',(123.,220.2,16.2));
#3922 = DIRECTION('',(-1.,0.,0.));
#3923 = DIRECTION('',(0.,0.,1.));
#3924 = PCURVE('',#425,#3925);
#3925 = DEFINITIONAL_REPRESENTATION('',(#3926),#3930);
#3926 = CIRCLE('',#3927,0.8);
#3927 = AXIS2_PLACEMENT_2D('',#3928,#3929);
#3928 = CARTESIAN_POINT('',(-16.2,-3.7));
#3929 = DIRECTION('',(-1.,0.));
#3930 = ( GEOMETRIC_REPRESENTATION_CONTEXT(2) 
PARAMETRIC_REPRESENTATION_CONTEXT() REPRESENTATION_CONTEXT('2D SPACE',''
  ) );
#3931 = PCURVE('',#397,#3932);
#3932 = DEFINITIONAL_REPRESENTATION('',(#3933),#3937);
#3933 = LINE('',#3934,#3935);
#3934 = CARTESIAN_POINT('',(0.,87.));
#3935 = VECTOR('',#3936,1.);
#3936 = DIRECTION('',(1.,0.));
#3937 = ( GEOMETRIC_REPRESENTATION_CONTEXT(2) 
PARAMETRIC_REPRESENTATION_CONTEXT() REPRESENTATION_CONTEXT('2D SPACE',''
  ) );
#3938 = ORIENTED_EDGE('',*,*,#3939,.T.);
#3939 = EDGE_CURVE('',#3916,#3940,#3942,.T.);
#3940 = VERTEX_POINT('',#3941);
#3941 = CARTESIAN_POINT('',(123.,220.8,17.5));
#3942 = SURFACE_CURVE('',#3943,(#3947,#3954),.PCURVE_S1.);
#3943 = LINE('',#3944,#3945);
#3944 = CARTESIAN_POINT('',(123.,220.8,0.));
#3945 = VECTOR('',#3946,1.);
#3946 = DIRECTION('',(-0.,-0.,1.));
#3947 = PCURVE('',#425,#3948);
#3948 = DEFINITIONAL_REPRESENTATION('',(#3949),#3953);
#3949 = LINE('',#3950,#3951);
#3950 = CARTESIAN_POINT('',(0.,-4.3));
#3951 = VECTOR('',#3952,1.);
#3952 = DIRECTION('',(-1.,0.));
#3953 = ( GEOMETRIC_REPRESENTATION_CONTEXT(2) 
PARAMETRIC_REPRESENTATION_CONTEXT() REPRESENTATION_CONTEXT('2D SPACE',''
  ) );
#3954 = PCURVE('',#3308,#3955);
#3955 = DEFINITIONAL_REPRESENTATION('',(#3956),#3960);
#3956 = LINE('',#3957,#3958);
#3957 = CARTESIAN_POINT('',(0.,-0.));
#3958 = VECTOR('',#3959,1.);
#3959 = DIRECTION('',(-1.,0.));
#3960 = ( GEOMETRIC_REPRESENTATION_CONTEXT(2) 
PARAMETRIC_REPRESENTATION_CONTEXT() REPRESENTATION_CONTEXT('2D SPACE',''
  ) );
#3961 = ORIENTED_EDGE('',*,*,#3962,.F.);
#3962 = EDGE_CURVE('',#3775,#3940,#3963,.T.);
#3963 = SURFACE_CURVE('',#3964,(#3968,#3975),.PCURVE_S1.);
#3964 = LINE('',#3965,#3966);
#3965 = CARTESIAN_POINT('',(123.,216.5,17.5));
#3966 = VECTOR('',#3967,1.);
#3967 = DIRECTION('',(-0.,1.,-0.));
#3968 = PCURVE('',#425,#3969);
#3969 = DEFINITIONAL_REPRESENTATION('',(#3970),#3974);
#3970 = LINE('',#3971,#3972);
#3971 = CARTESIAN_POINT('',(-17.5,0.));
#3972 = VECTOR('',#3973,1.);
#3973 = DIRECTION('',(0.,-1.));
#3974 = ( GEOMETRIC_REPRESENTATION_CONTEXT(2) 
PARAMETRIC_REPRESENTATION_CONTEXT() REPRESENTATION_CONTEXT('2D SPACE',''
  ) );
#3975 = PCURVE('',#3813,#3976);
#3976 = DEFINITIONAL_REPRESENTATION('',(#3977),#3981);
#3977 = LINE('',#3978,#3979);
#3978 = CARTESIAN_POINT('',(0.,0.));
#3979 = VECTOR('',#3980,1.);
#3980 = DIRECTION('',(0.,1.));
#3981 = ( GEOMETRIC_REPRESENTATION_CONTEXT(2) 
PARAMETRIC_REPRESENTATION_CONTEXT() REPRESENTATION_CONTEXT('2D SPACE',''
  ) );
#3982 = ADVANCED_FACE('',(#3983),#397,.T.);
#3983 = FACE_BOUND('',#3984,.T.);
#3984 = EDGE_LOOP('',(#3985,#3986,#3987,#4010,#4080,#4100));
#3985 = ORIENTED_EDGE('',*,*,#381,.F.);
#3986 = ORIENTED_EDGE('',*,*,#600,.T.);
#3987 = ORIENTED_EDGE('',*,*,#3988,.T.);
#3988 = EDGE_CURVE('',#573,#3989,#3991,.T.);
#3989 = VERTEX_POINT('',#3990);
#3990 = CARTESIAN_POINT('',(120.56491106406,221.,16.2));
#3991 = SURFACE_CURVE('',#3992,(#3996,#4003),.PCURVE_S1.);
#3992 = LINE('',#3993,#3994);
#3993 = CARTESIAN_POINT('',(210.,221.,16.2));
#3994 = VECTOR('',#3995,1.);
#3995 = DIRECTION('',(-1.,-0.,-0.));
#3996 = PCURVE('',#397,#3997);
#3997 = DEFINITIONAL_REPRESENTATION('',(#3998),#4002);
#3998 = LINE('',#3999,#4000);
#3999 = CARTESIAN_POINT('',(1.570796326795,0.));
#4000 = VECTOR('',#4001,1.);
#4001 = DIRECTION('',(0.,1.));
#4002 = ( GEOMETRIC_REPRESENTATION_CONTEXT(2) 
PARAMETRIC_REPRESENTATION_CONTEXT() REPRESENTATION_CONTEXT('2D SPACE',''
  ) );
#4003 = PCURVE('',#588,#4004);
#4004 = DEFINITIONAL_REPRESENTATION('',(#4005),#4009);
#4005 = LINE('',#4006,#4007);
#4006 = CARTESIAN_POINT('',(-16.2,3.));
#4007 = VECTOR('',#4008,1.);
#4008 = DIRECTION('',(-0.,1.));
#4009 = ( GEOMETRIC_REPRESENTATION_CONTEXT(2) 
PARAMETRIC_REPRESENTATION_CONTEXT() REPRESENTATION_CONTEXT('2D SPACE',''
  ) );
#4010 = ORIENTED_EDGE('',*,*,#4011,.F.);
#4011 = EDGE_CURVE('',#4012,#3989,#4014,.T.);
#4012 = VERTEX_POINT('',#4013);
#4013 = CARTESIAN_POINT('',(120.59614813234,220.8,16.72915026066));
#4014 = SURFACE_CURVE('',#4015,(#4033,#4054),.PCURVE_S1.);
#4015 = B_SPLINE_CURVE_WITH_KNOTS('',6,(#4016,#4017,#4018,#4019,#4020,
    #4021,#4022,#4023,#4024,#4025,#4026,#4027,#4028,#4029,#4030,#4031,
    #4032),.UNSPECIFIED.,.F.,.F.,(7,5,5,7),(0.,0.618445049522,
    0.991603073915,1.),.UNSPECIFIED.);
#4016 = CARTESIAN_POINT('',(120.6,220.7,16.82449979984));
#4017 = CARTESIAN_POINT('',(120.6,220.75911972503,16.777166137725));
#4018 = CARTESIAN_POINT('',(120.5967739732,220.81231875999,
    16.723551660857));
#4019 = CARTESIAN_POINT('',(120.59153184681,220.8589258737,
    16.664573457265));
#4020 = CARTESIAN_POINT('',(120.58547270429,220.89841802244,
    16.601201208419));
#4021 = CARTESIAN_POINT('',(120.57965562934,220.93042494484,
    16.534439140836));
#4022 = CARTESIAN_POINT('',(120.57186955683,220.96939086085,
    16.423590703545));
#4023 = CARTESIAN_POINT('',(120.56928691477,220.98126147105,
    16.380978502792));
#4024 = CARTESIAN_POINT('',(120.56721215084,220.99028223399,
    16.337690174004));
#4025 = CARTESIAN_POINT('',(120.56576025304,220.9964178843,
    16.293944758101));
#4026 = CARTESIAN_POINT('',(120.56499384232,220.99965094995,
    16.249958160512));
#4027 = CARTESIAN_POINT('',(120.56491455409,220.99998528444,
    16.204952343622));
#4028 = CARTESIAN_POINT('',(120.56491315811,220.99999117066,
    16.203961885024));
#4029 = CARTESIAN_POINT('',(120.56491211109,220.99999558532,
    16.202971418831));
#4030 = CARTESIAN_POINT('',(120.56491141307,220.99999852844,
    16.201980947575));
#4031 = CARTESIAN_POINT('',(120.56491106406,221.,16.200990473788));
#4032 = CARTESIAN_POINT('',(120.56491106406,221.,16.2));
#4033 = PCURVE('',#397,#4034);
#4034 = DEFINITIONAL_REPRESENTATION('',(#4035),#4053);
#4035 = B_SPLINE_CURVE_WITH_KNOTS('',6,(#4036,#4037,#4038,#4039,#4040,
    #4041,#4042,#4043,#4044,#4045,#4046,#4047,#4048,#4049,#4050,#4051,
    #4052),.UNSPECIFIED.,.F.,.F.,(7,5,5,7),(0.189529906607,0.61844504896
    ,0.991603073903,1.),.UNSPECIFIED.);
#4036 = CARTESIAN_POINT('',(0.848062080435,89.403851867696));
#4037 = CARTESIAN_POINT('',(0.912887263286,89.406498361061));
#4038 = CARTESIAN_POINT('',(0.977376915072,89.409993544144));
#4039 = CARTESIAN_POINT('',(1.041573824578,89.413949945894));
#4040 = CARTESIAN_POINT('',(1.105515194425,89.418002460581));
#4041 = CARTESIAN_POINT('',(1.169235080186,89.421832560477));
#4042 = CARTESIAN_POINT('',(1.28803486255,89.428130443169));
#4043 = CARTESIAN_POINT('',(1.343206556607,89.430713085221));
#4044 = CARTESIAN_POINT('',(1.398298360767,89.432787849152));
#4045 = CARTESIAN_POINT('',(1.453335218837,89.434239746959));
#4046 = CARTESIAN_POINT('',(1.508347039722,89.435006157677));
#4047 = CARTESIAN_POINT('',(1.564605863106,89.435085445901));
#4048 = CARTESIAN_POINT('',(1.565843956851,89.435086841884));
#4049 = CARTESIAN_POINT('',(1.56708204984,89.435087888901));
#4050 = CARTESIAN_POINT('',(1.568320142326,89.435088586922));
#4051 = CARTESIAN_POINT('',(1.56955823456,89.435088935933));
#4052 = CARTESIAN_POINT('',(1.570796326795,89.435088935933));
#4053 = ( GEOMETRIC_REPRESENTATION_CONTEXT(2) 
PARAMETRIC_REPRESENTATION_CONTEXT() REPRESENTATION_CONTEXT('2D SPACE',''
  ) );
#4054 = PCURVE('',#4055,#4060);
#4055 = CYLINDRICAL_SURFACE('',#4056,1.3);
#4056 = AXIS2_PLACEMENT_3D('',#4057,#4058,#4059);
#4057 = CARTESIAN_POINT('',(119.3,220.7,11.5));
#4058 = DIRECTION('',(-0.,-0.,1.));
#4059 = DIRECTION('',(1.,0.,0.));
#4060 = DEFINITIONAL_REPRESENTATION('',(#4061),#4079);
#4061 = B_SPLINE_CURVE_WITH_KNOTS('',6,(#4062,#4063,#4064,#4065,#4066,
    #4067,#4068,#4069,#4070,#4071,#4072,#4073,#4074,#4075,#4076,#4077,
    #4078),.UNSPECIFIED.,.F.,.F.,(7,5,5,7),(0.189529906607,
    0.618445050957,0.991603073947,1.),.UNSPECIFIED.);
#4062 = CARTESIAN_POINT('',(7.699914253159E-02,5.229150262316));
#4063 = CARTESIAN_POINT('',(0.103463920114,5.19025515008));
#4064 = CARTESIAN_POINT('',(0.1275222047,5.148892980198));
#4065 = CARTESIAN_POINT('',(0.149047819188,5.10538408735));
#4066 = CARTESIAN_POINT('',(0.167912317781,5.060058349104));
#4067 = CARTESIAN_POINT('',(0.18399871665,5.013252141539));
#4068 = CARTESIAN_POINT('',(0.208722737317,4.923590703545));
#4069 = CARTESIAN_POINT('',(0.218066319087,4.880978502792));
#4070 = CARTESIAN_POINT('',(0.225186104085,4.837690174004));
#4071 = CARTESIAN_POINT('',(0.230036419354,4.793944758101));
#4072 = CARTESIAN_POINT('',(0.232592231077,4.749958160512));
#4073 = CARTESIAN_POINT('',(0.232856544606,4.704952343622));
#4074 = CARTESIAN_POINT('',(0.232861198054,4.703961885024));
#4075 = CARTESIAN_POINT('',(0.232864688153,4.702971418831));
#4076 = CARTESIAN_POINT('',(0.23286701489,4.701980947575));
#4077 = CARTESIAN_POINT('',(0.232868178258,4.700990473788));
#4078 = CARTESIAN_POINT('',(0.232868178258,4.7));
#4079 = ( GEOMETRIC_REPRESENTATION_CONTEXT(2) 
PARAMETRIC_REPRESENTATION_CONTEXT() REPRESENTATION_CONTEXT('2D SPACE',''
  ) );
#4080 = ORIENTED_EDGE('',*,*,#4081,.F.);
#4081 = EDGE_CURVE('',#3916,#4012,#4082,.T.);
#4082 = SURFACE_CURVE('',#4083,(#4087,#4093),.PCURVE_S1.);
#4083 = LINE('',#4084,#4085);
#4084 = CARTESIAN_POINT('',(210.,220.8,16.729150262213));
#4085 = VECTOR('',#4086,1.);
#4086 = DIRECTION('',(-1.,-0.,-0.));
#4087 = PCURVE('',#397,#4088);
#4088 = DEFINITIONAL_REPRESENTATION('',(#4089),#4092);
#4089 = B_SPLINE_CURVE_WITH_KNOTS('',1,(#4090,#4091),.UNSPECIFIED.,.F.,
  .F.,(2,2),(86.2,89.435089535933),.PIECEWISE_BEZIER_KNOTS.);
#4090 = CARTESIAN_POINT('',(0.848062078982,86.2));
#4091 = CARTESIAN_POINT('',(0.848062078982,89.435089535933));
#4092 = ( GEOMETRIC_REPRESENTATION_CONTEXT(2) 
PARAMETRIC_REPRESENTATION_CONTEXT() REPRESENTATION_CONTEXT('2D SPACE',''
  ) );
#4093 = PCURVE('',#3308,#4094);
#4094 = DEFINITIONAL_REPRESENTATION('',(#4095),#4099);
#4095 = LINE('',#4096,#4097);
#4096 = CARTESIAN_POINT('',(-16.72915026221,-87.));
#4097 = VECTOR('',#4098,1.);
#4098 = DIRECTION('',(-0.,1.));
#4099 = ( GEOMETRIC_REPRESENTATION_CONTEXT(2) 
PARAMETRIC_REPRESENTATION_CONTEXT() REPRESENTATION_CONTEXT('2D SPACE',''
  ) );
#4100 = ORIENTED_EDGE('',*,*,#3915,.F.);
#4101 = ADVANCED_FACE('',(#4102),#537,.F.);
#4102 = FACE_BOUND('',#4103,.F.);
#4103 = EDGE_LOOP('',(#4104,#4134,#4162,#4190,#4218,#4239,#4240,#4241));
#4104 = ORIENTED_EDGE('',*,*,#4105,.F.);
#4105 = EDGE_CURVE('',#4106,#4108,#4110,.T.);
#4106 = VERTEX_POINT('',#4107);
#4107 = CARTESIAN_POINT('',(118.2,21.,0.8));
#4108 = VERTEX_POINT('',#4109);
#4109 = CARTESIAN_POINT('',(122.8,21.,0.8));
#4110 = SURFACE_CURVE('',#4111,(#4115,#4122),.PCURVE_S1.);
#4111 = LINE('',#4112,#4113);
#4112 = CARTESIAN_POINT('',(118.2,21.,0.8));
#4113 = VECTOR('',#4114,1.);
#4114 = DIRECTION('',(1.,-0.,0.));
#4115 = PCURVE('',#537,#4116);
#4116 = DEFINITIONAL_REPRESENTATION('',(#4117),#4121);
#4117 = LINE('',#4118,#4119);
#4118 = CARTESIAN_POINT('',(-0.8,94.8));
#4119 = VECTOR('',#4120,1.);
#4120 = DIRECTION('',(0.,-1.));
#4121 = ( GEOMETRIC_REPRESENTATION_CONTEXT(2) 
PARAMETRIC_REPRESENTATION_CONTEXT() REPRESENTATION_CONTEXT('2D SPACE',''
  ) );
#4122 = PCURVE('',#4123,#4128);
#4123 = CYLINDRICAL_SURFACE('',#4124,0.8);
#4124 = AXIS2_PLACEMENT_3D('',#4125,#4126,#4127);
#4125 = CARTESIAN_POINT('',(118.2,21.8,0.8));
#4126 = DIRECTION('',(1.,-0.,0.));
#4127 = DIRECTION('',(-0.,-1.,0.));
#4128 = DEFINITIONAL_REPRESENTATION('',(#4129),#4133);
#4129 = LINE('',#4130,#4131);
#4130 = CARTESIAN_POINT('',(0.,0.));
#4131 = VECTOR('',#4132,1.);
#4132 = DIRECTION('',(0.,1.));
#4133 = ( GEOMETRIC_REPRESENTATION_CONTEXT(2) 
PARAMETRIC_REPRESENTATION_CONTEXT() REPRESENTATION_CONTEXT('2D SPACE',''
  ) );
#4134 = ORIENTED_EDGE('',*,*,#4135,.T.);
#4135 = EDGE_CURVE('',#4106,#4136,#4138,.T.);
#4136 = VERTEX_POINT('',#4137);
#4137 = CARTESIAN_POINT('',(118.2,21.,11.5));
#4138 = SURFACE_CURVE('',#4139,(#4143,#4150),.PCURVE_S1.);
#4139 = LINE('',#4140,#4141);
#4140 = CARTESIAN_POINT('',(118.2,21.,0.8));
#4141 = VECTOR('',#4142,1.);
#4142 = DIRECTION('',(-0.,-0.,1.));
#4143 = PCURVE('',#537,#4144);
#4144 = DEFINITIONAL_REPRESENTATION('',(#4145),#4149);
#4145 = LINE('',#4146,#4147);
#4146 = CARTESIAN_POINT('',(-0.8,94.8));
#4147 = VECTOR('',#4148,1.);
#4148 = DIRECTION('',(-1.,0.));
#4149 = ( GEOMETRIC_REPRESENTATION_CONTEXT(2) 
PARAMETRIC_REPRESENTATION_CONTEXT() REPRESENTATION_CONTEXT('2D SPACE',''
  ) );
#4150 = PCURVE('',#4151,#4156);
#4151 = CYLINDRICAL_SURFACE('',#4152,3.);
#4152 = AXIS2_PLACEMENT_3D('',#4153,#4154,#4155);
#4153 = CARTESIAN_POINT('',(118.2,24.,0.));
#4154 = DIRECTION('',(-0.,-0.,1.));
#4155 = DIRECTION('',(-1.,0.,0.));
#4156 = DEFINITIONAL_REPRESENTATION('',(#4157),#4161);
#4157 = LINE('',#4158,#4159);
#4158 = CARTESIAN_POINT('',(1.570796326795,0.8));
#4159 = VECTOR('',#4160,1.);
#4160 = DIRECTION('',(0.,1.));
#4161 = ( GEOMETRIC_REPRESENTATION_CONTEXT(2) 
PARAMETRIC_REPRESENTATION_CONTEXT() REPRESENTATION_CONTEXT('2D SPACE',''
  ) );
#4162 = ORIENTED_EDGE('',*,*,#4163,.F.);
#4163 = EDGE_CURVE('',#4164,#4136,#4166,.T.);
#4164 = VERTEX_POINT('',#4165);
#4165 = CARTESIAN_POINT('',(120.56491106406,21.,11.5));
#4166 = SURFACE_CURVE('',#4167,(#4171,#4178),.PCURVE_S1.);
#4167 = LINE('',#4168,#4169);
#4168 = CARTESIAN_POINT('',(166.8,21.,11.5));
#4169 = VECTOR('',#4170,1.);
#4170 = DIRECTION('',(-1.,-0.,-0.));
#4171 = PCURVE('',#537,#4172);
#4172 = DEFINITIONAL_REPRESENTATION('',(#4173),#4177);
#4173 = LINE('',#4174,#4175);
#4174 = CARTESIAN_POINT('',(-11.5,46.2));
#4175 = VECTOR('',#4176,1.);
#4176 = DIRECTION('',(-0.,1.));
#4177 = ( GEOMETRIC_REPRESENTATION_CONTEXT(2) 
PARAMETRIC_REPRESENTATION_CONTEXT() REPRESENTATION_CONTEXT('2D SPACE',''
  ) );
#4178 = PCURVE('',#4179,#4184);
#4179 = PLANE('',#4180);
#4180 = AXIS2_PLACEMENT_3D('',#4181,#4182,#4183);
#4181 = CARTESIAN_POINT('',(120.6,20.,11.5));
#4182 = DIRECTION('',(-0.,-0.,1.));
#4183 = DIRECTION('',(1.,0.,0.));
#4184 = DEFINITIONAL_REPRESENTATION('',(#4185),#4189);
#4185 = LINE('',#4186,#4187);
#4186 = CARTESIAN_POINT('',(46.2,1.));
#4187 = VECTOR('',#4188,1.);
#4188 = DIRECTION('',(-1.,0.));
#4189 = ( GEOMETRIC_REPRESENTATION_CONTEXT(2) 
PARAMETRIC_REPRESENTATION_CONTEXT() REPRESENTATION_CONTEXT('2D SPACE',''
  ) );
#4190 = ORIENTED_EDGE('',*,*,#4191,.T.);
#4191 = EDGE_CURVE('',#4164,#4192,#4194,.T.);
#4192 = VERTEX_POINT('',#4193);
#4193 = CARTESIAN_POINT('',(120.56491106406,21.,16.2));
#4194 = SURFACE_CURVE('',#4195,(#4199,#4206),.PCURVE_S1.);
#4195 = LINE('',#4196,#4197);
#4196 = CARTESIAN_POINT('',(120.56491106406,21.,11.5));
#4197 = VECTOR('',#4198,1.);
#4198 = DIRECTION('',(-0.,-0.,1.));
#4199 = PCURVE('',#537,#4200);
#4200 = DEFINITIONAL_REPRESENTATION('',(#4201),#4205);
#4201 = LINE('',#4202,#4203);
#4202 = CARTESIAN_POINT('',(-11.5,92.43508893594));
#4203 = VECTOR('',#4204,1.);
#4204 = DIRECTION('',(-1.,0.));
#4205 = ( GEOMETRIC_REPRESENTATION_CONTEXT(2) 
PARAMETRIC_REPRESENTATION_CONTEXT() REPRESENTATION_CONTEXT('2D SPACE',''
  ) );
#4206 = PCURVE('',#4207,#4212);
#4207 = CYLINDRICAL_SURFACE('',#4208,1.3);
#4208 = AXIS2_PLACEMENT_3D('',#4209,#4210,#4211);
#4209 = CARTESIAN_POINT('',(119.3,21.3,11.5));
#4210 = DIRECTION('',(-0.,-0.,1.));
#4211 = DIRECTION('',(1.,0.,0.));
#4212 = DEFINITIONAL_REPRESENTATION('',(#4213),#4217);
#4213 = LINE('',#4214,#4215);
#4214 = CARTESIAN_POINT('',(6.050317128922,0.));
#4215 = VECTOR('',#4216,1.);
#4216 = DIRECTION('',(-0.,1.));
#4217 = ( GEOMETRIC_REPRESENTATION_CONTEXT(2) 
PARAMETRIC_REPRESENTATION_CONTEXT() REPRESENTATION_CONTEXT('2D SPACE',''
  ) );
#4218 = ORIENTED_EDGE('',*,*,#4219,.T.);
#4219 = EDGE_CURVE('',#4192,#520,#4220,.T.);
#4220 = SURFACE_CURVE('',#4221,(#4225,#4232),.PCURVE_S1.);
#4221 = LINE('',#4222,#4223);
#4222 = CARTESIAN_POINT('',(118.2,21.,16.2));
#4223 = VECTOR('',#4224,1.);
#4224 = DIRECTION('',(1.,-0.,0.));
#4225 = PCURVE('',#537,#4226);
#4226 = DEFINITIONAL_REPRESENTATION('',(#4227),#4231);
#4227 = LINE('',#4228,#4229);
#4228 = CARTESIAN_POINT('',(-16.2,94.8));
#4229 = VECTOR('',#4230,1.);
#4230 = DIRECTION('',(0.,-1.));
#4231 = ( GEOMETRIC_REPRESENTATION_CONTEXT(2) 
PARAMETRIC_REPRESENTATION_CONTEXT() REPRESENTATION_CONTEXT('2D SPACE',''
  ) );
#4232 = PCURVE('',#2249,#4233);
#4233 = DEFINITIONAL_REPRESENTATION('',(#4234),#4238);
#4234 = LINE('',#4235,#4236);
#4235 = CARTESIAN_POINT('',(1.570796326795,0.));
#4236 = VECTOR('',#4237,1.);
#4237 = DIRECTION('',(0.,1.));
#4238 = ( GEOMETRIC_REPRESENTATION_CONTEXT(2) 
PARAMETRIC_REPRESENTATION_CONTEXT() REPRESENTATION_CONTEXT('2D SPACE',''
  ) );
#4239 = ORIENTED_EDGE('',*,*,#519,.T.);
#4240 = ORIENTED_EDGE('',*,*,#3626,.T.);
#4241 = ORIENTED_EDGE('',*,*,#4242,.T.);
#4242 = EDGE_CURVE('',#3599,#4108,#4243,.T.);
#4243 = SURFACE_CURVE('',#4244,(#4248,#4255),.PCURVE_S1.);
#4244 = LINE('',#4245,#4246);
#4245 = CARTESIAN_POINT('',(122.8,21.,0.));
#4246 = VECTOR('',#4247,1.);
#4247 = DIRECTION('',(-0.,-0.,1.));
#4248 = PCURVE('',#537,#4249);
#4249 = DEFINITIONAL_REPRESENTATION('',(#4250),#4254);
#4250 = LINE('',#4251,#4252);
#4251 = CARTESIAN_POINT('',(0.,90.2));
#4252 = VECTOR('',#4253,1.);
#4253 = DIRECTION('',(-1.,0.));
#4254 = ( GEOMETRIC_REPRESENTATION_CONTEXT(2) 
PARAMETRIC_REPRESENTATION_CONTEXT() REPRESENTATION_CONTEXT('2D SPACE',''
  ) );
#4255 = PCURVE('',#3614,#4256);
#4256 = DEFINITIONAL_REPRESENTATION('',(#4257),#4261);
#4257 = LINE('',#4258,#4259);
#4258 = CARTESIAN_POINT('',(0.,0.));
#4259 = VECTOR('',#4260,1.);
#4260 = DIRECTION('',(-1.,0.));
#4261 = ( GEOMETRIC_REPRESENTATION_CONTEXT(2) 
PARAMETRIC_REPRESENTATION_CONTEXT() REPRESENTATION_CONTEXT('2D SPACE',''
  ) );
#4262 = ADVANCED_FACE('',(#4263),#2249,.T.);
#4263 = FACE_BOUND('',#4264,.T.);
#4264 = EDGE_LOOP('',(#4265,#4288,#4321,#4343,#4391,#4392));
#4265 = ORIENTED_EDGE('',*,*,#4266,.F.);
#4266 = EDGE_CURVE('',#4267,#2207,#4269,.T.);
#4267 = VERTEX_POINT('',#4268);
#4268 = CARTESIAN_POINT('',(123.,21.8,17.));
#4269 = SURFACE_CURVE('',#4270,(#4274,#4281),.PCURVE_S1.);
#4270 = LINE('',#4271,#4272);
#4271 = CARTESIAN_POINT('',(118.2,21.8,17.));
#4272 = VECTOR('',#4273,1.);
#4273 = DIRECTION('',(1.,-0.,0.));
#4274 = PCURVE('',#2249,#4275);
#4275 = DEFINITIONAL_REPRESENTATION('',(#4276),#4280);
#4276 = LINE('',#4277,#4278);
#4277 = CARTESIAN_POINT('',(0.,0.));
#4278 = VECTOR('',#4279,1.);
#4279 = DIRECTION('',(0.,1.));
#4280 = ( GEOMETRIC_REPRESENTATION_CONTEXT(2) 
PARAMETRIC_REPRESENTATION_CONTEXT() REPRESENTATION_CONTEXT('2D SPACE',''
  ) );
#4281 = PCURVE('',#2222,#4282);
#4282 = DEFINITIONAL_REPRESENTATION('',(#4283),#4287);
#4283 = LINE('',#4284,#4285);
#4284 = CARTESIAN_POINT('',(-94.8,0.8));
#4285 = VECTOR('',#4286,1.);
#4286 = DIRECTION('',(1.,0.));
#4287 = ( GEOMETRIC_REPRESENTATION_CONTEXT(2) 
PARAMETRIC_REPRESENTATION_CONTEXT() REPRESENTATION_CONTEXT('2D SPACE',''
  ) );
#4288 = ORIENTED_EDGE('',*,*,#4289,.T.);
#4289 = EDGE_CURVE('',#4267,#4290,#4292,.T.);
#4290 = VERTEX_POINT('',#4291);
#4291 = CARTESIAN_POINT('',(123.,21.2,16.729150262213));
#4292 = SURFACE_CURVE('',#4293,(#4298,#4305),.PCURVE_S1.);
#4293 = CIRCLE('',#4294,0.8);
#4294 = AXIS2_PLACEMENT_3D('',#4295,#4296,#4297);
#4295 = CARTESIAN_POINT('',(123.,21.8,16.2));
#4296 = DIRECTION('',(1.,0.,0.));
#4297 = DIRECTION('',(-0.,0.,1.));
#4298 = PCURVE('',#2249,#4299);
#4299 = DEFINITIONAL_REPRESENTATION('',(#4300),#4304);
#4300 = LINE('',#4301,#4302);
#4301 = CARTESIAN_POINT('',(0.,4.8));
#4302 = VECTOR('',#4303,1.);
#4303 = DIRECTION('',(1.,0.));
#4304 = ( GEOMETRIC_REPRESENTATION_CONTEXT(2) 
PARAMETRIC_REPRESENTATION_CONTEXT() REPRESENTATION_CONTEXT('2D SPACE',''
  ) );
#4305 = PCURVE('',#4306,#4311);
#4306 = PLANE('',#4307);
#4307 = AXIS2_PLACEMENT_3D('',#4308,#4309,#4310);
#4308 = CARTESIAN_POINT('',(123.,21.2,0.));
#4309 = DIRECTION('',(-1.,-0.,-0.));
#4310 = DIRECTION('',(0.,0.,-1.));
#4311 = DEFINITIONAL_REPRESENTATION('',(#4312),#4320);
#4312 = ( BOUNDED_CURVE() B_SPLINE_CURVE(2,(#4313,#4314,#4315,#4316,
#4317,#4318,#4319),.UNSPECIFIED.,.T.,.F.) B_SPLINE_CURVE_WITH_KNOTS((1,2
    ,2,2,2,1),(-2.094395102393,0.,2.094395102393,4.188790204786,
6.28318530718,8.377580409573),.UNSPECIFIED.) CURVE() 
GEOMETRIC_REPRESENTATION_ITEM() RATIONAL_B_SPLINE_CURVE((1.,0.5,1.,0.5,
1.,0.5,1.)) REPRESENTATION_ITEM('') );
#4313 = CARTESIAN_POINT('',(-17.,-0.6));
#4314 = CARTESIAN_POINT('',(-17.,0.785640646055));
#4315 = CARTESIAN_POINT('',(-15.8,9.282032302755E-02));
#4316 = CARTESIAN_POINT('',(-14.6,-0.6));
#4317 = CARTESIAN_POINT('',(-15.8,-1.292820323028));
#4318 = CARTESIAN_POINT('',(-17.,-1.985640646055));
#4319 = CARTESIAN_POINT('',(-17.,-0.6));
#4320 = ( GEOMETRIC_REPRESENTATION_CONTEXT(2) 
PARAMETRIC_REPRESENTATION_CONTEXT() REPRESENTATION_CONTEXT('2D SPACE',''
  ) );
#4321 = ORIENTED_EDGE('',*,*,#4322,.F.);
#4322 = EDGE_CURVE('',#4323,#4290,#4325,.T.);
#4323 = VERTEX_POINT('',#4324);
#4324 = CARTESIAN_POINT('',(120.59614813234,21.2,16.72915026066));
#4325 = SURFACE_CURVE('',#4326,(#4330,#4336),.PCURVE_S1.);
#4326 = LINE('',#4327,#4328);
#4327 = CARTESIAN_POINT('',(118.2,21.2,16.729150262213));
#4328 = VECTOR('',#4329,1.);
#4329 = DIRECTION('',(1.,-0.,0.));
#4330 = PCURVE('',#2249,#4331);
#4331 = DEFINITIONAL_REPRESENTATION('',(#4332),#4335);
#4332 = B_SPLINE_CURVE_WITH_KNOTS('',1,(#4333,#4334),.UNSPECIFIED.,.F.,
  .F.,(2,2),(2.364910464067,5.6),.PIECEWISE_BEZIER_KNOTS.);
#4333 = CARTESIAN_POINT('',(0.848062078981,2.364910464067));
#4334 = CARTESIAN_POINT('',(0.848062078981,5.6));
#4335 = ( GEOMETRIC_REPRESENTATION_CONTEXT(2) 
PARAMETRIC_REPRESENTATION_CONTEXT() REPRESENTATION_CONTEXT('2D SPACE',''
  ) );
#4336 = PCURVE('',#3586,#4337);
#4337 = DEFINITIONAL_REPRESENTATION('',(#4338),#4342);
#4338 = LINE('',#4339,#4340);
#4339 = CARTESIAN_POINT('',(-16.72915026221,4.8));
#4340 = VECTOR('',#4341,1.);
#4341 = DIRECTION('',(0.,-1.));
#4342 = ( GEOMETRIC_REPRESENTATION_CONTEXT(2) 
PARAMETRIC_REPRESENTATION_CONTEXT() REPRESENTATION_CONTEXT('2D SPACE',''
  ) );
#4343 = ORIENTED_EDGE('',*,*,#4344,.T.);
#4344 = EDGE_CURVE('',#4323,#4192,#4345,.T.);
#4345 = SURFACE_CURVE('',#4346,(#4359,#4375),.PCURVE_S1.);
#4346 = B_SPLINE_CURVE_WITH_KNOTS('',6,(#4347,#4348,#4349,#4350,#4351,
    #4352,#4353,#4354,#4355,#4356,#4357,#4358),.UNSPECIFIED.,.F.,.F.,(7,
    5,7),(0.,0.61844613344,1.),.UNSPECIFIED.);
#4347 = CARTESIAN_POINT('',(120.6,21.3,16.82449979984));
#4348 = CARTESIAN_POINT('',(120.6,21.240880274968,16.777166137725));
#4349 = CARTESIAN_POINT('',(120.5967739732,21.187681240007,
    16.723551660857));
#4350 = CARTESIAN_POINT('',(120.59153184681,21.141074126294,
    16.664573457265));
#4351 = CARTESIAN_POINT('',(120.58547270429,21.101581977559,
    16.601201208419));
#4352 = CARTESIAN_POINT('',(120.57965562934,21.069575055155,
    16.534439140836));
#4353 = CARTESIAN_POINT('',(120.57180363788,21.030279243411,
    16.422652231408));
#4354 = CARTESIAN_POINT('',(120.56917083472,21.018205681232,
    16.379060290667));
#4355 = CARTESIAN_POINT('',(120.56707284819,21.00911300486,
    16.334766455134));
#4356 = CARTESIAN_POINT('',(120.56563146634,21.003038508457,
    16.290005088596));
#4357 = CARTESIAN_POINT('',(120.56491106406,21.,16.245007192793));
#4358 = CARTESIAN_POINT('',(120.56491106406,21.,16.2));
#4359 = PCURVE('',#2249,#4360);
#4360 = DEFINITIONAL_REPRESENTATION('',(#4361),#4374);
#4361 = B_SPLINE_CURVE_WITH_KNOTS('',6,(#4362,#4363,#4364,#4365,#4366,
    #4367,#4368,#4369,#4370,#4371,#4372,#4373),.UNSPECIFIED.,.F.,.F.,(7,
    5,7),(0.189530238784,0.618446132877,1.),.UNSPECIFIED.);
#4362 = CARTESIAN_POINT('',(0.848062080435,2.396148132304));
#4363 = CARTESIAN_POINT('',(0.912887263286,2.393501638939));
#4364 = CARTESIAN_POINT('',(0.977376915072,2.390006455856));
#4365 = CARTESIAN_POINT('',(1.041573824578,2.386050054106));
#4366 = CARTESIAN_POINT('',(1.105515194425,2.381997539419));
#4367 = CARTESIAN_POINT('',(1.169235080186,2.378167439523));
#4368 = CARTESIAN_POINT('',(1.289278321151,2.371803637885));
#4369 = CARTESIAN_POINT('',(1.345689509016,2.369170834721));
#4370 = CARTESIAN_POINT('',(1.402017877909,2.367072848195));
#4371 = CARTESIAN_POINT('',(1.458289887263,2.365631466343));
#4372 = CARTESIAN_POINT('',(1.514537335803,2.364911064067));
#4373 = CARTESIAN_POINT('',(1.570796326795,2.364911064067));
#4374 = ( GEOMETRIC_REPRESENTATION_CONTEXT(2) 
PARAMETRIC_REPRESENTATION_CONTEXT() REPRESENTATION_CONTEXT('2D SPACE',''
  ) );
#4375 = PCURVE('',#4207,#4376);
#4376 = DEFINITIONAL_REPRESENTATION('',(#4377),#4390);
#4377 = B_SPLINE_CURVE_WITH_KNOTS('',6,(#4378,#4379,#4380,#4381,#4382,
    #4383,#4384,#4385,#4386,#4387,#4388,#4389),.UNSPECIFIED.,.F.,.F.,(7,
    5,7),(0.189530238784,0.618446134873,1.),.UNSPECIFIED.);
#4378 = CARTESIAN_POINT('',(6.206186164648,5.229150262316));
#4379 = CARTESIAN_POINT('',(6.179721387065,5.19025515008));
#4380 = CARTESIAN_POINT('',(6.15566310248,5.148892980198));
#4381 = CARTESIAN_POINT('',(6.134137487992,5.10538408735));
#4382 = CARTESIAN_POINT('',(6.115272989398,5.060058349104));
#4383 = CARTESIAN_POINT('',(6.09918659053,5.01325214154));
#4384 = CARTESIAN_POINT('',(6.074203787436,4.922652231408));
#4385 = CARTESIAN_POINT('',(6.064699542176,4.879060290667));
#4386 = CARTESIAN_POINT('',(6.05752185468,4.834766455134));
#4387 = CARTESIAN_POINT('',(6.052719140708,4.790005088596));
#4388 = CARTESIAN_POINT('',(6.050317128922,4.745007192793));
#4389 = CARTESIAN_POINT('',(6.050317128922,4.7));
#4390 = ( GEOMETRIC_REPRESENTATION_CONTEXT(2) 
PARAMETRIC_REPRESENTATION_CONTEXT() REPRESENTATION_CONTEXT('2D SPACE',''
  ) );
#4391 = ORIENTED_EDGE('',*,*,#4219,.T.);
#4392 = ORIENTED_EDGE('',*,*,#2234,.F.);
#4393 = ADVANCED_FACE('',(#4394),#2222,.T.);
#4394 = FACE_BOUND('',#4395,.T.);
#4395 = EDGE_LOOP('',(#4396,#4397,#4420,#4441));
#4396 = ORIENTED_EDGE('',*,*,#2206,.T.);
#4397 = ORIENTED_EDGE('',*,*,#4398,.T.);
#4398 = EDGE_CURVE('',#2179,#4399,#4401,.T.);
#4399 = VERTEX_POINT('',#4400);
#4400 = CARTESIAN_POINT('',(123.,25.4,17.));
#4401 = SURFACE_CURVE('',#4402,(#4406,#4413),.PCURVE_S1.);
#4402 = LINE('',#4403,#4404);
#4403 = CARTESIAN_POINT('',(156.,25.4,17.));
#4404 = VECTOR('',#4405,1.);
#4405 = DIRECTION('',(-1.,-0.,-0.));
#4406 = PCURVE('',#2222,#4407);
#4407 = DEFINITIONAL_REPRESENTATION('',(#4408),#4412);
#4408 = LINE('',#4409,#4410);
#4409 = CARTESIAN_POINT('',(-57.,4.4));
#4410 = VECTOR('',#4411,1.);
#4411 = DIRECTION('',(-1.,0.));
#4412 = ( GEOMETRIC_REPRESENTATION_CONTEXT(2) 
PARAMETRIC_REPRESENTATION_CONTEXT() REPRESENTATION_CONTEXT('2D SPACE',''
  ) );
#4413 = PCURVE('',#2194,#4414);
#4414 = DEFINITIONAL_REPRESENTATION('',(#4415),#4419);
#4415 = LINE('',#4416,#4417);
#4416 = CARTESIAN_POINT('',(-2.828427124746,0.));
#4417 = VECTOR('',#4418,1.);
#4418 = DIRECTION('',(0.,-1.));
#4419 = ( GEOMETRIC_REPRESENTATION_CONTEXT(2) 
PARAMETRIC_REPRESENTATION_CONTEXT() REPRESENTATION_CONTEXT('2D SPACE',''
  ) );
#4420 = ORIENTED_EDGE('',*,*,#4421,.T.);
#4421 = EDGE_CURVE('',#4399,#4267,#4422,.T.);
#4422 = SURFACE_CURVE('',#4423,(#4427,#4434),.PCURVE_S1.);
#4423 = LINE('',#4424,#4425);
#4424 = CARTESIAN_POINT('',(123.,21.1,17.));
#4425 = VECTOR('',#4426,1.);
#4426 = DIRECTION('',(0.,-1.,0.));
#4427 = PCURVE('',#2222,#4428);
#4428 = DEFINITIONAL_REPRESENTATION('',(#4429),#4433);
#4429 = LINE('',#4430,#4431);
#4430 = CARTESIAN_POINT('',(-90.,0.1));
#4431 = VECTOR('',#4432,1.);
#4432 = DIRECTION('',(0.,-1.));
#4433 = ( GEOMETRIC_REPRESENTATION_CONTEXT(2) 
PARAMETRIC_REPRESENTATION_CONTEXT() REPRESENTATION_CONTEXT('2D SPACE',''
  ) );
#4434 = PCURVE('',#4306,#4435);
#4435 = DEFINITIONAL_REPRESENTATION('',(#4436),#4440);
#4436 = LINE('',#4437,#4438);
#4437 = CARTESIAN_POINT('',(-17.,1.E-01));
#4438 = VECTOR('',#4439,1.);
#4439 = DIRECTION('',(0.,1.));
#4440 = ( GEOMETRIC_REPRESENTATION_CONTEXT(2) 
PARAMETRIC_REPRESENTATION_CONTEXT() REPRESENTATION_CONTEXT('2D SPACE',''
  ) );
#4441 = ORIENTED_EDGE('',*,*,#4266,.T.);
#4442 = ADVANCED_FACE('',(#4443),#2194,.F.);
#4443 = FACE_BOUND('',#4444,.F.);
#4444 = EDGE_LOOP('',(#4445,#4468,#4469,#4470));
#4445 = ORIENTED_EDGE('',*,*,#4446,.F.);
#4446 = EDGE_CURVE('',#2151,#4447,#4449,.T.);
#4447 = VERTEX_POINT('',#4448);
#4448 = CARTESIAN_POINT('',(123.,23.4,15.));
#4449 = SURFACE_CURVE('',#4450,(#4454,#4461),.PCURVE_S1.);
#4450 = LINE('',#4451,#4452);
#4451 = CARTESIAN_POINT('',(156.,23.4,15.));
#4452 = VECTOR('',#4453,1.);
#4453 = DIRECTION('',(-1.,-0.,-0.));
#4454 = PCURVE('',#2194,#4455);
#4455 = DEFINITIONAL_REPRESENTATION('',(#4456),#4460);
#4456 = LINE('',#4457,#4458);
#4457 = CARTESIAN_POINT('',(0.,0.));
#4458 = VECTOR('',#4459,1.);
#4459 = DIRECTION('',(0.,-1.));
#4460 = ( GEOMETRIC_REPRESENTATION_CONTEXT(2) 
PARAMETRIC_REPRESENTATION_CONTEXT() REPRESENTATION_CONTEXT('2D SPACE',''
  ) );
#4461 = PCURVE('',#2166,#4462);
#4462 = DEFINITIONAL_REPRESENTATION('',(#4463),#4467);
#4463 = LINE('',#4464,#4465);
#4464 = CARTESIAN_POINT('',(-3.5,58.));
#4465 = VECTOR('',#4466,1.);
#4466 = DIRECTION('',(-0.,1.));
#4467 = ( GEOMETRIC_REPRESENTATION_CONTEXT(2) 
PARAMETRIC_REPRESENTATION_CONTEXT() REPRESENTATION_CONTEXT('2D SPACE',''
  ) );
#4468 = ORIENTED_EDGE('',*,*,#2178,.T.);
#4469 = ORIENTED_EDGE('',*,*,#4398,.T.);
#4470 = ORIENTED_EDGE('',*,*,#4471,.T.);
#4471 = EDGE_CURVE('',#4399,#4447,#4472,.T.);
#4472 = SURFACE_CURVE('',#4473,(#4477,#4484),.PCURVE_S1.);
#4473 = LINE('',#4474,#4475);
#4474 = CARTESIAN_POINT('',(123.,19.1,10.7));
#4475 = VECTOR('',#4476,1.);
#4476 = DIRECTION('',(0.,-0.707106781187,-0.707106781187));
#4477 = PCURVE('',#2194,#4478);
#4478 = DEFINITIONAL_REPRESENTATION('',(#4479),#4483);
#4479 = LINE('',#4480,#4481);
#4480 = CARTESIAN_POINT('',(6.081118318204,-33.));
#4481 = VECTOR('',#4482,1.);
#4482 = DIRECTION('',(1.,0.));
#4483 = ( GEOMETRIC_REPRESENTATION_CONTEXT(2) 
PARAMETRIC_REPRESENTATION_CONTEXT() REPRESENTATION_CONTEXT('2D SPACE',''
  ) );
#4484 = PCURVE('',#4306,#4485);
#4485 = DEFINITIONAL_REPRESENTATION('',(#4486),#4490);
#4486 = LINE('',#4487,#4488);
#4487 = CARTESIAN_POINT('',(-10.7,2.1));
#4488 = VECTOR('',#4489,1.);
#4489 = DIRECTION('',(0.707106781187,0.707106781187));
#4490 = ( GEOMETRIC_REPRESENTATION_CONTEXT(2) 
PARAMETRIC_REPRESENTATION_CONTEXT() REPRESENTATION_CONTEXT('2D SPACE',''
  ) );
#4491 = ADVANCED_FACE('',(#4492),#2166,.T.);
#4492 = FACE_BOUND('',#4493,.T.);
#4493 = EDGE_LOOP('',(#4494,#4495,#4496,#4519,#4547,#4568));
#4494 = ORIENTED_EDGE('',*,*,#2150,.T.);
#4495 = ORIENTED_EDGE('',*,*,#2429,.T.);
#4496 = ORIENTED_EDGE('',*,*,#4497,.T.);
#4497 = EDGE_CURVE('',#2402,#4498,#4500,.T.);
#4498 = VERTEX_POINT('',#4499);
#4499 = CARTESIAN_POINT('',(123.5,23.4,11.5));
#4500 = SURFACE_CURVE('',#4501,(#4505,#4512),.PCURVE_S1.);
#4501 = LINE('',#4502,#4503);
#4502 = CARTESIAN_POINT('',(123.5,23.4,2.2));
#4503 = VECTOR('',#4504,1.);
#4504 = DIRECTION('',(-0.,-0.,1.));
#4505 = PCURVE('',#2166,#4506);
#4506 = DEFINITIONAL_REPRESENTATION('',(#4507),#4511);
#4507 = LINE('',#4508,#4509);
#4508 = CARTESIAN_POINT('',(9.3,90.5));
#4509 = VECTOR('',#4510,1.);
#4510 = DIRECTION('',(-1.,0.));
#4511 = ( GEOMETRIC_REPRESENTATION_CONTEXT(2) 
PARAMETRIC_REPRESENTATION_CONTEXT() REPRESENTATION_CONTEXT('2D SPACE',''
  ) );
#4512 = PCURVE('',#2417,#4513);
#4513 = DEFINITIONAL_REPRESENTATION('',(#4514),#4518);
#4514 = LINE('',#4515,#4516);
#4515 = CARTESIAN_POINT('',(0.,0.));
#4516 = VECTOR('',#4517,1.);
#4517 = DIRECTION('',(-1.,0.));
#4518 = ( GEOMETRIC_REPRESENTATION_CONTEXT(2) 
PARAMETRIC_REPRESENTATION_CONTEXT() REPRESENTATION_CONTEXT('2D SPACE',''
  ) );
#4519 = ORIENTED_EDGE('',*,*,#4520,.T.);
#4520 = EDGE_CURVE('',#4498,#4521,#4523,.T.);
#4521 = VERTEX_POINT('',#4522);
#4522 = CARTESIAN_POINT('',(123.,23.4,11.5));
#4523 = SURFACE_CURVE('',#4524,(#4528,#4535),.PCURVE_S1.);
#4524 = LINE('',#4525,#4526);
#4525 = CARTESIAN_POINT('',(214.,23.4,11.5));
#4526 = VECTOR('',#4527,1.);
#4527 = DIRECTION('',(-1.,-0.,-0.));
#4528 = PCURVE('',#2166,#4529);
#4529 = DEFINITIONAL_REPRESENTATION('',(#4530),#4534);
#4530 = LINE('',#4531,#4532);
#4531 = CARTESIAN_POINT('',(0.,-0.));
#4532 = VECTOR('',#4533,1.);
#4533 = DIRECTION('',(-0.,1.));
#4534 = ( GEOMETRIC_REPRESENTATION_CONTEXT(2) 
PARAMETRIC_REPRESENTATION_CONTEXT() REPRESENTATION_CONTEXT('2D SPACE',''
  ) );
#4535 = PCURVE('',#4536,#4541);
#4536 = PLANE('',#4537);
#4537 = AXIS2_PLACEMENT_3D('',#4538,#4539,#4540);
#4538 = CARTESIAN_POINT('',(214.,20.,11.5));
#4539 = DIRECTION('',(-0.,-0.,1.));
#4540 = DIRECTION('',(1.,0.,0.));
#4541 = DEFINITIONAL_REPRESENTATION('',(#4542),#4546);
#4542 = LINE('',#4543,#4544);
#4543 = CARTESIAN_POINT('',(0.,3.4));
#4544 = VECTOR('',#4545,1.);
#4545 = DIRECTION('',(-1.,0.));
#4546 = ( GEOMETRIC_REPRESENTATION_CONTEXT(2) 
PARAMETRIC_REPRESENTATION_CONTEXT() REPRESENTATION_CONTEXT('2D SPACE',''
  ) );
#4547 = ORIENTED_EDGE('',*,*,#4548,.T.);
#4548 = EDGE_CURVE('',#4521,#4447,#4549,.T.);
#4549 = SURFACE_CURVE('',#4550,(#4554,#4561),.PCURVE_S1.);
#4550 = LINE('',#4551,#4552);
#4551 = CARTESIAN_POINT('',(123.,23.4,5.75));
#4552 = VECTOR('',#4553,1.);
#4553 = DIRECTION('',(-0.,0.,1.));
#4554 = PCURVE('',#2166,#4555);
#4555 = DEFINITIONAL_REPRESENTATION('',(#4556),#4560);
#4556 = LINE('',#4557,#4558);
#4557 = CARTESIAN_POINT('',(5.75,91.));
#4558 = VECTOR('',#4559,1.);
#4559 = DIRECTION('',(-1.,-0.));
#4560 = ( GEOMETRIC_REPRESENTATION_CONTEXT(2) 
PARAMETRIC_REPRESENTATION_CONTEXT() REPRESENTATION_CONTEXT('2D SPACE',''
  ) );
#4561 = PCURVE('',#4306,#4562);
#4562 = DEFINITIONAL_REPRESENTATION('',(#4563),#4567);
#4563 = LINE('',#4564,#4565);
#4564 = CARTESIAN_POINT('',(-5.75,-2.2));
#4565 = VECTOR('',#4566,1.);
#4566 = DIRECTION('',(-1.,0.));
#4567 = ( GEOMETRIC_REPRESENTATION_CONTEXT(2) 
PARAMETRIC_REPRESENTATION_CONTEXT() REPRESENTATION_CONTEXT('2D SPACE',''
  ) );
#4568 = ORIENTED_EDGE('',*,*,#4446,.F.);
#4569 = ADVANCED_FACE('',(#4570),#2115,.F.);
#4570 = FACE_BOUND('',#4571,.F.);
#4571 = EDGE_LOOP('',(#4572,#4573,#4574,#4597));
#4572 = ORIENTED_EDGE('',*,*,#2099,.T.);
#4573 = ORIENTED_EDGE('',*,*,#2451,.T.);
#4574 = ORIENTED_EDGE('',*,*,#4575,.T.);
#4575 = EDGE_CURVE('',#2452,#4576,#4578,.T.);
#4576 = VERTEX_POINT('',#4577);
#4577 = CARTESIAN_POINT('',(134.75,29.95,6.9));
#4578 = SURFACE_CURVE('',#4579,(#4583,#4590),.PCURVE_S1.);
#4579 = LINE('',#4580,#4581);
#4580 = CARTESIAN_POINT('',(134.75,29.95,3.39));
#4581 = VECTOR('',#4582,1.);
#4582 = DIRECTION('',(-0.,-0.,1.));
#4583 = PCURVE('',#2115,#4584);
#4584 = DEFINITIONAL_REPRESENTATION('',(#4585),#4589);
#4585 = LINE('',#4586,#4587);
#4586 = CARTESIAN_POINT('',(0.,66.3));
#4587 = VECTOR('',#4588,1.);
#4588 = DIRECTION('',(-1.,0.));
#4589 = ( GEOMETRIC_REPRESENTATION_CONTEXT(2) 
PARAMETRIC_REPRESENTATION_CONTEXT() REPRESENTATION_CONTEXT('2D SPACE',''
  ) );
#4590 = PCURVE('',#2490,#4591);
#4591 = DEFINITIONAL_REPRESENTATION('',(#4592),#4596);
#4592 = LINE('',#4593,#4594);
#4593 = CARTESIAN_POINT('',(0.,0.));
#4594 = VECTOR('',#4595,1.);
#4595 = DIRECTION('',(-1.,0.));
#4596 = ( GEOMETRIC_REPRESENTATION_CONTEXT(2) 
PARAMETRIC_REPRESENTATION_CONTEXT() REPRESENTATION_CONTEXT('2D SPACE',''
  ) );
#4597 = ORIENTED_EDGE('',*,*,#4598,.F.);
#4598 = EDGE_CURVE('',#2077,#4576,#4599,.T.);
#4599 = SURFACE_CURVE('',#4600,(#4604,#4611),.PCURVE_S1.);
#4600 = LINE('',#4601,#4602);
#4601 = CARTESIAN_POINT('',(157.05,29.95,6.9));
#4602 = VECTOR('',#4603,1.);
#4603 = DIRECTION('',(-1.,-0.,-0.));
#4604 = PCURVE('',#2115,#4605);
#4605 = DEFINITIONAL_REPRESENTATION('',(#4606),#4610);
#4606 = LINE('',#4607,#4608);
#4607 = CARTESIAN_POINT('',(-3.51,44.));
#4608 = VECTOR('',#4609,1.);
#4609 = DIRECTION('',(-0.,1.));
#4610 = ( GEOMETRIC_REPRESENTATION_CONTEXT(2) 
PARAMETRIC_REPRESENTATION_CONTEXT() REPRESENTATION_CONTEXT('2D SPACE',''
  ) );
#4611 = PCURVE('',#1980,#4612);
#4612 = DEFINITIONAL_REPRESENTATION('',(#4613),#4617);
#4613 = LINE('',#4614,#4615);
#4614 = CARTESIAN_POINT('',(-44.,0.));
#4615 = VECTOR('',#4616,1.);
#4616 = DIRECTION('',(-1.,0.));
#4617 = ( GEOMETRIC_REPRESENTATION_CONTEXT(2) 
PARAMETRIC_REPRESENTATION_CONTEXT() REPRESENTATION_CONTEXT('2D SPACE',''
  ) );
#4618 = ADVANCED_FACE('',(#4619),#1980,.T.);
#4619 = FACE_BOUND('',#4620,.T.);
#4620 = EDGE_LOOP('',(#4621,#4622,#4645,#4666,#4667,#4668,#4691,#4719));
#4621 = ORIENTED_EDGE('',*,*,#1964,.T.);
#4622 = ORIENTED_EDGE('',*,*,#4623,.F.);
#4623 = EDGE_CURVE('',#4624,#1937,#4626,.T.);
#4624 = VERTEX_POINT('',#4625);
#4625 = CARTESIAN_POINT('',(134.75,52.25,6.9));
#4626 = SURFACE_CURVE('',#4627,(#4631,#4638),.PCURVE_S1.);
#4627 = LINE('',#4628,#4629);
#4628 = CARTESIAN_POINT('',(134.75,52.25,6.9));
#4629 = VECTOR('',#4630,1.);
#4630 = DIRECTION('',(1.,0.,0.));
#4631 = PCURVE('',#1980,#4632);
#4632 = DEFINITIONAL_REPRESENTATION('',(#4633),#4637);
#4633 = LINE('',#4634,#4635);
#4634 = CARTESIAN_POINT('',(-66.3,22.3));
#4635 = VECTOR('',#4636,1.);
#4636 = DIRECTION('',(1.,0.));
#4637 = ( GEOMETRIC_REPRESENTATION_CONTEXT(2) 
PARAMETRIC_REPRESENTATION_CONTEXT() REPRESENTATION_CONTEXT('2D SPACE',''
  ) );
#4638 = PCURVE('',#1952,#4639);
#4639 = DEFINITIONAL_REPRESENTATION('',(#4640),#4644);
#4640 = LINE('',#4641,#4642);
#4641 = CARTESIAN_POINT('',(-3.51,66.3));
#4642 = VECTOR('',#4643,1.);
#4643 = DIRECTION('',(0.,-1.));
#4644 = ( GEOMETRIC_REPRESENTATION_CONTEXT(2) 
PARAMETRIC_REPRESENTATION_CONTEXT() REPRESENTATION_CONTEXT('2D SPACE',''
  ) );
#4645 = ORIENTED_EDGE('',*,*,#4646,.F.);
#4646 = EDGE_CURVE('',#4576,#4624,#4647,.T.);
#4647 = SURFACE_CURVE('',#4648,(#4652,#4659),.PCURVE_S1.);
#4648 = LINE('',#4649,#4650);
#4649 = CARTESIAN_POINT('',(134.75,29.95,6.9));
#4650 = VECTOR('',#4651,1.);
#4651 = DIRECTION('',(-0.,1.,-0.));
#4652 = PCURVE('',#1980,#4653);
#4653 = DEFINITIONAL_REPRESENTATION('',(#4654),#4658);
#4654 = LINE('',#4655,#4656);
#4655 = CARTESIAN_POINT('',(-66.3,0.));
#4656 = VECTOR('',#4657,1.);
#4657 = DIRECTION('',(0.,1.));
#4658 = ( GEOMETRIC_REPRESENTATION_CONTEXT(2) 
PARAMETRIC_REPRESENTATION_CONTEXT() REPRESENTATION_CONTEXT('2D SPACE',''
  ) );
#4659 = PCURVE('',#2490,#4660);
#4660 = DEFINITIONAL_REPRESENTATION('',(#4661),#4665);
#4661 = LINE('',#4662,#4663);
#4662 = CARTESIAN_POINT('',(-3.51,0.));
#4663 = VECTOR('',#4664,1.);
#4664 = DIRECTION('',(0.,-1.));
#4665 = ( GEOMETRIC_REPRESENTATION_CONTEXT(2) 
PARAMETRIC_REPRESENTATION_CONTEXT() REPRESENTATION_CONTEXT('2D SPACE',''
  ) );
#4666 = ORIENTED_EDGE('',*,*,#4598,.F.);
#4667 = ORIENTED_EDGE('',*,*,#2076,.T.);
#4668 = ORIENTED_EDGE('',*,*,#4669,.F.);
#4669 = EDGE_CURVE('',#4670,#2049,#4672,.T.);
#4670 = VERTEX_POINT('',#4671);
#4671 = CARTESIAN_POINT('',(135.55,30.75,6.9));
#4672 = SURFACE_CURVE('',#4673,(#4677,#4684),.PCURVE_S1.);
#4673 = LINE('',#4674,#4675);
#4674 = CARTESIAN_POINT('',(156.65,30.75,6.9));
#4675 = VECTOR('',#4676,1.);
#4676 = DIRECTION('',(1.,-0.,0.));
#4677 = PCURVE('',#1980,#4678);
#4678 = DEFINITIONAL_REPRESENTATION('',(#4679),#4683);
#4679 = LINE('',#4680,#4681);
#4680 = CARTESIAN_POINT('',(-44.4,0.8));
#4681 = VECTOR('',#4682,1.);
#4682 = DIRECTION('',(1.,0.));
#4683 = ( GEOMETRIC_REPRESENTATION_CONTEXT(2) 
PARAMETRIC_REPRESENTATION_CONTEXT() REPRESENTATION_CONTEXT('2D SPACE',''
  ) );
#4684 = PCURVE('',#2064,#4685);
#4685 = DEFINITIONAL_REPRESENTATION('',(#4686),#4690);
#4686 = LINE('',#4687,#4688);
#4687 = CARTESIAN_POINT('',(-3.52,-0.4));
#4688 = VECTOR('',#4689,1.);
#4689 = DIRECTION('',(0.,-1.));
#4690 = ( GEOMETRIC_REPRESENTATION_CONTEXT(2) 
PARAMETRIC_REPRESENTATION_CONTEXT() REPRESENTATION_CONTEXT('2D SPACE',''
  ) );
#4691 = ORIENTED_EDGE('',*,*,#4692,.T.);
#4692 = EDGE_CURVE('',#4670,#4693,#4695,.T.);
#4693 = VERTEX_POINT('',#4694);
#4694 = CARTESIAN_POINT('',(135.55,51.45,6.9));
#4695 = SURFACE_CURVE('',#4696,(#4700,#4707),.PCURVE_S1.);
#4696 = LINE('',#4697,#4698);
#4697 = CARTESIAN_POINT('',(135.55,30.35,6.9));
#4698 = VECTOR('',#4699,1.);
#4699 = DIRECTION('',(-0.,1.,-0.));
#4700 = PCURVE('',#1980,#4701);
#4701 = DEFINITIONAL_REPRESENTATION('',(#4702),#4706);
#4702 = LINE('',#4703,#4704);
#4703 = CARTESIAN_POINT('',(-65.5,0.4));
#4704 = VECTOR('',#4705,1.);
#4705 = DIRECTION('',(0.,1.));
#4706 = ( GEOMETRIC_REPRESENTATION_CONTEXT(2) 
PARAMETRIC_REPRESENTATION_CONTEXT() REPRESENTATION_CONTEXT('2D SPACE',''
  ) );
#4707 = PCURVE('',#4708,#4713);
#4708 = PLANE('',#4709);
#4709 = AXIS2_PLACEMENT_3D('',#4710,#4711,#4712);
#4710 = CARTESIAN_POINT('',(135.55,30.75,3.38));
#4711 = DIRECTION('',(-1.,-0.,-0.));
#4712 = DIRECTION('',(0.,0.,-1.));
#4713 = DEFINITIONAL_REPRESENTATION('',(#4714),#4718);
#4714 = LINE('',#4715,#4716);
#4715 = CARTESIAN_POINT('',(-3.52,0.4));
#4716 = VECTOR('',#4717,1.);
#4717 = DIRECTION('',(0.,-1.));
#4718 = ( GEOMETRIC_REPRESENTATION_CONTEXT(2) 
PARAMETRIC_REPRESENTATION_CONTEXT() REPRESENTATION_CONTEXT('2D SPACE',''
  ) );
#4719 = ORIENTED_EDGE('',*,*,#4720,.T.);
#4720 = EDGE_CURVE('',#4693,#1965,#4721,.T.);
#4721 = SURFACE_CURVE('',#4722,(#4726,#4733),.PCURVE_S1.);
#4722 = LINE('',#4723,#4724);
#4723 = CARTESIAN_POINT('',(156.65,51.45,6.9));
#4724 = VECTOR('',#4725,1.);
#4725 = DIRECTION('',(1.,-0.,0.));
#4726 = PCURVE('',#1980,#4727);
#4727 = DEFINITIONAL_REPRESENTATION('',(#4728),#4732);
#4728 = LINE('',#4729,#4730);
#4729 = CARTESIAN_POINT('',(-44.4,21.5));
#4730 = VECTOR('',#4731,1.);
#4731 = DIRECTION('',(1.,0.));
#4732 = ( GEOMETRIC_REPRESENTATION_CONTEXT(2) 
PARAMETRIC_REPRESENTATION_CONTEXT() REPRESENTATION_CONTEXT('2D SPACE',''
  ) );
#4733 = PCURVE('',#2008,#4734);
#4734 = DEFINITIONAL_REPRESENTATION('',(#4735),#4739);
#4735 = LINE('',#4736,#4737);
#4736 = CARTESIAN_POINT('',(-3.52,-0.4));
#4737 = VECTOR('',#4738,1.);
#4738 = DIRECTION('',(0.,-1.));
#4739 = ( GEOMETRIC_REPRESENTATION_CONTEXT(2) 
PARAMETRIC_REPRESENTATION_CONTEXT() REPRESENTATION_CONTEXT('2D SPACE',''
  ) );
#4740 = ADVANCED_FACE('',(#4741),#2064,.T.);
#4741 = FACE_BOUND('',#4742,.T.);
#4742 = EDGE_LOOP('',(#4743,#4766,#4787,#4788));
#4743 = ORIENTED_EDGE('',*,*,#4744,.T.);
#4744 = EDGE_CURVE('',#2021,#4745,#4747,.T.);
#4745 = VERTEX_POINT('',#4746);
#4746 = CARTESIAN_POINT('',(135.55,30.75,3.4));
#4747 = SURFACE_CURVE('',#4748,(#4752,#4759),.PCURVE_S1.);
#4748 = LINE('',#4749,#4750);
#4749 = CARTESIAN_POINT('',(179.025,30.75,3.4));
#4750 = VECTOR('',#4751,1.);
#4751 = DIRECTION('',(-1.,-0.,-0.));
#4752 = PCURVE('',#2064,#4753);
#4753 = DEFINITIONAL_REPRESENTATION('',(#4754),#4758);
#4754 = LINE('',#4755,#4756);
#4755 = CARTESIAN_POINT('',(-2.E-02,-22.775));
#4756 = VECTOR('',#4757,1.);
#4757 = DIRECTION('',(-0.,1.));
#4758 = ( GEOMETRIC_REPRESENTATION_CONTEXT(2) 
PARAMETRIC_REPRESENTATION_CONTEXT() REPRESENTATION_CONTEXT('2D SPACE',''
  ) );
#4759 = PCURVE('',#2036,#4760);
#4760 = DEFINITIONAL_REPRESENTATION('',(#4761),#4765);
#4761 = LINE('',#4762,#4763);
#4762 = CARTESIAN_POINT('',(-22.775,7.35));
#4763 = VECTOR('',#4764,1.);
#4764 = DIRECTION('',(-1.,0.));
#4765 = ( GEOMETRIC_REPRESENTATION_CONTEXT(2) 
PARAMETRIC_REPRESENTATION_CONTEXT() REPRESENTATION_CONTEXT('2D SPACE',''
  ) );
#4766 = ORIENTED_EDGE('',*,*,#4767,.T.);
#4767 = EDGE_CURVE('',#4745,#4670,#4768,.T.);
#4768 = SURFACE_CURVE('',#4769,(#4773,#4780),.PCURVE_S1.);
#4769 = LINE('',#4770,#4771);
#4770 = CARTESIAN_POINT('',(135.55,30.75,3.38));
#4771 = VECTOR('',#4772,1.);
#4772 = DIRECTION('',(-0.,-0.,1.));
#4773 = PCURVE('',#2064,#4774);
#4774 = DEFINITIONAL_REPRESENTATION('',(#4775),#4779);
#4775 = LINE('',#4776,#4777);
#4776 = CARTESIAN_POINT('',(0.,20.7));
#4777 = VECTOR('',#4778,1.);
#4778 = DIRECTION('',(-1.,0.));
#4779 = ( GEOMETRIC_REPRESENTATION_CONTEXT(2) 
PARAMETRIC_REPRESENTATION_CONTEXT() REPRESENTATION_CONTEXT('2D SPACE',''
  ) );
#4780 = PCURVE('',#4708,#4781);
#4781 = DEFINITIONAL_REPRESENTATION('',(#4782),#4786);
#4782 = LINE('',#4783,#4784);
#4783 = CARTESIAN_POINT('',(0.,0.));
#4784 = VECTOR('',#4785,1.);
#4785 = DIRECTION('',(-1.,0.));
#4786 = ( GEOMETRIC_REPRESENTATION_CONTEXT(2) 
PARAMETRIC_REPRESENTATION_CONTEXT() REPRESENTATION_CONTEXT('2D SPACE',''
  ) );
#4787 = ORIENTED_EDGE('',*,*,#4669,.T.);
#4788 = ORIENTED_EDGE('',*,*,#2048,.T.);
#4789 = ADVANCED_FACE('',(#4790),#2036,.T.);
#4790 = FACE_BOUND('',#4791,.T.);
#4791 = EDGE_LOOP('',(#4792,#4793,#4816,#4837));
#4792 = ORIENTED_EDGE('',*,*,#2020,.T.);
#4793 = ORIENTED_EDGE('',*,*,#4794,.T.);
#4794 = EDGE_CURVE('',#1993,#4795,#4797,.T.);
#4795 = VERTEX_POINT('',#4796);
#4796 = CARTESIAN_POINT('',(135.55,51.45,3.4));
#4797 = SURFACE_CURVE('',#4798,(#4802,#4809),.PCURVE_S1.);
#4798 = LINE('',#4799,#4800);
#4799 = CARTESIAN_POINT('',(179.025,51.45,3.4));
#4800 = VECTOR('',#4801,1.);
#4801 = DIRECTION('',(-1.,-0.,-0.));
#4802 = PCURVE('',#2036,#4803);
#4803 = DEFINITIONAL_REPRESENTATION('',(#4804),#4808);
#4804 = LINE('',#4805,#4806);
#4805 = CARTESIAN_POINT('',(-22.775,28.05));
#4806 = VECTOR('',#4807,1.);
#4807 = DIRECTION('',(-1.,0.));
#4808 = ( GEOMETRIC_REPRESENTATION_CONTEXT(2) 
PARAMETRIC_REPRESENTATION_CONTEXT() REPRESENTATION_CONTEXT('2D SPACE',''
  ) );
#4809 = PCURVE('',#2008,#4810);
#4810 = DEFINITIONAL_REPRESENTATION('',(#4811),#4815);
#4811 = LINE('',#4812,#4813);
#4812 = CARTESIAN_POINT('',(-2.E-02,-22.775));
#4813 = VECTOR('',#4814,1.);
#4814 = DIRECTION('',(-0.,1.));
#4815 = ( GEOMETRIC_REPRESENTATION_CONTEXT(2) 
PARAMETRIC_REPRESENTATION_CONTEXT() REPRESENTATION_CONTEXT('2D SPACE',''
  ) );
#4816 = ORIENTED_EDGE('',*,*,#4817,.T.);
#4817 = EDGE_CURVE('',#4795,#4745,#4818,.T.);
#4818 = SURFACE_CURVE('',#4819,(#4823,#4830),.PCURVE_S1.);
#4819 = LINE('',#4820,#4821);
#4820 = CARTESIAN_POINT('',(135.55,27.075,3.4));
#4821 = VECTOR('',#4822,1.);
#4822 = DIRECTION('',(0.,-1.,0.));
#4823 = PCURVE('',#2036,#4824);
#4824 = DEFINITIONAL_REPRESENTATION('',(#4825),#4829);
#4825 = LINE('',#4826,#4827);
#4826 = CARTESIAN_POINT('',(-66.25,3.675));
#4827 = VECTOR('',#4828,1.);
#4828 = DIRECTION('',(0.,-1.));
#4829 = ( GEOMETRIC_REPRESENTATION_CONTEXT(2) 
PARAMETRIC_REPRESENTATION_CONTEXT() REPRESENTATION_CONTEXT('2D SPACE',''
  ) );
#4830 = PCURVE('',#4708,#4831);
#4831 = DEFINITIONAL_REPRESENTATION('',(#4832),#4836);
#4832 = LINE('',#4833,#4834);
#4833 = CARTESIAN_POINT('',(-2.E-02,3.675));
#4834 = VECTOR('',#4835,1.);
#4835 = DIRECTION('',(0.,1.));
#4836 = ( GEOMETRIC_REPRESENTATION_CONTEXT(2) 
PARAMETRIC_REPRESENTATION_CONTEXT() REPRESENTATION_CONTEXT('2D SPACE',''
  ) );
#4837 = ORIENTED_EDGE('',*,*,#4744,.F.);
#4838 = ADVANCED_FACE('',(#4839),#2008,.F.);
#4839 = FACE_BOUND('',#4840,.F.);
#4840 = EDGE_LOOP('',(#4841,#4842,#4863,#4864));
#4841 = ORIENTED_EDGE('',*,*,#4794,.T.);
#4842 = ORIENTED_EDGE('',*,*,#4843,.T.);
#4843 = EDGE_CURVE('',#4795,#4693,#4844,.T.);
#4844 = SURFACE_CURVE('',#4845,(#4849,#4856),.PCURVE_S1.);
#4845 = LINE('',#4846,#4847);
#4846 = CARTESIAN_POINT('',(135.55,51.45,3.38));
#4847 = VECTOR('',#4848,1.);
#4848 = DIRECTION('',(-0.,-0.,1.));
#4849 = PCURVE('',#2008,#4850);
#4850 = DEFINITIONAL_REPRESENTATION('',(#4851),#4855);
#4851 = LINE('',#4852,#4853);
#4852 = CARTESIAN_POINT('',(0.,20.7));
#4853 = VECTOR('',#4854,1.);
#4854 = DIRECTION('',(-1.,0.));
#4855 = ( GEOMETRIC_REPRESENTATION_CONTEXT(2) 
PARAMETRIC_REPRESENTATION_CONTEXT() REPRESENTATION_CONTEXT('2D SPACE',''
  ) );
#4856 = PCURVE('',#4708,#4857);
#4857 = DEFINITIONAL_REPRESENTATION('',(#4858),#4862);
#4858 = LINE('',#4859,#4860);
#4859 = CARTESIAN_POINT('',(0.,-20.7));
#4860 = VECTOR('',#4861,1.);
#4861 = DIRECTION('',(-1.,0.));
#4862 = ( GEOMETRIC_REPRESENTATION_CONTEXT(2) 
PARAMETRIC_REPRESENTATION_CONTEXT() REPRESENTATION_CONTEXT('2D SPACE',''
  ) );
#4863 = ORIENTED_EDGE('',*,*,#4720,.T.);
#4864 = ORIENTED_EDGE('',*,*,#1992,.T.);
#4865 = ADVANCED_FACE('',(#4866),#1952,.T.);
#4866 = FACE_BOUND('',#4867,.T.);
#4867 = EDGE_LOOP('',(#4868,#4889,#4890,#4891));
#4868 = ORIENTED_EDGE('',*,*,#4869,.T.);
#4869 = EDGE_CURVE('',#2475,#4624,#4870,.T.);
#4870 = SURFACE_CURVE('',#4871,(#4875,#4882),.PCURVE_S1.);
#4871 = LINE('',#4872,#4873);
#4872 = CARTESIAN_POINT('',(134.75,52.25,3.39));
#4873 = VECTOR('',#4874,1.);
#4874 = DIRECTION('',(-0.,-0.,1.));
#4875 = PCURVE('',#1952,#4876);
#4876 = DEFINITIONAL_REPRESENTATION('',(#4877),#4881);
#4877 = LINE('',#4878,#4879);
#4878 = CARTESIAN_POINT('',(0.,66.3));
#4879 = VECTOR('',#4880,1.);
#4880 = DIRECTION('',(-1.,0.));
#4881 = ( GEOMETRIC_REPRESENTATION_CONTEXT(2) 
PARAMETRIC_REPRESENTATION_CONTEXT() REPRESENTATION_CONTEXT('2D SPACE',''
  ) );
#4882 = PCURVE('',#2490,#4883);
#4883 = DEFINITIONAL_REPRESENTATION('',(#4884),#4888);
#4884 = LINE('',#4885,#4886);
#4885 = CARTESIAN_POINT('',(0.,-22.3));
#4886 = VECTOR('',#4887,1.);
#4887 = DIRECTION('',(-1.,0.));
#4888 = ( GEOMETRIC_REPRESENTATION_CONTEXT(2) 
PARAMETRIC_REPRESENTATION_CONTEXT() REPRESENTATION_CONTEXT('2D SPACE',''
  ) );
#4889 = ORIENTED_EDGE('',*,*,#4623,.T.);
#4890 = ORIENTED_EDGE('',*,*,#1936,.T.);
#4891 = ORIENTED_EDGE('',*,*,#2502,.F.);
#4892 = ADVANCED_FACE('',(#4893),#1901,.F.);
#4893 = FACE_BOUND('',#4894,.F.);
#4894 = EDGE_LOOP('',(#4895,#4896,#4897,#4920));
#4895 = ORIENTED_EDGE('',*,*,#1885,.T.);
#4896 = ORIENTED_EDGE('',*,*,#2524,.T.);
#4897 = ORIENTED_EDGE('',*,*,#4898,.T.);
#4898 = EDGE_CURVE('',#2525,#4899,#4901,.T.);
#4899 = VERTEX_POINT('',#4900);
#4900 = CARTESIAN_POINT('',(134.75,52.55,6.9));
#4901 = SURFACE_CURVE('',#4902,(#4906,#4913),.PCURVE_S1.);
#4902 = LINE('',#4903,#4904);
#4903 = CARTESIAN_POINT('',(134.75,52.55,3.39));
#4904 = VECTOR('',#4905,1.);
#4905 = DIRECTION('',(-0.,-0.,1.));
#4906 = PCURVE('',#1901,#4907);
#4907 = DEFINITIONAL_REPRESENTATION('',(#4908),#4912);
#4908 = LINE('',#4909,#4910);
#4909 = CARTESIAN_POINT('',(0.,66.3));
#4910 = VECTOR('',#4911,1.);
#4911 = DIRECTION('',(-1.,0.));
#4912 = ( GEOMETRIC_REPRESENTATION_CONTEXT(2) 
PARAMETRIC_REPRESENTATION_CONTEXT() REPRESENTATION_CONTEXT('2D SPACE',''
  ) );
#4913 = PCURVE('',#2563,#4914);
#4914 = DEFINITIONAL_REPRESENTATION('',(#4915),#4919);
#4915 = LINE('',#4916,#4917);
#4916 = CARTESIAN_POINT('',(0.,0.));
#4917 = VECTOR('',#4918,1.);
#4918 = DIRECTION('',(-1.,0.));
#4919 = ( GEOMETRIC_REPRESENTATION_CONTEXT(2) 
PARAMETRIC_REPRESENTATION_CONTEXT() REPRESENTATION_CONTEXT('2D SPACE',''
  ) );
#4920 = ORIENTED_EDGE('',*,*,#4921,.F.);
#4921 = EDGE_CURVE('',#1863,#4899,#4922,.T.);
#4922 = SURFACE_CURVE('',#4923,(#4927,#4934),.PCURVE_S1.);
#4923 = LINE('',#4924,#4925);
#4924 = CARTESIAN_POINT('',(157.05,52.55,6.9));
#4925 = VECTOR('',#4926,1.);
#4926 = DIRECTION('',(-1.,-0.,-0.));
#4927 = PCURVE('',#1901,#4928);
#4928 = DEFINITIONAL_REPRESENTATION('',(#4929),#4933);
#4929 = LINE('',#4930,#4931);
#4930 = CARTESIAN_POINT('',(-3.51,44.));
#4931 = VECTOR('',#4932,1.);
#4932 = DIRECTION('',(-0.,1.));
#4933 = ( GEOMETRIC_REPRESENTATION_CONTEXT(2) 
PARAMETRIC_REPRESENTATION_CONTEXT() REPRESENTATION_CONTEXT('2D SPACE',''
  ) );
#4934 = PCURVE('',#1766,#4935);
#4935 = DEFINITIONAL_REPRESENTATION('',(#4936),#4940);
#4936 = LINE('',#4937,#4938);
#4937 = CARTESIAN_POINT('',(-44.,0.));
#4938 = VECTOR('',#4939,1.);
#4939 = DIRECTION('',(-1.,0.));
#4940 = ( GEOMETRIC_REPRESENTATION_CONTEXT(2) 
PARAMETRIC_REPRESENTATION_CONTEXT() REPRESENTATION_CONTEXT('2D SPACE',''
  ) );
#4941 = ADVANCED_FACE('',(#4942),#1766,.T.);
#4942 = FACE_BOUND('',#4943,.T.);
#4943 = EDGE_LOOP('',(#4944,#4945,#4968,#4989,#4990,#4991,#5014,#5042));
#4944 = ORIENTED_EDGE('',*,*,#1750,.T.);
#4945 = ORIENTED_EDGE('',*,*,#4946,.F.);
#4946 = EDGE_CURVE('',#4947,#1723,#4949,.T.);
#4947 = VERTEX_POINT('',#4948);
#4948 = CARTESIAN_POINT('',(134.75,74.85,6.9));
#4949 = SURFACE_CURVE('',#4950,(#4954,#4961),.PCURVE_S1.);
#4950 = LINE('',#4951,#4952);
#4951 = CARTESIAN_POINT('',(134.75,74.85,6.9));
#4952 = VECTOR('',#4953,1.);
#4953 = DIRECTION('',(1.,0.,0.));
#4954 = PCURVE('',#1766,#4955);
#4955 = DEFINITIONAL_REPRESENTATION('',(#4956),#4960);
#4956 = LINE('',#4957,#4958);
#4957 = CARTESIAN_POINT('',(-66.3,22.3));
#4958 = VECTOR('',#4959,1.);
#4959 = DIRECTION('',(1.,0.));
#4960 = ( GEOMETRIC_REPRESENTATION_CONTEXT(2) 
PARAMETRIC_REPRESENTATION_CONTEXT() REPRESENTATION_CONTEXT('2D SPACE',''
  ) );
#4961 = PCURVE('',#1738,#4962);
#4962 = DEFINITIONAL_REPRESENTATION('',(#4963),#4967);
#4963 = LINE('',#4964,#4965);
#4964 = CARTESIAN_POINT('',(-3.51,66.3));
#4965 = VECTOR('',#4966,1.);
#4966 = DIRECTION('',(0.,-1.));
#4967 = ( GEOMETRIC_REPRESENTATION_CONTEXT(2) 
PARAMETRIC_REPRESENTATION_CONTEXT() REPRESENTATION_CONTEXT('2D SPACE',''
  ) );
#4968 = ORIENTED_EDGE('',*,*,#4969,.F.);
#4969 = EDGE_CURVE('',#4899,#4947,#4970,.T.);
#4970 = SURFACE_CURVE('',#4971,(#4975,#4982),.PCURVE_S1.);
#4971 = LINE('',#4972,#4973);
#4972 = CARTESIAN_POINT('',(134.75,52.55,6.9));
#4973 = VECTOR('',#4974,1.);
#4974 = DIRECTION('',(-0.,1.,-0.));
#4975 = PCURVE('',#1766,#4976);
#4976 = DEFINITIONAL_REPRESENTATION('',(#4977),#4981);
#4977 = LINE('',#4978,#4979);
#4978 = CARTESIAN_POINT('',(-66.3,0.));
#4979 = VECTOR('',#4980,1.);
#4980 = DIRECTION('',(0.,1.));
#4981 = ( GEOMETRIC_REPRESENTATION_CONTEXT(2) 
PARAMETRIC_REPRESENTATION_CONTEXT() REPRESENTATION_CONTEXT('2D SPACE',''
  ) );
#4982 = PCURVE('',#2563,#4983);
#4983 = DEFINITIONAL_REPRESENTATION('',(#4984),#4988);
#4984 = LINE('',#4985,#4986);
#4985 = CARTESIAN_POINT('',(-3.51,0.));
#4986 = VECTOR('',#4987,1.);
#4987 = DIRECTION('',(0.,-1.));
#4988 = ( GEOMETRIC_REPRESENTATION_CONTEXT(2) 
PARAMETRIC_REPRESENTATION_CONTEXT() REPRESENTATION_CONTEXT('2D SPACE',''
  ) );
#4989 = ORIENTED_EDGE('',*,*,#4921,.F.);
#4990 = ORIENTED_EDGE('',*,*,#1862,.T.);
#4991 = ORIENTED_EDGE('',*,*,#4992,.F.);
#4992 = EDGE_CURVE('',#4993,#1835,#4995,.T.);
#4993 = VERTEX_POINT('',#4994);
#4994 = CARTESIAN_POINT('',(135.55,53.35,6.9));
#4995 = SURFACE_CURVE('',#4996,(#5000,#5007),.PCURVE_S1.);
#4996 = LINE('',#4997,#4998);
#4997 = CARTESIAN_POINT('',(156.65,53.35,6.9));
#4998 = VECTOR('',#4999,1.);
#4999 = DIRECTION('',(1.,-0.,0.));
#5000 = PCURVE('',#1766,#5001);
#5001 = DEFINITIONAL_REPRESENTATION('',(#5002),#5006);
#5002 = LINE('',#5003,#5004);
#5003 = CARTESIAN_POINT('',(-44.4,0.8));
#5004 = VECTOR('',#5005,1.);
#5005 = DIRECTION('',(1.,0.));
#5006 = ( GEOMETRIC_REPRESENTATION_CONTEXT(2) 
PARAMETRIC_REPRESENTATION_CONTEXT() REPRESENTATION_CONTEXT('2D SPACE',''
  ) );
#5007 = PCURVE('',#1850,#5008);
#5008 = DEFINITIONAL_REPRESENTATION('',(#5009),#5013);
#5009 = LINE('',#5010,#5011);
#5010 = CARTESIAN_POINT('',(-3.52,-0.4));
#5011 = VECTOR('',#5012,1.);
#5012 = DIRECTION('',(0.,-1.));
#5013 = ( GEOMETRIC_REPRESENTATION_CONTEXT(2) 
PARAMETRIC_REPRESENTATION_CONTEXT() REPRESENTATION_CONTEXT('2D SPACE',''
  ) );
#5014 = ORIENTED_EDGE('',*,*,#5015,.T.);
#5015 = EDGE_CURVE('',#4993,#5016,#5018,.T.);
#5016 = VERTEX_POINT('',#5017);
#5017 = CARTESIAN_POINT('',(135.55,74.05,6.9));
#5018 = SURFACE_CURVE('',#5019,(#5023,#5030),.PCURVE_S1.);
#5019 = LINE('',#5020,#5021);
#5020 = CARTESIAN_POINT('',(135.55,52.95,6.9));
#5021 = VECTOR('',#5022,1.);
#5022 = DIRECTION('',(-0.,1.,-0.));
#5023 = PCURVE('',#1766,#5024);
#5024 = DEFINITIONAL_REPRESENTATION('',(#5025),#5029);
#5025 = LINE('',#5026,#5027);
#5026 = CARTESIAN_POINT('',(-65.5,0.4));
#5027 = VECTOR('',#5028,1.);
#5028 = DIRECTION('',(0.,1.));
#5029 = ( GEOMETRIC_REPRESENTATION_CONTEXT(2) 
PARAMETRIC_REPRESENTATION_CONTEXT() REPRESENTATION_CONTEXT('2D SPACE',''
  ) );
#5030 = PCURVE('',#5031,#5036);
#5031 = PLANE('',#5032);
#5032 = AXIS2_PLACEMENT_3D('',#5033,#5034,#5035);
#5033 = CARTESIAN_POINT('',(135.55,53.35,3.38));
#5034 = DIRECTION('',(-1.,-0.,-0.));
#5035 = DIRECTION('',(0.,0.,-1.));
#5036 = DEFINITIONAL_REPRESENTATION('',(#5037),#5041);
#5037 = LINE('',#5038,#5039);
#5038 = CARTESIAN_POINT('',(-3.52,0.4));
#5039 = VECTOR('',#5040,1.);
#5040 = DIRECTION('',(0.,-1.));
#5041 = ( GEOMETRIC_REPRESENTATION_CONTEXT(2) 
PARAMETRIC_REPRESENTATION_CONTEXT() REPRESENTATION_CONTEXT('2D SPACE',''
  ) );
#5042 = ORIENTED_EDGE('',*,*,#5043,.T.);
#5043 = EDGE_CURVE('',#5016,#1751,#5044,.T.);
#5044 = SURFACE_CURVE('',#5045,(#5049,#5056),.PCURVE_S1.);
#5045 = LINE('',#5046,#5047);
#5046 = CARTESIAN_POINT('',(156.65,74.05,6.9));
#5047 = VECTOR('',#5048,1.);
#5048 = DIRECTION('',(1.,-0.,0.));
#5049 = PCURVE('',#1766,#5050);
#5050 = DEFINITIONAL_REPRESENTATION('',(#5051),#5055);
#5051 = LINE('',#5052,#5053);
#5052 = CARTESIAN_POINT('',(-44.4,21.5));
#5053 = VECTOR('',#5054,1.);
#5054 = DIRECTION('',(1.,0.));
#5055 = ( GEOMETRIC_REPRESENTATION_CONTEXT(2) 
PARAMETRIC_REPRESENTATION_CONTEXT() REPRESENTATION_CONTEXT('2D SPACE',''
  ) );
#5056 = PCURVE('',#1794,#5057);
#5057 = DEFINITIONAL_REPRESENTATION('',(#5058),#5062);
#5058 = LINE('',#5059,#5060);
#5059 = CARTESIAN_POINT('',(-3.52,-0.4));
#5060 = VECTOR('',#5061,1.);
#5061 = DIRECTION('',(0.,-1.));
#5062 = ( GEOMETRIC_REPRESENTATION_CONTEXT(2) 
PARAMETRIC_REPRESENTATION_CONTEXT() REPRESENTATION_CONTEXT('2D SPACE',''
  ) );
#5063 = ADVANCED_FACE('',(#5064),#1850,.T.);
#5064 = FACE_BOUND('',#5065,.T.);
#5065 = EDGE_LOOP('',(#5066,#5089,#5110,#5111));
#5066 = ORIENTED_EDGE('',*,*,#5067,.T.);
#5067 = EDGE_CURVE('',#1807,#5068,#5070,.T.);
#5068 = VERTEX_POINT('',#5069);
#5069 = CARTESIAN_POINT('',(135.55,53.35,3.4));
#5070 = SURFACE_CURVE('',#5071,(#5075,#5082),.PCURVE_S1.);
#5071 = LINE('',#5072,#5073);
#5072 = CARTESIAN_POINT('',(179.025,53.35,3.4));
#5073 = VECTOR('',#5074,1.);
#5074 = DIRECTION('',(-1.,-0.,-0.));
#5075 = PCURVE('',#1850,#5076);
#5076 = DEFINITIONAL_REPRESENTATION('',(#5077),#5081);
#5077 = LINE('',#5078,#5079);
#5078 = CARTESIAN_POINT('',(-2.E-02,-22.775));
#5079 = VECTOR('',#5080,1.);
#5080 = DIRECTION('',(-0.,1.));
#5081 = ( GEOMETRIC_REPRESENTATION_CONTEXT(2) 
PARAMETRIC_REPRESENTATION_CONTEXT() REPRESENTATION_CONTEXT('2D SPACE',''
  ) );
#5082 = PCURVE('',#1822,#5083);
#5083 = DEFINITIONAL_REPRESENTATION('',(#5084),#5088);
#5084 = LINE('',#5085,#5086);
#5085 = CARTESIAN_POINT('',(-22.775,29.95));
#5086 = VECTOR('',#5087,1.);
#5087 = DIRECTION('',(-1.,0.));
#5088 = ( GEOMETRIC_REPRESENTATION_CONTEXT(2) 
PARAMETRIC_REPRESENTATION_CONTEXT() REPRESENTATION_CONTEXT('2D SPACE',''
  ) );
#5089 = ORIENTED_EDGE('',*,*,#5090,.T.);
#5090 = EDGE_CURVE('',#5068,#4993,#5091,.T.);
#5091 = SURFACE_CURVE('',#5092,(#5096,#5103),.PCURVE_S1.);
#5092 = LINE('',#5093,#5094);
#5093 = CARTESIAN_POINT('',(135.55,53.35,3.38));
#5094 = VECTOR('',#5095,1.);
#5095 = DIRECTION('',(-0.,-0.,1.));
#5096 = PCURVE('',#1850,#5097);
#5097 = DEFINITIONAL_REPRESENTATION('',(#5098),#5102);
#5098 = LINE('',#5099,#5100);
#5099 = CARTESIAN_POINT('',(0.,20.7));
#5100 = VECTOR('',#5101,1.);
#5101 = DIRECTION('',(-1.,0.));
#5102 = ( GEOMETRIC_REPRESENTATION_CONTEXT(2) 
PARAMETRIC_REPRESENTATION_CONTEXT() REPRESENTATION_CONTEXT('2D SPACE',''
  ) );
#5103 = PCURVE('',#5031,#5104);
#5104 = DEFINITIONAL_REPRESENTATION('',(#5105),#5109);
#5105 = LINE('',#5106,#5107);
#5106 = CARTESIAN_POINT('',(0.,0.));
#5107 = VECTOR('',#5108,1.);
#5108 = DIRECTION('',(-1.,0.));
#5109 = ( GEOMETRIC_REPRESENTATION_CONTEXT(2) 
PARAMETRIC_REPRESENTATION_CONTEXT() REPRESENTATION_CONTEXT('2D SPACE',''
  ) );
#5110 = ORIENTED_EDGE('',*,*,#4992,.T.);
#5111 = ORIENTED_EDGE('',*,*,#1834,.T.);
#5112 = ADVANCED_FACE('',(#5113),#1822,.T.);
#5113 = FACE_BOUND('',#5114,.T.);
#5114 = EDGE_LOOP('',(#5115,#5116,#5139,#5160));
#5115 = ORIENTED_EDGE('',*,*,#1806,.T.);
#5116 = ORIENTED_EDGE('',*,*,#5117,.T.);
#5117 = EDGE_CURVE('',#1779,#5118,#5120,.T.);
#5118 = VERTEX_POINT('',#5119);
#5119 = CARTESIAN_POINT('',(135.55,74.05,3.4));
#5120 = SURFACE_CURVE('',#5121,(#5125,#5132),.PCURVE_S1.);
#5121 = LINE('',#5122,#5123);
#5122 = CARTESIAN_POINT('',(179.025,74.05,3.4));
#5123 = VECTOR('',#5124,1.);
#5124 = DIRECTION('',(-1.,-0.,-0.));
#5125 = PCURVE('',#1822,#5126);
#5126 = DEFINITIONAL_REPRESENTATION('',(#5127),#5131);
#5127 = LINE('',#5128,#5129);
#5128 = CARTESIAN_POINT('',(-22.775,50.65));
#5129 = VECTOR('',#5130,1.);
#5130 = DIRECTION('',(-1.,0.));
#5131 = ( GEOMETRIC_REPRESENTATION_CONTEXT(2) 
PARAMETRIC_REPRESENTATION_CONTEXT() REPRESENTATION_CONTEXT('2D SPACE',''
  ) );
#5132 = PCURVE('',#1794,#5133);
#5133 = DEFINITIONAL_REPRESENTATION('',(#5134),#5138);
#5134 = LINE('',#5135,#5136);
#5135 = CARTESIAN_POINT('',(-2.E-02,-22.775));
#5136 = VECTOR('',#5137,1.);
#5137 = DIRECTION('',(-0.,1.));
#5138 = ( GEOMETRIC_REPRESENTATION_CONTEXT(2) 
PARAMETRIC_REPRESENTATION_CONTEXT() REPRESENTATION_CONTEXT('2D SPACE',''
  ) );
#5139 = ORIENTED_EDGE('',*,*,#5140,.T.);
#5140 = EDGE_CURVE('',#5118,#5068,#5141,.T.);
#5141 = SURFACE_CURVE('',#5142,(#5146,#5153),.PCURVE_S1.);
#5142 = LINE('',#5143,#5144);
#5143 = CARTESIAN_POINT('',(135.55,38.375,3.4));
#5144 = VECTOR('',#5145,1.);
#5145 = DIRECTION('',(0.,-1.,0.));
#5146 = PCURVE('',#1822,#5147);
#5147 = DEFINITIONAL_REPRESENTATION('',(#5148),#5152);
#5148 = LINE('',#5149,#5150);
#5149 = CARTESIAN_POINT('',(-66.25,14.975));
#5150 = VECTOR('',#5151,1.);
#5151 = DIRECTION('',(0.,-1.));
#5152 = ( GEOMETRIC_REPRESENTATION_CONTEXT(2) 
PARAMETRIC_REPRESENTATION_CONTEXT() REPRESENTATION_CONTEXT('2D SPACE',''
  ) );
#5153 = PCURVE('',#5031,#5154);
#5154 = DEFINITIONAL_REPRESENTATION('',(#5155),#5159);
#5155 = LINE('',#5156,#5157);
#5156 = CARTESIAN_POINT('',(-2.E-02,14.975));
#5157 = VECTOR('',#5158,1.);
#5158 = DIRECTION('',(0.,1.));
#5159 = ( GEOMETRIC_REPRESENTATION_CONTEXT(2) 
PARAMETRIC_REPRESENTATION_CONTEXT() REPRESENTATION_CONTEXT('2D SPACE',''
  ) );
#5160 = ORIENTED_EDGE('',*,*,#5067,.F.);
#5161 = ADVANCED_FACE('',(#5162),#1794,.F.);
#5162 = FACE_BOUND('',#5163,.F.);
#5163 = EDGE_LOOP('',(#5164,#5165,#5186,#5187));
#5164 = ORIENTED_EDGE('',*,*,#5117,.T.);
#5165 = ORIENTED_EDGE('',*,*,#5166,.T.);
#5166 = EDGE_CURVE('',#5118,#5016,#5167,.T.);
#5167 = SURFACE_CURVE('',#5168,(#5172,#5179),.PCURVE_S1.);
#5168 = LINE('',#5169,#5170);
#5169 = CARTESIAN_POINT('',(135.55,74.05,3.38));
#5170 = VECTOR('',#5171,1.);
#5171 = DIRECTION('',(-0.,-0.,1.));
#5172 = PCURVE('',#1794,#5173);
#5173 = DEFINITIONAL_REPRESENTATION('',(#5174),#5178);
#5174 = LINE('',#5175,#5176);
#5175 = CARTESIAN_POINT('',(0.,20.7));
#5176 = VECTOR('',#5177,1.);
#5177 = DIRECTION('',(-1.,0.));
#5178 = ( GEOMETRIC_REPRESENTATION_CONTEXT(2) 
PARAMETRIC_REPRESENTATION_CONTEXT() REPRESENTATION_CONTEXT('2D SPACE',''
  ) );
#5179 = PCURVE('',#5031,#5180);
#5180 = DEFINITIONAL_REPRESENTATION('',(#5181),#5185);
#5181 = LINE('',#5182,#5183);
#5182 = CARTESIAN_POINT('',(0.,-20.7));
#5183 = VECTOR('',#5184,1.);
#5184 = DIRECTION('',(-1.,0.));
#5185 = ( GEOMETRIC_REPRESENTATION_CONTEXT(2) 
PARAMETRIC_REPRESENTATION_CONTEXT() REPRESENTATION_CONTEXT('2D SPACE',''
  ) );
#5186 = ORIENTED_EDGE('',*,*,#5043,.T.);
#5187 = ORIENTED_EDGE('',*,*,#1778,.T.);
#5188 = ADVANCED_FACE('',(#5189),#1738,.T.);
#5189 = FACE_BOUND('',#5190,.T.);
#5190 = EDGE_LOOP('',(#5191,#5212,#5213,#5214));
#5191 = ORIENTED_EDGE('',*,*,#5192,.T.);
#5192 = EDGE_CURVE('',#2548,#4947,#5193,.T.);
#5193 = SURFACE_CURVE('',#5194,(#5198,#5205),.PCURVE_S1.);
#5194 = LINE('',#5195,#5196);
#5195 = CARTESIAN_POINT('',(134.75,74.85,3.39));
#5196 = VECTOR('',#5197,1.);
#5197 = DIRECTION('',(-0.,-0.,1.));
#5198 = PCURVE('',#1738,#5199);
#5199 = DEFINITIONAL_REPRESENTATION('',(#5200),#5204);
#5200 = LINE('',#5201,#5202);
#5201 = CARTESIAN_POINT('',(0.,66.3));
#5202 = VECTOR('',#5203,1.);
#5203 = DIRECTION('',(-1.,0.));
#5204 = ( GEOMETRIC_REPRESENTATION_CONTEXT(2) 
PARAMETRIC_REPRESENTATION_CONTEXT() REPRESENTATION_CONTEXT('2D SPACE',''
  ) );
#5205 = PCURVE('',#2563,#5206);
#5206 = DEFINITIONAL_REPRESENTATION('',(#5207),#5211);
#5207 = LINE('',#5208,#5209);
#5208 = CARTESIAN_POINT('',(0.,-22.3));
#5209 = VECTOR('',#5210,1.);
#5210 = DIRECTION('',(-1.,0.));
#5211 = ( GEOMETRIC_REPRESENTATION_CONTEXT(2) 
PARAMETRIC_REPRESENTATION_CONTEXT() REPRESENTATION_CONTEXT('2D SPACE',''
  ) );
#5212 = ORIENTED_EDGE('',*,*,#4946,.T.);
#5213 = ORIENTED_EDGE('',*,*,#1722,.T.);
#5214 = ORIENTED_EDGE('',*,*,#2575,.F.);
#5215 = ADVANCED_FACE('',(#5216),#1687,.F.);
#5216 = FACE_BOUND('',#5217,.F.);
#5217 = EDGE_LOOP('',(#5218,#5219,#5220,#5243));
#5218 = ORIENTED_EDGE('',*,*,#1671,.T.);
#5219 = ORIENTED_EDGE('',*,*,#2597,.T.);
#5220 = ORIENTED_EDGE('',*,*,#5221,.T.);
#5221 = EDGE_CURVE('',#2598,#5222,#5224,.T.);
#5222 = VERTEX_POINT('',#5223);
#5223 = CARTESIAN_POINT('',(134.75,75.15,6.9));
#5224 = SURFACE_CURVE('',#5225,(#5229,#5236),.PCURVE_S1.);
#5225 = LINE('',#5226,#5227);
#5226 = CARTESIAN_POINT('',(134.75,75.15,3.39));
#5227 = VECTOR('',#5228,1.);
#5228 = DIRECTION('',(-0.,-0.,1.));
#5229 = PCURVE('',#1687,#5230);
#5230 = DEFINITIONAL_REPRESENTATION('',(#5231),#5235);
#5231 = LINE('',#5232,#5233);
#5232 = CARTESIAN_POINT('',(0.,66.3));
#5233 = VECTOR('',#5234,1.);
#5234 = DIRECTION('',(-1.,0.));
#5235 = ( GEOMETRIC_REPRESENTATION_CONTEXT(2) 
PARAMETRIC_REPRESENTATION_CONTEXT() REPRESENTATION_CONTEXT('2D SPACE',''
  ) );
#5236 = PCURVE('',#2636,#5237);
#5237 = DEFINITIONAL_REPRESENTATION('',(#5238),#5242);
#5238 = LINE('',#5239,#5240);
#5239 = CARTESIAN_POINT('',(0.,0.));
#5240 = VECTOR('',#5241,1.);
#5241 = DIRECTION('',(-1.,0.));
#5242 = ( GEOMETRIC_REPRESENTATION_CONTEXT(2) 
PARAMETRIC_REPRESENTATION_CONTEXT() REPRESENTATION_CONTEXT('2D SPACE',''
  ) );
#5243 = ORIENTED_EDGE('',*,*,#5244,.F.);
#5244 = EDGE_CURVE('',#1649,#5222,#5245,.T.);
#5245 = SURFACE_CURVE('',#5246,(#5250,#5257),.PCURVE_S1.);
#5246 = LINE('',#5247,#5248);
#5247 = CARTESIAN_POINT('',(157.05,75.15,6.9));
#5248 = VECTOR('',#5249,1.);
#5249 = DIRECTION('',(-1.,-0.,-0.));
#5250 = PCURVE('',#1687,#5251);
#5251 = DEFINITIONAL_REPRESENTATION('',(#5252),#5256);
#5252 = LINE('',#5253,#5254);
#5253 = CARTESIAN_POINT('',(-3.51,44.));
#5254 = VECTOR('',#5255,1.);
#5255 = DIRECTION('',(-0.,1.));
#5256 = ( GEOMETRIC_REPRESENTATION_CONTEXT(2) 
PARAMETRIC_REPRESENTATION_CONTEXT() REPRESENTATION_CONTEXT('2D SPACE',''
  ) );
#5257 = PCURVE('',#1552,#5258);
#5258 = DEFINITIONAL_REPRESENTATION('',(#5259),#5263);
#5259 = LINE('',#5260,#5261);
#5260 = CARTESIAN_POINT('',(-44.,0.));
#5261 = VECTOR('',#5262,1.);
#5262 = DIRECTION('',(-1.,0.));
#5263 = ( GEOMETRIC_REPRESENTATION_CONTEXT(2) 
PARAMETRIC_REPRESENTATION_CONTEXT() REPRESENTATION_CONTEXT('2D SPACE',''
  ) );
#5264 = ADVANCED_FACE('',(#5265),#1552,.T.);
#5265 = FACE_BOUND('',#5266,.T.);
#5266 = EDGE_LOOP('',(#5267,#5268,#5291,#5312,#5313,#5314,#5337,#5365));
#5267 = ORIENTED_EDGE('',*,*,#1536,.T.);
#5268 = ORIENTED_EDGE('',*,*,#5269,.F.);
#5269 = EDGE_CURVE('',#5270,#1509,#5272,.T.);
#5270 = VERTEX_POINT('',#5271);
#5271 = CARTESIAN_POINT('',(134.75,97.45,6.9));
#5272 = SURFACE_CURVE('',#5273,(#5277,#5284),.PCURVE_S1.);
#5273 = LINE('',#5274,#5275);
#5274 = CARTESIAN_POINT('',(134.75,97.45,6.9));
#5275 = VECTOR('',#5276,1.);
#5276 = DIRECTION('',(1.,0.,0.));
#5277 = PCURVE('',#1552,#5278);
#5278 = DEFINITIONAL_REPRESENTATION('',(#5279),#5283);
#5279 = LINE('',#5280,#5281);
#5280 = CARTESIAN_POINT('',(-66.3,22.3));
#5281 = VECTOR('',#5282,1.);
#5282 = DIRECTION('',(1.,0.));
#5283 = ( GEOMETRIC_REPRESENTATION_CONTEXT(2) 
PARAMETRIC_REPRESENTATION_CONTEXT() REPRESENTATION_CONTEXT('2D SPACE',''
  ) );
#5284 = PCURVE('',#1524,#5285);
#5285 = DEFINITIONAL_REPRESENTATION('',(#5286),#5290);
#5286 = LINE('',#5287,#5288);
#5287 = CARTESIAN_POINT('',(-3.51,66.3));
#5288 = VECTOR('',#5289,1.);
#5289 = DIRECTION('',(0.,-1.));
#5290 = ( GEOMETRIC_REPRESENTATION_CONTEXT(2) 
PARAMETRIC_REPRESENTATION_CONTEXT() REPRESENTATION_CONTEXT('2D SPACE',''
  ) );
#5291 = ORIENTED_EDGE('',*,*,#5292,.F.);
#5292 = EDGE_CURVE('',#5222,#5270,#5293,.T.);
#5293 = SURFACE_CURVE('',#5294,(#5298,#5305),.PCURVE_S1.);
#5294 = LINE('',#5295,#5296);
#5295 = CARTESIAN_POINT('',(134.75,75.15,6.9));
#5296 = VECTOR('',#5297,1.);
#5297 = DIRECTION('',(-0.,1.,-0.));
#5298 = PCURVE('',#1552,#5299);
#5299 = DEFINITIONAL_REPRESENTATION('',(#5300),#5304);
#5300 = LINE('',#5301,#5302);
#5301 = CARTESIAN_POINT('',(-66.3,0.));
#5302 = VECTOR('',#5303,1.);
#5303 = DIRECTION('',(0.,1.));
#5304 = ( GEOMETRIC_REPRESENTATION_CONTEXT(2) 
PARAMETRIC_REPRESENTATION_CONTEXT() REPRESENTATION_CONTEXT('2D SPACE',''
  ) );
#5305 = PCURVE('',#2636,#5306);
#5306 = DEFINITIONAL_REPRESENTATION('',(#5307),#5311);
#5307 = LINE('',#5308,#5309);
#5308 = CARTESIAN_POINT('',(-3.51,0.));
#5309 = VECTOR('',#5310,1.);
#5310 = DIRECTION('',(0.,-1.));
#5311 = ( GEOMETRIC_REPRESENTATION_CONTEXT(2) 
PARAMETRIC_REPRESENTATION_CONTEXT() REPRESENTATION_CONTEXT('2D SPACE',''
  ) );
#5312 = ORIENTED_EDGE('',*,*,#5244,.F.);
#5313 = ORIENTED_EDGE('',*,*,#1648,.T.);
#5314 = ORIENTED_EDGE('',*,*,#5315,.F.);
#5315 = EDGE_CURVE('',#5316,#1621,#5318,.T.);
#5316 = VERTEX_POINT('',#5317);
#5317 = CARTESIAN_POINT('',(135.55,75.95,6.9));
#5318 = SURFACE_CURVE('',#5319,(#5323,#5330),.PCURVE_S1.);
#5319 = LINE('',#5320,#5321);
#5320 = CARTESIAN_POINT('',(156.65,75.95,6.9));
#5321 = VECTOR('',#5322,1.);
#5322 = DIRECTION('',(1.,-0.,0.));
#5323 = PCURVE('',#1552,#5324);
#5324 = DEFINITIONAL_REPRESENTATION('',(#5325),#5329);
#5325 = LINE('',#5326,#5327);
#5326 = CARTESIAN_POINT('',(-44.4,0.8));
#5327 = VECTOR('',#5328,1.);
#5328 = DIRECTION('',(1.,0.));
#5329 = ( GEOMETRIC_REPRESENTATION_CONTEXT(2) 
PARAMETRIC_REPRESENTATION_CONTEXT() REPRESENTATION_CONTEXT('2D SPACE',''
  ) );
#5330 = PCURVE('',#1636,#5331);
#5331 = DEFINITIONAL_REPRESENTATION('',(#5332),#5336);
#5332 = LINE('',#5333,#5334);
#5333 = CARTESIAN_POINT('',(-3.52,-0.4));
#5334 = VECTOR('',#5335,1.);
#5335 = DIRECTION('',(0.,-1.));
#5336 = ( GEOMETRIC_REPRESENTATION_CONTEXT(2) 
PARAMETRIC_REPRESENTATION_CONTEXT() REPRESENTATION_CONTEXT('2D SPACE',''
  ) );
#5337 = ORIENTED_EDGE('',*,*,#5338,.T.);
#5338 = EDGE_CURVE('',#5316,#5339,#5341,.T.);
#5339 = VERTEX_POINT('',#5340);
#5340 = CARTESIAN_POINT('',(135.55,96.65,6.9));
#5341 = SURFACE_CURVE('',#5342,(#5346,#5353),.PCURVE_S1.);
#5342 = LINE('',#5343,#5344);
#5343 = CARTESIAN_POINT('',(135.55,75.55,6.9));
#5344 = VECTOR('',#5345,1.);
#5345 = DIRECTION('',(-0.,1.,-0.));
#5346 = PCURVE('',#1552,#5347);
#5347 = DEFINITIONAL_REPRESENTATION('',(#5348),#5352);
#5348 = LINE('',#5349,#5350);
#5349 = CARTESIAN_POINT('',(-65.5,0.4));
#5350 = VECTOR('',#5351,1.);
#5351 = DIRECTION('',(0.,1.));
#5352 = ( GEOMETRIC_REPRESENTATION_CONTEXT(2) 
PARAMETRIC_REPRESENTATION_CONTEXT() REPRESENTATION_CONTEXT('2D SPACE',''
  ) );
#5353 = PCURVE('',#5354,#5359);
#5354 = PLANE('',#5355);
#5355 = AXIS2_PLACEMENT_3D('',#5356,#5357,#5358);
#5356 = CARTESIAN_POINT('',(135.55,75.95,3.38));
#5357 = DIRECTION('',(-1.,-0.,-0.));
#5358 = DIRECTION('',(0.,0.,-1.));
#5359 = DEFINITIONAL_REPRESENTATION('',(#5360),#5364);
#5360 = LINE('',#5361,#5362);
#5361 = CARTESIAN_POINT('',(-3.52,0.4));
#5362 = VECTOR('',#5363,1.);
#5363 = DIRECTION('',(0.,-1.));
#5364 = ( GEOMETRIC_REPRESENTATION_CONTEXT(2) 
PARAMETRIC_REPRESENTATION_CONTEXT() REPRESENTATION_CONTEXT('2D SPACE',''
  ) );
#5365 = ORIENTED_EDGE('',*,*,#5366,.T.);
#5366 = EDGE_CURVE('',#5339,#1537,#5367,.T.);
#5367 = SURFACE_CURVE('',#5368,(#5372,#5379),.PCURVE_S1.);
#5368 = LINE('',#5369,#5370);
#5369 = CARTESIAN_POINT('',(156.65,96.65,6.9));
#5370 = VECTOR('',#5371,1.);
#5371 = DIRECTION('',(1.,-0.,0.));
#5372 = PCURVE('',#1552,#5373);
#5373 = DEFINITIONAL_REPRESENTATION('',(#5374),#5378);
#5374 = LINE('',#5375,#5376);
#5375 = CARTESIAN_POINT('',(-44.4,21.5));
#5376 = VECTOR('',#5377,1.);
#5377 = DIRECTION('',(1.,0.));
#5378 = ( GEOMETRIC_REPRESENTATION_CONTEXT(2) 
PARAMETRIC_REPRESENTATION_CONTEXT() REPRESENTATION_CONTEXT('2D SPACE',''
  ) );
#5379 = PCURVE('',#1580,#5380);
#5380 = DEFINITIONAL_REPRESENTATION('',(#5381),#5385);
#5381 = LINE('',#5382,#5383);
#5382 = CARTESIAN_POINT('',(-3.52,-0.4));
#5383 = VECTOR('',#5384,1.);
#5384 = DIRECTION('',(0.,-1.));
#5385 = ( GEOMETRIC_REPRESENTATION_CONTEXT(2) 
PARAMETRIC_REPRESENTATION_CONTEXT() REPRESENTATION_CONTEXT('2D SPACE',''
  ) );
#5386 = ADVANCED_FACE('',(#5387),#1636,.T.);
#5387 = FACE_BOUND('',#5388,.T.);
#5388 = EDGE_LOOP('',(#5389,#5412,#5433,#5434));
#5389 = ORIENTED_EDGE('',*,*,#5390,.T.);
#5390 = EDGE_CURVE('',#1593,#5391,#5393,.T.);
#5391 = VERTEX_POINT('',#5392);
#5392 = CARTESIAN_POINT('',(135.55,75.95,3.4));
#5393 = SURFACE_CURVE('',#5394,(#5398,#5405),.PCURVE_S1.);
#5394 = LINE('',#5395,#5396);
#5395 = CARTESIAN_POINT('',(179.025,75.95,3.4));
#5396 = VECTOR('',#5397,1.);
#5397 = DIRECTION('',(-1.,-0.,-0.));
#5398 = PCURVE('',#1636,#5399);
#5399 = DEFINITIONAL_REPRESENTATION('',(#5400),#5404);
#5400 = LINE('',#5401,#5402);
#5401 = CARTESIAN_POINT('',(-2.E-02,-22.775));
#5402 = VECTOR('',#5403,1.);
#5403 = DIRECTION('',(-0.,1.));
#5404 = ( GEOMETRIC_REPRESENTATION_CONTEXT(2) 
PARAMETRIC_REPRESENTATION_CONTEXT() REPRESENTATION_CONTEXT('2D SPACE',''
  ) );
#5405 = PCURVE('',#1608,#5406);
#5406 = DEFINITIONAL_REPRESENTATION('',(#5407),#5411);
#5407 = LINE('',#5408,#5409);
#5408 = CARTESIAN_POINT('',(-22.775,52.55));
#5409 = VECTOR('',#5410,1.);
#5410 = DIRECTION('',(-1.,0.));
#5411 = ( GEOMETRIC_REPRESENTATION_CONTEXT(2) 
PARAMETRIC_REPRESENTATION_CONTEXT() REPRESENTATION_CONTEXT('2D SPACE',''
  ) );
#5412 = ORIENTED_EDGE('',*,*,#5413,.T.);
#5413 = EDGE_CURVE('',#5391,#5316,#5414,.T.);
#5414 = SURFACE_CURVE('',#5415,(#5419,#5426),.PCURVE_S1.);
#5415 = LINE('',#5416,#5417);
#5416 = CARTESIAN_POINT('',(135.55,75.95,3.38));
#5417 = VECTOR('',#5418,1.);
#5418 = DIRECTION('',(-0.,-0.,1.));
#5419 = PCURVE('',#1636,#5420);
#5420 = DEFINITIONAL_REPRESENTATION('',(#5421),#5425);
#5421 = LINE('',#5422,#5423);
#5422 = CARTESIAN_POINT('',(0.,20.7));
#5423 = VECTOR('',#5424,1.);
#5424 = DIRECTION('',(-1.,0.));
#5425 = ( GEOMETRIC_REPRESENTATION_CONTEXT(2) 
PARAMETRIC_REPRESENTATION_CONTEXT() REPRESENTATION_CONTEXT('2D SPACE',''
  ) );
#5426 = PCURVE('',#5354,#5427);
#5427 = DEFINITIONAL_REPRESENTATION('',(#5428),#5432);
#5428 = LINE('',#5429,#5430);
#5429 = CARTESIAN_POINT('',(0.,0.));
#5430 = VECTOR('',#5431,1.);
#5431 = DIRECTION('',(-1.,0.));
#5432 = ( GEOMETRIC_REPRESENTATION_CONTEXT(2) 
PARAMETRIC_REPRESENTATION_CONTEXT() REPRESENTATION_CONTEXT('2D SPACE',''
  ) );
#5433 = ORIENTED_EDGE('',*,*,#5315,.T.);
#5434 = ORIENTED_EDGE('',*,*,#1620,.T.);
#5435 = ADVANCED_FACE('',(#5436),#1608,.T.);
#5436 = FACE_BOUND('',#5437,.T.);
#5437 = EDGE_LOOP('',(#5438,#5439,#5462,#5483));
#5438 = ORIENTED_EDGE('',*,*,#1592,.T.);
#5439 = ORIENTED_EDGE('',*,*,#5440,.T.);
#5440 = EDGE_CURVE('',#1565,#5441,#5443,.T.);
#5441 = VERTEX_POINT('',#5442);
#5442 = CARTESIAN_POINT('',(135.55,96.65,3.4));
#5443 = SURFACE_CURVE('',#5444,(#5448,#5455),.PCURVE_S1.);
#5444 = LINE('',#5445,#5446);
#5445 = CARTESIAN_POINT('',(179.025,96.65,3.4));
#5446 = VECTOR('',#5447,1.);
#5447 = DIRECTION('',(-1.,-0.,-0.));
#5448 = PCURVE('',#1608,#5449);
#5449 = DEFINITIONAL_REPRESENTATION('',(#5450),#5454);
#5450 = LINE('',#5451,#5452);
#5451 = CARTESIAN_POINT('',(-22.775,73.25));
#5452 = VECTOR('',#5453,1.);
#5453 = DIRECTION('',(-1.,0.));
#5454 = ( GEOMETRIC_REPRESENTATION_CONTEXT(2) 
PARAMETRIC_REPRESENTATION_CONTEXT() REPRESENTATION_CONTEXT('2D SPACE',''
  ) );
#5455 = PCURVE('',#1580,#5456);
#5456 = DEFINITIONAL_REPRESENTATION('',(#5457),#5461);
#5457 = LINE('',#5458,#5459);
#5458 = CARTESIAN_POINT('',(-2.E-02,-22.775));
#5459 = VECTOR('',#5460,1.);
#5460 = DIRECTION('',(-0.,1.));
#5461 = ( GEOMETRIC_REPRESENTATION_CONTEXT(2) 
PARAMETRIC_REPRESENTATION_CONTEXT() REPRESENTATION_CONTEXT('2D SPACE',''
  ) );
#5462 = ORIENTED_EDGE('',*,*,#5463,.T.);
#5463 = EDGE_CURVE('',#5441,#5391,#5464,.T.);
#5464 = SURFACE_CURVE('',#5465,(#5469,#5476),.PCURVE_S1.);
#5465 = LINE('',#5466,#5467);
#5466 = CARTESIAN_POINT('',(135.55,49.675,3.4));
#5467 = VECTOR('',#5468,1.);
#5468 = DIRECTION('',(0.,-1.,0.));
#5469 = PCURVE('',#1608,#5470);
#5470 = DEFINITIONAL_REPRESENTATION('',(#5471),#5475);
#5471 = LINE('',#5472,#5473);
#5472 = CARTESIAN_POINT('',(-66.25,26.275));
#5473 = VECTOR('',#5474,1.);
#5474 = DIRECTION('',(0.,-1.));
#5475 = ( GEOMETRIC_REPRESENTATION_CONTEXT(2) 
PARAMETRIC_REPRESENTATION_CONTEXT() REPRESENTATION_CONTEXT('2D SPACE',''
  ) );
#5476 = PCURVE('',#5354,#5477);
#5477 = DEFINITIONAL_REPRESENTATION('',(#5478),#5482);
#5478 = LINE('',#5479,#5480);
#5479 = CARTESIAN_POINT('',(-2.E-02,26.275));
#5480 = VECTOR('',#5481,1.);
#5481 = DIRECTION('',(0.,1.));
#5482 = ( GEOMETRIC_REPRESENTATION_CONTEXT(2) 
PARAMETRIC_REPRESENTATION_CONTEXT() REPRESENTATION_CONTEXT('2D SPACE',''
  ) );
#5483 = ORIENTED_EDGE('',*,*,#5390,.F.);
#5484 = ADVANCED_FACE('',(#5485),#1580,.F.);
#5485 = FACE_BOUND('',#5486,.F.);
#5486 = EDGE_LOOP('',(#5487,#5488,#5509,#5510));
#5487 = ORIENTED_EDGE('',*,*,#5440,.T.);
#5488 = ORIENTED_EDGE('',*,*,#5489,.T.);
#5489 = EDGE_CURVE('',#5441,#5339,#5490,.T.);
#5490 = SURFACE_CURVE('',#5491,(#5495,#5502),.PCURVE_S1.);
#5491 = LINE('',#5492,#5493);
#5492 = CARTESIAN_POINT('',(135.55,96.65,3.38));
#5493 = VECTOR('',#5494,1.);
#5494 = DIRECTION('',(-0.,-0.,1.));
#5495 = PCURVE('',#1580,#5496);
#5496 = DEFINITIONAL_REPRESENTATION('',(#5497),#5501);
#5497 = LINE('',#5498,#5499);
#5498 = CARTESIAN_POINT('',(0.,20.7));
#5499 = VECTOR('',#5500,1.);
#5500 = DIRECTION('',(-1.,0.));
#5501 = ( GEOMETRIC_REPRESENTATION_CONTEXT(2) 
PARAMETRIC_REPRESENTATION_CONTEXT() REPRESENTATION_CONTEXT('2D SPACE',''
  ) );
#5502 = PCURVE('',#5354,#5503);
#5503 = DEFINITIONAL_REPRESENTATION('',(#5504),#5508);
#5504 = LINE('',#5505,#5506);
#5505 = CARTESIAN_POINT('',(0.,-20.7));
#5506 = VECTOR('',#5507,1.);
#5507 = DIRECTION('',(-1.,0.));
#5508 = ( GEOMETRIC_REPRESENTATION_CONTEXT(2) 
PARAMETRIC_REPRESENTATION_CONTEXT() REPRESENTATION_CONTEXT('2D SPACE',''
  ) );
#5509 = ORIENTED_EDGE('',*,*,#5366,.T.);
#5510 = ORIENTED_EDGE('',*,*,#1564,.T.);
#5511 = ADVANCED_FACE('',(#5512),#1524,.T.);
#5512 = FACE_BOUND('',#5513,.T.);
#5513 = EDGE_LOOP('',(#5514,#5535,#5536,#5537));
#5514 = ORIENTED_EDGE('',*,*,#5515,.T.);
#5515 = EDGE_CURVE('',#2621,#5270,#5516,.T.);
#5516 = SURFACE_CURVE('',#5517,(#5521,#5528),.PCURVE_S1.);
#5517 = LINE('',#5518,#5519);
#5518 = CARTESIAN_POINT('',(134.75,97.45,3.39));
#5519 = VECTOR('',#5520,1.);
#5520 = DIRECTION('',(-0.,-0.,1.));
#5521 = PCURVE('',#1524,#5522);
#5522 = DEFINITIONAL_REPRESENTATION('',(#5523),#5527);
#5523 = LINE('',#5524,#5525);
#5524 = CARTESIAN_POINT('',(0.,66.3));
#5525 = VECTOR('',#5526,1.);
#5526 = DIRECTION('',(-1.,0.));
#5527 = ( GEOMETRIC_REPRESENTATION_CONTEXT(2) 
PARAMETRIC_REPRESENTATION_CONTEXT() REPRESENTATION_CONTEXT('2D SPACE',''
  ) );
#5528 = PCURVE('',#2636,#5529);
#5529 = DEFINITIONAL_REPRESENTATION('',(#5530),#5534);
#5530 = LINE('',#5531,#5532);
#5531 = CARTESIAN_POINT('',(0.,-22.3));
#5532 = VECTOR('',#5533,1.);
#5533 = DIRECTION('',(-1.,0.));
#5534 = ( GEOMETRIC_REPRESENTATION_CONTEXT(2) 
PARAMETRIC_REPRESENTATION_CONTEXT() REPRESENTATION_CONTEXT('2D SPACE',''
  ) );
#5535 = ORIENTED_EDGE('',*,*,#5269,.T.);
#5536 = ORIENTED_EDGE('',*,*,#1508,.T.);
#5537 = ORIENTED_EDGE('',*,*,#2648,.F.);
#5538 = ADVANCED_FACE('',(#5539),#1473,.F.);
#5539 = FACE_BOUND('',#5540,.F.);
#5540 = EDGE_LOOP('',(#5541,#5542,#5543,#5566));
#5541 = ORIENTED_EDGE('',*,*,#1457,.T.);
#5542 = ORIENTED_EDGE('',*,*,#2670,.T.);
#5543 = ORIENTED_EDGE('',*,*,#5544,.T.);
#5544 = EDGE_CURVE('',#2671,#5545,#5547,.T.);
#5545 = VERTEX_POINT('',#5546);
#5546 = CARTESIAN_POINT('',(134.75,97.75,6.9));
#5547 = SURFACE_CURVE('',#5548,(#5552,#5559),.PCURVE_S1.);
#5548 = LINE('',#5549,#5550);
#5549 = CARTESIAN_POINT('',(134.75,97.75,3.39));
#5550 = VECTOR('',#5551,1.);
#5551 = DIRECTION('',(-0.,-0.,1.));
#5552 = PCURVE('',#1473,#5553);
#5553 = DEFINITIONAL_REPRESENTATION('',(#5554),#5558);
#5554 = LINE('',#5555,#5556);
#5555 = CARTESIAN_POINT('',(0.,66.3));
#5556 = VECTOR('',#5557,1.);
#5557 = DIRECTION('',(-1.,0.));
#5558 = ( GEOMETRIC_REPRESENTATION_CONTEXT(2) 
PARAMETRIC_REPRESENTATION_CONTEXT() REPRESENTATION_CONTEXT('2D SPACE',''
  ) );
#5559 = PCURVE('',#2709,#5560);
#5560 = DEFINITIONAL_REPRESENTATION('',(#5561),#5565);
#5561 = LINE('',#5562,#5563);
#5562 = CARTESIAN_POINT('',(0.,0.));
#5563 = VECTOR('',#5564,1.);
#5564 = DIRECTION('',(-1.,0.));
#5565 = ( GEOMETRIC_REPRESENTATION_CONTEXT(2) 
PARAMETRIC_REPRESENTATION_CONTEXT() REPRESENTATION_CONTEXT('2D SPACE',''
  ) );
#5566 = ORIENTED_EDGE('',*,*,#5567,.F.);
#5567 = EDGE_CURVE('',#1435,#5545,#5568,.T.);
#5568 = SURFACE_CURVE('',#5569,(#5573,#5580),.PCURVE_S1.);
#5569 = LINE('',#5570,#5571);
#5570 = CARTESIAN_POINT('',(157.05,97.75,6.9));
#5571 = VECTOR('',#5572,1.);
#5572 = DIRECTION('',(-1.,-0.,-0.));
#5573 = PCURVE('',#1473,#5574);
#5574 = DEFINITIONAL_REPRESENTATION('',(#5575),#5579);
#5575 = LINE('',#5576,#5577);
#5576 = CARTESIAN_POINT('',(-3.51,44.));
#5577 = VECTOR('',#5578,1.);
#5578 = DIRECTION('',(-0.,1.));
#5579 = ( GEOMETRIC_REPRESENTATION_CONTEXT(2) 
PARAMETRIC_REPRESENTATION_CONTEXT() REPRESENTATION_CONTEXT('2D SPACE',''
  ) );
#5580 = PCURVE('',#1338,#5581);
#5581 = DEFINITIONAL_REPRESENTATION('',(#5582),#5586);
#5582 = LINE('',#5583,#5584);
#5583 = CARTESIAN_POINT('',(-44.,0.));
#5584 = VECTOR('',#5585,1.);
#5585 = DIRECTION('',(-1.,0.));
#5586 = ( GEOMETRIC_REPRESENTATION_CONTEXT(2) 
PARAMETRIC_REPRESENTATION_CONTEXT() REPRESENTATION_CONTEXT('2D SPACE',''
  ) );
#5587 = ADVANCED_FACE('',(#5588),#1338,.T.);
#5588 = FACE_BOUND('',#5589,.T.);
#5589 = EDGE_LOOP('',(#5590,#5591,#5614,#5635,#5636,#5637,#5660,#5688));
#5590 = ORIENTED_EDGE('',*,*,#1322,.T.);
#5591 = ORIENTED_EDGE('',*,*,#5592,.F.);
#5592 = EDGE_CURVE('',#5593,#1295,#5595,.T.);
#5593 = VERTEX_POINT('',#5594);
#5594 = CARTESIAN_POINT('',(134.75,120.05,6.9));
#5595 = SURFACE_CURVE('',#5596,(#5600,#5607),.PCURVE_S1.);
#5596 = LINE('',#5597,#5598);
#5597 = CARTESIAN_POINT('',(134.75,120.05,6.9));
#5598 = VECTOR('',#5599,1.);
#5599 = DIRECTION('',(1.,0.,0.));
#5600 = PCURVE('',#1338,#5601);
#5601 = DEFINITIONAL_REPRESENTATION('',(#5602),#5606);
#5602 = LINE('',#5603,#5604);
#5603 = CARTESIAN_POINT('',(-66.3,22.3));
#5604 = VECTOR('',#5605,1.);
#5605 = DIRECTION('',(1.,0.));
#5606 = ( GEOMETRIC_REPRESENTATION_CONTEXT(2) 
PARAMETRIC_REPRESENTATION_CONTEXT() REPRESENTATION_CONTEXT('2D SPACE',''
  ) );
#5607 = PCURVE('',#1310,#5608);
#5608 = DEFINITIONAL_REPRESENTATION('',(#5609),#5613);
#5609 = LINE('',#5610,#5611);
#5610 = CARTESIAN_POINT('',(-3.51,66.3));
#5611 = VECTOR('',#5612,1.);
#5612 = DIRECTION('',(0.,-1.));
#5613 = ( GEOMETRIC_REPRESENTATION_CONTEXT(2) 
PARAMETRIC_REPRESENTATION_CONTEXT() REPRESENTATION_CONTEXT('2D SPACE',''
  ) );
#5614 = ORIENTED_EDGE('',*,*,#5615,.F.);
#5615 = EDGE_CURVE('',#5545,#5593,#5616,.T.);
#5616 = SURFACE_CURVE('',#5617,(#5621,#5628),.PCURVE_S1.);
#5617 = LINE('',#5618,#5619);
#5618 = CARTESIAN_POINT('',(134.75,97.75,6.9));
#5619 = VECTOR('',#5620,1.);
#5620 = DIRECTION('',(-0.,1.,-0.));
#5621 = PCURVE('',#1338,#5622);
#5622 = DEFINITIONAL_REPRESENTATION('',(#5623),#5627);
#5623 = LINE('',#5624,#5625);
#5624 = CARTESIAN_POINT('',(-66.3,0.));
#5625 = VECTOR('',#5626,1.);
#5626 = DIRECTION('',(0.,1.));
#5627 = ( GEOMETRIC_REPRESENTATION_CONTEXT(2) 
PARAMETRIC_REPRESENTATION_CONTEXT() REPRESENTATION_CONTEXT('2D SPACE',''
  ) );
#5628 = PCURVE('',#2709,#5629);
#5629 = DEFINITIONAL_REPRESENTATION('',(#5630),#5634);
#5630 = LINE('',#5631,#5632);
#5631 = CARTESIAN_POINT('',(-3.51,0.));
#5632 = VECTOR('',#5633,1.);
#5633 = DIRECTION('',(0.,-1.));
#5634 = ( GEOMETRIC_REPRESENTATION_CONTEXT(2) 
PARAMETRIC_REPRESENTATION_CONTEXT() REPRESENTATION_CONTEXT('2D SPACE',''
  ) );
#5635 = ORIENTED_EDGE('',*,*,#5567,.F.);
#5636 = ORIENTED_EDGE('',*,*,#1434,.T.);
#5637 = ORIENTED_EDGE('',*,*,#5638,.F.);
#5638 = EDGE_CURVE('',#5639,#1407,#5641,.T.);
#5639 = VERTEX_POINT('',#5640);
#5640 = CARTESIAN_POINT('',(135.55,98.55,6.9));
#5641 = SURFACE_CURVE('',#5642,(#5646,#5653),.PCURVE_S1.);
#5642 = LINE('',#5643,#5644);
#5643 = CARTESIAN_POINT('',(156.65,98.55,6.9));
#5644 = VECTOR('',#5645,1.);
#5645 = DIRECTION('',(1.,-0.,0.));
#5646 = PCURVE('',#1338,#5647);
#5647 = DEFINITIONAL_REPRESENTATION('',(#5648),#5652);
#5648 = LINE('',#5649,#5650);
#5649 = CARTESIAN_POINT('',(-44.4,0.8));
#5650 = VECTOR('',#5651,1.);
#5651 = DIRECTION('',(1.,0.));
#5652 = ( GEOMETRIC_REPRESENTATION_CONTEXT(2) 
PARAMETRIC_REPRESENTATION_CONTEXT() REPRESENTATION_CONTEXT('2D SPACE',''
  ) );
#5653 = PCURVE('',#1422,#5654);
#5654 = DEFINITIONAL_REPRESENTATION('',(#5655),#5659);
#5655 = LINE('',#5656,#5657);
#5656 = CARTESIAN_POINT('',(-3.52,-0.4));
#5657 = VECTOR('',#5658,1.);
#5658 = DIRECTION('',(0.,-1.));
#5659 = ( GEOMETRIC_REPRESENTATION_CONTEXT(2) 
PARAMETRIC_REPRESENTATION_CONTEXT() REPRESENTATION_CONTEXT('2D SPACE',''
  ) );
#5660 = ORIENTED_EDGE('',*,*,#5661,.T.);
#5661 = EDGE_CURVE('',#5639,#5662,#5664,.T.);
#5662 = VERTEX_POINT('',#5663);
#5663 = CARTESIAN_POINT('',(135.55,119.25,6.9));
#5664 = SURFACE_CURVE('',#5665,(#5669,#5676),.PCURVE_S1.);
#5665 = LINE('',#5666,#5667);
#5666 = CARTESIAN_POINT('',(135.55,98.15,6.9));
#5667 = VECTOR('',#5668,1.);
#5668 = DIRECTION('',(-0.,1.,-0.));
#5669 = PCURVE('',#1338,#5670);
#5670 = DEFINITIONAL_REPRESENTATION('',(#5671),#5675);
#5671 = LINE('',#5672,#5673);
#5672 = CARTESIAN_POINT('',(-65.5,0.4));
#5673 = VECTOR('',#5674,1.);
#5674 = DIRECTION('',(0.,1.));
#5675 = ( GEOMETRIC_REPRESENTATION_CONTEXT(2) 
PARAMETRIC_REPRESENTATION_CONTEXT() REPRESENTATION_CONTEXT('2D SPACE',''
  ) );
#5676 = PCURVE('',#5677,#5682);
#5677 = PLANE('',#5678);
#5678 = AXIS2_PLACEMENT_3D('',#5679,#5680,#5681);
#5679 = CARTESIAN_POINT('',(135.55,98.55,3.38));
#5680 = DIRECTION('',(-1.,-0.,-0.));
#5681 = DIRECTION('',(0.,0.,-1.));
#5682 = DEFINITIONAL_REPRESENTATION('',(#5683),#5687);
#5683 = LINE('',#5684,#5685);
#5684 = CARTESIAN_POINT('',(-3.52,0.4));
#5685 = VECTOR('',#5686,1.);
#5686 = DIRECTION('',(0.,-1.));
#5687 = ( GEOMETRIC_REPRESENTATION_CONTEXT(2) 
PARAMETRIC_REPRESENTATION_CONTEXT() REPRESENTATION_CONTEXT('2D SPACE',''
  ) );
#5688 = ORIENTED_EDGE('',*,*,#5689,.T.);
#5689 = EDGE_CURVE('',#5662,#1323,#5690,.T.);
#5690 = SURFACE_CURVE('',#5691,(#5695,#5702),.PCURVE_S1.);
#5691 = LINE('',#5692,#5693);
#5692 = CARTESIAN_POINT('',(156.65,119.25,6.9));
#5693 = VECTOR('',#5694,1.);
#5694 = DIRECTION('',(1.,-0.,0.));
#5695 = PCURVE('',#1338,#5696);
#5696 = DEFINITIONAL_REPRESENTATION('',(#5697),#5701);
#5697 = LINE('',#5698,#5699);
#5698 = CARTESIAN_POINT('',(-44.4,21.5));
#5699 = VECTOR('',#5700,1.);
#5700 = DIRECTION('',(1.,0.));
#5701 = ( GEOMETRIC_REPRESENTATION_CONTEXT(2) 
PARAMETRIC_REPRESENTATION_CONTEXT() REPRESENTATION_CONTEXT('2D SPACE',''
  ) );
#5702 = PCURVE('',#1366,#5703);
#5703 = DEFINITIONAL_REPRESENTATION('',(#5704),#5708);
#5704 = LINE('',#5705,#5706);
#5705 = CARTESIAN_POINT('',(-3.52,-0.4));
#5706 = VECTOR('',#5707,1.);
#5707 = DIRECTION('',(0.,-1.));
#5708 = ( GEOMETRIC_REPRESENTATION_CONTEXT(2) 
PARAMETRIC_REPRESENTATION_CONTEXT() REPRESENTATION_CONTEXT('2D SPACE',''
  ) );
#5709 = ADVANCED_FACE('',(#5710),#1422,.T.);
#5710 = FACE_BOUND('',#5711,.T.);
#5711 = EDGE_LOOP('',(#5712,#5735,#5756,#5757));
#5712 = ORIENTED_EDGE('',*,*,#5713,.T.);
#5713 = EDGE_CURVE('',#1379,#5714,#5716,.T.);
#5714 = VERTEX_POINT('',#5715);
#5715 = CARTESIAN_POINT('',(135.55,98.55,3.4));
#5716 = SURFACE_CURVE('',#5717,(#5721,#5728),.PCURVE_S1.);
#5717 = LINE('',#5718,#5719);
#5718 = CARTESIAN_POINT('',(179.025,98.55,3.4));
#5719 = VECTOR('',#5720,1.);
#5720 = DIRECTION('',(-1.,-0.,-0.));
#5721 = PCURVE('',#1422,#5722);
#5722 = DEFINITIONAL_REPRESENTATION('',(#5723),#5727);
#5723 = LINE('',#5724,#5725);
#5724 = CARTESIAN_POINT('',(-2.E-02,-22.775));
#5725 = VECTOR('',#5726,1.);
#5726 = DIRECTION('',(-0.,1.));
#5727 = ( GEOMETRIC_REPRESENTATION_CONTEXT(2) 
PARAMETRIC_REPRESENTATION_CONTEXT() REPRESENTATION_CONTEXT('2D SPACE',''
  ) );
#5728 = PCURVE('',#1394,#5729);
#5729 = DEFINITIONAL_REPRESENTATION('',(#5730),#5734);
#5730 = LINE('',#5731,#5732);
#5731 = CARTESIAN_POINT('',(-22.775,75.15));
#5732 = VECTOR('',#5733,1.);
#5733 = DIRECTION('',(-1.,0.));
#5734 = ( GEOMETRIC_REPRESENTATION_CONTEXT(2) 
PARAMETRIC_REPRESENTATION_CONTEXT() REPRESENTATION_CONTEXT('2D SPACE',''
  ) );
#5735 = ORIENTED_EDGE('',*,*,#5736,.T.);
#5736 = EDGE_CURVE('',#5714,#5639,#5737,.T.);
#5737 = SURFACE_CURVE('',#5738,(#5742,#5749),.PCURVE_S1.);
#5738 = LINE('',#5739,#5740);
#5739 = CARTESIAN_POINT('',(135.55,98.55,3.38));
#5740 = VECTOR('',#5741,1.);
#5741 = DIRECTION('',(-0.,-0.,1.));
#5742 = PCURVE('',#1422,#5743);
#5743 = DEFINITIONAL_REPRESENTATION('',(#5744),#5748);
#5744 = LINE('',#5745,#5746);
#5745 = CARTESIAN_POINT('',(0.,20.7));
#5746 = VECTOR('',#5747,1.);
#5747 = DIRECTION('',(-1.,0.));
#5748 = ( GEOMETRIC_REPRESENTATION_CONTEXT(2) 
PARAMETRIC_REPRESENTATION_CONTEXT() REPRESENTATION_CONTEXT('2D SPACE',''
  ) );
#5749 = PCURVE('',#5677,#5750);
#5750 = DEFINITIONAL_REPRESENTATION('',(#5751),#5755);
#5751 = LINE('',#5752,#5753);
#5752 = CARTESIAN_POINT('',(0.,0.));
#5753 = VECTOR('',#5754,1.);
#5754 = DIRECTION('',(-1.,0.));
#5755 = ( GEOMETRIC_REPRESENTATION_CONTEXT(2) 
PARAMETRIC_REPRESENTATION_CONTEXT() REPRESENTATION_CONTEXT('2D SPACE',''
  ) );
#5756 = ORIENTED_EDGE('',*,*,#5638,.T.);
#5757 = ORIENTED_EDGE('',*,*,#1406,.T.);
#5758 = ADVANCED_FACE('',(#5759),#1394,.T.);
#5759 = FACE_BOUND('',#5760,.T.);
#5760 = EDGE_LOOP('',(#5761,#5762,#5785,#5806));
#5761 = ORIENTED_EDGE('',*,*,#1378,.T.);
#5762 = ORIENTED_EDGE('',*,*,#5763,.T.);
#5763 = EDGE_CURVE('',#1351,#5764,#5766,.T.);
#5764 = VERTEX_POINT('',#5765);
#5765 = CARTESIAN_POINT('',(135.55,119.25,3.4));
#5766 = SURFACE_CURVE('',#5767,(#5771,#5778),.PCURVE_S1.);
#5767 = LINE('',#5768,#5769);
#5768 = CARTESIAN_POINT('',(179.025,119.25,3.4));
#5769 = VECTOR('',#5770,1.);
#5770 = DIRECTION('',(-1.,-0.,-0.));
#5771 = PCURVE('',#1394,#5772);
#5772 = DEFINITIONAL_REPRESENTATION('',(#5773),#5777);
#5773 = LINE('',#5774,#5775);
#5774 = CARTESIAN_POINT('',(-22.775,95.85));
#5775 = VECTOR('',#5776,1.);
#5776 = DIRECTION('',(-1.,0.));
#5777 = ( GEOMETRIC_REPRESENTATION_CONTEXT(2) 
PARAMETRIC_REPRESENTATION_CONTEXT() REPRESENTATION_CONTEXT('2D SPACE',''
  ) );
#5778 = PCURVE('',#1366,#5779);
#5779 = DEFINITIONAL_REPRESENTATION('',(#5780),#5784);
#5780 = LINE('',#5781,#5782);
#5781 = CARTESIAN_POINT('',(-2.E-02,-22.775));
#5782 = VECTOR('',#5783,1.);
#5783 = DIRECTION('',(-0.,1.));
#5784 = ( GEOMETRIC_REPRESENTATION_CONTEXT(2) 
PARAMETRIC_REPRESENTATION_CONTEXT() REPRESENTATION_CONTEXT('2D SPACE',''
  ) );
#5785 = ORIENTED_EDGE('',*,*,#5786,.T.);
#5786 = EDGE_CURVE('',#5764,#5714,#5787,.T.);
#5787 = SURFACE_CURVE('',#5788,(#5792,#5799),.PCURVE_S1.);
#5788 = LINE('',#5789,#5790);
#5789 = CARTESIAN_POINT('',(135.55,60.975,3.4));
#5790 = VECTOR('',#5791,1.);
#5791 = DIRECTION('',(0.,-1.,0.));
#5792 = PCURVE('',#1394,#5793);
#5793 = DEFINITIONAL_REPRESENTATION('',(#5794),#5798);
#5794 = LINE('',#5795,#5796);
#5795 = CARTESIAN_POINT('',(-66.25,37.575));
#5796 = VECTOR('',#5797,1.);
#5797 = DIRECTION('',(0.,-1.));
#5798 = ( GEOMETRIC_REPRESENTATION_CONTEXT(2) 
PARAMETRIC_REPRESENTATION_CONTEXT() REPRESENTATION_CONTEXT('2D SPACE',''
  ) );
#5799 = PCURVE('',#5677,#5800);
#5800 = DEFINITIONAL_REPRESENTATION('',(#5801),#5805);
#5801 = LINE('',#5802,#5803);
#5802 = CARTESIAN_POINT('',(-2.E-02,37.575));
#5803 = VECTOR('',#5804,1.);
#5804 = DIRECTION('',(0.,1.));
#5805 = ( GEOMETRIC_REPRESENTATION_CONTEXT(2) 
PARAMETRIC_REPRESENTATION_CONTEXT() REPRESENTATION_CONTEXT('2D SPACE',''
  ) );
#5806 = ORIENTED_EDGE('',*,*,#5713,.F.);
#5807 = ADVANCED_FACE('',(#5808),#1366,.F.);
#5808 = FACE_BOUND('',#5809,.F.);
#5809 = EDGE_LOOP('',(#5810,#5811,#5832,#5833));
#5810 = ORIENTED_EDGE('',*,*,#5763,.T.);
#5811 = ORIENTED_EDGE('',*,*,#5812,.T.);
#5812 = EDGE_CURVE('',#5764,#5662,#5813,.T.);
#5813 = SURFACE_CURVE('',#5814,(#5818,#5825),.PCURVE_S1.);
#5814 = LINE('',#5815,#5816);
#5815 = CARTESIAN_POINT('',(135.55,119.25,3.38));
#5816 = VECTOR('',#5817,1.);
#5817 = DIRECTION('',(-0.,-0.,1.));
#5818 = PCURVE('',#1366,#5819);
#5819 = DEFINITIONAL_REPRESENTATION('',(#5820),#5824);
#5820 = LINE('',#5821,#5822);
#5821 = CARTESIAN_POINT('',(0.,20.7));
#5822 = VECTOR('',#5823,1.);
#5823 = DIRECTION('',(-1.,0.));
#5824 = ( GEOMETRIC_REPRESENTATION_CONTEXT(2) 
PARAMETRIC_REPRESENTATION_CONTEXT() REPRESENTATION_CONTEXT('2D SPACE',''
  ) );
#5825 = PCURVE('',#5677,#5826);
#5826 = DEFINITIONAL_REPRESENTATION('',(#5827),#5831);
#5827 = LINE('',#5828,#5829);
#5828 = CARTESIAN_POINT('',(0.,-20.7));
#5829 = VECTOR('',#5830,1.);
#5830 = DIRECTION('',(-1.,0.));
#5831 = ( GEOMETRIC_REPRESENTATION_CONTEXT(2) 
PARAMETRIC_REPRESENTATION_CONTEXT() REPRESENTATION_CONTEXT('2D SPACE',''
  ) );
#5832 = ORIENTED_EDGE('',*,*,#5689,.T.);
#5833 = ORIENTED_EDGE('',*,*,#1350,.T.);
#5834 = ADVANCED_FACE('',(#5835),#1310,.T.);
#5835 = FACE_BOUND('',#5836,.T.);
#5836 = EDGE_LOOP('',(#5837,#5858,#5859,#5860));
#5837 = ORIENTED_EDGE('',*,*,#5838,.T.);
#5838 = EDGE_CURVE('',#2694,#5593,#5839,.T.);
#5839 = SURFACE_CURVE('',#5840,(#5844,#5851),.PCURVE_S1.);
#5840 = LINE('',#5841,#5842);
#5841 = CARTESIAN_POINT('',(134.75,120.05,3.39));
#5842 = VECTOR('',#5843,1.);
#5843 = DIRECTION('',(-0.,-0.,1.));
#5844 = PCURVE('',#1310,#5845);
#5845 = DEFINITIONAL_REPRESENTATION('',(#5846),#5850);
#5846 = LINE('',#5847,#5848);
#5847 = CARTESIAN_POINT('',(0.,66.3));
#5848 = VECTOR('',#5849,1.);
#5849 = DIRECTION('',(-1.,0.));
#5850 = ( GEOMETRIC_REPRESENTATION_CONTEXT(2) 
PARAMETRIC_REPRESENTATION_CONTEXT() REPRESENTATION_CONTEXT('2D SPACE',''
  ) );
#5851 = PCURVE('',#2709,#5852);
#5852 = DEFINITIONAL_REPRESENTATION('',(#5853),#5857);
#5853 = LINE('',#5854,#5855);
#5854 = CARTESIAN_POINT('',(0.,-22.3));
#5855 = VECTOR('',#5856,1.);
#5856 = DIRECTION('',(-1.,0.));
#5857 = ( GEOMETRIC_REPRESENTATION_CONTEXT(2) 
PARAMETRIC_REPRESENTATION_CONTEXT() REPRESENTATION_CONTEXT('2D SPACE',''
  ) );
#5858 = ORIENTED_EDGE('',*,*,#5592,.T.);
#5859 = ORIENTED_EDGE('',*,*,#1294,.T.);
#5860 = ORIENTED_EDGE('',*,*,#2721,.F.);
#5861 = ADVANCED_FACE('',(#5862),#1259,.F.);
#5862 = FACE_BOUND('',#5863,.F.);
#5863 = EDGE_LOOP('',(#5864,#5865,#5866,#5889));
#5864 = ORIENTED_EDGE('',*,*,#1243,.T.);
#5865 = ORIENTED_EDGE('',*,*,#2743,.T.);
#5866 = ORIENTED_EDGE('',*,*,#5867,.T.);
#5867 = EDGE_CURVE('',#2744,#5868,#5870,.T.);
#5868 = VERTEX_POINT('',#5869);
#5869 = CARTESIAN_POINT('',(134.75,120.35,6.9));
#5870 = SURFACE_CURVE('',#5871,(#5875,#5882),.PCURVE_S1.);
#5871 = LINE('',#5872,#5873);
#5872 = CARTESIAN_POINT('',(134.75,120.35,3.39));
#5873 = VECTOR('',#5874,1.);
#5874 = DIRECTION('',(-0.,-0.,1.));
#5875 = PCURVE('',#1259,#5876);
#5876 = DEFINITIONAL_REPRESENTATION('',(#5877),#5881);
#5877 = LINE('',#5878,#5879);
#5878 = CARTESIAN_POINT('',(0.,66.3));
#5879 = VECTOR('',#5880,1.);
#5880 = DIRECTION('',(-1.,0.));
#5881 = ( GEOMETRIC_REPRESENTATION_CONTEXT(2) 
PARAMETRIC_REPRESENTATION_CONTEXT() REPRESENTATION_CONTEXT('2D SPACE',''
  ) );
#5882 = PCURVE('',#2782,#5883);
#5883 = DEFINITIONAL_REPRESENTATION('',(#5884),#5888);
#5884 = LINE('',#5885,#5886);
#5885 = CARTESIAN_POINT('',(0.,0.));
#5886 = VECTOR('',#5887,1.);
#5887 = DIRECTION('',(-1.,0.));
#5888 = ( GEOMETRIC_REPRESENTATION_CONTEXT(2) 
PARAMETRIC_REPRESENTATION_CONTEXT() REPRESENTATION_CONTEXT('2D SPACE',''
  ) );
#5889 = ORIENTED_EDGE('',*,*,#5890,.F.);
#5890 = EDGE_CURVE('',#1221,#5868,#5891,.T.);
#5891 = SURFACE_CURVE('',#5892,(#5896,#5903),.PCURVE_S1.);
#5892 = LINE('',#5893,#5894);
#5893 = CARTESIAN_POINT('',(157.05,120.35,6.9));
#5894 = VECTOR('',#5895,1.);
#5895 = DIRECTION('',(-1.,-0.,-0.));
#5896 = PCURVE('',#1259,#5897);
#5897 = DEFINITIONAL_REPRESENTATION('',(#5898),#5902);
#5898 = LINE('',#5899,#5900);
#5899 = CARTESIAN_POINT('',(-3.51,44.));
#5900 = VECTOR('',#5901,1.);
#5901 = DIRECTION('',(-0.,1.));
#5902 = ( GEOMETRIC_REPRESENTATION_CONTEXT(2) 
PARAMETRIC_REPRESENTATION_CONTEXT() REPRESENTATION_CONTEXT('2D SPACE',''
  ) );
#5903 = PCURVE('',#1124,#5904);
#5904 = DEFINITIONAL_REPRESENTATION('',(#5905),#5909);
#5905 = LINE('',#5906,#5907);
#5906 = CARTESIAN_POINT('',(-44.,0.));
#5907 = VECTOR('',#5908,1.);
#5908 = DIRECTION('',(-1.,0.));
#5909 = ( GEOMETRIC_REPRESENTATION_CONTEXT(2) 
PARAMETRIC_REPRESENTATION_CONTEXT() REPRESENTATION_CONTEXT('2D SPACE',''
  ) );
#5910 = ADVANCED_FACE('',(#5911),#1124,.T.);
#5911 = FACE_BOUND('',#5912,.T.);
#5912 = EDGE_LOOP('',(#5913,#5914,#5937,#5958,#5959,#5960,#5983,#6011));
#5913 = ORIENTED_EDGE('',*,*,#1108,.T.);
#5914 = ORIENTED_EDGE('',*,*,#5915,.F.);
#5915 = EDGE_CURVE('',#5916,#1081,#5918,.T.);
#5916 = VERTEX_POINT('',#5917);
#5917 = CARTESIAN_POINT('',(134.75,142.65,6.9));
#5918 = SURFACE_CURVE('',#5919,(#5923,#5930),.PCURVE_S1.);
#5919 = LINE('',#5920,#5921);
#5920 = CARTESIAN_POINT('',(134.75,142.65,6.9));
#5921 = VECTOR('',#5922,1.);
#5922 = DIRECTION('',(1.,0.,0.));
#5923 = PCURVE('',#1124,#5924);
#5924 = DEFINITIONAL_REPRESENTATION('',(#5925),#5929);
#5925 = LINE('',#5926,#5927);
#5926 = CARTESIAN_POINT('',(-66.3,22.3));
#5927 = VECTOR('',#5928,1.);
#5928 = DIRECTION('',(1.,0.));
#5929 = ( GEOMETRIC_REPRESENTATION_CONTEXT(2) 
PARAMETRIC_REPRESENTATION_CONTEXT() REPRESENTATION_CONTEXT('2D SPACE',''
  ) );
#5930 = PCURVE('',#1096,#5931);
#5931 = DEFINITIONAL_REPRESENTATION('',(#5932),#5936);
#5932 = LINE('',#5933,#5934);
#5933 = CARTESIAN_POINT('',(-3.51,66.3));
#5934 = VECTOR('',#5935,1.);
#5935 = DIRECTION('',(0.,-1.));
#5936 = ( GEOMETRIC_REPRESENTATION_CONTEXT(2) 
PARAMETRIC_REPRESENTATION_CONTEXT() REPRESENTATION_CONTEXT('2D SPACE',''
  ) );
#5937 = ORIENTED_EDGE('',*,*,#5938,.F.);
#5938 = EDGE_CURVE('',#5868,#5916,#5939,.T.);
#5939 = SURFACE_CURVE('',#5940,(#5944,#5951),.PCURVE_S1.);
#5940 = LINE('',#5941,#5942);
#5941 = CARTESIAN_POINT('',(134.75,120.35,6.9));
#5942 = VECTOR('',#5943,1.);
#5943 = DIRECTION('',(-0.,1.,-0.));
#5944 = PCURVE('',#1124,#5945);
#5945 = DEFINITIONAL_REPRESENTATION('',(#5946),#5950);
#5946 = LINE('',#5947,#5948);
#5947 = CARTESIAN_POINT('',(-66.3,0.));
#5948 = VECTOR('',#5949,1.);
#5949 = DIRECTION('',(0.,1.));
#5950 = ( GEOMETRIC_REPRESENTATION_CONTEXT(2) 
PARAMETRIC_REPRESENTATION_CONTEXT() REPRESENTATION_CONTEXT('2D SPACE',''
  ) );
#5951 = PCURVE('',#2782,#5952);
#5952 = DEFINITIONAL_REPRESENTATION('',(#5953),#5957);
#5953 = LINE('',#5954,#5955);
#5954 = CARTESIAN_POINT('',(-3.51,0.));
#5955 = VECTOR('',#5956,1.);
#5956 = DIRECTION('',(0.,-1.));
#5957 = ( GEOMETRIC_REPRESENTATION_CONTEXT(2) 
PARAMETRIC_REPRESENTATION_CONTEXT() REPRESENTATION_CONTEXT('2D SPACE',''
  ) );
#5958 = ORIENTED_EDGE('',*,*,#5890,.F.);
#5959 = ORIENTED_EDGE('',*,*,#1220,.T.);
#5960 = ORIENTED_EDGE('',*,*,#5961,.F.);
#5961 = EDGE_CURVE('',#5962,#1193,#5964,.T.);
#5962 = VERTEX_POINT('',#5963);
#5963 = CARTESIAN_POINT('',(135.55,121.15,6.9));
#5964 = SURFACE_CURVE('',#5965,(#5969,#5976),.PCURVE_S1.);
#5965 = LINE('',#5966,#5967);
#5966 = CARTESIAN_POINT('',(156.65,121.15,6.9));
#5967 = VECTOR('',#5968,1.);
#5968 = DIRECTION('',(1.,-0.,0.));
#5969 = PCURVE('',#1124,#5970);
#5970 = DEFINITIONAL_REPRESENTATION('',(#5971),#5975);
#5971 = LINE('',#5972,#5973);
#5972 = CARTESIAN_POINT('',(-44.4,0.8));
#5973 = VECTOR('',#5974,1.);
#5974 = DIRECTION('',(1.,0.));
#5975 = ( GEOMETRIC_REPRESENTATION_CONTEXT(2) 
PARAMETRIC_REPRESENTATION_CONTEXT() REPRESENTATION_CONTEXT('2D SPACE',''
  ) );
#5976 = PCURVE('',#1208,#5977);
#5977 = DEFINITIONAL_REPRESENTATION('',(#5978),#5982);
#5978 = LINE('',#5979,#5980);
#5979 = CARTESIAN_POINT('',(-3.52,-0.4));
#5980 = VECTOR('',#5981,1.);
#5981 = DIRECTION('',(0.,-1.));
#5982 = ( GEOMETRIC_REPRESENTATION_CONTEXT(2) 
PARAMETRIC_REPRESENTATION_CONTEXT() REPRESENTATION_CONTEXT('2D SPACE',''
  ) );
#5983 = ORIENTED_EDGE('',*,*,#5984,.T.);
#5984 = EDGE_CURVE('',#5962,#5985,#5987,.T.);
#5985 = VERTEX_POINT('',#5986);
#5986 = CARTESIAN_POINT('',(135.55,141.85,6.9));
#5987 = SURFACE_CURVE('',#5988,(#5992,#5999),.PCURVE_S1.);
#5988 = LINE('',#5989,#5990);
#5989 = CARTESIAN_POINT('',(135.55,120.75,6.9));
#5990 = VECTOR('',#5991,1.);
#5991 = DIRECTION('',(-0.,1.,-0.));
#5992 = PCURVE('',#1124,#5993);
#5993 = DEFINITIONAL_REPRESENTATION('',(#5994),#5998);
#5994 = LINE('',#5995,#5996);
#5995 = CARTESIAN_POINT('',(-65.5,0.4));
#5996 = VECTOR('',#5997,1.);
#5997 = DIRECTION('',(0.,1.));
#5998 = ( GEOMETRIC_REPRESENTATION_CONTEXT(2) 
PARAMETRIC_REPRESENTATION_CONTEXT() REPRESENTATION_CONTEXT('2D SPACE',''
  ) );
#5999 = PCURVE('',#6000,#6005);
#6000 = PLANE('',#6001);
#6001 = AXIS2_PLACEMENT_3D('',#6002,#6003,#6004);
#6002 = CARTESIAN_POINT('',(135.55,121.15,3.38));
#6003 = DIRECTION('',(-1.,-0.,-0.));
#6004 = DIRECTION('',(0.,0.,-1.));
#6005 = DEFINITIONAL_REPRESENTATION('',(#6006),#6010);
#6006 = LINE('',#6007,#6008);
#6007 = CARTESIAN_POINT('',(-3.52,0.4));
#6008 = VECTOR('',#6009,1.);
#6009 = DIRECTION('',(0.,-1.));
#6010 = ( GEOMETRIC_REPRESENTATION_CONTEXT(2) 
PARAMETRIC_REPRESENTATION_CONTEXT() REPRESENTATION_CONTEXT('2D SPACE',''
  ) );
#6011 = ORIENTED_EDGE('',*,*,#6012,.T.);
#6012 = EDGE_CURVE('',#5985,#1109,#6013,.T.);
#6013 = SURFACE_CURVE('',#6014,(#6018,#6025),.PCURVE_S1.);
#6014 = LINE('',#6015,#6016);
#6015 = CARTESIAN_POINT('',(156.65,141.85,6.9));
#6016 = VECTOR('',#6017,1.);
#6017 = DIRECTION('',(1.,-0.,0.));
#6018 = PCURVE('',#1124,#6019);
#6019 = DEFINITIONAL_REPRESENTATION('',(#6020),#6024);
#6020 = LINE('',#6021,#6022);
#6021 = CARTESIAN_POINT('',(-44.4,21.5));
#6022 = VECTOR('',#6023,1.);
#6023 = DIRECTION('',(1.,0.));
#6024 = ( GEOMETRIC_REPRESENTATION_CONTEXT(2) 
PARAMETRIC_REPRESENTATION_CONTEXT() REPRESENTATION_CONTEXT('2D SPACE',''
  ) );
#6025 = PCURVE('',#1152,#6026);
#6026 = DEFINITIONAL_REPRESENTATION('',(#6027),#6031);
#6027 = LINE('',#6028,#6029);
#6028 = CARTESIAN_POINT('',(-3.52,-0.4));
#6029 = VECTOR('',#6030,1.);
#6030 = DIRECTION('',(0.,-1.));
#6031 = ( GEOMETRIC_REPRESENTATION_CONTEXT(2) 
PARAMETRIC_REPRESENTATION_CONTEXT() REPRESENTATION_CONTEXT('2D SPACE',''
  ) );
#6032 = ADVANCED_FACE('',(#6033),#1208,.T.);
#6033 = FACE_BOUND('',#6034,.T.);
#6034 = EDGE_LOOP('',(#6035,#6058,#6079,#6080));
#6035 = ORIENTED_EDGE('',*,*,#6036,.T.);
#6036 = EDGE_CURVE('',#1165,#6037,#6039,.T.);
#6037 = VERTEX_POINT('',#6038);
#6038 = CARTESIAN_POINT('',(135.55,121.15,3.4));
#6039 = SURFACE_CURVE('',#6040,(#6044,#6051),.PCURVE_S1.);
#6040 = LINE('',#6041,#6042);
#6041 = CARTESIAN_POINT('',(179.025,121.15,3.4));
#6042 = VECTOR('',#6043,1.);
#6043 = DIRECTION('',(-1.,-0.,-0.));
#6044 = PCURVE('',#1208,#6045);
#6045 = DEFINITIONAL_REPRESENTATION('',(#6046),#6050);
#6046 = LINE('',#6047,#6048);
#6047 = CARTESIAN_POINT('',(-2.E-02,-22.775));
#6048 = VECTOR('',#6049,1.);
#6049 = DIRECTION('',(-0.,1.));
#6050 = ( GEOMETRIC_REPRESENTATION_CONTEXT(2) 
PARAMETRIC_REPRESENTATION_CONTEXT() REPRESENTATION_CONTEXT('2D SPACE',''
  ) );
#6051 = PCURVE('',#1180,#6052);
#6052 = DEFINITIONAL_REPRESENTATION('',(#6053),#6057);
#6053 = LINE('',#6054,#6055);
#6054 = CARTESIAN_POINT('',(-22.775,97.75));
#6055 = VECTOR('',#6056,1.);
#6056 = DIRECTION('',(-1.,0.));
#6057 = ( GEOMETRIC_REPRESENTATION_CONTEXT(2) 
PARAMETRIC_REPRESENTATION_CONTEXT() REPRESENTATION_CONTEXT('2D SPACE',''
  ) );
#6058 = ORIENTED_EDGE('',*,*,#6059,.T.);
#6059 = EDGE_CURVE('',#6037,#5962,#6060,.T.);
#6060 = SURFACE_CURVE('',#6061,(#6065,#6072),.PCURVE_S1.);
#6061 = LINE('',#6062,#6063);
#6062 = CARTESIAN_POINT('',(135.55,121.15,3.38));
#6063 = VECTOR('',#6064,1.);
#6064 = DIRECTION('',(-0.,-0.,1.));
#6065 = PCURVE('',#1208,#6066);
#6066 = DEFINITIONAL_REPRESENTATION('',(#6067),#6071);
#6067 = LINE('',#6068,#6069);
#6068 = CARTESIAN_POINT('',(0.,20.7));
#6069 = VECTOR('',#6070,1.);
#6070 = DIRECTION('',(-1.,0.));
#6071 = ( GEOMETRIC_REPRESENTATION_CONTEXT(2) 
PARAMETRIC_REPRESENTATION_CONTEXT() REPRESENTATION_CONTEXT('2D SPACE',''
  ) );
#6072 = PCURVE('',#6000,#6073);
#6073 = DEFINITIONAL_REPRESENTATION('',(#6074),#6078);
#6074 = LINE('',#6075,#6076);
#6075 = CARTESIAN_POINT('',(0.,0.));
#6076 = VECTOR('',#6077,1.);
#6077 = DIRECTION('',(-1.,0.));
#6078 = ( GEOMETRIC_REPRESENTATION_CONTEXT(2) 
PARAMETRIC_REPRESENTATION_CONTEXT() REPRESENTATION_CONTEXT('2D SPACE',''
  ) );
#6079 = ORIENTED_EDGE('',*,*,#5961,.T.);
#6080 = ORIENTED_EDGE('',*,*,#1192,.T.);
#6081 = ADVANCED_FACE('',(#6082),#1180,.T.);
#6082 = FACE_BOUND('',#6083,.T.);
#6083 = EDGE_LOOP('',(#6084,#6085,#6108,#6129));
#6084 = ORIENTED_EDGE('',*,*,#1164,.T.);
#6085 = ORIENTED_EDGE('',*,*,#6086,.T.);
#6086 = EDGE_CURVE('',#1137,#6087,#6089,.T.);
#6087 = VERTEX_POINT('',#6088);
#6088 = CARTESIAN_POINT('',(135.55,141.85,3.4));
#6089 = SURFACE_CURVE('',#6090,(#6094,#6101),.PCURVE_S1.);
#6090 = LINE('',#6091,#6092);
#6091 = CARTESIAN_POINT('',(179.025,141.85,3.4));
#6092 = VECTOR('',#6093,1.);
#6093 = DIRECTION('',(-1.,-0.,-0.));
#6094 = PCURVE('',#1180,#6095);
#6095 = DEFINITIONAL_REPRESENTATION('',(#6096),#6100);
#6096 = LINE('',#6097,#6098);
#6097 = CARTESIAN_POINT('',(-22.775,118.45));
#6098 = VECTOR('',#6099,1.);
#6099 = DIRECTION('',(-1.,0.));
#6100 = ( GEOMETRIC_REPRESENTATION_CONTEXT(2) 
PARAMETRIC_REPRESENTATION_CONTEXT() REPRESENTATION_CONTEXT('2D SPACE',''
  ) );
#6101 = PCURVE('',#1152,#6102);
#6102 = DEFINITIONAL_REPRESENTATION('',(#6103),#6107);
#6103 = LINE('',#6104,#6105);
#6104 = CARTESIAN_POINT('',(-2.E-02,-22.775));
#6105 = VECTOR('',#6106,1.);
#6106 = DIRECTION('',(-0.,1.));
#6107 = ( GEOMETRIC_REPRESENTATION_CONTEXT(2) 
PARAMETRIC_REPRESENTATION_CONTEXT() REPRESENTATION_CONTEXT('2D SPACE',''
  ) );
#6108 = ORIENTED_EDGE('',*,*,#6109,.T.);
#6109 = EDGE_CURVE('',#6087,#6037,#6110,.T.);
#6110 = SURFACE_CURVE('',#6111,(#6115,#6122),.PCURVE_S1.);
#6111 = LINE('',#6112,#6113);
#6112 = CARTESIAN_POINT('',(135.55,72.275,3.4));
#6113 = VECTOR('',#6114,1.);
#6114 = DIRECTION('',(0.,-1.,0.));
#6115 = PCURVE('',#1180,#6116);
#6116 = DEFINITIONAL_REPRESENTATION('',(#6117),#6121);
#6117 = LINE('',#6118,#6119);
#6118 = CARTESIAN_POINT('',(-66.25,48.875));
#6119 = VECTOR('',#6120,1.);
#6120 = DIRECTION('',(0.,-1.));
#6121 = ( GEOMETRIC_REPRESENTATION_CONTEXT(2) 
PARAMETRIC_REPRESENTATION_CONTEXT() REPRESENTATION_CONTEXT('2D SPACE',''
  ) );
#6122 = PCURVE('',#6000,#6123);
#6123 = DEFINITIONAL_REPRESENTATION('',(#6124),#6128);
#6124 = LINE('',#6125,#6126);
#6125 = CARTESIAN_POINT('',(-2.E-02,48.875));
#6126 = VECTOR('',#6127,1.);
#6127 = DIRECTION('',(0.,1.));
#6128 = ( GEOMETRIC_REPRESENTATION_CONTEXT(2) 
PARAMETRIC_REPRESENTATION_CONTEXT() REPRESENTATION_CONTEXT('2D SPACE',''
  ) );
#6129 = ORIENTED_EDGE('',*,*,#6036,.F.);
#6130 = ADVANCED_FACE('',(#6131),#1152,.F.);
#6131 = FACE_BOUND('',#6132,.F.);
#6132 = EDGE_LOOP('',(#6133,#6134,#6155,#6156));
#6133 = ORIENTED_EDGE('',*,*,#6086,.T.);
#6134 = ORIENTED_EDGE('',*,*,#6135,.T.);
#6135 = EDGE_CURVE('',#6087,#5985,#6136,.T.);
#6136 = SURFACE_CURVE('',#6137,(#6141,#6148),.PCURVE_S1.);
#6137 = LINE('',#6138,#6139);
#6138 = CARTESIAN_POINT('',(135.55,141.85,3.38));
#6139 = VECTOR('',#6140,1.);
#6140 = DIRECTION('',(-0.,-0.,1.));
#6141 = PCURVE('',#1152,#6142);
#6142 = DEFINITIONAL_REPRESENTATION('',(#6143),#6147);
#6143 = LINE('',#6144,#6145);
#6144 = CARTESIAN_POINT('',(0.,20.7));
#6145 = VECTOR('',#6146,1.);
#6146 = DIRECTION('',(-1.,0.));
#6147 = ( GEOMETRIC_REPRESENTATION_CONTEXT(2) 
PARAMETRIC_REPRESENTATION_CONTEXT() REPRESENTATION_CONTEXT('2D SPACE',''
  ) );
#6148 = PCURVE('',#6000,#6149);
#6149 = DEFINITIONAL_REPRESENTATION('',(#6150),#6154);
#6150 = LINE('',#6151,#6152);
#6151 = CARTESIAN_POINT('',(0.,-20.7));
#6152 = VECTOR('',#6153,1.);
#6153 = DIRECTION('',(-1.,0.));
#6154 = ( GEOMETRIC_REPRESENTATION_CONTEXT(2) 
PARAMETRIC_REPRESENTATION_CONTEXT() REPRESENTATION_CONTEXT('2D SPACE',''
  ) );
#6155 = ORIENTED_EDGE('',*,*,#6012,.T.);
#6156 = ORIENTED_EDGE('',*,*,#1136,.T.);
#6157 = ADVANCED_FACE('',(#6158),#1096,.T.);
#6158 = FACE_BOUND('',#6159,.T.);
#6159 = EDGE_LOOP('',(#6160,#6181,#6182,#6183));
#6160 = ORIENTED_EDGE('',*,*,#6161,.T.);
#6161 = EDGE_CURVE('',#2767,#5916,#6162,.T.);
#6162 = SURFACE_CURVE('',#6163,(#6167,#6174),.PCURVE_S1.);
#6163 = LINE('',#6164,#6165);
#6164 = CARTESIAN_POINT('',(134.75,142.65,3.39));
#6165 = VECTOR('',#6166,1.);
#6166 = DIRECTION('',(-0.,-0.,1.));
#6167 = PCURVE('',#1096,#6168);
#6168 = DEFINITIONAL_REPRESENTATION('',(#6169),#6173);
#6169 = LINE('',#6170,#6171);
#6170 = CARTESIAN_POINT('',(0.,66.3));
#6171 = VECTOR('',#6172,1.);
#6172 = DIRECTION('',(-1.,0.));
#6173 = ( GEOMETRIC_REPRESENTATION_CONTEXT(2) 
PARAMETRIC_REPRESENTATION_CONTEXT() REPRESENTATION_CONTEXT('2D SPACE',''
  ) );
#6174 = PCURVE('',#2782,#6175);
#6175 = DEFINITIONAL_REPRESENTATION('',(#6176),#6180);
#6176 = LINE('',#6177,#6178);
#6177 = CARTESIAN_POINT('',(0.,-22.3));
#6178 = VECTOR('',#6179,1.);
#6179 = DIRECTION('',(-1.,0.));
#6180 = ( GEOMETRIC_REPRESENTATION_CONTEXT(2) 
PARAMETRIC_REPRESENTATION_CONTEXT() REPRESENTATION_CONTEXT('2D SPACE',''
  ) );
#6181 = ORIENTED_EDGE('',*,*,#5915,.T.);
#6182 = ORIENTED_EDGE('',*,*,#1080,.T.);
#6183 = ORIENTED_EDGE('',*,*,#2794,.F.);
#6184 = ADVANCED_FACE('',(#6185),#1045,.F.);
#6185 = FACE_BOUND('',#6186,.F.);
#6186 = EDGE_LOOP('',(#6187,#6188,#6189,#6212));
#6187 = ORIENTED_EDGE('',*,*,#1029,.T.);
#6188 = ORIENTED_EDGE('',*,*,#2816,.T.);
#6189 = ORIENTED_EDGE('',*,*,#6190,.T.);
#6190 = EDGE_CURVE('',#2817,#6191,#6193,.T.);
#6191 = VERTEX_POINT('',#6192);
#6192 = CARTESIAN_POINT('',(134.75,142.95,6.9));
#6193 = SURFACE_CURVE('',#6194,(#6198,#6205),.PCURVE_S1.);
#6194 = LINE('',#6195,#6196);
#6195 = CARTESIAN_POINT('',(134.75,142.95,3.39));
#6196 = VECTOR('',#6197,1.);
#6197 = DIRECTION('',(-0.,-0.,1.));
#6198 = PCURVE('',#1045,#6199);
#6199 = DEFINITIONAL_REPRESENTATION('',(#6200),#6204);
#6200 = LINE('',#6201,#6202);
#6201 = CARTESIAN_POINT('',(0.,66.3));
#6202 = VECTOR('',#6203,1.);
#6203 = DIRECTION('',(-1.,0.));
#6204 = ( GEOMETRIC_REPRESENTATION_CONTEXT(2) 
PARAMETRIC_REPRESENTATION_CONTEXT() REPRESENTATION_CONTEXT('2D SPACE',''
  ) );
#6205 = PCURVE('',#2855,#6206);
#6206 = DEFINITIONAL_REPRESENTATION('',(#6207),#6211);
#6207 = LINE('',#6208,#6209);
#6208 = CARTESIAN_POINT('',(0.,0.));
#6209 = VECTOR('',#6210,1.);
#6210 = DIRECTION('',(-1.,0.));
#6211 = ( GEOMETRIC_REPRESENTATION_CONTEXT(2) 
PARAMETRIC_REPRESENTATION_CONTEXT() REPRESENTATION_CONTEXT('2D SPACE',''
  ) );
#6212 = ORIENTED_EDGE('',*,*,#6213,.F.);
#6213 = EDGE_CURVE('',#1007,#6191,#6214,.T.);
#6214 = SURFACE_CURVE('',#6215,(#6219,#6226),.PCURVE_S1.);
#6215 = LINE('',#6216,#6217);
#6216 = CARTESIAN_POINT('',(157.05,142.95,6.9));
#6217 = VECTOR('',#6218,1.);
#6218 = DIRECTION('',(-1.,-0.,-0.));
#6219 = PCURVE('',#1045,#6220);
#6220 = DEFINITIONAL_REPRESENTATION('',(#6221),#6225);
#6221 = LINE('',#6222,#6223);
#6222 = CARTESIAN_POINT('',(-3.51,44.));
#6223 = VECTOR('',#6224,1.);
#6224 = DIRECTION('',(-0.,1.));
#6225 = ( GEOMETRIC_REPRESENTATION_CONTEXT(2) 
PARAMETRIC_REPRESENTATION_CONTEXT() REPRESENTATION_CONTEXT('2D SPACE',''
  ) );
#6226 = PCURVE('',#910,#6227);
#6227 = DEFINITIONAL_REPRESENTATION('',(#6228),#6232);
#6228 = LINE('',#6229,#6230);
#6229 = CARTESIAN_POINT('',(-44.,0.));
#6230 = VECTOR('',#6231,1.);
#6231 = DIRECTION('',(-1.,0.));
#6232 = ( GEOMETRIC_REPRESENTATION_CONTEXT(2) 
PARAMETRIC_REPRESENTATION_CONTEXT() REPRESENTATION_CONTEXT('2D SPACE',''
  ) );
#6233 = ADVANCED_FACE('',(#6234),#910,.T.);
#6234 = FACE_BOUND('',#6235,.T.);
#6235 = EDGE_LOOP('',(#6236,#6237,#6260,#6281,#6282,#6283,#6306,#6334));
#6236 = ORIENTED_EDGE('',*,*,#894,.T.);
#6237 = ORIENTED_EDGE('',*,*,#6238,.F.);
#6238 = EDGE_CURVE('',#6239,#867,#6241,.T.);
#6239 = VERTEX_POINT('',#6240);
#6240 = CARTESIAN_POINT('',(134.75,165.25,6.9));
#6241 = SURFACE_CURVE('',#6242,(#6246,#6253),.PCURVE_S1.);
#6242 = LINE('',#6243,#6244);
#6243 = CARTESIAN_POINT('',(134.75,165.25,6.9));
#6244 = VECTOR('',#6245,1.);
#6245 = DIRECTION('',(1.,0.,0.));
#6246 = PCURVE('',#910,#6247);
#6247 = DEFINITIONAL_REPRESENTATION('',(#6248),#6252);
#6248 = LINE('',#6249,#6250);
#6249 = CARTESIAN_POINT('',(-66.3,22.3));
#6250 = VECTOR('',#6251,1.);
#6251 = DIRECTION('',(1.,0.));
#6252 = ( GEOMETRIC_REPRESENTATION_CONTEXT(2) 
PARAMETRIC_REPRESENTATION_CONTEXT() REPRESENTATION_CONTEXT('2D SPACE',''
  ) );
#6253 = PCURVE('',#882,#6254);
#6254 = DEFINITIONAL_REPRESENTATION('',(#6255),#6259);
#6255 = LINE('',#6256,#6257);
#6256 = CARTESIAN_POINT('',(-3.51,66.3));
#6257 = VECTOR('',#6258,1.);
#6258 = DIRECTION('',(0.,-1.));
#6259 = ( GEOMETRIC_REPRESENTATION_CONTEXT(2) 
PARAMETRIC_REPRESENTATION_CONTEXT() REPRESENTATION_CONTEXT('2D SPACE',''
  ) );
#6260 = ORIENTED_EDGE('',*,*,#6261,.F.);
#6261 = EDGE_CURVE('',#6191,#6239,#6262,.T.);
#6262 = SURFACE_CURVE('',#6263,(#6267,#6274),.PCURVE_S1.);
#6263 = LINE('',#6264,#6265);
#6264 = CARTESIAN_POINT('',(134.75,142.95,6.9));
#6265 = VECTOR('',#6266,1.);
#6266 = DIRECTION('',(-0.,1.,-0.));
#6267 = PCURVE('',#910,#6268);
#6268 = DEFINITIONAL_REPRESENTATION('',(#6269),#6273);
#6269 = LINE('',#6270,#6271);
#6270 = CARTESIAN_POINT('',(-66.3,0.));
#6271 = VECTOR('',#6272,1.);
#6272 = DIRECTION('',(0.,1.));
#6273 = ( GEOMETRIC_REPRESENTATION_CONTEXT(2) 
PARAMETRIC_REPRESENTATION_CONTEXT() REPRESENTATION_CONTEXT('2D SPACE',''
  ) );
#6274 = PCURVE('',#2855,#6275);
#6275 = DEFINITIONAL_REPRESENTATION('',(#6276),#6280);
#6276 = LINE('',#6277,#6278);
#6277 = CARTESIAN_POINT('',(-3.51,0.));
#6278 = VECTOR('',#6279,1.);
#6279 = DIRECTION('',(0.,-1.));
#6280 = ( GEOMETRIC_REPRESENTATION_CONTEXT(2) 
PARAMETRIC_REPRESENTATION_CONTEXT() REPRESENTATION_CONTEXT('2D SPACE',''
  ) );
#6281 = ORIENTED_EDGE('',*,*,#6213,.F.);
#6282 = ORIENTED_EDGE('',*,*,#1006,.T.);
#6283 = ORIENTED_EDGE('',*,*,#6284,.F.);
#6284 = EDGE_CURVE('',#6285,#979,#6287,.T.);
#6285 = VERTEX_POINT('',#6286);
#6286 = CARTESIAN_POINT('',(135.55,143.75,6.9));
#6287 = SURFACE_CURVE('',#6288,(#6292,#6299),.PCURVE_S1.);
#6288 = LINE('',#6289,#6290);
#6289 = CARTESIAN_POINT('',(156.65,143.75,6.9));
#6290 = VECTOR('',#6291,1.);
#6291 = DIRECTION('',(1.,-0.,0.));
#6292 = PCURVE('',#910,#6293);
#6293 = DEFINITIONAL_REPRESENTATION('',(#6294),#6298);
#6294 = LINE('',#6295,#6296);
#6295 = CARTESIAN_POINT('',(-44.4,0.8));
#6296 = VECTOR('',#6297,1.);
#6297 = DIRECTION('',(1.,0.));
#6298 = ( GEOMETRIC_REPRESENTATION_CONTEXT(2) 
PARAMETRIC_REPRESENTATION_CONTEXT() REPRESENTATION_CONTEXT('2D SPACE',''
  ) );
#6299 = PCURVE('',#994,#6300);
#6300 = DEFINITIONAL_REPRESENTATION('',(#6301),#6305);
#6301 = LINE('',#6302,#6303);
#6302 = CARTESIAN_POINT('',(-3.52,-0.4));
#6303 = VECTOR('',#6304,1.);
#6304 = DIRECTION('',(0.,-1.));
#6305 = ( GEOMETRIC_REPRESENTATION_CONTEXT(2) 
PARAMETRIC_REPRESENTATION_CONTEXT() REPRESENTATION_CONTEXT('2D SPACE',''
  ) );
#6306 = ORIENTED_EDGE('',*,*,#6307,.T.);
#6307 = EDGE_CURVE('',#6285,#6308,#6310,.T.);
#6308 = VERTEX_POINT('',#6309);
#6309 = CARTESIAN_POINT('',(135.55,164.45,6.9));
#6310 = SURFACE_CURVE('',#6311,(#6315,#6322),.PCURVE_S1.);
#6311 = LINE('',#6312,#6313);
#6312 = CARTESIAN_POINT('',(135.55,143.35,6.9));
#6313 = VECTOR('',#6314,1.);
#6314 = DIRECTION('',(-0.,1.,-0.));
#6315 = PCURVE('',#910,#6316);
#6316 = DEFINITIONAL_REPRESENTATION('',(#6317),#6321);
#6317 = LINE('',#6318,#6319);
#6318 = CARTESIAN_POINT('',(-65.5,0.4));
#6319 = VECTOR('',#6320,1.);
#6320 = DIRECTION('',(0.,1.));
#6321 = ( GEOMETRIC_REPRESENTATION_CONTEXT(2) 
PARAMETRIC_REPRESENTATION_CONTEXT() REPRESENTATION_CONTEXT('2D SPACE',''
  ) );
#6322 = PCURVE('',#6323,#6328);
#6323 = PLANE('',#6324);
#6324 = AXIS2_PLACEMENT_3D('',#6325,#6326,#6327);
#6325 = CARTESIAN_POINT('',(135.55,143.75,3.38));
#6326 = DIRECTION('',(-1.,-0.,-0.));
#6327 = DIRECTION('',(0.,0.,-1.));
#6328 = DEFINITIONAL_REPRESENTATION('',(#6329),#6333);
#6329 = LINE('',#6330,#6331);
#6330 = CARTESIAN_POINT('',(-3.52,0.4));
#6331 = VECTOR('',#6332,1.);
#6332 = DIRECTION('',(0.,-1.));
#6333 = ( GEOMETRIC_REPRESENTATION_CONTEXT(2) 
PARAMETRIC_REPRESENTATION_CONTEXT() REPRESENTATION_CONTEXT('2D SPACE',''
  ) );
#6334 = ORIENTED_EDGE('',*,*,#6335,.T.);
#6335 = EDGE_CURVE('',#6308,#895,#6336,.T.);
#6336 = SURFACE_CURVE('',#6337,(#6341,#6348),.PCURVE_S1.);
#6337 = LINE('',#6338,#6339);
#6338 = CARTESIAN_POINT('',(156.65,164.45,6.9));
#6339 = VECTOR('',#6340,1.);
#6340 = DIRECTION('',(1.,-0.,0.));
#6341 = PCURVE('',#910,#6342);
#6342 = DEFINITIONAL_REPRESENTATION('',(#6343),#6347);
#6343 = LINE('',#6344,#6345);
#6344 = CARTESIAN_POINT('',(-44.4,21.5));
#6345 = VECTOR('',#6346,1.);
#6346 = DIRECTION('',(1.,0.));
#6347 = ( GEOMETRIC_REPRESENTATION_CONTEXT(2) 
PARAMETRIC_REPRESENTATION_CONTEXT() REPRESENTATION_CONTEXT('2D SPACE',''
  ) );
#6348 = PCURVE('',#938,#6349);
#6349 = DEFINITIONAL_REPRESENTATION('',(#6350),#6354);
#6350 = LINE('',#6351,#6352);
#6351 = CARTESIAN_POINT('',(-3.52,-0.4));
#6352 = VECTOR('',#6353,1.);
#6353 = DIRECTION('',(0.,-1.));
#6354 = ( GEOMETRIC_REPRESENTATION_CONTEXT(2) 
PARAMETRIC_REPRESENTATION_CONTEXT() REPRESENTATION_CONTEXT('2D SPACE',''
  ) );
#6355 = ADVANCED_FACE('',(#6356),#994,.T.);
#6356 = FACE_BOUND('',#6357,.T.);
#6357 = EDGE_LOOP('',(#6358,#6381,#6402,#6403));
#6358 = ORIENTED_EDGE('',*,*,#6359,.T.);
#6359 = EDGE_CURVE('',#951,#6360,#6362,.T.);
#6360 = VERTEX_POINT('',#6361);
#6361 = CARTESIAN_POINT('',(135.55,143.75,3.4));
#6362 = SURFACE_CURVE('',#6363,(#6367,#6374),.PCURVE_S1.);
#6363 = LINE('',#6364,#6365);
#6364 = CARTESIAN_POINT('',(179.025,143.75,3.4));
#6365 = VECTOR('',#6366,1.);
#6366 = DIRECTION('',(-1.,-0.,-0.));
#6367 = PCURVE('',#994,#6368);
#6368 = DEFINITIONAL_REPRESENTATION('',(#6369),#6373);
#6369 = LINE('',#6370,#6371);
#6370 = CARTESIAN_POINT('',(-2.E-02,-22.775));
#6371 = VECTOR('',#6372,1.);
#6372 = DIRECTION('',(-0.,1.));
#6373 = ( GEOMETRIC_REPRESENTATION_CONTEXT(2) 
PARAMETRIC_REPRESENTATION_CONTEXT() REPRESENTATION_CONTEXT('2D SPACE',''
  ) );
#6374 = PCURVE('',#966,#6375);
#6375 = DEFINITIONAL_REPRESENTATION('',(#6376),#6380);
#6376 = LINE('',#6377,#6378);
#6377 = CARTESIAN_POINT('',(-22.775,120.35));
#6378 = VECTOR('',#6379,1.);
#6379 = DIRECTION('',(-1.,0.));
#6380 = ( GEOMETRIC_REPRESENTATION_CONTEXT(2) 
PARAMETRIC_REPRESENTATION_CONTEXT() REPRESENTATION_CONTEXT('2D SPACE',''
  ) );
#6381 = ORIENTED_EDGE('',*,*,#6382,.T.);
#6382 = EDGE_CURVE('',#6360,#6285,#6383,.T.);
#6383 = SURFACE_CURVE('',#6384,(#6388,#6395),.PCURVE_S1.);
#6384 = LINE('',#6385,#6386);
#6385 = CARTESIAN_POINT('',(135.55,143.75,3.38));
#6386 = VECTOR('',#6387,1.);
#6387 = DIRECTION('',(-0.,-0.,1.));
#6388 = PCURVE('',#994,#6389);
#6389 = DEFINITIONAL_REPRESENTATION('',(#6390),#6394);
#6390 = LINE('',#6391,#6392);
#6391 = CARTESIAN_POINT('',(0.,20.7));
#6392 = VECTOR('',#6393,1.);
#6393 = DIRECTION('',(-1.,0.));
#6394 = ( GEOMETRIC_REPRESENTATION_CONTEXT(2) 
PARAMETRIC_REPRESENTATION_CONTEXT() REPRESENTATION_CONTEXT('2D SPACE',''
  ) );
#6395 = PCURVE('',#6323,#6396);
#6396 = DEFINITIONAL_REPRESENTATION('',(#6397),#6401);
#6397 = LINE('',#6398,#6399);
#6398 = CARTESIAN_POINT('',(0.,0.));
#6399 = VECTOR('',#6400,1.);
#6400 = DIRECTION('',(-1.,0.));
#6401 = ( GEOMETRIC_REPRESENTATION_CONTEXT(2) 
PARAMETRIC_REPRESENTATION_CONTEXT() REPRESENTATION_CONTEXT('2D SPACE',''
  ) );
#6402 = ORIENTED_EDGE('',*,*,#6284,.T.);
#6403 = ORIENTED_EDGE('',*,*,#978,.T.);
#6404 = ADVANCED_FACE('',(#6405),#966,.T.);
#6405 = FACE_BOUND('',#6406,.T.);
#6406 = EDGE_LOOP('',(#6407,#6408,#6431,#6452));
#6407 = ORIENTED_EDGE('',*,*,#950,.T.);
#6408 = ORIENTED_EDGE('',*,*,#6409,.T.);
#6409 = EDGE_CURVE('',#923,#6410,#6412,.T.);
#6410 = VERTEX_POINT('',#6411);
#6411 = CARTESIAN_POINT('',(135.55,164.45,3.4));
#6412 = SURFACE_CURVE('',#6413,(#6417,#6424),.PCURVE_S1.);
#6413 = LINE('',#6414,#6415);
#6414 = CARTESIAN_POINT('',(179.025,164.45,3.4));
#6415 = VECTOR('',#6416,1.);
#6416 = DIRECTION('',(-1.,-0.,-0.));
#6417 = PCURVE('',#966,#6418);
#6418 = DEFINITIONAL_REPRESENTATION('',(#6419),#6423);
#6419 = LINE('',#6420,#6421);
#6420 = CARTESIAN_POINT('',(-22.775,141.05));
#6421 = VECTOR('',#6422,1.);
#6422 = DIRECTION('',(-1.,0.));
#6423 = ( GEOMETRIC_REPRESENTATION_CONTEXT(2) 
PARAMETRIC_REPRESENTATION_CONTEXT() REPRESENTATION_CONTEXT('2D SPACE',''
  ) );
#6424 = PCURVE('',#938,#6425);
#6425 = DEFINITIONAL_REPRESENTATION('',(#6426),#6430);
#6426 = LINE('',#6427,#6428);
#6427 = CARTESIAN_POINT('',(-2.E-02,-22.775));
#6428 = VECTOR('',#6429,1.);
#6429 = DIRECTION('',(-0.,1.));
#6430 = ( GEOMETRIC_REPRESENTATION_CONTEXT(2) 
PARAMETRIC_REPRESENTATION_CONTEXT() REPRESENTATION_CONTEXT('2D SPACE',''
  ) );
#6431 = ORIENTED_EDGE('',*,*,#6432,.T.);
#6432 = EDGE_CURVE('',#6410,#6360,#6433,.T.);
#6433 = SURFACE_CURVE('',#6434,(#6438,#6445),.PCURVE_S1.);
#6434 = LINE('',#6435,#6436);
#6435 = CARTESIAN_POINT('',(135.55,83.575,3.4));
#6436 = VECTOR('',#6437,1.);
#6437 = DIRECTION('',(0.,-1.,0.));
#6438 = PCURVE('',#966,#6439);
#6439 = DEFINITIONAL_REPRESENTATION('',(#6440),#6444);
#6440 = LINE('',#6441,#6442);
#6441 = CARTESIAN_POINT('',(-66.25,60.175));
#6442 = VECTOR('',#6443,1.);
#6443 = DIRECTION('',(0.,-1.));
#6444 = ( GEOMETRIC_REPRESENTATION_CONTEXT(2) 
PARAMETRIC_REPRESENTATION_CONTEXT() REPRESENTATION_CONTEXT('2D SPACE',''
  ) );
#6445 = PCURVE('',#6323,#6446);
#6446 = DEFINITIONAL_REPRESENTATION('',(#6447),#6451);
#6447 = LINE('',#6448,#6449);
#6448 = CARTESIAN_POINT('',(-2.E-02,60.175));
#6449 = VECTOR('',#6450,1.);
#6450 = DIRECTION('',(0.,1.));
#6451 = ( GEOMETRIC_REPRESENTATION_CONTEXT(2) 
PARAMETRIC_REPRESENTATION_CONTEXT() REPRESENTATION_CONTEXT('2D SPACE',''
  ) );
#6452 = ORIENTED_EDGE('',*,*,#6359,.F.);
#6453 = ADVANCED_FACE('',(#6454),#938,.F.);
#6454 = FACE_BOUND('',#6455,.F.);
#6455 = EDGE_LOOP('',(#6456,#6457,#6478,#6479));
#6456 = ORIENTED_EDGE('',*,*,#6409,.T.);
#6457 = ORIENTED_EDGE('',*,*,#6458,.T.);
#6458 = EDGE_CURVE('',#6410,#6308,#6459,.T.);
#6459 = SURFACE_CURVE('',#6460,(#6464,#6471),.PCURVE_S1.);
#6460 = LINE('',#6461,#6462);
#6461 = CARTESIAN_POINT('',(135.55,164.45,3.38));
#6462 = VECTOR('',#6463,1.);
#6463 = DIRECTION('',(-0.,-0.,1.));
#6464 = PCURVE('',#938,#6465);
#6465 = DEFINITIONAL_REPRESENTATION('',(#6466),#6470);
#6466 = LINE('',#6467,#6468);
#6467 = CARTESIAN_POINT('',(0.,20.7));
#6468 = VECTOR('',#6469,1.);
#6469 = DIRECTION('',(-1.,0.));
#6470 = ( GEOMETRIC_REPRESENTATION_CONTEXT(2) 
PARAMETRIC_REPRESENTATION_CONTEXT() REPRESENTATION_CONTEXT('2D SPACE',''
  ) );
#6471 = PCURVE('',#6323,#6472);
#6472 = DEFINITIONAL_REPRESENTATION('',(#6473),#6477);
#6473 = LINE('',#6474,#6475);
#6474 = CARTESIAN_POINT('',(0.,-20.7));
#6475 = VECTOR('',#6476,1.);
#6476 = DIRECTION('',(-1.,0.));
#6477 = ( GEOMETRIC_REPRESENTATION_CONTEXT(2) 
PARAMETRIC_REPRESENTATION_CONTEXT() REPRESENTATION_CONTEXT('2D SPACE',''
  ) );
#6478 = ORIENTED_EDGE('',*,*,#6335,.T.);
#6479 = ORIENTED_EDGE('',*,*,#922,.T.);
#6480 = ADVANCED_FACE('',(#6481),#882,.T.);
#6481 = FACE_BOUND('',#6482,.T.);
#6482 = EDGE_LOOP('',(#6483,#6504,#6505,#6506));
#6483 = ORIENTED_EDGE('',*,*,#6484,.T.);
#6484 = EDGE_CURVE('',#2840,#6239,#6485,.T.);
#6485 = SURFACE_CURVE('',#6486,(#6490,#6497),.PCURVE_S1.);
#6486 = LINE('',#6487,#6488);
#6487 = CARTESIAN_POINT('',(134.75,165.25,3.39));
#6488 = VECTOR('',#6489,1.);
#6489 = DIRECTION('',(-0.,-0.,1.));
#6490 = PCURVE('',#882,#6491);
#6491 = DEFINITIONAL_REPRESENTATION('',(#6492),#6496);
#6492 = LINE('',#6493,#6494);
#6493 = CARTESIAN_POINT('',(0.,66.3));
#6494 = VECTOR('',#6495,1.);
#6495 = DIRECTION('',(-1.,0.));
#6496 = ( GEOMETRIC_REPRESENTATION_CONTEXT(2) 
PARAMETRIC_REPRESENTATION_CONTEXT() REPRESENTATION_CONTEXT('2D SPACE',''
  ) );
#6497 = PCURVE('',#2855,#6498);
#6498 = DEFINITIONAL_REPRESENTATION('',(#6499),#6503);
#6499 = LINE('',#6500,#6501);
#6500 = CARTESIAN_POINT('',(0.,-22.3));
#6501 = VECTOR('',#6502,1.);
#6502 = DIRECTION('',(-1.,0.));
#6503 = ( GEOMETRIC_REPRESENTATION_CONTEXT(2) 
PARAMETRIC_REPRESENTATION_CONTEXT() REPRESENTATION_CONTEXT('2D SPACE',''
  ) );
#6504 = ORIENTED_EDGE('',*,*,#6238,.T.);
#6505 = ORIENTED_EDGE('',*,*,#866,.T.);
#6506 = ORIENTED_EDGE('',*,*,#2867,.F.);
#6507 = ADVANCED_FACE('',(#6508),#831,.F.);
#6508 = FACE_BOUND('',#6509,.F.);
#6509 = EDGE_LOOP('',(#6510,#6511,#6512,#6535));
#6510 = ORIENTED_EDGE('',*,*,#815,.T.);
#6511 = ORIENTED_EDGE('',*,*,#2889,.T.);
#6512 = ORIENTED_EDGE('',*,*,#6513,.T.);
#6513 = EDGE_CURVE('',#2890,#6514,#6516,.T.);
#6514 = VERTEX_POINT('',#6515);
#6515 = CARTESIAN_POINT('',(134.75,165.55,6.9));
#6516 = SURFACE_CURVE('',#6517,(#6521,#6528),.PCURVE_S1.);
#6517 = LINE('',#6518,#6519);
#6518 = CARTESIAN_POINT('',(134.75,165.55,3.39));
#6519 = VECTOR('',#6520,1.);
#6520 = DIRECTION('',(-0.,-0.,1.));
#6521 = PCURVE('',#831,#6522);
#6522 = DEFINITIONAL_REPRESENTATION('',(#6523),#6527);
#6523 = LINE('',#6524,#6525);
#6524 = CARTESIAN_POINT('',(0.,66.3));
#6525 = VECTOR('',#6526,1.);
#6526 = DIRECTION('',(-1.,0.));
#6527 = ( GEOMETRIC_REPRESENTATION_CONTEXT(2) 
PARAMETRIC_REPRESENTATION_CONTEXT() REPRESENTATION_CONTEXT('2D SPACE',''
  ) );
#6528 = PCURVE('',#2928,#6529);
#6529 = DEFINITIONAL_REPRESENTATION('',(#6530),#6534);
#6530 = LINE('',#6531,#6532);
#6531 = CARTESIAN_POINT('',(0.,0.));
#6532 = VECTOR('',#6533,1.);
#6533 = DIRECTION('',(-1.,0.));
#6534 = ( GEOMETRIC_REPRESENTATION_CONTEXT(2) 
PARAMETRIC_REPRESENTATION_CONTEXT() REPRESENTATION_CONTEXT('2D SPACE',''
  ) );
#6535 = ORIENTED_EDGE('',*,*,#6536,.F.);
#6536 = EDGE_CURVE('',#793,#6514,#6537,.T.);
#6537 = SURFACE_CURVE('',#6538,(#6542,#6549),.PCURVE_S1.);
#6538 = LINE('',#6539,#6540);
#6539 = CARTESIAN_POINT('',(157.05,165.55,6.9));
#6540 = VECTOR('',#6541,1.);
#6541 = DIRECTION('',(-1.,-0.,-0.));
#6542 = PCURVE('',#831,#6543);
#6543 = DEFINITIONAL_REPRESENTATION('',(#6544),#6548);
#6544 = LINE('',#6545,#6546);
#6545 = CARTESIAN_POINT('',(-3.51,44.));
#6546 = VECTOR('',#6547,1.);
#6547 = DIRECTION('',(-0.,1.));
#6548 = ( GEOMETRIC_REPRESENTATION_CONTEXT(2) 
PARAMETRIC_REPRESENTATION_CONTEXT() REPRESENTATION_CONTEXT('2D SPACE',''
  ) );
#6549 = PCURVE('',#696,#6550);
#6550 = DEFINITIONAL_REPRESENTATION('',(#6551),#6555);
#6551 = LINE('',#6552,#6553);
#6552 = CARTESIAN_POINT('',(-44.,0.));
#6553 = VECTOR('',#6554,1.);
#6554 = DIRECTION('',(-1.,0.));
#6555 = ( GEOMETRIC_REPRESENTATION_CONTEXT(2) 
PARAMETRIC_REPRESENTATION_CONTEXT() REPRESENTATION_CONTEXT('2D SPACE',''
  ) );
#6556 = ADVANCED_FACE('',(#6557),#696,.T.);
#6557 = FACE_BOUND('',#6558,.T.);
#6558 = EDGE_LOOP('',(#6559,#6560,#6583,#6604,#6605,#6606,#6629,#6657));
#6559 = ORIENTED_EDGE('',*,*,#680,.T.);
#6560 = ORIENTED_EDGE('',*,*,#6561,.F.);
#6561 = EDGE_CURVE('',#6562,#653,#6564,.T.);
#6562 = VERTEX_POINT('',#6563);
#6563 = CARTESIAN_POINT('',(134.75,187.85,6.9));
#6564 = SURFACE_CURVE('',#6565,(#6569,#6576),.PCURVE_S1.);
#6565 = LINE('',#6566,#6567);
#6566 = CARTESIAN_POINT('',(134.75,187.85,6.9));
#6567 = VECTOR('',#6568,1.);
#6568 = DIRECTION('',(1.,0.,0.));
#6569 = PCURVE('',#696,#6570);
#6570 = DEFINITIONAL_REPRESENTATION('',(#6571),#6575);
#6571 = LINE('',#6572,#6573);
#6572 = CARTESIAN_POINT('',(-66.3,22.3));
#6573 = VECTOR('',#6574,1.);
#6574 = DIRECTION('',(1.,0.));
#6575 = ( GEOMETRIC_REPRESENTATION_CONTEXT(2) 
PARAMETRIC_REPRESENTATION_CONTEXT() REPRESENTATION_CONTEXT('2D SPACE',''
  ) );
#6576 = PCURVE('',#668,#6577);
#6577 = DEFINITIONAL_REPRESENTATION('',(#6578),#6582);
#6578 = LINE('',#6579,#6580);
#6579 = CARTESIAN_POINT('',(-3.51,22.3));
#6580 = VECTOR('',#6581,1.);
#6581 = DIRECTION('',(0.,-1.));
#6582 = ( GEOMETRIC_REPRESENTATION_CONTEXT(2) 
PARAMETRIC_REPRESENTATION_CONTEXT() REPRESENTATION_CONTEXT('2D SPACE',''
  ) );
#6583 = ORIENTED_EDGE('',*,*,#6584,.F.);
#6584 = EDGE_CURVE('',#6514,#6562,#6585,.T.);
#6585 = SURFACE_CURVE('',#6586,(#6590,#6597),.PCURVE_S1.);
#6586 = LINE('',#6587,#6588);
#6587 = CARTESIAN_POINT('',(134.75,165.55,6.9));
#6588 = VECTOR('',#6589,1.);
#6589 = DIRECTION('',(-0.,1.,-0.));
#6590 = PCURVE('',#696,#6591);
#6591 = DEFINITIONAL_REPRESENTATION('',(#6592),#6596);
#6592 = LINE('',#6593,#6594);
#6593 = CARTESIAN_POINT('',(-66.3,0.));
#6594 = VECTOR('',#6595,1.);
#6595 = DIRECTION('',(0.,1.));
#6596 = ( GEOMETRIC_REPRESENTATION_CONTEXT(2) 
PARAMETRIC_REPRESENTATION_CONTEXT() REPRESENTATION_CONTEXT('2D SPACE',''
  ) );
#6597 = PCURVE('',#2928,#6598);
#6598 = DEFINITIONAL_REPRESENTATION('',(#6599),#6603);
#6599 = LINE('',#6600,#6601);
#6600 = CARTESIAN_POINT('',(-3.51,0.));
#6601 = VECTOR('',#6602,1.);
#6602 = DIRECTION('',(0.,-1.));
#6603 = ( GEOMETRIC_REPRESENTATION_CONTEXT(2) 
PARAMETRIC_REPRESENTATION_CONTEXT() REPRESENTATION_CONTEXT('2D SPACE',''
  ) );
#6604 = ORIENTED_EDGE('',*,*,#6536,.F.);
#6605 = ORIENTED_EDGE('',*,*,#792,.T.);
#6606 = ORIENTED_EDGE('',*,*,#6607,.F.);
#6607 = EDGE_CURVE('',#6608,#765,#6610,.T.);
#6608 = VERTEX_POINT('',#6609);
#6609 = CARTESIAN_POINT('',(135.55,166.35,6.9));
#6610 = SURFACE_CURVE('',#6611,(#6615,#6622),.PCURVE_S1.);
#6611 = LINE('',#6612,#6613);
#6612 = CARTESIAN_POINT('',(156.65,166.35,6.9));
#6613 = VECTOR('',#6614,1.);
#6614 = DIRECTION('',(1.,-0.,0.));
#6615 = PCURVE('',#696,#6616);
#6616 = DEFINITIONAL_REPRESENTATION('',(#6617),#6621);
#6617 = LINE('',#6618,#6619);
#6618 = CARTESIAN_POINT('',(-44.4,0.8));
#6619 = VECTOR('',#6620,1.);
#6620 = DIRECTION('',(1.,0.));
#6621 = ( GEOMETRIC_REPRESENTATION_CONTEXT(2) 
PARAMETRIC_REPRESENTATION_CONTEXT() REPRESENTATION_CONTEXT('2D SPACE',''
  ) );
#6622 = PCURVE('',#780,#6623);
#6623 = DEFINITIONAL_REPRESENTATION('',(#6624),#6628);
#6624 = LINE('',#6625,#6626);
#6625 = CARTESIAN_POINT('',(-3.52,-0.4));
#6626 = VECTOR('',#6627,1.);
#6627 = DIRECTION('',(0.,-1.));
#6628 = ( GEOMETRIC_REPRESENTATION_CONTEXT(2) 
PARAMETRIC_REPRESENTATION_CONTEXT() REPRESENTATION_CONTEXT('2D SPACE',''
  ) );
#6629 = ORIENTED_EDGE('',*,*,#6630,.T.);
#6630 = EDGE_CURVE('',#6608,#6631,#6633,.T.);
#6631 = VERTEX_POINT('',#6632);
#6632 = CARTESIAN_POINT('',(135.55,187.05,6.9));
#6633 = SURFACE_CURVE('',#6634,(#6638,#6645),.PCURVE_S1.);
#6634 = LINE('',#6635,#6636);
#6635 = CARTESIAN_POINT('',(135.55,165.95,6.9));
#6636 = VECTOR('',#6637,1.);
#6637 = DIRECTION('',(-0.,1.,-0.));
#6638 = PCURVE('',#696,#6639);
#6639 = DEFINITIONAL_REPRESENTATION('',(#6640),#6644);
#6640 = LINE('',#6641,#6642);
#6641 = CARTESIAN_POINT('',(-65.5,0.4));
#6642 = VECTOR('',#6643,1.);
#6643 = DIRECTION('',(0.,1.));
#6644 = ( GEOMETRIC_REPRESENTATION_CONTEXT(2) 
PARAMETRIC_REPRESENTATION_CONTEXT() REPRESENTATION_CONTEXT('2D SPACE',''
  ) );
#6645 = PCURVE('',#6646,#6651);
#6646 = PLANE('',#6647);
#6647 = AXIS2_PLACEMENT_3D('',#6648,#6649,#6650);
#6648 = CARTESIAN_POINT('',(135.55,166.35,3.38));
#6649 = DIRECTION('',(-1.,-0.,-0.));
#6650 = DIRECTION('',(0.,0.,-1.));
#6651 = DEFINITIONAL_REPRESENTATION('',(#6652),#6656);
#6652 = LINE('',#6653,#6654);
#6653 = CARTESIAN_POINT('',(-3.52,0.4));
#6654 = VECTOR('',#6655,1.);
#6655 = DIRECTION('',(0.,-1.));
#6656 = ( GEOMETRIC_REPRESENTATION_CONTEXT(2) 
PARAMETRIC_REPRESENTATION_CONTEXT() REPRESENTATION_CONTEXT('2D SPACE',''
  ) );
#6657 = ORIENTED_EDGE('',*,*,#6658,.T.);
#6658 = EDGE_CURVE('',#6631,#681,#6659,.T.);
#6659 = SURFACE_CURVE('',#6660,(#6664,#6671),.PCURVE_S1.);
#6660 = LINE('',#6661,#6662);
#6661 = CARTESIAN_POINT('',(156.65,187.05,6.9));
#6662 = VECTOR('',#6663,1.);
#6663 = DIRECTION('',(1.,-0.,0.));
#6664 = PCURVE('',#696,#6665);
#6665 = DEFINITIONAL_REPRESENTATION('',(#6666),#6670);
#6666 = LINE('',#6667,#6668);
#6667 = CARTESIAN_POINT('',(-44.4,21.5));
#6668 = VECTOR('',#6669,1.);
#6669 = DIRECTION('',(1.,0.));
#6670 = ( GEOMETRIC_REPRESENTATION_CONTEXT(2) 
PARAMETRIC_REPRESENTATION_CONTEXT() REPRESENTATION_CONTEXT('2D SPACE',''
  ) );
#6671 = PCURVE('',#724,#6672);
#6672 = DEFINITIONAL_REPRESENTATION('',(#6673),#6677);
#6673 = LINE('',#6674,#6675);
#6674 = CARTESIAN_POINT('',(-3.52,-0.4));
#6675 = VECTOR('',#6676,1.);
#6676 = DIRECTION('',(0.,-1.));
#6677 = ( GEOMETRIC_REPRESENTATION_CONTEXT(2) 
PARAMETRIC_REPRESENTATION_CONTEXT() REPRESENTATION_CONTEXT('2D SPACE',''
  ) );
#6678 = ADVANCED_FACE('',(#6679),#780,.T.);
#6679 = FACE_BOUND('',#6680,.T.);
#6680 = EDGE_LOOP('',(#6681,#6704,#6725,#6726));
#6681 = ORIENTED_EDGE('',*,*,#6682,.T.);
#6682 = EDGE_CURVE('',#737,#6683,#6685,.T.);
#6683 = VERTEX_POINT('',#6684);
#6684 = CARTESIAN_POINT('',(135.55,166.35,3.4));
#6685 = SURFACE_CURVE('',#6686,(#6690,#6697),.PCURVE_S1.);
#6686 = LINE('',#6687,#6688);
#6687 = CARTESIAN_POINT('',(179.025,166.35,3.4));
#6688 = VECTOR('',#6689,1.);
#6689 = DIRECTION('',(-1.,-0.,-0.));
#6690 = PCURVE('',#780,#6691);
#6691 = DEFINITIONAL_REPRESENTATION('',(#6692),#6696);
#6692 = LINE('',#6693,#6694);
#6693 = CARTESIAN_POINT('',(-2.E-02,-22.775));
#6694 = VECTOR('',#6695,1.);
#6695 = DIRECTION('',(-0.,1.));
#6696 = ( GEOMETRIC_REPRESENTATION_CONTEXT(2) 
PARAMETRIC_REPRESENTATION_CONTEXT() REPRESENTATION_CONTEXT('2D SPACE',''
  ) );
#6697 = PCURVE('',#752,#6698);
#6698 = DEFINITIONAL_REPRESENTATION('',(#6699),#6703);
#6699 = LINE('',#6700,#6701);
#6700 = CARTESIAN_POINT('',(-22.775,142.95));
#6701 = VECTOR('',#6702,1.);
#6702 = DIRECTION('',(-1.,0.));
#6703 = ( GEOMETRIC_REPRESENTATION_CONTEXT(2) 
PARAMETRIC_REPRESENTATION_CONTEXT() REPRESENTATION_CONTEXT('2D SPACE',''
  ) );
#6704 = ORIENTED_EDGE('',*,*,#6705,.T.);
#6705 = EDGE_CURVE('',#6683,#6608,#6706,.T.);
#6706 = SURFACE_CURVE('',#6707,(#6711,#6718),.PCURVE_S1.);
#6707 = LINE('',#6708,#6709);
#6708 = CARTESIAN_POINT('',(135.55,166.35,3.38));
#6709 = VECTOR('',#6710,1.);
#6710 = DIRECTION('',(-0.,-0.,1.));
#6711 = PCURVE('',#780,#6712);
#6712 = DEFINITIONAL_REPRESENTATION('',(#6713),#6717);
#6713 = LINE('',#6714,#6715);
#6714 = CARTESIAN_POINT('',(0.,20.7));
#6715 = VECTOR('',#6716,1.);
#6716 = DIRECTION('',(-1.,0.));
#6717 = ( GEOMETRIC_REPRESENTATION_CONTEXT(2) 
PARAMETRIC_REPRESENTATION_CONTEXT() REPRESENTATION_CONTEXT('2D SPACE',''
  ) );
#6718 = PCURVE('',#6646,#6719);
#6719 = DEFINITIONAL_REPRESENTATION('',(#6720),#6724);
#6720 = LINE('',#6721,#6722);
#6721 = CARTESIAN_POINT('',(0.,0.));
#6722 = VECTOR('',#6723,1.);
#6723 = DIRECTION('',(-1.,0.));
#6724 = ( GEOMETRIC_REPRESENTATION_CONTEXT(2) 
PARAMETRIC_REPRESENTATION_CONTEXT() REPRESENTATION_CONTEXT('2D SPACE',''
  ) );
#6725 = ORIENTED_EDGE('',*,*,#6607,.T.);
#6726 = ORIENTED_EDGE('',*,*,#764,.T.);
#6727 = ADVANCED_FACE('',(#6728),#752,.T.);
#6728 = FACE_BOUND('',#6729,.T.);
#6729 = EDGE_LOOP('',(#6730,#6731,#6754,#6775));
#6730 = ORIENTED_EDGE('',*,*,#736,.T.);
#6731 = ORIENTED_EDGE('',*,*,#6732,.T.);
#6732 = EDGE_CURVE('',#709,#6733,#6735,.T.);
#6733 = VERTEX_POINT('',#6734);
#6734 = CARTESIAN_POINT('',(135.55,187.05,3.4));
#6735 = SURFACE_CURVE('',#6736,(#6740,#6747),.PCURVE_S1.);
#6736 = LINE('',#6737,#6738);
#6737 = CARTESIAN_POINT('',(179.025,187.05,3.4));
#6738 = VECTOR('',#6739,1.);
#6739 = DIRECTION('',(-1.,-0.,-0.));
#6740 = PCURVE('',#752,#6741);
#6741 = DEFINITIONAL_REPRESENTATION('',(#6742),#6746);
#6742 = LINE('',#6743,#6744);
#6743 = CARTESIAN_POINT('',(-22.775,163.65));
#6744 = VECTOR('',#6745,1.);
#6745 = DIRECTION('',(-1.,0.));
#6746 = ( GEOMETRIC_REPRESENTATION_CONTEXT(2) 
PARAMETRIC_REPRESENTATION_CONTEXT() REPRESENTATION_CONTEXT('2D SPACE',''
  ) );
#6747 = PCURVE('',#724,#6748);
#6748 = DEFINITIONAL_REPRESENTATION('',(#6749),#6753);
#6749 = LINE('',#6750,#6751);
#6750 = CARTESIAN_POINT('',(-2.E-02,-22.775));
#6751 = VECTOR('',#6752,1.);
#6752 = DIRECTION('',(-0.,1.));
#6753 = ( GEOMETRIC_REPRESENTATION_CONTEXT(2) 
PARAMETRIC_REPRESENTATION_CONTEXT() REPRESENTATION_CONTEXT('2D SPACE',''
  ) );
#6754 = ORIENTED_EDGE('',*,*,#6755,.T.);
#6755 = EDGE_CURVE('',#6733,#6683,#6756,.T.);
#6756 = SURFACE_CURVE('',#6757,(#6761,#6768),.PCURVE_S1.);
#6757 = LINE('',#6758,#6759);
#6758 = CARTESIAN_POINT('',(135.55,94.875,3.4));
#6759 = VECTOR('',#6760,1.);
#6760 = DIRECTION('',(0.,-1.,0.));
#6761 = PCURVE('',#752,#6762);
#6762 = DEFINITIONAL_REPRESENTATION('',(#6763),#6767);
#6763 = LINE('',#6764,#6765);
#6764 = CARTESIAN_POINT('',(-66.25,71.475));
#6765 = VECTOR('',#6766,1.);
#6766 = DIRECTION('',(0.,-1.));
#6767 = ( GEOMETRIC_REPRESENTATION_CONTEXT(2) 
PARAMETRIC_REPRESENTATION_CONTEXT() REPRESENTATION_CONTEXT('2D SPACE',''
  ) );
#6768 = PCURVE('',#6646,#6769);
#6769 = DEFINITIONAL_REPRESENTATION('',(#6770),#6774);
#6770 = LINE('',#6771,#6772);
#6771 = CARTESIAN_POINT('',(-2.E-02,71.475));
#6772 = VECTOR('',#6773,1.);
#6773 = DIRECTION('',(0.,1.));
#6774 = ( GEOMETRIC_REPRESENTATION_CONTEXT(2) 
PARAMETRIC_REPRESENTATION_CONTEXT() REPRESENTATION_CONTEXT('2D SPACE',''
  ) );
#6775 = ORIENTED_EDGE('',*,*,#6682,.F.);
#6776 = ADVANCED_FACE('',(#6777),#724,.F.);
#6777 = FACE_BOUND('',#6778,.F.);
#6778 = EDGE_LOOP('',(#6779,#6780,#6801,#6802));
#6779 = ORIENTED_EDGE('',*,*,#6732,.T.);
#6780 = ORIENTED_EDGE('',*,*,#6781,.T.);
#6781 = EDGE_CURVE('',#6733,#6631,#6782,.T.);
#6782 = SURFACE_CURVE('',#6783,(#6787,#6794),.PCURVE_S1.);
#6783 = LINE('',#6784,#6785);
#6784 = CARTESIAN_POINT('',(135.55,187.05,3.38));
#6785 = VECTOR('',#6786,1.);
#6786 = DIRECTION('',(-0.,-0.,1.));
#6787 = PCURVE('',#724,#6788);
#6788 = DEFINITIONAL_REPRESENTATION('',(#6789),#6793);
#6789 = LINE('',#6790,#6791);
#6790 = CARTESIAN_POINT('',(0.,20.7));
#6791 = VECTOR('',#6792,1.);
#6792 = DIRECTION('',(-1.,0.));
#6793 = ( GEOMETRIC_REPRESENTATION_CONTEXT(2) 
PARAMETRIC_REPRESENTATION_CONTEXT() REPRESENTATION_CONTEXT('2D SPACE',''
  ) );
#6794 = PCURVE('',#6646,#6795);
#6795 = DEFINITIONAL_REPRESENTATION('',(#6796),#6800);
#6796 = LINE('',#6797,#6798);
#6797 = CARTESIAN_POINT('',(0.,-20.7));
#6798 = VECTOR('',#6799,1.);
#6799 = DIRECTION('',(-1.,0.));
#6800 = ( GEOMETRIC_REPRESENTATION_CONTEXT(2) 
PARAMETRIC_REPRESENTATION_CONTEXT() REPRESENTATION_CONTEXT('2D SPACE',''
  ) );
#6801 = ORIENTED_EDGE('',*,*,#6658,.T.);
#6802 = ORIENTED_EDGE('',*,*,#708,.T.);
#6803 = ADVANCED_FACE('',(#6804),#668,.T.);
#6804 = FACE_BOUND('',#6805,.T.);
#6805 = EDGE_LOOP('',(#6806,#6807,#6828,#6829));
#6806 = ORIENTED_EDGE('',*,*,#2940,.F.);
#6807 = ORIENTED_EDGE('',*,*,#6808,.T.);
#6808 = EDGE_CURVE('',#2913,#6562,#6809,.T.);
#6809 = SURFACE_CURVE('',#6810,(#6814,#6821),.PCURVE_S1.);
#6810 = LINE('',#6811,#6812);
#6811 = CARTESIAN_POINT('',(134.75,187.85,3.39));
#6812 = VECTOR('',#6813,1.);
#6813 = DIRECTION('',(-0.,-0.,1.));
#6814 = PCURVE('',#668,#6815);
#6815 = DEFINITIONAL_REPRESENTATION('',(#6816),#6820);
#6816 = LINE('',#6817,#6818);
#6817 = CARTESIAN_POINT('',(0.,22.3));
#6818 = VECTOR('',#6819,1.);
#6819 = DIRECTION('',(-1.,0.));
#6820 = ( GEOMETRIC_REPRESENTATION_CONTEXT(2) 
PARAMETRIC_REPRESENTATION_CONTEXT() REPRESENTATION_CONTEXT('2D SPACE',''
  ) );
#6821 = PCURVE('',#2928,#6822);
#6822 = DEFINITIONAL_REPRESENTATION('',(#6823),#6827);
#6823 = LINE('',#6824,#6825);
#6824 = CARTESIAN_POINT('',(0.,-22.3));
#6825 = VECTOR('',#6826,1.);
#6826 = DIRECTION('',(-1.,0.));
#6827 = ( GEOMETRIC_REPRESENTATION_CONTEXT(2) 
PARAMETRIC_REPRESENTATION_CONTEXT() REPRESENTATION_CONTEXT('2D SPACE',''
  ) );
#6828 = ORIENTED_EDGE('',*,*,#6561,.T.);
#6829 = ORIENTED_EDGE('',*,*,#652,.T.);
#6830 = ADVANCED_FACE('',(#6831),#588,.T.);
#6831 = FACE_BOUND('',#6832,.T.);
#6832 = EDGE_LOOP('',(#6833,#6834,#6835,#6836,#6859,#6887,#6915,#6943));
#6833 = ORIENTED_EDGE('',*,*,#3988,.F.);
#6834 = ORIENTED_EDGE('',*,*,#572,.F.);
#6835 = ORIENTED_EDGE('',*,*,#3241,.T.);
#6836 = ORIENTED_EDGE('',*,*,#6837,.T.);
#6837 = EDGE_CURVE('',#3242,#6838,#6840,.T.);
#6838 = VERTEX_POINT('',#6839);
#6839 = CARTESIAN_POINT('',(122.8,221.,0.8));
#6840 = SURFACE_CURVE('',#6841,(#6845,#6852),.PCURVE_S1.);
#6841 = LINE('',#6842,#6843);
#6842 = CARTESIAN_POINT('',(122.8,221.,0.));
#6843 = VECTOR('',#6844,1.);
#6844 = DIRECTION('',(-0.,-0.,1.));
#6845 = PCURVE('',#588,#6846);
#6846 = DEFINITIONAL_REPRESENTATION('',(#6847),#6851);
#6847 = LINE('',#6848,#6849);
#6848 = CARTESIAN_POINT('',(0.,90.2));
#6849 = VECTOR('',#6850,1.);
#6850 = DIRECTION('',(-1.,0.));
#6851 = ( GEOMETRIC_REPRESENTATION_CONTEXT(2) 
PARAMETRIC_REPRESENTATION_CONTEXT() REPRESENTATION_CONTEXT('2D SPACE',''
  ) );
#6852 = PCURVE('',#3280,#6853);
#6853 = DEFINITIONAL_REPRESENTATION('',(#6854),#6858);
#6854 = LINE('',#6855,#6856);
#6855 = CARTESIAN_POINT('',(0.,-200.));
#6856 = VECTOR('',#6857,1.);
#6857 = DIRECTION('',(-1.,0.));
#6858 = ( GEOMETRIC_REPRESENTATION_CONTEXT(2) 
PARAMETRIC_REPRESENTATION_CONTEXT() REPRESENTATION_CONTEXT('2D SPACE',''
  ) );
#6859 = ORIENTED_EDGE('',*,*,#6860,.T.);
#6860 = EDGE_CURVE('',#6838,#6861,#6863,.T.);
#6861 = VERTEX_POINT('',#6862);
#6862 = CARTESIAN_POINT('',(118.2,221.,0.8));
#6863 = SURFACE_CURVE('',#6864,(#6868,#6875),.PCURVE_S1.);
#6864 = LINE('',#6865,#6866);
#6865 = CARTESIAN_POINT('',(210.,221.,0.8));
#6866 = VECTOR('',#6867,1.);
#6867 = DIRECTION('',(-1.,-0.,-0.));
#6868 = PCURVE('',#588,#6869);
#6869 = DEFINITIONAL_REPRESENTATION('',(#6870),#6874);
#6870 = LINE('',#6871,#6872);
#6871 = CARTESIAN_POINT('',(-0.8,3.));
#6872 = VECTOR('',#6873,1.);
#6873 = DIRECTION('',(-0.,1.));
#6874 = ( GEOMETRIC_REPRESENTATION_CONTEXT(2) 
PARAMETRIC_REPRESENTATION_CONTEXT() REPRESENTATION_CONTEXT('2D SPACE',''
  ) );
#6875 = PCURVE('',#6876,#6881);
#6876 = CYLINDRICAL_SURFACE('',#6877,0.8);
#6877 = AXIS2_PLACEMENT_3D('',#6878,#6879,#6880);
#6878 = CARTESIAN_POINT('',(210.,220.2,0.8));
#6879 = DIRECTION('',(-1.,-0.,-0.));
#6880 = DIRECTION('',(0.,1.,-0.));
#6881 = DEFINITIONAL_REPRESENTATION('',(#6882),#6886);
#6882 = LINE('',#6883,#6884);
#6883 = CARTESIAN_POINT('',(0.,0.));
#6884 = VECTOR('',#6885,1.);
#6885 = DIRECTION('',(0.,1.));
#6886 = ( GEOMETRIC_REPRESENTATION_CONTEXT(2) 
PARAMETRIC_REPRESENTATION_CONTEXT() REPRESENTATION_CONTEXT('2D SPACE',''
  ) );
#6887 = ORIENTED_EDGE('',*,*,#6888,.F.);
#6888 = EDGE_CURVE('',#6889,#6861,#6891,.T.);
#6889 = VERTEX_POINT('',#6890);
#6890 = CARTESIAN_POINT('',(118.2,221.,11.5));
#6891 = SURFACE_CURVE('',#6892,(#6896,#6903),.PCURVE_S1.);
#6892 = LINE('',#6893,#6894);
#6893 = CARTESIAN_POINT('',(118.2,221.,16.2));
#6894 = VECTOR('',#6895,1.);
#6895 = DIRECTION('',(-0.,-0.,-1.));
#6896 = PCURVE('',#588,#6897);
#6897 = DEFINITIONAL_REPRESENTATION('',(#6898),#6902);
#6898 = LINE('',#6899,#6900);
#6899 = CARTESIAN_POINT('',(-16.2,94.8));
#6900 = VECTOR('',#6901,1.);
#6901 = DIRECTION('',(1.,0.));
#6902 = ( GEOMETRIC_REPRESENTATION_CONTEXT(2) 
PARAMETRIC_REPRESENTATION_CONTEXT() REPRESENTATION_CONTEXT('2D SPACE',''
  ) );
#6903 = PCURVE('',#6904,#6909);
#6904 = CYLINDRICAL_SURFACE('',#6905,3.);
#6905 = AXIS2_PLACEMENT_3D('',#6906,#6907,#6908);
#6906 = CARTESIAN_POINT('',(118.2,218.,0.));
#6907 = DIRECTION('',(-0.,-0.,1.));
#6908 = DIRECTION('',(-1.,0.,0.));
#6909 = DEFINITIONAL_REPRESENTATION('',(#6910),#6914);
#6910 = LINE('',#6911,#6912);
#6911 = CARTESIAN_POINT('',(4.712388980385,16.2));
#6912 = VECTOR('',#6913,1.);
#6913 = DIRECTION('',(-0.,-1.));
#6914 = ( GEOMETRIC_REPRESENTATION_CONTEXT(2) 
PARAMETRIC_REPRESENTATION_CONTEXT() REPRESENTATION_CONTEXT('2D SPACE',''
  ) );
#6915 = ORIENTED_EDGE('',*,*,#6916,.F.);
#6916 = EDGE_CURVE('',#6917,#6889,#6919,.T.);
#6917 = VERTEX_POINT('',#6918);
#6918 = CARTESIAN_POINT('',(120.56491106406,221.,11.5));
#6919 = SURFACE_CURVE('',#6920,(#6924,#6931),.PCURVE_S1.);
#6920 = LINE('',#6921,#6922);
#6921 = CARTESIAN_POINT('',(166.8,221.,11.5));
#6922 = VECTOR('',#6923,1.);
#6923 = DIRECTION('',(-1.,-0.,-0.));
#6924 = PCURVE('',#588,#6925);
#6925 = DEFINITIONAL_REPRESENTATION('',(#6926),#6930);
#6926 = LINE('',#6927,#6928);
#6927 = CARTESIAN_POINT('',(-11.5,46.2));
#6928 = VECTOR('',#6929,1.);
#6929 = DIRECTION('',(-0.,1.));
#6930 = ( GEOMETRIC_REPRESENTATION_CONTEXT(2) 
PARAMETRIC_REPRESENTATION_CONTEXT() REPRESENTATION_CONTEXT('2D SPACE',''
  ) );
#6931 = PCURVE('',#6932,#6937);
#6932 = PLANE('',#6933);
#6933 = AXIS2_PLACEMENT_3D('',#6934,#6935,#6936);
#6934 = CARTESIAN_POINT('',(214.,20.,11.5));
#6935 = DIRECTION('',(-0.,-0.,1.));
#6936 = DIRECTION('',(1.,0.,0.));
#6937 = DEFINITIONAL_REPRESENTATION('',(#6938),#6942);
#6938 = LINE('',#6939,#6940);
#6939 = CARTESIAN_POINT('',(-47.2,201.));
#6940 = VECTOR('',#6941,1.);
#6941 = DIRECTION('',(-1.,0.));
#6942 = ( GEOMETRIC_REPRESENTATION_CONTEXT(2) 
PARAMETRIC_REPRESENTATION_CONTEXT() REPRESENTATION_CONTEXT('2D SPACE',''
  ) );
#6943 = ORIENTED_EDGE('',*,*,#6944,.T.);
#6944 = EDGE_CURVE('',#6917,#3989,#6945,.T.);
#6945 = SURFACE_CURVE('',#6946,(#6950,#6957),.PCURVE_S1.);
#6946 = LINE('',#6947,#6948);
#6947 = CARTESIAN_POINT('',(120.56491106406,221.,11.5));
#6948 = VECTOR('',#6949,1.);
#6949 = DIRECTION('',(-0.,-0.,1.));
#6950 = PCURVE('',#588,#6951);
#6951 = DEFINITIONAL_REPRESENTATION('',(#6952),#6956);
#6952 = LINE('',#6953,#6954);
#6953 = CARTESIAN_POINT('',(-11.5,92.43508893594));
#6954 = VECTOR('',#6955,1.);
#6955 = DIRECTION('',(-1.,0.));
#6956 = ( GEOMETRIC_REPRESENTATION_CONTEXT(2) 
PARAMETRIC_REPRESENTATION_CONTEXT() REPRESENTATION_CONTEXT('2D SPACE',''
  ) );
#6957 = PCURVE('',#4055,#6958);
#6958 = DEFINITIONAL_REPRESENTATION('',(#6959),#6963);
#6959 = LINE('',#6960,#6961);
#6960 = CARTESIAN_POINT('',(0.232868178258,0.));
#6961 = VECTOR('',#6962,1.);
#6962 = DIRECTION('',(0.,1.));
#6963 = ( GEOMETRIC_REPRESENTATION_CONTEXT(2) 
PARAMETRIC_REPRESENTATION_CONTEXT() REPRESENTATION_CONTEXT('2D SPACE',''
  ) );
#6964 = ADVANCED_FACE('',(#6965),#2928,.T.);
#6965 = FACE_BOUND('',#6966,.F.);
#6966 = EDGE_LOOP('',(#6967,#6968,#6969,#6970));
#6967 = ORIENTED_EDGE('',*,*,#6513,.F.);
#6968 = ORIENTED_EDGE('',*,*,#2912,.F.);
#6969 = ORIENTED_EDGE('',*,*,#6808,.T.);
#6970 = ORIENTED_EDGE('',*,*,#6584,.F.);
#6971 = ADVANCED_FACE('',(#6972),#2855,.T.);
#6972 = FACE_BOUND('',#6973,.F.);
#6973 = EDGE_LOOP('',(#6974,#6975,#6976,#6977));
#6974 = ORIENTED_EDGE('',*,*,#6190,.F.);
#6975 = ORIENTED_EDGE('',*,*,#2839,.F.);
#6976 = ORIENTED_EDGE('',*,*,#6484,.T.);
#6977 = ORIENTED_EDGE('',*,*,#6261,.F.);
#6978 = ADVANCED_FACE('',(#6979),#2782,.T.);
#6979 = FACE_BOUND('',#6980,.F.);
#6980 = EDGE_LOOP('',(#6981,#6982,#6983,#6984));
#6981 = ORIENTED_EDGE('',*,*,#5867,.F.);
#6982 = ORIENTED_EDGE('',*,*,#2766,.F.);
#6983 = ORIENTED_EDGE('',*,*,#6161,.T.);
#6984 = ORIENTED_EDGE('',*,*,#5938,.F.);
#6985 = ADVANCED_FACE('',(#6986),#2709,.T.);
#6986 = FACE_BOUND('',#6987,.F.);
#6987 = EDGE_LOOP('',(#6988,#6989,#6990,#6991));
#6988 = ORIENTED_EDGE('',*,*,#5544,.F.);
#6989 = ORIENTED_EDGE('',*,*,#2693,.F.);
#6990 = ORIENTED_EDGE('',*,*,#5838,.T.);
#6991 = ORIENTED_EDGE('',*,*,#5615,.F.);
#6992 = ADVANCED_FACE('',(#6993),#2636,.T.);
#6993 = FACE_BOUND('',#6994,.F.);
#6994 = EDGE_LOOP('',(#6995,#6996,#6997,#6998));
#6995 = ORIENTED_EDGE('',*,*,#5221,.F.);
#6996 = ORIENTED_EDGE('',*,*,#2620,.F.);
#6997 = ORIENTED_EDGE('',*,*,#5515,.T.);
#6998 = ORIENTED_EDGE('',*,*,#5292,.F.);
#6999 = ADVANCED_FACE('',(#7000),#2563,.T.);
#7000 = FACE_BOUND('',#7001,.F.);
#7001 = EDGE_LOOP('',(#7002,#7003,#7004,#7005));
#7002 = ORIENTED_EDGE('',*,*,#4898,.F.);
#7003 = ORIENTED_EDGE('',*,*,#2547,.F.);
#7004 = ORIENTED_EDGE('',*,*,#5192,.T.);
#7005 = ORIENTED_EDGE('',*,*,#4969,.F.);
#7006 = ADVANCED_FACE('',(#7007),#2490,.T.);
#7007 = FACE_BOUND('',#7008,.F.);
#7008 = EDGE_LOOP('',(#7009,#7010,#7011,#7012));
#7009 = ORIENTED_EDGE('',*,*,#4575,.F.);
#7010 = ORIENTED_EDGE('',*,*,#2474,.F.);
#7011 = ORIENTED_EDGE('',*,*,#4869,.T.);
#7012 = ORIENTED_EDGE('',*,*,#4646,.F.);
#7013 = ADVANCED_FACE('',(#7014),#2417,.F.);
#7014 = FACE_BOUND('',#7015,.T.);
#7015 = EDGE_LOOP('',(#7016,#7017,#7018,#7041));
#7016 = ORIENTED_EDGE('',*,*,#4497,.F.);
#7017 = ORIENTED_EDGE('',*,*,#2401,.T.);
#7018 = ORIENTED_EDGE('',*,*,#7019,.T.);
#7019 = EDGE_CURVE('',#2374,#7020,#7022,.T.);
#7020 = VERTEX_POINT('',#7021);
#7021 = CARTESIAN_POINT('',(123.5,25.75,11.5));
#7022 = SURFACE_CURVE('',#7023,(#7027,#7034),.PCURVE_S1.);
#7023 = LINE('',#7024,#7025);
#7024 = CARTESIAN_POINT('',(123.5,25.75,9.85));
#7025 = VECTOR('',#7026,1.);
#7026 = DIRECTION('',(0.,0.,1.));
#7027 = PCURVE('',#2417,#7028);
#7028 = DEFINITIONAL_REPRESENTATION('',(#7029),#7033);
#7029 = LINE('',#7030,#7031);
#7030 = CARTESIAN_POINT('',(-7.65,-2.35));
#7031 = VECTOR('',#7032,1.);
#7032 = DIRECTION('',(-1.,0.));
#7033 = ( GEOMETRIC_REPRESENTATION_CONTEXT(2) 
PARAMETRIC_REPRESENTATION_CONTEXT() REPRESENTATION_CONTEXT('2D SPACE',''
  ) );
#7034 = PCURVE('',#2389,#7035);
#7035 = DEFINITIONAL_REPRESENTATION('',(#7036),#7040);
#7036 = LINE('',#7037,#7038);
#7037 = CARTESIAN_POINT('',(-7.65,8.5));
#7038 = VECTOR('',#7039,1.);
#7039 = DIRECTION('',(1.,0.));
#7040 = ( GEOMETRIC_REPRESENTATION_CONTEXT(2) 
PARAMETRIC_REPRESENTATION_CONTEXT() REPRESENTATION_CONTEXT('2D SPACE',''
  ) );
#7041 = ORIENTED_EDGE('',*,*,#7042,.F.);
#7042 = EDGE_CURVE('',#4498,#7020,#7043,.T.);
#7043 = SURFACE_CURVE('',#7044,(#7048,#7055),.PCURVE_S1.);
#7044 = LINE('',#7045,#7046);
#7045 = CARTESIAN_POINT('',(123.5,21.7,11.5));
#7046 = VECTOR('',#7047,1.);
#7047 = DIRECTION('',(-0.,1.,-0.));
#7048 = PCURVE('',#2417,#7049);
#7049 = DEFINITIONAL_REPRESENTATION('',(#7050),#7054);
#7050 = LINE('',#7051,#7052);
#7051 = CARTESIAN_POINT('',(-9.3,1.7));
#7052 = VECTOR('',#7053,1.);
#7053 = DIRECTION('',(0.,-1.));
#7054 = ( GEOMETRIC_REPRESENTATION_CONTEXT(2) 
PARAMETRIC_REPRESENTATION_CONTEXT() REPRESENTATION_CONTEXT('2D SPACE',''
  ) );
#7055 = PCURVE('',#4536,#7056);
#7056 = DEFINITIONAL_REPRESENTATION('',(#7057),#7061);
#7057 = LINE('',#7058,#7059);
#7058 = CARTESIAN_POINT('',(-90.5,1.7));
#7059 = VECTOR('',#7060,1.);
#7060 = DIRECTION('',(0.,1.));
#7061 = ( GEOMETRIC_REPRESENTATION_CONTEXT(2) 
PARAMETRIC_REPRESENTATION_CONTEXT() REPRESENTATION_CONTEXT('2D SPACE',''
  ) );
#7062 = ADVANCED_FACE('',(#7063),#2389,.T.);
#7063 = FACE_BOUND('',#7064,.T.);
#7064 = EDGE_LOOP('',(#7065,#7091,#7092,#7120,#7148,#7169,#7170));
#7065 = ORIENTED_EDGE('',*,*,#7066,.F.);
#7066 = EDGE_CURVE('',#3442,#2347,#7067,.T.);
#7067 = SURFACE_CURVE('',#7068,(#7073,#7084),.PCURVE_S1.);
#7068 = CIRCLE('',#7069,19.691881404894);
#7069 = AXIS2_PLACEMENT_3D('',#7070,#7071,#7072);
#7070 = CARTESIAN_POINT('',(115.,25.75,17.5));
#7071 = DIRECTION('',(0.,-1.,0.));
#7072 = DIRECTION('',(0.458506385916,0.,-0.888691112859));
#7073 = PCURVE('',#2389,#7074);
#7074 = DEFINITIONAL_REPRESENTATION('',(#7075),#7083);
#7075 = ( BOUNDED_CURVE() B_SPLINE_CURVE(2,(#7076,#7077,#7078,#7079,
#7080,#7081,#7082),.UNSPECIFIED.,.T.,.F.) B_SPLINE_CURVE_WITH_KNOTS((1,2
    ,2,2,2,1),(-2.094395102393,0.,2.094395102393,4.188790204786,
6.28318530718,8.377580409573),.UNSPECIFIED.) CURVE() 
GEOMETRIC_REPRESENTATION_ITEM() RATIONAL_B_SPLINE_CURVE((1.,0.5,1.,0.5,
1.,0.5,1.)) REPRESENTATION_ITEM('') );
#7076 = CARTESIAN_POINT('',(-17.5,9.028853374843));
#7077 = CARTESIAN_POINT('',(-1.861567220682,39.339742507298));
#7078 = CARTESIAN_POINT('',(16.569216389659,10.641017878806));
#7079 = CARTESIAN_POINT('',(35.,-18.05770674968));
#7080 = CARTESIAN_POINT('',(0.930783610341,-19.66987125364));
#7081 = CARTESIAN_POINT('',(-33.13843277931,-21.28203575761));
#7082 = CARTESIAN_POINT('',(-17.5,9.028853374843));
#7083 = ( GEOMETRIC_REPRESENTATION_CONTEXT(2) 
PARAMETRIC_REPRESENTATION_CONTEXT() REPRESENTATION_CONTEXT('2D SPACE',''
  ) );
#7084 = PCURVE('',#2362,#7085);
#7085 = DEFINITIONAL_REPRESENTATION('',(#7086),#7090);
#7086 = LINE('',#7087,#7088);
#7087 = CARTESIAN_POINT('',(2.665278874976,0.));
#7088 = VECTOR('',#7089,1.);
#7089 = DIRECTION('',(-1.,-0.));
#7090 = ( GEOMETRIC_REPRESENTATION_CONTEXT(2) 
PARAMETRIC_REPRESENTATION_CONTEXT() REPRESENTATION_CONTEXT('2D SPACE',''
  ) );
#7091 = ORIENTED_EDGE('',*,*,#3463,.F.);
#7092 = ORIENTED_EDGE('',*,*,#7093,.F.);
#7093 = EDGE_CURVE('',#7094,#3464,#7096,.T.);
#7094 = VERTEX_POINT('',#7095);
#7095 = CARTESIAN_POINT('',(115.2,25.75,0.8));
#7096 = SURFACE_CURVE('',#7097,(#7102,#7113),.PCURVE_S1.);
#7097 = CIRCLE('',#7098,0.8);
#7098 = AXIS2_PLACEMENT_3D('',#7099,#7100,#7101);
#7099 = CARTESIAN_POINT('',(116.,25.75,0.8));
#7100 = DIRECTION('',(-0.,-1.,-0.));
#7101 = DIRECTION('',(-1.,0.,0.));
#7102 = PCURVE('',#2389,#7103);
#7103 = DEFINITIONAL_REPRESENTATION('',(#7104),#7112);
#7104 = ( BOUNDED_CURVE() B_SPLINE_CURVE(2,(#7105,#7106,#7107,#7108,
#7109,#7110,#7111),.UNSPECIFIED.,.T.,.F.) B_SPLINE_CURVE_WITH_KNOTS((1,2
    ,2,2,2,1),(-2.094395102393,0.,2.094395102393,4.188790204786,
6.28318530718,8.377580409573),.UNSPECIFIED.) CURVE() 
GEOMETRIC_REPRESENTATION_ITEM() RATIONAL_B_SPLINE_CURVE((1.,0.5,1.,0.5,
1.,0.5,1.)) REPRESENTATION_ITEM('') );
#7105 = CARTESIAN_POINT('',(-16.7,0.2));
#7106 = CARTESIAN_POINT('',(-18.08564064605,0.2));
#7107 = CARTESIAN_POINT('',(-17.39282032302,1.4));
#7108 = CARTESIAN_POINT('',(-16.7,2.6));
#7109 = CARTESIAN_POINT('',(-16.00717967697,1.4));
#7110 = CARTESIAN_POINT('',(-15.31435935394,0.2));
#7111 = CARTESIAN_POINT('',(-16.7,0.2));
#7112 = ( GEOMETRIC_REPRESENTATION_CONTEXT(2) 
PARAMETRIC_REPRESENTATION_CONTEXT() REPRESENTATION_CONTEXT('2D SPACE',''
  ) );
#7113 = PCURVE('',#3502,#7114);
#7114 = DEFINITIONAL_REPRESENTATION('',(#7115),#7119);
#7115 = LINE('',#7116,#7117);
#7116 = CARTESIAN_POINT('',(0.,192.25));
#7117 = VECTOR('',#7118,1.);
#7118 = DIRECTION('',(1.,0.));
#7119 = ( GEOMETRIC_REPRESENTATION_CONTEXT(2) 
PARAMETRIC_REPRESENTATION_CONTEXT() REPRESENTATION_CONTEXT('2D SPACE',''
  ) );
#7120 = ORIENTED_EDGE('',*,*,#7121,.T.);
#7121 = EDGE_CURVE('',#7094,#7122,#7124,.T.);
#7122 = VERTEX_POINT('',#7123);
#7123 = CARTESIAN_POINT('',(115.2,25.75,11.5));
#7124 = SURFACE_CURVE('',#7125,(#7129,#7136),.PCURVE_S1.);
#7125 = LINE('',#7126,#7127);
#7126 = CARTESIAN_POINT('',(115.2,25.75,8.75));
#7127 = VECTOR('',#7128,1.);
#7128 = DIRECTION('',(0.,0.,1.));
#7129 = PCURVE('',#2389,#7130);
#7130 = DEFINITIONAL_REPRESENTATION('',(#7131),#7135);
#7131 = LINE('',#7132,#7133);
#7132 = CARTESIAN_POINT('',(-8.75,0.2));
#7133 = VECTOR('',#7134,1.);
#7134 = DIRECTION('',(1.,0.));
#7135 = ( GEOMETRIC_REPRESENTATION_CONTEXT(2) 
PARAMETRIC_REPRESENTATION_CONTEXT() REPRESENTATION_CONTEXT('2D SPACE',''
  ) );
#7136 = PCURVE('',#7137,#7142);
#7137 = PLANE('',#7138);
#7138 = AXIS2_PLACEMENT_3D('',#7139,#7140,#7141);
#7139 = CARTESIAN_POINT('',(115.2,21.,0.));
#7140 = DIRECTION('',(-1.,-0.,-0.));
#7141 = DIRECTION('',(0.,0.,-1.));
#7142 = DEFINITIONAL_REPRESENTATION('',(#7143),#7147);
#7143 = LINE('',#7144,#7145);
#7144 = CARTESIAN_POINT('',(-8.75,-4.75));
#7145 = VECTOR('',#7146,1.);
#7146 = DIRECTION('',(-1.,0.));
#7147 = ( GEOMETRIC_REPRESENTATION_CONTEXT(2) 
PARAMETRIC_REPRESENTATION_CONTEXT() REPRESENTATION_CONTEXT('2D SPACE',''
  ) );
#7148 = ORIENTED_EDGE('',*,*,#7149,.T.);
#7149 = EDGE_CURVE('',#7122,#7020,#7150,.T.);
#7150 = SURFACE_CURVE('',#7151,(#7155,#7162),.PCURVE_S1.);
#7151 = LINE('',#7152,#7153);
#7152 = CARTESIAN_POINT('',(164.5,25.75,11.5));
#7153 = VECTOR('',#7154,1.);
#7154 = DIRECTION('',(1.,-0.,0.));
#7155 = PCURVE('',#2389,#7156);
#7156 = DEFINITIONAL_REPRESENTATION('',(#7157),#7161);
#7157 = LINE('',#7158,#7159);
#7158 = CARTESIAN_POINT('',(-6.,49.5));
#7159 = VECTOR('',#7160,1.);
#7160 = DIRECTION('',(0.,1.));
#7161 = ( GEOMETRIC_REPRESENTATION_CONTEXT(2) 
PARAMETRIC_REPRESENTATION_CONTEXT() REPRESENTATION_CONTEXT('2D SPACE',''
  ) );
#7162 = PCURVE('',#4536,#7163);
#7163 = DEFINITIONAL_REPRESENTATION('',(#7164),#7168);
#7164 = LINE('',#7165,#7166);
#7165 = CARTESIAN_POINT('',(-49.5,5.75));
#7166 = VECTOR('',#7167,1.);
#7167 = DIRECTION('',(1.,0.));
#7168 = ( GEOMETRIC_REPRESENTATION_CONTEXT(2) 
PARAMETRIC_REPRESENTATION_CONTEXT() REPRESENTATION_CONTEXT('2D SPACE',''
  ) );
#7169 = ORIENTED_EDGE('',*,*,#7019,.F.);
#7170 = ORIENTED_EDGE('',*,*,#2373,.T.);
#7171 = ADVANCED_FACE('',(#7172),#2362,.F.);
#7172 = FACE_BOUND('',#7173,.F.);
#7173 = EDGE_LOOP('',(#7174,#7175,#7176,#7177));
#7174 = ORIENTED_EDGE('',*,*,#2346,.F.);
#7175 = ORIENTED_EDGE('',*,*,#7066,.F.);
#7176 = ORIENTED_EDGE('',*,*,#3441,.T.);
#7177 = ORIENTED_EDGE('',*,*,#7178,.T.);
#7178 = EDGE_CURVE('',#3419,#2319,#7179,.T.);
#7179 = SURFACE_CURVE('',#7180,(#7185,#7192),.PCURVE_S1.);
#7180 = CIRCLE('',#7181,19.691881404894);
#7181 = AXIS2_PLACEMENT_3D('',#7182,#7183,#7184);
#7182 = CARTESIAN_POINT('',(115.,30.35,17.5));
#7183 = DIRECTION('',(0.,-1.,0.));
#7184 = DIRECTION('',(0.458506385916,0.,-0.888691112859));
#7185 = PCURVE('',#2362,#7186);
#7186 = DEFINITIONAL_REPRESENTATION('',(#7187),#7191);
#7187 = LINE('',#7188,#7189);
#7188 = CARTESIAN_POINT('',(2.665278874976,4.6));
#7189 = VECTOR('',#7190,1.);
#7190 = DIRECTION('',(-1.,-0.));
#7191 = ( GEOMETRIC_REPRESENTATION_CONTEXT(2) 
PARAMETRIC_REPRESENTATION_CONTEXT() REPRESENTATION_CONTEXT('2D SPACE',''
  ) );
#7192 = PCURVE('',#2334,#7193);
#7193 = DEFINITIONAL_REPRESENTATION('',(#7194),#7202);
#7194 = ( BOUNDED_CURVE() B_SPLINE_CURVE(2,(#7195,#7196,#7197,#7198,
#7199,#7200,#7201),.UNSPECIFIED.,.T.,.F.) B_SPLINE_CURVE_WITH_KNOTS((1,2
    ,2,2,2,1),(-2.094395102393,0.,2.094395102393,4.188790204786,
6.28318530718,8.377580409573),.UNSPECIFIED.) CURVE() 
GEOMETRIC_REPRESENTATION_ITEM() RATIONAL_B_SPLINE_CURVE((1.,0.5,1.,0.5,
1.,0.5,1.)) REPRESENTATION_ITEM('') );
#7195 = CARTESIAN_POINT('',(-17.5,9.028853374843));
#7196 = CARTESIAN_POINT('',(-1.861567220682,39.339742507298));
#7197 = CARTESIAN_POINT('',(16.569216389659,10.641017878806));
#7198 = CARTESIAN_POINT('',(35.,-18.05770674968));
#7199 = CARTESIAN_POINT('',(0.930783610341,-19.66987125364));
#7200 = CARTESIAN_POINT('',(-33.13843277931,-21.28203575761));
#7201 = CARTESIAN_POINT('',(-17.5,9.028853374843));
#7202 = ( GEOMETRIC_REPRESENTATION_CONTEXT(2) 
PARAMETRIC_REPRESENTATION_CONTEXT() REPRESENTATION_CONTEXT('2D SPACE',''
  ) );
#7203 = ADVANCED_FACE('',(#7204),#2334,.F.);
#7204 = FACE_BOUND('',#7205,.F.);
#7205 = EDGE_LOOP('',(#7206,#7207,#7208,#7236,#7259,#7282,#7303));
#7206 = ORIENTED_EDGE('',*,*,#7178,.F.);
#7207 = ORIENTED_EDGE('',*,*,#3418,.T.);
#7208 = ORIENTED_EDGE('',*,*,#7209,.F.);
#7209 = EDGE_CURVE('',#7210,#3396,#7212,.T.);
#7210 = VERTEX_POINT('',#7211);
#7211 = CARTESIAN_POINT('',(115.2,30.35,0.8));
#7212 = SURFACE_CURVE('',#7213,(#7218,#7229),.PCURVE_S1.);
#7213 = CIRCLE('',#7214,0.8);
#7214 = AXIS2_PLACEMENT_3D('',#7215,#7216,#7217);
#7215 = CARTESIAN_POINT('',(116.,30.35,0.8));
#7216 = DIRECTION('',(-0.,-1.,-0.));
#7217 = DIRECTION('',(-1.,0.,0.));
#7218 = PCURVE('',#2334,#7219);
#7219 = DEFINITIONAL_REPRESENTATION('',(#7220),#7228);
#7220 = ( BOUNDED_CURVE() B_SPLINE_CURVE(2,(#7221,#7222,#7223,#7224,
#7225,#7226,#7227),.UNSPECIFIED.,.T.,.F.) B_SPLINE_CURVE_WITH_KNOTS((1,2
    ,2,2,2,1),(-2.094395102393,0.,2.094395102393,4.188790204786,
6.28318530718,8.377580409573),.UNSPECIFIED.) CURVE() 
GEOMETRIC_REPRESENTATION_ITEM() RATIONAL_B_SPLINE_CURVE((1.,0.5,1.,0.5,
1.,0.5,1.)) REPRESENTATION_ITEM('') );
#7221 = CARTESIAN_POINT('',(-16.7,0.2));
#7222 = CARTESIAN_POINT('',(-18.08564064605,0.2));
#7223 = CARTESIAN_POINT('',(-17.39282032302,1.4));
#7224 = CARTESIAN_POINT('',(-16.7,2.6));
#7225 = CARTESIAN_POINT('',(-16.00717967697,1.4));
#7226 = CARTESIAN_POINT('',(-15.31435935394,0.2));
#7227 = CARTESIAN_POINT('',(-16.7,0.2));
#7228 = ( GEOMETRIC_REPRESENTATION_CONTEXT(2) 
PARAMETRIC_REPRESENTATION_CONTEXT() REPRESENTATION_CONTEXT('2D SPACE',''
  ) );
#7229 = PCURVE('',#3147,#7230);
#7230 = DEFINITIONAL_REPRESENTATION('',(#7231),#7235);
#7231 = LINE('',#7232,#7233);
#7232 = CARTESIAN_POINT('',(0.,187.65));
#7233 = VECTOR('',#7234,1.);
#7234 = DIRECTION('',(1.,0.));
#7235 = ( GEOMETRIC_REPRESENTATION_CONTEXT(2) 
PARAMETRIC_REPRESENTATION_CONTEXT() REPRESENTATION_CONTEXT('2D SPACE',''
  ) );
#7236 = ORIENTED_EDGE('',*,*,#7237,.T.);
#7237 = EDGE_CURVE('',#7210,#7238,#7240,.T.);
#7238 = VERTEX_POINT('',#7239);
#7239 = CARTESIAN_POINT('',(115.2,30.35,11.5));
#7240 = SURFACE_CURVE('',#7241,(#7245,#7252),.PCURVE_S1.);
#7241 = LINE('',#7242,#7243);
#7242 = CARTESIAN_POINT('',(115.2,30.35,8.75));
#7243 = VECTOR('',#7244,1.);
#7244 = DIRECTION('',(0.,0.,1.));
#7245 = PCURVE('',#2334,#7246);
#7246 = DEFINITIONAL_REPRESENTATION('',(#7247),#7251);
#7247 = LINE('',#7248,#7249);
#7248 = CARTESIAN_POINT('',(-8.75,0.2));
#7249 = VECTOR('',#7250,1.);
#7250 = DIRECTION('',(1.,0.));
#7251 = ( GEOMETRIC_REPRESENTATION_CONTEXT(2) 
PARAMETRIC_REPRESENTATION_CONTEXT() REPRESENTATION_CONTEXT('2D SPACE',''
  ) );
#7252 = PCURVE('',#3175,#7253);
#7253 = DEFINITIONAL_REPRESENTATION('',(#7254),#7258);
#7254 = LINE('',#7255,#7256);
#7255 = CARTESIAN_POINT('',(-8.75,-9.35));
#7256 = VECTOR('',#7257,1.);
#7257 = DIRECTION('',(-1.,0.));
#7258 = ( GEOMETRIC_REPRESENTATION_CONTEXT(2) 
PARAMETRIC_REPRESENTATION_CONTEXT() REPRESENTATION_CONTEXT('2D SPACE',''
  ) );
#7259 = ORIENTED_EDGE('',*,*,#7260,.T.);
#7260 = EDGE_CURVE('',#7238,#7261,#7263,.T.);
#7261 = VERTEX_POINT('',#7262);
#7262 = CARTESIAN_POINT('',(123.5,30.35,11.5));
#7263 = SURFACE_CURVE('',#7264,(#7268,#7275),.PCURVE_S1.);
#7264 = LINE('',#7265,#7266);
#7265 = CARTESIAN_POINT('',(164.5,30.35,11.5));
#7266 = VECTOR('',#7267,1.);
#7267 = DIRECTION('',(1.,-0.,0.));
#7268 = PCURVE('',#2334,#7269);
#7269 = DEFINITIONAL_REPRESENTATION('',(#7270),#7274);
#7270 = LINE('',#7271,#7272);
#7271 = CARTESIAN_POINT('',(-6.,49.5));
#7272 = VECTOR('',#7273,1.);
#7273 = DIRECTION('',(0.,1.));
#7274 = ( GEOMETRIC_REPRESENTATION_CONTEXT(2) 
PARAMETRIC_REPRESENTATION_CONTEXT() REPRESENTATION_CONTEXT('2D SPACE',''
  ) );
#7275 = PCURVE('',#3203,#7276);
#7276 = DEFINITIONAL_REPRESENTATION('',(#7277),#7281);
#7277 = LINE('',#7278,#7279);
#7278 = CARTESIAN_POINT('',(-49.5,10.35));
#7279 = VECTOR('',#7280,1.);
#7280 = DIRECTION('',(1.,0.));
#7281 = ( GEOMETRIC_REPRESENTATION_CONTEXT(2) 
PARAMETRIC_REPRESENTATION_CONTEXT() REPRESENTATION_CONTEXT('2D SPACE',''
  ) );
#7282 = ORIENTED_EDGE('',*,*,#7283,.F.);
#7283 = EDGE_CURVE('',#2291,#7261,#7284,.T.);
#7284 = SURFACE_CURVE('',#7285,(#7289,#7296),.PCURVE_S1.);
#7285 = LINE('',#7286,#7287);
#7286 = CARTESIAN_POINT('',(123.5,30.35,9.85));
#7287 = VECTOR('',#7288,1.);
#7288 = DIRECTION('',(0.,0.,1.));
#7289 = PCURVE('',#2334,#7290);
#7290 = DEFINITIONAL_REPRESENTATION('',(#7291),#7295);
#7291 = LINE('',#7292,#7293);
#7292 = CARTESIAN_POINT('',(-7.65,8.5));
#7293 = VECTOR('',#7294,1.);
#7294 = DIRECTION('',(1.,0.));
#7295 = ( GEOMETRIC_REPRESENTATION_CONTEXT(2) 
PARAMETRIC_REPRESENTATION_CONTEXT() REPRESENTATION_CONTEXT('2D SPACE',''
  ) );
#7296 = PCURVE('',#2306,#7297);
#7297 = DEFINITIONAL_REPRESENTATION('',(#7298),#7302);
#7298 = LINE('',#7299,#7300);
#7299 = CARTESIAN_POINT('',(-7.65,-6.95));
#7300 = VECTOR('',#7301,1.);
#7301 = DIRECTION('',(-1.,0.));
#7302 = ( GEOMETRIC_REPRESENTATION_CONTEXT(2) 
PARAMETRIC_REPRESENTATION_CONTEXT() REPRESENTATION_CONTEXT('2D SPACE',''
  ) );
#7303 = ORIENTED_EDGE('',*,*,#2318,.T.);
#7304 = ADVANCED_FACE('',(#7305),#2306,.F.);
#7305 = FACE_BOUND('',#7306,.T.);
#7306 = EDGE_LOOP('',(#7307,#7308,#7309,#7310));
#7307 = ORIENTED_EDGE('',*,*,#7283,.F.);
#7308 = ORIENTED_EDGE('',*,*,#2290,.T.);
#7309 = ORIENTED_EDGE('',*,*,#3215,.T.);
#7310 = ORIENTED_EDGE('',*,*,#7311,.F.);
#7311 = EDGE_CURVE('',#7261,#3188,#7312,.T.);
#7312 = SURFACE_CURVE('',#7313,(#7317,#7324),.PCURVE_S1.);
#7313 = LINE('',#7314,#7315);
#7314 = CARTESIAN_POINT('',(123.5,21.7,11.5));
#7315 = VECTOR('',#7316,1.);
#7316 = DIRECTION('',(-0.,1.,-0.));
#7317 = PCURVE('',#2306,#7318);
#7318 = DEFINITIONAL_REPRESENTATION('',(#7319),#7323);
#7319 = LINE('',#7320,#7321);
#7320 = CARTESIAN_POINT('',(-9.3,1.7));
#7321 = VECTOR('',#7322,1.);
#7322 = DIRECTION('',(0.,-1.));
#7323 = ( GEOMETRIC_REPRESENTATION_CONTEXT(2) 
PARAMETRIC_REPRESENTATION_CONTEXT() REPRESENTATION_CONTEXT('2D SPACE',''
  ) );
#7324 = PCURVE('',#3203,#7325);
#7325 = DEFINITIONAL_REPRESENTATION('',(#7326),#7330);
#7326 = LINE('',#7327,#7328);
#7327 = CARTESIAN_POINT('',(-90.5,1.7));
#7328 = VECTOR('',#7329,1.);
#7329 = DIRECTION('',(0.,1.));
#7330 = ( GEOMETRIC_REPRESENTATION_CONTEXT(2) 
PARAMETRIC_REPRESENTATION_CONTEXT() REPRESENTATION_CONTEXT('2D SPACE',''
  ) );
#7331 = ADVANCED_FACE('',(#7332),#3033,.T.);
#7332 = FACE_BOUND('',#7333,.T.);
#7333 = EDGE_LOOP('',(#7334,#7355,#7356,#7357));
#7334 = ORIENTED_EDGE('',*,*,#7335,.F.);
#7335 = EDGE_CURVE('',#3701,#3013,#7336,.T.);
#7336 = SURFACE_CURVE('',#7337,(#7341,#7348),.PCURVE_S1.);
#7337 = LINE('',#7338,#7339);
#7338 = CARTESIAN_POINT('',(115.2,218.,0.8));
#7339 = VECTOR('',#7340,1.);
#7340 = DIRECTION('',(-0.,-1.,-0.));
#7341 = PCURVE('',#3033,#7342);
#7342 = DEFINITIONAL_REPRESENTATION('',(#7343),#7347);
#7343 = LINE('',#7344,#7345);
#7344 = CARTESIAN_POINT('',(0.,0.));
#7345 = VECTOR('',#7346,1.);
#7346 = DIRECTION('',(0.,1.));
#7347 = ( GEOMETRIC_REPRESENTATION_CONTEXT(2) 
PARAMETRIC_REPRESENTATION_CONTEXT() REPRESENTATION_CONTEXT('2D SPACE',''
  ) );
#7348 = PCURVE('',#3061,#7349);
#7349 = DEFINITIONAL_REPRESENTATION('',(#7350),#7354);
#7350 = LINE('',#7351,#7352);
#7351 = CARTESIAN_POINT('',(-0.8,-197.));
#7352 = VECTOR('',#7353,1.);
#7353 = DIRECTION('',(0.,1.));
#7354 = ( GEOMETRIC_REPRESENTATION_CONTEXT(2) 
PARAMETRIC_REPRESENTATION_CONTEXT() REPRESENTATION_CONTEXT('2D SPACE',''
  ) );
#7355 = ORIENTED_EDGE('',*,*,#3700,.T.);
#7356 = ORIENTED_EDGE('',*,*,#3371,.T.);
#7357 = ORIENTED_EDGE('',*,*,#3012,.F.);
#7358 = ADVANCED_FACE('',(#7359),#3061,.T.);
#7359 = FACE_BOUND('',#7360,.F.);
#7360 = EDGE_LOOP('',(#7361,#7362,#7363,#7384));
#7361 = ORIENTED_EDGE('',*,*,#7335,.F.);
#7362 = ORIENTED_EDGE('',*,*,#3728,.F.);
#7363 = ORIENTED_EDGE('',*,*,#7364,.T.);
#7364 = EDGE_CURVE('',#3729,#3046,#7365,.T.);
#7365 = SURFACE_CURVE('',#7366,(#7370,#7377),.PCURVE_S1.);
#7366 = LINE('',#7367,#7368);
#7367 = CARTESIAN_POINT('',(115.2,116.35,11.5));
#7368 = VECTOR('',#7369,1.);
#7369 = DIRECTION('',(-0.,-1.,-0.));
#7370 = PCURVE('',#3061,#7371);
#7371 = DEFINITIONAL_REPRESENTATION('',(#7372),#7376);
#7372 = LINE('',#7373,#7374);
#7373 = CARTESIAN_POINT('',(-11.5,-95.35));
#7374 = VECTOR('',#7375,1.);
#7375 = DIRECTION('',(0.,1.));
#7376 = ( GEOMETRIC_REPRESENTATION_CONTEXT(2) 
PARAMETRIC_REPRESENTATION_CONTEXT() REPRESENTATION_CONTEXT('2D SPACE',''
  ) );
#7377 = PCURVE('',#3087,#7378);
#7378 = DEFINITIONAL_REPRESENTATION('',(#7379),#7383);
#7379 = LINE('',#7380,#7381);
#7380 = CARTESIAN_POINT('',(-98.8,96.35));
#7381 = VECTOR('',#7382,1.);
#7382 = DIRECTION('',(0.,-1.));
#7383 = ( GEOMETRIC_REPRESENTATION_CONTEXT(2) 
PARAMETRIC_REPRESENTATION_CONTEXT() REPRESENTATION_CONTEXT('2D SPACE',''
  ) );
#7384 = ORIENTED_EDGE('',*,*,#3045,.F.);
#7385 = ADVANCED_FACE('',(#7386),#3087,.T.);
#7386 = FACE_BOUND('',#7387,.F.);
#7387 = EDGE_LOOP('',(#7388,#7389,#7390,#7391));
#7388 = ORIENTED_EDGE('',*,*,#3073,.F.);
#7389 = ORIENTED_EDGE('',*,*,#7364,.F.);
#7390 = ORIENTED_EDGE('',*,*,#3751,.F.);
#7391 = ORIENTED_EDGE('',*,*,#3652,.F.);
#7392 = ADVANCED_FACE('',(#7393),#3147,.T.);
#7393 = FACE_BOUND('',#7394,.T.);
#7394 = EDGE_LOOP('',(#7395,#7416,#7417,#7418));
#7395 = ORIENTED_EDGE('',*,*,#7396,.F.);
#7396 = EDGE_CURVE('',#3127,#7210,#7397,.T.);
#7397 = SURFACE_CURVE('',#7398,(#7402,#7409),.PCURVE_S1.);
#7398 = LINE('',#7399,#7400);
#7399 = CARTESIAN_POINT('',(115.2,218.,0.8));
#7400 = VECTOR('',#7401,1.);
#7401 = DIRECTION('',(-0.,-1.,-0.));
#7402 = PCURVE('',#3147,#7403);
#7403 = DEFINITIONAL_REPRESENTATION('',(#7404),#7408);
#7404 = LINE('',#7405,#7406);
#7405 = CARTESIAN_POINT('',(0.,0.));
#7406 = VECTOR('',#7407,1.);
#7407 = DIRECTION('',(0.,1.));
#7408 = ( GEOMETRIC_REPRESENTATION_CONTEXT(2) 
PARAMETRIC_REPRESENTATION_CONTEXT() REPRESENTATION_CONTEXT('2D SPACE',''
  ) );
#7409 = PCURVE('',#3175,#7410);
#7410 = DEFINITIONAL_REPRESENTATION('',(#7411),#7415);
#7411 = LINE('',#7412,#7413);
#7412 = CARTESIAN_POINT('',(-0.8,-197.));
#7413 = VECTOR('',#7414,1.);
#7414 = DIRECTION('',(0.,1.));
#7415 = ( GEOMETRIC_REPRESENTATION_CONTEXT(2) 
PARAMETRIC_REPRESENTATION_CONTEXT() REPRESENTATION_CONTEXT('2D SPACE',''
  ) );
#7416 = ORIENTED_EDGE('',*,*,#3126,.T.);
#7417 = ORIENTED_EDGE('',*,*,#3395,.T.);
#7418 = ORIENTED_EDGE('',*,*,#7209,.F.);
#7419 = ADVANCED_FACE('',(#7420),#3175,.T.);
#7420 = FACE_BOUND('',#7421,.F.);
#7421 = EDGE_LOOP('',(#7422,#7423,#7424,#7445));
#7422 = ORIENTED_EDGE('',*,*,#7396,.F.);
#7423 = ORIENTED_EDGE('',*,*,#3159,.T.);
#7424 = ORIENTED_EDGE('',*,*,#7425,.T.);
#7425 = EDGE_CURVE('',#3160,#7238,#7426,.T.);
#7426 = SURFACE_CURVE('',#7427,(#7431,#7438),.PCURVE_S1.);
#7427 = LINE('',#7428,#7429);
#7428 = CARTESIAN_POINT('',(115.2,211.7,11.5));
#7429 = VECTOR('',#7430,1.);
#7430 = DIRECTION('',(0.,-1.,0.));
#7431 = PCURVE('',#3175,#7432);
#7432 = DEFINITIONAL_REPRESENTATION('',(#7433),#7437);
#7433 = LINE('',#7434,#7435);
#7434 = CARTESIAN_POINT('',(-11.5,-190.7));
#7435 = VECTOR('',#7436,1.);
#7436 = DIRECTION('',(0.,1.));
#7437 = ( GEOMETRIC_REPRESENTATION_CONTEXT(2) 
PARAMETRIC_REPRESENTATION_CONTEXT() REPRESENTATION_CONTEXT('2D SPACE',''
  ) );
#7438 = PCURVE('',#3203,#7439);
#7439 = DEFINITIONAL_REPRESENTATION('',(#7440),#7444);
#7440 = LINE('',#7441,#7442);
#7441 = CARTESIAN_POINT('',(-98.8,191.7));
#7442 = VECTOR('',#7443,1.);
#7443 = DIRECTION('',(0.,-1.));
#7444 = ( GEOMETRIC_REPRESENTATION_CONTEXT(2) 
PARAMETRIC_REPRESENTATION_CONTEXT() REPRESENTATION_CONTEXT('2D SPACE',''
  ) );
#7445 = ORIENTED_EDGE('',*,*,#7237,.F.);
#7446 = ADVANCED_FACE('',(#7447),#3203,.T.);
#7447 = FACE_BOUND('',#7448,.F.);
#7448 = EDGE_LOOP('',(#7449,#7450,#7451,#7452));
#7449 = ORIENTED_EDGE('',*,*,#7425,.F.);
#7450 = ORIENTED_EDGE('',*,*,#3187,.T.);
#7451 = ORIENTED_EDGE('',*,*,#7311,.F.);
#7452 = ORIENTED_EDGE('',*,*,#7260,.F.);
#7453 = ADVANCED_FACE('',(#7454),#3614,.T.);
#7454 = FACE_BOUND('',#7455,.F.);
#7455 = EDGE_LOOP('',(#7456,#7484,#7485,#7486));
#7456 = ORIENTED_EDGE('',*,*,#7457,.F.);
#7457 = EDGE_CURVE('',#4108,#7458,#7460,.T.);
#7458 = VERTEX_POINT('',#7459);
#7459 = CARTESIAN_POINT('',(122.8,21.2,0.270849737787));
#7460 = SURFACE_CURVE('',#7461,(#7466,#7477),.PCURVE_S1.);
#7461 = CIRCLE('',#7462,0.8);
#7462 = AXIS2_PLACEMENT_3D('',#7463,#7464,#7465);
#7463 = CARTESIAN_POINT('',(122.8,21.8,0.8));
#7464 = DIRECTION('',(1.,0.,0.));
#7465 = DIRECTION('',(0.,-1.,0.));
#7466 = PCURVE('',#3614,#7467);
#7467 = DEFINITIONAL_REPRESENTATION('',(#7468),#7476);
#7468 = ( BOUNDED_CURVE() B_SPLINE_CURVE(2,(#7469,#7470,#7471,#7472,
#7473,#7474,#7475),.UNSPECIFIED.,.T.,.F.) B_SPLINE_CURVE_WITH_KNOTS((1,2
    ,2,2,2,1),(-2.094395102393,0.,2.094395102393,4.188790204786,
6.28318530718,8.377580409573),.UNSPECIFIED.) CURVE() 
GEOMETRIC_REPRESENTATION_ITEM() RATIONAL_B_SPLINE_CURVE((1.,0.5,1.,0.5,
1.,0.5,1.)) REPRESENTATION_ITEM('') );
#7469 = CARTESIAN_POINT('',(-0.8,0.));
#7470 = CARTESIAN_POINT('',(0.585640646055,0.));
#7471 = CARTESIAN_POINT('',(-0.107179676972,-1.2));
#7472 = CARTESIAN_POINT('',(-0.8,-2.4));
#7473 = CARTESIAN_POINT('',(-1.492820323028,-1.2));
#7474 = CARTESIAN_POINT('',(-2.185640646055,-1.221245327088E-15));
#7475 = CARTESIAN_POINT('',(-0.8,0.));
#7476 = ( GEOMETRIC_REPRESENTATION_CONTEXT(2) 
PARAMETRIC_REPRESENTATION_CONTEXT() REPRESENTATION_CONTEXT('2D SPACE',''
  ) );
#7477 = PCURVE('',#4123,#7478);
#7478 = DEFINITIONAL_REPRESENTATION('',(#7479),#7483);
#7479 = LINE('',#7480,#7481);
#7480 = CARTESIAN_POINT('',(0.,4.6));
#7481 = VECTOR('',#7482,1.);
#7482 = DIRECTION('',(1.,0.));
#7483 = ( GEOMETRIC_REPRESENTATION_CONTEXT(2) 
PARAMETRIC_REPRESENTATION_CONTEXT() REPRESENTATION_CONTEXT('2D SPACE',''
  ) );
#7484 = ORIENTED_EDGE('',*,*,#4242,.F.);
#7485 = ORIENTED_EDGE('',*,*,#3598,.T.);
#7486 = ORIENTED_EDGE('',*,*,#7487,.T.);
#7487 = EDGE_CURVE('',#3571,#7458,#7488,.T.);
#7488 = SURFACE_CURVE('',#7489,(#7493,#7500),.PCURVE_S1.);
#7489 = LINE('',#7490,#7491);
#7490 = CARTESIAN_POINT('',(122.8,21.2,0.));
#7491 = VECTOR('',#7492,1.);
#7492 = DIRECTION('',(-0.,0.,1.));
#7493 = PCURVE('',#3614,#7494);
#7494 = DEFINITIONAL_REPRESENTATION('',(#7495),#7499);
#7495 = LINE('',#7496,#7497);
#7496 = CARTESIAN_POINT('',(0.,-0.2));
#7497 = VECTOR('',#7498,1.);
#7498 = DIRECTION('',(-1.,0.));
#7499 = ( GEOMETRIC_REPRESENTATION_CONTEXT(2) 
PARAMETRIC_REPRESENTATION_CONTEXT() REPRESENTATION_CONTEXT('2D SPACE',''
  ) );
#7500 = PCURVE('',#3586,#7501);
#7501 = DEFINITIONAL_REPRESENTATION('',(#7502),#7506);
#7502 = LINE('',#7503,#7504);
#7503 = CARTESIAN_POINT('',(0.,0.2));
#7504 = VECTOR('',#7505,1.);
#7505 = DIRECTION('',(-1.,-0.));
#7506 = ( GEOMETRIC_REPRESENTATION_CONTEXT(2) 
PARAMETRIC_REPRESENTATION_CONTEXT() REPRESENTATION_CONTEXT('2D SPACE',''
  ) );
#7507 = ADVANCED_FACE('',(#7508),#3586,.F.);
#7508 = FACE_BOUND('',#7509,.T.);
#7509 = EDGE_LOOP('',(#7510,#7533,#7534,#7535,#7557,#7654,#7676,#7699,
    #7719,#7720,#7743,#7771));
#7510 = ORIENTED_EDGE('',*,*,#7511,.F.);
#7511 = EDGE_CURVE('',#3543,#7512,#7514,.T.);
#7512 = VERTEX_POINT('',#7513);
#7513 = CARTESIAN_POINT('',(115.,21.2,13.4));
#7514 = SURFACE_CURVE('',#7515,(#7519,#7526),.PCURVE_S1.);
#7515 = LINE('',#7516,#7517);
#7516 = CARTESIAN_POINT('',(115.,21.2,0.));
#7517 = VECTOR('',#7518,1.);
#7518 = DIRECTION('',(-0.,-0.,1.));
#7519 = PCURVE('',#3586,#7520);
#7520 = DEFINITIONAL_REPRESENTATION('',(#7521),#7525);
#7521 = LINE('',#7522,#7523);
#7522 = CARTESIAN_POINT('',(0.,8.));
#7523 = VECTOR('',#7524,1.);
#7524 = DIRECTION('',(-1.,0.));
#7525 = ( GEOMETRIC_REPRESENTATION_CONTEXT(2) 
PARAMETRIC_REPRESENTATION_CONTEXT() REPRESENTATION_CONTEXT('2D SPACE',''
  ) );
#7526 = PCURVE('',#3558,#7527);
#7527 = DEFINITIONAL_REPRESENTATION('',(#7528),#7532);
#7528 = LINE('',#7529,#7530);
#7529 = CARTESIAN_POINT('',(0.,0.));
#7530 = VECTOR('',#7531,1.);
#7531 = DIRECTION('',(-1.,0.));
#7532 = ( GEOMETRIC_REPRESENTATION_CONTEXT(2) 
PARAMETRIC_REPRESENTATION_CONTEXT() REPRESENTATION_CONTEXT('2D SPACE',''
  ) );
#7533 = ORIENTED_EDGE('',*,*,#3570,.F.);
#7534 = ORIENTED_EDGE('',*,*,#7487,.T.);
#7535 = ORIENTED_EDGE('',*,*,#7536,.F.);
#7536 = EDGE_CURVE('',#7537,#7458,#7539,.T.);
#7537 = VERTEX_POINT('',#7538);
#7538 = CARTESIAN_POINT('',(118.2,21.2,0.270849737787));
#7539 = SURFACE_CURVE('',#7540,(#7544,#7551),.PCURVE_S1.);
#7540 = LINE('',#7541,#7542);
#7541 = CARTESIAN_POINT('',(118.2,21.2,0.270849737787));
#7542 = VECTOR('',#7543,1.);
#7543 = DIRECTION('',(1.,-0.,0.));
#7544 = PCURVE('',#3586,#7545);
#7545 = DEFINITIONAL_REPRESENTATION('',(#7546),#7550);
#7546 = LINE('',#7547,#7548);
#7547 = CARTESIAN_POINT('',(-0.270849737787,4.8));
#7548 = VECTOR('',#7549,1.);
#7549 = DIRECTION('',(0.,-1.));
#7550 = ( GEOMETRIC_REPRESENTATION_CONTEXT(2) 
PARAMETRIC_REPRESENTATION_CONTEXT() REPRESENTATION_CONTEXT('2D SPACE',''
  ) );
#7551 = PCURVE('',#4123,#7552);
#7552 = DEFINITIONAL_REPRESENTATION('',(#7553),#7556);
#7553 = B_SPLINE_CURVE_WITH_KNOTS('',1,(#7554,#7555),.UNSPECIFIED.,.F.,
  .F.,(2,2),(-6.000000070117E-07,5.6),.PIECEWISE_BEZIER_KNOTS.);
#7554 = CARTESIAN_POINT('',(0.722734247813,-6.000000070117E-07));
#7555 = CARTESIAN_POINT('',(0.722734247813,5.6));
#7556 = ( GEOMETRIC_REPRESENTATION_CONTEXT(2) 
PARAMETRIC_REPRESENTATION_CONTEXT() REPRESENTATION_CONTEXT('2D SPACE',''
  ) );
#7557 = ORIENTED_EDGE('',*,*,#7558,.F.);
#7558 = EDGE_CURVE('',#7559,#7537,#7561,.T.);
#7559 = VERTEX_POINT('',#7560);
#7560 = CARTESIAN_POINT('',(117.12296703857,21.2,0.8));
#7561 = SURFACE_CURVE('',#7562,(#7589,#7619),.PCURVE_S1.);
#7562 = B_SPLINE_CURVE_WITH_KNOTS('',7,(#7563,#7564,#7565,#7566,#7567,
    #7568,#7569,#7570,#7571,#7572,#7573,#7574,#7575,#7576,#7577,#7578,
    #7579,#7580,#7581,#7582,#7583,#7584,#7585,#7586,#7587,#7588),
  .UNSPECIFIED.,.F.,.F.,(8,6,6,6,8),(0.,0.228923279266,0.36547874774,
    0.531778483988,1.),.UNSPECIFIED.);
#7563 = CARTESIAN_POINT('',(117.12296703857,21.2,0.8));
#7564 = CARTESIAN_POINT('',(117.12296703857,21.2,0.767241885255));
#7565 = CARTESIAN_POINT('',(117.12732620995,21.2,0.734470017958));
#7566 = CARTESIAN_POINT('',(117.13605016707,21.2,0.702069689187));
#7567 = CARTESIAN_POINT('',(117.14899085667,21.2,0.670377289129));
#7568 = CARTESIAN_POINT('',(117.16590280841,21.2,0.639675063332));
#7569 = CARTESIAN_POINT('',(117.18647557658,21.2,0.610189574166));
#7570 = CARTESIAN_POINT('',(117.22457920177,21.2,0.565334443099));
#7571 = CARTESIAN_POINT('',(117.23999413168,21.2,0.549062606554));
#7572 = CARTESIAN_POINT('',(117.25651633885,21.2,0.533309568913));
#7573 = CARTESIAN_POINT('',(117.27407368343,21.2,0.518097888168));
#7574 = CARTESIAN_POINT('',(117.29259462482,21.2,0.503442633929));
#7575 = CARTESIAN_POINT('',(117.31201013692,21.2,0.489352552098));
#7576 = CARTESIAN_POINT('',(117.35691094556,21.2,0.459364716739));
#7577 = CARTESIAN_POINT('',(117.38279600837,21.2,0.443742484936));
#7578 = CARTESIAN_POINT('',(117.409795472,21.2,0.428969514497));
#7579 = CARTESIAN_POINT('',(117.4378008952,21.2,0.415041829863));
#7580 = CARTESIAN_POINT('',(117.46671218158,21.2,0.401948519163));
#7581 = CARTESIAN_POINT('',(117.49643902596,21.2,0.389673753801));
#7582 = CARTESIAN_POINT('',(117.61267272353,21.2,0.345890780272));
#7583 = CARTESIAN_POINT('',(117.70414806515,21.2,0.319972637152));
#7584 = CARTESIAN_POINT('',(117.7997273078,21.2,0.299919549653));
#7585 = CARTESIAN_POINT('',(117.8981028206,21.2,0.285282717334));
#7586 = CARTESIAN_POINT('',(117.99816764205,21.2,0.275666300424));
#7587 = CARTESIAN_POINT('',(118.09902691358,21.2,0.270849737787));
#7588 = CARTESIAN_POINT('',(118.2,21.2,0.270849737787));
#7589 = PCURVE('',#3586,#7590);
#7590 = DEFINITIONAL_REPRESENTATION('',(#7591),#7618);
#7591 = B_SPLINE_CURVE_WITH_KNOTS('',7,(#7592,#7593,#7594,#7595,#7596,
    #7597,#7598,#7599,#7600,#7601,#7602,#7603,#7604,#7605,#7606,#7607,
    #7608,#7609,#7610,#7611,#7612,#7613,#7614,#7615,#7616,#7617),
  .UNSPECIFIED.,.F.,.F.,(8,6,6,6,8),(0.,0.228923279266,0.36547874774,
    0.531778483988,1.),.UNSPECIFIED.);
#7592 = CARTESIAN_POINT('',(-0.8,5.87703296143));
#7593 = CARTESIAN_POINT('',(-0.767241885255,5.87703296143));
#7594 = CARTESIAN_POINT('',(-0.734470017958,5.87267379005));
#7595 = CARTESIAN_POINT('',(-0.702069689187,5.86394983293));
#7596 = CARTESIAN_POINT('',(-0.670377289129,5.85100914333));
#7597 = CARTESIAN_POINT('',(-0.639675063332,5.83409719159));
#7598 = CARTESIAN_POINT('',(-0.610189574166,5.81352442342));
#7599 = CARTESIAN_POINT('',(-0.565334443099,5.77542079823));
#7600 = CARTESIAN_POINT('',(-0.549062606554,5.76000586832));
#7601 = CARTESIAN_POINT('',(-0.533309568913,5.74348366115));
#7602 = CARTESIAN_POINT('',(-0.518097888168,5.72592631657));
#7603 = CARTESIAN_POINT('',(-0.503442633929,5.70740537518));
#7604 = CARTESIAN_POINT('',(-0.489352552098,5.68798986308));
#7605 = CARTESIAN_POINT('',(-0.459364716739,5.64308905444));
#7606 = CARTESIAN_POINT('',(-0.443742484936,5.61720399163));
#7607 = CARTESIAN_POINT('',(-0.428969514497,5.590204528));
#7608 = CARTESIAN_POINT('',(-0.415041829863,5.5621991048));
#7609 = CARTESIAN_POINT('',(-0.401948519163,5.53328781842));
#7610 = CARTESIAN_POINT('',(-0.389673753801,5.50356097404));
#7611 = CARTESIAN_POINT('',(-0.345890780272,5.38732727647));
#7612 = CARTESIAN_POINT('',(-0.319972637152,5.29585193485));
#7613 = CARTESIAN_POINT('',(-0.299919549653,5.2002726922));
#7614 = CARTESIAN_POINT('',(-0.285282717334,5.1018971794));
#7615 = CARTESIAN_POINT('',(-0.275666300424,5.00183235795));
#7616 = CARTESIAN_POINT('',(-0.270849737787,4.90097308642));
#7617 = CARTESIAN_POINT('',(-0.270849737787,4.8));
#7618 = ( GEOMETRIC_REPRESENTATION_CONTEXT(2) 
PARAMETRIC_REPRESENTATION_CONTEXT() REPRESENTATION_CONTEXT('2D SPACE',''
  ) );
#7619 = PCURVE('',#7620,#7625);
#7620 = TOROIDAL_SURFACE('',#7621,2.2,0.8);
#7621 = AXIS2_PLACEMENT_3D('',#7622,#7623,#7624);
#7622 = CARTESIAN_POINT('',(118.2,24.,0.8));
#7623 = DIRECTION('',(0.,-0.,-1.));
#7624 = DIRECTION('',(-1.,-0.,0.));
#7625 = DEFINITIONAL_REPRESENTATION('',(#7626),#7653);
#7626 = B_SPLINE_CURVE_WITH_KNOTS('',7,(#7627,#7628,#7629,#7630,#7631,
    #7632,#7633,#7634,#7635,#7636,#7637,#7638,#7639,#7640,#7641,#7642,
    #7643,#7644,#7645,#7646,#7647,#7648,#7649,#7650,#7651,#7652),
  .UNSPECIFIED.,.F.,.F.,(8,6,6,6,8),(0.,0.228923279266,0.36547874774,
    0.531778483988,1.),.UNSPECIFIED.);
#7627 = CARTESIAN_POINT('',(5.079597000943,0.));
#7628 = CARTESIAN_POINT('',(5.079597000943,4.094764343123E-02));
#7629 = CARTESIAN_POINT('',(5.078240784949,8.191247369564E-02));
#7630 = CARTESIAN_POINT('',(5.075526771401,0.122525031744));
#7631 = CARTESIAN_POINT('',(5.071491701236,0.162477396932));
#7632 = CARTESIAN_POINT('',(5.066194628893,0.20150352081));
#7633 = CARTESIAN_POINT('',(5.05971048786,0.239368739343));
#7634 = CARTESIAN_POINT('',(5.047613306447,0.29764098469));
#7635 = CARTESIAN_POINT('',(5.042702516333,0.318936612494));
#7636 = CARTESIAN_POINT('',(5.037418485674,0.339719388359));
#7637 = CARTESIAN_POINT('',(5.03177935017,0.35995975998));
#7638 = CARTESIAN_POINT('',(5.025803328824,0.37963375062));
#7639 = CARTESIAN_POINT('',(5.019508296814,0.398722128374));
#7640 = CARTESIAN_POINT('',(5.004877486574,0.439723925135));
#7641 = CARTESIAN_POINT('',(4.996396251333,0.461346036061));
#7642 = CARTESIAN_POINT('',(4.987497995837,0.48205029465));
#7643 = CARTESIAN_POINT('',(4.978212267901,0.501816880601));
#7644 = CARTESIAN_POINT('',(4.968567381626,0.520630974538));
#7645 = CARTESIAN_POINT('',(4.958589979076,0.538481965663));
#7646 = CARTESIAN_POINT('',(4.919345799457,0.602890720491));
#7647 = CARTESIAN_POINT('',(4.88799040977,0.642653740442));
#7648 = CARTESIAN_POINT('',(4.854732141203,0.674638977792));
#7649 = CARTESIAN_POINT('',(4.820056284982,0.698680728971));
#7650 = CARTESIAN_POINT('',(4.784471944817,0.714706319458));
#7651 = CARTESIAN_POINT('',(4.748450796962,0.722734247813));
#7652 = CARTESIAN_POINT('',(4.712388980385,0.722734247813));
#7653 = ( GEOMETRIC_REPRESENTATION_CONTEXT(2) 
PARAMETRIC_REPRESENTATION_CONTEXT() REPRESENTATION_CONTEXT('2D SPACE',''
  ) );
#7654 = ORIENTED_EDGE('',*,*,#7655,.T.);
#7655 = EDGE_CURVE('',#7559,#7656,#7658,.T.);
#7656 = VERTEX_POINT('',#7657);
#7657 = CARTESIAN_POINT('',(117.12296703857,21.2,11.5));
#7658 = SURFACE_CURVE('',#7659,(#7663,#7670),.PCURVE_S1.);
#7659 = LINE('',#7660,#7661);
#7660 = CARTESIAN_POINT('',(117.12296703857,21.2,0.));
#7661 = VECTOR('',#7662,1.);
#7662 = DIRECTION('',(-0.,-0.,1.));
#7663 = PCURVE('',#3586,#7664);
#7664 = DEFINITIONAL_REPRESENTATION('',(#7665),#7669);
#7665 = LINE('',#7666,#7667);
#7666 = CARTESIAN_POINT('',(0.,5.87703296143));
#7667 = VECTOR('',#7668,1.);
#7668 = DIRECTION('',(-1.,0.));
#7669 = ( GEOMETRIC_REPRESENTATION_CONTEXT(2) 
PARAMETRIC_REPRESENTATION_CONTEXT() REPRESENTATION_CONTEXT('2D SPACE',''
  ) );
#7670 = PCURVE('',#4151,#7671);
#7671 = DEFINITIONAL_REPRESENTATION('',(#7672),#7675);
#7672 = B_SPLINE_CURVE_WITH_KNOTS('',1,(#7673,#7674),.UNSPECIFIED.,.F.,
  .F.,(2,2),(0.7999994,11.5000006),.PIECEWISE_BEZIER_KNOTS.);
#7673 = CARTESIAN_POINT('',(1.203588306237,0.7999994));
#7674 = CARTESIAN_POINT('',(1.203588306237,11.5000006));
#7675 = ( GEOMETRIC_REPRESENTATION_CONTEXT(2) 
PARAMETRIC_REPRESENTATION_CONTEXT() REPRESENTATION_CONTEXT('2D SPACE',''
  ) );
#7676 = ORIENTED_EDGE('',*,*,#7677,.F.);
#7677 = EDGE_CURVE('',#7678,#7656,#7680,.T.);
#7678 = VERTEX_POINT('',#7679);
#7679 = CARTESIAN_POINT('',(120.59614813968,21.2,11.5));
#7680 = SURFACE_CURVE('',#7681,(#7685,#7692),.PCURVE_S1.);
#7681 = LINE('',#7682,#7683);
#7682 = CARTESIAN_POINT('',(121.8,21.2,11.5));
#7683 = VECTOR('',#7684,1.);
#7684 = DIRECTION('',(-1.,-0.,-0.));
#7685 = PCURVE('',#3586,#7686);
#7686 = DEFINITIONAL_REPRESENTATION('',(#7687),#7691);
#7687 = LINE('',#7688,#7689);
#7688 = CARTESIAN_POINT('',(-11.5,1.2));
#7689 = VECTOR('',#7690,1.);
#7690 = DIRECTION('',(-0.,1.));
#7691 = ( GEOMETRIC_REPRESENTATION_CONTEXT(2) 
PARAMETRIC_REPRESENTATION_CONTEXT() REPRESENTATION_CONTEXT('2D SPACE',''
  ) );
#7692 = PCURVE('',#4179,#7693);
#7693 = DEFINITIONAL_REPRESENTATION('',(#7694),#7698);
#7694 = LINE('',#7695,#7696);
#7695 = CARTESIAN_POINT('',(1.2,1.2));
#7696 = VECTOR('',#7697,1.);
#7697 = DIRECTION('',(-1.,0.));
#7698 = ( GEOMETRIC_REPRESENTATION_CONTEXT(2) 
PARAMETRIC_REPRESENTATION_CONTEXT() REPRESENTATION_CONTEXT('2D SPACE',''
  ) );
#7699 = ORIENTED_EDGE('',*,*,#7700,.T.);
#7700 = EDGE_CURVE('',#7678,#4323,#7701,.T.);
#7701 = SURFACE_CURVE('',#7702,(#7706,#7713),.PCURVE_S1.);
#7702 = LINE('',#7703,#7704);
#7703 = CARTESIAN_POINT('',(120.59614813968,21.2,11.5));
#7704 = VECTOR('',#7705,1.);
#7705 = DIRECTION('',(-0.,-0.,1.));
#7706 = PCURVE('',#3586,#7707);
#7707 = DEFINITIONAL_REPRESENTATION('',(#7708),#7712);
#7708 = LINE('',#7709,#7710);
#7709 = CARTESIAN_POINT('',(-11.5,2.40385186032));
#7710 = VECTOR('',#7711,1.);
#7711 = DIRECTION('',(-1.,0.));
#7712 = ( GEOMETRIC_REPRESENTATION_CONTEXT(2) 
PARAMETRIC_REPRESENTATION_CONTEXT() REPRESENTATION_CONTEXT('2D SPACE',''
  ) );
#7713 = PCURVE('',#4207,#7714);
#7714 = DEFINITIONAL_REPRESENTATION('',(#7715),#7718);
#7715 = B_SPLINE_CURVE_WITH_KNOTS('',1,(#7716,#7717),.UNSPECIFIED.,.F.,
  .F.,(2,2),(-5.999999999062E-07,5.32450039984),
  .PIECEWISE_BEZIER_KNOTS.);
#7716 = CARTESIAN_POINT('',(6.206186166523,-5.999999999062E-07));
#7717 = CARTESIAN_POINT('',(6.206186166523,5.32450039984));
#7718 = ( GEOMETRIC_REPRESENTATION_CONTEXT(2) 
PARAMETRIC_REPRESENTATION_CONTEXT() REPRESENTATION_CONTEXT('2D SPACE',''
  ) );
#7719 = ORIENTED_EDGE('',*,*,#4322,.T.);
#7720 = ORIENTED_EDGE('',*,*,#7721,.T.);
#7721 = EDGE_CURVE('',#4290,#7722,#7724,.T.);
#7722 = VERTEX_POINT('',#7723);
#7723 = CARTESIAN_POINT('',(123.,21.2,17.5));
#7724 = SURFACE_CURVE('',#7725,(#7729,#7736),.PCURVE_S1.);
#7725 = LINE('',#7726,#7727);
#7726 = CARTESIAN_POINT('',(123.,21.2,0.));
#7727 = VECTOR('',#7728,1.);
#7728 = DIRECTION('',(-0.,-0.,1.));
#7729 = PCURVE('',#3586,#7730);
#7730 = DEFINITIONAL_REPRESENTATION('',(#7731),#7735);
#7731 = LINE('',#7732,#7733);
#7732 = CARTESIAN_POINT('',(0.,-0.));
#7733 = VECTOR('',#7734,1.);
#7734 = DIRECTION('',(-1.,0.));
#7735 = ( GEOMETRIC_REPRESENTATION_CONTEXT(2) 
PARAMETRIC_REPRESENTATION_CONTEXT() REPRESENTATION_CONTEXT('2D SPACE',''
  ) );
#7736 = PCURVE('',#4306,#7737);
#7737 = DEFINITIONAL_REPRESENTATION('',(#7738),#7742);
#7738 = LINE('',#7739,#7740);
#7739 = CARTESIAN_POINT('',(0.,0.));
#7740 = VECTOR('',#7741,1.);
#7741 = DIRECTION('',(-1.,0.));
#7742 = ( GEOMETRIC_REPRESENTATION_CONTEXT(2) 
PARAMETRIC_REPRESENTATION_CONTEXT() REPRESENTATION_CONTEXT('2D SPACE',''
  ) );
#7743 = ORIENTED_EDGE('',*,*,#7744,.T.);
#7744 = EDGE_CURVE('',#7722,#7745,#7747,.T.);
#7745 = VERTEX_POINT('',#7746);
#7746 = CARTESIAN_POINT('',(119.1,21.2,17.5));
#7747 = SURFACE_CURVE('',#7748,(#7752,#7759),.PCURVE_S1.);
#7748 = LINE('',#7749,#7750);
#7749 = CARTESIAN_POINT('',(123.,21.2,17.5));
#7750 = VECTOR('',#7751,1.);
#7751 = DIRECTION('',(-1.,-0.,-0.));
#7752 = PCURVE('',#3586,#7753);
#7753 = DEFINITIONAL_REPRESENTATION('',(#7754),#7758);
#7754 = LINE('',#7755,#7756);
#7755 = CARTESIAN_POINT('',(-17.5,-0.));
#7756 = VECTOR('',#7757,1.);
#7757 = DIRECTION('',(-0.,1.));
#7758 = ( GEOMETRIC_REPRESENTATION_CONTEXT(2) 
PARAMETRIC_REPRESENTATION_CONTEXT() REPRESENTATION_CONTEXT('2D SPACE',''
  ) );
#7759 = PCURVE('',#7760,#7765);
#7760 = PLANE('',#7761);
#7761 = AXIS2_PLACEMENT_3D('',#7762,#7763,#7764);
#7762 = CARTESIAN_POINT('',(123.,21.2,17.5));
#7763 = DIRECTION('',(-0.,-0.,1.));
#7764 = DIRECTION('',(1.,0.,0.));
#7765 = DEFINITIONAL_REPRESENTATION('',(#7766),#7770);
#7766 = LINE('',#7767,#7768);
#7767 = CARTESIAN_POINT('',(0.,0.));
#7768 = VECTOR('',#7769,1.);
#7769 = DIRECTION('',(-1.,0.));
#7770 = ( GEOMETRIC_REPRESENTATION_CONTEXT(2) 
PARAMETRIC_REPRESENTATION_CONTEXT() REPRESENTATION_CONTEXT('2D SPACE',''
  ) );
#7771 = ORIENTED_EDGE('',*,*,#7772,.T.);
#7772 = EDGE_CURVE('',#7745,#7512,#7773,.T.);
#7773 = SURFACE_CURVE('',#7774,(#7779,#7790),.PCURVE_S1.);
#7774 = CIRCLE('',#7775,4.1);
#7775 = AXIS2_PLACEMENT_3D('',#7776,#7777,#7778);
#7776 = CARTESIAN_POINT('',(115.,21.2,17.5));
#7777 = DIRECTION('',(0.,-1.,0.));
#7778 = DIRECTION('',(1.,0.,-3.119455913093E-14));
#7779 = PCURVE('',#3586,#7780);
#7780 = DEFINITIONAL_REPRESENTATION('',(#7781),#7789);
#7781 = ( BOUNDED_CURVE() B_SPLINE_CURVE(2,(#7782,#7783,#7784,#7785,
#7786,#7787,#7788),.UNSPECIFIED.,.T.,.F.) B_SPLINE_CURVE_WITH_KNOTS((1,2
    ,2,2,2,1),(-2.094395102393,0.,2.094395102393,4.188790204786,
6.28318530718,8.377580409573),.UNSPECIFIED.) CURVE() 
GEOMETRIC_REPRESENTATION_ITEM() RATIONAL_B_SPLINE_CURVE((1.,0.5,1.,0.5,
1.,0.5,1.)) REPRESENTATION_ITEM('') );
#7782 = CARTESIAN_POINT('',(-17.5,3.9));
#7783 = CARTESIAN_POINT('',(-24.60140831103,3.9));
#7784 = CARTESIAN_POINT('',(-21.05070415551,10.05));
#7785 = CARTESIAN_POINT('',(-17.5,16.2));
#7786 = CARTESIAN_POINT('',(-13.94929584448,10.05));
#7787 = CARTESIAN_POINT('',(-10.39859168896,3.9));
#7788 = CARTESIAN_POINT('',(-17.5,3.9));
#7789 = ( GEOMETRIC_REPRESENTATION_CONTEXT(2) 
PARAMETRIC_REPRESENTATION_CONTEXT() REPRESENTATION_CONTEXT('2D SPACE',''
  ) );
#7790 = PCURVE('',#7791,#7796);
#7791 = TOROIDAL_SURFACE('',#7792,4.1,0.4);
#7792 = AXIS2_PLACEMENT_3D('',#7793,#7794,#7795);
#7793 = CARTESIAN_POINT('',(115.,21.6,17.5));
#7794 = DIRECTION('',(-0.,-1.,-0.));
#7795 = DIRECTION('',(0.,-0.,1.));
#7796 = DEFINITIONAL_REPRESENTATION('',(#7797),#7801);
#7797 = LINE('',#7798,#7799);
#7798 = CARTESIAN_POINT('',(-1.570796326795,1.570796326795));
#7799 = VECTOR('',#7800,1.);
#7800 = DIRECTION('',(1.,-0.));
#7801 = ( GEOMETRIC_REPRESENTATION_CONTEXT(2) 
PARAMETRIC_REPRESENTATION_CONTEXT() REPRESENTATION_CONTEXT('2D SPACE',''
  ) );
#7802 = ADVANCED_FACE('',(#7803),#3558,.T.);
#7803 = FACE_BOUND('',#7804,.F.);
#7804 = EDGE_LOOP('',(#7805,#7806,#7807,#7830,#7858,#7885));
#7805 = ORIENTED_EDGE('',*,*,#7511,.F.);
#7806 = ORIENTED_EDGE('',*,*,#3542,.T.);
#7807 = ORIENTED_EDGE('',*,*,#7808,.T.);
#7808 = EDGE_CURVE('',#3515,#7809,#7811,.T.);
#7809 = VERTEX_POINT('',#7810);
#7810 = CARTESIAN_POINT('',(115.,25.5,13.4));
#7811 = SURFACE_CURVE('',#7812,(#7816,#7823),.PCURVE_S1.);
#7812 = LINE('',#7813,#7814);
#7813 = CARTESIAN_POINT('',(115.,25.5,0.));
#7814 = VECTOR('',#7815,1.);
#7815 = DIRECTION('',(-0.,-0.,1.));
#7816 = PCURVE('',#3558,#7817);
#7817 = DEFINITIONAL_REPRESENTATION('',(#7818),#7822);
#7818 = LINE('',#7819,#7820);
#7819 = CARTESIAN_POINT('',(0.,-4.3));
#7820 = VECTOR('',#7821,1.);
#7821 = DIRECTION('',(-1.,0.));
#7822 = ( GEOMETRIC_REPRESENTATION_CONTEXT(2) 
PARAMETRIC_REPRESENTATION_CONTEXT() REPRESENTATION_CONTEXT('2D SPACE',''
  ) );
#7823 = PCURVE('',#3530,#7824);
#7824 = DEFINITIONAL_REPRESENTATION('',(#7825),#7829);
#7825 = LINE('',#7826,#7827);
#7826 = CARTESIAN_POINT('',(0.,8.));
#7827 = VECTOR('',#7828,1.);
#7828 = DIRECTION('',(-1.,0.));
#7829 = ( GEOMETRIC_REPRESENTATION_CONTEXT(2) 
PARAMETRIC_REPRESENTATION_CONTEXT() REPRESENTATION_CONTEXT('2D SPACE',''
  ) );
#7830 = ORIENTED_EDGE('',*,*,#7831,.T.);
#7831 = EDGE_CURVE('',#7809,#7832,#7834,.T.);
#7832 = VERTEX_POINT('',#7833);
#7833 = CARTESIAN_POINT('',(115.,25.1,13.));
#7834 = SURFACE_CURVE('',#7835,(#7840,#7847),.PCURVE_S1.);
#7835 = CIRCLE('',#7836,0.4);
#7836 = AXIS2_PLACEMENT_3D('',#7837,#7838,#7839);
#7837 = CARTESIAN_POINT('',(115.,25.1,13.4));
#7838 = DIRECTION('',(-1.,-0.,-0.));
#7839 = DIRECTION('',(0.,0.,-1.));
#7840 = PCURVE('',#3558,#7841);
#7841 = DEFINITIONAL_REPRESENTATION('',(#7842),#7846);
#7842 = CIRCLE('',#7843,0.4);
#7843 = AXIS2_PLACEMENT_2D('',#7844,#7845);
#7844 = CARTESIAN_POINT('',(-13.4,-3.9));
#7845 = DIRECTION('',(1.,0.));
#7846 = ( GEOMETRIC_REPRESENTATION_CONTEXT(2) 
PARAMETRIC_REPRESENTATION_CONTEXT() REPRESENTATION_CONTEXT('2D SPACE',''
  ) );
#7847 = PCURVE('',#7848,#7853);
#7848 = TOROIDAL_SURFACE('',#7849,4.1,0.4);
#7849 = AXIS2_PLACEMENT_3D('',#7850,#7851,#7852);
#7850 = CARTESIAN_POINT('',(115.,25.1,17.5));
#7851 = DIRECTION('',(0.,1.,0.));
#7852 = DIRECTION('',(0.,-0.,1.));
#7853 = DEFINITIONAL_REPRESENTATION('',(#7854),#7857);
#7854 = B_SPLINE_CURVE_WITH_KNOTS('',1,(#7855,#7856),.UNSPECIFIED.,.F.,
  .F.,(2,2),(4.712388980385,6.28318530718),.PIECEWISE_BEZIER_KNOTS.);
#7855 = CARTESIAN_POINT('',(3.14159265359,1.570796326795));
#7856 = CARTESIAN_POINT('',(3.14159265359,0.));
#7857 = ( GEOMETRIC_REPRESENTATION_CONTEXT(2) 
PARAMETRIC_REPRESENTATION_CONTEXT() REPRESENTATION_CONTEXT('2D SPACE',''
  ) );
#7858 = ORIENTED_EDGE('',*,*,#7859,.F.);
#7859 = EDGE_CURVE('',#7860,#7832,#7862,.T.);
#7860 = VERTEX_POINT('',#7861);
#7861 = CARTESIAN_POINT('',(115.,21.6,13.));
#7862 = SURFACE_CURVE('',#7863,(#7867,#7874),.PCURVE_S1.);
#7863 = LINE('',#7864,#7865);
#7864 = CARTESIAN_POINT('',(115.,21.2,13.));
#7865 = VECTOR('',#7866,1.);
#7866 = DIRECTION('',(0.,1.,0.));
#7867 = PCURVE('',#3558,#7868);
#7868 = DEFINITIONAL_REPRESENTATION('',(#7869),#7873);
#7869 = LINE('',#7870,#7871);
#7870 = CARTESIAN_POINT('',(-13.,0.));
#7871 = VECTOR('',#7872,1.);
#7872 = DIRECTION('',(0.,-1.));
#7873 = ( GEOMETRIC_REPRESENTATION_CONTEXT(2) 
PARAMETRIC_REPRESENTATION_CONTEXT() REPRESENTATION_CONTEXT('2D SPACE',''
  ) );
#7874 = PCURVE('',#7875,#7880);
#7875 = CYLINDRICAL_SURFACE('',#7876,4.5);
#7876 = AXIS2_PLACEMENT_3D('',#7877,#7878,#7879);
#7877 = CARTESIAN_POINT('',(115.,21.2,17.5));
#7878 = DIRECTION('',(0.,1.,0.));
#7879 = DIRECTION('',(0.,-0.,1.));
#7880 = DEFINITIONAL_REPRESENTATION('',(#7881),#7884);
#7881 = B_SPLINE_CURVE_WITH_KNOTS('',1,(#7882,#7883),.UNSPECIFIED.,.F.,
  .F.,(2,2),(0.4,3.9),.PIECEWISE_BEZIER_KNOTS.);
#7882 = CARTESIAN_POINT('',(3.14159265359,0.4));
#7883 = CARTESIAN_POINT('',(3.14159265359,3.9));
#7884 = ( GEOMETRIC_REPRESENTATION_CONTEXT(2) 
PARAMETRIC_REPRESENTATION_CONTEXT() REPRESENTATION_CONTEXT('2D SPACE',''
  ) );
#7885 = ORIENTED_EDGE('',*,*,#7886,.T.);
#7886 = EDGE_CURVE('',#7860,#7512,#7887,.T.);
#7887 = SURFACE_CURVE('',#7888,(#7893,#7900),.PCURVE_S1.);
#7888 = CIRCLE('',#7889,0.4);
#7889 = AXIS2_PLACEMENT_3D('',#7890,#7891,#7892);
#7890 = CARTESIAN_POINT('',(115.,21.6,13.4));
#7891 = DIRECTION('',(-1.,-0.,-0.));
#7892 = DIRECTION('',(0.,0.,-1.));
#7893 = PCURVE('',#3558,#7894);
#7894 = DEFINITIONAL_REPRESENTATION('',(#7895),#7899);
#7895 = CIRCLE('',#7896,0.4);
#7896 = AXIS2_PLACEMENT_2D('',#7897,#7898);
#7897 = CARTESIAN_POINT('',(-13.4,-0.4));
#7898 = DIRECTION('',(1.,0.));
#7899 = ( GEOMETRIC_REPRESENTATION_CONTEXT(2) 
PARAMETRIC_REPRESENTATION_CONTEXT() REPRESENTATION_CONTEXT('2D SPACE',''
  ) );
#7900 = PCURVE('',#7791,#7901);
#7901 = DEFINITIONAL_REPRESENTATION('',(#7902),#7905);
#7902 = B_SPLINE_CURVE_WITH_KNOTS('',1,(#7903,#7904),.UNSPECIFIED.,.F.,
  .F.,(2,2),(0.,1.570796326795),.PIECEWISE_BEZIER_KNOTS.);
#7903 = CARTESIAN_POINT('',(3.14159265359,0.));
#7904 = CARTESIAN_POINT('',(3.14159265359,1.570796326795));
#7905 = ( GEOMETRIC_REPRESENTATION_CONTEXT(2) 
PARAMETRIC_REPRESENTATION_CONTEXT() REPRESENTATION_CONTEXT('2D SPACE',''
  ) );
#7906 = ADVANCED_FACE('',(#7907,#8053),#3530,.T.);
#7907 = FACE_BOUND('',#7908,.F.);
#7908 = EDGE_LOOP('',(#7909,#7910,#7938,#7961,#7984,#8007,#8030,#8052));
#7909 = ORIENTED_EDGE('',*,*,#3514,.F.);
#7910 = ORIENTED_EDGE('',*,*,#7911,.F.);
#7911 = EDGE_CURVE('',#7912,#3487,#7914,.T.);
#7912 = VERTEX_POINT('',#7913);
#7913 = CARTESIAN_POINT('',(115.2,25.5,0.8));
#7914 = SURFACE_CURVE('',#7915,(#7920,#7931),.PCURVE_S1.);
#7915 = CIRCLE('',#7916,0.8);
#7916 = AXIS2_PLACEMENT_3D('',#7917,#7918,#7919);
#7917 = CARTESIAN_POINT('',(116.,25.5,0.8));
#7918 = DIRECTION('',(-0.,-1.,-0.));
#7919 = DIRECTION('',(-1.,0.,0.));
#7920 = PCURVE('',#3530,#7921);
#7921 = DEFINITIONAL_REPRESENTATION('',(#7922),#7930);
#7922 = ( BOUNDED_CURVE() B_SPLINE_CURVE(2,(#7923,#7924,#7925,#7926,
#7927,#7928,#7929),.UNSPECIFIED.,.T.,.F.) B_SPLINE_CURVE_WITH_KNOTS((1,2
    ,2,2,2,1),(-2.094395102393,0.,2.094395102393,4.188790204786,
6.28318530718,8.377580409573),.UNSPECIFIED.) CURVE() 
GEOMETRIC_REPRESENTATION_ITEM() RATIONAL_B_SPLINE_CURVE((1.,0.5,1.,0.5,
1.,0.5,1.)) REPRESENTATION_ITEM('') );
#7923 = CARTESIAN_POINT('',(-0.8,7.8));
#7924 = CARTESIAN_POINT('',(0.585640646055,7.8));
#7925 = CARTESIAN_POINT('',(-0.107179676972,6.6));
#7926 = CARTESIAN_POINT('',(-0.8,5.4));
#7927 = CARTESIAN_POINT('',(-1.492820323028,6.6));
#7928 = CARTESIAN_POINT('',(-2.185640646055,7.8));
#7929 = CARTESIAN_POINT('',(-0.8,7.8));
#7930 = ( GEOMETRIC_REPRESENTATION_CONTEXT(2) 
PARAMETRIC_REPRESENTATION_CONTEXT() REPRESENTATION_CONTEXT('2D SPACE',''
  ) );
#7931 = PCURVE('',#3502,#7932);
#7932 = DEFINITIONAL_REPRESENTATION('',(#7933),#7937);
#7933 = LINE('',#7934,#7935);
#7934 = CARTESIAN_POINT('',(0.,192.5));
#7935 = VECTOR('',#7936,1.);
#7936 = DIRECTION('',(1.,0.));
#7937 = ( GEOMETRIC_REPRESENTATION_CONTEXT(2) 
PARAMETRIC_REPRESENTATION_CONTEXT() REPRESENTATION_CONTEXT('2D SPACE',''
  ) );
#7938 = ORIENTED_EDGE('',*,*,#7939,.F.);
#7939 = EDGE_CURVE('',#7940,#7912,#7942,.T.);
#7940 = VERTEX_POINT('',#7941);
#7941 = CARTESIAN_POINT('',(115.2,25.5,11.5));
#7942 = SURFACE_CURVE('',#7943,(#7947,#7954),.PCURVE_S1.);
#7943 = LINE('',#7944,#7945);
#7944 = CARTESIAN_POINT('',(115.2,25.5,0.));
#7945 = VECTOR('',#7946,1.);
#7946 = DIRECTION('',(0.,0.,-1.));
#7947 = PCURVE('',#3530,#7948);
#7948 = DEFINITIONAL_REPRESENTATION('',(#7949),#7953);
#7949 = LINE('',#7950,#7951);
#7950 = CARTESIAN_POINT('',(0.,7.8));
#7951 = VECTOR('',#7952,1.);
#7952 = DIRECTION('',(1.,0.));
#7953 = ( GEOMETRIC_REPRESENTATION_CONTEXT(2) 
PARAMETRIC_REPRESENTATION_CONTEXT() REPRESENTATION_CONTEXT('2D SPACE',''
  ) );
#7954 = PCURVE('',#7137,#7955);
#7955 = DEFINITIONAL_REPRESENTATION('',(#7956),#7960);
#7956 = LINE('',#7957,#7958);
#7957 = CARTESIAN_POINT('',(0.,-4.5));
#7958 = VECTOR('',#7959,1.);
#7959 = DIRECTION('',(1.,0.));
#7960 = ( GEOMETRIC_REPRESENTATION_CONTEXT(2) 
PARAMETRIC_REPRESENTATION_CONTEXT() REPRESENTATION_CONTEXT('2D SPACE',''
  ) );
#7961 = ORIENTED_EDGE('',*,*,#7962,.T.);
#7962 = EDGE_CURVE('',#7940,#7963,#7965,.T.);
#7963 = VERTEX_POINT('',#7964);
#7964 = CARTESIAN_POINT('',(123.,25.5,11.5));
#7965 = SURFACE_CURVE('',#7966,(#7970,#7977),.PCURVE_S1.);
#7966 = LINE('',#7967,#7968);
#7967 = CARTESIAN_POINT('',(115.2,25.5,11.5));
#7968 = VECTOR('',#7969,1.);
#7969 = DIRECTION('',(1.,0.,0.));
#7970 = PCURVE('',#3530,#7971);
#7971 = DEFINITIONAL_REPRESENTATION('',(#7972),#7976);
#7972 = LINE('',#7973,#7974);
#7973 = CARTESIAN_POINT('',(-11.5,7.8));
#7974 = VECTOR('',#7975,1.);
#7975 = DIRECTION('',(0.,-1.));
#7976 = ( GEOMETRIC_REPRESENTATION_CONTEXT(2) 
PARAMETRIC_REPRESENTATION_CONTEXT() REPRESENTATION_CONTEXT('2D SPACE',''
  ) );
#7977 = PCURVE('',#4536,#7978);
#7978 = DEFINITIONAL_REPRESENTATION('',(#7979),#7983);
#7979 = LINE('',#7980,#7981);
#7980 = CARTESIAN_POINT('',(-98.8,5.5));
#7981 = VECTOR('',#7982,1.);
#7982 = DIRECTION('',(1.,0.));
#7983 = ( GEOMETRIC_REPRESENTATION_CONTEXT(2) 
PARAMETRIC_REPRESENTATION_CONTEXT() REPRESENTATION_CONTEXT('2D SPACE',''
  ) );
#7984 = ORIENTED_EDGE('',*,*,#7985,.T.);
#7985 = EDGE_CURVE('',#7963,#7986,#7988,.T.);
#7986 = VERTEX_POINT('',#7987);
#7987 = CARTESIAN_POINT('',(123.,25.5,17.5));
#7988 = SURFACE_CURVE('',#7989,(#7993,#8000),.PCURVE_S1.);
#7989 = LINE('',#7990,#7991);
#7990 = CARTESIAN_POINT('',(123.,25.5,0.));
#7991 = VECTOR('',#7992,1.);
#7992 = DIRECTION('',(-0.,-0.,1.));
#7993 = PCURVE('',#3530,#7994);
#7994 = DEFINITIONAL_REPRESENTATION('',(#7995),#7999);
#7995 = LINE('',#7996,#7997);
#7996 = CARTESIAN_POINT('',(0.,-0.));
#7997 = VECTOR('',#7998,1.);
#7998 = DIRECTION('',(-1.,0.));
#7999 = ( GEOMETRIC_REPRESENTATION_CONTEXT(2) 
PARAMETRIC_REPRESENTATION_CONTEXT() REPRESENTATION_CONTEXT('2D SPACE',''
  ) );
#8000 = PCURVE('',#4306,#8001);
#8001 = DEFINITIONAL_REPRESENTATION('',(#8002),#8006);
#8002 = LINE('',#8003,#8004);
#8003 = CARTESIAN_POINT('',(0.,-4.3));
#8004 = VECTOR('',#8005,1.);
#8005 = DIRECTION('',(-1.,0.));
#8006 = ( GEOMETRIC_REPRESENTATION_CONTEXT(2) 
PARAMETRIC_REPRESENTATION_CONTEXT() REPRESENTATION_CONTEXT('2D SPACE',''
  ) );
#8007 = ORIENTED_EDGE('',*,*,#8008,.T.);
#8008 = EDGE_CURVE('',#7986,#8009,#8011,.T.);
#8009 = VERTEX_POINT('',#8010);
#8010 = CARTESIAN_POINT('',(119.1,25.5,17.5));
#8011 = SURFACE_CURVE('',#8012,(#8016,#8023),.PCURVE_S1.);
#8012 = LINE('',#8013,#8014);
#8013 = CARTESIAN_POINT('',(123.,25.5,17.5));
#8014 = VECTOR('',#8015,1.);
#8015 = DIRECTION('',(-1.,-0.,-0.));
#8016 = PCURVE('',#3530,#8017);
#8017 = DEFINITIONAL_REPRESENTATION('',(#8018),#8022);
#8018 = LINE('',#8019,#8020);
#8019 = CARTESIAN_POINT('',(-17.5,-0.));
#8020 = VECTOR('',#8021,1.);
#8021 = DIRECTION('',(-0.,1.));
#8022 = ( GEOMETRIC_REPRESENTATION_CONTEXT(2) 
PARAMETRIC_REPRESENTATION_CONTEXT() REPRESENTATION_CONTEXT('2D SPACE',''
  ) );
#8023 = PCURVE('',#7760,#8024);
#8024 = DEFINITIONAL_REPRESENTATION('',(#8025),#8029);
#8025 = LINE('',#8026,#8027);
#8026 = CARTESIAN_POINT('',(0.,4.3));
#8027 = VECTOR('',#8028,1.);
#8028 = DIRECTION('',(-1.,0.));
#8029 = ( GEOMETRIC_REPRESENTATION_CONTEXT(2) 
PARAMETRIC_REPRESENTATION_CONTEXT() REPRESENTATION_CONTEXT('2D SPACE',''
  ) );
#8030 = ORIENTED_EDGE('',*,*,#8031,.F.);
#8031 = EDGE_CURVE('',#7809,#8009,#8032,.T.);
#8032 = SURFACE_CURVE('',#8033,(#8038,#8045),.PCURVE_S1.);
#8033 = CIRCLE('',#8034,4.1);
#8034 = AXIS2_PLACEMENT_3D('',#8035,#8036,#8037);
#8035 = CARTESIAN_POINT('',(115.,25.5,17.5));
#8036 = DIRECTION('',(0.,1.,0.));
#8037 = DIRECTION('',(2.079637275395E-14,0.,-1.));
#8038 = PCURVE('',#3530,#8039);
#8039 = DEFINITIONAL_REPRESENTATION('',(#8040),#8044);
#8040 = CIRCLE('',#8041,4.1);
#8041 = AXIS2_PLACEMENT_2D('',#8042,#8043);
#8042 = CARTESIAN_POINT('',(-17.5,8.));
#8043 = DIRECTION('',(1.,-2.079637275395E-14));
#8044 = ( GEOMETRIC_REPRESENTATION_CONTEXT(2) 
PARAMETRIC_REPRESENTATION_CONTEXT() REPRESENTATION_CONTEXT('2D SPACE',''
  ) );
#8045 = PCURVE('',#7848,#8046);
#8046 = DEFINITIONAL_REPRESENTATION('',(#8047),#8051);
#8047 = LINE('',#8048,#8049);
#8048 = CARTESIAN_POINT('',(3.14159265359,1.570796326795));
#8049 = VECTOR('',#8050,1.);
#8050 = DIRECTION('',(1.,0.));
#8051 = ( GEOMETRIC_REPRESENTATION_CONTEXT(2) 
PARAMETRIC_REPRESENTATION_CONTEXT() REPRESENTATION_CONTEXT('2D SPACE',''
  ) );
#8052 = ORIENTED_EDGE('',*,*,#7808,.F.);
#8053 = FACE_BOUND('',#8054,.F.);
#8054 = EDGE_LOOP('',(#8055));
#8055 = ORIENTED_EDGE('',*,*,#8056,.T.);
#8056 = EDGE_CURVE('',#8057,#8057,#8059,.T.);
#8057 = VERTEX_POINT('',#8058);
#8058 = CARTESIAN_POINT('',(115.,25.5,19.5));
#8059 = SURFACE_CURVE('',#8060,(#8065,#8072),.PCURVE_S1.);
#8060 = CIRCLE('',#8061,2.);
#8061 = AXIS2_PLACEMENT_3D('',#8062,#8063,#8064);
#8062 = CARTESIAN_POINT('',(115.,25.5,17.5));
#8063 = DIRECTION('',(0.,1.,0.));
#8064 = DIRECTION('',(0.,-0.,1.));
#8065 = PCURVE('',#3530,#8066);
#8066 = DEFINITIONAL_REPRESENTATION('',(#8067),#8071);
#8067 = CIRCLE('',#8068,2.);
#8068 = AXIS2_PLACEMENT_2D('',#8069,#8070);
#8069 = CARTESIAN_POINT('',(-17.5,8.));
#8070 = DIRECTION('',(-1.,0.));
#8071 = ( GEOMETRIC_REPRESENTATION_CONTEXT(2) 
PARAMETRIC_REPRESENTATION_CONTEXT() REPRESENTATION_CONTEXT('2D SPACE',''
  ) );
#8072 = PCURVE('',#8073,#8078);
#8073 = CYLINDRICAL_SURFACE('',#8074,2.);
#8074 = AXIS2_PLACEMENT_3D('',#8075,#8076,#8077);
#8075 = CARTESIAN_POINT('',(115.,25.5,17.5));
#8076 = DIRECTION('',(0.,1.,0.));
#8077 = DIRECTION('',(0.,-0.,1.));
#8078 = DEFINITIONAL_REPRESENTATION('',(#8079),#8083);
#8079 = LINE('',#8080,#8081);
#8080 = CARTESIAN_POINT('',(0.,0.));
#8081 = VECTOR('',#8082,1.);
#8082 = DIRECTION('',(1.,0.));
#8083 = ( GEOMETRIC_REPRESENTATION_CONTEXT(2) 
PARAMETRIC_REPRESENTATION_CONTEXT() REPRESENTATION_CONTEXT('2D SPACE',''
  ) );
#8084 = ADVANCED_FACE('',(#8085),#3502,.T.);
#8085 = FACE_BOUND('',#8086,.T.);
#8086 = EDGE_LOOP('',(#8087,#8108,#8109,#8110));
#8087 = ORIENTED_EDGE('',*,*,#8088,.F.);
#8088 = EDGE_CURVE('',#7094,#7912,#8089,.T.);
#8089 = SURFACE_CURVE('',#8090,(#8094,#8101),.PCURVE_S1.);
#8090 = LINE('',#8091,#8092);
#8091 = CARTESIAN_POINT('',(115.2,218.,0.8));
#8092 = VECTOR('',#8093,1.);
#8093 = DIRECTION('',(-0.,-1.,-0.));
#8094 = PCURVE('',#3502,#8095);
#8095 = DEFINITIONAL_REPRESENTATION('',(#8096),#8100);
#8096 = LINE('',#8097,#8098);
#8097 = CARTESIAN_POINT('',(0.,0.));
#8098 = VECTOR('',#8099,1.);
#8099 = DIRECTION('',(0.,1.));
#8100 = ( GEOMETRIC_REPRESENTATION_CONTEXT(2) 
PARAMETRIC_REPRESENTATION_CONTEXT() REPRESENTATION_CONTEXT('2D SPACE',''
  ) );
#8101 = PCURVE('',#7137,#8102);
#8102 = DEFINITIONAL_REPRESENTATION('',(#8103),#8107);
#8103 = LINE('',#8104,#8105);
#8104 = CARTESIAN_POINT('',(-0.8,-197.));
#8105 = VECTOR('',#8106,1.);
#8106 = DIRECTION('',(0.,1.));
#8107 = ( GEOMETRIC_REPRESENTATION_CONTEXT(2) 
PARAMETRIC_REPRESENTATION_CONTEXT() REPRESENTATION_CONTEXT('2D SPACE',''
  ) );
#8108 = ORIENTED_EDGE('',*,*,#7093,.T.);
#8109 = ORIENTED_EDGE('',*,*,#3486,.T.);
#8110 = ORIENTED_EDGE('',*,*,#7911,.F.);
#8111 = ADVANCED_FACE('',(#8112),#3336,.T.);
#8112 = FACE_BOUND('',#8113,.F.);
#8113 = EDGE_LOOP('',(#8114,#8115,#8116,#8139,#8167,#8194));
#8114 = ORIENTED_EDGE('',*,*,#3858,.F.);
#8115 = ORIENTED_EDGE('',*,*,#3320,.T.);
#8116 = ORIENTED_EDGE('',*,*,#8117,.T.);
#8117 = EDGE_CURVE('',#3293,#8118,#8120,.T.);
#8118 = VERTEX_POINT('',#8119);
#8119 = CARTESIAN_POINT('',(115.,220.8,13.4));
#8120 = SURFACE_CURVE('',#8121,(#8125,#8132),.PCURVE_S1.);
#8121 = LINE('',#8122,#8123);
#8122 = CARTESIAN_POINT('',(115.,220.8,0.));
#8123 = VECTOR('',#8124,1.);
#8124 = DIRECTION('',(-0.,-0.,1.));
#8125 = PCURVE('',#3336,#8126);
#8126 = DEFINITIONAL_REPRESENTATION('',(#8127),#8131);
#8127 = LINE('',#8128,#8129);
#8128 = CARTESIAN_POINT('',(0.,-4.3));
#8129 = VECTOR('',#8130,1.);
#8130 = DIRECTION('',(-1.,0.));
#8131 = ( GEOMETRIC_REPRESENTATION_CONTEXT(2) 
PARAMETRIC_REPRESENTATION_CONTEXT() REPRESENTATION_CONTEXT('2D SPACE',''
  ) );
#8132 = PCURVE('',#3308,#8133);
#8133 = DEFINITIONAL_REPRESENTATION('',(#8134),#8138);
#8134 = LINE('',#8135,#8136);
#8135 = CARTESIAN_POINT('',(0.,8.));
#8136 = VECTOR('',#8137,1.);
#8137 = DIRECTION('',(-1.,0.));
#8138 = ( GEOMETRIC_REPRESENTATION_CONTEXT(2) 
PARAMETRIC_REPRESENTATION_CONTEXT() REPRESENTATION_CONTEXT('2D SPACE',''
  ) );
#8139 = ORIENTED_EDGE('',*,*,#8140,.T.);
#8140 = EDGE_CURVE('',#8118,#8141,#8143,.T.);
#8141 = VERTEX_POINT('',#8142);
#8142 = CARTESIAN_POINT('',(115.,220.4,13.));
#8143 = SURFACE_CURVE('',#8144,(#8149,#8156),.PCURVE_S1.);
#8144 = CIRCLE('',#8145,0.4);
#8145 = AXIS2_PLACEMENT_3D('',#8146,#8147,#8148);
#8146 = CARTESIAN_POINT('',(115.,220.4,13.4));
#8147 = DIRECTION('',(-1.,-0.,-0.));
#8148 = DIRECTION('',(0.,0.,-1.));
#8149 = PCURVE('',#3336,#8150);
#8150 = DEFINITIONAL_REPRESENTATION('',(#8151),#8155);
#8151 = CIRCLE('',#8152,0.4);
#8152 = AXIS2_PLACEMENT_2D('',#8153,#8154);
#8153 = CARTESIAN_POINT('',(-13.4,-3.9));
#8154 = DIRECTION('',(1.,0.));
#8155 = ( GEOMETRIC_REPRESENTATION_CONTEXT(2) 
PARAMETRIC_REPRESENTATION_CONTEXT() REPRESENTATION_CONTEXT('2D SPACE',''
  ) );
#8156 = PCURVE('',#8157,#8162);
#8157 = TOROIDAL_SURFACE('',#8158,4.1,0.4);
#8158 = AXIS2_PLACEMENT_3D('',#8159,#8160,#8161);
#8159 = CARTESIAN_POINT('',(115.,220.4,17.5));
#8160 = DIRECTION('',(0.,1.,0.));
#8161 = DIRECTION('',(0.,-0.,1.));
#8162 = DEFINITIONAL_REPRESENTATION('',(#8163),#8166);
#8163 = B_SPLINE_CURVE_WITH_KNOTS('',1,(#8164,#8165),.UNSPECIFIED.,.F.,
  .F.,(2,2),(4.712388980385,6.28318530718),.PIECEWISE_BEZIER_KNOTS.);
#8164 = CARTESIAN_POINT('',(3.14159265359,1.570796326795));
#8165 = CARTESIAN_POINT('',(3.14159265359,0.));
#8166 = ( GEOMETRIC_REPRESENTATION_CONTEXT(2) 
PARAMETRIC_REPRESENTATION_CONTEXT() REPRESENTATION_CONTEXT('2D SPACE',''
  ) );
#8167 = ORIENTED_EDGE('',*,*,#8168,.F.);
#8168 = EDGE_CURVE('',#8169,#8141,#8171,.T.);
#8169 = VERTEX_POINT('',#8170);
#8170 = CARTESIAN_POINT('',(115.,216.9,13.));
#8171 = SURFACE_CURVE('',#8172,(#8176,#8183),.PCURVE_S1.);
#8172 = LINE('',#8173,#8174);
#8173 = CARTESIAN_POINT('',(115.,216.5,13.));
#8174 = VECTOR('',#8175,1.);
#8175 = DIRECTION('',(0.,1.,0.));
#8176 = PCURVE('',#3336,#8177);
#8177 = DEFINITIONAL_REPRESENTATION('',(#8178),#8182);
#8178 = LINE('',#8179,#8180);
#8179 = CARTESIAN_POINT('',(-13.,0.));
#8180 = VECTOR('',#8181,1.);
#8181 = DIRECTION('',(0.,-1.));
#8182 = ( GEOMETRIC_REPRESENTATION_CONTEXT(2) 
PARAMETRIC_REPRESENTATION_CONTEXT() REPRESENTATION_CONTEXT('2D SPACE',''
  ) );
#8183 = PCURVE('',#8184,#8189);
#8184 = CYLINDRICAL_SURFACE('',#8185,4.5);
#8185 = AXIS2_PLACEMENT_3D('',#8186,#8187,#8188);
#8186 = CARTESIAN_POINT('',(115.,216.5,17.5));
#8187 = DIRECTION('',(0.,1.,0.));
#8188 = DIRECTION('',(0.,-0.,1.));
#8189 = DEFINITIONAL_REPRESENTATION('',(#8190),#8193);
#8190 = B_SPLINE_CURVE_WITH_KNOTS('',1,(#8191,#8192),.UNSPECIFIED.,.F.,
  .F.,(2,2),(0.4,3.9),.PIECEWISE_BEZIER_KNOTS.);
#8191 = CARTESIAN_POINT('',(3.14159265359,0.4));
#8192 = CARTESIAN_POINT('',(3.14159265359,3.9));
#8193 = ( GEOMETRIC_REPRESENTATION_CONTEXT(2) 
PARAMETRIC_REPRESENTATION_CONTEXT() REPRESENTATION_CONTEXT('2D SPACE',''
  ) );
#8194 = ORIENTED_EDGE('',*,*,#8195,.T.);
#8195 = EDGE_CURVE('',#8169,#3826,#8196,.T.);
#8196 = SURFACE_CURVE('',#8197,(#8202,#8209),.PCURVE_S1.);
#8197 = CIRCLE('',#8198,0.4);
#8198 = AXIS2_PLACEMENT_3D('',#8199,#8200,#8201);
#8199 = CARTESIAN_POINT('',(115.,216.9,13.4));
#8200 = DIRECTION('',(-1.,-0.,-0.));
#8201 = DIRECTION('',(0.,0.,-1.));
#8202 = PCURVE('',#3336,#8203);
#8203 = DEFINITIONAL_REPRESENTATION('',(#8204),#8208);
#8204 = CIRCLE('',#8205,0.4);
#8205 = AXIS2_PLACEMENT_2D('',#8206,#8207);
#8206 = CARTESIAN_POINT('',(-13.4,-0.4));
#8207 = DIRECTION('',(1.,0.));
#8208 = ( GEOMETRIC_REPRESENTATION_CONTEXT(2) 
PARAMETRIC_REPRESENTATION_CONTEXT() REPRESENTATION_CONTEXT('2D SPACE',''
  ) );
#8209 = PCURVE('',#3846,#8210);
#8210 = DEFINITIONAL_REPRESENTATION('',(#8211),#8214);
#8211 = B_SPLINE_CURVE_WITH_KNOTS('',1,(#8212,#8213),.UNSPECIFIED.,.F.,
  .F.,(2,2),(0.,1.570796326795),.PIECEWISE_BEZIER_KNOTS.);
#8212 = CARTESIAN_POINT('',(3.14159265359,0.));
#8213 = CARTESIAN_POINT('',(3.14159265359,1.570796326795));
#8214 = ( GEOMETRIC_REPRESENTATION_CONTEXT(2) 
PARAMETRIC_REPRESENTATION_CONTEXT() REPRESENTATION_CONTEXT('2D SPACE',''
  ) );
#8215 = ADVANCED_FACE('',(#8216),#3308,.T.);
#8216 = FACE_BOUND('',#8217,.F.);
#8217 = EDGE_LOOP('',(#8218,#8219,#8220,#8243,#8265,#8362,#8384,#8407,
    #8427,#8428,#8429,#8452));
#8218 = ORIENTED_EDGE('',*,*,#8117,.F.);
#8219 = ORIENTED_EDGE('',*,*,#3292,.F.);
#8220 = ORIENTED_EDGE('',*,*,#8221,.T.);
#8221 = EDGE_CURVE('',#3265,#8222,#8224,.T.);
#8222 = VERTEX_POINT('',#8223);
#8223 = CARTESIAN_POINT('',(122.8,220.8,0.270849737787));
#8224 = SURFACE_CURVE('',#8225,(#8229,#8236),.PCURVE_S1.);
#8225 = LINE('',#8226,#8227);
#8226 = CARTESIAN_POINT('',(122.8,220.8,0.));
#8227 = VECTOR('',#8228,1.);
#8228 = DIRECTION('',(-0.,0.,1.));
#8229 = PCURVE('',#3308,#8230);
#8230 = DEFINITIONAL_REPRESENTATION('',(#8231),#8235);
#8231 = LINE('',#8232,#8233);
#8232 = CARTESIAN_POINT('',(0.,0.2));
#8233 = VECTOR('',#8234,1.);
#8234 = DIRECTION('',(-1.,-0.));
#8235 = ( GEOMETRIC_REPRESENTATION_CONTEXT(2) 
PARAMETRIC_REPRESENTATION_CONTEXT() REPRESENTATION_CONTEXT('2D SPACE',''
  ) );
#8236 = PCURVE('',#3280,#8237);
#8237 = DEFINITIONAL_REPRESENTATION('',(#8238),#8242);
#8238 = LINE('',#8239,#8240);
#8239 = CARTESIAN_POINT('',(0.,-199.8));
#8240 = VECTOR('',#8241,1.);
#8241 = DIRECTION('',(-1.,0.));
#8242 = ( GEOMETRIC_REPRESENTATION_CONTEXT(2) 
PARAMETRIC_REPRESENTATION_CONTEXT() REPRESENTATION_CONTEXT('2D SPACE',''
  ) );
#8243 = ORIENTED_EDGE('',*,*,#8244,.T.);
#8244 = EDGE_CURVE('',#8222,#8245,#8247,.T.);
#8245 = VERTEX_POINT('',#8246);
#8246 = CARTESIAN_POINT('',(118.2,220.8,0.270849737787));
#8247 = SURFACE_CURVE('',#8248,(#8252,#8259),.PCURVE_S1.);
#8248 = LINE('',#8249,#8250);
#8249 = CARTESIAN_POINT('',(210.,220.8,0.270849737787));
#8250 = VECTOR('',#8251,1.);
#8251 = DIRECTION('',(-1.,-0.,-0.));
#8252 = PCURVE('',#3308,#8253);
#8253 = DEFINITIONAL_REPRESENTATION('',(#8254),#8258);
#8254 = LINE('',#8255,#8256);
#8255 = CARTESIAN_POINT('',(-0.270849737787,-87.));
#8256 = VECTOR('',#8257,1.);
#8257 = DIRECTION('',(-0.,1.));
#8258 = ( GEOMETRIC_REPRESENTATION_CONTEXT(2) 
PARAMETRIC_REPRESENTATION_CONTEXT() REPRESENTATION_CONTEXT('2D SPACE',''
  ) );
#8259 = PCURVE('',#6876,#8260);
#8260 = DEFINITIONAL_REPRESENTATION('',(#8261),#8264);
#8261 = B_SPLINE_CURVE_WITH_KNOTS('',1,(#8262,#8263),.UNSPECIFIED.,.F.,
  .F.,(2,2),(86.2,91.8000006),.PIECEWISE_BEZIER_KNOTS.);
#8262 = CARTESIAN_POINT('',(0.722734247813,86.2));
#8263 = CARTESIAN_POINT('',(0.722734247813,91.8000006));
#8264 = ( GEOMETRIC_REPRESENTATION_CONTEXT(2) 
PARAMETRIC_REPRESENTATION_CONTEXT() REPRESENTATION_CONTEXT('2D SPACE',''
  ) );
#8265 = ORIENTED_EDGE('',*,*,#8266,.F.);
#8266 = EDGE_CURVE('',#8267,#8245,#8269,.T.);
#8267 = VERTEX_POINT('',#8268);
#8268 = CARTESIAN_POINT('',(117.12296703857,220.8,0.8));
#8269 = SURFACE_CURVE('',#8270,(#8297,#8327),.PCURVE_S1.);
#8270 = B_SPLINE_CURVE_WITH_KNOTS('',7,(#8271,#8272,#8273,#8274,#8275,
    #8276,#8277,#8278,#8279,#8280,#8281,#8282,#8283,#8284,#8285,#8286,
    #8287,#8288,#8289,#8290,#8291,#8292,#8293,#8294,#8295,#8296),
  .UNSPECIFIED.,.F.,.F.,(8,6,6,6,8),(0.,0.228923279269,0.365478747743,
    0.531778483992,1.),.UNSPECIFIED.);
#8271 = CARTESIAN_POINT('',(117.12296703857,220.8,0.8));
#8272 = CARTESIAN_POINT('',(117.12296703857,220.8,0.767241885255));
#8273 = CARTESIAN_POINT('',(117.12732620995,220.8,0.734470017957));
#8274 = CARTESIAN_POINT('',(117.13605016707,220.8,0.702069689186));
#8275 = CARTESIAN_POINT('',(117.14899085667,220.8,0.670377289128));
#8276 = CARTESIAN_POINT('',(117.16590280841,220.8,0.63967506333));
#8277 = CARTESIAN_POINT('',(117.18647557658,220.8,0.610189574164));
#8278 = CARTESIAN_POINT('',(117.22457920177,220.8,0.565334443096));
#8279 = CARTESIAN_POINT('',(117.23999413169,220.8,0.549062606552));
#8280 = CARTESIAN_POINT('',(117.25651633885,220.8,0.53330956891));
#8281 = CARTESIAN_POINT('',(117.27407368344,220.8,0.518097888166));
#8282 = CARTESIAN_POINT('',(117.29259462482,220.8,0.503442633926));
#8283 = CARTESIAN_POINT('',(117.31201013692,220.8,0.489352552096));
#8284 = CARTESIAN_POINT('',(117.35691094557,220.8,0.459364716737));
#8285 = CARTESIAN_POINT('',(117.38279600837,220.8,0.443742484934));
#8286 = CARTESIAN_POINT('',(117.409795472,220.8,0.428969514494));
#8287 = CARTESIAN_POINT('',(117.4378008952,220.8,0.41504182986));
#8288 = CARTESIAN_POINT('',(117.46671218159,220.8,0.401948519161));
#8289 = CARTESIAN_POINT('',(117.49643902596,220.8,0.389673753799));
#8290 = CARTESIAN_POINT('',(117.61267272353,220.8,0.34589078027));
#8291 = CARTESIAN_POINT('',(117.70414806516,220.8,0.319972637151));
#8292 = CARTESIAN_POINT('',(117.7997273078,220.8,0.299919549653));
#8293 = CARTESIAN_POINT('',(117.8981028206,220.8,0.285282717334));
#8294 = CARTESIAN_POINT('',(117.99816764205,220.8,0.275666300423));
#8295 = CARTESIAN_POINT('',(118.09902691358,220.8,0.270849737787));
#8296 = CARTESIAN_POINT('',(118.2,220.8,0.270849737787));
#8297 = PCURVE('',#3308,#8298);
#8298 = DEFINITIONAL_REPRESENTATION('',(#8299),#8326);
#8299 = B_SPLINE_CURVE_WITH_KNOTS('',7,(#8300,#8301,#8302,#8303,#8304,
    #8305,#8306,#8307,#8308,#8309,#8310,#8311,#8312,#8313,#8314,#8315,
    #8316,#8317,#8318,#8319,#8320,#8321,#8322,#8323,#8324,#8325),
  .UNSPECIFIED.,.F.,.F.,(8,6,6,6,8),(0.,0.228923279269,0.365478747743,
    0.531778483992,1.),.UNSPECIFIED.);
#8300 = CARTESIAN_POINT('',(-0.8,5.87703296143));
#8301 = CARTESIAN_POINT('',(-0.767241885255,5.87703296143));
#8302 = CARTESIAN_POINT('',(-0.734470017957,5.87267379005));
#8303 = CARTESIAN_POINT('',(-0.702069689186,5.86394983293));
#8304 = CARTESIAN_POINT('',(-0.670377289128,5.85100914333));
#8305 = CARTESIAN_POINT('',(-0.63967506333,5.83409719159));
#8306 = CARTESIAN_POINT('',(-0.610189574164,5.81352442342));
#8307 = CARTESIAN_POINT('',(-0.565334443096,5.77542079823));
#8308 = CARTESIAN_POINT('',(-0.549062606552,5.76000586831));
#8309 = CARTESIAN_POINT('',(-0.53330956891,5.74348366115));
#8310 = CARTESIAN_POINT('',(-0.518097888166,5.72592631656));
#8311 = CARTESIAN_POINT('',(-0.503442633926,5.70740537518));
#8312 = CARTESIAN_POINT('',(-0.489352552096,5.68798986308));
#8313 = CARTESIAN_POINT('',(-0.459364716737,5.64308905443));
#8314 = CARTESIAN_POINT('',(-0.443742484934,5.61720399163));
#8315 = CARTESIAN_POINT('',(-0.428969514494,5.590204528));
#8316 = CARTESIAN_POINT('',(-0.41504182986,5.5621991048));
#8317 = CARTESIAN_POINT('',(-0.401948519161,5.53328781841));
#8318 = CARTESIAN_POINT('',(-0.389673753799,5.50356097404));
#8319 = CARTESIAN_POINT('',(-0.34589078027,5.38732727647));
#8320 = CARTESIAN_POINT('',(-0.319972637151,5.29585193484));
#8321 = CARTESIAN_POINT('',(-0.299919549653,5.2002726922));
#8322 = CARTESIAN_POINT('',(-0.285282717334,5.1018971794));
#8323 = CARTESIAN_POINT('',(-0.275666300423,5.00183235795));
#8324 = CARTESIAN_POINT('',(-0.270849737787,4.90097308642));
#8325 = CARTESIAN_POINT('',(-0.270849737787,4.8));
#8326 = ( GEOMETRIC_REPRESENTATION_CONTEXT(2) 
PARAMETRIC_REPRESENTATION_CONTEXT() REPRESENTATION_CONTEXT('2D SPACE',''
  ) );
#8327 = PCURVE('',#8328,#8333);
#8328 = TOROIDAL_SURFACE('',#8329,2.2,0.8);
#8329 = AXIS2_PLACEMENT_3D('',#8330,#8331,#8332);
#8330 = CARTESIAN_POINT('',(118.2,218.,0.8));
#8331 = DIRECTION('',(0.,-0.,-1.));
#8332 = DIRECTION('',(-0.,1.,-0.));
#8333 = DEFINITIONAL_REPRESENTATION('',(#8334),#8361);
#8334 = B_SPLINE_CURVE_WITH_KNOTS('',7,(#8335,#8336,#8337,#8338,#8339,
    #8340,#8341,#8342,#8343,#8344,#8345,#8346,#8347,#8348,#8349,#8350,
    #8351,#8352,#8353,#8354,#8355,#8356,#8357,#8358,#8359,#8360),
  .UNSPECIFIED.,.F.,.F.,(8,6,6,6,8),(0.,0.228923279269,0.365478747743,
    0.531778483992,1.),.UNSPECIFIED.);
#8335 = CARTESIAN_POINT('',(5.915977286622,0.));
#8336 = CARTESIAN_POINT('',(5.915977286622,4.094764343176E-02));
#8337 = CARTESIAN_POINT('',(5.917333502616,8.191247369665E-02));
#8338 = CARTESIAN_POINT('',(5.920047516164,0.122525031746));
#8339 = CARTESIAN_POINT('',(5.92408258633,0.162477396934));
#8340 = CARTESIAN_POINT('',(5.929379658672,0.201503520813));
#8341 = CARTESIAN_POINT('',(5.935863799706,0.239368739346));
#8342 = CARTESIAN_POINT('',(5.947960981119,0.297640984693));
#8343 = CARTESIAN_POINT('',(5.952871771233,0.318936612498));
#8344 = CARTESIAN_POINT('',(5.958155801892,0.339719388362));
#8345 = CARTESIAN_POINT('',(5.963794937396,0.359959759983));
#8346 = CARTESIAN_POINT('',(5.969770958742,0.379633750624));
#8347 = CARTESIAN_POINT('',(5.976065990752,0.398722128377));
#8348 = CARTESIAN_POINT('',(5.990696800993,0.439723925138));
#8349 = CARTESIAN_POINT('',(5.999178036234,0.461346036064));
#8350 = CARTESIAN_POINT('',(6.008076291729,0.482050294653));
#8351 = CARTESIAN_POINT('',(6.017362019666,0.501816880605));
#8352 = CARTESIAN_POINT('',(6.027006905941,0.520630974542));
#8353 = CARTESIAN_POINT('',(6.036984308491,0.538481965666));
#8354 = CARTESIAN_POINT('',(6.07622848811,0.602890720493));
#8355 = CARTESIAN_POINT('',(6.107583877797,0.642653740443));
#8356 = CARTESIAN_POINT('',(6.140842146363,0.674638977793));
#8357 = CARTESIAN_POINT('',(6.175518002584,0.698680728971));
#8358 = CARTESIAN_POINT('',(6.211102342749,0.714706319458));
#8359 = CARTESIAN_POINT('',(6.247123490603,0.722734247813));
#8360 = CARTESIAN_POINT('',(6.28318530718,0.722734247813));
#8361 = ( GEOMETRIC_REPRESENTATION_CONTEXT(2) 
PARAMETRIC_REPRESENTATION_CONTEXT() REPRESENTATION_CONTEXT('2D SPACE',''
  ) );
#8362 = ORIENTED_EDGE('',*,*,#8363,.T.);
#8363 = EDGE_CURVE('',#8267,#8364,#8366,.T.);
#8364 = VERTEX_POINT('',#8365);
#8365 = CARTESIAN_POINT('',(117.12296703857,220.8,11.5));
#8366 = SURFACE_CURVE('',#8367,(#8371,#8378),.PCURVE_S1.);
#8367 = LINE('',#8368,#8369);
#8368 = CARTESIAN_POINT('',(117.12296703857,220.8,0.));
#8369 = VECTOR('',#8370,1.);
#8370 = DIRECTION('',(-0.,-0.,1.));
#8371 = PCURVE('',#3308,#8372);
#8372 = DEFINITIONAL_REPRESENTATION('',(#8373),#8377);
#8373 = LINE('',#8374,#8375);
#8374 = CARTESIAN_POINT('',(0.,5.87703296143));
#8375 = VECTOR('',#8376,1.);
#8376 = DIRECTION('',(-1.,0.));
#8377 = ( GEOMETRIC_REPRESENTATION_CONTEXT(2) 
PARAMETRIC_REPRESENTATION_CONTEXT() REPRESENTATION_CONTEXT('2D SPACE',''
  ) );
#8378 = PCURVE('',#6904,#8379);
#8379 = DEFINITIONAL_REPRESENTATION('',(#8380),#8383);
#8380 = B_SPLINE_CURVE_WITH_KNOTS('',1,(#8381,#8382),.UNSPECIFIED.,.F.,
  .F.,(2,2),(0.7999994,11.5000006),.PIECEWISE_BEZIER_KNOTS.);
#8381 = CARTESIAN_POINT('',(5.079597000943,0.7999994));
#8382 = CARTESIAN_POINT('',(5.079597000943,11.5000006));
#8383 = ( GEOMETRIC_REPRESENTATION_CONTEXT(2) 
PARAMETRIC_REPRESENTATION_CONTEXT() REPRESENTATION_CONTEXT('2D SPACE',''
  ) );
#8384 = ORIENTED_EDGE('',*,*,#8385,.F.);
#8385 = EDGE_CURVE('',#8386,#8364,#8388,.T.);
#8386 = VERTEX_POINT('',#8387);
#8387 = CARTESIAN_POINT('',(120.59614813968,220.8,11.5));
#8388 = SURFACE_CURVE('',#8389,(#8393,#8400),.PCURVE_S1.);
#8389 = LINE('',#8390,#8391);
#8390 = CARTESIAN_POINT('',(168.5,220.8,11.5));
#8391 = VECTOR('',#8392,1.);
#8392 = DIRECTION('',(-1.,-0.,-0.));
#8393 = PCURVE('',#3308,#8394);
#8394 = DEFINITIONAL_REPRESENTATION('',(#8395),#8399);
#8395 = LINE('',#8396,#8397);
#8396 = CARTESIAN_POINT('',(-11.5,-45.5));
#8397 = VECTOR('',#8398,1.);
#8398 = DIRECTION('',(-0.,1.));
#8399 = ( GEOMETRIC_REPRESENTATION_CONTEXT(2) 
PARAMETRIC_REPRESENTATION_CONTEXT() REPRESENTATION_CONTEXT('2D SPACE',''
  ) );
#8400 = PCURVE('',#6932,#8401);
#8401 = DEFINITIONAL_REPRESENTATION('',(#8402),#8406);
#8402 = LINE('',#8403,#8404);
#8403 = CARTESIAN_POINT('',(-45.5,200.8));
#8404 = VECTOR('',#8405,1.);
#8405 = DIRECTION('',(-1.,0.));
#8406 = ( GEOMETRIC_REPRESENTATION_CONTEXT(2) 
PARAMETRIC_REPRESENTATION_CONTEXT() REPRESENTATION_CONTEXT('2D SPACE',''
  ) );
#8407 = ORIENTED_EDGE('',*,*,#8408,.T.);
#8408 = EDGE_CURVE('',#8386,#4012,#8409,.T.);
#8409 = SURFACE_CURVE('',#8410,(#8414,#8421),.PCURVE_S1.);
#8410 = LINE('',#8411,#8412);
#8411 = CARTESIAN_POINT('',(120.59614813968,220.8,11.5));
#8412 = VECTOR('',#8413,1.);
#8413 = DIRECTION('',(-0.,-0.,1.));
#8414 = PCURVE('',#3308,#8415);
#8415 = DEFINITIONAL_REPRESENTATION('',(#8416),#8420);
#8416 = LINE('',#8417,#8418);
#8417 = CARTESIAN_POINT('',(-11.5,2.40385186032));
#8418 = VECTOR('',#8419,1.);
#8419 = DIRECTION('',(-1.,0.));
#8420 = ( GEOMETRIC_REPRESENTATION_CONTEXT(2) 
PARAMETRIC_REPRESENTATION_CONTEXT() REPRESENTATION_CONTEXT('2D SPACE',''
  ) );
#8421 = PCURVE('',#4055,#8422);
#8422 = DEFINITIONAL_REPRESENTATION('',(#8423),#8426);
#8423 = B_SPLINE_CURVE_WITH_KNOTS('',1,(#8424,#8425),.UNSPECIFIED.,.F.,
  .F.,(2,2),(-5.999999999062E-07,5.324500399854),
  .PIECEWISE_BEZIER_KNOTS.);
#8424 = CARTESIAN_POINT('',(7.699914065684E-02,-5.999999999062E-07));
#8425 = CARTESIAN_POINT('',(7.699914065684E-02,5.324500399854));
#8426 = ( GEOMETRIC_REPRESENTATION_CONTEXT(2) 
PARAMETRIC_REPRESENTATION_CONTEXT() REPRESENTATION_CONTEXT('2D SPACE',''
  ) );
#8427 = ORIENTED_EDGE('',*,*,#4081,.F.);
#8428 = ORIENTED_EDGE('',*,*,#3939,.T.);
#8429 = ORIENTED_EDGE('',*,*,#8430,.T.);
#8430 = EDGE_CURVE('',#3940,#8431,#8433,.T.);
#8431 = VERTEX_POINT('',#8432);
#8432 = CARTESIAN_POINT('',(119.1,220.8,17.5));
#8433 = SURFACE_CURVE('',#8434,(#8438,#8445),.PCURVE_S1.);
#8434 = LINE('',#8435,#8436);
#8435 = CARTESIAN_POINT('',(123.,220.8,17.5));
#8436 = VECTOR('',#8437,1.);
#8437 = DIRECTION('',(-1.,-0.,-0.));
#8438 = PCURVE('',#3308,#8439);
#8439 = DEFINITIONAL_REPRESENTATION('',(#8440),#8444);
#8440 = LINE('',#8441,#8442);
#8441 = CARTESIAN_POINT('',(-17.5,-0.));
#8442 = VECTOR('',#8443,1.);
#8443 = DIRECTION('',(-0.,1.));
#8444 = ( GEOMETRIC_REPRESENTATION_CONTEXT(2) 
PARAMETRIC_REPRESENTATION_CONTEXT() REPRESENTATION_CONTEXT('2D SPACE',''
  ) );
#8445 = PCURVE('',#3813,#8446);
#8446 = DEFINITIONAL_REPRESENTATION('',(#8447),#8451);
#8447 = LINE('',#8448,#8449);
#8448 = CARTESIAN_POINT('',(0.,4.3));
#8449 = VECTOR('',#8450,1.);
#8450 = DIRECTION('',(-1.,0.));
#8451 = ( GEOMETRIC_REPRESENTATION_CONTEXT(2) 
PARAMETRIC_REPRESENTATION_CONTEXT() REPRESENTATION_CONTEXT('2D SPACE',''
  ) );
#8452 = ORIENTED_EDGE('',*,*,#8453,.F.);
#8453 = EDGE_CURVE('',#8118,#8431,#8454,.T.);
#8454 = SURFACE_CURVE('',#8455,(#8460,#8467),.PCURVE_S1.);
#8455 = CIRCLE('',#8456,4.1);
#8456 = AXIS2_PLACEMENT_3D('',#8457,#8458,#8459);
#8457 = CARTESIAN_POINT('',(115.,220.8,17.5));
#8458 = DIRECTION('',(0.,1.,0.));
#8459 = DIRECTION('',(2.079637275395E-14,0.,-1.));
#8460 = PCURVE('',#3308,#8461);
#8461 = DEFINITIONAL_REPRESENTATION('',(#8462),#8466);
#8462 = CIRCLE('',#8463,4.1);
#8463 = AXIS2_PLACEMENT_2D('',#8464,#8465);
#8464 = CARTESIAN_POINT('',(-17.5,8.));
#8465 = DIRECTION('',(1.,-2.079637275395E-14));
#8466 = ( GEOMETRIC_REPRESENTATION_CONTEXT(2) 
PARAMETRIC_REPRESENTATION_CONTEXT() REPRESENTATION_CONTEXT('2D SPACE',''
  ) );
#8467 = PCURVE('',#8157,#8468);
#8468 = DEFINITIONAL_REPRESENTATION('',(#8469),#8473);
#8469 = LINE('',#8470,#8471);
#8470 = CARTESIAN_POINT('',(3.14159265359,1.570796326795));
#8471 = VECTOR('',#8472,1.);
#8472 = DIRECTION('',(1.,0.));
#8473 = ( GEOMETRIC_REPRESENTATION_CONTEXT(2) 
PARAMETRIC_REPRESENTATION_CONTEXT() REPRESENTATION_CONTEXT('2D SPACE',''
  ) );
#8474 = ADVANCED_FACE('',(#8475),#3280,.T.);
#8475 = FACE_BOUND('',#8476,.F.);
#8476 = EDGE_LOOP('',(#8477,#8478,#8500,#8501));
#8477 = ORIENTED_EDGE('',*,*,#6837,.T.);
#8478 = ORIENTED_EDGE('',*,*,#8479,.T.);
#8479 = EDGE_CURVE('',#6838,#8222,#8480,.T.);
#8480 = SURFACE_CURVE('',#8481,(#8486,#8493),.PCURVE_S1.);
#8481 = CIRCLE('',#8482,0.8);
#8482 = AXIS2_PLACEMENT_3D('',#8483,#8484,#8485);
#8483 = CARTESIAN_POINT('',(122.8,220.2,0.8));
#8484 = DIRECTION('',(-1.,0.,-0.));
#8485 = DIRECTION('',(0.,1.,-0.));
#8486 = PCURVE('',#3280,#8487);
#8487 = DEFINITIONAL_REPRESENTATION('',(#8488),#8492);
#8488 = CIRCLE('',#8489,0.8);
#8489 = AXIS2_PLACEMENT_2D('',#8490,#8491);
#8490 = CARTESIAN_POINT('',(-0.8,-199.2));
#8491 = DIRECTION('',(0.,-1.));
#8492 = ( GEOMETRIC_REPRESENTATION_CONTEXT(2) 
PARAMETRIC_REPRESENTATION_CONTEXT() REPRESENTATION_CONTEXT('2D SPACE',''
  ) );
#8493 = PCURVE('',#6876,#8494);
#8494 = DEFINITIONAL_REPRESENTATION('',(#8495),#8499);
#8495 = LINE('',#8496,#8497);
#8496 = CARTESIAN_POINT('',(0.,87.2));
#8497 = VECTOR('',#8498,1.);
#8498 = DIRECTION('',(1.,0.));
#8499 = ( GEOMETRIC_REPRESENTATION_CONTEXT(2) 
PARAMETRIC_REPRESENTATION_CONTEXT() REPRESENTATION_CONTEXT('2D SPACE',''
  ) );
#8500 = ORIENTED_EDGE('',*,*,#8221,.F.);
#8501 = ORIENTED_EDGE('',*,*,#3264,.T.);
#8502 = ADVANCED_FACE('',(#8503),#3813,.T.);
#8503 = FACE_BOUND('',#8504,.F.);
#8504 = EDGE_LOOP('',(#8505,#8506,#8507,#8508,#8531,#8553));
#8505 = ORIENTED_EDGE('',*,*,#8430,.F.);
#8506 = ORIENTED_EDGE('',*,*,#3962,.F.);
#8507 = ORIENTED_EDGE('',*,*,#3797,.T.);
#8508 = ORIENTED_EDGE('',*,*,#8509,.T.);
#8509 = EDGE_CURVE('',#3798,#8510,#8512,.T.);
#8510 = VERTEX_POINT('',#8511);
#8511 = CARTESIAN_POINT('',(119.5,216.9,17.5));
#8512 = SURFACE_CURVE('',#8513,(#8518,#8525),.PCURVE_S1.);
#8513 = CIRCLE('',#8514,0.4);
#8514 = AXIS2_PLACEMENT_3D('',#8515,#8516,#8517);
#8515 = CARTESIAN_POINT('',(119.1,216.9,17.5));
#8516 = DIRECTION('',(0.,-0.,1.));
#8517 = DIRECTION('',(0.,-1.,-0.));
#8518 = PCURVE('',#3813,#8519);
#8519 = DEFINITIONAL_REPRESENTATION('',(#8520),#8524);
#8520 = CIRCLE('',#8521,0.4);
#8521 = AXIS2_PLACEMENT_2D('',#8522,#8523);
#8522 = CARTESIAN_POINT('',(-3.9,0.4));
#8523 = DIRECTION('',(0.,-1.));
#8524 = ( GEOMETRIC_REPRESENTATION_CONTEXT(2) 
PARAMETRIC_REPRESENTATION_CONTEXT() REPRESENTATION_CONTEXT('2D SPACE',''
  ) );
#8525 = PCURVE('',#3846,#8526);
#8526 = DEFINITIONAL_REPRESENTATION('',(#8527),#8530);
#8527 = B_SPLINE_CURVE_WITH_KNOTS('',1,(#8528,#8529),.UNSPECIFIED.,.F.,
  .F.,(2,2),(0.,1.570796326795),.PIECEWISE_BEZIER_KNOTS.);
#8528 = CARTESIAN_POINT('',(-1.570796326794,1.570796326795));
#8529 = CARTESIAN_POINT('',(-1.570796326794,0.));
#8530 = ( GEOMETRIC_REPRESENTATION_CONTEXT(2) 
PARAMETRIC_REPRESENTATION_CONTEXT() REPRESENTATION_CONTEXT('2D SPACE',''
  ) );
#8531 = ORIENTED_EDGE('',*,*,#8532,.T.);
#8532 = EDGE_CURVE('',#8510,#8533,#8535,.T.);
#8533 = VERTEX_POINT('',#8534);
#8534 = CARTESIAN_POINT('',(119.5,220.4,17.5));
#8535 = SURFACE_CURVE('',#8536,(#8540,#8547),.PCURVE_S1.);
#8536 = LINE('',#8537,#8538);
#8537 = CARTESIAN_POINT('',(119.5,216.5,17.5));
#8538 = VECTOR('',#8539,1.);
#8539 = DIRECTION('',(0.,1.,0.));
#8540 = PCURVE('',#3813,#8541);
#8541 = DEFINITIONAL_REPRESENTATION('',(#8542),#8546);
#8542 = LINE('',#8543,#8544);
#8543 = CARTESIAN_POINT('',(-3.5,0.));
#8544 = VECTOR('',#8545,1.);
#8545 = DIRECTION('',(0.,1.));
#8546 = ( GEOMETRIC_REPRESENTATION_CONTEXT(2) 
PARAMETRIC_REPRESENTATION_CONTEXT() REPRESENTATION_CONTEXT('2D SPACE',''
  ) );
#8547 = PCURVE('',#8184,#8548);
#8548 = DEFINITIONAL_REPRESENTATION('',(#8549),#8552);
#8549 = B_SPLINE_CURVE_WITH_KNOTS('',1,(#8550,#8551),.UNSPECIFIED.,.F.,
  .F.,(2,2),(0.4,3.9),.PIECEWISE_BEZIER_KNOTS.);
#8550 = CARTESIAN_POINT('',(7.853981633974,0.4));
#8551 = CARTESIAN_POINT('',(7.853981633974,3.9));
#8552 = ( GEOMETRIC_REPRESENTATION_CONTEXT(2) 
PARAMETRIC_REPRESENTATION_CONTEXT() REPRESENTATION_CONTEXT('2D SPACE',''
  ) );
#8553 = ORIENTED_EDGE('',*,*,#8554,.T.);
#8554 = EDGE_CURVE('',#8533,#8431,#8555,.T.);
#8555 = SURFACE_CURVE('',#8556,(#8561,#8568),.PCURVE_S1.);
#8556 = CIRCLE('',#8557,0.4);
#8557 = AXIS2_PLACEMENT_3D('',#8558,#8559,#8560);
#8558 = CARTESIAN_POINT('',(119.1,220.4,17.5));
#8559 = DIRECTION('',(0.,-0.,1.));
#8560 = DIRECTION('',(0.,-1.,-0.));
#8561 = PCURVE('',#3813,#8562);
#8562 = DEFINITIONAL_REPRESENTATION('',(#8563),#8567);
#8563 = CIRCLE('',#8564,0.4);
#8564 = AXIS2_PLACEMENT_2D('',#8565,#8566);
#8565 = CARTESIAN_POINT('',(-3.9,3.9));
#8566 = DIRECTION('',(0.,-1.));
#8567 = ( GEOMETRIC_REPRESENTATION_CONTEXT(2) 
PARAMETRIC_REPRESENTATION_CONTEXT() REPRESENTATION_CONTEXT('2D SPACE',''
  ) );
#8568 = PCURVE('',#8157,#8569);
#8569 = DEFINITIONAL_REPRESENTATION('',(#8570),#8573);
#8570 = B_SPLINE_CURVE_WITH_KNOTS('',1,(#8571,#8572),.UNSPECIFIED.,.F.,
  .F.,(2,2),(1.570796326795,3.14159265359),.PIECEWISE_BEZIER_KNOTS.);
#8571 = CARTESIAN_POINT('',(7.853981633974,0.));
#8572 = CARTESIAN_POINT('',(7.853981633974,1.570796326795));
#8573 = ( GEOMETRIC_REPRESENTATION_CONTEXT(2) 
PARAMETRIC_REPRESENTATION_CONTEXT() REPRESENTATION_CONTEXT('2D SPACE',''
  ) );
#8574 = ADVANCED_FACE('',(#8575),#3846,.T.);
#8575 = FACE_BOUND('',#8576,.T.);
#8576 = EDGE_LOOP('',(#8577,#8578,#8600,#8601));
#8577 = ORIENTED_EDGE('',*,*,#8509,.T.);
#8578 = ORIENTED_EDGE('',*,*,#8579,.F.);
#8579 = EDGE_CURVE('',#8169,#8510,#8580,.T.);
#8580 = SURFACE_CURVE('',#8581,(#8586,#8593),.PCURVE_S1.);
#8581 = CIRCLE('',#8582,4.5);
#8582 = AXIS2_PLACEMENT_3D('',#8583,#8584,#8585);
#8583 = CARTESIAN_POINT('',(115.,216.9,17.5));
#8584 = DIRECTION('',(0.,1.,0.));
#8585 = DIRECTION('',(0.,0.,-1.));
#8586 = PCURVE('',#3846,#8587);
#8587 = DEFINITIONAL_REPRESENTATION('',(#8588),#8592);
#8588 = LINE('',#8589,#8590);
#8589 = CARTESIAN_POINT('',(3.14159265359,0.));
#8590 = VECTOR('',#8591,1.);
#8591 = DIRECTION('',(-1.,0.));
#8592 = ( GEOMETRIC_REPRESENTATION_CONTEXT(2) 
PARAMETRIC_REPRESENTATION_CONTEXT() REPRESENTATION_CONTEXT('2D SPACE',''
  ) );
#8593 = PCURVE('',#8184,#8594);
#8594 = DEFINITIONAL_REPRESENTATION('',(#8595),#8599);
#8595 = LINE('',#8596,#8597);
#8596 = CARTESIAN_POINT('',(3.14159265359,0.4));
#8597 = VECTOR('',#8598,1.);
#8598 = DIRECTION('',(1.,0.));
#8599 = ( GEOMETRIC_REPRESENTATION_CONTEXT(2) 
PARAMETRIC_REPRESENTATION_CONTEXT() REPRESENTATION_CONTEXT('2D SPACE',''
  ) );
#8600 = ORIENTED_EDGE('',*,*,#8195,.T.);
#8601 = ORIENTED_EDGE('',*,*,#3825,.F.);
#8602 = ADVANCED_FACE('',(#8603),#3898,.T.);
#8603 = FACE_BOUND('',#8604,.T.);
#8604 = EDGE_LOOP('',(#8605,#8628,#8629,#8630,#8658));
#8605 = ORIENTED_EDGE('',*,*,#8606,.T.);
#8606 = EDGE_CURVE('',#8607,#3882,#8609,.T.);
#8607 = VERTEX_POINT('',#8608);
#8608 = CARTESIAN_POINT('',(115.,214.6,19.5));
#8609 = SEAM_CURVE('',#8610,(#8614,#8621),.PCURVE_S1.);
#8610 = LINE('',#8611,#8612);
#8611 = CARTESIAN_POINT('',(115.,214.6,19.5));
#8612 = VECTOR('',#8613,1.);
#8613 = DIRECTION('',(0.,1.,0.));
#8614 = PCURVE('',#3898,#8615);
#8615 = DEFINITIONAL_REPRESENTATION('',(#8616),#8620);
#8616 = LINE('',#8617,#8618);
#8617 = CARTESIAN_POINT('',(6.28318530718,0.));
#8618 = VECTOR('',#8619,1.);
#8619 = DIRECTION('',(0.,1.));
#8620 = ( GEOMETRIC_REPRESENTATION_CONTEXT(2) 
PARAMETRIC_REPRESENTATION_CONTEXT() REPRESENTATION_CONTEXT('2D SPACE',''
  ) );
#8621 = PCURVE('',#3898,#8622);
#8622 = DEFINITIONAL_REPRESENTATION('',(#8623),#8627);
#8623 = LINE('',#8624,#8625);
#8624 = CARTESIAN_POINT('',(4.138911435803E-13,0.));
#8625 = VECTOR('',#8626,1.);
#8626 = DIRECTION('',(0.,1.));
#8627 = ( GEOMETRIC_REPRESENTATION_CONTEXT(2) 
PARAMETRIC_REPRESENTATION_CONTEXT() REPRESENTATION_CONTEXT('2D SPACE',''
  ) );
#8628 = ORIENTED_EDGE('',*,*,#3881,.F.);
#8629 = ORIENTED_EDGE('',*,*,#8606,.F.);
#8630 = ORIENTED_EDGE('',*,*,#8631,.T.);
#8631 = EDGE_CURVE('',#8607,#8632,#8634,.T.);
#8632 = VERTEX_POINT('',#8633);
#8633 = CARTESIAN_POINT('',(115.,214.6,15.5));
#8634 = SURFACE_CURVE('',#8635,(#8640,#8647),.PCURVE_S1.);
#8635 = CIRCLE('',#8636,2.);
#8636 = AXIS2_PLACEMENT_3D('',#8637,#8638,#8639);
#8637 = CARTESIAN_POINT('',(115.,214.6,17.5));
#8638 = DIRECTION('',(0.,1.,0.));
#8639 = DIRECTION('',(0.,-0.,1.));
#8640 = PCURVE('',#3898,#8641);
#8641 = DEFINITIONAL_REPRESENTATION('',(#8642),#8646);
#8642 = LINE('',#8643,#8644);
#8643 = CARTESIAN_POINT('',(0.,0.));
#8644 = VECTOR('',#8645,1.);
#8645 = DIRECTION('',(1.,0.));
#8646 = ( GEOMETRIC_REPRESENTATION_CONTEXT(2) 
PARAMETRIC_REPRESENTATION_CONTEXT() REPRESENTATION_CONTEXT('2D SPACE',''
  ) );
#8647 = PCURVE('',#8648,#8653);
#8648 = CONICAL_SURFACE('',#8649,2.,1.080839000541);
#8649 = AXIS2_PLACEMENT_3D('',#8650,#8651,#8652);
#8650 = CARTESIAN_POINT('',(115.,214.6,17.5));
#8651 = DIRECTION('',(-0.,1.,-0.));
#8652 = DIRECTION('',(0.,0.,-1.));
#8653 = DEFINITIONAL_REPRESENTATION('',(#8654),#8657);
#8654 = B_SPLINE_CURVE_WITH_KNOTS('',1,(#8655,#8656),.UNSPECIFIED.,.F.,
  .F.,(2,2),(0.,3.14159265359),.PIECEWISE_BEZIER_KNOTS.);
#8655 = CARTESIAN_POINT('',(3.14159265359,0.));
#8656 = CARTESIAN_POINT('',(6.28318530718,0.));
#8657 = ( GEOMETRIC_REPRESENTATION_CONTEXT(2) 
PARAMETRIC_REPRESENTATION_CONTEXT() REPRESENTATION_CONTEXT('2D SPACE',''
  ) );
#8658 = ORIENTED_EDGE('',*,*,#8659,.T.);
#8659 = EDGE_CURVE('',#8632,#8607,#8660,.T.);
#8660 = SURFACE_CURVE('',#8661,(#8666,#8673),.PCURVE_S1.);
#8661 = CIRCLE('',#8662,2.);
#8662 = AXIS2_PLACEMENT_3D('',#8663,#8664,#8665);
#8663 = CARTESIAN_POINT('',(115.,214.6,17.5));
#8664 = DIRECTION('',(0.,1.,0.));
#8665 = DIRECTION('',(0.,-0.,1.));
#8666 = PCURVE('',#3898,#8667);
#8667 = DEFINITIONAL_REPRESENTATION('',(#8668),#8672);
#8668 = LINE('',#8669,#8670);
#8669 = CARTESIAN_POINT('',(0.,0.));
#8670 = VECTOR('',#8671,1.);
#8671 = DIRECTION('',(1.,0.));
#8672 = ( GEOMETRIC_REPRESENTATION_CONTEXT(2) 
PARAMETRIC_REPRESENTATION_CONTEXT() REPRESENTATION_CONTEXT('2D SPACE',''
  ) );
#8673 = PCURVE('',#8648,#8674);
#8674 = DEFINITIONAL_REPRESENTATION('',(#8675),#8678);
#8675 = B_SPLINE_CURVE_WITH_KNOTS('',1,(#8676,#8677),.UNSPECIFIED.,.F.,
  .F.,(2,2),(3.14159265359,6.28318530718),.PIECEWISE_BEZIER_KNOTS.);
#8676 = CARTESIAN_POINT('',(-4.138911435803E-13,0.));
#8677 = CARTESIAN_POINT('',(3.14159265359,0.));
#8678 = ( GEOMETRIC_REPRESENTATION_CONTEXT(2) 
PARAMETRIC_REPRESENTATION_CONTEXT() REPRESENTATION_CONTEXT('2D SPACE',''
  ) );
#8679 = ADVANCED_FACE('',(#8680),#4055,.F.);
#8680 = FACE_BOUND('',#8681,.F.);
#8681 = EDGE_LOOP('',(#8682,#8683,#8705,#8706));
#8682 = ORIENTED_EDGE('',*,*,#8408,.F.);
#8683 = ORIENTED_EDGE('',*,*,#8684,.T.);
#8684 = EDGE_CURVE('',#8386,#6917,#8685,.T.);
#8685 = SURFACE_CURVE('',#8686,(#8691,#8698),.PCURVE_S1.);
#8686 = CIRCLE('',#8687,1.3);
#8687 = AXIS2_PLACEMENT_3D('',#8688,#8689,#8690);
#8688 = CARTESIAN_POINT('',(119.3,220.7,11.5));
#8689 = DIRECTION('',(0.,0.,1.));
#8690 = DIRECTION('',(-0.,-1.,0.));
#8691 = PCURVE('',#4055,#8692);
#8692 = DEFINITIONAL_REPRESENTATION('',(#8693),#8697);
#8693 = LINE('',#8694,#8695);
#8694 = CARTESIAN_POINT('',(-1.570796326795,0.));
#8695 = VECTOR('',#8696,1.);
#8696 = DIRECTION('',(1.,0.));
#8697 = ( GEOMETRIC_REPRESENTATION_CONTEXT(2) 
PARAMETRIC_REPRESENTATION_CONTEXT() REPRESENTATION_CONTEXT('2D SPACE',''
  ) );
#8698 = PCURVE('',#6932,#8699);
#8699 = DEFINITIONAL_REPRESENTATION('',(#8700),#8704);
#8700 = CIRCLE('',#8701,1.3);
#8701 = AXIS2_PLACEMENT_2D('',#8702,#8703);
#8702 = CARTESIAN_POINT('',(-94.7,200.7));
#8703 = DIRECTION('',(0.,-1.));
#8704 = ( GEOMETRIC_REPRESENTATION_CONTEXT(2) 
PARAMETRIC_REPRESENTATION_CONTEXT() REPRESENTATION_CONTEXT('2D SPACE',''
  ) );
#8705 = ORIENTED_EDGE('',*,*,#6944,.T.);
#8706 = ORIENTED_EDGE('',*,*,#4011,.F.);
#8707 = ADVANCED_FACE('',(#8708),#4123,.T.);
#8708 = FACE_BOUND('',#8709,.T.);
#8709 = EDGE_LOOP('',(#8710,#8711,#8733,#8734));
#8710 = ORIENTED_EDGE('',*,*,#4105,.F.);
#8711 = ORIENTED_EDGE('',*,*,#8712,.T.);
#8712 = EDGE_CURVE('',#4106,#7537,#8713,.T.);
#8713 = SURFACE_CURVE('',#8714,(#8719,#8726),.PCURVE_S1.);
#8714 = CIRCLE('',#8715,0.8);
#8715 = AXIS2_PLACEMENT_3D('',#8716,#8717,#8718);
#8716 = CARTESIAN_POINT('',(118.2,21.8,0.8));
#8717 = DIRECTION('',(1.,-6.123233995737E-17,0.));
#8718 = DIRECTION('',(-6.123233995737E-17,-1.,0.));
#8719 = PCURVE('',#4123,#8720);
#8720 = DEFINITIONAL_REPRESENTATION('',(#8721),#8725);
#8721 = LINE('',#8722,#8723);
#8722 = CARTESIAN_POINT('',(0.,0.));
#8723 = VECTOR('',#8724,1.);
#8724 = DIRECTION('',(1.,0.));
#8725 = ( GEOMETRIC_REPRESENTATION_CONTEXT(2) 
PARAMETRIC_REPRESENTATION_CONTEXT() REPRESENTATION_CONTEXT('2D SPACE',''
  ) );
#8726 = PCURVE('',#7620,#8727);
#8727 = DEFINITIONAL_REPRESENTATION('',(#8728),#8732);
#8728 = LINE('',#8729,#8730);
#8729 = CARTESIAN_POINT('',(4.712388980385,0.));
#8730 = VECTOR('',#8731,1.);
#8731 = DIRECTION('',(-0.,1.));
#8732 = ( GEOMETRIC_REPRESENTATION_CONTEXT(2) 
PARAMETRIC_REPRESENTATION_CONTEXT() REPRESENTATION_CONTEXT('2D SPACE',''
  ) );
#8733 = ORIENTED_EDGE('',*,*,#7536,.T.);
#8734 = ORIENTED_EDGE('',*,*,#7457,.F.);
#8735 = ADVANCED_FACE('',(#8736),#4207,.F.);
#8736 = FACE_BOUND('',#8737,.F.);
#8737 = EDGE_LOOP('',(#8738,#8739,#8740,#8766));
#8738 = ORIENTED_EDGE('',*,*,#4344,.T.);
#8739 = ORIENTED_EDGE('',*,*,#4191,.F.);
#8740 = ORIENTED_EDGE('',*,*,#8741,.F.);
#8741 = EDGE_CURVE('',#7678,#4164,#8742,.T.);
#8742 = SURFACE_CURVE('',#8743,(#8748,#8755),.PCURVE_S1.);
#8743 = CIRCLE('',#8744,1.3);
#8744 = AXIS2_PLACEMENT_3D('',#8745,#8746,#8747);
#8745 = CARTESIAN_POINT('',(119.3,21.3,11.5));
#8746 = DIRECTION('',(0.,0.,-1.));
#8747 = DIRECTION('',(0.,-1.,0.));
#8748 = PCURVE('',#4207,#8749);
#8749 = DEFINITIONAL_REPRESENTATION('',(#8750),#8754);
#8750 = LINE('',#8751,#8752);
#8751 = CARTESIAN_POINT('',(10.995574287565,0.));
#8752 = VECTOR('',#8753,1.);
#8753 = DIRECTION('',(-1.,0.));
#8754 = ( GEOMETRIC_REPRESENTATION_CONTEXT(2) 
PARAMETRIC_REPRESENTATION_CONTEXT() REPRESENTATION_CONTEXT('2D SPACE',''
  ) );
#8755 = PCURVE('',#4179,#8756);
#8756 = DEFINITIONAL_REPRESENTATION('',(#8757),#8765);
#8757 = ( BOUNDED_CURVE() B_SPLINE_CURVE(2,(#8758,#8759,#8760,#8761,
#8762,#8763,#8764),.UNSPECIFIED.,.T.,.F.) B_SPLINE_CURVE_WITH_KNOTS((1,2
    ,2,2,2,1),(-2.094395102393,0.,2.094395102393,4.188790204786,
6.28318530718,8.377580409573),.UNSPECIFIED.) CURVE() 
GEOMETRIC_REPRESENTATION_ITEM() RATIONAL_B_SPLINE_CURVE((1.,0.5,1.,0.5,
1.,0.5,1.)) REPRESENTATION_ITEM('') );
#8758 = CARTESIAN_POINT('',(-1.3,0.));
#8759 = CARTESIAN_POINT('',(-3.55166604984,0.));
#8760 = CARTESIAN_POINT('',(-2.42583302492,1.95));
#8761 = CARTESIAN_POINT('',(-1.3,3.9));
#8762 = CARTESIAN_POINT('',(-0.17416697508,1.95));
#8763 = CARTESIAN_POINT('',(0.95166604984,1.998401444325E-15));
#8764 = CARTESIAN_POINT('',(-1.3,0.));
#8765 = ( GEOMETRIC_REPRESENTATION_CONTEXT(2) 
PARAMETRIC_REPRESENTATION_CONTEXT() REPRESENTATION_CONTEXT('2D SPACE',''
  ) );
#8766 = ORIENTED_EDGE('',*,*,#7700,.T.);
#8767 = ADVANCED_FACE('',(#8768),#4179,.T.);
#8768 = FACE_BOUND('',#8769,.F.);
#8769 = EDGE_LOOP('',(#8770,#8771,#8772,#8773));
#8770 = ORIENTED_EDGE('',*,*,#7677,.F.);
#8771 = ORIENTED_EDGE('',*,*,#8741,.T.);
#8772 = ORIENTED_EDGE('',*,*,#4163,.T.);
#8773 = ORIENTED_EDGE('',*,*,#8774,.T.);
#8774 = EDGE_CURVE('',#4136,#7656,#8775,.T.);
#8775 = SURFACE_CURVE('',#8776,(#8781,#8792),.PCURVE_S1.);
#8776 = CIRCLE('',#8777,3.);
#8777 = AXIS2_PLACEMENT_3D('',#8778,#8779,#8780);
#8778 = CARTESIAN_POINT('',(118.2,24.,11.5));
#8779 = DIRECTION('',(0.,0.,-1.));
#8780 = DIRECTION('',(-1.,-0.,-0.));
#8781 = PCURVE('',#4179,#8782);
#8782 = DEFINITIONAL_REPRESENTATION('',(#8783),#8791);
#8783 = ( BOUNDED_CURVE() B_SPLINE_CURVE(2,(#8784,#8785,#8786,#8787,
#8788,#8789,#8790),.UNSPECIFIED.,.T.,.F.) B_SPLINE_CURVE_WITH_KNOTS((1,2
    ,2,2,2,1),(-2.094395102393,0.,2.094395102393,4.188790204786,
6.28318530718,8.377580409573),.UNSPECIFIED.) CURVE() 
GEOMETRIC_REPRESENTATION_ITEM() RATIONAL_B_SPLINE_CURVE((1.,0.5,1.,0.5,
1.,0.5,1.)) REPRESENTATION_ITEM('') );
#8784 = CARTESIAN_POINT('',(-5.4,4.));
#8785 = CARTESIAN_POINT('',(-5.4,9.196152422707));
#8786 = CARTESIAN_POINT('',(-0.9,6.598076211353));
#8787 = CARTESIAN_POINT('',(3.6,4.));
#8788 = CARTESIAN_POINT('',(-0.9,1.401923788647));
#8789 = CARTESIAN_POINT('',(-5.4,-1.196152422707));
#8790 = CARTESIAN_POINT('',(-5.4,4.));
#8791 = ( GEOMETRIC_REPRESENTATION_CONTEXT(2) 
PARAMETRIC_REPRESENTATION_CONTEXT() REPRESENTATION_CONTEXT('2D SPACE',''
  ) );
#8792 = PCURVE('',#4151,#8793);
#8793 = DEFINITIONAL_REPRESENTATION('',(#8794),#8798);
#8794 = LINE('',#8795,#8796);
#8795 = CARTESIAN_POINT('',(6.28318530718,11.5));
#8796 = VECTOR('',#8797,1.);
#8797 = DIRECTION('',(-1.,0.));
#8798 = ( GEOMETRIC_REPRESENTATION_CONTEXT(2) 
PARAMETRIC_REPRESENTATION_CONTEXT() REPRESENTATION_CONTEXT('2D SPACE',''
  ) );
#8799 = ADVANCED_FACE('',(#8800),#4151,.T.);
#8800 = FACE_BOUND('',#8801,.T.);
#8801 = EDGE_LOOP('',(#8802,#8803,#8825,#8826));
#8802 = ORIENTED_EDGE('',*,*,#7655,.F.);
#8803 = ORIENTED_EDGE('',*,*,#8804,.T.);
#8804 = EDGE_CURVE('',#7559,#4106,#8805,.T.);
#8805 = SURFACE_CURVE('',#8806,(#8811,#8818),.PCURVE_S1.);
#8806 = CIRCLE('',#8807,3.);
#8807 = AXIS2_PLACEMENT_3D('',#8808,#8809,#8810);
#8808 = CARTESIAN_POINT('',(118.2,24.,0.8));
#8809 = DIRECTION('',(0.,0.,1.));
#8810 = DIRECTION('',(-1.,0.,0.));
#8811 = PCURVE('',#4151,#8812);
#8812 = DEFINITIONAL_REPRESENTATION('',(#8813),#8817);
#8813 = LINE('',#8814,#8815);
#8814 = CARTESIAN_POINT('',(0.,0.8));
#8815 = VECTOR('',#8816,1.);
#8816 = DIRECTION('',(1.,0.));
#8817 = ( GEOMETRIC_REPRESENTATION_CONTEXT(2) 
PARAMETRIC_REPRESENTATION_CONTEXT() REPRESENTATION_CONTEXT('2D SPACE',''
  ) );
#8818 = PCURVE('',#7620,#8819);
#8819 = DEFINITIONAL_REPRESENTATION('',(#8820),#8824);
#8820 = LINE('',#8821,#8822);
#8821 = CARTESIAN_POINT('',(6.28318530718,0.));
#8822 = VECTOR('',#8823,1.);
#8823 = DIRECTION('',(-1.,0.));
#8824 = ( GEOMETRIC_REPRESENTATION_CONTEXT(2) 
PARAMETRIC_REPRESENTATION_CONTEXT() REPRESENTATION_CONTEXT('2D SPACE',''
  ) );
#8825 = ORIENTED_EDGE('',*,*,#4135,.T.);
#8826 = ORIENTED_EDGE('',*,*,#8774,.T.);
#8827 = ADVANCED_FACE('',(#8828),#4306,.F.);
#8828 = FACE_BOUND('',#8829,.T.);
#8829 = EDGE_LOOP('',(#8830,#8831,#8832,#8833,#8834,#8835,#8856,#8857));
#8830 = ORIENTED_EDGE('',*,*,#7721,.F.);
#8831 = ORIENTED_EDGE('',*,*,#4289,.F.);
#8832 = ORIENTED_EDGE('',*,*,#4421,.F.);
#8833 = ORIENTED_EDGE('',*,*,#4471,.T.);
#8834 = ORIENTED_EDGE('',*,*,#4548,.F.);
#8835 = ORIENTED_EDGE('',*,*,#8836,.F.);
#8836 = EDGE_CURVE('',#7963,#4521,#8837,.T.);
#8837 = SURFACE_CURVE('',#8838,(#8842,#8849),.PCURVE_S1.);
#8838 = LINE('',#8839,#8840);
#8839 = CARTESIAN_POINT('',(123.,20.6,11.5));
#8840 = VECTOR('',#8841,1.);
#8841 = DIRECTION('',(0.,-1.,0.));
#8842 = PCURVE('',#4306,#8843);
#8843 = DEFINITIONAL_REPRESENTATION('',(#8844),#8848);
#8844 = LINE('',#8845,#8846);
#8845 = CARTESIAN_POINT('',(-11.5,0.6));
#8846 = VECTOR('',#8847,1.);
#8847 = DIRECTION('',(0.,1.));
#8848 = ( GEOMETRIC_REPRESENTATION_CONTEXT(2) 
PARAMETRIC_REPRESENTATION_CONTEXT() REPRESENTATION_CONTEXT('2D SPACE',''
  ) );
#8849 = PCURVE('',#4536,#8850);
#8850 = DEFINITIONAL_REPRESENTATION('',(#8851),#8855);
#8851 = LINE('',#8852,#8853);
#8852 = CARTESIAN_POINT('',(-91.,0.6));
#8853 = VECTOR('',#8854,1.);
#8854 = DIRECTION('',(0.,-1.));
#8855 = ( GEOMETRIC_REPRESENTATION_CONTEXT(2) 
PARAMETRIC_REPRESENTATION_CONTEXT() REPRESENTATION_CONTEXT('2D SPACE',''
  ) );
#8856 = ORIENTED_EDGE('',*,*,#7985,.T.);
#8857 = ORIENTED_EDGE('',*,*,#8858,.F.);
#8858 = EDGE_CURVE('',#7722,#7986,#8859,.T.);
#8859 = SURFACE_CURVE('',#8860,(#8864,#8871),.PCURVE_S1.);
#8860 = LINE('',#8861,#8862);
#8861 = CARTESIAN_POINT('',(123.,21.2,17.5));
#8862 = VECTOR('',#8863,1.);
#8863 = DIRECTION('',(-0.,1.,-0.));
#8864 = PCURVE('',#4306,#8865);
#8865 = DEFINITIONAL_REPRESENTATION('',(#8866),#8870);
#8866 = LINE('',#8867,#8868);
#8867 = CARTESIAN_POINT('',(-17.5,0.));
#8868 = VECTOR('',#8869,1.);
#8869 = DIRECTION('',(0.,-1.));
#8870 = ( GEOMETRIC_REPRESENTATION_CONTEXT(2) 
PARAMETRIC_REPRESENTATION_CONTEXT() REPRESENTATION_CONTEXT('2D SPACE',''
  ) );
#8871 = PCURVE('',#7760,#8872);
#8872 = DEFINITIONAL_REPRESENTATION('',(#8873),#8877);
#8873 = LINE('',#8874,#8875);
#8874 = CARTESIAN_POINT('',(0.,0.));
#8875 = VECTOR('',#8876,1.);
#8876 = DIRECTION('',(0.,1.));
#8877 = ( GEOMETRIC_REPRESENTATION_CONTEXT(2) 
PARAMETRIC_REPRESENTATION_CONTEXT() REPRESENTATION_CONTEXT('2D SPACE',''
  ) );
#8878 = ADVANCED_FACE('',(#8879),#4536,.T.);
#8879 = FACE_BOUND('',#8880,.F.);
#8880 = EDGE_LOOP('',(#8881,#8902,#8903,#8904,#8905,#8906));
#8881 = ORIENTED_EDGE('',*,*,#8882,.F.);
#8882 = EDGE_CURVE('',#7122,#7940,#8883,.T.);
#8883 = SURFACE_CURVE('',#8884,(#8888,#8895),.PCURVE_S1.);
#8884 = LINE('',#8885,#8886);
#8885 = CARTESIAN_POINT('',(115.2,211.7,11.5));
#8886 = VECTOR('',#8887,1.);
#8887 = DIRECTION('',(0.,-1.,0.));
#8888 = PCURVE('',#4536,#8889);
#8889 = DEFINITIONAL_REPRESENTATION('',(#8890),#8894);
#8890 = LINE('',#8891,#8892);
#8891 = CARTESIAN_POINT('',(-98.8,191.7));
#8892 = VECTOR('',#8893,1.);
#8893 = DIRECTION('',(0.,-1.));
#8894 = ( GEOMETRIC_REPRESENTATION_CONTEXT(2) 
PARAMETRIC_REPRESENTATION_CONTEXT() REPRESENTATION_CONTEXT('2D SPACE',''
  ) );
#8895 = PCURVE('',#7137,#8896);
#8896 = DEFINITIONAL_REPRESENTATION('',(#8897),#8901);
#8897 = LINE('',#8898,#8899);
#8898 = CARTESIAN_POINT('',(-11.5,-190.7));
#8899 = VECTOR('',#8900,1.);
#8900 = DIRECTION('',(0.,1.));
#8901 = ( GEOMETRIC_REPRESENTATION_CONTEXT(2) 
PARAMETRIC_REPRESENTATION_CONTEXT() REPRESENTATION_CONTEXT('2D SPACE',''
  ) );
#8902 = ORIENTED_EDGE('',*,*,#7149,.T.);
#8903 = ORIENTED_EDGE('',*,*,#7042,.F.);
#8904 = ORIENTED_EDGE('',*,*,#4520,.T.);
#8905 = ORIENTED_EDGE('',*,*,#8836,.F.);
#8906 = ORIENTED_EDGE('',*,*,#7962,.F.);
#8907 = ADVANCED_FACE('',(#8908),#4708,.F.);
#8908 = FACE_BOUND('',#8909,.T.);
#8909 = EDGE_LOOP('',(#8910,#8911,#8912,#8913));
#8910 = ORIENTED_EDGE('',*,*,#4767,.F.);
#8911 = ORIENTED_EDGE('',*,*,#4817,.F.);
#8912 = ORIENTED_EDGE('',*,*,#4843,.T.);
#8913 = ORIENTED_EDGE('',*,*,#4692,.F.);
#8914 = ADVANCED_FACE('',(#8915),#5031,.F.);
#8915 = FACE_BOUND('',#8916,.T.);
#8916 = EDGE_LOOP('',(#8917,#8918,#8919,#8920));
#8917 = ORIENTED_EDGE('',*,*,#5090,.F.);
#8918 = ORIENTED_EDGE('',*,*,#5140,.F.);
#8919 = ORIENTED_EDGE('',*,*,#5166,.T.);
#8920 = ORIENTED_EDGE('',*,*,#5015,.F.);
#8921 = ADVANCED_FACE('',(#8922),#5354,.F.);
#8922 = FACE_BOUND('',#8923,.T.);
#8923 = EDGE_LOOP('',(#8924,#8925,#8926,#8927));
#8924 = ORIENTED_EDGE('',*,*,#5413,.F.);
#8925 = ORIENTED_EDGE('',*,*,#5463,.F.);
#8926 = ORIENTED_EDGE('',*,*,#5489,.T.);
#8927 = ORIENTED_EDGE('',*,*,#5338,.F.);
#8928 = ADVANCED_FACE('',(#8929),#5677,.F.);
#8929 = FACE_BOUND('',#8930,.T.);
#8930 = EDGE_LOOP('',(#8931,#8932,#8933,#8934));
#8931 = ORIENTED_EDGE('',*,*,#5736,.F.);
#8932 = ORIENTED_EDGE('',*,*,#5786,.F.);
#8933 = ORIENTED_EDGE('',*,*,#5812,.T.);
#8934 = ORIENTED_EDGE('',*,*,#5661,.F.);
#8935 = ADVANCED_FACE('',(#8936),#6000,.F.);
#8936 = FACE_BOUND('',#8937,.T.);
#8937 = EDGE_LOOP('',(#8938,#8939,#8940,#8941));
#8938 = ORIENTED_EDGE('',*,*,#6059,.F.);
#8939 = ORIENTED_EDGE('',*,*,#6109,.F.);
#8940 = ORIENTED_EDGE('',*,*,#6135,.T.);
#8941 = ORIENTED_EDGE('',*,*,#5984,.F.);
#8942 = ADVANCED_FACE('',(#8943),#6323,.F.);
#8943 = FACE_BOUND('',#8944,.T.);
#8944 = EDGE_LOOP('',(#8945,#8946,#8947,#8948));
#8945 = ORIENTED_EDGE('',*,*,#6382,.F.);
#8946 = ORIENTED_EDGE('',*,*,#6432,.F.);
#8947 = ORIENTED_EDGE('',*,*,#6458,.T.);
#8948 = ORIENTED_EDGE('',*,*,#6307,.F.);
#8949 = ADVANCED_FACE('',(#8950),#6646,.F.);
#8950 = FACE_BOUND('',#8951,.T.);
#8951 = EDGE_LOOP('',(#8952,#8953,#8954,#8955));
#8952 = ORIENTED_EDGE('',*,*,#6705,.F.);
#8953 = ORIENTED_EDGE('',*,*,#6755,.F.);
#8954 = ORIENTED_EDGE('',*,*,#6781,.T.);
#8955 = ORIENTED_EDGE('',*,*,#6630,.F.);
#8956 = ADVANCED_FACE('',(#8957),#6932,.T.);
#8957 = FACE_BOUND('',#8958,.F.);
#8958 = EDGE_LOOP('',(#8959,#8960,#8986,#8987));
#8959 = ORIENTED_EDGE('',*,*,#8385,.T.);
#8960 = ORIENTED_EDGE('',*,*,#8961,.T.);
#8961 = EDGE_CURVE('',#8364,#6889,#8962,.T.);
#8962 = SURFACE_CURVE('',#8963,(#8968,#8979),.PCURVE_S1.);
#8963 = CIRCLE('',#8964,3.);
#8964 = AXIS2_PLACEMENT_3D('',#8965,#8966,#8967);
#8965 = CARTESIAN_POINT('',(118.2,218.,11.5));
#8966 = DIRECTION('',(0.,0.,-1.));
#8967 = DIRECTION('',(-1.,-0.,-0.));
#8968 = PCURVE('',#6932,#8969);
#8969 = DEFINITIONAL_REPRESENTATION('',(#8970),#8978);
#8970 = ( BOUNDED_CURVE() B_SPLINE_CURVE(2,(#8971,#8972,#8973,#8974,
#8975,#8976,#8977),.UNSPECIFIED.,.T.,.F.) B_SPLINE_CURVE_WITH_KNOTS((1,2
    ,2,2,2,1),(-2.094395102393,0.,2.094395102393,4.188790204786,
6.28318530718,8.377580409573),.UNSPECIFIED.) CURVE() 
GEOMETRIC_REPRESENTATION_ITEM() RATIONAL_B_SPLINE_CURVE((1.,0.5,1.,0.5,
1.,0.5,1.)) REPRESENTATION_ITEM('') );
#8971 = CARTESIAN_POINT('',(-98.8,198.));
#8972 = CARTESIAN_POINT('',(-98.8,203.1961524227));
#8973 = CARTESIAN_POINT('',(-94.3,200.59807621135));
#8974 = CARTESIAN_POINT('',(-89.8,198.));
#8975 = CARTESIAN_POINT('',(-94.3,195.40192378864));
#8976 = CARTESIAN_POINT('',(-98.8,192.80384757729));
#8977 = CARTESIAN_POINT('',(-98.8,198.));
#8978 = ( GEOMETRIC_REPRESENTATION_CONTEXT(2) 
PARAMETRIC_REPRESENTATION_CONTEXT() REPRESENTATION_CONTEXT('2D SPACE',''
  ) );
#8979 = PCURVE('',#6904,#8980);
#8980 = DEFINITIONAL_REPRESENTATION('',(#8981),#8985);
#8981 = LINE('',#8982,#8983);
#8982 = CARTESIAN_POINT('',(6.28318530718,11.5));
#8983 = VECTOR('',#8984,1.);
#8984 = DIRECTION('',(-1.,0.));
#8985 = ( GEOMETRIC_REPRESENTATION_CONTEXT(2) 
PARAMETRIC_REPRESENTATION_CONTEXT() REPRESENTATION_CONTEXT('2D SPACE',''
  ) );
#8986 = ORIENTED_EDGE('',*,*,#6916,.F.);
#8987 = ORIENTED_EDGE('',*,*,#8684,.F.);
#8988 = ADVANCED_FACE('',(#8989),#6904,.T.);
#8989 = FACE_BOUND('',#8990,.T.);
#8990 = EDGE_LOOP('',(#8991,#8992,#8993,#9015));
#8991 = ORIENTED_EDGE('',*,*,#8961,.T.);
#8992 = ORIENTED_EDGE('',*,*,#6888,.T.);
#8993 = ORIENTED_EDGE('',*,*,#8994,.T.);
#8994 = EDGE_CURVE('',#6861,#8267,#8995,.T.);
#8995 = SURFACE_CURVE('',#8996,(#9001,#9008),.PCURVE_S1.);
#8996 = CIRCLE('',#8997,3.);
#8997 = AXIS2_PLACEMENT_3D('',#8998,#8999,#9000);
#8998 = CARTESIAN_POINT('',(118.2,218.,0.8));
#8999 = DIRECTION('',(0.,0.,1.));
#9000 = DIRECTION('',(0.,1.,-0.));
#9001 = PCURVE('',#6904,#9002);
#9002 = DEFINITIONAL_REPRESENTATION('',(#9003),#9007);
#9003 = LINE('',#9004,#9005);
#9004 = CARTESIAN_POINT('',(4.712388980385,0.8));
#9005 = VECTOR('',#9006,1.);
#9006 = DIRECTION('',(1.,-0.));
#9007 = ( GEOMETRIC_REPRESENTATION_CONTEXT(2) 
PARAMETRIC_REPRESENTATION_CONTEXT() REPRESENTATION_CONTEXT('2D SPACE',''
  ) );
#9008 = PCURVE('',#8328,#9009);
#9009 = DEFINITIONAL_REPRESENTATION('',(#9010),#9014);
#9010 = LINE('',#9011,#9012);
#9011 = CARTESIAN_POINT('',(6.28318530718,0.));
#9012 = VECTOR('',#9013,1.);
#9013 = DIRECTION('',(-1.,0.));
#9014 = ( GEOMETRIC_REPRESENTATION_CONTEXT(2) 
PARAMETRIC_REPRESENTATION_CONTEXT() REPRESENTATION_CONTEXT('2D SPACE',''
  ) );
#9015 = ORIENTED_EDGE('',*,*,#8363,.T.);
#9016 = ADVANCED_FACE('',(#9017),#6876,.T.);
#9017 = FACE_BOUND('',#9018,.T.);
#9018 = EDGE_LOOP('',(#9019,#9020,#9021,#9022));
#9019 = ORIENTED_EDGE('',*,*,#6860,.F.);
#9020 = ORIENTED_EDGE('',*,*,#8479,.T.);
#9021 = ORIENTED_EDGE('',*,*,#8244,.T.);
#9022 = ORIENTED_EDGE('',*,*,#9023,.F.);
#9023 = EDGE_CURVE('',#6861,#8245,#9024,.T.);
#9024 = SURFACE_CURVE('',#9025,(#9030,#9037),.PCURVE_S1.);
#9025 = CIRCLE('',#9026,0.8);
#9026 = AXIS2_PLACEMENT_3D('',#9027,#9028,#9029);
#9027 = CARTESIAN_POINT('',(118.2,220.2,0.8));
#9028 = DIRECTION('',(-1.,0.,0.));
#9029 = DIRECTION('',(0.,1.,-0.));
#9030 = PCURVE('',#6876,#9031);
#9031 = DEFINITIONAL_REPRESENTATION('',(#9032),#9036);
#9032 = LINE('',#9033,#9034);
#9033 = CARTESIAN_POINT('',(0.,91.8));
#9034 = VECTOR('',#9035,1.);
#9035 = DIRECTION('',(1.,0.));
#9036 = ( GEOMETRIC_REPRESENTATION_CONTEXT(2) 
PARAMETRIC_REPRESENTATION_CONTEXT() REPRESENTATION_CONTEXT('2D SPACE',''
  ) );
#9037 = PCURVE('',#8328,#9038);
#9038 = DEFINITIONAL_REPRESENTATION('',(#9039),#9043);
#9039 = LINE('',#9040,#9041);
#9040 = CARTESIAN_POINT('',(6.28318530718,0.));
#9041 = VECTOR('',#9042,1.);
#9042 = DIRECTION('',(-0.,1.));
#9043 = ( GEOMETRIC_REPRESENTATION_CONTEXT(2) 
PARAMETRIC_REPRESENTATION_CONTEXT() REPRESENTATION_CONTEXT('2D SPACE',''
  ) );
#9044 = ADVANCED_FACE('',(#9045),#7137,.T.);
#9045 = FACE_BOUND('',#9046,.F.);
#9046 = EDGE_LOOP('',(#9047,#9048,#9049,#9050));
#9047 = ORIENTED_EDGE('',*,*,#8088,.F.);
#9048 = ORIENTED_EDGE('',*,*,#7121,.T.);
#9049 = ORIENTED_EDGE('',*,*,#8882,.T.);
#9050 = ORIENTED_EDGE('',*,*,#7939,.T.);
#9051 = ADVANCED_FACE('',(#9052),#7620,.T.);
#9052 = FACE_BOUND('',#9053,.T.);
#9053 = EDGE_LOOP('',(#9054,#9055,#9056));
#9054 = ORIENTED_EDGE('',*,*,#8712,.F.);
#9055 = ORIENTED_EDGE('',*,*,#8804,.F.);
#9056 = ORIENTED_EDGE('',*,*,#7558,.T.);
#9057 = ADVANCED_FACE('',(#9058),#7760,.T.);
#9058 = FACE_BOUND('',#9059,.F.);
#9059 = EDGE_LOOP('',(#9060,#9061,#9062,#9063,#9086,#9108));
#9060 = ORIENTED_EDGE('',*,*,#8008,.F.);
#9061 = ORIENTED_EDGE('',*,*,#8858,.F.);
#9062 = ORIENTED_EDGE('',*,*,#7744,.T.);
#9063 = ORIENTED_EDGE('',*,*,#9064,.T.);
#9064 = EDGE_CURVE('',#7745,#9065,#9067,.T.);
#9065 = VERTEX_POINT('',#9066);
#9066 = CARTESIAN_POINT('',(119.5,21.6,17.5));
#9067 = SURFACE_CURVE('',#9068,(#9073,#9080),.PCURVE_S1.);
#9068 = CIRCLE('',#9069,0.4);
#9069 = AXIS2_PLACEMENT_3D('',#9070,#9071,#9072);
#9070 = CARTESIAN_POINT('',(119.1,21.6,17.5));
#9071 = DIRECTION('',(0.,-0.,1.));
#9072 = DIRECTION('',(0.,-1.,-0.));
#9073 = PCURVE('',#7760,#9074);
#9074 = DEFINITIONAL_REPRESENTATION('',(#9075),#9079);
#9075 = CIRCLE('',#9076,0.4);
#9076 = AXIS2_PLACEMENT_2D('',#9077,#9078);
#9077 = CARTESIAN_POINT('',(-3.9,0.4));
#9078 = DIRECTION('',(0.,-1.));
#9079 = ( GEOMETRIC_REPRESENTATION_CONTEXT(2) 
PARAMETRIC_REPRESENTATION_CONTEXT() REPRESENTATION_CONTEXT('2D SPACE',''
  ) );
#9080 = PCURVE('',#7791,#9081);
#9081 = DEFINITIONAL_REPRESENTATION('',(#9082),#9085);
#9082 = B_SPLINE_CURVE_WITH_KNOTS('',1,(#9083,#9084),.UNSPECIFIED.,.F.,
  .F.,(2,2),(0.,1.570796326795),.PIECEWISE_BEZIER_KNOTS.);
#9083 = CARTESIAN_POINT('',(-1.570796326794,1.570796326795));
#9084 = CARTESIAN_POINT('',(-1.570796326794,0.));
#9085 = ( GEOMETRIC_REPRESENTATION_CONTEXT(2) 
PARAMETRIC_REPRESENTATION_CONTEXT() REPRESENTATION_CONTEXT('2D SPACE',''
  ) );
#9086 = ORIENTED_EDGE('',*,*,#9087,.T.);
#9087 = EDGE_CURVE('',#9065,#9088,#9090,.T.);
#9088 = VERTEX_POINT('',#9089);
#9089 = CARTESIAN_POINT('',(119.5,25.1,17.5));
#9090 = SURFACE_CURVE('',#9091,(#9095,#9102),.PCURVE_S1.);
#9091 = LINE('',#9092,#9093);
#9092 = CARTESIAN_POINT('',(119.5,21.2,17.5));
#9093 = VECTOR('',#9094,1.);
#9094 = DIRECTION('',(0.,1.,0.));
#9095 = PCURVE('',#7760,#9096);
#9096 = DEFINITIONAL_REPRESENTATION('',(#9097),#9101);
#9097 = LINE('',#9098,#9099);
#9098 = CARTESIAN_POINT('',(-3.5,0.));
#9099 = VECTOR('',#9100,1.);
#9100 = DIRECTION('',(0.,1.));
#9101 = ( GEOMETRIC_REPRESENTATION_CONTEXT(2) 
PARAMETRIC_REPRESENTATION_CONTEXT() REPRESENTATION_CONTEXT('2D SPACE',''
  ) );
#9102 = PCURVE('',#7875,#9103);
#9103 = DEFINITIONAL_REPRESENTATION('',(#9104),#9107);
#9104 = B_SPLINE_CURVE_WITH_KNOTS('',1,(#9105,#9106),.UNSPECIFIED.,.F.,
  .F.,(2,2),(0.4,3.9),.PIECEWISE_BEZIER_KNOTS.);
#9105 = CARTESIAN_POINT('',(7.853981633974,0.4));
#9106 = CARTESIAN_POINT('',(7.853981633974,3.9));
#9107 = ( GEOMETRIC_REPRESENTATION_CONTEXT(2) 
PARAMETRIC_REPRESENTATION_CONTEXT() REPRESENTATION_CONTEXT('2D SPACE',''
  ) );
#9108 = ORIENTED_EDGE('',*,*,#9109,.T.);
#9109 = EDGE_CURVE('',#9088,#8009,#9110,.T.);
#9110 = SURFACE_CURVE('',#9111,(#9116,#9123),.PCURVE_S1.);
#9111 = CIRCLE('',#9112,0.4);
#9112 = AXIS2_PLACEMENT_3D('',#9113,#9114,#9115);
#9113 = CARTESIAN_POINT('',(119.1,25.1,17.5));
#9114 = DIRECTION('',(0.,-0.,1.));
#9115 = DIRECTION('',(0.,-1.,-0.));
#9116 = PCURVE('',#7760,#9117);
#9117 = DEFINITIONAL_REPRESENTATION('',(#9118),#9122);
#9118 = CIRCLE('',#9119,0.4);
#9119 = AXIS2_PLACEMENT_2D('',#9120,#9121);
#9120 = CARTESIAN_POINT('',(-3.9,3.9));
#9121 = DIRECTION('',(0.,-1.));
#9122 = ( GEOMETRIC_REPRESENTATION_CONTEXT(2) 
PARAMETRIC_REPRESENTATION_CONTEXT() REPRESENTATION_CONTEXT('2D SPACE',''
  ) );
#9123 = PCURVE('',#7848,#9124);
#9124 = DEFINITIONAL_REPRESENTATION('',(#9125),#9128);
#9125 = B_SPLINE_CURVE_WITH_KNOTS('',1,(#9126,#9127),.UNSPECIFIED.,.F.,
  .F.,(2,2),(1.570796326795,3.14159265359),.PIECEWISE_BEZIER_KNOTS.);
#9126 = CARTESIAN_POINT('',(7.853981633974,0.));
#9127 = CARTESIAN_POINT('',(7.853981633974,1.570796326795));
#9128 = ( GEOMETRIC_REPRESENTATION_CONTEXT(2) 
PARAMETRIC_REPRESENTATION_CONTEXT() REPRESENTATION_CONTEXT('2D SPACE',''
  ) );
#9129 = ADVANCED_FACE('',(#9130),#7791,.T.);
#9130 = FACE_BOUND('',#9131,.T.);
#9131 = EDGE_LOOP('',(#9132,#9133,#9155,#9156));
#9132 = ORIENTED_EDGE('',*,*,#9064,.T.);
#9133 = ORIENTED_EDGE('',*,*,#9134,.F.);
#9134 = EDGE_CURVE('',#7860,#9065,#9135,.T.);
#9135 = SURFACE_CURVE('',#9136,(#9141,#9148),.PCURVE_S1.);
#9136 = CIRCLE('',#9137,4.5);
#9137 = AXIS2_PLACEMENT_3D('',#9138,#9139,#9140);
#9138 = CARTESIAN_POINT('',(115.,21.6,17.5));
#9139 = DIRECTION('',(0.,1.,0.));
#9140 = DIRECTION('',(0.,0.,-1.));
#9141 = PCURVE('',#7791,#9142);
#9142 = DEFINITIONAL_REPRESENTATION('',(#9143),#9147);
#9143 = LINE('',#9144,#9145);
#9144 = CARTESIAN_POINT('',(3.14159265359,0.));
#9145 = VECTOR('',#9146,1.);
#9146 = DIRECTION('',(-1.,0.));
#9147 = ( GEOMETRIC_REPRESENTATION_CONTEXT(2) 
PARAMETRIC_REPRESENTATION_CONTEXT() REPRESENTATION_CONTEXT('2D SPACE',''
  ) );
#9148 = PCURVE('',#7875,#9149);
#9149 = DEFINITIONAL_REPRESENTATION('',(#9150),#9154);
#9150 = LINE('',#9151,#9152);
#9151 = CARTESIAN_POINT('',(3.14159265359,0.4));
#9152 = VECTOR('',#9153,1.);
#9153 = DIRECTION('',(1.,0.));
#9154 = ( GEOMETRIC_REPRESENTATION_CONTEXT(2) 
PARAMETRIC_REPRESENTATION_CONTEXT() REPRESENTATION_CONTEXT('2D SPACE',''
  ) );
#9155 = ORIENTED_EDGE('',*,*,#7886,.T.);
#9156 = ORIENTED_EDGE('',*,*,#7772,.F.);
#9157 = ADVANCED_FACE('',(#9158),#7848,.T.);
#9158 = FACE_BOUND('',#9159,.T.);
#9159 = EDGE_LOOP('',(#9160,#9161,#9162,#9184));
#9160 = ORIENTED_EDGE('',*,*,#8031,.F.);
#9161 = ORIENTED_EDGE('',*,*,#7831,.T.);
#9162 = ORIENTED_EDGE('',*,*,#9163,.T.);
#9163 = EDGE_CURVE('',#7832,#9088,#9164,.T.);
#9164 = SURFACE_CURVE('',#9165,(#9170,#9177),.PCURVE_S1.);
#9165 = CIRCLE('',#9166,4.5);
#9166 = AXIS2_PLACEMENT_3D('',#9167,#9168,#9169);
#9167 = CARTESIAN_POINT('',(115.,25.1,17.5));
#9168 = DIRECTION('',(0.,1.,0.));
#9169 = DIRECTION('',(0.,0.,-1.));
#9170 = PCURVE('',#7848,#9171);
#9171 = DEFINITIONAL_REPRESENTATION('',(#9172),#9176);
#9172 = LINE('',#9173,#9174);
#9173 = CARTESIAN_POINT('',(3.14159265359,0.));
#9174 = VECTOR('',#9175,1.);
#9175 = DIRECTION('',(1.,0.));
#9176 = ( GEOMETRIC_REPRESENTATION_CONTEXT(2) 
PARAMETRIC_REPRESENTATION_CONTEXT() REPRESENTATION_CONTEXT('2D SPACE',''
  ) );
#9177 = PCURVE('',#7875,#9178);
#9178 = DEFINITIONAL_REPRESENTATION('',(#9179),#9183);
#9179 = LINE('',#9180,#9181);
#9180 = CARTESIAN_POINT('',(3.14159265359,3.9));
#9181 = VECTOR('',#9182,1.);
#9182 = DIRECTION('',(1.,0.));
#9183 = ( GEOMETRIC_REPRESENTATION_CONTEXT(2) 
PARAMETRIC_REPRESENTATION_CONTEXT() REPRESENTATION_CONTEXT('2D SPACE',''
  ) );
#9184 = ORIENTED_EDGE('',*,*,#9109,.T.);
#9185 = ADVANCED_FACE('',(#9186),#7875,.T.);
#9186 = FACE_BOUND('',#9187,.T.);
#9187 = EDGE_LOOP('',(#9188,#9189,#9190,#9191));
#9188 = ORIENTED_EDGE('',*,*,#9163,.F.);
#9189 = ORIENTED_EDGE('',*,*,#7859,.F.);
#9190 = ORIENTED_EDGE('',*,*,#9134,.T.);
#9191 = ORIENTED_EDGE('',*,*,#9087,.T.);
#9192 = ADVANCED_FACE('',(#9193),#8073,.T.);
#9193 = FACE_BOUND('',#9194,.T.);
#9194 = EDGE_LOOP('',(#9195,#9223,#9244,#9245));
#9195 = ORIENTED_EDGE('',*,*,#9196,.F.);
#9196 = EDGE_CURVE('',#9197,#9197,#9199,.T.);
#9197 = VERTEX_POINT('',#9198);
#9198 = CARTESIAN_POINT('',(115.,27.4,19.5));
#9199 = SURFACE_CURVE('',#9200,(#9205,#9212),.PCURVE_S1.);
#9200 = CIRCLE('',#9201,2.);
#9201 = AXIS2_PLACEMENT_3D('',#9202,#9203,#9204);
#9202 = CARTESIAN_POINT('',(115.,27.4,17.5));
#9203 = DIRECTION('',(0.,1.,0.));
#9204 = DIRECTION('',(0.,-0.,1.));
#9205 = PCURVE('',#8073,#9206);
#9206 = DEFINITIONAL_REPRESENTATION('',(#9207),#9211);
#9207 = LINE('',#9208,#9209);
#9208 = CARTESIAN_POINT('',(0.,1.9));
#9209 = VECTOR('',#9210,1.);
#9210 = DIRECTION('',(1.,0.));
#9211 = ( GEOMETRIC_REPRESENTATION_CONTEXT(2) 
PARAMETRIC_REPRESENTATION_CONTEXT() REPRESENTATION_CONTEXT('2D SPACE',''
  ) );
#9212 = PCURVE('',#9213,#9218);
#9213 = CONICAL_SURFACE('',#9214,2.,1.080839000541);
#9214 = AXIS2_PLACEMENT_3D('',#9215,#9216,#9217);
#9215 = CARTESIAN_POINT('',(115.,27.4,17.5));
#9216 = DIRECTION('',(-0.,-1.,-0.));
#9217 = DIRECTION('',(0.,-0.,1.));
#9218 = DEFINITIONAL_REPRESENTATION('',(#9219),#9222);
#9219 = B_SPLINE_CURVE_WITH_KNOTS('',1,(#9220,#9221),.UNSPECIFIED.,.F.,
  .F.,(2,2),(0.,6.28318530718),.PIECEWISE_BEZIER_KNOTS.);
#9220 = CARTESIAN_POINT('',(6.28318530718,0.));
#9221 = CARTESIAN_POINT('',(-4.138911435803E-13,0.));
#9222 = ( GEOMETRIC_REPRESENTATION_CONTEXT(2) 
PARAMETRIC_REPRESENTATION_CONTEXT() REPRESENTATION_CONTEXT('2D SPACE',''
  ) );
#9223 = ORIENTED_EDGE('',*,*,#9224,.F.);
#9224 = EDGE_CURVE('',#8057,#9197,#9225,.T.);
#9225 = SEAM_CURVE('',#9226,(#9230,#9237),.PCURVE_S1.);
#9226 = LINE('',#9227,#9228);
#9227 = CARTESIAN_POINT('',(115.,25.5,19.5));
#9228 = VECTOR('',#9229,1.);
#9229 = DIRECTION('',(0.,1.,0.));
#9230 = PCURVE('',#8073,#9231);
#9231 = DEFINITIONAL_REPRESENTATION('',(#9232),#9236);
#9232 = LINE('',#9233,#9234);
#9233 = CARTESIAN_POINT('',(0.,-0.));
#9234 = VECTOR('',#9235,1.);
#9235 = DIRECTION('',(0.,1.));
#9236 = ( GEOMETRIC_REPRESENTATION_CONTEXT(2) 
PARAMETRIC_REPRESENTATION_CONTEXT() REPRESENTATION_CONTEXT('2D SPACE',''
  ) );
#9237 = PCURVE('',#8073,#9238);
#9238 = DEFINITIONAL_REPRESENTATION('',(#9239),#9243);
#9239 = LINE('',#9240,#9241);
#9240 = CARTESIAN_POINT('',(6.28318530718,-0.));
#9241 = VECTOR('',#9242,1.);
#9242 = DIRECTION('',(0.,1.));
#9243 = ( GEOMETRIC_REPRESENTATION_CONTEXT(2) 
PARAMETRIC_REPRESENTATION_CONTEXT() REPRESENTATION_CONTEXT('2D SPACE',''
  ) );
#9244 = ORIENTED_EDGE('',*,*,#8056,.T.);
#9245 = ORIENTED_EDGE('',*,*,#9224,.T.);
#9246 = ADVANCED_FACE('',(#9247),#8157,.T.);
#9247 = FACE_BOUND('',#9248,.T.);
#9248 = EDGE_LOOP('',(#9249,#9250,#9251,#9273));
#9249 = ORIENTED_EDGE('',*,*,#8453,.F.);
#9250 = ORIENTED_EDGE('',*,*,#8140,.T.);
#9251 = ORIENTED_EDGE('',*,*,#9252,.T.);
#9252 = EDGE_CURVE('',#8141,#8533,#9253,.T.);
#9253 = SURFACE_CURVE('',#9254,(#9259,#9266),.PCURVE_S1.);
#9254 = CIRCLE('',#9255,4.5);
#9255 = AXIS2_PLACEMENT_3D('',#9256,#9257,#9258);
#9256 = CARTESIAN_POINT('',(115.,220.4,17.5));
#9257 = DIRECTION('',(0.,1.,0.));
#9258 = DIRECTION('',(0.,0.,-1.));
#9259 = PCURVE('',#8157,#9260);
#9260 = DEFINITIONAL_REPRESENTATION('',(#9261),#9265);
#9261 = LINE('',#9262,#9263);
#9262 = CARTESIAN_POINT('',(3.14159265359,0.));
#9263 = VECTOR('',#9264,1.);
#9264 = DIRECTION('',(1.,0.));
#9265 = ( GEOMETRIC_REPRESENTATION_CONTEXT(2) 
PARAMETRIC_REPRESENTATION_CONTEXT() REPRESENTATION_CONTEXT('2D SPACE',''
  ) );
#9266 = PCURVE('',#8184,#9267);
#9267 = DEFINITIONAL_REPRESENTATION('',(#9268),#9272);
#9268 = LINE('',#9269,#9270);
#9269 = CARTESIAN_POINT('',(3.14159265359,3.9));
#9270 = VECTOR('',#9271,1.);
#9271 = DIRECTION('',(1.,0.));
#9272 = ( GEOMETRIC_REPRESENTATION_CONTEXT(2) 
PARAMETRIC_REPRESENTATION_CONTEXT() REPRESENTATION_CONTEXT('2D SPACE',''
  ) );
#9273 = ORIENTED_EDGE('',*,*,#8554,.T.);
#9274 = ADVANCED_FACE('',(#9275),#8184,.T.);
#9275 = FACE_BOUND('',#9276,.T.);
#9276 = EDGE_LOOP('',(#9277,#9278,#9279,#9280));
#9277 = ORIENTED_EDGE('',*,*,#9252,.F.);
#9278 = ORIENTED_EDGE('',*,*,#8168,.F.);
#9279 = ORIENTED_EDGE('',*,*,#8579,.T.);
#9280 = ORIENTED_EDGE('',*,*,#8532,.T.);
#9281 = ADVANCED_FACE('',(#9282),#8328,.T.);
#9282 = FACE_BOUND('',#9283,.T.);
#9283 = EDGE_LOOP('',(#9284,#9285,#9286));
#9284 = ORIENTED_EDGE('',*,*,#8266,.F.);
#9285 = ORIENTED_EDGE('',*,*,#8994,.F.);
#9286 = ORIENTED_EDGE('',*,*,#9023,.T.);
#9287 = ADVANCED_FACE('',(#9288),#8648,.T.);
#9288 = FACE_BOUND('',#9289,.T.);
#9289 = EDGE_LOOP('',(#9290,#9313,#9340,#9341,#9342));
#9290 = ORIENTED_EDGE('',*,*,#9291,.T.);
#9291 = EDGE_CURVE('',#8632,#9292,#9294,.T.);
#9292 = VERTEX_POINT('',#9293);
#9293 = CARTESIAN_POINT('',(115.,213.8,17.));
#9294 = SEAM_CURVE('',#9295,(#9299,#9306),.PCURVE_S1.);
#9295 = LINE('',#9296,#9297);
#9296 = CARTESIAN_POINT('',(115.,214.6,15.5));
#9297 = VECTOR('',#9298,1.);
#9298 = DIRECTION('',(2.161141410261E-16,-0.470588235294,0.882352941176)
  );
#9299 = PCURVE('',#8648,#9300);
#9300 = DEFINITIONAL_REPRESENTATION('',(#9301),#9305);
#9301 = LINE('',#9302,#9303);
#9302 = CARTESIAN_POINT('',(0.,0.));
#9303 = VECTOR('',#9304,1.);
#9304 = DIRECTION('',(-0.,-1.));
#9305 = ( GEOMETRIC_REPRESENTATION_CONTEXT(2) 
PARAMETRIC_REPRESENTATION_CONTEXT() REPRESENTATION_CONTEXT('2D SPACE',''
  ) );
#9306 = PCURVE('',#8648,#9307);
#9307 = DEFINITIONAL_REPRESENTATION('',(#9308),#9312);
#9308 = LINE('',#9309,#9310);
#9309 = CARTESIAN_POINT('',(6.283185307179,0.));
#9310 = VECTOR('',#9311,1.);
#9311 = DIRECTION('',(-0.,-1.));
#9312 = ( GEOMETRIC_REPRESENTATION_CONTEXT(2) 
PARAMETRIC_REPRESENTATION_CONTEXT() REPRESENTATION_CONTEXT('2D SPACE',''
  ) );
#9313 = ORIENTED_EDGE('',*,*,#9314,.F.);
#9314 = EDGE_CURVE('',#9292,#9292,#9315,.T.);
#9315 = SURFACE_CURVE('',#9316,(#9321,#9328),.PCURVE_S1.);
#9316 = CIRCLE('',#9317,0.5);
#9317 = AXIS2_PLACEMENT_3D('',#9318,#9319,#9320);
#9318 = CARTESIAN_POINT('',(115.,213.8,17.5));
#9319 = DIRECTION('',(0.,-1.,0.));
#9320 = DIRECTION('',(0.,-0.,-1.));
#9321 = PCURVE('',#8648,#9322);
#9322 = DEFINITIONAL_REPRESENTATION('',(#9323),#9327);
#9323 = LINE('',#9324,#9325);
#9324 = CARTESIAN_POINT('',(6.28318530718,-0.8));
#9325 = VECTOR('',#9326,1.);
#9326 = DIRECTION('',(-1.,0.));
#9327 = ( GEOMETRIC_REPRESENTATION_CONTEXT(2) 
PARAMETRIC_REPRESENTATION_CONTEXT() REPRESENTATION_CONTEXT('2D SPACE',''
  ) );
#9328 = PCURVE('',#9329,#9334);
#9329 = PLANE('',#9330);
#9330 = AXIS2_PLACEMENT_3D('',#9331,#9332,#9333);
#9331 = CARTESIAN_POINT('',(115.,213.8,17.5));
#9332 = DIRECTION('',(0.,-1.,0.));
#9333 = DIRECTION('',(0.,-0.,-1.));
#9334 = DEFINITIONAL_REPRESENTATION('',(#9335),#9339);
#9335 = CIRCLE('',#9336,0.5);
#9336 = AXIS2_PLACEMENT_2D('',#9337,#9338);
#9337 = CARTESIAN_POINT('',(0.,0.));
#9338 = DIRECTION('',(1.,0.));
#9339 = ( GEOMETRIC_REPRESENTATION_CONTEXT(2) 
PARAMETRIC_REPRESENTATION_CONTEXT() REPRESENTATION_CONTEXT('2D SPACE',''
  ) );
#9340 = ORIENTED_EDGE('',*,*,#9291,.F.);
#9341 = ORIENTED_EDGE('',*,*,#8631,.F.);
#9342 = ORIENTED_EDGE('',*,*,#8659,.F.);
#9343 = ADVANCED_FACE('',(#9344),#9213,.T.);
#9344 = FACE_BOUND('',#9345,.T.);
#9345 = EDGE_LOOP('',(#9346,#9375,#9396,#9397));
#9346 = ORIENTED_EDGE('',*,*,#9347,.F.);
#9347 = EDGE_CURVE('',#9348,#9348,#9350,.T.);
#9348 = VERTEX_POINT('',#9349);
#9349 = CARTESIAN_POINT('',(115.,28.2,18.));
#9350 = SURFACE_CURVE('',#9351,(#9356,#9363),.PCURVE_S1.);
#9351 = CIRCLE('',#9352,0.5);
#9352 = AXIS2_PLACEMENT_3D('',#9353,#9354,#9355);
#9353 = CARTESIAN_POINT('',(115.,28.2,17.5));
#9354 = DIRECTION('',(0.,1.,0.));
#9355 = DIRECTION('',(0.,-0.,1.));
#9356 = PCURVE('',#9213,#9357);
#9357 = DEFINITIONAL_REPRESENTATION('',(#9358),#9362);
#9358 = LINE('',#9359,#9360);
#9359 = CARTESIAN_POINT('',(6.28318530718,-0.8));
#9360 = VECTOR('',#9361,1.);
#9361 = DIRECTION('',(-1.,0.));
#9362 = ( GEOMETRIC_REPRESENTATION_CONTEXT(2) 
PARAMETRIC_REPRESENTATION_CONTEXT() REPRESENTATION_CONTEXT('2D SPACE',''
  ) );
#9363 = PCURVE('',#9364,#9369);
#9364 = PLANE('',#9365);
#9365 = AXIS2_PLACEMENT_3D('',#9366,#9367,#9368);
#9366 = CARTESIAN_POINT('',(115.,28.2,17.5));
#9367 = DIRECTION('',(0.,1.,0.));
#9368 = DIRECTION('',(0.,-0.,1.));
#9369 = DEFINITIONAL_REPRESENTATION('',(#9370),#9374);
#9370 = CIRCLE('',#9371,0.5);
#9371 = AXIS2_PLACEMENT_2D('',#9372,#9373);
#9372 = CARTESIAN_POINT('',(0.,0.));
#9373 = DIRECTION('',(1.,0.));
#9374 = ( GEOMETRIC_REPRESENTATION_CONTEXT(2) 
PARAMETRIC_REPRESENTATION_CONTEXT() REPRESENTATION_CONTEXT('2D SPACE',''
  ) );
#9375 = ORIENTED_EDGE('',*,*,#9376,.F.);
#9376 = EDGE_CURVE('',#9197,#9348,#9377,.T.);
#9377 = SEAM_CURVE('',#9378,(#9382,#9389),.PCURVE_S1.);
#9378 = LINE('',#9379,#9380);
#9379 = CARTESIAN_POINT('',(115.,27.4,19.5));
#9380 = VECTOR('',#9381,1.);
#9381 = DIRECTION('',(2.161141410261E-16,0.470588235294,-0.882352941176)
  );
#9382 = PCURVE('',#9213,#9383);
#9383 = DEFINITIONAL_REPRESENTATION('',(#9384),#9388);
#9384 = LINE('',#9385,#9386);
#9385 = CARTESIAN_POINT('',(6.28318530718,0.));
#9386 = VECTOR('',#9387,1.);
#9387 = DIRECTION('',(-0.,-1.));
#9388 = ( GEOMETRIC_REPRESENTATION_CONTEXT(2) 
PARAMETRIC_REPRESENTATION_CONTEXT() REPRESENTATION_CONTEXT('2D SPACE',''
  ) );
#9389 = PCURVE('',#9213,#9390);
#9390 = DEFINITIONAL_REPRESENTATION('',(#9391),#9395);
#9391 = LINE('',#9392,#9393);
#9392 = CARTESIAN_POINT('',(-4.138911435803E-13,0.));
#9393 = VECTOR('',#9394,1.);
#9394 = DIRECTION('',(-0.,-1.));
#9395 = ( GEOMETRIC_REPRESENTATION_CONTEXT(2) 
PARAMETRIC_REPRESENTATION_CONTEXT() REPRESENTATION_CONTEXT('2D SPACE',''
  ) );
#9396 = ORIENTED_EDGE('',*,*,#9196,.T.);
#9397 = ORIENTED_EDGE('',*,*,#9376,.T.);
#9398 = ADVANCED_FACE('',(#9399),#9329,.T.);
#9399 = FACE_BOUND('',#9400,.T.);
#9400 = EDGE_LOOP('',(#9401));
#9401 = ORIENTED_EDGE('',*,*,#9314,.T.);
#9402 = ADVANCED_FACE('',(#9403),#9364,.T.);
#9403 = FACE_BOUND('',#9404,.T.);
#9404 = EDGE_LOOP('',(#9405));
#9405 = ORIENTED_EDGE('',*,*,#9347,.T.);
#9406 = ( GEOMETRIC_REPRESENTATION_CONTEXT(3) 
GLOBAL_UNCERTAINTY_ASSIGNED_CONTEXT((#9410)) 
GLOBAL_UNIT_ASSIGNED_CONTEXT((#9407,#9408,#9409)) REPRESENTATION_CONTEXT
('Context #1','3D Context with UNIT and UNCERTAINTY') );
#9407 = ( LENGTH_UNIT() NAMED_UNIT(*) SI_UNIT(.MILLI.,.METRE.) );
#9408 = ( NAMED_UNIT(*) PLANE_ANGLE_UNIT() SI_UNIT($,.RADIAN.) );
#9409 = ( NAMED_UNIT(*) SI_UNIT($,.STERADIAN.) SOLID_ANGLE_UNIT() );
#9410 = UNCERTAINTY_MEASURE_WITH_UNIT(LENGTH_MEASURE(1.E-07),#9407,
  'distance_accuracy_value','confusion accuracy');
#9411 = PRODUCT_RELATED_PRODUCT_CATEGORY('part',$,(#7));
ENDSEC;
END-ISO-10303-21;
