ISO-10303-21;
HEADER;
FILE_DESCRIPTION(('Open CASCADE Model'),'2;1');
FILE_NAME('Open CASCADE Shape Model','2026-10-06T12:42:59',('Author'),(
    'Open CASCADE'),'Open CASCADE STEP processor 7.8','Open CASCADE 7.8'
  ,'Unknown');
FILE_SCHEMA(('AUTOMOTIVE_DESIGN { 1 0 10303 214 1 1 1 1 }'));
ENDSEC;
DATA;
#1 = APPLICATION_PROTOCOL_DEFINITION('international standard',
  'automotive_design',2000,#2);
#2 = APPLICATION_CONTEXT(
  'core data for automotive mechanical design processes');
#3 = SHAPE_DEFINITION_REPRESENTATION(#4,#10);
#4 = PRODUCT_DEFINITION_SHAPE('','',#5);
#5 = PRODUCT_DEFINITION('design','',#6,#9);
#6 = PRODUCT_DEFINITION_FORMATION('','',#7);
#7 = PRODUCT('Open CASCADE STEP translator 7.8 5',
  'Open CASCADE STEP translator 7.8 5','',(#8));
#8 = PRODUCT_CONTEXT('',#2,'mechanical');
#9 = PRODUCT_DEFINITION_CONTEXT('part definition',#2,'design');
#10 = ADVANCED_BREP_SHAPE_REPRESENTATION('',(#11,#15),#9525);
#11 = AXIS2_PLACEMENT_3D('',#12,#13,#14);
#12 = CARTESIAN_POINT('',(0.,0.,0.));
#13 = DIRECTION('',(0.,0.,1.));
#14 = DIRECTION('',(1.,0.,-0.));
#15 = MANIFOLD_SOLID_BREP('',#16);
#16 = CLOSED_SHELL('',(#17,#1228,#1388,#1437,#1543,#1592,#1703,#1752,
    #1801,#1902,#1951,#2001,#2050,#2100,#2149,#2260,#2309,#2358,#2459,
    #2508,#2619,#2668,#2796,#2845,#2894,#3003,#3057,#3697,#3770,#3819,
    #3897,#3974,#4023,#4095,#4144,#4193,#4242,#4291,#4340,#4389,#4438,
    #4510,#4537,#4564,#4839,#4888,#4916,#4923,#4950,#4958,#4986,#4993,
    #5042,#5070,#5077,#5085,#5134,#6711,#6737,#6744,#6793,#6842,#6869,
    #6918,#6967,#6994,#7043,#7092,#7119,#7168,#7217,#7244,#7293,#7342,
    #7369,#7396,#7403,#7410,#7417,#7424,#7431,#7438,#7445,#7521,#7570,
    #7646,#7695,#7771,#7820,#7896,#7972,#8048,#8124,#8173,#8222,#8249,
    #8256,#8332,#8381,#8430,#8506,#8555,#8604,#8680,#8729,#8778,#8827,
    #8854,#8861,#8910,#8937,#8944,#8993,#9042,#9069,#9118,#9167,#9194,
    #9243,#9292,#9319,#9368,#9395,#9402,#9429,#9436,#9463,#9470,#9497,
    #9504,#9511,#9518));
#17 = ADVANCED_FACE('',(#18),#32,.F.);
#18 = FACE_BOUND('',#19,.T.);
#19 = EDGE_LOOP('',(#20,#55,#83,#111,#139,#167,#195,#223,#251,#279,#307,
    #335,#363,#391,#424,#452,#485,#513,#541,#574,#602,#630,#658,#686,
    #719,#747,#780,#808,#836,#869,#897,#930,#958,#991,#1019,#1052,#1080,
    #1108,#1141,#1169,#1202));
#20 = ORIENTED_EDGE('',*,*,#21,.F.);
#21 = EDGE_CURVE('',#22,#24,#26,.T.);
#22 = VERTEX_POINT('',#23);
#23 = CARTESIAN_POINT('',(196.,3.1,11.8));
#24 = VERTEX_POINT('',#25);
#25 = CARTESIAN_POINT('',(196.,29.,11.8));
#26 = SURFACE_CURVE('',#27,(#31,#43),.PCURVE_S1.);
#27 = LINE('',#28,#29);
#28 = CARTESIAN_POINT('',(196.,3.1,11.8));
#29 = VECTOR('',#30,1.);
#30 = DIRECTION('',(-0.,1.,-0.));
#31 = PCURVE('',#32,#37);
#32 = PLANE('',#33);
#33 = AXIS2_PLACEMENT_3D('',#34,#35,#36);
#34 = CARTESIAN_POINT('',(196.,3.1,11.8));
#35 = DIRECTION('',(-0.,-0.,1.));
#36 = DIRECTION('',(0.,-1.,0.));
#37 = DEFINITIONAL_REPRESENTATION('',(#38),#42);
#38 = LINE('',#39,#40);
#39 = CARTESIAN_POINT('',(-0.,0.));
#40 = VECTOR('',#41,1.);
#41 = DIRECTION('',(-1.,0.));
#42 = ( GEOMETRIC_REPRESENTATION_CONTEXT(2) 
PARAMETRIC_REPRESENTATION_CONTEXT() REPRESENTATION_CONTEXT('2D SPACE',''
  ) );
#43 = PCURVE('',#44,#49);
#44 = PLANE('',#45);
#45 = AXIS2_PLACEMENT_3D('',#46,#47,#48);
#46 = CARTESIAN_POINT('',(196.,97.7,14.140867758411));
#47 = DIRECTION('',(-1.,-0.,-0.));
#48 = DIRECTION('',(0.,0.,-1.));
#49 = DEFINITIONAL_REPRESENTATION('',(#50),#54);
#50 = LINE('',#51,#52);
#51 = CARTESIAN_POINT('',(2.340867758411,94.6));
#52 = VECTOR('',#53,1.);
#53 = DIRECTION('',(-0.,-1.));
#54 = ( GEOMETRIC_REPRESENTATION_CONTEXT(2) 
PARAMETRIC_REPRESENTATION_CONTEXT() REPRESENTATION_CONTEXT('2D SPACE',''
  ) );
#55 = ORIENTED_EDGE('',*,*,#56,.T.);
#56 = EDGE_CURVE('',#22,#57,#59,.T.);
#57 = VERTEX_POINT('',#58);
#58 = CARTESIAN_POINT('',(193.,3.1,11.8));
#59 = SURFACE_CURVE('',#60,(#64,#71),.PCURVE_S1.);
#60 = LINE('',#61,#62);
#61 = CARTESIAN_POINT('',(196.,3.1,11.8));
#62 = VECTOR('',#63,1.);
#63 = DIRECTION('',(-1.,-0.,-0.));
#64 = PCURVE('',#32,#65);
#65 = DEFINITIONAL_REPRESENTATION('',(#66),#70);
#66 = LINE('',#67,#68);
#67 = CARTESIAN_POINT('',(-0.,0.));
#68 = VECTOR('',#69,1.);
#69 = DIRECTION('',(-0.,-1.));
#70 = ( GEOMETRIC_REPRESENTATION_CONTEXT(2) 
PARAMETRIC_REPRESENTATION_CONTEXT() REPRESENTATION_CONTEXT('2D SPACE',''
  ) );
#71 = PCURVE('',#72,#77);
#72 = PLANE('',#73);
#73 = AXIS2_PLACEMENT_3D('',#74,#75,#76);
#74 = CARTESIAN_POINT('',(196.,3.1,15.4));
#75 = DIRECTION('',(-0.,1.,-0.));
#76 = DIRECTION('',(0.,0.,1.));
#77 = DEFINITIONAL_REPRESENTATION('',(#78),#82);
#78 = LINE('',#79,#80);
#79 = CARTESIAN_POINT('',(-3.6,0.));
#80 = VECTOR('',#81,1.);
#81 = DIRECTION('',(-0.,-1.));
#82 = ( GEOMETRIC_REPRESENTATION_CONTEXT(2) 
PARAMETRIC_REPRESENTATION_CONTEXT() REPRESENTATION_CONTEXT('2D SPACE',''
  ) );
#83 = ORIENTED_EDGE('',*,*,#84,.T.);
#84 = EDGE_CURVE('',#57,#85,#87,.T.);
#85 = VERTEX_POINT('',#86);
#86 = CARTESIAN_POINT('',(193.,5.1,11.8));
#87 = SURFACE_CURVE('',#88,(#92,#99),.PCURVE_S1.);
#88 = LINE('',#89,#90);
#89 = CARTESIAN_POINT('',(193.,3.,11.8));
#90 = VECTOR('',#91,1.);
#91 = DIRECTION('',(-0.,1.,-0.));
#92 = PCURVE('',#32,#93);
#93 = DEFINITIONAL_REPRESENTATION('',(#94),#98);
#94 = LINE('',#95,#96);
#95 = CARTESIAN_POINT('',(0.1,-3.));
#96 = VECTOR('',#97,1.);
#97 = DIRECTION('',(-1.,0.));
#98 = ( GEOMETRIC_REPRESENTATION_CONTEXT(2) 
PARAMETRIC_REPRESENTATION_CONTEXT() REPRESENTATION_CONTEXT('2D SPACE',''
  ) );
#99 = PCURVE('',#100,#105);
#100 = PLANE('',#101);
#101 = AXIS2_PLACEMENT_3D('',#102,#103,#104);
#102 = CARTESIAN_POINT('',(193.,2.9,11.7));
#103 = DIRECTION('',(-1.,-0.,-0.));
#104 = DIRECTION('',(0.,0.,-1.));
#105 = DEFINITIONAL_REPRESENTATION('',(#106),#110);
#106 = LINE('',#107,#108);
#107 = CARTESIAN_POINT('',(-0.1,-0.1));
#108 = VECTOR('',#109,1.);
#109 = DIRECTION('',(-0.,-1.));
#110 = ( GEOMETRIC_REPRESENTATION_CONTEXT(2) 
PARAMETRIC_REPRESENTATION_CONTEXT() REPRESENTATION_CONTEXT('2D SPACE',''
  ) );
#111 = ORIENTED_EDGE('',*,*,#112,.T.);
#112 = EDGE_CURVE('',#85,#113,#115,.T.);
#113 = VERTEX_POINT('',#114);
#114 = CARTESIAN_POINT('',(162.,5.1,11.8));
#115 = SURFACE_CURVE('',#116,(#120,#127),.PCURVE_S1.);
#116 = LINE('',#117,#118);
#117 = CARTESIAN_POINT('',(196.,5.1,11.8));
#118 = VECTOR('',#119,1.);
#119 = DIRECTION('',(-1.,-0.,-0.));
#120 = PCURVE('',#32,#121);
#121 = DEFINITIONAL_REPRESENTATION('',(#122),#126);
#122 = LINE('',#123,#124);
#123 = CARTESIAN_POINT('',(-2.,0.));
#124 = VECTOR('',#125,1.);
#125 = DIRECTION('',(-0.,-1.));
#126 = ( GEOMETRIC_REPRESENTATION_CONTEXT(2) 
PARAMETRIC_REPRESENTATION_CONTEXT() REPRESENTATION_CONTEXT('2D SPACE',''
  ) );
#127 = PCURVE('',#128,#133);
#128 = PLANE('',#129);
#129 = AXIS2_PLACEMENT_3D('',#130,#131,#132);
#130 = CARTESIAN_POINT('',(196.,5.1,11.8));
#131 = DIRECTION('',(-0.,1.,-0.));
#132 = DIRECTION('',(0.,0.,-1.));
#133 = DEFINITIONAL_REPRESENTATION('',(#134),#138);
#134 = LINE('',#135,#136);
#135 = CARTESIAN_POINT('',(-0.,-0.));
#136 = VECTOR('',#137,1.);
#137 = DIRECTION('',(-0.,1.));
#138 = ( GEOMETRIC_REPRESENTATION_CONTEXT(2) 
PARAMETRIC_REPRESENTATION_CONTEXT() REPRESENTATION_CONTEXT('2D SPACE',''
  ) );
#139 = ORIENTED_EDGE('',*,*,#140,.F.);
#140 = EDGE_CURVE('',#141,#113,#143,.T.);
#141 = VERTEX_POINT('',#142);
#142 = CARTESIAN_POINT('',(162.,0.2,11.8));
#143 = SURFACE_CURVE('',#144,(#148,#155),.PCURVE_S1.);
#144 = LINE('',#145,#146);
#145 = CARTESIAN_POINT('',(162.,0.2,11.8));
#146 = VECTOR('',#147,1.);
#147 = DIRECTION('',(-0.,1.,-0.));
#148 = PCURVE('',#32,#149);
#149 = DEFINITIONAL_REPRESENTATION('',(#150),#154);
#150 = LINE('',#151,#152);
#151 = CARTESIAN_POINT('',(2.9,-34.));
#152 = VECTOR('',#153,1.);
#153 = DIRECTION('',(-1.,0.));
#154 = ( GEOMETRIC_REPRESENTATION_CONTEXT(2) 
PARAMETRIC_REPRESENTATION_CONTEXT() REPRESENTATION_CONTEXT('2D SPACE',''
  ) );
#155 = PCURVE('',#156,#161);
#156 = PLANE('',#157);
#157 = AXIS2_PLACEMENT_3D('',#158,#159,#160);
#158 = CARTESIAN_POINT('',(162.,0.2,11.8));
#159 = DIRECTION('',(-1.,-0.,-0.));
#160 = DIRECTION('',(0.,0.,-1.));
#161 = DEFINITIONAL_REPRESENTATION('',(#162),#166);
#162 = LINE('',#163,#164);
#163 = CARTESIAN_POINT('',(-0.,-0.));
#164 = VECTOR('',#165,1.);
#165 = DIRECTION('',(-0.,-1.));
#166 = ( GEOMETRIC_REPRESENTATION_CONTEXT(2) 
PARAMETRIC_REPRESENTATION_CONTEXT() REPRESENTATION_CONTEXT('2D SPACE',''
  ) );
#167 = ORIENTED_EDGE('',*,*,#168,.T.);
#168 = EDGE_CURVE('',#141,#169,#171,.T.);
#169 = VERTEX_POINT('',#170);
#170 = CARTESIAN_POINT('',(142.,0.2,11.8));
#171 = SURFACE_CURVE('',#172,(#176,#183),.PCURVE_S1.);
#172 = LINE('',#173,#174);
#173 = CARTESIAN_POINT('',(162.,0.2,11.8));
#174 = VECTOR('',#175,1.);
#175 = DIRECTION('',(-1.,-0.,-0.));
#176 = PCURVE('',#32,#177);
#177 = DEFINITIONAL_REPRESENTATION('',(#178),#182);
#178 = LINE('',#179,#180);
#179 = CARTESIAN_POINT('',(2.9,-34.));
#180 = VECTOR('',#181,1.);
#181 = DIRECTION('',(-0.,-1.));
#182 = ( GEOMETRIC_REPRESENTATION_CONTEXT(2) 
PARAMETRIC_REPRESENTATION_CONTEXT() REPRESENTATION_CONTEXT('2D SPACE',''
  ) );
#183 = PCURVE('',#184,#189);
#184 = PLANE('',#185);
#185 = AXIS2_PLACEMENT_3D('',#186,#187,#188);
#186 = CARTESIAN_POINT('',(162.,0.2,11.8));
#187 = DIRECTION('',(-0.,1.,-0.));
#188 = DIRECTION('',(0.,0.,-1.));
#189 = DEFINITIONAL_REPRESENTATION('',(#190),#194);
#190 = LINE('',#191,#192);
#191 = CARTESIAN_POINT('',(-0.,-0.));
#192 = VECTOR('',#193,1.);
#193 = DIRECTION('',(-0.,1.));
#194 = ( GEOMETRIC_REPRESENTATION_CONTEXT(2) 
PARAMETRIC_REPRESENTATION_CONTEXT() REPRESENTATION_CONTEXT('2D SPACE',''
  ) );
#195 = ORIENTED_EDGE('',*,*,#196,.F.);
#196 = EDGE_CURVE('',#197,#169,#199,.T.);
#197 = VERTEX_POINT('',#198);
#198 = CARTESIAN_POINT('',(142.,6.3,11.8));
#199 = SURFACE_CURVE('',#200,(#204,#211),.PCURVE_S1.);
#200 = LINE('',#201,#202);
#201 = CARTESIAN_POINT('',(142.,6.3,11.8));
#202 = VECTOR('',#203,1.);
#203 = DIRECTION('',(-0.,-1.,-0.));
#204 = PCURVE('',#32,#205);
#205 = DEFINITIONAL_REPRESENTATION('',(#206),#210);
#206 = LINE('',#207,#208);
#207 = CARTESIAN_POINT('',(-3.2,-54.));
#208 = VECTOR('',#209,1.);
#209 = DIRECTION('',(1.,-0.));
#210 = ( GEOMETRIC_REPRESENTATION_CONTEXT(2) 
PARAMETRIC_REPRESENTATION_CONTEXT() REPRESENTATION_CONTEXT('2D SPACE',''
  ) );
#211 = PCURVE('',#212,#217);
#212 = PLANE('',#213);
#213 = AXIS2_PLACEMENT_3D('',#214,#215,#216);
#214 = CARTESIAN_POINT('',(142.,5.1,11.8));
#215 = DIRECTION('',(1.,-0.,-0.));
#216 = DIRECTION('',(0.,-1.,0.));
#217 = DEFINITIONAL_REPRESENTATION('',(#218),#222);
#218 = LINE('',#219,#220);
#219 = CARTESIAN_POINT('',(-1.2,-0.));
#220 = VECTOR('',#221,1.);
#221 = DIRECTION('',(1.,-0.));
#222 = ( GEOMETRIC_REPRESENTATION_CONTEXT(2) 
PARAMETRIC_REPRESENTATION_CONTEXT() REPRESENTATION_CONTEXT('2D SPACE',''
  ) );
#223 = ORIENTED_EDGE('',*,*,#224,.T.);
#224 = EDGE_CURVE('',#197,#225,#227,.T.);
#225 = VERTEX_POINT('',#226);
#226 = CARTESIAN_POINT('',(193.,6.3,11.8));
#227 = SURFACE_CURVE('',#228,(#232,#239),.PCURVE_S1.);
#228 = LINE('',#229,#230);
#229 = CARTESIAN_POINT('',(142.,6.3,11.8));
#230 = VECTOR('',#231,1.);
#231 = DIRECTION('',(1.,-0.,-0.));
#232 = PCURVE('',#32,#233);
#233 = DEFINITIONAL_REPRESENTATION('',(#234),#238);
#234 = LINE('',#235,#236);
#235 = CARTESIAN_POINT('',(-3.2,-54.));
#236 = VECTOR('',#237,1.);
#237 = DIRECTION('',(-0.,1.));
#238 = ( GEOMETRIC_REPRESENTATION_CONTEXT(2) 
PARAMETRIC_REPRESENTATION_CONTEXT() REPRESENTATION_CONTEXT('2D SPACE',''
  ) );
#239 = PCURVE('',#240,#245);
#240 = PLANE('',#241);
#241 = AXIS2_PLACEMENT_3D('',#242,#243,#244);
#242 = CARTESIAN_POINT('',(142.,6.3,11.8));
#243 = DIRECTION('',(-0.,-1.,-0.));
#244 = DIRECTION('',(-1.,0.,0.));
#245 = DEFINITIONAL_REPRESENTATION('',(#246),#250);
#246 = LINE('',#247,#248);
#247 = CARTESIAN_POINT('',(-0.,0.));
#248 = VECTOR('',#249,1.);
#249 = DIRECTION('',(-1.,0.));
#250 = ( GEOMETRIC_REPRESENTATION_CONTEXT(2) 
PARAMETRIC_REPRESENTATION_CONTEXT() REPRESENTATION_CONTEXT('2D SPACE',''
  ) );
#251 = ORIENTED_EDGE('',*,*,#252,.T.);
#252 = EDGE_CURVE('',#225,#253,#255,.T.);
#253 = VERTEX_POINT('',#254);
#254 = CARTESIAN_POINT('',(193.,9.5,11.8));
#255 = SURFACE_CURVE('',#256,(#260,#267),.PCURVE_S1.);
#256 = LINE('',#257,#258);
#257 = CARTESIAN_POINT('',(193.,3.,11.8));
#258 = VECTOR('',#259,1.);
#259 = DIRECTION('',(-0.,1.,-0.));
#260 = PCURVE('',#32,#261);
#261 = DEFINITIONAL_REPRESENTATION('',(#262),#266);
#262 = LINE('',#263,#264);
#263 = CARTESIAN_POINT('',(0.1,-3.));
#264 = VECTOR('',#265,1.);
#265 = DIRECTION('',(-1.,0.));
#266 = ( GEOMETRIC_REPRESENTATION_CONTEXT(2) 
PARAMETRIC_REPRESENTATION_CONTEXT() REPRESENTATION_CONTEXT('2D SPACE',''
  ) );
#267 = PCURVE('',#268,#273);
#268 = PLANE('',#269);
#269 = AXIS2_PLACEMENT_3D('',#270,#271,#272);
#270 = CARTESIAN_POINT('',(193.,2.9,11.7));
#271 = DIRECTION('',(-1.,-0.,-0.));
#272 = DIRECTION('',(0.,0.,-1.));
#273 = DEFINITIONAL_REPRESENTATION('',(#274),#278);
#274 = LINE('',#275,#276);
#275 = CARTESIAN_POINT('',(-0.1,-0.1));
#276 = VECTOR('',#277,1.);
#277 = DIRECTION('',(-0.,-1.));
#278 = ( GEOMETRIC_REPRESENTATION_CONTEXT(2) 
PARAMETRIC_REPRESENTATION_CONTEXT() REPRESENTATION_CONTEXT('2D SPACE',''
  ) );
#279 = ORIENTED_EDGE('',*,*,#280,.F.);
#280 = EDGE_CURVE('',#281,#253,#283,.T.);
#281 = VERTEX_POINT('',#282);
#282 = CARTESIAN_POINT('',(139.,9.5,11.8));
#283 = SURFACE_CURVE('',#284,(#288,#295),.PCURVE_S1.);
#284 = LINE('',#285,#286);
#285 = CARTESIAN_POINT('',(194.5,9.5,11.8));
#286 = VECTOR('',#287,1.);
#287 = DIRECTION('',(1.,-0.,0.));
#288 = PCURVE('',#32,#289);
#289 = DEFINITIONAL_REPRESENTATION('',(#290),#294);
#290 = LINE('',#291,#292);
#291 = CARTESIAN_POINT('',(-6.4,-1.5));
#292 = VECTOR('',#293,1.);
#293 = DIRECTION('',(-0.,1.));
#294 = ( GEOMETRIC_REPRESENTATION_CONTEXT(2) 
PARAMETRIC_REPRESENTATION_CONTEXT() REPRESENTATION_CONTEXT('2D SPACE',''
  ) );
#295 = PCURVE('',#296,#301);
#296 = PLANE('',#297);
#297 = AXIS2_PLACEMENT_3D('',#298,#299,#300);
#298 = CARTESIAN_POINT('',(193.,9.5,11.7));
#299 = DIRECTION('',(-0.,1.,-0.));
#300 = DIRECTION('',(0.,0.,-1.));
#301 = DEFINITIONAL_REPRESENTATION('',(#302),#306);
#302 = LINE('',#303,#304);
#303 = CARTESIAN_POINT('',(-0.1,-1.5));
#304 = VECTOR('',#305,1.);
#305 = DIRECTION('',(-0.,-1.));
#306 = ( GEOMETRIC_REPRESENTATION_CONTEXT(2) 
PARAMETRIC_REPRESENTATION_CONTEXT() REPRESENTATION_CONTEXT('2D SPACE',''
  ) );
#307 = ORIENTED_EDGE('',*,*,#308,.F.);
#308 = EDGE_CURVE('',#309,#281,#311,.T.);
#309 = VERTEX_POINT('',#310);
#310 = CARTESIAN_POINT('',(139.,3.1,11.8));
#311 = SURFACE_CURVE('',#312,(#316,#323),.PCURVE_S1.);
#312 = LINE('',#313,#314);
#313 = CARTESIAN_POINT('',(139.,3.,11.8));
#314 = VECTOR('',#315,1.);
#315 = DIRECTION('',(-0.,1.,-0.));
#316 = PCURVE('',#32,#317);
#317 = DEFINITIONAL_REPRESENTATION('',(#318),#322);
#318 = LINE('',#319,#320);
#319 = CARTESIAN_POINT('',(0.1,-57.));
#320 = VECTOR('',#321,1.);
#321 = DIRECTION('',(-1.,0.));
#322 = ( GEOMETRIC_REPRESENTATION_CONTEXT(2) 
PARAMETRIC_REPRESENTATION_CONTEXT() REPRESENTATION_CONTEXT('2D SPACE',''
  ) );
#323 = PCURVE('',#324,#329);
#324 = PLANE('',#325);
#325 = AXIS2_PLACEMENT_3D('',#326,#327,#328);
#326 = CARTESIAN_POINT('',(139.,2.9,11.7));
#327 = DIRECTION('',(-1.,-0.,-0.));
#328 = DIRECTION('',(0.,0.,-1.));
#329 = DEFINITIONAL_REPRESENTATION('',(#330),#334);
#330 = LINE('',#331,#332);
#331 = CARTESIAN_POINT('',(-0.1,-0.1));
#332 = VECTOR('',#333,1.);
#333 = DIRECTION('',(-0.,-1.));
#334 = ( GEOMETRIC_REPRESENTATION_CONTEXT(2) 
PARAMETRIC_REPRESENTATION_CONTEXT() REPRESENTATION_CONTEXT('2D SPACE',''
  ) );
#335 = ORIENTED_EDGE('',*,*,#336,.T.);
#336 = EDGE_CURVE('',#309,#337,#339,.T.);
#337 = VERTEX_POINT('',#338);
#338 = CARTESIAN_POINT('',(117.,3.1,11.8));
#339 = SURFACE_CURVE('',#340,(#344,#351),.PCURVE_S1.);
#340 = LINE('',#341,#342);
#341 = CARTESIAN_POINT('',(196.,3.1,11.8));
#342 = VECTOR('',#343,1.);
#343 = DIRECTION('',(-1.,-0.,-0.));
#344 = PCURVE('',#32,#345);
#345 = DEFINITIONAL_REPRESENTATION('',(#346),#350);
#346 = LINE('',#347,#348);
#347 = CARTESIAN_POINT('',(-0.,0.));
#348 = VECTOR('',#349,1.);
#349 = DIRECTION('',(-0.,-1.));
#350 = ( GEOMETRIC_REPRESENTATION_CONTEXT(2) 
PARAMETRIC_REPRESENTATION_CONTEXT() REPRESENTATION_CONTEXT('2D SPACE',''
  ) );
#351 = PCURVE('',#352,#357);
#352 = PLANE('',#353);
#353 = AXIS2_PLACEMENT_3D('',#354,#355,#356);
#354 = CARTESIAN_POINT('',(196.,3.1,15.4));
#355 = DIRECTION('',(-0.,1.,-0.));
#356 = DIRECTION('',(0.,0.,1.));
#357 = DEFINITIONAL_REPRESENTATION('',(#358),#362);
#358 = LINE('',#359,#360);
#359 = CARTESIAN_POINT('',(-3.6,0.));
#360 = VECTOR('',#361,1.);
#361 = DIRECTION('',(-0.,-1.));
#362 = ( GEOMETRIC_REPRESENTATION_CONTEXT(2) 
PARAMETRIC_REPRESENTATION_CONTEXT() REPRESENTATION_CONTEXT('2D SPACE',''
  ) );
#363 = ORIENTED_EDGE('',*,*,#364,.T.);
#364 = EDGE_CURVE('',#337,#365,#367,.T.);
#365 = VERTEX_POINT('',#366);
#366 = CARTESIAN_POINT('',(117.,8.3,11.8));
#367 = SURFACE_CURVE('',#368,(#372,#379),.PCURVE_S1.);
#368 = LINE('',#369,#370);
#369 = CARTESIAN_POINT('',(117.,1.05,11.8));
#370 = VECTOR('',#371,1.);
#371 = DIRECTION('',(-0.,1.,-0.));
#372 = PCURVE('',#32,#373);
#373 = DEFINITIONAL_REPRESENTATION('',(#374),#378);
#374 = LINE('',#375,#376);
#375 = CARTESIAN_POINT('',(2.05,-79.));
#376 = VECTOR('',#377,1.);
#377 = DIRECTION('',(-1.,0.));
#378 = ( GEOMETRIC_REPRESENTATION_CONTEXT(2) 
PARAMETRIC_REPRESENTATION_CONTEXT() REPRESENTATION_CONTEXT('2D SPACE',''
  ) );
#379 = PCURVE('',#380,#385);
#380 = PLANE('',#381);
#381 = AXIS2_PLACEMENT_3D('',#382,#383,#384);
#382 = CARTESIAN_POINT('',(117.,-1.,11.7));
#383 = DIRECTION('',(-1.,-0.,-0.));
#384 = DIRECTION('',(0.,0.,-1.));
#385 = DEFINITIONAL_REPRESENTATION('',(#386),#390);
#386 = LINE('',#387,#388);
#387 = CARTESIAN_POINT('',(-0.1,-2.05));
#388 = VECTOR('',#389,1.);
#389 = DIRECTION('',(-0.,-1.));
#390 = ( GEOMETRIC_REPRESENTATION_CONTEXT(2) 
PARAMETRIC_REPRESENTATION_CONTEXT() REPRESENTATION_CONTEXT('2D SPACE',''
  ) );
#391 = ORIENTED_EDGE('',*,*,#392,.F.);
#392 = EDGE_CURVE('',#393,#365,#395,.T.);
#393 = VERTEX_POINT('',#394);
#394 = CARTESIAN_POINT('',(115.7,9.6,11.8));
#395 = SURFACE_CURVE('',#396,(#401,#412),.PCURVE_S1.);
#396 = CIRCLE('',#397,1.3);
#397 = AXIS2_PLACEMENT_3D('',#398,#399,#400);
#398 = CARTESIAN_POINT('',(115.7,8.3,11.8));
#399 = DIRECTION('',(0.,0.,-1.));
#400 = DIRECTION('',(1.,-0.,0.));
#401 = PCURVE('',#32,#402);
#402 = DEFINITIONAL_REPRESENTATION('',(#403),#411);
#403 = ( BOUNDED_CURVE() B_SPLINE_CURVE(2,(#404,#405,#406,#407,#408,#409
,#410),.UNSPECIFIED.,.T.,.F.) B_SPLINE_CURVE_WITH_KNOTS((1,2,2,2,2,1),(
    -2.094395102393,0.,2.094395102393,4.188790204786,6.28318530718,
8.377580409573),.UNSPECIFIED.) CURVE() GEOMETRIC_REPRESENTATION_ITEM() 
RATIONAL_B_SPLINE_CURVE((1.,0.5,1.,0.5,1.,0.5,1.)) REPRESENTATION_ITEM(
  '') );
#404 = CARTESIAN_POINT('',(-5.2,-79.));
#405 = CARTESIAN_POINT('',(-2.94833395016,-79.));
#406 = CARTESIAN_POINT('',(-4.07416697508,-80.95));
#407 = CARTESIAN_POINT('',(-5.2,-82.9));
#408 = CARTESIAN_POINT('',(-6.32583302492,-80.95));
#409 = CARTESIAN_POINT('',(-7.45166604984,-79.));
#410 = CARTESIAN_POINT('',(-5.2,-79.));
#411 = ( GEOMETRIC_REPRESENTATION_CONTEXT(2) 
PARAMETRIC_REPRESENTATION_CONTEXT() REPRESENTATION_CONTEXT('2D SPACE',''
  ) );
#412 = PCURVE('',#413,#418);
#413 = CYLINDRICAL_SURFACE('',#414,1.3);
#414 = AXIS2_PLACEMENT_3D('',#415,#416,#417);
#415 = CARTESIAN_POINT('',(115.7,8.3,11.7));
#416 = DIRECTION('',(-0.,-0.,1.));
#417 = DIRECTION('',(1.,-0.,0.));
#418 = DEFINITIONAL_REPRESENTATION('',(#419),#423);
#419 = LINE('',#420,#421);
#420 = CARTESIAN_POINT('',(6.28318530718,0.1));
#421 = VECTOR('',#422,1.);
#422 = DIRECTION('',(-1.,0.));
#423 = ( GEOMETRIC_REPRESENTATION_CONTEXT(2) 
PARAMETRIC_REPRESENTATION_CONTEXT() REPRESENTATION_CONTEXT('2D SPACE',''
  ) );
#424 = ORIENTED_EDGE('',*,*,#425,.F.);
#425 = EDGE_CURVE('',#426,#393,#428,.T.);
#426 = VERTEX_POINT('',#427);
#427 = CARTESIAN_POINT('',(98.3,9.6,11.8));
#428 = SURFACE_CURVE('',#429,(#433,#440),.PCURVE_S1.);
#429 = LINE('',#430,#431);
#430 = CARTESIAN_POINT('',(156.5,9.6,11.8));
#431 = VECTOR('',#432,1.);
#432 = DIRECTION('',(1.,-0.,0.));
#433 = PCURVE('',#32,#434);
#434 = DEFINITIONAL_REPRESENTATION('',(#435),#439);
#435 = LINE('',#436,#437);
#436 = CARTESIAN_POINT('',(-6.5,-39.5));
#437 = VECTOR('',#438,1.);
#438 = DIRECTION('',(-0.,1.));
#439 = ( GEOMETRIC_REPRESENTATION_CONTEXT(2) 
PARAMETRIC_REPRESENTATION_CONTEXT() REPRESENTATION_CONTEXT('2D SPACE',''
  ) );
#440 = PCURVE('',#441,#446);
#441 = PLANE('',#442);
#442 = AXIS2_PLACEMENT_3D('',#443,#444,#445);
#443 = CARTESIAN_POINT('',(117.,9.6,11.7));
#444 = DIRECTION('',(-0.,1.,-0.));
#445 = DIRECTION('',(0.,0.,-1.));
#446 = DEFINITIONAL_REPRESENTATION('',(#447),#451);
#447 = LINE('',#448,#449);
#448 = CARTESIAN_POINT('',(-0.1,-39.5));
#449 = VECTOR('',#450,1.);
#450 = DIRECTION('',(-0.,-1.));
#451 = ( GEOMETRIC_REPRESENTATION_CONTEXT(2) 
PARAMETRIC_REPRESENTATION_CONTEXT() REPRESENTATION_CONTEXT('2D SPACE',''
  ) );
#452 = ORIENTED_EDGE('',*,*,#453,.F.);
#453 = EDGE_CURVE('',#454,#426,#456,.T.);
#454 = VERTEX_POINT('',#455);
#455 = CARTESIAN_POINT('',(98.2,9.596148139683,11.8));
#456 = SURFACE_CURVE('',#457,(#462,#473),.PCURVE_S1.);
#457 = CIRCLE('',#458,1.3);
#458 = AXIS2_PLACEMENT_3D('',#459,#460,#461);
#459 = CARTESIAN_POINT('',(98.3,8.3,11.8));
#460 = DIRECTION('',(0.,0.,-1.));
#461 = DIRECTION('',(-1.,-0.,-0.));
#462 = PCURVE('',#32,#463);
#463 = DEFINITIONAL_REPRESENTATION('',(#464),#472);
#464 = ( BOUNDED_CURVE() B_SPLINE_CURVE(2,(#465,#466,#467,#468,#469,#470
,#471),.UNSPECIFIED.,.T.,.F.) B_SPLINE_CURVE_WITH_KNOTS((1,2,2,2,2,1),(
    -2.094395102393,0.,2.094395102393,4.188790204786,6.28318530718,
8.377580409573),.UNSPECIFIED.) CURVE() GEOMETRIC_REPRESENTATION_ITEM() 
RATIONAL_B_SPLINE_CURVE((1.,0.5,1.,0.5,1.,0.5,1.)) REPRESENTATION_ITEM(
  '') );
#465 = CARTESIAN_POINT('',(-5.2,-99.));
#466 = CARTESIAN_POINT('',(-7.45166604984,-99.));
#467 = CARTESIAN_POINT('',(-6.32583302492,-97.05));
#468 = CARTESIAN_POINT('',(-5.2,-95.1));
#469 = CARTESIAN_POINT('',(-4.07416697508,-97.05));
#470 = CARTESIAN_POINT('',(-2.94833395016,-99.));
#471 = CARTESIAN_POINT('',(-5.2,-99.));
#472 = ( GEOMETRIC_REPRESENTATION_CONTEXT(2) 
PARAMETRIC_REPRESENTATION_CONTEXT() REPRESENTATION_CONTEXT('2D SPACE',''
  ) );
#473 = PCURVE('',#474,#479);
#474 = CYLINDRICAL_SURFACE('',#475,1.3);
#475 = AXIS2_PLACEMENT_3D('',#476,#477,#478);
#476 = CARTESIAN_POINT('',(98.3,8.3,11.7));
#477 = DIRECTION('',(-0.,-0.,1.));
#478 = DIRECTION('',(-1.,-0.,-0.));
#479 = DEFINITIONAL_REPRESENTATION('',(#480),#484);
#480 = LINE('',#481,#482);
#481 = CARTESIAN_POINT('',(-0.,0.1));
#482 = VECTOR('',#483,1.);
#483 = DIRECTION('',(-1.,0.));
#484 = ( GEOMETRIC_REPRESENTATION_CONTEXT(2) 
PARAMETRIC_REPRESENTATION_CONTEXT() REPRESENTATION_CONTEXT('2D SPACE',''
  ) );
#485 = ORIENTED_EDGE('',*,*,#486,.T.);
#486 = EDGE_CURVE('',#454,#487,#489,.T.);
#487 = VERTEX_POINT('',#488);
#488 = CARTESIAN_POINT('',(98.2,190.4,11.8));
#489 = SURFACE_CURVE('',#490,(#494,#501),.PCURVE_S1.);
#490 = LINE('',#491,#492);
#491 = CARTESIAN_POINT('',(98.2,3.1,11.8));
#492 = VECTOR('',#493,1.);
#493 = DIRECTION('',(-0.,1.,-0.));
#494 = PCURVE('',#32,#495);
#495 = DEFINITIONAL_REPRESENTATION('',(#496),#500);
#496 = LINE('',#497,#498);
#497 = CARTESIAN_POINT('',(-0.,-97.8));
#498 = VECTOR('',#499,1.);
#499 = DIRECTION('',(-1.,0.));
#500 = ( GEOMETRIC_REPRESENTATION_CONTEXT(2) 
PARAMETRIC_REPRESENTATION_CONTEXT() REPRESENTATION_CONTEXT('2D SPACE',''
  ) );
#501 = PCURVE('',#502,#507);
#502 = PLANE('',#503);
#503 = AXIS2_PLACEMENT_3D('',#504,#505,#506);
#504 = CARTESIAN_POINT('',(98.2,97.7,14.140867758411));
#505 = DIRECTION('',(-1.,-0.,-0.));
#506 = DIRECTION('',(0.,0.,-1.));
#507 = DEFINITIONAL_REPRESENTATION('',(#508),#512);
#508 = LINE('',#509,#510);
#509 = CARTESIAN_POINT('',(2.340867758411,94.6));
#510 = VECTOR('',#511,1.);
#511 = DIRECTION('',(-0.,-1.));
#512 = ( GEOMETRIC_REPRESENTATION_CONTEXT(2) 
PARAMETRIC_REPRESENTATION_CONTEXT() REPRESENTATION_CONTEXT('2D SPACE',''
  ) );
#513 = ORIENTED_EDGE('',*,*,#514,.T.);
#514 = EDGE_CURVE('',#487,#515,#517,.T.);
#515 = VERTEX_POINT('',#516);
#516 = CARTESIAN_POINT('',(115.7,190.4,11.8));
#517 = SURFACE_CURVE('',#518,(#522,#529),.PCURVE_S1.);
#518 = LINE('',#519,#520);
#519 = CARTESIAN_POINT('',(98.2,190.4,11.8));
#520 = VECTOR('',#521,1.);
#521 = DIRECTION('',(1.,0.,0.));
#522 = PCURVE('',#32,#523);
#523 = DEFINITIONAL_REPRESENTATION('',(#524),#528);
#524 = LINE('',#525,#526);
#525 = CARTESIAN_POINT('',(-187.3,-97.8));
#526 = VECTOR('',#527,1.);
#527 = DIRECTION('',(-0.,1.));
#528 = ( GEOMETRIC_REPRESENTATION_CONTEXT(2) 
PARAMETRIC_REPRESENTATION_CONTEXT() REPRESENTATION_CONTEXT('2D SPACE',''
  ) );
#529 = PCURVE('',#530,#535);
#530 = PLANE('',#531);
#531 = AXIS2_PLACEMENT_3D('',#532,#533,#534);
#532 = CARTESIAN_POINT('',(117.,190.4,11.7));
#533 = DIRECTION('',(-0.,1.,-0.));
#534 = DIRECTION('',(0.,0.,-1.));
#535 = DEFINITIONAL_REPRESENTATION('',(#536),#540);
#536 = LINE('',#537,#538);
#537 = CARTESIAN_POINT('',(-0.1,18.8));
#538 = VECTOR('',#539,1.);
#539 = DIRECTION('',(-0.,-1.));
#540 = ( GEOMETRIC_REPRESENTATION_CONTEXT(2) 
PARAMETRIC_REPRESENTATION_CONTEXT() REPRESENTATION_CONTEXT('2D SPACE',''
  ) );
#541 = ORIENTED_EDGE('',*,*,#542,.F.);
#542 = EDGE_CURVE('',#543,#515,#545,.T.);
#543 = VERTEX_POINT('',#544);
#544 = CARTESIAN_POINT('',(117.,191.7,11.8));
#545 = SURFACE_CURVE('',#546,(#551,#562),.PCURVE_S1.);
#546 = CIRCLE('',#547,1.3);
#547 = AXIS2_PLACEMENT_3D('',#548,#549,#550);
#548 = CARTESIAN_POINT('',(115.7,191.7,11.8));
#549 = DIRECTION('',(0.,0.,-1.));
#550 = DIRECTION('',(1.,-0.,0.));
#551 = PCURVE('',#32,#552);
#552 = DEFINITIONAL_REPRESENTATION('',(#553),#561);
#553 = ( BOUNDED_CURVE() B_SPLINE_CURVE(2,(#554,#555,#556,#557,#558,#559
,#560),.UNSPECIFIED.,.T.,.F.) B_SPLINE_CURVE_WITH_KNOTS((1,2,2,2,2,1),(
    -2.094395102393,0.,2.094395102393,4.188790204786,6.28318530718,
8.377580409573),.UNSPECIFIED.) CURVE() GEOMETRIC_REPRESENTATION_ITEM() 
RATIONAL_B_SPLINE_CURVE((1.,0.5,1.,0.5,1.,0.5,1.)) REPRESENTATION_ITEM(
  '') );
#554 = CARTESIAN_POINT('',(-188.6,-79.));
#555 = CARTESIAN_POINT('',(-186.3483339501,-79.));
#556 = CARTESIAN_POINT('',(-187.474166975,-80.95));
#557 = CARTESIAN_POINT('',(-188.6,-82.9));
#558 = CARTESIAN_POINT('',(-189.7258330249,-80.95));
#559 = CARTESIAN_POINT('',(-190.8516660498,-79.));
#560 = CARTESIAN_POINT('',(-188.6,-79.));
#561 = ( GEOMETRIC_REPRESENTATION_CONTEXT(2) 
PARAMETRIC_REPRESENTATION_CONTEXT() REPRESENTATION_CONTEXT('2D SPACE',''
  ) );
#562 = PCURVE('',#563,#568);
#563 = CYLINDRICAL_SURFACE('',#564,1.3);
#564 = AXIS2_PLACEMENT_3D('',#565,#566,#567);
#565 = CARTESIAN_POINT('',(115.7,191.7,11.7));
#566 = DIRECTION('',(-0.,-0.,1.));
#567 = DIRECTION('',(1.,-0.,0.));
#568 = DEFINITIONAL_REPRESENTATION('',(#569),#573);
#569 = LINE('',#570,#571);
#570 = CARTESIAN_POINT('',(-0.,0.1));
#571 = VECTOR('',#572,1.);
#572 = DIRECTION('',(-1.,0.));
#573 = ( GEOMETRIC_REPRESENTATION_CONTEXT(2) 
PARAMETRIC_REPRESENTATION_CONTEXT() REPRESENTATION_CONTEXT('2D SPACE',''
  ) );
#574 = ORIENTED_EDGE('',*,*,#575,.T.);
#575 = EDGE_CURVE('',#543,#576,#578,.T.);
#576 = VERTEX_POINT('',#577);
#577 = CARTESIAN_POINT('',(117.,192.3,11.8));
#578 = SURFACE_CURVE('',#579,(#583,#590),.PCURVE_S1.);
#579 = LINE('',#580,#581);
#580 = CARTESIAN_POINT('',(117.,96.75,11.8));
#581 = VECTOR('',#582,1.);
#582 = DIRECTION('',(-0.,1.,-0.));
#583 = PCURVE('',#32,#584);
#584 = DEFINITIONAL_REPRESENTATION('',(#585),#589);
#585 = LINE('',#586,#587);
#586 = CARTESIAN_POINT('',(-93.65,-79.));
#587 = VECTOR('',#588,1.);
#588 = DIRECTION('',(-1.,0.));
#589 = ( GEOMETRIC_REPRESENTATION_CONTEXT(2) 
PARAMETRIC_REPRESENTATION_CONTEXT() REPRESENTATION_CONTEXT('2D SPACE',''
  ) );
#590 = PCURVE('',#591,#596);
#591 = PLANE('',#592);
#592 = AXIS2_PLACEMENT_3D('',#593,#594,#595);
#593 = CARTESIAN_POINT('',(117.,190.4,11.7));
#594 = DIRECTION('',(-1.,-0.,-0.));
#595 = DIRECTION('',(0.,0.,-1.));
#596 = DEFINITIONAL_REPRESENTATION('',(#597),#601);
#597 = LINE('',#598,#599);
#598 = CARTESIAN_POINT('',(-0.1,93.65));
#599 = VECTOR('',#600,1.);
#600 = DIRECTION('',(-0.,-1.));
#601 = ( GEOMETRIC_REPRESENTATION_CONTEXT(2) 
PARAMETRIC_REPRESENTATION_CONTEXT() REPRESENTATION_CONTEXT('2D SPACE',''
  ) );
#602 = ORIENTED_EDGE('',*,*,#603,.F.);
#603 = EDGE_CURVE('',#604,#576,#606,.T.);
#604 = VERTEX_POINT('',#605);
#605 = CARTESIAN_POINT('',(196.,192.3,11.8));
#606 = SURFACE_CURVE('',#607,(#611,#618),.PCURVE_S1.);
#607 = LINE('',#608,#609);
#608 = CARTESIAN_POINT('',(196.,192.3,11.8));
#609 = VECTOR('',#610,1.);
#610 = DIRECTION('',(-1.,-0.,-0.));
#611 = PCURVE('',#32,#612);
#612 = DEFINITIONAL_REPRESENTATION('',(#613),#617);
#613 = LINE('',#614,#615);
#614 = CARTESIAN_POINT('',(-189.2,0.));
#615 = VECTOR('',#616,1.);
#616 = DIRECTION('',(-0.,-1.));
#617 = ( GEOMETRIC_REPRESENTATION_CONTEXT(2) 
PARAMETRIC_REPRESENTATION_CONTEXT() REPRESENTATION_CONTEXT('2D SPACE',''
  ) );
#618 = PCURVE('',#619,#624);
#619 = PLANE('',#620);
#620 = AXIS2_PLACEMENT_3D('',#621,#622,#623);
#621 = CARTESIAN_POINT('',(196.,192.3,11.8));
#622 = DIRECTION('',(-0.,-1.,-0.));
#623 = DIRECTION('',(0.,0.,-1.));
#624 = DEFINITIONAL_REPRESENTATION('',(#625),#629);
#625 = LINE('',#626,#627);
#626 = CARTESIAN_POINT('',(-0.,0.));
#627 = VECTOR('',#628,1.);
#628 = DIRECTION('',(-0.,-1.));
#629 = ( GEOMETRIC_REPRESENTATION_CONTEXT(2) 
PARAMETRIC_REPRESENTATION_CONTEXT() REPRESENTATION_CONTEXT('2D SPACE',''
  ) );
#630 = ORIENTED_EDGE('',*,*,#631,.F.);
#631 = EDGE_CURVE('',#632,#604,#634,.T.);
#632 = VERTEX_POINT('',#633);
#633 = CARTESIAN_POINT('',(196.,171.,11.8));
#634 = SURFACE_CURVE('',#635,(#639,#646),.PCURVE_S1.);
#635 = LINE('',#636,#637);
#636 = CARTESIAN_POINT('',(196.,3.1,11.8));
#637 = VECTOR('',#638,1.);
#638 = DIRECTION('',(-0.,1.,-0.));
#639 = PCURVE('',#32,#640);
#640 = DEFINITIONAL_REPRESENTATION('',(#641),#645);
#641 = LINE('',#642,#643);
#642 = CARTESIAN_POINT('',(-0.,0.));
#643 = VECTOR('',#644,1.);
#644 = DIRECTION('',(-1.,0.));
#645 = ( GEOMETRIC_REPRESENTATION_CONTEXT(2) 
PARAMETRIC_REPRESENTATION_CONTEXT() REPRESENTATION_CONTEXT('2D SPACE',''
  ) );
#646 = PCURVE('',#647,#652);
#647 = PLANE('',#648);
#648 = AXIS2_PLACEMENT_3D('',#649,#650,#651);
#649 = CARTESIAN_POINT('',(196.,97.7,14.140867758411));
#650 = DIRECTION('',(-1.,-0.,-0.));
#651 = DIRECTION('',(0.,0.,-1.));
#652 = DEFINITIONAL_REPRESENTATION('',(#653),#657);
#653 = LINE('',#654,#655);
#654 = CARTESIAN_POINT('',(2.340867758411,94.6));
#655 = VECTOR('',#656,1.);
#656 = DIRECTION('',(-0.,-1.));
#657 = ( GEOMETRIC_REPRESENTATION_CONTEXT(2) 
PARAMETRIC_REPRESENTATION_CONTEXT() REPRESENTATION_CONTEXT('2D SPACE',''
  ) );
#658 = ORIENTED_EDGE('',*,*,#659,.F.);
#659 = EDGE_CURVE('',#660,#632,#662,.T.);
#660 = VERTEX_POINT('',#661);
#661 = CARTESIAN_POINT('',(195.8,171.,11.8));
#662 = SURFACE_CURVE('',#663,(#667,#674),.PCURVE_S1.);
#663 = LINE('',#664,#665);
#664 = CARTESIAN_POINT('',(197.,171.,11.8));
#665 = VECTOR('',#666,1.);
#666 = DIRECTION('',(1.,-0.,0.));
#667 = PCURVE('',#32,#668);
#668 = DEFINITIONAL_REPRESENTATION('',(#669),#673);
#669 = LINE('',#670,#671);
#670 = CARTESIAN_POINT('',(-167.9,1.));
#671 = VECTOR('',#672,1.);
#672 = DIRECTION('',(-0.,1.));
#673 = ( GEOMETRIC_REPRESENTATION_CONTEXT(2) 
PARAMETRIC_REPRESENTATION_CONTEXT() REPRESENTATION_CONTEXT('2D SPACE',''
  ) );
#674 = PCURVE('',#675,#680);
#675 = PLANE('',#676);
#676 = AXIS2_PLACEMENT_3D('',#677,#678,#679);
#677 = CARTESIAN_POINT('',(198.,171.,11.7));
#678 = DIRECTION('',(-0.,1.,-0.));
#679 = DIRECTION('',(0.,0.,-1.));
#680 = DEFINITIONAL_REPRESENTATION('',(#681),#685);
#681 = LINE('',#682,#683);
#682 = CARTESIAN_POINT('',(-0.1,1.));
#683 = VECTOR('',#684,1.);
#684 = DIRECTION('',(-0.,-1.));
#685 = ( GEOMETRIC_REPRESENTATION_CONTEXT(2) 
PARAMETRIC_REPRESENTATION_CONTEXT() REPRESENTATION_CONTEXT('2D SPACE',''
  ) );
#686 = ORIENTED_EDGE('',*,*,#687,.F.);
#687 = EDGE_CURVE('',#688,#660,#690,.T.);
#688 = VERTEX_POINT('',#689);
#689 = CARTESIAN_POINT('',(193.8,169.,11.8));
#690 = SURFACE_CURVE('',#691,(#696,#707),.PCURVE_S1.);
#691 = CIRCLE('',#692,2.);
#692 = AXIS2_PLACEMENT_3D('',#693,#694,#695);
#693 = CARTESIAN_POINT('',(195.8,169.,11.8));
#694 = DIRECTION('',(0.,0.,-1.));
#695 = DIRECTION('',(-1.,-0.,-0.));
#696 = PCURVE('',#32,#697);
#697 = DEFINITIONAL_REPRESENTATION('',(#698),#706);
#698 = ( BOUNDED_CURVE() B_SPLINE_CURVE(2,(#699,#700,#701,#702,#703,#704
,#705),.UNSPECIFIED.,.T.,.F.) B_SPLINE_CURVE_WITH_KNOTS((1,2,2,2,2,1),(
    -2.094395102393,0.,2.094395102393,4.188790204786,6.28318530718,
8.377580409573),.UNSPECIFIED.) CURVE() GEOMETRIC_REPRESENTATION_ITEM() 
RATIONAL_B_SPLINE_CURVE((1.,0.5,1.,0.5,1.,0.5,1.)) REPRESENTATION_ITEM(
  '') );
#699 = CARTESIAN_POINT('',(-165.9,-2.2));
#700 = CARTESIAN_POINT('',(-169.3641016151,-2.2));
#701 = CARTESIAN_POINT('',(-167.6320508075,0.8));
#702 = CARTESIAN_POINT('',(-165.9,3.8));
#703 = CARTESIAN_POINT('',(-164.1679491924,0.8));
#704 = CARTESIAN_POINT('',(-162.4358983848,-2.2));
#705 = CARTESIAN_POINT('',(-165.9,-2.2));
#706 = ( GEOMETRIC_REPRESENTATION_CONTEXT(2) 
PARAMETRIC_REPRESENTATION_CONTEXT() REPRESENTATION_CONTEXT('2D SPACE',''
  ) );
#707 = PCURVE('',#708,#713);
#708 = CYLINDRICAL_SURFACE('',#709,2.);
#709 = AXIS2_PLACEMENT_3D('',#710,#711,#712);
#710 = CARTESIAN_POINT('',(195.8,169.,11.7));
#711 = DIRECTION('',(-0.,-0.,1.));
#712 = DIRECTION('',(-1.,-0.,-0.));
#713 = DEFINITIONAL_REPRESENTATION('',(#714),#718);
#714 = LINE('',#715,#716);
#715 = CARTESIAN_POINT('',(-0.,0.1));
#716 = VECTOR('',#717,1.);
#717 = DIRECTION('',(-1.,0.));
#718 = ( GEOMETRIC_REPRESENTATION_CONTEXT(2) 
PARAMETRIC_REPRESENTATION_CONTEXT() REPRESENTATION_CONTEXT('2D SPACE',''
  ) );
#719 = ORIENTED_EDGE('',*,*,#720,.F.);
#720 = EDGE_CURVE('',#721,#688,#723,.T.);
#721 = VERTEX_POINT('',#722);
#722 = CARTESIAN_POINT('',(193.8,145.,11.8));
#723 = SURFACE_CURVE('',#724,(#728,#735),.PCURVE_S1.);
#724 = LINE('',#725,#726);
#725 = CARTESIAN_POINT('',(193.8,73.05,11.8));
#726 = VECTOR('',#727,1.);
#727 = DIRECTION('',(-0.,1.,-0.));
#728 = PCURVE('',#32,#729);
#729 = DEFINITIONAL_REPRESENTATION('',(#730),#734);
#730 = LINE('',#731,#732);
#731 = CARTESIAN_POINT('',(-69.95,-2.2));
#732 = VECTOR('',#733,1.);
#733 = DIRECTION('',(-1.,0.));
#734 = ( GEOMETRIC_REPRESENTATION_CONTEXT(2) 
PARAMETRIC_REPRESENTATION_CONTEXT() REPRESENTATION_CONTEXT('2D SPACE',''
  ) );
#735 = PCURVE('',#736,#741);
#736 = PLANE('',#737);
#737 = AXIS2_PLACEMENT_3D('',#738,#739,#740);
#738 = CARTESIAN_POINT('',(193.8,143.,11.7));
#739 = DIRECTION('',(-1.,-0.,-0.));
#740 = DIRECTION('',(0.,0.,-1.));
#741 = DEFINITIONAL_REPRESENTATION('',(#742),#746);
#742 = LINE('',#743,#744);
#743 = CARTESIAN_POINT('',(-0.1,69.95));
#744 = VECTOR('',#745,1.);
#745 = DIRECTION('',(-0.,-1.));
#746 = ( GEOMETRIC_REPRESENTATION_CONTEXT(2) 
PARAMETRIC_REPRESENTATION_CONTEXT() REPRESENTATION_CONTEXT('2D SPACE',''
  ) );
#747 = ORIENTED_EDGE('',*,*,#748,.F.);
#748 = EDGE_CURVE('',#749,#721,#751,.T.);
#749 = VERTEX_POINT('',#750);
#750 = CARTESIAN_POINT('',(195.8,143.,11.8));
#751 = SURFACE_CURVE('',#752,(#757,#768),.PCURVE_S1.);
#752 = CIRCLE('',#753,2.);
#753 = AXIS2_PLACEMENT_3D('',#754,#755,#756);
#754 = CARTESIAN_POINT('',(195.8,145.,11.8));
#755 = DIRECTION('',(0.,0.,-1.));
#756 = DIRECTION('',(-1.,-0.,-0.));
#757 = PCURVE('',#32,#758);
#758 = DEFINITIONAL_REPRESENTATION('',(#759),#767);
#759 = ( BOUNDED_CURVE() B_SPLINE_CURVE(2,(#760,#761,#762,#763,#764,#765
,#766),.UNSPECIFIED.,.T.,.F.) B_SPLINE_CURVE_WITH_KNOTS((1,2,2,2,2,1),(
    -2.094395102393,0.,2.094395102393,4.188790204786,6.28318530718,
8.377580409573),.UNSPECIFIED.) CURVE() GEOMETRIC_REPRESENTATION_ITEM() 
RATIONAL_B_SPLINE_CURVE((1.,0.5,1.,0.5,1.,0.5,1.)) REPRESENTATION_ITEM(
  '') );
#760 = CARTESIAN_POINT('',(-141.9,-2.2));
#761 = CARTESIAN_POINT('',(-145.3641016151,-2.2));
#762 = CARTESIAN_POINT('',(-143.6320508075,0.8));
#763 = CARTESIAN_POINT('',(-141.9,3.8));
#764 = CARTESIAN_POINT('',(-140.1679491924,0.8));
#765 = CARTESIAN_POINT('',(-138.4358983848,-2.2));
#766 = CARTESIAN_POINT('',(-141.9,-2.2));
#767 = ( GEOMETRIC_REPRESENTATION_CONTEXT(2) 
PARAMETRIC_REPRESENTATION_CONTEXT() REPRESENTATION_CONTEXT('2D SPACE',''
  ) );
#768 = PCURVE('',#769,#774);
#769 = CYLINDRICAL_SURFACE('',#770,2.);
#770 = AXIS2_PLACEMENT_3D('',#771,#772,#773);
#771 = CARTESIAN_POINT('',(195.8,145.,11.7));
#772 = DIRECTION('',(-0.,-0.,1.));
#773 = DIRECTION('',(-1.,-0.,-0.));
#774 = DEFINITIONAL_REPRESENTATION('',(#775),#779);
#775 = LINE('',#776,#777);
#776 = CARTESIAN_POINT('',(6.28318530718,0.1));
#777 = VECTOR('',#778,1.);
#778 = DIRECTION('',(-1.,0.));
#779 = ( GEOMETRIC_REPRESENTATION_CONTEXT(2) 
PARAMETRIC_REPRESENTATION_CONTEXT() REPRESENTATION_CONTEXT('2D SPACE',''
  ) );
#780 = ORIENTED_EDGE('',*,*,#781,.T.);
#781 = EDGE_CURVE('',#749,#782,#784,.T.);
#782 = VERTEX_POINT('',#783);
#783 = CARTESIAN_POINT('',(196.,143.,11.8));
#784 = SURFACE_CURVE('',#785,(#789,#796),.PCURVE_S1.);
#785 = LINE('',#786,#787);
#786 = CARTESIAN_POINT('',(197.,143.,11.8));
#787 = VECTOR('',#788,1.);
#788 = DIRECTION('',(1.,-0.,0.));
#789 = PCURVE('',#32,#790);
#790 = DEFINITIONAL_REPRESENTATION('',(#791),#795);
#791 = LINE('',#792,#793);
#792 = CARTESIAN_POINT('',(-139.9,1.));
#793 = VECTOR('',#794,1.);
#794 = DIRECTION('',(-0.,1.));
#795 = ( GEOMETRIC_REPRESENTATION_CONTEXT(2) 
PARAMETRIC_REPRESENTATION_CONTEXT() REPRESENTATION_CONTEXT('2D SPACE',''
  ) );
#796 = PCURVE('',#797,#802);
#797 = PLANE('',#798);
#798 = AXIS2_PLACEMENT_3D('',#799,#800,#801);
#799 = CARTESIAN_POINT('',(198.,143.,11.7));
#800 = DIRECTION('',(-0.,1.,-0.));
#801 = DIRECTION('',(0.,0.,-1.));
#802 = DEFINITIONAL_REPRESENTATION('',(#803),#807);
#803 = LINE('',#804,#805);
#804 = CARTESIAN_POINT('',(-0.1,1.));
#805 = VECTOR('',#806,1.);
#806 = DIRECTION('',(-0.,-1.));
#807 = ( GEOMETRIC_REPRESENTATION_CONTEXT(2) 
PARAMETRIC_REPRESENTATION_CONTEXT() REPRESENTATION_CONTEXT('2D SPACE',''
  ) );
#808 = ORIENTED_EDGE('',*,*,#809,.F.);
#809 = EDGE_CURVE('',#810,#782,#812,.T.);
#810 = VERTEX_POINT('',#811);
#811 = CARTESIAN_POINT('',(196.,120.47979589711,11.8));
#812 = SURFACE_CURVE('',#813,(#817,#824),.PCURVE_S1.);
#813 = LINE('',#814,#815);
#814 = CARTESIAN_POINT('',(196.,3.1,11.8));
#815 = VECTOR('',#816,1.);
#816 = DIRECTION('',(-0.,1.,-0.));
#817 = PCURVE('',#32,#818);
#818 = DEFINITIONAL_REPRESENTATION('',(#819),#823);
#819 = LINE('',#820,#821);
#820 = CARTESIAN_POINT('',(-0.,0.));
#821 = VECTOR('',#822,1.);
#822 = DIRECTION('',(-1.,0.));
#823 = ( GEOMETRIC_REPRESENTATION_CONTEXT(2) 
PARAMETRIC_REPRESENTATION_CONTEXT() REPRESENTATION_CONTEXT('2D SPACE',''
  ) );
#824 = PCURVE('',#825,#830);
#825 = PLANE('',#826);
#826 = AXIS2_PLACEMENT_3D('',#827,#828,#829);
#827 = CARTESIAN_POINT('',(196.,97.7,14.140867758411));
#828 = DIRECTION('',(-1.,-0.,-0.));
#829 = DIRECTION('',(0.,0.,-1.));
#830 = DEFINITIONAL_REPRESENTATION('',(#831),#835);
#831 = LINE('',#832,#833);
#832 = CARTESIAN_POINT('',(2.340867758411,94.6));
#833 = VECTOR('',#834,1.);
#834 = DIRECTION('',(-0.,-1.));
#835 = ( GEOMETRIC_REPRESENTATION_CONTEXT(2) 
PARAMETRIC_REPRESENTATION_CONTEXT() REPRESENTATION_CONTEXT('2D SPACE',''
  ) );
#836 = ORIENTED_EDGE('',*,*,#837,.F.);
#837 = EDGE_CURVE('',#838,#810,#840,.T.);
#838 = VERTEX_POINT('',#839);
#839 = CARTESIAN_POINT('',(193.7,122.,11.8));
#840 = SURFACE_CURVE('',#841,(#846,#857),.PCURVE_S1.);
#841 = CIRCLE('',#842,2.5);
#842 = AXIS2_PLACEMENT_3D('',#843,#844,#845);
#843 = CARTESIAN_POINT('',(193.7,119.5,11.8));
#844 = DIRECTION('',(0.,0.,-1.));
#845 = DIRECTION('',(1.,-0.,0.));
#846 = PCURVE('',#32,#847);
#847 = DEFINITIONAL_REPRESENTATION('',(#848),#856);
#848 = ( BOUNDED_CURVE() B_SPLINE_CURVE(2,(#849,#850,#851,#852,#853,#854
,#855),.UNSPECIFIED.,.T.,.F.) B_SPLINE_CURVE_WITH_KNOTS((1,2,2,2,2,1),(
    -2.094395102393,0.,2.094395102393,4.188790204786,6.28318530718,
8.377580409573),.UNSPECIFIED.) CURVE() GEOMETRIC_REPRESENTATION_ITEM() 
RATIONAL_B_SPLINE_CURVE((1.,0.5,1.,0.5,1.,0.5,1.)) REPRESENTATION_ITEM(
  '') );
#849 = CARTESIAN_POINT('',(-116.4,0.2));
#850 = CARTESIAN_POINT('',(-112.069872981,0.2));
#851 = CARTESIAN_POINT('',(-114.2349364905,-3.55));
#852 = CARTESIAN_POINT('',(-116.4,-7.3));
#853 = CARTESIAN_POINT('',(-118.5650635094,-3.55));
#854 = CARTESIAN_POINT('',(-120.7301270189,0.2));
#855 = CARTESIAN_POINT('',(-116.4,0.2));
#856 = ( GEOMETRIC_REPRESENTATION_CONTEXT(2) 
PARAMETRIC_REPRESENTATION_CONTEXT() REPRESENTATION_CONTEXT('2D SPACE',''
  ) );
#857 = PCURVE('',#858,#863);
#858 = CYLINDRICAL_SURFACE('',#859,2.5);
#859 = AXIS2_PLACEMENT_3D('',#860,#861,#862);
#860 = CARTESIAN_POINT('',(193.7,119.5,11.7));
#861 = DIRECTION('',(-0.,-0.,1.));
#862 = DIRECTION('',(1.,-0.,0.));
#863 = DEFINITIONAL_REPRESENTATION('',(#864),#868);
#864 = LINE('',#865,#866);
#865 = CARTESIAN_POINT('',(6.28318530718,0.1));
#866 = VECTOR('',#867,1.);
#867 = DIRECTION('',(-1.,0.));
#868 = ( GEOMETRIC_REPRESENTATION_CONTEXT(2) 
PARAMETRIC_REPRESENTATION_CONTEXT() REPRESENTATION_CONTEXT('2D SPACE',''
  ) );
#869 = ORIENTED_EDGE('',*,*,#870,.F.);
#870 = EDGE_CURVE('',#871,#838,#873,.T.);
#871 = VERTEX_POINT('',#872);
#872 = CARTESIAN_POINT('',(192.8,122.,11.8));
#873 = SURFACE_CURVE('',#874,(#878,#885),.PCURVE_S1.);
#874 = LINE('',#875,#876);
#875 = CARTESIAN_POINT('',(196.1,122.,11.8));
#876 = VECTOR('',#877,1.);
#877 = DIRECTION('',(1.,-0.,0.));
#878 = PCURVE('',#32,#879);
#879 = DEFINITIONAL_REPRESENTATION('',(#880),#884);
#880 = LINE('',#881,#882);
#881 = CARTESIAN_POINT('',(-118.9,9.999999999999E-02));
#882 = VECTOR('',#883,1.);
#883 = DIRECTION('',(-0.,1.));
#884 = ( GEOMETRIC_REPRESENTATION_CONTEXT(2) 
PARAMETRIC_REPRESENTATION_CONTEXT() REPRESENTATION_CONTEXT('2D SPACE',''
  ) );
#885 = PCURVE('',#886,#891);
#886 = PLANE('',#887);
#887 = AXIS2_PLACEMENT_3D('',#888,#889,#890);
#888 = CARTESIAN_POINT('',(196.2,122.,11.7));
#889 = DIRECTION('',(-0.,1.,-0.));
#890 = DIRECTION('',(0.,0.,-1.));
#891 = DEFINITIONAL_REPRESENTATION('',(#892),#896);
#892 = LINE('',#893,#894);
#893 = CARTESIAN_POINT('',(-0.1,9.999999999999E-02));
#894 = VECTOR('',#895,1.);
#895 = DIRECTION('',(-0.,-1.));
#896 = ( GEOMETRIC_REPRESENTATION_CONTEXT(2) 
PARAMETRIC_REPRESENTATION_CONTEXT() REPRESENTATION_CONTEXT('2D SPACE',''
  ) );
#897 = ORIENTED_EDGE('',*,*,#898,.F.);
#898 = EDGE_CURVE('',#899,#871,#901,.T.);
#899 = VERTEX_POINT('',#900);
#900 = CARTESIAN_POINT('',(190.3,119.5,11.8));
#901 = SURFACE_CURVE('',#902,(#907,#918),.PCURVE_S1.);
#902 = CIRCLE('',#903,2.5);
#903 = AXIS2_PLACEMENT_3D('',#904,#905,#906);
#904 = CARTESIAN_POINT('',(192.8,119.5,11.8));
#905 = DIRECTION('',(0.,0.,-1.));
#906 = DIRECTION('',(-1.,-0.,-0.));
#907 = PCURVE('',#32,#908);
#908 = DEFINITIONAL_REPRESENTATION('',(#909),#917);
#909 = ( BOUNDED_CURVE() B_SPLINE_CURVE(2,(#910,#911,#912,#913,#914,#915
,#916),.UNSPECIFIED.,.T.,.F.) B_SPLINE_CURVE_WITH_KNOTS((1,2,2,2,2,1),(
    -2.094395102393,0.,2.094395102393,4.188790204786,6.28318530718,
8.377580409573),.UNSPECIFIED.) CURVE() GEOMETRIC_REPRESENTATION_ITEM() 
RATIONAL_B_SPLINE_CURVE((1.,0.5,1.,0.5,1.,0.5,1.)) REPRESENTATION_ITEM(
  '') );
#910 = CARTESIAN_POINT('',(-116.4,-5.7));
#911 = CARTESIAN_POINT('',(-120.7301270189,-5.7));
#912 = CARTESIAN_POINT('',(-118.5650635094,-1.95));
#913 = CARTESIAN_POINT('',(-116.4,1.8));
#914 = CARTESIAN_POINT('',(-114.2349364905,-1.95));
#915 = CARTESIAN_POINT('',(-112.069872981,-5.7));
#916 = CARTESIAN_POINT('',(-116.4,-5.7));
#917 = ( GEOMETRIC_REPRESENTATION_CONTEXT(2) 
PARAMETRIC_REPRESENTATION_CONTEXT() REPRESENTATION_CONTEXT('2D SPACE',''
  ) );
#918 = PCURVE('',#919,#924);
#919 = CYLINDRICAL_SURFACE('',#920,2.5);
#920 = AXIS2_PLACEMENT_3D('',#921,#922,#923);
#921 = CARTESIAN_POINT('',(192.8,119.5,11.7));
#922 = DIRECTION('',(-0.,-0.,1.));
#923 = DIRECTION('',(-1.,-0.,-0.));
#924 = DEFINITIONAL_REPRESENTATION('',(#925),#929);
#925 = LINE('',#926,#927);
#926 = CARTESIAN_POINT('',(-0.,0.1));
#927 = VECTOR('',#928,1.);
#928 = DIRECTION('',(-1.,0.));
#929 = ( GEOMETRIC_REPRESENTATION_CONTEXT(2) 
PARAMETRIC_REPRESENTATION_CONTEXT() REPRESENTATION_CONTEXT('2D SPACE',''
  ) );
#930 = ORIENTED_EDGE('',*,*,#931,.F.);
#931 = EDGE_CURVE('',#932,#899,#934,.T.);
#932 = VERTEX_POINT('',#933);
#933 = CARTESIAN_POINT('',(190.3,72.5,11.8));
#934 = SURFACE_CURVE('',#935,(#939,#946),.PCURVE_S1.);
#935 = LINE('',#936,#937);
#936 = CARTESIAN_POINT('',(190.3,36.55,11.8));
#937 = VECTOR('',#938,1.);
#938 = DIRECTION('',(-0.,1.,-0.));
#939 = PCURVE('',#32,#940);
#940 = DEFINITIONAL_REPRESENTATION('',(#941),#945);
#941 = LINE('',#942,#943);
#942 = CARTESIAN_POINT('',(-33.45,-5.7));
#943 = VECTOR('',#944,1.);
#944 = DIRECTION('',(-1.,0.));
#945 = ( GEOMETRIC_REPRESENTATION_CONTEXT(2) 
PARAMETRIC_REPRESENTATION_CONTEXT() REPRESENTATION_CONTEXT('2D SPACE',''
  ) );
#946 = PCURVE('',#947,#952);
#947 = PLANE('',#948);
#948 = AXIS2_PLACEMENT_3D('',#949,#950,#951);
#949 = CARTESIAN_POINT('',(190.3,70.,11.7));
#950 = DIRECTION('',(-1.,-0.,-0.));
#951 = DIRECTION('',(0.,0.,-1.));
#952 = DEFINITIONAL_REPRESENTATION('',(#953),#957);
#953 = LINE('',#954,#955);
#954 = CARTESIAN_POINT('',(-0.1,33.45));
#955 = VECTOR('',#956,1.);
#956 = DIRECTION('',(-0.,-1.));
#957 = ( GEOMETRIC_REPRESENTATION_CONTEXT(2) 
PARAMETRIC_REPRESENTATION_CONTEXT() REPRESENTATION_CONTEXT('2D SPACE',''
  ) );
#958 = ORIENTED_EDGE('',*,*,#959,.F.);
#959 = EDGE_CURVE('',#960,#932,#962,.T.);
#960 = VERTEX_POINT('',#961);
#961 = CARTESIAN_POINT('',(192.8,70.,11.8));
#962 = SURFACE_CURVE('',#963,(#968,#979),.PCURVE_S1.);
#963 = CIRCLE('',#964,2.5);
#964 = AXIS2_PLACEMENT_3D('',#965,#966,#967);
#965 = CARTESIAN_POINT('',(192.8,72.5,11.8));
#966 = DIRECTION('',(0.,0.,-1.));
#967 = DIRECTION('',(-1.,-0.,-0.));
#968 = PCURVE('',#32,#969);
#969 = DEFINITIONAL_REPRESENTATION('',(#970),#978);
#970 = ( BOUNDED_CURVE() B_SPLINE_CURVE(2,(#971,#972,#973,#974,#975,#976
,#977),.UNSPECIFIED.,.T.,.F.) B_SPLINE_CURVE_WITH_KNOTS((1,2,2,2,2,1),(
    -2.094395102393,0.,2.094395102393,4.188790204786,6.28318530718,
8.377580409573),.UNSPECIFIED.) CURVE() GEOMETRIC_REPRESENTATION_ITEM() 
RATIONAL_B_SPLINE_CURVE((1.,0.5,1.,0.5,1.,0.5,1.)) REPRESENTATION_ITEM(
  '') );
#971 = CARTESIAN_POINT('',(-69.4,-5.7));
#972 = CARTESIAN_POINT('',(-73.73012701892,-5.7));
#973 = CARTESIAN_POINT('',(-71.56506350946,-1.95));
#974 = CARTESIAN_POINT('',(-69.4,1.8));
#975 = CARTESIAN_POINT('',(-67.23493649053,-1.95));
#976 = CARTESIAN_POINT('',(-65.06987298107,-5.7));
#977 = CARTESIAN_POINT('',(-69.4,-5.7));
#978 = ( GEOMETRIC_REPRESENTATION_CONTEXT(2) 
PARAMETRIC_REPRESENTATION_CONTEXT() REPRESENTATION_CONTEXT('2D SPACE',''
  ) );
#979 = PCURVE('',#980,#985);
#980 = CYLINDRICAL_SURFACE('',#981,2.5);
#981 = AXIS2_PLACEMENT_3D('',#982,#983,#984);
#982 = CARTESIAN_POINT('',(192.8,72.5,11.7));
#983 = DIRECTION('',(-0.,-0.,1.));
#984 = DIRECTION('',(-1.,-0.,-0.));
#985 = DEFINITIONAL_REPRESENTATION('',(#986),#990);
#986 = LINE('',#987,#988);
#987 = CARTESIAN_POINT('',(6.28318530718,0.1));
#988 = VECTOR('',#989,1.);
#989 = DIRECTION('',(-1.,0.));
#990 = ( GEOMETRIC_REPRESENTATION_CONTEXT(2) 
PARAMETRIC_REPRESENTATION_CONTEXT() REPRESENTATION_CONTEXT('2D SPACE',''
  ) );
#991 = ORIENTED_EDGE('',*,*,#992,.T.);
#992 = EDGE_CURVE('',#960,#993,#995,.T.);
#993 = VERTEX_POINT('',#994);
#994 = CARTESIAN_POINT('',(193.7,70.,11.8));
#995 = SURFACE_CURVE('',#996,(#1000,#1007),.PCURVE_S1.);
#996 = LINE('',#997,#998);
#997 = CARTESIAN_POINT('',(196.1,70.,11.8));
#998 = VECTOR('',#999,1.);
#999 = DIRECTION('',(1.,-0.,0.));
#1000 = PCURVE('',#32,#1001);
#1001 = DEFINITIONAL_REPRESENTATION('',(#1002),#1006);
#1002 = LINE('',#1003,#1004);
#1003 = CARTESIAN_POINT('',(-66.9,9.999999999999E-02));
#1004 = VECTOR('',#1005,1.);
#1005 = DIRECTION('',(-0.,1.));
#1006 = ( GEOMETRIC_REPRESENTATION_CONTEXT(2) 
PARAMETRIC_REPRESENTATION_CONTEXT() REPRESENTATION_CONTEXT('2D SPACE',''
  ) );
#1007 = PCURVE('',#1008,#1013);
#1008 = PLANE('',#1009);
#1009 = AXIS2_PLACEMENT_3D('',#1010,#1011,#1012);
#1010 = CARTESIAN_POINT('',(196.2,70.,11.7));
#1011 = DIRECTION('',(-0.,1.,-0.));
#1012 = DIRECTION('',(0.,0.,-1.));
#1013 = DEFINITIONAL_REPRESENTATION('',(#1014),#1018);
#1014 = LINE('',#1015,#1016);
#1015 = CARTESIAN_POINT('',(-0.1,9.999999999999E-02));
#1016 = VECTOR('',#1017,1.);
#1017 = DIRECTION('',(-0.,-1.));
#1018 = ( GEOMETRIC_REPRESENTATION_CONTEXT(2) 
PARAMETRIC_REPRESENTATION_CONTEXT() REPRESENTATION_CONTEXT('2D SPACE',''
  ) );
#1019 = ORIENTED_EDGE('',*,*,#1020,.F.);
#1020 = EDGE_CURVE('',#1021,#993,#1023,.T.);
#1021 = VERTEX_POINT('',#1022);
#1022 = CARTESIAN_POINT('',(196.,71.520204102886,11.8));
#1023 = SURFACE_CURVE('',#1024,(#1029,#1040),.PCURVE_S1.);
#1024 = CIRCLE('',#1025,2.5);
#1025 = AXIS2_PLACEMENT_3D('',#1026,#1027,#1028);
#1026 = CARTESIAN_POINT('',(193.7,72.5,11.8));
#1027 = DIRECTION('',(0.,0.,-1.));
#1028 = DIRECTION('',(1.,-0.,0.));
#1029 = PCURVE('',#32,#1030);
#1030 = DEFINITIONAL_REPRESENTATION('',(#1031),#1039);
#1031 = ( BOUNDED_CURVE() B_SPLINE_CURVE(2,(#1032,#1033,#1034,#1035,
#1036,#1037,#1038),.UNSPECIFIED.,.T.,.F.) B_SPLINE_CURVE_WITH_KNOTS((1,2
    ,2,2,2,1),(-2.094395102393,0.,2.094395102393,4.188790204786,
6.28318530718,8.377580409573),.UNSPECIFIED.) CURVE() 
GEOMETRIC_REPRESENTATION_ITEM() RATIONAL_B_SPLINE_CURVE((1.,0.5,1.,0.5,
1.,0.5,1.)) REPRESENTATION_ITEM('') );
#1032 = CARTESIAN_POINT('',(-69.4,0.2));
#1033 = CARTESIAN_POINT('',(-65.06987298107,0.2));
#1034 = CARTESIAN_POINT('',(-67.23493649053,-3.55));
#1035 = CARTESIAN_POINT('',(-69.4,-7.3));
#1036 = CARTESIAN_POINT('',(-71.56506350946,-3.55));
#1037 = CARTESIAN_POINT('',(-73.73012701892,0.2));
#1038 = CARTESIAN_POINT('',(-69.4,0.2));
#1039 = ( GEOMETRIC_REPRESENTATION_CONTEXT(2) 
PARAMETRIC_REPRESENTATION_CONTEXT() REPRESENTATION_CONTEXT('2D SPACE',''
  ) );
#1040 = PCURVE('',#1041,#1046);
#1041 = CYLINDRICAL_SURFACE('',#1042,2.5);
#1042 = AXIS2_PLACEMENT_3D('',#1043,#1044,#1045);
#1043 = CARTESIAN_POINT('',(193.7,72.5,11.7));
#1044 = DIRECTION('',(-0.,-0.,1.));
#1045 = DIRECTION('',(1.,-0.,0.));
#1046 = DEFINITIONAL_REPRESENTATION('',(#1047),#1051);
#1047 = LINE('',#1048,#1049);
#1048 = CARTESIAN_POINT('',(-0.,0.1));
#1049 = VECTOR('',#1050,1.);
#1050 = DIRECTION('',(-1.,0.));
#1051 = ( GEOMETRIC_REPRESENTATION_CONTEXT(2) 
PARAMETRIC_REPRESENTATION_CONTEXT() REPRESENTATION_CONTEXT('2D SPACE',''
  ) );
#1052 = ORIENTED_EDGE('',*,*,#1053,.F.);
#1053 = EDGE_CURVE('',#1054,#1021,#1056,.T.);
#1054 = VERTEX_POINT('',#1055);
#1055 = CARTESIAN_POINT('',(196.,57.,11.8));
#1056 = SURFACE_CURVE('',#1057,(#1061,#1068),.PCURVE_S1.);
#1057 = LINE('',#1058,#1059);
#1058 = CARTESIAN_POINT('',(196.,3.1,11.8));
#1059 = VECTOR('',#1060,1.);
#1060 = DIRECTION('',(-0.,1.,-0.));
#1061 = PCURVE('',#32,#1062);
#1062 = DEFINITIONAL_REPRESENTATION('',(#1063),#1067);
#1063 = LINE('',#1064,#1065);
#1064 = CARTESIAN_POINT('',(-0.,0.));
#1065 = VECTOR('',#1066,1.);
#1066 = DIRECTION('',(-1.,0.));
#1067 = ( GEOMETRIC_REPRESENTATION_CONTEXT(2) 
PARAMETRIC_REPRESENTATION_CONTEXT() REPRESENTATION_CONTEXT('2D SPACE',''
  ) );
#1068 = PCURVE('',#1069,#1074);
#1069 = PLANE('',#1070);
#1070 = AXIS2_PLACEMENT_3D('',#1071,#1072,#1073);
#1071 = CARTESIAN_POINT('',(196.,97.7,14.140867758411));
#1072 = DIRECTION('',(-1.,-0.,-0.));
#1073 = DIRECTION('',(0.,0.,-1.));
#1074 = DEFINITIONAL_REPRESENTATION('',(#1075),#1079);
#1075 = LINE('',#1076,#1077);
#1076 = CARTESIAN_POINT('',(2.340867758411,94.6));
#1077 = VECTOR('',#1078,1.);
#1078 = DIRECTION('',(-0.,-1.));
#1079 = ( GEOMETRIC_REPRESENTATION_CONTEXT(2) 
PARAMETRIC_REPRESENTATION_CONTEXT() REPRESENTATION_CONTEXT('2D SPACE',''
  ) );
#1080 = ORIENTED_EDGE('',*,*,#1081,.F.);
#1081 = EDGE_CURVE('',#1082,#1054,#1084,.T.);
#1082 = VERTEX_POINT('',#1083);
#1083 = CARTESIAN_POINT('',(195.8,57.,11.8));
#1084 = SURFACE_CURVE('',#1085,(#1089,#1096),.PCURVE_S1.);
#1085 = LINE('',#1086,#1087);
#1086 = CARTESIAN_POINT('',(197.,57.,11.8));
#1087 = VECTOR('',#1088,1.);
#1088 = DIRECTION('',(1.,-0.,0.));
#1089 = PCURVE('',#32,#1090);
#1090 = DEFINITIONAL_REPRESENTATION('',(#1091),#1095);
#1091 = LINE('',#1092,#1093);
#1092 = CARTESIAN_POINT('',(-53.9,1.));
#1093 = VECTOR('',#1094,1.);
#1094 = DIRECTION('',(-0.,1.));
#1095 = ( GEOMETRIC_REPRESENTATION_CONTEXT(2) 
PARAMETRIC_REPRESENTATION_CONTEXT() REPRESENTATION_CONTEXT('2D SPACE',''
  ) );
#1096 = PCURVE('',#1097,#1102);
#1097 = PLANE('',#1098);
#1098 = AXIS2_PLACEMENT_3D('',#1099,#1100,#1101);
#1099 = CARTESIAN_POINT('',(198.,57.,11.7));
#1100 = DIRECTION('',(-0.,1.,-0.));
#1101 = DIRECTION('',(0.,0.,-1.));
#1102 = DEFINITIONAL_REPRESENTATION('',(#1103),#1107);
#1103 = LINE('',#1104,#1105);
#1104 = CARTESIAN_POINT('',(-0.1,1.));
#1105 = VECTOR('',#1106,1.);
#1106 = DIRECTION('',(-0.,-1.));
#1107 = ( GEOMETRIC_REPRESENTATION_CONTEXT(2) 
PARAMETRIC_REPRESENTATION_CONTEXT() REPRESENTATION_CONTEXT('2D SPACE',''
  ) );
#1108 = ORIENTED_EDGE('',*,*,#1109,.F.);
#1109 = EDGE_CURVE('',#1110,#1082,#1112,.T.);
#1110 = VERTEX_POINT('',#1111);
#1111 = CARTESIAN_POINT('',(193.8,55.,11.8));
#1112 = SURFACE_CURVE('',#1113,(#1118,#1129),.PCURVE_S1.);
#1113 = CIRCLE('',#1114,2.);
#1114 = AXIS2_PLACEMENT_3D('',#1115,#1116,#1117);
#1115 = CARTESIAN_POINT('',(195.8,55.,11.8));
#1116 = DIRECTION('',(0.,0.,-1.));
#1117 = DIRECTION('',(-1.,-0.,-0.));
#1118 = PCURVE('',#32,#1119);
#1119 = DEFINITIONAL_REPRESENTATION('',(#1120),#1128);
#1120 = ( BOUNDED_CURVE() B_SPLINE_CURVE(2,(#1121,#1122,#1123,#1124,
#1125,#1126,#1127),.UNSPECIFIED.,.T.,.F.) B_SPLINE_CURVE_WITH_KNOTS((1,2
    ,2,2,2,1),(-2.094395102393,0.,2.094395102393,4.188790204786,
6.28318530718,8.377580409573),.UNSPECIFIED.) CURVE() 
GEOMETRIC_REPRESENTATION_ITEM() RATIONAL_B_SPLINE_CURVE((1.,0.5,1.,0.5,
1.,0.5,1.)) REPRESENTATION_ITEM('') );
#1121 = CARTESIAN_POINT('',(-51.9,-2.2));
#1122 = CARTESIAN_POINT('',(-55.36410161513,-2.2));
#1123 = CARTESIAN_POINT('',(-53.63205080756,0.8));
#1124 = CARTESIAN_POINT('',(-51.9,3.8));
#1125 = CARTESIAN_POINT('',(-50.16794919243,0.8));
#1126 = CARTESIAN_POINT('',(-48.43589838486,-2.2));
#1127 = CARTESIAN_POINT('',(-51.9,-2.2));
#1128 = ( GEOMETRIC_REPRESENTATION_CONTEXT(2) 
PARAMETRIC_REPRESENTATION_CONTEXT() REPRESENTATION_CONTEXT('2D SPACE',''
  ) );
#1129 = PCURVE('',#1130,#1135);
#1130 = CYLINDRICAL_SURFACE('',#1131,2.);
#1131 = AXIS2_PLACEMENT_3D('',#1132,#1133,#1134);
#1132 = CARTESIAN_POINT('',(195.8,55.,11.7));
#1133 = DIRECTION('',(-0.,-0.,1.));
#1134 = DIRECTION('',(-1.,-0.,-0.));
#1135 = DEFINITIONAL_REPRESENTATION('',(#1136),#1140);
#1136 = LINE('',#1137,#1138);
#1137 = CARTESIAN_POINT('',(-0.,0.1));
#1138 = VECTOR('',#1139,1.);
#1139 = DIRECTION('',(-1.,0.));
#1140 = ( GEOMETRIC_REPRESENTATION_CONTEXT(2) 
PARAMETRIC_REPRESENTATION_CONTEXT() REPRESENTATION_CONTEXT('2D SPACE',''
  ) );
#1141 = ORIENTED_EDGE('',*,*,#1142,.F.);
#1142 = EDGE_CURVE('',#1143,#1110,#1145,.T.);
#1143 = VERTEX_POINT('',#1144);
#1144 = CARTESIAN_POINT('',(193.8,31.,11.8));
#1145 = SURFACE_CURVE('',#1146,(#1150,#1157),.PCURVE_S1.);
#1146 = LINE('',#1147,#1148);
#1147 = CARTESIAN_POINT('',(193.8,16.05,11.8));
#1148 = VECTOR('',#1149,1.);
#1149 = DIRECTION('',(-0.,1.,-0.));
#1150 = PCURVE('',#32,#1151);
#1151 = DEFINITIONAL_REPRESENTATION('',(#1152),#1156);
#1152 = LINE('',#1153,#1154);
#1153 = CARTESIAN_POINT('',(-12.95,-2.2));
#1154 = VECTOR('',#1155,1.);
#1155 = DIRECTION('',(-1.,0.));
#1156 = ( GEOMETRIC_REPRESENTATION_CONTEXT(2) 
PARAMETRIC_REPRESENTATION_CONTEXT() REPRESENTATION_CONTEXT('2D SPACE',''
  ) );
#1157 = PCURVE('',#1158,#1163);
#1158 = PLANE('',#1159);
#1159 = AXIS2_PLACEMENT_3D('',#1160,#1161,#1162);
#1160 = CARTESIAN_POINT('',(193.8,29.,11.7));
#1161 = DIRECTION('',(-1.,-0.,-0.));
#1162 = DIRECTION('',(0.,0.,-1.));
#1163 = DEFINITIONAL_REPRESENTATION('',(#1164),#1168);
#1164 = LINE('',#1165,#1166);
#1165 = CARTESIAN_POINT('',(-0.1,12.95));
#1166 = VECTOR('',#1167,1.);
#1167 = DIRECTION('',(-0.,-1.));
#1168 = ( GEOMETRIC_REPRESENTATION_CONTEXT(2) 
PARAMETRIC_REPRESENTATION_CONTEXT() REPRESENTATION_CONTEXT('2D SPACE',''
  ) );
#1169 = ORIENTED_EDGE('',*,*,#1170,.F.);
#1170 = EDGE_CURVE('',#1171,#1143,#1173,.T.);
#1171 = VERTEX_POINT('',#1172);
#1172 = CARTESIAN_POINT('',(195.8,29.,11.8));
#1173 = SURFACE_CURVE('',#1174,(#1179,#1190),.PCURVE_S1.);
#1174 = CIRCLE('',#1175,2.);
#1175 = AXIS2_PLACEMENT_3D('',#1176,#1177,#1178);
#1176 = CARTESIAN_POINT('',(195.8,31.,11.8));
#1177 = DIRECTION('',(0.,0.,-1.));
#1178 = DIRECTION('',(-1.,-0.,-0.));
#1179 = PCURVE('',#32,#1180);
#1180 = DEFINITIONAL_REPRESENTATION('',(#1181),#1189);
#1181 = ( BOUNDED_CURVE() B_SPLINE_CURVE(2,(#1182,#1183,#1184,#1185,
#1186,#1187,#1188),.UNSPECIFIED.,.T.,.F.) B_SPLINE_CURVE_WITH_KNOTS((1,2
    ,2,2,2,1),(-2.094395102393,0.,2.094395102393,4.188790204786,
6.28318530718,8.377580409573),.UNSPECIFIED.) CURVE() 
GEOMETRIC_REPRESENTATION_ITEM() RATIONAL_B_SPLINE_CURVE((1.,0.5,1.,0.5,
1.,0.5,1.)) REPRESENTATION_ITEM('') );
#1182 = CARTESIAN_POINT('',(-27.9,-2.2));
#1183 = CARTESIAN_POINT('',(-31.36410161513,-2.2));
#1184 = CARTESIAN_POINT('',(-29.63205080756,0.8));
#1185 = CARTESIAN_POINT('',(-27.9,3.8));
#1186 = CARTESIAN_POINT('',(-26.16794919243,0.8));
#1187 = CARTESIAN_POINT('',(-24.43589838486,-2.2));
#1188 = CARTESIAN_POINT('',(-27.9,-2.2));
#1189 = ( GEOMETRIC_REPRESENTATION_CONTEXT(2) 
PARAMETRIC_REPRESENTATION_CONTEXT() REPRESENTATION_CONTEXT('2D SPACE',''
  ) );
#1190 = PCURVE('',#1191,#1196);
#1191 = CYLINDRICAL_SURFACE('',#1192,2.);
#1192 = AXIS2_PLACEMENT_3D('',#1193,#1194,#1195);
#1193 = CARTESIAN_POINT('',(195.8,31.,11.7));
#1194 = DIRECTION('',(-0.,-0.,1.));
#1195 = DIRECTION('',(-1.,-0.,-0.));
#1196 = DEFINITIONAL_REPRESENTATION('',(#1197),#1201);
#1197 = LINE('',#1198,#1199);
#1198 = CARTESIAN_POINT('',(6.28318530718,0.1));
#1199 = VECTOR('',#1200,1.);
#1200 = DIRECTION('',(-1.,0.));
#1201 = ( GEOMETRIC_REPRESENTATION_CONTEXT(2) 
PARAMETRIC_REPRESENTATION_CONTEXT() REPRESENTATION_CONTEXT('2D SPACE',''
  ) );
#1202 = ORIENTED_EDGE('',*,*,#1203,.T.);
#1203 = EDGE_CURVE('',#1171,#24,#1204,.T.);
#1204 = SURFACE_CURVE('',#1205,(#1209,#1216),.PCURVE_S1.);
#1205 = LINE('',#1206,#1207);
#1206 = CARTESIAN_POINT('',(197.,29.,11.8));
#1207 = VECTOR('',#1208,1.);
#1208 = DIRECTION('',(1.,-0.,0.));
#1209 = PCURVE('',#32,#1210);
#1210 = DEFINITIONAL_REPRESENTATION('',(#1211),#1215);
#1211 = LINE('',#1212,#1213);
#1212 = CARTESIAN_POINT('',(-25.9,1.));
#1213 = VECTOR('',#1214,1.);
#1214 = DIRECTION('',(-0.,1.));
#1215 = ( GEOMETRIC_REPRESENTATION_CONTEXT(2) 
PARAMETRIC_REPRESENTATION_CONTEXT() REPRESENTATION_CONTEXT('2D SPACE',''
  ) );
#1216 = PCURVE('',#1217,#1222);
#1217 = PLANE('',#1218);
#1218 = AXIS2_PLACEMENT_3D('',#1219,#1220,#1221);
#1219 = CARTESIAN_POINT('',(198.,29.,11.7));
#1220 = DIRECTION('',(-0.,1.,-0.));
#1221 = DIRECTION('',(0.,0.,-1.));
#1222 = DEFINITIONAL_REPRESENTATION('',(#1223),#1227);
#1223 = LINE('',#1224,#1225);
#1224 = CARTESIAN_POINT('',(-0.1,1.));
#1225 = VECTOR('',#1226,1.);
#1226 = DIRECTION('',(-0.,-1.));
#1227 = ( GEOMETRIC_REPRESENTATION_CONTEXT(2) 
PARAMETRIC_REPRESENTATION_CONTEXT() REPRESENTATION_CONTEXT('2D SPACE',''
  ) );
#1228 = ADVANCED_FACE('',(#1229),#44,.F.);
#1229 = FACE_BOUND('',#1230,.T.);
#1230 = EDGE_LOOP('',(#1231,#1261,#1282,#1283,#1306,#1334,#1362));
#1231 = ORIENTED_EDGE('',*,*,#1232,.T.);
#1232 = EDGE_CURVE('',#1233,#1235,#1237,.T.);
#1233 = VERTEX_POINT('',#1234);
#1234 = CARTESIAN_POINT('',(196.,4.2,16.5));
#1235 = VERTEX_POINT('',#1236);
#1236 = CARTESIAN_POINT('',(196.,3.1,15.4));
#1237 = SURFACE_CURVE('',#1238,(#1242,#1249),.PCURVE_S1.);
#1238 = LINE('',#1239,#1240);
#1239 = CARTESIAN_POINT('',(196.,4.2,16.5));
#1240 = VECTOR('',#1241,1.);
#1241 = DIRECTION('',(-0.,-0.707106781187,-0.707106781187));
#1242 = PCURVE('',#44,#1243);
#1243 = DEFINITIONAL_REPRESENTATION('',(#1244),#1248);
#1244 = LINE('',#1245,#1246);
#1245 = CARTESIAN_POINT('',(-2.359132241589,93.5));
#1246 = VECTOR('',#1247,1.);
#1247 = DIRECTION('',(0.707106781187,0.707106781187));
#1248 = ( GEOMETRIC_REPRESENTATION_CONTEXT(2) 
PARAMETRIC_REPRESENTATION_CONTEXT() REPRESENTATION_CONTEXT('2D SPACE',''
  ) );
#1249 = PCURVE('',#1250,#1255);
#1250 = PLANE('',#1251);
#1251 = AXIS2_PLACEMENT_3D('',#1252,#1253,#1254);
#1252 = CARTESIAN_POINT('',(196.,4.2,16.5));
#1253 = DIRECTION('',(-0.,0.707106781187,-0.707106781187));
#1254 = DIRECTION('',(0.,0.707106781187,0.707106781187));
#1255 = DEFINITIONAL_REPRESENTATION('',(#1256),#1260);
#1256 = LINE('',#1257,#1258);
#1257 = CARTESIAN_POINT('',(0.,-0.));
#1258 = VECTOR('',#1259,1.);
#1259 = DIRECTION('',(-1.,0.));
#1260 = ( GEOMETRIC_REPRESENTATION_CONTEXT(2) 
PARAMETRIC_REPRESENTATION_CONTEXT() REPRESENTATION_CONTEXT('2D SPACE',''
  ) );
#1261 = ORIENTED_EDGE('',*,*,#1262,.T.);
#1262 = EDGE_CURVE('',#1235,#22,#1263,.T.);
#1263 = SURFACE_CURVE('',#1264,(#1268,#1275),.PCURVE_S1.);
#1264 = LINE('',#1265,#1266);
#1265 = CARTESIAN_POINT('',(196.,3.1,15.4));
#1266 = VECTOR('',#1267,1.);
#1267 = DIRECTION('',(-0.,-0.,-1.));
#1268 = PCURVE('',#44,#1269);
#1269 = DEFINITIONAL_REPRESENTATION('',(#1270),#1274);
#1270 = LINE('',#1271,#1272);
#1271 = CARTESIAN_POINT('',(-1.259132241589,94.6));
#1272 = VECTOR('',#1273,1.);
#1273 = DIRECTION('',(1.,-0.));
#1274 = ( GEOMETRIC_REPRESENTATION_CONTEXT(2) 
PARAMETRIC_REPRESENTATION_CONTEXT() REPRESENTATION_CONTEXT('2D SPACE',''
  ) );
#1275 = PCURVE('',#72,#1276);
#1276 = DEFINITIONAL_REPRESENTATION('',(#1277),#1281);
#1277 = LINE('',#1278,#1279);
#1278 = CARTESIAN_POINT('',(0.,-0.));
#1279 = VECTOR('',#1280,1.);
#1280 = DIRECTION('',(-1.,0.));
#1281 = ( GEOMETRIC_REPRESENTATION_CONTEXT(2) 
PARAMETRIC_REPRESENTATION_CONTEXT() REPRESENTATION_CONTEXT('2D SPACE',''
  ) );
#1282 = ORIENTED_EDGE('',*,*,#21,.T.);
#1283 = ORIENTED_EDGE('',*,*,#1284,.T.);
#1284 = EDGE_CURVE('',#24,#1285,#1287,.T.);
#1285 = VERTEX_POINT('',#1286);
#1286 = CARTESIAN_POINT('',(196.,29.,17.5));
#1287 = SURFACE_CURVE('',#1288,(#1292,#1299),.PCURVE_S1.);
#1288 = LINE('',#1289,#1290);
#1289 = CARTESIAN_POINT('',(196.,29.,11.7));
#1290 = VECTOR('',#1291,1.);
#1291 = DIRECTION('',(-0.,-0.,1.));
#1292 = PCURVE('',#44,#1293);
#1293 = DEFINITIONAL_REPRESENTATION('',(#1294),#1298);
#1294 = LINE('',#1295,#1296);
#1295 = CARTESIAN_POINT('',(2.440867758411,68.7));
#1296 = VECTOR('',#1297,1.);
#1297 = DIRECTION('',(-1.,-0.));
#1298 = ( GEOMETRIC_REPRESENTATION_CONTEXT(2) 
PARAMETRIC_REPRESENTATION_CONTEXT() REPRESENTATION_CONTEXT('2D SPACE',''
  ) );
#1299 = PCURVE('',#1217,#1300);
#1300 = DEFINITIONAL_REPRESENTATION('',(#1301),#1305);
#1301 = LINE('',#1302,#1303);
#1302 = CARTESIAN_POINT('',(-0.,2.));
#1303 = VECTOR('',#1304,1.);
#1304 = DIRECTION('',(-1.,0.));
#1305 = ( GEOMETRIC_REPRESENTATION_CONTEXT(2) 
PARAMETRIC_REPRESENTATION_CONTEXT() REPRESENTATION_CONTEXT('2D SPACE',''
  ) );
#1306 = ORIENTED_EDGE('',*,*,#1307,.F.);
#1307 = EDGE_CURVE('',#1308,#1285,#1310,.T.);
#1308 = VERTEX_POINT('',#1309);
#1309 = CARTESIAN_POINT('',(196.,10.,17.5));
#1310 = SURFACE_CURVE('',#1311,(#1315,#1322),.PCURVE_S1.);
#1311 = LINE('',#1312,#1313);
#1312 = CARTESIAN_POINT('',(196.,10.,17.5));
#1313 = VECTOR('',#1314,1.);
#1314 = DIRECTION('',(-0.,1.,-0.));
#1315 = PCURVE('',#44,#1316);
#1316 = DEFINITIONAL_REPRESENTATION('',(#1317),#1321);
#1317 = LINE('',#1318,#1319);
#1318 = CARTESIAN_POINT('',(-3.359132241589,87.7));
#1319 = VECTOR('',#1320,1.);
#1320 = DIRECTION('',(-0.,-1.));
#1321 = ( GEOMETRIC_REPRESENTATION_CONTEXT(2) 
PARAMETRIC_REPRESENTATION_CONTEXT() REPRESENTATION_CONTEXT('2D SPACE',''
  ) );
#1322 = PCURVE('',#1323,#1328);
#1323 = PLANE('',#1324);
#1324 = AXIS2_PLACEMENT_3D('',#1325,#1326,#1327);
#1325 = CARTESIAN_POINT('',(196.,10.,17.5));
#1326 = DIRECTION('',(-0.,-0.,1.));
#1327 = DIRECTION('',(1.,0.,0.));
#1328 = DEFINITIONAL_REPRESENTATION('',(#1329),#1333);
#1329 = LINE('',#1330,#1331);
#1330 = CARTESIAN_POINT('',(0.,-0.));
#1331 = VECTOR('',#1332,1.);
#1332 = DIRECTION('',(-0.,1.));
#1333 = ( GEOMETRIC_REPRESENTATION_CONTEXT(2) 
PARAMETRIC_REPRESENTATION_CONTEXT() REPRESENTATION_CONTEXT('2D SPACE',''
  ) );
#1334 = ORIENTED_EDGE('',*,*,#1335,.F.);
#1335 = EDGE_CURVE('',#1336,#1308,#1338,.T.);
#1336 = VERTEX_POINT('',#1337);
#1337 = CARTESIAN_POINT('',(196.,10.,16.5));
#1338 = SURFACE_CURVE('',#1339,(#1343,#1350),.PCURVE_S1.);
#1339 = LINE('',#1340,#1341);
#1340 = CARTESIAN_POINT('',(196.,10.,16.5));
#1341 = VECTOR('',#1342,1.);
#1342 = DIRECTION('',(-0.,-0.,1.));
#1343 = PCURVE('',#44,#1344);
#1344 = DEFINITIONAL_REPRESENTATION('',(#1345),#1349);
#1345 = LINE('',#1346,#1347);
#1346 = CARTESIAN_POINT('',(-2.359132241589,87.7));
#1347 = VECTOR('',#1348,1.);
#1348 = DIRECTION('',(-1.,-0.));
#1349 = ( GEOMETRIC_REPRESENTATION_CONTEXT(2) 
PARAMETRIC_REPRESENTATION_CONTEXT() REPRESENTATION_CONTEXT('2D SPACE',''
  ) );
#1350 = PCURVE('',#1351,#1356);
#1351 = PLANE('',#1352);
#1352 = AXIS2_PLACEMENT_3D('',#1353,#1354,#1355);
#1353 = CARTESIAN_POINT('',(196.,10.,16.5));
#1354 = DIRECTION('',(-0.,1.,-0.));
#1355 = DIRECTION('',(0.,0.,-1.));
#1356 = DEFINITIONAL_REPRESENTATION('',(#1357),#1361);
#1357 = LINE('',#1358,#1359);
#1358 = CARTESIAN_POINT('',(-0.,-0.));
#1359 = VECTOR('',#1360,1.);
#1360 = DIRECTION('',(-1.,0.));
#1361 = ( GEOMETRIC_REPRESENTATION_CONTEXT(2) 
PARAMETRIC_REPRESENTATION_CONTEXT() REPRESENTATION_CONTEXT('2D SPACE',''
  ) );
#1362 = ORIENTED_EDGE('',*,*,#1363,.F.);
#1363 = EDGE_CURVE('',#1233,#1336,#1364,.T.);
#1364 = SURFACE_CURVE('',#1365,(#1369,#1376),.PCURVE_S1.);
#1365 = LINE('',#1366,#1367);
#1366 = CARTESIAN_POINT('',(196.,4.2,16.5));
#1367 = VECTOR('',#1368,1.);
#1368 = DIRECTION('',(-0.,1.,-0.));
#1369 = PCURVE('',#44,#1370);
#1370 = DEFINITIONAL_REPRESENTATION('',(#1371),#1375);
#1371 = LINE('',#1372,#1373);
#1372 = CARTESIAN_POINT('',(-2.359132241589,93.5));
#1373 = VECTOR('',#1374,1.);
#1374 = DIRECTION('',(-0.,-1.));
#1375 = ( GEOMETRIC_REPRESENTATION_CONTEXT(2) 
PARAMETRIC_REPRESENTATION_CONTEXT() REPRESENTATION_CONTEXT('2D SPACE',''
  ) );
#1376 = PCURVE('',#1377,#1382);
#1377 = PLANE('',#1378);
#1378 = AXIS2_PLACEMENT_3D('',#1379,#1380,#1381);
#1379 = CARTESIAN_POINT('',(196.,191.2,16.5));
#1380 = DIRECTION('',(-0.,-0.,-1.));
#1381 = DIRECTION('',(0.,1.,0.));
#1382 = DEFINITIONAL_REPRESENTATION('',(#1383),#1387);
#1383 = LINE('',#1384,#1385);
#1384 = CARTESIAN_POINT('',(-187.,0.));
#1385 = VECTOR('',#1386,1.);
#1386 = DIRECTION('',(1.,-0.));
#1387 = ( GEOMETRIC_REPRESENTATION_CONTEXT(2) 
PARAMETRIC_REPRESENTATION_CONTEXT() REPRESENTATION_CONTEXT('2D SPACE',''
  ) );
#1388 = ADVANCED_FACE('',(#1389),#1217,.T.);
#1389 = FACE_BOUND('',#1390,.F.);
#1390 = EDGE_LOOP('',(#1391,#1392,#1393,#1416));
#1391 = ORIENTED_EDGE('',*,*,#1203,.T.);
#1392 = ORIENTED_EDGE('',*,*,#1284,.T.);
#1393 = ORIENTED_EDGE('',*,*,#1394,.F.);
#1394 = EDGE_CURVE('',#1395,#1285,#1397,.T.);
#1395 = VERTEX_POINT('',#1396);
#1396 = CARTESIAN_POINT('',(195.8,29.,17.5));
#1397 = SURFACE_CURVE('',#1398,(#1402,#1409),.PCURVE_S1.);
#1398 = LINE('',#1399,#1400);
#1399 = CARTESIAN_POINT('',(197.,29.,17.5));
#1400 = VECTOR('',#1401,1.);
#1401 = DIRECTION('',(1.,-0.,0.));
#1402 = PCURVE('',#1217,#1403);
#1403 = DEFINITIONAL_REPRESENTATION('',(#1404),#1408);
#1404 = LINE('',#1405,#1406);
#1405 = CARTESIAN_POINT('',(-5.8,1.));
#1406 = VECTOR('',#1407,1.);
#1407 = DIRECTION('',(-0.,-1.));
#1408 = ( GEOMETRIC_REPRESENTATION_CONTEXT(2) 
PARAMETRIC_REPRESENTATION_CONTEXT() REPRESENTATION_CONTEXT('2D SPACE',''
  ) );
#1409 = PCURVE('',#1323,#1410);
#1410 = DEFINITIONAL_REPRESENTATION('',(#1411),#1415);
#1411 = LINE('',#1412,#1413);
#1412 = CARTESIAN_POINT('',(1.,19.));
#1413 = VECTOR('',#1414,1.);
#1414 = DIRECTION('',(1.,-0.));
#1415 = ( GEOMETRIC_REPRESENTATION_CONTEXT(2) 
PARAMETRIC_REPRESENTATION_CONTEXT() REPRESENTATION_CONTEXT('2D SPACE',''
  ) );
#1416 = ORIENTED_EDGE('',*,*,#1417,.F.);
#1417 = EDGE_CURVE('',#1171,#1395,#1418,.T.);
#1418 = SURFACE_CURVE('',#1419,(#1423,#1430),.PCURVE_S1.);
#1419 = LINE('',#1420,#1421);
#1420 = CARTESIAN_POINT('',(195.8,29.,11.7));
#1421 = VECTOR('',#1422,1.);
#1422 = DIRECTION('',(-0.,-0.,1.));
#1423 = PCURVE('',#1217,#1424);
#1424 = DEFINITIONAL_REPRESENTATION('',(#1425),#1429);
#1425 = LINE('',#1426,#1427);
#1426 = CARTESIAN_POINT('',(-0.,2.2));
#1427 = VECTOR('',#1428,1.);
#1428 = DIRECTION('',(-1.,0.));
#1429 = ( GEOMETRIC_REPRESENTATION_CONTEXT(2) 
PARAMETRIC_REPRESENTATION_CONTEXT() REPRESENTATION_CONTEXT('2D SPACE',''
  ) );
#1430 = PCURVE('',#1191,#1431);
#1431 = DEFINITIONAL_REPRESENTATION('',(#1432),#1436);
#1432 = LINE('',#1433,#1434);
#1433 = CARTESIAN_POINT('',(1.570796326795,0.));
#1434 = VECTOR('',#1435,1.);
#1435 = DIRECTION('',(0.,1.));
#1436 = ( GEOMETRIC_REPRESENTATION_CONTEXT(2) 
PARAMETRIC_REPRESENTATION_CONTEXT() REPRESENTATION_CONTEXT('2D SPACE',''
  ) );
#1437 = ADVANCED_FACE('',(#1438),#1191,.F.);
#1438 = FACE_BOUND('',#1439,.F.);
#1439 = EDGE_LOOP('',(#1440,#1463,#1464,#1465,#1493,#1521));
#1440 = ORIENTED_EDGE('',*,*,#1441,.F.);
#1441 = EDGE_CURVE('',#1143,#1442,#1444,.T.);
#1442 = VERTEX_POINT('',#1443);
#1443 = CARTESIAN_POINT('',(193.8,31.,16.5));
#1444 = SURFACE_CURVE('',#1445,(#1449,#1456),.PCURVE_S1.);
#1445 = LINE('',#1446,#1447);
#1446 = CARTESIAN_POINT('',(193.8,31.,11.7));
#1447 = VECTOR('',#1448,1.);
#1448 = DIRECTION('',(-0.,-0.,1.));
#1449 = PCURVE('',#1191,#1450);
#1450 = DEFINITIONAL_REPRESENTATION('',(#1451),#1455);
#1451 = LINE('',#1452,#1453);
#1452 = CARTESIAN_POINT('',(0.,0.));
#1453 = VECTOR('',#1454,1.);
#1454 = DIRECTION('',(0.,1.));
#1455 = ( GEOMETRIC_REPRESENTATION_CONTEXT(2) 
PARAMETRIC_REPRESENTATION_CONTEXT() REPRESENTATION_CONTEXT('2D SPACE',''
  ) );
#1456 = PCURVE('',#1158,#1457);
#1457 = DEFINITIONAL_REPRESENTATION('',(#1458),#1462);
#1458 = LINE('',#1459,#1460);
#1459 = CARTESIAN_POINT('',(-0.,-2.));
#1460 = VECTOR('',#1461,1.);
#1461 = DIRECTION('',(-1.,-0.));
#1462 = ( GEOMETRIC_REPRESENTATION_CONTEXT(2) 
PARAMETRIC_REPRESENTATION_CONTEXT() REPRESENTATION_CONTEXT('2D SPACE',''
  ) );
#1463 = ORIENTED_EDGE('',*,*,#1170,.F.);
#1464 = ORIENTED_EDGE('',*,*,#1417,.T.);
#1465 = ORIENTED_EDGE('',*,*,#1466,.T.);
#1466 = EDGE_CURVE('',#1395,#1467,#1469,.T.);
#1467 = VERTEX_POINT('',#1468);
#1468 = CARTESIAN_POINT('',(194.4,29.571714314291,17.5));
#1469 = SURFACE_CURVE('',#1470,(#1475,#1482),.PCURVE_S1.);
#1470 = CIRCLE('',#1471,2.);
#1471 = AXIS2_PLACEMENT_3D('',#1472,#1473,#1474);
#1472 = CARTESIAN_POINT('',(195.8,31.,17.5));
#1473 = DIRECTION('',(0.,0.,-1.));
#1474 = DIRECTION('',(-1.,-0.,-0.));
#1475 = PCURVE('',#1191,#1476);
#1476 = DEFINITIONAL_REPRESENTATION('',(#1477),#1481);
#1477 = LINE('',#1478,#1479);
#1478 = CARTESIAN_POINT('',(6.28318530718,5.8));
#1479 = VECTOR('',#1480,1.);
#1480 = DIRECTION('',(-1.,0.));
#1481 = ( GEOMETRIC_REPRESENTATION_CONTEXT(2) 
PARAMETRIC_REPRESENTATION_CONTEXT() REPRESENTATION_CONTEXT('2D SPACE',''
  ) );
#1482 = PCURVE('',#1323,#1483);
#1483 = DEFINITIONAL_REPRESENTATION('',(#1484),#1492);
#1484 = ( BOUNDED_CURVE() B_SPLINE_CURVE(2,(#1485,#1486,#1487,#1488,
#1489,#1490,#1491),.UNSPECIFIED.,.T.,.F.) B_SPLINE_CURVE_WITH_KNOTS((1,2
    ,2,2,2,1),(-2.094395102393,0.,2.094395102393,4.188790204786,
6.28318530718,8.377580409573),.UNSPECIFIED.) CURVE() 
GEOMETRIC_REPRESENTATION_ITEM() RATIONAL_B_SPLINE_CURVE((1.,0.5,1.,0.5,
1.,0.5,1.)) REPRESENTATION_ITEM('') );
#1485 = CARTESIAN_POINT('',(-2.2,21.));
#1486 = CARTESIAN_POINT('',(-2.2,24.464101615138));
#1487 = CARTESIAN_POINT('',(0.8,22.732050807569));
#1488 = CARTESIAN_POINT('',(3.8,21.));
#1489 = CARTESIAN_POINT('',(0.8,19.267949192431));
#1490 = CARTESIAN_POINT('',(-2.2,17.535898384862));
#1491 = CARTESIAN_POINT('',(-2.2,21.));
#1492 = ( GEOMETRIC_REPRESENTATION_CONTEXT(2) 
PARAMETRIC_REPRESENTATION_CONTEXT() REPRESENTATION_CONTEXT('2D SPACE',''
  ) );
#1493 = ORIENTED_EDGE('',*,*,#1494,.F.);
#1494 = EDGE_CURVE('',#1495,#1467,#1497,.T.);
#1495 = VERTEX_POINT('',#1496);
#1496 = CARTESIAN_POINT('',(194.4,29.571714314291,16.5));
#1497 = SURFACE_CURVE('',#1498,(#1502,#1509),.PCURVE_S1.);
#1498 = LINE('',#1499,#1500);
#1499 = CARTESIAN_POINT('',(194.4,29.571714314291,11.7));
#1500 = VECTOR('',#1501,1.);
#1501 = DIRECTION('',(-0.,-0.,1.));
#1502 = PCURVE('',#1191,#1503);
#1503 = DEFINITIONAL_REPRESENTATION('',(#1504),#1508);
#1504 = LINE('',#1505,#1506);
#1505 = CARTESIAN_POINT('',(0.795398830184,0.));
#1506 = VECTOR('',#1507,1.);
#1507 = DIRECTION('',(0.,1.));
#1508 = ( GEOMETRIC_REPRESENTATION_CONTEXT(2) 
PARAMETRIC_REPRESENTATION_CONTEXT() REPRESENTATION_CONTEXT('2D SPACE',''
  ) );
#1509 = PCURVE('',#1510,#1515);
#1510 = PLANE('',#1511);
#1511 = AXIS2_PLACEMENT_3D('',#1512,#1513,#1514);
#1512 = CARTESIAN_POINT('',(194.4,10.,16.5));
#1513 = DIRECTION('',(-1.,-0.,-0.));
#1514 = DIRECTION('',(0.,0.,-1.));
#1515 = DEFINITIONAL_REPRESENTATION('',(#1516),#1520);
#1516 = LINE('',#1517,#1518);
#1517 = CARTESIAN_POINT('',(4.8,-19.57171431429));
#1518 = VECTOR('',#1519,1.);
#1519 = DIRECTION('',(-1.,-0.));
#1520 = ( GEOMETRIC_REPRESENTATION_CONTEXT(2) 
PARAMETRIC_REPRESENTATION_CONTEXT() REPRESENTATION_CONTEXT('2D SPACE',''
  ) );
#1521 = ORIENTED_EDGE('',*,*,#1522,.T.);
#1522 = EDGE_CURVE('',#1495,#1442,#1523,.T.);
#1523 = SURFACE_CURVE('',#1524,(#1529,#1536),.PCURVE_S1.);
#1524 = CIRCLE('',#1525,2.);
#1525 = AXIS2_PLACEMENT_3D('',#1526,#1527,#1528);
#1526 = CARTESIAN_POINT('',(195.8,31.,16.5));
#1527 = DIRECTION('',(0.,0.,-1.));
#1528 = DIRECTION('',(-1.,-0.,-0.));
#1529 = PCURVE('',#1191,#1530);
#1530 = DEFINITIONAL_REPRESENTATION('',(#1531),#1535);
#1531 = LINE('',#1532,#1533);
#1532 = CARTESIAN_POINT('',(6.28318530718,4.8));
#1533 = VECTOR('',#1534,1.);
#1534 = DIRECTION('',(-1.,0.));
#1535 = ( GEOMETRIC_REPRESENTATION_CONTEXT(2) 
PARAMETRIC_REPRESENTATION_CONTEXT() REPRESENTATION_CONTEXT('2D SPACE',''
  ) );
#1536 = PCURVE('',#1377,#1537);
#1537 = DEFINITIONAL_REPRESENTATION('',(#1538),#1542);
#1538 = CIRCLE('',#1539,2.);
#1539 = AXIS2_PLACEMENT_2D('',#1540,#1541);
#1540 = CARTESIAN_POINT('',(-160.2,-0.2));
#1541 = DIRECTION('',(-0.,-1.));
#1542 = ( GEOMETRIC_REPRESENTATION_CONTEXT(2) 
PARAMETRIC_REPRESENTATION_CONTEXT() REPRESENTATION_CONTEXT('2D SPACE',''
  ) );
#1543 = ADVANCED_FACE('',(#1544),#1158,.F.);
#1544 = FACE_BOUND('',#1545,.T.);
#1545 = EDGE_LOOP('',(#1546,#1569,#1570,#1571));
#1546 = ORIENTED_EDGE('',*,*,#1547,.T.);
#1547 = EDGE_CURVE('',#1548,#1442,#1550,.T.);
#1548 = VERTEX_POINT('',#1549);
#1549 = CARTESIAN_POINT('',(193.8,55.,16.5));
#1550 = SURFACE_CURVE('',#1551,(#1555,#1562),.PCURVE_S1.);
#1551 = LINE('',#1552,#1553);
#1552 = CARTESIAN_POINT('',(193.8,110.1,16.5));
#1553 = VECTOR('',#1554,1.);
#1554 = DIRECTION('',(-0.,-1.,-0.));
#1555 = PCURVE('',#1158,#1556);
#1556 = DEFINITIONAL_REPRESENTATION('',(#1557),#1561);
#1557 = LINE('',#1558,#1559);
#1558 = CARTESIAN_POINT('',(-4.8,-81.1));
#1559 = VECTOR('',#1560,1.);
#1560 = DIRECTION('',(-0.,1.));
#1561 = ( GEOMETRIC_REPRESENTATION_CONTEXT(2) 
PARAMETRIC_REPRESENTATION_CONTEXT() REPRESENTATION_CONTEXT('2D SPACE',''
  ) );
#1562 = PCURVE('',#1377,#1563);
#1563 = DEFINITIONAL_REPRESENTATION('',(#1564),#1568);
#1564 = LINE('',#1565,#1566);
#1565 = CARTESIAN_POINT('',(-81.1,-2.2));
#1566 = VECTOR('',#1567,1.);
#1567 = DIRECTION('',(-1.,0.));
#1568 = ( GEOMETRIC_REPRESENTATION_CONTEXT(2) 
PARAMETRIC_REPRESENTATION_CONTEXT() REPRESENTATION_CONTEXT('2D SPACE',''
  ) );
#1569 = ORIENTED_EDGE('',*,*,#1441,.F.);
#1570 = ORIENTED_EDGE('',*,*,#1142,.T.);
#1571 = ORIENTED_EDGE('',*,*,#1572,.T.);
#1572 = EDGE_CURVE('',#1110,#1548,#1573,.T.);
#1573 = SURFACE_CURVE('',#1574,(#1578,#1585),.PCURVE_S1.);
#1574 = LINE('',#1575,#1576);
#1575 = CARTESIAN_POINT('',(193.8,55.,11.7));
#1576 = VECTOR('',#1577,1.);
#1577 = DIRECTION('',(-0.,-0.,1.));
#1578 = PCURVE('',#1158,#1579);
#1579 = DEFINITIONAL_REPRESENTATION('',(#1580),#1584);
#1580 = LINE('',#1581,#1582);
#1581 = CARTESIAN_POINT('',(-0.,-26.));
#1582 = VECTOR('',#1583,1.);
#1583 = DIRECTION('',(-1.,-0.));
#1584 = ( GEOMETRIC_REPRESENTATION_CONTEXT(2) 
PARAMETRIC_REPRESENTATION_CONTEXT() REPRESENTATION_CONTEXT('2D SPACE',''
  ) );
#1585 = PCURVE('',#1130,#1586);
#1586 = DEFINITIONAL_REPRESENTATION('',(#1587),#1591);
#1587 = LINE('',#1588,#1589);
#1588 = CARTESIAN_POINT('',(-0.,0.));
#1589 = VECTOR('',#1590,1.);
#1590 = DIRECTION('',(-0.,1.));
#1591 = ( GEOMETRIC_REPRESENTATION_CONTEXT(2) 
PARAMETRIC_REPRESENTATION_CONTEXT() REPRESENTATION_CONTEXT('2D SPACE',''
  ) );
#1592 = ADVANCED_FACE('',(#1593),#1130,.F.);
#1593 = FACE_BOUND('',#1594,.T.);
#1594 = EDGE_LOOP('',(#1595,#1596,#1597,#1620,#1653,#1681));
#1595 = ORIENTED_EDGE('',*,*,#1572,.F.);
#1596 = ORIENTED_EDGE('',*,*,#1109,.T.);
#1597 = ORIENTED_EDGE('',*,*,#1598,.T.);
#1598 = EDGE_CURVE('',#1082,#1599,#1601,.T.);
#1599 = VERTEX_POINT('',#1600);
#1600 = CARTESIAN_POINT('',(195.8,57.,17.5));
#1601 = SURFACE_CURVE('',#1602,(#1606,#1613),.PCURVE_S1.);
#1602 = LINE('',#1603,#1604);
#1603 = CARTESIAN_POINT('',(195.8,57.,11.7));
#1604 = VECTOR('',#1605,1.);
#1605 = DIRECTION('',(-0.,-0.,1.));
#1606 = PCURVE('',#1130,#1607);
#1607 = DEFINITIONAL_REPRESENTATION('',(#1608),#1612);
#1608 = LINE('',#1609,#1610);
#1609 = CARTESIAN_POINT('',(-1.570796326795,0.));
#1610 = VECTOR('',#1611,1.);
#1611 = DIRECTION('',(-0.,1.));
#1612 = ( GEOMETRIC_REPRESENTATION_CONTEXT(2) 
PARAMETRIC_REPRESENTATION_CONTEXT() REPRESENTATION_CONTEXT('2D SPACE',''
  ) );
#1613 = PCURVE('',#1097,#1614);
#1614 = DEFINITIONAL_REPRESENTATION('',(#1615),#1619);
#1615 = LINE('',#1616,#1617);
#1616 = CARTESIAN_POINT('',(-0.,2.2));
#1617 = VECTOR('',#1618,1.);
#1618 = DIRECTION('',(-1.,0.));
#1619 = ( GEOMETRIC_REPRESENTATION_CONTEXT(2) 
PARAMETRIC_REPRESENTATION_CONTEXT() REPRESENTATION_CONTEXT('2D SPACE',''
  ) );
#1620 = ORIENTED_EDGE('',*,*,#1621,.F.);
#1621 = EDGE_CURVE('',#1622,#1599,#1624,.T.);
#1622 = VERTEX_POINT('',#1623);
#1623 = CARTESIAN_POINT('',(194.4,56.428285685709,17.5));
#1624 = SURFACE_CURVE('',#1625,(#1630,#1637),.PCURVE_S1.);
#1625 = CIRCLE('',#1626,2.);
#1626 = AXIS2_PLACEMENT_3D('',#1627,#1628,#1629);
#1627 = CARTESIAN_POINT('',(195.8,55.,17.5));
#1628 = DIRECTION('',(0.,0.,-1.));
#1629 = DIRECTION('',(-1.,-0.,-0.));
#1630 = PCURVE('',#1130,#1631);
#1631 = DEFINITIONAL_REPRESENTATION('',(#1632),#1636);
#1632 = LINE('',#1633,#1634);
#1633 = CARTESIAN_POINT('',(-0.,5.8));
#1634 = VECTOR('',#1635,1.);
#1635 = DIRECTION('',(-1.,0.));
#1636 = ( GEOMETRIC_REPRESENTATION_CONTEXT(2) 
PARAMETRIC_REPRESENTATION_CONTEXT() REPRESENTATION_CONTEXT('2D SPACE',''
  ) );
#1637 = PCURVE('',#1638,#1643);
#1638 = PLANE('',#1639);
#1639 = AXIS2_PLACEMENT_3D('',#1640,#1641,#1642);
#1640 = CARTESIAN_POINT('',(196.,10.,17.5));
#1641 = DIRECTION('',(-0.,-0.,1.));
#1642 = DIRECTION('',(1.,0.,0.));
#1643 = DEFINITIONAL_REPRESENTATION('',(#1644),#1652);
#1644 = ( BOUNDED_CURVE() B_SPLINE_CURVE(2,(#1645,#1646,#1647,#1648,
#1649,#1650,#1651),.UNSPECIFIED.,.T.,.F.) B_SPLINE_CURVE_WITH_KNOTS((1,2
    ,2,2,2,1),(-2.094395102393,0.,2.094395102393,4.188790204786,
6.28318530718,8.377580409573),.UNSPECIFIED.) CURVE() 
GEOMETRIC_REPRESENTATION_ITEM() RATIONAL_B_SPLINE_CURVE((1.,0.5,1.,0.5,
1.,0.5,1.)) REPRESENTATION_ITEM('') );
#1645 = CARTESIAN_POINT('',(-2.2,45.));
#1646 = CARTESIAN_POINT('',(-2.2,48.464101615138));
#1647 = CARTESIAN_POINT('',(0.8,46.732050807569));
#1648 = CARTESIAN_POINT('',(3.8,45.));
#1649 = CARTESIAN_POINT('',(0.8,43.267949192431));
#1650 = CARTESIAN_POINT('',(-2.2,41.535898384862));
#1651 = CARTESIAN_POINT('',(-2.2,45.));
#1652 = ( GEOMETRIC_REPRESENTATION_CONTEXT(2) 
PARAMETRIC_REPRESENTATION_CONTEXT() REPRESENTATION_CONTEXT('2D SPACE',''
  ) );
#1653 = ORIENTED_EDGE('',*,*,#1654,.F.);
#1654 = EDGE_CURVE('',#1655,#1622,#1657,.T.);
#1655 = VERTEX_POINT('',#1656);
#1656 = CARTESIAN_POINT('',(194.4,56.428285685709,16.5));
#1657 = SURFACE_CURVE('',#1658,(#1662,#1669),.PCURVE_S1.);
#1658 = LINE('',#1659,#1660);
#1659 = CARTESIAN_POINT('',(194.4,56.428285685709,11.7));
#1660 = VECTOR('',#1661,1.);
#1661 = DIRECTION('',(-0.,-0.,1.));
#1662 = PCURVE('',#1130,#1663);
#1663 = DEFINITIONAL_REPRESENTATION('',(#1664),#1668);
#1664 = LINE('',#1665,#1666);
#1665 = CARTESIAN_POINT('',(-0.795398830184,0.));
#1666 = VECTOR('',#1667,1.);
#1667 = DIRECTION('',(-0.,1.));
#1668 = ( GEOMETRIC_REPRESENTATION_CONTEXT(2) 
PARAMETRIC_REPRESENTATION_CONTEXT() REPRESENTATION_CONTEXT('2D SPACE',''
  ) );
#1669 = PCURVE('',#1670,#1675);
#1670 = PLANE('',#1671);
#1671 = AXIS2_PLACEMENT_3D('',#1672,#1673,#1674);
#1672 = CARTESIAN_POINT('',(194.4,10.,16.5));
#1673 = DIRECTION('',(-1.,-0.,-0.));
#1674 = DIRECTION('',(0.,0.,-1.));
#1675 = DEFINITIONAL_REPRESENTATION('',(#1676),#1680);
#1676 = LINE('',#1677,#1678);
#1677 = CARTESIAN_POINT('',(4.8,-46.4282856857));
#1678 = VECTOR('',#1679,1.);
#1679 = DIRECTION('',(-1.,-0.));
#1680 = ( GEOMETRIC_REPRESENTATION_CONTEXT(2) 
PARAMETRIC_REPRESENTATION_CONTEXT() REPRESENTATION_CONTEXT('2D SPACE',''
  ) );
#1681 = ORIENTED_EDGE('',*,*,#1682,.F.);
#1682 = EDGE_CURVE('',#1548,#1655,#1683,.T.);
#1683 = SURFACE_CURVE('',#1684,(#1689,#1696),.PCURVE_S1.);
#1684 = CIRCLE('',#1685,2.);
#1685 = AXIS2_PLACEMENT_3D('',#1686,#1687,#1688);
#1686 = CARTESIAN_POINT('',(195.8,55.,16.5));
#1687 = DIRECTION('',(0.,0.,-1.));
#1688 = DIRECTION('',(-1.,-0.,-0.));
#1689 = PCURVE('',#1130,#1690);
#1690 = DEFINITIONAL_REPRESENTATION('',(#1691),#1695);
#1691 = LINE('',#1692,#1693);
#1692 = CARTESIAN_POINT('',(-0.,4.8));
#1693 = VECTOR('',#1694,1.);
#1694 = DIRECTION('',(-1.,0.));
#1695 = ( GEOMETRIC_REPRESENTATION_CONTEXT(2) 
PARAMETRIC_REPRESENTATION_CONTEXT() REPRESENTATION_CONTEXT('2D SPACE',''
  ) );
#1696 = PCURVE('',#1377,#1697);
#1697 = DEFINITIONAL_REPRESENTATION('',(#1698),#1702);
#1698 = CIRCLE('',#1699,2.);
#1699 = AXIS2_PLACEMENT_2D('',#1700,#1701);
#1700 = CARTESIAN_POINT('',(-136.2,-0.2));
#1701 = DIRECTION('',(-0.,-1.));
#1702 = ( GEOMETRIC_REPRESENTATION_CONTEXT(2) 
PARAMETRIC_REPRESENTATION_CONTEXT() REPRESENTATION_CONTEXT('2D SPACE',''
  ) );
#1703 = ADVANCED_FACE('',(#1704),#1097,.F.);
#1704 = FACE_BOUND('',#1705,.T.);
#1705 = EDGE_LOOP('',(#1706,#1707,#1730,#1751));
#1706 = ORIENTED_EDGE('',*,*,#1081,.T.);
#1707 = ORIENTED_EDGE('',*,*,#1708,.T.);
#1708 = EDGE_CURVE('',#1054,#1709,#1711,.T.);
#1709 = VERTEX_POINT('',#1710);
#1710 = CARTESIAN_POINT('',(196.,57.,17.5));
#1711 = SURFACE_CURVE('',#1712,(#1716,#1723),.PCURVE_S1.);
#1712 = LINE('',#1713,#1714);
#1713 = CARTESIAN_POINT('',(196.,57.,11.7));
#1714 = VECTOR('',#1715,1.);
#1715 = DIRECTION('',(-0.,-0.,1.));
#1716 = PCURVE('',#1097,#1717);
#1717 = DEFINITIONAL_REPRESENTATION('',(#1718),#1722);
#1718 = LINE('',#1719,#1720);
#1719 = CARTESIAN_POINT('',(-0.,2.));
#1720 = VECTOR('',#1721,1.);
#1721 = DIRECTION('',(-1.,0.));
#1722 = ( GEOMETRIC_REPRESENTATION_CONTEXT(2) 
PARAMETRIC_REPRESENTATION_CONTEXT() REPRESENTATION_CONTEXT('2D SPACE',''
  ) );
#1723 = PCURVE('',#1069,#1724);
#1724 = DEFINITIONAL_REPRESENTATION('',(#1725),#1729);
#1725 = LINE('',#1726,#1727);
#1726 = CARTESIAN_POINT('',(2.440867758411,40.7));
#1727 = VECTOR('',#1728,1.);
#1728 = DIRECTION('',(-1.,-0.));
#1729 = ( GEOMETRIC_REPRESENTATION_CONTEXT(2) 
PARAMETRIC_REPRESENTATION_CONTEXT() REPRESENTATION_CONTEXT('2D SPACE',''
  ) );
#1730 = ORIENTED_EDGE('',*,*,#1731,.F.);
#1731 = EDGE_CURVE('',#1599,#1709,#1732,.T.);
#1732 = SURFACE_CURVE('',#1733,(#1737,#1744),.PCURVE_S1.);
#1733 = LINE('',#1734,#1735);
#1734 = CARTESIAN_POINT('',(197.,57.,17.5));
#1735 = VECTOR('',#1736,1.);
#1736 = DIRECTION('',(1.,-0.,0.));
#1737 = PCURVE('',#1097,#1738);
#1738 = DEFINITIONAL_REPRESENTATION('',(#1739),#1743);
#1739 = LINE('',#1740,#1741);
#1740 = CARTESIAN_POINT('',(-5.8,1.));
#1741 = VECTOR('',#1742,1.);
#1742 = DIRECTION('',(-0.,-1.));
#1743 = ( GEOMETRIC_REPRESENTATION_CONTEXT(2) 
PARAMETRIC_REPRESENTATION_CONTEXT() REPRESENTATION_CONTEXT('2D SPACE',''
  ) );
#1744 = PCURVE('',#1638,#1745);
#1745 = DEFINITIONAL_REPRESENTATION('',(#1746),#1750);
#1746 = LINE('',#1747,#1748);
#1747 = CARTESIAN_POINT('',(1.,47.));
#1748 = VECTOR('',#1749,1.);
#1749 = DIRECTION('',(1.,-0.));
#1750 = ( GEOMETRIC_REPRESENTATION_CONTEXT(2) 
PARAMETRIC_REPRESENTATION_CONTEXT() REPRESENTATION_CONTEXT('2D SPACE',''
  ) );
#1751 = ORIENTED_EDGE('',*,*,#1598,.F.);
#1752 = ADVANCED_FACE('',(#1753),#1069,.F.);
#1753 = FACE_BOUND('',#1754,.T.);
#1754 = EDGE_LOOP('',(#1755,#1756,#1757,#1780));
#1755 = ORIENTED_EDGE('',*,*,#1708,.F.);
#1756 = ORIENTED_EDGE('',*,*,#1053,.T.);
#1757 = ORIENTED_EDGE('',*,*,#1758,.T.);
#1758 = EDGE_CURVE('',#1021,#1759,#1761,.T.);
#1759 = VERTEX_POINT('',#1760);
#1760 = CARTESIAN_POINT('',(196.,71.520204102887,17.5));
#1761 = SURFACE_CURVE('',#1762,(#1766,#1773),.PCURVE_S1.);
#1762 = LINE('',#1763,#1764);
#1763 = CARTESIAN_POINT('',(196.,71.520204102887,11.7));
#1764 = VECTOR('',#1765,1.);
#1765 = DIRECTION('',(-0.,-0.,1.));
#1766 = PCURVE('',#1069,#1767);
#1767 = DEFINITIONAL_REPRESENTATION('',(#1768),#1772);
#1768 = LINE('',#1769,#1770);
#1769 = CARTESIAN_POINT('',(2.440867758411,26.179795897113));
#1770 = VECTOR('',#1771,1.);
#1771 = DIRECTION('',(-1.,-0.));
#1772 = ( GEOMETRIC_REPRESENTATION_CONTEXT(2) 
PARAMETRIC_REPRESENTATION_CONTEXT() REPRESENTATION_CONTEXT('2D SPACE',''
  ) );
#1773 = PCURVE('',#1041,#1774);
#1774 = DEFINITIONAL_REPRESENTATION('',(#1775),#1779);
#1775 = LINE('',#1776,#1777);
#1776 = CARTESIAN_POINT('',(-0.402715841581,0.));
#1777 = VECTOR('',#1778,1.);
#1778 = DIRECTION('',(-0.,1.));
#1779 = ( GEOMETRIC_REPRESENTATION_CONTEXT(2) 
PARAMETRIC_REPRESENTATION_CONTEXT() REPRESENTATION_CONTEXT('2D SPACE',''
  ) );
#1780 = ORIENTED_EDGE('',*,*,#1781,.F.);
#1781 = EDGE_CURVE('',#1709,#1759,#1782,.T.);
#1782 = SURFACE_CURVE('',#1783,(#1787,#1794),.PCURVE_S1.);
#1783 = LINE('',#1784,#1785);
#1784 = CARTESIAN_POINT('',(196.,10.,17.5));
#1785 = VECTOR('',#1786,1.);
#1786 = DIRECTION('',(-0.,1.,-0.));
#1787 = PCURVE('',#1069,#1788);
#1788 = DEFINITIONAL_REPRESENTATION('',(#1789),#1793);
#1789 = LINE('',#1790,#1791);
#1790 = CARTESIAN_POINT('',(-3.359132241589,87.7));
#1791 = VECTOR('',#1792,1.);
#1792 = DIRECTION('',(-0.,-1.));
#1793 = ( GEOMETRIC_REPRESENTATION_CONTEXT(2) 
PARAMETRIC_REPRESENTATION_CONTEXT() REPRESENTATION_CONTEXT('2D SPACE',''
  ) );
#1794 = PCURVE('',#1638,#1795);
#1795 = DEFINITIONAL_REPRESENTATION('',(#1796),#1800);
#1796 = LINE('',#1797,#1798);
#1797 = CARTESIAN_POINT('',(0.,-0.));
#1798 = VECTOR('',#1799,1.);
#1799 = DIRECTION('',(-0.,1.));
#1800 = ( GEOMETRIC_REPRESENTATION_CONTEXT(2) 
PARAMETRIC_REPRESENTATION_CONTEXT() REPRESENTATION_CONTEXT('2D SPACE',''
  ) );
#1801 = ADVANCED_FACE('',(#1802),#1041,.F.);
#1802 = FACE_BOUND('',#1803,.T.);
#1803 = EDGE_LOOP('',(#1804,#1805,#1828,#1852,#1875,#1901));
#1804 = ORIENTED_EDGE('',*,*,#1020,.T.);
#1805 = ORIENTED_EDGE('',*,*,#1806,.T.);
#1806 = EDGE_CURVE('',#993,#1807,#1809,.T.);
#1807 = VERTEX_POINT('',#1808);
#1808 = CARTESIAN_POINT('',(193.7,70.,16.5));
#1809 = SURFACE_CURVE('',#1810,(#1814,#1821),.PCURVE_S1.);
#1810 = LINE('',#1811,#1812);
#1811 = CARTESIAN_POINT('',(193.7,70.,11.7));
#1812 = VECTOR('',#1813,1.);
#1813 = DIRECTION('',(-0.,-0.,1.));
#1814 = PCURVE('',#1041,#1815);
#1815 = DEFINITIONAL_REPRESENTATION('',(#1816),#1820);
#1816 = LINE('',#1817,#1818);
#1817 = CARTESIAN_POINT('',(-1.570796326795,0.));
#1818 = VECTOR('',#1819,1.);
#1819 = DIRECTION('',(-0.,1.));
#1820 = ( GEOMETRIC_REPRESENTATION_CONTEXT(2) 
PARAMETRIC_REPRESENTATION_CONTEXT() REPRESENTATION_CONTEXT('2D SPACE',''
  ) );
#1821 = PCURVE('',#1008,#1822);
#1822 = DEFINITIONAL_REPRESENTATION('',(#1823),#1827);
#1823 = LINE('',#1824,#1825);
#1824 = CARTESIAN_POINT('',(-0.,2.5));
#1825 = VECTOR('',#1826,1.);
#1826 = DIRECTION('',(-1.,0.));
#1827 = ( GEOMETRIC_REPRESENTATION_CONTEXT(2) 
PARAMETRIC_REPRESENTATION_CONTEXT() REPRESENTATION_CONTEXT('2D SPACE',''
  ) );
#1828 = ORIENTED_EDGE('',*,*,#1829,.F.);
#1829 = EDGE_CURVE('',#1830,#1807,#1832,.T.);
#1830 = VERTEX_POINT('',#1831);
#1831 = CARTESIAN_POINT('',(194.4,70.1,16.5));
#1832 = SURFACE_CURVE('',#1833,(#1838,#1845),.PCURVE_S1.);
#1833 = CIRCLE('',#1834,2.5);
#1834 = AXIS2_PLACEMENT_3D('',#1835,#1836,#1837);
#1835 = CARTESIAN_POINT('',(193.7,72.5,16.5));
#1836 = DIRECTION('',(0.,0.,-1.));
#1837 = DIRECTION('',(1.,-0.,0.));
#1838 = PCURVE('',#1041,#1839);
#1839 = DEFINITIONAL_REPRESENTATION('',(#1840),#1844);
#1840 = LINE('',#1841,#1842);
#1841 = CARTESIAN_POINT('',(-0.,4.8));
#1842 = VECTOR('',#1843,1.);
#1843 = DIRECTION('',(-1.,0.));
#1844 = ( GEOMETRIC_REPRESENTATION_CONTEXT(2) 
PARAMETRIC_REPRESENTATION_CONTEXT() REPRESENTATION_CONTEXT('2D SPACE',''
  ) );
#1845 = PCURVE('',#1377,#1846);
#1846 = DEFINITIONAL_REPRESENTATION('',(#1847),#1851);
#1847 = CIRCLE('',#1848,2.5);
#1848 = AXIS2_PLACEMENT_2D('',#1849,#1850);
#1849 = CARTESIAN_POINT('',(-118.7,-2.3));
#1850 = DIRECTION('',(0.,1.));
#1851 = ( GEOMETRIC_REPRESENTATION_CONTEXT(2) 
PARAMETRIC_REPRESENTATION_CONTEXT() REPRESENTATION_CONTEXT('2D SPACE',''
  ) );
#1852 = ORIENTED_EDGE('',*,*,#1853,.T.);
#1853 = EDGE_CURVE('',#1830,#1854,#1856,.T.);
#1854 = VERTEX_POINT('',#1855);
#1855 = CARTESIAN_POINT('',(194.4,70.1,17.5));
#1856 = SURFACE_CURVE('',#1857,(#1861,#1868),.PCURVE_S1.);
#1857 = LINE('',#1858,#1859);
#1858 = CARTESIAN_POINT('',(194.4,70.1,11.7));
#1859 = VECTOR('',#1860,1.);
#1860 = DIRECTION('',(-0.,-0.,1.));
#1861 = PCURVE('',#1041,#1862);
#1862 = DEFINITIONAL_REPRESENTATION('',(#1863),#1867);
#1863 = LINE('',#1864,#1865);
#1864 = CARTESIAN_POINT('',(-1.287002217587,0.));
#1865 = VECTOR('',#1866,1.);
#1866 = DIRECTION('',(-0.,1.));
#1867 = ( GEOMETRIC_REPRESENTATION_CONTEXT(2) 
PARAMETRIC_REPRESENTATION_CONTEXT() REPRESENTATION_CONTEXT('2D SPACE',''
  ) );
#1868 = PCURVE('',#1670,#1869);
#1869 = DEFINITIONAL_REPRESENTATION('',(#1870),#1874);
#1870 = LINE('',#1871,#1872);
#1871 = CARTESIAN_POINT('',(4.8,-60.1));
#1872 = VECTOR('',#1873,1.);
#1873 = DIRECTION('',(-1.,-0.));
#1874 = ( GEOMETRIC_REPRESENTATION_CONTEXT(2) 
PARAMETRIC_REPRESENTATION_CONTEXT() REPRESENTATION_CONTEXT('2D SPACE',''
  ) );
#1875 = ORIENTED_EDGE('',*,*,#1876,.F.);
#1876 = EDGE_CURVE('',#1759,#1854,#1877,.T.);
#1877 = SURFACE_CURVE('',#1878,(#1883,#1890),.PCURVE_S1.);
#1878 = CIRCLE('',#1879,2.5);
#1879 = AXIS2_PLACEMENT_3D('',#1880,#1881,#1882);
#1880 = CARTESIAN_POINT('',(193.7,72.5,17.5));
#1881 = DIRECTION('',(0.,0.,-1.));
#1882 = DIRECTION('',(1.,-0.,0.));
#1883 = PCURVE('',#1041,#1884);
#1884 = DEFINITIONAL_REPRESENTATION('',(#1885),#1889);
#1885 = LINE('',#1886,#1887);
#1886 = CARTESIAN_POINT('',(-0.,5.8));
#1887 = VECTOR('',#1888,1.);
#1888 = DIRECTION('',(-1.,0.));
#1889 = ( GEOMETRIC_REPRESENTATION_CONTEXT(2) 
PARAMETRIC_REPRESENTATION_CONTEXT() REPRESENTATION_CONTEXT('2D SPACE',''
  ) );
#1890 = PCURVE('',#1638,#1891);
#1891 = DEFINITIONAL_REPRESENTATION('',(#1892),#1900);
#1892 = ( BOUNDED_CURVE() B_SPLINE_CURVE(2,(#1893,#1894,#1895,#1896,
#1897,#1898,#1899),.UNSPECIFIED.,.T.,.F.) B_SPLINE_CURVE_WITH_KNOTS((1,2
    ,2,2,2,1),(-2.094395102393,0.,2.094395102393,4.188790204786,
6.28318530718,8.377580409573),.UNSPECIFIED.) CURVE() 
GEOMETRIC_REPRESENTATION_ITEM() RATIONAL_B_SPLINE_CURVE((1.,0.5,1.,0.5,
1.,0.5,1.)) REPRESENTATION_ITEM('') );
#1893 = CARTESIAN_POINT('',(0.2,62.5));
#1894 = CARTESIAN_POINT('',(0.2,58.169872981078));
#1895 = CARTESIAN_POINT('',(-3.55,60.334936490539));
#1896 = CARTESIAN_POINT('',(-7.3,62.5));
#1897 = CARTESIAN_POINT('',(-3.55,64.665063509461));
#1898 = CARTESIAN_POINT('',(0.2,66.830127018922));
#1899 = CARTESIAN_POINT('',(0.2,62.5));
#1900 = ( GEOMETRIC_REPRESENTATION_CONTEXT(2) 
PARAMETRIC_REPRESENTATION_CONTEXT() REPRESENTATION_CONTEXT('2D SPACE',''
  ) );
#1901 = ORIENTED_EDGE('',*,*,#1758,.F.);
#1902 = ADVANCED_FACE('',(#1903),#1008,.T.);
#1903 = FACE_BOUND('',#1904,.F.);
#1904 = EDGE_LOOP('',(#1905,#1906,#1907,#1930));
#1905 = ORIENTED_EDGE('',*,*,#992,.T.);
#1906 = ORIENTED_EDGE('',*,*,#1806,.T.);
#1907 = ORIENTED_EDGE('',*,*,#1908,.T.);
#1908 = EDGE_CURVE('',#1807,#1909,#1911,.T.);
#1909 = VERTEX_POINT('',#1910);
#1910 = CARTESIAN_POINT('',(192.8,70.,16.5));
#1911 = SURFACE_CURVE('',#1912,(#1916,#1923),.PCURVE_S1.);
#1912 = LINE('',#1913,#1914);
#1913 = CARTESIAN_POINT('',(196.1,70.,16.5));
#1914 = VECTOR('',#1915,1.);
#1915 = DIRECTION('',(-1.,-0.,-0.));
#1916 = PCURVE('',#1008,#1917);
#1917 = DEFINITIONAL_REPRESENTATION('',(#1918),#1922);
#1918 = LINE('',#1919,#1920);
#1919 = CARTESIAN_POINT('',(-4.8,9.999999999999E-02));
#1920 = VECTOR('',#1921,1.);
#1921 = DIRECTION('',(-0.,1.));
#1922 = ( GEOMETRIC_REPRESENTATION_CONTEXT(2) 
PARAMETRIC_REPRESENTATION_CONTEXT() REPRESENTATION_CONTEXT('2D SPACE',''
  ) );
#1923 = PCURVE('',#1377,#1924);
#1924 = DEFINITIONAL_REPRESENTATION('',(#1925),#1929);
#1925 = LINE('',#1926,#1927);
#1926 = CARTESIAN_POINT('',(-121.2,9.999999999999E-02));
#1927 = VECTOR('',#1928,1.);
#1928 = DIRECTION('',(-0.,-1.));
#1929 = ( GEOMETRIC_REPRESENTATION_CONTEXT(2) 
PARAMETRIC_REPRESENTATION_CONTEXT() REPRESENTATION_CONTEXT('2D SPACE',''
  ) );
#1930 = ORIENTED_EDGE('',*,*,#1931,.F.);
#1931 = EDGE_CURVE('',#960,#1909,#1932,.T.);
#1932 = SURFACE_CURVE('',#1933,(#1937,#1944),.PCURVE_S1.);
#1933 = LINE('',#1934,#1935);
#1934 = CARTESIAN_POINT('',(192.8,70.,11.7));
#1935 = VECTOR('',#1936,1.);
#1936 = DIRECTION('',(-0.,-0.,1.));
#1937 = PCURVE('',#1008,#1938);
#1938 = DEFINITIONAL_REPRESENTATION('',(#1939),#1943);
#1939 = LINE('',#1940,#1941);
#1940 = CARTESIAN_POINT('',(-0.,3.4));
#1941 = VECTOR('',#1942,1.);
#1942 = DIRECTION('',(-1.,0.));
#1943 = ( GEOMETRIC_REPRESENTATION_CONTEXT(2) 
PARAMETRIC_REPRESENTATION_CONTEXT() REPRESENTATION_CONTEXT('2D SPACE',''
  ) );
#1944 = PCURVE('',#980,#1945);
#1945 = DEFINITIONAL_REPRESENTATION('',(#1946),#1950);
#1946 = LINE('',#1947,#1948);
#1947 = CARTESIAN_POINT('',(1.570796326795,0.));
#1948 = VECTOR('',#1949,1.);
#1949 = DIRECTION('',(0.,1.));
#1950 = ( GEOMETRIC_REPRESENTATION_CONTEXT(2) 
PARAMETRIC_REPRESENTATION_CONTEXT() REPRESENTATION_CONTEXT('2D SPACE',''
  ) );
#1951 = ADVANCED_FACE('',(#1952),#980,.F.);
#1952 = FACE_BOUND('',#1953,.F.);
#1953 = EDGE_LOOP('',(#1954,#1977,#1978,#1979));
#1954 = ORIENTED_EDGE('',*,*,#1955,.F.);
#1955 = EDGE_CURVE('',#932,#1956,#1958,.T.);
#1956 = VERTEX_POINT('',#1957);
#1957 = CARTESIAN_POINT('',(190.3,72.5,16.5));
#1958 = SURFACE_CURVE('',#1959,(#1963,#1970),.PCURVE_S1.);
#1959 = LINE('',#1960,#1961);
#1960 = CARTESIAN_POINT('',(190.3,72.5,11.7));
#1961 = VECTOR('',#1962,1.);
#1962 = DIRECTION('',(-0.,-0.,1.));
#1963 = PCURVE('',#980,#1964);
#1964 = DEFINITIONAL_REPRESENTATION('',(#1965),#1969);
#1965 = LINE('',#1966,#1967);
#1966 = CARTESIAN_POINT('',(0.,0.));
#1967 = VECTOR('',#1968,1.);
#1968 = DIRECTION('',(0.,1.));
#1969 = ( GEOMETRIC_REPRESENTATION_CONTEXT(2) 
PARAMETRIC_REPRESENTATION_CONTEXT() REPRESENTATION_CONTEXT('2D SPACE',''
  ) );
#1970 = PCURVE('',#947,#1971);
#1971 = DEFINITIONAL_REPRESENTATION('',(#1972),#1976);
#1972 = LINE('',#1973,#1974);
#1973 = CARTESIAN_POINT('',(-0.,-2.5));
#1974 = VECTOR('',#1975,1.);
#1975 = DIRECTION('',(-1.,-0.));
#1976 = ( GEOMETRIC_REPRESENTATION_CONTEXT(2) 
PARAMETRIC_REPRESENTATION_CONTEXT() REPRESENTATION_CONTEXT('2D SPACE',''
  ) );
#1977 = ORIENTED_EDGE('',*,*,#959,.F.);
#1978 = ORIENTED_EDGE('',*,*,#1931,.T.);
#1979 = ORIENTED_EDGE('',*,*,#1980,.T.);
#1980 = EDGE_CURVE('',#1909,#1956,#1981,.T.);
#1981 = SURFACE_CURVE('',#1982,(#1987,#1994),.PCURVE_S1.);
#1982 = CIRCLE('',#1983,2.5);
#1983 = AXIS2_PLACEMENT_3D('',#1984,#1985,#1986);
#1984 = CARTESIAN_POINT('',(192.8,72.5,16.5));
#1985 = DIRECTION('',(0.,0.,-1.));
#1986 = DIRECTION('',(-1.,-0.,-0.));
#1987 = PCURVE('',#980,#1988);
#1988 = DEFINITIONAL_REPRESENTATION('',(#1989),#1993);
#1989 = LINE('',#1990,#1991);
#1990 = CARTESIAN_POINT('',(6.28318530718,4.8));
#1991 = VECTOR('',#1992,1.);
#1992 = DIRECTION('',(-1.,0.));
#1993 = ( GEOMETRIC_REPRESENTATION_CONTEXT(2) 
PARAMETRIC_REPRESENTATION_CONTEXT() REPRESENTATION_CONTEXT('2D SPACE',''
  ) );
#1994 = PCURVE('',#1377,#1995);
#1995 = DEFINITIONAL_REPRESENTATION('',(#1996),#2000);
#1996 = CIRCLE('',#1997,2.5);
#1997 = AXIS2_PLACEMENT_2D('',#1998,#1999);
#1998 = CARTESIAN_POINT('',(-118.7,-3.2));
#1999 = DIRECTION('',(-0.,-1.));
#2000 = ( GEOMETRIC_REPRESENTATION_CONTEXT(2) 
PARAMETRIC_REPRESENTATION_CONTEXT() REPRESENTATION_CONTEXT('2D SPACE',''
  ) );
#2001 = ADVANCED_FACE('',(#2002),#947,.F.);
#2002 = FACE_BOUND('',#2003,.T.);
#2003 = EDGE_LOOP('',(#2004,#2027,#2028,#2029));
#2004 = ORIENTED_EDGE('',*,*,#2005,.T.);
#2005 = EDGE_CURVE('',#2006,#1956,#2008,.T.);
#2006 = VERTEX_POINT('',#2007);
#2007 = CARTESIAN_POINT('',(190.3,119.5,16.5));
#2008 = SURFACE_CURVE('',#2009,(#2013,#2020),.PCURVE_S1.);
#2009 = LINE('',#2010,#2011);
#2010 = CARTESIAN_POINT('',(190.3,130.6,16.5));
#2011 = VECTOR('',#2012,1.);
#2012 = DIRECTION('',(-0.,-1.,-0.));
#2013 = PCURVE('',#947,#2014);
#2014 = DEFINITIONAL_REPRESENTATION('',(#2015),#2019);
#2015 = LINE('',#2016,#2017);
#2016 = CARTESIAN_POINT('',(-4.8,-60.6));
#2017 = VECTOR('',#2018,1.);
#2018 = DIRECTION('',(-0.,1.));
#2019 = ( GEOMETRIC_REPRESENTATION_CONTEXT(2) 
PARAMETRIC_REPRESENTATION_CONTEXT() REPRESENTATION_CONTEXT('2D SPACE',''
  ) );
#2020 = PCURVE('',#1377,#2021);
#2021 = DEFINITIONAL_REPRESENTATION('',(#2022),#2026);
#2022 = LINE('',#2023,#2024);
#2023 = CARTESIAN_POINT('',(-60.6,-5.7));
#2024 = VECTOR('',#2025,1.);
#2025 = DIRECTION('',(-1.,0.));
#2026 = ( GEOMETRIC_REPRESENTATION_CONTEXT(2) 
PARAMETRIC_REPRESENTATION_CONTEXT() REPRESENTATION_CONTEXT('2D SPACE',''
  ) );
#2027 = ORIENTED_EDGE('',*,*,#1955,.F.);
#2028 = ORIENTED_EDGE('',*,*,#931,.T.);
#2029 = ORIENTED_EDGE('',*,*,#2030,.T.);
#2030 = EDGE_CURVE('',#899,#2006,#2031,.T.);
#2031 = SURFACE_CURVE('',#2032,(#2036,#2043),.PCURVE_S1.);
#2032 = LINE('',#2033,#2034);
#2033 = CARTESIAN_POINT('',(190.3,119.5,11.7));
#2034 = VECTOR('',#2035,1.);
#2035 = DIRECTION('',(-0.,-0.,1.));
#2036 = PCURVE('',#947,#2037);
#2037 = DEFINITIONAL_REPRESENTATION('',(#2038),#2042);
#2038 = LINE('',#2039,#2040);
#2039 = CARTESIAN_POINT('',(-0.,-49.5));
#2040 = VECTOR('',#2041,1.);
#2041 = DIRECTION('',(-1.,-0.));
#2042 = ( GEOMETRIC_REPRESENTATION_CONTEXT(2) 
PARAMETRIC_REPRESENTATION_CONTEXT() REPRESENTATION_CONTEXT('2D SPACE',''
  ) );
#2043 = PCURVE('',#919,#2044);
#2044 = DEFINITIONAL_REPRESENTATION('',(#2045),#2049);
#2045 = LINE('',#2046,#2047);
#2046 = CARTESIAN_POINT('',(-0.,0.));
#2047 = VECTOR('',#2048,1.);
#2048 = DIRECTION('',(-0.,1.));
#2049 = ( GEOMETRIC_REPRESENTATION_CONTEXT(2) 
PARAMETRIC_REPRESENTATION_CONTEXT() REPRESENTATION_CONTEXT('2D SPACE',''
  ) );
#2050 = ADVANCED_FACE('',(#2051),#919,.F.);
#2051 = FACE_BOUND('',#2052,.T.);
#2052 = EDGE_LOOP('',(#2053,#2054,#2055,#2078));
#2053 = ORIENTED_EDGE('',*,*,#2030,.F.);
#2054 = ORIENTED_EDGE('',*,*,#898,.T.);
#2055 = ORIENTED_EDGE('',*,*,#2056,.T.);
#2056 = EDGE_CURVE('',#871,#2057,#2059,.T.);
#2057 = VERTEX_POINT('',#2058);
#2058 = CARTESIAN_POINT('',(192.8,122.,16.5));
#2059 = SURFACE_CURVE('',#2060,(#2064,#2071),.PCURVE_S1.);
#2060 = LINE('',#2061,#2062);
#2061 = CARTESIAN_POINT('',(192.8,122.,11.7));
#2062 = VECTOR('',#2063,1.);
#2063 = DIRECTION('',(-0.,-0.,1.));
#2064 = PCURVE('',#919,#2065);
#2065 = DEFINITIONAL_REPRESENTATION('',(#2066),#2070);
#2066 = LINE('',#2067,#2068);
#2067 = CARTESIAN_POINT('',(-1.570796326795,0.));
#2068 = VECTOR('',#2069,1.);
#2069 = DIRECTION('',(-0.,1.));
#2070 = ( GEOMETRIC_REPRESENTATION_CONTEXT(2) 
PARAMETRIC_REPRESENTATION_CONTEXT() REPRESENTATION_CONTEXT('2D SPACE',''
  ) );
#2071 = PCURVE('',#886,#2072);
#2072 = DEFINITIONAL_REPRESENTATION('',(#2073),#2077);
#2073 = LINE('',#2074,#2075);
#2074 = CARTESIAN_POINT('',(-0.,3.4));
#2075 = VECTOR('',#2076,1.);
#2076 = DIRECTION('',(-1.,0.));
#2077 = ( GEOMETRIC_REPRESENTATION_CONTEXT(2) 
PARAMETRIC_REPRESENTATION_CONTEXT() REPRESENTATION_CONTEXT('2D SPACE',''
  ) );
#2078 = ORIENTED_EDGE('',*,*,#2079,.F.);
#2079 = EDGE_CURVE('',#2006,#2057,#2080,.T.);
#2080 = SURFACE_CURVE('',#2081,(#2086,#2093),.PCURVE_S1.);
#2081 = CIRCLE('',#2082,2.5);
#2082 = AXIS2_PLACEMENT_3D('',#2083,#2084,#2085);
#2083 = CARTESIAN_POINT('',(192.8,119.5,16.5));
#2084 = DIRECTION('',(0.,0.,-1.));
#2085 = DIRECTION('',(-1.,-0.,-0.));
#2086 = PCURVE('',#919,#2087);
#2087 = DEFINITIONAL_REPRESENTATION('',(#2088),#2092);
#2088 = LINE('',#2089,#2090);
#2089 = CARTESIAN_POINT('',(-0.,4.8));
#2090 = VECTOR('',#2091,1.);
#2091 = DIRECTION('',(-1.,0.));
#2092 = ( GEOMETRIC_REPRESENTATION_CONTEXT(2) 
PARAMETRIC_REPRESENTATION_CONTEXT() REPRESENTATION_CONTEXT('2D SPACE',''
  ) );
#2093 = PCURVE('',#1377,#2094);
#2094 = DEFINITIONAL_REPRESENTATION('',(#2095),#2099);
#2095 = CIRCLE('',#2096,2.5);
#2096 = AXIS2_PLACEMENT_2D('',#2097,#2098);
#2097 = CARTESIAN_POINT('',(-71.7,-3.2));
#2098 = DIRECTION('',(-0.,-1.));
#2099 = ( GEOMETRIC_REPRESENTATION_CONTEXT(2) 
PARAMETRIC_REPRESENTATION_CONTEXT() REPRESENTATION_CONTEXT('2D SPACE',''
  ) );
#2100 = ADVANCED_FACE('',(#2101),#886,.F.);
#2101 = FACE_BOUND('',#2102,.T.);
#2102 = EDGE_LOOP('',(#2103,#2104,#2127,#2148));
#2103 = ORIENTED_EDGE('',*,*,#870,.T.);
#2104 = ORIENTED_EDGE('',*,*,#2105,.T.);
#2105 = EDGE_CURVE('',#838,#2106,#2108,.T.);
#2106 = VERTEX_POINT('',#2107);
#2107 = CARTESIAN_POINT('',(193.7,122.,16.5));
#2108 = SURFACE_CURVE('',#2109,(#2113,#2120),.PCURVE_S1.);
#2109 = LINE('',#2110,#2111);
#2110 = CARTESIAN_POINT('',(193.7,122.,11.7));
#2111 = VECTOR('',#2112,1.);
#2112 = DIRECTION('',(-0.,-0.,1.));
#2113 = PCURVE('',#886,#2114);
#2114 = DEFINITIONAL_REPRESENTATION('',(#2115),#2119);
#2115 = LINE('',#2116,#2117);
#2116 = CARTESIAN_POINT('',(-0.,2.5));
#2117 = VECTOR('',#2118,1.);
#2118 = DIRECTION('',(-1.,0.));
#2119 = ( GEOMETRIC_REPRESENTATION_CONTEXT(2) 
PARAMETRIC_REPRESENTATION_CONTEXT() REPRESENTATION_CONTEXT('2D SPACE',''
  ) );
#2120 = PCURVE('',#858,#2121);
#2121 = DEFINITIONAL_REPRESENTATION('',(#2122),#2126);
#2122 = LINE('',#2123,#2124);
#2123 = CARTESIAN_POINT('',(1.570796326795,0.));
#2124 = VECTOR('',#2125,1.);
#2125 = DIRECTION('',(0.,1.));
#2126 = ( GEOMETRIC_REPRESENTATION_CONTEXT(2) 
PARAMETRIC_REPRESENTATION_CONTEXT() REPRESENTATION_CONTEXT('2D SPACE',''
  ) );
#2127 = ORIENTED_EDGE('',*,*,#2128,.T.);
#2128 = EDGE_CURVE('',#2106,#2057,#2129,.T.);
#2129 = SURFACE_CURVE('',#2130,(#2134,#2141),.PCURVE_S1.);
#2130 = LINE('',#2131,#2132);
#2131 = CARTESIAN_POINT('',(196.1,122.,16.5));
#2132 = VECTOR('',#2133,1.);
#2133 = DIRECTION('',(-1.,-0.,-0.));
#2134 = PCURVE('',#886,#2135);
#2135 = DEFINITIONAL_REPRESENTATION('',(#2136),#2140);
#2136 = LINE('',#2137,#2138);
#2137 = CARTESIAN_POINT('',(-4.8,9.999999999999E-02));
#2138 = VECTOR('',#2139,1.);
#2139 = DIRECTION('',(-0.,1.));
#2140 = ( GEOMETRIC_REPRESENTATION_CONTEXT(2) 
PARAMETRIC_REPRESENTATION_CONTEXT() REPRESENTATION_CONTEXT('2D SPACE',''
  ) );
#2141 = PCURVE('',#1377,#2142);
#2142 = DEFINITIONAL_REPRESENTATION('',(#2143),#2147);
#2143 = LINE('',#2144,#2145);
#2144 = CARTESIAN_POINT('',(-69.2,9.999999999999E-02));
#2145 = VECTOR('',#2146,1.);
#2146 = DIRECTION('',(-0.,-1.));
#2147 = ( GEOMETRIC_REPRESENTATION_CONTEXT(2) 
PARAMETRIC_REPRESENTATION_CONTEXT() REPRESENTATION_CONTEXT('2D SPACE',''
  ) );
#2148 = ORIENTED_EDGE('',*,*,#2056,.F.);
#2149 = ADVANCED_FACE('',(#2150),#858,.F.);
#2150 = FACE_BOUND('',#2151,.F.);
#2151 = EDGE_LOOP('',(#2152,#2153,#2154,#2178,#2206,#2239));
#2152 = ORIENTED_EDGE('',*,*,#837,.F.);
#2153 = ORIENTED_EDGE('',*,*,#2105,.T.);
#2154 = ORIENTED_EDGE('',*,*,#2155,.T.);
#2155 = EDGE_CURVE('',#2106,#2156,#2158,.T.);
#2156 = VERTEX_POINT('',#2157);
#2157 = CARTESIAN_POINT('',(194.4,121.9,16.5));
#2158 = SURFACE_CURVE('',#2159,(#2164,#2171),.PCURVE_S1.);
#2159 = CIRCLE('',#2160,2.5);
#2160 = AXIS2_PLACEMENT_3D('',#2161,#2162,#2163);
#2161 = CARTESIAN_POINT('',(193.7,119.5,16.5));
#2162 = DIRECTION('',(0.,0.,-1.));
#2163 = DIRECTION('',(1.,-0.,0.));
#2164 = PCURVE('',#858,#2165);
#2165 = DEFINITIONAL_REPRESENTATION('',(#2166),#2170);
#2166 = LINE('',#2167,#2168);
#2167 = CARTESIAN_POINT('',(6.28318530718,4.8));
#2168 = VECTOR('',#2169,1.);
#2169 = DIRECTION('',(-1.,0.));
#2170 = ( GEOMETRIC_REPRESENTATION_CONTEXT(2) 
PARAMETRIC_REPRESENTATION_CONTEXT() REPRESENTATION_CONTEXT('2D SPACE',''
  ) );
#2171 = PCURVE('',#1377,#2172);
#2172 = DEFINITIONAL_REPRESENTATION('',(#2173),#2177);
#2173 = CIRCLE('',#2174,2.5);
#2174 = AXIS2_PLACEMENT_2D('',#2175,#2176);
#2175 = CARTESIAN_POINT('',(-71.7,-2.3));
#2176 = DIRECTION('',(0.,1.));
#2177 = ( GEOMETRIC_REPRESENTATION_CONTEXT(2) 
PARAMETRIC_REPRESENTATION_CONTEXT() REPRESENTATION_CONTEXT('2D SPACE',''
  ) );
#2178 = ORIENTED_EDGE('',*,*,#2179,.T.);
#2179 = EDGE_CURVE('',#2156,#2180,#2182,.T.);
#2180 = VERTEX_POINT('',#2181);
#2181 = CARTESIAN_POINT('',(194.4,121.9,17.5));
#2182 = SURFACE_CURVE('',#2183,(#2187,#2194),.PCURVE_S1.);
#2183 = LINE('',#2184,#2185);
#2184 = CARTESIAN_POINT('',(194.4,121.9,11.7));
#2185 = VECTOR('',#2186,1.);
#2186 = DIRECTION('',(-0.,-0.,1.));
#2187 = PCURVE('',#858,#2188);
#2188 = DEFINITIONAL_REPRESENTATION('',(#2189),#2193);
#2189 = LINE('',#2190,#2191);
#2190 = CARTESIAN_POINT('',(1.287002217587,0.));
#2191 = VECTOR('',#2192,1.);
#2192 = DIRECTION('',(0.,1.));
#2193 = ( GEOMETRIC_REPRESENTATION_CONTEXT(2) 
PARAMETRIC_REPRESENTATION_CONTEXT() REPRESENTATION_CONTEXT('2D SPACE',''
  ) );
#2194 = PCURVE('',#2195,#2200);
#2195 = PLANE('',#2196);
#2196 = AXIS2_PLACEMENT_3D('',#2197,#2198,#2199);
#2197 = CARTESIAN_POINT('',(194.4,10.,16.5));
#2198 = DIRECTION('',(-1.,-0.,-0.));
#2199 = DIRECTION('',(0.,0.,-1.));
#2200 = DEFINITIONAL_REPRESENTATION('',(#2201),#2205);
#2201 = LINE('',#2202,#2203);
#2202 = CARTESIAN_POINT('',(4.8,-111.9));
#2203 = VECTOR('',#2204,1.);
#2204 = DIRECTION('',(-1.,-0.));
#2205 = ( GEOMETRIC_REPRESENTATION_CONTEXT(2) 
PARAMETRIC_REPRESENTATION_CONTEXT() REPRESENTATION_CONTEXT('2D SPACE',''
  ) );
#2206 = ORIENTED_EDGE('',*,*,#2207,.T.);
#2207 = EDGE_CURVE('',#2180,#2208,#2210,.T.);
#2208 = VERTEX_POINT('',#2209);
#2209 = CARTESIAN_POINT('',(196.,120.47979589711,17.5));
#2210 = SURFACE_CURVE('',#2211,(#2216,#2223),.PCURVE_S1.);
#2211 = CIRCLE('',#2212,2.5);
#2212 = AXIS2_PLACEMENT_3D('',#2213,#2214,#2215);
#2213 = CARTESIAN_POINT('',(193.7,119.5,17.5));
#2214 = DIRECTION('',(0.,0.,-1.));
#2215 = DIRECTION('',(1.,-0.,0.));
#2216 = PCURVE('',#858,#2217);
#2217 = DEFINITIONAL_REPRESENTATION('',(#2218),#2222);
#2218 = LINE('',#2219,#2220);
#2219 = CARTESIAN_POINT('',(6.28318530718,5.8));
#2220 = VECTOR('',#2221,1.);
#2221 = DIRECTION('',(-1.,0.));
#2222 = ( GEOMETRIC_REPRESENTATION_CONTEXT(2) 
PARAMETRIC_REPRESENTATION_CONTEXT() REPRESENTATION_CONTEXT('2D SPACE',''
  ) );
#2223 = PCURVE('',#2224,#2229);
#2224 = PLANE('',#2225);
#2225 = AXIS2_PLACEMENT_3D('',#2226,#2227,#2228);
#2226 = CARTESIAN_POINT('',(196.,10.,17.5));
#2227 = DIRECTION('',(-0.,-0.,1.));
#2228 = DIRECTION('',(1.,0.,0.));
#2229 = DEFINITIONAL_REPRESENTATION('',(#2230),#2238);
#2230 = ( BOUNDED_CURVE() B_SPLINE_CURVE(2,(#2231,#2232,#2233,#2234,
#2235,#2236,#2237),.UNSPECIFIED.,.T.,.F.) B_SPLINE_CURVE_WITH_KNOTS((1,2
    ,2,2,2,1),(-2.094395102393,0.,2.094395102393,4.188790204786,
6.28318530718,8.377580409573),.UNSPECIFIED.) CURVE() 
GEOMETRIC_REPRESENTATION_ITEM() RATIONAL_B_SPLINE_CURVE((1.,0.5,1.,0.5,
1.,0.5,1.)) REPRESENTATION_ITEM('') );
#2231 = CARTESIAN_POINT('',(0.2,109.5));
#2232 = CARTESIAN_POINT('',(0.2,105.16987298107));
#2233 = CARTESIAN_POINT('',(-3.55,107.33493649053));
#2234 = CARTESIAN_POINT('',(-7.3,109.5));
#2235 = CARTESIAN_POINT('',(-3.55,111.66506350946));
#2236 = CARTESIAN_POINT('',(0.2,113.83012701892));
#2237 = CARTESIAN_POINT('',(0.2,109.5));
#2238 = ( GEOMETRIC_REPRESENTATION_CONTEXT(2) 
PARAMETRIC_REPRESENTATION_CONTEXT() REPRESENTATION_CONTEXT('2D SPACE',''
  ) );
#2239 = ORIENTED_EDGE('',*,*,#2240,.F.);
#2240 = EDGE_CURVE('',#810,#2208,#2241,.T.);
#2241 = SURFACE_CURVE('',#2242,(#2246,#2253),.PCURVE_S1.);
#2242 = LINE('',#2243,#2244);
#2243 = CARTESIAN_POINT('',(196.,120.47979589711,11.7));
#2244 = VECTOR('',#2245,1.);
#2245 = DIRECTION('',(-0.,-0.,1.));
#2246 = PCURVE('',#858,#2247);
#2247 = DEFINITIONAL_REPRESENTATION('',(#2248),#2252);
#2248 = LINE('',#2249,#2250);
#2249 = CARTESIAN_POINT('',(0.402715841581,0.));
#2250 = VECTOR('',#2251,1.);
#2251 = DIRECTION('',(0.,1.));
#2252 = ( GEOMETRIC_REPRESENTATION_CONTEXT(2) 
PARAMETRIC_REPRESENTATION_CONTEXT() REPRESENTATION_CONTEXT('2D SPACE',''
  ) );
#2253 = PCURVE('',#825,#2254);
#2254 = DEFINITIONAL_REPRESENTATION('',(#2255),#2259);
#2255 = LINE('',#2256,#2257);
#2256 = CARTESIAN_POINT('',(2.440867758411,-22.77979589711));
#2257 = VECTOR('',#2258,1.);
#2258 = DIRECTION('',(-1.,-0.));
#2259 = ( GEOMETRIC_REPRESENTATION_CONTEXT(2) 
PARAMETRIC_REPRESENTATION_CONTEXT() REPRESENTATION_CONTEXT('2D SPACE',''
  ) );
#2260 = ADVANCED_FACE('',(#2261),#825,.F.);
#2261 = FACE_BOUND('',#2262,.T.);
#2262 = EDGE_LOOP('',(#2263,#2264,#2265,#2288));
#2263 = ORIENTED_EDGE('',*,*,#2240,.F.);
#2264 = ORIENTED_EDGE('',*,*,#809,.T.);
#2265 = ORIENTED_EDGE('',*,*,#2266,.T.);
#2266 = EDGE_CURVE('',#782,#2267,#2269,.T.);
#2267 = VERTEX_POINT('',#2268);
#2268 = CARTESIAN_POINT('',(196.,143.,17.5));
#2269 = SURFACE_CURVE('',#2270,(#2274,#2281),.PCURVE_S1.);
#2270 = LINE('',#2271,#2272);
#2271 = CARTESIAN_POINT('',(196.,143.,11.7));
#2272 = VECTOR('',#2273,1.);
#2273 = DIRECTION('',(-0.,-0.,1.));
#2274 = PCURVE('',#825,#2275);
#2275 = DEFINITIONAL_REPRESENTATION('',(#2276),#2280);
#2276 = LINE('',#2277,#2278);
#2277 = CARTESIAN_POINT('',(2.440867758411,-45.3));
#2278 = VECTOR('',#2279,1.);
#2279 = DIRECTION('',(-1.,-0.));
#2280 = ( GEOMETRIC_REPRESENTATION_CONTEXT(2) 
PARAMETRIC_REPRESENTATION_CONTEXT() REPRESENTATION_CONTEXT('2D SPACE',''
  ) );
#2281 = PCURVE('',#797,#2282);
#2282 = DEFINITIONAL_REPRESENTATION('',(#2283),#2287);
#2283 = LINE('',#2284,#2285);
#2284 = CARTESIAN_POINT('',(-0.,2.));
#2285 = VECTOR('',#2286,1.);
#2286 = DIRECTION('',(-1.,0.));
#2287 = ( GEOMETRIC_REPRESENTATION_CONTEXT(2) 
PARAMETRIC_REPRESENTATION_CONTEXT() REPRESENTATION_CONTEXT('2D SPACE',''
  ) );
#2288 = ORIENTED_EDGE('',*,*,#2289,.F.);
#2289 = EDGE_CURVE('',#2208,#2267,#2290,.T.);
#2290 = SURFACE_CURVE('',#2291,(#2295,#2302),.PCURVE_S1.);
#2291 = LINE('',#2292,#2293);
#2292 = CARTESIAN_POINT('',(196.,10.,17.5));
#2293 = VECTOR('',#2294,1.);
#2294 = DIRECTION('',(-0.,1.,-0.));
#2295 = PCURVE('',#825,#2296);
#2296 = DEFINITIONAL_REPRESENTATION('',(#2297),#2301);
#2297 = LINE('',#2298,#2299);
#2298 = CARTESIAN_POINT('',(-3.359132241589,87.7));
#2299 = VECTOR('',#2300,1.);
#2300 = DIRECTION('',(-0.,-1.));
#2301 = ( GEOMETRIC_REPRESENTATION_CONTEXT(2) 
PARAMETRIC_REPRESENTATION_CONTEXT() REPRESENTATION_CONTEXT('2D SPACE',''
  ) );
#2302 = PCURVE('',#2224,#2303);
#2303 = DEFINITIONAL_REPRESENTATION('',(#2304),#2308);
#2304 = LINE('',#2305,#2306);
#2305 = CARTESIAN_POINT('',(0.,-0.));
#2306 = VECTOR('',#2307,1.);
#2307 = DIRECTION('',(-0.,1.));
#2308 = ( GEOMETRIC_REPRESENTATION_CONTEXT(2) 
PARAMETRIC_REPRESENTATION_CONTEXT() REPRESENTATION_CONTEXT('2D SPACE',''
  ) );
#2309 = ADVANCED_FACE('',(#2310),#797,.T.);
#2310 = FACE_BOUND('',#2311,.F.);
#2311 = EDGE_LOOP('',(#2312,#2313,#2314,#2337));
#2312 = ORIENTED_EDGE('',*,*,#781,.T.);
#2313 = ORIENTED_EDGE('',*,*,#2266,.T.);
#2314 = ORIENTED_EDGE('',*,*,#2315,.F.);
#2315 = EDGE_CURVE('',#2316,#2267,#2318,.T.);
#2316 = VERTEX_POINT('',#2317);
#2317 = CARTESIAN_POINT('',(195.8,143.,17.5));
#2318 = SURFACE_CURVE('',#2319,(#2323,#2330),.PCURVE_S1.);
#2319 = LINE('',#2320,#2321);
#2320 = CARTESIAN_POINT('',(197.,143.,17.5));
#2321 = VECTOR('',#2322,1.);
#2322 = DIRECTION('',(1.,-0.,0.));
#2323 = PCURVE('',#797,#2324);
#2324 = DEFINITIONAL_REPRESENTATION('',(#2325),#2329);
#2325 = LINE('',#2326,#2327);
#2326 = CARTESIAN_POINT('',(-5.8,1.));
#2327 = VECTOR('',#2328,1.);
#2328 = DIRECTION('',(-0.,-1.));
#2329 = ( GEOMETRIC_REPRESENTATION_CONTEXT(2) 
PARAMETRIC_REPRESENTATION_CONTEXT() REPRESENTATION_CONTEXT('2D SPACE',''
  ) );
#2330 = PCURVE('',#2224,#2331);
#2331 = DEFINITIONAL_REPRESENTATION('',(#2332),#2336);
#2332 = LINE('',#2333,#2334);
#2333 = CARTESIAN_POINT('',(1.,133.));
#2334 = VECTOR('',#2335,1.);
#2335 = DIRECTION('',(1.,-0.));
#2336 = ( GEOMETRIC_REPRESENTATION_CONTEXT(2) 
PARAMETRIC_REPRESENTATION_CONTEXT() REPRESENTATION_CONTEXT('2D SPACE',''
  ) );
#2337 = ORIENTED_EDGE('',*,*,#2338,.F.);
#2338 = EDGE_CURVE('',#749,#2316,#2339,.T.);
#2339 = SURFACE_CURVE('',#2340,(#2344,#2351),.PCURVE_S1.);
#2340 = LINE('',#2341,#2342);
#2341 = CARTESIAN_POINT('',(195.8,143.,11.7));
#2342 = VECTOR('',#2343,1.);
#2343 = DIRECTION('',(-0.,-0.,1.));
#2344 = PCURVE('',#797,#2345);
#2345 = DEFINITIONAL_REPRESENTATION('',(#2346),#2350);
#2346 = LINE('',#2347,#2348);
#2347 = CARTESIAN_POINT('',(-0.,2.2));
#2348 = VECTOR('',#2349,1.);
#2349 = DIRECTION('',(-1.,0.));
#2350 = ( GEOMETRIC_REPRESENTATION_CONTEXT(2) 
PARAMETRIC_REPRESENTATION_CONTEXT() REPRESENTATION_CONTEXT('2D SPACE',''
  ) );
#2351 = PCURVE('',#769,#2352);
#2352 = DEFINITIONAL_REPRESENTATION('',(#2353),#2357);
#2353 = LINE('',#2354,#2355);
#2354 = CARTESIAN_POINT('',(1.570796326795,0.));
#2355 = VECTOR('',#2356,1.);
#2356 = DIRECTION('',(0.,1.));
#2357 = ( GEOMETRIC_REPRESENTATION_CONTEXT(2) 
PARAMETRIC_REPRESENTATION_CONTEXT() REPRESENTATION_CONTEXT('2D SPACE',''
  ) );
#2358 = ADVANCED_FACE('',(#2359),#769,.F.);
#2359 = FACE_BOUND('',#2360,.F.);
#2360 = EDGE_LOOP('',(#2361,#2384,#2385,#2386,#2414,#2437));
#2361 = ORIENTED_EDGE('',*,*,#2362,.F.);
#2362 = EDGE_CURVE('',#721,#2363,#2365,.T.);
#2363 = VERTEX_POINT('',#2364);
#2364 = CARTESIAN_POINT('',(193.8,145.,16.5));
#2365 = SURFACE_CURVE('',#2366,(#2370,#2377),.PCURVE_S1.);
#2366 = LINE('',#2367,#2368);
#2367 = CARTESIAN_POINT('',(193.8,145.,11.7));
#2368 = VECTOR('',#2369,1.);
#2369 = DIRECTION('',(-0.,-0.,1.));
#2370 = PCURVE('',#769,#2371);
#2371 = DEFINITIONAL_REPRESENTATION('',(#2372),#2376);
#2372 = LINE('',#2373,#2374);
#2373 = CARTESIAN_POINT('',(0.,0.));
#2374 = VECTOR('',#2375,1.);
#2375 = DIRECTION('',(0.,1.));
#2376 = ( GEOMETRIC_REPRESENTATION_CONTEXT(2) 
PARAMETRIC_REPRESENTATION_CONTEXT() REPRESENTATION_CONTEXT('2D SPACE',''
  ) );
#2377 = PCURVE('',#736,#2378);
#2378 = DEFINITIONAL_REPRESENTATION('',(#2379),#2383);
#2379 = LINE('',#2380,#2381);
#2380 = CARTESIAN_POINT('',(-0.,-2.));
#2381 = VECTOR('',#2382,1.);
#2382 = DIRECTION('',(-1.,-0.));
#2383 = ( GEOMETRIC_REPRESENTATION_CONTEXT(2) 
PARAMETRIC_REPRESENTATION_CONTEXT() REPRESENTATION_CONTEXT('2D SPACE',''
  ) );
#2384 = ORIENTED_EDGE('',*,*,#748,.F.);
#2385 = ORIENTED_EDGE('',*,*,#2338,.T.);
#2386 = ORIENTED_EDGE('',*,*,#2387,.T.);
#2387 = EDGE_CURVE('',#2316,#2388,#2390,.T.);
#2388 = VERTEX_POINT('',#2389);
#2389 = CARTESIAN_POINT('',(194.4,143.57171431429,17.5));
#2390 = SURFACE_CURVE('',#2391,(#2396,#2403),.PCURVE_S1.);
#2391 = CIRCLE('',#2392,2.);
#2392 = AXIS2_PLACEMENT_3D('',#2393,#2394,#2395);
#2393 = CARTESIAN_POINT('',(195.8,145.,17.5));
#2394 = DIRECTION('',(0.,0.,-1.));
#2395 = DIRECTION('',(-1.,-0.,-0.));
#2396 = PCURVE('',#769,#2397);
#2397 = DEFINITIONAL_REPRESENTATION('',(#2398),#2402);
#2398 = LINE('',#2399,#2400);
#2399 = CARTESIAN_POINT('',(6.28318530718,5.8));
#2400 = VECTOR('',#2401,1.);
#2401 = DIRECTION('',(-1.,0.));
#2402 = ( GEOMETRIC_REPRESENTATION_CONTEXT(2) 
PARAMETRIC_REPRESENTATION_CONTEXT() REPRESENTATION_CONTEXT('2D SPACE',''
  ) );
#2403 = PCURVE('',#2224,#2404);
#2404 = DEFINITIONAL_REPRESENTATION('',(#2405),#2413);
#2405 = ( BOUNDED_CURVE() B_SPLINE_CURVE(2,(#2406,#2407,#2408,#2409,
#2410,#2411,#2412),.UNSPECIFIED.,.T.,.F.) B_SPLINE_CURVE_WITH_KNOTS((1,2
    ,2,2,2,1),(-2.094395102393,0.,2.094395102393,4.188790204786,
6.28318530718,8.377580409573),.UNSPECIFIED.) CURVE() 
GEOMETRIC_REPRESENTATION_ITEM() RATIONAL_B_SPLINE_CURVE((1.,0.5,1.,0.5,
1.,0.5,1.)) REPRESENTATION_ITEM('') );
#2406 = CARTESIAN_POINT('',(-2.2,135.));
#2407 = CARTESIAN_POINT('',(-2.2,138.46410161513));
#2408 = CARTESIAN_POINT('',(0.8,136.73205080756));
#2409 = CARTESIAN_POINT('',(3.8,135.));
#2410 = CARTESIAN_POINT('',(0.8,133.26794919243));
#2411 = CARTESIAN_POINT('',(-2.2,131.53589838486));
#2412 = CARTESIAN_POINT('',(-2.2,135.));
#2413 = ( GEOMETRIC_REPRESENTATION_CONTEXT(2) 
PARAMETRIC_REPRESENTATION_CONTEXT() REPRESENTATION_CONTEXT('2D SPACE',''
  ) );
#2414 = ORIENTED_EDGE('',*,*,#2415,.F.);
#2415 = EDGE_CURVE('',#2416,#2388,#2418,.T.);
#2416 = VERTEX_POINT('',#2417);
#2417 = CARTESIAN_POINT('',(194.4,143.57171431429,16.5));
#2418 = SURFACE_CURVE('',#2419,(#2423,#2430),.PCURVE_S1.);
#2419 = LINE('',#2420,#2421);
#2420 = CARTESIAN_POINT('',(194.4,143.57171431429,11.7));
#2421 = VECTOR('',#2422,1.);
#2422 = DIRECTION('',(-0.,-0.,1.));
#2423 = PCURVE('',#769,#2424);
#2424 = DEFINITIONAL_REPRESENTATION('',(#2425),#2429);
#2425 = LINE('',#2426,#2427);
#2426 = CARTESIAN_POINT('',(0.795398830184,0.));
#2427 = VECTOR('',#2428,1.);
#2428 = DIRECTION('',(0.,1.));
#2429 = ( GEOMETRIC_REPRESENTATION_CONTEXT(2) 
PARAMETRIC_REPRESENTATION_CONTEXT() REPRESENTATION_CONTEXT('2D SPACE',''
  ) );
#2430 = PCURVE('',#2195,#2431);
#2431 = DEFINITIONAL_REPRESENTATION('',(#2432),#2436);
#2432 = LINE('',#2433,#2434);
#2433 = CARTESIAN_POINT('',(4.8,-133.5717143142));
#2434 = VECTOR('',#2435,1.);
#2435 = DIRECTION('',(-1.,-0.));
#2436 = ( GEOMETRIC_REPRESENTATION_CONTEXT(2) 
PARAMETRIC_REPRESENTATION_CONTEXT() REPRESENTATION_CONTEXT('2D SPACE',''
  ) );
#2437 = ORIENTED_EDGE('',*,*,#2438,.T.);
#2438 = EDGE_CURVE('',#2416,#2363,#2439,.T.);
#2439 = SURFACE_CURVE('',#2440,(#2445,#2452),.PCURVE_S1.);
#2440 = CIRCLE('',#2441,2.);
#2441 = AXIS2_PLACEMENT_3D('',#2442,#2443,#2444);
#2442 = CARTESIAN_POINT('',(195.8,145.,16.5));
#2443 = DIRECTION('',(0.,0.,-1.));
#2444 = DIRECTION('',(-1.,-0.,-0.));
#2445 = PCURVE('',#769,#2446);
#2446 = DEFINITIONAL_REPRESENTATION('',(#2447),#2451);
#2447 = LINE('',#2448,#2449);
#2448 = CARTESIAN_POINT('',(6.28318530718,4.8));
#2449 = VECTOR('',#2450,1.);
#2450 = DIRECTION('',(-1.,0.));
#2451 = ( GEOMETRIC_REPRESENTATION_CONTEXT(2) 
PARAMETRIC_REPRESENTATION_CONTEXT() REPRESENTATION_CONTEXT('2D SPACE',''
  ) );
#2452 = PCURVE('',#1377,#2453);
#2453 = DEFINITIONAL_REPRESENTATION('',(#2454),#2458);
#2454 = CIRCLE('',#2455,2.);
#2455 = AXIS2_PLACEMENT_2D('',#2456,#2457);
#2456 = CARTESIAN_POINT('',(-46.2,-0.2));
#2457 = DIRECTION('',(-0.,-1.));
#2458 = ( GEOMETRIC_REPRESENTATION_CONTEXT(2) 
PARAMETRIC_REPRESENTATION_CONTEXT() REPRESENTATION_CONTEXT('2D SPACE',''
  ) );
#2459 = ADVANCED_FACE('',(#2460),#736,.F.);
#2460 = FACE_BOUND('',#2461,.T.);
#2461 = EDGE_LOOP('',(#2462,#2485,#2486,#2487));
#2462 = ORIENTED_EDGE('',*,*,#2463,.T.);
#2463 = EDGE_CURVE('',#2464,#2363,#2466,.T.);
#2464 = VERTEX_POINT('',#2465);
#2465 = CARTESIAN_POINT('',(193.8,169.,16.5));
#2466 = SURFACE_CURVE('',#2467,(#2471,#2478),.PCURVE_S1.);
#2467 = LINE('',#2468,#2469);
#2468 = CARTESIAN_POINT('',(193.8,167.1,16.5));
#2469 = VECTOR('',#2470,1.);
#2470 = DIRECTION('',(-0.,-1.,-0.));
#2471 = PCURVE('',#736,#2472);
#2472 = DEFINITIONAL_REPRESENTATION('',(#2473),#2477);
#2473 = LINE('',#2474,#2475);
#2474 = CARTESIAN_POINT('',(-4.8,-24.1));
#2475 = VECTOR('',#2476,1.);
#2476 = DIRECTION('',(-0.,1.));
#2477 = ( GEOMETRIC_REPRESENTATION_CONTEXT(2) 
PARAMETRIC_REPRESENTATION_CONTEXT() REPRESENTATION_CONTEXT('2D SPACE',''
  ) );
#2478 = PCURVE('',#1377,#2479);
#2479 = DEFINITIONAL_REPRESENTATION('',(#2480),#2484);
#2480 = LINE('',#2481,#2482);
#2481 = CARTESIAN_POINT('',(-24.1,-2.2));
#2482 = VECTOR('',#2483,1.);
#2483 = DIRECTION('',(-1.,0.));
#2484 = ( GEOMETRIC_REPRESENTATION_CONTEXT(2) 
PARAMETRIC_REPRESENTATION_CONTEXT() REPRESENTATION_CONTEXT('2D SPACE',''
  ) );
#2485 = ORIENTED_EDGE('',*,*,#2362,.F.);
#2486 = ORIENTED_EDGE('',*,*,#720,.T.);
#2487 = ORIENTED_EDGE('',*,*,#2488,.T.);
#2488 = EDGE_CURVE('',#688,#2464,#2489,.T.);
#2489 = SURFACE_CURVE('',#2490,(#2494,#2501),.PCURVE_S1.);
#2490 = LINE('',#2491,#2492);
#2491 = CARTESIAN_POINT('',(193.8,169.,11.7));
#2492 = VECTOR('',#2493,1.);
#2493 = DIRECTION('',(-0.,-0.,1.));
#2494 = PCURVE('',#736,#2495);
#2495 = DEFINITIONAL_REPRESENTATION('',(#2496),#2500);
#2496 = LINE('',#2497,#2498);
#2497 = CARTESIAN_POINT('',(-0.,-26.));
#2498 = VECTOR('',#2499,1.);
#2499 = DIRECTION('',(-1.,-0.));
#2500 = ( GEOMETRIC_REPRESENTATION_CONTEXT(2) 
PARAMETRIC_REPRESENTATION_CONTEXT() REPRESENTATION_CONTEXT('2D SPACE',''
  ) );
#2501 = PCURVE('',#708,#2502);
#2502 = DEFINITIONAL_REPRESENTATION('',(#2503),#2507);
#2503 = LINE('',#2504,#2505);
#2504 = CARTESIAN_POINT('',(-0.,0.));
#2505 = VECTOR('',#2506,1.);
#2506 = DIRECTION('',(-0.,1.));
#2507 = ( GEOMETRIC_REPRESENTATION_CONTEXT(2) 
PARAMETRIC_REPRESENTATION_CONTEXT() REPRESENTATION_CONTEXT('2D SPACE',''
  ) );
#2508 = ADVANCED_FACE('',(#2509),#708,.F.);
#2509 = FACE_BOUND('',#2510,.T.);
#2510 = EDGE_LOOP('',(#2511,#2512,#2513,#2536,#2569,#2597));
#2511 = ORIENTED_EDGE('',*,*,#2488,.F.);
#2512 = ORIENTED_EDGE('',*,*,#687,.T.);
#2513 = ORIENTED_EDGE('',*,*,#2514,.T.);
#2514 = EDGE_CURVE('',#660,#2515,#2517,.T.);
#2515 = VERTEX_POINT('',#2516);
#2516 = CARTESIAN_POINT('',(195.8,171.,17.5));
#2517 = SURFACE_CURVE('',#2518,(#2522,#2529),.PCURVE_S1.);
#2518 = LINE('',#2519,#2520);
#2519 = CARTESIAN_POINT('',(195.8,171.,11.7));
#2520 = VECTOR('',#2521,1.);
#2521 = DIRECTION('',(-0.,-0.,1.));
#2522 = PCURVE('',#708,#2523);
#2523 = DEFINITIONAL_REPRESENTATION('',(#2524),#2528);
#2524 = LINE('',#2525,#2526);
#2525 = CARTESIAN_POINT('',(-1.570796326795,0.));
#2526 = VECTOR('',#2527,1.);
#2527 = DIRECTION('',(-0.,1.));
#2528 = ( GEOMETRIC_REPRESENTATION_CONTEXT(2) 
PARAMETRIC_REPRESENTATION_CONTEXT() REPRESENTATION_CONTEXT('2D SPACE',''
  ) );
#2529 = PCURVE('',#675,#2530);
#2530 = DEFINITIONAL_REPRESENTATION('',(#2531),#2535);
#2531 = LINE('',#2532,#2533);
#2532 = CARTESIAN_POINT('',(-0.,2.2));
#2533 = VECTOR('',#2534,1.);
#2534 = DIRECTION('',(-1.,0.));
#2535 = ( GEOMETRIC_REPRESENTATION_CONTEXT(2) 
PARAMETRIC_REPRESENTATION_CONTEXT() REPRESENTATION_CONTEXT('2D SPACE',''
  ) );
#2536 = ORIENTED_EDGE('',*,*,#2537,.F.);
#2537 = EDGE_CURVE('',#2538,#2515,#2540,.T.);
#2538 = VERTEX_POINT('',#2539);
#2539 = CARTESIAN_POINT('',(194.4,170.4282856857,17.5));
#2540 = SURFACE_CURVE('',#2541,(#2546,#2553),.PCURVE_S1.);
#2541 = CIRCLE('',#2542,2.);
#2542 = AXIS2_PLACEMENT_3D('',#2543,#2544,#2545);
#2543 = CARTESIAN_POINT('',(195.8,169.,17.5));
#2544 = DIRECTION('',(0.,0.,-1.));
#2545 = DIRECTION('',(-1.,-0.,-0.));
#2546 = PCURVE('',#708,#2547);
#2547 = DEFINITIONAL_REPRESENTATION('',(#2548),#2552);
#2548 = LINE('',#2549,#2550);
#2549 = CARTESIAN_POINT('',(-0.,5.8));
#2550 = VECTOR('',#2551,1.);
#2551 = DIRECTION('',(-1.,0.));
#2552 = ( GEOMETRIC_REPRESENTATION_CONTEXT(2) 
PARAMETRIC_REPRESENTATION_CONTEXT() REPRESENTATION_CONTEXT('2D SPACE',''
  ) );
#2553 = PCURVE('',#2554,#2559);
#2554 = PLANE('',#2555);
#2555 = AXIS2_PLACEMENT_3D('',#2556,#2557,#2558);
#2556 = CARTESIAN_POINT('',(196.,10.,17.5));
#2557 = DIRECTION('',(-0.,-0.,1.));
#2558 = DIRECTION('',(1.,0.,0.));
#2559 = DEFINITIONAL_REPRESENTATION('',(#2560),#2568);
#2560 = ( BOUNDED_CURVE() B_SPLINE_CURVE(2,(#2561,#2562,#2563,#2564,
#2565,#2566,#2567),.UNSPECIFIED.,.T.,.F.) B_SPLINE_CURVE_WITH_KNOTS((1,2
    ,2,2,2,1),(-2.094395102393,0.,2.094395102393,4.188790204786,
6.28318530718,8.377580409573),.UNSPECIFIED.) CURVE() 
GEOMETRIC_REPRESENTATION_ITEM() RATIONAL_B_SPLINE_CURVE((1.,0.5,1.,0.5,
1.,0.5,1.)) REPRESENTATION_ITEM('') );
#2561 = CARTESIAN_POINT('',(-2.2,159.));
#2562 = CARTESIAN_POINT('',(-2.2,162.46410161513));
#2563 = CARTESIAN_POINT('',(0.8,160.73205080756));
#2564 = CARTESIAN_POINT('',(3.8,159.));
#2565 = CARTESIAN_POINT('',(0.8,157.26794919243));
#2566 = CARTESIAN_POINT('',(-2.2,155.53589838486));
#2567 = CARTESIAN_POINT('',(-2.2,159.));
#2568 = ( GEOMETRIC_REPRESENTATION_CONTEXT(2) 
PARAMETRIC_REPRESENTATION_CONTEXT() REPRESENTATION_CONTEXT('2D SPACE',''
  ) );
#2569 = ORIENTED_EDGE('',*,*,#2570,.F.);
#2570 = EDGE_CURVE('',#2571,#2538,#2573,.T.);
#2571 = VERTEX_POINT('',#2572);
#2572 = CARTESIAN_POINT('',(194.4,170.4282856857,16.5));
#2573 = SURFACE_CURVE('',#2574,(#2578,#2585),.PCURVE_S1.);
#2574 = LINE('',#2575,#2576);
#2575 = CARTESIAN_POINT('',(194.4,170.4282856857,11.7));
#2576 = VECTOR('',#2577,1.);
#2577 = DIRECTION('',(-0.,-0.,1.));
#2578 = PCURVE('',#708,#2579);
#2579 = DEFINITIONAL_REPRESENTATION('',(#2580),#2584);
#2580 = LINE('',#2581,#2582);
#2581 = CARTESIAN_POINT('',(-0.795398830184,0.));
#2582 = VECTOR('',#2583,1.);
#2583 = DIRECTION('',(-0.,1.));
#2584 = ( GEOMETRIC_REPRESENTATION_CONTEXT(2) 
PARAMETRIC_REPRESENTATION_CONTEXT() REPRESENTATION_CONTEXT('2D SPACE',''
  ) );
#2585 = PCURVE('',#2586,#2591);
#2586 = PLANE('',#2587);
#2587 = AXIS2_PLACEMENT_3D('',#2588,#2589,#2590);
#2588 = CARTESIAN_POINT('',(194.4,10.,16.5));
#2589 = DIRECTION('',(-1.,-0.,-0.));
#2590 = DIRECTION('',(0.,0.,-1.));
#2591 = DEFINITIONAL_REPRESENTATION('',(#2592),#2596);
#2592 = LINE('',#2593,#2594);
#2593 = CARTESIAN_POINT('',(4.8,-160.4282856857));
#2594 = VECTOR('',#2595,1.);
#2595 = DIRECTION('',(-1.,-0.));
#2596 = ( GEOMETRIC_REPRESENTATION_CONTEXT(2) 
PARAMETRIC_REPRESENTATION_CONTEXT() REPRESENTATION_CONTEXT('2D SPACE',''
  ) );
#2597 = ORIENTED_EDGE('',*,*,#2598,.F.);
#2598 = EDGE_CURVE('',#2464,#2571,#2599,.T.);
#2599 = SURFACE_CURVE('',#2600,(#2605,#2612),.PCURVE_S1.);
#2600 = CIRCLE('',#2601,2.);
#2601 = AXIS2_PLACEMENT_3D('',#2602,#2603,#2604);
#2602 = CARTESIAN_POINT('',(195.8,169.,16.5));
#2603 = DIRECTION('',(0.,0.,-1.));
#2604 = DIRECTION('',(-1.,-0.,-0.));
#2605 = PCURVE('',#708,#2606);
#2606 = DEFINITIONAL_REPRESENTATION('',(#2607),#2611);
#2607 = LINE('',#2608,#2609);
#2608 = CARTESIAN_POINT('',(-0.,4.8));
#2609 = VECTOR('',#2610,1.);
#2610 = DIRECTION('',(-1.,0.));
#2611 = ( GEOMETRIC_REPRESENTATION_CONTEXT(2) 
PARAMETRIC_REPRESENTATION_CONTEXT() REPRESENTATION_CONTEXT('2D SPACE',''
  ) );
#2612 = PCURVE('',#1377,#2613);
#2613 = DEFINITIONAL_REPRESENTATION('',(#2614),#2618);
#2614 = CIRCLE('',#2615,2.);
#2615 = AXIS2_PLACEMENT_2D('',#2616,#2617);
#2616 = CARTESIAN_POINT('',(-22.2,-0.2));
#2617 = DIRECTION('',(-0.,-1.));
#2618 = ( GEOMETRIC_REPRESENTATION_CONTEXT(2) 
PARAMETRIC_REPRESENTATION_CONTEXT() REPRESENTATION_CONTEXT('2D SPACE',''
  ) );
#2619 = ADVANCED_FACE('',(#2620),#675,.F.);
#2620 = FACE_BOUND('',#2621,.T.);
#2621 = EDGE_LOOP('',(#2622,#2623,#2646,#2667));
#2622 = ORIENTED_EDGE('',*,*,#659,.T.);
#2623 = ORIENTED_EDGE('',*,*,#2624,.T.);
#2624 = EDGE_CURVE('',#632,#2625,#2627,.T.);
#2625 = VERTEX_POINT('',#2626);
#2626 = CARTESIAN_POINT('',(196.,171.,17.5));
#2627 = SURFACE_CURVE('',#2628,(#2632,#2639),.PCURVE_S1.);
#2628 = LINE('',#2629,#2630);
#2629 = CARTESIAN_POINT('',(196.,171.,11.7));
#2630 = VECTOR('',#2631,1.);
#2631 = DIRECTION('',(-0.,-0.,1.));
#2632 = PCURVE('',#675,#2633);
#2633 = DEFINITIONAL_REPRESENTATION('',(#2634),#2638);
#2634 = LINE('',#2635,#2636);
#2635 = CARTESIAN_POINT('',(-0.,2.));
#2636 = VECTOR('',#2637,1.);
#2637 = DIRECTION('',(-1.,0.));
#2638 = ( GEOMETRIC_REPRESENTATION_CONTEXT(2) 
PARAMETRIC_REPRESENTATION_CONTEXT() REPRESENTATION_CONTEXT('2D SPACE',''
  ) );
#2639 = PCURVE('',#647,#2640);
#2640 = DEFINITIONAL_REPRESENTATION('',(#2641),#2645);
#2641 = LINE('',#2642,#2643);
#2642 = CARTESIAN_POINT('',(2.440867758411,-73.3));
#2643 = VECTOR('',#2644,1.);
#2644 = DIRECTION('',(-1.,-0.));
#2645 = ( GEOMETRIC_REPRESENTATION_CONTEXT(2) 
PARAMETRIC_REPRESENTATION_CONTEXT() REPRESENTATION_CONTEXT('2D SPACE',''
  ) );
#2646 = ORIENTED_EDGE('',*,*,#2647,.F.);
#2647 = EDGE_CURVE('',#2515,#2625,#2648,.T.);
#2648 = SURFACE_CURVE('',#2649,(#2653,#2660),.PCURVE_S1.);
#2649 = LINE('',#2650,#2651);
#2650 = CARTESIAN_POINT('',(197.,171.,17.5));
#2651 = VECTOR('',#2652,1.);
#2652 = DIRECTION('',(1.,-0.,0.));
#2653 = PCURVE('',#675,#2654);
#2654 = DEFINITIONAL_REPRESENTATION('',(#2655),#2659);
#2655 = LINE('',#2656,#2657);
#2656 = CARTESIAN_POINT('',(-5.8,1.));
#2657 = VECTOR('',#2658,1.);
#2658 = DIRECTION('',(-0.,-1.));
#2659 = ( GEOMETRIC_REPRESENTATION_CONTEXT(2) 
PARAMETRIC_REPRESENTATION_CONTEXT() REPRESENTATION_CONTEXT('2D SPACE',''
  ) );
#2660 = PCURVE('',#2554,#2661);
#2661 = DEFINITIONAL_REPRESENTATION('',(#2662),#2666);
#2662 = LINE('',#2663,#2664);
#2663 = CARTESIAN_POINT('',(1.,161.));
#2664 = VECTOR('',#2665,1.);
#2665 = DIRECTION('',(1.,-0.));
#2666 = ( GEOMETRIC_REPRESENTATION_CONTEXT(2) 
PARAMETRIC_REPRESENTATION_CONTEXT() REPRESENTATION_CONTEXT('2D SPACE',''
  ) );
#2667 = ORIENTED_EDGE('',*,*,#2514,.F.);
#2668 = ADVANCED_FACE('',(#2669),#647,.F.);
#2669 = FACE_BOUND('',#2670,.T.);
#2670 = EDGE_LOOP('',(#2671,#2672,#2673,#2696,#2724,#2747,#2775));
#2671 = ORIENTED_EDGE('',*,*,#2624,.F.);
#2672 = ORIENTED_EDGE('',*,*,#631,.T.);
#2673 = ORIENTED_EDGE('',*,*,#2674,.T.);
#2674 = EDGE_CURVE('',#604,#2675,#2677,.T.);
#2675 = VERTEX_POINT('',#2676);
#2676 = CARTESIAN_POINT('',(196.,192.3,15.4));
#2677 = SURFACE_CURVE('',#2678,(#2682,#2689),.PCURVE_S1.);
#2678 = LINE('',#2679,#2680);
#2679 = CARTESIAN_POINT('',(196.,192.3,11.8));
#2680 = VECTOR('',#2681,1.);
#2681 = DIRECTION('',(-0.,-0.,1.));
#2682 = PCURVE('',#647,#2683);
#2683 = DEFINITIONAL_REPRESENTATION('',(#2684),#2688);
#2684 = LINE('',#2685,#2686);
#2685 = CARTESIAN_POINT('',(2.340867758411,-94.6));
#2686 = VECTOR('',#2687,1.);
#2687 = DIRECTION('',(-1.,-0.));
#2688 = ( GEOMETRIC_REPRESENTATION_CONTEXT(2) 
PARAMETRIC_REPRESENTATION_CONTEXT() REPRESENTATION_CONTEXT('2D SPACE',''
  ) );
#2689 = PCURVE('',#619,#2690);
#2690 = DEFINITIONAL_REPRESENTATION('',(#2691),#2695);
#2691 = LINE('',#2692,#2693);
#2692 = CARTESIAN_POINT('',(-0.,0.));
#2693 = VECTOR('',#2694,1.);
#2694 = DIRECTION('',(-1.,0.));
#2695 = ( GEOMETRIC_REPRESENTATION_CONTEXT(2) 
PARAMETRIC_REPRESENTATION_CONTEXT() REPRESENTATION_CONTEXT('2D SPACE',''
  ) );
#2696 = ORIENTED_EDGE('',*,*,#2697,.T.);
#2697 = EDGE_CURVE('',#2675,#2698,#2700,.T.);
#2698 = VERTEX_POINT('',#2699);
#2699 = CARTESIAN_POINT('',(196.,191.2,16.5));
#2700 = SURFACE_CURVE('',#2701,(#2705,#2712),.PCURVE_S1.);
#2701 = LINE('',#2702,#2703);
#2702 = CARTESIAN_POINT('',(196.,192.3,15.4));
#2703 = VECTOR('',#2704,1.);
#2704 = DIRECTION('',(-0.,-0.707106781187,0.707106781187));
#2705 = PCURVE('',#647,#2706);
#2706 = DEFINITIONAL_REPRESENTATION('',(#2707),#2711);
#2707 = LINE('',#2708,#2709);
#2708 = CARTESIAN_POINT('',(-1.259132241589,-94.6));
#2709 = VECTOR('',#2710,1.);
#2710 = DIRECTION('',(-0.707106781187,0.707106781187));
#2711 = ( GEOMETRIC_REPRESENTATION_CONTEXT(2) 
PARAMETRIC_REPRESENTATION_CONTEXT() REPRESENTATION_CONTEXT('2D SPACE',''
  ) );
#2712 = PCURVE('',#2713,#2718);
#2713 = PLANE('',#2714);
#2714 = AXIS2_PLACEMENT_3D('',#2715,#2716,#2717);
#2715 = CARTESIAN_POINT('',(196.,192.3,15.4));
#2716 = DIRECTION('',(-0.,-0.707106781187,-0.707106781187));
#2717 = DIRECTION('',(0.,0.707106781187,-0.707106781187));
#2718 = DEFINITIONAL_REPRESENTATION('',(#2719),#2723);
#2719 = LINE('',#2720,#2721);
#2720 = CARTESIAN_POINT('',(-0.,0.));
#2721 = VECTOR('',#2722,1.);
#2722 = DIRECTION('',(-1.,0.));
#2723 = ( GEOMETRIC_REPRESENTATION_CONTEXT(2) 
PARAMETRIC_REPRESENTATION_CONTEXT() REPRESENTATION_CONTEXT('2D SPACE',''
  ) );
#2724 = ORIENTED_EDGE('',*,*,#2725,.T.);
#2725 = EDGE_CURVE('',#2698,#2726,#2728,.T.);
#2726 = VERTEX_POINT('',#2727);
#2727 = CARTESIAN_POINT('',(196.,190.,16.5));
#2728 = SURFACE_CURVE('',#2729,(#2733,#2740),.PCURVE_S1.);
#2729 = LINE('',#2730,#2731);
#2730 = CARTESIAN_POINT('',(196.,191.2,16.5));
#2731 = VECTOR('',#2732,1.);
#2732 = DIRECTION('',(-0.,-1.,-0.));
#2733 = PCURVE('',#647,#2734);
#2734 = DEFINITIONAL_REPRESENTATION('',(#2735),#2739);
#2735 = LINE('',#2736,#2737);
#2736 = CARTESIAN_POINT('',(-2.359132241589,-93.5));
#2737 = VECTOR('',#2738,1.);
#2738 = DIRECTION('',(-0.,1.));
#2739 = ( GEOMETRIC_REPRESENTATION_CONTEXT(2) 
PARAMETRIC_REPRESENTATION_CONTEXT() REPRESENTATION_CONTEXT('2D SPACE',''
  ) );
#2740 = PCURVE('',#1377,#2741);
#2741 = DEFINITIONAL_REPRESENTATION('',(#2742),#2746);
#2742 = LINE('',#2743,#2744);
#2743 = CARTESIAN_POINT('',(0.,-0.));
#2744 = VECTOR('',#2745,1.);
#2745 = DIRECTION('',(-1.,0.));
#2746 = ( GEOMETRIC_REPRESENTATION_CONTEXT(2) 
PARAMETRIC_REPRESENTATION_CONTEXT() REPRESENTATION_CONTEXT('2D SPACE',''
  ) );
#2747 = ORIENTED_EDGE('',*,*,#2748,.T.);
#2748 = EDGE_CURVE('',#2726,#2749,#2751,.T.);
#2749 = VERTEX_POINT('',#2750);
#2750 = CARTESIAN_POINT('',(196.,190.,17.5));
#2751 = SURFACE_CURVE('',#2752,(#2756,#2763),.PCURVE_S1.);
#2752 = LINE('',#2753,#2754);
#2753 = CARTESIAN_POINT('',(196.,190.,16.5));
#2754 = VECTOR('',#2755,1.);
#2755 = DIRECTION('',(-0.,-0.,1.));
#2756 = PCURVE('',#647,#2757);
#2757 = DEFINITIONAL_REPRESENTATION('',(#2758),#2762);
#2758 = LINE('',#2759,#2760);
#2759 = CARTESIAN_POINT('',(-2.359132241589,-92.3));
#2760 = VECTOR('',#2761,1.);
#2761 = DIRECTION('',(-1.,-0.));
#2762 = ( GEOMETRIC_REPRESENTATION_CONTEXT(2) 
PARAMETRIC_REPRESENTATION_CONTEXT() REPRESENTATION_CONTEXT('2D SPACE',''
  ) );
#2763 = PCURVE('',#2764,#2769);
#2764 = PLANE('',#2765);
#2765 = AXIS2_PLACEMENT_3D('',#2766,#2767,#2768);
#2766 = CARTESIAN_POINT('',(196.,190.,16.5));
#2767 = DIRECTION('',(-0.,1.,-0.));
#2768 = DIRECTION('',(0.,0.,-1.));
#2769 = DEFINITIONAL_REPRESENTATION('',(#2770),#2774);
#2770 = LINE('',#2771,#2772);
#2771 = CARTESIAN_POINT('',(-0.,-0.));
#2772 = VECTOR('',#2773,1.);
#2773 = DIRECTION('',(-1.,0.));
#2774 = ( GEOMETRIC_REPRESENTATION_CONTEXT(2) 
PARAMETRIC_REPRESENTATION_CONTEXT() REPRESENTATION_CONTEXT('2D SPACE',''
  ) );
#2775 = ORIENTED_EDGE('',*,*,#2776,.F.);
#2776 = EDGE_CURVE('',#2625,#2749,#2777,.T.);
#2777 = SURFACE_CURVE('',#2778,(#2782,#2789),.PCURVE_S1.);
#2778 = LINE('',#2779,#2780);
#2779 = CARTESIAN_POINT('',(196.,10.,17.5));
#2780 = VECTOR('',#2781,1.);
#2781 = DIRECTION('',(-0.,1.,-0.));
#2782 = PCURVE('',#647,#2783);
#2783 = DEFINITIONAL_REPRESENTATION('',(#2784),#2788);
#2784 = LINE('',#2785,#2786);
#2785 = CARTESIAN_POINT('',(-3.359132241589,87.7));
#2786 = VECTOR('',#2787,1.);
#2787 = DIRECTION('',(-0.,-1.));
#2788 = ( GEOMETRIC_REPRESENTATION_CONTEXT(2) 
PARAMETRIC_REPRESENTATION_CONTEXT() REPRESENTATION_CONTEXT('2D SPACE',''
  ) );
#2789 = PCURVE('',#2554,#2790);
#2790 = DEFINITIONAL_REPRESENTATION('',(#2791),#2795);
#2791 = LINE('',#2792,#2793);
#2792 = CARTESIAN_POINT('',(0.,-0.));
#2793 = VECTOR('',#2794,1.);
#2794 = DIRECTION('',(-0.,1.));
#2795 = ( GEOMETRIC_REPRESENTATION_CONTEXT(2) 
PARAMETRIC_REPRESENTATION_CONTEXT() REPRESENTATION_CONTEXT('2D SPACE',''
  ) );
#2796 = ADVANCED_FACE('',(#2797),#619,.F.);
#2797 = FACE_BOUND('',#2798,.T.);
#2798 = EDGE_LOOP('',(#2799,#2800,#2801,#2824));
#2799 = ORIENTED_EDGE('',*,*,#2674,.F.);
#2800 = ORIENTED_EDGE('',*,*,#603,.T.);
#2801 = ORIENTED_EDGE('',*,*,#2802,.T.);
#2802 = EDGE_CURVE('',#576,#2803,#2805,.T.);
#2803 = VERTEX_POINT('',#2804);
#2804 = CARTESIAN_POINT('',(117.,192.3,15.4));
#2805 = SURFACE_CURVE('',#2806,(#2810,#2817),.PCURVE_S1.);
#2806 = LINE('',#2807,#2808);
#2807 = CARTESIAN_POINT('',(117.,192.3,11.75));
#2808 = VECTOR('',#2809,1.);
#2809 = DIRECTION('',(-0.,-0.,1.));
#2810 = PCURVE('',#619,#2811);
#2811 = DEFINITIONAL_REPRESENTATION('',(#2812),#2816);
#2812 = LINE('',#2813,#2814);
#2813 = CARTESIAN_POINT('',(5.E-02,-79.));
#2814 = VECTOR('',#2815,1.);
#2815 = DIRECTION('',(-1.,0.));
#2816 = ( GEOMETRIC_REPRESENTATION_CONTEXT(2) 
PARAMETRIC_REPRESENTATION_CONTEXT() REPRESENTATION_CONTEXT('2D SPACE',''
  ) );
#2817 = PCURVE('',#591,#2818);
#2818 = DEFINITIONAL_REPRESENTATION('',(#2819),#2823);
#2819 = LINE('',#2820,#2821);
#2820 = CARTESIAN_POINT('',(-5.E-02,-1.9));
#2821 = VECTOR('',#2822,1.);
#2822 = DIRECTION('',(-1.,-0.));
#2823 = ( GEOMETRIC_REPRESENTATION_CONTEXT(2) 
PARAMETRIC_REPRESENTATION_CONTEXT() REPRESENTATION_CONTEXT('2D SPACE',''
  ) );
#2824 = ORIENTED_EDGE('',*,*,#2825,.F.);
#2825 = EDGE_CURVE('',#2675,#2803,#2826,.T.);
#2826 = SURFACE_CURVE('',#2827,(#2831,#2838),.PCURVE_S1.);
#2827 = LINE('',#2828,#2829);
#2828 = CARTESIAN_POINT('',(196.,192.3,15.4));
#2829 = VECTOR('',#2830,1.);
#2830 = DIRECTION('',(-1.,-0.,-0.));
#2831 = PCURVE('',#619,#2832);
#2832 = DEFINITIONAL_REPRESENTATION('',(#2833),#2837);
#2833 = LINE('',#2834,#2835);
#2834 = CARTESIAN_POINT('',(-3.6,0.));
#2835 = VECTOR('',#2836,1.);
#2836 = DIRECTION('',(-0.,-1.));
#2837 = ( GEOMETRIC_REPRESENTATION_CONTEXT(2) 
PARAMETRIC_REPRESENTATION_CONTEXT() REPRESENTATION_CONTEXT('2D SPACE',''
  ) );
#2838 = PCURVE('',#2713,#2839);
#2839 = DEFINITIONAL_REPRESENTATION('',(#2840),#2844);
#2840 = LINE('',#2841,#2842);
#2841 = CARTESIAN_POINT('',(-0.,0.));
#2842 = VECTOR('',#2843,1.);
#2843 = DIRECTION('',(-0.,-1.));
#2844 = ( GEOMETRIC_REPRESENTATION_CONTEXT(2) 
PARAMETRIC_REPRESENTATION_CONTEXT() REPRESENTATION_CONTEXT('2D SPACE',''
  ) );
#2845 = ADVANCED_FACE('',(#2846),#591,.T.);
#2846 = FACE_BOUND('',#2847,.F.);
#2847 = EDGE_LOOP('',(#2848,#2871,#2892,#2893));
#2848 = ORIENTED_EDGE('',*,*,#2849,.T.);
#2849 = EDGE_CURVE('',#2803,#2850,#2852,.T.);
#2850 = VERTEX_POINT('',#2851);
#2851 = CARTESIAN_POINT('',(117.,191.7,16.));
#2852 = SURFACE_CURVE('',#2853,(#2857,#2864),.PCURVE_S1.);
#2853 = LINE('',#2854,#2855);
#2854 = CARTESIAN_POINT('',(117.,192.75,14.95));
#2855 = VECTOR('',#2856,1.);
#2856 = DIRECTION('',(-0.,-0.707106781187,0.707106781187));
#2857 = PCURVE('',#591,#2858);
#2858 = DEFINITIONAL_REPRESENTATION('',(#2859),#2863);
#2859 = LINE('',#2860,#2861);
#2860 = CARTESIAN_POINT('',(-3.25,-2.35));
#2861 = VECTOR('',#2862,1.);
#2862 = DIRECTION('',(-0.707106781187,0.707106781187));
#2863 = ( GEOMETRIC_REPRESENTATION_CONTEXT(2) 
PARAMETRIC_REPRESENTATION_CONTEXT() REPRESENTATION_CONTEXT('2D SPACE',''
  ) );
#2864 = PCURVE('',#2713,#2865);
#2865 = DEFINITIONAL_REPRESENTATION('',(#2866),#2870);
#2866 = LINE('',#2867,#2868);
#2867 = CARTESIAN_POINT('',(0.636396103068,-79.));
#2868 = VECTOR('',#2869,1.);
#2869 = DIRECTION('',(-1.,0.));
#2870 = ( GEOMETRIC_REPRESENTATION_CONTEXT(2) 
PARAMETRIC_REPRESENTATION_CONTEXT() REPRESENTATION_CONTEXT('2D SPACE',''
  ) );
#2871 = ORIENTED_EDGE('',*,*,#2872,.F.);
#2872 = EDGE_CURVE('',#543,#2850,#2873,.T.);
#2873 = SURFACE_CURVE('',#2874,(#2878,#2885),.PCURVE_S1.);
#2874 = LINE('',#2875,#2876);
#2875 = CARTESIAN_POINT('',(117.,191.7,11.7));
#2876 = VECTOR('',#2877,1.);
#2877 = DIRECTION('',(-0.,-0.,1.));
#2878 = PCURVE('',#591,#2879);
#2879 = DEFINITIONAL_REPRESENTATION('',(#2880),#2884);
#2880 = LINE('',#2881,#2882);
#2881 = CARTESIAN_POINT('',(-0.,-1.3));
#2882 = VECTOR('',#2883,1.);
#2883 = DIRECTION('',(-1.,-0.));
#2884 = ( GEOMETRIC_REPRESENTATION_CONTEXT(2) 
PARAMETRIC_REPRESENTATION_CONTEXT() REPRESENTATION_CONTEXT('2D SPACE',''
  ) );
#2885 = PCURVE('',#563,#2886);
#2886 = DEFINITIONAL_REPRESENTATION('',(#2887),#2891);
#2887 = LINE('',#2888,#2889);
#2888 = CARTESIAN_POINT('',(-0.,0.));
#2889 = VECTOR('',#2890,1.);
#2890 = DIRECTION('',(-0.,1.));
#2891 = ( GEOMETRIC_REPRESENTATION_CONTEXT(2) 
PARAMETRIC_REPRESENTATION_CONTEXT() REPRESENTATION_CONTEXT('2D SPACE',''
  ) );
#2892 = ORIENTED_EDGE('',*,*,#575,.T.);
#2893 = ORIENTED_EDGE('',*,*,#2802,.T.);
#2894 = ADVANCED_FACE('',(#2895),#563,.F.);
#2895 = FACE_BOUND('',#2896,.T.);
#2896 = EDGE_LOOP('',(#2897,#2898,#2899,#2922,#2950,#2974));
#2897 = ORIENTED_EDGE('',*,*,#2872,.F.);
#2898 = ORIENTED_EDGE('',*,*,#542,.T.);
#2899 = ORIENTED_EDGE('',*,*,#2900,.T.);
#2900 = EDGE_CURVE('',#515,#2901,#2903,.T.);
#2901 = VERTEX_POINT('',#2902);
#2902 = CARTESIAN_POINT('',(115.7,190.4,15.9));
#2903 = SURFACE_CURVE('',#2904,(#2908,#2915),.PCURVE_S1.);
#2904 = LINE('',#2905,#2906);
#2905 = CARTESIAN_POINT('',(115.7,190.4,11.7));
#2906 = VECTOR('',#2907,1.);
#2907 = DIRECTION('',(-0.,-0.,1.));
#2908 = PCURVE('',#563,#2909);
#2909 = DEFINITIONAL_REPRESENTATION('',(#2910),#2914);
#2910 = LINE('',#2911,#2912);
#2911 = CARTESIAN_POINT('',(-1.570796326795,0.));
#2912 = VECTOR('',#2913,1.);
#2913 = DIRECTION('',(-0.,1.));
#2914 = ( GEOMETRIC_REPRESENTATION_CONTEXT(2) 
PARAMETRIC_REPRESENTATION_CONTEXT() REPRESENTATION_CONTEXT('2D SPACE',''
  ) );
#2915 = PCURVE('',#530,#2916);
#2916 = DEFINITIONAL_REPRESENTATION('',(#2917),#2921);
#2917 = LINE('',#2918,#2919);
#2918 = CARTESIAN_POINT('',(-0.,1.3));
#2919 = VECTOR('',#2920,1.);
#2920 = DIRECTION('',(-1.,0.));
#2921 = ( GEOMETRIC_REPRESENTATION_CONTEXT(2) 
PARAMETRIC_REPRESENTATION_CONTEXT() REPRESENTATION_CONTEXT('2D SPACE',''
  ) );
#2922 = ORIENTED_EDGE('',*,*,#2923,.T.);
#2923 = EDGE_CURVE('',#2901,#2924,#2926,.T.);
#2924 = VERTEX_POINT('',#2925);
#2925 = CARTESIAN_POINT('',(115.7,190.4,16.5));
#2926 = SURFACE_CURVE('',#2927,(#2931,#2938),.PCURVE_S1.);
#2927 = LINE('',#2928,#2929);
#2928 = CARTESIAN_POINT('',(115.7,190.4,11.7));
#2929 = VECTOR('',#2930,1.);
#2930 = DIRECTION('',(-0.,-0.,1.));
#2931 = PCURVE('',#563,#2932);
#2932 = DEFINITIONAL_REPRESENTATION('',(#2933),#2937);
#2933 = LINE('',#2934,#2935);
#2934 = CARTESIAN_POINT('',(-1.570796326795,0.));
#2935 = VECTOR('',#2936,1.);
#2936 = DIRECTION('',(-0.,1.));
#2937 = ( GEOMETRIC_REPRESENTATION_CONTEXT(2) 
PARAMETRIC_REPRESENTATION_CONTEXT() REPRESENTATION_CONTEXT('2D SPACE',''
  ) );
#2938 = PCURVE('',#2939,#2944);
#2939 = PLANE('',#2940);
#2940 = AXIS2_PLACEMENT_3D('',#2941,#2942,#2943);
#2941 = CARTESIAN_POINT('',(188.4,190.4,15.9));
#2942 = DIRECTION('',(-0.,1.,-0.));
#2943 = DIRECTION('',(0.,0.,-1.));
#2944 = DEFINITIONAL_REPRESENTATION('',(#2945),#2949);
#2945 = LINE('',#2946,#2947);
#2946 = CARTESIAN_POINT('',(4.2,72.7));
#2947 = VECTOR('',#2948,1.);
#2948 = DIRECTION('',(-1.,0.));
#2949 = ( GEOMETRIC_REPRESENTATION_CONTEXT(2) 
PARAMETRIC_REPRESENTATION_CONTEXT() REPRESENTATION_CONTEXT('2D SPACE',''
  ) );
#2950 = ORIENTED_EDGE('',*,*,#2951,.F.);
#2951 = EDGE_CURVE('',#2952,#2924,#2954,.T.);
#2952 = VERTEX_POINT('',#2953);
#2953 = CARTESIAN_POINT('',(116.9,191.2,16.5));
#2954 = SURFACE_CURVE('',#2955,(#2960,#2967),.PCURVE_S1.);
#2955 = CIRCLE('',#2956,1.3);
#2956 = AXIS2_PLACEMENT_3D('',#2957,#2958,#2959);
#2957 = CARTESIAN_POINT('',(115.7,191.7,16.5));
#2958 = DIRECTION('',(0.,0.,-1.));
#2959 = DIRECTION('',(1.,-0.,0.));
#2960 = PCURVE('',#563,#2961);
#2961 = DEFINITIONAL_REPRESENTATION('',(#2962),#2966);
#2962 = LINE('',#2963,#2964);
#2963 = CARTESIAN_POINT('',(-0.,4.8));
#2964 = VECTOR('',#2965,1.);
#2965 = DIRECTION('',(-1.,0.));
#2966 = ( GEOMETRIC_REPRESENTATION_CONTEXT(2) 
PARAMETRIC_REPRESENTATION_CONTEXT() REPRESENTATION_CONTEXT('2D SPACE',''
  ) );
#2967 = PCURVE('',#1377,#2968);
#2968 = DEFINITIONAL_REPRESENTATION('',(#2969),#2973);
#2969 = CIRCLE('',#2970,1.3);
#2970 = AXIS2_PLACEMENT_2D('',#2971,#2972);
#2971 = CARTESIAN_POINT('',(0.5,-80.3));
#2972 = DIRECTION('',(0.,1.));
#2973 = ( GEOMETRIC_REPRESENTATION_CONTEXT(2) 
PARAMETRIC_REPRESENTATION_CONTEXT() REPRESENTATION_CONTEXT('2D SPACE',''
  ) );
#2974 = ORIENTED_EDGE('',*,*,#2975,.T.);
#2975 = EDGE_CURVE('',#2952,#2850,#2976,.T.);
#2976 = SURFACE_CURVE('',#2977,(#2982,#2992),.PCURVE_S1.);
#2977 = ELLIPSE('',#2978,1.838477631085,1.3);
#2978 = AXIS2_PLACEMENT_3D('',#2979,#2980,#2981);
#2979 = CARTESIAN_POINT('',(115.7,191.7,16.));
#2980 = DIRECTION('',(0.,0.707106781187,0.707106781187));
#2981 = DIRECTION('',(-0.,-0.707106781187,0.707106781187));
#2982 = PCURVE('',#563,#2983);
#2983 = DEFINITIONAL_REPRESENTATION('',(#2984),#2991);
#2984 = B_SPLINE_CURVE_WITH_KNOTS('',5,(#2985,#2986,#2987,#2988,#2989,
    #2990),.UNSPECIFIED.,.F.,.F.,(6,6),(1.082376832041,1.570796326795),
  .PIECEWISE_BEZIER_KNOTS.);
#2985 = CARTESIAN_POINT('',(-0.488419494754,4.909999999998));
#2986 = CARTESIAN_POINT('',(-0.390735595803,4.797859054183));
#2987 = CARTESIAN_POINT('',(-0.293051696852,4.678442367051));
#2988 = CARTESIAN_POINT('',(-0.195367797902,4.553978252327));
#2989 = CARTESIAN_POINT('',(-9.76838989508E-02,4.426989068636));
#2990 = CARTESIAN_POINT('',(0.,4.3));
#2991 = ( GEOMETRIC_REPRESENTATION_CONTEXT(2) 
PARAMETRIC_REPRESENTATION_CONTEXT() REPRESENTATION_CONTEXT('2D SPACE',''
  ) );
#2992 = PCURVE('',#2713,#2993);
#2993 = DEFINITIONAL_REPRESENTATION('',(#2994),#3002);
#2994 = ( BOUNDED_CURVE() B_SPLINE_CURVE(2,(#2995,#2996,#2997,#2998,
#2999,#3000,#3001),.UNSPECIFIED.,.T.,.F.) B_SPLINE_CURVE_WITH_KNOTS((1,2
    ,2,2,2,1),(-2.094395102393,0.,2.094395102393,4.188790204786,
6.28318530718,8.377580409573),.UNSPECIFIED.) CURVE() 
GEOMETRIC_REPRESENTATION_ITEM() RATIONAL_B_SPLINE_CURVE((1.,0.5,1.,0.5,
1.,0.5,1.)) REPRESENTATION_ITEM('') );
#2995 = CARTESIAN_POINT('',(-2.687005768509,-80.3));
#2996 = CARTESIAN_POINT('',(-2.687005768509,-78.04833395016));
#2997 = CARTESIAN_POINT('',(7.071067811867E-02,-79.17416697508));
#2998 = CARTESIAN_POINT('',(2.828427124746,-80.3));
#2999 = CARTESIAN_POINT('',(7.071067811867E-02,-81.42583302492));
#3000 = CARTESIAN_POINT('',(-2.687005768509,-82.55166604984));
#3001 = CARTESIAN_POINT('',(-2.687005768509,-80.3));
#3002 = ( GEOMETRIC_REPRESENTATION_CONTEXT(2) 
PARAMETRIC_REPRESENTATION_CONTEXT() REPRESENTATION_CONTEXT('2D SPACE',''
  ) );
#3003 = ADVANCED_FACE('',(#3004),#530,.T.);
#3004 = FACE_BOUND('',#3005,.F.);
#3005 = EDGE_LOOP('',(#3006,#3034,#3055,#3056));
#3006 = ORIENTED_EDGE('',*,*,#3007,.F.);
#3007 = EDGE_CURVE('',#3008,#2901,#3010,.T.);
#3008 = VERTEX_POINT('',#3009);
#3009 = CARTESIAN_POINT('',(98.2,190.4,15.9));
#3010 = SURFACE_CURVE('',#3011,(#3015,#3022),.PCURVE_S1.);
#3011 = LINE('',#3012,#3013);
#3012 = CARTESIAN_POINT('',(98.2,190.4,15.9));
#3013 = VECTOR('',#3014,1.);
#3014 = DIRECTION('',(1.,0.,0.));
#3015 = PCURVE('',#530,#3016);
#3016 = DEFINITIONAL_REPRESENTATION('',(#3017),#3021);
#3017 = LINE('',#3018,#3019);
#3018 = CARTESIAN_POINT('',(-4.2,18.8));
#3019 = VECTOR('',#3020,1.);
#3020 = DIRECTION('',(-0.,-1.));
#3021 = ( GEOMETRIC_REPRESENTATION_CONTEXT(2) 
PARAMETRIC_REPRESENTATION_CONTEXT() REPRESENTATION_CONTEXT('2D SPACE',''
  ) );
#3022 = PCURVE('',#3023,#3028);
#3023 = PLANE('',#3024);
#3024 = AXIS2_PLACEMENT_3D('',#3025,#3026,#3027);
#3025 = CARTESIAN_POINT('',(188.4,189.6,15.9));
#3026 = DIRECTION('',(-0.,-0.,1.));
#3027 = DIRECTION('',(1.,0.,0.));
#3028 = DEFINITIONAL_REPRESENTATION('',(#3029),#3033);
#3029 = LINE('',#3030,#3031);
#3030 = CARTESIAN_POINT('',(-90.2,0.8));
#3031 = VECTOR('',#3032,1.);
#3032 = DIRECTION('',(1.,-0.));
#3033 = ( GEOMETRIC_REPRESENTATION_CONTEXT(2) 
PARAMETRIC_REPRESENTATION_CONTEXT() REPRESENTATION_CONTEXT('2D SPACE',''
  ) );
#3034 = ORIENTED_EDGE('',*,*,#3035,.F.);
#3035 = EDGE_CURVE('',#487,#3008,#3036,.T.);
#3036 = SURFACE_CURVE('',#3037,(#3041,#3048),.PCURVE_S1.);
#3037 = LINE('',#3038,#3039);
#3038 = CARTESIAN_POINT('',(98.2,190.4,12.920433879206));
#3039 = VECTOR('',#3040,1.);
#3040 = DIRECTION('',(-0.,-0.,1.));
#3041 = PCURVE('',#530,#3042);
#3042 = DEFINITIONAL_REPRESENTATION('',(#3043),#3047);
#3043 = LINE('',#3044,#3045);
#3044 = CARTESIAN_POINT('',(-1.220433879206,18.8));
#3045 = VECTOR('',#3046,1.);
#3046 = DIRECTION('',(-1.,0.));
#3047 = ( GEOMETRIC_REPRESENTATION_CONTEXT(2) 
PARAMETRIC_REPRESENTATION_CONTEXT() REPRESENTATION_CONTEXT('2D SPACE',''
  ) );
#3048 = PCURVE('',#502,#3049);
#3049 = DEFINITIONAL_REPRESENTATION('',(#3050),#3054);
#3050 = LINE('',#3051,#3052);
#3051 = CARTESIAN_POINT('',(1.220433879206,-92.7));
#3052 = VECTOR('',#3053,1.);
#3053 = DIRECTION('',(-1.,-0.));
#3054 = ( GEOMETRIC_REPRESENTATION_CONTEXT(2) 
PARAMETRIC_REPRESENTATION_CONTEXT() REPRESENTATION_CONTEXT('2D SPACE',''
  ) );
#3055 = ORIENTED_EDGE('',*,*,#514,.T.);
#3056 = ORIENTED_EDGE('',*,*,#2900,.T.);
#3057 = ADVANCED_FACE('',(#3058),#502,.T.);
#3058 = FACE_BOUND('',#3059,.F.);
#3059 = EDGE_LOOP('',(#3060,#3083,#3084,#3085,#3108,#3136,#3164,#3192,
    #3215,#3243,#3271,#3299,#3322,#3350,#3378,#3406,#3429,#3457,#3485,
    #3513,#3536,#3564,#3592,#3620,#3643,#3671));
#3060 = ORIENTED_EDGE('',*,*,#3061,.F.);
#3061 = EDGE_CURVE('',#454,#3062,#3064,.T.);
#3062 = VERTEX_POINT('',#3063);
#3063 = CARTESIAN_POINT('',(98.2,9.59614813968,16.5));
#3064 = SURFACE_CURVE('',#3065,(#3069,#3076),.PCURVE_S1.);
#3065 = LINE('',#3066,#3067);
#3066 = CARTESIAN_POINT('',(98.2,9.596148139682,11.7));
#3067 = VECTOR('',#3068,1.);
#3068 = DIRECTION('',(-0.,-0.,1.));
#3069 = PCURVE('',#502,#3070);
#3070 = DEFINITIONAL_REPRESENTATION('',(#3071),#3075);
#3071 = LINE('',#3072,#3073);
#3072 = CARTESIAN_POINT('',(2.440867758411,88.103851860318));
#3073 = VECTOR('',#3074,1.);
#3074 = DIRECTION('',(-1.,-0.));
#3075 = ( GEOMETRIC_REPRESENTATION_CONTEXT(2) 
PARAMETRIC_REPRESENTATION_CONTEXT() REPRESENTATION_CONTEXT('2D SPACE',''
  ) );
#3076 = PCURVE('',#474,#3077);
#3077 = DEFINITIONAL_REPRESENTATION('',(#3078),#3082);
#3078 = LINE('',#3079,#3080);
#3079 = CARTESIAN_POINT('',(-1.493797186138,0.));
#3080 = VECTOR('',#3081,1.);
#3081 = DIRECTION('',(-0.,1.));
#3082 = ( GEOMETRIC_REPRESENTATION_CONTEXT(2) 
PARAMETRIC_REPRESENTATION_CONTEXT() REPRESENTATION_CONTEXT('2D SPACE',''
  ) );
#3083 = ORIENTED_EDGE('',*,*,#486,.T.);
#3084 = ORIENTED_EDGE('',*,*,#3035,.T.);
#3085 = ORIENTED_EDGE('',*,*,#3086,.T.);
#3086 = EDGE_CURVE('',#3008,#3087,#3089,.T.);
#3087 = VERTEX_POINT('',#3088);
#3088 = CARTESIAN_POINT('',(98.2,189.6,15.9));
#3089 = SURFACE_CURVE('',#3090,(#3094,#3101),.PCURVE_S1.);
#3090 = LINE('',#3091,#3092);
#3091 = CARTESIAN_POINT('',(98.2,143.65,15.9));
#3092 = VECTOR('',#3093,1.);
#3093 = DIRECTION('',(-0.,-1.,-0.));
#3094 = PCURVE('',#502,#3095);
#3095 = DEFINITIONAL_REPRESENTATION('',(#3096),#3100);
#3096 = LINE('',#3097,#3098);
#3097 = CARTESIAN_POINT('',(-1.759132241589,-45.95));
#3098 = VECTOR('',#3099,1.);
#3099 = DIRECTION('',(-0.,1.));
#3100 = ( GEOMETRIC_REPRESENTATION_CONTEXT(2) 
PARAMETRIC_REPRESENTATION_CONTEXT() REPRESENTATION_CONTEXT('2D SPACE',''
  ) );
#3101 = PCURVE('',#3023,#3102);
#3102 = DEFINITIONAL_REPRESENTATION('',(#3103),#3107);
#3103 = LINE('',#3104,#3105);
#3104 = CARTESIAN_POINT('',(-90.2,-45.95));
#3105 = VECTOR('',#3106,1.);
#3106 = DIRECTION('',(-0.,-1.));
#3107 = ( GEOMETRIC_REPRESENTATION_CONTEXT(2) 
PARAMETRIC_REPRESENTATION_CONTEXT() REPRESENTATION_CONTEXT('2D SPACE',''
  ) );
#3108 = ORIENTED_EDGE('',*,*,#3109,.T.);
#3109 = EDGE_CURVE('',#3087,#3110,#3112,.T.);
#3110 = VERTEX_POINT('',#3111);
#3111 = CARTESIAN_POINT('',(98.2,189.6,16.5));
#3112 = SURFACE_CURVE('',#3113,(#3117,#3124),.PCURVE_S1.);
#3113 = LINE('',#3114,#3115);
#3114 = CARTESIAN_POINT('',(98.2,189.6,15.020433879206));
#3115 = VECTOR('',#3116,1.);
#3116 = DIRECTION('',(-0.,-0.,1.));
#3117 = PCURVE('',#502,#3118);
#3118 = DEFINITIONAL_REPRESENTATION('',(#3119),#3123);
#3119 = LINE('',#3120,#3121);
#3120 = CARTESIAN_POINT('',(-0.879566120794,-91.9));
#3121 = VECTOR('',#3122,1.);
#3122 = DIRECTION('',(-1.,-0.));
#3123 = ( GEOMETRIC_REPRESENTATION_CONTEXT(2) 
PARAMETRIC_REPRESENTATION_CONTEXT() REPRESENTATION_CONTEXT('2D SPACE',''
  ) );
#3124 = PCURVE('',#3125,#3130);
#3125 = PLANE('',#3126);
#3126 = AXIS2_PLACEMENT_3D('',#3127,#3128,#3129);
#3127 = CARTESIAN_POINT('',(188.4,189.6,15.9));
#3128 = DIRECTION('',(-0.,1.,-0.));
#3129 = DIRECTION('',(0.,0.,-1.));
#3130 = DEFINITIONAL_REPRESENTATION('',(#3131),#3135);
#3131 = LINE('',#3132,#3133);
#3132 = CARTESIAN_POINT('',(0.879566120794,90.2));
#3133 = VECTOR('',#3134,1.);
#3134 = DIRECTION('',(-1.,0.));
#3135 = ( GEOMETRIC_REPRESENTATION_CONTEXT(2) 
PARAMETRIC_REPRESENTATION_CONTEXT() REPRESENTATION_CONTEXT('2D SPACE',''
  ) );
#3136 = ORIENTED_EDGE('',*,*,#3137,.T.);
#3137 = EDGE_CURVE('',#3110,#3138,#3140,.T.);
#3138 = VERTEX_POINT('',#3139);
#3139 = CARTESIAN_POINT('',(98.2,154.4,16.5));
#3140 = SURFACE_CURVE('',#3141,(#3145,#3152),.PCURVE_S1.);
#3141 = LINE('',#3142,#3143);
#3142 = CARTESIAN_POINT('',(98.2,191.2,16.5));
#3143 = VECTOR('',#3144,1.);
#3144 = DIRECTION('',(-0.,-1.,-0.));
#3145 = PCURVE('',#502,#3146);
#3146 = DEFINITIONAL_REPRESENTATION('',(#3147),#3151);
#3147 = LINE('',#3148,#3149);
#3148 = CARTESIAN_POINT('',(-2.359132241589,-93.5));
#3149 = VECTOR('',#3150,1.);
#3150 = DIRECTION('',(-0.,1.));
#3151 = ( GEOMETRIC_REPRESENTATION_CONTEXT(2) 
PARAMETRIC_REPRESENTATION_CONTEXT() REPRESENTATION_CONTEXT('2D SPACE',''
  ) );
#3152 = PCURVE('',#3153,#3158);
#3153 = PLANE('',#3154);
#3154 = AXIS2_PLACEMENT_3D('',#3155,#3156,#3157);
#3155 = CARTESIAN_POINT('',(196.,191.2,16.5));
#3156 = DIRECTION('',(-0.,-0.,-1.));
#3157 = DIRECTION('',(0.,1.,0.));
#3158 = DEFINITIONAL_REPRESENTATION('',(#3159),#3163);
#3159 = LINE('',#3160,#3161);
#3160 = CARTESIAN_POINT('',(-0.,-97.8));
#3161 = VECTOR('',#3162,1.);
#3162 = DIRECTION('',(-1.,0.));
#3163 = ( GEOMETRIC_REPRESENTATION_CONTEXT(2) 
PARAMETRIC_REPRESENTATION_CONTEXT() REPRESENTATION_CONTEXT('2D SPACE',''
  ) );
#3164 = ORIENTED_EDGE('',*,*,#3165,.F.);
#3165 = EDGE_CURVE('',#3166,#3138,#3168,.T.);
#3166 = VERTEX_POINT('',#3167);
#3167 = CARTESIAN_POINT('',(98.2,154.4,15.9));
#3168 = SURFACE_CURVE('',#3169,(#3173,#3180),.PCURVE_S1.);
#3169 = LINE('',#3170,#3171);
#3170 = CARTESIAN_POINT('',(98.2,154.4,15.020433879206));
#3171 = VECTOR('',#3172,1.);
#3172 = DIRECTION('',(-0.,-0.,1.));
#3173 = PCURVE('',#502,#3174);
#3174 = DEFINITIONAL_REPRESENTATION('',(#3175),#3179);
#3175 = LINE('',#3176,#3177);
#3176 = CARTESIAN_POINT('',(-0.879566120794,-56.7));
#3177 = VECTOR('',#3178,1.);
#3178 = DIRECTION('',(-1.,-0.));
#3179 = ( GEOMETRIC_REPRESENTATION_CONTEXT(2) 
PARAMETRIC_REPRESENTATION_CONTEXT() REPRESENTATION_CONTEXT('2D SPACE',''
  ) );
#3180 = PCURVE('',#3181,#3186);
#3181 = PLANE('',#3182);
#3182 = AXIS2_PLACEMENT_3D('',#3183,#3184,#3185);
#3183 = CARTESIAN_POINT('',(188.4,154.4,15.9));
#3184 = DIRECTION('',(-0.,1.,-0.));
#3185 = DIRECTION('',(0.,0.,-1.));
#3186 = DEFINITIONAL_REPRESENTATION('',(#3187),#3191);
#3187 = LINE('',#3188,#3189);
#3188 = CARTESIAN_POINT('',(0.879566120794,90.2));
#3189 = VECTOR('',#3190,1.);
#3190 = DIRECTION('',(-1.,0.));
#3191 = ( GEOMETRIC_REPRESENTATION_CONTEXT(2) 
PARAMETRIC_REPRESENTATION_CONTEXT() REPRESENTATION_CONTEXT('2D SPACE',''
  ) );
#3192 = ORIENTED_EDGE('',*,*,#3193,.T.);
#3193 = EDGE_CURVE('',#3166,#3194,#3196,.T.);
#3194 = VERTEX_POINT('',#3195);
#3195 = CARTESIAN_POINT('',(98.2,153.6,15.9));
#3196 = SURFACE_CURVE('',#3197,(#3201,#3208),.PCURVE_S1.);
#3197 = LINE('',#3198,#3199);
#3198 = CARTESIAN_POINT('',(98.2,125.65,15.9));
#3199 = VECTOR('',#3200,1.);
#3200 = DIRECTION('',(-0.,-1.,-0.));
#3201 = PCURVE('',#502,#3202);
#3202 = DEFINITIONAL_REPRESENTATION('',(#3203),#3207);
#3203 = LINE('',#3204,#3205);
#3204 = CARTESIAN_POINT('',(-1.759132241589,-27.95));
#3205 = VECTOR('',#3206,1.);
#3206 = DIRECTION('',(-0.,1.));
#3207 = ( GEOMETRIC_REPRESENTATION_CONTEXT(2) 
PARAMETRIC_REPRESENTATION_CONTEXT() REPRESENTATION_CONTEXT('2D SPACE',''
  ) );
#3208 = PCURVE('',#3023,#3209);
#3209 = DEFINITIONAL_REPRESENTATION('',(#3210),#3214);
#3210 = LINE('',#3211,#3212);
#3211 = CARTESIAN_POINT('',(-90.2,-63.95));
#3212 = VECTOR('',#3213,1.);
#3213 = DIRECTION('',(-0.,-1.));
#3214 = ( GEOMETRIC_REPRESENTATION_CONTEXT(2) 
PARAMETRIC_REPRESENTATION_CONTEXT() REPRESENTATION_CONTEXT('2D SPACE',''
  ) );
#3215 = ORIENTED_EDGE('',*,*,#3216,.T.);
#3216 = EDGE_CURVE('',#3194,#3217,#3219,.T.);
#3217 = VERTEX_POINT('',#3218);
#3218 = CARTESIAN_POINT('',(98.2,153.6,16.5));
#3219 = SURFACE_CURVE('',#3220,(#3224,#3231),.PCURVE_S1.);
#3220 = LINE('',#3221,#3222);
#3221 = CARTESIAN_POINT('',(98.2,153.6,15.020433879206));
#3222 = VECTOR('',#3223,1.);
#3223 = DIRECTION('',(-0.,-0.,1.));
#3224 = PCURVE('',#502,#3225);
#3225 = DEFINITIONAL_REPRESENTATION('',(#3226),#3230);
#3226 = LINE('',#3227,#3228);
#3227 = CARTESIAN_POINT('',(-0.879566120794,-55.9));
#3228 = VECTOR('',#3229,1.);
#3229 = DIRECTION('',(-1.,-0.));
#3230 = ( GEOMETRIC_REPRESENTATION_CONTEXT(2) 
PARAMETRIC_REPRESENTATION_CONTEXT() REPRESENTATION_CONTEXT('2D SPACE',''
  ) );
#3231 = PCURVE('',#3232,#3237);
#3232 = PLANE('',#3233);
#3233 = AXIS2_PLACEMENT_3D('',#3234,#3235,#3236);
#3234 = CARTESIAN_POINT('',(188.4,153.6,15.9));
#3235 = DIRECTION('',(-0.,1.,-0.));
#3236 = DIRECTION('',(0.,0.,-1.));
#3237 = DEFINITIONAL_REPRESENTATION('',(#3238),#3242);
#3238 = LINE('',#3239,#3240);
#3239 = CARTESIAN_POINT('',(0.879566120794,90.2));
#3240 = VECTOR('',#3241,1.);
#3241 = DIRECTION('',(-1.,0.));
#3242 = ( GEOMETRIC_REPRESENTATION_CONTEXT(2) 
PARAMETRIC_REPRESENTATION_CONTEXT() REPRESENTATION_CONTEXT('2D SPACE',''
  ) );
#3243 = ORIENTED_EDGE('',*,*,#3244,.T.);
#3244 = EDGE_CURVE('',#3217,#3245,#3247,.T.);
#3245 = VERTEX_POINT('',#3246);
#3246 = CARTESIAN_POINT('',(98.2,118.4,16.5));
#3247 = SURFACE_CURVE('',#3248,(#3252,#3259),.PCURVE_S1.);
#3248 = LINE('',#3249,#3250);
#3249 = CARTESIAN_POINT('',(98.2,191.2,16.5));
#3250 = VECTOR('',#3251,1.);
#3251 = DIRECTION('',(-0.,-1.,-0.));
#3252 = PCURVE('',#502,#3253);
#3253 = DEFINITIONAL_REPRESENTATION('',(#3254),#3258);
#3254 = LINE('',#3255,#3256);
#3255 = CARTESIAN_POINT('',(-2.359132241589,-93.5));
#3256 = VECTOR('',#3257,1.);
#3257 = DIRECTION('',(-0.,1.));
#3258 = ( GEOMETRIC_REPRESENTATION_CONTEXT(2) 
PARAMETRIC_REPRESENTATION_CONTEXT() REPRESENTATION_CONTEXT('2D SPACE',''
  ) );
#3259 = PCURVE('',#3260,#3265);
#3260 = PLANE('',#3261);
#3261 = AXIS2_PLACEMENT_3D('',#3262,#3263,#3264);
#3262 = CARTESIAN_POINT('',(196.,191.2,16.5));
#3263 = DIRECTION('',(-0.,-0.,-1.));
#3264 = DIRECTION('',(0.,1.,0.));
#3265 = DEFINITIONAL_REPRESENTATION('',(#3266),#3270);
#3266 = LINE('',#3267,#3268);
#3267 = CARTESIAN_POINT('',(-0.,-97.8));
#3268 = VECTOR('',#3269,1.);
#3269 = DIRECTION('',(-1.,0.));
#3270 = ( GEOMETRIC_REPRESENTATION_CONTEXT(2) 
PARAMETRIC_REPRESENTATION_CONTEXT() REPRESENTATION_CONTEXT('2D SPACE',''
  ) );
#3271 = ORIENTED_EDGE('',*,*,#3272,.F.);
#3272 = EDGE_CURVE('',#3273,#3245,#3275,.T.);
#3273 = VERTEX_POINT('',#3274);
#3274 = CARTESIAN_POINT('',(98.2,118.4,15.9));
#3275 = SURFACE_CURVE('',#3276,(#3280,#3287),.PCURVE_S1.);
#3276 = LINE('',#3277,#3278);
#3277 = CARTESIAN_POINT('',(98.2,118.4,15.020433879206));
#3278 = VECTOR('',#3279,1.);
#3279 = DIRECTION('',(-0.,-0.,1.));
#3280 = PCURVE('',#502,#3281);
#3281 = DEFINITIONAL_REPRESENTATION('',(#3282),#3286);
#3282 = LINE('',#3283,#3284);
#3283 = CARTESIAN_POINT('',(-0.879566120794,-20.7));
#3284 = VECTOR('',#3285,1.);
#3285 = DIRECTION('',(-1.,-0.));
#3286 = ( GEOMETRIC_REPRESENTATION_CONTEXT(2) 
PARAMETRIC_REPRESENTATION_CONTEXT() REPRESENTATION_CONTEXT('2D SPACE',''
  ) );
#3287 = PCURVE('',#3288,#3293);
#3288 = PLANE('',#3289);
#3289 = AXIS2_PLACEMENT_3D('',#3290,#3291,#3292);
#3290 = CARTESIAN_POINT('',(188.4,118.4,15.9));
#3291 = DIRECTION('',(-0.,1.,-0.));
#3292 = DIRECTION('',(0.,0.,-1.));
#3293 = DEFINITIONAL_REPRESENTATION('',(#3294),#3298);
#3294 = LINE('',#3295,#3296);
#3295 = CARTESIAN_POINT('',(0.879566120794,90.2));
#3296 = VECTOR('',#3297,1.);
#3297 = DIRECTION('',(-1.,0.));
#3298 = ( GEOMETRIC_REPRESENTATION_CONTEXT(2) 
PARAMETRIC_REPRESENTATION_CONTEXT() REPRESENTATION_CONTEXT('2D SPACE',''
  ) );
#3299 = ORIENTED_EDGE('',*,*,#3300,.T.);
#3300 = EDGE_CURVE('',#3273,#3301,#3303,.T.);
#3301 = VERTEX_POINT('',#3302);
#3302 = CARTESIAN_POINT('',(98.2,117.6,15.9));
#3303 = SURFACE_CURVE('',#3304,(#3308,#3315),.PCURVE_S1.);
#3304 = LINE('',#3305,#3306);
#3305 = CARTESIAN_POINT('',(98.2,107.65,15.9));
#3306 = VECTOR('',#3307,1.);
#3307 = DIRECTION('',(-0.,-1.,-0.));
#3308 = PCURVE('',#502,#3309);
#3309 = DEFINITIONAL_REPRESENTATION('',(#3310),#3314);
#3310 = LINE('',#3311,#3312);
#3311 = CARTESIAN_POINT('',(-1.759132241589,-9.95));
#3312 = VECTOR('',#3313,1.);
#3313 = DIRECTION('',(-0.,1.));
#3314 = ( GEOMETRIC_REPRESENTATION_CONTEXT(2) 
PARAMETRIC_REPRESENTATION_CONTEXT() REPRESENTATION_CONTEXT('2D SPACE',''
  ) );
#3315 = PCURVE('',#3023,#3316);
#3316 = DEFINITIONAL_REPRESENTATION('',(#3317),#3321);
#3317 = LINE('',#3318,#3319);
#3318 = CARTESIAN_POINT('',(-90.2,-81.95));
#3319 = VECTOR('',#3320,1.);
#3320 = DIRECTION('',(-0.,-1.));
#3321 = ( GEOMETRIC_REPRESENTATION_CONTEXT(2) 
PARAMETRIC_REPRESENTATION_CONTEXT() REPRESENTATION_CONTEXT('2D SPACE',''
  ) );
#3322 = ORIENTED_EDGE('',*,*,#3323,.T.);
#3323 = EDGE_CURVE('',#3301,#3324,#3326,.T.);
#3324 = VERTEX_POINT('',#3325);
#3325 = CARTESIAN_POINT('',(98.2,117.6,16.5));
#3326 = SURFACE_CURVE('',#3327,(#3331,#3338),.PCURVE_S1.);
#3327 = LINE('',#3328,#3329);
#3328 = CARTESIAN_POINT('',(98.2,117.6,15.020433879206));
#3329 = VECTOR('',#3330,1.);
#3330 = DIRECTION('',(-0.,-0.,1.));
#3331 = PCURVE('',#502,#3332);
#3332 = DEFINITIONAL_REPRESENTATION('',(#3333),#3337);
#3333 = LINE('',#3334,#3335);
#3334 = CARTESIAN_POINT('',(-0.879566120794,-19.9));
#3335 = VECTOR('',#3336,1.);
#3336 = DIRECTION('',(-1.,-0.));
#3337 = ( GEOMETRIC_REPRESENTATION_CONTEXT(2) 
PARAMETRIC_REPRESENTATION_CONTEXT() REPRESENTATION_CONTEXT('2D SPACE',''
  ) );
#3338 = PCURVE('',#3339,#3344);
#3339 = PLANE('',#3340);
#3340 = AXIS2_PLACEMENT_3D('',#3341,#3342,#3343);
#3341 = CARTESIAN_POINT('',(188.4,117.6,15.9));
#3342 = DIRECTION('',(-0.,1.,-0.));
#3343 = DIRECTION('',(0.,0.,-1.));
#3344 = DEFINITIONAL_REPRESENTATION('',(#3345),#3349);
#3345 = LINE('',#3346,#3347);
#3346 = CARTESIAN_POINT('',(0.879566120794,90.2));
#3347 = VECTOR('',#3348,1.);
#3348 = DIRECTION('',(-1.,0.));
#3349 = ( GEOMETRIC_REPRESENTATION_CONTEXT(2) 
PARAMETRIC_REPRESENTATION_CONTEXT() REPRESENTATION_CONTEXT('2D SPACE',''
  ) );
#3350 = ORIENTED_EDGE('',*,*,#3351,.T.);
#3351 = EDGE_CURVE('',#3324,#3352,#3354,.T.);
#3352 = VERTEX_POINT('',#3353);
#3353 = CARTESIAN_POINT('',(98.2,82.4,16.5));
#3354 = SURFACE_CURVE('',#3355,(#3359,#3366),.PCURVE_S1.);
#3355 = LINE('',#3356,#3357);
#3356 = CARTESIAN_POINT('',(98.2,191.2,16.5));
#3357 = VECTOR('',#3358,1.);
#3358 = DIRECTION('',(-0.,-1.,-0.));
#3359 = PCURVE('',#502,#3360);
#3360 = DEFINITIONAL_REPRESENTATION('',(#3361),#3365);
#3361 = LINE('',#3362,#3363);
#3362 = CARTESIAN_POINT('',(-2.359132241589,-93.5));
#3363 = VECTOR('',#3364,1.);
#3364 = DIRECTION('',(-0.,1.));
#3365 = ( GEOMETRIC_REPRESENTATION_CONTEXT(2) 
PARAMETRIC_REPRESENTATION_CONTEXT() REPRESENTATION_CONTEXT('2D SPACE',''
  ) );
#3366 = PCURVE('',#3367,#3372);
#3367 = PLANE('',#3368);
#3368 = AXIS2_PLACEMENT_3D('',#3369,#3370,#3371);
#3369 = CARTESIAN_POINT('',(196.,191.2,16.5));
#3370 = DIRECTION('',(-0.,-0.,-1.));
#3371 = DIRECTION('',(0.,1.,0.));
#3372 = DEFINITIONAL_REPRESENTATION('',(#3373),#3377);
#3373 = LINE('',#3374,#3375);
#3374 = CARTESIAN_POINT('',(-0.,-97.8));
#3375 = VECTOR('',#3376,1.);
#3376 = DIRECTION('',(-1.,0.));
#3377 = ( GEOMETRIC_REPRESENTATION_CONTEXT(2) 
PARAMETRIC_REPRESENTATION_CONTEXT() REPRESENTATION_CONTEXT('2D SPACE',''
  ) );
#3378 = ORIENTED_EDGE('',*,*,#3379,.F.);
#3379 = EDGE_CURVE('',#3380,#3352,#3382,.T.);
#3380 = VERTEX_POINT('',#3381);
#3381 = CARTESIAN_POINT('',(98.2,82.4,15.9));
#3382 = SURFACE_CURVE('',#3383,(#3387,#3394),.PCURVE_S1.);
#3383 = LINE('',#3384,#3385);
#3384 = CARTESIAN_POINT('',(98.2,82.4,15.020433879206));
#3385 = VECTOR('',#3386,1.);
#3386 = DIRECTION('',(-0.,-0.,1.));
#3387 = PCURVE('',#502,#3388);
#3388 = DEFINITIONAL_REPRESENTATION('',(#3389),#3393);
#3389 = LINE('',#3390,#3391);
#3390 = CARTESIAN_POINT('',(-0.879566120794,15.3));
#3391 = VECTOR('',#3392,1.);
#3392 = DIRECTION('',(-1.,-0.));
#3393 = ( GEOMETRIC_REPRESENTATION_CONTEXT(2) 
PARAMETRIC_REPRESENTATION_CONTEXT() REPRESENTATION_CONTEXT('2D SPACE',''
  ) );
#3394 = PCURVE('',#3395,#3400);
#3395 = PLANE('',#3396);
#3396 = AXIS2_PLACEMENT_3D('',#3397,#3398,#3399);
#3397 = CARTESIAN_POINT('',(188.4,82.4,15.9));
#3398 = DIRECTION('',(-0.,1.,-0.));
#3399 = DIRECTION('',(0.,0.,-1.));
#3400 = DEFINITIONAL_REPRESENTATION('',(#3401),#3405);
#3401 = LINE('',#3402,#3403);
#3402 = CARTESIAN_POINT('',(0.879566120794,90.2));
#3403 = VECTOR('',#3404,1.);
#3404 = DIRECTION('',(-1.,0.));
#3405 = ( GEOMETRIC_REPRESENTATION_CONTEXT(2) 
PARAMETRIC_REPRESENTATION_CONTEXT() REPRESENTATION_CONTEXT('2D SPACE',''
  ) );
#3406 = ORIENTED_EDGE('',*,*,#3407,.T.);
#3407 = EDGE_CURVE('',#3380,#3408,#3410,.T.);
#3408 = VERTEX_POINT('',#3409);
#3409 = CARTESIAN_POINT('',(98.2,81.6,15.9));
#3410 = SURFACE_CURVE('',#3411,(#3415,#3422),.PCURVE_S1.);
#3411 = LINE('',#3412,#3413);
#3412 = CARTESIAN_POINT('',(98.2,89.65,15.9));
#3413 = VECTOR('',#3414,1.);
#3414 = DIRECTION('',(-0.,-1.,-0.));
#3415 = PCURVE('',#502,#3416);
#3416 = DEFINITIONAL_REPRESENTATION('',(#3417),#3421);
#3417 = LINE('',#3418,#3419);
#3418 = CARTESIAN_POINT('',(-1.759132241589,8.05));
#3419 = VECTOR('',#3420,1.);
#3420 = DIRECTION('',(-0.,1.));
#3421 = ( GEOMETRIC_REPRESENTATION_CONTEXT(2) 
PARAMETRIC_REPRESENTATION_CONTEXT() REPRESENTATION_CONTEXT('2D SPACE',''
  ) );
#3422 = PCURVE('',#3023,#3423);
#3423 = DEFINITIONAL_REPRESENTATION('',(#3424),#3428);
#3424 = LINE('',#3425,#3426);
#3425 = CARTESIAN_POINT('',(-90.2,-99.95));
#3426 = VECTOR('',#3427,1.);
#3427 = DIRECTION('',(-0.,-1.));
#3428 = ( GEOMETRIC_REPRESENTATION_CONTEXT(2) 
PARAMETRIC_REPRESENTATION_CONTEXT() REPRESENTATION_CONTEXT('2D SPACE',''
  ) );
#3429 = ORIENTED_EDGE('',*,*,#3430,.T.);
#3430 = EDGE_CURVE('',#3408,#3431,#3433,.T.);
#3431 = VERTEX_POINT('',#3432);
#3432 = CARTESIAN_POINT('',(98.2,81.6,16.5));
#3433 = SURFACE_CURVE('',#3434,(#3438,#3445),.PCURVE_S1.);
#3434 = LINE('',#3435,#3436);
#3435 = CARTESIAN_POINT('',(98.2,81.6,15.020433879206));
#3436 = VECTOR('',#3437,1.);
#3437 = DIRECTION('',(-0.,-0.,1.));
#3438 = PCURVE('',#502,#3439);
#3439 = DEFINITIONAL_REPRESENTATION('',(#3440),#3444);
#3440 = LINE('',#3441,#3442);
#3441 = CARTESIAN_POINT('',(-0.879566120794,16.1));
#3442 = VECTOR('',#3443,1.);
#3443 = DIRECTION('',(-1.,-0.));
#3444 = ( GEOMETRIC_REPRESENTATION_CONTEXT(2) 
PARAMETRIC_REPRESENTATION_CONTEXT() REPRESENTATION_CONTEXT('2D SPACE',''
  ) );
#3445 = PCURVE('',#3446,#3451);
#3446 = PLANE('',#3447);
#3447 = AXIS2_PLACEMENT_3D('',#3448,#3449,#3450);
#3448 = CARTESIAN_POINT('',(188.4,81.6,15.9));
#3449 = DIRECTION('',(-0.,1.,-0.));
#3450 = DIRECTION('',(0.,0.,-1.));
#3451 = DEFINITIONAL_REPRESENTATION('',(#3452),#3456);
#3452 = LINE('',#3453,#3454);
#3453 = CARTESIAN_POINT('',(0.879566120794,90.2));
#3454 = VECTOR('',#3455,1.);
#3455 = DIRECTION('',(-1.,0.));
#3456 = ( GEOMETRIC_REPRESENTATION_CONTEXT(2) 
PARAMETRIC_REPRESENTATION_CONTEXT() REPRESENTATION_CONTEXT('2D SPACE',''
  ) );
#3457 = ORIENTED_EDGE('',*,*,#3458,.T.);
#3458 = EDGE_CURVE('',#3431,#3459,#3461,.T.);
#3459 = VERTEX_POINT('',#3460);
#3460 = CARTESIAN_POINT('',(98.2,46.4,16.5));
#3461 = SURFACE_CURVE('',#3462,(#3466,#3473),.PCURVE_S1.);
#3462 = LINE('',#3463,#3464);
#3463 = CARTESIAN_POINT('',(98.2,191.2,16.5));
#3464 = VECTOR('',#3465,1.);
#3465 = DIRECTION('',(-0.,-1.,-0.));
#3466 = PCURVE('',#502,#3467);
#3467 = DEFINITIONAL_REPRESENTATION('',(#3468),#3472);
#3468 = LINE('',#3469,#3470);
#3469 = CARTESIAN_POINT('',(-2.359132241589,-93.5));
#3470 = VECTOR('',#3471,1.);
#3471 = DIRECTION('',(-0.,1.));
#3472 = ( GEOMETRIC_REPRESENTATION_CONTEXT(2) 
PARAMETRIC_REPRESENTATION_CONTEXT() REPRESENTATION_CONTEXT('2D SPACE',''
  ) );
#3473 = PCURVE('',#3474,#3479);
#3474 = PLANE('',#3475);
#3475 = AXIS2_PLACEMENT_3D('',#3476,#3477,#3478);
#3476 = CARTESIAN_POINT('',(196.,191.2,16.5));
#3477 = DIRECTION('',(-0.,-0.,-1.));
#3478 = DIRECTION('',(0.,1.,0.));
#3479 = DEFINITIONAL_REPRESENTATION('',(#3480),#3484);
#3480 = LINE('',#3481,#3482);
#3481 = CARTESIAN_POINT('',(-0.,-97.8));
#3482 = VECTOR('',#3483,1.);
#3483 = DIRECTION('',(-1.,0.));
#3484 = ( GEOMETRIC_REPRESENTATION_CONTEXT(2) 
PARAMETRIC_REPRESENTATION_CONTEXT() REPRESENTATION_CONTEXT('2D SPACE',''
  ) );
#3485 = ORIENTED_EDGE('',*,*,#3486,.F.);
#3486 = EDGE_CURVE('',#3487,#3459,#3489,.T.);
#3487 = VERTEX_POINT('',#3488);
#3488 = CARTESIAN_POINT('',(98.2,46.4,15.9));
#3489 = SURFACE_CURVE('',#3490,(#3494,#3501),.PCURVE_S1.);
#3490 = LINE('',#3491,#3492);
#3491 = CARTESIAN_POINT('',(98.2,46.4,15.020433879206));
#3492 = VECTOR('',#3493,1.);
#3493 = DIRECTION('',(-0.,-0.,1.));
#3494 = PCURVE('',#502,#3495);
#3495 = DEFINITIONAL_REPRESENTATION('',(#3496),#3500);
#3496 = LINE('',#3497,#3498);
#3497 = CARTESIAN_POINT('',(-0.879566120794,51.3));
#3498 = VECTOR('',#3499,1.);
#3499 = DIRECTION('',(-1.,-0.));
#3500 = ( GEOMETRIC_REPRESENTATION_CONTEXT(2) 
PARAMETRIC_REPRESENTATION_CONTEXT() REPRESENTATION_CONTEXT('2D SPACE',''
  ) );
#3501 = PCURVE('',#3502,#3507);
#3502 = PLANE('',#3503);
#3503 = AXIS2_PLACEMENT_3D('',#3504,#3505,#3506);
#3504 = CARTESIAN_POINT('',(188.4,46.4,15.9));
#3505 = DIRECTION('',(-0.,1.,-0.));
#3506 = DIRECTION('',(0.,0.,-1.));
#3507 = DEFINITIONAL_REPRESENTATION('',(#3508),#3512);
#3508 = LINE('',#3509,#3510);
#3509 = CARTESIAN_POINT('',(0.879566120794,90.2));
#3510 = VECTOR('',#3511,1.);
#3511 = DIRECTION('',(-1.,0.));
#3512 = ( GEOMETRIC_REPRESENTATION_CONTEXT(2) 
PARAMETRIC_REPRESENTATION_CONTEXT() REPRESENTATION_CONTEXT('2D SPACE',''
  ) );
#3513 = ORIENTED_EDGE('',*,*,#3514,.T.);
#3514 = EDGE_CURVE('',#3487,#3515,#3517,.T.);
#3515 = VERTEX_POINT('',#3516);
#3516 = CARTESIAN_POINT('',(98.2,45.6,15.9));
#3517 = SURFACE_CURVE('',#3518,(#3522,#3529),.PCURVE_S1.);
#3518 = LINE('',#3519,#3520);
#3519 = CARTESIAN_POINT('',(98.2,71.65,15.9));
#3520 = VECTOR('',#3521,1.);
#3521 = DIRECTION('',(-0.,-1.,-0.));
#3522 = PCURVE('',#502,#3523);
#3523 = DEFINITIONAL_REPRESENTATION('',(#3524),#3528);
#3524 = LINE('',#3525,#3526);
#3525 = CARTESIAN_POINT('',(-1.759132241589,26.05));
#3526 = VECTOR('',#3527,1.);
#3527 = DIRECTION('',(-0.,1.));
#3528 = ( GEOMETRIC_REPRESENTATION_CONTEXT(2) 
PARAMETRIC_REPRESENTATION_CONTEXT() REPRESENTATION_CONTEXT('2D SPACE',''
  ) );
#3529 = PCURVE('',#3023,#3530);
#3530 = DEFINITIONAL_REPRESENTATION('',(#3531),#3535);
#3531 = LINE('',#3532,#3533);
#3532 = CARTESIAN_POINT('',(-90.2,-117.95));
#3533 = VECTOR('',#3534,1.);
#3534 = DIRECTION('',(-0.,-1.));
#3535 = ( GEOMETRIC_REPRESENTATION_CONTEXT(2) 
PARAMETRIC_REPRESENTATION_CONTEXT() REPRESENTATION_CONTEXT('2D SPACE',''
  ) );
#3536 = ORIENTED_EDGE('',*,*,#3537,.T.);
#3537 = EDGE_CURVE('',#3515,#3538,#3540,.T.);
#3538 = VERTEX_POINT('',#3539);
#3539 = CARTESIAN_POINT('',(98.2,45.6,16.5));
#3540 = SURFACE_CURVE('',#3541,(#3545,#3552),.PCURVE_S1.);
#3541 = LINE('',#3542,#3543);
#3542 = CARTESIAN_POINT('',(98.2,45.6,15.020433879206));
#3543 = VECTOR('',#3544,1.);
#3544 = DIRECTION('',(-0.,-0.,1.));
#3545 = PCURVE('',#502,#3546);
#3546 = DEFINITIONAL_REPRESENTATION('',(#3547),#3551);
#3547 = LINE('',#3548,#3549);
#3548 = CARTESIAN_POINT('',(-0.879566120794,52.1));
#3549 = VECTOR('',#3550,1.);
#3550 = DIRECTION('',(-1.,-0.));
#3551 = ( GEOMETRIC_REPRESENTATION_CONTEXT(2) 
PARAMETRIC_REPRESENTATION_CONTEXT() REPRESENTATION_CONTEXT('2D SPACE',''
  ) );
#3552 = PCURVE('',#3553,#3558);
#3553 = PLANE('',#3554);
#3554 = AXIS2_PLACEMENT_3D('',#3555,#3556,#3557);
#3555 = CARTESIAN_POINT('',(188.4,45.6,15.9));
#3556 = DIRECTION('',(-0.,1.,-0.));
#3557 = DIRECTION('',(0.,0.,-1.));
#3558 = DEFINITIONAL_REPRESENTATION('',(#3559),#3563);
#3559 = LINE('',#3560,#3561);
#3560 = CARTESIAN_POINT('',(0.879566120794,90.2));
#3561 = VECTOR('',#3562,1.);
#3562 = DIRECTION('',(-1.,0.));
#3563 = ( GEOMETRIC_REPRESENTATION_CONTEXT(2) 
PARAMETRIC_REPRESENTATION_CONTEXT() REPRESENTATION_CONTEXT('2D SPACE',''
  ) );
#3564 = ORIENTED_EDGE('',*,*,#3565,.T.);
#3565 = EDGE_CURVE('',#3538,#3566,#3568,.T.);
#3566 = VERTEX_POINT('',#3567);
#3567 = CARTESIAN_POINT('',(98.2,10.4,16.5));
#3568 = SURFACE_CURVE('',#3569,(#3573,#3580),.PCURVE_S1.);
#3569 = LINE('',#3570,#3571);
#3570 = CARTESIAN_POINT('',(98.2,191.2,16.5));
#3571 = VECTOR('',#3572,1.);
#3572 = DIRECTION('',(-0.,-1.,-0.));
#3573 = PCURVE('',#502,#3574);
#3574 = DEFINITIONAL_REPRESENTATION('',(#3575),#3579);
#3575 = LINE('',#3576,#3577);
#3576 = CARTESIAN_POINT('',(-2.359132241589,-93.5));
#3577 = VECTOR('',#3578,1.);
#3578 = DIRECTION('',(-0.,1.));
#3579 = ( GEOMETRIC_REPRESENTATION_CONTEXT(2) 
PARAMETRIC_REPRESENTATION_CONTEXT() REPRESENTATION_CONTEXT('2D SPACE',''
  ) );
#3580 = PCURVE('',#3581,#3586);
#3581 = PLANE('',#3582);
#3582 = AXIS2_PLACEMENT_3D('',#3583,#3584,#3585);
#3583 = CARTESIAN_POINT('',(196.,191.2,16.5));
#3584 = DIRECTION('',(-0.,-0.,-1.));
#3585 = DIRECTION('',(0.,1.,0.));
#3586 = DEFINITIONAL_REPRESENTATION('',(#3587),#3591);
#3587 = LINE('',#3588,#3589);
#3588 = CARTESIAN_POINT('',(-0.,-97.8));
#3589 = VECTOR('',#3590,1.);
#3590 = DIRECTION('',(-1.,0.));
#3591 = ( GEOMETRIC_REPRESENTATION_CONTEXT(2) 
PARAMETRIC_REPRESENTATION_CONTEXT() REPRESENTATION_CONTEXT('2D SPACE',''
  ) );
#3592 = ORIENTED_EDGE('',*,*,#3593,.F.);
#3593 = EDGE_CURVE('',#3594,#3566,#3596,.T.);
#3594 = VERTEX_POINT('',#3595);
#3595 = CARTESIAN_POINT('',(98.2,10.4,15.9));
#3596 = SURFACE_CURVE('',#3597,(#3601,#3608),.PCURVE_S1.);
#3597 = LINE('',#3598,#3599);
#3598 = CARTESIAN_POINT('',(98.2,10.4,15.020433879206));
#3599 = VECTOR('',#3600,1.);
#3600 = DIRECTION('',(-0.,-0.,1.));
#3601 = PCURVE('',#502,#3602);
#3602 = DEFINITIONAL_REPRESENTATION('',(#3603),#3607);
#3603 = LINE('',#3604,#3605);
#3604 = CARTESIAN_POINT('',(-0.879566120794,87.3));
#3605 = VECTOR('',#3606,1.);
#3606 = DIRECTION('',(-1.,-0.));
#3607 = ( GEOMETRIC_REPRESENTATION_CONTEXT(2) 
PARAMETRIC_REPRESENTATION_CONTEXT() REPRESENTATION_CONTEXT('2D SPACE',''
  ) );
#3608 = PCURVE('',#3609,#3614);
#3609 = PLANE('',#3610);
#3610 = AXIS2_PLACEMENT_3D('',#3611,#3612,#3613);
#3611 = CARTESIAN_POINT('',(188.4,10.4,15.9));
#3612 = DIRECTION('',(-0.,1.,-0.));
#3613 = DIRECTION('',(0.,0.,-1.));
#3614 = DEFINITIONAL_REPRESENTATION('',(#3615),#3619);
#3615 = LINE('',#3616,#3617);
#3616 = CARTESIAN_POINT('',(0.879566120794,90.2));
#3617 = VECTOR('',#3618,1.);
#3618 = DIRECTION('',(-1.,0.));
#3619 = ( GEOMETRIC_REPRESENTATION_CONTEXT(2) 
PARAMETRIC_REPRESENTATION_CONTEXT() REPRESENTATION_CONTEXT('2D SPACE',''
  ) );
#3620 = ORIENTED_EDGE('',*,*,#3621,.T.);
#3621 = EDGE_CURVE('',#3594,#3622,#3624,.T.);
#3622 = VERTEX_POINT('',#3623);
#3623 = CARTESIAN_POINT('',(98.2,9.6,15.9));
#3624 = SURFACE_CURVE('',#3625,(#3629,#3636),.PCURVE_S1.);
#3625 = LINE('',#3626,#3627);
#3626 = CARTESIAN_POINT('',(98.2,53.65,15.9));
#3627 = VECTOR('',#3628,1.);
#3628 = DIRECTION('',(-0.,-1.,-0.));
#3629 = PCURVE('',#502,#3630);
#3630 = DEFINITIONAL_REPRESENTATION('',(#3631),#3635);
#3631 = LINE('',#3632,#3633);
#3632 = CARTESIAN_POINT('',(-1.759132241589,44.05));
#3633 = VECTOR('',#3634,1.);
#3634 = DIRECTION('',(-0.,1.));
#3635 = ( GEOMETRIC_REPRESENTATION_CONTEXT(2) 
PARAMETRIC_REPRESENTATION_CONTEXT() REPRESENTATION_CONTEXT('2D SPACE',''
  ) );
#3636 = PCURVE('',#3023,#3637);
#3637 = DEFINITIONAL_REPRESENTATION('',(#3638),#3642);
#3638 = LINE('',#3639,#3640);
#3639 = CARTESIAN_POINT('',(-90.2,-135.95));
#3640 = VECTOR('',#3641,1.);
#3641 = DIRECTION('',(-0.,-1.));
#3642 = ( GEOMETRIC_REPRESENTATION_CONTEXT(2) 
PARAMETRIC_REPRESENTATION_CONTEXT() REPRESENTATION_CONTEXT('2D SPACE',''
  ) );
#3643 = ORIENTED_EDGE('',*,*,#3644,.T.);
#3644 = EDGE_CURVE('',#3622,#3645,#3647,.T.);
#3645 = VERTEX_POINT('',#3646);
#3646 = CARTESIAN_POINT('',(98.2,9.6,16.5));
#3647 = SURFACE_CURVE('',#3648,(#3652,#3659),.PCURVE_S1.);
#3648 = LINE('',#3649,#3650);
#3649 = CARTESIAN_POINT('',(98.2,9.6,15.020433879206));
#3650 = VECTOR('',#3651,1.);
#3651 = DIRECTION('',(-0.,-0.,1.));
#3652 = PCURVE('',#502,#3653);
#3653 = DEFINITIONAL_REPRESENTATION('',(#3654),#3658);
#3654 = LINE('',#3655,#3656);
#3655 = CARTESIAN_POINT('',(-0.879566120794,88.1));
#3656 = VECTOR('',#3657,1.);
#3657 = DIRECTION('',(-1.,-0.));
#3658 = ( GEOMETRIC_REPRESENTATION_CONTEXT(2) 
PARAMETRIC_REPRESENTATION_CONTEXT() REPRESENTATION_CONTEXT('2D SPACE',''
  ) );
#3659 = PCURVE('',#3660,#3665);
#3660 = PLANE('',#3661);
#3661 = AXIS2_PLACEMENT_3D('',#3662,#3663,#3664);
#3662 = CARTESIAN_POINT('',(188.4,9.6,15.9));
#3663 = DIRECTION('',(-0.,1.,-0.));
#3664 = DIRECTION('',(0.,0.,-1.));
#3665 = DEFINITIONAL_REPRESENTATION('',(#3666),#3670);
#3666 = LINE('',#3667,#3668);
#3667 = CARTESIAN_POINT('',(0.879566120794,90.2));
#3668 = VECTOR('',#3669,1.);
#3669 = DIRECTION('',(-1.,0.));
#3670 = ( GEOMETRIC_REPRESENTATION_CONTEXT(2) 
PARAMETRIC_REPRESENTATION_CONTEXT() REPRESENTATION_CONTEXT('2D SPACE',''
  ) );
#3671 = ORIENTED_EDGE('',*,*,#3672,.T.);
#3672 = EDGE_CURVE('',#3645,#3062,#3673,.T.);
#3673 = SURFACE_CURVE('',#3674,(#3678,#3685),.PCURVE_S1.);
#3674 = LINE('',#3675,#3676);
#3675 = CARTESIAN_POINT('',(98.2,191.2,16.5));
#3676 = VECTOR('',#3677,1.);
#3677 = DIRECTION('',(-0.,-1.,-0.));
#3678 = PCURVE('',#502,#3679);
#3679 = DEFINITIONAL_REPRESENTATION('',(#3680),#3684);
#3680 = LINE('',#3681,#3682);
#3681 = CARTESIAN_POINT('',(-2.359132241589,-93.5));
#3682 = VECTOR('',#3683,1.);
#3683 = DIRECTION('',(-0.,1.));
#3684 = ( GEOMETRIC_REPRESENTATION_CONTEXT(2) 
PARAMETRIC_REPRESENTATION_CONTEXT() REPRESENTATION_CONTEXT('2D SPACE',''
  ) );
#3685 = PCURVE('',#3686,#3691);
#3686 = PLANE('',#3687);
#3687 = AXIS2_PLACEMENT_3D('',#3688,#3689,#3690);
#3688 = CARTESIAN_POINT('',(196.,191.2,16.5));
#3689 = DIRECTION('',(-0.,-0.,-1.));
#3690 = DIRECTION('',(0.,1.,0.));
#3691 = DEFINITIONAL_REPRESENTATION('',(#3692),#3696);
#3692 = LINE('',#3693,#3694);
#3693 = CARTESIAN_POINT('',(-0.,-97.8));
#3694 = VECTOR('',#3695,1.);
#3695 = DIRECTION('',(-1.,0.));
#3696 = ( GEOMETRIC_REPRESENTATION_CONTEXT(2) 
PARAMETRIC_REPRESENTATION_CONTEXT() REPRESENTATION_CONTEXT('2D SPACE',''
  ) );
#3697 = ADVANCED_FACE('',(#3698),#474,.F.);
#3698 = FACE_BOUND('',#3699,.T.);
#3699 = EDGE_LOOP('',(#3700,#3701,#3724,#3747,#3769));
#3700 = ORIENTED_EDGE('',*,*,#453,.T.);
#3701 = ORIENTED_EDGE('',*,*,#3702,.T.);
#3702 = EDGE_CURVE('',#426,#3703,#3705,.T.);
#3703 = VERTEX_POINT('',#3704);
#3704 = CARTESIAN_POINT('',(98.3,9.6,15.9));
#3705 = SURFACE_CURVE('',#3706,(#3710,#3717),.PCURVE_S1.);
#3706 = LINE('',#3707,#3708);
#3707 = CARTESIAN_POINT('',(98.3,9.6,11.7));
#3708 = VECTOR('',#3709,1.);
#3709 = DIRECTION('',(-0.,-0.,1.));
#3710 = PCURVE('',#474,#3711);
#3711 = DEFINITIONAL_REPRESENTATION('',(#3712),#3716);
#3712 = LINE('',#3713,#3714);
#3713 = CARTESIAN_POINT('',(-1.570796326795,0.));
#3714 = VECTOR('',#3715,1.);
#3715 = DIRECTION('',(-0.,1.));
#3716 = ( GEOMETRIC_REPRESENTATION_CONTEXT(2) 
PARAMETRIC_REPRESENTATION_CONTEXT() REPRESENTATION_CONTEXT('2D SPACE',''
  ) );
#3717 = PCURVE('',#441,#3718);
#3718 = DEFINITIONAL_REPRESENTATION('',(#3719),#3723);
#3719 = LINE('',#3720,#3721);
#3720 = CARTESIAN_POINT('',(-0.,18.7));
#3721 = VECTOR('',#3722,1.);
#3722 = DIRECTION('',(-1.,0.));
#3723 = ( GEOMETRIC_REPRESENTATION_CONTEXT(2) 
PARAMETRIC_REPRESENTATION_CONTEXT() REPRESENTATION_CONTEXT('2D SPACE',''
  ) );
#3724 = ORIENTED_EDGE('',*,*,#3725,.T.);
#3725 = EDGE_CURVE('',#3703,#3726,#3728,.T.);
#3726 = VERTEX_POINT('',#3727);
#3727 = CARTESIAN_POINT('',(98.3,9.6,16.5));
#3728 = SURFACE_CURVE('',#3729,(#3733,#3740),.PCURVE_S1.);
#3729 = LINE('',#3730,#3731);
#3730 = CARTESIAN_POINT('',(98.3,9.6,11.7));
#3731 = VECTOR('',#3732,1.);
#3732 = DIRECTION('',(-0.,-0.,1.));
#3733 = PCURVE('',#474,#3734);
#3734 = DEFINITIONAL_REPRESENTATION('',(#3735),#3739);
#3735 = LINE('',#3736,#3737);
#3736 = CARTESIAN_POINT('',(-1.570796326795,0.));
#3737 = VECTOR('',#3738,1.);
#3738 = DIRECTION('',(-0.,1.));
#3739 = ( GEOMETRIC_REPRESENTATION_CONTEXT(2) 
PARAMETRIC_REPRESENTATION_CONTEXT() REPRESENTATION_CONTEXT('2D SPACE',''
  ) );
#3740 = PCURVE('',#3660,#3741);
#3741 = DEFINITIONAL_REPRESENTATION('',(#3742),#3746);
#3742 = LINE('',#3743,#3744);
#3743 = CARTESIAN_POINT('',(4.2,90.1));
#3744 = VECTOR('',#3745,1.);
#3745 = DIRECTION('',(-1.,0.));
#3746 = ( GEOMETRIC_REPRESENTATION_CONTEXT(2) 
PARAMETRIC_REPRESENTATION_CONTEXT() REPRESENTATION_CONTEXT('2D SPACE',''
  ) );
#3747 = ORIENTED_EDGE('',*,*,#3748,.F.);
#3748 = EDGE_CURVE('',#3062,#3726,#3749,.T.);
#3749 = SURFACE_CURVE('',#3750,(#3755,#3762),.PCURVE_S1.);
#3750 = CIRCLE('',#3751,1.3);
#3751 = AXIS2_PLACEMENT_3D('',#3752,#3753,#3754);
#3752 = CARTESIAN_POINT('',(98.3,8.3,16.5));
#3753 = DIRECTION('',(0.,0.,-1.));
#3754 = DIRECTION('',(-1.,-0.,-0.));
#3755 = PCURVE('',#474,#3756);
#3756 = DEFINITIONAL_REPRESENTATION('',(#3757),#3761);
#3757 = LINE('',#3758,#3759);
#3758 = CARTESIAN_POINT('',(-0.,4.8));
#3759 = VECTOR('',#3760,1.);
#3760 = DIRECTION('',(-1.,0.));
#3761 = ( GEOMETRIC_REPRESENTATION_CONTEXT(2) 
PARAMETRIC_REPRESENTATION_CONTEXT() REPRESENTATION_CONTEXT('2D SPACE',''
  ) );
#3762 = PCURVE('',#3686,#3763);
#3763 = DEFINITIONAL_REPRESENTATION('',(#3764),#3768);
#3764 = CIRCLE('',#3765,1.3);
#3765 = AXIS2_PLACEMENT_2D('',#3766,#3767);
#3766 = CARTESIAN_POINT('',(-182.9,-97.7));
#3767 = DIRECTION('',(-0.,-1.));
#3768 = ( GEOMETRIC_REPRESENTATION_CONTEXT(2) 
PARAMETRIC_REPRESENTATION_CONTEXT() REPRESENTATION_CONTEXT('2D SPACE',''
  ) );
#3769 = ORIENTED_EDGE('',*,*,#3061,.F.);
#3770 = ADVANCED_FACE('',(#3771),#441,.F.);
#3771 = FACE_BOUND('',#3772,.T.);
#3772 = EDGE_LOOP('',(#3773,#3774,#3775,#3798));
#3773 = ORIENTED_EDGE('',*,*,#3702,.F.);
#3774 = ORIENTED_EDGE('',*,*,#425,.T.);
#3775 = ORIENTED_EDGE('',*,*,#3776,.T.);
#3776 = EDGE_CURVE('',#393,#3777,#3779,.T.);
#3777 = VERTEX_POINT('',#3778);
#3778 = CARTESIAN_POINT('',(115.7,9.6,15.9));
#3779 = SURFACE_CURVE('',#3780,(#3784,#3791),.PCURVE_S1.);
#3780 = LINE('',#3781,#3782);
#3781 = CARTESIAN_POINT('',(115.7,9.6,11.7));
#3782 = VECTOR('',#3783,1.);
#3783 = DIRECTION('',(-0.,-0.,1.));
#3784 = PCURVE('',#441,#3785);
#3785 = DEFINITIONAL_REPRESENTATION('',(#3786),#3790);
#3786 = LINE('',#3787,#3788);
#3787 = CARTESIAN_POINT('',(-0.,1.3));
#3788 = VECTOR('',#3789,1.);
#3789 = DIRECTION('',(-1.,0.));
#3790 = ( GEOMETRIC_REPRESENTATION_CONTEXT(2) 
PARAMETRIC_REPRESENTATION_CONTEXT() REPRESENTATION_CONTEXT('2D SPACE',''
  ) );
#3791 = PCURVE('',#413,#3792);
#3792 = DEFINITIONAL_REPRESENTATION('',(#3793),#3797);
#3793 = LINE('',#3794,#3795);
#3794 = CARTESIAN_POINT('',(1.570796326795,0.));
#3795 = VECTOR('',#3796,1.);
#3796 = DIRECTION('',(0.,1.));
#3797 = ( GEOMETRIC_REPRESENTATION_CONTEXT(2) 
PARAMETRIC_REPRESENTATION_CONTEXT() REPRESENTATION_CONTEXT('2D SPACE',''
  ) );
#3798 = ORIENTED_EDGE('',*,*,#3799,.T.);
#3799 = EDGE_CURVE('',#3777,#3703,#3800,.T.);
#3800 = SURFACE_CURVE('',#3801,(#3805,#3812),.PCURVE_S1.);
#3801 = LINE('',#3802,#3803);
#3802 = CARTESIAN_POINT('',(115.7,9.6,15.9));
#3803 = VECTOR('',#3804,1.);
#3804 = DIRECTION('',(-1.,0.,0.));
#3805 = PCURVE('',#441,#3806);
#3806 = DEFINITIONAL_REPRESENTATION('',(#3807),#3811);
#3807 = LINE('',#3808,#3809);
#3808 = CARTESIAN_POINT('',(-4.2,1.3));
#3809 = VECTOR('',#3810,1.);
#3810 = DIRECTION('',(-0.,1.));
#3811 = ( GEOMETRIC_REPRESENTATION_CONTEXT(2) 
PARAMETRIC_REPRESENTATION_CONTEXT() REPRESENTATION_CONTEXT('2D SPACE',''
  ) );
#3812 = PCURVE('',#3023,#3813);
#3813 = DEFINITIONAL_REPRESENTATION('',(#3814),#3818);
#3814 = LINE('',#3815,#3816);
#3815 = CARTESIAN_POINT('',(-72.7,-180.));
#3816 = VECTOR('',#3817,1.);
#3817 = DIRECTION('',(-1.,0.));
#3818 = ( GEOMETRIC_REPRESENTATION_CONTEXT(2) 
PARAMETRIC_REPRESENTATION_CONTEXT() REPRESENTATION_CONTEXT('2D SPACE',''
  ) );
#3819 = ADVANCED_FACE('',(#3820),#413,.F.);
#3820 = FACE_BOUND('',#3821,.F.);
#3821 = EDGE_LOOP('',(#3822,#3845,#3846,#3847,#3875));
#3822 = ORIENTED_EDGE('',*,*,#3823,.F.);
#3823 = EDGE_CURVE('',#365,#3824,#3826,.T.);
#3824 = VERTEX_POINT('',#3825);
#3825 = CARTESIAN_POINT('',(117.,8.3,16.5));
#3826 = SURFACE_CURVE('',#3827,(#3831,#3838),.PCURVE_S1.);
#3827 = LINE('',#3828,#3829);
#3828 = CARTESIAN_POINT('',(117.,8.3,11.7));
#3829 = VECTOR('',#3830,1.);
#3830 = DIRECTION('',(-0.,-0.,1.));
#3831 = PCURVE('',#413,#3832);
#3832 = DEFINITIONAL_REPRESENTATION('',(#3833),#3837);
#3833 = LINE('',#3834,#3835);
#3834 = CARTESIAN_POINT('',(0.,0.));
#3835 = VECTOR('',#3836,1.);
#3836 = DIRECTION('',(0.,1.));
#3837 = ( GEOMETRIC_REPRESENTATION_CONTEXT(2) 
PARAMETRIC_REPRESENTATION_CONTEXT() REPRESENTATION_CONTEXT('2D SPACE',''
  ) );
#3838 = PCURVE('',#380,#3839);
#3839 = DEFINITIONAL_REPRESENTATION('',(#3840),#3844);
#3840 = LINE('',#3841,#3842);
#3841 = CARTESIAN_POINT('',(-0.,-9.3));
#3842 = VECTOR('',#3843,1.);
#3843 = DIRECTION('',(-1.,-0.));
#3844 = ( GEOMETRIC_REPRESENTATION_CONTEXT(2) 
PARAMETRIC_REPRESENTATION_CONTEXT() REPRESENTATION_CONTEXT('2D SPACE',''
  ) );
#3845 = ORIENTED_EDGE('',*,*,#392,.F.);
#3846 = ORIENTED_EDGE('',*,*,#3776,.T.);
#3847 = ORIENTED_EDGE('',*,*,#3848,.T.);
#3848 = EDGE_CURVE('',#3777,#3849,#3851,.T.);
#3849 = VERTEX_POINT('',#3850);
#3850 = CARTESIAN_POINT('',(115.7,9.6,16.5));
#3851 = SURFACE_CURVE('',#3852,(#3856,#3863),.PCURVE_S1.);
#3852 = LINE('',#3853,#3854);
#3853 = CARTESIAN_POINT('',(115.7,9.6,11.7));
#3854 = VECTOR('',#3855,1.);
#3855 = DIRECTION('',(-0.,-0.,1.));
#3856 = PCURVE('',#413,#3857);
#3857 = DEFINITIONAL_REPRESENTATION('',(#3858),#3862);
#3858 = LINE('',#3859,#3860);
#3859 = CARTESIAN_POINT('',(1.570796326795,0.));
#3860 = VECTOR('',#3861,1.);
#3861 = DIRECTION('',(0.,1.));
#3862 = ( GEOMETRIC_REPRESENTATION_CONTEXT(2) 
PARAMETRIC_REPRESENTATION_CONTEXT() REPRESENTATION_CONTEXT('2D SPACE',''
  ) );
#3863 = PCURVE('',#3864,#3869);
#3864 = PLANE('',#3865);
#3865 = AXIS2_PLACEMENT_3D('',#3866,#3867,#3868);
#3866 = CARTESIAN_POINT('',(188.4,9.6,15.9));
#3867 = DIRECTION('',(-0.,1.,-0.));
#3868 = DIRECTION('',(0.,0.,-1.));
#3869 = DEFINITIONAL_REPRESENTATION('',(#3870),#3874);
#3870 = LINE('',#3871,#3872);
#3871 = CARTESIAN_POINT('',(4.2,72.7));
#3872 = VECTOR('',#3873,1.);
#3873 = DIRECTION('',(-1.,0.));
#3874 = ( GEOMETRIC_REPRESENTATION_CONTEXT(2) 
PARAMETRIC_REPRESENTATION_CONTEXT() REPRESENTATION_CONTEXT('2D SPACE',''
  ) );
#3875 = ORIENTED_EDGE('',*,*,#3876,.T.);
#3876 = EDGE_CURVE('',#3849,#3824,#3877,.T.);
#3877 = SURFACE_CURVE('',#3878,(#3883,#3890),.PCURVE_S1.);
#3878 = CIRCLE('',#3879,1.3);
#3879 = AXIS2_PLACEMENT_3D('',#3880,#3881,#3882);
#3880 = CARTESIAN_POINT('',(115.7,8.3,16.5));
#3881 = DIRECTION('',(0.,0.,-1.));
#3882 = DIRECTION('',(1.,-0.,0.));
#3883 = PCURVE('',#413,#3884);
#3884 = DEFINITIONAL_REPRESENTATION('',(#3885),#3889);
#3885 = LINE('',#3886,#3887);
#3886 = CARTESIAN_POINT('',(6.28318530718,4.8));
#3887 = VECTOR('',#3888,1.);
#3888 = DIRECTION('',(-1.,0.));
#3889 = ( GEOMETRIC_REPRESENTATION_CONTEXT(2) 
PARAMETRIC_REPRESENTATION_CONTEXT() REPRESENTATION_CONTEXT('2D SPACE',''
  ) );
#3890 = PCURVE('',#1377,#3891);
#3891 = DEFINITIONAL_REPRESENTATION('',(#3892),#3896);
#3892 = CIRCLE('',#3893,1.3);
#3893 = AXIS2_PLACEMENT_2D('',#3894,#3895);
#3894 = CARTESIAN_POINT('',(-182.9,-80.3));
#3895 = DIRECTION('',(0.,1.));
#3896 = ( GEOMETRIC_REPRESENTATION_CONTEXT(2) 
PARAMETRIC_REPRESENTATION_CONTEXT() REPRESENTATION_CONTEXT('2D SPACE',''
  ) );
#3897 = ADVANCED_FACE('',(#3898),#380,.T.);
#3898 = FACE_BOUND('',#3899,.F.);
#3899 = EDGE_LOOP('',(#3900,#3901,#3924,#3952,#3973));
#3900 = ORIENTED_EDGE('',*,*,#3823,.T.);
#3901 = ORIENTED_EDGE('',*,*,#3902,.T.);
#3902 = EDGE_CURVE('',#3824,#3903,#3905,.T.);
#3903 = VERTEX_POINT('',#3904);
#3904 = CARTESIAN_POINT('',(117.,4.2,16.5));
#3905 = SURFACE_CURVE('',#3906,(#3910,#3917),.PCURVE_S1.);
#3906 = LINE('',#3907,#3908);
#3907 = CARTESIAN_POINT('',(117.,95.1,16.5));
#3908 = VECTOR('',#3909,1.);
#3909 = DIRECTION('',(-0.,-1.,-0.));
#3910 = PCURVE('',#380,#3911);
#3911 = DEFINITIONAL_REPRESENTATION('',(#3912),#3916);
#3912 = LINE('',#3913,#3914);
#3913 = CARTESIAN_POINT('',(-4.8,-96.1));
#3914 = VECTOR('',#3915,1.);
#3915 = DIRECTION('',(-0.,1.));
#3916 = ( GEOMETRIC_REPRESENTATION_CONTEXT(2) 
PARAMETRIC_REPRESENTATION_CONTEXT() REPRESENTATION_CONTEXT('2D SPACE',''
  ) );
#3917 = PCURVE('',#1377,#3918);
#3918 = DEFINITIONAL_REPRESENTATION('',(#3919),#3923);
#3919 = LINE('',#3920,#3921);
#3920 = CARTESIAN_POINT('',(-96.1,-79.));
#3921 = VECTOR('',#3922,1.);
#3922 = DIRECTION('',(-1.,0.));
#3923 = ( GEOMETRIC_REPRESENTATION_CONTEXT(2) 
PARAMETRIC_REPRESENTATION_CONTEXT() REPRESENTATION_CONTEXT('2D SPACE',''
  ) );
#3924 = ORIENTED_EDGE('',*,*,#3925,.T.);
#3925 = EDGE_CURVE('',#3903,#3926,#3928,.T.);
#3926 = VERTEX_POINT('',#3927);
#3927 = CARTESIAN_POINT('',(117.,3.1,15.4));
#3928 = SURFACE_CURVE('',#3929,(#3933,#3940),.PCURVE_S1.);
#3929 = LINE('',#3930,#3931);
#3930 = CARTESIAN_POINT('',(117.,1.7,14.));
#3931 = VECTOR('',#3932,1.);
#3932 = DIRECTION('',(-0.,-0.707106781187,-0.707106781187));
#3933 = PCURVE('',#380,#3934);
#3934 = DEFINITIONAL_REPRESENTATION('',(#3935),#3939);
#3935 = LINE('',#3936,#3937);
#3936 = CARTESIAN_POINT('',(-2.3,-2.7));
#3937 = VECTOR('',#3938,1.);
#3938 = DIRECTION('',(0.707106781187,0.707106781187));
#3939 = ( GEOMETRIC_REPRESENTATION_CONTEXT(2) 
PARAMETRIC_REPRESENTATION_CONTEXT() REPRESENTATION_CONTEXT('2D SPACE',''
  ) );
#3940 = PCURVE('',#3941,#3946);
#3941 = PLANE('',#3942);
#3942 = AXIS2_PLACEMENT_3D('',#3943,#3944,#3945);
#3943 = CARTESIAN_POINT('',(196.,4.2,16.5));
#3944 = DIRECTION('',(-0.,0.707106781187,-0.707106781187));
#3945 = DIRECTION('',(0.,0.707106781187,0.707106781187));
#3946 = DEFINITIONAL_REPRESENTATION('',(#3947),#3951);
#3947 = LINE('',#3948,#3949);
#3948 = CARTESIAN_POINT('',(-3.535533905933,-79.));
#3949 = VECTOR('',#3950,1.);
#3950 = DIRECTION('',(-1.,0.));
#3951 = ( GEOMETRIC_REPRESENTATION_CONTEXT(2) 
PARAMETRIC_REPRESENTATION_CONTEXT() REPRESENTATION_CONTEXT('2D SPACE',''
  ) );
#3952 = ORIENTED_EDGE('',*,*,#3953,.T.);
#3953 = EDGE_CURVE('',#3926,#337,#3954,.T.);
#3954 = SURFACE_CURVE('',#3955,(#3959,#3966),.PCURVE_S1.);
#3955 = LINE('',#3956,#3957);
#3956 = CARTESIAN_POINT('',(117.,3.1,13.55));
#3957 = VECTOR('',#3958,1.);
#3958 = DIRECTION('',(-0.,0.,-1.));
#3959 = PCURVE('',#380,#3960);
#3960 = DEFINITIONAL_REPRESENTATION('',(#3961),#3965);
#3961 = LINE('',#3962,#3963);
#3962 = CARTESIAN_POINT('',(-1.85,-4.1));
#3963 = VECTOR('',#3964,1.);
#3964 = DIRECTION('',(1.,-0.));
#3965 = ( GEOMETRIC_REPRESENTATION_CONTEXT(2) 
PARAMETRIC_REPRESENTATION_CONTEXT() REPRESENTATION_CONTEXT('2D SPACE',''
  ) );
#3966 = PCURVE('',#352,#3967);
#3967 = DEFINITIONAL_REPRESENTATION('',(#3968),#3972);
#3968 = LINE('',#3969,#3970);
#3969 = CARTESIAN_POINT('',(-1.85,-79.));
#3970 = VECTOR('',#3971,1.);
#3971 = DIRECTION('',(-1.,0.));
#3972 = ( GEOMETRIC_REPRESENTATION_CONTEXT(2) 
PARAMETRIC_REPRESENTATION_CONTEXT() REPRESENTATION_CONTEXT('2D SPACE',''
  ) );
#3973 = ORIENTED_EDGE('',*,*,#364,.T.);
#3974 = ADVANCED_FACE('',(#3975),#352,.F.);
#3975 = FACE_BOUND('',#3976,.T.);
#3976 = EDGE_LOOP('',(#3977,#4000,#4021,#4022));
#3977 = ORIENTED_EDGE('',*,*,#3978,.F.);
#3978 = EDGE_CURVE('',#3979,#309,#3981,.T.);
#3979 = VERTEX_POINT('',#3980);
#3980 = CARTESIAN_POINT('',(139.,3.1,15.4));
#3981 = SURFACE_CURVE('',#3982,(#3986,#3993),.PCURVE_S1.);
#3982 = LINE('',#3983,#3984);
#3983 = CARTESIAN_POINT('',(139.,3.1,13.55));
#3984 = VECTOR('',#3985,1.);
#3985 = DIRECTION('',(-0.,0.,-1.));
#3986 = PCURVE('',#352,#3987);
#3987 = DEFINITIONAL_REPRESENTATION('',(#3988),#3992);
#3988 = LINE('',#3989,#3990);
#3989 = CARTESIAN_POINT('',(-1.85,-57.));
#3990 = VECTOR('',#3991,1.);
#3991 = DIRECTION('',(-1.,0.));
#3992 = ( GEOMETRIC_REPRESENTATION_CONTEXT(2) 
PARAMETRIC_REPRESENTATION_CONTEXT() REPRESENTATION_CONTEXT('2D SPACE',''
  ) );
#3993 = PCURVE('',#324,#3994);
#3994 = DEFINITIONAL_REPRESENTATION('',(#3995),#3999);
#3995 = LINE('',#3996,#3997);
#3996 = CARTESIAN_POINT('',(-1.85,-0.2));
#3997 = VECTOR('',#3998,1.);
#3998 = DIRECTION('',(1.,-0.));
#3999 = ( GEOMETRIC_REPRESENTATION_CONTEXT(2) 
PARAMETRIC_REPRESENTATION_CONTEXT() REPRESENTATION_CONTEXT('2D SPACE',''
  ) );
#4000 = ORIENTED_EDGE('',*,*,#4001,.T.);
#4001 = EDGE_CURVE('',#3979,#3926,#4002,.T.);
#4002 = SURFACE_CURVE('',#4003,(#4007,#4014),.PCURVE_S1.);
#4003 = LINE('',#4004,#4005);
#4004 = CARTESIAN_POINT('',(196.,3.1,15.4));
#4005 = VECTOR('',#4006,1.);
#4006 = DIRECTION('',(-1.,-0.,-0.));
#4007 = PCURVE('',#352,#4008);
#4008 = DEFINITIONAL_REPRESENTATION('',(#4009),#4013);
#4009 = LINE('',#4010,#4011);
#4010 = CARTESIAN_POINT('',(0.,-0.));
#4011 = VECTOR('',#4012,1.);
#4012 = DIRECTION('',(-0.,-1.));
#4013 = ( GEOMETRIC_REPRESENTATION_CONTEXT(2) 
PARAMETRIC_REPRESENTATION_CONTEXT() REPRESENTATION_CONTEXT('2D SPACE',''
  ) );
#4014 = PCURVE('',#3941,#4015);
#4015 = DEFINITIONAL_REPRESENTATION('',(#4016),#4020);
#4016 = LINE('',#4017,#4018);
#4017 = CARTESIAN_POINT('',(-1.55563491861,0.));
#4018 = VECTOR('',#4019,1.);
#4019 = DIRECTION('',(-0.,-1.));
#4020 = ( GEOMETRIC_REPRESENTATION_CONTEXT(2) 
PARAMETRIC_REPRESENTATION_CONTEXT() REPRESENTATION_CONTEXT('2D SPACE',''
  ) );
#4021 = ORIENTED_EDGE('',*,*,#3953,.T.);
#4022 = ORIENTED_EDGE('',*,*,#336,.F.);
#4023 = ADVANCED_FACE('',(#4024),#324,.F.);
#4024 = FACE_BOUND('',#4025,.T.);
#4025 = EDGE_LOOP('',(#4026,#4049,#4072,#4093,#4094));
#4026 = ORIENTED_EDGE('',*,*,#4027,.T.);
#4027 = EDGE_CURVE('',#281,#4028,#4030,.T.);
#4028 = VERTEX_POINT('',#4029);
#4029 = CARTESIAN_POINT('',(139.,9.5,16.5));
#4030 = SURFACE_CURVE('',#4031,(#4035,#4042),.PCURVE_S1.);
#4031 = LINE('',#4032,#4033);
#4032 = CARTESIAN_POINT('',(139.,9.5,11.7));
#4033 = VECTOR('',#4034,1.);
#4034 = DIRECTION('',(-0.,-0.,1.));
#4035 = PCURVE('',#324,#4036);
#4036 = DEFINITIONAL_REPRESENTATION('',(#4037),#4041);
#4037 = LINE('',#4038,#4039);
#4038 = CARTESIAN_POINT('',(-0.,-6.6));
#4039 = VECTOR('',#4040,1.);
#4040 = DIRECTION('',(-1.,-0.));
#4041 = ( GEOMETRIC_REPRESENTATION_CONTEXT(2) 
PARAMETRIC_REPRESENTATION_CONTEXT() REPRESENTATION_CONTEXT('2D SPACE',''
  ) );
#4042 = PCURVE('',#296,#4043);
#4043 = DEFINITIONAL_REPRESENTATION('',(#4044),#4048);
#4044 = LINE('',#4045,#4046);
#4045 = CARTESIAN_POINT('',(-0.,54.));
#4046 = VECTOR('',#4047,1.);
#4047 = DIRECTION('',(-1.,0.));
#4048 = ( GEOMETRIC_REPRESENTATION_CONTEXT(2) 
PARAMETRIC_REPRESENTATION_CONTEXT() REPRESENTATION_CONTEXT('2D SPACE',''
  ) );
#4049 = ORIENTED_EDGE('',*,*,#4050,.T.);
#4050 = EDGE_CURVE('',#4028,#4051,#4053,.T.);
#4051 = VERTEX_POINT('',#4052);
#4052 = CARTESIAN_POINT('',(139.,4.2,16.5));
#4053 = SURFACE_CURVE('',#4054,(#4058,#4065),.PCURVE_S1.);
#4054 = LINE('',#4055,#4056);
#4055 = CARTESIAN_POINT('',(139.,97.05,16.5));
#4056 = VECTOR('',#4057,1.);
#4057 = DIRECTION('',(-0.,-1.,-0.));
#4058 = PCURVE('',#324,#4059);
#4059 = DEFINITIONAL_REPRESENTATION('',(#4060),#4064);
#4060 = LINE('',#4061,#4062);
#4061 = CARTESIAN_POINT('',(-4.8,-94.15));
#4062 = VECTOR('',#4063,1.);
#4063 = DIRECTION('',(-0.,1.));
#4064 = ( GEOMETRIC_REPRESENTATION_CONTEXT(2) 
PARAMETRIC_REPRESENTATION_CONTEXT() REPRESENTATION_CONTEXT('2D SPACE',''
  ) );
#4065 = PCURVE('',#1377,#4066);
#4066 = DEFINITIONAL_REPRESENTATION('',(#4067),#4071);
#4067 = LINE('',#4068,#4069);
#4068 = CARTESIAN_POINT('',(-94.15,-57.));
#4069 = VECTOR('',#4070,1.);
#4070 = DIRECTION('',(-1.,0.));
#4071 = ( GEOMETRIC_REPRESENTATION_CONTEXT(2) 
PARAMETRIC_REPRESENTATION_CONTEXT() REPRESENTATION_CONTEXT('2D SPACE',''
  ) );
#4072 = ORIENTED_EDGE('',*,*,#4073,.T.);
#4073 = EDGE_CURVE('',#4051,#3979,#4074,.T.);
#4074 = SURFACE_CURVE('',#4075,(#4079,#4086),.PCURVE_S1.);
#4075 = LINE('',#4076,#4077);
#4076 = CARTESIAN_POINT('',(139.,2.675,14.975));
#4077 = VECTOR('',#4078,1.);
#4078 = DIRECTION('',(-0.,-0.707106781187,-0.707106781187));
#4079 = PCURVE('',#324,#4080);
#4080 = DEFINITIONAL_REPRESENTATION('',(#4081),#4085);
#4081 = LINE('',#4082,#4083);
#4082 = CARTESIAN_POINT('',(-3.275,0.225));
#4083 = VECTOR('',#4084,1.);
#4084 = DIRECTION('',(0.707106781187,0.707106781187));
#4085 = ( GEOMETRIC_REPRESENTATION_CONTEXT(2) 
PARAMETRIC_REPRESENTATION_CONTEXT() REPRESENTATION_CONTEXT('2D SPACE',''
  ) );
#4086 = PCURVE('',#3941,#4087);
#4087 = DEFINITIONAL_REPRESENTATION('',(#4088),#4092);
#4088 = LINE('',#4089,#4090);
#4089 = CARTESIAN_POINT('',(-2.156675682619,-57.));
#4090 = VECTOR('',#4091,1.);
#4091 = DIRECTION('',(-1.,0.));
#4092 = ( GEOMETRIC_REPRESENTATION_CONTEXT(2) 
PARAMETRIC_REPRESENTATION_CONTEXT() REPRESENTATION_CONTEXT('2D SPACE',''
  ) );
#4093 = ORIENTED_EDGE('',*,*,#3978,.T.);
#4094 = ORIENTED_EDGE('',*,*,#308,.T.);
#4095 = ADVANCED_FACE('',(#4096),#296,.F.);
#4096 = FACE_BOUND('',#4097,.T.);
#4097 = EDGE_LOOP('',(#4098,#4099,#4100,#4123));
#4098 = ORIENTED_EDGE('',*,*,#4027,.F.);
#4099 = ORIENTED_EDGE('',*,*,#280,.T.);
#4100 = ORIENTED_EDGE('',*,*,#4101,.T.);
#4101 = EDGE_CURVE('',#253,#4102,#4104,.T.);
#4102 = VERTEX_POINT('',#4103);
#4103 = CARTESIAN_POINT('',(193.,9.5,16.5));
#4104 = SURFACE_CURVE('',#4105,(#4109,#4116),.PCURVE_S1.);
#4105 = LINE('',#4106,#4107);
#4106 = CARTESIAN_POINT('',(193.,9.5,11.7));
#4107 = VECTOR('',#4108,1.);
#4108 = DIRECTION('',(-0.,-0.,1.));
#4109 = PCURVE('',#296,#4110);
#4110 = DEFINITIONAL_REPRESENTATION('',(#4111),#4115);
#4111 = LINE('',#4112,#4113);
#4112 = CARTESIAN_POINT('',(-0.,-0.));
#4113 = VECTOR('',#4114,1.);
#4114 = DIRECTION('',(-1.,0.));
#4115 = ( GEOMETRIC_REPRESENTATION_CONTEXT(2) 
PARAMETRIC_REPRESENTATION_CONTEXT() REPRESENTATION_CONTEXT('2D SPACE',''
  ) );
#4116 = PCURVE('',#268,#4117);
#4117 = DEFINITIONAL_REPRESENTATION('',(#4118),#4122);
#4118 = LINE('',#4119,#4120);
#4119 = CARTESIAN_POINT('',(-0.,-6.6));
#4120 = VECTOR('',#4121,1.);
#4121 = DIRECTION('',(-1.,-0.));
#4122 = ( GEOMETRIC_REPRESENTATION_CONTEXT(2) 
PARAMETRIC_REPRESENTATION_CONTEXT() REPRESENTATION_CONTEXT('2D SPACE',''
  ) );
#4123 = ORIENTED_EDGE('',*,*,#4124,.T.);
#4124 = EDGE_CURVE('',#4102,#4028,#4125,.T.);
#4125 = SURFACE_CURVE('',#4126,(#4130,#4137),.PCURVE_S1.);
#4126 = LINE('',#4127,#4128);
#4127 = CARTESIAN_POINT('',(194.5,9.5,16.5));
#4128 = VECTOR('',#4129,1.);
#4129 = DIRECTION('',(-1.,-0.,-0.));
#4130 = PCURVE('',#296,#4131);
#4131 = DEFINITIONAL_REPRESENTATION('',(#4132),#4136);
#4132 = LINE('',#4133,#4134);
#4133 = CARTESIAN_POINT('',(-4.8,-1.5));
#4134 = VECTOR('',#4135,1.);
#4135 = DIRECTION('',(-0.,1.));
#4136 = ( GEOMETRIC_REPRESENTATION_CONTEXT(2) 
PARAMETRIC_REPRESENTATION_CONTEXT() REPRESENTATION_CONTEXT('2D SPACE',''
  ) );
#4137 = PCURVE('',#1377,#4138);
#4138 = DEFINITIONAL_REPRESENTATION('',(#4139),#4143);
#4139 = LINE('',#4140,#4141);
#4140 = CARTESIAN_POINT('',(-181.7,-1.5));
#4141 = VECTOR('',#4142,1.);
#4142 = DIRECTION('',(-0.,-1.));
#4143 = ( GEOMETRIC_REPRESENTATION_CONTEXT(2) 
PARAMETRIC_REPRESENTATION_CONTEXT() REPRESENTATION_CONTEXT('2D SPACE',''
  ) );
#4144 = ADVANCED_FACE('',(#4145),#268,.T.);
#4145 = FACE_BOUND('',#4146,.F.);
#4146 = EDGE_LOOP('',(#4147,#4148,#4149,#4172));
#4147 = ORIENTED_EDGE('',*,*,#252,.T.);
#4148 = ORIENTED_EDGE('',*,*,#4101,.T.);
#4149 = ORIENTED_EDGE('',*,*,#4150,.T.);
#4150 = EDGE_CURVE('',#4102,#4151,#4153,.T.);
#4151 = VERTEX_POINT('',#4152);
#4152 = CARTESIAN_POINT('',(193.,6.3,16.5));
#4153 = SURFACE_CURVE('',#4154,(#4158,#4165),.PCURVE_S1.);
#4154 = LINE('',#4155,#4156);
#4155 = CARTESIAN_POINT('',(193.,97.05,16.5));
#4156 = VECTOR('',#4157,1.);
#4157 = DIRECTION('',(-0.,-1.,-0.));
#4158 = PCURVE('',#268,#4159);
#4159 = DEFINITIONAL_REPRESENTATION('',(#4160),#4164);
#4160 = LINE('',#4161,#4162);
#4161 = CARTESIAN_POINT('',(-4.8,-94.15));
#4162 = VECTOR('',#4163,1.);
#4163 = DIRECTION('',(-0.,1.));
#4164 = ( GEOMETRIC_REPRESENTATION_CONTEXT(2) 
PARAMETRIC_REPRESENTATION_CONTEXT() REPRESENTATION_CONTEXT('2D SPACE',''
  ) );
#4165 = PCURVE('',#1377,#4166);
#4166 = DEFINITIONAL_REPRESENTATION('',(#4167),#4171);
#4167 = LINE('',#4168,#4169);
#4168 = CARTESIAN_POINT('',(-94.15,-3.));
#4169 = VECTOR('',#4170,1.);
#4170 = DIRECTION('',(-1.,0.));
#4171 = ( GEOMETRIC_REPRESENTATION_CONTEXT(2) 
PARAMETRIC_REPRESENTATION_CONTEXT() REPRESENTATION_CONTEXT('2D SPACE',''
  ) );
#4172 = ORIENTED_EDGE('',*,*,#4173,.T.);
#4173 = EDGE_CURVE('',#4151,#225,#4174,.T.);
#4174 = SURFACE_CURVE('',#4175,(#4179,#4186),.PCURVE_S1.);
#4175 = LINE('',#4176,#4177);
#4176 = CARTESIAN_POINT('',(193.,6.3,11.8));
#4177 = VECTOR('',#4178,1.);
#4178 = DIRECTION('',(-0.,-0.,-1.));
#4179 = PCURVE('',#268,#4180);
#4180 = DEFINITIONAL_REPRESENTATION('',(#4181),#4185);
#4181 = LINE('',#4182,#4183);
#4182 = CARTESIAN_POINT('',(-0.1,-3.4));
#4183 = VECTOR('',#4184,1.);
#4184 = DIRECTION('',(1.,-0.));
#4185 = ( GEOMETRIC_REPRESENTATION_CONTEXT(2) 
PARAMETRIC_REPRESENTATION_CONTEXT() REPRESENTATION_CONTEXT('2D SPACE',''
  ) );
#4186 = PCURVE('',#240,#4187);
#4187 = DEFINITIONAL_REPRESENTATION('',(#4188),#4192);
#4188 = LINE('',#4189,#4190);
#4189 = CARTESIAN_POINT('',(-51.,0.));
#4190 = VECTOR('',#4191,1.);
#4191 = DIRECTION('',(-0.,1.));
#4192 = ( GEOMETRIC_REPRESENTATION_CONTEXT(2) 
PARAMETRIC_REPRESENTATION_CONTEXT() REPRESENTATION_CONTEXT('2D SPACE',''
  ) );
#4193 = ADVANCED_FACE('',(#4194),#240,.F.);
#4194 = FACE_BOUND('',#4195,.T.);
#4195 = EDGE_LOOP('',(#4196,#4197,#4220,#4241));
#4196 = ORIENTED_EDGE('',*,*,#224,.F.);
#4197 = ORIENTED_EDGE('',*,*,#4198,.T.);
#4198 = EDGE_CURVE('',#197,#4199,#4201,.T.);
#4199 = VERTEX_POINT('',#4200);
#4200 = CARTESIAN_POINT('',(142.,6.3,16.5));
#4201 = SURFACE_CURVE('',#4202,(#4206,#4213),.PCURVE_S1.);
#4202 = LINE('',#4203,#4204);
#4203 = CARTESIAN_POINT('',(142.,6.3,11.8));
#4204 = VECTOR('',#4205,1.);
#4205 = DIRECTION('',(-0.,-0.,1.));
#4206 = PCURVE('',#240,#4207);
#4207 = DEFINITIONAL_REPRESENTATION('',(#4208),#4212);
#4208 = LINE('',#4209,#4210);
#4209 = CARTESIAN_POINT('',(-0.,0.));
#4210 = VECTOR('',#4211,1.);
#4211 = DIRECTION('',(-0.,-1.));
#4212 = ( GEOMETRIC_REPRESENTATION_CONTEXT(2) 
PARAMETRIC_REPRESENTATION_CONTEXT() REPRESENTATION_CONTEXT('2D SPACE',''
  ) );
#4213 = PCURVE('',#212,#4214);
#4214 = DEFINITIONAL_REPRESENTATION('',(#4215),#4219);
#4215 = LINE('',#4216,#4217);
#4216 = CARTESIAN_POINT('',(-1.2,-0.));
#4217 = VECTOR('',#4218,1.);
#4218 = DIRECTION('',(-0.,-1.));
#4219 = ( GEOMETRIC_REPRESENTATION_CONTEXT(2) 
PARAMETRIC_REPRESENTATION_CONTEXT() REPRESENTATION_CONTEXT('2D SPACE',''
  ) );
#4220 = ORIENTED_EDGE('',*,*,#4221,.F.);
#4221 = EDGE_CURVE('',#4151,#4199,#4222,.T.);
#4222 = SURFACE_CURVE('',#4223,(#4227,#4234),.PCURVE_S1.);
#4223 = LINE('',#4224,#4225);
#4224 = CARTESIAN_POINT('',(196.,6.3,16.5));
#4225 = VECTOR('',#4226,1.);
#4226 = DIRECTION('',(-1.,-0.,-0.));
#4227 = PCURVE('',#240,#4228);
#4228 = DEFINITIONAL_REPRESENTATION('',(#4229),#4233);
#4229 = LINE('',#4230,#4231);
#4230 = CARTESIAN_POINT('',(-54.,-4.7));
#4231 = VECTOR('',#4232,1.);
#4232 = DIRECTION('',(1.,-0.));
#4233 = ( GEOMETRIC_REPRESENTATION_CONTEXT(2) 
PARAMETRIC_REPRESENTATION_CONTEXT() REPRESENTATION_CONTEXT('2D SPACE',''
  ) );
#4234 = PCURVE('',#1377,#4235);
#4235 = DEFINITIONAL_REPRESENTATION('',(#4236),#4240);
#4236 = LINE('',#4237,#4238);
#4237 = CARTESIAN_POINT('',(-184.9,0.));
#4238 = VECTOR('',#4239,1.);
#4239 = DIRECTION('',(-0.,-1.));
#4240 = ( GEOMETRIC_REPRESENTATION_CONTEXT(2) 
PARAMETRIC_REPRESENTATION_CONTEXT() REPRESENTATION_CONTEXT('2D SPACE',''
  ) );
#4241 = ORIENTED_EDGE('',*,*,#4173,.T.);
#4242 = ADVANCED_FACE('',(#4243),#212,.F.);
#4243 = FACE_BOUND('',#4244,.T.);
#4244 = EDGE_LOOP('',(#4245,#4246,#4269,#4290));
#4245 = ORIENTED_EDGE('',*,*,#196,.T.);
#4246 = ORIENTED_EDGE('',*,*,#4247,.T.);
#4247 = EDGE_CURVE('',#169,#4248,#4250,.T.);
#4248 = VERTEX_POINT('',#4249);
#4249 = CARTESIAN_POINT('',(142.,0.2,16.5));
#4250 = SURFACE_CURVE('',#4251,(#4255,#4262),.PCURVE_S1.);
#4251 = LINE('',#4252,#4253);
#4252 = CARTESIAN_POINT('',(142.,0.2,11.8));
#4253 = VECTOR('',#4254,1.);
#4254 = DIRECTION('',(-0.,-0.,1.));
#4255 = PCURVE('',#212,#4256);
#4256 = DEFINITIONAL_REPRESENTATION('',(#4257),#4261);
#4257 = LINE('',#4258,#4259);
#4258 = CARTESIAN_POINT('',(4.9,-0.));
#4259 = VECTOR('',#4260,1.);
#4260 = DIRECTION('',(-0.,-1.));
#4261 = ( GEOMETRIC_REPRESENTATION_CONTEXT(2) 
PARAMETRIC_REPRESENTATION_CONTEXT() REPRESENTATION_CONTEXT('2D SPACE',''
  ) );
#4262 = PCURVE('',#184,#4263);
#4263 = DEFINITIONAL_REPRESENTATION('',(#4264),#4268);
#4264 = LINE('',#4265,#4266);
#4265 = CARTESIAN_POINT('',(-0.,20.));
#4266 = VECTOR('',#4267,1.);
#4267 = DIRECTION('',(-1.,0.));
#4268 = ( GEOMETRIC_REPRESENTATION_CONTEXT(2) 
PARAMETRIC_REPRESENTATION_CONTEXT() REPRESENTATION_CONTEXT('2D SPACE',''
  ) );
#4269 = ORIENTED_EDGE('',*,*,#4270,.T.);
#4270 = EDGE_CURVE('',#4248,#4199,#4271,.T.);
#4271 = SURFACE_CURVE('',#4272,(#4276,#4283),.PCURVE_S1.);
#4272 = LINE('',#4273,#4274);
#4273 = CARTESIAN_POINT('',(142.,0.2,16.5));
#4274 = VECTOR('',#4275,1.);
#4275 = DIRECTION('',(-0.,1.,-0.));
#4276 = PCURVE('',#212,#4277);
#4277 = DEFINITIONAL_REPRESENTATION('',(#4278),#4282);
#4278 = LINE('',#4279,#4280);
#4279 = CARTESIAN_POINT('',(4.9,-4.7));
#4280 = VECTOR('',#4281,1.);
#4281 = DIRECTION('',(-1.,0.));
#4282 = ( GEOMETRIC_REPRESENTATION_CONTEXT(2) 
PARAMETRIC_REPRESENTATION_CONTEXT() REPRESENTATION_CONTEXT('2D SPACE',''
  ) );
#4283 = PCURVE('',#1377,#4284);
#4284 = DEFINITIONAL_REPRESENTATION('',(#4285),#4289);
#4285 = LINE('',#4286,#4287);
#4286 = CARTESIAN_POINT('',(-191.,-54.));
#4287 = VECTOR('',#4288,1.);
#4288 = DIRECTION('',(1.,-0.));
#4289 = ( GEOMETRIC_REPRESENTATION_CONTEXT(2) 
PARAMETRIC_REPRESENTATION_CONTEXT() REPRESENTATION_CONTEXT('2D SPACE',''
  ) );
#4290 = ORIENTED_EDGE('',*,*,#4198,.F.);
#4291 = ADVANCED_FACE('',(#4292),#184,.F.);
#4292 = FACE_BOUND('',#4293,.T.);
#4293 = EDGE_LOOP('',(#4294,#4295,#4318,#4339));
#4294 = ORIENTED_EDGE('',*,*,#168,.F.);
#4295 = ORIENTED_EDGE('',*,*,#4296,.T.);
#4296 = EDGE_CURVE('',#141,#4297,#4299,.T.);
#4297 = VERTEX_POINT('',#4298);
#4298 = CARTESIAN_POINT('',(162.,0.2,16.5));
#4299 = SURFACE_CURVE('',#4300,(#4304,#4311),.PCURVE_S1.);
#4300 = LINE('',#4301,#4302);
#4301 = CARTESIAN_POINT('',(162.,0.2,11.8));
#4302 = VECTOR('',#4303,1.);
#4303 = DIRECTION('',(-0.,-0.,1.));
#4304 = PCURVE('',#184,#4305);
#4305 = DEFINITIONAL_REPRESENTATION('',(#4306),#4310);
#4306 = LINE('',#4307,#4308);
#4307 = CARTESIAN_POINT('',(-0.,-0.));
#4308 = VECTOR('',#4309,1.);
#4309 = DIRECTION('',(-1.,0.));
#4310 = ( GEOMETRIC_REPRESENTATION_CONTEXT(2) 
PARAMETRIC_REPRESENTATION_CONTEXT() REPRESENTATION_CONTEXT('2D SPACE',''
  ) );
#4311 = PCURVE('',#156,#4312);
#4312 = DEFINITIONAL_REPRESENTATION('',(#4313),#4317);
#4313 = LINE('',#4314,#4315);
#4314 = CARTESIAN_POINT('',(-0.,-0.));
#4315 = VECTOR('',#4316,1.);
#4316 = DIRECTION('',(-1.,-0.));
#4317 = ( GEOMETRIC_REPRESENTATION_CONTEXT(2) 
PARAMETRIC_REPRESENTATION_CONTEXT() REPRESENTATION_CONTEXT('2D SPACE',''
  ) );
#4318 = ORIENTED_EDGE('',*,*,#4319,.T.);
#4319 = EDGE_CURVE('',#4297,#4248,#4320,.T.);
#4320 = SURFACE_CURVE('',#4321,(#4325,#4332),.PCURVE_S1.);
#4321 = LINE('',#4322,#4323);
#4322 = CARTESIAN_POINT('',(162.,0.2,16.5));
#4323 = VECTOR('',#4324,1.);
#4324 = DIRECTION('',(-1.,-0.,-0.));
#4325 = PCURVE('',#184,#4326);
#4326 = DEFINITIONAL_REPRESENTATION('',(#4327),#4331);
#4327 = LINE('',#4328,#4329);
#4328 = CARTESIAN_POINT('',(-4.7,-0.));
#4329 = VECTOR('',#4330,1.);
#4330 = DIRECTION('',(-0.,1.));
#4331 = ( GEOMETRIC_REPRESENTATION_CONTEXT(2) 
PARAMETRIC_REPRESENTATION_CONTEXT() REPRESENTATION_CONTEXT('2D SPACE',''
  ) );
#4332 = PCURVE('',#1377,#4333);
#4333 = DEFINITIONAL_REPRESENTATION('',(#4334),#4338);
#4334 = LINE('',#4335,#4336);
#4335 = CARTESIAN_POINT('',(-191.,-34.));
#4336 = VECTOR('',#4337,1.);
#4337 = DIRECTION('',(-0.,-1.));
#4338 = ( GEOMETRIC_REPRESENTATION_CONTEXT(2) 
PARAMETRIC_REPRESENTATION_CONTEXT() REPRESENTATION_CONTEXT('2D SPACE',''
  ) );
#4339 = ORIENTED_EDGE('',*,*,#4247,.F.);
#4340 = ADVANCED_FACE('',(#4341),#156,.F.);
#4341 = FACE_BOUND('',#4342,.T.);
#4342 = EDGE_LOOP('',(#4343,#4366,#4367,#4368));
#4343 = ORIENTED_EDGE('',*,*,#4344,.F.);
#4344 = EDGE_CURVE('',#4297,#4345,#4347,.T.);
#4345 = VERTEX_POINT('',#4346);
#4346 = CARTESIAN_POINT('',(162.,5.1,16.5));
#4347 = SURFACE_CURVE('',#4348,(#4352,#4359),.PCURVE_S1.);
#4348 = LINE('',#4349,#4350);
#4349 = CARTESIAN_POINT('',(162.,0.2,16.5));
#4350 = VECTOR('',#4351,1.);
#4351 = DIRECTION('',(-0.,1.,-0.));
#4352 = PCURVE('',#156,#4353);
#4353 = DEFINITIONAL_REPRESENTATION('',(#4354),#4358);
#4354 = LINE('',#4355,#4356);
#4355 = CARTESIAN_POINT('',(-4.7,-0.));
#4356 = VECTOR('',#4357,1.);
#4357 = DIRECTION('',(-0.,-1.));
#4358 = ( GEOMETRIC_REPRESENTATION_CONTEXT(2) 
PARAMETRIC_REPRESENTATION_CONTEXT() REPRESENTATION_CONTEXT('2D SPACE',''
  ) );
#4359 = PCURVE('',#1377,#4360);
#4360 = DEFINITIONAL_REPRESENTATION('',(#4361),#4365);
#4361 = LINE('',#4362,#4363);
#4362 = CARTESIAN_POINT('',(-191.,-34.));
#4363 = VECTOR('',#4364,1.);
#4364 = DIRECTION('',(1.,-0.));
#4365 = ( GEOMETRIC_REPRESENTATION_CONTEXT(2) 
PARAMETRIC_REPRESENTATION_CONTEXT() REPRESENTATION_CONTEXT('2D SPACE',''
  ) );
#4366 = ORIENTED_EDGE('',*,*,#4296,.F.);
#4367 = ORIENTED_EDGE('',*,*,#140,.T.);
#4368 = ORIENTED_EDGE('',*,*,#4369,.F.);
#4369 = EDGE_CURVE('',#4345,#113,#4370,.T.);
#4370 = SURFACE_CURVE('',#4371,(#4375,#4382),.PCURVE_S1.);
#4371 = LINE('',#4372,#4373);
#4372 = CARTESIAN_POINT('',(162.,5.1,11.8));
#4373 = VECTOR('',#4374,1.);
#4374 = DIRECTION('',(-0.,0.,-1.));
#4375 = PCURVE('',#156,#4376);
#4376 = DEFINITIONAL_REPRESENTATION('',(#4377),#4381);
#4377 = LINE('',#4378,#4379);
#4378 = CARTESIAN_POINT('',(-0.,-4.9));
#4379 = VECTOR('',#4380,1.);
#4380 = DIRECTION('',(1.,-0.));
#4381 = ( GEOMETRIC_REPRESENTATION_CONTEXT(2) 
PARAMETRIC_REPRESENTATION_CONTEXT() REPRESENTATION_CONTEXT('2D SPACE',''
  ) );
#4382 = PCURVE('',#128,#4383);
#4383 = DEFINITIONAL_REPRESENTATION('',(#4384),#4388);
#4384 = LINE('',#4385,#4386);
#4385 = CARTESIAN_POINT('',(-0.,34.));
#4386 = VECTOR('',#4387,1.);
#4387 = DIRECTION('',(1.,-0.));
#4388 = ( GEOMETRIC_REPRESENTATION_CONTEXT(2) 
PARAMETRIC_REPRESENTATION_CONTEXT() REPRESENTATION_CONTEXT('2D SPACE',''
  ) );
#4389 = ADVANCED_FACE('',(#4390),#128,.F.);
#4390 = FACE_BOUND('',#4391,.T.);
#4391 = EDGE_LOOP('',(#4392,#4393,#4416,#4437));
#4392 = ORIENTED_EDGE('',*,*,#112,.F.);
#4393 = ORIENTED_EDGE('',*,*,#4394,.T.);
#4394 = EDGE_CURVE('',#85,#4395,#4397,.T.);
#4395 = VERTEX_POINT('',#4396);
#4396 = CARTESIAN_POINT('',(193.,5.1,16.5));
#4397 = SURFACE_CURVE('',#4398,(#4402,#4409),.PCURVE_S1.);
#4398 = LINE('',#4399,#4400);
#4399 = CARTESIAN_POINT('',(193.,5.1,11.75));
#4400 = VECTOR('',#4401,1.);
#4401 = DIRECTION('',(-0.,-0.,1.));
#4402 = PCURVE('',#128,#4403);
#4403 = DEFINITIONAL_REPRESENTATION('',(#4404),#4408);
#4404 = LINE('',#4405,#4406);
#4405 = CARTESIAN_POINT('',(5.E-02,3.));
#4406 = VECTOR('',#4407,1.);
#4407 = DIRECTION('',(-1.,0.));
#4408 = ( GEOMETRIC_REPRESENTATION_CONTEXT(2) 
PARAMETRIC_REPRESENTATION_CONTEXT() REPRESENTATION_CONTEXT('2D SPACE',''
  ) );
#4409 = PCURVE('',#100,#4410);
#4410 = DEFINITIONAL_REPRESENTATION('',(#4411),#4415);
#4411 = LINE('',#4412,#4413);
#4412 = CARTESIAN_POINT('',(-5.E-02,-2.2));
#4413 = VECTOR('',#4414,1.);
#4414 = DIRECTION('',(-1.,-0.));
#4415 = ( GEOMETRIC_REPRESENTATION_CONTEXT(2) 
PARAMETRIC_REPRESENTATION_CONTEXT() REPRESENTATION_CONTEXT('2D SPACE',''
  ) );
#4416 = ORIENTED_EDGE('',*,*,#4417,.F.);
#4417 = EDGE_CURVE('',#4345,#4395,#4418,.T.);
#4418 = SURFACE_CURVE('',#4419,(#4423,#4430),.PCURVE_S1.);
#4419 = LINE('',#4420,#4421);
#4420 = CARTESIAN_POINT('',(162.,5.1,16.5));
#4421 = VECTOR('',#4422,1.);
#4422 = DIRECTION('',(1.,-0.,-0.));
#4423 = PCURVE('',#128,#4424);
#4424 = DEFINITIONAL_REPRESENTATION('',(#4425),#4429);
#4425 = LINE('',#4426,#4427);
#4426 = CARTESIAN_POINT('',(-4.7,34.));
#4427 = VECTOR('',#4428,1.);
#4428 = DIRECTION('',(-0.,-1.));
#4429 = ( GEOMETRIC_REPRESENTATION_CONTEXT(2) 
PARAMETRIC_REPRESENTATION_CONTEXT() REPRESENTATION_CONTEXT('2D SPACE',''
  ) );
#4430 = PCURVE('',#1377,#4431);
#4431 = DEFINITIONAL_REPRESENTATION('',(#4432),#4436);
#4432 = LINE('',#4433,#4434);
#4433 = CARTESIAN_POINT('',(-186.1,-34.));
#4434 = VECTOR('',#4435,1.);
#4435 = DIRECTION('',(0.,1.));
#4436 = ( GEOMETRIC_REPRESENTATION_CONTEXT(2) 
PARAMETRIC_REPRESENTATION_CONTEXT() REPRESENTATION_CONTEXT('2D SPACE',''
  ) );
#4437 = ORIENTED_EDGE('',*,*,#4369,.T.);
#4438 = ADVANCED_FACE('',(#4439),#100,.T.);
#4439 = FACE_BOUND('',#4440,.F.);
#4440 = EDGE_LOOP('',(#4441,#4442,#4443,#4466,#4489));
#4441 = ORIENTED_EDGE('',*,*,#84,.T.);
#4442 = ORIENTED_EDGE('',*,*,#4394,.T.);
#4443 = ORIENTED_EDGE('',*,*,#4444,.T.);
#4444 = EDGE_CURVE('',#4395,#4445,#4447,.T.);
#4445 = VERTEX_POINT('',#4446);
#4446 = CARTESIAN_POINT('',(193.,4.2,16.5));
#4447 = SURFACE_CURVE('',#4448,(#4452,#4459),.PCURVE_S1.);
#4448 = LINE('',#4449,#4450);
#4449 = CARTESIAN_POINT('',(193.,97.05,16.5));
#4450 = VECTOR('',#4451,1.);
#4451 = DIRECTION('',(-0.,-1.,-0.));
#4452 = PCURVE('',#100,#4453);
#4453 = DEFINITIONAL_REPRESENTATION('',(#4454),#4458);
#4454 = LINE('',#4455,#4456);
#4455 = CARTESIAN_POINT('',(-4.8,-94.15));
#4456 = VECTOR('',#4457,1.);
#4457 = DIRECTION('',(-0.,1.));
#4458 = ( GEOMETRIC_REPRESENTATION_CONTEXT(2) 
PARAMETRIC_REPRESENTATION_CONTEXT() REPRESENTATION_CONTEXT('2D SPACE',''
  ) );
#4459 = PCURVE('',#1377,#4460);
#4460 = DEFINITIONAL_REPRESENTATION('',(#4461),#4465);
#4461 = LINE('',#4462,#4463);
#4462 = CARTESIAN_POINT('',(-94.15,-3.));
#4463 = VECTOR('',#4464,1.);
#4464 = DIRECTION('',(-1.,0.));
#4465 = ( GEOMETRIC_REPRESENTATION_CONTEXT(2) 
PARAMETRIC_REPRESENTATION_CONTEXT() REPRESENTATION_CONTEXT('2D SPACE',''
  ) );
#4466 = ORIENTED_EDGE('',*,*,#4467,.T.);
#4467 = EDGE_CURVE('',#4445,#4468,#4470,.T.);
#4468 = VERTEX_POINT('',#4469);
#4469 = CARTESIAN_POINT('',(193.,3.1,15.4));
#4470 = SURFACE_CURVE('',#4471,(#4475,#4482),.PCURVE_S1.);
#4471 = LINE('',#4472,#4473);
#4472 = CARTESIAN_POINT('',(193.,2.675,14.975));
#4473 = VECTOR('',#4474,1.);
#4474 = DIRECTION('',(-0.,-0.707106781187,-0.707106781187));
#4475 = PCURVE('',#100,#4476);
#4476 = DEFINITIONAL_REPRESENTATION('',(#4477),#4481);
#4477 = LINE('',#4478,#4479);
#4478 = CARTESIAN_POINT('',(-3.275,0.225));
#4479 = VECTOR('',#4480,1.);
#4480 = DIRECTION('',(0.707106781187,0.707106781187));
#4481 = ( GEOMETRIC_REPRESENTATION_CONTEXT(2) 
PARAMETRIC_REPRESENTATION_CONTEXT() REPRESENTATION_CONTEXT('2D SPACE',''
  ) );
#4482 = PCURVE('',#1250,#4483);
#4483 = DEFINITIONAL_REPRESENTATION('',(#4484),#4488);
#4484 = LINE('',#4485,#4486);
#4485 = CARTESIAN_POINT('',(-2.156675682619,-3.));
#4486 = VECTOR('',#4487,1.);
#4487 = DIRECTION('',(-1.,0.));
#4488 = ( GEOMETRIC_REPRESENTATION_CONTEXT(2) 
PARAMETRIC_REPRESENTATION_CONTEXT() REPRESENTATION_CONTEXT('2D SPACE',''
  ) );
#4489 = ORIENTED_EDGE('',*,*,#4490,.T.);
#4490 = EDGE_CURVE('',#4468,#57,#4491,.T.);
#4491 = SURFACE_CURVE('',#4492,(#4496,#4503),.PCURVE_S1.);
#4492 = LINE('',#4493,#4494);
#4493 = CARTESIAN_POINT('',(193.,3.1,13.55));
#4494 = VECTOR('',#4495,1.);
#4495 = DIRECTION('',(-0.,0.,-1.));
#4496 = PCURVE('',#100,#4497);
#4497 = DEFINITIONAL_REPRESENTATION('',(#4498),#4502);
#4498 = LINE('',#4499,#4500);
#4499 = CARTESIAN_POINT('',(-1.85,-0.2));
#4500 = VECTOR('',#4501,1.);
#4501 = DIRECTION('',(1.,-0.));
#4502 = ( GEOMETRIC_REPRESENTATION_CONTEXT(2) 
PARAMETRIC_REPRESENTATION_CONTEXT() REPRESENTATION_CONTEXT('2D SPACE',''
  ) );
#4503 = PCURVE('',#72,#4504);
#4504 = DEFINITIONAL_REPRESENTATION('',(#4505),#4509);
#4505 = LINE('',#4506,#4507);
#4506 = CARTESIAN_POINT('',(-1.85,-3.));
#4507 = VECTOR('',#4508,1.);
#4508 = DIRECTION('',(-1.,0.));
#4509 = ( GEOMETRIC_REPRESENTATION_CONTEXT(2) 
PARAMETRIC_REPRESENTATION_CONTEXT() REPRESENTATION_CONTEXT('2D SPACE',''
  ) );
#4510 = ADVANCED_FACE('',(#4511),#72,.F.);
#4511 = FACE_BOUND('',#4512,.T.);
#4512 = EDGE_LOOP('',(#4513,#4514,#4535,#4536));
#4513 = ORIENTED_EDGE('',*,*,#1262,.F.);
#4514 = ORIENTED_EDGE('',*,*,#4515,.T.);
#4515 = EDGE_CURVE('',#1235,#4468,#4516,.T.);
#4516 = SURFACE_CURVE('',#4517,(#4521,#4528),.PCURVE_S1.);
#4517 = LINE('',#4518,#4519);
#4518 = CARTESIAN_POINT('',(196.,3.1,15.4));
#4519 = VECTOR('',#4520,1.);
#4520 = DIRECTION('',(-1.,-0.,-0.));
#4521 = PCURVE('',#72,#4522);
#4522 = DEFINITIONAL_REPRESENTATION('',(#4523),#4527);
#4523 = LINE('',#4524,#4525);
#4524 = CARTESIAN_POINT('',(0.,-0.));
#4525 = VECTOR('',#4526,1.);
#4526 = DIRECTION('',(-0.,-1.));
#4527 = ( GEOMETRIC_REPRESENTATION_CONTEXT(2) 
PARAMETRIC_REPRESENTATION_CONTEXT() REPRESENTATION_CONTEXT('2D SPACE',''
  ) );
#4528 = PCURVE('',#1250,#4529);
#4529 = DEFINITIONAL_REPRESENTATION('',(#4530),#4534);
#4530 = LINE('',#4531,#4532);
#4531 = CARTESIAN_POINT('',(-1.55563491861,0.));
#4532 = VECTOR('',#4533,1.);
#4533 = DIRECTION('',(-0.,-1.));
#4534 = ( GEOMETRIC_REPRESENTATION_CONTEXT(2) 
PARAMETRIC_REPRESENTATION_CONTEXT() REPRESENTATION_CONTEXT('2D SPACE',''
  ) );
#4535 = ORIENTED_EDGE('',*,*,#4490,.T.);
#4536 = ORIENTED_EDGE('',*,*,#56,.F.);
#4537 = ADVANCED_FACE('',(#4538),#1250,.F.);
#4538 = FACE_BOUND('',#4539,.T.);
#4539 = EDGE_LOOP('',(#4540,#4541,#4562,#4563));
#4540 = ORIENTED_EDGE('',*,*,#1232,.F.);
#4541 = ORIENTED_EDGE('',*,*,#4542,.T.);
#4542 = EDGE_CURVE('',#1233,#4445,#4543,.T.);
#4543 = SURFACE_CURVE('',#4544,(#4548,#4555),.PCURVE_S1.);
#4544 = LINE('',#4545,#4546);
#4545 = CARTESIAN_POINT('',(196.,4.2,16.5));
#4546 = VECTOR('',#4547,1.);
#4547 = DIRECTION('',(-1.,-0.,-0.));
#4548 = PCURVE('',#1250,#4549);
#4549 = DEFINITIONAL_REPRESENTATION('',(#4550),#4554);
#4550 = LINE('',#4551,#4552);
#4551 = CARTESIAN_POINT('',(0.,-0.));
#4552 = VECTOR('',#4553,1.);
#4553 = DIRECTION('',(-0.,-1.));
#4554 = ( GEOMETRIC_REPRESENTATION_CONTEXT(2) 
PARAMETRIC_REPRESENTATION_CONTEXT() REPRESENTATION_CONTEXT('2D SPACE',''
  ) );
#4555 = PCURVE('',#1377,#4556);
#4556 = DEFINITIONAL_REPRESENTATION('',(#4557),#4561);
#4557 = LINE('',#4558,#4559);
#4558 = CARTESIAN_POINT('',(-187.,0.));
#4559 = VECTOR('',#4560,1.);
#4560 = DIRECTION('',(-0.,-1.));
#4561 = ( GEOMETRIC_REPRESENTATION_CONTEXT(2) 
PARAMETRIC_REPRESENTATION_CONTEXT() REPRESENTATION_CONTEXT('2D SPACE',''
  ) );
#4562 = ORIENTED_EDGE('',*,*,#4467,.T.);
#4563 = ORIENTED_EDGE('',*,*,#4515,.F.);
#4564 = ADVANCED_FACE('',(#4565),#1377,.F.);
#4565 = FACE_BOUND('',#4566,.T.);
#4566 = EDGE_LOOP('',(#4567,#4568,#4569,#4592,#4613,#4614,#4615,#4616,
    #4637,#4638,#4639,#4640,#4641,#4642,#4643,#4644,#4665,#4666,#4667,
    #4668,#4691,#4712,#4713,#4734,#4735,#4758,#4786,#4807,#4808,#4809,
    #4830,#4831,#4832,#4833,#4834,#4835,#4836,#4837,#4838));
#4567 = ORIENTED_EDGE('',*,*,#4542,.F.);
#4568 = ORIENTED_EDGE('',*,*,#1363,.T.);
#4569 = ORIENTED_EDGE('',*,*,#4570,.T.);
#4570 = EDGE_CURVE('',#1336,#4571,#4573,.T.);
#4571 = VERTEX_POINT('',#4572);
#4572 = CARTESIAN_POINT('',(194.4,10.,16.5));
#4573 = SURFACE_CURVE('',#4574,(#4578,#4585),.PCURVE_S1.);
#4574 = LINE('',#4575,#4576);
#4575 = CARTESIAN_POINT('',(196.,10.,16.5));
#4576 = VECTOR('',#4577,1.);
#4577 = DIRECTION('',(-1.,-0.,-0.));
#4578 = PCURVE('',#1377,#4579);
#4579 = DEFINITIONAL_REPRESENTATION('',(#4580),#4584);
#4580 = LINE('',#4581,#4582);
#4581 = CARTESIAN_POINT('',(-181.2,0.));
#4582 = VECTOR('',#4583,1.);
#4583 = DIRECTION('',(-0.,-1.));
#4584 = ( GEOMETRIC_REPRESENTATION_CONTEXT(2) 
PARAMETRIC_REPRESENTATION_CONTEXT() REPRESENTATION_CONTEXT('2D SPACE',''
  ) );
#4585 = PCURVE('',#1351,#4586);
#4586 = DEFINITIONAL_REPRESENTATION('',(#4587),#4591);
#4587 = LINE('',#4588,#4589);
#4588 = CARTESIAN_POINT('',(-0.,-0.));
#4589 = VECTOR('',#4590,1.);
#4590 = DIRECTION('',(-0.,1.));
#4591 = ( GEOMETRIC_REPRESENTATION_CONTEXT(2) 
PARAMETRIC_REPRESENTATION_CONTEXT() REPRESENTATION_CONTEXT('2D SPACE',''
  ) );
#4592 = ORIENTED_EDGE('',*,*,#4593,.T.);
#4593 = EDGE_CURVE('',#4571,#1495,#4594,.T.);
#4594 = SURFACE_CURVE('',#4595,(#4599,#4606),.PCURVE_S1.);
#4595 = LINE('',#4596,#4597);
#4596 = CARTESIAN_POINT('',(194.4,10.,16.5));
#4597 = VECTOR('',#4598,1.);
#4598 = DIRECTION('',(-0.,1.,-0.));
#4599 = PCURVE('',#1377,#4600);
#4600 = DEFINITIONAL_REPRESENTATION('',(#4601),#4605);
#4601 = LINE('',#4602,#4603);
#4602 = CARTESIAN_POINT('',(-181.2,-1.6));
#4603 = VECTOR('',#4604,1.);
#4604 = DIRECTION('',(1.,-0.));
#4605 = ( GEOMETRIC_REPRESENTATION_CONTEXT(2) 
PARAMETRIC_REPRESENTATION_CONTEXT() REPRESENTATION_CONTEXT('2D SPACE',''
  ) );
#4606 = PCURVE('',#1510,#4607);
#4607 = DEFINITIONAL_REPRESENTATION('',(#4608),#4612);
#4608 = LINE('',#4609,#4610);
#4609 = CARTESIAN_POINT('',(-0.,-0.));
#4610 = VECTOR('',#4611,1.);
#4611 = DIRECTION('',(-0.,-1.));
#4612 = ( GEOMETRIC_REPRESENTATION_CONTEXT(2) 
PARAMETRIC_REPRESENTATION_CONTEXT() REPRESENTATION_CONTEXT('2D SPACE',''
  ) );
#4613 = ORIENTED_EDGE('',*,*,#1522,.T.);
#4614 = ORIENTED_EDGE('',*,*,#1547,.F.);
#4615 = ORIENTED_EDGE('',*,*,#1682,.T.);
#4616 = ORIENTED_EDGE('',*,*,#4617,.T.);
#4617 = EDGE_CURVE('',#1655,#1830,#4618,.T.);
#4618 = SURFACE_CURVE('',#4619,(#4623,#4630),.PCURVE_S1.);
#4619 = LINE('',#4620,#4621);
#4620 = CARTESIAN_POINT('',(194.4,10.,16.5));
#4621 = VECTOR('',#4622,1.);
#4622 = DIRECTION('',(-0.,1.,-0.));
#4623 = PCURVE('',#1377,#4624);
#4624 = DEFINITIONAL_REPRESENTATION('',(#4625),#4629);
#4625 = LINE('',#4626,#4627);
#4626 = CARTESIAN_POINT('',(-181.2,-1.6));
#4627 = VECTOR('',#4628,1.);
#4628 = DIRECTION('',(1.,-0.));
#4629 = ( GEOMETRIC_REPRESENTATION_CONTEXT(2) 
PARAMETRIC_REPRESENTATION_CONTEXT() REPRESENTATION_CONTEXT('2D SPACE',''
  ) );
#4630 = PCURVE('',#1670,#4631);
#4631 = DEFINITIONAL_REPRESENTATION('',(#4632),#4636);
#4632 = LINE('',#4633,#4634);
#4633 = CARTESIAN_POINT('',(-0.,-0.));
#4634 = VECTOR('',#4635,1.);
#4635 = DIRECTION('',(-0.,-1.));
#4636 = ( GEOMETRIC_REPRESENTATION_CONTEXT(2) 
PARAMETRIC_REPRESENTATION_CONTEXT() REPRESENTATION_CONTEXT('2D SPACE',''
  ) );
#4637 = ORIENTED_EDGE('',*,*,#1829,.T.);
#4638 = ORIENTED_EDGE('',*,*,#1908,.T.);
#4639 = ORIENTED_EDGE('',*,*,#1980,.T.);
#4640 = ORIENTED_EDGE('',*,*,#2005,.F.);
#4641 = ORIENTED_EDGE('',*,*,#2079,.T.);
#4642 = ORIENTED_EDGE('',*,*,#2128,.F.);
#4643 = ORIENTED_EDGE('',*,*,#2155,.T.);
#4644 = ORIENTED_EDGE('',*,*,#4645,.T.);
#4645 = EDGE_CURVE('',#2156,#2416,#4646,.T.);
#4646 = SURFACE_CURVE('',#4647,(#4651,#4658),.PCURVE_S1.);
#4647 = LINE('',#4648,#4649);
#4648 = CARTESIAN_POINT('',(194.4,10.,16.5));
#4649 = VECTOR('',#4650,1.);
#4650 = DIRECTION('',(-0.,1.,-0.));
#4651 = PCURVE('',#1377,#4652);
#4652 = DEFINITIONAL_REPRESENTATION('',(#4653),#4657);
#4653 = LINE('',#4654,#4655);
#4654 = CARTESIAN_POINT('',(-181.2,-1.6));
#4655 = VECTOR('',#4656,1.);
#4656 = DIRECTION('',(1.,-0.));
#4657 = ( GEOMETRIC_REPRESENTATION_CONTEXT(2) 
PARAMETRIC_REPRESENTATION_CONTEXT() REPRESENTATION_CONTEXT('2D SPACE',''
  ) );
#4658 = PCURVE('',#2195,#4659);
#4659 = DEFINITIONAL_REPRESENTATION('',(#4660),#4664);
#4660 = LINE('',#4661,#4662);
#4661 = CARTESIAN_POINT('',(-0.,-0.));
#4662 = VECTOR('',#4663,1.);
#4663 = DIRECTION('',(-0.,-1.));
#4664 = ( GEOMETRIC_REPRESENTATION_CONTEXT(2) 
PARAMETRIC_REPRESENTATION_CONTEXT() REPRESENTATION_CONTEXT('2D SPACE',''
  ) );
#4665 = ORIENTED_EDGE('',*,*,#2438,.T.);
#4666 = ORIENTED_EDGE('',*,*,#2463,.F.);
#4667 = ORIENTED_EDGE('',*,*,#2598,.T.);
#4668 = ORIENTED_EDGE('',*,*,#4669,.T.);
#4669 = EDGE_CURVE('',#2571,#4670,#4672,.T.);
#4670 = VERTEX_POINT('',#4671);
#4671 = CARTESIAN_POINT('',(194.4,190.,16.5));
#4672 = SURFACE_CURVE('',#4673,(#4677,#4684),.PCURVE_S1.);
#4673 = LINE('',#4674,#4675);
#4674 = CARTESIAN_POINT('',(194.4,10.,16.5));
#4675 = VECTOR('',#4676,1.);
#4676 = DIRECTION('',(-0.,1.,-0.));
#4677 = PCURVE('',#1377,#4678);
#4678 = DEFINITIONAL_REPRESENTATION('',(#4679),#4683);
#4679 = LINE('',#4680,#4681);
#4680 = CARTESIAN_POINT('',(-181.2,-1.6));
#4681 = VECTOR('',#4682,1.);
#4682 = DIRECTION('',(1.,-0.));
#4683 = ( GEOMETRIC_REPRESENTATION_CONTEXT(2) 
PARAMETRIC_REPRESENTATION_CONTEXT() REPRESENTATION_CONTEXT('2D SPACE',''
  ) );
#4684 = PCURVE('',#2586,#4685);
#4685 = DEFINITIONAL_REPRESENTATION('',(#4686),#4690);
#4686 = LINE('',#4687,#4688);
#4687 = CARTESIAN_POINT('',(-0.,-0.));
#4688 = VECTOR('',#4689,1.);
#4689 = DIRECTION('',(-0.,-1.));
#4690 = ( GEOMETRIC_REPRESENTATION_CONTEXT(2) 
PARAMETRIC_REPRESENTATION_CONTEXT() REPRESENTATION_CONTEXT('2D SPACE',''
  ) );
#4691 = ORIENTED_EDGE('',*,*,#4692,.F.);
#4692 = EDGE_CURVE('',#2726,#4670,#4693,.T.);
#4693 = SURFACE_CURVE('',#4694,(#4698,#4705),.PCURVE_S1.);
#4694 = LINE('',#4695,#4696);
#4695 = CARTESIAN_POINT('',(196.,190.,16.5));
#4696 = VECTOR('',#4697,1.);
#4697 = DIRECTION('',(-1.,-0.,-0.));
#4698 = PCURVE('',#1377,#4699);
#4699 = DEFINITIONAL_REPRESENTATION('',(#4700),#4704);
#4700 = LINE('',#4701,#4702);
#4701 = CARTESIAN_POINT('',(-1.2,0.));
#4702 = VECTOR('',#4703,1.);
#4703 = DIRECTION('',(-0.,-1.));
#4704 = ( GEOMETRIC_REPRESENTATION_CONTEXT(2) 
PARAMETRIC_REPRESENTATION_CONTEXT() REPRESENTATION_CONTEXT('2D SPACE',''
  ) );
#4705 = PCURVE('',#2764,#4706);
#4706 = DEFINITIONAL_REPRESENTATION('',(#4707),#4711);
#4707 = LINE('',#4708,#4709);
#4708 = CARTESIAN_POINT('',(-0.,-0.));
#4709 = VECTOR('',#4710,1.);
#4710 = DIRECTION('',(-0.,1.));
#4711 = ( GEOMETRIC_REPRESENTATION_CONTEXT(2) 
PARAMETRIC_REPRESENTATION_CONTEXT() REPRESENTATION_CONTEXT('2D SPACE',''
  ) );
#4712 = ORIENTED_EDGE('',*,*,#2725,.F.);
#4713 = ORIENTED_EDGE('',*,*,#4714,.T.);
#4714 = EDGE_CURVE('',#2698,#2952,#4715,.T.);
#4715 = SURFACE_CURVE('',#4716,(#4720,#4727),.PCURVE_S1.);
#4716 = LINE('',#4717,#4718);
#4717 = CARTESIAN_POINT('',(196.,191.2,16.5));
#4718 = VECTOR('',#4719,1.);
#4719 = DIRECTION('',(-1.,-0.,-0.));
#4720 = PCURVE('',#1377,#4721);
#4721 = DEFINITIONAL_REPRESENTATION('',(#4722),#4726);
#4722 = LINE('',#4723,#4724);
#4723 = CARTESIAN_POINT('',(0.,-0.));
#4724 = VECTOR('',#4725,1.);
#4725 = DIRECTION('',(-0.,-1.));
#4726 = ( GEOMETRIC_REPRESENTATION_CONTEXT(2) 
PARAMETRIC_REPRESENTATION_CONTEXT() REPRESENTATION_CONTEXT('2D SPACE',''
  ) );
#4727 = PCURVE('',#2713,#4728);
#4728 = DEFINITIONAL_REPRESENTATION('',(#4729),#4733);
#4729 = LINE('',#4730,#4731);
#4730 = CARTESIAN_POINT('',(-1.55563491861,0.));
#4731 = VECTOR('',#4732,1.);
#4732 = DIRECTION('',(-0.,-1.));
#4733 = ( GEOMETRIC_REPRESENTATION_CONTEXT(2) 
PARAMETRIC_REPRESENTATION_CONTEXT() REPRESENTATION_CONTEXT('2D SPACE',''
  ) );
#4734 = ORIENTED_EDGE('',*,*,#2951,.T.);
#4735 = ORIENTED_EDGE('',*,*,#4736,.T.);
#4736 = EDGE_CURVE('',#2924,#4737,#4739,.T.);
#4737 = VERTEX_POINT('',#4738);
#4738 = CARTESIAN_POINT('',(188.4,190.4,16.5));
#4739 = SURFACE_CURVE('',#4740,(#4744,#4751),.PCURVE_S1.);
#4740 = LINE('',#4741,#4742);
#4741 = CARTESIAN_POINT('',(115.7,190.4,16.5));
#4742 = VECTOR('',#4743,1.);
#4743 = DIRECTION('',(1.,0.,0.));
#4744 = PCURVE('',#1377,#4745);
#4745 = DEFINITIONAL_REPRESENTATION('',(#4746),#4750);
#4746 = LINE('',#4747,#4748);
#4747 = CARTESIAN_POINT('',(-0.8,-80.3));
#4748 = VECTOR('',#4749,1.);
#4749 = DIRECTION('',(0.,1.));
#4750 = ( GEOMETRIC_REPRESENTATION_CONTEXT(2) 
PARAMETRIC_REPRESENTATION_CONTEXT() REPRESENTATION_CONTEXT('2D SPACE',''
  ) );
#4751 = PCURVE('',#2939,#4752);
#4752 = DEFINITIONAL_REPRESENTATION('',(#4753),#4757);
#4753 = LINE('',#4754,#4755);
#4754 = CARTESIAN_POINT('',(-0.6,72.7));
#4755 = VECTOR('',#4756,1.);
#4756 = DIRECTION('',(-0.,-1.));
#4757 = ( GEOMETRIC_REPRESENTATION_CONTEXT(2) 
PARAMETRIC_REPRESENTATION_CONTEXT() REPRESENTATION_CONTEXT('2D SPACE',''
  ) );
#4758 = ORIENTED_EDGE('',*,*,#4759,.T.);
#4759 = EDGE_CURVE('',#4737,#4760,#4762,.T.);
#4760 = VERTEX_POINT('',#4761);
#4761 = CARTESIAN_POINT('',(188.4,9.6,16.5));
#4762 = SURFACE_CURVE('',#4763,(#4767,#4774),.PCURVE_S1.);
#4763 = LINE('',#4764,#4765);
#4764 = CARTESIAN_POINT('',(188.4,190.4,16.5));
#4765 = VECTOR('',#4766,1.);
#4766 = DIRECTION('',(0.,-1.,0.));
#4767 = PCURVE('',#1377,#4768);
#4768 = DEFINITIONAL_REPRESENTATION('',(#4769),#4773);
#4769 = LINE('',#4770,#4771);
#4770 = CARTESIAN_POINT('',(-0.8,-7.6));
#4771 = VECTOR('',#4772,1.);
#4772 = DIRECTION('',(-1.,0.));
#4773 = ( GEOMETRIC_REPRESENTATION_CONTEXT(2) 
PARAMETRIC_REPRESENTATION_CONTEXT() REPRESENTATION_CONTEXT('2D SPACE',''
  ) );
#4774 = PCURVE('',#4775,#4780);
#4775 = PLANE('',#4776);
#4776 = AXIS2_PLACEMENT_3D('',#4777,#4778,#4779);
#4777 = CARTESIAN_POINT('',(188.4,9.6,15.9));
#4778 = DIRECTION('',(-1.,-0.,-0.));
#4779 = DIRECTION('',(0.,0.,-1.));
#4780 = DEFINITIONAL_REPRESENTATION('',(#4781),#4785);
#4781 = LINE('',#4782,#4783);
#4782 = CARTESIAN_POINT('',(-0.6,-180.8));
#4783 = VECTOR('',#4784,1.);
#4784 = DIRECTION('',(-0.,1.));
#4785 = ( GEOMETRIC_REPRESENTATION_CONTEXT(2) 
PARAMETRIC_REPRESENTATION_CONTEXT() REPRESENTATION_CONTEXT('2D SPACE',''
  ) );
#4786 = ORIENTED_EDGE('',*,*,#4787,.T.);
#4787 = EDGE_CURVE('',#4760,#3849,#4788,.T.);
#4788 = SURFACE_CURVE('',#4789,(#4793,#4800),.PCURVE_S1.);
#4789 = LINE('',#4790,#4791);
#4790 = CARTESIAN_POINT('',(188.4,9.6,16.5));
#4791 = VECTOR('',#4792,1.);
#4792 = DIRECTION('',(-1.,0.,0.));
#4793 = PCURVE('',#1377,#4794);
#4794 = DEFINITIONAL_REPRESENTATION('',(#4795),#4799);
#4795 = LINE('',#4796,#4797);
#4796 = CARTESIAN_POINT('',(-181.6,-7.6));
#4797 = VECTOR('',#4798,1.);
#4798 = DIRECTION('',(-0.,-1.));
#4799 = ( GEOMETRIC_REPRESENTATION_CONTEXT(2) 
PARAMETRIC_REPRESENTATION_CONTEXT() REPRESENTATION_CONTEXT('2D SPACE',''
  ) );
#4800 = PCURVE('',#3864,#4801);
#4801 = DEFINITIONAL_REPRESENTATION('',(#4802),#4806);
#4802 = LINE('',#4803,#4804);
#4803 = CARTESIAN_POINT('',(-0.6,-0.));
#4804 = VECTOR('',#4805,1.);
#4805 = DIRECTION('',(-0.,1.));
#4806 = ( GEOMETRIC_REPRESENTATION_CONTEXT(2) 
PARAMETRIC_REPRESENTATION_CONTEXT() REPRESENTATION_CONTEXT('2D SPACE',''
  ) );
#4807 = ORIENTED_EDGE('',*,*,#3876,.T.);
#4808 = ORIENTED_EDGE('',*,*,#3902,.T.);
#4809 = ORIENTED_EDGE('',*,*,#4810,.F.);
#4810 = EDGE_CURVE('',#4051,#3903,#4811,.T.);
#4811 = SURFACE_CURVE('',#4812,(#4816,#4823),.PCURVE_S1.);
#4812 = LINE('',#4813,#4814);
#4813 = CARTESIAN_POINT('',(196.,4.2,16.5));
#4814 = VECTOR('',#4815,1.);
#4815 = DIRECTION('',(-1.,-0.,-0.));
#4816 = PCURVE('',#1377,#4817);
#4817 = DEFINITIONAL_REPRESENTATION('',(#4818),#4822);
#4818 = LINE('',#4819,#4820);
#4819 = CARTESIAN_POINT('',(-187.,0.));
#4820 = VECTOR('',#4821,1.);
#4821 = DIRECTION('',(-0.,-1.));
#4822 = ( GEOMETRIC_REPRESENTATION_CONTEXT(2) 
PARAMETRIC_REPRESENTATION_CONTEXT() REPRESENTATION_CONTEXT('2D SPACE',''
  ) );
#4823 = PCURVE('',#3941,#4824);
#4824 = DEFINITIONAL_REPRESENTATION('',(#4825),#4829);
#4825 = LINE('',#4826,#4827);
#4826 = CARTESIAN_POINT('',(0.,-0.));
#4827 = VECTOR('',#4828,1.);
#4828 = DIRECTION('',(-0.,-1.));
#4829 = ( GEOMETRIC_REPRESENTATION_CONTEXT(2) 
PARAMETRIC_REPRESENTATION_CONTEXT() REPRESENTATION_CONTEXT('2D SPACE',''
  ) );
#4830 = ORIENTED_EDGE('',*,*,#4050,.F.);
#4831 = ORIENTED_EDGE('',*,*,#4124,.F.);
#4832 = ORIENTED_EDGE('',*,*,#4150,.T.);
#4833 = ORIENTED_EDGE('',*,*,#4221,.T.);
#4834 = ORIENTED_EDGE('',*,*,#4270,.F.);
#4835 = ORIENTED_EDGE('',*,*,#4319,.F.);
#4836 = ORIENTED_EDGE('',*,*,#4344,.T.);
#4837 = ORIENTED_EDGE('',*,*,#4417,.T.);
#4838 = ORIENTED_EDGE('',*,*,#4444,.T.);
#4839 = ADVANCED_FACE('',(#4840),#1351,.F.);
#4840 = FACE_BOUND('',#4841,.T.);
#4841 = EDGE_LOOP('',(#4842,#4843,#4844,#4867));
#4842 = ORIENTED_EDGE('',*,*,#4570,.F.);
#4843 = ORIENTED_EDGE('',*,*,#1335,.T.);
#4844 = ORIENTED_EDGE('',*,*,#4845,.T.);
#4845 = EDGE_CURVE('',#1308,#4846,#4848,.T.);
#4846 = VERTEX_POINT('',#4847);
#4847 = CARTESIAN_POINT('',(194.4,10.,17.5));
#4848 = SURFACE_CURVE('',#4849,(#4853,#4860),.PCURVE_S1.);
#4849 = LINE('',#4850,#4851);
#4850 = CARTESIAN_POINT('',(196.,10.,17.5));
#4851 = VECTOR('',#4852,1.);
#4852 = DIRECTION('',(-1.,-0.,-0.));
#4853 = PCURVE('',#1351,#4854);
#4854 = DEFINITIONAL_REPRESENTATION('',(#4855),#4859);
#4855 = LINE('',#4856,#4857);
#4856 = CARTESIAN_POINT('',(-1.,-0.));
#4857 = VECTOR('',#4858,1.);
#4858 = DIRECTION('',(-0.,1.));
#4859 = ( GEOMETRIC_REPRESENTATION_CONTEXT(2) 
PARAMETRIC_REPRESENTATION_CONTEXT() REPRESENTATION_CONTEXT('2D SPACE',''
  ) );
#4860 = PCURVE('',#1323,#4861);
#4861 = DEFINITIONAL_REPRESENTATION('',(#4862),#4866);
#4862 = LINE('',#4863,#4864);
#4863 = CARTESIAN_POINT('',(0.,-0.));
#4864 = VECTOR('',#4865,1.);
#4865 = DIRECTION('',(-1.,0.));
#4866 = ( GEOMETRIC_REPRESENTATION_CONTEXT(2) 
PARAMETRIC_REPRESENTATION_CONTEXT() REPRESENTATION_CONTEXT('2D SPACE',''
  ) );
#4867 = ORIENTED_EDGE('',*,*,#4868,.F.);
#4868 = EDGE_CURVE('',#4571,#4846,#4869,.T.);
#4869 = SURFACE_CURVE('',#4870,(#4874,#4881),.PCURVE_S1.);
#4870 = LINE('',#4871,#4872);
#4871 = CARTESIAN_POINT('',(194.4,10.,16.5));
#4872 = VECTOR('',#4873,1.);
#4873 = DIRECTION('',(-0.,-0.,1.));
#4874 = PCURVE('',#1351,#4875);
#4875 = DEFINITIONAL_REPRESENTATION('',(#4876),#4880);
#4876 = LINE('',#4877,#4878);
#4877 = CARTESIAN_POINT('',(-0.,1.6));
#4878 = VECTOR('',#4879,1.);
#4879 = DIRECTION('',(-1.,0.));
#4880 = ( GEOMETRIC_REPRESENTATION_CONTEXT(2) 
PARAMETRIC_REPRESENTATION_CONTEXT() REPRESENTATION_CONTEXT('2D SPACE',''
  ) );
#4881 = PCURVE('',#1510,#4882);
#4882 = DEFINITIONAL_REPRESENTATION('',(#4883),#4887);
#4883 = LINE('',#4884,#4885);
#4884 = CARTESIAN_POINT('',(-0.,-0.));
#4885 = VECTOR('',#4886,1.);
#4886 = DIRECTION('',(-1.,-0.));
#4887 = ( GEOMETRIC_REPRESENTATION_CONTEXT(2) 
PARAMETRIC_REPRESENTATION_CONTEXT() REPRESENTATION_CONTEXT('2D SPACE',''
  ) );
#4888 = ADVANCED_FACE('',(#4889),#1323,.T.);
#4889 = FACE_BOUND('',#4890,.F.);
#4890 = EDGE_LOOP('',(#4891,#4892,#4893,#4914,#4915));
#4891 = ORIENTED_EDGE('',*,*,#1307,.F.);
#4892 = ORIENTED_EDGE('',*,*,#4845,.T.);
#4893 = ORIENTED_EDGE('',*,*,#4894,.T.);
#4894 = EDGE_CURVE('',#4846,#1467,#4895,.T.);
#4895 = SURFACE_CURVE('',#4896,(#4900,#4907),.PCURVE_S1.);
#4896 = LINE('',#4897,#4898);
#4897 = CARTESIAN_POINT('',(194.4,10.,17.5));
#4898 = VECTOR('',#4899,1.);
#4899 = DIRECTION('',(-0.,1.,-0.));
#4900 = PCURVE('',#1323,#4901);
#4901 = DEFINITIONAL_REPRESENTATION('',(#4902),#4906);
#4902 = LINE('',#4903,#4904);
#4903 = CARTESIAN_POINT('',(-1.6,0.));
#4904 = VECTOR('',#4905,1.);
#4905 = DIRECTION('',(-0.,1.));
#4906 = ( GEOMETRIC_REPRESENTATION_CONTEXT(2) 
PARAMETRIC_REPRESENTATION_CONTEXT() REPRESENTATION_CONTEXT('2D SPACE',''
  ) );
#4907 = PCURVE('',#1510,#4908);
#4908 = DEFINITIONAL_REPRESENTATION('',(#4909),#4913);
#4909 = LINE('',#4910,#4911);
#4910 = CARTESIAN_POINT('',(-1.,-0.));
#4911 = VECTOR('',#4912,1.);
#4912 = DIRECTION('',(-0.,-1.));
#4913 = ( GEOMETRIC_REPRESENTATION_CONTEXT(2) 
PARAMETRIC_REPRESENTATION_CONTEXT() REPRESENTATION_CONTEXT('2D SPACE',''
  ) );
#4914 = ORIENTED_EDGE('',*,*,#1466,.F.);
#4915 = ORIENTED_EDGE('',*,*,#1394,.T.);
#4916 = ADVANCED_FACE('',(#4917),#1510,.T.);
#4917 = FACE_BOUND('',#4918,.F.);
#4918 = EDGE_LOOP('',(#4919,#4920,#4921,#4922));
#4919 = ORIENTED_EDGE('',*,*,#4894,.F.);
#4920 = ORIENTED_EDGE('',*,*,#4868,.F.);
#4921 = ORIENTED_EDGE('',*,*,#4593,.T.);
#4922 = ORIENTED_EDGE('',*,*,#1494,.T.);
#4923 = ADVANCED_FACE('',(#4924),#1670,.T.);
#4924 = FACE_BOUND('',#4925,.F.);
#4925 = EDGE_LOOP('',(#4926,#4947,#4948,#4949));
#4926 = ORIENTED_EDGE('',*,*,#4927,.F.);
#4927 = EDGE_CURVE('',#1622,#1854,#4928,.T.);
#4928 = SURFACE_CURVE('',#4929,(#4933,#4940),.PCURVE_S1.);
#4929 = LINE('',#4930,#4931);
#4930 = CARTESIAN_POINT('',(194.4,10.,17.5));
#4931 = VECTOR('',#4932,1.);
#4932 = DIRECTION('',(-0.,1.,-0.));
#4933 = PCURVE('',#1670,#4934);
#4934 = DEFINITIONAL_REPRESENTATION('',(#4935),#4939);
#4935 = LINE('',#4936,#4937);
#4936 = CARTESIAN_POINT('',(-1.,-0.));
#4937 = VECTOR('',#4938,1.);
#4938 = DIRECTION('',(-0.,-1.));
#4939 = ( GEOMETRIC_REPRESENTATION_CONTEXT(2) 
PARAMETRIC_REPRESENTATION_CONTEXT() REPRESENTATION_CONTEXT('2D SPACE',''
  ) );
#4940 = PCURVE('',#1638,#4941);
#4941 = DEFINITIONAL_REPRESENTATION('',(#4942),#4946);
#4942 = LINE('',#4943,#4944);
#4943 = CARTESIAN_POINT('',(-1.6,0.));
#4944 = VECTOR('',#4945,1.);
#4945 = DIRECTION('',(-0.,1.));
#4946 = ( GEOMETRIC_REPRESENTATION_CONTEXT(2) 
PARAMETRIC_REPRESENTATION_CONTEXT() REPRESENTATION_CONTEXT('2D SPACE',''
  ) );
#4947 = ORIENTED_EDGE('',*,*,#1654,.F.);
#4948 = ORIENTED_EDGE('',*,*,#4617,.T.);
#4949 = ORIENTED_EDGE('',*,*,#1853,.T.);
#4950 = ADVANCED_FACE('',(#4951),#1638,.T.);
#4951 = FACE_BOUND('',#4952,.F.);
#4952 = EDGE_LOOP('',(#4953,#4954,#4955,#4956,#4957));
#4953 = ORIENTED_EDGE('',*,*,#1781,.F.);
#4954 = ORIENTED_EDGE('',*,*,#1731,.F.);
#4955 = ORIENTED_EDGE('',*,*,#1621,.F.);
#4956 = ORIENTED_EDGE('',*,*,#4927,.T.);
#4957 = ORIENTED_EDGE('',*,*,#1876,.F.);
#4958 = ADVANCED_FACE('',(#4959),#2224,.T.);
#4959 = FACE_BOUND('',#4960,.F.);
#4960 = EDGE_LOOP('',(#4961,#4962,#4963,#4984,#4985));
#4961 = ORIENTED_EDGE('',*,*,#2289,.F.);
#4962 = ORIENTED_EDGE('',*,*,#2207,.F.);
#4963 = ORIENTED_EDGE('',*,*,#4964,.T.);
#4964 = EDGE_CURVE('',#2180,#2388,#4965,.T.);
#4965 = SURFACE_CURVE('',#4966,(#4970,#4977),.PCURVE_S1.);
#4966 = LINE('',#4967,#4968);
#4967 = CARTESIAN_POINT('',(194.4,10.,17.5));
#4968 = VECTOR('',#4969,1.);
#4969 = DIRECTION('',(-0.,1.,-0.));
#4970 = PCURVE('',#2224,#4971);
#4971 = DEFINITIONAL_REPRESENTATION('',(#4972),#4976);
#4972 = LINE('',#4973,#4974);
#4973 = CARTESIAN_POINT('',(-1.6,0.));
#4974 = VECTOR('',#4975,1.);
#4975 = DIRECTION('',(-0.,1.));
#4976 = ( GEOMETRIC_REPRESENTATION_CONTEXT(2) 
PARAMETRIC_REPRESENTATION_CONTEXT() REPRESENTATION_CONTEXT('2D SPACE',''
  ) );
#4977 = PCURVE('',#2195,#4978);
#4978 = DEFINITIONAL_REPRESENTATION('',(#4979),#4983);
#4979 = LINE('',#4980,#4981);
#4980 = CARTESIAN_POINT('',(-1.,-0.));
#4981 = VECTOR('',#4982,1.);
#4982 = DIRECTION('',(-0.,-1.));
#4983 = ( GEOMETRIC_REPRESENTATION_CONTEXT(2) 
PARAMETRIC_REPRESENTATION_CONTEXT() REPRESENTATION_CONTEXT('2D SPACE',''
  ) );
#4984 = ORIENTED_EDGE('',*,*,#2387,.F.);
#4985 = ORIENTED_EDGE('',*,*,#2315,.T.);
#4986 = ADVANCED_FACE('',(#4987),#2195,.T.);
#4987 = FACE_BOUND('',#4988,.F.);
#4988 = EDGE_LOOP('',(#4989,#4990,#4991,#4992));
#4989 = ORIENTED_EDGE('',*,*,#4964,.F.);
#4990 = ORIENTED_EDGE('',*,*,#2179,.F.);
#4991 = ORIENTED_EDGE('',*,*,#4645,.T.);
#4992 = ORIENTED_EDGE('',*,*,#2415,.T.);
#4993 = ADVANCED_FACE('',(#4994),#2586,.T.);
#4994 = FACE_BOUND('',#4995,.F.);
#4995 = EDGE_LOOP('',(#4996,#5019,#5020,#5021));
#4996 = ORIENTED_EDGE('',*,*,#4997,.F.);
#4997 = EDGE_CURVE('',#2538,#4998,#5000,.T.);
#4998 = VERTEX_POINT('',#4999);
#4999 = CARTESIAN_POINT('',(194.4,190.,17.5));
#5000 = SURFACE_CURVE('',#5001,(#5005,#5012),.PCURVE_S1.);
#5001 = LINE('',#5002,#5003);
#5002 = CARTESIAN_POINT('',(194.4,10.,17.5));
#5003 = VECTOR('',#5004,1.);
#5004 = DIRECTION('',(-0.,1.,-0.));
#5005 = PCURVE('',#2586,#5006);
#5006 = DEFINITIONAL_REPRESENTATION('',(#5007),#5011);
#5007 = LINE('',#5008,#5009);
#5008 = CARTESIAN_POINT('',(-1.,-0.));
#5009 = VECTOR('',#5010,1.);
#5010 = DIRECTION('',(-0.,-1.));
#5011 = ( GEOMETRIC_REPRESENTATION_CONTEXT(2) 
PARAMETRIC_REPRESENTATION_CONTEXT() REPRESENTATION_CONTEXT('2D SPACE',''
  ) );
#5012 = PCURVE('',#2554,#5013);
#5013 = DEFINITIONAL_REPRESENTATION('',(#5014),#5018);
#5014 = LINE('',#5015,#5016);
#5015 = CARTESIAN_POINT('',(-1.6,0.));
#5016 = VECTOR('',#5017,1.);
#5017 = DIRECTION('',(-0.,1.));
#5018 = ( GEOMETRIC_REPRESENTATION_CONTEXT(2) 
PARAMETRIC_REPRESENTATION_CONTEXT() REPRESENTATION_CONTEXT('2D SPACE',''
  ) );
#5019 = ORIENTED_EDGE('',*,*,#2570,.F.);
#5020 = ORIENTED_EDGE('',*,*,#4669,.T.);
#5021 = ORIENTED_EDGE('',*,*,#5022,.T.);
#5022 = EDGE_CURVE('',#4670,#4998,#5023,.T.);
#5023 = SURFACE_CURVE('',#5024,(#5028,#5035),.PCURVE_S1.);
#5024 = LINE('',#5025,#5026);
#5025 = CARTESIAN_POINT('',(194.4,190.,16.5));
#5026 = VECTOR('',#5027,1.);
#5027 = DIRECTION('',(-0.,-0.,1.));
#5028 = PCURVE('',#2586,#5029);
#5029 = DEFINITIONAL_REPRESENTATION('',(#5030),#5034);
#5030 = LINE('',#5031,#5032);
#5031 = CARTESIAN_POINT('',(-0.,-180.));
#5032 = VECTOR('',#5033,1.);
#5033 = DIRECTION('',(-1.,-0.));
#5034 = ( GEOMETRIC_REPRESENTATION_CONTEXT(2) 
PARAMETRIC_REPRESENTATION_CONTEXT() REPRESENTATION_CONTEXT('2D SPACE',''
  ) );
#5035 = PCURVE('',#2764,#5036);
#5036 = DEFINITIONAL_REPRESENTATION('',(#5037),#5041);
#5037 = LINE('',#5038,#5039);
#5038 = CARTESIAN_POINT('',(-0.,1.6));
#5039 = VECTOR('',#5040,1.);
#5040 = DIRECTION('',(-1.,0.));
#5041 = ( GEOMETRIC_REPRESENTATION_CONTEXT(2) 
PARAMETRIC_REPRESENTATION_CONTEXT() REPRESENTATION_CONTEXT('2D SPACE',''
  ) );
#5042 = ADVANCED_FACE('',(#5043),#2554,.T.);
#5043 = FACE_BOUND('',#5044,.F.);
#5044 = EDGE_LOOP('',(#5045,#5046,#5047,#5048,#5049));
#5045 = ORIENTED_EDGE('',*,*,#2776,.F.);
#5046 = ORIENTED_EDGE('',*,*,#2647,.F.);
#5047 = ORIENTED_EDGE('',*,*,#2537,.F.);
#5048 = ORIENTED_EDGE('',*,*,#4997,.T.);
#5049 = ORIENTED_EDGE('',*,*,#5050,.F.);
#5050 = EDGE_CURVE('',#2749,#4998,#5051,.T.);
#5051 = SURFACE_CURVE('',#5052,(#5056,#5063),.PCURVE_S1.);
#5052 = LINE('',#5053,#5054);
#5053 = CARTESIAN_POINT('',(196.,190.,17.5));
#5054 = VECTOR('',#5055,1.);
#5055 = DIRECTION('',(-1.,-0.,-0.));
#5056 = PCURVE('',#2554,#5057);
#5057 = DEFINITIONAL_REPRESENTATION('',(#5058),#5062);
#5058 = LINE('',#5059,#5060);
#5059 = CARTESIAN_POINT('',(0.,180.));
#5060 = VECTOR('',#5061,1.);
#5061 = DIRECTION('',(-1.,0.));
#5062 = ( GEOMETRIC_REPRESENTATION_CONTEXT(2) 
PARAMETRIC_REPRESENTATION_CONTEXT() REPRESENTATION_CONTEXT('2D SPACE',''
  ) );
#5063 = PCURVE('',#2764,#5064);
#5064 = DEFINITIONAL_REPRESENTATION('',(#5065),#5069);
#5065 = LINE('',#5066,#5067);
#5066 = CARTESIAN_POINT('',(-1.,-0.));
#5067 = VECTOR('',#5068,1.);
#5068 = DIRECTION('',(-0.,1.));
#5069 = ( GEOMETRIC_REPRESENTATION_CONTEXT(2) 
PARAMETRIC_REPRESENTATION_CONTEXT() REPRESENTATION_CONTEXT('2D SPACE',''
  ) );
#5070 = ADVANCED_FACE('',(#5071),#2764,.T.);
#5071 = FACE_BOUND('',#5072,.F.);
#5072 = EDGE_LOOP('',(#5073,#5074,#5075,#5076));
#5073 = ORIENTED_EDGE('',*,*,#4692,.F.);
#5074 = ORIENTED_EDGE('',*,*,#2748,.T.);
#5075 = ORIENTED_EDGE('',*,*,#5050,.T.);
#5076 = ORIENTED_EDGE('',*,*,#5022,.F.);
#5077 = ADVANCED_FACE('',(#5078),#2713,.F.);
#5078 = FACE_BOUND('',#5079,.T.);
#5079 = EDGE_LOOP('',(#5080,#5081,#5082,#5083,#5084));
#5080 = ORIENTED_EDGE('',*,*,#2697,.F.);
#5081 = ORIENTED_EDGE('',*,*,#2825,.T.);
#5082 = ORIENTED_EDGE('',*,*,#2849,.T.);
#5083 = ORIENTED_EDGE('',*,*,#2975,.F.);
#5084 = ORIENTED_EDGE('',*,*,#4714,.F.);
#5085 = ADVANCED_FACE('',(#5086),#2939,.F.);
#5086 = FACE_BOUND('',#5087,.T.);
#5087 = EDGE_LOOP('',(#5088,#5111,#5132,#5133));
#5088 = ORIENTED_EDGE('',*,*,#5089,.T.);
#5089 = EDGE_CURVE('',#2901,#5090,#5092,.T.);
#5090 = VERTEX_POINT('',#5091);
#5091 = CARTESIAN_POINT('',(188.4,190.4,15.9));
#5092 = SURFACE_CURVE('',#5093,(#5097,#5104),.PCURVE_S1.);
#5093 = LINE('',#5094,#5095);
#5094 = CARTESIAN_POINT('',(115.7,190.4,15.9));
#5095 = VECTOR('',#5096,1.);
#5096 = DIRECTION('',(1.,0.,0.));
#5097 = PCURVE('',#2939,#5098);
#5098 = DEFINITIONAL_REPRESENTATION('',(#5099),#5103);
#5099 = LINE('',#5100,#5101);
#5100 = CARTESIAN_POINT('',(-0.,72.7));
#5101 = VECTOR('',#5102,1.);
#5102 = DIRECTION('',(-0.,-1.));
#5103 = ( GEOMETRIC_REPRESENTATION_CONTEXT(2) 
PARAMETRIC_REPRESENTATION_CONTEXT() REPRESENTATION_CONTEXT('2D SPACE',''
  ) );
#5104 = PCURVE('',#3023,#5105);
#5105 = DEFINITIONAL_REPRESENTATION('',(#5106),#5110);
#5106 = LINE('',#5107,#5108);
#5107 = CARTESIAN_POINT('',(-72.7,0.8));
#5108 = VECTOR('',#5109,1.);
#5109 = DIRECTION('',(1.,-0.));
#5110 = ( GEOMETRIC_REPRESENTATION_CONTEXT(2) 
PARAMETRIC_REPRESENTATION_CONTEXT() REPRESENTATION_CONTEXT('2D SPACE',''
  ) );
#5111 = ORIENTED_EDGE('',*,*,#5112,.T.);
#5112 = EDGE_CURVE('',#5090,#4737,#5113,.T.);
#5113 = SURFACE_CURVE('',#5114,(#5118,#5125),.PCURVE_S1.);
#5114 = LINE('',#5115,#5116);
#5115 = CARTESIAN_POINT('',(188.4,190.4,15.9));
#5116 = VECTOR('',#5117,1.);
#5117 = DIRECTION('',(-0.,-0.,1.));
#5118 = PCURVE('',#2939,#5119);
#5119 = DEFINITIONAL_REPRESENTATION('',(#5120),#5124);
#5120 = LINE('',#5121,#5122);
#5121 = CARTESIAN_POINT('',(-0.,-0.));
#5122 = VECTOR('',#5123,1.);
#5123 = DIRECTION('',(-1.,0.));
#5124 = ( GEOMETRIC_REPRESENTATION_CONTEXT(2) 
PARAMETRIC_REPRESENTATION_CONTEXT() REPRESENTATION_CONTEXT('2D SPACE',''
  ) );
#5125 = PCURVE('',#4775,#5126);
#5126 = DEFINITIONAL_REPRESENTATION('',(#5127),#5131);
#5127 = LINE('',#5128,#5129);
#5128 = CARTESIAN_POINT('',(-0.,-180.8));
#5129 = VECTOR('',#5130,1.);
#5130 = DIRECTION('',(-1.,-0.));
#5131 = ( GEOMETRIC_REPRESENTATION_CONTEXT(2) 
PARAMETRIC_REPRESENTATION_CONTEXT() REPRESENTATION_CONTEXT('2D SPACE',''
  ) );
#5132 = ORIENTED_EDGE('',*,*,#4736,.F.);
#5133 = ORIENTED_EDGE('',*,*,#2923,.F.);
#5134 = ADVANCED_FACE('',(#5135,#5571,#5685,#5799,#5913,#6027,#6141,
    #6255,#6369,#6483,#6597),#3023,.T.);
#5135 = FACE_BOUND('',#5136,.F.);
#5136 = EDGE_LOOP('',(#5137,#5138,#5161,#5182,#5183,#5204,#5205,#5228,
    #5256,#5277,#5278,#5301,#5329,#5350,#5351,#5374,#5402,#5423,#5424,
    #5447,#5475,#5496,#5497,#5520,#5548,#5569,#5570));
#5137 = ORIENTED_EDGE('',*,*,#5089,.T.);
#5138 = ORIENTED_EDGE('',*,*,#5139,.F.);
#5139 = EDGE_CURVE('',#5140,#5090,#5142,.T.);
#5140 = VERTEX_POINT('',#5141);
#5141 = CARTESIAN_POINT('',(188.4,9.6,15.9));
#5142 = SURFACE_CURVE('',#5143,(#5147,#5154),.PCURVE_S1.);
#5143 = LINE('',#5144,#5145);
#5144 = CARTESIAN_POINT('',(188.4,9.6,15.9));
#5145 = VECTOR('',#5146,1.);
#5146 = DIRECTION('',(0.,1.,0.));
#5147 = PCURVE('',#3023,#5148);
#5148 = DEFINITIONAL_REPRESENTATION('',(#5149),#5153);
#5149 = LINE('',#5150,#5151);
#5150 = CARTESIAN_POINT('',(-0.,-180.));
#5151 = VECTOR('',#5152,1.);
#5152 = DIRECTION('',(0.,1.));
#5153 = ( GEOMETRIC_REPRESENTATION_CONTEXT(2) 
PARAMETRIC_REPRESENTATION_CONTEXT() REPRESENTATION_CONTEXT('2D SPACE',''
  ) );
#5154 = PCURVE('',#4775,#5155);
#5155 = DEFINITIONAL_REPRESENTATION('',(#5156),#5160);
#5156 = LINE('',#5157,#5158);
#5157 = CARTESIAN_POINT('',(-0.,-0.));
#5158 = VECTOR('',#5159,1.);
#5159 = DIRECTION('',(-0.,-1.));
#5160 = ( GEOMETRIC_REPRESENTATION_CONTEXT(2) 
PARAMETRIC_REPRESENTATION_CONTEXT() REPRESENTATION_CONTEXT('2D SPACE',''
  ) );
#5161 = ORIENTED_EDGE('',*,*,#5162,.F.);
#5162 = EDGE_CURVE('',#3777,#5140,#5163,.T.);
#5163 = SURFACE_CURVE('',#5164,(#5168,#5175),.PCURVE_S1.);
#5164 = LINE('',#5165,#5166);
#5165 = CARTESIAN_POINT('',(115.7,9.6,15.9));
#5166 = VECTOR('',#5167,1.);
#5167 = DIRECTION('',(1.,0.,0.));
#5168 = PCURVE('',#3023,#5169);
#5169 = DEFINITIONAL_REPRESENTATION('',(#5170),#5174);
#5170 = LINE('',#5171,#5172);
#5171 = CARTESIAN_POINT('',(-72.7,-180.));
#5172 = VECTOR('',#5173,1.);
#5173 = DIRECTION('',(1.,-0.));
#5174 = ( GEOMETRIC_REPRESENTATION_CONTEXT(2) 
PARAMETRIC_REPRESENTATION_CONTEXT() REPRESENTATION_CONTEXT('2D SPACE',''
  ) );
#5175 = PCURVE('',#3864,#5176);
#5176 = DEFINITIONAL_REPRESENTATION('',(#5177),#5181);
#5177 = LINE('',#5178,#5179);
#5178 = CARTESIAN_POINT('',(-0.,72.7));
#5179 = VECTOR('',#5180,1.);
#5180 = DIRECTION('',(-0.,-1.));
#5181 = ( GEOMETRIC_REPRESENTATION_CONTEXT(2) 
PARAMETRIC_REPRESENTATION_CONTEXT() REPRESENTATION_CONTEXT('2D SPACE',''
  ) );
#5182 = ORIENTED_EDGE('',*,*,#3799,.T.);
#5183 = ORIENTED_EDGE('',*,*,#5184,.T.);
#5184 = EDGE_CURVE('',#3703,#3622,#5185,.T.);
#5185 = SURFACE_CURVE('',#5186,(#5190,#5197),.PCURVE_S1.);
#5186 = LINE('',#5187,#5188);
#5187 = CARTESIAN_POINT('',(188.4,9.6,15.9));
#5188 = VECTOR('',#5189,1.);
#5189 = DIRECTION('',(-1.,-0.,-0.));
#5190 = PCURVE('',#3023,#5191);
#5191 = DEFINITIONAL_REPRESENTATION('',(#5192),#5196);
#5192 = LINE('',#5193,#5194);
#5193 = CARTESIAN_POINT('',(-0.,-180.));
#5194 = VECTOR('',#5195,1.);
#5195 = DIRECTION('',(-1.,0.));
#5196 = ( GEOMETRIC_REPRESENTATION_CONTEXT(2) 
PARAMETRIC_REPRESENTATION_CONTEXT() REPRESENTATION_CONTEXT('2D SPACE',''
  ) );
#5197 = PCURVE('',#3660,#5198);
#5198 = DEFINITIONAL_REPRESENTATION('',(#5199),#5203);
#5199 = LINE('',#5200,#5201);
#5200 = CARTESIAN_POINT('',(-0.,-0.));
#5201 = VECTOR('',#5202,1.);
#5202 = DIRECTION('',(-0.,1.));
#5203 = ( GEOMETRIC_REPRESENTATION_CONTEXT(2) 
PARAMETRIC_REPRESENTATION_CONTEXT() REPRESENTATION_CONTEXT('2D SPACE',''
  ) );
#5204 = ORIENTED_EDGE('',*,*,#3621,.F.);
#5205 = ORIENTED_EDGE('',*,*,#5206,.F.);
#5206 = EDGE_CURVE('',#5207,#3594,#5209,.T.);
#5207 = VERTEX_POINT('',#5208);
#5208 = CARTESIAN_POINT('',(115.6,10.4,15.9));
#5209 = SURFACE_CURVE('',#5210,(#5214,#5221),.PCURVE_S1.);
#5210 = LINE('',#5211,#5212);
#5211 = CARTESIAN_POINT('',(188.4,10.4,15.9));
#5212 = VECTOR('',#5213,1.);
#5213 = DIRECTION('',(-1.,-0.,-0.));
#5214 = PCURVE('',#3023,#5215);
#5215 = DEFINITIONAL_REPRESENTATION('',(#5216),#5220);
#5216 = LINE('',#5217,#5218);
#5217 = CARTESIAN_POINT('',(-0.,-179.2));
#5218 = VECTOR('',#5219,1.);
#5219 = DIRECTION('',(-1.,0.));
#5220 = ( GEOMETRIC_REPRESENTATION_CONTEXT(2) 
PARAMETRIC_REPRESENTATION_CONTEXT() REPRESENTATION_CONTEXT('2D SPACE',''
  ) );
#5221 = PCURVE('',#3609,#5222);
#5222 = DEFINITIONAL_REPRESENTATION('',(#5223),#5227);
#5223 = LINE('',#5224,#5225);
#5224 = CARTESIAN_POINT('',(-0.,-0.));
#5225 = VECTOR('',#5226,1.);
#5226 = DIRECTION('',(-0.,1.));
#5227 = ( GEOMETRIC_REPRESENTATION_CONTEXT(2) 
PARAMETRIC_REPRESENTATION_CONTEXT() REPRESENTATION_CONTEXT('2D SPACE',''
  ) );
#5228 = ORIENTED_EDGE('',*,*,#5229,.T.);
#5229 = EDGE_CURVE('',#5207,#5230,#5232,.T.);
#5230 = VERTEX_POINT('',#5231);
#5231 = CARTESIAN_POINT('',(115.6,45.6,15.9));
#5232 = SURFACE_CURVE('',#5233,(#5237,#5244),.PCURVE_S1.);
#5233 = LINE('',#5234,#5235);
#5234 = CARTESIAN_POINT('',(115.6,9.6,15.9));
#5235 = VECTOR('',#5236,1.);
#5236 = DIRECTION('',(-0.,1.,-0.));
#5237 = PCURVE('',#3023,#5238);
#5238 = DEFINITIONAL_REPRESENTATION('',(#5239),#5243);
#5239 = LINE('',#5240,#5241);
#5240 = CARTESIAN_POINT('',(-72.8,-180.));
#5241 = VECTOR('',#5242,1.);
#5242 = DIRECTION('',(-0.,1.));
#5243 = ( GEOMETRIC_REPRESENTATION_CONTEXT(2) 
PARAMETRIC_REPRESENTATION_CONTEXT() REPRESENTATION_CONTEXT('2D SPACE',''
  ) );
#5244 = PCURVE('',#5245,#5250);
#5245 = PLANE('',#5246);
#5246 = AXIS2_PLACEMENT_3D('',#5247,#5248,#5249);
#5247 = CARTESIAN_POINT('',(115.6,9.6,15.9));
#5248 = DIRECTION('',(-1.,-0.,-0.));
#5249 = DIRECTION('',(0.,0.,-1.));
#5250 = DEFINITIONAL_REPRESENTATION('',(#5251),#5255);
#5251 = LINE('',#5252,#5253);
#5252 = CARTESIAN_POINT('',(-0.,-0.));
#5253 = VECTOR('',#5254,1.);
#5254 = DIRECTION('',(-0.,-1.));
#5255 = ( GEOMETRIC_REPRESENTATION_CONTEXT(2) 
PARAMETRIC_REPRESENTATION_CONTEXT() REPRESENTATION_CONTEXT('2D SPACE',''
  ) );
#5256 = ORIENTED_EDGE('',*,*,#5257,.T.);
#5257 = EDGE_CURVE('',#5230,#3515,#5258,.T.);
#5258 = SURFACE_CURVE('',#5259,(#5263,#5270),.PCURVE_S1.);
#5259 = LINE('',#5260,#5261);
#5260 = CARTESIAN_POINT('',(188.4,45.6,15.9));
#5261 = VECTOR('',#5262,1.);
#5262 = DIRECTION('',(-1.,-0.,-0.));
#5263 = PCURVE('',#3023,#5264);
#5264 = DEFINITIONAL_REPRESENTATION('',(#5265),#5269);
#5265 = LINE('',#5266,#5267);
#5266 = CARTESIAN_POINT('',(-0.,-144.));
#5267 = VECTOR('',#5268,1.);
#5268 = DIRECTION('',(-1.,0.));
#5269 = ( GEOMETRIC_REPRESENTATION_CONTEXT(2) 
PARAMETRIC_REPRESENTATION_CONTEXT() REPRESENTATION_CONTEXT('2D SPACE',''
  ) );
#5270 = PCURVE('',#3553,#5271);
#5271 = DEFINITIONAL_REPRESENTATION('',(#5272),#5276);
#5272 = LINE('',#5273,#5274);
#5273 = CARTESIAN_POINT('',(-0.,-0.));
#5274 = VECTOR('',#5275,1.);
#5275 = DIRECTION('',(-0.,1.));
#5276 = ( GEOMETRIC_REPRESENTATION_CONTEXT(2) 
PARAMETRIC_REPRESENTATION_CONTEXT() REPRESENTATION_CONTEXT('2D SPACE',''
  ) );
#5277 = ORIENTED_EDGE('',*,*,#3514,.F.);
#5278 = ORIENTED_EDGE('',*,*,#5279,.F.);
#5279 = EDGE_CURVE('',#5280,#3487,#5282,.T.);
#5280 = VERTEX_POINT('',#5281);
#5281 = CARTESIAN_POINT('',(115.6,46.4,15.9));
#5282 = SURFACE_CURVE('',#5283,(#5287,#5294),.PCURVE_S1.);
#5283 = LINE('',#5284,#5285);
#5284 = CARTESIAN_POINT('',(188.4,46.4,15.9));
#5285 = VECTOR('',#5286,1.);
#5286 = DIRECTION('',(-1.,-0.,-0.));
#5287 = PCURVE('',#3023,#5288);
#5288 = DEFINITIONAL_REPRESENTATION('',(#5289),#5293);
#5289 = LINE('',#5290,#5291);
#5290 = CARTESIAN_POINT('',(-0.,-143.2));
#5291 = VECTOR('',#5292,1.);
#5292 = DIRECTION('',(-1.,0.));
#5293 = ( GEOMETRIC_REPRESENTATION_CONTEXT(2) 
PARAMETRIC_REPRESENTATION_CONTEXT() REPRESENTATION_CONTEXT('2D SPACE',''
  ) );
#5294 = PCURVE('',#3502,#5295);
#5295 = DEFINITIONAL_REPRESENTATION('',(#5296),#5300);
#5296 = LINE('',#5297,#5298);
#5297 = CARTESIAN_POINT('',(-0.,-0.));
#5298 = VECTOR('',#5299,1.);
#5299 = DIRECTION('',(-0.,1.));
#5300 = ( GEOMETRIC_REPRESENTATION_CONTEXT(2) 
PARAMETRIC_REPRESENTATION_CONTEXT() REPRESENTATION_CONTEXT('2D SPACE',''
  ) );
#5301 = ORIENTED_EDGE('',*,*,#5302,.T.);
#5302 = EDGE_CURVE('',#5280,#5303,#5305,.T.);
#5303 = VERTEX_POINT('',#5304);
#5304 = CARTESIAN_POINT('',(115.6,81.6,15.9));
#5305 = SURFACE_CURVE('',#5306,(#5310,#5317),.PCURVE_S1.);
#5306 = LINE('',#5307,#5308);
#5307 = CARTESIAN_POINT('',(115.6,9.6,15.9));
#5308 = VECTOR('',#5309,1.);
#5309 = DIRECTION('',(-0.,1.,-0.));
#5310 = PCURVE('',#3023,#5311);
#5311 = DEFINITIONAL_REPRESENTATION('',(#5312),#5316);
#5312 = LINE('',#5313,#5314);
#5313 = CARTESIAN_POINT('',(-72.8,-180.));
#5314 = VECTOR('',#5315,1.);
#5315 = DIRECTION('',(-0.,1.));
#5316 = ( GEOMETRIC_REPRESENTATION_CONTEXT(2) 
PARAMETRIC_REPRESENTATION_CONTEXT() REPRESENTATION_CONTEXT('2D SPACE',''
  ) );
#5317 = PCURVE('',#5318,#5323);
#5318 = PLANE('',#5319);
#5319 = AXIS2_PLACEMENT_3D('',#5320,#5321,#5322);
#5320 = CARTESIAN_POINT('',(115.6,9.6,15.9));
#5321 = DIRECTION('',(-1.,-0.,-0.));
#5322 = DIRECTION('',(0.,0.,-1.));
#5323 = DEFINITIONAL_REPRESENTATION('',(#5324),#5328);
#5324 = LINE('',#5325,#5326);
#5325 = CARTESIAN_POINT('',(-0.,-0.));
#5326 = VECTOR('',#5327,1.);
#5327 = DIRECTION('',(-0.,-1.));
#5328 = ( GEOMETRIC_REPRESENTATION_CONTEXT(2) 
PARAMETRIC_REPRESENTATION_CONTEXT() REPRESENTATION_CONTEXT('2D SPACE',''
  ) );
#5329 = ORIENTED_EDGE('',*,*,#5330,.T.);
#5330 = EDGE_CURVE('',#5303,#3408,#5331,.T.);
#5331 = SURFACE_CURVE('',#5332,(#5336,#5343),.PCURVE_S1.);
#5332 = LINE('',#5333,#5334);
#5333 = CARTESIAN_POINT('',(188.4,81.6,15.9));
#5334 = VECTOR('',#5335,1.);
#5335 = DIRECTION('',(-1.,-0.,-0.));
#5336 = PCURVE('',#3023,#5337);
#5337 = DEFINITIONAL_REPRESENTATION('',(#5338),#5342);
#5338 = LINE('',#5339,#5340);
#5339 = CARTESIAN_POINT('',(-0.,-108.));
#5340 = VECTOR('',#5341,1.);
#5341 = DIRECTION('',(-1.,0.));
#5342 = ( GEOMETRIC_REPRESENTATION_CONTEXT(2) 
PARAMETRIC_REPRESENTATION_CONTEXT() REPRESENTATION_CONTEXT('2D SPACE',''
  ) );
#5343 = PCURVE('',#3446,#5344);
#5344 = DEFINITIONAL_REPRESENTATION('',(#5345),#5349);
#5345 = LINE('',#5346,#5347);
#5346 = CARTESIAN_POINT('',(-0.,-0.));
#5347 = VECTOR('',#5348,1.);
#5348 = DIRECTION('',(-0.,1.));
#5349 = ( GEOMETRIC_REPRESENTATION_CONTEXT(2) 
PARAMETRIC_REPRESENTATION_CONTEXT() REPRESENTATION_CONTEXT('2D SPACE',''
  ) );
#5350 = ORIENTED_EDGE('',*,*,#3407,.F.);
#5351 = ORIENTED_EDGE('',*,*,#5352,.F.);
#5352 = EDGE_CURVE('',#5353,#3380,#5355,.T.);
#5353 = VERTEX_POINT('',#5354);
#5354 = CARTESIAN_POINT('',(115.6,82.4,15.9));
#5355 = SURFACE_CURVE('',#5356,(#5360,#5367),.PCURVE_S1.);
#5356 = LINE('',#5357,#5358);
#5357 = CARTESIAN_POINT('',(188.4,82.4,15.9));
#5358 = VECTOR('',#5359,1.);
#5359 = DIRECTION('',(-1.,-0.,-0.));
#5360 = PCURVE('',#3023,#5361);
#5361 = DEFINITIONAL_REPRESENTATION('',(#5362),#5366);
#5362 = LINE('',#5363,#5364);
#5363 = CARTESIAN_POINT('',(-0.,-107.2));
#5364 = VECTOR('',#5365,1.);
#5365 = DIRECTION('',(-1.,0.));
#5366 = ( GEOMETRIC_REPRESENTATION_CONTEXT(2) 
PARAMETRIC_REPRESENTATION_CONTEXT() REPRESENTATION_CONTEXT('2D SPACE',''
  ) );
#5367 = PCURVE('',#3395,#5368);
#5368 = DEFINITIONAL_REPRESENTATION('',(#5369),#5373);
#5369 = LINE('',#5370,#5371);
#5370 = CARTESIAN_POINT('',(-0.,-0.));
#5371 = VECTOR('',#5372,1.);
#5372 = DIRECTION('',(-0.,1.));
#5373 = ( GEOMETRIC_REPRESENTATION_CONTEXT(2) 
PARAMETRIC_REPRESENTATION_CONTEXT() REPRESENTATION_CONTEXT('2D SPACE',''
  ) );
#5374 = ORIENTED_EDGE('',*,*,#5375,.T.);
#5375 = EDGE_CURVE('',#5353,#5376,#5378,.T.);
#5376 = VERTEX_POINT('',#5377);
#5377 = CARTESIAN_POINT('',(115.6,117.6,15.9));
#5378 = SURFACE_CURVE('',#5379,(#5383,#5390),.PCURVE_S1.);
#5379 = LINE('',#5380,#5381);
#5380 = CARTESIAN_POINT('',(115.6,9.6,15.9));
#5381 = VECTOR('',#5382,1.);
#5382 = DIRECTION('',(-0.,1.,-0.));
#5383 = PCURVE('',#3023,#5384);
#5384 = DEFINITIONAL_REPRESENTATION('',(#5385),#5389);
#5385 = LINE('',#5386,#5387);
#5386 = CARTESIAN_POINT('',(-72.8,-180.));
#5387 = VECTOR('',#5388,1.);
#5388 = DIRECTION('',(-0.,1.));
#5389 = ( GEOMETRIC_REPRESENTATION_CONTEXT(2) 
PARAMETRIC_REPRESENTATION_CONTEXT() REPRESENTATION_CONTEXT('2D SPACE',''
  ) );
#5390 = PCURVE('',#5391,#5396);
#5391 = PLANE('',#5392);
#5392 = AXIS2_PLACEMENT_3D('',#5393,#5394,#5395);
#5393 = CARTESIAN_POINT('',(115.6,9.6,15.9));
#5394 = DIRECTION('',(-1.,-0.,-0.));
#5395 = DIRECTION('',(0.,0.,-1.));
#5396 = DEFINITIONAL_REPRESENTATION('',(#5397),#5401);
#5397 = LINE('',#5398,#5399);
#5398 = CARTESIAN_POINT('',(-0.,-0.));
#5399 = VECTOR('',#5400,1.);
#5400 = DIRECTION('',(-0.,-1.));
#5401 = ( GEOMETRIC_REPRESENTATION_CONTEXT(2) 
PARAMETRIC_REPRESENTATION_CONTEXT() REPRESENTATION_CONTEXT('2D SPACE',''
  ) );
#5402 = ORIENTED_EDGE('',*,*,#5403,.T.);
#5403 = EDGE_CURVE('',#5376,#3301,#5404,.T.);
#5404 = SURFACE_CURVE('',#5405,(#5409,#5416),.PCURVE_S1.);
#5405 = LINE('',#5406,#5407);
#5406 = CARTESIAN_POINT('',(188.4,117.6,15.9));
#5407 = VECTOR('',#5408,1.);
#5408 = DIRECTION('',(-1.,-0.,-0.));
#5409 = PCURVE('',#3023,#5410);
#5410 = DEFINITIONAL_REPRESENTATION('',(#5411),#5415);
#5411 = LINE('',#5412,#5413);
#5412 = CARTESIAN_POINT('',(-0.,-72.));
#5413 = VECTOR('',#5414,1.);
#5414 = DIRECTION('',(-1.,0.));
#5415 = ( GEOMETRIC_REPRESENTATION_CONTEXT(2) 
PARAMETRIC_REPRESENTATION_CONTEXT() REPRESENTATION_CONTEXT('2D SPACE',''
  ) );
#5416 = PCURVE('',#3339,#5417);
#5417 = DEFINITIONAL_REPRESENTATION('',(#5418),#5422);
#5418 = LINE('',#5419,#5420);
#5419 = CARTESIAN_POINT('',(-0.,-0.));
#5420 = VECTOR('',#5421,1.);
#5421 = DIRECTION('',(-0.,1.));
#5422 = ( GEOMETRIC_REPRESENTATION_CONTEXT(2) 
PARAMETRIC_REPRESENTATION_CONTEXT() REPRESENTATION_CONTEXT('2D SPACE',''
  ) );
#5423 = ORIENTED_EDGE('',*,*,#3300,.F.);
#5424 = ORIENTED_EDGE('',*,*,#5425,.F.);
#5425 = EDGE_CURVE('',#5426,#3273,#5428,.T.);
#5426 = VERTEX_POINT('',#5427);
#5427 = CARTESIAN_POINT('',(115.6,118.4,15.9));
#5428 = SURFACE_CURVE('',#5429,(#5433,#5440),.PCURVE_S1.);
#5429 = LINE('',#5430,#5431);
#5430 = CARTESIAN_POINT('',(188.4,118.4,15.9));
#5431 = VECTOR('',#5432,1.);
#5432 = DIRECTION('',(-1.,-0.,-0.));
#5433 = PCURVE('',#3023,#5434);
#5434 = DEFINITIONAL_REPRESENTATION('',(#5435),#5439);
#5435 = LINE('',#5436,#5437);
#5436 = CARTESIAN_POINT('',(-0.,-71.2));
#5437 = VECTOR('',#5438,1.);
#5438 = DIRECTION('',(-1.,0.));
#5439 = ( GEOMETRIC_REPRESENTATION_CONTEXT(2) 
PARAMETRIC_REPRESENTATION_CONTEXT() REPRESENTATION_CONTEXT('2D SPACE',''
  ) );
#5440 = PCURVE('',#3288,#5441);
#5441 = DEFINITIONAL_REPRESENTATION('',(#5442),#5446);
#5442 = LINE('',#5443,#5444);
#5443 = CARTESIAN_POINT('',(-0.,-0.));
#5444 = VECTOR('',#5445,1.);
#5445 = DIRECTION('',(-0.,1.));
#5446 = ( GEOMETRIC_REPRESENTATION_CONTEXT(2) 
PARAMETRIC_REPRESENTATION_CONTEXT() REPRESENTATION_CONTEXT('2D SPACE',''
  ) );
#5447 = ORIENTED_EDGE('',*,*,#5448,.T.);
#5448 = EDGE_CURVE('',#5426,#5449,#5451,.T.);
#5449 = VERTEX_POINT('',#5450);
#5450 = CARTESIAN_POINT('',(115.6,153.6,15.9));
#5451 = SURFACE_CURVE('',#5452,(#5456,#5463),.PCURVE_S1.);
#5452 = LINE('',#5453,#5454);
#5453 = CARTESIAN_POINT('',(115.6,9.6,15.9));
#5454 = VECTOR('',#5455,1.);
#5455 = DIRECTION('',(-0.,1.,-0.));
#5456 = PCURVE('',#3023,#5457);
#5457 = DEFINITIONAL_REPRESENTATION('',(#5458),#5462);
#5458 = LINE('',#5459,#5460);
#5459 = CARTESIAN_POINT('',(-72.8,-180.));
#5460 = VECTOR('',#5461,1.);
#5461 = DIRECTION('',(-0.,1.));
#5462 = ( GEOMETRIC_REPRESENTATION_CONTEXT(2) 
PARAMETRIC_REPRESENTATION_CONTEXT() REPRESENTATION_CONTEXT('2D SPACE',''
  ) );
#5463 = PCURVE('',#5464,#5469);
#5464 = PLANE('',#5465);
#5465 = AXIS2_PLACEMENT_3D('',#5466,#5467,#5468);
#5466 = CARTESIAN_POINT('',(115.6,9.6,15.9));
#5467 = DIRECTION('',(-1.,-0.,-0.));
#5468 = DIRECTION('',(0.,0.,-1.));
#5469 = DEFINITIONAL_REPRESENTATION('',(#5470),#5474);
#5470 = LINE('',#5471,#5472);
#5471 = CARTESIAN_POINT('',(-0.,-0.));
#5472 = VECTOR('',#5473,1.);
#5473 = DIRECTION('',(-0.,-1.));
#5474 = ( GEOMETRIC_REPRESENTATION_CONTEXT(2) 
PARAMETRIC_REPRESENTATION_CONTEXT() REPRESENTATION_CONTEXT('2D SPACE',''
  ) );
#5475 = ORIENTED_EDGE('',*,*,#5476,.T.);
#5476 = EDGE_CURVE('',#5449,#3194,#5477,.T.);
#5477 = SURFACE_CURVE('',#5478,(#5482,#5489),.PCURVE_S1.);
#5478 = LINE('',#5479,#5480);
#5479 = CARTESIAN_POINT('',(188.4,153.6,15.9));
#5480 = VECTOR('',#5481,1.);
#5481 = DIRECTION('',(-1.,-0.,-0.));
#5482 = PCURVE('',#3023,#5483);
#5483 = DEFINITIONAL_REPRESENTATION('',(#5484),#5488);
#5484 = LINE('',#5485,#5486);
#5485 = CARTESIAN_POINT('',(-0.,-36.));
#5486 = VECTOR('',#5487,1.);
#5487 = DIRECTION('',(-1.,0.));
#5488 = ( GEOMETRIC_REPRESENTATION_CONTEXT(2) 
PARAMETRIC_REPRESENTATION_CONTEXT() REPRESENTATION_CONTEXT('2D SPACE',''
  ) );
#5489 = PCURVE('',#3232,#5490);
#5490 = DEFINITIONAL_REPRESENTATION('',(#5491),#5495);
#5491 = LINE('',#5492,#5493);
#5492 = CARTESIAN_POINT('',(-0.,-0.));
#5493 = VECTOR('',#5494,1.);
#5494 = DIRECTION('',(-0.,1.));
#5495 = ( GEOMETRIC_REPRESENTATION_CONTEXT(2) 
PARAMETRIC_REPRESENTATION_CONTEXT() REPRESENTATION_CONTEXT('2D SPACE',''
  ) );
#5496 = ORIENTED_EDGE('',*,*,#3193,.F.);
#5497 = ORIENTED_EDGE('',*,*,#5498,.F.);
#5498 = EDGE_CURVE('',#5499,#3166,#5501,.T.);
#5499 = VERTEX_POINT('',#5500);
#5500 = CARTESIAN_POINT('',(115.6,154.4,15.9));
#5501 = SURFACE_CURVE('',#5502,(#5506,#5513),.PCURVE_S1.);
#5502 = LINE('',#5503,#5504);
#5503 = CARTESIAN_POINT('',(188.4,154.4,15.9));
#5504 = VECTOR('',#5505,1.);
#5505 = DIRECTION('',(-1.,-0.,-0.));
#5506 = PCURVE('',#3023,#5507);
#5507 = DEFINITIONAL_REPRESENTATION('',(#5508),#5512);
#5508 = LINE('',#5509,#5510);
#5509 = CARTESIAN_POINT('',(-0.,-35.2));
#5510 = VECTOR('',#5511,1.);
#5511 = DIRECTION('',(-1.,0.));
#5512 = ( GEOMETRIC_REPRESENTATION_CONTEXT(2) 
PARAMETRIC_REPRESENTATION_CONTEXT() REPRESENTATION_CONTEXT('2D SPACE',''
  ) );
#5513 = PCURVE('',#3181,#5514);
#5514 = DEFINITIONAL_REPRESENTATION('',(#5515),#5519);
#5515 = LINE('',#5516,#5517);
#5516 = CARTESIAN_POINT('',(-0.,-0.));
#5517 = VECTOR('',#5518,1.);
#5518 = DIRECTION('',(-0.,1.));
#5519 = ( GEOMETRIC_REPRESENTATION_CONTEXT(2) 
PARAMETRIC_REPRESENTATION_CONTEXT() REPRESENTATION_CONTEXT('2D SPACE',''
  ) );
#5520 = ORIENTED_EDGE('',*,*,#5521,.T.);
#5521 = EDGE_CURVE('',#5499,#5522,#5524,.T.);
#5522 = VERTEX_POINT('',#5523);
#5523 = CARTESIAN_POINT('',(115.6,189.6,15.9));
#5524 = SURFACE_CURVE('',#5525,(#5529,#5536),.PCURVE_S1.);
#5525 = LINE('',#5526,#5527);
#5526 = CARTESIAN_POINT('',(115.6,9.6,15.9));
#5527 = VECTOR('',#5528,1.);
#5528 = DIRECTION('',(-0.,1.,-0.));
#5529 = PCURVE('',#3023,#5530);
#5530 = DEFINITIONAL_REPRESENTATION('',(#5531),#5535);
#5531 = LINE('',#5532,#5533);
#5532 = CARTESIAN_POINT('',(-72.8,-180.));
#5533 = VECTOR('',#5534,1.);
#5534 = DIRECTION('',(-0.,1.));
#5535 = ( GEOMETRIC_REPRESENTATION_CONTEXT(2) 
PARAMETRIC_REPRESENTATION_CONTEXT() REPRESENTATION_CONTEXT('2D SPACE',''
  ) );
#5536 = PCURVE('',#5537,#5542);
#5537 = PLANE('',#5538);
#5538 = AXIS2_PLACEMENT_3D('',#5539,#5540,#5541);
#5539 = CARTESIAN_POINT('',(115.6,9.6,15.9));
#5540 = DIRECTION('',(-1.,-0.,-0.));
#5541 = DIRECTION('',(0.,0.,-1.));
#5542 = DEFINITIONAL_REPRESENTATION('',(#5543),#5547);
#5543 = LINE('',#5544,#5545);
#5544 = CARTESIAN_POINT('',(-0.,-0.));
#5545 = VECTOR('',#5546,1.);
#5546 = DIRECTION('',(-0.,-1.));
#5547 = ( GEOMETRIC_REPRESENTATION_CONTEXT(2) 
PARAMETRIC_REPRESENTATION_CONTEXT() REPRESENTATION_CONTEXT('2D SPACE',''
  ) );
#5548 = ORIENTED_EDGE('',*,*,#5549,.T.);
#5549 = EDGE_CURVE('',#5522,#3087,#5550,.T.);
#5550 = SURFACE_CURVE('',#5551,(#5555,#5562),.PCURVE_S1.);
#5551 = LINE('',#5552,#5553);
#5552 = CARTESIAN_POINT('',(188.4,189.6,15.9));
#5553 = VECTOR('',#5554,1.);
#5554 = DIRECTION('',(-1.,-0.,-0.));
#5555 = PCURVE('',#3023,#5556);
#5556 = DEFINITIONAL_REPRESENTATION('',(#5557),#5561);
#5557 = LINE('',#5558,#5559);
#5558 = CARTESIAN_POINT('',(0.,-0.));
#5559 = VECTOR('',#5560,1.);
#5560 = DIRECTION('',(-1.,0.));
#5561 = ( GEOMETRIC_REPRESENTATION_CONTEXT(2) 
PARAMETRIC_REPRESENTATION_CONTEXT() REPRESENTATION_CONTEXT('2D SPACE',''
  ) );
#5562 = PCURVE('',#3125,#5563);
#5563 = DEFINITIONAL_REPRESENTATION('',(#5564),#5568);
#5564 = LINE('',#5565,#5566);
#5565 = CARTESIAN_POINT('',(-0.,-0.));
#5566 = VECTOR('',#5567,1.);
#5567 = DIRECTION('',(-0.,1.));
#5568 = ( GEOMETRIC_REPRESENTATION_CONTEXT(2) 
PARAMETRIC_REPRESENTATION_CONTEXT() REPRESENTATION_CONTEXT('2D SPACE',''
  ) );
#5569 = ORIENTED_EDGE('',*,*,#3086,.F.);
#5570 = ORIENTED_EDGE('',*,*,#3007,.T.);
#5571 = FACE_BOUND('',#5572,.F.);
#5572 = EDGE_LOOP('',(#5573,#5603,#5631,#5659));
#5573 = ORIENTED_EDGE('',*,*,#5574,.F.);
#5574 = EDGE_CURVE('',#5575,#5577,#5579,.T.);
#5575 = VERTEX_POINT('',#5576);
#5576 = CARTESIAN_POINT('',(116.4,154.4,15.9));
#5577 = VERTEX_POINT('',#5578);
#5578 = CARTESIAN_POINT('',(116.4,189.6,15.9));
#5579 = SURFACE_CURVE('',#5580,(#5584,#5591),.PCURVE_S1.);
#5580 = LINE('',#5581,#5582);
#5581 = CARTESIAN_POINT('',(116.4,9.6,15.9));
#5582 = VECTOR('',#5583,1.);
#5583 = DIRECTION('',(-0.,1.,-0.));
#5584 = PCURVE('',#3023,#5585);
#5585 = DEFINITIONAL_REPRESENTATION('',(#5586),#5590);
#5586 = LINE('',#5587,#5588);
#5587 = CARTESIAN_POINT('',(-72.,-180.));
#5588 = VECTOR('',#5589,1.);
#5589 = DIRECTION('',(-0.,1.));
#5590 = ( GEOMETRIC_REPRESENTATION_CONTEXT(2) 
PARAMETRIC_REPRESENTATION_CONTEXT() REPRESENTATION_CONTEXT('2D SPACE',''
  ) );
#5591 = PCURVE('',#5592,#5597);
#5592 = PLANE('',#5593);
#5593 = AXIS2_PLACEMENT_3D('',#5594,#5595,#5596);
#5594 = CARTESIAN_POINT('',(116.4,9.6,15.9));
#5595 = DIRECTION('',(-1.,-0.,-0.));
#5596 = DIRECTION('',(0.,0.,-1.));
#5597 = DEFINITIONAL_REPRESENTATION('',(#5598),#5602);
#5598 = LINE('',#5599,#5600);
#5599 = CARTESIAN_POINT('',(-0.,-0.));
#5600 = VECTOR('',#5601,1.);
#5601 = DIRECTION('',(-0.,-1.));
#5602 = ( GEOMETRIC_REPRESENTATION_CONTEXT(2) 
PARAMETRIC_REPRESENTATION_CONTEXT() REPRESENTATION_CONTEXT('2D SPACE',''
  ) );
#5603 = ORIENTED_EDGE('',*,*,#5604,.F.);
#5604 = EDGE_CURVE('',#5605,#5575,#5607,.T.);
#5605 = VERTEX_POINT('',#5606);
#5606 = CARTESIAN_POINT('',(151.6,154.4,15.9));
#5607 = SURFACE_CURVE('',#5608,(#5612,#5619),.PCURVE_S1.);
#5608 = LINE('',#5609,#5610);
#5609 = CARTESIAN_POINT('',(188.4,154.4,15.9));
#5610 = VECTOR('',#5611,1.);
#5611 = DIRECTION('',(-1.,-0.,-0.));
#5612 = PCURVE('',#3023,#5613);
#5613 = DEFINITIONAL_REPRESENTATION('',(#5614),#5618);
#5614 = LINE('',#5615,#5616);
#5615 = CARTESIAN_POINT('',(-0.,-35.2));
#5616 = VECTOR('',#5617,1.);
#5617 = DIRECTION('',(-1.,0.));
#5618 = ( GEOMETRIC_REPRESENTATION_CONTEXT(2) 
PARAMETRIC_REPRESENTATION_CONTEXT() REPRESENTATION_CONTEXT('2D SPACE',''
  ) );
#5619 = PCURVE('',#5620,#5625);
#5620 = PLANE('',#5621);
#5621 = AXIS2_PLACEMENT_3D('',#5622,#5623,#5624);
#5622 = CARTESIAN_POINT('',(188.4,154.4,15.9));
#5623 = DIRECTION('',(-0.,1.,-0.));
#5624 = DIRECTION('',(0.,0.,-1.));
#5625 = DEFINITIONAL_REPRESENTATION('',(#5626),#5630);
#5626 = LINE('',#5627,#5628);
#5627 = CARTESIAN_POINT('',(-0.,-0.));
#5628 = VECTOR('',#5629,1.);
#5629 = DIRECTION('',(-0.,1.));
#5630 = ( GEOMETRIC_REPRESENTATION_CONTEXT(2) 
PARAMETRIC_REPRESENTATION_CONTEXT() REPRESENTATION_CONTEXT('2D SPACE',''
  ) );
#5631 = ORIENTED_EDGE('',*,*,#5632,.T.);
#5632 = EDGE_CURVE('',#5605,#5633,#5635,.T.);
#5633 = VERTEX_POINT('',#5634);
#5634 = CARTESIAN_POINT('',(151.6,189.6,15.9));
#5635 = SURFACE_CURVE('',#5636,(#5640,#5647),.PCURVE_S1.);
#5636 = LINE('',#5637,#5638);
#5637 = CARTESIAN_POINT('',(151.6,9.6,15.9));
#5638 = VECTOR('',#5639,1.);
#5639 = DIRECTION('',(-0.,1.,-0.));
#5640 = PCURVE('',#3023,#5641);
#5641 = DEFINITIONAL_REPRESENTATION('',(#5642),#5646);
#5642 = LINE('',#5643,#5644);
#5643 = CARTESIAN_POINT('',(-36.8,-180.));
#5644 = VECTOR('',#5645,1.);
#5645 = DIRECTION('',(-0.,1.));
#5646 = ( GEOMETRIC_REPRESENTATION_CONTEXT(2) 
PARAMETRIC_REPRESENTATION_CONTEXT() REPRESENTATION_CONTEXT('2D SPACE',''
  ) );
#5647 = PCURVE('',#5648,#5653);
#5648 = PLANE('',#5649);
#5649 = AXIS2_PLACEMENT_3D('',#5650,#5651,#5652);
#5650 = CARTESIAN_POINT('',(151.6,9.6,15.9));
#5651 = DIRECTION('',(-1.,-0.,-0.));
#5652 = DIRECTION('',(0.,0.,-1.));
#5653 = DEFINITIONAL_REPRESENTATION('',(#5654),#5658);
#5654 = LINE('',#5655,#5656);
#5655 = CARTESIAN_POINT('',(-0.,-0.));
#5656 = VECTOR('',#5657,1.);
#5657 = DIRECTION('',(-0.,-1.));
#5658 = ( GEOMETRIC_REPRESENTATION_CONTEXT(2) 
PARAMETRIC_REPRESENTATION_CONTEXT() REPRESENTATION_CONTEXT('2D SPACE',''
  ) );
#5659 = ORIENTED_EDGE('',*,*,#5660,.T.);
#5660 = EDGE_CURVE('',#5633,#5577,#5661,.T.);
#5661 = SURFACE_CURVE('',#5662,(#5666,#5673),.PCURVE_S1.);
#5662 = LINE('',#5663,#5664);
#5663 = CARTESIAN_POINT('',(188.4,189.6,15.9));
#5664 = VECTOR('',#5665,1.);
#5665 = DIRECTION('',(-1.,-0.,-0.));
#5666 = PCURVE('',#3023,#5667);
#5667 = DEFINITIONAL_REPRESENTATION('',(#5668),#5672);
#5668 = LINE('',#5669,#5670);
#5669 = CARTESIAN_POINT('',(0.,-0.));
#5670 = VECTOR('',#5671,1.);
#5671 = DIRECTION('',(-1.,0.));
#5672 = ( GEOMETRIC_REPRESENTATION_CONTEXT(2) 
PARAMETRIC_REPRESENTATION_CONTEXT() REPRESENTATION_CONTEXT('2D SPACE',''
  ) );
#5673 = PCURVE('',#5674,#5679);
#5674 = PLANE('',#5675);
#5675 = AXIS2_PLACEMENT_3D('',#5676,#5677,#5678);
#5676 = CARTESIAN_POINT('',(188.4,189.6,15.9));
#5677 = DIRECTION('',(-0.,1.,-0.));
#5678 = DIRECTION('',(0.,0.,-1.));
#5679 = DEFINITIONAL_REPRESENTATION('',(#5680),#5684);
#5680 = LINE('',#5681,#5682);
#5681 = CARTESIAN_POINT('',(-0.,-0.));
#5682 = VECTOR('',#5683,1.);
#5683 = DIRECTION('',(-0.,1.));
#5684 = ( GEOMETRIC_REPRESENTATION_CONTEXT(2) 
PARAMETRIC_REPRESENTATION_CONTEXT() REPRESENTATION_CONTEXT('2D SPACE',''
  ) );
#5685 = FACE_BOUND('',#5686,.F.);
#5686 = EDGE_LOOP('',(#5687,#5717,#5745,#5773));
#5687 = ORIENTED_EDGE('',*,*,#5688,.T.);
#5688 = EDGE_CURVE('',#5689,#5691,#5693,.T.);
#5689 = VERTEX_POINT('',#5690);
#5690 = CARTESIAN_POINT('',(151.6,153.6,15.9));
#5691 = VERTEX_POINT('',#5692);
#5692 = CARTESIAN_POINT('',(116.4,153.6,15.9));
#5693 = SURFACE_CURVE('',#5694,(#5698,#5705),.PCURVE_S1.);
#5694 = LINE('',#5695,#5696);
#5695 = CARTESIAN_POINT('',(188.4,153.6,15.9));
#5696 = VECTOR('',#5697,1.);
#5697 = DIRECTION('',(-1.,-0.,-0.));
#5698 = PCURVE('',#3023,#5699);
#5699 = DEFINITIONAL_REPRESENTATION('',(#5700),#5704);
#5700 = LINE('',#5701,#5702);
#5701 = CARTESIAN_POINT('',(-0.,-36.));
#5702 = VECTOR('',#5703,1.);
#5703 = DIRECTION('',(-1.,0.));
#5704 = ( GEOMETRIC_REPRESENTATION_CONTEXT(2) 
PARAMETRIC_REPRESENTATION_CONTEXT() REPRESENTATION_CONTEXT('2D SPACE',''
  ) );
#5705 = PCURVE('',#5706,#5711);
#5706 = PLANE('',#5707);
#5707 = AXIS2_PLACEMENT_3D('',#5708,#5709,#5710);
#5708 = CARTESIAN_POINT('',(188.4,153.6,15.9));
#5709 = DIRECTION('',(-0.,1.,-0.));
#5710 = DIRECTION('',(0.,0.,-1.));
#5711 = DEFINITIONAL_REPRESENTATION('',(#5712),#5716);
#5712 = LINE('',#5713,#5714);
#5713 = CARTESIAN_POINT('',(-0.,-0.));
#5714 = VECTOR('',#5715,1.);
#5715 = DIRECTION('',(-0.,1.));
#5716 = ( GEOMETRIC_REPRESENTATION_CONTEXT(2) 
PARAMETRIC_REPRESENTATION_CONTEXT() REPRESENTATION_CONTEXT('2D SPACE',''
  ) );
#5717 = ORIENTED_EDGE('',*,*,#5718,.F.);
#5718 = EDGE_CURVE('',#5719,#5691,#5721,.T.);
#5719 = VERTEX_POINT('',#5720);
#5720 = CARTESIAN_POINT('',(116.4,118.4,15.9));
#5721 = SURFACE_CURVE('',#5722,(#5726,#5733),.PCURVE_S1.);
#5722 = LINE('',#5723,#5724);
#5723 = CARTESIAN_POINT('',(116.4,9.6,15.9));
#5724 = VECTOR('',#5725,1.);
#5725 = DIRECTION('',(-0.,1.,-0.));
#5726 = PCURVE('',#3023,#5727);
#5727 = DEFINITIONAL_REPRESENTATION('',(#5728),#5732);
#5728 = LINE('',#5729,#5730);
#5729 = CARTESIAN_POINT('',(-72.,-180.));
#5730 = VECTOR('',#5731,1.);
#5731 = DIRECTION('',(-0.,1.));
#5732 = ( GEOMETRIC_REPRESENTATION_CONTEXT(2) 
PARAMETRIC_REPRESENTATION_CONTEXT() REPRESENTATION_CONTEXT('2D SPACE',''
  ) );
#5733 = PCURVE('',#5734,#5739);
#5734 = PLANE('',#5735);
#5735 = AXIS2_PLACEMENT_3D('',#5736,#5737,#5738);
#5736 = CARTESIAN_POINT('',(116.4,9.6,15.9));
#5737 = DIRECTION('',(-1.,-0.,-0.));
#5738 = DIRECTION('',(0.,0.,-1.));
#5739 = DEFINITIONAL_REPRESENTATION('',(#5740),#5744);
#5740 = LINE('',#5741,#5742);
#5741 = CARTESIAN_POINT('',(-0.,-0.));
#5742 = VECTOR('',#5743,1.);
#5743 = DIRECTION('',(-0.,-1.));
#5744 = ( GEOMETRIC_REPRESENTATION_CONTEXT(2) 
PARAMETRIC_REPRESENTATION_CONTEXT() REPRESENTATION_CONTEXT('2D SPACE',''
  ) );
#5745 = ORIENTED_EDGE('',*,*,#5746,.F.);
#5746 = EDGE_CURVE('',#5747,#5719,#5749,.T.);
#5747 = VERTEX_POINT('',#5748);
#5748 = CARTESIAN_POINT('',(151.6,118.4,15.9));
#5749 = SURFACE_CURVE('',#5750,(#5754,#5761),.PCURVE_S1.);
#5750 = LINE('',#5751,#5752);
#5751 = CARTESIAN_POINT('',(188.4,118.4,15.9));
#5752 = VECTOR('',#5753,1.);
#5753 = DIRECTION('',(-1.,-0.,-0.));
#5754 = PCURVE('',#3023,#5755);
#5755 = DEFINITIONAL_REPRESENTATION('',(#5756),#5760);
#5756 = LINE('',#5757,#5758);
#5757 = CARTESIAN_POINT('',(-0.,-71.2));
#5758 = VECTOR('',#5759,1.);
#5759 = DIRECTION('',(-1.,0.));
#5760 = ( GEOMETRIC_REPRESENTATION_CONTEXT(2) 
PARAMETRIC_REPRESENTATION_CONTEXT() REPRESENTATION_CONTEXT('2D SPACE',''
  ) );
#5761 = PCURVE('',#5762,#5767);
#5762 = PLANE('',#5763);
#5763 = AXIS2_PLACEMENT_3D('',#5764,#5765,#5766);
#5764 = CARTESIAN_POINT('',(188.4,118.4,15.9));
#5765 = DIRECTION('',(-0.,1.,-0.));
#5766 = DIRECTION('',(0.,0.,-1.));
#5767 = DEFINITIONAL_REPRESENTATION('',(#5768),#5772);
#5768 = LINE('',#5769,#5770);
#5769 = CARTESIAN_POINT('',(-0.,-0.));
#5770 = VECTOR('',#5771,1.);
#5771 = DIRECTION('',(-0.,1.));
#5772 = ( GEOMETRIC_REPRESENTATION_CONTEXT(2) 
PARAMETRIC_REPRESENTATION_CONTEXT() REPRESENTATION_CONTEXT('2D SPACE',''
  ) );
#5773 = ORIENTED_EDGE('',*,*,#5774,.T.);
#5774 = EDGE_CURVE('',#5747,#5689,#5775,.T.);
#5775 = SURFACE_CURVE('',#5776,(#5780,#5787),.PCURVE_S1.);
#5776 = LINE('',#5777,#5778);
#5777 = CARTESIAN_POINT('',(151.6,9.6,15.9));
#5778 = VECTOR('',#5779,1.);
#5779 = DIRECTION('',(-0.,1.,-0.));
#5780 = PCURVE('',#3023,#5781);
#5781 = DEFINITIONAL_REPRESENTATION('',(#5782),#5786);
#5782 = LINE('',#5783,#5784);
#5783 = CARTESIAN_POINT('',(-36.8,-180.));
#5784 = VECTOR('',#5785,1.);
#5785 = DIRECTION('',(-0.,1.));
#5786 = ( GEOMETRIC_REPRESENTATION_CONTEXT(2) 
PARAMETRIC_REPRESENTATION_CONTEXT() REPRESENTATION_CONTEXT('2D SPACE',''
  ) );
#5787 = PCURVE('',#5788,#5793);
#5788 = PLANE('',#5789);
#5789 = AXIS2_PLACEMENT_3D('',#5790,#5791,#5792);
#5790 = CARTESIAN_POINT('',(151.6,9.6,15.9));
#5791 = DIRECTION('',(-1.,-0.,-0.));
#5792 = DIRECTION('',(0.,0.,-1.));
#5793 = DEFINITIONAL_REPRESENTATION('',(#5794),#5798);
#5794 = LINE('',#5795,#5796);
#5795 = CARTESIAN_POINT('',(-0.,-0.));
#5796 = VECTOR('',#5797,1.);
#5797 = DIRECTION('',(-0.,-1.));
#5798 = ( GEOMETRIC_REPRESENTATION_CONTEXT(2) 
PARAMETRIC_REPRESENTATION_CONTEXT() REPRESENTATION_CONTEXT('2D SPACE',''
  ) );
#5799 = FACE_BOUND('',#5800,.F.);
#5800 = EDGE_LOOP('',(#5801,#5831,#5859,#5887));
#5801 = ORIENTED_EDGE('',*,*,#5802,.T.);
#5802 = EDGE_CURVE('',#5803,#5805,#5807,.T.);
#5803 = VERTEX_POINT('',#5804);
#5804 = CARTESIAN_POINT('',(187.6,189.6,15.9));
#5805 = VERTEX_POINT('',#5806);
#5806 = CARTESIAN_POINT('',(152.4,189.6,15.9));
#5807 = SURFACE_CURVE('',#5808,(#5812,#5819),.PCURVE_S1.);
#5808 = LINE('',#5809,#5810);
#5809 = CARTESIAN_POINT('',(188.4,189.6,15.9));
#5810 = VECTOR('',#5811,1.);
#5811 = DIRECTION('',(-1.,-0.,-0.));
#5812 = PCURVE('',#3023,#5813);
#5813 = DEFINITIONAL_REPRESENTATION('',(#5814),#5818);
#5814 = LINE('',#5815,#5816);
#5815 = CARTESIAN_POINT('',(0.,-0.));
#5816 = VECTOR('',#5817,1.);
#5817 = DIRECTION('',(-1.,0.));
#5818 = ( GEOMETRIC_REPRESENTATION_CONTEXT(2) 
PARAMETRIC_REPRESENTATION_CONTEXT() REPRESENTATION_CONTEXT('2D SPACE',''
  ) );
#5819 = PCURVE('',#5820,#5825);
#5820 = PLANE('',#5821);
#5821 = AXIS2_PLACEMENT_3D('',#5822,#5823,#5824);
#5822 = CARTESIAN_POINT('',(188.4,189.6,15.9));
#5823 = DIRECTION('',(-0.,1.,-0.));
#5824 = DIRECTION('',(0.,0.,-1.));
#5825 = DEFINITIONAL_REPRESENTATION('',(#5826),#5830);
#5826 = LINE('',#5827,#5828);
#5827 = CARTESIAN_POINT('',(-0.,-0.));
#5828 = VECTOR('',#5829,1.);
#5829 = DIRECTION('',(-0.,1.));
#5830 = ( GEOMETRIC_REPRESENTATION_CONTEXT(2) 
PARAMETRIC_REPRESENTATION_CONTEXT() REPRESENTATION_CONTEXT('2D SPACE',''
  ) );
#5831 = ORIENTED_EDGE('',*,*,#5832,.F.);
#5832 = EDGE_CURVE('',#5833,#5805,#5835,.T.);
#5833 = VERTEX_POINT('',#5834);
#5834 = CARTESIAN_POINT('',(152.4,154.4,15.9));
#5835 = SURFACE_CURVE('',#5836,(#5840,#5847),.PCURVE_S1.);
#5836 = LINE('',#5837,#5838);
#5837 = CARTESIAN_POINT('',(152.4,9.6,15.9));
#5838 = VECTOR('',#5839,1.);
#5839 = DIRECTION('',(-0.,1.,-0.));
#5840 = PCURVE('',#3023,#5841);
#5841 = DEFINITIONAL_REPRESENTATION('',(#5842),#5846);
#5842 = LINE('',#5843,#5844);
#5843 = CARTESIAN_POINT('',(-36.,-180.));
#5844 = VECTOR('',#5845,1.);
#5845 = DIRECTION('',(-0.,1.));
#5846 = ( GEOMETRIC_REPRESENTATION_CONTEXT(2) 
PARAMETRIC_REPRESENTATION_CONTEXT() REPRESENTATION_CONTEXT('2D SPACE',''
  ) );
#5847 = PCURVE('',#5848,#5853);
#5848 = PLANE('',#5849);
#5849 = AXIS2_PLACEMENT_3D('',#5850,#5851,#5852);
#5850 = CARTESIAN_POINT('',(152.4,9.6,15.9));
#5851 = DIRECTION('',(-1.,-0.,-0.));
#5852 = DIRECTION('',(0.,0.,-1.));
#5853 = DEFINITIONAL_REPRESENTATION('',(#5854),#5858);
#5854 = LINE('',#5855,#5856);
#5855 = CARTESIAN_POINT('',(-0.,-0.));
#5856 = VECTOR('',#5857,1.);
#5857 = DIRECTION('',(-0.,-1.));
#5858 = ( GEOMETRIC_REPRESENTATION_CONTEXT(2) 
PARAMETRIC_REPRESENTATION_CONTEXT() REPRESENTATION_CONTEXT('2D SPACE',''
  ) );
#5859 = ORIENTED_EDGE('',*,*,#5860,.F.);
#5860 = EDGE_CURVE('',#5861,#5833,#5863,.T.);
#5861 = VERTEX_POINT('',#5862);
#5862 = CARTESIAN_POINT('',(187.6,154.4,15.9));
#5863 = SURFACE_CURVE('',#5864,(#5868,#5875),.PCURVE_S1.);
#5864 = LINE('',#5865,#5866);
#5865 = CARTESIAN_POINT('',(188.4,154.4,15.9));
#5866 = VECTOR('',#5867,1.);
#5867 = DIRECTION('',(-1.,-0.,-0.));
#5868 = PCURVE('',#3023,#5869);
#5869 = DEFINITIONAL_REPRESENTATION('',(#5870),#5874);
#5870 = LINE('',#5871,#5872);
#5871 = CARTESIAN_POINT('',(-0.,-35.2));
#5872 = VECTOR('',#5873,1.);
#5873 = DIRECTION('',(-1.,0.));
#5874 = ( GEOMETRIC_REPRESENTATION_CONTEXT(2) 
PARAMETRIC_REPRESENTATION_CONTEXT() REPRESENTATION_CONTEXT('2D SPACE',''
  ) );
#5875 = PCURVE('',#5876,#5881);
#5876 = PLANE('',#5877);
#5877 = AXIS2_PLACEMENT_3D('',#5878,#5879,#5880);
#5878 = CARTESIAN_POINT('',(188.4,154.4,15.9));
#5879 = DIRECTION('',(-0.,1.,-0.));
#5880 = DIRECTION('',(0.,0.,-1.));
#5881 = DEFINITIONAL_REPRESENTATION('',(#5882),#5886);
#5882 = LINE('',#5883,#5884);
#5883 = CARTESIAN_POINT('',(-0.,-0.));
#5884 = VECTOR('',#5885,1.);
#5885 = DIRECTION('',(-0.,1.));
#5886 = ( GEOMETRIC_REPRESENTATION_CONTEXT(2) 
PARAMETRIC_REPRESENTATION_CONTEXT() REPRESENTATION_CONTEXT('2D SPACE',''
  ) );
#5887 = ORIENTED_EDGE('',*,*,#5888,.T.);
#5888 = EDGE_CURVE('',#5861,#5803,#5889,.T.);
#5889 = SURFACE_CURVE('',#5890,(#5894,#5901),.PCURVE_S1.);
#5890 = LINE('',#5891,#5892);
#5891 = CARTESIAN_POINT('',(187.6,9.6,15.9));
#5892 = VECTOR('',#5893,1.);
#5893 = DIRECTION('',(-0.,1.,-0.));
#5894 = PCURVE('',#3023,#5895);
#5895 = DEFINITIONAL_REPRESENTATION('',(#5896),#5900);
#5896 = LINE('',#5897,#5898);
#5897 = CARTESIAN_POINT('',(-0.8,-180.));
#5898 = VECTOR('',#5899,1.);
#5899 = DIRECTION('',(-0.,1.));
#5900 = ( GEOMETRIC_REPRESENTATION_CONTEXT(2) 
PARAMETRIC_REPRESENTATION_CONTEXT() REPRESENTATION_CONTEXT('2D SPACE',''
  ) );
#5901 = PCURVE('',#5902,#5907);
#5902 = PLANE('',#5903);
#5903 = AXIS2_PLACEMENT_3D('',#5904,#5905,#5906);
#5904 = CARTESIAN_POINT('',(187.6,9.6,15.9));
#5905 = DIRECTION('',(-1.,-0.,-0.));
#5906 = DIRECTION('',(0.,0.,-1.));
#5907 = DEFINITIONAL_REPRESENTATION('',(#5908),#5912);
#5908 = LINE('',#5909,#5910);
#5909 = CARTESIAN_POINT('',(-0.,-0.));
#5910 = VECTOR('',#5911,1.);
#5911 = DIRECTION('',(-0.,-1.));
#5912 = ( GEOMETRIC_REPRESENTATION_CONTEXT(2) 
PARAMETRIC_REPRESENTATION_CONTEXT() REPRESENTATION_CONTEXT('2D SPACE',''
  ) );
#5913 = FACE_BOUND('',#5914,.F.);
#5914 = EDGE_LOOP('',(#5915,#5945,#5973,#6001));
#5915 = ORIENTED_EDGE('',*,*,#5916,.F.);
#5916 = EDGE_CURVE('',#5917,#5919,#5921,.T.);
#5917 = VERTEX_POINT('',#5918);
#5918 = CARTESIAN_POINT('',(152.4,118.4,15.9));
#5919 = VERTEX_POINT('',#5920);
#5920 = CARTESIAN_POINT('',(152.4,153.6,15.9));
#5921 = SURFACE_CURVE('',#5922,(#5926,#5933),.PCURVE_S1.);
#5922 = LINE('',#5923,#5924);
#5923 = CARTESIAN_POINT('',(152.4,9.6,15.9));
#5924 = VECTOR('',#5925,1.);
#5925 = DIRECTION('',(-0.,1.,-0.));
#5926 = PCURVE('',#3023,#5927);
#5927 = DEFINITIONAL_REPRESENTATION('',(#5928),#5932);
#5928 = LINE('',#5929,#5930);
#5929 = CARTESIAN_POINT('',(-36.,-180.));
#5930 = VECTOR('',#5931,1.);
#5931 = DIRECTION('',(-0.,1.));
#5932 = ( GEOMETRIC_REPRESENTATION_CONTEXT(2) 
PARAMETRIC_REPRESENTATION_CONTEXT() REPRESENTATION_CONTEXT('2D SPACE',''
  ) );
#5933 = PCURVE('',#5934,#5939);
#5934 = PLANE('',#5935);
#5935 = AXIS2_PLACEMENT_3D('',#5936,#5937,#5938);
#5936 = CARTESIAN_POINT('',(152.4,9.6,15.9));
#5937 = DIRECTION('',(-1.,-0.,-0.));
#5938 = DIRECTION('',(0.,0.,-1.));
#5939 = DEFINITIONAL_REPRESENTATION('',(#5940),#5944);
#5940 = LINE('',#5941,#5942);
#5941 = CARTESIAN_POINT('',(-0.,-0.));
#5942 = VECTOR('',#5943,1.);
#5943 = DIRECTION('',(-0.,-1.));
#5944 = ( GEOMETRIC_REPRESENTATION_CONTEXT(2) 
PARAMETRIC_REPRESENTATION_CONTEXT() REPRESENTATION_CONTEXT('2D SPACE',''
  ) );
#5945 = ORIENTED_EDGE('',*,*,#5946,.F.);
#5946 = EDGE_CURVE('',#5947,#5917,#5949,.T.);
#5947 = VERTEX_POINT('',#5948);
#5948 = CARTESIAN_POINT('',(187.6,118.4,15.9));
#5949 = SURFACE_CURVE('',#5950,(#5954,#5961),.PCURVE_S1.);
#5950 = LINE('',#5951,#5952);
#5951 = CARTESIAN_POINT('',(188.4,118.4,15.9));
#5952 = VECTOR('',#5953,1.);
#5953 = DIRECTION('',(-1.,-0.,-0.));
#5954 = PCURVE('',#3023,#5955);
#5955 = DEFINITIONAL_REPRESENTATION('',(#5956),#5960);
#5956 = LINE('',#5957,#5958);
#5957 = CARTESIAN_POINT('',(-0.,-71.2));
#5958 = VECTOR('',#5959,1.);
#5959 = DIRECTION('',(-1.,0.));
#5960 = ( GEOMETRIC_REPRESENTATION_CONTEXT(2) 
PARAMETRIC_REPRESENTATION_CONTEXT() REPRESENTATION_CONTEXT('2D SPACE',''
  ) );
#5961 = PCURVE('',#5962,#5967);
#5962 = PLANE('',#5963);
#5963 = AXIS2_PLACEMENT_3D('',#5964,#5965,#5966);
#5964 = CARTESIAN_POINT('',(188.4,118.4,15.9));
#5965 = DIRECTION('',(-0.,1.,-0.));
#5966 = DIRECTION('',(0.,0.,-1.));
#5967 = DEFINITIONAL_REPRESENTATION('',(#5968),#5972);
#5968 = LINE('',#5969,#5970);
#5969 = CARTESIAN_POINT('',(-0.,-0.));
#5970 = VECTOR('',#5971,1.);
#5971 = DIRECTION('',(-0.,1.));
#5972 = ( GEOMETRIC_REPRESENTATION_CONTEXT(2) 
PARAMETRIC_REPRESENTATION_CONTEXT() REPRESENTATION_CONTEXT('2D SPACE',''
  ) );
#5973 = ORIENTED_EDGE('',*,*,#5974,.T.);
#5974 = EDGE_CURVE('',#5947,#5975,#5977,.T.);
#5975 = VERTEX_POINT('',#5976);
#5976 = CARTESIAN_POINT('',(187.6,153.6,15.9));
#5977 = SURFACE_CURVE('',#5978,(#5982,#5989),.PCURVE_S1.);
#5978 = LINE('',#5979,#5980);
#5979 = CARTESIAN_POINT('',(187.6,9.6,15.9));
#5980 = VECTOR('',#5981,1.);
#5981 = DIRECTION('',(-0.,1.,-0.));
#5982 = PCURVE('',#3023,#5983);
#5983 = DEFINITIONAL_REPRESENTATION('',(#5984),#5988);
#5984 = LINE('',#5985,#5986);
#5985 = CARTESIAN_POINT('',(-0.8,-180.));
#5986 = VECTOR('',#5987,1.);
#5987 = DIRECTION('',(-0.,1.));
#5988 = ( GEOMETRIC_REPRESENTATION_CONTEXT(2) 
PARAMETRIC_REPRESENTATION_CONTEXT() REPRESENTATION_CONTEXT('2D SPACE',''
  ) );
#5989 = PCURVE('',#5990,#5995);
#5990 = PLANE('',#5991);
#5991 = AXIS2_PLACEMENT_3D('',#5992,#5993,#5994);
#5992 = CARTESIAN_POINT('',(187.6,9.6,15.9));
#5993 = DIRECTION('',(-1.,-0.,-0.));
#5994 = DIRECTION('',(0.,0.,-1.));
#5995 = DEFINITIONAL_REPRESENTATION('',(#5996),#6000);
#5996 = LINE('',#5997,#5998);
#5997 = CARTESIAN_POINT('',(-0.,-0.));
#5998 = VECTOR('',#5999,1.);
#5999 = DIRECTION('',(-0.,-1.));
#6000 = ( GEOMETRIC_REPRESENTATION_CONTEXT(2) 
PARAMETRIC_REPRESENTATION_CONTEXT() REPRESENTATION_CONTEXT('2D SPACE',''
  ) );
#6001 = ORIENTED_EDGE('',*,*,#6002,.T.);
#6002 = EDGE_CURVE('',#5975,#5919,#6003,.T.);
#6003 = SURFACE_CURVE('',#6004,(#6008,#6015),.PCURVE_S1.);
#6004 = LINE('',#6005,#6006);
#6005 = CARTESIAN_POINT('',(188.4,153.6,15.9));
#6006 = VECTOR('',#6007,1.);
#6007 = DIRECTION('',(-1.,-0.,-0.));
#6008 = PCURVE('',#3023,#6009);
#6009 = DEFINITIONAL_REPRESENTATION('',(#6010),#6014);
#6010 = LINE('',#6011,#6012);
#6011 = CARTESIAN_POINT('',(-0.,-36.));
#6012 = VECTOR('',#6013,1.);
#6013 = DIRECTION('',(-1.,0.));
#6014 = ( GEOMETRIC_REPRESENTATION_CONTEXT(2) 
PARAMETRIC_REPRESENTATION_CONTEXT() REPRESENTATION_CONTEXT('2D SPACE',''
  ) );
#6015 = PCURVE('',#6016,#6021);
#6016 = PLANE('',#6017);
#6017 = AXIS2_PLACEMENT_3D('',#6018,#6019,#6020);
#6018 = CARTESIAN_POINT('',(188.4,153.6,15.9));
#6019 = DIRECTION('',(-0.,1.,-0.));
#6020 = DIRECTION('',(0.,0.,-1.));
#6021 = DEFINITIONAL_REPRESENTATION('',(#6022),#6026);
#6022 = LINE('',#6023,#6024);
#6023 = CARTESIAN_POINT('',(-0.,-0.));
#6024 = VECTOR('',#6025,1.);
#6025 = DIRECTION('',(-0.,1.));
#6026 = ( GEOMETRIC_REPRESENTATION_CONTEXT(2) 
PARAMETRIC_REPRESENTATION_CONTEXT() REPRESENTATION_CONTEXT('2D SPACE',''
  ) );
#6027 = FACE_BOUND('',#6028,.F.);
#6028 = EDGE_LOOP('',(#6029,#6059,#6087,#6115));
#6029 = ORIENTED_EDGE('',*,*,#6030,.T.);
#6030 = EDGE_CURVE('',#6031,#6033,#6035,.T.);
#6031 = VERTEX_POINT('',#6032);
#6032 = CARTESIAN_POINT('',(151.6,117.6,15.9));
#6033 = VERTEX_POINT('',#6034);
#6034 = CARTESIAN_POINT('',(116.4,117.6,15.9));
#6035 = SURFACE_CURVE('',#6036,(#6040,#6047),.PCURVE_S1.);
#6036 = LINE('',#6037,#6038);
#6037 = CARTESIAN_POINT('',(188.4,117.6,15.9));
#6038 = VECTOR('',#6039,1.);
#6039 = DIRECTION('',(-1.,-0.,-0.));
#6040 = PCURVE('',#3023,#6041);
#6041 = DEFINITIONAL_REPRESENTATION('',(#6042),#6046);
#6042 = LINE('',#6043,#6044);
#6043 = CARTESIAN_POINT('',(-0.,-72.));
#6044 = VECTOR('',#6045,1.);
#6045 = DIRECTION('',(-1.,0.));
#6046 = ( GEOMETRIC_REPRESENTATION_CONTEXT(2) 
PARAMETRIC_REPRESENTATION_CONTEXT() REPRESENTATION_CONTEXT('2D SPACE',''
  ) );
#6047 = PCURVE('',#6048,#6053);
#6048 = PLANE('',#6049);
#6049 = AXIS2_PLACEMENT_3D('',#6050,#6051,#6052);
#6050 = CARTESIAN_POINT('',(188.4,117.6,15.9));
#6051 = DIRECTION('',(-0.,1.,-0.));
#6052 = DIRECTION('',(0.,0.,-1.));
#6053 = DEFINITIONAL_REPRESENTATION('',(#6054),#6058);
#6054 = LINE('',#6055,#6056);
#6055 = CARTESIAN_POINT('',(-0.,-0.));
#6056 = VECTOR('',#6057,1.);
#6057 = DIRECTION('',(-0.,1.));
#6058 = ( GEOMETRIC_REPRESENTATION_CONTEXT(2) 
PARAMETRIC_REPRESENTATION_CONTEXT() REPRESENTATION_CONTEXT('2D SPACE',''
  ) );
#6059 = ORIENTED_EDGE('',*,*,#6060,.F.);
#6060 = EDGE_CURVE('',#6061,#6033,#6063,.T.);
#6061 = VERTEX_POINT('',#6062);
#6062 = CARTESIAN_POINT('',(116.4,82.4,15.9));
#6063 = SURFACE_CURVE('',#6064,(#6068,#6075),.PCURVE_S1.);
#6064 = LINE('',#6065,#6066);
#6065 = CARTESIAN_POINT('',(116.4,9.6,15.9));
#6066 = VECTOR('',#6067,1.);
#6067 = DIRECTION('',(-0.,1.,-0.));
#6068 = PCURVE('',#3023,#6069);
#6069 = DEFINITIONAL_REPRESENTATION('',(#6070),#6074);
#6070 = LINE('',#6071,#6072);
#6071 = CARTESIAN_POINT('',(-72.,-180.));
#6072 = VECTOR('',#6073,1.);
#6073 = DIRECTION('',(-0.,1.));
#6074 = ( GEOMETRIC_REPRESENTATION_CONTEXT(2) 
PARAMETRIC_REPRESENTATION_CONTEXT() REPRESENTATION_CONTEXT('2D SPACE',''
  ) );
#6075 = PCURVE('',#6076,#6081);
#6076 = PLANE('',#6077);
#6077 = AXIS2_PLACEMENT_3D('',#6078,#6079,#6080);
#6078 = CARTESIAN_POINT('',(116.4,9.6,15.9));
#6079 = DIRECTION('',(-1.,-0.,-0.));
#6080 = DIRECTION('',(0.,0.,-1.));
#6081 = DEFINITIONAL_REPRESENTATION('',(#6082),#6086);
#6082 = LINE('',#6083,#6084);
#6083 = CARTESIAN_POINT('',(-0.,-0.));
#6084 = VECTOR('',#6085,1.);
#6085 = DIRECTION('',(-0.,-1.));
#6086 = ( GEOMETRIC_REPRESENTATION_CONTEXT(2) 
PARAMETRIC_REPRESENTATION_CONTEXT() REPRESENTATION_CONTEXT('2D SPACE',''
  ) );
#6087 = ORIENTED_EDGE('',*,*,#6088,.F.);
#6088 = EDGE_CURVE('',#6089,#6061,#6091,.T.);
#6089 = VERTEX_POINT('',#6090);
#6090 = CARTESIAN_POINT('',(151.6,82.4,15.9));
#6091 = SURFACE_CURVE('',#6092,(#6096,#6103),.PCURVE_S1.);
#6092 = LINE('',#6093,#6094);
#6093 = CARTESIAN_POINT('',(188.4,82.4,15.9));
#6094 = VECTOR('',#6095,1.);
#6095 = DIRECTION('',(-1.,-0.,-0.));
#6096 = PCURVE('',#3023,#6097);
#6097 = DEFINITIONAL_REPRESENTATION('',(#6098),#6102);
#6098 = LINE('',#6099,#6100);
#6099 = CARTESIAN_POINT('',(-0.,-107.2));
#6100 = VECTOR('',#6101,1.);
#6101 = DIRECTION('',(-1.,0.));
#6102 = ( GEOMETRIC_REPRESENTATION_CONTEXT(2) 
PARAMETRIC_REPRESENTATION_CONTEXT() REPRESENTATION_CONTEXT('2D SPACE',''
  ) );
#6103 = PCURVE('',#6104,#6109);
#6104 = PLANE('',#6105);
#6105 = AXIS2_PLACEMENT_3D('',#6106,#6107,#6108);
#6106 = CARTESIAN_POINT('',(188.4,82.4,15.9));
#6107 = DIRECTION('',(-0.,1.,-0.));
#6108 = DIRECTION('',(0.,0.,-1.));
#6109 = DEFINITIONAL_REPRESENTATION('',(#6110),#6114);
#6110 = LINE('',#6111,#6112);
#6111 = CARTESIAN_POINT('',(-0.,-0.));
#6112 = VECTOR('',#6113,1.);
#6113 = DIRECTION('',(-0.,1.));
#6114 = ( GEOMETRIC_REPRESENTATION_CONTEXT(2) 
PARAMETRIC_REPRESENTATION_CONTEXT() REPRESENTATION_CONTEXT('2D SPACE',''
  ) );
#6115 = ORIENTED_EDGE('',*,*,#6116,.T.);
#6116 = EDGE_CURVE('',#6089,#6031,#6117,.T.);
#6117 = SURFACE_CURVE('',#6118,(#6122,#6129),.PCURVE_S1.);
#6118 = LINE('',#6119,#6120);
#6119 = CARTESIAN_POINT('',(151.6,9.6,15.9));
#6120 = VECTOR('',#6121,1.);
#6121 = DIRECTION('',(-0.,1.,-0.));
#6122 = PCURVE('',#3023,#6123);
#6123 = DEFINITIONAL_REPRESENTATION('',(#6124),#6128);
#6124 = LINE('',#6125,#6126);
#6125 = CARTESIAN_POINT('',(-36.8,-180.));
#6126 = VECTOR('',#6127,1.);
#6127 = DIRECTION('',(-0.,1.));
#6128 = ( GEOMETRIC_REPRESENTATION_CONTEXT(2) 
PARAMETRIC_REPRESENTATION_CONTEXT() REPRESENTATION_CONTEXT('2D SPACE',''
  ) );
#6129 = PCURVE('',#6130,#6135);
#6130 = PLANE('',#6131);
#6131 = AXIS2_PLACEMENT_3D('',#6132,#6133,#6134);
#6132 = CARTESIAN_POINT('',(151.6,9.6,15.9));
#6133 = DIRECTION('',(-1.,-0.,-0.));
#6134 = DIRECTION('',(0.,0.,-1.));
#6135 = DEFINITIONAL_REPRESENTATION('',(#6136),#6140);
#6136 = LINE('',#6137,#6138);
#6137 = CARTESIAN_POINT('',(-0.,-0.));
#6138 = VECTOR('',#6139,1.);
#6139 = DIRECTION('',(-0.,-1.));
#6140 = ( GEOMETRIC_REPRESENTATION_CONTEXT(2) 
PARAMETRIC_REPRESENTATION_CONTEXT() REPRESENTATION_CONTEXT('2D SPACE',''
  ) );
#6141 = FACE_BOUND('',#6142,.F.);
#6142 = EDGE_LOOP('',(#6143,#6173,#6201,#6229));
#6143 = ORIENTED_EDGE('',*,*,#6144,.T.);
#6144 = EDGE_CURVE('',#6145,#6147,#6149,.T.);
#6145 = VERTEX_POINT('',#6146);
#6146 = CARTESIAN_POINT('',(187.6,117.6,15.9));
#6147 = VERTEX_POINT('',#6148);
#6148 = CARTESIAN_POINT('',(152.4,117.6,15.9));
#6149 = SURFACE_CURVE('',#6150,(#6154,#6161),.PCURVE_S1.);
#6150 = LINE('',#6151,#6152);
#6151 = CARTESIAN_POINT('',(188.4,117.6,15.9));
#6152 = VECTOR('',#6153,1.);
#6153 = DIRECTION('',(-1.,-0.,-0.));
#6154 = PCURVE('',#3023,#6155);
#6155 = DEFINITIONAL_REPRESENTATION('',(#6156),#6160);
#6156 = LINE('',#6157,#6158);
#6157 = CARTESIAN_POINT('',(-0.,-72.));
#6158 = VECTOR('',#6159,1.);
#6159 = DIRECTION('',(-1.,0.));
#6160 = ( GEOMETRIC_REPRESENTATION_CONTEXT(2) 
PARAMETRIC_REPRESENTATION_CONTEXT() REPRESENTATION_CONTEXT('2D SPACE',''
  ) );
#6161 = PCURVE('',#6162,#6167);
#6162 = PLANE('',#6163);
#6163 = AXIS2_PLACEMENT_3D('',#6164,#6165,#6166);
#6164 = CARTESIAN_POINT('',(188.4,117.6,15.9));
#6165 = DIRECTION('',(-0.,1.,-0.));
#6166 = DIRECTION('',(0.,0.,-1.));
#6167 = DEFINITIONAL_REPRESENTATION('',(#6168),#6172);
#6168 = LINE('',#6169,#6170);
#6169 = CARTESIAN_POINT('',(-0.,-0.));
#6170 = VECTOR('',#6171,1.);
#6171 = DIRECTION('',(-0.,1.));
#6172 = ( GEOMETRIC_REPRESENTATION_CONTEXT(2) 
PARAMETRIC_REPRESENTATION_CONTEXT() REPRESENTATION_CONTEXT('2D SPACE',''
  ) );
#6173 = ORIENTED_EDGE('',*,*,#6174,.F.);
#6174 = EDGE_CURVE('',#6175,#6147,#6177,.T.);
#6175 = VERTEX_POINT('',#6176);
#6176 = CARTESIAN_POINT('',(152.4,82.4,15.9));
#6177 = SURFACE_CURVE('',#6178,(#6182,#6189),.PCURVE_S1.);
#6178 = LINE('',#6179,#6180);
#6179 = CARTESIAN_POINT('',(152.4,9.6,15.9));
#6180 = VECTOR('',#6181,1.);
#6181 = DIRECTION('',(-0.,1.,-0.));
#6182 = PCURVE('',#3023,#6183);
#6183 = DEFINITIONAL_REPRESENTATION('',(#6184),#6188);
#6184 = LINE('',#6185,#6186);
#6185 = CARTESIAN_POINT('',(-36.,-180.));
#6186 = VECTOR('',#6187,1.);
#6187 = DIRECTION('',(-0.,1.));
#6188 = ( GEOMETRIC_REPRESENTATION_CONTEXT(2) 
PARAMETRIC_REPRESENTATION_CONTEXT() REPRESENTATION_CONTEXT('2D SPACE',''
  ) );
#6189 = PCURVE('',#6190,#6195);
#6190 = PLANE('',#6191);
#6191 = AXIS2_PLACEMENT_3D('',#6192,#6193,#6194);
#6192 = CARTESIAN_POINT('',(152.4,9.6,15.9));
#6193 = DIRECTION('',(-1.,-0.,-0.));
#6194 = DIRECTION('',(0.,0.,-1.));
#6195 = DEFINITIONAL_REPRESENTATION('',(#6196),#6200);
#6196 = LINE('',#6197,#6198);
#6197 = CARTESIAN_POINT('',(-0.,-0.));
#6198 = VECTOR('',#6199,1.);
#6199 = DIRECTION('',(-0.,-1.));
#6200 = ( GEOMETRIC_REPRESENTATION_CONTEXT(2) 
PARAMETRIC_REPRESENTATION_CONTEXT() REPRESENTATION_CONTEXT('2D SPACE',''
  ) );
#6201 = ORIENTED_EDGE('',*,*,#6202,.F.);
#6202 = EDGE_CURVE('',#6203,#6175,#6205,.T.);
#6203 = VERTEX_POINT('',#6204);
#6204 = CARTESIAN_POINT('',(187.6,82.4,15.9));
#6205 = SURFACE_CURVE('',#6206,(#6210,#6217),.PCURVE_S1.);
#6206 = LINE('',#6207,#6208);
#6207 = CARTESIAN_POINT('',(188.4,82.4,15.9));
#6208 = VECTOR('',#6209,1.);
#6209 = DIRECTION('',(-1.,-0.,-0.));
#6210 = PCURVE('',#3023,#6211);
#6211 = DEFINITIONAL_REPRESENTATION('',(#6212),#6216);
#6212 = LINE('',#6213,#6214);
#6213 = CARTESIAN_POINT('',(-0.,-107.2));
#6214 = VECTOR('',#6215,1.);
#6215 = DIRECTION('',(-1.,0.));
#6216 = ( GEOMETRIC_REPRESENTATION_CONTEXT(2) 
PARAMETRIC_REPRESENTATION_CONTEXT() REPRESENTATION_CONTEXT('2D SPACE',''
  ) );
#6217 = PCURVE('',#6218,#6223);
#6218 = PLANE('',#6219);
#6219 = AXIS2_PLACEMENT_3D('',#6220,#6221,#6222);
#6220 = CARTESIAN_POINT('',(188.4,82.4,15.9));
#6221 = DIRECTION('',(-0.,1.,-0.));
#6222 = DIRECTION('',(0.,0.,-1.));
#6223 = DEFINITIONAL_REPRESENTATION('',(#6224),#6228);
#6224 = LINE('',#6225,#6226);
#6225 = CARTESIAN_POINT('',(-0.,-0.));
#6226 = VECTOR('',#6227,1.);
#6227 = DIRECTION('',(-0.,1.));
#6228 = ( GEOMETRIC_REPRESENTATION_CONTEXT(2) 
PARAMETRIC_REPRESENTATION_CONTEXT() REPRESENTATION_CONTEXT('2D SPACE',''
  ) );
#6229 = ORIENTED_EDGE('',*,*,#6230,.T.);
#6230 = EDGE_CURVE('',#6203,#6145,#6231,.T.);
#6231 = SURFACE_CURVE('',#6232,(#6236,#6243),.PCURVE_S1.);
#6232 = LINE('',#6233,#6234);
#6233 = CARTESIAN_POINT('',(187.6,9.6,15.9));
#6234 = VECTOR('',#6235,1.);
#6235 = DIRECTION('',(-0.,1.,-0.));
#6236 = PCURVE('',#3023,#6237);
#6237 = DEFINITIONAL_REPRESENTATION('',(#6238),#6242);
#6238 = LINE('',#6239,#6240);
#6239 = CARTESIAN_POINT('',(-0.8,-180.));
#6240 = VECTOR('',#6241,1.);
#6241 = DIRECTION('',(-0.,1.));
#6242 = ( GEOMETRIC_REPRESENTATION_CONTEXT(2) 
PARAMETRIC_REPRESENTATION_CONTEXT() REPRESENTATION_CONTEXT('2D SPACE',''
  ) );
#6243 = PCURVE('',#6244,#6249);
#6244 = PLANE('',#6245);
#6245 = AXIS2_PLACEMENT_3D('',#6246,#6247,#6248);
#6246 = CARTESIAN_POINT('',(187.6,9.6,15.9));
#6247 = DIRECTION('',(-1.,-0.,-0.));
#6248 = DIRECTION('',(0.,0.,-1.));
#6249 = DEFINITIONAL_REPRESENTATION('',(#6250),#6254);
#6250 = LINE('',#6251,#6252);
#6251 = CARTESIAN_POINT('',(-0.,-0.));
#6252 = VECTOR('',#6253,1.);
#6253 = DIRECTION('',(-0.,-1.));
#6254 = ( GEOMETRIC_REPRESENTATION_CONTEXT(2) 
PARAMETRIC_REPRESENTATION_CONTEXT() REPRESENTATION_CONTEXT('2D SPACE',''
  ) );
#6255 = FACE_BOUND('',#6256,.F.);
#6256 = EDGE_LOOP('',(#6257,#6287,#6315,#6343));
#6257 = ORIENTED_EDGE('',*,*,#6258,.T.);
#6258 = EDGE_CURVE('',#6259,#6261,#6263,.T.);
#6259 = VERTEX_POINT('',#6260);
#6260 = CARTESIAN_POINT('',(151.6,81.6,15.9));
#6261 = VERTEX_POINT('',#6262);
#6262 = CARTESIAN_POINT('',(116.4,81.6,15.9));
#6263 = SURFACE_CURVE('',#6264,(#6268,#6275),.PCURVE_S1.);
#6264 = LINE('',#6265,#6266);
#6265 = CARTESIAN_POINT('',(188.4,81.6,15.9));
#6266 = VECTOR('',#6267,1.);
#6267 = DIRECTION('',(-1.,-0.,-0.));
#6268 = PCURVE('',#3023,#6269);
#6269 = DEFINITIONAL_REPRESENTATION('',(#6270),#6274);
#6270 = LINE('',#6271,#6272);
#6271 = CARTESIAN_POINT('',(-0.,-108.));
#6272 = VECTOR('',#6273,1.);
#6273 = DIRECTION('',(-1.,0.));
#6274 = ( GEOMETRIC_REPRESENTATION_CONTEXT(2) 
PARAMETRIC_REPRESENTATION_CONTEXT() REPRESENTATION_CONTEXT('2D SPACE',''
  ) );
#6275 = PCURVE('',#6276,#6281);
#6276 = PLANE('',#6277);
#6277 = AXIS2_PLACEMENT_3D('',#6278,#6279,#6280);
#6278 = CARTESIAN_POINT('',(188.4,81.6,15.9));
#6279 = DIRECTION('',(-0.,1.,-0.));
#6280 = DIRECTION('',(0.,0.,-1.));
#6281 = DEFINITIONAL_REPRESENTATION('',(#6282),#6286);
#6282 = LINE('',#6283,#6284);
#6283 = CARTESIAN_POINT('',(-0.,-0.));
#6284 = VECTOR('',#6285,1.);
#6285 = DIRECTION('',(-0.,1.));
#6286 = ( GEOMETRIC_REPRESENTATION_CONTEXT(2) 
PARAMETRIC_REPRESENTATION_CONTEXT() REPRESENTATION_CONTEXT('2D SPACE',''
  ) );
#6287 = ORIENTED_EDGE('',*,*,#6288,.F.);
#6288 = EDGE_CURVE('',#6289,#6261,#6291,.T.);
#6289 = VERTEX_POINT('',#6290);
#6290 = CARTESIAN_POINT('',(116.4,46.4,15.9));
#6291 = SURFACE_CURVE('',#6292,(#6296,#6303),.PCURVE_S1.);
#6292 = LINE('',#6293,#6294);
#6293 = CARTESIAN_POINT('',(116.4,9.6,15.9));
#6294 = VECTOR('',#6295,1.);
#6295 = DIRECTION('',(-0.,1.,-0.));
#6296 = PCURVE('',#3023,#6297);
#6297 = DEFINITIONAL_REPRESENTATION('',(#6298),#6302);
#6298 = LINE('',#6299,#6300);
#6299 = CARTESIAN_POINT('',(-72.,-180.));
#6300 = VECTOR('',#6301,1.);
#6301 = DIRECTION('',(-0.,1.));
#6302 = ( GEOMETRIC_REPRESENTATION_CONTEXT(2) 
PARAMETRIC_REPRESENTATION_CONTEXT() REPRESENTATION_CONTEXT('2D SPACE',''
  ) );
#6303 = PCURVE('',#6304,#6309);
#6304 = PLANE('',#6305);
#6305 = AXIS2_PLACEMENT_3D('',#6306,#6307,#6308);
#6306 = CARTESIAN_POINT('',(116.4,9.6,15.9));
#6307 = DIRECTION('',(-1.,-0.,-0.));
#6308 = DIRECTION('',(0.,0.,-1.));
#6309 = DEFINITIONAL_REPRESENTATION('',(#6310),#6314);
#6310 = LINE('',#6311,#6312);
#6311 = CARTESIAN_POINT('',(-0.,-0.));
#6312 = VECTOR('',#6313,1.);
#6313 = DIRECTION('',(-0.,-1.));
#6314 = ( GEOMETRIC_REPRESENTATION_CONTEXT(2) 
PARAMETRIC_REPRESENTATION_CONTEXT() REPRESENTATION_CONTEXT('2D SPACE',''
  ) );
#6315 = ORIENTED_EDGE('',*,*,#6316,.F.);
#6316 = EDGE_CURVE('',#6317,#6289,#6319,.T.);
#6317 = VERTEX_POINT('',#6318);
#6318 = CARTESIAN_POINT('',(151.6,46.4,15.9));
#6319 = SURFACE_CURVE('',#6320,(#6324,#6331),.PCURVE_S1.);
#6320 = LINE('',#6321,#6322);
#6321 = CARTESIAN_POINT('',(188.4,46.4,15.9));
#6322 = VECTOR('',#6323,1.);
#6323 = DIRECTION('',(-1.,-0.,-0.));
#6324 = PCURVE('',#3023,#6325);
#6325 = DEFINITIONAL_REPRESENTATION('',(#6326),#6330);
#6326 = LINE('',#6327,#6328);
#6327 = CARTESIAN_POINT('',(-0.,-143.2));
#6328 = VECTOR('',#6329,1.);
#6329 = DIRECTION('',(-1.,0.));
#6330 = ( GEOMETRIC_REPRESENTATION_CONTEXT(2) 
PARAMETRIC_REPRESENTATION_CONTEXT() REPRESENTATION_CONTEXT('2D SPACE',''
  ) );
#6331 = PCURVE('',#6332,#6337);
#6332 = PLANE('',#6333);
#6333 = AXIS2_PLACEMENT_3D('',#6334,#6335,#6336);
#6334 = CARTESIAN_POINT('',(188.4,46.4,15.9));
#6335 = DIRECTION('',(-0.,1.,-0.));
#6336 = DIRECTION('',(0.,0.,-1.));
#6337 = DEFINITIONAL_REPRESENTATION('',(#6338),#6342);
#6338 = LINE('',#6339,#6340);
#6339 = CARTESIAN_POINT('',(-0.,-0.));
#6340 = VECTOR('',#6341,1.);
#6341 = DIRECTION('',(-0.,1.));
#6342 = ( GEOMETRIC_REPRESENTATION_CONTEXT(2) 
PARAMETRIC_REPRESENTATION_CONTEXT() REPRESENTATION_CONTEXT('2D SPACE',''
  ) );
#6343 = ORIENTED_EDGE('',*,*,#6344,.T.);
#6344 = EDGE_CURVE('',#6317,#6259,#6345,.T.);
#6345 = SURFACE_CURVE('',#6346,(#6350,#6357),.PCURVE_S1.);
#6346 = LINE('',#6347,#6348);
#6347 = CARTESIAN_POINT('',(151.6,9.6,15.9));
#6348 = VECTOR('',#6349,1.);
#6349 = DIRECTION('',(-0.,1.,-0.));
#6350 = PCURVE('',#3023,#6351);
#6351 = DEFINITIONAL_REPRESENTATION('',(#6352),#6356);
#6352 = LINE('',#6353,#6354);
#6353 = CARTESIAN_POINT('',(-36.8,-180.));
#6354 = VECTOR('',#6355,1.);
#6355 = DIRECTION('',(-0.,1.));
#6356 = ( GEOMETRIC_REPRESENTATION_CONTEXT(2) 
PARAMETRIC_REPRESENTATION_CONTEXT() REPRESENTATION_CONTEXT('2D SPACE',''
  ) );
#6357 = PCURVE('',#6358,#6363);
#6358 = PLANE('',#6359);
#6359 = AXIS2_PLACEMENT_3D('',#6360,#6361,#6362);
#6360 = CARTESIAN_POINT('',(151.6,9.6,15.9));
#6361 = DIRECTION('',(-1.,-0.,-0.));
#6362 = DIRECTION('',(0.,0.,-1.));
#6363 = DEFINITIONAL_REPRESENTATION('',(#6364),#6368);
#6364 = LINE('',#6365,#6366);
#6365 = CARTESIAN_POINT('',(-0.,-0.));
#6366 = VECTOR('',#6367,1.);
#6367 = DIRECTION('',(-0.,-1.));
#6368 = ( GEOMETRIC_REPRESENTATION_CONTEXT(2) 
PARAMETRIC_REPRESENTATION_CONTEXT() REPRESENTATION_CONTEXT('2D SPACE',''
  ) );
#6369 = FACE_BOUND('',#6370,.F.);
#6370 = EDGE_LOOP('',(#6371,#6401,#6429,#6457));
#6371 = ORIENTED_EDGE('',*,*,#6372,.T.);
#6372 = EDGE_CURVE('',#6373,#6375,#6377,.T.);
#6373 = VERTEX_POINT('',#6374);
#6374 = CARTESIAN_POINT('',(187.6,81.6,15.9));
#6375 = VERTEX_POINT('',#6376);
#6376 = CARTESIAN_POINT('',(152.4,81.6,15.9));
#6377 = SURFACE_CURVE('',#6378,(#6382,#6389),.PCURVE_S1.);
#6378 = LINE('',#6379,#6380);
#6379 = CARTESIAN_POINT('',(188.4,81.6,15.9));
#6380 = VECTOR('',#6381,1.);
#6381 = DIRECTION('',(-1.,-0.,-0.));
#6382 = PCURVE('',#3023,#6383);
#6383 = DEFINITIONAL_REPRESENTATION('',(#6384),#6388);
#6384 = LINE('',#6385,#6386);
#6385 = CARTESIAN_POINT('',(-0.,-108.));
#6386 = VECTOR('',#6387,1.);
#6387 = DIRECTION('',(-1.,0.));
#6388 = ( GEOMETRIC_REPRESENTATION_CONTEXT(2) 
PARAMETRIC_REPRESENTATION_CONTEXT() REPRESENTATION_CONTEXT('2D SPACE',''
  ) );
#6389 = PCURVE('',#6390,#6395);
#6390 = PLANE('',#6391);
#6391 = AXIS2_PLACEMENT_3D('',#6392,#6393,#6394);
#6392 = CARTESIAN_POINT('',(188.4,81.6,15.9));
#6393 = DIRECTION('',(-0.,1.,-0.));
#6394 = DIRECTION('',(0.,0.,-1.));
#6395 = DEFINITIONAL_REPRESENTATION('',(#6396),#6400);
#6396 = LINE('',#6397,#6398);
#6397 = CARTESIAN_POINT('',(-0.,-0.));
#6398 = VECTOR('',#6399,1.);
#6399 = DIRECTION('',(-0.,1.));
#6400 = ( GEOMETRIC_REPRESENTATION_CONTEXT(2) 
PARAMETRIC_REPRESENTATION_CONTEXT() REPRESENTATION_CONTEXT('2D SPACE',''
  ) );
#6401 = ORIENTED_EDGE('',*,*,#6402,.F.);
#6402 = EDGE_CURVE('',#6403,#6375,#6405,.T.);
#6403 = VERTEX_POINT('',#6404);
#6404 = CARTESIAN_POINT('',(152.4,46.4,15.9));
#6405 = SURFACE_CURVE('',#6406,(#6410,#6417),.PCURVE_S1.);
#6406 = LINE('',#6407,#6408);
#6407 = CARTESIAN_POINT('',(152.4,9.6,15.9));
#6408 = VECTOR('',#6409,1.);
#6409 = DIRECTION('',(-0.,1.,-0.));
#6410 = PCURVE('',#3023,#6411);
#6411 = DEFINITIONAL_REPRESENTATION('',(#6412),#6416);
#6412 = LINE('',#6413,#6414);
#6413 = CARTESIAN_POINT('',(-36.,-180.));
#6414 = VECTOR('',#6415,1.);
#6415 = DIRECTION('',(-0.,1.));
#6416 = ( GEOMETRIC_REPRESENTATION_CONTEXT(2) 
PARAMETRIC_REPRESENTATION_CONTEXT() REPRESENTATION_CONTEXT('2D SPACE',''
  ) );
#6417 = PCURVE('',#6418,#6423);
#6418 = PLANE('',#6419);
#6419 = AXIS2_PLACEMENT_3D('',#6420,#6421,#6422);
#6420 = CARTESIAN_POINT('',(152.4,9.6,15.9));
#6421 = DIRECTION('',(-1.,-0.,-0.));
#6422 = DIRECTION('',(0.,0.,-1.));
#6423 = DEFINITIONAL_REPRESENTATION('',(#6424),#6428);
#6424 = LINE('',#6425,#6426);
#6425 = CARTESIAN_POINT('',(-0.,-0.));
#6426 = VECTOR('',#6427,1.);
#6427 = DIRECTION('',(-0.,-1.));
#6428 = ( GEOMETRIC_REPRESENTATION_CONTEXT(2) 
PARAMETRIC_REPRESENTATION_CONTEXT() REPRESENTATION_CONTEXT('2D SPACE',''
  ) );
#6429 = ORIENTED_EDGE('',*,*,#6430,.F.);
#6430 = EDGE_CURVE('',#6431,#6403,#6433,.T.);
#6431 = VERTEX_POINT('',#6432);
#6432 = CARTESIAN_POINT('',(187.6,46.4,15.9));
#6433 = SURFACE_CURVE('',#6434,(#6438,#6445),.PCURVE_S1.);
#6434 = LINE('',#6435,#6436);
#6435 = CARTESIAN_POINT('',(188.4,46.4,15.9));
#6436 = VECTOR('',#6437,1.);
#6437 = DIRECTION('',(-1.,-0.,-0.));
#6438 = PCURVE('',#3023,#6439);
#6439 = DEFINITIONAL_REPRESENTATION('',(#6440),#6444);
#6440 = LINE('',#6441,#6442);
#6441 = CARTESIAN_POINT('',(-0.,-143.2));
#6442 = VECTOR('',#6443,1.);
#6443 = DIRECTION('',(-1.,0.));
#6444 = ( GEOMETRIC_REPRESENTATION_CONTEXT(2) 
PARAMETRIC_REPRESENTATION_CONTEXT() REPRESENTATION_CONTEXT('2D SPACE',''
  ) );
#6445 = PCURVE('',#6446,#6451);
#6446 = PLANE('',#6447);
#6447 = AXIS2_PLACEMENT_3D('',#6448,#6449,#6450);
#6448 = CARTESIAN_POINT('',(188.4,46.4,15.9));
#6449 = DIRECTION('',(-0.,1.,-0.));
#6450 = DIRECTION('',(0.,0.,-1.));
#6451 = DEFINITIONAL_REPRESENTATION('',(#6452),#6456);
#6452 = LINE('',#6453,#6454);
#6453 = CARTESIAN_POINT('',(-0.,-0.));
#6454 = VECTOR('',#6455,1.);
#6455 = DIRECTION('',(-0.,1.));
#6456 = ( GEOMETRIC_REPRESENTATION_CONTEXT(2) 
PARAMETRIC_REPRESENTATION_CONTEXT() REPRESENTATION_CONTEXT('2D SPACE',''
  ) );
#6457 = ORIENTED_EDGE('',*,*,#6458,.T.);
#6458 = EDGE_CURVE('',#6431,#6373,#6459,.T.);
#6459 = SURFACE_CURVE('',#6460,(#6464,#6471),.PCURVE_S1.);
#6460 = LINE('',#6461,#6462);
#6461 = CARTESIAN_POINT('',(187.6,9.6,15.9));
#6462 = VECTOR('',#6463,1.);
#6463 = DIRECTION('',(-0.,1.,-0.));
#6464 = PCURVE('',#3023,#6465);
#6465 = DEFINITIONAL_REPRESENTATION('',(#6466),#6470);
#6466 = LINE('',#6467,#6468);
#6467 = CARTESIAN_POINT('',(-0.8,-180.));
#6468 = VECTOR('',#6469,1.);
#6469 = DIRECTION('',(-0.,1.));
#6470 = ( GEOMETRIC_REPRESENTATION_CONTEXT(2) 
PARAMETRIC_REPRESENTATION_CONTEXT() REPRESENTATION_CONTEXT('2D SPACE',''
  ) );
#6471 = PCURVE('',#6472,#6477);
#6472 = PLANE('',#6473);
#6473 = AXIS2_PLACEMENT_3D('',#6474,#6475,#6476);
#6474 = CARTESIAN_POINT('',(187.6,9.6,15.9));
#6475 = DIRECTION('',(-1.,-0.,-0.));
#6476 = DIRECTION('',(0.,0.,-1.));
#6477 = DEFINITIONAL_REPRESENTATION('',(#6478),#6482);
#6478 = LINE('',#6479,#6480);
#6479 = CARTESIAN_POINT('',(-0.,-0.));
#6480 = VECTOR('',#6481,1.);
#6481 = DIRECTION('',(-0.,-1.));
#6482 = ( GEOMETRIC_REPRESENTATION_CONTEXT(2) 
PARAMETRIC_REPRESENTATION_CONTEXT() REPRESENTATION_CONTEXT('2D SPACE',''
  ) );
#6483 = FACE_BOUND('',#6484,.F.);
#6484 = EDGE_LOOP('',(#6485,#6515,#6543,#6571));
#6485 = ORIENTED_EDGE('',*,*,#6486,.T.);
#6486 = EDGE_CURVE('',#6487,#6489,#6491,.T.);
#6487 = VERTEX_POINT('',#6488);
#6488 = CARTESIAN_POINT('',(151.6,45.6,15.9));
#6489 = VERTEX_POINT('',#6490);
#6490 = CARTESIAN_POINT('',(116.4,45.6,15.9));
#6491 = SURFACE_CURVE('',#6492,(#6496,#6503),.PCURVE_S1.);
#6492 = LINE('',#6493,#6494);
#6493 = CARTESIAN_POINT('',(188.4,45.6,15.9));
#6494 = VECTOR('',#6495,1.);
#6495 = DIRECTION('',(-1.,-0.,-0.));
#6496 = PCURVE('',#3023,#6497);
#6497 = DEFINITIONAL_REPRESENTATION('',(#6498),#6502);
#6498 = LINE('',#6499,#6500);
#6499 = CARTESIAN_POINT('',(-0.,-144.));
#6500 = VECTOR('',#6501,1.);
#6501 = DIRECTION('',(-1.,0.));
#6502 = ( GEOMETRIC_REPRESENTATION_CONTEXT(2) 
PARAMETRIC_REPRESENTATION_CONTEXT() REPRESENTATION_CONTEXT('2D SPACE',''
  ) );
#6503 = PCURVE('',#6504,#6509);
#6504 = PLANE('',#6505);
#6505 = AXIS2_PLACEMENT_3D('',#6506,#6507,#6508);
#6506 = CARTESIAN_POINT('',(188.4,45.6,15.9));
#6507 = DIRECTION('',(-0.,1.,-0.));
#6508 = DIRECTION('',(0.,0.,-1.));
#6509 = DEFINITIONAL_REPRESENTATION('',(#6510),#6514);
#6510 = LINE('',#6511,#6512);
#6511 = CARTESIAN_POINT('',(-0.,-0.));
#6512 = VECTOR('',#6513,1.);
#6513 = DIRECTION('',(-0.,1.));
#6514 = ( GEOMETRIC_REPRESENTATION_CONTEXT(2) 
PARAMETRIC_REPRESENTATION_CONTEXT() REPRESENTATION_CONTEXT('2D SPACE',''
  ) );
#6515 = ORIENTED_EDGE('',*,*,#6516,.F.);
#6516 = EDGE_CURVE('',#6517,#6489,#6519,.T.);
#6517 = VERTEX_POINT('',#6518);
#6518 = CARTESIAN_POINT('',(116.4,10.4,15.9));
#6519 = SURFACE_CURVE('',#6520,(#6524,#6531),.PCURVE_S1.);
#6520 = LINE('',#6521,#6522);
#6521 = CARTESIAN_POINT('',(116.4,9.6,15.9));
#6522 = VECTOR('',#6523,1.);
#6523 = DIRECTION('',(-0.,1.,-0.));
#6524 = PCURVE('',#3023,#6525);
#6525 = DEFINITIONAL_REPRESENTATION('',(#6526),#6530);
#6526 = LINE('',#6527,#6528);
#6527 = CARTESIAN_POINT('',(-72.,-180.));
#6528 = VECTOR('',#6529,1.);
#6529 = DIRECTION('',(-0.,1.));
#6530 = ( GEOMETRIC_REPRESENTATION_CONTEXT(2) 
PARAMETRIC_REPRESENTATION_CONTEXT() REPRESENTATION_CONTEXT('2D SPACE',''
  ) );
#6531 = PCURVE('',#6532,#6537);
#6532 = PLANE('',#6533);
#6533 = AXIS2_PLACEMENT_3D('',#6534,#6535,#6536);
#6534 = CARTESIAN_POINT('',(116.4,9.6,15.9));
#6535 = DIRECTION('',(-1.,-0.,-0.));
#6536 = DIRECTION('',(0.,0.,-1.));
#6537 = DEFINITIONAL_REPRESENTATION('',(#6538),#6542);
#6538 = LINE('',#6539,#6540);
#6539 = CARTESIAN_POINT('',(-0.,-0.));
#6540 = VECTOR('',#6541,1.);
#6541 = DIRECTION('',(-0.,-1.));
#6542 = ( GEOMETRIC_REPRESENTATION_CONTEXT(2) 
PARAMETRIC_REPRESENTATION_CONTEXT() REPRESENTATION_CONTEXT('2D SPACE',''
  ) );
#6543 = ORIENTED_EDGE('',*,*,#6544,.F.);
#6544 = EDGE_CURVE('',#6545,#6517,#6547,.T.);
#6545 = VERTEX_POINT('',#6546);
#6546 = CARTESIAN_POINT('',(151.6,10.4,15.9));
#6547 = SURFACE_CURVE('',#6548,(#6552,#6559),.PCURVE_S1.);
#6548 = LINE('',#6549,#6550);
#6549 = CARTESIAN_POINT('',(188.4,10.4,15.9));
#6550 = VECTOR('',#6551,1.);
#6551 = DIRECTION('',(-1.,-0.,-0.));
#6552 = PCURVE('',#3023,#6553);
#6553 = DEFINITIONAL_REPRESENTATION('',(#6554),#6558);
#6554 = LINE('',#6555,#6556);
#6555 = CARTESIAN_POINT('',(-0.,-179.2));
#6556 = VECTOR('',#6557,1.);
#6557 = DIRECTION('',(-1.,0.));
#6558 = ( GEOMETRIC_REPRESENTATION_CONTEXT(2) 
PARAMETRIC_REPRESENTATION_CONTEXT() REPRESENTATION_CONTEXT('2D SPACE',''
  ) );
#6559 = PCURVE('',#6560,#6565);
#6560 = PLANE('',#6561);
#6561 = AXIS2_PLACEMENT_3D('',#6562,#6563,#6564);
#6562 = CARTESIAN_POINT('',(188.4,10.4,15.9));
#6563 = DIRECTION('',(-0.,1.,-0.));
#6564 = DIRECTION('',(0.,0.,-1.));
#6565 = DEFINITIONAL_REPRESENTATION('',(#6566),#6570);
#6566 = LINE('',#6567,#6568);
#6567 = CARTESIAN_POINT('',(-0.,-0.));
#6568 = VECTOR('',#6569,1.);
#6569 = DIRECTION('',(-0.,1.));
#6570 = ( GEOMETRIC_REPRESENTATION_CONTEXT(2) 
PARAMETRIC_REPRESENTATION_CONTEXT() REPRESENTATION_CONTEXT('2D SPACE',''
  ) );
#6571 = ORIENTED_EDGE('',*,*,#6572,.T.);
#6572 = EDGE_CURVE('',#6545,#6487,#6573,.T.);
#6573 = SURFACE_CURVE('',#6574,(#6578,#6585),.PCURVE_S1.);
#6574 = LINE('',#6575,#6576);
#6575 = CARTESIAN_POINT('',(151.6,9.6,15.9));
#6576 = VECTOR('',#6577,1.);
#6577 = DIRECTION('',(-0.,1.,-0.));
#6578 = PCURVE('',#3023,#6579);
#6579 = DEFINITIONAL_REPRESENTATION('',(#6580),#6584);
#6580 = LINE('',#6581,#6582);
#6581 = CARTESIAN_POINT('',(-36.8,-180.));
#6582 = VECTOR('',#6583,1.);
#6583 = DIRECTION('',(-0.,1.));
#6584 = ( GEOMETRIC_REPRESENTATION_CONTEXT(2) 
PARAMETRIC_REPRESENTATION_CONTEXT() REPRESENTATION_CONTEXT('2D SPACE',''
  ) );
#6585 = PCURVE('',#6586,#6591);
#6586 = PLANE('',#6587);
#6587 = AXIS2_PLACEMENT_3D('',#6588,#6589,#6590);
#6588 = CARTESIAN_POINT('',(151.6,9.6,15.9));
#6589 = DIRECTION('',(-1.,-0.,-0.));
#6590 = DIRECTION('',(0.,0.,-1.));
#6591 = DEFINITIONAL_REPRESENTATION('',(#6592),#6596);
#6592 = LINE('',#6593,#6594);
#6593 = CARTESIAN_POINT('',(-0.,-0.));
#6594 = VECTOR('',#6595,1.);
#6595 = DIRECTION('',(-0.,-1.));
#6596 = ( GEOMETRIC_REPRESENTATION_CONTEXT(2) 
PARAMETRIC_REPRESENTATION_CONTEXT() REPRESENTATION_CONTEXT('2D SPACE',''
  ) );
#6597 = FACE_BOUND('',#6598,.F.);
#6598 = EDGE_LOOP('',(#6599,#6629,#6657,#6685));
#6599 = ORIENTED_EDGE('',*,*,#6600,.T.);
#6600 = EDGE_CURVE('',#6601,#6603,#6605,.T.);
#6601 = VERTEX_POINT('',#6602);
#6602 = CARTESIAN_POINT('',(187.6,45.6,15.9));
#6603 = VERTEX_POINT('',#6604);
#6604 = CARTESIAN_POINT('',(152.4,45.6,15.9));
#6605 = SURFACE_CURVE('',#6606,(#6610,#6617),.PCURVE_S1.);
#6606 = LINE('',#6607,#6608);
#6607 = CARTESIAN_POINT('',(188.4,45.6,15.9));
#6608 = VECTOR('',#6609,1.);
#6609 = DIRECTION('',(-1.,-0.,-0.));
#6610 = PCURVE('',#3023,#6611);
#6611 = DEFINITIONAL_REPRESENTATION('',(#6612),#6616);
#6612 = LINE('',#6613,#6614);
#6613 = CARTESIAN_POINT('',(-0.,-144.));
#6614 = VECTOR('',#6615,1.);
#6615 = DIRECTION('',(-1.,0.));
#6616 = ( GEOMETRIC_REPRESENTATION_CONTEXT(2) 
PARAMETRIC_REPRESENTATION_CONTEXT() REPRESENTATION_CONTEXT('2D SPACE',''
  ) );
#6617 = PCURVE('',#6618,#6623);
#6618 = PLANE('',#6619);
#6619 = AXIS2_PLACEMENT_3D('',#6620,#6621,#6622);
#6620 = CARTESIAN_POINT('',(188.4,45.6,15.9));
#6621 = DIRECTION('',(-0.,1.,-0.));
#6622 = DIRECTION('',(0.,0.,-1.));
#6623 = DEFINITIONAL_REPRESENTATION('',(#6624),#6628);
#6624 = LINE('',#6625,#6626);
#6625 = CARTESIAN_POINT('',(-0.,-0.));
#6626 = VECTOR('',#6627,1.);
#6627 = DIRECTION('',(-0.,1.));
#6628 = ( GEOMETRIC_REPRESENTATION_CONTEXT(2) 
PARAMETRIC_REPRESENTATION_CONTEXT() REPRESENTATION_CONTEXT('2D SPACE',''
  ) );
#6629 = ORIENTED_EDGE('',*,*,#6630,.F.);
#6630 = EDGE_CURVE('',#6631,#6603,#6633,.T.);
#6631 = VERTEX_POINT('',#6632);
#6632 = CARTESIAN_POINT('',(152.4,10.4,15.9));
#6633 = SURFACE_CURVE('',#6634,(#6638,#6645),.PCURVE_S1.);
#6634 = LINE('',#6635,#6636);
#6635 = CARTESIAN_POINT('',(152.4,9.6,15.9));
#6636 = VECTOR('',#6637,1.);
#6637 = DIRECTION('',(-0.,1.,-0.));
#6638 = PCURVE('',#3023,#6639);
#6639 = DEFINITIONAL_REPRESENTATION('',(#6640),#6644);
#6640 = LINE('',#6641,#6642);
#6641 = CARTESIAN_POINT('',(-36.,-180.));
#6642 = VECTOR('',#6643,1.);
#6643 = DIRECTION('',(-0.,1.));
#6644 = ( GEOMETRIC_REPRESENTATION_CONTEXT(2) 
PARAMETRIC_REPRESENTATION_CONTEXT() REPRESENTATION_CONTEXT('2D SPACE',''
  ) );
#6645 = PCURVE('',#6646,#6651);
#6646 = PLANE('',#6647);
#6647 = AXIS2_PLACEMENT_3D('',#6648,#6649,#6650);
#6648 = CARTESIAN_POINT('',(152.4,9.6,15.9));
#6649 = DIRECTION('',(-1.,-0.,-0.));
#6650 = DIRECTION('',(0.,0.,-1.));
#6651 = DEFINITIONAL_REPRESENTATION('',(#6652),#6656);
#6652 = LINE('',#6653,#6654);
#6653 = CARTESIAN_POINT('',(-0.,-0.));
#6654 = VECTOR('',#6655,1.);
#6655 = DIRECTION('',(-0.,-1.));
#6656 = ( GEOMETRIC_REPRESENTATION_CONTEXT(2) 
PARAMETRIC_REPRESENTATION_CONTEXT() REPRESENTATION_CONTEXT('2D SPACE',''
  ) );
#6657 = ORIENTED_EDGE('',*,*,#6658,.F.);
#6658 = EDGE_CURVE('',#6659,#6631,#6661,.T.);
#6659 = VERTEX_POINT('',#6660);
#6660 = CARTESIAN_POINT('',(187.6,10.4,15.9));
#6661 = SURFACE_CURVE('',#6662,(#6666,#6673),.PCURVE_S1.);
#6662 = LINE('',#6663,#6664);
#6663 = CARTESIAN_POINT('',(188.4,10.4,15.9));
#6664 = VECTOR('',#6665,1.);
#6665 = DIRECTION('',(-1.,-0.,-0.));
#6666 = PCURVE('',#3023,#6667);
#6667 = DEFINITIONAL_REPRESENTATION('',(#6668),#6672);
#6668 = LINE('',#6669,#6670);
#6669 = CARTESIAN_POINT('',(-0.,-179.2));
#6670 = VECTOR('',#6671,1.);
#6671 = DIRECTION('',(-1.,0.));
#6672 = ( GEOMETRIC_REPRESENTATION_CONTEXT(2) 
PARAMETRIC_REPRESENTATION_CONTEXT() REPRESENTATION_CONTEXT('2D SPACE',''
  ) );
#6673 = PCURVE('',#6674,#6679);
#6674 = PLANE('',#6675);
#6675 = AXIS2_PLACEMENT_3D('',#6676,#6677,#6678);
#6676 = CARTESIAN_POINT('',(188.4,10.4,15.9));
#6677 = DIRECTION('',(-0.,1.,-0.));
#6678 = DIRECTION('',(0.,0.,-1.));
#6679 = DEFINITIONAL_REPRESENTATION('',(#6680),#6684);
#6680 = LINE('',#6681,#6682);
#6681 = CARTESIAN_POINT('',(-0.,-0.));
#6682 = VECTOR('',#6683,1.);
#6683 = DIRECTION('',(-0.,1.));
#6684 = ( GEOMETRIC_REPRESENTATION_CONTEXT(2) 
PARAMETRIC_REPRESENTATION_CONTEXT() REPRESENTATION_CONTEXT('2D SPACE',''
  ) );
#6685 = ORIENTED_EDGE('',*,*,#6686,.T.);
#6686 = EDGE_CURVE('',#6659,#6601,#6687,.T.);
#6687 = SURFACE_CURVE('',#6688,(#6692,#6699),.PCURVE_S1.);
#6688 = LINE('',#6689,#6690);
#6689 = CARTESIAN_POINT('',(187.6,9.6,15.9));
#6690 = VECTOR('',#6691,1.);
#6691 = DIRECTION('',(-0.,1.,-0.));
#6692 = PCURVE('',#3023,#6693);
#6693 = DEFINITIONAL_REPRESENTATION('',(#6694),#6698);
#6694 = LINE('',#6695,#6696);
#6695 = CARTESIAN_POINT('',(-0.8,-180.));
#6696 = VECTOR('',#6697,1.);
#6697 = DIRECTION('',(-0.,1.));
#6698 = ( GEOMETRIC_REPRESENTATION_CONTEXT(2) 
PARAMETRIC_REPRESENTATION_CONTEXT() REPRESENTATION_CONTEXT('2D SPACE',''
  ) );
#6699 = PCURVE('',#6700,#6705);
#6700 = PLANE('',#6701);
#6701 = AXIS2_PLACEMENT_3D('',#6702,#6703,#6704);
#6702 = CARTESIAN_POINT('',(187.6,9.6,15.9));
#6703 = DIRECTION('',(-1.,-0.,-0.));
#6704 = DIRECTION('',(0.,0.,-1.));
#6705 = DEFINITIONAL_REPRESENTATION('',(#6706),#6710);
#6706 = LINE('',#6707,#6708);
#6707 = CARTESIAN_POINT('',(-0.,-0.));
#6708 = VECTOR('',#6709,1.);
#6709 = DIRECTION('',(-0.,-1.));
#6710 = ( GEOMETRIC_REPRESENTATION_CONTEXT(2) 
PARAMETRIC_REPRESENTATION_CONTEXT() REPRESENTATION_CONTEXT('2D SPACE',''
  ) );
#6711 = ADVANCED_FACE('',(#6712),#3686,.F.);
#6712 = FACE_BOUND('',#6713,.T.);
#6713 = EDGE_LOOP('',(#6714,#6715,#6736));
#6714 = ORIENTED_EDGE('',*,*,#3748,.T.);
#6715 = ORIENTED_EDGE('',*,*,#6716,.T.);
#6716 = EDGE_CURVE('',#3726,#3645,#6717,.T.);
#6717 = SURFACE_CURVE('',#6718,(#6722,#6729),.PCURVE_S1.);
#6718 = LINE('',#6719,#6720);
#6719 = CARTESIAN_POINT('',(192.2,9.6,16.5));
#6720 = VECTOR('',#6721,1.);
#6721 = DIRECTION('',(-1.,-0.,-0.));
#6722 = PCURVE('',#3686,#6723);
#6723 = DEFINITIONAL_REPRESENTATION('',(#6724),#6728);
#6724 = LINE('',#6725,#6726);
#6725 = CARTESIAN_POINT('',(-181.6,-3.8));
#6726 = VECTOR('',#6727,1.);
#6727 = DIRECTION('',(-0.,-1.));
#6728 = ( GEOMETRIC_REPRESENTATION_CONTEXT(2) 
PARAMETRIC_REPRESENTATION_CONTEXT() REPRESENTATION_CONTEXT('2D SPACE',''
  ) );
#6729 = PCURVE('',#3660,#6730);
#6730 = DEFINITIONAL_REPRESENTATION('',(#6731),#6735);
#6731 = LINE('',#6732,#6733);
#6732 = CARTESIAN_POINT('',(-0.6,-3.8));
#6733 = VECTOR('',#6734,1.);
#6734 = DIRECTION('',(-0.,1.));
#6735 = ( GEOMETRIC_REPRESENTATION_CONTEXT(2) 
PARAMETRIC_REPRESENTATION_CONTEXT() REPRESENTATION_CONTEXT('2D SPACE',''
  ) );
#6736 = ORIENTED_EDGE('',*,*,#3672,.T.);
#6737 = ADVANCED_FACE('',(#6738),#3660,.T.);
#6738 = FACE_BOUND('',#6739,.F.);
#6739 = EDGE_LOOP('',(#6740,#6741,#6742,#6743));
#6740 = ORIENTED_EDGE('',*,*,#5184,.F.);
#6741 = ORIENTED_EDGE('',*,*,#3725,.T.);
#6742 = ORIENTED_EDGE('',*,*,#6716,.T.);
#6743 = ORIENTED_EDGE('',*,*,#3644,.F.);
#6744 = ADVANCED_FACE('',(#6745),#3609,.F.);
#6745 = FACE_BOUND('',#6746,.T.);
#6746 = EDGE_LOOP('',(#6747,#6748,#6771,#6792));
#6747 = ORIENTED_EDGE('',*,*,#5206,.F.);
#6748 = ORIENTED_EDGE('',*,*,#6749,.F.);
#6749 = EDGE_CURVE('',#6750,#5207,#6752,.T.);
#6750 = VERTEX_POINT('',#6751);
#6751 = CARTESIAN_POINT('',(115.6,10.4,16.5));
#6752 = SURFACE_CURVE('',#6753,(#6757,#6764),.PCURVE_S1.);
#6753 = LINE('',#6754,#6755);
#6754 = CARTESIAN_POINT('',(115.6,10.4,15.9));
#6755 = VECTOR('',#6756,1.);
#6756 = DIRECTION('',(-0.,0.,-1.));
#6757 = PCURVE('',#3609,#6758);
#6758 = DEFINITIONAL_REPRESENTATION('',(#6759),#6763);
#6759 = LINE('',#6760,#6761);
#6760 = CARTESIAN_POINT('',(-0.,72.8));
#6761 = VECTOR('',#6762,1.);
#6762 = DIRECTION('',(1.,-0.));
#6763 = ( GEOMETRIC_REPRESENTATION_CONTEXT(2) 
PARAMETRIC_REPRESENTATION_CONTEXT() REPRESENTATION_CONTEXT('2D SPACE',''
  ) );
#6764 = PCURVE('',#5245,#6765);
#6765 = DEFINITIONAL_REPRESENTATION('',(#6766),#6770);
#6766 = LINE('',#6767,#6768);
#6767 = CARTESIAN_POINT('',(-0.,-0.8));
#6768 = VECTOR('',#6769,1.);
#6769 = DIRECTION('',(1.,-0.));
#6770 = ( GEOMETRIC_REPRESENTATION_CONTEXT(2) 
PARAMETRIC_REPRESENTATION_CONTEXT() REPRESENTATION_CONTEXT('2D SPACE',''
  ) );
#6771 = ORIENTED_EDGE('',*,*,#6772,.T.);
#6772 = EDGE_CURVE('',#6750,#3566,#6773,.T.);
#6773 = SURFACE_CURVE('',#6774,(#6778,#6785),.PCURVE_S1.);
#6774 = LINE('',#6775,#6776);
#6775 = CARTESIAN_POINT('',(192.2,10.4,16.5));
#6776 = VECTOR('',#6777,1.);
#6777 = DIRECTION('',(-1.,-0.,-0.));
#6778 = PCURVE('',#3609,#6779);
#6779 = DEFINITIONAL_REPRESENTATION('',(#6780),#6784);
#6780 = LINE('',#6781,#6782);
#6781 = CARTESIAN_POINT('',(-0.6,-3.8));
#6782 = VECTOR('',#6783,1.);
#6783 = DIRECTION('',(-0.,1.));
#6784 = ( GEOMETRIC_REPRESENTATION_CONTEXT(2) 
PARAMETRIC_REPRESENTATION_CONTEXT() REPRESENTATION_CONTEXT('2D SPACE',''
  ) );
#6785 = PCURVE('',#3581,#6786);
#6786 = DEFINITIONAL_REPRESENTATION('',(#6787),#6791);
#6787 = LINE('',#6788,#6789);
#6788 = CARTESIAN_POINT('',(-180.8,-3.8));
#6789 = VECTOR('',#6790,1.);
#6790 = DIRECTION('',(-0.,-1.));
#6791 = ( GEOMETRIC_REPRESENTATION_CONTEXT(2) 
PARAMETRIC_REPRESENTATION_CONTEXT() REPRESENTATION_CONTEXT('2D SPACE',''
  ) );
#6792 = ORIENTED_EDGE('',*,*,#3593,.F.);
#6793 = ADVANCED_FACE('',(#6794),#3581,.F.);
#6794 = FACE_BOUND('',#6795,.T.);
#6795 = EDGE_LOOP('',(#6796,#6797,#6820,#6841));
#6796 = ORIENTED_EDGE('',*,*,#6772,.F.);
#6797 = ORIENTED_EDGE('',*,*,#6798,.F.);
#6798 = EDGE_CURVE('',#6799,#6750,#6801,.T.);
#6799 = VERTEX_POINT('',#6800);
#6800 = CARTESIAN_POINT('',(115.6,45.6,16.5));
#6801 = SURFACE_CURVE('',#6802,(#6806,#6813),.PCURVE_S1.);
#6802 = LINE('',#6803,#6804);
#6803 = CARTESIAN_POINT('',(115.6,100.4,16.5));
#6804 = VECTOR('',#6805,1.);
#6805 = DIRECTION('',(-0.,-1.,-0.));
#6806 = PCURVE('',#3581,#6807);
#6807 = DEFINITIONAL_REPRESENTATION('',(#6808),#6812);
#6808 = LINE('',#6809,#6810);
#6809 = CARTESIAN_POINT('',(-90.8,-80.4));
#6810 = VECTOR('',#6811,1.);
#6811 = DIRECTION('',(-1.,0.));
#6812 = ( GEOMETRIC_REPRESENTATION_CONTEXT(2) 
PARAMETRIC_REPRESENTATION_CONTEXT() REPRESENTATION_CONTEXT('2D SPACE',''
  ) );
#6813 = PCURVE('',#5245,#6814);
#6814 = DEFINITIONAL_REPRESENTATION('',(#6815),#6819);
#6815 = LINE('',#6816,#6817);
#6816 = CARTESIAN_POINT('',(-0.6,-90.8));
#6817 = VECTOR('',#6818,1.);
#6818 = DIRECTION('',(-0.,1.));
#6819 = ( GEOMETRIC_REPRESENTATION_CONTEXT(2) 
PARAMETRIC_REPRESENTATION_CONTEXT() REPRESENTATION_CONTEXT('2D SPACE',''
  ) );
#6820 = ORIENTED_EDGE('',*,*,#6821,.T.);
#6821 = EDGE_CURVE('',#6799,#3538,#6822,.T.);
#6822 = SURFACE_CURVE('',#6823,(#6827,#6834),.PCURVE_S1.);
#6823 = LINE('',#6824,#6825);
#6824 = CARTESIAN_POINT('',(192.2,45.6,16.5));
#6825 = VECTOR('',#6826,1.);
#6826 = DIRECTION('',(-1.,-0.,-0.));
#6827 = PCURVE('',#3581,#6828);
#6828 = DEFINITIONAL_REPRESENTATION('',(#6829),#6833);
#6829 = LINE('',#6830,#6831);
#6830 = CARTESIAN_POINT('',(-145.6,-3.8));
#6831 = VECTOR('',#6832,1.);
#6832 = DIRECTION('',(-0.,-1.));
#6833 = ( GEOMETRIC_REPRESENTATION_CONTEXT(2) 
PARAMETRIC_REPRESENTATION_CONTEXT() REPRESENTATION_CONTEXT('2D SPACE',''
  ) );
#6834 = PCURVE('',#3553,#6835);
#6835 = DEFINITIONAL_REPRESENTATION('',(#6836),#6840);
#6836 = LINE('',#6837,#6838);
#6837 = CARTESIAN_POINT('',(-0.6,-3.8));
#6838 = VECTOR('',#6839,1.);
#6839 = DIRECTION('',(-0.,1.));
#6840 = ( GEOMETRIC_REPRESENTATION_CONTEXT(2) 
PARAMETRIC_REPRESENTATION_CONTEXT() REPRESENTATION_CONTEXT('2D SPACE',''
  ) );
#6841 = ORIENTED_EDGE('',*,*,#3565,.T.);
#6842 = ADVANCED_FACE('',(#6843),#3553,.T.);
#6843 = FACE_BOUND('',#6844,.F.);
#6844 = EDGE_LOOP('',(#6845,#6846,#6867,#6868));
#6845 = ORIENTED_EDGE('',*,*,#5257,.F.);
#6846 = ORIENTED_EDGE('',*,*,#6847,.F.);
#6847 = EDGE_CURVE('',#6799,#5230,#6848,.T.);
#6848 = SURFACE_CURVE('',#6849,(#6853,#6860),.PCURVE_S1.);
#6849 = LINE('',#6850,#6851);
#6850 = CARTESIAN_POINT('',(115.6,45.6,15.9));
#6851 = VECTOR('',#6852,1.);
#6852 = DIRECTION('',(-0.,0.,-1.));
#6853 = PCURVE('',#3553,#6854);
#6854 = DEFINITIONAL_REPRESENTATION('',(#6855),#6859);
#6855 = LINE('',#6856,#6857);
#6856 = CARTESIAN_POINT('',(-0.,72.8));
#6857 = VECTOR('',#6858,1.);
#6858 = DIRECTION('',(1.,-0.));
#6859 = ( GEOMETRIC_REPRESENTATION_CONTEXT(2) 
PARAMETRIC_REPRESENTATION_CONTEXT() REPRESENTATION_CONTEXT('2D SPACE',''
  ) );
#6860 = PCURVE('',#5245,#6861);
#6861 = DEFINITIONAL_REPRESENTATION('',(#6862),#6866);
#6862 = LINE('',#6863,#6864);
#6863 = CARTESIAN_POINT('',(-0.,-36.));
#6864 = VECTOR('',#6865,1.);
#6865 = DIRECTION('',(1.,-0.));
#6866 = ( GEOMETRIC_REPRESENTATION_CONTEXT(2) 
PARAMETRIC_REPRESENTATION_CONTEXT() REPRESENTATION_CONTEXT('2D SPACE',''
  ) );
#6867 = ORIENTED_EDGE('',*,*,#6821,.T.);
#6868 = ORIENTED_EDGE('',*,*,#3537,.F.);
#6869 = ADVANCED_FACE('',(#6870),#3502,.F.);
#6870 = FACE_BOUND('',#6871,.T.);
#6871 = EDGE_LOOP('',(#6872,#6873,#6896,#6917));
#6872 = ORIENTED_EDGE('',*,*,#5279,.F.);
#6873 = ORIENTED_EDGE('',*,*,#6874,.F.);
#6874 = EDGE_CURVE('',#6875,#5280,#6877,.T.);
#6875 = VERTEX_POINT('',#6876);
#6876 = CARTESIAN_POINT('',(115.6,46.4,16.5));
#6877 = SURFACE_CURVE('',#6878,(#6882,#6889),.PCURVE_S1.);
#6878 = LINE('',#6879,#6880);
#6879 = CARTESIAN_POINT('',(115.6,46.4,15.9));
#6880 = VECTOR('',#6881,1.);
#6881 = DIRECTION('',(-0.,0.,-1.));
#6882 = PCURVE('',#3502,#6883);
#6883 = DEFINITIONAL_REPRESENTATION('',(#6884),#6888);
#6884 = LINE('',#6885,#6886);
#6885 = CARTESIAN_POINT('',(-0.,72.8));
#6886 = VECTOR('',#6887,1.);
#6887 = DIRECTION('',(1.,-0.));
#6888 = ( GEOMETRIC_REPRESENTATION_CONTEXT(2) 
PARAMETRIC_REPRESENTATION_CONTEXT() REPRESENTATION_CONTEXT('2D SPACE',''
  ) );
#6889 = PCURVE('',#5318,#6890);
#6890 = DEFINITIONAL_REPRESENTATION('',(#6891),#6895);
#6891 = LINE('',#6892,#6893);
#6892 = CARTESIAN_POINT('',(-0.,-36.8));
#6893 = VECTOR('',#6894,1.);
#6894 = DIRECTION('',(1.,-0.));
#6895 = ( GEOMETRIC_REPRESENTATION_CONTEXT(2) 
PARAMETRIC_REPRESENTATION_CONTEXT() REPRESENTATION_CONTEXT('2D SPACE',''
  ) );
#6896 = ORIENTED_EDGE('',*,*,#6897,.T.);
#6897 = EDGE_CURVE('',#6875,#3459,#6898,.T.);
#6898 = SURFACE_CURVE('',#6899,(#6903,#6910),.PCURVE_S1.);
#6899 = LINE('',#6900,#6901);
#6900 = CARTESIAN_POINT('',(192.2,46.4,16.5));
#6901 = VECTOR('',#6902,1.);
#6902 = DIRECTION('',(-1.,-0.,-0.));
#6903 = PCURVE('',#3502,#6904);
#6904 = DEFINITIONAL_REPRESENTATION('',(#6905),#6909);
#6905 = LINE('',#6906,#6907);
#6906 = CARTESIAN_POINT('',(-0.6,-3.8));
#6907 = VECTOR('',#6908,1.);
#6908 = DIRECTION('',(-0.,1.));
#6909 = ( GEOMETRIC_REPRESENTATION_CONTEXT(2) 
PARAMETRIC_REPRESENTATION_CONTEXT() REPRESENTATION_CONTEXT('2D SPACE',''
  ) );
#6910 = PCURVE('',#3474,#6911);
#6911 = DEFINITIONAL_REPRESENTATION('',(#6912),#6916);
#6912 = LINE('',#6913,#6914);
#6913 = CARTESIAN_POINT('',(-144.8,-3.8));
#6914 = VECTOR('',#6915,1.);
#6915 = DIRECTION('',(-0.,-1.));
#6916 = ( GEOMETRIC_REPRESENTATION_CONTEXT(2) 
PARAMETRIC_REPRESENTATION_CONTEXT() REPRESENTATION_CONTEXT('2D SPACE',''
  ) );
#6917 = ORIENTED_EDGE('',*,*,#3486,.F.);
#6918 = ADVANCED_FACE('',(#6919),#3474,.F.);
#6919 = FACE_BOUND('',#6920,.T.);
#6920 = EDGE_LOOP('',(#6921,#6922,#6945,#6966));
#6921 = ORIENTED_EDGE('',*,*,#6897,.F.);
#6922 = ORIENTED_EDGE('',*,*,#6923,.F.);
#6923 = EDGE_CURVE('',#6924,#6875,#6926,.T.);
#6924 = VERTEX_POINT('',#6925);
#6925 = CARTESIAN_POINT('',(115.6,81.6,16.5));
#6926 = SURFACE_CURVE('',#6927,(#6931,#6938),.PCURVE_S1.);
#6927 = LINE('',#6928,#6929);
#6928 = CARTESIAN_POINT('',(115.6,100.4,16.5));
#6929 = VECTOR('',#6930,1.);
#6930 = DIRECTION('',(-0.,-1.,-0.));
#6931 = PCURVE('',#3474,#6932);
#6932 = DEFINITIONAL_REPRESENTATION('',(#6933),#6937);
#6933 = LINE('',#6934,#6935);
#6934 = CARTESIAN_POINT('',(-90.8,-80.4));
#6935 = VECTOR('',#6936,1.);
#6936 = DIRECTION('',(-1.,0.));
#6937 = ( GEOMETRIC_REPRESENTATION_CONTEXT(2) 
PARAMETRIC_REPRESENTATION_CONTEXT() REPRESENTATION_CONTEXT('2D SPACE',''
  ) );
#6938 = PCURVE('',#5318,#6939);
#6939 = DEFINITIONAL_REPRESENTATION('',(#6940),#6944);
#6940 = LINE('',#6941,#6942);
#6941 = CARTESIAN_POINT('',(-0.6,-90.8));
#6942 = VECTOR('',#6943,1.);
#6943 = DIRECTION('',(-0.,1.));
#6944 = ( GEOMETRIC_REPRESENTATION_CONTEXT(2) 
PARAMETRIC_REPRESENTATION_CONTEXT() REPRESENTATION_CONTEXT('2D SPACE',''
  ) );
#6945 = ORIENTED_EDGE('',*,*,#6946,.T.);
#6946 = EDGE_CURVE('',#6924,#3431,#6947,.T.);
#6947 = SURFACE_CURVE('',#6948,(#6952,#6959),.PCURVE_S1.);
#6948 = LINE('',#6949,#6950);
#6949 = CARTESIAN_POINT('',(192.2,81.6,16.5));
#6950 = VECTOR('',#6951,1.);
#6951 = DIRECTION('',(-1.,-0.,-0.));
#6952 = PCURVE('',#3474,#6953);
#6953 = DEFINITIONAL_REPRESENTATION('',(#6954),#6958);
#6954 = LINE('',#6955,#6956);
#6955 = CARTESIAN_POINT('',(-109.6,-3.8));
#6956 = VECTOR('',#6957,1.);
#6957 = DIRECTION('',(-0.,-1.));
#6958 = ( GEOMETRIC_REPRESENTATION_CONTEXT(2) 
PARAMETRIC_REPRESENTATION_CONTEXT() REPRESENTATION_CONTEXT('2D SPACE',''
  ) );
#6959 = PCURVE('',#3446,#6960);
#6960 = DEFINITIONAL_REPRESENTATION('',(#6961),#6965);
#6961 = LINE('',#6962,#6963);
#6962 = CARTESIAN_POINT('',(-0.6,-3.8));
#6963 = VECTOR('',#6964,1.);
#6964 = DIRECTION('',(-0.,1.));
#6965 = ( GEOMETRIC_REPRESENTATION_CONTEXT(2) 
PARAMETRIC_REPRESENTATION_CONTEXT() REPRESENTATION_CONTEXT('2D SPACE',''
  ) );
#6966 = ORIENTED_EDGE('',*,*,#3458,.T.);
#6967 = ADVANCED_FACE('',(#6968),#3446,.T.);
#6968 = FACE_BOUND('',#6969,.F.);
#6969 = EDGE_LOOP('',(#6970,#6971,#6992,#6993));
#6970 = ORIENTED_EDGE('',*,*,#5330,.F.);
#6971 = ORIENTED_EDGE('',*,*,#6972,.F.);
#6972 = EDGE_CURVE('',#6924,#5303,#6973,.T.);
#6973 = SURFACE_CURVE('',#6974,(#6978,#6985),.PCURVE_S1.);
#6974 = LINE('',#6975,#6976);
#6975 = CARTESIAN_POINT('',(115.6,81.6,15.9));
#6976 = VECTOR('',#6977,1.);
#6977 = DIRECTION('',(-0.,0.,-1.));
#6978 = PCURVE('',#3446,#6979);
#6979 = DEFINITIONAL_REPRESENTATION('',(#6980),#6984);
#6980 = LINE('',#6981,#6982);
#6981 = CARTESIAN_POINT('',(-0.,72.8));
#6982 = VECTOR('',#6983,1.);
#6983 = DIRECTION('',(1.,-0.));
#6984 = ( GEOMETRIC_REPRESENTATION_CONTEXT(2) 
PARAMETRIC_REPRESENTATION_CONTEXT() REPRESENTATION_CONTEXT('2D SPACE',''
  ) );
#6985 = PCURVE('',#5318,#6986);
#6986 = DEFINITIONAL_REPRESENTATION('',(#6987),#6991);
#6987 = LINE('',#6988,#6989);
#6988 = CARTESIAN_POINT('',(-0.,-72.));
#6989 = VECTOR('',#6990,1.);
#6990 = DIRECTION('',(1.,-0.));
#6991 = ( GEOMETRIC_REPRESENTATION_CONTEXT(2) 
PARAMETRIC_REPRESENTATION_CONTEXT() REPRESENTATION_CONTEXT('2D SPACE',''
  ) );
#6992 = ORIENTED_EDGE('',*,*,#6946,.T.);
#6993 = ORIENTED_EDGE('',*,*,#3430,.F.);
#6994 = ADVANCED_FACE('',(#6995),#3395,.F.);
#6995 = FACE_BOUND('',#6996,.T.);
#6996 = EDGE_LOOP('',(#6997,#6998,#7021,#7042));
#6997 = ORIENTED_EDGE('',*,*,#5352,.F.);
#6998 = ORIENTED_EDGE('',*,*,#6999,.F.);
#6999 = EDGE_CURVE('',#7000,#5353,#7002,.T.);
#7000 = VERTEX_POINT('',#7001);
#7001 = CARTESIAN_POINT('',(115.6,82.4,16.5));
#7002 = SURFACE_CURVE('',#7003,(#7007,#7014),.PCURVE_S1.);
#7003 = LINE('',#7004,#7005);
#7004 = CARTESIAN_POINT('',(115.6,82.4,15.9));
#7005 = VECTOR('',#7006,1.);
#7006 = DIRECTION('',(-0.,0.,-1.));
#7007 = PCURVE('',#3395,#7008);
#7008 = DEFINITIONAL_REPRESENTATION('',(#7009),#7013);
#7009 = LINE('',#7010,#7011);
#7010 = CARTESIAN_POINT('',(-0.,72.8));
#7011 = VECTOR('',#7012,1.);
#7012 = DIRECTION('',(1.,-0.));
#7013 = ( GEOMETRIC_REPRESENTATION_CONTEXT(2) 
PARAMETRIC_REPRESENTATION_CONTEXT() REPRESENTATION_CONTEXT('2D SPACE',''
  ) );
#7014 = PCURVE('',#5391,#7015);
#7015 = DEFINITIONAL_REPRESENTATION('',(#7016),#7020);
#7016 = LINE('',#7017,#7018);
#7017 = CARTESIAN_POINT('',(-0.,-72.8));
#7018 = VECTOR('',#7019,1.);
#7019 = DIRECTION('',(1.,-0.));
#7020 = ( GEOMETRIC_REPRESENTATION_CONTEXT(2) 
PARAMETRIC_REPRESENTATION_CONTEXT() REPRESENTATION_CONTEXT('2D SPACE',''
  ) );
#7021 = ORIENTED_EDGE('',*,*,#7022,.T.);
#7022 = EDGE_CURVE('',#7000,#3352,#7023,.T.);
#7023 = SURFACE_CURVE('',#7024,(#7028,#7035),.PCURVE_S1.);
#7024 = LINE('',#7025,#7026);
#7025 = CARTESIAN_POINT('',(192.2,82.4,16.5));
#7026 = VECTOR('',#7027,1.);
#7027 = DIRECTION('',(-1.,-0.,-0.));
#7028 = PCURVE('',#3395,#7029);
#7029 = DEFINITIONAL_REPRESENTATION('',(#7030),#7034);
#7030 = LINE('',#7031,#7032);
#7031 = CARTESIAN_POINT('',(-0.6,-3.8));
#7032 = VECTOR('',#7033,1.);
#7033 = DIRECTION('',(-0.,1.));
#7034 = ( GEOMETRIC_REPRESENTATION_CONTEXT(2) 
PARAMETRIC_REPRESENTATION_CONTEXT() REPRESENTATION_CONTEXT('2D SPACE',''
  ) );
#7035 = PCURVE('',#3367,#7036);
#7036 = DEFINITIONAL_REPRESENTATION('',(#7037),#7041);
#7037 = LINE('',#7038,#7039);
#7038 = CARTESIAN_POINT('',(-108.8,-3.8));
#7039 = VECTOR('',#7040,1.);
#7040 = DIRECTION('',(-0.,-1.));
#7041 = ( GEOMETRIC_REPRESENTATION_CONTEXT(2) 
PARAMETRIC_REPRESENTATION_CONTEXT() REPRESENTATION_CONTEXT('2D SPACE',''
  ) );
#7042 = ORIENTED_EDGE('',*,*,#3379,.F.);
#7043 = ADVANCED_FACE('',(#7044),#3367,.F.);
#7044 = FACE_BOUND('',#7045,.T.);
#7045 = EDGE_LOOP('',(#7046,#7047,#7070,#7091));
#7046 = ORIENTED_EDGE('',*,*,#7022,.F.);
#7047 = ORIENTED_EDGE('',*,*,#7048,.F.);
#7048 = EDGE_CURVE('',#7049,#7000,#7051,.T.);
#7049 = VERTEX_POINT('',#7050);
#7050 = CARTESIAN_POINT('',(115.6,117.6,16.5));
#7051 = SURFACE_CURVE('',#7052,(#7056,#7063),.PCURVE_S1.);
#7052 = LINE('',#7053,#7054);
#7053 = CARTESIAN_POINT('',(115.6,100.4,16.5));
#7054 = VECTOR('',#7055,1.);
#7055 = DIRECTION('',(-0.,-1.,-0.));
#7056 = PCURVE('',#3367,#7057);
#7057 = DEFINITIONAL_REPRESENTATION('',(#7058),#7062);
#7058 = LINE('',#7059,#7060);
#7059 = CARTESIAN_POINT('',(-90.8,-80.4));
#7060 = VECTOR('',#7061,1.);
#7061 = DIRECTION('',(-1.,0.));
#7062 = ( GEOMETRIC_REPRESENTATION_CONTEXT(2) 
PARAMETRIC_REPRESENTATION_CONTEXT() REPRESENTATION_CONTEXT('2D SPACE',''
  ) );
#7063 = PCURVE('',#5391,#7064);
#7064 = DEFINITIONAL_REPRESENTATION('',(#7065),#7069);
#7065 = LINE('',#7066,#7067);
#7066 = CARTESIAN_POINT('',(-0.6,-90.8));
#7067 = VECTOR('',#7068,1.);
#7068 = DIRECTION('',(-0.,1.));
#7069 = ( GEOMETRIC_REPRESENTATION_CONTEXT(2) 
PARAMETRIC_REPRESENTATION_CONTEXT() REPRESENTATION_CONTEXT('2D SPACE',''
  ) );
#7070 = ORIENTED_EDGE('',*,*,#7071,.T.);
#7071 = EDGE_CURVE('',#7049,#3324,#7072,.T.);
#7072 = SURFACE_CURVE('',#7073,(#7077,#7084),.PCURVE_S1.);
#7073 = LINE('',#7074,#7075);
#7074 = CARTESIAN_POINT('',(192.2,117.6,16.5));
#7075 = VECTOR('',#7076,1.);
#7076 = DIRECTION('',(-1.,-0.,-0.));
#7077 = PCURVE('',#3367,#7078);
#7078 = DEFINITIONAL_REPRESENTATION('',(#7079),#7083);
#7079 = LINE('',#7080,#7081);
#7080 = CARTESIAN_POINT('',(-73.6,-3.8));
#7081 = VECTOR('',#7082,1.);
#7082 = DIRECTION('',(-0.,-1.));
#7083 = ( GEOMETRIC_REPRESENTATION_CONTEXT(2) 
PARAMETRIC_REPRESENTATION_CONTEXT() REPRESENTATION_CONTEXT('2D SPACE',''
  ) );
#7084 = PCURVE('',#3339,#7085);
#7085 = DEFINITIONAL_REPRESENTATION('',(#7086),#7090);
#7086 = LINE('',#7087,#7088);
#7087 = CARTESIAN_POINT('',(-0.6,-3.8));
#7088 = VECTOR('',#7089,1.);
#7089 = DIRECTION('',(-0.,1.));
#7090 = ( GEOMETRIC_REPRESENTATION_CONTEXT(2) 
PARAMETRIC_REPRESENTATION_CONTEXT() REPRESENTATION_CONTEXT('2D SPACE',''
  ) );
#7091 = ORIENTED_EDGE('',*,*,#3351,.T.);
#7092 = ADVANCED_FACE('',(#7093),#3339,.T.);
#7093 = FACE_BOUND('',#7094,.F.);
#7094 = EDGE_LOOP('',(#7095,#7096,#7117,#7118));
#7095 = ORIENTED_EDGE('',*,*,#5403,.F.);
#7096 = ORIENTED_EDGE('',*,*,#7097,.F.);
#7097 = EDGE_CURVE('',#7049,#5376,#7098,.T.);
#7098 = SURFACE_CURVE('',#7099,(#7103,#7110),.PCURVE_S1.);
#7099 = LINE('',#7100,#7101);
#7100 = CARTESIAN_POINT('',(115.6,117.6,15.9));
#7101 = VECTOR('',#7102,1.);
#7102 = DIRECTION('',(-0.,0.,-1.));
#7103 = PCURVE('',#3339,#7104);
#7104 = DEFINITIONAL_REPRESENTATION('',(#7105),#7109);
#7105 = LINE('',#7106,#7107);
#7106 = CARTESIAN_POINT('',(-0.,72.8));
#7107 = VECTOR('',#7108,1.);
#7108 = DIRECTION('',(1.,-0.));
#7109 = ( GEOMETRIC_REPRESENTATION_CONTEXT(2) 
PARAMETRIC_REPRESENTATION_CONTEXT() REPRESENTATION_CONTEXT('2D SPACE',''
  ) );
#7110 = PCURVE('',#5391,#7111);
#7111 = DEFINITIONAL_REPRESENTATION('',(#7112),#7116);
#7112 = LINE('',#7113,#7114);
#7113 = CARTESIAN_POINT('',(-0.,-108.));
#7114 = VECTOR('',#7115,1.);
#7115 = DIRECTION('',(1.,-0.));
#7116 = ( GEOMETRIC_REPRESENTATION_CONTEXT(2) 
PARAMETRIC_REPRESENTATION_CONTEXT() REPRESENTATION_CONTEXT('2D SPACE',''
  ) );
#7117 = ORIENTED_EDGE('',*,*,#7071,.T.);
#7118 = ORIENTED_EDGE('',*,*,#3323,.F.);
#7119 = ADVANCED_FACE('',(#7120),#3288,.F.);
#7120 = FACE_BOUND('',#7121,.T.);
#7121 = EDGE_LOOP('',(#7122,#7123,#7146,#7167));
#7122 = ORIENTED_EDGE('',*,*,#5425,.F.);
#7123 = ORIENTED_EDGE('',*,*,#7124,.F.);
#7124 = EDGE_CURVE('',#7125,#5426,#7127,.T.);
#7125 = VERTEX_POINT('',#7126);
#7126 = CARTESIAN_POINT('',(115.6,118.4,16.5));
#7127 = SURFACE_CURVE('',#7128,(#7132,#7139),.PCURVE_S1.);
#7128 = LINE('',#7129,#7130);
#7129 = CARTESIAN_POINT('',(115.6,118.4,15.9));
#7130 = VECTOR('',#7131,1.);
#7131 = DIRECTION('',(-0.,0.,-1.));
#7132 = PCURVE('',#3288,#7133);
#7133 = DEFINITIONAL_REPRESENTATION('',(#7134),#7138);
#7134 = LINE('',#7135,#7136);
#7135 = CARTESIAN_POINT('',(-0.,72.8));
#7136 = VECTOR('',#7137,1.);
#7137 = DIRECTION('',(1.,-0.));
#7138 = ( GEOMETRIC_REPRESENTATION_CONTEXT(2) 
PARAMETRIC_REPRESENTATION_CONTEXT() REPRESENTATION_CONTEXT('2D SPACE',''
  ) );
#7139 = PCURVE('',#5464,#7140);
#7140 = DEFINITIONAL_REPRESENTATION('',(#7141),#7145);
#7141 = LINE('',#7142,#7143);
#7142 = CARTESIAN_POINT('',(-0.,-108.8));
#7143 = VECTOR('',#7144,1.);
#7144 = DIRECTION('',(1.,-0.));
#7145 = ( GEOMETRIC_REPRESENTATION_CONTEXT(2) 
PARAMETRIC_REPRESENTATION_CONTEXT() REPRESENTATION_CONTEXT('2D SPACE',''
  ) );
#7146 = ORIENTED_EDGE('',*,*,#7147,.T.);
#7147 = EDGE_CURVE('',#7125,#3245,#7148,.T.);
#7148 = SURFACE_CURVE('',#7149,(#7153,#7160),.PCURVE_S1.);
#7149 = LINE('',#7150,#7151);
#7150 = CARTESIAN_POINT('',(192.2,118.4,16.5));
#7151 = VECTOR('',#7152,1.);
#7152 = DIRECTION('',(-1.,-0.,-0.));
#7153 = PCURVE('',#3288,#7154);
#7154 = DEFINITIONAL_REPRESENTATION('',(#7155),#7159);
#7155 = LINE('',#7156,#7157);
#7156 = CARTESIAN_POINT('',(-0.6,-3.8));
#7157 = VECTOR('',#7158,1.);
#7158 = DIRECTION('',(-0.,1.));
#7159 = ( GEOMETRIC_REPRESENTATION_CONTEXT(2) 
PARAMETRIC_REPRESENTATION_CONTEXT() REPRESENTATION_CONTEXT('2D SPACE',''
  ) );
#7160 = PCURVE('',#3260,#7161);
#7161 = DEFINITIONAL_REPRESENTATION('',(#7162),#7166);
#7162 = LINE('',#7163,#7164);
#7163 = CARTESIAN_POINT('',(-72.8,-3.8));
#7164 = VECTOR('',#7165,1.);
#7165 = DIRECTION('',(-0.,-1.));
#7166 = ( GEOMETRIC_REPRESENTATION_CONTEXT(2) 
PARAMETRIC_REPRESENTATION_CONTEXT() REPRESENTATION_CONTEXT('2D SPACE',''
  ) );
#7167 = ORIENTED_EDGE('',*,*,#3272,.F.);
#7168 = ADVANCED_FACE('',(#7169),#3260,.F.);
#7169 = FACE_BOUND('',#7170,.T.);
#7170 = EDGE_LOOP('',(#7171,#7172,#7195,#7216));
#7171 = ORIENTED_EDGE('',*,*,#7147,.F.);
#7172 = ORIENTED_EDGE('',*,*,#7173,.F.);
#7173 = EDGE_CURVE('',#7174,#7125,#7176,.T.);
#7174 = VERTEX_POINT('',#7175);
#7175 = CARTESIAN_POINT('',(115.6,153.6,16.5));
#7176 = SURFACE_CURVE('',#7177,(#7181,#7188),.PCURVE_S1.);
#7177 = LINE('',#7178,#7179);
#7178 = CARTESIAN_POINT('',(115.6,100.4,16.5));
#7179 = VECTOR('',#7180,1.);
#7180 = DIRECTION('',(-0.,-1.,-0.));
#7181 = PCURVE('',#3260,#7182);
#7182 = DEFINITIONAL_REPRESENTATION('',(#7183),#7187);
#7183 = LINE('',#7184,#7185);
#7184 = CARTESIAN_POINT('',(-90.8,-80.4));
#7185 = VECTOR('',#7186,1.);
#7186 = DIRECTION('',(-1.,0.));
#7187 = ( GEOMETRIC_REPRESENTATION_CONTEXT(2) 
PARAMETRIC_REPRESENTATION_CONTEXT() REPRESENTATION_CONTEXT('2D SPACE',''
  ) );
#7188 = PCURVE('',#5464,#7189);
#7189 = DEFINITIONAL_REPRESENTATION('',(#7190),#7194);
#7190 = LINE('',#7191,#7192);
#7191 = CARTESIAN_POINT('',(-0.6,-90.8));
#7192 = VECTOR('',#7193,1.);
#7193 = DIRECTION('',(-0.,1.));
#7194 = ( GEOMETRIC_REPRESENTATION_CONTEXT(2) 
PARAMETRIC_REPRESENTATION_CONTEXT() REPRESENTATION_CONTEXT('2D SPACE',''
  ) );
#7195 = ORIENTED_EDGE('',*,*,#7196,.T.);
#7196 = EDGE_CURVE('',#7174,#3217,#7197,.T.);
#7197 = SURFACE_CURVE('',#7198,(#7202,#7209),.PCURVE_S1.);
#7198 = LINE('',#7199,#7200);
#7199 = CARTESIAN_POINT('',(192.2,153.6,16.5));
#7200 = VECTOR('',#7201,1.);
#7201 = DIRECTION('',(-1.,-0.,-0.));
#7202 = PCURVE('',#3260,#7203);
#7203 = DEFINITIONAL_REPRESENTATION('',(#7204),#7208);
#7204 = LINE('',#7205,#7206);
#7205 = CARTESIAN_POINT('',(-37.6,-3.8));
#7206 = VECTOR('',#7207,1.);
#7207 = DIRECTION('',(-0.,-1.));
#7208 = ( GEOMETRIC_REPRESENTATION_CONTEXT(2) 
PARAMETRIC_REPRESENTATION_CONTEXT() REPRESENTATION_CONTEXT('2D SPACE',''
  ) );
#7209 = PCURVE('',#3232,#7210);
#7210 = DEFINITIONAL_REPRESENTATION('',(#7211),#7215);
#7211 = LINE('',#7212,#7213);
#7212 = CARTESIAN_POINT('',(-0.6,-3.8));
#7213 = VECTOR('',#7214,1.);
#7214 = DIRECTION('',(-0.,1.));
#7215 = ( GEOMETRIC_REPRESENTATION_CONTEXT(2) 
PARAMETRIC_REPRESENTATION_CONTEXT() REPRESENTATION_CONTEXT('2D SPACE',''
  ) );
#7216 = ORIENTED_EDGE('',*,*,#3244,.T.);
#7217 = ADVANCED_FACE('',(#7218),#3232,.T.);
#7218 = FACE_BOUND('',#7219,.F.);
#7219 = EDGE_LOOP('',(#7220,#7221,#7242,#7243));
#7220 = ORIENTED_EDGE('',*,*,#5476,.F.);
#7221 = ORIENTED_EDGE('',*,*,#7222,.F.);
#7222 = EDGE_CURVE('',#7174,#5449,#7223,.T.);
#7223 = SURFACE_CURVE('',#7224,(#7228,#7235),.PCURVE_S1.);
#7224 = LINE('',#7225,#7226);
#7225 = CARTESIAN_POINT('',(115.6,153.6,15.9));
#7226 = VECTOR('',#7227,1.);
#7227 = DIRECTION('',(-0.,0.,-1.));
#7228 = PCURVE('',#3232,#7229);
#7229 = DEFINITIONAL_REPRESENTATION('',(#7230),#7234);
#7230 = LINE('',#7231,#7232);
#7231 = CARTESIAN_POINT('',(-0.,72.8));
#7232 = VECTOR('',#7233,1.);
#7233 = DIRECTION('',(1.,-0.));
#7234 = ( GEOMETRIC_REPRESENTATION_CONTEXT(2) 
PARAMETRIC_REPRESENTATION_CONTEXT() REPRESENTATION_CONTEXT('2D SPACE',''
  ) );
#7235 = PCURVE('',#5464,#7236);
#7236 = DEFINITIONAL_REPRESENTATION('',(#7237),#7241);
#7237 = LINE('',#7238,#7239);
#7238 = CARTESIAN_POINT('',(-0.,-144.));
#7239 = VECTOR('',#7240,1.);
#7240 = DIRECTION('',(1.,-0.));
#7241 = ( GEOMETRIC_REPRESENTATION_CONTEXT(2) 
PARAMETRIC_REPRESENTATION_CONTEXT() REPRESENTATION_CONTEXT('2D SPACE',''
  ) );
#7242 = ORIENTED_EDGE('',*,*,#7196,.T.);
#7243 = ORIENTED_EDGE('',*,*,#3216,.F.);
#7244 = ADVANCED_FACE('',(#7245),#3181,.F.);
#7245 = FACE_BOUND('',#7246,.T.);
#7246 = EDGE_LOOP('',(#7247,#7248,#7271,#7292));
#7247 = ORIENTED_EDGE('',*,*,#5498,.F.);
#7248 = ORIENTED_EDGE('',*,*,#7249,.F.);
#7249 = EDGE_CURVE('',#7250,#5499,#7252,.T.);
#7250 = VERTEX_POINT('',#7251);
#7251 = CARTESIAN_POINT('',(115.6,154.4,16.5));
#7252 = SURFACE_CURVE('',#7253,(#7257,#7264),.PCURVE_S1.);
#7253 = LINE('',#7254,#7255);
#7254 = CARTESIAN_POINT('',(115.6,154.4,15.9));
#7255 = VECTOR('',#7256,1.);
#7256 = DIRECTION('',(-0.,0.,-1.));
#7257 = PCURVE('',#3181,#7258);
#7258 = DEFINITIONAL_REPRESENTATION('',(#7259),#7263);
#7259 = LINE('',#7260,#7261);
#7260 = CARTESIAN_POINT('',(-0.,72.8));
#7261 = VECTOR('',#7262,1.);
#7262 = DIRECTION('',(1.,-0.));
#7263 = ( GEOMETRIC_REPRESENTATION_CONTEXT(2) 
PARAMETRIC_REPRESENTATION_CONTEXT() REPRESENTATION_CONTEXT('2D SPACE',''
  ) );
#7264 = PCURVE('',#5537,#7265);
#7265 = DEFINITIONAL_REPRESENTATION('',(#7266),#7270);
#7266 = LINE('',#7267,#7268);
#7267 = CARTESIAN_POINT('',(-0.,-144.8));
#7268 = VECTOR('',#7269,1.);
#7269 = DIRECTION('',(1.,-0.));
#7270 = ( GEOMETRIC_REPRESENTATION_CONTEXT(2) 
PARAMETRIC_REPRESENTATION_CONTEXT() REPRESENTATION_CONTEXT('2D SPACE',''
  ) );
#7271 = ORIENTED_EDGE('',*,*,#7272,.T.);
#7272 = EDGE_CURVE('',#7250,#3138,#7273,.T.);
#7273 = SURFACE_CURVE('',#7274,(#7278,#7285),.PCURVE_S1.);
#7274 = LINE('',#7275,#7276);
#7275 = CARTESIAN_POINT('',(192.2,154.4,16.5));
#7276 = VECTOR('',#7277,1.);
#7277 = DIRECTION('',(-1.,-0.,-0.));
#7278 = PCURVE('',#3181,#7279);
#7279 = DEFINITIONAL_REPRESENTATION('',(#7280),#7284);
#7280 = LINE('',#7281,#7282);
#7281 = CARTESIAN_POINT('',(-0.6,-3.8));
#7282 = VECTOR('',#7283,1.);
#7283 = DIRECTION('',(-0.,1.));
#7284 = ( GEOMETRIC_REPRESENTATION_CONTEXT(2) 
PARAMETRIC_REPRESENTATION_CONTEXT() REPRESENTATION_CONTEXT('2D SPACE',''
  ) );
#7285 = PCURVE('',#3153,#7286);
#7286 = DEFINITIONAL_REPRESENTATION('',(#7287),#7291);
#7287 = LINE('',#7288,#7289);
#7288 = CARTESIAN_POINT('',(-36.8,-3.8));
#7289 = VECTOR('',#7290,1.);
#7290 = DIRECTION('',(-0.,-1.));
#7291 = ( GEOMETRIC_REPRESENTATION_CONTEXT(2) 
PARAMETRIC_REPRESENTATION_CONTEXT() REPRESENTATION_CONTEXT('2D SPACE',''
  ) );
#7292 = ORIENTED_EDGE('',*,*,#3165,.F.);
#7293 = ADVANCED_FACE('',(#7294),#3153,.F.);
#7294 = FACE_BOUND('',#7295,.T.);
#7295 = EDGE_LOOP('',(#7296,#7297,#7320,#7341));
#7296 = ORIENTED_EDGE('',*,*,#7272,.F.);
#7297 = ORIENTED_EDGE('',*,*,#7298,.F.);
#7298 = EDGE_CURVE('',#7299,#7250,#7301,.T.);
#7299 = VERTEX_POINT('',#7300);
#7300 = CARTESIAN_POINT('',(115.6,189.6,16.5));
#7301 = SURFACE_CURVE('',#7302,(#7306,#7313),.PCURVE_S1.);
#7302 = LINE('',#7303,#7304);
#7303 = CARTESIAN_POINT('',(115.6,100.4,16.5));
#7304 = VECTOR('',#7305,1.);
#7305 = DIRECTION('',(-0.,-1.,-0.));
#7306 = PCURVE('',#3153,#7307);
#7307 = DEFINITIONAL_REPRESENTATION('',(#7308),#7312);
#7308 = LINE('',#7309,#7310);
#7309 = CARTESIAN_POINT('',(-90.8,-80.4));
#7310 = VECTOR('',#7311,1.);
#7311 = DIRECTION('',(-1.,0.));
#7312 = ( GEOMETRIC_REPRESENTATION_CONTEXT(2) 
PARAMETRIC_REPRESENTATION_CONTEXT() REPRESENTATION_CONTEXT('2D SPACE',''
  ) );
#7313 = PCURVE('',#5537,#7314);
#7314 = DEFINITIONAL_REPRESENTATION('',(#7315),#7319);
#7315 = LINE('',#7316,#7317);
#7316 = CARTESIAN_POINT('',(-0.6,-90.8));
#7317 = VECTOR('',#7318,1.);
#7318 = DIRECTION('',(-0.,1.));
#7319 = ( GEOMETRIC_REPRESENTATION_CONTEXT(2) 
PARAMETRIC_REPRESENTATION_CONTEXT() REPRESENTATION_CONTEXT('2D SPACE',''
  ) );
#7320 = ORIENTED_EDGE('',*,*,#7321,.T.);
#7321 = EDGE_CURVE('',#7299,#3110,#7322,.T.);
#7322 = SURFACE_CURVE('',#7323,(#7327,#7334),.PCURVE_S1.);
#7323 = LINE('',#7324,#7325);
#7324 = CARTESIAN_POINT('',(192.2,189.6,16.5));
#7325 = VECTOR('',#7326,1.);
#7326 = DIRECTION('',(-1.,-0.,-0.));
#7327 = PCURVE('',#3153,#7328);
#7328 = DEFINITIONAL_REPRESENTATION('',(#7329),#7333);
#7329 = LINE('',#7330,#7331);
#7330 = CARTESIAN_POINT('',(-1.6,-3.8));
#7331 = VECTOR('',#7332,1.);
#7332 = DIRECTION('',(-0.,-1.));
#7333 = ( GEOMETRIC_REPRESENTATION_CONTEXT(2) 
PARAMETRIC_REPRESENTATION_CONTEXT() REPRESENTATION_CONTEXT('2D SPACE',''
  ) );
#7334 = PCURVE('',#3125,#7335);
#7335 = DEFINITIONAL_REPRESENTATION('',(#7336),#7340);
#7336 = LINE('',#7337,#7338);
#7337 = CARTESIAN_POINT('',(-0.6,-3.8));
#7338 = VECTOR('',#7339,1.);
#7339 = DIRECTION('',(-0.,1.));
#7340 = ( GEOMETRIC_REPRESENTATION_CONTEXT(2) 
PARAMETRIC_REPRESENTATION_CONTEXT() REPRESENTATION_CONTEXT('2D SPACE',''
  ) );
#7341 = ORIENTED_EDGE('',*,*,#3137,.T.);
#7342 = ADVANCED_FACE('',(#7343),#3125,.T.);
#7343 = FACE_BOUND('',#7344,.F.);
#7344 = EDGE_LOOP('',(#7345,#7346,#7367,#7368));
#7345 = ORIENTED_EDGE('',*,*,#5549,.F.);
#7346 = ORIENTED_EDGE('',*,*,#7347,.F.);
#7347 = EDGE_CURVE('',#7299,#5522,#7348,.T.);
#7348 = SURFACE_CURVE('',#7349,(#7353,#7360),.PCURVE_S1.);
#7349 = LINE('',#7350,#7351);
#7350 = CARTESIAN_POINT('',(115.6,189.6,15.9));
#7351 = VECTOR('',#7352,1.);
#7352 = DIRECTION('',(-0.,0.,-1.));
#7353 = PCURVE('',#3125,#7354);
#7354 = DEFINITIONAL_REPRESENTATION('',(#7355),#7359);
#7355 = LINE('',#7356,#7357);
#7356 = CARTESIAN_POINT('',(-0.,72.8));
#7357 = VECTOR('',#7358,1.);
#7358 = DIRECTION('',(1.,-0.));
#7359 = ( GEOMETRIC_REPRESENTATION_CONTEXT(2) 
PARAMETRIC_REPRESENTATION_CONTEXT() REPRESENTATION_CONTEXT('2D SPACE',''
  ) );
#7360 = PCURVE('',#5537,#7361);
#7361 = DEFINITIONAL_REPRESENTATION('',(#7362),#7366);
#7362 = LINE('',#7363,#7364);
#7363 = CARTESIAN_POINT('',(-0.,-180.));
#7364 = VECTOR('',#7365,1.);
#7365 = DIRECTION('',(1.,-0.));
#7366 = ( GEOMETRIC_REPRESENTATION_CONTEXT(2) 
PARAMETRIC_REPRESENTATION_CONTEXT() REPRESENTATION_CONTEXT('2D SPACE',''
  ) );
#7367 = ORIENTED_EDGE('',*,*,#7321,.T.);
#7368 = ORIENTED_EDGE('',*,*,#3109,.F.);
#7369 = ADVANCED_FACE('',(#7370),#3864,.T.);
#7370 = FACE_BOUND('',#7371,.F.);
#7371 = EDGE_LOOP('',(#7372,#7373,#7394,#7395));
#7372 = ORIENTED_EDGE('',*,*,#5162,.T.);
#7373 = ORIENTED_EDGE('',*,*,#7374,.T.);
#7374 = EDGE_CURVE('',#5140,#4760,#7375,.T.);
#7375 = SURFACE_CURVE('',#7376,(#7380,#7387),.PCURVE_S1.);
#7376 = LINE('',#7377,#7378);
#7377 = CARTESIAN_POINT('',(188.4,9.6,15.9));
#7378 = VECTOR('',#7379,1.);
#7379 = DIRECTION('',(-0.,-0.,1.));
#7380 = PCURVE('',#3864,#7381);
#7381 = DEFINITIONAL_REPRESENTATION('',(#7382),#7386);
#7382 = LINE('',#7383,#7384);
#7383 = CARTESIAN_POINT('',(-0.,-0.));
#7384 = VECTOR('',#7385,1.);
#7385 = DIRECTION('',(-1.,0.));
#7386 = ( GEOMETRIC_REPRESENTATION_CONTEXT(2) 
PARAMETRIC_REPRESENTATION_CONTEXT() REPRESENTATION_CONTEXT('2D SPACE',''
  ) );
#7387 = PCURVE('',#4775,#7388);
#7388 = DEFINITIONAL_REPRESENTATION('',(#7389),#7393);
#7389 = LINE('',#7390,#7391);
#7390 = CARTESIAN_POINT('',(-0.,-0.));
#7391 = VECTOR('',#7392,1.);
#7392 = DIRECTION('',(-1.,-0.));
#7393 = ( GEOMETRIC_REPRESENTATION_CONTEXT(2) 
PARAMETRIC_REPRESENTATION_CONTEXT() REPRESENTATION_CONTEXT('2D SPACE',''
  ) );
#7394 = ORIENTED_EDGE('',*,*,#4787,.T.);
#7395 = ORIENTED_EDGE('',*,*,#3848,.F.);
#7396 = ADVANCED_FACE('',(#7397),#3941,.F.);
#7397 = FACE_BOUND('',#7398,.T.);
#7398 = EDGE_LOOP('',(#7399,#7400,#7401,#7402));
#7399 = ORIENTED_EDGE('',*,*,#4073,.F.);
#7400 = ORIENTED_EDGE('',*,*,#4810,.T.);
#7401 = ORIENTED_EDGE('',*,*,#3925,.T.);
#7402 = ORIENTED_EDGE('',*,*,#4001,.F.);
#7403 = ADVANCED_FACE('',(#7404),#4775,.T.);
#7404 = FACE_BOUND('',#7405,.F.);
#7405 = EDGE_LOOP('',(#7406,#7407,#7408,#7409));
#7406 = ORIENTED_EDGE('',*,*,#7374,.F.);
#7407 = ORIENTED_EDGE('',*,*,#5139,.T.);
#7408 = ORIENTED_EDGE('',*,*,#5112,.T.);
#7409 = ORIENTED_EDGE('',*,*,#4759,.T.);
#7410 = ADVANCED_FACE('',(#7411),#5245,.F.);
#7411 = FACE_BOUND('',#7412,.T.);
#7412 = EDGE_LOOP('',(#7413,#7414,#7415,#7416));
#7413 = ORIENTED_EDGE('',*,*,#6749,.T.);
#7414 = ORIENTED_EDGE('',*,*,#5229,.T.);
#7415 = ORIENTED_EDGE('',*,*,#6847,.F.);
#7416 = ORIENTED_EDGE('',*,*,#6798,.T.);
#7417 = ADVANCED_FACE('',(#7418),#5318,.F.);
#7418 = FACE_BOUND('',#7419,.T.);
#7419 = EDGE_LOOP('',(#7420,#7421,#7422,#7423));
#7420 = ORIENTED_EDGE('',*,*,#6874,.T.);
#7421 = ORIENTED_EDGE('',*,*,#5302,.T.);
#7422 = ORIENTED_EDGE('',*,*,#6972,.F.);
#7423 = ORIENTED_EDGE('',*,*,#6923,.T.);
#7424 = ADVANCED_FACE('',(#7425),#5391,.F.);
#7425 = FACE_BOUND('',#7426,.T.);
#7426 = EDGE_LOOP('',(#7427,#7428,#7429,#7430));
#7427 = ORIENTED_EDGE('',*,*,#6999,.T.);
#7428 = ORIENTED_EDGE('',*,*,#5375,.T.);
#7429 = ORIENTED_EDGE('',*,*,#7097,.F.);
#7430 = ORIENTED_EDGE('',*,*,#7048,.T.);
#7431 = ADVANCED_FACE('',(#7432),#5464,.F.);
#7432 = FACE_BOUND('',#7433,.T.);
#7433 = EDGE_LOOP('',(#7434,#7435,#7436,#7437));
#7434 = ORIENTED_EDGE('',*,*,#5448,.T.);
#7435 = ORIENTED_EDGE('',*,*,#7222,.F.);
#7436 = ORIENTED_EDGE('',*,*,#7173,.T.);
#7437 = ORIENTED_EDGE('',*,*,#7124,.T.);
#7438 = ADVANCED_FACE('',(#7439),#5537,.F.);
#7439 = FACE_BOUND('',#7440,.T.);
#7440 = EDGE_LOOP('',(#7441,#7442,#7443,#7444));
#7441 = ORIENTED_EDGE('',*,*,#5521,.T.);
#7442 = ORIENTED_EDGE('',*,*,#7347,.F.);
#7443 = ORIENTED_EDGE('',*,*,#7298,.T.);
#7444 = ORIENTED_EDGE('',*,*,#7249,.T.);
#7445 = ADVANCED_FACE('',(#7446),#5592,.T.);
#7446 = FACE_BOUND('',#7447,.F.);
#7447 = EDGE_LOOP('',(#7448,#7449,#7472,#7500));
#7448 = ORIENTED_EDGE('',*,*,#5574,.T.);
#7449 = ORIENTED_EDGE('',*,*,#7450,.F.);
#7450 = EDGE_CURVE('',#7451,#5577,#7453,.T.);
#7451 = VERTEX_POINT('',#7452);
#7452 = CARTESIAN_POINT('',(116.4,189.6,16.5));
#7453 = SURFACE_CURVE('',#7454,(#7458,#7465),.PCURVE_S1.);
#7454 = LINE('',#7455,#7456);
#7455 = CARTESIAN_POINT('',(116.4,189.6,15.9));
#7456 = VECTOR('',#7457,1.);
#7457 = DIRECTION('',(-0.,0.,-1.));
#7458 = PCURVE('',#5592,#7459);
#7459 = DEFINITIONAL_REPRESENTATION('',(#7460),#7464);
#7460 = LINE('',#7461,#7462);
#7461 = CARTESIAN_POINT('',(-0.,-180.));
#7462 = VECTOR('',#7463,1.);
#7463 = DIRECTION('',(1.,-0.));
#7464 = ( GEOMETRIC_REPRESENTATION_CONTEXT(2) 
PARAMETRIC_REPRESENTATION_CONTEXT() REPRESENTATION_CONTEXT('2D SPACE',''
  ) );
#7465 = PCURVE('',#5674,#7466);
#7466 = DEFINITIONAL_REPRESENTATION('',(#7467),#7471);
#7467 = LINE('',#7468,#7469);
#7468 = CARTESIAN_POINT('',(-0.,72.));
#7469 = VECTOR('',#7470,1.);
#7470 = DIRECTION('',(1.,-0.));
#7471 = ( GEOMETRIC_REPRESENTATION_CONTEXT(2) 
PARAMETRIC_REPRESENTATION_CONTEXT() REPRESENTATION_CONTEXT('2D SPACE',''
  ) );
#7472 = ORIENTED_EDGE('',*,*,#7473,.T.);
#7473 = EDGE_CURVE('',#7451,#7474,#7476,.T.);
#7474 = VERTEX_POINT('',#7475);
#7475 = CARTESIAN_POINT('',(116.4,154.4,16.5));
#7476 = SURFACE_CURVE('',#7477,(#7481,#7488),.PCURVE_S1.);
#7477 = LINE('',#7478,#7479);
#7478 = CARTESIAN_POINT('',(116.4,100.4,16.5));
#7479 = VECTOR('',#7480,1.);
#7480 = DIRECTION('',(-0.,-1.,-0.));
#7481 = PCURVE('',#5592,#7482);
#7482 = DEFINITIONAL_REPRESENTATION('',(#7483),#7487);
#7483 = LINE('',#7484,#7485);
#7484 = CARTESIAN_POINT('',(-0.6,-90.8));
#7485 = VECTOR('',#7486,1.);
#7486 = DIRECTION('',(-0.,1.));
#7487 = ( GEOMETRIC_REPRESENTATION_CONTEXT(2) 
PARAMETRIC_REPRESENTATION_CONTEXT() REPRESENTATION_CONTEXT('2D SPACE',''
  ) );
#7488 = PCURVE('',#7489,#7494);
#7489 = PLANE('',#7490);
#7490 = AXIS2_PLACEMENT_3D('',#7491,#7492,#7493);
#7491 = CARTESIAN_POINT('',(196.,191.2,16.5));
#7492 = DIRECTION('',(-0.,-0.,-1.));
#7493 = DIRECTION('',(0.,1.,0.));
#7494 = DEFINITIONAL_REPRESENTATION('',(#7495),#7499);
#7495 = LINE('',#7496,#7497);
#7496 = CARTESIAN_POINT('',(-90.8,-79.6));
#7497 = VECTOR('',#7498,1.);
#7498 = DIRECTION('',(-1.,0.));
#7499 = ( GEOMETRIC_REPRESENTATION_CONTEXT(2) 
PARAMETRIC_REPRESENTATION_CONTEXT() REPRESENTATION_CONTEXT('2D SPACE',''
  ) );
#7500 = ORIENTED_EDGE('',*,*,#7501,.T.);
#7501 = EDGE_CURVE('',#7474,#5575,#7502,.T.);
#7502 = SURFACE_CURVE('',#7503,(#7507,#7514),.PCURVE_S1.);
#7503 = LINE('',#7504,#7505);
#7504 = CARTESIAN_POINT('',(116.4,154.4,15.9));
#7505 = VECTOR('',#7506,1.);
#7506 = DIRECTION('',(-0.,0.,-1.));
#7507 = PCURVE('',#5592,#7508);
#7508 = DEFINITIONAL_REPRESENTATION('',(#7509),#7513);
#7509 = LINE('',#7510,#7511);
#7510 = CARTESIAN_POINT('',(-0.,-144.8));
#7511 = VECTOR('',#7512,1.);
#7512 = DIRECTION('',(1.,-0.));
#7513 = ( GEOMETRIC_REPRESENTATION_CONTEXT(2) 
PARAMETRIC_REPRESENTATION_CONTEXT() REPRESENTATION_CONTEXT('2D SPACE',''
  ) );
#7514 = PCURVE('',#5620,#7515);
#7515 = DEFINITIONAL_REPRESENTATION('',(#7516),#7520);
#7516 = LINE('',#7517,#7518);
#7517 = CARTESIAN_POINT('',(-0.,72.));
#7518 = VECTOR('',#7519,1.);
#7519 = DIRECTION('',(1.,-0.));
#7520 = ( GEOMETRIC_REPRESENTATION_CONTEXT(2) 
PARAMETRIC_REPRESENTATION_CONTEXT() REPRESENTATION_CONTEXT('2D SPACE',''
  ) );
#7521 = ADVANCED_FACE('',(#7522),#5674,.T.);
#7522 = FACE_BOUND('',#7523,.F.);
#7523 = EDGE_LOOP('',(#7524,#7525,#7548,#7569));
#7524 = ORIENTED_EDGE('',*,*,#5660,.F.);
#7525 = ORIENTED_EDGE('',*,*,#7526,.F.);
#7526 = EDGE_CURVE('',#7527,#5633,#7529,.T.);
#7527 = VERTEX_POINT('',#7528);
#7528 = CARTESIAN_POINT('',(151.6,189.6,16.5));
#7529 = SURFACE_CURVE('',#7530,(#7534,#7541),.PCURVE_S1.);
#7530 = LINE('',#7531,#7532);
#7531 = CARTESIAN_POINT('',(151.6,189.6,15.9));
#7532 = VECTOR('',#7533,1.);
#7533 = DIRECTION('',(-0.,0.,-1.));
#7534 = PCURVE('',#5674,#7535);
#7535 = DEFINITIONAL_REPRESENTATION('',(#7536),#7540);
#7536 = LINE('',#7537,#7538);
#7537 = CARTESIAN_POINT('',(-0.,36.8));
#7538 = VECTOR('',#7539,1.);
#7539 = DIRECTION('',(1.,-0.));
#7540 = ( GEOMETRIC_REPRESENTATION_CONTEXT(2) 
PARAMETRIC_REPRESENTATION_CONTEXT() REPRESENTATION_CONTEXT('2D SPACE',''
  ) );
#7541 = PCURVE('',#5648,#7542);
#7542 = DEFINITIONAL_REPRESENTATION('',(#7543),#7547);
#7543 = LINE('',#7544,#7545);
#7544 = CARTESIAN_POINT('',(-0.,-180.));
#7545 = VECTOR('',#7546,1.);
#7546 = DIRECTION('',(1.,-0.));
#7547 = ( GEOMETRIC_REPRESENTATION_CONTEXT(2) 
PARAMETRIC_REPRESENTATION_CONTEXT() REPRESENTATION_CONTEXT('2D SPACE',''
  ) );
#7548 = ORIENTED_EDGE('',*,*,#7549,.T.);
#7549 = EDGE_CURVE('',#7527,#7451,#7550,.T.);
#7550 = SURFACE_CURVE('',#7551,(#7555,#7562),.PCURVE_S1.);
#7551 = LINE('',#7552,#7553);
#7552 = CARTESIAN_POINT('',(192.2,189.6,16.5));
#7553 = VECTOR('',#7554,1.);
#7554 = DIRECTION('',(-1.,-0.,-0.));
#7555 = PCURVE('',#5674,#7556);
#7556 = DEFINITIONAL_REPRESENTATION('',(#7557),#7561);
#7557 = LINE('',#7558,#7559);
#7558 = CARTESIAN_POINT('',(-0.6,-3.8));
#7559 = VECTOR('',#7560,1.);
#7560 = DIRECTION('',(-0.,1.));
#7561 = ( GEOMETRIC_REPRESENTATION_CONTEXT(2) 
PARAMETRIC_REPRESENTATION_CONTEXT() REPRESENTATION_CONTEXT('2D SPACE',''
  ) );
#7562 = PCURVE('',#7489,#7563);
#7563 = DEFINITIONAL_REPRESENTATION('',(#7564),#7568);
#7564 = LINE('',#7565,#7566);
#7565 = CARTESIAN_POINT('',(-1.6,-3.8));
#7566 = VECTOR('',#7567,1.);
#7567 = DIRECTION('',(-0.,-1.));
#7568 = ( GEOMETRIC_REPRESENTATION_CONTEXT(2) 
PARAMETRIC_REPRESENTATION_CONTEXT() REPRESENTATION_CONTEXT('2D SPACE',''
  ) );
#7569 = ORIENTED_EDGE('',*,*,#7450,.T.);
#7570 = ADVANCED_FACE('',(#7571),#6532,.T.);
#7571 = FACE_BOUND('',#7572,.F.);
#7572 = EDGE_LOOP('',(#7573,#7596,#7597,#7620));
#7573 = ORIENTED_EDGE('',*,*,#7574,.T.);
#7574 = EDGE_CURVE('',#7575,#6517,#7577,.T.);
#7575 = VERTEX_POINT('',#7576);
#7576 = CARTESIAN_POINT('',(116.4,10.4,16.5));
#7577 = SURFACE_CURVE('',#7578,(#7582,#7589),.PCURVE_S1.);
#7578 = LINE('',#7579,#7580);
#7579 = CARTESIAN_POINT('',(116.4,10.4,15.9));
#7580 = VECTOR('',#7581,1.);
#7581 = DIRECTION('',(-0.,0.,-1.));
#7582 = PCURVE('',#6532,#7583);
#7583 = DEFINITIONAL_REPRESENTATION('',(#7584),#7588);
#7584 = LINE('',#7585,#7586);
#7585 = CARTESIAN_POINT('',(-0.,-0.8));
#7586 = VECTOR('',#7587,1.);
#7587 = DIRECTION('',(1.,-0.));
#7588 = ( GEOMETRIC_REPRESENTATION_CONTEXT(2) 
PARAMETRIC_REPRESENTATION_CONTEXT() REPRESENTATION_CONTEXT('2D SPACE',''
  ) );
#7589 = PCURVE('',#6560,#7590);
#7590 = DEFINITIONAL_REPRESENTATION('',(#7591),#7595);
#7591 = LINE('',#7592,#7593);
#7592 = CARTESIAN_POINT('',(-0.,72.));
#7593 = VECTOR('',#7594,1.);
#7594 = DIRECTION('',(1.,-0.));
#7595 = ( GEOMETRIC_REPRESENTATION_CONTEXT(2) 
PARAMETRIC_REPRESENTATION_CONTEXT() REPRESENTATION_CONTEXT('2D SPACE',''
  ) );
#7596 = ORIENTED_EDGE('',*,*,#6516,.T.);
#7597 = ORIENTED_EDGE('',*,*,#7598,.F.);
#7598 = EDGE_CURVE('',#7599,#6489,#7601,.T.);
#7599 = VERTEX_POINT('',#7600);
#7600 = CARTESIAN_POINT('',(116.4,45.6,16.5));
#7601 = SURFACE_CURVE('',#7602,(#7606,#7613),.PCURVE_S1.);
#7602 = LINE('',#7603,#7604);
#7603 = CARTESIAN_POINT('',(116.4,45.6,15.9));
#7604 = VECTOR('',#7605,1.);
#7605 = DIRECTION('',(-0.,0.,-1.));
#7606 = PCURVE('',#6532,#7607);
#7607 = DEFINITIONAL_REPRESENTATION('',(#7608),#7612);
#7608 = LINE('',#7609,#7610);
#7609 = CARTESIAN_POINT('',(-0.,-36.));
#7610 = VECTOR('',#7611,1.);
#7611 = DIRECTION('',(1.,-0.));
#7612 = ( GEOMETRIC_REPRESENTATION_CONTEXT(2) 
PARAMETRIC_REPRESENTATION_CONTEXT() REPRESENTATION_CONTEXT('2D SPACE',''
  ) );
#7613 = PCURVE('',#6504,#7614);
#7614 = DEFINITIONAL_REPRESENTATION('',(#7615),#7619);
#7615 = LINE('',#7616,#7617);
#7616 = CARTESIAN_POINT('',(-0.,72.));
#7617 = VECTOR('',#7618,1.);
#7618 = DIRECTION('',(1.,-0.));
#7619 = ( GEOMETRIC_REPRESENTATION_CONTEXT(2) 
PARAMETRIC_REPRESENTATION_CONTEXT() REPRESENTATION_CONTEXT('2D SPACE',''
  ) );
#7620 = ORIENTED_EDGE('',*,*,#7621,.T.);
#7621 = EDGE_CURVE('',#7599,#7575,#7622,.T.);
#7622 = SURFACE_CURVE('',#7623,(#7627,#7634),.PCURVE_S1.);
#7623 = LINE('',#7624,#7625);
#7624 = CARTESIAN_POINT('',(116.4,100.4,16.5));
#7625 = VECTOR('',#7626,1.);
#7626 = DIRECTION('',(-0.,-1.,-0.));
#7627 = PCURVE('',#6532,#7628);
#7628 = DEFINITIONAL_REPRESENTATION('',(#7629),#7633);
#7629 = LINE('',#7630,#7631);
#7630 = CARTESIAN_POINT('',(-0.6,-90.8));
#7631 = VECTOR('',#7632,1.);
#7632 = DIRECTION('',(-0.,1.));
#7633 = ( GEOMETRIC_REPRESENTATION_CONTEXT(2) 
PARAMETRIC_REPRESENTATION_CONTEXT() REPRESENTATION_CONTEXT('2D SPACE',''
  ) );
#7634 = PCURVE('',#7635,#7640);
#7635 = PLANE('',#7636);
#7636 = AXIS2_PLACEMENT_3D('',#7637,#7638,#7639);
#7637 = CARTESIAN_POINT('',(196.,191.2,16.5));
#7638 = DIRECTION('',(-0.,-0.,-1.));
#7639 = DIRECTION('',(0.,1.,0.));
#7640 = DEFINITIONAL_REPRESENTATION('',(#7641),#7645);
#7641 = LINE('',#7642,#7643);
#7642 = CARTESIAN_POINT('',(-90.8,-79.6));
#7643 = VECTOR('',#7644,1.);
#7644 = DIRECTION('',(-1.,0.));
#7645 = ( GEOMETRIC_REPRESENTATION_CONTEXT(2) 
PARAMETRIC_REPRESENTATION_CONTEXT() REPRESENTATION_CONTEXT('2D SPACE',''
  ) );
#7646 = ADVANCED_FACE('',(#7647),#6560,.F.);
#7647 = FACE_BOUND('',#7648,.T.);
#7648 = EDGE_LOOP('',(#7649,#7650,#7673,#7694));
#7649 = ORIENTED_EDGE('',*,*,#6544,.F.);
#7650 = ORIENTED_EDGE('',*,*,#7651,.F.);
#7651 = EDGE_CURVE('',#7652,#6545,#7654,.T.);
#7652 = VERTEX_POINT('',#7653);
#7653 = CARTESIAN_POINT('',(151.6,10.4,16.5));
#7654 = SURFACE_CURVE('',#7655,(#7659,#7666),.PCURVE_S1.);
#7655 = LINE('',#7656,#7657);
#7656 = CARTESIAN_POINT('',(151.6,10.4,15.9));
#7657 = VECTOR('',#7658,1.);
#7658 = DIRECTION('',(-0.,0.,-1.));
#7659 = PCURVE('',#6560,#7660);
#7660 = DEFINITIONAL_REPRESENTATION('',(#7661),#7665);
#7661 = LINE('',#7662,#7663);
#7662 = CARTESIAN_POINT('',(-0.,36.8));
#7663 = VECTOR('',#7664,1.);
#7664 = DIRECTION('',(1.,-0.));
#7665 = ( GEOMETRIC_REPRESENTATION_CONTEXT(2) 
PARAMETRIC_REPRESENTATION_CONTEXT() REPRESENTATION_CONTEXT('2D SPACE',''
  ) );
#7666 = PCURVE('',#6586,#7667);
#7667 = DEFINITIONAL_REPRESENTATION('',(#7668),#7672);
#7668 = LINE('',#7669,#7670);
#7669 = CARTESIAN_POINT('',(-0.,-0.8));
#7670 = VECTOR('',#7671,1.);
#7671 = DIRECTION('',(1.,-0.));
#7672 = ( GEOMETRIC_REPRESENTATION_CONTEXT(2) 
PARAMETRIC_REPRESENTATION_CONTEXT() REPRESENTATION_CONTEXT('2D SPACE',''
  ) );
#7673 = ORIENTED_EDGE('',*,*,#7674,.T.);
#7674 = EDGE_CURVE('',#7652,#7575,#7675,.T.);
#7675 = SURFACE_CURVE('',#7676,(#7680,#7687),.PCURVE_S1.);
#7676 = LINE('',#7677,#7678);
#7677 = CARTESIAN_POINT('',(192.2,10.4,16.5));
#7678 = VECTOR('',#7679,1.);
#7679 = DIRECTION('',(-1.,-0.,-0.));
#7680 = PCURVE('',#6560,#7681);
#7681 = DEFINITIONAL_REPRESENTATION('',(#7682),#7686);
#7682 = LINE('',#7683,#7684);
#7683 = CARTESIAN_POINT('',(-0.6,-3.8));
#7684 = VECTOR('',#7685,1.);
#7685 = DIRECTION('',(-0.,1.));
#7686 = ( GEOMETRIC_REPRESENTATION_CONTEXT(2) 
PARAMETRIC_REPRESENTATION_CONTEXT() REPRESENTATION_CONTEXT('2D SPACE',''
  ) );
#7687 = PCURVE('',#7635,#7688);
#7688 = DEFINITIONAL_REPRESENTATION('',(#7689),#7693);
#7689 = LINE('',#7690,#7691);
#7690 = CARTESIAN_POINT('',(-180.8,-3.8));
#7691 = VECTOR('',#7692,1.);
#7692 = DIRECTION('',(-0.,-1.));
#7693 = ( GEOMETRIC_REPRESENTATION_CONTEXT(2) 
PARAMETRIC_REPRESENTATION_CONTEXT() REPRESENTATION_CONTEXT('2D SPACE',''
  ) );
#7694 = ORIENTED_EDGE('',*,*,#7574,.T.);
#7695 = ADVANCED_FACE('',(#7696),#6674,.F.);
#7696 = FACE_BOUND('',#7697,.T.);
#7697 = EDGE_LOOP('',(#7698,#7699,#7722,#7750));
#7698 = ORIENTED_EDGE('',*,*,#6658,.F.);
#7699 = ORIENTED_EDGE('',*,*,#7700,.F.);
#7700 = EDGE_CURVE('',#7701,#6659,#7703,.T.);
#7701 = VERTEX_POINT('',#7702);
#7702 = CARTESIAN_POINT('',(187.6,10.4,16.5));
#7703 = SURFACE_CURVE('',#7704,(#7708,#7715),.PCURVE_S1.);
#7704 = LINE('',#7705,#7706);
#7705 = CARTESIAN_POINT('',(187.6,10.4,15.9));
#7706 = VECTOR('',#7707,1.);
#7707 = DIRECTION('',(-0.,0.,-1.));
#7708 = PCURVE('',#6674,#7709);
#7709 = DEFINITIONAL_REPRESENTATION('',(#7710),#7714);
#7710 = LINE('',#7711,#7712);
#7711 = CARTESIAN_POINT('',(-0.,0.8));
#7712 = VECTOR('',#7713,1.);
#7713 = DIRECTION('',(1.,-0.));
#7714 = ( GEOMETRIC_REPRESENTATION_CONTEXT(2) 
PARAMETRIC_REPRESENTATION_CONTEXT() REPRESENTATION_CONTEXT('2D SPACE',''
  ) );
#7715 = PCURVE('',#6700,#7716);
#7716 = DEFINITIONAL_REPRESENTATION('',(#7717),#7721);
#7717 = LINE('',#7718,#7719);
#7718 = CARTESIAN_POINT('',(-0.,-0.8));
#7719 = VECTOR('',#7720,1.);
#7720 = DIRECTION('',(1.,-0.));
#7721 = ( GEOMETRIC_REPRESENTATION_CONTEXT(2) 
PARAMETRIC_REPRESENTATION_CONTEXT() REPRESENTATION_CONTEXT('2D SPACE',''
  ) );
#7722 = ORIENTED_EDGE('',*,*,#7723,.T.);
#7723 = EDGE_CURVE('',#7701,#7724,#7726,.T.);
#7724 = VERTEX_POINT('',#7725);
#7725 = CARTESIAN_POINT('',(152.4,10.4,16.5));
#7726 = SURFACE_CURVE('',#7727,(#7731,#7738),.PCURVE_S1.);
#7727 = LINE('',#7728,#7729);
#7728 = CARTESIAN_POINT('',(192.2,10.4,16.5));
#7729 = VECTOR('',#7730,1.);
#7730 = DIRECTION('',(-1.,-0.,-0.));
#7731 = PCURVE('',#6674,#7732);
#7732 = DEFINITIONAL_REPRESENTATION('',(#7733),#7737);
#7733 = LINE('',#7734,#7735);
#7734 = CARTESIAN_POINT('',(-0.6,-3.8));
#7735 = VECTOR('',#7736,1.);
#7736 = DIRECTION('',(-0.,1.));
#7737 = ( GEOMETRIC_REPRESENTATION_CONTEXT(2) 
PARAMETRIC_REPRESENTATION_CONTEXT() REPRESENTATION_CONTEXT('2D SPACE',''
  ) );
#7738 = PCURVE('',#7739,#7744);
#7739 = PLANE('',#7740);
#7740 = AXIS2_PLACEMENT_3D('',#7741,#7742,#7743);
#7741 = CARTESIAN_POINT('',(196.,191.2,16.5));
#7742 = DIRECTION('',(-0.,-0.,-1.));
#7743 = DIRECTION('',(0.,1.,0.));
#7744 = DEFINITIONAL_REPRESENTATION('',(#7745),#7749);
#7745 = LINE('',#7746,#7747);
#7746 = CARTESIAN_POINT('',(-180.8,-3.8));
#7747 = VECTOR('',#7748,1.);
#7748 = DIRECTION('',(-0.,-1.));
#7749 = ( GEOMETRIC_REPRESENTATION_CONTEXT(2) 
PARAMETRIC_REPRESENTATION_CONTEXT() REPRESENTATION_CONTEXT('2D SPACE',''
  ) );
#7750 = ORIENTED_EDGE('',*,*,#7751,.T.);
#7751 = EDGE_CURVE('',#7724,#6631,#7752,.T.);
#7752 = SURFACE_CURVE('',#7753,(#7757,#7764),.PCURVE_S1.);
#7753 = LINE('',#7754,#7755);
#7754 = CARTESIAN_POINT('',(152.4,10.4,15.9));
#7755 = VECTOR('',#7756,1.);
#7756 = DIRECTION('',(-0.,0.,-1.));
#7757 = PCURVE('',#6674,#7758);
#7758 = DEFINITIONAL_REPRESENTATION('',(#7759),#7763);
#7759 = LINE('',#7760,#7761);
#7760 = CARTESIAN_POINT('',(-0.,36.));
#7761 = VECTOR('',#7762,1.);
#7762 = DIRECTION('',(1.,-0.));
#7763 = ( GEOMETRIC_REPRESENTATION_CONTEXT(2) 
PARAMETRIC_REPRESENTATION_CONTEXT() REPRESENTATION_CONTEXT('2D SPACE',''
  ) );
#7764 = PCURVE('',#6646,#7765);
#7765 = DEFINITIONAL_REPRESENTATION('',(#7766),#7770);
#7766 = LINE('',#7767,#7768);
#7767 = CARTESIAN_POINT('',(-0.,-0.8));
#7768 = VECTOR('',#7769,1.);
#7769 = DIRECTION('',(1.,-0.));
#7770 = ( GEOMETRIC_REPRESENTATION_CONTEXT(2) 
PARAMETRIC_REPRESENTATION_CONTEXT() REPRESENTATION_CONTEXT('2D SPACE',''
  ) );
#7771 = ADVANCED_FACE('',(#7772),#6700,.F.);
#7772 = FACE_BOUND('',#7773,.T.);
#7773 = EDGE_LOOP('',(#7774,#7775,#7776,#7799));
#7774 = ORIENTED_EDGE('',*,*,#7700,.T.);
#7775 = ORIENTED_EDGE('',*,*,#6686,.T.);
#7776 = ORIENTED_EDGE('',*,*,#7777,.F.);
#7777 = EDGE_CURVE('',#7778,#6601,#7780,.T.);
#7778 = VERTEX_POINT('',#7779);
#7779 = CARTESIAN_POINT('',(187.6,45.6,16.5));
#7780 = SURFACE_CURVE('',#7781,(#7785,#7792),.PCURVE_S1.);
#7781 = LINE('',#7782,#7783);
#7782 = CARTESIAN_POINT('',(187.6,45.6,15.9));
#7783 = VECTOR('',#7784,1.);
#7784 = DIRECTION('',(-0.,0.,-1.));
#7785 = PCURVE('',#6700,#7786);
#7786 = DEFINITIONAL_REPRESENTATION('',(#7787),#7791);
#7787 = LINE('',#7788,#7789);
#7788 = CARTESIAN_POINT('',(-0.,-36.));
#7789 = VECTOR('',#7790,1.);
#7790 = DIRECTION('',(1.,-0.));
#7791 = ( GEOMETRIC_REPRESENTATION_CONTEXT(2) 
PARAMETRIC_REPRESENTATION_CONTEXT() REPRESENTATION_CONTEXT('2D SPACE',''
  ) );
#7792 = PCURVE('',#6618,#7793);
#7793 = DEFINITIONAL_REPRESENTATION('',(#7794),#7798);
#7794 = LINE('',#7795,#7796);
#7795 = CARTESIAN_POINT('',(-0.,0.8));
#7796 = VECTOR('',#7797,1.);
#7797 = DIRECTION('',(1.,-0.));
#7798 = ( GEOMETRIC_REPRESENTATION_CONTEXT(2) 
PARAMETRIC_REPRESENTATION_CONTEXT() REPRESENTATION_CONTEXT('2D SPACE',''
  ) );
#7799 = ORIENTED_EDGE('',*,*,#7800,.T.);
#7800 = EDGE_CURVE('',#7778,#7701,#7801,.T.);
#7801 = SURFACE_CURVE('',#7802,(#7806,#7813),.PCURVE_S1.);
#7802 = LINE('',#7803,#7804);
#7803 = CARTESIAN_POINT('',(187.6,100.4,16.5));
#7804 = VECTOR('',#7805,1.);
#7805 = DIRECTION('',(-0.,-1.,-0.));
#7806 = PCURVE('',#6700,#7807);
#7807 = DEFINITIONAL_REPRESENTATION('',(#7808),#7812);
#7808 = LINE('',#7809,#7810);
#7809 = CARTESIAN_POINT('',(-0.6,-90.8));
#7810 = VECTOR('',#7811,1.);
#7811 = DIRECTION('',(-0.,1.));
#7812 = ( GEOMETRIC_REPRESENTATION_CONTEXT(2) 
PARAMETRIC_REPRESENTATION_CONTEXT() REPRESENTATION_CONTEXT('2D SPACE',''
  ) );
#7813 = PCURVE('',#7739,#7814);
#7814 = DEFINITIONAL_REPRESENTATION('',(#7815),#7819);
#7815 = LINE('',#7816,#7817);
#7816 = CARTESIAN_POINT('',(-90.8,-8.4));
#7817 = VECTOR('',#7818,1.);
#7818 = DIRECTION('',(-1.,0.));
#7819 = ( GEOMETRIC_REPRESENTATION_CONTEXT(2) 
PARAMETRIC_REPRESENTATION_CONTEXT() REPRESENTATION_CONTEXT('2D SPACE',''
  ) );
#7820 = ADVANCED_FACE('',(#7821),#6472,.F.);
#7821 = FACE_BOUND('',#7822,.T.);
#7822 = EDGE_LOOP('',(#7823,#7846,#7847,#7870));
#7823 = ORIENTED_EDGE('',*,*,#7824,.T.);
#7824 = EDGE_CURVE('',#7825,#6431,#7827,.T.);
#7825 = VERTEX_POINT('',#7826);
#7826 = CARTESIAN_POINT('',(187.6,46.4,16.5));
#7827 = SURFACE_CURVE('',#7828,(#7832,#7839),.PCURVE_S1.);
#7828 = LINE('',#7829,#7830);
#7829 = CARTESIAN_POINT('',(187.6,46.4,15.9));
#7830 = VECTOR('',#7831,1.);
#7831 = DIRECTION('',(-0.,0.,-1.));
#7832 = PCURVE('',#6472,#7833);
#7833 = DEFINITIONAL_REPRESENTATION('',(#7834),#7838);
#7834 = LINE('',#7835,#7836);
#7835 = CARTESIAN_POINT('',(-0.,-36.8));
#7836 = VECTOR('',#7837,1.);
#7837 = DIRECTION('',(1.,-0.));
#7838 = ( GEOMETRIC_REPRESENTATION_CONTEXT(2) 
PARAMETRIC_REPRESENTATION_CONTEXT() REPRESENTATION_CONTEXT('2D SPACE',''
  ) );
#7839 = PCURVE('',#6446,#7840);
#7840 = DEFINITIONAL_REPRESENTATION('',(#7841),#7845);
#7841 = LINE('',#7842,#7843);
#7842 = CARTESIAN_POINT('',(-0.,0.8));
#7843 = VECTOR('',#7844,1.);
#7844 = DIRECTION('',(1.,-0.));
#7845 = ( GEOMETRIC_REPRESENTATION_CONTEXT(2) 
PARAMETRIC_REPRESENTATION_CONTEXT() REPRESENTATION_CONTEXT('2D SPACE',''
  ) );
#7846 = ORIENTED_EDGE('',*,*,#6458,.T.);
#7847 = ORIENTED_EDGE('',*,*,#7848,.F.);
#7848 = EDGE_CURVE('',#7849,#6373,#7851,.T.);
#7849 = VERTEX_POINT('',#7850);
#7850 = CARTESIAN_POINT('',(187.6,81.6,16.5));
#7851 = SURFACE_CURVE('',#7852,(#7856,#7863),.PCURVE_S1.);
#7852 = LINE('',#7853,#7854);
#7853 = CARTESIAN_POINT('',(187.6,81.6,15.9));
#7854 = VECTOR('',#7855,1.);
#7855 = DIRECTION('',(-0.,0.,-1.));
#7856 = PCURVE('',#6472,#7857);
#7857 = DEFINITIONAL_REPRESENTATION('',(#7858),#7862);
#7858 = LINE('',#7859,#7860);
#7859 = CARTESIAN_POINT('',(-0.,-72.));
#7860 = VECTOR('',#7861,1.);
#7861 = DIRECTION('',(1.,-0.));
#7862 = ( GEOMETRIC_REPRESENTATION_CONTEXT(2) 
PARAMETRIC_REPRESENTATION_CONTEXT() REPRESENTATION_CONTEXT('2D SPACE',''
  ) );
#7863 = PCURVE('',#6390,#7864);
#7864 = DEFINITIONAL_REPRESENTATION('',(#7865),#7869);
#7865 = LINE('',#7866,#7867);
#7866 = CARTESIAN_POINT('',(-0.,0.8));
#7867 = VECTOR('',#7868,1.);
#7868 = DIRECTION('',(1.,-0.));
#7869 = ( GEOMETRIC_REPRESENTATION_CONTEXT(2) 
PARAMETRIC_REPRESENTATION_CONTEXT() REPRESENTATION_CONTEXT('2D SPACE',''
  ) );
#7870 = ORIENTED_EDGE('',*,*,#7871,.T.);
#7871 = EDGE_CURVE('',#7849,#7825,#7872,.T.);
#7872 = SURFACE_CURVE('',#7873,(#7877,#7884),.PCURVE_S1.);
#7873 = LINE('',#7874,#7875);
#7874 = CARTESIAN_POINT('',(187.6,100.4,16.5));
#7875 = VECTOR('',#7876,1.);
#7876 = DIRECTION('',(-0.,-1.,-0.));
#7877 = PCURVE('',#6472,#7878);
#7878 = DEFINITIONAL_REPRESENTATION('',(#7879),#7883);
#7879 = LINE('',#7880,#7881);
#7880 = CARTESIAN_POINT('',(-0.6,-90.8));
#7881 = VECTOR('',#7882,1.);
#7882 = DIRECTION('',(-0.,1.));
#7883 = ( GEOMETRIC_REPRESENTATION_CONTEXT(2) 
PARAMETRIC_REPRESENTATION_CONTEXT() REPRESENTATION_CONTEXT('2D SPACE',''
  ) );
#7884 = PCURVE('',#7885,#7890);
#7885 = PLANE('',#7886);
#7886 = AXIS2_PLACEMENT_3D('',#7887,#7888,#7889);
#7887 = CARTESIAN_POINT('',(196.,191.2,16.5));
#7888 = DIRECTION('',(-0.,-0.,-1.));
#7889 = DIRECTION('',(0.,1.,0.));
#7890 = DEFINITIONAL_REPRESENTATION('',(#7891),#7895);
#7891 = LINE('',#7892,#7893);
#7892 = CARTESIAN_POINT('',(-90.8,-8.4));
#7893 = VECTOR('',#7894,1.);
#7894 = DIRECTION('',(-1.,0.));
#7895 = ( GEOMETRIC_REPRESENTATION_CONTEXT(2) 
PARAMETRIC_REPRESENTATION_CONTEXT() REPRESENTATION_CONTEXT('2D SPACE',''
  ) );
#7896 = ADVANCED_FACE('',(#7897),#6244,.F.);
#7897 = FACE_BOUND('',#7898,.T.);
#7898 = EDGE_LOOP('',(#7899,#7922,#7923,#7946));
#7899 = ORIENTED_EDGE('',*,*,#7900,.T.);
#7900 = EDGE_CURVE('',#7901,#6203,#7903,.T.);
#7901 = VERTEX_POINT('',#7902);
#7902 = CARTESIAN_POINT('',(187.6,82.4,16.5));
#7903 = SURFACE_CURVE('',#7904,(#7908,#7915),.PCURVE_S1.);
#7904 = LINE('',#7905,#7906);
#7905 = CARTESIAN_POINT('',(187.6,82.4,15.9));
#7906 = VECTOR('',#7907,1.);
#7907 = DIRECTION('',(-0.,0.,-1.));
#7908 = PCURVE('',#6244,#7909);
#7909 = DEFINITIONAL_REPRESENTATION('',(#7910),#7914);
#7910 = LINE('',#7911,#7912);
#7911 = CARTESIAN_POINT('',(-0.,-72.8));
#7912 = VECTOR('',#7913,1.);
#7913 = DIRECTION('',(1.,-0.));
#7914 = ( GEOMETRIC_REPRESENTATION_CONTEXT(2) 
PARAMETRIC_REPRESENTATION_CONTEXT() REPRESENTATION_CONTEXT('2D SPACE',''
  ) );
#7915 = PCURVE('',#6218,#7916);
#7916 = DEFINITIONAL_REPRESENTATION('',(#7917),#7921);
#7917 = LINE('',#7918,#7919);
#7918 = CARTESIAN_POINT('',(-0.,0.8));
#7919 = VECTOR('',#7920,1.);
#7920 = DIRECTION('',(1.,-0.));
#7921 = ( GEOMETRIC_REPRESENTATION_CONTEXT(2) 
PARAMETRIC_REPRESENTATION_CONTEXT() REPRESENTATION_CONTEXT('2D SPACE',''
  ) );
#7922 = ORIENTED_EDGE('',*,*,#6230,.T.);
#7923 = ORIENTED_EDGE('',*,*,#7924,.F.);
#7924 = EDGE_CURVE('',#7925,#6145,#7927,.T.);
#7925 = VERTEX_POINT('',#7926);
#7926 = CARTESIAN_POINT('',(187.6,117.6,16.5));
#7927 = SURFACE_CURVE('',#7928,(#7932,#7939),.PCURVE_S1.);
#7928 = LINE('',#7929,#7930);
#7929 = CARTESIAN_POINT('',(187.6,117.6,15.9));
#7930 = VECTOR('',#7931,1.);
#7931 = DIRECTION('',(-0.,0.,-1.));
#7932 = PCURVE('',#6244,#7933);
#7933 = DEFINITIONAL_REPRESENTATION('',(#7934),#7938);
#7934 = LINE('',#7935,#7936);
#7935 = CARTESIAN_POINT('',(-0.,-108.));
#7936 = VECTOR('',#7937,1.);
#7937 = DIRECTION('',(1.,-0.));
#7938 = ( GEOMETRIC_REPRESENTATION_CONTEXT(2) 
PARAMETRIC_REPRESENTATION_CONTEXT() REPRESENTATION_CONTEXT('2D SPACE',''
  ) );
#7939 = PCURVE('',#6162,#7940);
#7940 = DEFINITIONAL_REPRESENTATION('',(#7941),#7945);
#7941 = LINE('',#7942,#7943);
#7942 = CARTESIAN_POINT('',(-0.,0.8));
#7943 = VECTOR('',#7944,1.);
#7944 = DIRECTION('',(1.,-0.));
#7945 = ( GEOMETRIC_REPRESENTATION_CONTEXT(2) 
PARAMETRIC_REPRESENTATION_CONTEXT() REPRESENTATION_CONTEXT('2D SPACE',''
  ) );
#7946 = ORIENTED_EDGE('',*,*,#7947,.T.);
#7947 = EDGE_CURVE('',#7925,#7901,#7948,.T.);
#7948 = SURFACE_CURVE('',#7949,(#7953,#7960),.PCURVE_S1.);
#7949 = LINE('',#7950,#7951);
#7950 = CARTESIAN_POINT('',(187.6,100.4,16.5));
#7951 = VECTOR('',#7952,1.);
#7952 = DIRECTION('',(-0.,-1.,-0.));
#7953 = PCURVE('',#6244,#7954);
#7954 = DEFINITIONAL_REPRESENTATION('',(#7955),#7959);
#7955 = LINE('',#7956,#7957);
#7956 = CARTESIAN_POINT('',(-0.6,-90.8));
#7957 = VECTOR('',#7958,1.);
#7958 = DIRECTION('',(-0.,1.));
#7959 = ( GEOMETRIC_REPRESENTATION_CONTEXT(2) 
PARAMETRIC_REPRESENTATION_CONTEXT() REPRESENTATION_CONTEXT('2D SPACE',''
  ) );
#7960 = PCURVE('',#7961,#7966);
#7961 = PLANE('',#7962);
#7962 = AXIS2_PLACEMENT_3D('',#7963,#7964,#7965);
#7963 = CARTESIAN_POINT('',(196.,191.2,16.5));
#7964 = DIRECTION('',(-0.,-0.,-1.));
#7965 = DIRECTION('',(0.,1.,0.));
#7966 = DEFINITIONAL_REPRESENTATION('',(#7967),#7971);
#7967 = LINE('',#7968,#7969);
#7968 = CARTESIAN_POINT('',(-90.8,-8.4));
#7969 = VECTOR('',#7970,1.);
#7970 = DIRECTION('',(-1.,0.));
#7971 = ( GEOMETRIC_REPRESENTATION_CONTEXT(2) 
PARAMETRIC_REPRESENTATION_CONTEXT() REPRESENTATION_CONTEXT('2D SPACE',''
  ) );
#7972 = ADVANCED_FACE('',(#7973),#5990,.F.);
#7973 = FACE_BOUND('',#7974,.T.);
#7974 = EDGE_LOOP('',(#7975,#7998,#7999,#8022));
#7975 = ORIENTED_EDGE('',*,*,#7976,.T.);
#7976 = EDGE_CURVE('',#7977,#5947,#7979,.T.);
#7977 = VERTEX_POINT('',#7978);
#7978 = CARTESIAN_POINT('',(187.6,118.4,16.5));
#7979 = SURFACE_CURVE('',#7980,(#7984,#7991),.PCURVE_S1.);
#7980 = LINE('',#7981,#7982);
#7981 = CARTESIAN_POINT('',(187.6,118.4,15.9));
#7982 = VECTOR('',#7983,1.);
#7983 = DIRECTION('',(-0.,0.,-1.));
#7984 = PCURVE('',#5990,#7985);
#7985 = DEFINITIONAL_REPRESENTATION('',(#7986),#7990);
#7986 = LINE('',#7987,#7988);
#7987 = CARTESIAN_POINT('',(-0.,-108.8));
#7988 = VECTOR('',#7989,1.);
#7989 = DIRECTION('',(1.,-0.));
#7990 = ( GEOMETRIC_REPRESENTATION_CONTEXT(2) 
PARAMETRIC_REPRESENTATION_CONTEXT() REPRESENTATION_CONTEXT('2D SPACE',''
  ) );
#7991 = PCURVE('',#5962,#7992);
#7992 = DEFINITIONAL_REPRESENTATION('',(#7993),#7997);
#7993 = LINE('',#7994,#7995);
#7994 = CARTESIAN_POINT('',(-0.,0.8));
#7995 = VECTOR('',#7996,1.);
#7996 = DIRECTION('',(1.,-0.));
#7997 = ( GEOMETRIC_REPRESENTATION_CONTEXT(2) 
PARAMETRIC_REPRESENTATION_CONTEXT() REPRESENTATION_CONTEXT('2D SPACE',''
  ) );
#7998 = ORIENTED_EDGE('',*,*,#5974,.T.);
#7999 = ORIENTED_EDGE('',*,*,#8000,.F.);
#8000 = EDGE_CURVE('',#8001,#5975,#8003,.T.);
#8001 = VERTEX_POINT('',#8002);
#8002 = CARTESIAN_POINT('',(187.6,153.6,16.5));
#8003 = SURFACE_CURVE('',#8004,(#8008,#8015),.PCURVE_S1.);
#8004 = LINE('',#8005,#8006);
#8005 = CARTESIAN_POINT('',(187.6,153.6,15.9));
#8006 = VECTOR('',#8007,1.);
#8007 = DIRECTION('',(-0.,0.,-1.));
#8008 = PCURVE('',#5990,#8009);
#8009 = DEFINITIONAL_REPRESENTATION('',(#8010),#8014);
#8010 = LINE('',#8011,#8012);
#8011 = CARTESIAN_POINT('',(-0.,-144.));
#8012 = VECTOR('',#8013,1.);
#8013 = DIRECTION('',(1.,-0.));
#8014 = ( GEOMETRIC_REPRESENTATION_CONTEXT(2) 
PARAMETRIC_REPRESENTATION_CONTEXT() REPRESENTATION_CONTEXT('2D SPACE',''
  ) );
#8015 = PCURVE('',#6016,#8016);
#8016 = DEFINITIONAL_REPRESENTATION('',(#8017),#8021);
#8017 = LINE('',#8018,#8019);
#8018 = CARTESIAN_POINT('',(-0.,0.8));
#8019 = VECTOR('',#8020,1.);
#8020 = DIRECTION('',(1.,-0.));
#8021 = ( GEOMETRIC_REPRESENTATION_CONTEXT(2) 
PARAMETRIC_REPRESENTATION_CONTEXT() REPRESENTATION_CONTEXT('2D SPACE',''
  ) );
#8022 = ORIENTED_EDGE('',*,*,#8023,.T.);
#8023 = EDGE_CURVE('',#8001,#7977,#8024,.T.);
#8024 = SURFACE_CURVE('',#8025,(#8029,#8036),.PCURVE_S1.);
#8025 = LINE('',#8026,#8027);
#8026 = CARTESIAN_POINT('',(187.6,100.4,16.5));
#8027 = VECTOR('',#8028,1.);
#8028 = DIRECTION('',(-0.,-1.,-0.));
#8029 = PCURVE('',#5990,#8030);
#8030 = DEFINITIONAL_REPRESENTATION('',(#8031),#8035);
#8031 = LINE('',#8032,#8033);
#8032 = CARTESIAN_POINT('',(-0.6,-90.8));
#8033 = VECTOR('',#8034,1.);
#8034 = DIRECTION('',(-0.,1.));
#8035 = ( GEOMETRIC_REPRESENTATION_CONTEXT(2) 
PARAMETRIC_REPRESENTATION_CONTEXT() REPRESENTATION_CONTEXT('2D SPACE',''
  ) );
#8036 = PCURVE('',#8037,#8042);
#8037 = PLANE('',#8038);
#8038 = AXIS2_PLACEMENT_3D('',#8039,#8040,#8041);
#8039 = CARTESIAN_POINT('',(196.,191.2,16.5));
#8040 = DIRECTION('',(-0.,-0.,-1.));
#8041 = DIRECTION('',(0.,1.,0.));
#8042 = DEFINITIONAL_REPRESENTATION('',(#8043),#8047);
#8043 = LINE('',#8044,#8045);
#8044 = CARTESIAN_POINT('',(-90.8,-8.4));
#8045 = VECTOR('',#8046,1.);
#8046 = DIRECTION('',(-1.,0.));
#8047 = ( GEOMETRIC_REPRESENTATION_CONTEXT(2) 
PARAMETRIC_REPRESENTATION_CONTEXT() REPRESENTATION_CONTEXT('2D SPACE',''
  ) );
#8048 = ADVANCED_FACE('',(#8049),#5902,.F.);
#8049 = FACE_BOUND('',#8050,.T.);
#8050 = EDGE_LOOP('',(#8051,#8052,#8075,#8103));
#8051 = ORIENTED_EDGE('',*,*,#5888,.T.);
#8052 = ORIENTED_EDGE('',*,*,#8053,.F.);
#8053 = EDGE_CURVE('',#8054,#5803,#8056,.T.);
#8054 = VERTEX_POINT('',#8055);
#8055 = CARTESIAN_POINT('',(187.6,189.6,16.5));
#8056 = SURFACE_CURVE('',#8057,(#8061,#8068),.PCURVE_S1.);
#8057 = LINE('',#8058,#8059);
#8058 = CARTESIAN_POINT('',(187.6,189.6,15.9));
#8059 = VECTOR('',#8060,1.);
#8060 = DIRECTION('',(-0.,0.,-1.));
#8061 = PCURVE('',#5902,#8062);
#8062 = DEFINITIONAL_REPRESENTATION('',(#8063),#8067);
#8063 = LINE('',#8064,#8065);
#8064 = CARTESIAN_POINT('',(-0.,-180.));
#8065 = VECTOR('',#8066,1.);
#8066 = DIRECTION('',(1.,-0.));
#8067 = ( GEOMETRIC_REPRESENTATION_CONTEXT(2) 
PARAMETRIC_REPRESENTATION_CONTEXT() REPRESENTATION_CONTEXT('2D SPACE',''
  ) );
#8068 = PCURVE('',#5820,#8069);
#8069 = DEFINITIONAL_REPRESENTATION('',(#8070),#8074);
#8070 = LINE('',#8071,#8072);
#8071 = CARTESIAN_POINT('',(-0.,0.8));
#8072 = VECTOR('',#8073,1.);
#8073 = DIRECTION('',(1.,-0.));
#8074 = ( GEOMETRIC_REPRESENTATION_CONTEXT(2) 
PARAMETRIC_REPRESENTATION_CONTEXT() REPRESENTATION_CONTEXT('2D SPACE',''
  ) );
#8075 = ORIENTED_EDGE('',*,*,#8076,.T.);
#8076 = EDGE_CURVE('',#8054,#8077,#8079,.T.);
#8077 = VERTEX_POINT('',#8078);
#8078 = CARTESIAN_POINT('',(187.6,154.4,16.5));
#8079 = SURFACE_CURVE('',#8080,(#8084,#8091),.PCURVE_S1.);
#8080 = LINE('',#8081,#8082);
#8081 = CARTESIAN_POINT('',(187.6,100.4,16.5));
#8082 = VECTOR('',#8083,1.);
#8083 = DIRECTION('',(-0.,-1.,-0.));
#8084 = PCURVE('',#5902,#8085);
#8085 = DEFINITIONAL_REPRESENTATION('',(#8086),#8090);
#8086 = LINE('',#8087,#8088);
#8087 = CARTESIAN_POINT('',(-0.6,-90.8));
#8088 = VECTOR('',#8089,1.);
#8089 = DIRECTION('',(-0.,1.));
#8090 = ( GEOMETRIC_REPRESENTATION_CONTEXT(2) 
PARAMETRIC_REPRESENTATION_CONTEXT() REPRESENTATION_CONTEXT('2D SPACE',''
  ) );
#8091 = PCURVE('',#8092,#8097);
#8092 = PLANE('',#8093);
#8093 = AXIS2_PLACEMENT_3D('',#8094,#8095,#8096);
#8094 = CARTESIAN_POINT('',(196.,191.2,16.5));
#8095 = DIRECTION('',(-0.,-0.,-1.));
#8096 = DIRECTION('',(0.,1.,0.));
#8097 = DEFINITIONAL_REPRESENTATION('',(#8098),#8102);
#8098 = LINE('',#8099,#8100);
#8099 = CARTESIAN_POINT('',(-90.8,-8.4));
#8100 = VECTOR('',#8101,1.);
#8101 = DIRECTION('',(-1.,0.));
#8102 = ( GEOMETRIC_REPRESENTATION_CONTEXT(2) 
PARAMETRIC_REPRESENTATION_CONTEXT() REPRESENTATION_CONTEXT('2D SPACE',''
  ) );
#8103 = ORIENTED_EDGE('',*,*,#8104,.T.);
#8104 = EDGE_CURVE('',#8077,#5861,#8105,.T.);
#8105 = SURFACE_CURVE('',#8106,(#8110,#8117),.PCURVE_S1.);
#8106 = LINE('',#8107,#8108);
#8107 = CARTESIAN_POINT('',(187.6,154.4,15.9));
#8108 = VECTOR('',#8109,1.);
#8109 = DIRECTION('',(-0.,0.,-1.));
#8110 = PCURVE('',#5902,#8111);
#8111 = DEFINITIONAL_REPRESENTATION('',(#8112),#8116);
#8112 = LINE('',#8113,#8114);
#8113 = CARTESIAN_POINT('',(-0.,-144.8));
#8114 = VECTOR('',#8115,1.);
#8115 = DIRECTION('',(1.,-0.));
#8116 = ( GEOMETRIC_REPRESENTATION_CONTEXT(2) 
PARAMETRIC_REPRESENTATION_CONTEXT() REPRESENTATION_CONTEXT('2D SPACE',''
  ) );
#8117 = PCURVE('',#5876,#8118);
#8118 = DEFINITIONAL_REPRESENTATION('',(#8119),#8123);
#8119 = LINE('',#8120,#8121);
#8120 = CARTESIAN_POINT('',(-0.,0.8));
#8121 = VECTOR('',#8122,1.);
#8122 = DIRECTION('',(1.,-0.));
#8123 = ( GEOMETRIC_REPRESENTATION_CONTEXT(2) 
PARAMETRIC_REPRESENTATION_CONTEXT() REPRESENTATION_CONTEXT('2D SPACE',''
  ) );
#8124 = ADVANCED_FACE('',(#8125),#5820,.T.);
#8125 = FACE_BOUND('',#8126,.F.);
#8126 = EDGE_LOOP('',(#8127,#8128,#8129,#8152));
#8127 = ORIENTED_EDGE('',*,*,#5802,.F.);
#8128 = ORIENTED_EDGE('',*,*,#8053,.F.);
#8129 = ORIENTED_EDGE('',*,*,#8130,.T.);
#8130 = EDGE_CURVE('',#8054,#8131,#8133,.T.);
#8131 = VERTEX_POINT('',#8132);
#8132 = CARTESIAN_POINT('',(152.4,189.6,16.5));
#8133 = SURFACE_CURVE('',#8134,(#8138,#8145),.PCURVE_S1.);
#8134 = LINE('',#8135,#8136);
#8135 = CARTESIAN_POINT('',(192.2,189.6,16.5));
#8136 = VECTOR('',#8137,1.);
#8137 = DIRECTION('',(-1.,-0.,-0.));
#8138 = PCURVE('',#5820,#8139);
#8139 = DEFINITIONAL_REPRESENTATION('',(#8140),#8144);
#8140 = LINE('',#8141,#8142);
#8141 = CARTESIAN_POINT('',(-0.6,-3.8));
#8142 = VECTOR('',#8143,1.);
#8143 = DIRECTION('',(-0.,1.));
#8144 = ( GEOMETRIC_REPRESENTATION_CONTEXT(2) 
PARAMETRIC_REPRESENTATION_CONTEXT() REPRESENTATION_CONTEXT('2D SPACE',''
  ) );
#8145 = PCURVE('',#8092,#8146);
#8146 = DEFINITIONAL_REPRESENTATION('',(#8147),#8151);
#8147 = LINE('',#8148,#8149);
#8148 = CARTESIAN_POINT('',(-1.6,-3.8));
#8149 = VECTOR('',#8150,1.);
#8150 = DIRECTION('',(-0.,-1.));
#8151 = ( GEOMETRIC_REPRESENTATION_CONTEXT(2) 
PARAMETRIC_REPRESENTATION_CONTEXT() REPRESENTATION_CONTEXT('2D SPACE',''
  ) );
#8152 = ORIENTED_EDGE('',*,*,#8153,.T.);
#8153 = EDGE_CURVE('',#8131,#5805,#8154,.T.);
#8154 = SURFACE_CURVE('',#8155,(#8159,#8166),.PCURVE_S1.);
#8155 = LINE('',#8156,#8157);
#8156 = CARTESIAN_POINT('',(152.4,189.6,15.9));
#8157 = VECTOR('',#8158,1.);
#8158 = DIRECTION('',(-0.,0.,-1.));
#8159 = PCURVE('',#5820,#8160);
#8160 = DEFINITIONAL_REPRESENTATION('',(#8161),#8165);
#8161 = LINE('',#8162,#8163);
#8162 = CARTESIAN_POINT('',(-0.,36.));
#8163 = VECTOR('',#8164,1.);
#8164 = DIRECTION('',(1.,-0.));
#8165 = ( GEOMETRIC_REPRESENTATION_CONTEXT(2) 
PARAMETRIC_REPRESENTATION_CONTEXT() REPRESENTATION_CONTEXT('2D SPACE',''
  ) );
#8166 = PCURVE('',#5848,#8167);
#8167 = DEFINITIONAL_REPRESENTATION('',(#8168),#8172);
#8168 = LINE('',#8169,#8170);
#8169 = CARTESIAN_POINT('',(-0.,-180.));
#8170 = VECTOR('',#8171,1.);
#8171 = DIRECTION('',(1.,-0.));
#8172 = ( GEOMETRIC_REPRESENTATION_CONTEXT(2) 
PARAMETRIC_REPRESENTATION_CONTEXT() REPRESENTATION_CONTEXT('2D SPACE',''
  ) );
#8173 = ADVANCED_FACE('',(#8174),#5620,.F.);
#8174 = FACE_BOUND('',#8175,.T.);
#8175 = EDGE_LOOP('',(#8176,#8177,#8200,#8221));
#8176 = ORIENTED_EDGE('',*,*,#5604,.F.);
#8177 = ORIENTED_EDGE('',*,*,#8178,.F.);
#8178 = EDGE_CURVE('',#8179,#5605,#8181,.T.);
#8179 = VERTEX_POINT('',#8180);
#8180 = CARTESIAN_POINT('',(151.6,154.4,16.5));
#8181 = SURFACE_CURVE('',#8182,(#8186,#8193),.PCURVE_S1.);
#8182 = LINE('',#8183,#8184);
#8183 = CARTESIAN_POINT('',(151.6,154.4,15.9));
#8184 = VECTOR('',#8185,1.);
#8185 = DIRECTION('',(-0.,0.,-1.));
#8186 = PCURVE('',#5620,#8187);
#8187 = DEFINITIONAL_REPRESENTATION('',(#8188),#8192);
#8188 = LINE('',#8189,#8190);
#8189 = CARTESIAN_POINT('',(-0.,36.8));
#8190 = VECTOR('',#8191,1.);
#8191 = DIRECTION('',(1.,-0.));
#8192 = ( GEOMETRIC_REPRESENTATION_CONTEXT(2) 
PARAMETRIC_REPRESENTATION_CONTEXT() REPRESENTATION_CONTEXT('2D SPACE',''
  ) );
#8193 = PCURVE('',#5648,#8194);
#8194 = DEFINITIONAL_REPRESENTATION('',(#8195),#8199);
#8195 = LINE('',#8196,#8197);
#8196 = CARTESIAN_POINT('',(-0.,-144.8));
#8197 = VECTOR('',#8198,1.);
#8198 = DIRECTION('',(1.,-0.));
#8199 = ( GEOMETRIC_REPRESENTATION_CONTEXT(2) 
PARAMETRIC_REPRESENTATION_CONTEXT() REPRESENTATION_CONTEXT('2D SPACE',''
  ) );
#8200 = ORIENTED_EDGE('',*,*,#8201,.T.);
#8201 = EDGE_CURVE('',#8179,#7474,#8202,.T.);
#8202 = SURFACE_CURVE('',#8203,(#8207,#8214),.PCURVE_S1.);
#8203 = LINE('',#8204,#8205);
#8204 = CARTESIAN_POINT('',(192.2,154.4,16.5));
#8205 = VECTOR('',#8206,1.);
#8206 = DIRECTION('',(-1.,-0.,-0.));
#8207 = PCURVE('',#5620,#8208);
#8208 = DEFINITIONAL_REPRESENTATION('',(#8209),#8213);
#8209 = LINE('',#8210,#8211);
#8210 = CARTESIAN_POINT('',(-0.6,-3.8));
#8211 = VECTOR('',#8212,1.);
#8212 = DIRECTION('',(-0.,1.));
#8213 = ( GEOMETRIC_REPRESENTATION_CONTEXT(2) 
PARAMETRIC_REPRESENTATION_CONTEXT() REPRESENTATION_CONTEXT('2D SPACE',''
  ) );
#8214 = PCURVE('',#7489,#8215);
#8215 = DEFINITIONAL_REPRESENTATION('',(#8216),#8220);
#8216 = LINE('',#8217,#8218);
#8217 = CARTESIAN_POINT('',(-36.8,-3.8));
#8218 = VECTOR('',#8219,1.);
#8219 = DIRECTION('',(-0.,-1.));
#8220 = ( GEOMETRIC_REPRESENTATION_CONTEXT(2) 
PARAMETRIC_REPRESENTATION_CONTEXT() REPRESENTATION_CONTEXT('2D SPACE',''
  ) );
#8221 = ORIENTED_EDGE('',*,*,#7501,.T.);
#8222 = ADVANCED_FACE('',(#8223),#7489,.F.);
#8223 = FACE_BOUND('',#8224,.T.);
#8224 = EDGE_LOOP('',(#8225,#8226,#8247,#8248));
#8225 = ORIENTED_EDGE('',*,*,#8201,.F.);
#8226 = ORIENTED_EDGE('',*,*,#8227,.F.);
#8227 = EDGE_CURVE('',#7527,#8179,#8228,.T.);
#8228 = SURFACE_CURVE('',#8229,(#8233,#8240),.PCURVE_S1.);
#8229 = LINE('',#8230,#8231);
#8230 = CARTESIAN_POINT('',(151.6,100.4,16.5));
#8231 = VECTOR('',#8232,1.);
#8232 = DIRECTION('',(-0.,-1.,-0.));
#8233 = PCURVE('',#7489,#8234);
#8234 = DEFINITIONAL_REPRESENTATION('',(#8235),#8239);
#8235 = LINE('',#8236,#8237);
#8236 = CARTESIAN_POINT('',(-90.8,-44.4));
#8237 = VECTOR('',#8238,1.);
#8238 = DIRECTION('',(-1.,0.));
#8239 = ( GEOMETRIC_REPRESENTATION_CONTEXT(2) 
PARAMETRIC_REPRESENTATION_CONTEXT() REPRESENTATION_CONTEXT('2D SPACE',''
  ) );
#8240 = PCURVE('',#5648,#8241);
#8241 = DEFINITIONAL_REPRESENTATION('',(#8242),#8246);
#8242 = LINE('',#8243,#8244);
#8243 = CARTESIAN_POINT('',(-0.6,-90.8));
#8244 = VECTOR('',#8245,1.);
#8245 = DIRECTION('',(-0.,1.));
#8246 = ( GEOMETRIC_REPRESENTATION_CONTEXT(2) 
PARAMETRIC_REPRESENTATION_CONTEXT() REPRESENTATION_CONTEXT('2D SPACE',''
  ) );
#8247 = ORIENTED_EDGE('',*,*,#7549,.T.);
#8248 = ORIENTED_EDGE('',*,*,#7473,.T.);
#8249 = ADVANCED_FACE('',(#8250),#5648,.F.);
#8250 = FACE_BOUND('',#8251,.T.);
#8251 = EDGE_LOOP('',(#8252,#8253,#8254,#8255));
#8252 = ORIENTED_EDGE('',*,*,#5632,.T.);
#8253 = ORIENTED_EDGE('',*,*,#7526,.F.);
#8254 = ORIENTED_EDGE('',*,*,#8227,.T.);
#8255 = ORIENTED_EDGE('',*,*,#8178,.T.);
#8256 = ADVANCED_FACE('',(#8257),#6304,.T.);
#8257 = FACE_BOUND('',#8258,.F.);
#8258 = EDGE_LOOP('',(#8259,#8282,#8283,#8306));
#8259 = ORIENTED_EDGE('',*,*,#8260,.T.);
#8260 = EDGE_CURVE('',#8261,#6289,#8263,.T.);
#8261 = VERTEX_POINT('',#8262);
#8262 = CARTESIAN_POINT('',(116.4,46.4,16.5));
#8263 = SURFACE_CURVE('',#8264,(#8268,#8275),.PCURVE_S1.);
#8264 = LINE('',#8265,#8266);
#8265 = CARTESIAN_POINT('',(116.4,46.4,15.9));
#8266 = VECTOR('',#8267,1.);
#8267 = DIRECTION('',(-0.,0.,-1.));
#8268 = PCURVE('',#6304,#8269);
#8269 = DEFINITIONAL_REPRESENTATION('',(#8270),#8274);
#8270 = LINE('',#8271,#8272);
#8271 = CARTESIAN_POINT('',(-0.,-36.8));
#8272 = VECTOR('',#8273,1.);
#8273 = DIRECTION('',(1.,-0.));
#8274 = ( GEOMETRIC_REPRESENTATION_CONTEXT(2) 
PARAMETRIC_REPRESENTATION_CONTEXT() REPRESENTATION_CONTEXT('2D SPACE',''
  ) );
#8275 = PCURVE('',#6332,#8276);
#8276 = DEFINITIONAL_REPRESENTATION('',(#8277),#8281);
#8277 = LINE('',#8278,#8279);
#8278 = CARTESIAN_POINT('',(-0.,72.));
#8279 = VECTOR('',#8280,1.);
#8280 = DIRECTION('',(1.,-0.));
#8281 = ( GEOMETRIC_REPRESENTATION_CONTEXT(2) 
PARAMETRIC_REPRESENTATION_CONTEXT() REPRESENTATION_CONTEXT('2D SPACE',''
  ) );
#8282 = ORIENTED_EDGE('',*,*,#6288,.T.);
#8283 = ORIENTED_EDGE('',*,*,#8284,.F.);
#8284 = EDGE_CURVE('',#8285,#6261,#8287,.T.);
#8285 = VERTEX_POINT('',#8286);
#8286 = CARTESIAN_POINT('',(116.4,81.6,16.5));
#8287 = SURFACE_CURVE('',#8288,(#8292,#8299),.PCURVE_S1.);
#8288 = LINE('',#8289,#8290);
#8289 = CARTESIAN_POINT('',(116.4,81.6,15.9));
#8290 = VECTOR('',#8291,1.);
#8291 = DIRECTION('',(-0.,0.,-1.));
#8292 = PCURVE('',#6304,#8293);
#8293 = DEFINITIONAL_REPRESENTATION('',(#8294),#8298);
#8294 = LINE('',#8295,#8296);
#8295 = CARTESIAN_POINT('',(-0.,-72.));
#8296 = VECTOR('',#8297,1.);
#8297 = DIRECTION('',(1.,-0.));
#8298 = ( GEOMETRIC_REPRESENTATION_CONTEXT(2) 
PARAMETRIC_REPRESENTATION_CONTEXT() REPRESENTATION_CONTEXT('2D SPACE',''
  ) );
#8299 = PCURVE('',#6276,#8300);
#8300 = DEFINITIONAL_REPRESENTATION('',(#8301),#8305);
#8301 = LINE('',#8302,#8303);
#8302 = CARTESIAN_POINT('',(-0.,72.));
#8303 = VECTOR('',#8304,1.);
#8304 = DIRECTION('',(1.,-0.));
#8305 = ( GEOMETRIC_REPRESENTATION_CONTEXT(2) 
PARAMETRIC_REPRESENTATION_CONTEXT() REPRESENTATION_CONTEXT('2D SPACE',''
  ) );
#8306 = ORIENTED_EDGE('',*,*,#8307,.T.);
#8307 = EDGE_CURVE('',#8285,#8261,#8308,.T.);
#8308 = SURFACE_CURVE('',#8309,(#8313,#8320),.PCURVE_S1.);
#8309 = LINE('',#8310,#8311);
#8310 = CARTESIAN_POINT('',(116.4,100.4,16.5));
#8311 = VECTOR('',#8312,1.);
#8312 = DIRECTION('',(-0.,-1.,-0.));
#8313 = PCURVE('',#6304,#8314);
#8314 = DEFINITIONAL_REPRESENTATION('',(#8315),#8319);
#8315 = LINE('',#8316,#8317);
#8316 = CARTESIAN_POINT('',(-0.6,-90.8));
#8317 = VECTOR('',#8318,1.);
#8318 = DIRECTION('',(-0.,1.));
#8319 = ( GEOMETRIC_REPRESENTATION_CONTEXT(2) 
PARAMETRIC_REPRESENTATION_CONTEXT() REPRESENTATION_CONTEXT('2D SPACE',''
  ) );
#8320 = PCURVE('',#8321,#8326);
#8321 = PLANE('',#8322);
#8322 = AXIS2_PLACEMENT_3D('',#8323,#8324,#8325);
#8323 = CARTESIAN_POINT('',(196.,191.2,16.5));
#8324 = DIRECTION('',(-0.,-0.,-1.));
#8325 = DIRECTION('',(0.,1.,0.));
#8326 = DEFINITIONAL_REPRESENTATION('',(#8327),#8331);
#8327 = LINE('',#8328,#8329);
#8328 = CARTESIAN_POINT('',(-90.8,-79.6));
#8329 = VECTOR('',#8330,1.);
#8330 = DIRECTION('',(-1.,0.));
#8331 = ( GEOMETRIC_REPRESENTATION_CONTEXT(2) 
PARAMETRIC_REPRESENTATION_CONTEXT() REPRESENTATION_CONTEXT('2D SPACE',''
  ) );
#8332 = ADVANCED_FACE('',(#8333),#6332,.F.);
#8333 = FACE_BOUND('',#8334,.T.);
#8334 = EDGE_LOOP('',(#8335,#8336,#8359,#8380));
#8335 = ORIENTED_EDGE('',*,*,#6316,.F.);
#8336 = ORIENTED_EDGE('',*,*,#8337,.F.);
#8337 = EDGE_CURVE('',#8338,#6317,#8340,.T.);
#8338 = VERTEX_POINT('',#8339);
#8339 = CARTESIAN_POINT('',(151.6,46.4,16.5));
#8340 = SURFACE_CURVE('',#8341,(#8345,#8352),.PCURVE_S1.);
#8341 = LINE('',#8342,#8343);
#8342 = CARTESIAN_POINT('',(151.6,46.4,15.9));
#8343 = VECTOR('',#8344,1.);
#8344 = DIRECTION('',(-0.,0.,-1.));
#8345 = PCURVE('',#6332,#8346);
#8346 = DEFINITIONAL_REPRESENTATION('',(#8347),#8351);
#8347 = LINE('',#8348,#8349);
#8348 = CARTESIAN_POINT('',(-0.,36.8));
#8349 = VECTOR('',#8350,1.);
#8350 = DIRECTION('',(1.,-0.));
#8351 = ( GEOMETRIC_REPRESENTATION_CONTEXT(2) 
PARAMETRIC_REPRESENTATION_CONTEXT() REPRESENTATION_CONTEXT('2D SPACE',''
  ) );
#8352 = PCURVE('',#6358,#8353);
#8353 = DEFINITIONAL_REPRESENTATION('',(#8354),#8358);
#8354 = LINE('',#8355,#8356);
#8355 = CARTESIAN_POINT('',(-0.,-36.8));
#8356 = VECTOR('',#8357,1.);
#8357 = DIRECTION('',(1.,-0.));
#8358 = ( GEOMETRIC_REPRESENTATION_CONTEXT(2) 
PARAMETRIC_REPRESENTATION_CONTEXT() REPRESENTATION_CONTEXT('2D SPACE',''
  ) );
#8359 = ORIENTED_EDGE('',*,*,#8360,.T.);
#8360 = EDGE_CURVE('',#8338,#8261,#8361,.T.);
#8361 = SURFACE_CURVE('',#8362,(#8366,#8373),.PCURVE_S1.);
#8362 = LINE('',#8363,#8364);
#8363 = CARTESIAN_POINT('',(192.2,46.4,16.5));
#8364 = VECTOR('',#8365,1.);
#8365 = DIRECTION('',(-1.,-0.,-0.));
#8366 = PCURVE('',#6332,#8367);
#8367 = DEFINITIONAL_REPRESENTATION('',(#8368),#8372);
#8368 = LINE('',#8369,#8370);
#8369 = CARTESIAN_POINT('',(-0.6,-3.8));
#8370 = VECTOR('',#8371,1.);
#8371 = DIRECTION('',(-0.,1.));
#8372 = ( GEOMETRIC_REPRESENTATION_CONTEXT(2) 
PARAMETRIC_REPRESENTATION_CONTEXT() REPRESENTATION_CONTEXT('2D SPACE',''
  ) );
#8373 = PCURVE('',#8321,#8374);
#8374 = DEFINITIONAL_REPRESENTATION('',(#8375),#8379);
#8375 = LINE('',#8376,#8377);
#8376 = CARTESIAN_POINT('',(-144.8,-3.8));
#8377 = VECTOR('',#8378,1.);
#8378 = DIRECTION('',(-0.,-1.));
#8379 = ( GEOMETRIC_REPRESENTATION_CONTEXT(2) 
PARAMETRIC_REPRESENTATION_CONTEXT() REPRESENTATION_CONTEXT('2D SPACE',''
  ) );
#8380 = ORIENTED_EDGE('',*,*,#8260,.T.);
#8381 = ADVANCED_FACE('',(#8382),#6504,.T.);
#8382 = FACE_BOUND('',#8383,.F.);
#8383 = EDGE_LOOP('',(#8384,#8385,#8408,#8429));
#8384 = ORIENTED_EDGE('',*,*,#6486,.F.);
#8385 = ORIENTED_EDGE('',*,*,#8386,.F.);
#8386 = EDGE_CURVE('',#8387,#6487,#8389,.T.);
#8387 = VERTEX_POINT('',#8388);
#8388 = CARTESIAN_POINT('',(151.6,45.6,16.5));
#8389 = SURFACE_CURVE('',#8390,(#8394,#8401),.PCURVE_S1.);
#8390 = LINE('',#8391,#8392);
#8391 = CARTESIAN_POINT('',(151.6,45.6,15.9));
#8392 = VECTOR('',#8393,1.);
#8393 = DIRECTION('',(-0.,0.,-1.));
#8394 = PCURVE('',#6504,#8395);
#8395 = DEFINITIONAL_REPRESENTATION('',(#8396),#8400);
#8396 = LINE('',#8397,#8398);
#8397 = CARTESIAN_POINT('',(-0.,36.8));
#8398 = VECTOR('',#8399,1.);
#8399 = DIRECTION('',(1.,-0.));
#8400 = ( GEOMETRIC_REPRESENTATION_CONTEXT(2) 
PARAMETRIC_REPRESENTATION_CONTEXT() REPRESENTATION_CONTEXT('2D SPACE',''
  ) );
#8401 = PCURVE('',#6586,#8402);
#8402 = DEFINITIONAL_REPRESENTATION('',(#8403),#8407);
#8403 = LINE('',#8404,#8405);
#8404 = CARTESIAN_POINT('',(-0.,-36.));
#8405 = VECTOR('',#8406,1.);
#8406 = DIRECTION('',(1.,-0.));
#8407 = ( GEOMETRIC_REPRESENTATION_CONTEXT(2) 
PARAMETRIC_REPRESENTATION_CONTEXT() REPRESENTATION_CONTEXT('2D SPACE',''
  ) );
#8408 = ORIENTED_EDGE('',*,*,#8409,.T.);
#8409 = EDGE_CURVE('',#8387,#7599,#8410,.T.);
#8410 = SURFACE_CURVE('',#8411,(#8415,#8422),.PCURVE_S1.);
#8411 = LINE('',#8412,#8413);
#8412 = CARTESIAN_POINT('',(192.2,45.6,16.5));
#8413 = VECTOR('',#8414,1.);
#8414 = DIRECTION('',(-1.,-0.,-0.));
#8415 = PCURVE('',#6504,#8416);
#8416 = DEFINITIONAL_REPRESENTATION('',(#8417),#8421);
#8417 = LINE('',#8418,#8419);
#8418 = CARTESIAN_POINT('',(-0.6,-3.8));
#8419 = VECTOR('',#8420,1.);
#8420 = DIRECTION('',(-0.,1.));
#8421 = ( GEOMETRIC_REPRESENTATION_CONTEXT(2) 
PARAMETRIC_REPRESENTATION_CONTEXT() REPRESENTATION_CONTEXT('2D SPACE',''
  ) );
#8422 = PCURVE('',#7635,#8423);
#8423 = DEFINITIONAL_REPRESENTATION('',(#8424),#8428);
#8424 = LINE('',#8425,#8426);
#8425 = CARTESIAN_POINT('',(-145.6,-3.8));
#8426 = VECTOR('',#8427,1.);
#8427 = DIRECTION('',(-0.,-1.));
#8428 = ( GEOMETRIC_REPRESENTATION_CONTEXT(2) 
PARAMETRIC_REPRESENTATION_CONTEXT() REPRESENTATION_CONTEXT('2D SPACE',''
  ) );
#8429 = ORIENTED_EDGE('',*,*,#7598,.T.);
#8430 = ADVANCED_FACE('',(#8431),#6076,.T.);
#8431 = FACE_BOUND('',#8432,.F.);
#8432 = EDGE_LOOP('',(#8433,#8456,#8457,#8480));
#8433 = ORIENTED_EDGE('',*,*,#8434,.T.);
#8434 = EDGE_CURVE('',#8435,#6061,#8437,.T.);
#8435 = VERTEX_POINT('',#8436);
#8436 = CARTESIAN_POINT('',(116.4,82.4,16.5));
#8437 = SURFACE_CURVE('',#8438,(#8442,#8449),.PCURVE_S1.);
#8438 = LINE('',#8439,#8440);
#8439 = CARTESIAN_POINT('',(116.4,82.4,15.9));
#8440 = VECTOR('',#8441,1.);
#8441 = DIRECTION('',(-0.,0.,-1.));
#8442 = PCURVE('',#6076,#8443);
#8443 = DEFINITIONAL_REPRESENTATION('',(#8444),#8448);
#8444 = LINE('',#8445,#8446);
#8445 = CARTESIAN_POINT('',(-0.,-72.8));
#8446 = VECTOR('',#8447,1.);
#8447 = DIRECTION('',(1.,-0.));
#8448 = ( GEOMETRIC_REPRESENTATION_CONTEXT(2) 
PARAMETRIC_REPRESENTATION_CONTEXT() REPRESENTATION_CONTEXT('2D SPACE',''
  ) );
#8449 = PCURVE('',#6104,#8450);
#8450 = DEFINITIONAL_REPRESENTATION('',(#8451),#8455);
#8451 = LINE('',#8452,#8453);
#8452 = CARTESIAN_POINT('',(-0.,72.));
#8453 = VECTOR('',#8454,1.);
#8454 = DIRECTION('',(1.,-0.));
#8455 = ( GEOMETRIC_REPRESENTATION_CONTEXT(2) 
PARAMETRIC_REPRESENTATION_CONTEXT() REPRESENTATION_CONTEXT('2D SPACE',''
  ) );
#8456 = ORIENTED_EDGE('',*,*,#6060,.T.);
#8457 = ORIENTED_EDGE('',*,*,#8458,.F.);
#8458 = EDGE_CURVE('',#8459,#6033,#8461,.T.);
#8459 = VERTEX_POINT('',#8460);
#8460 = CARTESIAN_POINT('',(116.4,117.6,16.5));
#8461 = SURFACE_CURVE('',#8462,(#8466,#8473),.PCURVE_S1.);
#8462 = LINE('',#8463,#8464);
#8463 = CARTESIAN_POINT('',(116.4,117.6,15.9));
#8464 = VECTOR('',#8465,1.);
#8465 = DIRECTION('',(-0.,0.,-1.));
#8466 = PCURVE('',#6076,#8467);
#8467 = DEFINITIONAL_REPRESENTATION('',(#8468),#8472);
#8468 = LINE('',#8469,#8470);
#8469 = CARTESIAN_POINT('',(-0.,-108.));
#8470 = VECTOR('',#8471,1.);
#8471 = DIRECTION('',(1.,-0.));
#8472 = ( GEOMETRIC_REPRESENTATION_CONTEXT(2) 
PARAMETRIC_REPRESENTATION_CONTEXT() REPRESENTATION_CONTEXT('2D SPACE',''
  ) );
#8473 = PCURVE('',#6048,#8474);
#8474 = DEFINITIONAL_REPRESENTATION('',(#8475),#8479);
#8475 = LINE('',#8476,#8477);
#8476 = CARTESIAN_POINT('',(-0.,72.));
#8477 = VECTOR('',#8478,1.);
#8478 = DIRECTION('',(1.,-0.));
#8479 = ( GEOMETRIC_REPRESENTATION_CONTEXT(2) 
PARAMETRIC_REPRESENTATION_CONTEXT() REPRESENTATION_CONTEXT('2D SPACE',''
  ) );
#8480 = ORIENTED_EDGE('',*,*,#8481,.T.);
#8481 = EDGE_CURVE('',#8459,#8435,#8482,.T.);
#8482 = SURFACE_CURVE('',#8483,(#8487,#8494),.PCURVE_S1.);
#8483 = LINE('',#8484,#8485);
#8484 = CARTESIAN_POINT('',(116.4,100.4,16.5));
#8485 = VECTOR('',#8486,1.);
#8486 = DIRECTION('',(-0.,-1.,-0.));
#8487 = PCURVE('',#6076,#8488);
#8488 = DEFINITIONAL_REPRESENTATION('',(#8489),#8493);
#8489 = LINE('',#8490,#8491);
#8490 = CARTESIAN_POINT('',(-0.6,-90.8));
#8491 = VECTOR('',#8492,1.);
#8492 = DIRECTION('',(-0.,1.));
#8493 = ( GEOMETRIC_REPRESENTATION_CONTEXT(2) 
PARAMETRIC_REPRESENTATION_CONTEXT() REPRESENTATION_CONTEXT('2D SPACE',''
  ) );
#8494 = PCURVE('',#8495,#8500);
#8495 = PLANE('',#8496);
#8496 = AXIS2_PLACEMENT_3D('',#8497,#8498,#8499);
#8497 = CARTESIAN_POINT('',(196.,191.2,16.5));
#8498 = DIRECTION('',(-0.,-0.,-1.));
#8499 = DIRECTION('',(0.,1.,0.));
#8500 = DEFINITIONAL_REPRESENTATION('',(#8501),#8505);
#8501 = LINE('',#8502,#8503);
#8502 = CARTESIAN_POINT('',(-90.8,-79.6));
#8503 = VECTOR('',#8504,1.);
#8504 = DIRECTION('',(-1.,0.));
#8505 = ( GEOMETRIC_REPRESENTATION_CONTEXT(2) 
PARAMETRIC_REPRESENTATION_CONTEXT() REPRESENTATION_CONTEXT('2D SPACE',''
  ) );
#8506 = ADVANCED_FACE('',(#8507),#6104,.F.);
#8507 = FACE_BOUND('',#8508,.T.);
#8508 = EDGE_LOOP('',(#8509,#8510,#8533,#8554));
#8509 = ORIENTED_EDGE('',*,*,#6088,.F.);
#8510 = ORIENTED_EDGE('',*,*,#8511,.F.);
#8511 = EDGE_CURVE('',#8512,#6089,#8514,.T.);
#8512 = VERTEX_POINT('',#8513);
#8513 = CARTESIAN_POINT('',(151.6,82.4,16.5));
#8514 = SURFACE_CURVE('',#8515,(#8519,#8526),.PCURVE_S1.);
#8515 = LINE('',#8516,#8517);
#8516 = CARTESIAN_POINT('',(151.6,82.4,15.9));
#8517 = VECTOR('',#8518,1.);
#8518 = DIRECTION('',(-0.,0.,-1.));
#8519 = PCURVE('',#6104,#8520);
#8520 = DEFINITIONAL_REPRESENTATION('',(#8521),#8525);
#8521 = LINE('',#8522,#8523);
#8522 = CARTESIAN_POINT('',(-0.,36.8));
#8523 = VECTOR('',#8524,1.);
#8524 = DIRECTION('',(1.,-0.));
#8525 = ( GEOMETRIC_REPRESENTATION_CONTEXT(2) 
PARAMETRIC_REPRESENTATION_CONTEXT() REPRESENTATION_CONTEXT('2D SPACE',''
  ) );
#8526 = PCURVE('',#6130,#8527);
#8527 = DEFINITIONAL_REPRESENTATION('',(#8528),#8532);
#8528 = LINE('',#8529,#8530);
#8529 = CARTESIAN_POINT('',(-0.,-72.8));
#8530 = VECTOR('',#8531,1.);
#8531 = DIRECTION('',(1.,-0.));
#8532 = ( GEOMETRIC_REPRESENTATION_CONTEXT(2) 
PARAMETRIC_REPRESENTATION_CONTEXT() REPRESENTATION_CONTEXT('2D SPACE',''
  ) );
#8533 = ORIENTED_EDGE('',*,*,#8534,.T.);
#8534 = EDGE_CURVE('',#8512,#8435,#8535,.T.);
#8535 = SURFACE_CURVE('',#8536,(#8540,#8547),.PCURVE_S1.);
#8536 = LINE('',#8537,#8538);
#8537 = CARTESIAN_POINT('',(192.2,82.4,16.5));
#8538 = VECTOR('',#8539,1.);
#8539 = DIRECTION('',(-1.,-0.,-0.));
#8540 = PCURVE('',#6104,#8541);
#8541 = DEFINITIONAL_REPRESENTATION('',(#8542),#8546);
#8542 = LINE('',#8543,#8544);
#8543 = CARTESIAN_POINT('',(-0.6,-3.8));
#8544 = VECTOR('',#8545,1.);
#8545 = DIRECTION('',(-0.,1.));
#8546 = ( GEOMETRIC_REPRESENTATION_CONTEXT(2) 
PARAMETRIC_REPRESENTATION_CONTEXT() REPRESENTATION_CONTEXT('2D SPACE',''
  ) );
#8547 = PCURVE('',#8495,#8548);
#8548 = DEFINITIONAL_REPRESENTATION('',(#8549),#8553);
#8549 = LINE('',#8550,#8551);
#8550 = CARTESIAN_POINT('',(-108.8,-3.8));
#8551 = VECTOR('',#8552,1.);
#8552 = DIRECTION('',(-0.,-1.));
#8553 = ( GEOMETRIC_REPRESENTATION_CONTEXT(2) 
PARAMETRIC_REPRESENTATION_CONTEXT() REPRESENTATION_CONTEXT('2D SPACE',''
  ) );
#8554 = ORIENTED_EDGE('',*,*,#8434,.T.);
#8555 = ADVANCED_FACE('',(#8556),#6276,.T.);
#8556 = FACE_BOUND('',#8557,.F.);
#8557 = EDGE_LOOP('',(#8558,#8559,#8582,#8603));
#8558 = ORIENTED_EDGE('',*,*,#6258,.F.);
#8559 = ORIENTED_EDGE('',*,*,#8560,.F.);
#8560 = EDGE_CURVE('',#8561,#6259,#8563,.T.);
#8561 = VERTEX_POINT('',#8562);
#8562 = CARTESIAN_POINT('',(151.6,81.6,16.5));
#8563 = SURFACE_CURVE('',#8564,(#8568,#8575),.PCURVE_S1.);
#8564 = LINE('',#8565,#8566);
#8565 = CARTESIAN_POINT('',(151.6,81.6,15.9));
#8566 = VECTOR('',#8567,1.);
#8567 = DIRECTION('',(-0.,0.,-1.));
#8568 = PCURVE('',#6276,#8569);
#8569 = DEFINITIONAL_REPRESENTATION('',(#8570),#8574);
#8570 = LINE('',#8571,#8572);
#8571 = CARTESIAN_POINT('',(-0.,36.8));
#8572 = VECTOR('',#8573,1.);
#8573 = DIRECTION('',(1.,-0.));
#8574 = ( GEOMETRIC_REPRESENTATION_CONTEXT(2) 
PARAMETRIC_REPRESENTATION_CONTEXT() REPRESENTATION_CONTEXT('2D SPACE',''
  ) );
#8575 = PCURVE('',#6358,#8576);
#8576 = DEFINITIONAL_REPRESENTATION('',(#8577),#8581);
#8577 = LINE('',#8578,#8579);
#8578 = CARTESIAN_POINT('',(-0.,-72.));
#8579 = VECTOR('',#8580,1.);
#8580 = DIRECTION('',(1.,-0.));
#8581 = ( GEOMETRIC_REPRESENTATION_CONTEXT(2) 
PARAMETRIC_REPRESENTATION_CONTEXT() REPRESENTATION_CONTEXT('2D SPACE',''
  ) );
#8582 = ORIENTED_EDGE('',*,*,#8583,.T.);
#8583 = EDGE_CURVE('',#8561,#8285,#8584,.T.);
#8584 = SURFACE_CURVE('',#8585,(#8589,#8596),.PCURVE_S1.);
#8585 = LINE('',#8586,#8587);
#8586 = CARTESIAN_POINT('',(192.2,81.6,16.5));
#8587 = VECTOR('',#8588,1.);
#8588 = DIRECTION('',(-1.,-0.,-0.));
#8589 = PCURVE('',#6276,#8590);
#8590 = DEFINITIONAL_REPRESENTATION('',(#8591),#8595);
#8591 = LINE('',#8592,#8593);
#8592 = CARTESIAN_POINT('',(-0.6,-3.8));
#8593 = VECTOR('',#8594,1.);
#8594 = DIRECTION('',(-0.,1.));
#8595 = ( GEOMETRIC_REPRESENTATION_CONTEXT(2) 
PARAMETRIC_REPRESENTATION_CONTEXT() REPRESENTATION_CONTEXT('2D SPACE',''
  ) );
#8596 = PCURVE('',#8321,#8597);
#8597 = DEFINITIONAL_REPRESENTATION('',(#8598),#8602);
#8598 = LINE('',#8599,#8600);
#8599 = CARTESIAN_POINT('',(-109.6,-3.8));
#8600 = VECTOR('',#8601,1.);
#8601 = DIRECTION('',(-0.,-1.));
#8602 = ( GEOMETRIC_REPRESENTATION_CONTEXT(2) 
PARAMETRIC_REPRESENTATION_CONTEXT() REPRESENTATION_CONTEXT('2D SPACE',''
  ) );
#8603 = ORIENTED_EDGE('',*,*,#8284,.T.);
#8604 = ADVANCED_FACE('',(#8605),#5734,.T.);
#8605 = FACE_BOUND('',#8606,.F.);
#8606 = EDGE_LOOP('',(#8607,#8630,#8631,#8654));
#8607 = ORIENTED_EDGE('',*,*,#8608,.T.);
#8608 = EDGE_CURVE('',#8609,#5719,#8611,.T.);
#8609 = VERTEX_POINT('',#8610);
#8610 = CARTESIAN_POINT('',(116.4,118.4,16.5));
#8611 = SURFACE_CURVE('',#8612,(#8616,#8623),.PCURVE_S1.);
#8612 = LINE('',#8613,#8614);
#8613 = CARTESIAN_POINT('',(116.4,118.4,15.9));
#8614 = VECTOR('',#8615,1.);
#8615 = DIRECTION('',(-0.,0.,-1.));
#8616 = PCURVE('',#5734,#8617);
#8617 = DEFINITIONAL_REPRESENTATION('',(#8618),#8622);
#8618 = LINE('',#8619,#8620);
#8619 = CARTESIAN_POINT('',(-0.,-108.8));
#8620 = VECTOR('',#8621,1.);
#8621 = DIRECTION('',(1.,-0.));
#8622 = ( GEOMETRIC_REPRESENTATION_CONTEXT(2) 
PARAMETRIC_REPRESENTATION_CONTEXT() REPRESENTATION_CONTEXT('2D SPACE',''
  ) );
#8623 = PCURVE('',#5762,#8624);
#8624 = DEFINITIONAL_REPRESENTATION('',(#8625),#8629);
#8625 = LINE('',#8626,#8627);
#8626 = CARTESIAN_POINT('',(-0.,72.));
#8627 = VECTOR('',#8628,1.);
#8628 = DIRECTION('',(1.,-0.));
#8629 = ( GEOMETRIC_REPRESENTATION_CONTEXT(2) 
PARAMETRIC_REPRESENTATION_CONTEXT() REPRESENTATION_CONTEXT('2D SPACE',''
  ) );
#8630 = ORIENTED_EDGE('',*,*,#5718,.T.);
#8631 = ORIENTED_EDGE('',*,*,#8632,.F.);
#8632 = EDGE_CURVE('',#8633,#5691,#8635,.T.);
#8633 = VERTEX_POINT('',#8634);
#8634 = CARTESIAN_POINT('',(116.4,153.6,16.5));
#8635 = SURFACE_CURVE('',#8636,(#8640,#8647),.PCURVE_S1.);
#8636 = LINE('',#8637,#8638);
#8637 = CARTESIAN_POINT('',(116.4,153.6,15.9));
#8638 = VECTOR('',#8639,1.);
#8639 = DIRECTION('',(-0.,0.,-1.));
#8640 = PCURVE('',#5734,#8641);
#8641 = DEFINITIONAL_REPRESENTATION('',(#8642),#8646);
#8642 = LINE('',#8643,#8644);
#8643 = CARTESIAN_POINT('',(-0.,-144.));
#8644 = VECTOR('',#8645,1.);
#8645 = DIRECTION('',(1.,-0.));
#8646 = ( GEOMETRIC_REPRESENTATION_CONTEXT(2) 
PARAMETRIC_REPRESENTATION_CONTEXT() REPRESENTATION_CONTEXT('2D SPACE',''
  ) );
#8647 = PCURVE('',#5706,#8648);
#8648 = DEFINITIONAL_REPRESENTATION('',(#8649),#8653);
#8649 = LINE('',#8650,#8651);
#8650 = CARTESIAN_POINT('',(-0.,72.));
#8651 = VECTOR('',#8652,1.);
#8652 = DIRECTION('',(1.,-0.));
#8653 = ( GEOMETRIC_REPRESENTATION_CONTEXT(2) 
PARAMETRIC_REPRESENTATION_CONTEXT() REPRESENTATION_CONTEXT('2D SPACE',''
  ) );
#8654 = ORIENTED_EDGE('',*,*,#8655,.T.);
#8655 = EDGE_CURVE('',#8633,#8609,#8656,.T.);
#8656 = SURFACE_CURVE('',#8657,(#8661,#8668),.PCURVE_S1.);
#8657 = LINE('',#8658,#8659);
#8658 = CARTESIAN_POINT('',(116.4,100.4,16.5));
#8659 = VECTOR('',#8660,1.);
#8660 = DIRECTION('',(-0.,-1.,-0.));
#8661 = PCURVE('',#5734,#8662);
#8662 = DEFINITIONAL_REPRESENTATION('',(#8663),#8667);
#8663 = LINE('',#8664,#8665);
#8664 = CARTESIAN_POINT('',(-0.6,-90.8));
#8665 = VECTOR('',#8666,1.);
#8666 = DIRECTION('',(-0.,1.));
#8667 = ( GEOMETRIC_REPRESENTATION_CONTEXT(2) 
PARAMETRIC_REPRESENTATION_CONTEXT() REPRESENTATION_CONTEXT('2D SPACE',''
  ) );
#8668 = PCURVE('',#8669,#8674);
#8669 = PLANE('',#8670);
#8670 = AXIS2_PLACEMENT_3D('',#8671,#8672,#8673);
#8671 = CARTESIAN_POINT('',(196.,191.2,16.5));
#8672 = DIRECTION('',(-0.,-0.,-1.));
#8673 = DIRECTION('',(0.,1.,0.));
#8674 = DEFINITIONAL_REPRESENTATION('',(#8675),#8679);
#8675 = LINE('',#8676,#8677);
#8676 = CARTESIAN_POINT('',(-90.8,-79.6));
#8677 = VECTOR('',#8678,1.);
#8678 = DIRECTION('',(-1.,0.));
#8679 = ( GEOMETRIC_REPRESENTATION_CONTEXT(2) 
PARAMETRIC_REPRESENTATION_CONTEXT() REPRESENTATION_CONTEXT('2D SPACE',''
  ) );
#8680 = ADVANCED_FACE('',(#8681),#5762,.F.);
#8681 = FACE_BOUND('',#8682,.T.);
#8682 = EDGE_LOOP('',(#8683,#8684,#8707,#8728));
#8683 = ORIENTED_EDGE('',*,*,#5746,.F.);
#8684 = ORIENTED_EDGE('',*,*,#8685,.F.);
#8685 = EDGE_CURVE('',#8686,#5747,#8688,.T.);
#8686 = VERTEX_POINT('',#8687);
#8687 = CARTESIAN_POINT('',(151.6,118.4,16.5));
#8688 = SURFACE_CURVE('',#8689,(#8693,#8700),.PCURVE_S1.);
#8689 = LINE('',#8690,#8691);
#8690 = CARTESIAN_POINT('',(151.6,118.4,15.9));
#8691 = VECTOR('',#8692,1.);
#8692 = DIRECTION('',(-0.,0.,-1.));
#8693 = PCURVE('',#5762,#8694);
#8694 = DEFINITIONAL_REPRESENTATION('',(#8695),#8699);
#8695 = LINE('',#8696,#8697);
#8696 = CARTESIAN_POINT('',(-0.,36.8));
#8697 = VECTOR('',#8698,1.);
#8698 = DIRECTION('',(1.,-0.));
#8699 = ( GEOMETRIC_REPRESENTATION_CONTEXT(2) 
PARAMETRIC_REPRESENTATION_CONTEXT() REPRESENTATION_CONTEXT('2D SPACE',''
  ) );
#8700 = PCURVE('',#5788,#8701);
#8701 = DEFINITIONAL_REPRESENTATION('',(#8702),#8706);
#8702 = LINE('',#8703,#8704);
#8703 = CARTESIAN_POINT('',(-0.,-108.8));
#8704 = VECTOR('',#8705,1.);
#8705 = DIRECTION('',(1.,-0.));
#8706 = ( GEOMETRIC_REPRESENTATION_CONTEXT(2) 
PARAMETRIC_REPRESENTATION_CONTEXT() REPRESENTATION_CONTEXT('2D SPACE',''
  ) );
#8707 = ORIENTED_EDGE('',*,*,#8708,.T.);
#8708 = EDGE_CURVE('',#8686,#8609,#8709,.T.);
#8709 = SURFACE_CURVE('',#8710,(#8714,#8721),.PCURVE_S1.);
#8710 = LINE('',#8711,#8712);
#8711 = CARTESIAN_POINT('',(192.2,118.4,16.5));
#8712 = VECTOR('',#8713,1.);
#8713 = DIRECTION('',(-1.,-0.,-0.));
#8714 = PCURVE('',#5762,#8715);
#8715 = DEFINITIONAL_REPRESENTATION('',(#8716),#8720);
#8716 = LINE('',#8717,#8718);
#8717 = CARTESIAN_POINT('',(-0.6,-3.8));
#8718 = VECTOR('',#8719,1.);
#8719 = DIRECTION('',(-0.,1.));
#8720 = ( GEOMETRIC_REPRESENTATION_CONTEXT(2) 
PARAMETRIC_REPRESENTATION_CONTEXT() REPRESENTATION_CONTEXT('2D SPACE',''
  ) );
#8721 = PCURVE('',#8669,#8722);
#8722 = DEFINITIONAL_REPRESENTATION('',(#8723),#8727);
#8723 = LINE('',#8724,#8725);
#8724 = CARTESIAN_POINT('',(-72.8,-3.8));
#8725 = VECTOR('',#8726,1.);
#8726 = DIRECTION('',(-0.,-1.));
#8727 = ( GEOMETRIC_REPRESENTATION_CONTEXT(2) 
PARAMETRIC_REPRESENTATION_CONTEXT() REPRESENTATION_CONTEXT('2D SPACE',''
  ) );
#8728 = ORIENTED_EDGE('',*,*,#8608,.T.);
#8729 = ADVANCED_FACE('',(#8730),#6048,.T.);
#8730 = FACE_BOUND('',#8731,.F.);
#8731 = EDGE_LOOP('',(#8732,#8733,#8756,#8777));
#8732 = ORIENTED_EDGE('',*,*,#6030,.F.);
#8733 = ORIENTED_EDGE('',*,*,#8734,.F.);
#8734 = EDGE_CURVE('',#8735,#6031,#8737,.T.);
#8735 = VERTEX_POINT('',#8736);
#8736 = CARTESIAN_POINT('',(151.6,117.6,16.5));
#8737 = SURFACE_CURVE('',#8738,(#8742,#8749),.PCURVE_S1.);
#8738 = LINE('',#8739,#8740);
#8739 = CARTESIAN_POINT('',(151.6,117.6,15.9));
#8740 = VECTOR('',#8741,1.);
#8741 = DIRECTION('',(-0.,0.,-1.));
#8742 = PCURVE('',#6048,#8743);
#8743 = DEFINITIONAL_REPRESENTATION('',(#8744),#8748);
#8744 = LINE('',#8745,#8746);
#8745 = CARTESIAN_POINT('',(-0.,36.8));
#8746 = VECTOR('',#8747,1.);
#8747 = DIRECTION('',(1.,-0.));
#8748 = ( GEOMETRIC_REPRESENTATION_CONTEXT(2) 
PARAMETRIC_REPRESENTATION_CONTEXT() REPRESENTATION_CONTEXT('2D SPACE',''
  ) );
#8749 = PCURVE('',#6130,#8750);
#8750 = DEFINITIONAL_REPRESENTATION('',(#8751),#8755);
#8751 = LINE('',#8752,#8753);
#8752 = CARTESIAN_POINT('',(-0.,-108.));
#8753 = VECTOR('',#8754,1.);
#8754 = DIRECTION('',(1.,-0.));
#8755 = ( GEOMETRIC_REPRESENTATION_CONTEXT(2) 
PARAMETRIC_REPRESENTATION_CONTEXT() REPRESENTATION_CONTEXT('2D SPACE',''
  ) );
#8756 = ORIENTED_EDGE('',*,*,#8757,.T.);
#8757 = EDGE_CURVE('',#8735,#8459,#8758,.T.);
#8758 = SURFACE_CURVE('',#8759,(#8763,#8770),.PCURVE_S1.);
#8759 = LINE('',#8760,#8761);
#8760 = CARTESIAN_POINT('',(192.2,117.6,16.5));
#8761 = VECTOR('',#8762,1.);
#8762 = DIRECTION('',(-1.,-0.,-0.));
#8763 = PCURVE('',#6048,#8764);
#8764 = DEFINITIONAL_REPRESENTATION('',(#8765),#8769);
#8765 = LINE('',#8766,#8767);
#8766 = CARTESIAN_POINT('',(-0.6,-3.8));
#8767 = VECTOR('',#8768,1.);
#8768 = DIRECTION('',(-0.,1.));
#8769 = ( GEOMETRIC_REPRESENTATION_CONTEXT(2) 
PARAMETRIC_REPRESENTATION_CONTEXT() REPRESENTATION_CONTEXT('2D SPACE',''
  ) );
#8770 = PCURVE('',#8495,#8771);
#8771 = DEFINITIONAL_REPRESENTATION('',(#8772),#8776);
#8772 = LINE('',#8773,#8774);
#8773 = CARTESIAN_POINT('',(-73.6,-3.8));
#8774 = VECTOR('',#8775,1.);
#8775 = DIRECTION('',(-0.,-1.));
#8776 = ( GEOMETRIC_REPRESENTATION_CONTEXT(2) 
PARAMETRIC_REPRESENTATION_CONTEXT() REPRESENTATION_CONTEXT('2D SPACE',''
  ) );
#8777 = ORIENTED_EDGE('',*,*,#8458,.T.);
#8778 = ADVANCED_FACE('',(#8779),#5706,.T.);
#8779 = FACE_BOUND('',#8780,.F.);
#8780 = EDGE_LOOP('',(#8781,#8782,#8805,#8826));
#8781 = ORIENTED_EDGE('',*,*,#5688,.F.);
#8782 = ORIENTED_EDGE('',*,*,#8783,.F.);
#8783 = EDGE_CURVE('',#8784,#5689,#8786,.T.);
#8784 = VERTEX_POINT('',#8785);
#8785 = CARTESIAN_POINT('',(151.6,153.6,16.5));
#8786 = SURFACE_CURVE('',#8787,(#8791,#8798),.PCURVE_S1.);
#8787 = LINE('',#8788,#8789);
#8788 = CARTESIAN_POINT('',(151.6,153.6,15.9));
#8789 = VECTOR('',#8790,1.);
#8790 = DIRECTION('',(-0.,0.,-1.));
#8791 = PCURVE('',#5706,#8792);
#8792 = DEFINITIONAL_REPRESENTATION('',(#8793),#8797);
#8793 = LINE('',#8794,#8795);
#8794 = CARTESIAN_POINT('',(-0.,36.8));
#8795 = VECTOR('',#8796,1.);
#8796 = DIRECTION('',(1.,-0.));
#8797 = ( GEOMETRIC_REPRESENTATION_CONTEXT(2) 
PARAMETRIC_REPRESENTATION_CONTEXT() REPRESENTATION_CONTEXT('2D SPACE',''
  ) );
#8798 = PCURVE('',#5788,#8799);
#8799 = DEFINITIONAL_REPRESENTATION('',(#8800),#8804);
#8800 = LINE('',#8801,#8802);
#8801 = CARTESIAN_POINT('',(-0.,-144.));
#8802 = VECTOR('',#8803,1.);
#8803 = DIRECTION('',(1.,-0.));
#8804 = ( GEOMETRIC_REPRESENTATION_CONTEXT(2) 
PARAMETRIC_REPRESENTATION_CONTEXT() REPRESENTATION_CONTEXT('2D SPACE',''
  ) );
#8805 = ORIENTED_EDGE('',*,*,#8806,.T.);
#8806 = EDGE_CURVE('',#8784,#8633,#8807,.T.);
#8807 = SURFACE_CURVE('',#8808,(#8812,#8819),.PCURVE_S1.);
#8808 = LINE('',#8809,#8810);
#8809 = CARTESIAN_POINT('',(192.2,153.6,16.5));
#8810 = VECTOR('',#8811,1.);
#8811 = DIRECTION('',(-1.,-0.,-0.));
#8812 = PCURVE('',#5706,#8813);
#8813 = DEFINITIONAL_REPRESENTATION('',(#8814),#8818);
#8814 = LINE('',#8815,#8816);
#8815 = CARTESIAN_POINT('',(-0.6,-3.8));
#8816 = VECTOR('',#8817,1.);
#8817 = DIRECTION('',(-0.,1.));
#8818 = ( GEOMETRIC_REPRESENTATION_CONTEXT(2) 
PARAMETRIC_REPRESENTATION_CONTEXT() REPRESENTATION_CONTEXT('2D SPACE',''
  ) );
#8819 = PCURVE('',#8669,#8820);
#8820 = DEFINITIONAL_REPRESENTATION('',(#8821),#8825);
#8821 = LINE('',#8822,#8823);
#8822 = CARTESIAN_POINT('',(-37.6,-3.8));
#8823 = VECTOR('',#8824,1.);
#8824 = DIRECTION('',(-0.,-1.));
#8825 = ( GEOMETRIC_REPRESENTATION_CONTEXT(2) 
PARAMETRIC_REPRESENTATION_CONTEXT() REPRESENTATION_CONTEXT('2D SPACE',''
  ) );
#8826 = ORIENTED_EDGE('',*,*,#8632,.T.);
#8827 = ADVANCED_FACE('',(#8828),#7635,.F.);
#8828 = FACE_BOUND('',#8829,.T.);
#8829 = EDGE_LOOP('',(#8830,#8831,#8852,#8853));
#8830 = ORIENTED_EDGE('',*,*,#7674,.F.);
#8831 = ORIENTED_EDGE('',*,*,#8832,.F.);
#8832 = EDGE_CURVE('',#8387,#7652,#8833,.T.);
#8833 = SURFACE_CURVE('',#8834,(#8838,#8845),.PCURVE_S1.);
#8834 = LINE('',#8835,#8836);
#8835 = CARTESIAN_POINT('',(151.6,100.4,16.5));
#8836 = VECTOR('',#8837,1.);
#8837 = DIRECTION('',(-0.,-1.,-0.));
#8838 = PCURVE('',#7635,#8839);
#8839 = DEFINITIONAL_REPRESENTATION('',(#8840),#8844);
#8840 = LINE('',#8841,#8842);
#8841 = CARTESIAN_POINT('',(-90.8,-44.4));
#8842 = VECTOR('',#8843,1.);
#8843 = DIRECTION('',(-1.,0.));
#8844 = ( GEOMETRIC_REPRESENTATION_CONTEXT(2) 
PARAMETRIC_REPRESENTATION_CONTEXT() REPRESENTATION_CONTEXT('2D SPACE',''
  ) );
#8845 = PCURVE('',#6586,#8846);
#8846 = DEFINITIONAL_REPRESENTATION('',(#8847),#8851);
#8847 = LINE('',#8848,#8849);
#8848 = CARTESIAN_POINT('',(-0.6,-90.8));
#8849 = VECTOR('',#8850,1.);
#8850 = DIRECTION('',(-0.,1.));
#8851 = ( GEOMETRIC_REPRESENTATION_CONTEXT(2) 
PARAMETRIC_REPRESENTATION_CONTEXT() REPRESENTATION_CONTEXT('2D SPACE',''
  ) );
#8852 = ORIENTED_EDGE('',*,*,#8409,.T.);
#8853 = ORIENTED_EDGE('',*,*,#7621,.T.);
#8854 = ADVANCED_FACE('',(#8855),#6586,.F.);
#8855 = FACE_BOUND('',#8856,.T.);
#8856 = EDGE_LOOP('',(#8857,#8858,#8859,#8860));
#8857 = ORIENTED_EDGE('',*,*,#7651,.T.);
#8858 = ORIENTED_EDGE('',*,*,#6572,.T.);
#8859 = ORIENTED_EDGE('',*,*,#8386,.F.);
#8860 = ORIENTED_EDGE('',*,*,#8832,.T.);
#8861 = ADVANCED_FACE('',(#8862),#6646,.T.);
#8862 = FACE_BOUND('',#8863,.F.);
#8863 = EDGE_LOOP('',(#8864,#8865,#8866,#8889));
#8864 = ORIENTED_EDGE('',*,*,#7751,.T.);
#8865 = ORIENTED_EDGE('',*,*,#6630,.T.);
#8866 = ORIENTED_EDGE('',*,*,#8867,.F.);
#8867 = EDGE_CURVE('',#8868,#6603,#8870,.T.);
#8868 = VERTEX_POINT('',#8869);
#8869 = CARTESIAN_POINT('',(152.4,45.6,16.5));
#8870 = SURFACE_CURVE('',#8871,(#8875,#8882),.PCURVE_S1.);
#8871 = LINE('',#8872,#8873);
#8872 = CARTESIAN_POINT('',(152.4,45.6,15.9));
#8873 = VECTOR('',#8874,1.);
#8874 = DIRECTION('',(-0.,0.,-1.));
#8875 = PCURVE('',#6646,#8876);
#8876 = DEFINITIONAL_REPRESENTATION('',(#8877),#8881);
#8877 = LINE('',#8878,#8879);
#8878 = CARTESIAN_POINT('',(-0.,-36.));
#8879 = VECTOR('',#8880,1.);
#8880 = DIRECTION('',(1.,-0.));
#8881 = ( GEOMETRIC_REPRESENTATION_CONTEXT(2) 
PARAMETRIC_REPRESENTATION_CONTEXT() REPRESENTATION_CONTEXT('2D SPACE',''
  ) );
#8882 = PCURVE('',#6618,#8883);
#8883 = DEFINITIONAL_REPRESENTATION('',(#8884),#8888);
#8884 = LINE('',#8885,#8886);
#8885 = CARTESIAN_POINT('',(-0.,36.));
#8886 = VECTOR('',#8887,1.);
#8887 = DIRECTION('',(1.,-0.));
#8888 = ( GEOMETRIC_REPRESENTATION_CONTEXT(2) 
PARAMETRIC_REPRESENTATION_CONTEXT() REPRESENTATION_CONTEXT('2D SPACE',''
  ) );
#8889 = ORIENTED_EDGE('',*,*,#8890,.T.);
#8890 = EDGE_CURVE('',#8868,#7724,#8891,.T.);
#8891 = SURFACE_CURVE('',#8892,(#8896,#8903),.PCURVE_S1.);
#8892 = LINE('',#8893,#8894);
#8893 = CARTESIAN_POINT('',(152.4,100.4,16.5));
#8894 = VECTOR('',#8895,1.);
#8895 = DIRECTION('',(-0.,-1.,-0.));
#8896 = PCURVE('',#6646,#8897);
#8897 = DEFINITIONAL_REPRESENTATION('',(#8898),#8902);
#8898 = LINE('',#8899,#8900);
#8899 = CARTESIAN_POINT('',(-0.6,-90.8));
#8900 = VECTOR('',#8901,1.);
#8901 = DIRECTION('',(-0.,1.));
#8902 = ( GEOMETRIC_REPRESENTATION_CONTEXT(2) 
PARAMETRIC_REPRESENTATION_CONTEXT() REPRESENTATION_CONTEXT('2D SPACE',''
  ) );
#8903 = PCURVE('',#7739,#8904);
#8904 = DEFINITIONAL_REPRESENTATION('',(#8905),#8909);
#8905 = LINE('',#8906,#8907);
#8906 = CARTESIAN_POINT('',(-90.8,-43.6));
#8907 = VECTOR('',#8908,1.);
#8908 = DIRECTION('',(-1.,0.));
#8909 = ( GEOMETRIC_REPRESENTATION_CONTEXT(2) 
PARAMETRIC_REPRESENTATION_CONTEXT() REPRESENTATION_CONTEXT('2D SPACE',''
  ) );
#8910 = ADVANCED_FACE('',(#8911),#7739,.F.);
#8911 = FACE_BOUND('',#8912,.T.);
#8912 = EDGE_LOOP('',(#8913,#8914,#8915,#8936));
#8913 = ORIENTED_EDGE('',*,*,#7723,.F.);
#8914 = ORIENTED_EDGE('',*,*,#7800,.F.);
#8915 = ORIENTED_EDGE('',*,*,#8916,.T.);
#8916 = EDGE_CURVE('',#7778,#8868,#8917,.T.);
#8917 = SURFACE_CURVE('',#8918,(#8922,#8929),.PCURVE_S1.);
#8918 = LINE('',#8919,#8920);
#8919 = CARTESIAN_POINT('',(192.2,45.6,16.5));
#8920 = VECTOR('',#8921,1.);
#8921 = DIRECTION('',(-1.,-0.,-0.));
#8922 = PCURVE('',#7739,#8923);
#8923 = DEFINITIONAL_REPRESENTATION('',(#8924),#8928);
#8924 = LINE('',#8925,#8926);
#8925 = CARTESIAN_POINT('',(-145.6,-3.8));
#8926 = VECTOR('',#8927,1.);
#8927 = DIRECTION('',(-0.,-1.));
#8928 = ( GEOMETRIC_REPRESENTATION_CONTEXT(2) 
PARAMETRIC_REPRESENTATION_CONTEXT() REPRESENTATION_CONTEXT('2D SPACE',''
  ) );
#8929 = PCURVE('',#6618,#8930);
#8930 = DEFINITIONAL_REPRESENTATION('',(#8931),#8935);
#8931 = LINE('',#8932,#8933);
#8932 = CARTESIAN_POINT('',(-0.6,-3.8));
#8933 = VECTOR('',#8934,1.);
#8934 = DIRECTION('',(-0.,1.));
#8935 = ( GEOMETRIC_REPRESENTATION_CONTEXT(2) 
PARAMETRIC_REPRESENTATION_CONTEXT() REPRESENTATION_CONTEXT('2D SPACE',''
  ) );
#8936 = ORIENTED_EDGE('',*,*,#8890,.T.);
#8937 = ADVANCED_FACE('',(#8938),#6618,.T.);
#8938 = FACE_BOUND('',#8939,.F.);
#8939 = EDGE_LOOP('',(#8940,#8941,#8942,#8943));
#8940 = ORIENTED_EDGE('',*,*,#6600,.F.);
#8941 = ORIENTED_EDGE('',*,*,#7777,.F.);
#8942 = ORIENTED_EDGE('',*,*,#8916,.T.);
#8943 = ORIENTED_EDGE('',*,*,#8867,.T.);
#8944 = ADVANCED_FACE('',(#8945),#6446,.F.);
#8945 = FACE_BOUND('',#8946,.T.);
#8946 = EDGE_LOOP('',(#8947,#8948,#8949,#8972));
#8947 = ORIENTED_EDGE('',*,*,#6430,.F.);
#8948 = ORIENTED_EDGE('',*,*,#7824,.F.);
#8949 = ORIENTED_EDGE('',*,*,#8950,.T.);
#8950 = EDGE_CURVE('',#7825,#8951,#8953,.T.);
#8951 = VERTEX_POINT('',#8952);
#8952 = CARTESIAN_POINT('',(152.4,46.4,16.5));
#8953 = SURFACE_CURVE('',#8954,(#8958,#8965),.PCURVE_S1.);
#8954 = LINE('',#8955,#8956);
#8955 = CARTESIAN_POINT('',(192.2,46.4,16.5));
#8956 = VECTOR('',#8957,1.);
#8957 = DIRECTION('',(-1.,-0.,-0.));
#8958 = PCURVE('',#6446,#8959);
#8959 = DEFINITIONAL_REPRESENTATION('',(#8960),#8964);
#8960 = LINE('',#8961,#8962);
#8961 = CARTESIAN_POINT('',(-0.6,-3.8));
#8962 = VECTOR('',#8963,1.);
#8963 = DIRECTION('',(-0.,1.));
#8964 = ( GEOMETRIC_REPRESENTATION_CONTEXT(2) 
PARAMETRIC_REPRESENTATION_CONTEXT() REPRESENTATION_CONTEXT('2D SPACE',''
  ) );
#8965 = PCURVE('',#7885,#8966);
#8966 = DEFINITIONAL_REPRESENTATION('',(#8967),#8971);
#8967 = LINE('',#8968,#8969);
#8968 = CARTESIAN_POINT('',(-144.8,-3.8));
#8969 = VECTOR('',#8970,1.);
#8970 = DIRECTION('',(-0.,-1.));
#8971 = ( GEOMETRIC_REPRESENTATION_CONTEXT(2) 
PARAMETRIC_REPRESENTATION_CONTEXT() REPRESENTATION_CONTEXT('2D SPACE',''
  ) );
#8972 = ORIENTED_EDGE('',*,*,#8973,.T.);
#8973 = EDGE_CURVE('',#8951,#6403,#8974,.T.);
#8974 = SURFACE_CURVE('',#8975,(#8979,#8986),.PCURVE_S1.);
#8975 = LINE('',#8976,#8977);
#8976 = CARTESIAN_POINT('',(152.4,46.4,15.9));
#8977 = VECTOR('',#8978,1.);
#8978 = DIRECTION('',(-0.,0.,-1.));
#8979 = PCURVE('',#6446,#8980);
#8980 = DEFINITIONAL_REPRESENTATION('',(#8981),#8985);
#8981 = LINE('',#8982,#8983);
#8982 = CARTESIAN_POINT('',(-0.,36.));
#8983 = VECTOR('',#8984,1.);
#8984 = DIRECTION('',(1.,-0.));
#8985 = ( GEOMETRIC_REPRESENTATION_CONTEXT(2) 
PARAMETRIC_REPRESENTATION_CONTEXT() REPRESENTATION_CONTEXT('2D SPACE',''
  ) );
#8986 = PCURVE('',#6418,#8987);
#8987 = DEFINITIONAL_REPRESENTATION('',(#8988),#8992);
#8988 = LINE('',#8989,#8990);
#8989 = CARTESIAN_POINT('',(-0.,-36.8));
#8990 = VECTOR('',#8991,1.);
#8991 = DIRECTION('',(1.,-0.));
#8992 = ( GEOMETRIC_REPRESENTATION_CONTEXT(2) 
PARAMETRIC_REPRESENTATION_CONTEXT() REPRESENTATION_CONTEXT('2D SPACE',''
  ) );
#8993 = ADVANCED_FACE('',(#8994),#7885,.F.);
#8994 = FACE_BOUND('',#8995,.T.);
#8995 = EDGE_LOOP('',(#8996,#8997,#8998,#9021));
#8996 = ORIENTED_EDGE('',*,*,#8950,.F.);
#8997 = ORIENTED_EDGE('',*,*,#7871,.F.);
#8998 = ORIENTED_EDGE('',*,*,#8999,.T.);
#8999 = EDGE_CURVE('',#7849,#9000,#9002,.T.);
#9000 = VERTEX_POINT('',#9001);
#9001 = CARTESIAN_POINT('',(152.4,81.6,16.5));
#9002 = SURFACE_CURVE('',#9003,(#9007,#9014),.PCURVE_S1.);
#9003 = LINE('',#9004,#9005);
#9004 = CARTESIAN_POINT('',(192.2,81.6,16.5));
#9005 = VECTOR('',#9006,1.);
#9006 = DIRECTION('',(-1.,-0.,-0.));
#9007 = PCURVE('',#7885,#9008);
#9008 = DEFINITIONAL_REPRESENTATION('',(#9009),#9013);
#9009 = LINE('',#9010,#9011);
#9010 = CARTESIAN_POINT('',(-109.6,-3.8));
#9011 = VECTOR('',#9012,1.);
#9012 = DIRECTION('',(-0.,-1.));
#9013 = ( GEOMETRIC_REPRESENTATION_CONTEXT(2) 
PARAMETRIC_REPRESENTATION_CONTEXT() REPRESENTATION_CONTEXT('2D SPACE',''
  ) );
#9014 = PCURVE('',#6390,#9015);
#9015 = DEFINITIONAL_REPRESENTATION('',(#9016),#9020);
#9016 = LINE('',#9017,#9018);
#9017 = CARTESIAN_POINT('',(-0.6,-3.8));
#9018 = VECTOR('',#9019,1.);
#9019 = DIRECTION('',(-0.,1.));
#9020 = ( GEOMETRIC_REPRESENTATION_CONTEXT(2) 
PARAMETRIC_REPRESENTATION_CONTEXT() REPRESENTATION_CONTEXT('2D SPACE',''
  ) );
#9021 = ORIENTED_EDGE('',*,*,#9022,.T.);
#9022 = EDGE_CURVE('',#9000,#8951,#9023,.T.);
#9023 = SURFACE_CURVE('',#9024,(#9028,#9035),.PCURVE_S1.);
#9024 = LINE('',#9025,#9026);
#9025 = CARTESIAN_POINT('',(152.4,100.4,16.5));
#9026 = VECTOR('',#9027,1.);
#9027 = DIRECTION('',(-0.,-1.,-0.));
#9028 = PCURVE('',#7885,#9029);
#9029 = DEFINITIONAL_REPRESENTATION('',(#9030),#9034);
#9030 = LINE('',#9031,#9032);
#9031 = CARTESIAN_POINT('',(-90.8,-43.6));
#9032 = VECTOR('',#9033,1.);
#9033 = DIRECTION('',(-1.,0.));
#9034 = ( GEOMETRIC_REPRESENTATION_CONTEXT(2) 
PARAMETRIC_REPRESENTATION_CONTEXT() REPRESENTATION_CONTEXT('2D SPACE',''
  ) );
#9035 = PCURVE('',#6418,#9036);
#9036 = DEFINITIONAL_REPRESENTATION('',(#9037),#9041);
#9037 = LINE('',#9038,#9039);
#9038 = CARTESIAN_POINT('',(-0.6,-90.8));
#9039 = VECTOR('',#9040,1.);
#9040 = DIRECTION('',(-0.,1.));
#9041 = ( GEOMETRIC_REPRESENTATION_CONTEXT(2) 
PARAMETRIC_REPRESENTATION_CONTEXT() REPRESENTATION_CONTEXT('2D SPACE',''
  ) );
#9042 = ADVANCED_FACE('',(#9043),#6390,.T.);
#9043 = FACE_BOUND('',#9044,.F.);
#9044 = EDGE_LOOP('',(#9045,#9046,#9047,#9048));
#9045 = ORIENTED_EDGE('',*,*,#6372,.F.);
#9046 = ORIENTED_EDGE('',*,*,#7848,.F.);
#9047 = ORIENTED_EDGE('',*,*,#8999,.T.);
#9048 = ORIENTED_EDGE('',*,*,#9049,.T.);
#9049 = EDGE_CURVE('',#9000,#6375,#9050,.T.);
#9050 = SURFACE_CURVE('',#9051,(#9055,#9062),.PCURVE_S1.);
#9051 = LINE('',#9052,#9053);
#9052 = CARTESIAN_POINT('',(152.4,81.6,15.9));
#9053 = VECTOR('',#9054,1.);
#9054 = DIRECTION('',(-0.,0.,-1.));
#9055 = PCURVE('',#6390,#9056);
#9056 = DEFINITIONAL_REPRESENTATION('',(#9057),#9061);
#9057 = LINE('',#9058,#9059);
#9058 = CARTESIAN_POINT('',(-0.,36.));
#9059 = VECTOR('',#9060,1.);
#9060 = DIRECTION('',(1.,-0.));
#9061 = ( GEOMETRIC_REPRESENTATION_CONTEXT(2) 
PARAMETRIC_REPRESENTATION_CONTEXT() REPRESENTATION_CONTEXT('2D SPACE',''
  ) );
#9062 = PCURVE('',#6418,#9063);
#9063 = DEFINITIONAL_REPRESENTATION('',(#9064),#9068);
#9064 = LINE('',#9065,#9066);
#9065 = CARTESIAN_POINT('',(-0.,-72.));
#9066 = VECTOR('',#9067,1.);
#9067 = DIRECTION('',(1.,-0.));
#9068 = ( GEOMETRIC_REPRESENTATION_CONTEXT(2) 
PARAMETRIC_REPRESENTATION_CONTEXT() REPRESENTATION_CONTEXT('2D SPACE',''
  ) );
#9069 = ADVANCED_FACE('',(#9070),#6218,.F.);
#9070 = FACE_BOUND('',#9071,.T.);
#9071 = EDGE_LOOP('',(#9072,#9073,#9074,#9097));
#9072 = ORIENTED_EDGE('',*,*,#6202,.F.);
#9073 = ORIENTED_EDGE('',*,*,#7900,.F.);
#9074 = ORIENTED_EDGE('',*,*,#9075,.T.);
#9075 = EDGE_CURVE('',#7901,#9076,#9078,.T.);
#9076 = VERTEX_POINT('',#9077);
#9077 = CARTESIAN_POINT('',(152.4,82.4,16.5));
#9078 = SURFACE_CURVE('',#9079,(#9083,#9090),.PCURVE_S1.);
#9079 = LINE('',#9080,#9081);
#9080 = CARTESIAN_POINT('',(192.2,82.4,16.5));
#9081 = VECTOR('',#9082,1.);
#9082 = DIRECTION('',(-1.,-0.,-0.));
#9083 = PCURVE('',#6218,#9084);
#9084 = DEFINITIONAL_REPRESENTATION('',(#9085),#9089);
#9085 = LINE('',#9086,#9087);
#9086 = CARTESIAN_POINT('',(-0.6,-3.8));
#9087 = VECTOR('',#9088,1.);
#9088 = DIRECTION('',(-0.,1.));
#9089 = ( GEOMETRIC_REPRESENTATION_CONTEXT(2) 
PARAMETRIC_REPRESENTATION_CONTEXT() REPRESENTATION_CONTEXT('2D SPACE',''
  ) );
#9090 = PCURVE('',#7961,#9091);
#9091 = DEFINITIONAL_REPRESENTATION('',(#9092),#9096);
#9092 = LINE('',#9093,#9094);
#9093 = CARTESIAN_POINT('',(-108.8,-3.8));
#9094 = VECTOR('',#9095,1.);
#9095 = DIRECTION('',(-0.,-1.));
#9096 = ( GEOMETRIC_REPRESENTATION_CONTEXT(2) 
PARAMETRIC_REPRESENTATION_CONTEXT() REPRESENTATION_CONTEXT('2D SPACE',''
  ) );
#9097 = ORIENTED_EDGE('',*,*,#9098,.T.);
#9098 = EDGE_CURVE('',#9076,#6175,#9099,.T.);
#9099 = SURFACE_CURVE('',#9100,(#9104,#9111),.PCURVE_S1.);
#9100 = LINE('',#9101,#9102);
#9101 = CARTESIAN_POINT('',(152.4,82.4,15.9));
#9102 = VECTOR('',#9103,1.);
#9103 = DIRECTION('',(-0.,0.,-1.));
#9104 = PCURVE('',#6218,#9105);
#9105 = DEFINITIONAL_REPRESENTATION('',(#9106),#9110);
#9106 = LINE('',#9107,#9108);
#9107 = CARTESIAN_POINT('',(-0.,36.));
#9108 = VECTOR('',#9109,1.);
#9109 = DIRECTION('',(1.,-0.));
#9110 = ( GEOMETRIC_REPRESENTATION_CONTEXT(2) 
PARAMETRIC_REPRESENTATION_CONTEXT() REPRESENTATION_CONTEXT('2D SPACE',''
  ) );
#9111 = PCURVE('',#6190,#9112);
#9112 = DEFINITIONAL_REPRESENTATION('',(#9113),#9117);
#9113 = LINE('',#9114,#9115);
#9114 = CARTESIAN_POINT('',(-0.,-72.8));
#9115 = VECTOR('',#9116,1.);
#9116 = DIRECTION('',(1.,-0.));
#9117 = ( GEOMETRIC_REPRESENTATION_CONTEXT(2) 
PARAMETRIC_REPRESENTATION_CONTEXT() REPRESENTATION_CONTEXT('2D SPACE',''
  ) );
#9118 = ADVANCED_FACE('',(#9119),#7961,.F.);
#9119 = FACE_BOUND('',#9120,.T.);
#9120 = EDGE_LOOP('',(#9121,#9122,#9123,#9146));
#9121 = ORIENTED_EDGE('',*,*,#9075,.F.);
#9122 = ORIENTED_EDGE('',*,*,#7947,.F.);
#9123 = ORIENTED_EDGE('',*,*,#9124,.T.);
#9124 = EDGE_CURVE('',#7925,#9125,#9127,.T.);
#9125 = VERTEX_POINT('',#9126);
#9126 = CARTESIAN_POINT('',(152.4,117.6,16.5));
#9127 = SURFACE_CURVE('',#9128,(#9132,#9139),.PCURVE_S1.);
#9128 = LINE('',#9129,#9130);
#9129 = CARTESIAN_POINT('',(192.2,117.6,16.5));
#9130 = VECTOR('',#9131,1.);
#9131 = DIRECTION('',(-1.,-0.,-0.));
#9132 = PCURVE('',#7961,#9133);
#9133 = DEFINITIONAL_REPRESENTATION('',(#9134),#9138);
#9134 = LINE('',#9135,#9136);
#9135 = CARTESIAN_POINT('',(-73.6,-3.8));
#9136 = VECTOR('',#9137,1.);
#9137 = DIRECTION('',(-0.,-1.));
#9138 = ( GEOMETRIC_REPRESENTATION_CONTEXT(2) 
PARAMETRIC_REPRESENTATION_CONTEXT() REPRESENTATION_CONTEXT('2D SPACE',''
  ) );
#9139 = PCURVE('',#6162,#9140);
#9140 = DEFINITIONAL_REPRESENTATION('',(#9141),#9145);
#9141 = LINE('',#9142,#9143);
#9142 = CARTESIAN_POINT('',(-0.6,-3.8));
#9143 = VECTOR('',#9144,1.);
#9144 = DIRECTION('',(-0.,1.));
#9145 = ( GEOMETRIC_REPRESENTATION_CONTEXT(2) 
PARAMETRIC_REPRESENTATION_CONTEXT() REPRESENTATION_CONTEXT('2D SPACE',''
  ) );
#9146 = ORIENTED_EDGE('',*,*,#9147,.T.);
#9147 = EDGE_CURVE('',#9125,#9076,#9148,.T.);
#9148 = SURFACE_CURVE('',#9149,(#9153,#9160),.PCURVE_S1.);
#9149 = LINE('',#9150,#9151);
#9150 = CARTESIAN_POINT('',(152.4,100.4,16.5));
#9151 = VECTOR('',#9152,1.);
#9152 = DIRECTION('',(-0.,-1.,-0.));
#9153 = PCURVE('',#7961,#9154);
#9154 = DEFINITIONAL_REPRESENTATION('',(#9155),#9159);
#9155 = LINE('',#9156,#9157);
#9156 = CARTESIAN_POINT('',(-90.8,-43.6));
#9157 = VECTOR('',#9158,1.);
#9158 = DIRECTION('',(-1.,0.));
#9159 = ( GEOMETRIC_REPRESENTATION_CONTEXT(2) 
PARAMETRIC_REPRESENTATION_CONTEXT() REPRESENTATION_CONTEXT('2D SPACE',''
  ) );
#9160 = PCURVE('',#6190,#9161);
#9161 = DEFINITIONAL_REPRESENTATION('',(#9162),#9166);
#9162 = LINE('',#9163,#9164);
#9163 = CARTESIAN_POINT('',(-0.6,-90.8));
#9164 = VECTOR('',#9165,1.);
#9165 = DIRECTION('',(-0.,1.));
#9166 = ( GEOMETRIC_REPRESENTATION_CONTEXT(2) 
PARAMETRIC_REPRESENTATION_CONTEXT() REPRESENTATION_CONTEXT('2D SPACE',''
  ) );
#9167 = ADVANCED_FACE('',(#9168),#6162,.T.);
#9168 = FACE_BOUND('',#9169,.F.);
#9169 = EDGE_LOOP('',(#9170,#9171,#9172,#9173));
#9170 = ORIENTED_EDGE('',*,*,#6144,.F.);
#9171 = ORIENTED_EDGE('',*,*,#7924,.F.);
#9172 = ORIENTED_EDGE('',*,*,#9124,.T.);
#9173 = ORIENTED_EDGE('',*,*,#9174,.T.);
#9174 = EDGE_CURVE('',#9125,#6147,#9175,.T.);
#9175 = SURFACE_CURVE('',#9176,(#9180,#9187),.PCURVE_S1.);
#9176 = LINE('',#9177,#9178);
#9177 = CARTESIAN_POINT('',(152.4,117.6,15.9));
#9178 = VECTOR('',#9179,1.);
#9179 = DIRECTION('',(-0.,0.,-1.));
#9180 = PCURVE('',#6162,#9181);
#9181 = DEFINITIONAL_REPRESENTATION('',(#9182),#9186);
#9182 = LINE('',#9183,#9184);
#9183 = CARTESIAN_POINT('',(-0.,36.));
#9184 = VECTOR('',#9185,1.);
#9185 = DIRECTION('',(1.,-0.));
#9186 = ( GEOMETRIC_REPRESENTATION_CONTEXT(2) 
PARAMETRIC_REPRESENTATION_CONTEXT() REPRESENTATION_CONTEXT('2D SPACE',''
  ) );
#9187 = PCURVE('',#6190,#9188);
#9188 = DEFINITIONAL_REPRESENTATION('',(#9189),#9193);
#9189 = LINE('',#9190,#9191);
#9190 = CARTESIAN_POINT('',(-0.,-108.));
#9191 = VECTOR('',#9192,1.);
#9192 = DIRECTION('',(1.,-0.));
#9193 = ( GEOMETRIC_REPRESENTATION_CONTEXT(2) 
PARAMETRIC_REPRESENTATION_CONTEXT() REPRESENTATION_CONTEXT('2D SPACE',''
  ) );
#9194 = ADVANCED_FACE('',(#9195),#5962,.F.);
#9195 = FACE_BOUND('',#9196,.T.);
#9196 = EDGE_LOOP('',(#9197,#9198,#9199,#9222));
#9197 = ORIENTED_EDGE('',*,*,#5946,.F.);
#9198 = ORIENTED_EDGE('',*,*,#7976,.F.);
#9199 = ORIENTED_EDGE('',*,*,#9200,.T.);
#9200 = EDGE_CURVE('',#7977,#9201,#9203,.T.);
#9201 = VERTEX_POINT('',#9202);
#9202 = CARTESIAN_POINT('',(152.4,118.4,16.5));
#9203 = SURFACE_CURVE('',#9204,(#9208,#9215),.PCURVE_S1.);
#9204 = LINE('',#9205,#9206);
#9205 = CARTESIAN_POINT('',(192.2,118.4,16.5));
#9206 = VECTOR('',#9207,1.);
#9207 = DIRECTION('',(-1.,-0.,-0.));
#9208 = PCURVE('',#5962,#9209);
#9209 = DEFINITIONAL_REPRESENTATION('',(#9210),#9214);
#9210 = LINE('',#9211,#9212);
#9211 = CARTESIAN_POINT('',(-0.6,-3.8));
#9212 = VECTOR('',#9213,1.);
#9213 = DIRECTION('',(-0.,1.));
#9214 = ( GEOMETRIC_REPRESENTATION_CONTEXT(2) 
PARAMETRIC_REPRESENTATION_CONTEXT() REPRESENTATION_CONTEXT('2D SPACE',''
  ) );
#9215 = PCURVE('',#8037,#9216);
#9216 = DEFINITIONAL_REPRESENTATION('',(#9217),#9221);
#9217 = LINE('',#9218,#9219);
#9218 = CARTESIAN_POINT('',(-72.8,-3.8));
#9219 = VECTOR('',#9220,1.);
#9220 = DIRECTION('',(-0.,-1.));
#9221 = ( GEOMETRIC_REPRESENTATION_CONTEXT(2) 
PARAMETRIC_REPRESENTATION_CONTEXT() REPRESENTATION_CONTEXT('2D SPACE',''
  ) );
#9222 = ORIENTED_EDGE('',*,*,#9223,.T.);
#9223 = EDGE_CURVE('',#9201,#5917,#9224,.T.);
#9224 = SURFACE_CURVE('',#9225,(#9229,#9236),.PCURVE_S1.);
#9225 = LINE('',#9226,#9227);
#9226 = CARTESIAN_POINT('',(152.4,118.4,15.9));
#9227 = VECTOR('',#9228,1.);
#9228 = DIRECTION('',(-0.,0.,-1.));
#9229 = PCURVE('',#5962,#9230);
#9230 = DEFINITIONAL_REPRESENTATION('',(#9231),#9235);
#9231 = LINE('',#9232,#9233);
#9232 = CARTESIAN_POINT('',(-0.,36.));
#9233 = VECTOR('',#9234,1.);
#9234 = DIRECTION('',(1.,-0.));
#9235 = ( GEOMETRIC_REPRESENTATION_CONTEXT(2) 
PARAMETRIC_REPRESENTATION_CONTEXT() REPRESENTATION_CONTEXT('2D SPACE',''
  ) );
#9236 = PCURVE('',#5934,#9237);
#9237 = DEFINITIONAL_REPRESENTATION('',(#9238),#9242);
#9238 = LINE('',#9239,#9240);
#9239 = CARTESIAN_POINT('',(-0.,-108.8));
#9240 = VECTOR('',#9241,1.);
#9241 = DIRECTION('',(1.,-0.));
#9242 = ( GEOMETRIC_REPRESENTATION_CONTEXT(2) 
PARAMETRIC_REPRESENTATION_CONTEXT() REPRESENTATION_CONTEXT('2D SPACE',''
  ) );
#9243 = ADVANCED_FACE('',(#9244),#8037,.F.);
#9244 = FACE_BOUND('',#9245,.T.);
#9245 = EDGE_LOOP('',(#9246,#9247,#9248,#9271));
#9246 = ORIENTED_EDGE('',*,*,#9200,.F.);
#9247 = ORIENTED_EDGE('',*,*,#8023,.F.);
#9248 = ORIENTED_EDGE('',*,*,#9249,.T.);
#9249 = EDGE_CURVE('',#8001,#9250,#9252,.T.);
#9250 = VERTEX_POINT('',#9251);
#9251 = CARTESIAN_POINT('',(152.4,153.6,16.5));
#9252 = SURFACE_CURVE('',#9253,(#9257,#9264),.PCURVE_S1.);
#9253 = LINE('',#9254,#9255);
#9254 = CARTESIAN_POINT('',(192.2,153.6,16.5));
#9255 = VECTOR('',#9256,1.);
#9256 = DIRECTION('',(-1.,-0.,-0.));
#9257 = PCURVE('',#8037,#9258);
#9258 = DEFINITIONAL_REPRESENTATION('',(#9259),#9263);
#9259 = LINE('',#9260,#9261);
#9260 = CARTESIAN_POINT('',(-37.6,-3.8));
#9261 = VECTOR('',#9262,1.);
#9262 = DIRECTION('',(-0.,-1.));
#9263 = ( GEOMETRIC_REPRESENTATION_CONTEXT(2) 
PARAMETRIC_REPRESENTATION_CONTEXT() REPRESENTATION_CONTEXT('2D SPACE',''
  ) );
#9264 = PCURVE('',#6016,#9265);
#9265 = DEFINITIONAL_REPRESENTATION('',(#9266),#9270);
#9266 = LINE('',#9267,#9268);
#9267 = CARTESIAN_POINT('',(-0.6,-3.8));
#9268 = VECTOR('',#9269,1.);
#9269 = DIRECTION('',(-0.,1.));
#9270 = ( GEOMETRIC_REPRESENTATION_CONTEXT(2) 
PARAMETRIC_REPRESENTATION_CONTEXT() REPRESENTATION_CONTEXT('2D SPACE',''
  ) );
#9271 = ORIENTED_EDGE('',*,*,#9272,.T.);
#9272 = EDGE_CURVE('',#9250,#9201,#9273,.T.);
#9273 = SURFACE_CURVE('',#9274,(#9278,#9285),.PCURVE_S1.);
#9274 = LINE('',#9275,#9276);
#9275 = CARTESIAN_POINT('',(152.4,100.4,16.5));
#9276 = VECTOR('',#9277,1.);
#9277 = DIRECTION('',(-0.,-1.,-0.));
#9278 = PCURVE('',#8037,#9279);
#9279 = DEFINITIONAL_REPRESENTATION('',(#9280),#9284);
#9280 = LINE('',#9281,#9282);
#9281 = CARTESIAN_POINT('',(-90.8,-43.6));
#9282 = VECTOR('',#9283,1.);
#9283 = DIRECTION('',(-1.,0.));
#9284 = ( GEOMETRIC_REPRESENTATION_CONTEXT(2) 
PARAMETRIC_REPRESENTATION_CONTEXT() REPRESENTATION_CONTEXT('2D SPACE',''
  ) );
#9285 = PCURVE('',#5934,#9286);
#9286 = DEFINITIONAL_REPRESENTATION('',(#9287),#9291);
#9287 = LINE('',#9288,#9289);
#9288 = CARTESIAN_POINT('',(-0.6,-90.8));
#9289 = VECTOR('',#9290,1.);
#9290 = DIRECTION('',(-0.,1.));
#9291 = ( GEOMETRIC_REPRESENTATION_CONTEXT(2) 
PARAMETRIC_REPRESENTATION_CONTEXT() REPRESENTATION_CONTEXT('2D SPACE',''
  ) );
#9292 = ADVANCED_FACE('',(#9293),#6016,.T.);
#9293 = FACE_BOUND('',#9294,.F.);
#9294 = EDGE_LOOP('',(#9295,#9296,#9297,#9298));
#9295 = ORIENTED_EDGE('',*,*,#6002,.F.);
#9296 = ORIENTED_EDGE('',*,*,#8000,.F.);
#9297 = ORIENTED_EDGE('',*,*,#9249,.T.);
#9298 = ORIENTED_EDGE('',*,*,#9299,.T.);
#9299 = EDGE_CURVE('',#9250,#5919,#9300,.T.);
#9300 = SURFACE_CURVE('',#9301,(#9305,#9312),.PCURVE_S1.);
#9301 = LINE('',#9302,#9303);
#9302 = CARTESIAN_POINT('',(152.4,153.6,15.9));
#9303 = VECTOR('',#9304,1.);
#9304 = DIRECTION('',(-0.,0.,-1.));
#9305 = PCURVE('',#6016,#9306);
#9306 = DEFINITIONAL_REPRESENTATION('',(#9307),#9311);
#9307 = LINE('',#9308,#9309);
#9308 = CARTESIAN_POINT('',(-0.,36.));
#9309 = VECTOR('',#9310,1.);
#9310 = DIRECTION('',(1.,-0.));
#9311 = ( GEOMETRIC_REPRESENTATION_CONTEXT(2) 
PARAMETRIC_REPRESENTATION_CONTEXT() REPRESENTATION_CONTEXT('2D SPACE',''
  ) );
#9312 = PCURVE('',#5934,#9313);
#9313 = DEFINITIONAL_REPRESENTATION('',(#9314),#9318);
#9314 = LINE('',#9315,#9316);
#9315 = CARTESIAN_POINT('',(-0.,-144.));
#9316 = VECTOR('',#9317,1.);
#9317 = DIRECTION('',(1.,-0.));
#9318 = ( GEOMETRIC_REPRESENTATION_CONTEXT(2) 
PARAMETRIC_REPRESENTATION_CONTEXT() REPRESENTATION_CONTEXT('2D SPACE',''
  ) );
#9319 = ADVANCED_FACE('',(#9320),#5876,.F.);
#9320 = FACE_BOUND('',#9321,.T.);
#9321 = EDGE_LOOP('',(#9322,#9323,#9324,#9347));
#9322 = ORIENTED_EDGE('',*,*,#5860,.F.);
#9323 = ORIENTED_EDGE('',*,*,#8104,.F.);
#9324 = ORIENTED_EDGE('',*,*,#9325,.T.);
#9325 = EDGE_CURVE('',#8077,#9326,#9328,.T.);
#9326 = VERTEX_POINT('',#9327);
#9327 = CARTESIAN_POINT('',(152.4,154.4,16.5));
#9328 = SURFACE_CURVE('',#9329,(#9333,#9340),.PCURVE_S1.);
#9329 = LINE('',#9330,#9331);
#9330 = CARTESIAN_POINT('',(192.2,154.4,16.5));
#9331 = VECTOR('',#9332,1.);
#9332 = DIRECTION('',(-1.,-0.,-0.));
#9333 = PCURVE('',#5876,#9334);
#9334 = DEFINITIONAL_REPRESENTATION('',(#9335),#9339);
#9335 = LINE('',#9336,#9337);
#9336 = CARTESIAN_POINT('',(-0.6,-3.8));
#9337 = VECTOR('',#9338,1.);
#9338 = DIRECTION('',(-0.,1.));
#9339 = ( GEOMETRIC_REPRESENTATION_CONTEXT(2) 
PARAMETRIC_REPRESENTATION_CONTEXT() REPRESENTATION_CONTEXT('2D SPACE',''
  ) );
#9340 = PCURVE('',#8092,#9341);
#9341 = DEFINITIONAL_REPRESENTATION('',(#9342),#9346);
#9342 = LINE('',#9343,#9344);
#9343 = CARTESIAN_POINT('',(-36.8,-3.8));
#9344 = VECTOR('',#9345,1.);
#9345 = DIRECTION('',(-0.,-1.));
#9346 = ( GEOMETRIC_REPRESENTATION_CONTEXT(2) 
PARAMETRIC_REPRESENTATION_CONTEXT() REPRESENTATION_CONTEXT('2D SPACE',''
  ) );
#9347 = ORIENTED_EDGE('',*,*,#9348,.T.);
#9348 = EDGE_CURVE('',#9326,#5833,#9349,.T.);
#9349 = SURFACE_CURVE('',#9350,(#9354,#9361),.PCURVE_S1.);
#9350 = LINE('',#9351,#9352);
#9351 = CARTESIAN_POINT('',(152.4,154.4,15.9));
#9352 = VECTOR('',#9353,1.);
#9353 = DIRECTION('',(-0.,0.,-1.));
#9354 = PCURVE('',#5876,#9355);
#9355 = DEFINITIONAL_REPRESENTATION('',(#9356),#9360);
#9356 = LINE('',#9357,#9358);
#9357 = CARTESIAN_POINT('',(-0.,36.));
#9358 = VECTOR('',#9359,1.);
#9359 = DIRECTION('',(1.,-0.));
#9360 = ( GEOMETRIC_REPRESENTATION_CONTEXT(2) 
PARAMETRIC_REPRESENTATION_CONTEXT() REPRESENTATION_CONTEXT('2D SPACE',''
  ) );
#9361 = PCURVE('',#5848,#9362);
#9362 = DEFINITIONAL_REPRESENTATION('',(#9363),#9367);
#9363 = LINE('',#9364,#9365);
#9364 = CARTESIAN_POINT('',(-0.,-144.8));
#9365 = VECTOR('',#9366,1.);
#9366 = DIRECTION('',(1.,-0.));
#9367 = ( GEOMETRIC_REPRESENTATION_CONTEXT(2) 
PARAMETRIC_REPRESENTATION_CONTEXT() REPRESENTATION_CONTEXT('2D SPACE',''
  ) );
#9368 = ADVANCED_FACE('',(#9369),#8092,.F.);
#9369 = FACE_BOUND('',#9370,.T.);
#9370 = EDGE_LOOP('',(#9371,#9372,#9373,#9374));
#9371 = ORIENTED_EDGE('',*,*,#9325,.F.);
#9372 = ORIENTED_EDGE('',*,*,#8076,.F.);
#9373 = ORIENTED_EDGE('',*,*,#8130,.T.);
#9374 = ORIENTED_EDGE('',*,*,#9375,.T.);
#9375 = EDGE_CURVE('',#8131,#9326,#9376,.T.);
#9376 = SURFACE_CURVE('',#9377,(#9381,#9388),.PCURVE_S1.);
#9377 = LINE('',#9378,#9379);
#9378 = CARTESIAN_POINT('',(152.4,100.4,16.5));
#9379 = VECTOR('',#9380,1.);
#9380 = DIRECTION('',(-0.,-1.,-0.));
#9381 = PCURVE('',#8092,#9382);
#9382 = DEFINITIONAL_REPRESENTATION('',(#9383),#9387);
#9383 = LINE('',#9384,#9385);
#9384 = CARTESIAN_POINT('',(-90.8,-43.6));
#9385 = VECTOR('',#9386,1.);
#9386 = DIRECTION('',(-1.,0.));
#9387 = ( GEOMETRIC_REPRESENTATION_CONTEXT(2) 
PARAMETRIC_REPRESENTATION_CONTEXT() REPRESENTATION_CONTEXT('2D SPACE',''
  ) );
#9388 = PCURVE('',#5848,#9389);
#9389 = DEFINITIONAL_REPRESENTATION('',(#9390),#9394);
#9390 = LINE('',#9391,#9392);
#9391 = CARTESIAN_POINT('',(-0.6,-90.8));
#9392 = VECTOR('',#9393,1.);
#9393 = DIRECTION('',(-0.,1.));
#9394 = ( GEOMETRIC_REPRESENTATION_CONTEXT(2) 
PARAMETRIC_REPRESENTATION_CONTEXT() REPRESENTATION_CONTEXT('2D SPACE',''
  ) );
#9395 = ADVANCED_FACE('',(#9396),#5848,.T.);
#9396 = FACE_BOUND('',#9397,.F.);
#9397 = EDGE_LOOP('',(#9398,#9399,#9400,#9401));
#9398 = ORIENTED_EDGE('',*,*,#5832,.T.);
#9399 = ORIENTED_EDGE('',*,*,#8153,.F.);
#9400 = ORIENTED_EDGE('',*,*,#9375,.T.);
#9401 = ORIENTED_EDGE('',*,*,#9348,.T.);
#9402 = ADVANCED_FACE('',(#9403),#8321,.F.);
#9403 = FACE_BOUND('',#9404,.T.);
#9404 = EDGE_LOOP('',(#9405,#9406,#9427,#9428));
#9405 = ORIENTED_EDGE('',*,*,#8360,.F.);
#9406 = ORIENTED_EDGE('',*,*,#9407,.F.);
#9407 = EDGE_CURVE('',#8561,#8338,#9408,.T.);
#9408 = SURFACE_CURVE('',#9409,(#9413,#9420),.PCURVE_S1.);
#9409 = LINE('',#9410,#9411);
#9410 = CARTESIAN_POINT('',(151.6,100.4,16.5));
#9411 = VECTOR('',#9412,1.);
#9412 = DIRECTION('',(-0.,-1.,-0.));
#9413 = PCURVE('',#8321,#9414);
#9414 = DEFINITIONAL_REPRESENTATION('',(#9415),#9419);
#9415 = LINE('',#9416,#9417);
#9416 = CARTESIAN_POINT('',(-90.8,-44.4));
#9417 = VECTOR('',#9418,1.);
#9418 = DIRECTION('',(-1.,0.));
#9419 = ( GEOMETRIC_REPRESENTATION_CONTEXT(2) 
PARAMETRIC_REPRESENTATION_CONTEXT() REPRESENTATION_CONTEXT('2D SPACE',''
  ) );
#9420 = PCURVE('',#6358,#9421);
#9421 = DEFINITIONAL_REPRESENTATION('',(#9422),#9426);
#9422 = LINE('',#9423,#9424);
#9423 = CARTESIAN_POINT('',(-0.6,-90.8));
#9424 = VECTOR('',#9425,1.);
#9425 = DIRECTION('',(-0.,1.));
#9426 = ( GEOMETRIC_REPRESENTATION_CONTEXT(2) 
PARAMETRIC_REPRESENTATION_CONTEXT() REPRESENTATION_CONTEXT('2D SPACE',''
  ) );
#9427 = ORIENTED_EDGE('',*,*,#8583,.T.);
#9428 = ORIENTED_EDGE('',*,*,#8307,.T.);
#9429 = ADVANCED_FACE('',(#9430),#6358,.F.);
#9430 = FACE_BOUND('',#9431,.T.);
#9431 = EDGE_LOOP('',(#9432,#9433,#9434,#9435));
#9432 = ORIENTED_EDGE('',*,*,#8337,.T.);
#9433 = ORIENTED_EDGE('',*,*,#6344,.T.);
#9434 = ORIENTED_EDGE('',*,*,#8560,.F.);
#9435 = ORIENTED_EDGE('',*,*,#9407,.T.);
#9436 = ADVANCED_FACE('',(#9437),#8495,.F.);
#9437 = FACE_BOUND('',#9438,.T.);
#9438 = EDGE_LOOP('',(#9439,#9440,#9461,#9462));
#9439 = ORIENTED_EDGE('',*,*,#8534,.F.);
#9440 = ORIENTED_EDGE('',*,*,#9441,.F.);
#9441 = EDGE_CURVE('',#8735,#8512,#9442,.T.);
#9442 = SURFACE_CURVE('',#9443,(#9447,#9454),.PCURVE_S1.);
#9443 = LINE('',#9444,#9445);
#9444 = CARTESIAN_POINT('',(151.6,100.4,16.5));
#9445 = VECTOR('',#9446,1.);
#9446 = DIRECTION('',(-0.,-1.,-0.));
#9447 = PCURVE('',#8495,#9448);
#9448 = DEFINITIONAL_REPRESENTATION('',(#9449),#9453);
#9449 = LINE('',#9450,#9451);
#9450 = CARTESIAN_POINT('',(-90.8,-44.4));
#9451 = VECTOR('',#9452,1.);
#9452 = DIRECTION('',(-1.,0.));
#9453 = ( GEOMETRIC_REPRESENTATION_CONTEXT(2) 
PARAMETRIC_REPRESENTATION_CONTEXT() REPRESENTATION_CONTEXT('2D SPACE',''
  ) );
#9454 = PCURVE('',#6130,#9455);
#9455 = DEFINITIONAL_REPRESENTATION('',(#9456),#9460);
#9456 = LINE('',#9457,#9458);
#9457 = CARTESIAN_POINT('',(-0.6,-90.8));
#9458 = VECTOR('',#9459,1.);
#9459 = DIRECTION('',(-0.,1.));
#9460 = ( GEOMETRIC_REPRESENTATION_CONTEXT(2) 
PARAMETRIC_REPRESENTATION_CONTEXT() REPRESENTATION_CONTEXT('2D SPACE',''
  ) );
#9461 = ORIENTED_EDGE('',*,*,#8757,.T.);
#9462 = ORIENTED_EDGE('',*,*,#8481,.T.);
#9463 = ADVANCED_FACE('',(#9464),#6130,.F.);
#9464 = FACE_BOUND('',#9465,.T.);
#9465 = EDGE_LOOP('',(#9466,#9467,#9468,#9469));
#9466 = ORIENTED_EDGE('',*,*,#8511,.T.);
#9467 = ORIENTED_EDGE('',*,*,#6116,.T.);
#9468 = ORIENTED_EDGE('',*,*,#8734,.F.);
#9469 = ORIENTED_EDGE('',*,*,#9441,.T.);
#9470 = ADVANCED_FACE('',(#9471),#8669,.F.);
#9471 = FACE_BOUND('',#9472,.T.);
#9472 = EDGE_LOOP('',(#9473,#9474,#9495,#9496));
#9473 = ORIENTED_EDGE('',*,*,#8708,.F.);
#9474 = ORIENTED_EDGE('',*,*,#9475,.F.);
#9475 = EDGE_CURVE('',#8784,#8686,#9476,.T.);
#9476 = SURFACE_CURVE('',#9477,(#9481,#9488),.PCURVE_S1.);
#9477 = LINE('',#9478,#9479);
#9478 = CARTESIAN_POINT('',(151.6,100.4,16.5));
#9479 = VECTOR('',#9480,1.);
#9480 = DIRECTION('',(-0.,-1.,-0.));
#9481 = PCURVE('',#8669,#9482);
#9482 = DEFINITIONAL_REPRESENTATION('',(#9483),#9487);
#9483 = LINE('',#9484,#9485);
#9484 = CARTESIAN_POINT('',(-90.8,-44.4));
#9485 = VECTOR('',#9486,1.);
#9486 = DIRECTION('',(-1.,0.));
#9487 = ( GEOMETRIC_REPRESENTATION_CONTEXT(2) 
PARAMETRIC_REPRESENTATION_CONTEXT() REPRESENTATION_CONTEXT('2D SPACE',''
  ) );
#9488 = PCURVE('',#5788,#9489);
#9489 = DEFINITIONAL_REPRESENTATION('',(#9490),#9494);
#9490 = LINE('',#9491,#9492);
#9491 = CARTESIAN_POINT('',(-0.6,-90.8));
#9492 = VECTOR('',#9493,1.);
#9493 = DIRECTION('',(-0.,1.));
#9494 = ( GEOMETRIC_REPRESENTATION_CONTEXT(2) 
PARAMETRIC_REPRESENTATION_CONTEXT() REPRESENTATION_CONTEXT('2D SPACE',''
  ) );
#9495 = ORIENTED_EDGE('',*,*,#8806,.T.);
#9496 = ORIENTED_EDGE('',*,*,#8655,.T.);
#9497 = ADVANCED_FACE('',(#9498),#5788,.F.);
#9498 = FACE_BOUND('',#9499,.T.);
#9499 = EDGE_LOOP('',(#9500,#9501,#9502,#9503));
#9500 = ORIENTED_EDGE('',*,*,#8685,.T.);
#9501 = ORIENTED_EDGE('',*,*,#5774,.T.);
#9502 = ORIENTED_EDGE('',*,*,#8783,.F.);
#9503 = ORIENTED_EDGE('',*,*,#9475,.T.);
#9504 = ADVANCED_FACE('',(#9505),#6418,.T.);
#9505 = FACE_BOUND('',#9506,.F.);
#9506 = EDGE_LOOP('',(#9507,#9508,#9509,#9510));
#9507 = ORIENTED_EDGE('',*,*,#8973,.T.);
#9508 = ORIENTED_EDGE('',*,*,#6402,.T.);
#9509 = ORIENTED_EDGE('',*,*,#9049,.F.);
#9510 = ORIENTED_EDGE('',*,*,#9022,.T.);
#9511 = ADVANCED_FACE('',(#9512),#6190,.T.);
#9512 = FACE_BOUND('',#9513,.F.);
#9513 = EDGE_LOOP('',(#9514,#9515,#9516,#9517));
#9514 = ORIENTED_EDGE('',*,*,#9098,.T.);
#9515 = ORIENTED_EDGE('',*,*,#6174,.T.);
#9516 = ORIENTED_EDGE('',*,*,#9174,.F.);
#9517 = ORIENTED_EDGE('',*,*,#9147,.T.);
#9518 = ADVANCED_FACE('',(#9519),#5934,.T.);
#9519 = FACE_BOUND('',#9520,.F.);
#9520 = EDGE_LOOP('',(#9521,#9522,#9523,#9524));
#9521 = ORIENTED_EDGE('',*,*,#9223,.T.);
#9522 = ORIENTED_EDGE('',*,*,#5916,.T.);
#9523 = ORIENTED_EDGE('',*,*,#9299,.F.);
#9524 = ORIENTED_EDGE('',*,*,#9272,.T.);
#9525 = ( GEOMETRIC_REPRESENTATION_CONTEXT(3) 
GLOBAL_UNCERTAINTY_ASSIGNED_CONTEXT((#9529)) 
GLOBAL_UNIT_ASSIGNED_CONTEXT((#9526,#9527,#9528)) REPRESENTATION_CONTEXT
('Context #1','3D Context with UNIT and UNCERTAINTY') );
#9526 = ( LENGTH_UNIT() NAMED_UNIT(*) SI_UNIT(.MILLI.,.METRE.) );
#9527 = ( NAMED_UNIT(*) PLANE_ANGLE_UNIT() SI_UNIT($,.RADIAN.) );
#9528 = ( NAMED_UNIT(*) SI_UNIT($,.STERADIAN.) SOLID_ANGLE_UNIT() );
#9529 = UNCERTAINTY_MEASURE_WITH_UNIT(LENGTH_MEASURE(1.E-07),#9526,
  'distance_accuracy_value','confusion accuracy');
#9530 = PRODUCT_RELATED_PRODUCT_CATEGORY('part',$,(#7));
ENDSEC;
END-ISO-10303-21;
