ISO-10303-21;
HEADER;
FILE_DESCRIPTION(('Open CASCADE Model'),'2;1');
FILE_NAME('Open CASCADE Shape Model','2026-10-07T16:45:21',('Author'),(
    'Open CASCADE'),'Open CASCADE STEP processor 7.8','Open CASCADE 7.8'
  ,'Unknown');
FILE_SCHEMA(('AUTOMOTIVE_DESIGN { 1 0 10303 214 1 1 1 1 }'));
ENDSEC;
DATA;
#1 = APPLICATION_PROTOCOL_DEFINITION('international standard',
  'automotive_design',2000,#2);
#2 = APPLICATION_CONTEXT(
  'core data for automotive mechanical design processes');
#3 = SHAPE_DEFINITION_REPRESENTATION(#4,#10);
#4 = PRODUCT_DEFINITION_SHAPE('','',#5);
#5 = PRODUCT_DEFINITION('design','',#6,#9);
#6 = PRODUCT_DEFINITION_FORMATION('','',#7);
#7 = PRODUCT('Open CASCADE STEP translator 7.8 3',
  'Open CASCADE STEP translator 7.8 3','',(#8));
#8 = PRODUCT_CONTEXT('',#2,'mechanical');
#9 = PRODUCT_DEFINITION_CONTEXT('part definition',#2,'design');
#10 = SHAPE_REPRESENTATION('',(#11,#15,#19,#23),#27);
#11 = AXIS2_PLACEMENT_3D('',#12,#13,#14);
#12 = CARTESIAN_POINT('',(0.,0.,0.));
#13 = DIRECTION('',(0.,0.,1.));
#14 = DIRECTION('',(1.,0.,-0.));
#15 = AXIS2_PLACEMENT_3D('',#16,#17,#18);
#16 = CARTESIAN_POINT('',(0.,0.,0.));
#17 = DIRECTION('',(0.,0.,1.));
#18 = DIRECTION('',(1.,0.,-0.));
#19 = AXIS2_PLACEMENT_3D('',#20,#21,#22);
#20 = CARTESIAN_POINT('',(0.,0.,0.));
#21 = DIRECTION('',(0.,0.,1.));
#22 = DIRECTION('',(1.,0.,-0.));
#23 = AXIS2_PLACEMENT_3D('',#24,#25,#26);
#24 = CARTESIAN_POINT('',(0.,0.,0.));
#25 = DIRECTION('',(0.,0.,1.));
#26 = DIRECTION('',(1.,0.,-0.));
#27 = ( GEOMETRIC_REPRESENTATION_CONTEXT(3) 
GLOBAL_UNCERTAINTY_ASSIGNED_CONTEXT((#31)) GLOBAL_UNIT_ASSIGNED_CONTEXT(
(#28,#29,#30)) REPRESENTATION_CONTEXT('Context #1',
  '3D Context with UNIT and UNCERTAINTY') );
#28 = ( LENGTH_UNIT() NAMED_UNIT(*) SI_UNIT(.MILLI.,.METRE.) );
#29 = ( NAMED_UNIT(*) PLANE_ANGLE_UNIT() SI_UNIT($,.RADIAN.) );
#30 = ( NAMED_UNIT(*) SI_UNIT($,.STERADIAN.) SOLID_ANGLE_UNIT() );
#31 = UNCERTAINTY_MEASURE_WITH_UNIT(LENGTH_MEASURE(1.E-06),#28,
  'distance_accuracy_value','confusion accuracy');
#32 = PRODUCT_RELATED_PRODUCT_CATEGORY('part',$,(#7));
#33 = SHAPE_DEFINITION_REPRESENTATION(#34,#40);
#34 = PRODUCT_DEFINITION_SHAPE('','',#35);
#35 = PRODUCT_DEFINITION('design','',#36,#39);
#36 = PRODUCT_DEFINITION_FORMATION('','',#37);
#37 = PRODUCT('Open CASCADE STEP translator 7.8 3.1',
  'Open CASCADE STEP translator 7.8 3.1','',(#38));
#38 = PRODUCT_CONTEXT('',#2,'mechanical');
#39 = PRODUCT_DEFINITION_CONTEXT('part definition',#2,'design');
#40 = ADVANCED_BREP_SHAPE_REPRESENTATION('',(#11,#41),#8157);
#41 = MANIFOLD_SOLID_BREP('',#42);
#42 = CLOSED_SHELL('',(#43,#218,#377,#423,#2527,#2576,#2935,#3136,#3185,
    #3289,#3296,#3323,#3373,#3444,#3614,#3639,#3686,#3713,#3847,#3923,
    #3972,#4021,#4070,#4119,#4168,#4217,#4266,#4315,#4364,#4413,#4462,
    #4511,#4560,#4609,#4658,#4707,#4756,#4805,#4854,#4903,#4952,#5001,
    #5050,#5099,#5148,#5197,#5246,#5295,#5344,#5393,#5442,#5491,#5540,
    #5567,#5643,#5692,#5741,#5790,#5839,#5888,#5937,#5986,#6013,#6259,
    #6362,#6525,#6572,#6775,#6851,#6989,#7016,#7186,#7235,#7264,#7272,
    #7299,#7370,#7398,#7453,#7481,#7531,#7569,#7581,#7607,#7657,#7682,
    #7773,#7821,#7828,#7883,#7911,#7918,#7944,#7951,#8001,#8070,#8077,
    #8084,#8110,#8137,#8143,#8150));
#43 = ADVANCED_FACE('',(#44),#58,.F.);
#44 = FACE_BOUND('',#45,.F.);
#45 = EDGE_LOOP('',(#46,#81,#108,#136,#164,#192));
#46 = ORIENTED_EDGE('',*,*,#47,.T.);
#47 = EDGE_CURVE('',#48,#50,#52,.T.);
#48 = VERTEX_POINT('',#49);
#49 = CARTESIAN_POINT('',(76.,-5.551115123126E-17,16.2));
#50 = VERTEX_POINT('',#51);
#51 = CARTESIAN_POINT('',(90.1,-1.110223024625E-16,16.2));
#52 = SURFACE_CURVE('',#53,(#57,#69),.PCURVE_S1.);
#53 = LINE('',#54,#55);
#54 = CARTESIAN_POINT('',(3.,-1.110223024625E-16,16.2));
#55 = VECTOR('',#56,1.);
#56 = DIRECTION('',(1.,0.,-0.));
#57 = PCURVE('',#58,#63);
#58 = PLANE('',#59);
#59 = AXIS2_PLACEMENT_3D('',#60,#61,#62);
#60 = CARTESIAN_POINT('',(0.,0.,0.));
#61 = DIRECTION('',(-0.,1.,0.));
#62 = DIRECTION('',(0.,0.,1.));
#63 = DEFINITIONAL_REPRESENTATION('',(#64),#68);
#64 = LINE('',#65,#66);
#65 = CARTESIAN_POINT('',(16.2,3.));
#66 = VECTOR('',#67,1.);
#67 = DIRECTION('',(0.,1.));
#68 = ( GEOMETRIC_REPRESENTATION_CONTEXT(2) 
PARAMETRIC_REPRESENTATION_CONTEXT() REPRESENTATION_CONTEXT('2D SPACE',''
  ) );
#69 = PCURVE('',#70,#75);
#70 = CYLINDRICAL_SURFACE('',#71,0.8);
#71 = AXIS2_PLACEMENT_3D('',#72,#73,#74);
#72 = CARTESIAN_POINT('',(3.,0.8,16.2));
#73 = DIRECTION('',(1.,0.,-0.));
#74 = DIRECTION('',(0.,0.,1.));
#75 = DEFINITIONAL_REPRESENTATION('',(#76),#80);
#76 = LINE('',#77,#78);
#77 = CARTESIAN_POINT('',(1.570796326795,0.));
#78 = VECTOR('',#79,1.);
#79 = DIRECTION('',(0.,1.));
#80 = ( GEOMETRIC_REPRESENTATION_CONTEXT(2) 
PARAMETRIC_REPRESENTATION_CONTEXT() REPRESENTATION_CONTEXT('2D SPACE',''
  ) );
#81 = ORIENTED_EDGE('',*,*,#82,.T.);
#82 = EDGE_CURVE('',#50,#83,#85,.T.);
#83 = VERTEX_POINT('',#84);
#84 = CARTESIAN_POINT('',(90.1,0.,2.2));
#85 = SURFACE_CURVE('',#86,(#90,#97),.PCURVE_S1.);
#86 = LINE('',#87,#88);
#87 = CARTESIAN_POINT('',(90.1,0.,-0.5));
#88 = VECTOR('',#89,1.);
#89 = DIRECTION('',(-0.,0.,-1.));
#90 = PCURVE('',#58,#91);
#91 = DEFINITIONAL_REPRESENTATION('',(#92),#96);
#92 = LINE('',#93,#94);
#93 = CARTESIAN_POINT('',(-0.5,90.1));
#94 = VECTOR('',#95,1.);
#95 = DIRECTION('',(-1.,0.));
#96 = ( GEOMETRIC_REPRESENTATION_CONTEXT(2) 
PARAMETRIC_REPRESENTATION_CONTEXT() REPRESENTATION_CONTEXT('2D SPACE',''
  ) );
#97 = PCURVE('',#98,#103);
#98 = PLANE('',#99);
#99 = AXIS2_PLACEMENT_3D('',#100,#101,#102);
#100 = CARTESIAN_POINT('',(90.1,-0.1,-1.));
#101 = DIRECTION('',(1.,0.,-0.));
#102 = DIRECTION('',(0.,0.,1.));
#103 = DEFINITIONAL_REPRESENTATION('',(#104),#107);
#104 = B_SPLINE_CURVE_WITH_KNOTS('',1,(#105,#106),.UNSPECIFIED.,.F.,.F.,
  (2,2),(-16.7,-1.3),.PIECEWISE_BEZIER_KNOTS.);
#105 = CARTESIAN_POINT('',(17.2,-0.1));
#106 = CARTESIAN_POINT('',(1.8,-0.1));
#107 = ( GEOMETRIC_REPRESENTATION_CONTEXT(2) 
PARAMETRIC_REPRESENTATION_CONTEXT() REPRESENTATION_CONTEXT('2D SPACE',''
  ) );
#108 = ORIENTED_EDGE('',*,*,#109,.T.);
#109 = EDGE_CURVE('',#83,#110,#112,.T.);
#110 = VERTEX_POINT('',#111);
#111 = CARTESIAN_POINT('',(90.2,0.,2.2));
#112 = SURFACE_CURVE('',#113,(#117,#124),.PCURVE_S1.);
#113 = LINE('',#114,#115);
#114 = CARTESIAN_POINT('',(76.,0.,2.2));
#115 = VECTOR('',#116,1.);
#116 = DIRECTION('',(1.,0.,-0.));
#117 = PCURVE('',#58,#118);
#118 = DEFINITIONAL_REPRESENTATION('',(#119),#123);
#119 = LINE('',#120,#121);
#120 = CARTESIAN_POINT('',(2.2,76.));
#121 = VECTOR('',#122,1.);
#122 = DIRECTION('',(0.,1.));
#123 = ( GEOMETRIC_REPRESENTATION_CONTEXT(2) 
PARAMETRIC_REPRESENTATION_CONTEXT() REPRESENTATION_CONTEXT('2D SPACE',''
  ) );
#124 = PCURVE('',#125,#130);
#125 = PLANE('',#126);
#126 = AXIS2_PLACEMENT_3D('',#127,#128,#129);
#127 = CARTESIAN_POINT('',(76.,0.,2.2));
#128 = DIRECTION('',(0.,0.,1.));
#129 = DIRECTION('',(1.,0.,-0.));
#130 = DEFINITIONAL_REPRESENTATION('',(#131),#135);
#131 = LINE('',#132,#133);
#132 = CARTESIAN_POINT('',(0.,0.));
#133 = VECTOR('',#134,1.);
#134 = DIRECTION('',(1.,0.));
#135 = ( GEOMETRIC_REPRESENTATION_CONTEXT(2) 
PARAMETRIC_REPRESENTATION_CONTEXT() REPRESENTATION_CONTEXT('2D SPACE',''
  ) );
#136 = ORIENTED_EDGE('',*,*,#137,.F.);
#137 = EDGE_CURVE('',#138,#110,#140,.T.);
#138 = VERTEX_POINT('',#139);
#139 = CARTESIAN_POINT('',(90.2,0.,0.));
#140 = SURFACE_CURVE('',#141,(#145,#152),.PCURVE_S1.);
#141 = LINE('',#142,#143);
#142 = CARTESIAN_POINT('',(90.2,0.,0.));
#143 = VECTOR('',#144,1.);
#144 = DIRECTION('',(0.,0.,1.));
#145 = PCURVE('',#58,#146);
#146 = DEFINITIONAL_REPRESENTATION('',(#147),#151);
#147 = LINE('',#148,#149);
#148 = CARTESIAN_POINT('',(0.,90.2));
#149 = VECTOR('',#150,1.);
#150 = DIRECTION('',(1.,0.));
#151 = ( GEOMETRIC_REPRESENTATION_CONTEXT(2) 
PARAMETRIC_REPRESENTATION_CONTEXT() REPRESENTATION_CONTEXT('2D SPACE',''
  ) );
#152 = PCURVE('',#153,#158);
#153 = PLANE('',#154);
#154 = AXIS2_PLACEMENT_3D('',#155,#156,#157);
#155 = CARTESIAN_POINT('',(90.2,0.,0.));
#156 = DIRECTION('',(1.,0.,-0.));
#157 = DIRECTION('',(0.,0.,1.));
#158 = DEFINITIONAL_REPRESENTATION('',(#159),#163);
#159 = LINE('',#160,#161);
#160 = CARTESIAN_POINT('',(0.,0.));
#161 = VECTOR('',#162,1.);
#162 = DIRECTION('',(1.,0.));
#163 = ( GEOMETRIC_REPRESENTATION_CONTEXT(2) 
PARAMETRIC_REPRESENTATION_CONTEXT() REPRESENTATION_CONTEXT('2D SPACE',''
  ) );
#164 = ORIENTED_EDGE('',*,*,#165,.F.);
#165 = EDGE_CURVE('',#166,#138,#168,.T.);
#166 = VERTEX_POINT('',#167);
#167 = CARTESIAN_POINT('',(76.,0.,0.));
#168 = SURFACE_CURVE('',#169,(#173,#180),.PCURVE_S1.);
#169 = LINE('',#170,#171);
#170 = CARTESIAN_POINT('',(76.,0.,0.));
#171 = VECTOR('',#172,1.);
#172 = DIRECTION('',(1.,0.,-0.));
#173 = PCURVE('',#58,#174);
#174 = DEFINITIONAL_REPRESENTATION('',(#175),#179);
#175 = LINE('',#176,#177);
#176 = CARTESIAN_POINT('',(0.,76.));
#177 = VECTOR('',#178,1.);
#178 = DIRECTION('',(0.,1.));
#179 = ( GEOMETRIC_REPRESENTATION_CONTEXT(2) 
PARAMETRIC_REPRESENTATION_CONTEXT() REPRESENTATION_CONTEXT('2D SPACE',''
  ) );
#180 = PCURVE('',#181,#186);
#181 = PLANE('',#182);
#182 = AXIS2_PLACEMENT_3D('',#183,#184,#185);
#183 = CARTESIAN_POINT('',(0.,0.,0.));
#184 = DIRECTION('',(0.,0.,1.));
#185 = DIRECTION('',(1.,0.,-0.));
#186 = DEFINITIONAL_REPRESENTATION('',(#187),#191);
#187 = LINE('',#188,#189);
#188 = CARTESIAN_POINT('',(76.,0.));
#189 = VECTOR('',#190,1.);
#190 = DIRECTION('',(1.,0.));
#191 = ( GEOMETRIC_REPRESENTATION_CONTEXT(2) 
PARAMETRIC_REPRESENTATION_CONTEXT() REPRESENTATION_CONTEXT('2D SPACE',''
  ) );
#192 = ORIENTED_EDGE('',*,*,#193,.F.);
#193 = EDGE_CURVE('',#48,#166,#194,.T.);
#194 = SURFACE_CURVE('',#195,(#199,#206),.PCURVE_S1.);
#195 = LINE('',#196,#197);
#196 = CARTESIAN_POINT('',(76.,-5.551115123126E-17,16.2));
#197 = VECTOR('',#198,1.);
#198 = DIRECTION('',(0.,3.426614273534E-18,-1.));
#199 = PCURVE('',#58,#200);
#200 = DEFINITIONAL_REPRESENTATION('',(#201),#205);
#201 = LINE('',#202,#203);
#202 = CARTESIAN_POINT('',(16.2,76.));
#203 = VECTOR('',#204,1.);
#204 = DIRECTION('',(-1.,0.));
#205 = ( GEOMETRIC_REPRESENTATION_CONTEXT(2) 
PARAMETRIC_REPRESENTATION_CONTEXT() REPRESENTATION_CONTEXT('2D SPACE',''
  ) );
#206 = PCURVE('',#207,#212);
#207 = PLANE('',#208);
#208 = AXIS2_PLACEMENT_3D('',#209,#210,#211);
#209 = CARTESIAN_POINT('',(76.,0.,-0.1));
#210 = DIRECTION('',(1.,0.,-0.));
#211 = DIRECTION('',(0.,0.,1.));
#212 = DEFINITIONAL_REPRESENTATION('',(#213),#217);
#213 = LINE('',#214,#215);
#214 = CARTESIAN_POINT('',(16.3,5.551115123126E-17));
#215 = VECTOR('',#216,1.);
#216 = DIRECTION('',(-1.,-3.426614273534E-18));
#217 = ( GEOMETRIC_REPRESENTATION_CONTEXT(2) 
PARAMETRIC_REPRESENTATION_CONTEXT() REPRESENTATION_CONTEXT('2D SPACE',''
  ) );
#218 = ADVANCED_FACE('',(#219),#70,.T.);
#219 = FACE_BOUND('',#220,.T.);
#220 = EDGE_LOOP('',(#221,#251,#273,#274,#298,#324));
#221 = ORIENTED_EDGE('',*,*,#222,.F.);
#222 = EDGE_CURVE('',#223,#225,#227,.T.);
#223 = VERTEX_POINT('',#224);
#224 = CARTESIAN_POINT('',(76.,0.8,17.));
#225 = VERTEX_POINT('',#226);
#226 = CARTESIAN_POINT('',(78.314467412224,0.8,17.));
#227 = SURFACE_CURVE('',#228,(#232,#239),.PCURVE_S1.);
#228 = LINE('',#229,#230);
#229 = CARTESIAN_POINT('',(3.,0.8,17.));
#230 = VECTOR('',#231,1.);
#231 = DIRECTION('',(1.,0.,-0.));
#232 = PCURVE('',#70,#233);
#233 = DEFINITIONAL_REPRESENTATION('',(#234),#238);
#234 = LINE('',#235,#236);
#235 = CARTESIAN_POINT('',(0.,0.));
#236 = VECTOR('',#237,1.);
#237 = DIRECTION('',(0.,1.));
#238 = ( GEOMETRIC_REPRESENTATION_CONTEXT(2) 
PARAMETRIC_REPRESENTATION_CONTEXT() REPRESENTATION_CONTEXT('2D SPACE',''
  ) );
#239 = PCURVE('',#240,#245);
#240 = PLANE('',#241);
#241 = AXIS2_PLACEMENT_3D('',#242,#243,#244);
#242 = CARTESIAN_POINT('',(0.,0.,17.));
#243 = DIRECTION('',(0.,0.,1.));
#244 = DIRECTION('',(1.,0.,-0.));
#245 = DEFINITIONAL_REPRESENTATION('',(#246),#250);
#246 = LINE('',#247,#248);
#247 = CARTESIAN_POINT('',(3.,0.8));
#248 = VECTOR('',#249,1.);
#249 = DIRECTION('',(1.,0.));
#250 = ( GEOMETRIC_REPRESENTATION_CONTEXT(2) 
PARAMETRIC_REPRESENTATION_CONTEXT() REPRESENTATION_CONTEXT('2D SPACE',''
  ) );
#251 = ORIENTED_EDGE('',*,*,#252,.T.);
#252 = EDGE_CURVE('',#223,#48,#253,.T.);
#253 = SURFACE_CURVE('',#254,(#259,#266),.PCURVE_S1.);
#254 = CIRCLE('',#255,0.8);
#255 = AXIS2_PLACEMENT_3D('',#256,#257,#258);
#256 = CARTESIAN_POINT('',(76.,0.8,16.2));
#257 = DIRECTION('',(1.,0.,-0.));
#258 = DIRECTION('',(0.,0.,1.));
#259 = PCURVE('',#70,#260);
#260 = DEFINITIONAL_REPRESENTATION('',(#261),#265);
#261 = LINE('',#262,#263);
#262 = CARTESIAN_POINT('',(0.,73.));
#263 = VECTOR('',#264,1.);
#264 = DIRECTION('',(1.,0.));
#265 = ( GEOMETRIC_REPRESENTATION_CONTEXT(2) 
PARAMETRIC_REPRESENTATION_CONTEXT() REPRESENTATION_CONTEXT('2D SPACE',''
  ) );
#266 = PCURVE('',#207,#267);
#267 = DEFINITIONAL_REPRESENTATION('',(#268),#272);
#268 = CIRCLE('',#269,0.8);
#269 = AXIS2_PLACEMENT_2D('',#270,#271);
#270 = CARTESIAN_POINT('',(16.3,-0.8));
#271 = DIRECTION('',(1.,0.));
#272 = ( GEOMETRIC_REPRESENTATION_CONTEXT(2) 
PARAMETRIC_REPRESENTATION_CONTEXT() REPRESENTATION_CONTEXT('2D SPACE',''
  ) );
#273 = ORIENTED_EDGE('',*,*,#47,.T.);
#274 = ORIENTED_EDGE('',*,*,#275,.F.);
#275 = EDGE_CURVE('',#276,#50,#278,.T.);
#276 = VERTEX_POINT('',#277);
#277 = CARTESIAN_POINT('',(90.1,5.E-02,16.478388218142));
#278 = SURFACE_CURVE('',#279,(#284,#291),.PCURVE_S1.);
#279 = CIRCLE('',#280,0.8);
#280 = AXIS2_PLACEMENT_3D('',#281,#282,#283);
#281 = CARTESIAN_POINT('',(90.1,0.8,16.2));
#282 = DIRECTION('',(1.,0.,-0.));
#283 = DIRECTION('',(0.,0.,1.));
#284 = PCURVE('',#70,#285);
#285 = DEFINITIONAL_REPRESENTATION('',(#286),#290);
#286 = LINE('',#287,#288);
#287 = CARTESIAN_POINT('',(0.,87.1));
#288 = VECTOR('',#289,1.);
#289 = DIRECTION('',(1.,0.));
#290 = ( GEOMETRIC_REPRESENTATION_CONTEXT(2) 
PARAMETRIC_REPRESENTATION_CONTEXT() REPRESENTATION_CONTEXT('2D SPACE',''
  ) );
#291 = PCURVE('',#98,#292);
#292 = DEFINITIONAL_REPRESENTATION('',(#293),#297);
#293 = CIRCLE('',#294,0.8);
#294 = AXIS2_PLACEMENT_2D('',#295,#296);
#295 = CARTESIAN_POINT('',(17.2,-0.9));
#296 = DIRECTION('',(1.,0.));
#297 = ( GEOMETRIC_REPRESENTATION_CONTEXT(2) 
PARAMETRIC_REPRESENTATION_CONTEXT() REPRESENTATION_CONTEXT('2D SPACE',''
  ) );
#298 = ORIENTED_EDGE('',*,*,#299,.F.);
#299 = EDGE_CURVE('',#300,#276,#302,.T.);
#300 = VERTEX_POINT('',#301);
#301 = CARTESIAN_POINT('',(78.334636981953,5.E-02,16.478388218141));
#302 = SURFACE_CURVE('',#303,(#307,#313),.PCURVE_S1.);
#303 = LINE('',#304,#305);
#304 = CARTESIAN_POINT('',(3.,5.E-02,16.478388218142));
#305 = VECTOR('',#306,1.);
#306 = DIRECTION('',(1.,0.,-0.));
#307 = PCURVE('',#70,#308);
#308 = DEFINITIONAL_REPRESENTATION('',(#309),#312);
#309 = B_SPLINE_CURVE_WITH_KNOTS('',1,(#310,#311),.UNSPECIFIED.,.F.,.F.,
  (2,2),(71.369742314127,89.435089535933),.PIECEWISE_BEZIER_KNOTS.);
#310 = CARTESIAN_POINT('',(1.215375125105,71.369742314127));
#311 = CARTESIAN_POINT('',(1.215375125105,89.435089535933));
#312 = ( GEOMETRIC_REPRESENTATION_CONTEXT(2) 
PARAMETRIC_REPRESENTATION_CONTEXT() REPRESENTATION_CONTEXT('2D SPACE',''
  ) );
#313 = PCURVE('',#314,#319);
#314 = PLANE('',#315);
#315 = AXIS2_PLACEMENT_3D('',#316,#317,#318);
#316 = CARTESIAN_POINT('',(98.,5.E-02,17.5));
#317 = DIRECTION('',(0.,1.,0.));
#318 = DIRECTION('',(0.,-0.,1.));
#319 = DEFINITIONAL_REPRESENTATION('',(#320),#323);
#320 = B_SPLINE_CURVE_WITH_KNOTS('',1,(#321,#322),.UNSPECIFIED.,.F.,.F.,
  (2,2),(71.369742314127,89.435089535933),.PIECEWISE_BEZIER_KNOTS.);
#321 = CARTESIAN_POINT('',(-1.021611781858,-23.63025768587));
#322 = CARTESIAN_POINT('',(-1.021611781858,-5.564910464067));
#323 = ( GEOMETRIC_REPRESENTATION_CONTEXT(2) 
PARAMETRIC_REPRESENTATION_CONTEXT() REPRESENTATION_CONTEXT('2D SPACE',''
  ) );
#324 = ORIENTED_EDGE('',*,*,#325,.F.);
#325 = EDGE_CURVE('',#225,#300,#326,.T.);
#326 = SURFACE_CURVE('',#327,(#340,#356),.PCURVE_S1.);
#327 = B_SPLINE_CURVE_WITH_KNOTS('',6,(#328,#329,#330,#331,#332,#333,
    #334,#335,#336,#337,#338,#339),.UNSPECIFIED.,.F.,.F.,(7,5,7),(0.,
    0.665374356602,1.),.UNSPECIFIED.);
#328 = CARTESIAN_POINT('',(78.314467412224,0.8,17.));
#329 = CARTESIAN_POINT('',(78.314467412224,0.698076897524,17.));
#330 = CARTESIAN_POINT('',(78.314863096598,0.596016144112,
    16.984417710179));
#331 = CARTESIAN_POINT('',(78.315657164623,0.496048139456,
    16.953172486463));
#332 = CARTESIAN_POINT('',(78.316941831197,0.400535682531,
    16.906191334436));
#333 = CARTESIAN_POINT('',(78.318909510015,0.312168855251,16.84353970515
    ));
#334 = CARTESIAN_POINT('',(78.323275809673,0.195160618568,
    16.726531468466));
#335 = CARTESIAN_POINT('',(78.324974270135,0.158658775079,
    16.683525326396));
#336 = CARTESIAN_POINT('',(78.326936982351,0.125385607898,
    16.636870752934));
#337 = CARTESIAN_POINT('',(78.329190116036,9.587201262274E-02,
    16.58686476489));
#338 = CARTESIAN_POINT('',(78.331753847878,7.059998686713E-02,
    16.53388658774));
#339 = CARTESIAN_POINT('',(78.334637065927,4.99994E-02,16.478386601688)
  );
#340 = PCURVE('',#70,#341);
#341 = DEFINITIONAL_REPRESENTATION('',(#342),#355);
#342 = B_SPLINE_CURVE_WITH_KNOTS('',6,(#343,#344,#345,#346,#347,#348,
    #349,#350,#351,#352,#353,#354),.UNSPECIFIED.,.F.,.F.,(7,5,7),(0.,
    0.665374356602,1.),.UNSPECIFIED.);
#343 = CARTESIAN_POINT('',(0.,75.314467412224));
#344 = CARTESIAN_POINT('',(0.127403878095,75.314467412224));
#345 = CARTESIAN_POINT('',(0.254981605293,75.314863096598));
#346 = CARTESIAN_POINT('',(0.383655569497,75.315657164623));
#347 = CARTESIAN_POINT('',(0.514285210583,75.316941831197));
#348 = CARTESIAN_POINT('',(0.647769939712,75.318909510015));
#349 = CARTESIAN_POINT('',(0.854613233746,75.323275809673));
#350 = CARTESIAN_POINT('',(0.924888681017,75.324974270135));
#351 = CARTESIAN_POINT('',(0.996133351987,75.326936982351));
#352 = CARTESIAN_POINT('',(1.068300328814,75.329190116036));
#353 = CARTESIAN_POINT('',(1.141377358172,75.331753847878));
#354 = CARTESIAN_POINT('',(1.215377280375,75.334637065927));
#355 = ( GEOMETRIC_REPRESENTATION_CONTEXT(2) 
PARAMETRIC_REPRESENTATION_CONTEXT() REPRESENTATION_CONTEXT('2D SPACE',''
  ) );
#356 = PCURVE('',#357,#362);
#357 = CYLINDRICAL_SURFACE('',#358,19.691881404894);
#358 = AXIS2_PLACEMENT_3D('',#359,#360,#361);
#359 = CARTESIAN_POINT('',(98.,5.E-02,17.5));
#360 = DIRECTION('',(0.,1.,0.));
#361 = DIRECTION('',(0.,-0.,1.));
#362 = DEFINITIONAL_REPRESENTATION('',(#363),#376);
#363 = B_SPLINE_CURVE_WITH_KNOTS('',6,(#364,#365,#366,#367,#368,#369,
    #370,#371,#372,#373,#374,#375),.UNSPECIFIED.,.F.,.F.,(7,5,7),(0.,
    0.665374356602,1.),.UNSPECIFIED.);
#364 = CARTESIAN_POINT('',(4.686995076608,0.75));
#365 = CARTESIAN_POINT('',(4.686995076608,0.648076897524));
#366 = CARTESIAN_POINT('',(4.686203516399,0.546016144112));
#367 = CARTESIAN_POINT('',(4.684616297532,0.446048139456));
#368 = CARTESIAN_POINT('',(4.682229598364,0.350535682531));
#369 = CARTESIAN_POINT('',(4.679046488336,0.262168855251));
#370 = CARTESIAN_POINT('',(4.673100399553,0.145160618568));
#371 = CARTESIAN_POINT('',(4.67091474902,0.108658775079));
#372 = CARTESIAN_POINT('',(4.668543437732,7.538560789809E-02));
#373 = CARTESIAN_POINT('',(4.666001458664,4.587201262274E-02));
#374 = CARTESIAN_POINT('',(4.663307971277,2.059998686713E-02));
#375 = CARTESIAN_POINT('',(4.660485750998,-6.E-07));
#376 = ( GEOMETRIC_REPRESENTATION_CONTEXT(2) 
PARAMETRIC_REPRESENTATION_CONTEXT() REPRESENTATION_CONTEXT('2D SPACE',''
  ) );
#377 = ADVANCED_FACE('',(#378),#98,.T.);
#378 = FACE_BOUND('',#379,.T.);
#379 = EDGE_LOOP('',(#380,#401,#402,#403));
#380 = ORIENTED_EDGE('',*,*,#381,.F.);
#381 = EDGE_CURVE('',#276,#382,#384,.T.);
#382 = VERTEX_POINT('',#383);
#383 = CARTESIAN_POINT('',(90.1,5.E-02,2.2));
#384 = SURFACE_CURVE('',#385,(#389,#395),.PCURVE_S1.);
#385 = LINE('',#386,#387);
#386 = CARTESIAN_POINT('',(90.1,5.E-02,8.25));
#387 = VECTOR('',#388,1.);
#388 = DIRECTION('',(-0.,0.,-1.));
#389 = PCURVE('',#98,#390);
#390 = DEFINITIONAL_REPRESENTATION('',(#391),#394);
#391 = B_SPLINE_CURVE_WITH_KNOTS('',1,(#392,#393),.UNSPECIFIED.,.F.,.F.,
  (2,2),(-8.228388218142,7.728388218142),.PIECEWISE_BEZIER_KNOTS.);
#392 = CARTESIAN_POINT('',(17.478388218142,-0.15));
#393 = CARTESIAN_POINT('',(1.521611781858,-0.15));
#394 = ( GEOMETRIC_REPRESENTATION_CONTEXT(2) 
PARAMETRIC_REPRESENTATION_CONTEXT() REPRESENTATION_CONTEXT('2D SPACE',''
  ) );
#395 = PCURVE('',#314,#396);
#396 = DEFINITIONAL_REPRESENTATION('',(#397),#400);
#397 = B_SPLINE_CURVE_WITH_KNOTS('',1,(#398,#399),.UNSPECIFIED.,.F.,.F.,
  (2,2),(-8.228388218142,7.728388218142),.PIECEWISE_BEZIER_KNOTS.);
#398 = CARTESIAN_POINT('',(-1.021611781858,-7.9));
#399 = CARTESIAN_POINT('',(-16.97838821814,-7.9));
#400 = ( GEOMETRIC_REPRESENTATION_CONTEXT(2) 
PARAMETRIC_REPRESENTATION_CONTEXT() REPRESENTATION_CONTEXT('2D SPACE',''
  ) );
#401 = ORIENTED_EDGE('',*,*,#275,.T.);
#402 = ORIENTED_EDGE('',*,*,#82,.T.);
#403 = ORIENTED_EDGE('',*,*,#404,.F.);
#404 = EDGE_CURVE('',#382,#83,#405,.T.);
#405 = SURFACE_CURVE('',#406,(#410,#416),.PCURVE_S1.);
#406 = LINE('',#407,#408);
#407 = CARTESIAN_POINT('',(90.1,-5.E-02,2.2));
#408 = VECTOR('',#409,1.);
#409 = DIRECTION('',(0.,-1.,0.));
#410 = PCURVE('',#98,#411);
#411 = DEFINITIONAL_REPRESENTATION('',(#412),#415);
#412 = B_SPLINE_CURVE_WITH_KNOTS('',1,(#413,#414),.UNSPECIFIED.,.F.,.F.,
  (2,2),(-0.1,-5.E-02),.PIECEWISE_BEZIER_KNOTS.);
#413 = CARTESIAN_POINT('',(3.2,-0.15));
#414 = CARTESIAN_POINT('',(3.2,-0.1));
#415 = ( GEOMETRIC_REPRESENTATION_CONTEXT(2) 
PARAMETRIC_REPRESENTATION_CONTEXT() REPRESENTATION_CONTEXT('2D SPACE',''
  ) );
#416 = PCURVE('',#125,#417);
#417 = DEFINITIONAL_REPRESENTATION('',(#418),#422);
#418 = LINE('',#419,#420);
#419 = CARTESIAN_POINT('',(14.1,-5.E-02));
#420 = VECTOR('',#421,1.);
#421 = DIRECTION('',(0.,-1.));
#422 = ( GEOMETRIC_REPRESENTATION_CONTEXT(2) 
PARAMETRIC_REPRESENTATION_CONTEXT() REPRESENTATION_CONTEXT('2D SPACE',''
  ) );
#423 = ADVANCED_FACE('',(#424,#733,#2239),#125,.T.);
#424 = FACE_BOUND('',#425,.T.);
#425 = EDGE_LOOP('',(#426,#450,#470,#471,#472,#495,#523,#549,#577,#605,
    #631,#657,#684,#707));
#426 = ORIENTED_EDGE('',*,*,#427,.F.);
#427 = EDGE_CURVE('',#428,#430,#432,.T.);
#428 = VERTEX_POINT('',#429);
#429 = CARTESIAN_POINT('',(85.603218431205,5.E-02,2.2));
#430 = VERTEX_POINT('',#431);
#431 = CARTESIAN_POINT('',(85.603218431205,2.4,2.2));
#432 = SURFACE_CURVE('',#433,(#437,#444),.PCURVE_S1.);
#433 = LINE('',#434,#435);
#434 = CARTESIAN_POINT('',(85.603218431205,5.E-02,2.2));
#435 = VECTOR('',#436,1.);
#436 = DIRECTION('',(0.,1.,0.));
#437 = PCURVE('',#125,#438);
#438 = DEFINITIONAL_REPRESENTATION('',(#439),#443);
#439 = LINE('',#440,#441);
#440 = CARTESIAN_POINT('',(9.603218431205,5.E-02));
#441 = VECTOR('',#442,1.);
#442 = DIRECTION('',(0.,1.));
#443 = ( GEOMETRIC_REPRESENTATION_CONTEXT(2) 
PARAMETRIC_REPRESENTATION_CONTEXT() REPRESENTATION_CONTEXT('2D SPACE',''
  ) );
#444 = PCURVE('',#357,#445);
#445 = DEFINITIONAL_REPRESENTATION('',(#446),#449);
#446 = B_SPLINE_CURVE_WITH_KNOTS('',1,(#447,#448),.UNSPECIFIED.,.F.,.F.,
  (2,2),(-6.000000375081E-07,4.6000006),.PIECEWISE_BEZIER_KNOTS.);
#447 = CARTESIAN_POINT('',(3.822550707481,-6.000000375081E-07));
#448 = CARTESIAN_POINT('',(3.822550707481,4.6000006));
#449 = ( GEOMETRIC_REPRESENTATION_CONTEXT(2) 
PARAMETRIC_REPRESENTATION_CONTEXT() REPRESENTATION_CONTEXT('2D SPACE',''
  ) );
#450 = ORIENTED_EDGE('',*,*,#451,.T.);
#451 = EDGE_CURVE('',#428,#382,#452,.T.);
#452 = SURFACE_CURVE('',#453,(#457,#464),.PCURVE_S1.);
#453 = LINE('',#454,#455);
#454 = CARTESIAN_POINT('',(87.,5.E-02,2.2));
#455 = VECTOR('',#456,1.);
#456 = DIRECTION('',(1.,0.,0.));
#457 = PCURVE('',#125,#458);
#458 = DEFINITIONAL_REPRESENTATION('',(#459),#463);
#459 = LINE('',#460,#461);
#460 = CARTESIAN_POINT('',(11.,5.E-02));
#461 = VECTOR('',#462,1.);
#462 = DIRECTION('',(1.,0.));
#463 = ( GEOMETRIC_REPRESENTATION_CONTEXT(2) 
PARAMETRIC_REPRESENTATION_CONTEXT() REPRESENTATION_CONTEXT('2D SPACE',''
  ) );
#464 = PCURVE('',#314,#465);
#465 = DEFINITIONAL_REPRESENTATION('',(#466),#469);
#466 = B_SPLINE_CURVE_WITH_KNOTS('',1,(#467,#468),.UNSPECIFIED.,.F.,.F.,
  (2,2),(-8.665363018047,3.1),.PIECEWISE_BEZIER_KNOTS.);
#467 = CARTESIAN_POINT('',(-15.3,-19.66536301804));
#468 = CARTESIAN_POINT('',(-15.3,-7.9));
#469 = ( GEOMETRIC_REPRESENTATION_CONTEXT(2) 
PARAMETRIC_REPRESENTATION_CONTEXT() REPRESENTATION_CONTEXT('2D SPACE',''
  ) );
#470 = ORIENTED_EDGE('',*,*,#404,.T.);
#471 = ORIENTED_EDGE('',*,*,#109,.T.);
#472 = ORIENTED_EDGE('',*,*,#473,.T.);
#473 = EDGE_CURVE('',#110,#474,#476,.T.);
#474 = VERTEX_POINT('',#475);
#475 = CARTESIAN_POINT('',(90.2,0.3,2.2));
#476 = SURFACE_CURVE('',#477,(#481,#488),.PCURVE_S1.);
#477 = LINE('',#478,#479);
#478 = CARTESIAN_POINT('',(90.2,0.,2.2));
#479 = VECTOR('',#480,1.);
#480 = DIRECTION('',(-0.,1.,0.));
#481 = PCURVE('',#125,#482);
#482 = DEFINITIONAL_REPRESENTATION('',(#483),#487);
#483 = LINE('',#484,#485);
#484 = CARTESIAN_POINT('',(14.2,0.));
#485 = VECTOR('',#486,1.);
#486 = DIRECTION('',(0.,1.));
#487 = ( GEOMETRIC_REPRESENTATION_CONTEXT(2) 
PARAMETRIC_REPRESENTATION_CONTEXT() REPRESENTATION_CONTEXT('2D SPACE',''
  ) );
#488 = PCURVE('',#153,#489);
#489 = DEFINITIONAL_REPRESENTATION('',(#490),#494);
#490 = LINE('',#491,#492);
#491 = CARTESIAN_POINT('',(2.2,0.));
#492 = VECTOR('',#493,1.);
#493 = DIRECTION('',(0.,-1.));
#494 = ( GEOMETRIC_REPRESENTATION_CONTEXT(2) 
PARAMETRIC_REPRESENTATION_CONTEXT() REPRESENTATION_CONTEXT('2D SPACE',''
  ) );
#495 = ORIENTED_EDGE('',*,*,#496,.T.);
#496 = EDGE_CURVE('',#474,#497,#499,.T.);
#497 = VERTEX_POINT('',#498);
#498 = CARTESIAN_POINT('',(88.202406738869,0.3,2.2));
#499 = SURFACE_CURVE('',#500,(#504,#511),.PCURVE_S1.);
#500 = LINE('',#501,#502);
#501 = CARTESIAN_POINT('',(90.2,0.3,2.2));
#502 = VECTOR('',#503,1.);
#503 = DIRECTION('',(-1.,-8.336704820453E-17,0.));
#504 = PCURVE('',#125,#505);
#505 = DEFINITIONAL_REPRESENTATION('',(#506),#510);
#506 = LINE('',#507,#508);
#507 = CARTESIAN_POINT('',(14.2,0.3));
#508 = VECTOR('',#509,1.);
#509 = DIRECTION('',(-1.,-8.336704820453E-17));
#510 = ( GEOMETRIC_REPRESENTATION_CONTEXT(2) 
PARAMETRIC_REPRESENTATION_CONTEXT() REPRESENTATION_CONTEXT('2D SPACE',''
  ) );
#511 = PCURVE('',#512,#517);
#512 = PLANE('',#513);
#513 = AXIS2_PLACEMENT_3D('',#514,#515,#516);
#514 = CARTESIAN_POINT('',(89.640678470251,0.3,5.904321529749));
#515 = DIRECTION('',(0.,1.,0.));
#516 = DIRECTION('',(0.,-0.,1.));
#517 = DEFINITIONAL_REPRESENTATION('',(#518),#522);
#518 = LINE('',#519,#520);
#519 = CARTESIAN_POINT('',(-3.704321529749,0.559321529749));
#520 = VECTOR('',#521,1.);
#521 = DIRECTION('',(0.,-1.));
#522 = ( GEOMETRIC_REPRESENTATION_CONTEXT(2) 
PARAMETRIC_REPRESENTATION_CONTEXT() REPRESENTATION_CONTEXT('2D SPACE',''
  ) );
#523 = ORIENTED_EDGE('',*,*,#524,.F.);
#524 = EDGE_CURVE('',#525,#497,#527,.T.);
#525 = VERTEX_POINT('',#526);
#526 = CARTESIAN_POINT('',(88.202406738869,2.8,2.2));
#527 = SURFACE_CURVE('',#528,(#532,#538),.PCURVE_S1.);
#528 = LINE('',#529,#530);
#529 = CARTESIAN_POINT('',(88.202406738869,1.4,2.2));
#530 = VECTOR('',#531,1.);
#531 = DIRECTION('',(0.,-1.,0.));
#532 = PCURVE('',#125,#533);
#533 = DEFINITIONAL_REPRESENTATION('',(#534),#537);
#534 = B_SPLINE_CURVE_WITH_KNOTS('',1,(#535,#536),.UNSPECIFIED.,.F.,.F.,
  (2,2),(-1.4,1.1),.PIECEWISE_BEZIER_KNOTS.);
#535 = CARTESIAN_POINT('',(12.202406738869,2.8));
#536 = CARTESIAN_POINT('',(12.202406738869,0.3));
#537 = ( GEOMETRIC_REPRESENTATION_CONTEXT(2) 
PARAMETRIC_REPRESENTATION_CONTEXT() REPRESENTATION_CONTEXT('2D SPACE',''
  ) );
#538 = PCURVE('',#539,#544);
#539 = PLANE('',#540);
#540 = AXIS2_PLACEMENT_3D('',#541,#542,#543);
#541 = CARTESIAN_POINT('',(88.2,2.8,2.19));
#542 = DIRECTION('',(-0.97223842566,0.,0.233992400881));
#543 = DIRECTION('',(0.233992400881,0.,0.97223842566));
#544 = DEFINITIONAL_REPRESENTATION('',(#545),#548);
#545 = B_SPLINE_CURVE_WITH_KNOTS('',1,(#546,#547),.UNSPECIFIED.,.F.,.F.,
  (2,2),(-1.4,1.1),.PIECEWISE_BEZIER_KNOTS.);
#546 = CARTESIAN_POINT('',(1.028554286281E-02,0.));
#547 = CARTESIAN_POINT('',(1.028554286281E-02,-2.5));
#548 = ( GEOMETRIC_REPRESENTATION_CONTEXT(2) 
PARAMETRIC_REPRESENTATION_CONTEXT() REPRESENTATION_CONTEXT('2D SPACE',''
  ) );
#549 = ORIENTED_EDGE('',*,*,#550,.T.);
#550 = EDGE_CURVE('',#525,#551,#553,.T.);
#551 = VERTEX_POINT('',#552);
#552 = CARTESIAN_POINT('',(90.2,2.8,2.2));
#553 = SURFACE_CURVE('',#554,(#558,#565),.PCURVE_S1.);
#554 = LINE('',#555,#556);
#555 = CARTESIAN_POINT('',(88.202406738869,2.8,2.2));
#556 = VECTOR('',#557,1.);
#557 = DIRECTION('',(1.,0.,0.));
#558 = PCURVE('',#125,#559);
#559 = DEFINITIONAL_REPRESENTATION('',(#560),#564);
#560 = LINE('',#561,#562);
#561 = CARTESIAN_POINT('',(12.202406738869,2.8));
#562 = VECTOR('',#563,1.);
#563 = DIRECTION('',(1.,0.));
#564 = ( GEOMETRIC_REPRESENTATION_CONTEXT(2) 
PARAMETRIC_REPRESENTATION_CONTEXT() REPRESENTATION_CONTEXT('2D SPACE',''
  ) );
#565 = PCURVE('',#566,#571);
#566 = PLANE('',#567);
#567 = AXIS2_PLACEMENT_3D('',#568,#569,#570);
#568 = CARTESIAN_POINT('',(90.,2.8,0.));
#569 = DIRECTION('',(-0.,1.,0.));
#570 = DIRECTION('',(0.,0.,1.));
#571 = DEFINITIONAL_REPRESENTATION('',(#572),#576);
#572 = LINE('',#573,#574);
#573 = CARTESIAN_POINT('',(2.2,-1.797593261131));
#574 = VECTOR('',#575,1.);
#575 = DIRECTION('',(0.,1.));
#576 = ( GEOMETRIC_REPRESENTATION_CONTEXT(2) 
PARAMETRIC_REPRESENTATION_CONTEXT() REPRESENTATION_CONTEXT('2D SPACE',''
  ) );
#577 = ORIENTED_EDGE('',*,*,#578,.T.);
#578 = EDGE_CURVE('',#551,#579,#581,.T.);
#579 = VERTEX_POINT('',#580);
#580 = CARTESIAN_POINT('',(90.2,3.05,2.2));
#581 = SURFACE_CURVE('',#582,(#586,#593),.PCURVE_S1.);
#582 = LINE('',#583,#584);
#583 = CARTESIAN_POINT('',(90.2,0.,2.2));
#584 = VECTOR('',#585,1.);
#585 = DIRECTION('',(-0.,1.,0.));
#586 = PCURVE('',#125,#587);
#587 = DEFINITIONAL_REPRESENTATION('',(#588),#592);
#588 = LINE('',#589,#590);
#589 = CARTESIAN_POINT('',(14.2,0.));
#590 = VECTOR('',#591,1.);
#591 = DIRECTION('',(0.,1.));
#592 = ( GEOMETRIC_REPRESENTATION_CONTEXT(2) 
PARAMETRIC_REPRESENTATION_CONTEXT() REPRESENTATION_CONTEXT('2D SPACE',''
  ) );
#593 = PCURVE('',#594,#599);
#594 = PLANE('',#595);
#595 = AXIS2_PLACEMENT_3D('',#596,#597,#598);
#596 = CARTESIAN_POINT('',(90.2,0.,0.));
#597 = DIRECTION('',(1.,0.,-0.));
#598 = DIRECTION('',(0.,0.,1.));
#599 = DEFINITIONAL_REPRESENTATION('',(#600),#604);
#600 = LINE('',#601,#602);
#601 = CARTESIAN_POINT('',(2.2,0.));
#602 = VECTOR('',#603,1.);
#603 = DIRECTION('',(0.,-1.));
#604 = ( GEOMETRIC_REPRESENTATION_CONTEXT(2) 
PARAMETRIC_REPRESENTATION_CONTEXT() REPRESENTATION_CONTEXT('2D SPACE',''
  ) );
#605 = ORIENTED_EDGE('',*,*,#606,.T.);
#606 = EDGE_CURVE('',#579,#607,#609,.T.);
#607 = VERTEX_POINT('',#608);
#608 = CARTESIAN_POINT('',(85.603218431205,3.05,2.2));
#609 = SURFACE_CURVE('',#610,(#614,#620),.PCURVE_S1.);
#610 = LINE('',#611,#612);
#611 = CARTESIAN_POINT('',(87.,3.05,2.2));
#612 = VECTOR('',#613,1.);
#613 = DIRECTION('',(-1.,0.,0.));
#614 = PCURVE('',#125,#615);
#615 = DEFINITIONAL_REPRESENTATION('',(#616),#619);
#616 = B_SPLINE_CURVE_WITH_KNOTS('',1,(#617,#618),.UNSPECIFIED.,.F.,.F.,
  (2,2),(-3.2,8.691881404894),.PIECEWISE_BEZIER_KNOTS.);
#617 = CARTESIAN_POINT('',(14.2,3.05));
#618 = CARTESIAN_POINT('',(2.308118595106,3.05));
#619 = ( GEOMETRIC_REPRESENTATION_CONTEXT(2) 
PARAMETRIC_REPRESENTATION_CONTEXT() REPRESENTATION_CONTEXT('2D SPACE',''
  ) );
#620 = PCURVE('',#621,#626);
#621 = PLANE('',#622);
#622 = AXIS2_PLACEMENT_3D('',#623,#624,#625);
#623 = CARTESIAN_POINT('',(98.,3.05,17.5));
#624 = DIRECTION('',(0.,1.,0.));
#625 = DIRECTION('',(0.,-0.,1.));
#626 = DEFINITIONAL_REPRESENTATION('',(#627),#630);
#627 = B_SPLINE_CURVE_WITH_KNOTS('',1,(#628,#629),.UNSPECIFIED.,.F.,.F.,
  (2,2),(-3.2,8.691881404894),.PIECEWISE_BEZIER_KNOTS.);
#628 = CARTESIAN_POINT('',(-15.3,-7.8));
#629 = CARTESIAN_POINT('',(-15.3,-19.69188140489));
#630 = ( GEOMETRIC_REPRESENTATION_CONTEXT(2) 
PARAMETRIC_REPRESENTATION_CONTEXT() REPRESENTATION_CONTEXT('2D SPACE',''
  ) );
#631 = ORIENTED_EDGE('',*,*,#632,.T.);
#632 = EDGE_CURVE('',#607,#633,#635,.T.);
#633 = VERTEX_POINT('',#634);
#634 = CARTESIAN_POINT('',(85.603218431205,6.,2.2));
#635 = SURFACE_CURVE('',#636,(#640,#646),.PCURVE_S1.);
#636 = LINE('',#637,#638);
#637 = CARTESIAN_POINT('',(85.603218431205,3.05,2.2));
#638 = VECTOR('',#639,1.);
#639 = DIRECTION('',(0.,1.,0.));
#640 = PCURVE('',#125,#641);
#641 = DEFINITIONAL_REPRESENTATION('',(#642),#645);
#642 = B_SPLINE_CURVE_WITH_KNOTS('',1,(#643,#644),.UNSPECIFIED.,.F.,.F.,
  (2,2),(-5.999999999062E-07,3.5000006),.PIECEWISE_BEZIER_KNOTS.);
#643 = CARTESIAN_POINT('',(9.603218431205,3.0499994));
#644 = CARTESIAN_POINT('',(9.603218431205,6.5500006));
#645 = ( GEOMETRIC_REPRESENTATION_CONTEXT(2) 
PARAMETRIC_REPRESENTATION_CONTEXT() REPRESENTATION_CONTEXT('2D SPACE',''
  ) );
#646 = PCURVE('',#647,#652);
#647 = CYLINDRICAL_SURFACE('',#648,19.691881404894);
#648 = AXIS2_PLACEMENT_3D('',#649,#650,#651);
#649 = CARTESIAN_POINT('',(98.,3.05,17.5));
#650 = DIRECTION('',(0.,1.,0.));
#651 = DIRECTION('',(0.,-0.,1.));
#652 = DEFINITIONAL_REPRESENTATION('',(#653),#656);
#653 = B_SPLINE_CURVE_WITH_KNOTS('',1,(#654,#655),.UNSPECIFIED.,.F.,.F.,
  (2,2),(-5.999999999062E-07,3.5000006),.PIECEWISE_BEZIER_KNOTS.);
#654 = CARTESIAN_POINT('',(3.822550707481,-5.999999999062E-07));
#655 = CARTESIAN_POINT('',(3.822550707481,3.5000006));
#656 = ( GEOMETRIC_REPRESENTATION_CONTEXT(2) 
PARAMETRIC_REPRESENTATION_CONTEXT() REPRESENTATION_CONTEXT('2D SPACE',''
  ) );
#657 = ORIENTED_EDGE('',*,*,#658,.T.);
#658 = EDGE_CURVE('',#633,#659,#661,.T.);
#659 = VERTEX_POINT('',#660);
#660 = CARTESIAN_POINT('',(76.,6.,2.2));
#661 = SURFACE_CURVE('',#662,(#666,#673),.PCURVE_S1.);
#662 = LINE('',#663,#664);
#663 = CARTESIAN_POINT('',(7.2,6.,2.2));
#664 = VECTOR('',#665,1.);
#665 = DIRECTION('',(-1.,-0.,0.));
#666 = PCURVE('',#125,#667);
#667 = DEFINITIONAL_REPRESENTATION('',(#668),#672);
#668 = LINE('',#669,#670);
#669 = CARTESIAN_POINT('',(-68.8,6.));
#670 = VECTOR('',#671,1.);
#671 = DIRECTION('',(-1.,0.));
#672 = ( GEOMETRIC_REPRESENTATION_CONTEXT(2) 
PARAMETRIC_REPRESENTATION_CONTEXT() REPRESENTATION_CONTEXT('2D SPACE',''
  ) );
#673 = PCURVE('',#674,#679);
#674 = PLANE('',#675);
#675 = AXIS2_PLACEMENT_3D('',#676,#677,#678);
#676 = CARTESIAN_POINT('',(12.,6.,2.19));
#677 = DIRECTION('',(-0.,1.,0.));
#678 = DIRECTION('',(0.,0.,1.));
#679 = DEFINITIONAL_REPRESENTATION('',(#680),#683);
#680 = B_SPLINE_CURVE_WITH_KNOTS('',1,(#681,#682),.UNSPECIFIED.,.F.,.F.,
  (2,2),(-80.8,-4.8),.PIECEWISE_BEZIER_KNOTS.);
#681 = CARTESIAN_POINT('',(1.E-02,76.));
#682 = CARTESIAN_POINT('',(1.E-02,0.));
#683 = ( GEOMETRIC_REPRESENTATION_CONTEXT(2) 
PARAMETRIC_REPRESENTATION_CONTEXT() REPRESENTATION_CONTEXT('2D SPACE',''
  ) );
#684 = ORIENTED_EDGE('',*,*,#685,.F.);
#685 = EDGE_CURVE('',#686,#659,#688,.T.);
#686 = VERTEX_POINT('',#687);
#687 = CARTESIAN_POINT('',(76.,2.4,2.2));
#688 = SURFACE_CURVE('',#689,(#693,#700),.PCURVE_S1.);
#689 = LINE('',#690,#691);
#690 = CARTESIAN_POINT('',(76.,1.2,2.2));
#691 = VECTOR('',#692,1.);
#692 = DIRECTION('',(-0.,1.,0.));
#693 = PCURVE('',#125,#694);
#694 = DEFINITIONAL_REPRESENTATION('',(#695),#699);
#695 = LINE('',#696,#697);
#696 = CARTESIAN_POINT('',(0.,1.2));
#697 = VECTOR('',#698,1.);
#698 = DIRECTION('',(0.,1.));
#699 = ( GEOMETRIC_REPRESENTATION_CONTEXT(2) 
PARAMETRIC_REPRESENTATION_CONTEXT() REPRESENTATION_CONTEXT('2D SPACE',''
  ) );
#700 = PCURVE('',#207,#701);
#701 = DEFINITIONAL_REPRESENTATION('',(#702),#706);
#702 = LINE('',#703,#704);
#703 = CARTESIAN_POINT('',(2.3,-1.2));
#704 = VECTOR('',#705,1.);
#705 = DIRECTION('',(0.,-1.));
#706 = ( GEOMETRIC_REPRESENTATION_CONTEXT(2) 
PARAMETRIC_REPRESENTATION_CONTEXT() REPRESENTATION_CONTEXT('2D SPACE',''
  ) );
#707 = ORIENTED_EDGE('',*,*,#708,.T.);
#708 = EDGE_CURVE('',#686,#430,#709,.T.);
#709 = SURFACE_CURVE('',#710,(#714,#721),.PCURVE_S1.);
#710 = LINE('',#711,#712);
#711 = CARTESIAN_POINT('',(2.4,2.4,2.2));
#712 = VECTOR('',#713,1.);
#713 = DIRECTION('',(1.,0.,-0.));
#714 = PCURVE('',#125,#715);
#715 = DEFINITIONAL_REPRESENTATION('',(#716),#720);
#716 = LINE('',#717,#718);
#717 = CARTESIAN_POINT('',(-73.6,2.4));
#718 = VECTOR('',#719,1.);
#719 = DIRECTION('',(1.,0.));
#720 = ( GEOMETRIC_REPRESENTATION_CONTEXT(2) 
PARAMETRIC_REPRESENTATION_CONTEXT() REPRESENTATION_CONTEXT('2D SPACE',''
  ) );
#721 = PCURVE('',#722,#727);
#722 = PLANE('',#723);
#723 = AXIS2_PLACEMENT_3D('',#724,#725,#726);
#724 = CARTESIAN_POINT('',(-1.,2.4,11.5));
#725 = DIRECTION('',(-0.,1.,0.));
#726 = DIRECTION('',(0.,0.,1.));
#727 = DEFINITIONAL_REPRESENTATION('',(#728),#732);
#728 = LINE('',#729,#730);
#729 = CARTESIAN_POINT('',(-9.3,3.4));
#730 = VECTOR('',#731,1.);
#731 = DIRECTION('',(0.,1.));
#732 = ( GEOMETRIC_REPRESENTATION_CONTEXT(2) 
PARAMETRIC_REPRESENTATION_CONTEXT() REPRESENTATION_CONTEXT('2D SPACE',''
  ) );
#733 = FACE_BOUND('',#734,.T.);
#734 = EDGE_LOOP('',(#735,#763,#802,#841,#880,#919,#958,#1003,#1048,
    #1087,#1129,#1171,#1210,#1255,#1300,#1351,#1390,#1429,#1480,#1531,
    #1557,#1608,#1650,#1692,#1743,#1788,#1833,#1875,#1914,#1965,#2010,
    #2061,#2100,#2139,#2190));
#735 = ORIENTED_EDGE('',*,*,#736,.F.);
#736 = EDGE_CURVE('',#737,#739,#741,.T.);
#737 = VERTEX_POINT('',#738);
#738 = CARTESIAN_POINT('',(79.679443359375,3.722412109375,2.2));
#739 = VERTEX_POINT('',#740);
#740 = CARTESIAN_POINT('',(79.411376953125,3.698974609375,2.2));
#741 = SURFACE_CURVE('',#742,(#746,#752),.PCURVE_S1.);
#742 = LINE('',#743,#744);
#743 = CARTESIAN_POINT('',(77.558151283552,3.53694394974,2.2));
#744 = VECTOR('',#745,1.);
#745 = DIRECTION('',(-0.99619962403,-8.70994206802E-02,0.));
#746 = PCURVE('',#125,#747);
#747 = DEFINITIONAL_REPRESENTATION('',(#748),#751);
#748 = B_SPLINE_CURVE_WITH_KNOTS('',1,(#749,#750),.UNSPECIFIED.,.F.,.F.,
  (2,2),(-2.129384537651,-1.860295491857),.PIECEWISE_BEZIER_KNOTS.);
#749 = CARTESIAN_POINT('',(3.679443359375,3.722412109375));
#750 = CARTESIAN_POINT('',(3.411376953125,3.698974609375));
#751 = ( GEOMETRIC_REPRESENTATION_CONTEXT(2) 
PARAMETRIC_REPRESENTATION_CONTEXT() REPRESENTATION_CONTEXT('2D SPACE',''
  ) );
#752 = PCURVE('',#753,#758);
#753 = PLANE('',#754);
#754 = AXIS2_PLACEMENT_3D('',#755,#756,#757);
#755 = CARTESIAN_POINT('',(79.411376953125,3.698974609375,2.19));
#756 = DIRECTION('',(-8.70994206802E-02,0.99619962403,0.));
#757 = DIRECTION('',(0.99619962403,8.70994206802E-02,0.));
#758 = DEFINITIONAL_REPRESENTATION('',(#759),#762);
#759 = B_SPLINE_CURVE_WITH_KNOTS('',1,(#760,#761),.UNSPECIFIED.,.F.,.F.,
  (2,2),(-2.129384537651,-1.860295491857),.PIECEWISE_BEZIER_KNOTS.);
#760 = CARTESIAN_POINT('',(0.269089045793,-1.E-02));
#761 = CARTESIAN_POINT('',(0.,-1.E-02));
#762 = ( GEOMETRIC_REPRESENTATION_CONTEXT(2) 
PARAMETRIC_REPRESENTATION_CONTEXT() REPRESENTATION_CONTEXT('2D SPACE',''
  ) );
#763 = ORIENTED_EDGE('',*,*,#764,.F.);
#764 = EDGE_CURVE('',#765,#737,#767,.T.);
#765 = VERTEX_POINT('',#766);
#766 = CARTESIAN_POINT('',(79.76806640625,3.4580078125,2.2));
#767 = SURFACE_CURVE('',#768,(#775,#785),.PCURVE_S1.);
#768 = B_SPLINE_CURVE_WITH_KNOTS('',5,(#769,#770,#771,#772,#773,#774),
  .UNSPECIFIED.,.F.,.F.,(6,6),(0.,1.),.PIECEWISE_BEZIER_KNOTS.);
#769 = CARTESIAN_POINT('',(79.76806640625,3.4580078125,2.2));
#770 = CARTESIAN_POINT('',(79.740003897468,3.499658483429,2.2));
#771 = CARTESIAN_POINT('',(79.717144238713,3.547094911174,2.2));
#772 = CARTESIAN_POINT('',(79.699493123283,3.600183273241,2.2));
#773 = CARTESIAN_POINT('',(79.686971747262,3.658710365716,2.2));
#774 = CARTESIAN_POINT('',(79.679443359375,3.722412109375,2.2));
#775 = PCURVE('',#125,#776);
#776 = DEFINITIONAL_REPRESENTATION('',(#777),#784);
#777 = B_SPLINE_CURVE_WITH_KNOTS('',5,(#778,#779,#780,#781,#782,#783),
  .UNSPECIFIED.,.F.,.F.,(6,6),(0.,1.),.PIECEWISE_BEZIER_KNOTS.);
#778 = CARTESIAN_POINT('',(3.76806640625,3.4580078125));
#779 = CARTESIAN_POINT('',(3.740003897468,3.499658483429));
#780 = CARTESIAN_POINT('',(3.717144238713,3.547094911174));
#781 = CARTESIAN_POINT('',(3.699493123283,3.600183273241));
#782 = CARTESIAN_POINT('',(3.686971747262,3.658710365716));
#783 = CARTESIAN_POINT('',(3.679443359375,3.722412109375));
#784 = ( GEOMETRIC_REPRESENTATION_CONTEXT(2) 
PARAMETRIC_REPRESENTATION_CONTEXT() REPRESENTATION_CONTEXT('2D SPACE',''
  ) );
#785 = PCURVE('',#786,#793);
#786 = SURFACE_OF_LINEAR_EXTRUSION('',#787,#791);
#787 = B_SPLINE_CURVE_WITH_KNOTS('',2,(#788,#789,#790),.UNSPECIFIED.,.F.
  ,.F.,(3,3),(0.,1.),.PIECEWISE_BEZIER_KNOTS.);
#788 = CARTESIAN_POINT('',(79.679443359375,3.722412109375,2.19));
#789 = CARTESIAN_POINT('',(79.698486328125,3.561279296875,2.19));
#790 = CARTESIAN_POINT('',(79.76806640625,3.4580078125,2.19));
#791 = VECTOR('',#792,1.);
#792 = DIRECTION('',(-0.,-0.,-1.));
#793 = DEFINITIONAL_REPRESENTATION('',(#794),#801);
#794 = B_SPLINE_CURVE_WITH_KNOTS('',5,(#795,#796,#797,#798,#799,#800),
  .UNSPECIFIED.,.F.,.F.,(6,6),(0.,1.),.PIECEWISE_BEZIER_KNOTS.);
#795 = CARTESIAN_POINT('',(1.,-1.E-02));
#796 = CARTESIAN_POINT('',(0.798343796541,-1.E-02));
#797 = CARTESIAN_POINT('',(0.597155324397,-1.E-02));
#798 = CARTESIAN_POINT('',(0.396818163589,-1.E-02));
#799 = CARTESIAN_POINT('',(0.197668440931,-1.E-02));
#800 = CARTESIAN_POINT('',(0.,-1.E-02));
#801 = ( GEOMETRIC_REPRESENTATION_CONTEXT(2) 
PARAMETRIC_REPRESENTATION_CONTEXT() REPRESENTATION_CONTEXT('2D SPACE',''
  ) );
#802 = ORIENTED_EDGE('',*,*,#803,.F.);
#803 = EDGE_CURVE('',#804,#765,#806,.T.);
#804 = VERTEX_POINT('',#805);
#805 = CARTESIAN_POINT('',(79.984130859375,3.291015625,2.2));
#806 = SURFACE_CURVE('',#807,(#814,#824),.PCURVE_S1.);
#807 = B_SPLINE_CURVE_WITH_KNOTS('',5,(#808,#809,#810,#811,#812,#813),
  .UNSPECIFIED.,.F.,.F.,(6,6),(0.,1.),.PIECEWISE_BEZIER_KNOTS.);
#808 = CARTESIAN_POINT('',(79.984130859375,3.291015625,2.2));
#809 = CARTESIAN_POINT('',(79.926207034488,3.316212488826,2.2));
#810 = CARTESIAN_POINT('',(79.875342653825,3.345472923101,2.2));
#811 = CARTESIAN_POINT('',(79.831888105853,3.378869253596,2.2));
#812 = CARTESIAN_POINT('',(79.796094228426,3.416408623796,2.2));
#813 = CARTESIAN_POINT('',(79.76806640625,3.4580078125,2.2));
#814 = PCURVE('',#125,#815);
#815 = DEFINITIONAL_REPRESENTATION('',(#816),#823);
#816 = B_SPLINE_CURVE_WITH_KNOTS('',5,(#817,#818,#819,#820,#821,#822),
  .UNSPECIFIED.,.F.,.F.,(6,6),(0.,1.),.PIECEWISE_BEZIER_KNOTS.);
#817 = CARTESIAN_POINT('',(3.984130859375,3.291015625));
#818 = CARTESIAN_POINT('',(3.926207034488,3.316212488826));
#819 = CARTESIAN_POINT('',(3.875342653825,3.345472923101));
#820 = CARTESIAN_POINT('',(3.831888105853,3.378869253596));
#821 = CARTESIAN_POINT('',(3.796094228426,3.416408623796));
#822 = CARTESIAN_POINT('',(3.76806640625,3.4580078125));
#823 = ( GEOMETRIC_REPRESENTATION_CONTEXT(2) 
PARAMETRIC_REPRESENTATION_CONTEXT() REPRESENTATION_CONTEXT('2D SPACE',''
  ) );
#824 = PCURVE('',#825,#832);
#825 = SURFACE_OF_LINEAR_EXTRUSION('',#826,#830);
#826 = B_SPLINE_CURVE_WITH_KNOTS('',2,(#827,#828,#829),.UNSPECIFIED.,.F.
  ,.F.,(3,3),(0.,1.),.PIECEWISE_BEZIER_KNOTS.);
#827 = CARTESIAN_POINT('',(79.76806640625,3.4580078125,2.19));
#828 = CARTESIAN_POINT('',(79.837646484375,3.354736328125,2.19));
#829 = CARTESIAN_POINT('',(79.984130859375,3.291015625,2.19));
#830 = VECTOR('',#831,1.);
#831 = DIRECTION('',(-0.,-0.,-1.));
#832 = DEFINITIONAL_REPRESENTATION('',(#833),#840);
#833 = B_SPLINE_CURVE_WITH_KNOTS('',5,(#834,#835,#836,#837,#838,#839),
  .UNSPECIFIED.,.F.,.F.,(6,6),(0.,1.),.PIECEWISE_BEZIER_KNOTS.);
#834 = CARTESIAN_POINT('',(1.,-1.E-02));
#835 = CARTESIAN_POINT('',(0.802286677718,-1.E-02));
#836 = CARTESIAN_POINT('',(0.603016426521,-1.E-02));
#837 = CARTESIAN_POINT('',(0.402577127486,-1.E-02));
#838 = CARTESIAN_POINT('',(0.201406946726,-1.E-02));
#839 = CARTESIAN_POINT('',(0.,-1.E-02));
#840 = ( GEOMETRIC_REPRESENTATION_CONTEXT(2) 
PARAMETRIC_REPRESENTATION_CONTEXT() REPRESENTATION_CONTEXT('2D SPACE',''
  ) );
#841 = ORIENTED_EDGE('',*,*,#842,.F.);
#842 = EDGE_CURVE('',#843,#804,#845,.T.);
#843 = VERTEX_POINT('',#844);
#844 = CARTESIAN_POINT('',(80.313720703125,3.227294921875,2.2));
#845 = SURFACE_CURVE('',#846,(#853,#863),.PCURVE_S1.);
#846 = B_SPLINE_CURVE_WITH_KNOTS('',5,(#847,#848,#849,#850,#851,#852),
  .UNSPECIFIED.,.F.,.F.,(6,6),(0.,1.),.PIECEWISE_BEZIER_KNOTS.);
#847 = CARTESIAN_POINT('',(80.313720703125,3.227294921875,2.2));
#848 = CARTESIAN_POINT('',(80.241115719156,3.227294921875,2.2));
#849 = CARTESIAN_POINT('',(80.171682795247,3.233556597819,2.2));
#850 = CARTESIAN_POINT('',(80.105609334591,3.246227135769,2.2));
#851 = CARTESIAN_POINT('',(80.043053122799,3.26538444041,2.2));
#852 = CARTESIAN_POINT('',(79.984130859375,3.291015625,2.2));
#853 = PCURVE('',#125,#854);
#854 = DEFINITIONAL_REPRESENTATION('',(#855),#862);
#855 = B_SPLINE_CURVE_WITH_KNOTS('',5,(#856,#857,#858,#859,#860,#861),
  .UNSPECIFIED.,.F.,.F.,(6,6),(0.,1.),.PIECEWISE_BEZIER_KNOTS.);
#856 = CARTESIAN_POINT('',(4.313720703125,3.227294921875));
#857 = CARTESIAN_POINT('',(4.241115719156,3.227294921875));
#858 = CARTESIAN_POINT('',(4.171682795247,3.233556597819));
#859 = CARTESIAN_POINT('',(4.105609334591,3.246227135769));
#860 = CARTESIAN_POINT('',(4.043053122799,3.26538444041));
#861 = CARTESIAN_POINT('',(3.984130859375,3.291015625));
#862 = ( GEOMETRIC_REPRESENTATION_CONTEXT(2) 
PARAMETRIC_REPRESENTATION_CONTEXT() REPRESENTATION_CONTEXT('2D SPACE',''
  ) );
#863 = PCURVE('',#864,#871);
#864 = SURFACE_OF_LINEAR_EXTRUSION('',#865,#869);
#865 = B_SPLINE_CURVE_WITH_KNOTS('',2,(#866,#867,#868),.UNSPECIFIED.,.F.
  ,.F.,(3,3),(0.,1.),.PIECEWISE_BEZIER_KNOTS.);
#866 = CARTESIAN_POINT('',(79.984130859375,3.291015625,2.19));
#867 = CARTESIAN_POINT('',(80.130615234375,3.227294921875,2.19));
#868 = CARTESIAN_POINT('',(80.313720703125,3.227294921875,2.19));
#869 = VECTOR('',#870,1.);
#870 = DIRECTION('',(-0.,-0.,-1.));
#871 = DEFINITIONAL_REPRESENTATION('',(#872),#879);
#872 = B_SPLINE_CURVE_WITH_KNOTS('',5,(#873,#874,#875,#876,#877,#878),
  .UNSPECIFIED.,.F.,.F.,(6,6),(0.,1.),.PIECEWISE_BEZIER_KNOTS.);
#873 = CARTESIAN_POINT('',(1.,-1.E-02));
#874 = CARTESIAN_POINT('',(0.801739990443,-1.E-02));
#875 = CARTESIAN_POINT('',(0.602315066808,-1.E-02));
#876 = CARTESIAN_POINT('',(0.402005978503,-1.E-02));
#877 = CARTESIAN_POINT('',(0.201121325821,-1.E-02));
#878 = CARTESIAN_POINT('',(0.,-1.E-02));
#879 = ( GEOMETRIC_REPRESENTATION_CONTEXT(2) 
PARAMETRIC_REPRESENTATION_CONTEXT() REPRESENTATION_CONTEXT('2D SPACE',''
  ) );
#880 = ORIENTED_EDGE('',*,*,#881,.F.);
#881 = EDGE_CURVE('',#882,#843,#884,.T.);
#882 = VERTEX_POINT('',#883);
#883 = CARTESIAN_POINT('',(80.600830078125,3.275634765625,2.2));
#884 = SURFACE_CURVE('',#885,(#892,#902),.PCURVE_S1.);
#885 = B_SPLINE_CURVE_WITH_KNOTS('',5,(#886,#887,#888,#889,#890,#891),
  .UNSPECIFIED.,.F.,.F.,(6,6),(0.,1.),.PIECEWISE_BEZIER_KNOTS.);
#886 = CARTESIAN_POINT('',(80.600830078125,3.275634765625,2.2));
#887 = CARTESIAN_POINT('',(80.550686127121,3.256167114059,2.2));
#888 = CARTESIAN_POINT('',(80.496794557493,3.241643415495,2.2));
#889 = CARTESIAN_POINT('',(80.439249683887,3.232042576984,2.2));
#890 = CARTESIAN_POINT('',(80.378176378063,3.227294921875,2.2));
#891 = CARTESIAN_POINT('',(80.313720703125,3.227294921875,2.2));
#892 = PCURVE('',#125,#893);
#893 = DEFINITIONAL_REPRESENTATION('',(#894),#901);
#894 = B_SPLINE_CURVE_WITH_KNOTS('',5,(#895,#896,#897,#898,#899,#900),
  .UNSPECIFIED.,.F.,.F.,(6,6),(0.,1.),.PIECEWISE_BEZIER_KNOTS.);
#895 = CARTESIAN_POINT('',(4.600830078125,3.275634765625));
#896 = CARTESIAN_POINT('',(4.550686127121,3.256167114059));
#897 = CARTESIAN_POINT('',(4.496794557493,3.241643415495));
#898 = CARTESIAN_POINT('',(4.439249683887,3.232042576984));
#899 = CARTESIAN_POINT('',(4.378176378063,3.227294921875));
#900 = CARTESIAN_POINT('',(4.313720703125,3.227294921875));
#901 = ( GEOMETRIC_REPRESENTATION_CONTEXT(2) 
PARAMETRIC_REPRESENTATION_CONTEXT() REPRESENTATION_CONTEXT('2D SPACE',''
  ) );
#902 = PCURVE('',#903,#910);
#903 = SURFACE_OF_LINEAR_EXTRUSION('',#904,#908);
#904 = B_SPLINE_CURVE_WITH_KNOTS('',2,(#905,#906,#907),.UNSPECIFIED.,.F.
  ,.F.,(3,3),(0.,1.),.PIECEWISE_BEZIER_KNOTS.);
#905 = CARTESIAN_POINT('',(80.313720703125,3.227294921875,2.19));
#906 = CARTESIAN_POINT('',(80.476318359375,3.227294921875,2.19));
#907 = CARTESIAN_POINT('',(80.600830078125,3.275634765625,2.19));
#908 = VECTOR('',#909,1.);
#909 = DIRECTION('',(-0.,-0.,-1.));
#910 = DEFINITIONAL_REPRESENTATION('',(#911),#918);
#911 = B_SPLINE_CURVE_WITH_KNOTS('',5,(#912,#913,#914,#915,#916,#917),
  .UNSPECIFIED.,.F.,.F.,(6,6),(0.,1.),.PIECEWISE_BEZIER_KNOTS.);
#912 = CARTESIAN_POINT('',(1.,-1.E-02));
#913 = CARTESIAN_POINT('',(0.798637624205,-1.E-02));
#914 = CARTESIAN_POINT('',(0.597729181995,-1.E-02));
#915 = CARTESIAN_POINT('',(0.397513594279,-1.E-02));
#916 = CARTESIAN_POINT('',(0.198206039449,-1.E-02));
#917 = CARTESIAN_POINT('',(0.,-1.E-02));
#918 = ( GEOMETRIC_REPRESENTATION_CONTEXT(2) 
PARAMETRIC_REPRESENTATION_CONTEXT() REPRESENTATION_CONTEXT('2D SPACE',''
  ) );
#919 = ORIENTED_EDGE('',*,*,#920,.F.);
#920 = EDGE_CURVE('',#921,#882,#923,.T.);
#921 = VERTEX_POINT('',#922);
#922 = CARTESIAN_POINT('',(80.7861328125,3.408203125,2.2));
#923 = SURFACE_CURVE('',#924,(#931,#941),.PCURVE_S1.);
#924 = B_SPLINE_CURVE_WITH_KNOTS('',5,(#925,#926,#927,#928,#929,#930),
  .UNSPECIFIED.,.F.,.F.,(6,6),(0.,1.),.PIECEWISE_BEZIER_KNOTS.);
#925 = CARTESIAN_POINT('',(80.7861328125,3.408203125,2.2));
#926 = CARTESIAN_POINT('',(80.761694199895,3.374342396692,2.2));
#927 = CARTESIAN_POINT('',(80.730838986256,3.344133950935,2.2));
#928 = CARTESIAN_POINT('',(80.693631051351,3.317625998724,2.2));
#929 = CARTESIAN_POINT('',(80.650221880504,3.294810406549,2.2));
#930 = CARTESIAN_POINT('',(80.600830078125,3.275634765625,2.2));
#931 = PCURVE('',#125,#932);
#932 = DEFINITIONAL_REPRESENTATION('',(#933),#940);
#933 = B_SPLINE_CURVE_WITH_KNOTS('',5,(#934,#935,#936,#937,#938,#939),
  .UNSPECIFIED.,.F.,.F.,(6,6),(0.,1.),.PIECEWISE_BEZIER_KNOTS.);
#934 = CARTESIAN_POINT('',(4.7861328125,3.408203125));
#935 = CARTESIAN_POINT('',(4.761694199895,3.374342396692));
#936 = CARTESIAN_POINT('',(4.730838986256,3.344133950935));
#937 = CARTESIAN_POINT('',(4.693631051351,3.317625998724));
#938 = CARTESIAN_POINT('',(4.650221880504,3.294810406549));
#939 = CARTESIAN_POINT('',(4.600830078125,3.275634765625));
#940 = ( GEOMETRIC_REPRESENTATION_CONTEXT(2) 
PARAMETRIC_REPRESENTATION_CONTEXT() REPRESENTATION_CONTEXT('2D SPACE',''
  ) );
#941 = PCURVE('',#942,#949);
#942 = SURFACE_OF_LINEAR_EXTRUSION('',#943,#947);
#943 = B_SPLINE_CURVE_WITH_KNOTS('',2,(#944,#945,#946),.UNSPECIFIED.,.F.
  ,.F.,(3,3),(0.,1.),.PIECEWISE_BEZIER_KNOTS.);
#944 = CARTESIAN_POINT('',(80.600830078125,3.275634765625,2.19));
#945 = CARTESIAN_POINT('',(80.725341796875,3.323974609375,2.19));
#946 = CARTESIAN_POINT('',(80.7861328125,3.408203125,2.19));
#947 = VECTOR('',#948,1.);
#948 = DIRECTION('',(-0.,-0.,-1.));
#949 = DEFINITIONAL_REPRESENTATION('',(#950),#957);
#950 = B_SPLINE_CURVE_WITH_KNOTS('',5,(#951,#952,#953,#954,#955,#956),
  .UNSPECIFIED.,.F.,.F.,(6,6),(0.,1.),.PIECEWISE_BEZIER_KNOTS.);
#951 = CARTESIAN_POINT('',(1.,-1.E-02));
#952 = CARTESIAN_POINT('',(0.798994865001,-1.E-02));
#953 = CARTESIAN_POINT('',(0.598151525264,-1.E-02));
#954 = CARTESIAN_POINT('',(0.397825308268,-1.E-02));
#955 = CARTESIAN_POINT('',(0.198341982888,-1.E-02));
#956 = CARTESIAN_POINT('',(0.,-1.E-02));
#957 = ( GEOMETRIC_REPRESENTATION_CONTEXT(2) 
PARAMETRIC_REPRESENTATION_CONTEXT() REPRESENTATION_CONTEXT('2D SPACE',''
  ) );
#958 = ORIENTED_EDGE('',*,*,#959,.F.);
#959 = EDGE_CURVE('',#960,#921,#962,.T.);
#960 = VERTEX_POINT('',#961);
#961 = CARTESIAN_POINT('',(80.846923828125,3.592041015625,2.2));
#962 = SURFACE_CURVE('',#963,(#972,#984),.PCURVE_S1.);
#963 = B_SPLINE_CURVE_WITH_KNOTS('',4,(#964,#965,#966,#967,#968,#969,
    #970,#971),.UNSPECIFIED.,.F.,.F.,(5,3,5),(0.,0.387868823402,1.),
  .UNSPECIFIED.);
#964 = CARTESIAN_POINT('',(80.846923828125,3.592041015625,2.2));
#965 = CARTESIAN_POINT('',(80.846923828125,3.572731567028,2.2));
#966 = CARTESIAN_POINT('',(80.84540087432,3.55379272953,2.2));
#967 = CARTESIAN_POINT('',(80.842349728815,3.535233102751,2.2));
#968 = CARTESIAN_POINT('',(80.830547740436,3.488378431956,2.2));
#969 = CARTESIAN_POINT('',(80.819521350243,3.460658980626,2.2));
#970 = CARTESIAN_POINT('',(80.804699941463,3.433928665129,2.2));
#971 = CARTESIAN_POINT('',(80.7861328125,3.408203125,2.2));
#972 = PCURVE('',#125,#973);
#973 = DEFINITIONAL_REPRESENTATION('',(#974),#983);
#974 = B_SPLINE_CURVE_WITH_KNOTS('',4,(#975,#976,#977,#978,#979,#980,
    #981,#982),.UNSPECIFIED.,.F.,.F.,(5,3,5),(0.,0.387868823402,1.),
  .UNSPECIFIED.);
#975 = CARTESIAN_POINT('',(4.846923828125,3.592041015625));
#976 = CARTESIAN_POINT('',(4.846923828125,3.572731567028));
#977 = CARTESIAN_POINT('',(4.84540087432,3.55379272953));
#978 = CARTESIAN_POINT('',(4.842349728815,3.535233102751));
#979 = CARTESIAN_POINT('',(4.830547740436,3.488378431956));
#980 = CARTESIAN_POINT('',(4.819521350243,3.460658980626));
#981 = CARTESIAN_POINT('',(4.804699941463,3.433928665129));
#982 = CARTESIAN_POINT('',(4.7861328125,3.408203125));
#983 = ( GEOMETRIC_REPRESENTATION_CONTEXT(2) 
PARAMETRIC_REPRESENTATION_CONTEXT() REPRESENTATION_CONTEXT('2D SPACE',''
  ) );
#984 = PCURVE('',#985,#992);
#985 = SURFACE_OF_LINEAR_EXTRUSION('',#986,#990);
#986 = B_SPLINE_CURVE_WITH_KNOTS('',2,(#987,#988,#989),.UNSPECIFIED.,.F.
  ,.F.,(3,3),(0.,1.),.PIECEWISE_BEZIER_KNOTS.);
#987 = CARTESIAN_POINT('',(80.7861328125,3.408203125,2.19));
#988 = CARTESIAN_POINT('',(80.846923828125,3.492431640625,2.19));
#989 = CARTESIAN_POINT('',(80.846923828125,3.592041015625,2.19));
#990 = VECTOR('',#991,1.);
#991 = DIRECTION('',(-0.,-0.,-1.));
#992 = DEFINITIONAL_REPRESENTATION('',(#993),#1002);
#993 = B_SPLINE_CURVE_WITH_KNOTS('',4,(#994,#995,#996,#997,#998,#999,
    #1000,#1001),.UNSPECIFIED.,.F.,.F.,(5,3,5),(0.,0.387868823402,1.),
  .UNSPECIFIED.);
#994 = CARTESIAN_POINT('',(1.,-1.E-02));
#995 = CARTESIAN_POINT('',(0.903074140375,-1.E-02));
#996 = CARTESIAN_POINT('',(0.806074419419,-1.E-02));
#997 = CARTESIAN_POINT('',(0.709037351609,-1.E-02));
#998 = CARTESIAN_POINT('',(0.458856502429,-1.E-02));
#999 = CARTESIAN_POINT('',(0.305711977142,-1.E-02));
#1000 = CARTESIAN_POINT('',(0.152712771551,-1.E-02));
#1001 = CARTESIAN_POINT('',(0.,-1.E-02));
#1002 = ( GEOMETRIC_REPRESENTATION_CONTEXT(2) 
PARAMETRIC_REPRESENTATION_CONTEXT() REPRESENTATION_CONTEXT('2D SPACE',''
  ) );
#1003 = ORIENTED_EDGE('',*,*,#1004,.F.);
#1004 = EDGE_CURVE('',#1005,#960,#1007,.T.);
#1005 = VERTEX_POINT('',#1006);
#1006 = CARTESIAN_POINT('',(80.788330078125,3.7685546875,2.2));
#1007 = SURFACE_CURVE('',#1008,(#1017,#1029),.PCURVE_S1.);
#1008 = B_SPLINE_CURVE_WITH_KNOTS('',4,(#1009,#1010,#1011,#1012,#1013,
    #1014,#1015,#1016),.UNSPECIFIED.,.F.,.F.,(5,3,5),(0.,0.367835873172,
    1.),.UNSPECIFIED.);
#1009 = CARTESIAN_POINT('',(80.788330078125,3.7685546875,2.2));
#1010 = CARTESIAN_POINT('',(80.799103687184,3.754683665836,2.2));
#1011 = CARTESIAN_POINT('',(80.808564316207,3.740225029263,2.2));
#1012 = CARTESIAN_POINT('',(80.816703924974,3.72518183598,2.2));
#1013 = CARTESIAN_POINT('',(80.835234344784,3.682711403868,2.2));
#1014 = CARTESIAN_POINT('',(80.843039641377,3.654153034488,2.2));
#1015 = CARTESIAN_POINT('',(80.846923828125,3.623913298154,2.2));
#1016 = CARTESIAN_POINT('',(80.846923828125,3.592041015625,2.2));
#1017 = PCURVE('',#125,#1018);
#1018 = DEFINITIONAL_REPRESENTATION('',(#1019),#1028);
#1019 = B_SPLINE_CURVE_WITH_KNOTS('',4,(#1020,#1021,#1022,#1023,#1024,
    #1025,#1026,#1027),.UNSPECIFIED.,.F.,.F.,(5,3,5),(0.,0.367835873172,
    1.),.UNSPECIFIED.);
#1020 = CARTESIAN_POINT('',(4.788330078125,3.7685546875));
#1021 = CARTESIAN_POINT('',(4.799103687184,3.754683665836));
#1022 = CARTESIAN_POINT('',(4.808564316207,3.740225029263));
#1023 = CARTESIAN_POINT('',(4.816703924974,3.72518183598));
#1024 = CARTESIAN_POINT('',(4.835234344784,3.682711403868));
#1025 = CARTESIAN_POINT('',(4.843039641377,3.654153034488));
#1026 = CARTESIAN_POINT('',(4.846923828125,3.623913298154));
#1027 = CARTESIAN_POINT('',(4.846923828125,3.592041015625));
#1028 = ( GEOMETRIC_REPRESENTATION_CONTEXT(2) 
PARAMETRIC_REPRESENTATION_CONTEXT() REPRESENTATION_CONTEXT('2D SPACE',''
  ) );
#1029 = PCURVE('',#1030,#1037);
#1030 = SURFACE_OF_LINEAR_EXTRUSION('',#1031,#1035);
#1031 = B_SPLINE_CURVE_WITH_KNOTS('',2,(#1032,#1033,#1034),
  .UNSPECIFIED.,.F.,.F.,(3,3),(0.,1.),.PIECEWISE_BEZIER_KNOTS.);
#1032 = CARTESIAN_POINT('',(80.846923828125,3.592041015625,2.19));
#1033 = CARTESIAN_POINT('',(80.846923828125,3.693115234375,2.19));
#1034 = CARTESIAN_POINT('',(80.788330078125,3.7685546875,2.19));
#1035 = VECTOR('',#1036,1.);
#1036 = DIRECTION('',(-0.,-0.,-1.));
#1037 = DEFINITIONAL_REPRESENTATION('',(#1038),#1047);
#1038 = B_SPLINE_CURVE_WITH_KNOTS('',4,(#1039,#1040,#1041,#1042,#1043,
    #1044,#1045,#1046),.UNSPECIFIED.,.F.,.F.,(5,3,5),(0.,0.367835873172,
    1.),.UNSPECIFIED.);
#1039 = CARTESIAN_POINT('',(1.,-1.E-02));
#1040 = CARTESIAN_POINT('',(0.908065202694,-1.E-02));
#1041 = CARTESIAN_POINT('',(0.816065175383,-1.E-02));
#1042 = CARTESIAN_POINT('',(0.724032447611,-1.E-02));
#1043 = CARTESIAN_POINT('',(0.473832686459,-1.E-02));
#1044 = CARTESIAN_POINT('',(0.315665811492,-1.E-02));
#1045 = CARTESIAN_POINT('',(0.157667716474,-1.E-02));
#1046 = CARTESIAN_POINT('',(0.,-1.E-02));
#1047 = ( GEOMETRIC_REPRESENTATION_CONTEXT(2) 
PARAMETRIC_REPRESENTATION_CONTEXT() REPRESENTATION_CONTEXT('2D SPACE',''
  ) );
#1048 = ORIENTED_EDGE('',*,*,#1049,.F.);
#1049 = EDGE_CURVE('',#1050,#1005,#1052,.T.);
#1050 = VERTEX_POINT('',#1051);
#1051 = CARTESIAN_POINT('',(80.594970703125,3.895263671875,2.2));
#1052 = SURFACE_CURVE('',#1053,(#1060,#1070),.PCURVE_S1.);
#1053 = B_SPLINE_CURVE_WITH_KNOTS('',5,(#1054,#1055,#1056,#1057,#1058,
    #1059),.UNSPECIFIED.,.F.,.F.,(6,6),(0.,1.),
  .PIECEWISE_BEZIER_KNOTS.);
#1054 = CARTESIAN_POINT('',(80.594970703125,3.895263671875,2.2));
#1055 = CARTESIAN_POINT('',(80.648184614217,3.875019249177,2.2));
#1056 = CARTESIAN_POINT('',(80.694414607659,3.852252552414,2.2));
#1057 = CARTESIAN_POINT('',(80.733330240178,3.826918489472,2.2));
#1058 = CARTESIAN_POINT('',(80.764678477557,3.799006123232,2.2));
#1059 = CARTESIAN_POINT('',(80.788330078125,3.7685546875,2.2));
#1060 = PCURVE('',#125,#1061);
#1061 = DEFINITIONAL_REPRESENTATION('',(#1062),#1069);
#1062 = B_SPLINE_CURVE_WITH_KNOTS('',5,(#1063,#1064,#1065,#1066,#1067,
    #1068),.UNSPECIFIED.,.F.,.F.,(6,6),(0.,1.),
  .PIECEWISE_BEZIER_KNOTS.);
#1063 = CARTESIAN_POINT('',(4.594970703125,3.895263671875));
#1064 = CARTESIAN_POINT('',(4.648184614217,3.875019249177));
#1065 = CARTESIAN_POINT('',(4.694414607659,3.852252552414));
#1066 = CARTESIAN_POINT('',(4.733330240178,3.826918489472));
#1067 = CARTESIAN_POINT('',(4.764678477557,3.799006123232));
#1068 = CARTESIAN_POINT('',(4.788330078125,3.7685546875));
#1069 = ( GEOMETRIC_REPRESENTATION_CONTEXT(2) 
PARAMETRIC_REPRESENTATION_CONTEXT() REPRESENTATION_CONTEXT('2D SPACE',''
  ) );
#1070 = PCURVE('',#1071,#1078);
#1071 = SURFACE_OF_LINEAR_EXTRUSION('',#1072,#1076);
#1072 = B_SPLINE_CURVE_WITH_KNOTS('',2,(#1073,#1074,#1075),
  .UNSPECIFIED.,.F.,.F.,(3,3),(0.,1.),.PIECEWISE_BEZIER_KNOTS.);
#1073 = CARTESIAN_POINT('',(80.788330078125,3.7685546875,2.19));
#1074 = CARTESIAN_POINT('',(80.729736328125,3.843994140625,2.19));
#1075 = CARTESIAN_POINT('',(80.594970703125,3.895263671875,2.19));
#1076 = VECTOR('',#1077,1.);
#1077 = DIRECTION('',(-0.,-0.,-1.));
#1078 = DEFINITIONAL_REPRESENTATION('',(#1079),#1086);
#1079 = B_SPLINE_CURVE_WITH_KNOTS('',5,(#1080,#1081,#1082,#1083,#1084,
    #1085),.UNSPECIFIED.,.F.,.F.,(6,6),(0.,1.),
  .PIECEWISE_BEZIER_KNOTS.);
#1080 = CARTESIAN_POINT('',(1.,-1.E-02));
#1081 = CARTESIAN_POINT('',(0.802568677689,-1.E-02));
#1082 = CARTESIAN_POINT('',(0.603509057316,-1.E-02));
#1083 = CARTESIAN_POINT('',(0.403138904467,-1.E-02));
#1084 = CARTESIAN_POINT('',(0.201826991517,-1.E-02));
#1085 = CARTESIAN_POINT('',(0.,-1.E-02));
#1086 = ( GEOMETRIC_REPRESENTATION_CONTEXT(2) 
PARAMETRIC_REPRESENTATION_CONTEXT() REPRESENTATION_CONTEXT('2D SPACE',''
  ) );
#1087 = ORIENTED_EDGE('',*,*,#1088,.F.);
#1088 = EDGE_CURVE('',#1089,#1050,#1091,.T.);
#1089 = VERTEX_POINT('',#1090);
#1090 = CARTESIAN_POINT('',(80.212646484375,4.,2.2));
#1091 = SURFACE_CURVE('',#1092,(#1100,#1111),.PCURVE_S1.);
#1092 = B_SPLINE_CURVE_WITH_KNOTS('',6,(#1093,#1094,#1095,#1096,#1097,
    #1098,#1099),.UNSPECIFIED.,.F.,.F.,(7,7),(0.,1.),
  .PIECEWISE_BEZIER_KNOTS.);
#1093 = CARTESIAN_POINT('',(80.212646484375,4.,2.2));
#1094 = CARTESIAN_POINT('',(80.303778647506,3.978119257862,2.2));
#1095 = CARTESIAN_POINT('',(80.386186215509,3.957596834715,2.2));
#1096 = CARTESIAN_POINT('',(80.458337768454,3.938703276676,2.2));
#1097 = CARTESIAN_POINT('',(80.518372760839,3.921781517941,2.2));
#1098 = CARTESIAN_POINT('',(80.56432567159,3.907210040101,2.2));
#1099 = CARTESIAN_POINT('',(80.594970703125,3.895263671875,2.2));
#1100 = PCURVE('',#125,#1101);
#1101 = DEFINITIONAL_REPRESENTATION('',(#1102),#1110);
#1102 = B_SPLINE_CURVE_WITH_KNOTS('',6,(#1103,#1104,#1105,#1106,#1107,
    #1108,#1109),.UNSPECIFIED.,.F.,.F.,(7,7),(0.,1.),
  .PIECEWISE_BEZIER_KNOTS.);
#1103 = CARTESIAN_POINT('',(4.212646484375,4.));
#1104 = CARTESIAN_POINT('',(4.303778647506,3.978119257862));
#1105 = CARTESIAN_POINT('',(4.386186215509,3.957596834715));
#1106 = CARTESIAN_POINT('',(4.458337768454,3.938703276676));
#1107 = CARTESIAN_POINT('',(4.518372760839,3.921781517941));
#1108 = CARTESIAN_POINT('',(4.56432567159,3.907210040101));
#1109 = CARTESIAN_POINT('',(4.594970703125,3.895263671875));
#1110 = ( GEOMETRIC_REPRESENTATION_CONTEXT(2) 
PARAMETRIC_REPRESENTATION_CONTEXT() REPRESENTATION_CONTEXT('2D SPACE',''
  ) );
#1111 = PCURVE('',#1112,#1119);
#1112 = SURFACE_OF_LINEAR_EXTRUSION('',#1113,#1117);
#1113 = B_SPLINE_CURVE_WITH_KNOTS('',2,(#1114,#1115,#1116),
  .UNSPECIFIED.,.F.,.F.,(3,3),(0.,1.),.PIECEWISE_BEZIER_KNOTS.);
#1114 = CARTESIAN_POINT('',(80.594970703125,3.895263671875,2.19));
#1115 = CARTESIAN_POINT('',(80.508544921875,3.928955078125,2.19));
#1116 = CARTESIAN_POINT('',(80.212646484375,4.,2.19));
#1117 = VECTOR('',#1118,1.);
#1118 = DIRECTION('',(-0.,-0.,-1.));
#1119 = DEFINITIONAL_REPRESENTATION('',(#1120),#1128);
#1120 = B_SPLINE_CURVE_WITH_KNOTS('',6,(#1121,#1122,#1123,#1124,#1125,
    #1126,#1127),.UNSPECIFIED.,.F.,.F.,(7,7),(0.,1.),
  .PIECEWISE_BEZIER_KNOTS.);
#1121 = CARTESIAN_POINT('',(1.,-1.E-02));
#1122 = CARTESIAN_POINT('',(0.846007697943,-1.E-02));
#1123 = CARTESIAN_POINT('',(0.686614207581,-1.E-02));
#1124 = CARTESIAN_POINT('',(0.521750073798,-9.999999999999E-03));
#1125 = CARTESIAN_POINT('',(0.351720512959,-1.E-02));
#1126 = CARTESIAN_POINT('',(0.1772910299,-1.E-02));
#1127 = CARTESIAN_POINT('',(0.,-1.E-02));
#1128 = ( GEOMETRIC_REPRESENTATION_CONTEXT(2) 
PARAMETRIC_REPRESENTATION_CONTEXT() REPRESENTATION_CONTEXT('2D SPACE',''
  ) );
#1129 = ORIENTED_EDGE('',*,*,#1130,.F.);
#1130 = EDGE_CURVE('',#1131,#1089,#1133,.T.);
#1131 = VERTEX_POINT('',#1132);
#1132 = CARTESIAN_POINT('',(79.798095703125,4.134033203125,2.2));
#1133 = SURFACE_CURVE('',#1134,(#1142,#1153),.PCURVE_S1.);
#1134 = B_SPLINE_CURVE_WITH_KNOTS('',6,(#1135,#1136,#1137,#1138,#1139,
    #1140,#1141),.UNSPECIFIED.,.F.,.F.,(7,7),(0.,1.),
  .PIECEWISE_BEZIER_KNOTS.);
#1135 = CARTESIAN_POINT('',(79.798095703125,4.134033203125,2.2));
#1136 = CARTESIAN_POINT('',(79.83991848433,4.111830985942,2.2));
#1137 = CARTESIAN_POINT('',(79.894238651688,4.08940817516,2.2));
#1138 = CARTESIAN_POINT('',(79.959995490116,4.066915459057,2.2));
#1139 = CARTESIAN_POINT('',(80.035816111342,4.044468488907,2.2));
#1140 = CARTESIAN_POINT('',(80.120401246263,4.022147990339,2.2));
#1141 = CARTESIAN_POINT('',(80.212646484375,4.,2.2));
#1142 = PCURVE('',#125,#1143);
#1143 = DEFINITIONAL_REPRESENTATION('',(#1144),#1152);
#1144 = B_SPLINE_CURVE_WITH_KNOTS('',6,(#1145,#1146,#1147,#1148,#1149,
    #1150,#1151),.UNSPECIFIED.,.F.,.F.,(7,7),(0.,1.),
  .PIECEWISE_BEZIER_KNOTS.);
#1145 = CARTESIAN_POINT('',(3.798095703125,4.134033203125));
#1146 = CARTESIAN_POINT('',(3.83991848433,4.111830985942));
#1147 = CARTESIAN_POINT('',(3.894238651688,4.08940817516));
#1148 = CARTESIAN_POINT('',(3.959995490116,4.066915459057));
#1149 = CARTESIAN_POINT('',(4.035816111342,4.044468488907));
#1150 = CARTESIAN_POINT('',(4.120401246263,4.022147990339));
#1151 = CARTESIAN_POINT('',(4.212646484375,4.));
#1152 = ( GEOMETRIC_REPRESENTATION_CONTEXT(2) 
PARAMETRIC_REPRESENTATION_CONTEXT() REPRESENTATION_CONTEXT('2D SPACE',''
  ) );
#1153 = PCURVE('',#1154,#1161);
#1154 = SURFACE_OF_LINEAR_EXTRUSION('',#1155,#1159);
#1155 = B_SPLINE_CURVE_WITH_KNOTS('',2,(#1156,#1157,#1158),
  .UNSPECIFIED.,.F.,.F.,(3,3),(0.,1.),.PIECEWISE_BEZIER_KNOTS.);
#1156 = CARTESIAN_POINT('',(80.212646484375,4.,2.19));
#1157 = CARTESIAN_POINT('',(79.916748046875,4.071044921875,2.19));
#1158 = CARTESIAN_POINT('',(79.798095703125,4.134033203125,2.19));
#1159 = VECTOR('',#1160,1.);
#1160 = DIRECTION('',(-0.,-0.,-1.));
#1161 = DEFINITIONAL_REPRESENTATION('',(#1162),#1170);
#1162 = B_SPLINE_CURVE_WITH_KNOTS('',6,(#1163,#1164,#1165,#1166,#1167,
    #1168,#1169),.UNSPECIFIED.,.F.,.F.,(7,7),(0.,1.),
  .PIECEWISE_BEZIER_KNOTS.);
#1163 = CARTESIAN_POINT('',(1.,-1.E-02));
#1164 = CARTESIAN_POINT('',(0.823759144224,-1.E-02));
#1165 = CARTESIAN_POINT('',(0.650534778162,-1.E-02));
#1166 = CARTESIAN_POINT('',(0.481216510023,-1.E-02));
#1167 = CARTESIAN_POINT('',(0.3162665958,-1.E-02));
#1168 = CARTESIAN_POINT('',(0.155873141628,-1.E-02));
#1169 = CARTESIAN_POINT('',(0.,-1.E-02));
#1170 = ( GEOMETRIC_REPRESENTATION_CONTEXT(2) 
PARAMETRIC_REPRESENTATION_CONTEXT() REPRESENTATION_CONTEXT('2D SPACE',''
  ) );
#1171 = ORIENTED_EDGE('',*,*,#1172,.F.);
#1172 = EDGE_CURVE('',#1173,#1131,#1175,.T.);
#1173 = VERTEX_POINT('',#1174);
#1174 = CARTESIAN_POINT('',(79.56884765625,4.333984375,2.2));
#1175 = SURFACE_CURVE('',#1176,(#1183,#1193),.PCURVE_S1.);
#1176 = B_SPLINE_CURVE_WITH_KNOTS('',5,(#1177,#1178,#1179,#1180,#1181,
    #1182),.UNSPECIFIED.,.F.,.F.,(6,6),(0.,1.),
  .PIECEWISE_BEZIER_KNOTS.);
#1177 = CARTESIAN_POINT('',(79.56884765625,4.333984375,2.2));
#1178 = CARTESIAN_POINT('',(79.599235994845,4.285894091593,2.2));
#1179 = CARTESIAN_POINT('',(79.637536599457,4.241796598444,2.2));
#1180 = CARTESIAN_POINT('',(79.683637441767,4.201792259844,2.2));
#1181 = CARTESIAN_POINT('',(79.737277877935,4.165890159177,2.2));
#1182 = CARTESIAN_POINT('',(79.798095703125,4.134033203125,2.2));
#1183 = PCURVE('',#125,#1184);
#1184 = DEFINITIONAL_REPRESENTATION('',(#1185),#1192);
#1185 = B_SPLINE_CURVE_WITH_KNOTS('',5,(#1186,#1187,#1188,#1189,#1190,
    #1191),.UNSPECIFIED.,.F.,.F.,(6,6),(0.,1.),
  .PIECEWISE_BEZIER_KNOTS.);
#1186 = CARTESIAN_POINT('',(3.56884765625,4.333984375));
#1187 = CARTESIAN_POINT('',(3.599235994845,4.285894091593));
#1188 = CARTESIAN_POINT('',(3.637536599457,4.241796598444));
#1189 = CARTESIAN_POINT('',(3.683637441767,4.201792259844));
#1190 = CARTESIAN_POINT('',(3.737277877935,4.165890159177));
#1191 = CARTESIAN_POINT('',(3.798095703125,4.134033203125));
#1192 = ( GEOMETRIC_REPRESENTATION_CONTEXT(2) 
PARAMETRIC_REPRESENTATION_CONTEXT() REPRESENTATION_CONTEXT('2D SPACE',''
  ) );
#1193 = PCURVE('',#1194,#1201);
#1194 = SURFACE_OF_LINEAR_EXTRUSION('',#1195,#1199);
#1195 = B_SPLINE_CURVE_WITH_KNOTS('',2,(#1196,#1197,#1198),
  .UNSPECIFIED.,.F.,.F.,(3,3),(0.,1.),.PIECEWISE_BEZIER_KNOTS.);
#1196 = CARTESIAN_POINT('',(79.798095703125,4.134033203125,2.19));
#1197 = CARTESIAN_POINT('',(79.644287109375,4.214599609375,2.19));
#1198 = CARTESIAN_POINT('',(79.56884765625,4.333984375,2.19));
#1199 = VECTOR('',#1200,1.);
#1200 = DIRECTION('',(-0.,-0.,-1.));
#1201 = DEFINITIONAL_REPRESENTATION('',(#1202),#1209);
#1202 = B_SPLINE_CURVE_WITH_KNOTS('',5,(#1203,#1204,#1205,#1206,#1207,
    #1208),.UNSPECIFIED.,.F.,.F.,(6,6),(0.,1.),
  .PIECEWISE_BEZIER_KNOTS.);
#1203 = CARTESIAN_POINT('',(1.,-1.E-02));
#1204 = CARTESIAN_POINT('',(0.79859120569,-1.E-02));
#1205 = CARTESIAN_POINT('',(0.59741727431,-1.E-02));
#1206 = CARTESIAN_POINT('',(0.396975344599,-1.E-02));
#1207 = CARTESIAN_POINT('',(0.197706199981,-1.E-02));
#1208 = CARTESIAN_POINT('',(0.,-1.E-02));
#1209 = ( GEOMETRIC_REPRESENTATION_CONTEXT(2) 
PARAMETRIC_REPRESENTATION_CONTEXT() REPRESENTATION_CONTEXT('2D SPACE',''
  ) );
#1210 = ORIENTED_EDGE('',*,*,#1211,.F.);
#1211 = EDGE_CURVE('',#1212,#1173,#1214,.T.);
#1212 = VERTEX_POINT('',#1213);
#1213 = CARTESIAN_POINT('',(79.493408203125,4.601318359375,2.2));
#1214 = SURFACE_CURVE('',#1215,(#1224,#1236),.PCURVE_S1.);
#1215 = B_SPLINE_CURVE_WITH_KNOTS('',4,(#1216,#1217,#1218,#1219,#1220,
    #1221,#1222,#1223),.UNSPECIFIED.,.F.,.F.,(5,3,5),(0.,0.648275030697,
    1.),.UNSPECIFIED.);
#1216 = CARTESIAN_POINT('',(79.493408203125,4.601318359375,2.2));
#1217 = CARTESIAN_POINT('',(79.493408203125,4.55354430566,2.2));
#1218 = CARTESIAN_POINT('',(79.498652075041,4.507595670492,2.2));
#1219 = CARTESIAN_POINT('',(79.509219940769,4.463580179889,2.2));
#1220 = CARTESIAN_POINT('',(79.533693489386,4.398777930998,2.2));
#1221 = CARTESIAN_POINT('',(79.543860902204,4.376575714546,2.2));
#1222 = CARTESIAN_POINT('',(79.555583457521,4.354975291435,2.2));
#1223 = CARTESIAN_POINT('',(79.56884765625,4.333984375,2.2));
#1224 = PCURVE('',#125,#1225);
#1225 = DEFINITIONAL_REPRESENTATION('',(#1226),#1235);
#1226 = B_SPLINE_CURVE_WITH_KNOTS('',4,(#1227,#1228,#1229,#1230,#1231,
    #1232,#1233,#1234),.UNSPECIFIED.,.F.,.F.,(5,3,5),(0.,0.648275030697,
    1.),.UNSPECIFIED.);
#1227 = CARTESIAN_POINT('',(3.493408203125,4.601318359375));
#1228 = CARTESIAN_POINT('',(3.493408203125,4.55354430566));
#1229 = CARTESIAN_POINT('',(3.498652075041,4.507595670492));
#1230 = CARTESIAN_POINT('',(3.509219940769,4.463580179889));
#1231 = CARTESIAN_POINT('',(3.533693489386,4.398777930998));
#1232 = CARTESIAN_POINT('',(3.543860902204,4.376575714546));
#1233 = CARTESIAN_POINT('',(3.555583457521,4.354975291435));
#1234 = CARTESIAN_POINT('',(3.56884765625,4.333984375));
#1235 = ( GEOMETRIC_REPRESENTATION_CONTEXT(2) 
PARAMETRIC_REPRESENTATION_CONTEXT() REPRESENTATION_CONTEXT('2D SPACE',''
  ) );
#1236 = PCURVE('',#1237,#1244);
#1237 = SURFACE_OF_LINEAR_EXTRUSION('',#1238,#1242);
#1238 = B_SPLINE_CURVE_WITH_KNOTS('',2,(#1239,#1240,#1241),
  .UNSPECIFIED.,.F.,.F.,(3,3),(0.,1.),.PIECEWISE_BEZIER_KNOTS.);
#1239 = CARTESIAN_POINT('',(79.56884765625,4.333984375,2.19));
#1240 = CARTESIAN_POINT('',(79.493408203125,4.453369140625,2.19));
#1241 = CARTESIAN_POINT('',(79.493408203125,4.601318359375,2.19));
#1242 = VECTOR('',#1243,1.);
#1243 = DIRECTION('',(-0.,-0.,-1.));
#1244 = DEFINITIONAL_REPRESENTATION('',(#1245),#1254);
#1245 = B_SPLINE_CURVE_WITH_KNOTS('',4,(#1246,#1247,#1248,#1249,#1250,
    #1251,#1252,#1253),.UNSPECIFIED.,.F.,.F.,(5,3,5),(0.,0.648275030697,
    1.),.UNSPECIFIED.);
#1246 = CARTESIAN_POINT('',(1.,-1.E-02));
#1247 = CARTESIAN_POINT('',(0.838545772263,-1.E-02));
#1248 = CARTESIAN_POINT('',(0.676550395375,-1.E-02));
#1249 = CARTESIAN_POINT('',(0.514275407052,-1.E-02));
#1250 = CARTESIAN_POINT('',(0.263956638986,-1.E-02));
#1251 = CARTESIAN_POINT('',(0.175912870459,-1.E-02));
#1252 = CARTESIAN_POINT('',(8.791287701367E-02,-1.E-02));
#1253 = CARTESIAN_POINT('',(0.,-1.E-02));
#1254 = ( GEOMETRIC_REPRESENTATION_CONTEXT(2) 
PARAMETRIC_REPRESENTATION_CONTEXT() REPRESENTATION_CONTEXT('2D SPACE',''
  ) );
#1255 = ORIENTED_EDGE('',*,*,#1256,.F.);
#1256 = EDGE_CURVE('',#1257,#1212,#1259,.T.);
#1257 = VERTEX_POINT('',#1258);
#1258 = CARTESIAN_POINT('',(79.585693359375,4.9052734375,2.2));
#1259 = SURFACE_CURVE('',#1260,(#1269,#1281),.PCURVE_S1.);
#1260 = B_SPLINE_CURVE_WITH_KNOTS('',4,(#1261,#1262,#1263,#1264,#1265,
    #1266,#1267,#1268),.UNSPECIFIED.,.F.,.F.,(5,3,5),(0.,0.615293963008,
    1.),.UNSPECIFIED.);
#1261 = CARTESIAN_POINT('',(79.585693359375,4.9052734375,2.2));
#1262 = CARTESIAN_POINT('',(79.557431167811,4.861982937723,2.2));
#1263 = CARTESIAN_POINT('',(79.534824391669,4.817189089212,2.2));
#1264 = CARTESIAN_POINT('',(79.518034962365,4.770951703462,2.2));
#1265 = CARTESIAN_POINT('',(79.500242179382,4.693620402693,2.2));
#1266 = CARTESIAN_POINT('',(79.495680700473,4.663344991641,2.2));
#1267 = CARTESIAN_POINT('',(79.493408203125,4.632568161955,2.2));
#1268 = CARTESIAN_POINT('',(79.493408203125,4.601318359375,2.2));
#1269 = PCURVE('',#125,#1270);
#1270 = DEFINITIONAL_REPRESENTATION('',(#1271),#1280);
#1271 = B_SPLINE_CURVE_WITH_KNOTS('',4,(#1272,#1273,#1274,#1275,#1276,
    #1277,#1278,#1279),.UNSPECIFIED.,.F.,.F.,(5,3,5),(0.,0.615293963008,
    1.),.UNSPECIFIED.);
#1272 = CARTESIAN_POINT('',(3.585693359375,4.9052734375));
#1273 = CARTESIAN_POINT('',(3.557431167811,4.861982937723));
#1274 = CARTESIAN_POINT('',(3.534824391669,4.817189089212));
#1275 = CARTESIAN_POINT('',(3.518034962365,4.770951703462));
#1276 = CARTESIAN_POINT('',(3.500242179382,4.693620402693));
#1277 = CARTESIAN_POINT('',(3.495680700473,4.663344991641));
#1278 = CARTESIAN_POINT('',(3.493408203125,4.632568161955));
#1279 = CARTESIAN_POINT('',(3.493408203125,4.601318359375));
#1280 = ( GEOMETRIC_REPRESENTATION_CONTEXT(2) 
PARAMETRIC_REPRESENTATION_CONTEXT() REPRESENTATION_CONTEXT('2D SPACE',''
  ) );
#1281 = PCURVE('',#1282,#1289);
#1282 = SURFACE_OF_LINEAR_EXTRUSION('',#1283,#1287);
#1283 = B_SPLINE_CURVE_WITH_KNOTS('',2,(#1284,#1285,#1286),
  .UNSPECIFIED.,.F.,.F.,(3,3),(0.,1.),.PIECEWISE_BEZIER_KNOTS.);
#1284 = CARTESIAN_POINT('',(79.493408203125,4.601318359375,2.19));
#1285 = CARTESIAN_POINT('',(79.493408203125,4.763916015625,2.19));
#1286 = CARTESIAN_POINT('',(79.585693359375,4.9052734375,2.19));
#1287 = VECTOR('',#1288,1.);
#1288 = DIRECTION('',(-0.,-0.,-1.));
#1289 = DEFINITIONAL_REPRESENTATION('',(#1290),#1299);
#1290 = B_SPLINE_CURVE_WITH_KNOTS('',4,(#1291,#1292,#1293,#1294,#1295,
    #1296,#1297,#1298),.UNSPECIFIED.,.F.,.F.,(5,3,5),(0.,0.615293963008,
    1.),.UNSPECIFIED.);
#1291 = CARTESIAN_POINT('',(1.,-1.E-02));
#1292 = CARTESIAN_POINT('',(0.846875745175,-1.E-02));
#1293 = CARTESIAN_POINT('',(0.69313123079,-1.E-02));
#1294 = CARTESIAN_POINT('',(0.539064989509,-1.E-02));
#1295 = CARTESIAN_POINT('',(0.28867249621,-1.E-02));
#1296 = CARTESIAN_POINT('',(0.192344923082,-1.E-02));
#1297 = CARTESIAN_POINT('',(9.609548901434E-02,-1.E-02));
#1298 = CARTESIAN_POINT('',(0.,-1.E-02));
#1299 = ( GEOMETRIC_REPRESENTATION_CONTEXT(2) 
PARAMETRIC_REPRESENTATION_CONTEXT() REPRESENTATION_CONTEXT('2D SPACE',''
  ) );
#1300 = ORIENTED_EDGE('',*,*,#1301,.F.);
#1301 = EDGE_CURVE('',#1302,#1257,#1304,.T.);
#1302 = VERTEX_POINT('',#1303);
#1303 = CARTESIAN_POINT('',(79.855224609375,5.119873046875,2.2));
#1304 = SURFACE_CURVE('',#1305,(#1316,#1330),.PCURVE_S1.);
#1305 = B_SPLINE_CURVE_WITH_KNOTS('',5,(#1306,#1307,#1308,#1309,#1310,
    #1311,#1312,#1313,#1314,#1315),.UNSPECIFIED.,.F.,.F.,(6,4,6),(0.,
    0.849629606924,1.),.UNSPECIFIED.);
#1306 = CARTESIAN_POINT('',(79.855224609375,5.119873046875,2.2));
#1307 = CARTESIAN_POINT('',(79.795634202757,5.095248911909,2.2));
#1308 = CARTESIAN_POINT('',(79.741603939843,5.065630216658,2.2));
#1309 = CARTESIAN_POINT('',(79.693445581695,5.030929383446,2.2));
#1310 = CARTESIAN_POINT('',(79.651379303474,4.991149075288,2.2));
#1311 = CARTESIAN_POINT('',(79.609150746132,4.93849225698,2.2));
#1312 = CARTESIAN_POINT('',(79.602994600843,4.930418867747,2.2));
#1313 = CARTESIAN_POINT('',(79.597032750196,4.922190757955,2.2));
#1314 = CARTESIAN_POINT('',(79.591265582532,4.913808668208,2.2));
#1315 = CARTESIAN_POINT('',(79.585693359375,4.9052734375,2.2));
#1316 = PCURVE('',#125,#1317);
#1317 = DEFINITIONAL_REPRESENTATION('',(#1318),#1329);
#1318 = B_SPLINE_CURVE_WITH_KNOTS('',5,(#1319,#1320,#1321,#1322,#1323,
    #1324,#1325,#1326,#1327,#1328),.UNSPECIFIED.,.F.,.F.,(6,4,6),(0.,
    0.849629606924,1.),.UNSPECIFIED.);
#1319 = CARTESIAN_POINT('',(3.855224609375,5.119873046875));
#1320 = CARTESIAN_POINT('',(3.795634202757,5.095248911909));
#1321 = CARTESIAN_POINT('',(3.741603939843,5.065630216658));
#1322 = CARTESIAN_POINT('',(3.693445581695,5.030929383446));
#1323 = CARTESIAN_POINT('',(3.651379303474,4.991149075288));
#1324 = CARTESIAN_POINT('',(3.609150746132,4.93849225698));
#1325 = CARTESIAN_POINT('',(3.602994600843,4.930418867747));
#1326 = CARTESIAN_POINT('',(3.597032750196,4.922190757955));
#1327 = CARTESIAN_POINT('',(3.591265582532,4.913808668208));
#1328 = CARTESIAN_POINT('',(3.585693359375,4.9052734375));
#1329 = ( GEOMETRIC_REPRESENTATION_CONTEXT(2) 
PARAMETRIC_REPRESENTATION_CONTEXT() REPRESENTATION_CONTEXT('2D SPACE',''
  ) );
#1330 = PCURVE('',#1331,#1338);
#1331 = SURFACE_OF_LINEAR_EXTRUSION('',#1332,#1336);
#1332 = B_SPLINE_CURVE_WITH_KNOTS('',2,(#1333,#1334,#1335),
  .UNSPECIFIED.,.F.,.F.,(3,3),(0.,1.),.PIECEWISE_BEZIER_KNOTS.);
#1333 = CARTESIAN_POINT('',(79.585693359375,4.9052734375,2.19));
#1334 = CARTESIAN_POINT('',(79.677978515625,5.046630859375,2.19));
#1335 = CARTESIAN_POINT('',(79.855224609375,5.119873046875,2.19));
#1336 = VECTOR('',#1337,1.);
#1337 = DIRECTION('',(-0.,-0.,-1.));
#1338 = DEFINITIONAL_REPRESENTATION('',(#1339),#1350);
#1339 = B_SPLINE_CURVE_WITH_KNOTS('',5,(#1340,#1341,#1342,#1343,#1344,
    #1345,#1346,#1347,#1348,#1349),.UNSPECIFIED.,.F.,.F.,(6,4,6),(0.,
    0.849629606924,1.),.UNSPECIFIED.);
#1340 = CARTESIAN_POINT('',(1.,-1.E-02));
#1341 = CARTESIAN_POINT('',(0.831899238631,-1.E-02));
#1342 = CARTESIAN_POINT('',(0.662551966509,-1.E-02));
#1343 = CARTESIAN_POINT('',(0.492335180891,-1.E-02));
#1344 = CARTESIAN_POINT('',(0.321664918929,-1.E-02));
#1345 = CARTESIAN_POINT('',(0.120795131038,-1.E-02));
#1346 = CARTESIAN_POINT('',(9.059025027669E-02,-1.E-02));
#1347 = CARTESIAN_POINT('',(6.0387807807E-02,-1.E-02));
#1348 = CARTESIAN_POINT('',(3.019024609843E-02,-1.E-02));
#1349 = CARTESIAN_POINT('',(0.,-1.E-02));
#1350 = ( GEOMETRIC_REPRESENTATION_CONTEXT(2) 
PARAMETRIC_REPRESENTATION_CONTEXT() REPRESENTATION_CONTEXT('2D SPACE',''
  ) );
#1351 = ORIENTED_EDGE('',*,*,#1352,.F.);
#1352 = EDGE_CURVE('',#1353,#1302,#1355,.T.);
#1353 = VERTEX_POINT('',#1354);
#1354 = CARTESIAN_POINT('',(80.249267578125,5.193115234375,2.2));
#1355 = SURFACE_CURVE('',#1356,(#1363,#1373),.PCURVE_S1.);
#1356 = B_SPLINE_CURVE_WITH_KNOTS('',5,(#1357,#1358,#1359,#1360,#1361,
    #1362),.UNSPECIFIED.,.F.,.F.,(6,6),(0.,1.),
  .PIECEWISE_BEZIER_KNOTS.);
#1357 = CARTESIAN_POINT('',(80.249267578125,5.193115234375,2.2));
#1358 = CARTESIAN_POINT('',(80.16346990603,5.193115234375,2.2));
#1359 = CARTESIAN_POINT('',(80.080929202561,5.185945778283,2.2));
#1360 = CARTESIAN_POINT('',(80.001901282878,5.171401450814,2.2));
#1361 = CARTESIAN_POINT('',(79.926609075079,5.149370759976,2.2));
#1362 = CARTESIAN_POINT('',(79.855224609375,5.119873046875,2.2));
#1363 = PCURVE('',#125,#1364);
#1364 = DEFINITIONAL_REPRESENTATION('',(#1365),#1372);
#1365 = B_SPLINE_CURVE_WITH_KNOTS('',5,(#1366,#1367,#1368,#1369,#1370,
    #1371),.UNSPECIFIED.,.F.,.F.,(6,6),(0.,1.),
  .PIECEWISE_BEZIER_KNOTS.);
#1366 = CARTESIAN_POINT('',(4.249267578125,5.193115234375));
#1367 = CARTESIAN_POINT('',(4.16346990603,5.193115234375));
#1368 = CARTESIAN_POINT('',(4.080929202561,5.185945778283));
#1369 = CARTESIAN_POINT('',(4.001901282878,5.171401450814));
#1370 = CARTESIAN_POINT('',(3.926609075079,5.149370759976));
#1371 = CARTESIAN_POINT('',(3.855224609375,5.119873046875));
#1372 = ( GEOMETRIC_REPRESENTATION_CONTEXT(2) 
PARAMETRIC_REPRESENTATION_CONTEXT() REPRESENTATION_CONTEXT('2D SPACE',''
  ) );
#1373 = PCURVE('',#1374,#1381);
#1374 = SURFACE_OF_LINEAR_EXTRUSION('',#1375,#1379);
#1375 = B_SPLINE_CURVE_WITH_KNOTS('',2,(#1376,#1377,#1378),
  .UNSPECIFIED.,.F.,.F.,(3,3),(0.,1.),.PIECEWISE_BEZIER_KNOTS.);
#1376 = CARTESIAN_POINT('',(79.855224609375,5.119873046875,2.19));
#1377 = CARTESIAN_POINT('',(80.032470703125,5.193115234375,2.19));
#1378 = CARTESIAN_POINT('',(80.249267578125,5.193115234375,2.19));
#1379 = VECTOR('',#1380,1.);
#1380 = DIRECTION('',(-0.,-0.,-1.));
#1381 = DEFINITIONAL_REPRESENTATION('',(#1382),#1389);
#1382 = B_SPLINE_CURVE_WITH_KNOTS('',5,(#1383,#1384,#1385,#1386,#1387,
    #1388),.UNSPECIFIED.,.F.,.F.,(6,6),(0.,1.),
  .PIECEWISE_BEZIER_KNOTS.);
#1383 = CARTESIAN_POINT('',(1.,-1.E-02));
#1384 = CARTESIAN_POINT('',(0.80212428778,-1.E-02));
#1385 = CARTESIAN_POINT('',(0.602831263474,-1.E-02));
#1386 = CARTESIAN_POINT('',(0.402455089887,-1.E-02));
#1387 = CARTESIAN_POINT('',(0.201371054769,-1.E-02));
#1388 = CARTESIAN_POINT('',(0.,-1.E-02));
#1389 = ( GEOMETRIC_REPRESENTATION_CONTEXT(2) 
PARAMETRIC_REPRESENTATION_CONTEXT() REPRESENTATION_CONTEXT('2D SPACE',''
  ) );
#1390 = ORIENTED_EDGE('',*,*,#1391,.F.);
#1391 = EDGE_CURVE('',#1392,#1353,#1394,.T.);
#1392 = VERTEX_POINT('',#1393);
#1393 = CARTESIAN_POINT('',(80.67041015625,5.1162109375,2.2));
#1394 = SURFACE_CURVE('',#1395,(#1402,#1412),.PCURVE_S1.);
#1395 = B_SPLINE_CURVE_WITH_KNOTS('',5,(#1396,#1397,#1398,#1399,#1400,
    #1401),.UNSPECIFIED.,.F.,.F.,(6,6),(0.,1.),
  .PIECEWISE_BEZIER_KNOTS.);
#1396 = CARTESIAN_POINT('',(80.67041015625,5.1162109375,2.2));
#1397 = CARTESIAN_POINT('',(80.596536282627,5.147362570956,2.2));
#1398 = CARTESIAN_POINT('',(80.517159735326,5.17050910172,2.2));
#1399 = CARTESIAN_POINT('',(80.432567586087,5.185686820604,2.2));
#1400 = CARTESIAN_POINT('',(80.343133999635,5.193115234375,2.2));
#1401 = CARTESIAN_POINT('',(80.249267578125,5.193115234375,2.2));
#1402 = PCURVE('',#125,#1403);
#1403 = DEFINITIONAL_REPRESENTATION('',(#1404),#1411);
#1404 = B_SPLINE_CURVE_WITH_KNOTS('',5,(#1405,#1406,#1407,#1408,#1409,
    #1410),.UNSPECIFIED.,.F.,.F.,(6,6),(0.,1.),
  .PIECEWISE_BEZIER_KNOTS.);
#1405 = CARTESIAN_POINT('',(4.67041015625,5.1162109375));
#1406 = CARTESIAN_POINT('',(4.596536282627,5.147362570956));
#1407 = CARTESIAN_POINT('',(4.517159735326,5.17050910172));
#1408 = CARTESIAN_POINT('',(4.432567586087,5.185686820604));
#1409 = CARTESIAN_POINT('',(4.343133999635,5.193115234375));
#1410 = CARTESIAN_POINT('',(4.249267578125,5.193115234375));
#1411 = ( GEOMETRIC_REPRESENTATION_CONTEXT(2) 
PARAMETRIC_REPRESENTATION_CONTEXT() REPRESENTATION_CONTEXT('2D SPACE',''
  ) );
#1412 = PCURVE('',#1413,#1420);
#1413 = SURFACE_OF_LINEAR_EXTRUSION('',#1414,#1418);
#1414 = B_SPLINE_CURVE_WITH_KNOTS('',2,(#1415,#1416,#1417),
  .UNSPECIFIED.,.F.,.F.,(3,3),(0.,1.),.PIECEWISE_BEZIER_KNOTS.);
#1415 = CARTESIAN_POINT('',(80.249267578125,5.193115234375,2.19));
#1416 = CARTESIAN_POINT('',(80.488037109375,5.193115234375,2.19));
#1417 = CARTESIAN_POINT('',(80.67041015625,5.1162109375,2.19));
#1418 = VECTOR('',#1419,1.);
#1419 = DIRECTION('',(-0.,-0.,-1.));
#1420 = DEFINITIONAL_REPRESENTATION('',(#1421),#1428);
#1421 = B_SPLINE_CURVE_WITH_KNOTS('',5,(#1422,#1423,#1424,#1425,#1426,
    #1427),.UNSPECIFIED.,.F.,.F.,(6,6),(0.,1.),
  .PIECEWISE_BEZIER_KNOTS.);
#1422 = CARTESIAN_POINT('',(1.,-1.E-02));
#1423 = CARTESIAN_POINT('',(0.797464935501,-1.E-02));
#1424 = CARTESIAN_POINT('',(0.595699933583,-1.E-02));
#1425 = CARTESIAN_POINT('',(0.395250412407,-1.E-02));
#1426 = CARTESIAN_POINT('',(0.196562813142,-1.E-02));
#1427 = CARTESIAN_POINT('',(0.,-1.E-02));
#1428 = ( GEOMETRIC_REPRESENTATION_CONTEXT(2) 
PARAMETRIC_REPRESENTATION_CONTEXT() REPRESENTATION_CONTEXT('2D SPACE',''
  ) );
#1429 = ORIENTED_EDGE('',*,*,#1430,.F.);
#1430 = EDGE_CURVE('',#1431,#1392,#1433,.T.);
#1431 = VERTEX_POINT('',#1432);
#1432 = CARTESIAN_POINT('',(80.950927734375,4.889892578125,2.2));
#1433 = SURFACE_CURVE('',#1434,(#1445,#1459),.PCURVE_S1.);
#1434 = B_SPLINE_CURVE_WITH_KNOTS('',5,(#1435,#1436,#1437,#1438,#1439,
    #1440,#1441,#1442,#1443,#1444),.UNSPECIFIED.,.F.,.F.,(6,4,6),(0.,
    0.206305948772,1.),.UNSPECIFIED.);
#1435 = CARTESIAN_POINT('',(80.950927734375,4.889892578125,2.2));
#1436 = CARTESIAN_POINT('',(80.942806485583,4.902256270316,2.2));
#1437 = CARTESIAN_POINT('',(80.934320955281,4.914315481146,2.2));
#1438 = CARTESIAN_POINT('',(80.92547172517,4.926067702408,2.2));
#1439 = CARTESIAN_POINT('',(80.916259836639,4.937510803027,2.2));
#1440 = CARTESIAN_POINT('',(80.869857656165,4.991470594746,2.2));
#1441 = CARTESIAN_POINT('',(80.827682128218,5.029698202548,2.2));
#1442 = CARTESIAN_POINT('',(80.780247925774,5.063222162541,2.2));
#1443 = CARTESIAN_POINT('',(80.727738547453,5.092036314704,2.2));
#1444 = CARTESIAN_POINT('',(80.67041015625,5.1162109375,2.2));
#1445 = PCURVE('',#125,#1446);
#1446 = DEFINITIONAL_REPRESENTATION('',(#1447),#1458);
#1447 = B_SPLINE_CURVE_WITH_KNOTS('',5,(#1448,#1449,#1450,#1451,#1452,
    #1453,#1454,#1455,#1456,#1457),.UNSPECIFIED.,.F.,.F.,(6,4,6),(0.,
    0.206305948772,1.),.UNSPECIFIED.);
#1448 = CARTESIAN_POINT('',(4.950927734375,4.889892578125));
#1449 = CARTESIAN_POINT('',(4.942806485583,4.902256270316));
#1450 = CARTESIAN_POINT('',(4.934320955281,4.914315481146));
#1451 = CARTESIAN_POINT('',(4.92547172517,4.926067702408));
#1452 = CARTESIAN_POINT('',(4.916259836639,4.937510803027));
#1453 = CARTESIAN_POINT('',(4.869857656165,4.991470594746));
#1454 = CARTESIAN_POINT('',(4.827682128218,5.029698202548));
#1455 = CARTESIAN_POINT('',(4.780247925774,5.063222162541));
#1456 = CARTESIAN_POINT('',(4.727738547453,5.092036314704));
#1457 = CARTESIAN_POINT('',(4.67041015625,5.1162109375));
#1458 = ( GEOMETRIC_REPRESENTATION_CONTEXT(2) 
PARAMETRIC_REPRESENTATION_CONTEXT() REPRESENTATION_CONTEXT('2D SPACE',''
  ) );
#1459 = PCURVE('',#1460,#1467);
#1460 = SURFACE_OF_LINEAR_EXTRUSION('',#1461,#1465);
#1461 = B_SPLINE_CURVE_WITH_KNOTS('',2,(#1462,#1463,#1464),
  .UNSPECIFIED.,.F.,.F.,(3,3),(0.,1.),.PIECEWISE_BEZIER_KNOTS.);
#1462 = CARTESIAN_POINT('',(80.67041015625,5.1162109375,2.19));
#1463 = CARTESIAN_POINT('',(80.852783203125,5.039306640625,2.19));
#1464 = CARTESIAN_POINT('',(80.950927734375,4.889892578125,2.19));
#1465 = VECTOR('',#1466,1.);
#1466 = DIRECTION('',(-0.,-0.,-1.));
#1467 = DEFINITIONAL_REPRESENTATION('',(#1468),#1479);
#1468 = B_SPLINE_CURVE_WITH_KNOTS('',5,(#1469,#1470,#1471,#1472,#1473,
    #1474,#1475,#1476,#1477,#1478),.UNSPECIFIED.,.F.,.F.,(6,4,6),(0.,
    0.206305948772,1.),.UNSPECIFIED.);
#1469 = CARTESIAN_POINT('',(1.,-1.E-02));
#1470 = CARTESIAN_POINT('',(0.958626075805,-1.E-02));
#1471 = CARTESIAN_POINT('',(0.917232661746,-1.E-02));
#1472 = CARTESIAN_POINT('',(0.875826189897,-1.E-02));
#1473 = CARTESIAN_POINT('',(0.834413132108,-1.E-02));
#1474 = CARTESIAN_POINT('',(0.633676641692,-1.E-02));
#1475 = CARTESIAN_POINT('',(0.474347748156,-1.E-02));
#1476 = CARTESIAN_POINT('',(0.315396392428,-1.E-02));
#1477 = CARTESIAN_POINT('',(0.157173420594,-1.E-02));
#1478 = CARTESIAN_POINT('',(0.,-1.E-02));
#1479 = ( GEOMETRIC_REPRESENTATION_CONTEXT(2) 
PARAMETRIC_REPRESENTATION_CONTEXT() REPRESENTATION_CONTEXT('2D SPACE',''
  ) );
#1480 = ORIENTED_EDGE('',*,*,#1481,.F.);
#1481 = EDGE_CURVE('',#1482,#1431,#1484,.T.);
#1482 = VERTEX_POINT('',#1483);
#1483 = CARTESIAN_POINT('',(81.056396484375,4.551513671875,2.2));
#1484 = SURFACE_CURVE('',#1485,(#1496,#1510),.PCURVE_S1.);
#1485 = B_SPLINE_CURVE_WITH_KNOTS('',5,(#1486,#1487,#1488,#1489,#1490,
    #1491,#1492,#1493,#1494,#1495),.UNSPECIFIED.,.F.,.F.,(6,4,6),(0.,
    0.693478157867,1.),.UNSPECIFIED.);
#1486 = CARTESIAN_POINT('',(81.056396484375,4.551513671875,2.2));
#1487 = CARTESIAN_POINT('',(81.054377434423,4.603605160632,2.2));
#1488 = CARTESIAN_POINT('',(81.048036531911,4.654032590501,2.2));
#1489 = CARTESIAN_POINT('',(81.037305347966,4.702697287765,2.2));
#1490 = CARTESIAN_POINT('',(81.022160024309,4.749516153824,2.2));
#1491 = CARTESIAN_POINT('',(80.993995804344,4.814274600553,2.2));
#1492 = CARTESIAN_POINT('',(80.984505926394,4.833751364234,2.2));
#1493 = CARTESIAN_POINT('',(80.974161501553,4.852849539882,2.2));
#1494 = CARTESIAN_POINT('',(80.96296675095,4.87156452304,2.2));
#1495 = CARTESIAN_POINT('',(80.950927734375,4.889892578125,2.2));
#1496 = PCURVE('',#125,#1497);
#1497 = DEFINITIONAL_REPRESENTATION('',(#1498),#1509);
#1498 = B_SPLINE_CURVE_WITH_KNOTS('',5,(#1499,#1500,#1501,#1502,#1503,
    #1504,#1505,#1506,#1507,#1508),.UNSPECIFIED.,.F.,.F.,(6,4,6),(0.,
    0.693478157867,1.),.UNSPECIFIED.);
#1499 = CARTESIAN_POINT('',(5.056396484375,4.551513671875));
#1500 = CARTESIAN_POINT('',(5.054377434423,4.603605160632));
#1501 = CARTESIAN_POINT('',(5.048036531911,4.654032590501));
#1502 = CARTESIAN_POINT('',(5.037305347966,4.702697287765));
#1503 = CARTESIAN_POINT('',(5.022160024309,4.749516153824));
#1504 = CARTESIAN_POINT('',(4.993995804344,4.814274600553));
#1505 = CARTESIAN_POINT('',(4.984505926394,4.833751364234));
#1506 = CARTESIAN_POINT('',(4.974161501553,4.852849539882));
#1507 = CARTESIAN_POINT('',(4.96296675095,4.87156452304));
#1508 = CARTESIAN_POINT('',(4.950927734375,4.889892578125));
#1509 = ( GEOMETRIC_REPRESENTATION_CONTEXT(2) 
PARAMETRIC_REPRESENTATION_CONTEXT() REPRESENTATION_CONTEXT('2D SPACE',''
  ) );
#1510 = PCURVE('',#1511,#1518);
#1511 = SURFACE_OF_LINEAR_EXTRUSION('',#1512,#1516);
#1512 = B_SPLINE_CURVE_WITH_KNOTS('',2,(#1513,#1514,#1515),
  .UNSPECIFIED.,.F.,.F.,(3,3),(0.,1.),.PIECEWISE_BEZIER_KNOTS.);
#1513 = CARTESIAN_POINT('',(80.950927734375,4.889892578125,2.19));
#1514 = CARTESIAN_POINT('',(81.049072265625,4.740478515625,2.19));
#1515 = CARTESIAN_POINT('',(81.056396484375,4.551513671875,2.19));
#1516 = VECTOR('',#1517,1.);
#1517 = DIRECTION('',(-0.,-0.,-1.));
#1518 = DEFINITIONAL_REPRESENTATION('',(#1519),#1530);
#1519 = B_SPLINE_CURVE_WITH_KNOTS('',5,(#1520,#1521,#1522,#1523,#1524,
    #1525,#1526,#1527,#1528,#1529),.UNSPECIFIED.,.F.,.F.,(6,4,6),(0.,
    0.693478157867,1.),.UNSPECIFIED.);
#1520 = CARTESIAN_POINT('',(1.,-1.E-02));
#1521 = CARTESIAN_POINT('',(0.862166189957,-1.E-02));
#1522 = CARTESIAN_POINT('',(0.723765028425,-1.E-02));
#1523 = CARTESIAN_POINT('',(0.584975730765,-1.E-02));
#1524 = CARTESIAN_POINT('',(0.445987490393,-1.E-02));
#1525 = CARTESIAN_POINT('',(0.245566628083,-1.E-02));
#1526 = CARTESIAN_POINT('',(0.18413308908,-1.E-02));
#1527 = CARTESIAN_POINT('',(0.122716324723,-1.E-02));
#1528 = CARTESIAN_POINT('',(6.13330993687E-02,-1.E-02));
#1529 = CARTESIAN_POINT('',(0.,-1.E-02));
#1530 = ( GEOMETRIC_REPRESENTATION_CONTEXT(2) 
PARAMETRIC_REPRESENTATION_CONTEXT() REPRESENTATION_CONTEXT('2D SPACE',''
  ) );
#1531 = ORIENTED_EDGE('',*,*,#1532,.F.);
#1532 = EDGE_CURVE('',#1533,#1482,#1535,.T.);
#1533 = VERTEX_POINT('',#1534);
#1534 = CARTESIAN_POINT('',(80.783935546875,4.531005859375,2.2));
#1535 = SURFACE_CURVE('',#1536,(#1540,#1546),.PCURVE_S1.);
#1536 = LINE('',#1537,#1538);
#1537 = CARTESIAN_POINT('',(78.372112246978,4.349470772286,2.2));
#1538 = VECTOR('',#1539,1.);
#1539 = DIRECTION('',(0.997179282295,7.505650511901E-02,-0.));
#1540 = PCURVE('',#125,#1541);
#1541 = DEFINITIONAL_REPRESENTATION('',(#1542),#1545);
#1542 = B_SPLINE_CURVE_WITH_KNOTS('',1,(#1543,#1544),.UNSPECIFIED.,.F.,
  .F.,(2,2),(2.418645616408,2.691877263251),.PIECEWISE_BEZIER_KNOTS.);
#1543 = CARTESIAN_POINT('',(4.783935546875,4.531005859375));
#1544 = CARTESIAN_POINT('',(5.056396484375,4.551513671875));
#1545 = ( GEOMETRIC_REPRESENTATION_CONTEXT(2) 
PARAMETRIC_REPRESENTATION_CONTEXT() REPRESENTATION_CONTEXT('2D SPACE',''
  ) );
#1546 = PCURVE('',#1547,#1552);
#1547 = PLANE('',#1548);
#1548 = AXIS2_PLACEMENT_3D('',#1549,#1550,#1551);
#1549 = CARTESIAN_POINT('',(81.056396484375,4.551513671875,2.19));
#1550 = DIRECTION('',(7.505650511901E-02,-0.997179282295,0.));
#1551 = DIRECTION('',(-0.997179282295,-7.505650511901E-02,0.));
#1552 = DEFINITIONAL_REPRESENTATION('',(#1553),#1556);
#1553 = B_SPLINE_CURVE_WITH_KNOTS('',1,(#1554,#1555),.UNSPECIFIED.,.F.,
  .F.,(2,2),(2.418645616408,2.691877263251),.PIECEWISE_BEZIER_KNOTS.);
#1554 = CARTESIAN_POINT('',(0.273231646844,-1.E-02));
#1555 = CARTESIAN_POINT('',(0.,-1.E-02));
#1556 = ( GEOMETRIC_REPRESENTATION_CONTEXT(2) 
PARAMETRIC_REPRESENTATION_CONTEXT() REPRESENTATION_CONTEXT('2D SPACE',''
  ) );
#1557 = ORIENTED_EDGE('',*,*,#1558,.F.);
#1558 = EDGE_CURVE('',#1559,#1533,#1561,.T.);
#1559 = VERTEX_POINT('',#1560);
#1560 = CARTESIAN_POINT('',(80.63525390625,4.838623046875,2.2));
#1561 = SURFACE_CURVE('',#1562,(#1573,#1587),.PCURVE_S1.);
#1562 = B_SPLINE_CURVE_WITH_KNOTS('',5,(#1563,#1564,#1565,#1566,#1567,
    #1568,#1569,#1570,#1571,#1572),.UNSPECIFIED.,.F.,.F.,(6,4,6),(0.,
    0.136941215644,1.),.UNSPECIFIED.);
#1563 = CARTESIAN_POINT('',(80.63525390625,4.838623046875,2.2));
#1564 = CARTESIAN_POINT('',(80.642244841626,4.832884822463,2.2));
#1565 = CARTESIAN_POINT('',(80.649039046581,4.82695500541,2.2));
#1566 = CARTESIAN_POINT('',(80.65563539837,4.820834004124,2.2));
#1567 = CARTESIAN_POINT('',(80.662032961414,4.81452241208,2.2));
#1568 = CARTESIAN_POINT('',(80.70729344681,4.767046535393,2.2));
#1569 = CARTESIAN_POINT('',(80.738434129605,4.718528626565,2.2));
#1570 = CARTESIAN_POINT('',(80.76145041589,4.662671863798,2.2));
#1571 = CARTESIAN_POINT('',(80.77649501611,4.599954777796,2.2));
#1572 = CARTESIAN_POINT('',(80.783935546875,4.531005859375,2.2));
#1573 = PCURVE('',#125,#1574);
#1574 = DEFINITIONAL_REPRESENTATION('',(#1575),#1586);
#1575 = B_SPLINE_CURVE_WITH_KNOTS('',5,(#1576,#1577,#1578,#1579,#1580,
    #1581,#1582,#1583,#1584,#1585),.UNSPECIFIED.,.F.,.F.,(6,4,6),(0.,
    0.136941215644,1.),.UNSPECIFIED.);
#1576 = CARTESIAN_POINT('',(4.63525390625,4.838623046875));
#1577 = CARTESIAN_POINT('',(4.642244841626,4.832884822463));
#1578 = CARTESIAN_POINT('',(4.649039046581,4.82695500541));
#1579 = CARTESIAN_POINT('',(4.65563539837,4.820834004124));
#1580 = CARTESIAN_POINT('',(4.662032961414,4.81452241208));
#1581 = CARTESIAN_POINT('',(4.70729344681,4.767046535393));
#1582 = CARTESIAN_POINT('',(4.738434129605,4.718528626565));
#1583 = CARTESIAN_POINT('',(4.76145041589,4.662671863798));
#1584 = CARTESIAN_POINT('',(4.77649501611,4.599954777796));
#1585 = CARTESIAN_POINT('',(4.783935546875,4.531005859375));
#1586 = ( GEOMETRIC_REPRESENTATION_CONTEXT(2) 
PARAMETRIC_REPRESENTATION_CONTEXT() REPRESENTATION_CONTEXT('2D SPACE',''
  ) );
#1587 = PCURVE('',#1588,#1595);
#1588 = SURFACE_OF_LINEAR_EXTRUSION('',#1589,#1593);
#1589 = B_SPLINE_CURVE_WITH_KNOTS('',2,(#1590,#1591,#1592),
  .UNSPECIFIED.,.F.,.F.,(3,3),(0.,1.),.PIECEWISE_BEZIER_KNOTS.);
#1590 = CARTESIAN_POINT('',(80.783935546875,4.531005859375,2.19));
#1591 = CARTESIAN_POINT('',(80.761962890625,4.734619140625,2.19));
#1592 = CARTESIAN_POINT('',(80.63525390625,4.838623046875,2.19));
#1593 = VECTOR('',#1594,1.);
#1594 = DIRECTION('',(-0.,-0.,-1.));
#1595 = DEFINITIONAL_REPRESENTATION('',(#1596),#1607);
#1596 = B_SPLINE_CURVE_WITH_KNOTS('',5,(#1597,#1598,#1599,#1600,#1601,
    #1602,#1603,#1604,#1605,#1606),.UNSPECIFIED.,.F.,.F.,(6,4,6),(0.,
    0.136941215644,1.),.UNSPECIFIED.);
#1597 = CARTESIAN_POINT('',(1.,-1.E-02));
#1598 = CARTESIAN_POINT('',(0.972413418788,-1.E-02));
#1599 = CARTESIAN_POINT('',(0.944816832734,-1.E-02));
#1600 = CARTESIAN_POINT('',(0.917213529428,-1.E-02));
#1601 = CARTESIAN_POINT('',(0.889606812175,-1.E-02));
#1602 = CARTESIAN_POINT('',(0.688010732827,-1.E-02));
#1603 = CARTESIAN_POINT('',(0.514000444401,-1.E-02));
#1604 = CARTESIAN_POINT('',(0.340853913114,-1.E-02));
#1605 = CARTESIAN_POINT('',(0.169313411183,-1.E-02));
#1606 = CARTESIAN_POINT('',(0.,-1.E-02));
#1607 = ( GEOMETRIC_REPRESENTATION_CONTEXT(2) 
PARAMETRIC_REPRESENTATION_CONTEXT() REPRESENTATION_CONTEXT('2D SPACE',''
  ) );
#1608 = ORIENTED_EDGE('',*,*,#1609,.F.);
#1609 = EDGE_CURVE('',#1610,#1559,#1612,.T.);
#1610 = VERTEX_POINT('',#1611);
#1611 = CARTESIAN_POINT('',(80.260986328125,4.942626953125,2.2));
#1612 = SURFACE_CURVE('',#1613,(#1621,#1632),.PCURVE_S1.);
#1613 = B_SPLINE_CURVE_WITH_KNOTS('',6,(#1614,#1615,#1616,#1617,#1618,
    #1619,#1620),.UNSPECIFIED.,.F.,.F.,(7,7),(0.,1.),
  .PIECEWISE_BEZIER_KNOTS.);
#1614 = CARTESIAN_POINT('',(80.260986328125,4.942626953125,2.2));
#1615 = CARTESIAN_POINT('',(80.340595169341,4.942626953125,2.2));
#1616 = CARTESIAN_POINT('',(80.414198310724,4.936173849397,2.2));
#1617 = CARTESIAN_POINT('',(80.481076689787,4.922814034082,2.2));
#1618 = CARTESIAN_POINT('',(80.54054715264,4.90218300141,2.2));
#1619 = CARTESIAN_POINT('',(80.592047056407,4.874087628827,2.2));
#1620 = CARTESIAN_POINT('',(80.63525390625,4.838623046875,2.2));
#1621 = PCURVE('',#125,#1622);
#1622 = DEFINITIONAL_REPRESENTATION('',(#1623),#1631);
#1623 = B_SPLINE_CURVE_WITH_KNOTS('',6,(#1624,#1625,#1626,#1627,#1628,
    #1629,#1630),.UNSPECIFIED.,.F.,.F.,(7,7),(0.,1.),
  .PIECEWISE_BEZIER_KNOTS.);
#1624 = CARTESIAN_POINT('',(4.260986328125,4.942626953125));
#1625 = CARTESIAN_POINT('',(4.340595169341,4.942626953125));
#1626 = CARTESIAN_POINT('',(4.414198310724,4.936173849397));
#1627 = CARTESIAN_POINT('',(4.481076689787,4.922814034082));
#1628 = CARTESIAN_POINT('',(4.54054715264,4.90218300141));
#1629 = CARTESIAN_POINT('',(4.592047056407,4.874087628827));
#1630 = CARTESIAN_POINT('',(4.63525390625,4.838623046875));
#1631 = ( GEOMETRIC_REPRESENTATION_CONTEXT(2) 
PARAMETRIC_REPRESENTATION_CONTEXT() REPRESENTATION_CONTEXT('2D SPACE',''
  ) );
#1632 = PCURVE('',#1633,#1640);
#1633 = SURFACE_OF_LINEAR_EXTRUSION('',#1634,#1638);
#1634 = B_SPLINE_CURVE_WITH_KNOTS('',2,(#1635,#1636,#1637),
  .UNSPECIFIED.,.F.,.F.,(3,3),(0.,1.),.PIECEWISE_BEZIER_KNOTS.);
#1635 = CARTESIAN_POINT('',(80.63525390625,4.838623046875,2.19));
#1636 = CARTESIAN_POINT('',(80.508544921875,4.942626953125,2.19));
#1637 = CARTESIAN_POINT('',(80.260986328125,4.942626953125,2.19));
#1638 = VECTOR('',#1639,1.);
#1639 = DIRECTION('',(-0.,-0.,-1.));
#1640 = DEFINITIONAL_REPRESENTATION('',(#1641),#1649);
#1641 = B_SPLINE_CURVE_WITH_KNOTS('',6,(#1642,#1643,#1644,#1645,#1646,
    #1647,#1648),.UNSPECIFIED.,.F.,.F.,(7,7),(0.,1.),
  .PIECEWISE_BEZIER_KNOTS.);
#1642 = CARTESIAN_POINT('',(1.,-1.E-02));
#1643 = CARTESIAN_POINT('',(0.839212123461,-1.E-02));
#1644 = CARTESIAN_POINT('',(0.675409556747,-1.E-02));
#1645 = CARTESIAN_POINT('',(0.508980052365,-1.E-02));
#1646 = CARTESIAN_POINT('',(0.340447947704,-1.E-02));
#1647 = CARTESIAN_POINT('',(0.170496393987,-1.E-02));
#1648 = CARTESIAN_POINT('',(0.,-1.E-02));
#1649 = ( GEOMETRIC_REPRESENTATION_CONTEXT(2) 
PARAMETRIC_REPRESENTATION_CONTEXT() REPRESENTATION_CONTEXT('2D SPACE',''
  ) );
#1650 = ORIENTED_EDGE('',*,*,#1651,.F.);
#1651 = EDGE_CURVE('',#1652,#1610,#1654,.T.);
#1652 = VERTEX_POINT('',#1653);
#1653 = CARTESIAN_POINT('',(79.88525390625,4.84814453125,2.2));
#1654 = SURFACE_CURVE('',#1655,(#1663,#1674),.PCURVE_S1.);
#1655 = B_SPLINE_CURVE_WITH_KNOTS('',6,(#1656,#1657,#1658,#1659,#1660,
    #1661,#1662),.UNSPECIFIED.,.F.,.F.,(7,7),(0.,1.),
  .PIECEWISE_BEZIER_KNOTS.);
#1656 = CARTESIAN_POINT('',(79.88525390625,4.84814453125,2.2));
#1657 = CARTESIAN_POINT('',(79.925761325664,4.880600786557,2.2));
#1658 = CARTESIAN_POINT('',(79.975946110838,4.906185375347,2.2));
#1659 = CARTESIAN_POINT('',(80.035366096864,4.924851588134,2.2));
#1660 = CARTESIAN_POINT('',(80.103263149442,4.936860642325,2.2));
#1661 = CARTESIAN_POINT('',(80.178761736619,4.942626953125,2.2));
#1662 = CARTESIAN_POINT('',(80.260986328125,4.942626953125,2.2));
#1663 = PCURVE('',#125,#1664);
#1664 = DEFINITIONAL_REPRESENTATION('',(#1665),#1673);
#1665 = B_SPLINE_CURVE_WITH_KNOTS('',6,(#1666,#1667,#1668,#1669,#1670,
    #1671,#1672),.UNSPECIFIED.,.F.,.F.,(7,7),(0.,1.),
  .PIECEWISE_BEZIER_KNOTS.);
#1666 = CARTESIAN_POINT('',(3.88525390625,4.84814453125));
#1667 = CARTESIAN_POINT('',(3.925761325664,4.880600786557));
#1668 = CARTESIAN_POINT('',(3.975946110838,4.906185375347));
#1669 = CARTESIAN_POINT('',(4.035366096864,4.924851588134));
#1670 = CARTESIAN_POINT('',(4.103263149442,4.936860642325));
#1671 = CARTESIAN_POINT('',(4.178761736619,4.942626953125));
#1672 = CARTESIAN_POINT('',(4.260986328125,4.942626953125));
#1673 = ( GEOMETRIC_REPRESENTATION_CONTEXT(2) 
PARAMETRIC_REPRESENTATION_CONTEXT() REPRESENTATION_CONTEXT('2D SPACE',''
  ) );
#1674 = PCURVE('',#1675,#1682);
#1675 = SURFACE_OF_LINEAR_EXTRUSION('',#1676,#1680);
#1676 = B_SPLINE_CURVE_WITH_KNOTS('',2,(#1677,#1678,#1679),
  .UNSPECIFIED.,.F.,.F.,(3,3),(0.,1.),.PIECEWISE_BEZIER_KNOTS.);
#1677 = CARTESIAN_POINT('',(80.260986328125,4.942626953125,2.19));
#1678 = CARTESIAN_POINT('',(80.003173828125,4.942626953125,2.19));
#1679 = CARTESIAN_POINT('',(79.88525390625,4.84814453125,2.19));
#1680 = VECTOR('',#1681,1.);
#1681 = DIRECTION('',(-0.,-0.,-1.));
#1682 = DEFINITIONAL_REPRESENTATION('',(#1683),#1691);
#1683 = B_SPLINE_CURVE_WITH_KNOTS('',6,(#1684,#1685,#1686,#1687,#1688,
    #1689,#1690),.UNSPECIFIED.,.F.,.F.,(7,7),(0.,1.),
  .PIECEWISE_BEZIER_KNOTS.);
#1684 = CARTESIAN_POINT('',(1.,-1.E-02));
#1685 = CARTESIAN_POINT('',(0.82824183238,-1.E-02));
#1686 = CARTESIAN_POINT('',(0.657447470209,-1.E-02));
#1687 = CARTESIAN_POINT('',(0.488608571986,-1.E-02));
#1688 = CARTESIAN_POINT('',(0.322445371487,-1.E-02));
#1689 = CARTESIAN_POINT('',(0.159465874435,-1.E-02));
#1690 = CARTESIAN_POINT('',(0.,-1.E-02));
#1691 = ( GEOMETRIC_REPRESENTATION_CONTEXT(2) 
PARAMETRIC_REPRESENTATION_CONTEXT() REPRESENTATION_CONTEXT('2D SPACE',''
  ) );
#1692 = ORIENTED_EDGE('',*,*,#1693,.F.);
#1693 = EDGE_CURVE('',#1694,#1652,#1696,.T.);
#1694 = VERTEX_POINT('',#1695);
#1695 = CARTESIAN_POINT('',(79.767333984375,4.620361328125,2.2));
#1696 = SURFACE_CURVE('',#1697,(#1708,#1722),.PCURVE_S1.);
#1697 = B_SPLINE_CURVE_WITH_KNOTS('',5,(#1698,#1699,#1700,#1701,#1702,
    #1703,#1704,#1705,#1706,#1707),.UNSPECIFIED.,.F.,.F.,(6,4,6),(0.,
    0.335298427515,1.),.UNSPECIFIED.);
#1698 = CARTESIAN_POINT('',(79.767333984375,4.620361328125,2.2));
#1699 = CARTESIAN_POINT('',(79.767333984375,4.638238134425,2.2));
#1700 = CARTESIAN_POINT('',(79.768659472514,4.655707587089,2.2));
#1701 = CARTESIAN_POINT('',(79.77131911802,4.672757356169,2.2));
#1702 = CARTESIAN_POINT('',(79.775315812888,4.689376810086,2.2));
#1703 = CARTESIAN_POINT('',(79.791214661644,4.737632943164,2.2));
#1704 = CARTESIAN_POINT('',(79.80702609444,4.767983519932,2.2));
#1705 = CARTESIAN_POINT('',(79.82805805005,4.796537420802,2.2));
#1706 = CARTESIAN_POINT('',(79.854196033195,4.823259651597,2.2));
#1707 = CARTESIAN_POINT('',(79.88525390625,4.84814453125,2.2));
#1708 = PCURVE('',#125,#1709);
#1709 = DEFINITIONAL_REPRESENTATION('',(#1710),#1721);
#1710 = B_SPLINE_CURVE_WITH_KNOTS('',5,(#1711,#1712,#1713,#1714,#1715,
    #1716,#1717,#1718,#1719,#1720),.UNSPECIFIED.,.F.,.F.,(6,4,6),(0.,
    0.335298427515,1.),.UNSPECIFIED.);
#1711 = CARTESIAN_POINT('',(3.767333984375,4.620361328125));
#1712 = CARTESIAN_POINT('',(3.767333984375,4.638238134425));
#1713 = CARTESIAN_POINT('',(3.768659472514,4.655707587089));
#1714 = CARTESIAN_POINT('',(3.77131911802,4.672757356169));
#1715 = CARTESIAN_POINT('',(3.775315812888,4.689376810086));
#1716 = CARTESIAN_POINT('',(3.791214661644,4.737632943164));
#1717 = CARTESIAN_POINT('',(3.80702609444,4.767983519932));
#1718 = CARTESIAN_POINT('',(3.82805805005,4.796537420802));
#1719 = CARTESIAN_POINT('',(3.854196033195,4.823259651597));
#1720 = CARTESIAN_POINT('',(3.88525390625,4.84814453125));
#1721 = ( GEOMETRIC_REPRESENTATION_CONTEXT(2) 
PARAMETRIC_REPRESENTATION_CONTEXT() REPRESENTATION_CONTEXT('2D SPACE',''
  ) );
#1722 = PCURVE('',#1723,#1730);
#1723 = SURFACE_OF_LINEAR_EXTRUSION('',#1724,#1728);
#1724 = B_SPLINE_CURVE_WITH_KNOTS('',2,(#1725,#1726,#1727),
  .UNSPECIFIED.,.F.,.F.,(3,3),(0.,1.),.PIECEWISE_BEZIER_KNOTS.);
#1725 = CARTESIAN_POINT('',(79.88525390625,4.84814453125,2.19));
#1726 = CARTESIAN_POINT('',(79.767333984375,4.753662109375,2.19));
#1727 = CARTESIAN_POINT('',(79.767333984375,4.620361328125,2.19));
#1728 = VECTOR('',#1729,1.);
#1729 = DIRECTION('',(-0.,-0.,-1.));
#1730 = DEFINITIONAL_REPRESENTATION('',(#1731),#1742);
#1731 = B_SPLINE_CURVE_WITH_KNOTS('',5,(#1732,#1733,#1734,#1735,#1736,
    #1737,#1738,#1739,#1740,#1741),.UNSPECIFIED.,.F.,.F.,(6,4,6),(0.,
    0.335298427515,1.),.UNSPECIFIED.);
#1732 = CARTESIAN_POINT('',(1.,-1.E-02));
#1733 = CARTESIAN_POINT('',(0.932945605674,-1.E-02));
#1734 = CARTESIAN_POINT('',(0.865782482877,-1.E-02));
#1735 = CARTESIAN_POINT('',(0.798546175672,-1.E-02));
#1736 = CARTESIAN_POINT('',(0.731272991262,-1.E-02));
#1737 = CARTESIAN_POINT('',(0.530636824368,-1.E-02));
#1738 = CARTESIAN_POINT('',(0.397270829577,-1.E-02));
#1739 = CARTESIAN_POINT('',(0.264197851445,-1.E-02));
#1740 = CARTESIAN_POINT('',(0.131690525913,-1.E-02));
#1741 = CARTESIAN_POINT('',(0.,-1.E-02));
#1742 = ( GEOMETRIC_REPRESENTATION_CONTEXT(2) 
PARAMETRIC_REPRESENTATION_CONTEXT() REPRESENTATION_CONTEXT('2D SPACE',''
  ) );
#1743 = ORIENTED_EDGE('',*,*,#1744,.F.);
#1744 = EDGE_CURVE('',#1745,#1694,#1747,.T.);
#1745 = VERTEX_POINT('',#1746);
#1746 = CARTESIAN_POINT('',(79.850830078125,4.429931640625,2.2));
#1747 = SURFACE_CURVE('',#1748,(#1757,#1769),.PCURVE_S1.);
#1748 = B_SPLINE_CURVE_WITH_KNOTS('',4,(#1749,#1750,#1751,#1752,#1753,
    #1754,#1755,#1756),.UNSPECIFIED.,.F.,.F.,(5,3,5),(0.,0.452865739259,
    1.),.UNSPECIFIED.);
#1749 = CARTESIAN_POINT('',(79.850830078125,4.429931640625,2.2));
#1750 = CARTESIAN_POINT('',(79.831960708822,4.446814760528,2.2));
#1751 = CARTESIAN_POINT('',(79.815891813805,4.465132257104,2.2));
#1752 = CARTESIAN_POINT('',(79.802673167512,4.484879742014,2.2));
#1753 = CARTESIAN_POINT('',(79.779804578603,4.531589489474,2.2));
#1754 = CARTESIAN_POINT('',(79.771470237568,4.559198139454,2.2));
#1755 = CARTESIAN_POINT('',(79.767333984375,4.588815551672,2.2));
#1756 = CARTESIAN_POINT('',(79.767333984375,4.620361328125,2.2));
#1757 = PCURVE('',#125,#1758);
#1758 = DEFINITIONAL_REPRESENTATION('',(#1759),#1768);
#1759 = B_SPLINE_CURVE_WITH_KNOTS('',4,(#1760,#1761,#1762,#1763,#1764,
    #1765,#1766,#1767),.UNSPECIFIED.,.F.,.F.,(5,3,5),(0.,0.452865739259,
    1.),.UNSPECIFIED.);
#1760 = CARTESIAN_POINT('',(3.850830078125,4.429931640625));
#1761 = CARTESIAN_POINT('',(3.831960708822,4.446814760528));
#1762 = CARTESIAN_POINT('',(3.815891813805,4.465132257104));
#1763 = CARTESIAN_POINT('',(3.802673167512,4.484879742014));
#1764 = CARTESIAN_POINT('',(3.779804578603,4.531589489474));
#1765 = CARTESIAN_POINT('',(3.771470237568,4.559198139454));
#1766 = CARTESIAN_POINT('',(3.767333984375,4.588815551672));
#1767 = CARTESIAN_POINT('',(3.767333984375,4.620361328125));
#1768 = ( GEOMETRIC_REPRESENTATION_CONTEXT(2) 
PARAMETRIC_REPRESENTATION_CONTEXT() REPRESENTATION_CONTEXT('2D SPACE',''
  ) );
#1769 = PCURVE('',#1770,#1777);
#1770 = SURFACE_OF_LINEAR_EXTRUSION('',#1771,#1775);
#1771 = B_SPLINE_CURVE_WITH_KNOTS('',2,(#1772,#1773,#1774),
  .UNSPECIFIED.,.F.,.F.,(3,3),(0.,1.),.PIECEWISE_BEZIER_KNOTS.);
#1772 = CARTESIAN_POINT('',(79.767333984375,4.620361328125,2.19));
#1773 = CARTESIAN_POINT('',(79.767333984375,4.504638671875,2.19));
#1774 = CARTESIAN_POINT('',(79.850830078125,4.429931640625,2.19));
#1775 = VECTOR('',#1776,1.);
#1776 = DIRECTION('',(-0.,-0.,-1.));
#1777 = DEFINITIONAL_REPRESENTATION('',(#1778),#1787);
#1778 = B_SPLINE_CURVE_WITH_KNOTS('',4,(#1779,#1780,#1781,#1782,#1783,
    #1784,#1785,#1786),.UNSPECIFIED.,.F.,.F.,(5,3,5),(0.,0.452865739259,
    1.),.UNSPECIFIED.);
#1779 = CARTESIAN_POINT('',(1.,-1.E-02));
#1780 = CARTESIAN_POINT('',(0.887004478561,-1.E-02));
#1781 = CARTESIAN_POINT('',(0.773755311477,-1.E-02));
#1782 = CARTESIAN_POINT('',(0.660377102451,-1.E-02));
#1783 = CARTESIAN_POINT('',(0.410022322607,-1.E-02));
#1784 = CARTESIAN_POINT('',(0.27304520304,-1.E-02));
#1785 = CARTESIAN_POINT('',(0.136299051003,-1.E-02));
#1786 = CARTESIAN_POINT('',(0.,-1.E-02));
#1787 = ( GEOMETRIC_REPRESENTATION_CONTEXT(2) 
PARAMETRIC_REPRESENTATION_CONTEXT() REPRESENTATION_CONTEXT('2D SPACE',''
  ) );
#1788 = ORIENTED_EDGE('',*,*,#1789,.F.);
#1789 = EDGE_CURVE('',#1790,#1745,#1792,.T.);
#1790 = VERTEX_POINT('',#1791);
#1791 = CARTESIAN_POINT('',(80.279296875,4.27685546875,2.2));
#1792 = SURFACE_CURVE('',#1793,(#1802,#1814),.PCURVE_S1.);
#1793 = B_SPLINE_CURVE_WITH_KNOTS('',7,(#1794,#1795,#1796,#1797,#1798,
    #1799,#1800,#1801),.UNSPECIFIED.,.F.,.F.,(8,8),(0.,1.),
  .PIECEWISE_BEZIER_KNOTS.);
#1794 = CARTESIAN_POINT('',(80.279296875,4.27685546875,2.2));
#1795 = CARTESIAN_POINT('',(80.189944152704,4.297068452441,2.2));
#1796 = CARTESIAN_POINT('',(80.107541517757,4.317888144718,2.2));
#1797 = CARTESIAN_POINT('',(80.033310204898,4.339328752689,2.2));
#1798 = CARTESIAN_POINT('',(79.968826639762,4.361362327712,2.2));
#1799 = CARTESIAN_POINT('',(79.915868977067,4.383912254784,2.2));
#1800 = CARTESIAN_POINT('',(79.876182227725,4.406843075811,2.2));
#1801 = CARTESIAN_POINT('',(79.850830078125,4.429931640625,2.2));
#1802 = PCURVE('',#125,#1803);
#1803 = DEFINITIONAL_REPRESENTATION('',(#1804),#1813);
#1804 = B_SPLINE_CURVE_WITH_KNOTS('',7,(#1805,#1806,#1807,#1808,#1809,
    #1810,#1811,#1812),.UNSPECIFIED.,.F.,.F.,(8,8),(0.,1.),
  .PIECEWISE_BEZIER_KNOTS.);
#1805 = CARTESIAN_POINT('',(4.279296875,4.27685546875));
#1806 = CARTESIAN_POINT('',(4.189944152704,4.297068452441));
#1807 = CARTESIAN_POINT('',(4.107541517757,4.317888144718));
#1808 = CARTESIAN_POINT('',(4.033310204898,4.339328752689));
#1809 = CARTESIAN_POINT('',(3.968826639762,4.361362327712));
#1810 = CARTESIAN_POINT('',(3.915868977067,4.383912254784));
#1811 = CARTESIAN_POINT('',(3.876182227725,4.406843075811));
#1812 = CARTESIAN_POINT('',(3.850830078125,4.429931640625));
#1813 = ( GEOMETRIC_REPRESENTATION_CONTEXT(2) 
PARAMETRIC_REPRESENTATION_CONTEXT() REPRESENTATION_CONTEXT('2D SPACE',''
  ) );
#1814 = PCURVE('',#1815,#1822);
#1815 = SURFACE_OF_LINEAR_EXTRUSION('',#1816,#1820);
#1816 = B_SPLINE_CURVE_WITH_KNOTS('',2,(#1817,#1818,#1819),
  .UNSPECIFIED.,.F.,.F.,(3,3),(0.,1.),.PIECEWISE_BEZIER_KNOTS.);
#1817 = CARTESIAN_POINT('',(79.850830078125,4.429931640625,2.19));
#1818 = CARTESIAN_POINT('',(79.932861328125,4.355224609375,2.19));
#1819 = CARTESIAN_POINT('',(80.279296875,4.27685546875,2.19));
#1820 = VECTOR('',#1821,1.);
#1821 = DIRECTION('',(-0.,-0.,-1.));
#1822 = DEFINITIONAL_REPRESENTATION('',(#1823),#1832);
#1823 = B_SPLINE_CURVE_WITH_KNOTS('',7,(#1824,#1825,#1826,#1827,#1828,
    #1829,#1830,#1831),.UNSPECIFIED.,.F.,.F.,(8,8),(0.,1.),
  .PIECEWISE_BEZIER_KNOTS.);
#1824 = CARTESIAN_POINT('',(1.,-1.E-02));
#1825 = CARTESIAN_POINT('',(0.871039904677,-1.E-02));
#1826 = CARTESIAN_POINT('',(0.737302305448,-1.E-02));
#1827 = CARTESIAN_POINT('',(0.598575693873,-1.E-02));
#1828 = CARTESIAN_POINT('',(0.454901625085,-9.999999999999E-03));
#1829 = CARTESIAN_POINT('',(0.30663341027,-1.E-02));
#1830 = CARTESIAN_POINT('',(0.154527388037,-1.E-02));
#1831 = CARTESIAN_POINT('',(0.,-1.E-02));
#1832 = ( GEOMETRIC_REPRESENTATION_CONTEXT(2) 
PARAMETRIC_REPRESENTATION_CONTEXT() REPRESENTATION_CONTEXT('2D SPACE',''
  ) );
#1833 = ORIENTED_EDGE('',*,*,#1834,.F.);
#1834 = EDGE_CURVE('',#1835,#1790,#1837,.T.);
#1835 = VERTEX_POINT('',#1836);
#1836 = CARTESIAN_POINT('',(80.754638671875,4.139892578125,2.2));
#1837 = SURFACE_CURVE('',#1838,(#1846,#1857),.PCURVE_S1.);
#1838 = B_SPLINE_CURVE_WITH_KNOTS('',6,(#1839,#1840,#1841,#1842,#1843,
    #1844,#1845),.UNSPECIFIED.,.F.,.F.,(7,7),(0.,1.),
  .PIECEWISE_BEZIER_KNOTS.);
#1839 = CARTESIAN_POINT('',(80.754638671875,4.139892578125,2.2));
#1840 = CARTESIAN_POINT('',(80.708266797586,4.160970702802,2.2));
#1841 = CARTESIAN_POINT('',(80.646107275505,4.183082865679,2.2));
#1842 = CARTESIAN_POINT('',(80.569996543885,4.205944684903,2.2));
#1843 = CARTESIAN_POINT('',(80.482259778865,4.229302309857,2.2));
#1844 = CARTESIAN_POINT('',(80.384867009267,4.252973852753,2.2));
#1845 = CARTESIAN_POINT('',(80.279296875,4.27685546875,2.2));
#1846 = PCURVE('',#125,#1847);
#1847 = DEFINITIONAL_REPRESENTATION('',(#1848),#1856);
#1848 = B_SPLINE_CURVE_WITH_KNOTS('',6,(#1849,#1850,#1851,#1852,#1853,
    #1854,#1855),.UNSPECIFIED.,.F.,.F.,(7,7),(0.,1.),
  .PIECEWISE_BEZIER_KNOTS.);
#1849 = CARTESIAN_POINT('',(4.754638671875,4.139892578125));
#1850 = CARTESIAN_POINT('',(4.708266797586,4.160970702802));
#1851 = CARTESIAN_POINT('',(4.646107275505,4.183082865679));
#1852 = CARTESIAN_POINT('',(4.569996543885,4.205944684903));
#1853 = CARTESIAN_POINT('',(4.482259778865,4.229302309857));
#1854 = CARTESIAN_POINT('',(4.384867009267,4.252973852753));
#1855 = CARTESIAN_POINT('',(4.279296875,4.27685546875));
#1856 = ( GEOMETRIC_REPRESENTATION_CONTEXT(2) 
PARAMETRIC_REPRESENTATION_CONTEXT() REPRESENTATION_CONTEXT('2D SPACE',''
  ) );
#1857 = PCURVE('',#1858,#1865);
#1858 = SURFACE_OF_LINEAR_EXTRUSION('',#1859,#1863);
#1859 = B_SPLINE_CURVE_WITH_KNOTS('',2,(#1860,#1861,#1862),
  .UNSPECIFIED.,.F.,.F.,(3,3),(0.,1.),.PIECEWISE_BEZIER_KNOTS.);
#1860 = CARTESIAN_POINT('',(80.279296875,4.27685546875,2.19));
#1861 = CARTESIAN_POINT('',(80.625732421875,4.198486328125,2.19));
#1862 = CARTESIAN_POINT('',(80.754638671875,4.139892578125,2.19));
#1863 = VECTOR('',#1864,1.);
#1864 = DIRECTION('',(-0.,-0.,-1.));
#1865 = DEFINITIONAL_REPRESENTATION('',(#1866),#1874);
#1866 = B_SPLINE_CURVE_WITH_KNOTS('',6,(#1867,#1868,#1869,#1870,#1871,
    #1872,#1873),.UNSPECIFIED.,.F.,.F.,(7,7),(0.,1.),
  .PIECEWISE_BEZIER_KNOTS.);
#1867 = CARTESIAN_POINT('',(1.,-1.E-02));
#1868 = CARTESIAN_POINT('',(0.82013333609,-1.E-02));
#1869 = CARTESIAN_POINT('',(0.644546165596,-1.E-02));
#1870 = CARTESIAN_POINT('',(0.474491106356,-1.E-02));
#1871 = CARTESIAN_POINT('',(0.310421182023,-1.E-02));
#1872 = CARTESIAN_POINT('',(0.152366198011,-1.E-02));
#1873 = CARTESIAN_POINT('',(0.,-1.E-02));
#1874 = ( GEOMETRIC_REPRESENTATION_CONTEXT(2) 
PARAMETRIC_REPRESENTATION_CONTEXT() REPRESENTATION_CONTEXT('2D SPACE',''
  ) );
#1875 = ORIENTED_EDGE('',*,*,#1876,.F.);
#1876 = EDGE_CURVE('',#1877,#1835,#1879,.T.);
#1877 = VERTEX_POINT('',#1878);
#1878 = CARTESIAN_POINT('',(81.031494140625,3.9208984375,2.2));
#1879 = SURFACE_CURVE('',#1880,(#1887,#1897),.PCURVE_S1.);
#1880 = B_SPLINE_CURVE_WITH_KNOTS('',5,(#1881,#1882,#1883,#1884,#1885,
    #1886),.UNSPECIFIED.,.F.,.F.,(6,6),(0.,1.),
  .PIECEWISE_BEZIER_KNOTS.);
#1881 = CARTESIAN_POINT('',(81.031494140625,3.9208984375,2.2));
#1882 = CARTESIAN_POINT('',(80.995329926102,3.974551903309,2.2));
#1883 = CARTESIAN_POINT('',(80.949204300139,4.023353562542,2.2));
#1884 = CARTESIAN_POINT('',(80.893349998516,4.06714583408,2.2));
#1885 = CARTESIAN_POINT('',(80.828277565309,4.105949650683,2.2));
#1886 = CARTESIAN_POINT('',(80.754638671875,4.139892578125,2.2));
#1887 = PCURVE('',#125,#1888);
#1888 = DEFINITIONAL_REPRESENTATION('',(#1889),#1896);
#1889 = B_SPLINE_CURVE_WITH_KNOTS('',5,(#1890,#1891,#1892,#1893,#1894,
    #1895),.UNSPECIFIED.,.F.,.F.,(6,6),(0.,1.),
  .PIECEWISE_BEZIER_KNOTS.);
#1890 = CARTESIAN_POINT('',(5.031494140625,3.9208984375));
#1891 = CARTESIAN_POINT('',(4.995329926102,3.974551903309));
#1892 = CARTESIAN_POINT('',(4.949204300139,4.023353562542));
#1893 = CARTESIAN_POINT('',(4.893349998516,4.06714583408));
#1894 = CARTESIAN_POINT('',(4.828277565309,4.105949650683));
#1895 = CARTESIAN_POINT('',(4.754638671875,4.139892578125));
#1896 = ( GEOMETRIC_REPRESENTATION_CONTEXT(2) 
PARAMETRIC_REPRESENTATION_CONTEXT() REPRESENTATION_CONTEXT('2D SPACE',''
  ) );
#1897 = PCURVE('',#1898,#1905);
#1898 = SURFACE_OF_LINEAR_EXTRUSION('',#1899,#1903);
#1899 = B_SPLINE_CURVE_WITH_KNOTS('',2,(#1900,#1901,#1902),
  .UNSPECIFIED.,.F.,.F.,(3,3),(0.,1.),.PIECEWISE_BEZIER_KNOTS.);
#1900 = CARTESIAN_POINT('',(80.754638671875,4.139892578125,2.19));
#1901 = CARTESIAN_POINT('',(80.942138671875,4.053466796875,2.19));
#1902 = CARTESIAN_POINT('',(81.031494140625,3.9208984375,2.19));
#1903 = VECTOR('',#1904,1.);
#1904 = DIRECTION('',(-0.,-0.,-1.));
#1905 = DEFINITIONAL_REPRESENTATION('',(#1906),#1913);
#1906 = B_SPLINE_CURVE_WITH_KNOTS('',5,(#1907,#1908,#1909,#1910,#1911,
    #1912),.UNSPECIFIED.,.F.,.F.,(6,6),(0.,1.),
  .PIECEWISE_BEZIER_KNOTS.);
#1907 = CARTESIAN_POINT('',(1.,-1.E-02));
#1908 = CARTESIAN_POINT('',(0.797638493599,-1.E-02));
#1909 = CARTESIAN_POINT('',(0.595759452573,-1.E-02));
#1910 = CARTESIAN_POINT('',(0.395127579528,-1.E-02));
#1911 = CARTESIAN_POINT('',(0.196370382491,-1.E-02));
#1912 = CARTESIAN_POINT('',(0.,-1.E-02));
#1913 = ( GEOMETRIC_REPRESENTATION_CONTEXT(2) 
PARAMETRIC_REPRESENTATION_CONTEXT() REPRESENTATION_CONTEXT('2D SPACE',''
  ) );
#1914 = ORIENTED_EDGE('',*,*,#1915,.F.);
#1915 = EDGE_CURVE('',#1916,#1877,#1918,.T.);
#1916 = VERTEX_POINT('',#1917);
#1917 = CARTESIAN_POINT('',(81.120849609375,3.615478515625,2.2));
#1918 = SURFACE_CURVE('',#1919,(#1930,#1944),.PCURVE_S1.);
#1919 = B_SPLINE_CURVE_WITH_KNOTS('',5,(#1920,#1921,#1922,#1923,#1924,
    #1925,#1926,#1927,#1928,#1929),.UNSPECIFIED.,.F.,.F.,(6,4,6),(0.,
    0.726516227024,1.),.UNSPECIFIED.);
#1920 = CARTESIAN_POINT('',(81.120849609375,3.615478515625,2.2));
#1921 = CARTESIAN_POINT('',(81.120849609375,3.66537139728,2.2));
#1922 = CARTESIAN_POINT('',(81.116196630162,3.713391227149,2.2));
#1923 = CARTESIAN_POINT('',(81.106806845937,3.759429399986,2.2));
#1924 = CARTESIAN_POINT('',(81.092648684316,3.803396553101,2.2));
#1925 = CARTESIAN_POINT('',(81.066639357497,3.860972860619,2.2));
#1926 = CARTESIAN_POINT('',(81.058854806522,3.876416305684,2.2));
#1927 = CARTESIAN_POINT('',(81.050400408821,3.891553556496,2.2));
#1928 = CARTESIAN_POINT('',(81.041278892954,3.906381714782,2.2));
#1929 = CARTESIAN_POINT('',(81.031494140625,3.9208984375,2.2));
#1930 = PCURVE('',#125,#1931);
#1931 = DEFINITIONAL_REPRESENTATION('',(#1932),#1943);
#1932 = B_SPLINE_CURVE_WITH_KNOTS('',5,(#1933,#1934,#1935,#1936,#1937,
    #1938,#1939,#1940,#1941,#1942),.UNSPECIFIED.,.F.,.F.,(6,4,6),(0.,
    0.726516227024,1.),.UNSPECIFIED.);
#1933 = CARTESIAN_POINT('',(5.120849609375,3.615478515625));
#1934 = CARTESIAN_POINT('',(5.120849609375,3.66537139728));
#1935 = CARTESIAN_POINT('',(5.116196630162,3.713391227149));
#1936 = CARTESIAN_POINT('',(5.106806845937,3.759429399986));
#1937 = CARTESIAN_POINT('',(5.092648684316,3.803396553101));
#1938 = CARTESIAN_POINT('',(5.066639357497,3.860972860619));
#1939 = CARTESIAN_POINT('',(5.058854806522,3.876416305684));
#1940 = CARTESIAN_POINT('',(5.050400408821,3.891553556496));
#1941 = CARTESIAN_POINT('',(5.041278892954,3.906381714782));
#1942 = CARTESIAN_POINT('',(5.031494140625,3.9208984375));
#1943 = ( GEOMETRIC_REPRESENTATION_CONTEXT(2) 
PARAMETRIC_REPRESENTATION_CONTEXT() REPRESENTATION_CONTEXT('2D SPACE',''
  ) );
#1944 = PCURVE('',#1945,#1952);
#1945 = SURFACE_OF_LINEAR_EXTRUSION('',#1946,#1950);
#1946 = B_SPLINE_CURVE_WITH_KNOTS('',2,(#1947,#1948,#1949),
  .UNSPECIFIED.,.F.,.F.,(3,3),(0.,1.),.PIECEWISE_BEZIER_KNOTS.);
#1947 = CARTESIAN_POINT('',(81.031494140625,3.9208984375,2.19));
#1948 = CARTESIAN_POINT('',(81.120849609375,3.788330078125,2.19));
#1949 = CARTESIAN_POINT('',(81.120849609375,3.615478515625,2.19));
#1950 = VECTOR('',#1951,1.);
#1951 = DIRECTION('',(-0.,-0.,-1.));
#1952 = DEFINITIONAL_REPRESENTATION('',(#1953),#1964);
#1953 = B_SPLINE_CURVE_WITH_KNOTS('',5,(#1954,#1955,#1956,#1957,#1958,
    #1959,#1960,#1961,#1962,#1963),.UNSPECIFIED.,.F.,.F.,(6,4,6),(0.,
    0.726516227024,1.),.UNSPECIFIED.);
#1954 = CARTESIAN_POINT('',(1.,-1.E-02));
#1955 = CARTESIAN_POINT('',(0.855677088094,-1.E-02));
#1956 = CARTESIAN_POINT('',(0.71070447776,-1.E-02));
#1957 = CARTESIAN_POINT('',(0.565287012173,-1.E-02));
#1958 = CARTESIAN_POINT('',(0.419642014331,-1.E-02));
#1959 = CARTESIAN_POINT('',(0.219175722026,-1.E-02));
#1960 = CARTESIAN_POINT('',(0.164351589953,-1.E-02));
#1961 = CARTESIAN_POINT('',(0.109539648025,-1.E-02));
#1962 = CARTESIAN_POINT('',(5.475183817094E-02,-1.E-02));
#1963 = CARTESIAN_POINT('',(0.,-1.E-02));
#1964 = ( GEOMETRIC_REPRESENTATION_CONTEXT(2) 
PARAMETRIC_REPRESENTATION_CONTEXT() REPRESENTATION_CONTEXT('2D SPACE',''
  ) );
#1965 = ORIENTED_EDGE('',*,*,#1966,.F.);
#1966 = EDGE_CURVE('',#1967,#1916,#1969,.T.);
#1967 = VERTEX_POINT('',#1968);
#1968 = CARTESIAN_POINT('',(81.022705078125,3.29248046875,2.2));
#1969 = SURFACE_CURVE('',#1970,(#1979,#1991),.PCURVE_S1.);
#1970 = B_SPLINE_CURVE_WITH_KNOTS('',4,(#1971,#1972,#1973,#1974,#1975,
    #1976,#1977,#1978),.UNSPECIFIED.,.F.,.F.,(5,3,5),(0.,0.663430277864,
    1.),.UNSPECIFIED.);
#1971 = CARTESIAN_POINT('',(81.022705078125,3.29248046875,2.2));
#1972 = CARTESIAN_POINT('',(81.055070743193,3.342478175236,2.2));
#1973 = CARTESIAN_POINT('',(81.080488832894,3.394168229457,2.2));
#1974 = CARTESIAN_POINT('',(81.098710465751,3.447461314083,2.2));
#1975 = CARTESIAN_POINT('',(81.115280356697,3.529984566743,2.2));
#1976 = CARTESIAN_POINT('',(81.118996996208,3.558134121039,2.2));
#1977 = CARTESIAN_POINT('',(81.120849609375,3.58663931152,2.2));
#1978 = CARTESIAN_POINT('',(81.120849609375,3.615478515625,2.2));
#1979 = PCURVE('',#125,#1980);
#1980 = DEFINITIONAL_REPRESENTATION('',(#1981),#1990);
#1981 = B_SPLINE_CURVE_WITH_KNOTS('',4,(#1982,#1983,#1984,#1985,#1986,
    #1987,#1988,#1989),.UNSPECIFIED.,.F.,.F.,(5,3,5),(0.,0.663430277864,
    1.),.UNSPECIFIED.);
#1982 = CARTESIAN_POINT('',(5.022705078125,3.29248046875));
#1983 = CARTESIAN_POINT('',(5.055070743193,3.342478175236));
#1984 = CARTESIAN_POINT('',(5.080488832894,3.394168229457));
#1985 = CARTESIAN_POINT('',(5.098710465751,3.447461314083));
#1986 = CARTESIAN_POINT('',(5.115280356697,3.529984566743));
#1987 = CARTESIAN_POINT('',(5.118996996208,3.558134121039));
#1988 = CARTESIAN_POINT('',(5.120849609375,3.58663931152));
#1989 = CARTESIAN_POINT('',(5.120849609375,3.615478515625));
#1990 = ( GEOMETRIC_REPRESENTATION_CONTEXT(2) 
PARAMETRIC_REPRESENTATION_CONTEXT() REPRESENTATION_CONTEXT('2D SPACE',''
  ) );
#1991 = PCURVE('',#1992,#1999);
#1992 = SURFACE_OF_LINEAR_EXTRUSION('',#1993,#1997);
#1993 = B_SPLINE_CURVE_WITH_KNOTS('',2,(#1994,#1995,#1996),
  .UNSPECIFIED.,.F.,.F.,(3,3),(0.,1.),.PIECEWISE_BEZIER_KNOTS.);
#1994 = CARTESIAN_POINT('',(81.120849609375,3.615478515625,2.19));
#1995 = CARTESIAN_POINT('',(81.120849609375,3.444091796875,2.19));
#1996 = CARTESIAN_POINT('',(81.022705078125,3.29248046875,2.19));
#1997 = VECTOR('',#1998,1.);
#1998 = DIRECTION('',(-0.,-0.,-1.));
#1999 = DEFINITIONAL_REPRESENTATION('',(#2000),#2009);
#2000 = B_SPLINE_CURVE_WITH_KNOTS('',4,(#2001,#2002,#2003,#2004,#2005,
    #2006,#2007,#2008),.UNSPECIFIED.,.F.,.F.,(5,3,5),(0.,0.663430277864,
    1.),.UNSPECIFIED.);
#2001 = CARTESIAN_POINT('',(1.,-1.E-02));
#2002 = CARTESIAN_POINT('',(0.835112233682,-1.E-02));
#2003 = CARTESIAN_POINT('',(0.669371241547,-1.E-02));
#2004 = CARTESIAN_POINT('',(0.50318389611,-1.E-02));
#2005 = CARTESIAN_POINT('',(0.252692018282,-1.E-02));
#2006 = CARTESIAN_POINT('',(0.168384349541,-1.E-02));
#2007 = CARTESIAN_POINT('',(8.413488605018E-02,-1.E-02));
#2008 = CARTESIAN_POINT('',(0.,-1.E-02));
#2009 = ( GEOMETRIC_REPRESENTATION_CONTEXT(2) 
PARAMETRIC_REPRESENTATION_CONTEXT() REPRESENTATION_CONTEXT('2D SPACE',''
  ) );
#2010 = ORIENTED_EDGE('',*,*,#2011,.F.);
#2011 = EDGE_CURVE('',#2012,#1967,#2014,.T.);
#2012 = VERTEX_POINT('',#2013);
#2013 = CARTESIAN_POINT('',(80.74072265625,3.056640625,2.2));
#2014 = SURFACE_CURVE('',#2015,(#2026,#2040),.PCURVE_S1.);
#2015 = B_SPLINE_CURVE_WITH_KNOTS('',5,(#2016,#2017,#2018,#2019,#2020,
    #2021,#2022,#2023,#2024,#2025),.UNSPECIFIED.,.F.,.F.,(6,4,6),(0.,
    0.849618761254,1.),.UNSPECIFIED.);
#2016 = CARTESIAN_POINT('',(80.74072265625,3.056640625,2.2));
#2017 = CARTESIAN_POINT('',(80.802538051996,3.084962419864,2.2));
#2018 = CARTESIAN_POINT('',(80.85875025849,3.118253027211,2.2));
#2019 = CARTESIAN_POINT('',(80.909044749017,3.156589020138,2.2));
#2020 = CARTESIAN_POINT('',(80.953198328167,3.199957753945,2.2));
#2021 = CARTESIAN_POINT('',(80.997822115873,3.256774400917,2.2));
#2022 = CARTESIAN_POINT('',(81.004337233377,3.26547223583,2.2));
#2023 = CARTESIAN_POINT('',(81.010656351717,3.274323062395,2.2));
#2024 = CARTESIAN_POINT('',(81.016779061098,3.283326099163,2.2));
#2025 = CARTESIAN_POINT('',(81.022705078125,3.29248046875,2.2));
#2026 = PCURVE('',#125,#2027);
#2027 = DEFINITIONAL_REPRESENTATION('',(#2028),#2039);
#2028 = B_SPLINE_CURVE_WITH_KNOTS('',5,(#2029,#2030,#2031,#2032,#2033,
    #2034,#2035,#2036,#2037,#2038),.UNSPECIFIED.,.F.,.F.,(6,4,6),(0.,
    0.849618761254,1.),.UNSPECIFIED.);
#2029 = CARTESIAN_POINT('',(4.74072265625,3.056640625));
#2030 = CARTESIAN_POINT('',(4.802538051996,3.084962419864));
#2031 = CARTESIAN_POINT('',(4.85875025849,3.118253027211));
#2032 = CARTESIAN_POINT('',(4.909044749018,3.156589020138));
#2033 = CARTESIAN_POINT('',(4.953198328167,3.199957753945));
#2034 = CARTESIAN_POINT('',(4.997822115873,3.256774400917));
#2035 = CARTESIAN_POINT('',(5.004337233377,3.26547223583));
#2036 = CARTESIAN_POINT('',(5.010656351717,3.274323062395));
#2037 = CARTESIAN_POINT('',(5.016779061098,3.283326099163));
#2038 = CARTESIAN_POINT('',(5.022705078125,3.29248046875));
#2039 = ( GEOMETRIC_REPRESENTATION_CONTEXT(2) 
PARAMETRIC_REPRESENTATION_CONTEXT() REPRESENTATION_CONTEXT('2D SPACE',''
  ) );
#2040 = PCURVE('',#2041,#2048);
#2041 = SURFACE_OF_LINEAR_EXTRUSION('',#2042,#2046);
#2042 = B_SPLINE_CURVE_WITH_KNOTS('',2,(#2043,#2044,#2045),
  .UNSPECIFIED.,.F.,.F.,(3,3),(0.,1.),.PIECEWISE_BEZIER_KNOTS.);
#2043 = CARTESIAN_POINT('',(81.022705078125,3.29248046875,2.19));
#2044 = CARTESIAN_POINT('',(80.924560546875,3.140869140625,2.19));
#2045 = CARTESIAN_POINT('',(80.74072265625,3.056640625,2.19));
#2046 = VECTOR('',#2047,1.);
#2047 = DIRECTION('',(-0.,-0.,-1.));
#2048 = DEFINITIONAL_REPRESENTATION('',(#2049),#2060);
#2049 = B_SPLINE_CURVE_WITH_KNOTS('',5,(#2050,#2051,#2052,#2053,#2054,
    #2055,#2056,#2057,#2058,#2059),.UNSPECIFIED.,.F.,.F.,(6,4,6),(0.,
    0.849618761254,1.),.UNSPECIFIED.);
#2050 = CARTESIAN_POINT('',(1.,-1.E-02));
#2051 = CARTESIAN_POINT('',(0.831875258317,-1.E-02));
#2052 = CARTESIAN_POINT('',(0.662520352133,-1.E-02));
#2053 = CARTESIAN_POINT('',(0.492308442277,-1.E-02));
#2054 = CARTESIAN_POINT('',(0.321650720358,-1.E-02));
#2055 = CARTESIAN_POINT('',(0.120795079993,-1.E-02));
#2056 = CARTESIAN_POINT('',(9.059020416855E-02,-1.E-02));
#2057 = CARTESIAN_POINT('',(6.038779212163E-02,-1.E-02));
#2058 = CARTESIAN_POINT('',(3.01902558989E-02,-1.E-02));
#2059 = CARTESIAN_POINT('',(0.,-1.E-02));
#2060 = ( GEOMETRIC_REPRESENTATION_CONTEXT(2) 
PARAMETRIC_REPRESENTATION_CONTEXT() REPRESENTATION_CONTEXT('2D SPACE',''
  ) );
#2061 = ORIENTED_EDGE('',*,*,#2062,.F.);
#2062 = EDGE_CURVE('',#2063,#2012,#2065,.T.);
#2063 = VERTEX_POINT('',#2064);
#2064 = CARTESIAN_POINT('',(80.326904296875,2.972412109375,2.2));
#2065 = SURFACE_CURVE('',#2066,(#2073,#2083),.PCURVE_S1.);
#2066 = B_SPLINE_CURVE_WITH_KNOTS('',5,(#2067,#2068,#2069,#2070,#2071,
    #2072),.UNSPECIFIED.,.F.,.F.,(6,6),(0.,1.),
  .PIECEWISE_BEZIER_KNOTS.);
#2067 = CARTESIAN_POINT('',(80.326904296875,2.972412109375,2.2));
#2068 = CARTESIAN_POINT('',(80.417742229222,2.972412109375,2.2));
#2069 = CARTESIAN_POINT('',(80.504870033699,2.980624916773,2.2));
#2070 = CARTESIAN_POINT('',(80.587933917647,2.997335898462,2.2));
#2071 = CARTESIAN_POINT('',(80.66662736397,3.02269258272,2.2));
#2072 = CARTESIAN_POINT('',(80.74072265625,3.056640625,2.2));
#2073 = PCURVE('',#125,#2074);
#2074 = DEFINITIONAL_REPRESENTATION('',(#2075),#2082);
#2075 = B_SPLINE_CURVE_WITH_KNOTS('',5,(#2076,#2077,#2078,#2079,#2080,
    #2081),.UNSPECIFIED.,.F.,.F.,(6,6),(0.,1.),
  .PIECEWISE_BEZIER_KNOTS.);
#2076 = CARTESIAN_POINT('',(4.326904296875,2.972412109375));
#2077 = CARTESIAN_POINT('',(4.417742229222,2.972412109375));
#2078 = CARTESIAN_POINT('',(4.504870033699,2.980624916773));
#2079 = CARTESIAN_POINT('',(4.587933917647,2.997335898462));
#2080 = CARTESIAN_POINT('',(4.66662736397,3.02269258272));
#2081 = CARTESIAN_POINT('',(4.74072265625,3.056640625));
#2082 = ( GEOMETRIC_REPRESENTATION_CONTEXT(2) 
PARAMETRIC_REPRESENTATION_CONTEXT() REPRESENTATION_CONTEXT('2D SPACE',''
  ) );
#2083 = PCURVE('',#2084,#2091);
#2084 = SURFACE_OF_LINEAR_EXTRUSION('',#2085,#2089);
#2085 = B_SPLINE_CURVE_WITH_KNOTS('',2,(#2086,#2087,#2088),
  .UNSPECIFIED.,.F.,.F.,(3,3),(0.,1.),.PIECEWISE_BEZIER_KNOTS.);
#2086 = CARTESIAN_POINT('',(80.74072265625,3.056640625,2.19));
#2087 = CARTESIAN_POINT('',(80.556884765625,2.972412109375,2.19));
#2088 = CARTESIAN_POINT('',(80.326904296875,2.972412109375,2.19));
#2089 = VECTOR('',#2090,1.);
#2090 = DIRECTION('',(-0.,-0.,-1.));
#2091 = DEFINITIONAL_REPRESENTATION('',(#2092),#2099);
#2092 = B_SPLINE_CURVE_WITH_KNOTS('',5,(#2093,#2094,#2095,#2096,#2097,
    #2098),.UNSPECIFIED.,.F.,.F.,(6,6),(0.,1.),
  .PIECEWISE_BEZIER_KNOTS.);
#2093 = CARTESIAN_POINT('',(1.,-1.E-02));
#2094 = CARTESIAN_POINT('',(0.802509463432,-1.E-02));
#2095 = CARTESIAN_POINT('',(0.603303428427,-1.E-02));
#2096 = CARTESIAN_POINT('',(0.402811194983,-1.E-02));
#2097 = CARTESIAN_POINT('',(0.201523450981,-1.E-02));
#2098 = CARTESIAN_POINT('',(0.,-1.E-02));
#2099 = ( GEOMETRIC_REPRESENTATION_CONTEXT(2) 
PARAMETRIC_REPRESENTATION_CONTEXT() REPRESENTATION_CONTEXT('2D SPACE',''
  ) );
#2100 = ORIENTED_EDGE('',*,*,#2101,.F.);
#2101 = EDGE_CURVE('',#2102,#2063,#2104,.T.);
#2102 = VERTEX_POINT('',#2103);
#2103 = CARTESIAN_POINT('',(79.83837890625,3.057373046875,2.2));
#2104 = SURFACE_CURVE('',#2105,(#2112,#2122),.PCURVE_S1.);
#2105 = B_SPLINE_CURVE_WITH_KNOTS('',5,(#2106,#2107,#2108,#2109,#2110,
    #2111),.UNSPECIFIED.,.F.,.F.,(6,6),(0.,1.),
  .PIECEWISE_BEZIER_KNOTS.);
#2106 = CARTESIAN_POINT('',(79.83837890625,3.057373046875,2.2));
#2107 = CARTESIAN_POINT('',(79.919376823308,3.022444577066,2.2));
#2108 = CARTESIAN_POINT('',(80.009556437742,2.996835936072,2.2));
#2109 = CARTESIAN_POINT('',(80.108163959676,2.980343768208,2.2));
#2110 = CARTESIAN_POINT('',(80.214245907042,2.972412109375,2.2));
#2111 = CARTESIAN_POINT('',(80.326904296875,2.972412109375,2.2));
#2112 = PCURVE('',#125,#2113);
#2113 = DEFINITIONAL_REPRESENTATION('',(#2114),#2121);
#2114 = B_SPLINE_CURVE_WITH_KNOTS('',5,(#2115,#2116,#2117,#2118,#2119,
    #2120),.UNSPECIFIED.,.F.,.F.,(6,6),(0.,1.),
  .PIECEWISE_BEZIER_KNOTS.);
#2115 = CARTESIAN_POINT('',(3.83837890625,3.057373046875));
#2116 = CARTESIAN_POINT('',(3.919376823308,3.022444577066));
#2117 = CARTESIAN_POINT('',(4.009556437742,2.996835936072));
#2118 = CARTESIAN_POINT('',(4.108163959676,2.980343768208));
#2119 = CARTESIAN_POINT('',(4.214245907042,2.972412109375));
#2120 = CARTESIAN_POINT('',(4.326904296875,2.972412109375));
#2121 = ( GEOMETRIC_REPRESENTATION_CONTEXT(2) 
PARAMETRIC_REPRESENTATION_CONTEXT() REPRESENTATION_CONTEXT('2D SPACE',''
  ) );
#2122 = PCURVE('',#2123,#2130);
#2123 = SURFACE_OF_LINEAR_EXTRUSION('',#2124,#2128);
#2124 = B_SPLINE_CURVE_WITH_KNOTS('',2,(#2125,#2126,#2127),
  .UNSPECIFIED.,.F.,.F.,(3,3),(0.,1.),.PIECEWISE_BEZIER_KNOTS.);
#2125 = CARTESIAN_POINT('',(80.326904296875,2.972412109375,2.19));
#2126 = CARTESIAN_POINT('',(80.035400390625,2.972412109375,2.19));
#2127 = CARTESIAN_POINT('',(79.83837890625,3.057373046875,2.19));
#2128 = VECTOR('',#2129,1.);
#2129 = DIRECTION('',(-0.,-0.,-1.));
#2130 = DEFINITIONAL_REPRESENTATION('',(#2131),#2138);
#2131 = B_SPLINE_CURVE_WITH_KNOTS('',5,(#2132,#2133,#2134,#2135,#2136,
    #2137),.UNSPECIFIED.,.F.,.F.,(6,6),(0.,1.),
  .PIECEWISE_BEZIER_KNOTS.);
#2132 = CARTESIAN_POINT('',(1.,-1.E-02));
#2133 = CARTESIAN_POINT('',(0.794443947789,-1.E-02));
#2134 = CARTESIAN_POINT('',(0.590916333256,-1.E-02));
#2135 = CARTESIAN_POINT('',(0.39032219458,-1.E-02));
#2136 = CARTESIAN_POINT('',(0.193236501155,-1.E-02));
#2137 = CARTESIAN_POINT('',(0.,-1.E-02));
#2138 = ( GEOMETRIC_REPRESENTATION_CONTEXT(2) 
PARAMETRIC_REPRESENTATION_CONTEXT() REPRESENTATION_CONTEXT('2D SPACE',''
  ) );
#2139 = ORIENTED_EDGE('',*,*,#2140,.F.);
#2140 = EDGE_CURVE('',#2141,#2102,#2143,.T.);
#2141 = VERTEX_POINT('',#2142);
#2142 = CARTESIAN_POINT('',(79.529296875,3.31298828125,2.2));
#2143 = SURFACE_CURVE('',#2144,(#2155,#2169),.PCURVE_S1.);
#2144 = B_SPLINE_CURVE_WITH_KNOTS('',5,(#2145,#2146,#2147,#2148,#2149,
    #2150,#2151,#2152,#2153,#2154),.UNSPECIFIED.,.F.,.F.,(6,4,6),(0.,
    0.350433090833,1.),.UNSPECIFIED.);
#2145 = CARTESIAN_POINT('',(79.529296875,3.31298828125,2.2));
#2146 = CARTESIAN_POINT('',(79.544997949628,3.289077494399,2.2));
#2147 = CARTESIAN_POINT('',(79.561765535749,3.266181453766,2.2));
#2148 = CARTESIAN_POINT('',(79.579598191769,3.244318672118,2.2));
#2149 = CARTESIAN_POINT('',(79.598490016941,3.223503569334,2.2));
#2150 = CARTESIAN_POINT('',(79.655392846461,3.1671244846,2.2));
#2151 = CARTESIAN_POINT('',(79.695959284161,3.134136921715,2.2));
#2152 = CARTESIAN_POINT('',(79.740062712755,3.104850846561,2.2));
#2153 = CARTESIAN_POINT('',(79.78758749424,3.079275663206,2.2));
#2154 = CARTESIAN_POINT('',(79.83837890625,3.057373046875,2.2));
#2155 = PCURVE('',#125,#2156);
#2156 = DEFINITIONAL_REPRESENTATION('',(#2157),#2168);
#2157 = B_SPLINE_CURVE_WITH_KNOTS('',5,(#2158,#2159,#2160,#2161,#2162,
    #2163,#2164,#2165,#2166,#2167),.UNSPECIFIED.,.F.,.F.,(6,4,6),(0.,
    0.350433090833,1.),.UNSPECIFIED.);
#2158 = CARTESIAN_POINT('',(3.529296875,3.31298828125));
#2159 = CARTESIAN_POINT('',(3.544997949628,3.289077494399));
#2160 = CARTESIAN_POINT('',(3.561765535749,3.266181453766));
#2161 = CARTESIAN_POINT('',(3.579598191769,3.244318672118));
#2162 = CARTESIAN_POINT('',(3.598490016941,3.223503569334));
#2163 = CARTESIAN_POINT('',(3.655392846461,3.1671244846));
#2164 = CARTESIAN_POINT('',(3.695959284161,3.134136921715));
#2165 = CARTESIAN_POINT('',(3.740062712755,3.104850846561));
#2166 = CARTESIAN_POINT('',(3.78758749424,3.079275663206));
#2167 = CARTESIAN_POINT('',(3.83837890625,3.057373046875));
#2168 = ( GEOMETRIC_REPRESENTATION_CONTEXT(2) 
PARAMETRIC_REPRESENTATION_CONTEXT() REPRESENTATION_CONTEXT('2D SPACE',''
  ) );
#2169 = PCURVE('',#2170,#2177);
#2170 = SURFACE_OF_LINEAR_EXTRUSION('',#2171,#2175);
#2171 = B_SPLINE_CURVE_WITH_KNOTS('',2,(#2172,#2173,#2174),
  .UNSPECIFIED.,.F.,.F.,(3,3),(0.,1.),.PIECEWISE_BEZIER_KNOTS.);
#2172 = CARTESIAN_POINT('',(79.83837890625,3.057373046875,2.19));
#2173 = CARTESIAN_POINT('',(79.641357421875,3.142333984375,2.19));
#2174 = CARTESIAN_POINT('',(79.529296875,3.31298828125,2.19));
#2175 = VECTOR('',#2176,1.);
#2176 = DIRECTION('',(-0.,-0.,-1.));
#2177 = DEFINITIONAL_REPRESENTATION('',(#2178),#2189);
#2178 = B_SPLINE_CURVE_WITH_KNOTS('',5,(#2179,#2180,#2181,#2182,#2183,
    #2184,#2185,#2186,#2187,#2188),.UNSPECIFIED.,.F.,.F.,(6,4,6),(0.,
    0.350433090833,1.),.UNSPECIFIED.);
#2179 = CARTESIAN_POINT('',(1.,-1.E-02));
#2180 = CARTESIAN_POINT('',(0.929943789025,-1.E-02));
#2181 = CARTESIAN_POINT('',(0.85978013454,-1.E-02));
#2182 = CARTESIAN_POINT('',(0.789544228884,-1.E-02));
#2183 = CARTESIAN_POINT('',(0.719271977713,-1.E-02));
#2184 = CARTESIAN_POINT('',(0.518743033526,-1.E-02));
#2185 = CARTESIAN_POINT('',(0.388484500617,-1.E-02));
#2186 = CARTESIAN_POINT('',(0.258462158341,-1.E-02));
#2187 = CARTESIAN_POINT('',(0.128898155881,-1.E-02));
#2188 = CARTESIAN_POINT('',(0.,-1.E-02));
#2189 = ( GEOMETRIC_REPRESENTATION_CONTEXT(2) 
PARAMETRIC_REPRESENTATION_CONTEXT() REPRESENTATION_CONTEXT('2D SPACE',''
  ) );
#2190 = ORIENTED_EDGE('',*,*,#2191,.F.);
#2191 = EDGE_CURVE('',#739,#2141,#2192,.T.);
#2192 = SURFACE_CURVE('',#2193,(#2204,#2218),.PCURVE_S1.);
#2193 = B_SPLINE_CURVE_WITH_KNOTS('',5,(#2194,#2195,#2196,#2197,#2198,
    #2199,#2200,#2201,#2202,#2203),.UNSPECIFIED.,.F.,.F.,(6,4,6),(0.,
    0.678587041509,1.),.UNSPECIFIED.);
#2194 = CARTESIAN_POINT('',(79.411376953125,3.698974609375,2.2));
#2195 = CARTESIAN_POINT('',(79.412955062647,3.640979084441,2.2));
#2196 = CARTESIAN_POINT('',(79.419356087023,3.584711719256,2.2));
#2197 = CARTESIAN_POINT('',(79.430676307035,3.530306917501,2.2));
#2198 = CARTESIAN_POINT('',(79.446950966178,3.477879972055,2.2));
#2199 = CARTESIAN_POINT('',(79.478178027178,3.403669952815,2.2));
#2200 = CARTESIAN_POINT('',(79.489317697819,3.380281856093,2.2));
#2201 = CARTESIAN_POINT('',(79.501556231279,3.357367212597,2.2));
#2202 = CARTESIAN_POINT('',(79.514886220075,3.334933919142,2.2));
#2203 = CARTESIAN_POINT('',(79.529296875,3.31298828125,2.2));
#2204 = PCURVE('',#125,#2205);
#2205 = DEFINITIONAL_REPRESENTATION('',(#2206),#2217);
#2206 = B_SPLINE_CURVE_WITH_KNOTS('',5,(#2207,#2208,#2209,#2210,#2211,
    #2212,#2213,#2214,#2215,#2216),.UNSPECIFIED.,.F.,.F.,(6,4,6),(0.,
    0.678587041509,1.),.UNSPECIFIED.);
#2207 = CARTESIAN_POINT('',(3.411376953125,3.698974609375));
#2208 = CARTESIAN_POINT('',(3.412955062647,3.640979084441));
#2209 = CARTESIAN_POINT('',(3.419356087023,3.584711719256));
#2210 = CARTESIAN_POINT('',(3.430676307035,3.530306917501));
#2211 = CARTESIAN_POINT('',(3.446950966178,3.477879972055));
#2212 = CARTESIAN_POINT('',(3.478178027178,3.403669952815));
#2213 = CARTESIAN_POINT('',(3.489317697819,3.380281856093));
#2214 = CARTESIAN_POINT('',(3.501556231279,3.357367212597));
#2215 = CARTESIAN_POINT('',(3.514886220075,3.334933919142));
#2216 = CARTESIAN_POINT('',(3.529296875,3.31298828125));
#2217 = ( GEOMETRIC_REPRESENTATION_CONTEXT(2) 
PARAMETRIC_REPRESENTATION_CONTEXT() REPRESENTATION_CONTEXT('2D SPACE',''
  ) );
#2218 = PCURVE('',#2219,#2226);
#2219 = SURFACE_OF_LINEAR_EXTRUSION('',#2220,#2224);
#2220 = B_SPLINE_CURVE_WITH_KNOTS('',2,(#2221,#2222,#2223),
  .UNSPECIFIED.,.F.,.F.,(3,3),(0.,1.),.PIECEWISE_BEZIER_KNOTS.);
#2221 = CARTESIAN_POINT('',(79.529296875,3.31298828125,2.19));
#2222 = CARTESIAN_POINT('',(79.417236328125,3.483642578125,2.19));
#2223 = CARTESIAN_POINT('',(79.411376953125,3.698974609375,2.19));
#2224 = VECTOR('',#2225,1.);
#2225 = DIRECTION('',(-0.,-0.,-1.));
#2226 = DEFINITIONAL_REPRESENTATION('',(#2227),#2238);
#2227 = B_SPLINE_CURVE_WITH_KNOTS('',5,(#2228,#2229,#2230,#2231,#2232,
    #2233,#2234,#2235,#2236,#2237),.UNSPECIFIED.,.F.,.F.,(6,4,6),(0.,
    0.678587041509,1.),.UNSPECIFIED.);
#2228 = CARTESIAN_POINT('',(1.,-1.E-02));
#2229 = CARTESIAN_POINT('',(0.865334654121,-1.E-02));
#2230 = CARTESIAN_POINT('',(0.729978778473,-1.E-02));
#2231 = CARTESIAN_POINT('',(0.594147939266,-1.E-02));
#2232 = CARTESIAN_POINT('',(0.458072778567,-1.E-02));
#2233 = CARTESIAN_POINT('',(0.257549087068,-1.E-02));
#2234 = CARTESIAN_POINT('',(0.193098154153,-1.E-02));
#2235 = CARTESIAN_POINT('',(0.12867287128,-1.E-02));
#2236 = CARTESIAN_POINT('',(6.429852131981E-02,-1.E-02));
#2237 = CARTESIAN_POINT('',(0.,-1.E-02));
#2238 = ( GEOMETRIC_REPRESENTATION_CONTEXT(2) 
PARAMETRIC_REPRESENTATION_CONTEXT() REPRESENTATION_CONTEXT('2D SPACE',''
  ) );
#2239 = FACE_BOUND('',#2240,.T.);
#2240 = EDGE_LOOP('',(#2241,#2269,#2295,#2321,#2360,#2399,#2425,#2464,
    #2503));
#2241 = ORIENTED_EDGE('',*,*,#2242,.F.);
#2242 = EDGE_CURVE('',#2243,#2245,#2247,.T.);
#2243 = VERTEX_POINT('',#2244);
#2244 = CARTESIAN_POINT('',(82.395263671875,3.009033203125,2.2));
#2245 = VERTEX_POINT('',#2246);
#2246 = CARTESIAN_POINT('',(82.395263671875,5.165283203125,2.2));
#2247 = SURFACE_CURVE('',#2248,(#2252,#2258),.PCURVE_S1.);
#2248 = LINE('',#2249,#2250);
#2249 = CARTESIAN_POINT('',(82.395263671875,2.582641601562,2.2));
#2250 = VECTOR('',#2251,1.);
#2251 = DIRECTION('',(0.,1.,0.));
#2252 = PCURVE('',#125,#2253);
#2253 = DEFINITIONAL_REPRESENTATION('',(#2254),#2257);
#2254 = B_SPLINE_CURVE_WITH_KNOTS('',1,(#2255,#2256),.UNSPECIFIED.,.F.,
  .F.,(2,2),(0.426391601562,2.582641601562),.PIECEWISE_BEZIER_KNOTS.);
#2255 = CARTESIAN_POINT('',(6.395263671875,3.009033203125));
#2256 = CARTESIAN_POINT('',(6.395263671875,5.165283203125));
#2257 = ( GEOMETRIC_REPRESENTATION_CONTEXT(2) 
PARAMETRIC_REPRESENTATION_CONTEXT() REPRESENTATION_CONTEXT('2D SPACE',''
  ) );
#2258 = PCURVE('',#2259,#2264);
#2259 = PLANE('',#2260);
#2260 = AXIS2_PLACEMENT_3D('',#2261,#2262,#2263);
#2261 = CARTESIAN_POINT('',(82.395263671875,5.165283203125,2.19));
#2262 = DIRECTION('',(1.,0.,0.));
#2263 = DIRECTION('',(0.,-1.,0.));
#2264 = DEFINITIONAL_REPRESENTATION('',(#2265),#2268);
#2265 = B_SPLINE_CURVE_WITH_KNOTS('',1,(#2266,#2267),.UNSPECIFIED.,.F.,
  .F.,(2,2),(0.426391601562,2.582641601562),.PIECEWISE_BEZIER_KNOTS.);
#2266 = CARTESIAN_POINT('',(2.15625,-1.E-02));
#2267 = CARTESIAN_POINT('',(0.,-1.E-02));
#2268 = ( GEOMETRIC_REPRESENTATION_CONTEXT(2) 
PARAMETRIC_REPRESENTATION_CONTEXT() REPRESENTATION_CONTEXT('2D SPACE',''
  ) );
#2269 = ORIENTED_EDGE('',*,*,#2270,.F.);
#2270 = EDGE_CURVE('',#2271,#2243,#2273,.T.);
#2271 = VERTEX_POINT('',#2272);
#2272 = CARTESIAN_POINT('',(82.131591796875,3.009033203125,2.2));
#2273 = SURFACE_CURVE('',#2274,(#2278,#2284),.PCURVE_S1.);
#2274 = LINE('',#2275,#2276);
#2275 = CARTESIAN_POINT('',(79.197631835938,3.009033203125,2.2));
#2276 = VECTOR('',#2277,1.);
#2277 = DIRECTION('',(1.,0.,-0.));
#2278 = PCURVE('',#125,#2279);
#2279 = DEFINITIONAL_REPRESENTATION('',(#2280),#2283);
#2280 = B_SPLINE_CURVE_WITH_KNOTS('',1,(#2281,#2282),.UNSPECIFIED.,.F.,
  .F.,(2,2),(2.933959960938,3.197631835938),.PIECEWISE_BEZIER_KNOTS.);
#2281 = CARTESIAN_POINT('',(6.131591796875,3.009033203125));
#2282 = CARTESIAN_POINT('',(6.395263671875,3.009033203125));
#2283 = ( GEOMETRIC_REPRESENTATION_CONTEXT(2) 
PARAMETRIC_REPRESENTATION_CONTEXT() REPRESENTATION_CONTEXT('2D SPACE',''
  ) );
#2284 = PCURVE('',#2285,#2290);
#2285 = PLANE('',#2286);
#2286 = AXIS2_PLACEMENT_3D('',#2287,#2288,#2289);
#2287 = CARTESIAN_POINT('',(82.395263671875,3.009033203125,2.19));
#2288 = DIRECTION('',(0.,-1.,0.));
#2289 = DIRECTION('',(-1.,0.,0.));
#2290 = DEFINITIONAL_REPRESENTATION('',(#2291),#2294);
#2291 = B_SPLINE_CURVE_WITH_KNOTS('',1,(#2292,#2293),.UNSPECIFIED.,.F.,
  .F.,(2,2),(2.933959960938,3.197631835938),.PIECEWISE_BEZIER_KNOTS.);
#2292 = CARTESIAN_POINT('',(0.263671875,-1.E-02));
#2293 = CARTESIAN_POINT('',(0.,-1.E-02));
#2294 = ( GEOMETRIC_REPRESENTATION_CONTEXT(2) 
PARAMETRIC_REPRESENTATION_CONTEXT() REPRESENTATION_CONTEXT('2D SPACE',''
  ) );
#2295 = ORIENTED_EDGE('',*,*,#2296,.F.);
#2296 = EDGE_CURVE('',#2297,#2271,#2299,.T.);
#2297 = VERTEX_POINT('',#2298);
#2298 = CARTESIAN_POINT('',(82.131591796875,4.689208984375,2.2));
#2299 = SURFACE_CURVE('',#2300,(#2304,#2310),.PCURVE_S1.);
#2300 = LINE('',#2301,#2302);
#2301 = CARTESIAN_POINT('',(82.131591796875,1.504516601562,2.2));
#2302 = VECTOR('',#2303,1.);
#2303 = DIRECTION('',(0.,-1.,0.));
#2304 = PCURVE('',#125,#2305);
#2305 = DEFINITIONAL_REPRESENTATION('',(#2306),#2309);
#2306 = B_SPLINE_CURVE_WITH_KNOTS('',1,(#2307,#2308),.UNSPECIFIED.,.F.,
  .F.,(2,2),(-3.184692382812,-1.504516601562),.PIECEWISE_BEZIER_KNOTS.);
#2307 = CARTESIAN_POINT('',(6.131591796875,4.689208984375));
#2308 = CARTESIAN_POINT('',(6.131591796875,3.009033203125));
#2309 = ( GEOMETRIC_REPRESENTATION_CONTEXT(2) 
PARAMETRIC_REPRESENTATION_CONTEXT() REPRESENTATION_CONTEXT('2D SPACE',''
  ) );
#2310 = PCURVE('',#2311,#2316);
#2311 = PLANE('',#2312);
#2312 = AXIS2_PLACEMENT_3D('',#2313,#2314,#2315);
#2313 = CARTESIAN_POINT('',(82.131591796875,3.009033203125,2.19));
#2314 = DIRECTION('',(-1.,0.,0.));
#2315 = DIRECTION('',(0.,1.,0.));
#2316 = DEFINITIONAL_REPRESENTATION('',(#2317),#2320);
#2317 = B_SPLINE_CURVE_WITH_KNOTS('',1,(#2318,#2319),.UNSPECIFIED.,.F.,
  .F.,(2,2),(-3.184692382812,-1.504516601562),.PIECEWISE_BEZIER_KNOTS.);
#2318 = CARTESIAN_POINT('',(1.68017578125,-1.E-02));
#2319 = CARTESIAN_POINT('',(0.,-1.E-02));
#2320 = ( GEOMETRIC_REPRESENTATION_CONTEXT(2) 
PARAMETRIC_REPRESENTATION_CONTEXT() REPRESENTATION_CONTEXT('2D SPACE',''
  ) );
#2321 = ORIENTED_EDGE('',*,*,#2322,.F.);
#2322 = EDGE_CURVE('',#2323,#2297,#2325,.T.);
#2323 = VERTEX_POINT('',#2324);
#2324 = CARTESIAN_POINT('',(81.8818359375,4.507568359375,2.2));
#2325 = SURFACE_CURVE('',#2326,(#2333,#2343),.PCURVE_S1.);
#2326 = B_SPLINE_CURVE_WITH_KNOTS('',5,(#2327,#2328,#2329,#2330,#2331,
    #2332),.UNSPECIFIED.,.F.,.F.,(6,6),(0.,1.),
  .PIECEWISE_BEZIER_KNOTS.);
#2327 = CARTESIAN_POINT('',(81.8818359375,4.507568359375,2.2));
#2328 = CARTESIAN_POINT('',(81.942768237887,4.543376915052,2.2));
#2329 = CARTESIAN_POINT('',(81.998424585443,4.579472372784,2.2));
#2330 = CARTESIAN_POINT('',(82.048579029067,4.615830447487,2.2));
#2331 = CARTESIAN_POINT('',(82.093024136306,4.652421369678,2.2));
#2332 = CARTESIAN_POINT('',(82.131591796875,4.689208984375,2.2));
#2333 = PCURVE('',#125,#2334);
#2334 = DEFINITIONAL_REPRESENTATION('',(#2335),#2342);
#2335 = B_SPLINE_CURVE_WITH_KNOTS('',5,(#2336,#2337,#2338,#2339,#2340,
    #2341),.UNSPECIFIED.,.F.,.F.,(6,6),(0.,1.),
  .PIECEWISE_BEZIER_KNOTS.);
#2336 = CARTESIAN_POINT('',(5.8818359375,4.507568359375));
#2337 = CARTESIAN_POINT('',(5.942768237887,4.543376915052));
#2338 = CARTESIAN_POINT('',(5.998424585443,4.579472372784));
#2339 = CARTESIAN_POINT('',(6.048579029067,4.615830447487));
#2340 = CARTESIAN_POINT('',(6.093024136306,4.652421369678));
#2341 = CARTESIAN_POINT('',(6.131591796875,4.689208984375));
#2342 = ( GEOMETRIC_REPRESENTATION_CONTEXT(2) 
PARAMETRIC_REPRESENTATION_CONTEXT() REPRESENTATION_CONTEXT('2D SPACE',''
  ) );
#2343 = PCURVE('',#2344,#2351);
#2344 = SURFACE_OF_LINEAR_EXTRUSION('',#2345,#2349);
#2345 = B_SPLINE_CURVE_WITH_KNOTS('',2,(#2346,#2347,#2348),
  .UNSPECIFIED.,.F.,.F.,(3,3),(0.,1.),.PIECEWISE_BEZIER_KNOTS.);
#2346 = CARTESIAN_POINT('',(82.131591796875,4.689208984375,2.19));
#2347 = CARTESIAN_POINT('',(82.036376953125,4.598388671875,2.19));
#2348 = CARTESIAN_POINT('',(81.8818359375,4.507568359375,2.19));
#2349 = VECTOR('',#2350,1.);
#2350 = DIRECTION('',(-0.,-0.,-1.));
#2351 = DEFINITIONAL_REPRESENTATION('',(#2352),#2359);
#2352 = B_SPLINE_CURVE_WITH_KNOTS('',5,(#2353,#2354,#2355,#2356,#2357,
    #2358),.UNSPECIFIED.,.F.,.F.,(6,6),(0.,1.),
  .PIECEWISE_BEZIER_KNOTS.);
#2353 = CARTESIAN_POINT('',(1.,-1.E-02));
#2354 = CARTESIAN_POINT('',(0.802860424658,-1.E-02));
#2355 = CARTESIAN_POINT('',(0.604141345534,-1.E-02));
#2356 = CARTESIAN_POINT('',(0.403976461147,-1.E-02));
#2357 = CARTESIAN_POINT('',(0.202529663708,-1.E-02));
#2358 = CARTESIAN_POINT('',(0.,-1.E-02));
#2359 = ( GEOMETRIC_REPRESENTATION_CONTEXT(2) 
PARAMETRIC_REPRESENTATION_CONTEXT() REPRESENTATION_CONTEXT('2D SPACE',''
  ) );
#2360 = ORIENTED_EDGE('',*,*,#2361,.F.);
#2361 = EDGE_CURVE('',#2362,#2323,#2364,.T.);
#2362 = VERTEX_POINT('',#2363);
#2363 = CARTESIAN_POINT('',(81.604248046875,4.371337890625,2.2));
#2364 = SURFACE_CURVE('',#2365,(#2372,#2382),.PCURVE_S1.);
#2365 = B_SPLINE_CURVE_WITH_KNOTS('',5,(#2366,#2367,#2368,#2369,#2370,
    #2371),.UNSPECIFIED.,.F.,.F.,(6,6),(0.,1.),
  .PIECEWISE_BEZIER_KNOTS.);
#2366 = CARTESIAN_POINT('',(81.604248046875,4.371337890625,2.2));
#2367 = CARTESIAN_POINT('',(81.654101708996,4.389736265931,2.2));
#2368 = CARTESIAN_POINT('',(81.706906150163,4.412690091177,2.2));
#2369 = CARTESIAN_POINT('',(81.762547993049,4.440079480695,2.2));
#2370 = CARTESIAN_POINT('',(81.820901216517,4.471758381167,2.2));
#2371 = CARTESIAN_POINT('',(81.8818359375,4.507568359375,2.2));
#2372 = PCURVE('',#125,#2373);
#2373 = DEFINITIONAL_REPRESENTATION('',(#2374),#2381);
#2374 = B_SPLINE_CURVE_WITH_KNOTS('',5,(#2375,#2376,#2377,#2378,#2379,
    #2380),.UNSPECIFIED.,.F.,.F.,(6,6),(0.,1.),
  .PIECEWISE_BEZIER_KNOTS.);
#2375 = CARTESIAN_POINT('',(5.604248046875,4.371337890625));
#2376 = CARTESIAN_POINT('',(5.654101708996,4.389736265931));
#2377 = CARTESIAN_POINT('',(5.706906150163,4.412690091177));
#2378 = CARTESIAN_POINT('',(5.762547993049,4.440079480695));
#2379 = CARTESIAN_POINT('',(5.820901216517,4.471758381167));
#2380 = CARTESIAN_POINT('',(5.8818359375,4.507568359375));
#2381 = ( GEOMETRIC_REPRESENTATION_CONTEXT(2) 
PARAMETRIC_REPRESENTATION_CONTEXT() REPRESENTATION_CONTEXT('2D SPACE',''
  ) );
#2382 = PCURVE('',#2383,#2390);
#2383 = SURFACE_OF_LINEAR_EXTRUSION('',#2384,#2388);
#2384 = B_SPLINE_CURVE_WITH_KNOTS('',2,(#2385,#2386,#2387),
  .UNSPECIFIED.,.F.,.F.,(3,3),(0.,1.),.PIECEWISE_BEZIER_KNOTS.);
#2385 = CARTESIAN_POINT('',(81.8818359375,4.507568359375,2.19));
#2386 = CARTESIAN_POINT('',(81.727294921875,4.416748046875,2.19));
#2387 = CARTESIAN_POINT('',(81.604248046875,4.371337890625,2.19));
#2388 = VECTOR('',#2389,1.);
#2389 = DIRECTION('',(-0.,-0.,-1.));
#2390 = DEFINITIONAL_REPRESENTATION('',(#2391),#2398);
#2391 = B_SPLINE_CURVE_WITH_KNOTS('',5,(#2392,#2393,#2394,#2395,#2396,
    #2397),.UNSPECIFIED.,.F.,.F.,(6,6),(0.,1.),
  .PIECEWISE_BEZIER_KNOTS.);
#2392 = CARTESIAN_POINT('',(1.,-1.E-02));
#2393 = CARTESIAN_POINT('',(0.797420039637,-1.E-02));
#2394 = CARTESIAN_POINT('',(0.595979564143,-1.E-02));
#2395 = CARTESIAN_POINT('',(0.395843674089,-1.E-02));
#2396 = CARTESIAN_POINT('',(0.19714740691,-1.E-02));
#2397 = CARTESIAN_POINT('',(0.,-1.E-02));
#2398 = ( GEOMETRIC_REPRESENTATION_CONTEXT(2) 
PARAMETRIC_REPRESENTATION_CONTEXT() REPRESENTATION_CONTEXT('2D SPACE',''
  ) );
#2399 = ORIENTED_EDGE('',*,*,#2400,.F.);
#2400 = EDGE_CURVE('',#2401,#2362,#2403,.T.);
#2401 = VERTEX_POINT('',#2402);
#2402 = CARTESIAN_POINT('',(81.604248046875,4.626220703125,2.2));
#2403 = SURFACE_CURVE('',#2404,(#2408,#2414),.PCURVE_S1.);
#2404 = LINE('',#2405,#2406);
#2405 = CARTESIAN_POINT('',(81.604248046875,2.185668945312,2.2));
#2406 = VECTOR('',#2407,1.);
#2407 = DIRECTION('',(0.,-1.,0.));
#2408 = PCURVE('',#125,#2409);
#2409 = DEFINITIONAL_REPRESENTATION('',(#2410),#2413);
#2410 = B_SPLINE_CURVE_WITH_KNOTS('',1,(#2411,#2412),.UNSPECIFIED.,.F.,
  .F.,(2,2),(-2.440551757812,-2.185668945312),.PIECEWISE_BEZIER_KNOTS.);
#2411 = CARTESIAN_POINT('',(5.604248046875,4.626220703125));
#2412 = CARTESIAN_POINT('',(5.604248046875,4.371337890625));
#2413 = ( GEOMETRIC_REPRESENTATION_CONTEXT(2) 
PARAMETRIC_REPRESENTATION_CONTEXT() REPRESENTATION_CONTEXT('2D SPACE',''
  ) );
#2414 = PCURVE('',#2415,#2420);
#2415 = PLANE('',#2416);
#2416 = AXIS2_PLACEMENT_3D('',#2417,#2418,#2419);
#2417 = CARTESIAN_POINT('',(81.604248046875,4.371337890625,2.19));
#2418 = DIRECTION('',(-1.,0.,0.));
#2419 = DIRECTION('',(0.,1.,0.));
#2420 = DEFINITIONAL_REPRESENTATION('',(#2421),#2424);
#2421 = B_SPLINE_CURVE_WITH_KNOTS('',1,(#2422,#2423),.UNSPECIFIED.,.F.,
  .F.,(2,2),(-2.440551757812,-2.185668945312),.PIECEWISE_BEZIER_KNOTS.);
#2422 = CARTESIAN_POINT('',(0.2548828125,-1.E-02));
#2423 = CARTESIAN_POINT('',(0.,-1.E-02));
#2424 = ( GEOMETRIC_REPRESENTATION_CONTEXT(2) 
PARAMETRIC_REPRESENTATION_CONTEXT() REPRESENTATION_CONTEXT('2D SPACE',''
  ) );
#2425 = ORIENTED_EDGE('',*,*,#2426,.F.);
#2426 = EDGE_CURVE('',#2427,#2401,#2429,.T.);
#2427 = VERTEX_POINT('',#2428);
#2428 = CARTESIAN_POINT('',(81.990966796875,4.878173828125,2.2));
#2429 = SURFACE_CURVE('',#2430,(#2437,#2447),.PCURVE_S1.);
#2430 = B_SPLINE_CURVE_WITH_KNOTS('',5,(#2431,#2432,#2433,#2434,#2435,
    #2436),.UNSPECIFIED.,.F.,.F.,(6,6),(0.,1.),
  .PIECEWISE_BEZIER_KNOTS.);
#2431 = CARTESIAN_POINT('',(81.990966796875,4.878173828125,2.2));
#2432 = CARTESIAN_POINT('',(81.92427311673,4.818562662685,2.2));
#2433 = CARTESIAN_POINT('',(81.85208317575,4.763545856293,2.2));
#2434 = CARTESIAN_POINT('',(81.774543099871,4.713167551956,2.2));
#2435 = CARTESIAN_POINT('',(81.6918527469,4.667412317044,2.2));
#2436 = CARTESIAN_POINT('',(81.604248046875,4.626220703125,2.2));
#2437 = PCURVE('',#125,#2438);
#2438 = DEFINITIONAL_REPRESENTATION('',(#2439),#2446);
#2439 = B_SPLINE_CURVE_WITH_KNOTS('',5,(#2440,#2441,#2442,#2443,#2444,
    #2445),.UNSPECIFIED.,.F.,.F.,(6,6),(0.,1.),
  .PIECEWISE_BEZIER_KNOTS.);
#2440 = CARTESIAN_POINT('',(5.990966796875,4.878173828125));
#2441 = CARTESIAN_POINT('',(5.92427311673,4.818562662685));
#2442 = CARTESIAN_POINT('',(5.85208317575,4.763545856293));
#2443 = CARTESIAN_POINT('',(5.774543099871,4.713167551956));
#2444 = CARTESIAN_POINT('',(5.6918527469,4.667412317044));
#2445 = CARTESIAN_POINT('',(5.604248046875,4.626220703125));
#2446 = ( GEOMETRIC_REPRESENTATION_CONTEXT(2) 
PARAMETRIC_REPRESENTATION_CONTEXT() REPRESENTATION_CONTEXT('2D SPACE',''
  ) );
#2447 = PCURVE('',#2448,#2455);
#2448 = SURFACE_OF_LINEAR_EXTRUSION('',#2449,#2453);
#2449 = B_SPLINE_CURVE_WITH_KNOTS('',2,(#2450,#2451,#2452),
  .UNSPECIFIED.,.F.,.F.,(3,3),(0.,1.),.PIECEWISE_BEZIER_KNOTS.);
#2450 = CARTESIAN_POINT('',(81.604248046875,4.626220703125,2.19));
#2451 = CARTESIAN_POINT('',(81.825439453125,4.730224609375,2.19));
#2452 = CARTESIAN_POINT('',(81.990966796875,4.878173828125,2.19));
#2453 = VECTOR('',#2454,1.);
#2454 = DIRECTION('',(-0.,-0.,-1.));
#2455 = DEFINITIONAL_REPRESENTATION('',(#2456),#2463);
#2456 = B_SPLINE_CURVE_WITH_KNOTS('',5,(#2457,#2458,#2459,#2460,#2461,
    #2462),.UNSPECIFIED.,.F.,.F.,(6,6),(0.,1.),
  .PIECEWISE_BEZIER_KNOTS.);
#2457 = CARTESIAN_POINT('',(1.,-1.E-02));
#2458 = CARTESIAN_POINT('',(0.798541803927,-1.E-02));
#2459 = CARTESIAN_POINT('',(0.597541575314,-1.E-02));
#2460 = CARTESIAN_POINT('',(0.397285547397,-1.E-02));
#2461 = CARTESIAN_POINT('',(0.198029167386,-1.E-02));
#2462 = CARTESIAN_POINT('',(0.,-1.E-02));
#2463 = ( GEOMETRIC_REPRESENTATION_CONTEXT(2) 
PARAMETRIC_REPRESENTATION_CONTEXT() REPRESENTATION_CONTEXT('2D SPACE',''
  ) );
#2464 = ORIENTED_EDGE('',*,*,#2465,.F.);
#2465 = EDGE_CURVE('',#2466,#2427,#2468,.T.);
#2466 = VERTEX_POINT('',#2467);
#2467 = CARTESIAN_POINT('',(82.225341796875,5.165283203125,2.2));
#2468 = SURFACE_CURVE('',#2469,(#2476,#2486),.PCURVE_S1.);
#2469 = B_SPLINE_CURVE_WITH_KNOTS('',5,(#2470,#2471,#2472,#2473,#2474,
    #2475),.UNSPECIFIED.,.F.,.F.,(6,6),(0.,1.),
  .PIECEWISE_BEZIER_KNOTS.);
#2470 = CARTESIAN_POINT('',(82.225341796875,5.165283203125,2.2));
#2471 = CARTESIAN_POINT('',(82.197256936571,5.108515932298,2.2));
#2472 = CARTESIAN_POINT('',(82.159322268397,5.051249615713,2.2));
#2473 = CARTESIAN_POINT('',(82.111910454304,4.993667797318,2.2));
#2474 = CARTESIAN_POINT('',(82.055586448488,4.93593121585,2.2));
#2475 = CARTESIAN_POINT('',(81.990966796875,4.878173828125,2.2));
#2476 = PCURVE('',#125,#2477);
#2477 = DEFINITIONAL_REPRESENTATION('',(#2478),#2485);
#2478 = B_SPLINE_CURVE_WITH_KNOTS('',5,(#2479,#2480,#2481,#2482,#2483,
    #2484),.UNSPECIFIED.,.F.,.F.,(6,6),(0.,1.),
  .PIECEWISE_BEZIER_KNOTS.);
#2479 = CARTESIAN_POINT('',(6.225341796875,5.165283203125));
#2480 = CARTESIAN_POINT('',(6.197256936571,5.108515932298));
#2481 = CARTESIAN_POINT('',(6.159322268397,5.051249615713));
#2482 = CARTESIAN_POINT('',(6.111910454304,4.993667797318));
#2483 = CARTESIAN_POINT('',(6.055586448488,4.93593121585));
#2484 = CARTESIAN_POINT('',(5.990966796875,4.878173828125));
#2485 = ( GEOMETRIC_REPRESENTATION_CONTEXT(2) 
PARAMETRIC_REPRESENTATION_CONTEXT() REPRESENTATION_CONTEXT('2D SPACE',''
  ) );
#2486 = PCURVE('',#2487,#2494);
#2487 = SURFACE_OF_LINEAR_EXTRUSION('',#2488,#2492);
#2488 = B_SPLINE_CURVE_WITH_KNOTS('',2,(#2489,#2490,#2491),
  .UNSPECIFIED.,.F.,.F.,(3,3),(0.,1.),.PIECEWISE_BEZIER_KNOTS.);
#2489 = CARTESIAN_POINT('',(81.990966796875,4.878173828125,2.19));
#2490 = CARTESIAN_POINT('',(82.156494140625,5.026123046875,2.19));
#2491 = CARTESIAN_POINT('',(82.225341796875,5.165283203125,2.19));
#2492 = VECTOR('',#2493,1.);
#2493 = DIRECTION('',(-0.,-0.,-1.));
#2494 = DEFINITIONAL_REPRESENTATION('',(#2495),#2502);
#2495 = B_SPLINE_CURVE_WITH_KNOTS('',5,(#2496,#2497,#2498,#2499,#2500,
    #2501),.UNSPECIFIED.,.F.,.F.,(6,6),(0.,1.),
  .PIECEWISE_BEZIER_KNOTS.);
#2496 = CARTESIAN_POINT('',(1.,-1.E-02));
#2497 = CARTESIAN_POINT('',(0.796036191835,-1.E-02));
#2498 = CARTESIAN_POINT('',(0.593563683551,-1.E-02));
#2499 = CARTESIAN_POINT('',(0.393145545686,-1.E-02));
#2500 = CARTESIAN_POINT('',(0.195193283928,-1.E-02));
#2501 = CARTESIAN_POINT('',(0.,-1.E-02));
#2502 = ( GEOMETRIC_REPRESENTATION_CONTEXT(2) 
PARAMETRIC_REPRESENTATION_CONTEXT() REPRESENTATION_CONTEXT('2D SPACE',''
  ) );
#2503 = ORIENTED_EDGE('',*,*,#2504,.F.);
#2504 = EDGE_CURVE('',#2245,#2466,#2505,.T.);
#2505 = SURFACE_CURVE('',#2506,(#2510,#2516),.PCURVE_S1.);
#2506 = LINE('',#2507,#2508);
#2507 = CARTESIAN_POINT('',(79.112670898438,5.165283203125,2.2));
#2508 = VECTOR('',#2509,1.);
#2509 = DIRECTION('',(-1.,0.,0.));
#2510 = PCURVE('',#125,#2511);
#2511 = DEFINITIONAL_REPRESENTATION('',(#2512),#2515);
#2512 = B_SPLINE_CURVE_WITH_KNOTS('',1,(#2513,#2514),.UNSPECIFIED.,.F.,
  .F.,(2,2),(-3.282592773438,-3.112670898438),.PIECEWISE_BEZIER_KNOTS.);
#2513 = CARTESIAN_POINT('',(6.395263671875,5.165283203125));
#2514 = CARTESIAN_POINT('',(6.225341796875,5.165283203125));
#2515 = ( GEOMETRIC_REPRESENTATION_CONTEXT(2) 
PARAMETRIC_REPRESENTATION_CONTEXT() REPRESENTATION_CONTEXT('2D SPACE',''
  ) );
#2516 = PCURVE('',#2517,#2522);
#2517 = PLANE('',#2518);
#2518 = AXIS2_PLACEMENT_3D('',#2519,#2520,#2521);
#2519 = CARTESIAN_POINT('',(82.225341796875,5.165283203125,2.19));
#2520 = DIRECTION('',(0.,1.,0.));
#2521 = DIRECTION('',(1.,0.,0.));
#2522 = DEFINITIONAL_REPRESENTATION('',(#2523),#2526);
#2523 = B_SPLINE_CURVE_WITH_KNOTS('',1,(#2524,#2525),.UNSPECIFIED.,.F.,
  .F.,(2,2),(-3.282592773438,-3.112670898438),.PIECEWISE_BEZIER_KNOTS.);
#2524 = CARTESIAN_POINT('',(0.169921875,-1.E-02));
#2525 = CARTESIAN_POINT('',(0.,-1.E-02));
#2526 = ( GEOMETRIC_REPRESENTATION_CONTEXT(2) 
PARAMETRIC_REPRESENTATION_CONTEXT() REPRESENTATION_CONTEXT('2D SPACE',''
  ) );
#2527 = ADVANCED_FACE('',(#2528),#153,.T.);
#2528 = FACE_BOUND('',#2529,.T.);
#2529 = EDGE_LOOP('',(#2530,#2531,#2532,#2555));
#2530 = ORIENTED_EDGE('',*,*,#473,.F.);
#2531 = ORIENTED_EDGE('',*,*,#137,.F.);
#2532 = ORIENTED_EDGE('',*,*,#2533,.T.);
#2533 = EDGE_CURVE('',#138,#2534,#2536,.T.);
#2534 = VERTEX_POINT('',#2535);
#2535 = CARTESIAN_POINT('',(90.2,0.3,0.));
#2536 = SURFACE_CURVE('',#2537,(#2541,#2548),.PCURVE_S1.);
#2537 = LINE('',#2538,#2539);
#2538 = CARTESIAN_POINT('',(90.2,0.,0.));
#2539 = VECTOR('',#2540,1.);
#2540 = DIRECTION('',(-0.,1.,0.));
#2541 = PCURVE('',#153,#2542);
#2542 = DEFINITIONAL_REPRESENTATION('',(#2543),#2547);
#2543 = LINE('',#2544,#2545);
#2544 = CARTESIAN_POINT('',(0.,0.));
#2545 = VECTOR('',#2546,1.);
#2546 = DIRECTION('',(0.,-1.));
#2547 = ( GEOMETRIC_REPRESENTATION_CONTEXT(2) 
PARAMETRIC_REPRESENTATION_CONTEXT() REPRESENTATION_CONTEXT('2D SPACE',''
  ) );
#2548 = PCURVE('',#181,#2549);
#2549 = DEFINITIONAL_REPRESENTATION('',(#2550),#2554);
#2550 = LINE('',#2551,#2552);
#2551 = CARTESIAN_POINT('',(90.2,0.));
#2552 = VECTOR('',#2553,1.);
#2553 = DIRECTION('',(0.,1.));
#2554 = ( GEOMETRIC_REPRESENTATION_CONTEXT(2) 
PARAMETRIC_REPRESENTATION_CONTEXT() REPRESENTATION_CONTEXT('2D SPACE',''
  ) );
#2555 = ORIENTED_EDGE('',*,*,#2556,.T.);
#2556 = EDGE_CURVE('',#2534,#474,#2557,.T.);
#2557 = SURFACE_CURVE('',#2558,(#2562,#2569),.PCURVE_S1.);
#2558 = LINE('',#2559,#2560);
#2559 = CARTESIAN_POINT('',(90.2,0.3,0.));
#2560 = VECTOR('',#2561,1.);
#2561 = DIRECTION('',(0.,0.,1.));
#2562 = PCURVE('',#153,#2563);
#2563 = DEFINITIONAL_REPRESENTATION('',(#2564),#2568);
#2564 = LINE('',#2565,#2566);
#2565 = CARTESIAN_POINT('',(0.,-0.3));
#2566 = VECTOR('',#2567,1.);
#2567 = DIRECTION('',(1.,0.));
#2568 = ( GEOMETRIC_REPRESENTATION_CONTEXT(2) 
PARAMETRIC_REPRESENTATION_CONTEXT() REPRESENTATION_CONTEXT('2D SPACE',''
  ) );
#2569 = PCURVE('',#512,#2570);
#2570 = DEFINITIONAL_REPRESENTATION('',(#2571),#2575);
#2571 = LINE('',#2572,#2573);
#2572 = CARTESIAN_POINT('',(-5.904321529749,0.559321529749));
#2573 = VECTOR('',#2574,1.);
#2574 = DIRECTION('',(1.,0.));
#2575 = ( GEOMETRIC_REPRESENTATION_CONTEXT(2) 
PARAMETRIC_REPRESENTATION_CONTEXT() REPRESENTATION_CONTEXT('2D SPACE',''
  ) );
#2576 = ADVANCED_FACE('',(#2577),#181,.F.);
#2577 = FACE_BOUND('',#2578,.F.);
#2578 = EDGE_LOOP('',(#2579,#2609,#2637,#2665,#2686,#2687,#2688,#2711,
    #2739,#2762,#2785,#2806,#2827,#2853,#2881,#2909));
#2579 = ORIENTED_EDGE('',*,*,#2580,.F.);
#2580 = EDGE_CURVE('',#2581,#2583,#2585,.T.);
#2581 = VERTEX_POINT('',#2582);
#2582 = CARTESIAN_POINT('',(90.2,9.3,0.));
#2583 = VERTEX_POINT('',#2584);
#2584 = CARTESIAN_POINT('',(98.,9.3,0.));
#2585 = SURFACE_CURVE('',#2586,(#2590,#2597),.PCURVE_S1.);
#2586 = LINE('',#2587,#2588);
#2587 = CARTESIAN_POINT('',(90.,9.3,0.));
#2588 = VECTOR('',#2589,1.);
#2589 = DIRECTION('',(1.,0.,-0.));
#2590 = PCURVE('',#181,#2591);
#2591 = DEFINITIONAL_REPRESENTATION('',(#2592),#2596);
#2592 = LINE('',#2593,#2594);
#2593 = CARTESIAN_POINT('',(90.,9.3));
#2594 = VECTOR('',#2595,1.);
#2595 = DIRECTION('',(1.,0.));
#2596 = ( GEOMETRIC_REPRESENTATION_CONTEXT(2) 
PARAMETRIC_REPRESENTATION_CONTEXT() REPRESENTATION_CONTEXT('2D SPACE',''
  ) );
#2597 = PCURVE('',#2598,#2603);
#2598 = PLANE('',#2599);
#2599 = AXIS2_PLACEMENT_3D('',#2600,#2601,#2602);
#2600 = CARTESIAN_POINT('',(90.,9.3,0.));
#2601 = DIRECTION('',(-0.,1.,0.));
#2602 = DIRECTION('',(0.,0.,1.));
#2603 = DEFINITIONAL_REPRESENTATION('',(#2604),#2608);
#2604 = LINE('',#2605,#2606);
#2605 = CARTESIAN_POINT('',(0.,0.));
#2606 = VECTOR('',#2607,1.);
#2607 = DIRECTION('',(0.,1.));
#2608 = ( GEOMETRIC_REPRESENTATION_CONTEXT(2) 
PARAMETRIC_REPRESENTATION_CONTEXT() REPRESENTATION_CONTEXT('2D SPACE',''
  ) );
#2609 = ORIENTED_EDGE('',*,*,#2610,.T.);
#2610 = EDGE_CURVE('',#2581,#2611,#2613,.T.);
#2611 = VERTEX_POINT('',#2612);
#2612 = CARTESIAN_POINT('',(90.2,26.,0.));
#2613 = SURFACE_CURVE('',#2614,(#2618,#2625),.PCURVE_S1.);
#2614 = LINE('',#2615,#2616);
#2615 = CARTESIAN_POINT('',(90.2,0.,0.));
#2616 = VECTOR('',#2617,1.);
#2617 = DIRECTION('',(-0.,1.,0.));
#2618 = PCURVE('',#181,#2619);
#2619 = DEFINITIONAL_REPRESENTATION('',(#2620),#2624);
#2620 = LINE('',#2621,#2622);
#2621 = CARTESIAN_POINT('',(90.2,0.));
#2622 = VECTOR('',#2623,1.);
#2623 = DIRECTION('',(0.,1.));
#2624 = ( GEOMETRIC_REPRESENTATION_CONTEXT(2) 
PARAMETRIC_REPRESENTATION_CONTEXT() REPRESENTATION_CONTEXT('2D SPACE',''
  ) );
#2625 = PCURVE('',#2626,#2631);
#2626 = PLANE('',#2627);
#2627 = AXIS2_PLACEMENT_3D('',#2628,#2629,#2630);
#2628 = CARTESIAN_POINT('',(90.2,0.,0.));
#2629 = DIRECTION('',(1.,0.,-0.));
#2630 = DIRECTION('',(0.,0.,1.));
#2631 = DEFINITIONAL_REPRESENTATION('',(#2632),#2636);
#2632 = LINE('',#2633,#2634);
#2633 = CARTESIAN_POINT('',(0.,0.));
#2634 = VECTOR('',#2635,1.);
#2635 = DIRECTION('',(0.,-1.));
#2636 = ( GEOMETRIC_REPRESENTATION_CONTEXT(2) 
PARAMETRIC_REPRESENTATION_CONTEXT() REPRESENTATION_CONTEXT('2D SPACE',''
  ) );
#2637 = ORIENTED_EDGE('',*,*,#2638,.T.);
#2638 = EDGE_CURVE('',#2611,#2639,#2641,.T.);
#2639 = VERTEX_POINT('',#2640);
#2640 = CARTESIAN_POINT('',(76.,26.,0.));
#2641 = SURFACE_CURVE('',#2642,(#2646,#2653),.PCURVE_S1.);
#2642 = LINE('',#2643,#2644);
#2643 = CARTESIAN_POINT('',(90.2,26.,0.));
#2644 = VECTOR('',#2645,1.);
#2645 = DIRECTION('',(-1.,0.,0.));
#2646 = PCURVE('',#181,#2647);
#2647 = DEFINITIONAL_REPRESENTATION('',(#2648),#2652);
#2648 = LINE('',#2649,#2650);
#2649 = CARTESIAN_POINT('',(90.2,26.));
#2650 = VECTOR('',#2651,1.);
#2651 = DIRECTION('',(-1.,0.));
#2652 = ( GEOMETRIC_REPRESENTATION_CONTEXT(2) 
PARAMETRIC_REPRESENTATION_CONTEXT() REPRESENTATION_CONTEXT('2D SPACE',''
  ) );
#2653 = PCURVE('',#2654,#2659);
#2654 = PLANE('',#2655);
#2655 = AXIS2_PLACEMENT_3D('',#2656,#2657,#2658);
#2656 = CARTESIAN_POINT('',(76.,26.,-0.1));
#2657 = DIRECTION('',(-0.,1.,0.));
#2658 = DIRECTION('',(0.,0.,1.));
#2659 = DEFINITIONAL_REPRESENTATION('',(#2660),#2664);
#2660 = LINE('',#2661,#2662);
#2661 = CARTESIAN_POINT('',(0.1,14.2));
#2662 = VECTOR('',#2663,1.);
#2663 = DIRECTION('',(0.,-1.));
#2664 = ( GEOMETRIC_REPRESENTATION_CONTEXT(2) 
PARAMETRIC_REPRESENTATION_CONTEXT() REPRESENTATION_CONTEXT('2D SPACE',''
  ) );
#2665 = ORIENTED_EDGE('',*,*,#2666,.T.);
#2666 = EDGE_CURVE('',#2639,#166,#2667,.T.);
#2667 = SURFACE_CURVE('',#2668,(#2672,#2679),.PCURVE_S1.);
#2668 = LINE('',#2669,#2670);
#2669 = CARTESIAN_POINT('',(76.,26.,0.));
#2670 = VECTOR('',#2671,1.);
#2671 = DIRECTION('',(0.,-1.,0.));
#2672 = PCURVE('',#181,#2673);
#2673 = DEFINITIONAL_REPRESENTATION('',(#2674),#2678);
#2674 = LINE('',#2675,#2676);
#2675 = CARTESIAN_POINT('',(76.,26.));
#2676 = VECTOR('',#2677,1.);
#2677 = DIRECTION('',(0.,-1.));
#2678 = ( GEOMETRIC_REPRESENTATION_CONTEXT(2) 
PARAMETRIC_REPRESENTATION_CONTEXT() REPRESENTATION_CONTEXT('2D SPACE',''
  ) );
#2679 = PCURVE('',#207,#2680);
#2680 = DEFINITIONAL_REPRESENTATION('',(#2681),#2685);
#2681 = LINE('',#2682,#2683);
#2682 = CARTESIAN_POINT('',(0.1,-26.));
#2683 = VECTOR('',#2684,1.);
#2684 = DIRECTION('',(0.,1.));
#2685 = ( GEOMETRIC_REPRESENTATION_CONTEXT(2) 
PARAMETRIC_REPRESENTATION_CONTEXT() REPRESENTATION_CONTEXT('2D SPACE',''
  ) );
#2686 = ORIENTED_EDGE('',*,*,#165,.T.);
#2687 = ORIENTED_EDGE('',*,*,#2533,.T.);
#2688 = ORIENTED_EDGE('',*,*,#2689,.T.);
#2689 = EDGE_CURVE('',#2534,#2690,#2692,.T.);
#2690 = VERTEX_POINT('',#2691);
#2691 = CARTESIAN_POINT('',(98.,0.3,0.));
#2692 = SURFACE_CURVE('',#2693,(#2697,#2704),.PCURVE_S1.);
#2693 = LINE('',#2694,#2695);
#2694 = CARTESIAN_POINT('',(90.,0.3,0.));
#2695 = VECTOR('',#2696,1.);
#2696 = DIRECTION('',(1.,0.,-0.));
#2697 = PCURVE('',#181,#2698);
#2698 = DEFINITIONAL_REPRESENTATION('',(#2699),#2703);
#2699 = LINE('',#2700,#2701);
#2700 = CARTESIAN_POINT('',(90.,0.3));
#2701 = VECTOR('',#2702,1.);
#2702 = DIRECTION('',(1.,0.));
#2703 = ( GEOMETRIC_REPRESENTATION_CONTEXT(2) 
PARAMETRIC_REPRESENTATION_CONTEXT() REPRESENTATION_CONTEXT('2D SPACE',''
  ) );
#2704 = PCURVE('',#512,#2705);
#2705 = DEFINITIONAL_REPRESENTATION('',(#2706),#2710);
#2706 = LINE('',#2707,#2708);
#2707 = CARTESIAN_POINT('',(-5.904321529749,0.359321529749));
#2708 = VECTOR('',#2709,1.);
#2709 = DIRECTION('',(0.,1.));
#2710 = ( GEOMETRIC_REPRESENTATION_CONTEXT(2) 
PARAMETRIC_REPRESENTATION_CONTEXT() REPRESENTATION_CONTEXT('2D SPACE',''
  ) );
#2711 = ORIENTED_EDGE('',*,*,#2712,.T.);
#2712 = EDGE_CURVE('',#2690,#2713,#2715,.T.);
#2713 = VERTEX_POINT('',#2714);
#2714 = CARTESIAN_POINT('',(98.,2.8,0.));
#2715 = SURFACE_CURVE('',#2716,(#2720,#2727),.PCURVE_S1.);
#2716 = LINE('',#2717,#2718);
#2717 = CARTESIAN_POINT('',(98.,0.3,0.));
#2718 = VECTOR('',#2719,1.);
#2719 = DIRECTION('',(-0.,1.,0.));
#2720 = PCURVE('',#181,#2721);
#2721 = DEFINITIONAL_REPRESENTATION('',(#2722),#2726);
#2722 = LINE('',#2723,#2724);
#2723 = CARTESIAN_POINT('',(98.,0.3));
#2724 = VECTOR('',#2725,1.);
#2725 = DIRECTION('',(0.,1.));
#2726 = ( GEOMETRIC_REPRESENTATION_CONTEXT(2) 
PARAMETRIC_REPRESENTATION_CONTEXT() REPRESENTATION_CONTEXT('2D SPACE',''
  ) );
#2727 = PCURVE('',#2728,#2733);
#2728 = PLANE('',#2729);
#2729 = AXIS2_PLACEMENT_3D('',#2730,#2731,#2732);
#2730 = CARTESIAN_POINT('',(98.,0.3,0.));
#2731 = DIRECTION('',(1.,0.,-0.));
#2732 = DIRECTION('',(0.,0.,1.));
#2733 = DEFINITIONAL_REPRESENTATION('',(#2734),#2738);
#2734 = LINE('',#2735,#2736);
#2735 = CARTESIAN_POINT('',(0.,0.));
#2736 = VECTOR('',#2737,1.);
#2737 = DIRECTION('',(0.,-1.));
#2738 = ( GEOMETRIC_REPRESENTATION_CONTEXT(2) 
PARAMETRIC_REPRESENTATION_CONTEXT() REPRESENTATION_CONTEXT('2D SPACE',''
  ) );
#2739 = ORIENTED_EDGE('',*,*,#2740,.F.);
#2740 = EDGE_CURVE('',#2741,#2713,#2743,.T.);
#2741 = VERTEX_POINT('',#2742);
#2742 = CARTESIAN_POINT('',(90.2,2.8,0.));
#2743 = SURFACE_CURVE('',#2744,(#2748,#2755),.PCURVE_S1.);
#2744 = LINE('',#2745,#2746);
#2745 = CARTESIAN_POINT('',(90.,2.8,0.));
#2746 = VECTOR('',#2747,1.);
#2747 = DIRECTION('',(1.,0.,-0.));
#2748 = PCURVE('',#181,#2749);
#2749 = DEFINITIONAL_REPRESENTATION('',(#2750),#2754);
#2750 = LINE('',#2751,#2752);
#2751 = CARTESIAN_POINT('',(90.,2.8));
#2752 = VECTOR('',#2753,1.);
#2753 = DIRECTION('',(1.,0.));
#2754 = ( GEOMETRIC_REPRESENTATION_CONTEXT(2) 
PARAMETRIC_REPRESENTATION_CONTEXT() REPRESENTATION_CONTEXT('2D SPACE',''
  ) );
#2755 = PCURVE('',#566,#2756);
#2756 = DEFINITIONAL_REPRESENTATION('',(#2757),#2761);
#2757 = LINE('',#2758,#2759);
#2758 = CARTESIAN_POINT('',(0.,0.));
#2759 = VECTOR('',#2760,1.);
#2760 = DIRECTION('',(0.,1.));
#2761 = ( GEOMETRIC_REPRESENTATION_CONTEXT(2) 
PARAMETRIC_REPRESENTATION_CONTEXT() REPRESENTATION_CONTEXT('2D SPACE',''
  ) );
#2762 = ORIENTED_EDGE('',*,*,#2763,.T.);
#2763 = EDGE_CURVE('',#2741,#2764,#2766,.T.);
#2764 = VERTEX_POINT('',#2765);
#2765 = CARTESIAN_POINT('',(90.2,3.05,0.));
#2766 = SURFACE_CURVE('',#2767,(#2771,#2778),.PCURVE_S1.);
#2767 = LINE('',#2768,#2769);
#2768 = CARTESIAN_POINT('',(90.2,0.,0.));
#2769 = VECTOR('',#2770,1.);
#2770 = DIRECTION('',(-0.,1.,0.));
#2771 = PCURVE('',#181,#2772);
#2772 = DEFINITIONAL_REPRESENTATION('',(#2773),#2777);
#2773 = LINE('',#2774,#2775);
#2774 = CARTESIAN_POINT('',(90.2,0.));
#2775 = VECTOR('',#2776,1.);
#2776 = DIRECTION('',(0.,1.));
#2777 = ( GEOMETRIC_REPRESENTATION_CONTEXT(2) 
PARAMETRIC_REPRESENTATION_CONTEXT() REPRESENTATION_CONTEXT('2D SPACE',''
  ) );
#2778 = PCURVE('',#594,#2779);
#2779 = DEFINITIONAL_REPRESENTATION('',(#2780),#2784);
#2780 = LINE('',#2781,#2782);
#2781 = CARTESIAN_POINT('',(0.,0.));
#2782 = VECTOR('',#2783,1.);
#2783 = DIRECTION('',(0.,-1.));
#2784 = ( GEOMETRIC_REPRESENTATION_CONTEXT(2) 
PARAMETRIC_REPRESENTATION_CONTEXT() REPRESENTATION_CONTEXT('2D SPACE',''
  ) );
#2785 = ORIENTED_EDGE('',*,*,#2786,.T.);
#2786 = EDGE_CURVE('',#2764,#2787,#2789,.T.);
#2787 = VERTEX_POINT('',#2788);
#2788 = CARTESIAN_POINT('',(88.971146625158,3.05,0.));
#2789 = SURFACE_CURVE('',#2790,(#2794,#2800),.PCURVE_S1.);
#2790 = LINE('',#2791,#2792);
#2791 = CARTESIAN_POINT('',(49.,3.05,0.));
#2792 = VECTOR('',#2793,1.);
#2793 = DIRECTION('',(-1.,0.,0.));
#2794 = PCURVE('',#181,#2795);
#2795 = DEFINITIONAL_REPRESENTATION('',(#2796),#2799);
#2796 = B_SPLINE_CURVE_WITH_KNOTS('',1,(#2797,#2798),.UNSPECIFIED.,.F.,
  .F.,(2,2),(-49.,-29.3081185951),.PIECEWISE_BEZIER_KNOTS.);
#2797 = CARTESIAN_POINT('',(98.,3.05));
#2798 = CARTESIAN_POINT('',(78.308118595106,3.05));
#2799 = ( GEOMETRIC_REPRESENTATION_CONTEXT(2) 
PARAMETRIC_REPRESENTATION_CONTEXT() REPRESENTATION_CONTEXT('2D SPACE',''
  ) );
#2800 = PCURVE('',#621,#2801);
#2801 = DEFINITIONAL_REPRESENTATION('',(#2802),#2805);
#2802 = B_SPLINE_CURVE_WITH_KNOTS('',1,(#2803,#2804),.UNSPECIFIED.,.F.,
  .F.,(2,2),(-49.,-29.3081185951),.PIECEWISE_BEZIER_KNOTS.);
#2803 = CARTESIAN_POINT('',(-17.5,0.));
#2804 = CARTESIAN_POINT('',(-17.5,-19.69188140489));
#2805 = ( GEOMETRIC_REPRESENTATION_CONTEXT(2) 
PARAMETRIC_REPRESENTATION_CONTEXT() REPRESENTATION_CONTEXT('2D SPACE',''
  ) );
#2806 = ORIENTED_EDGE('',*,*,#2807,.T.);
#2807 = EDGE_CURVE('',#2787,#2808,#2810,.T.);
#2808 = VERTEX_POINT('',#2809);
#2809 = CARTESIAN_POINT('',(88.971146625158,6.55,0.));
#2810 = SURFACE_CURVE('',#2811,(#2815,#2821),.PCURVE_S1.);
#2811 = LINE('',#2812,#2813);
#2812 = CARTESIAN_POINT('',(88.971146625158,3.05,0.));
#2813 = VECTOR('',#2814,1.);
#2814 = DIRECTION('',(0.,1.,0.));
#2815 = PCURVE('',#181,#2816);
#2816 = DEFINITIONAL_REPRESENTATION('',(#2817),#2820);
#2817 = B_SPLINE_CURVE_WITH_KNOTS('',1,(#2818,#2819),.UNSPECIFIED.,.F.,
  .F.,(2,2),(-5.999999999062E-07,3.5000006),.PIECEWISE_BEZIER_KNOTS.);
#2818 = CARTESIAN_POINT('',(88.971146625158,3.0499994));
#2819 = CARTESIAN_POINT('',(88.971146625158,6.5500006));
#2820 = ( GEOMETRIC_REPRESENTATION_CONTEXT(2) 
PARAMETRIC_REPRESENTATION_CONTEXT() REPRESENTATION_CONTEXT('2D SPACE',''
  ) );
#2821 = PCURVE('',#647,#2822);
#2822 = DEFINITIONAL_REPRESENTATION('',(#2823),#2826);
#2823 = B_SPLINE_CURVE_WITH_KNOTS('',1,(#2824,#2825),.UNSPECIFIED.,.F.,
  .F.,(2,2),(-5.999999999062E-07,3.5000006),.PIECEWISE_BEZIER_KNOTS.);
#2824 = CARTESIAN_POINT('',(3.617906432204,-5.999999999062E-07));
#2825 = CARTESIAN_POINT('',(3.617906432204,3.5000006));
#2826 = ( GEOMETRIC_REPRESENTATION_CONTEXT(2) 
PARAMETRIC_REPRESENTATION_CONTEXT() REPRESENTATION_CONTEXT('2D SPACE',''
  ) );
#2827 = ORIENTED_EDGE('',*,*,#2828,.F.);
#2828 = EDGE_CURVE('',#2829,#2808,#2831,.T.);
#2829 = VERTEX_POINT('',#2830);
#2830 = CARTESIAN_POINT('',(90.2,6.55,0.));
#2831 = SURFACE_CURVE('',#2832,(#2836,#2842),.PCURVE_S1.);
#2832 = LINE('',#2833,#2834);
#2833 = CARTESIAN_POINT('',(49.,6.55,0.));
#2834 = VECTOR('',#2835,1.);
#2835 = DIRECTION('',(-1.,0.,0.));
#2836 = PCURVE('',#181,#2837);
#2837 = DEFINITIONAL_REPRESENTATION('',(#2838),#2841);
#2838 = B_SPLINE_CURVE_WITH_KNOTS('',1,(#2839,#2840),.UNSPECIFIED.,.F.,
  .F.,(2,2),(-49.,-29.3081185951),.PIECEWISE_BEZIER_KNOTS.);
#2839 = CARTESIAN_POINT('',(98.,6.55));
#2840 = CARTESIAN_POINT('',(78.308118595106,6.55));
#2841 = ( GEOMETRIC_REPRESENTATION_CONTEXT(2) 
PARAMETRIC_REPRESENTATION_CONTEXT() REPRESENTATION_CONTEXT('2D SPACE',''
  ) );
#2842 = PCURVE('',#2843,#2848);
#2843 = PLANE('',#2844);
#2844 = AXIS2_PLACEMENT_3D('',#2845,#2846,#2847);
#2845 = CARTESIAN_POINT('',(98.,6.55,17.5));
#2846 = DIRECTION('',(0.,1.,0.));
#2847 = DIRECTION('',(0.,-0.,1.));
#2848 = DEFINITIONAL_REPRESENTATION('',(#2849),#2852);
#2849 = B_SPLINE_CURVE_WITH_KNOTS('',1,(#2850,#2851),.UNSPECIFIED.,.F.,
  .F.,(2,2),(-49.,-29.3081185951),.PIECEWISE_BEZIER_KNOTS.);
#2850 = CARTESIAN_POINT('',(-17.5,0.));
#2851 = CARTESIAN_POINT('',(-17.5,-19.69188140489));
#2852 = ( GEOMETRIC_REPRESENTATION_CONTEXT(2) 
PARAMETRIC_REPRESENTATION_CONTEXT() REPRESENTATION_CONTEXT('2D SPACE',''
  ) );
#2853 = ORIENTED_EDGE('',*,*,#2854,.T.);
#2854 = EDGE_CURVE('',#2829,#2855,#2857,.T.);
#2855 = VERTEX_POINT('',#2856);
#2856 = CARTESIAN_POINT('',(90.2,6.8,0.));
#2857 = SURFACE_CURVE('',#2858,(#2862,#2869),.PCURVE_S1.);
#2858 = LINE('',#2859,#2860);
#2859 = CARTESIAN_POINT('',(90.2,0.,0.));
#2860 = VECTOR('',#2861,1.);
#2861 = DIRECTION('',(-0.,1.,0.));
#2862 = PCURVE('',#181,#2863);
#2863 = DEFINITIONAL_REPRESENTATION('',(#2864),#2868);
#2864 = LINE('',#2865,#2866);
#2865 = CARTESIAN_POINT('',(90.2,0.));
#2866 = VECTOR('',#2867,1.);
#2867 = DIRECTION('',(0.,1.));
#2868 = ( GEOMETRIC_REPRESENTATION_CONTEXT(2) 
PARAMETRIC_REPRESENTATION_CONTEXT() REPRESENTATION_CONTEXT('2D SPACE',''
  ) );
#2869 = PCURVE('',#2870,#2875);
#2870 = PLANE('',#2871);
#2871 = AXIS2_PLACEMENT_3D('',#2872,#2873,#2874);
#2872 = CARTESIAN_POINT('',(90.2,0.,0.));
#2873 = DIRECTION('',(1.,0.,-0.));
#2874 = DIRECTION('',(0.,0.,1.));
#2875 = DEFINITIONAL_REPRESENTATION('',(#2876),#2880);
#2876 = LINE('',#2877,#2878);
#2877 = CARTESIAN_POINT('',(0.,0.));
#2878 = VECTOR('',#2879,1.);
#2879 = DIRECTION('',(0.,-1.));
#2880 = ( GEOMETRIC_REPRESENTATION_CONTEXT(2) 
PARAMETRIC_REPRESENTATION_CONTEXT() REPRESENTATION_CONTEXT('2D SPACE',''
  ) );
#2881 = ORIENTED_EDGE('',*,*,#2882,.T.);
#2882 = EDGE_CURVE('',#2855,#2883,#2885,.T.);
#2883 = VERTEX_POINT('',#2884);
#2884 = CARTESIAN_POINT('',(98.,6.8,0.));
#2885 = SURFACE_CURVE('',#2886,(#2890,#2897),.PCURVE_S1.);
#2886 = LINE('',#2887,#2888);
#2887 = CARTESIAN_POINT('',(90.,6.8,0.));
#2888 = VECTOR('',#2889,1.);
#2889 = DIRECTION('',(1.,0.,-0.));
#2890 = PCURVE('',#181,#2891);
#2891 = DEFINITIONAL_REPRESENTATION('',(#2892),#2896);
#2892 = LINE('',#2893,#2894);
#2893 = CARTESIAN_POINT('',(90.,6.8));
#2894 = VECTOR('',#2895,1.);
#2895 = DIRECTION('',(1.,0.));
#2896 = ( GEOMETRIC_REPRESENTATION_CONTEXT(2) 
PARAMETRIC_REPRESENTATION_CONTEXT() REPRESENTATION_CONTEXT('2D SPACE',''
  ) );
#2897 = PCURVE('',#2898,#2903);
#2898 = PLANE('',#2899);
#2899 = AXIS2_PLACEMENT_3D('',#2900,#2901,#2902);
#2900 = CARTESIAN_POINT('',(90.,6.8,0.));
#2901 = DIRECTION('',(-0.,1.,0.));
#2902 = DIRECTION('',(0.,0.,1.));
#2903 = DEFINITIONAL_REPRESENTATION('',(#2904),#2908);
#2904 = LINE('',#2905,#2906);
#2905 = CARTESIAN_POINT('',(0.,0.));
#2906 = VECTOR('',#2907,1.);
#2907 = DIRECTION('',(0.,1.));
#2908 = ( GEOMETRIC_REPRESENTATION_CONTEXT(2) 
PARAMETRIC_REPRESENTATION_CONTEXT() REPRESENTATION_CONTEXT('2D SPACE',''
  ) );
#2909 = ORIENTED_EDGE('',*,*,#2910,.T.);
#2910 = EDGE_CURVE('',#2883,#2583,#2911,.T.);
#2911 = SURFACE_CURVE('',#2912,(#2916,#2923),.PCURVE_S1.);
#2912 = LINE('',#2913,#2914);
#2913 = CARTESIAN_POINT('',(98.,6.8,0.));
#2914 = VECTOR('',#2915,1.);
#2915 = DIRECTION('',(-0.,1.,0.));
#2916 = PCURVE('',#181,#2917);
#2917 = DEFINITIONAL_REPRESENTATION('',(#2918),#2922);
#2918 = LINE('',#2919,#2920);
#2919 = CARTESIAN_POINT('',(98.,6.8));
#2920 = VECTOR('',#2921,1.);
#2921 = DIRECTION('',(0.,1.));
#2922 = ( GEOMETRIC_REPRESENTATION_CONTEXT(2) 
PARAMETRIC_REPRESENTATION_CONTEXT() REPRESENTATION_CONTEXT('2D SPACE',''
  ) );
#2923 = PCURVE('',#2924,#2929);
#2924 = PLANE('',#2925);
#2925 = AXIS2_PLACEMENT_3D('',#2926,#2927,#2928);
#2926 = CARTESIAN_POINT('',(98.,6.8,0.));
#2927 = DIRECTION('',(1.,0.,-0.));
#2928 = DIRECTION('',(0.,0.,1.));
#2929 = DEFINITIONAL_REPRESENTATION('',(#2930),#2934);
#2930 = LINE('',#2931,#2932);
#2931 = CARTESIAN_POINT('',(0.,0.));
#2932 = VECTOR('',#2933,1.);
#2933 = DIRECTION('',(0.,-1.));
#2934 = ( GEOMETRIC_REPRESENTATION_CONTEXT(2) 
PARAMETRIC_REPRESENTATION_CONTEXT() REPRESENTATION_CONTEXT('2D SPACE',''
  ) );
#2935 = ADVANCED_FACE('',(#2936),#207,.F.);
#2936 = FACE_BOUND('',#2937,.F.);
#2937 = EDGE_LOOP('',(#2938,#2939,#2940,#2963,#2991,#3018,#3045,#3065,
    #3066,#3088,#3115,#3135));
#2938 = ORIENTED_EDGE('',*,*,#193,.T.);
#2939 = ORIENTED_EDGE('',*,*,#2666,.F.);
#2940 = ORIENTED_EDGE('',*,*,#2941,.T.);
#2941 = EDGE_CURVE('',#2639,#2942,#2944,.T.);
#2942 = VERTEX_POINT('',#2943);
#2943 = CARTESIAN_POINT('',(76.,26.,2.2));
#2944 = SURFACE_CURVE('',#2945,(#2949,#2956),.PCURVE_S1.);
#2945 = LINE('',#2946,#2947);
#2946 = CARTESIAN_POINT('',(76.,26.,-0.1));
#2947 = VECTOR('',#2948,1.);
#2948 = DIRECTION('',(0.,0.,1.));
#2949 = PCURVE('',#207,#2950);
#2950 = DEFINITIONAL_REPRESENTATION('',(#2951),#2955);
#2951 = LINE('',#2952,#2953);
#2952 = CARTESIAN_POINT('',(0.,-26.));
#2953 = VECTOR('',#2954,1.);
#2954 = DIRECTION('',(1.,0.));
#2955 = ( GEOMETRIC_REPRESENTATION_CONTEXT(2) 
PARAMETRIC_REPRESENTATION_CONTEXT() REPRESENTATION_CONTEXT('2D SPACE',''
  ) );
#2956 = PCURVE('',#2654,#2957);
#2957 = DEFINITIONAL_REPRESENTATION('',(#2958),#2962);
#2958 = LINE('',#2959,#2960);
#2959 = CARTESIAN_POINT('',(0.,0.));
#2960 = VECTOR('',#2961,1.);
#2961 = DIRECTION('',(1.,0.));
#2962 = ( GEOMETRIC_REPRESENTATION_CONTEXT(2) 
PARAMETRIC_REPRESENTATION_CONTEXT() REPRESENTATION_CONTEXT('2D SPACE',''
  ) );
#2963 = ORIENTED_EDGE('',*,*,#2964,.F.);
#2964 = EDGE_CURVE('',#2965,#2942,#2967,.T.);
#2965 = VERTEX_POINT('',#2966);
#2966 = CARTESIAN_POINT('',(76.,8.,2.2));
#2967 = SURFACE_CURVE('',#2968,(#2972,#2979),.PCURVE_S1.);
#2968 = LINE('',#2969,#2970);
#2969 = CARTESIAN_POINT('',(76.,1.2,2.2));
#2970 = VECTOR('',#2971,1.);
#2971 = DIRECTION('',(-0.,1.,0.));
#2972 = PCURVE('',#207,#2973);
#2973 = DEFINITIONAL_REPRESENTATION('',(#2974),#2978);
#2974 = LINE('',#2975,#2976);
#2975 = CARTESIAN_POINT('',(2.3,-1.2));
#2976 = VECTOR('',#2977,1.);
#2977 = DIRECTION('',(0.,-1.));
#2978 = ( GEOMETRIC_REPRESENTATION_CONTEXT(2) 
PARAMETRIC_REPRESENTATION_CONTEXT() REPRESENTATION_CONTEXT('2D SPACE',''
  ) );
#2979 = PCURVE('',#2980,#2985);
#2980 = PLANE('',#2981);
#2981 = AXIS2_PLACEMENT_3D('',#2982,#2983,#2984);
#2982 = CARTESIAN_POINT('',(76.,0.,2.2));
#2983 = DIRECTION('',(0.,0.,1.));
#2984 = DIRECTION('',(1.,0.,-0.));
#2985 = DEFINITIONAL_REPRESENTATION('',(#2986),#2990);
#2986 = LINE('',#2987,#2988);
#2987 = CARTESIAN_POINT('',(0.,1.2));
#2988 = VECTOR('',#2989,1.);
#2989 = DIRECTION('',(0.,1.));
#2990 = ( GEOMETRIC_REPRESENTATION_CONTEXT(2) 
PARAMETRIC_REPRESENTATION_CONTEXT() REPRESENTATION_CONTEXT('2D SPACE',''
  ) );
#2991 = ORIENTED_EDGE('',*,*,#2992,.F.);
#2992 = EDGE_CURVE('',#2993,#2965,#2995,.T.);
#2993 = VERTEX_POINT('',#2994);
#2994 = CARTESIAN_POINT('',(76.,8.,3.2));
#2995 = SURFACE_CURVE('',#2996,(#3000,#3007),.PCURVE_S1.);
#2996 = LINE('',#2997,#2998);
#2997 = CARTESIAN_POINT('',(76.,8.,1.045));
#2998 = VECTOR('',#2999,1.);
#2999 = DIRECTION('',(-0.,0.,-1.));
#3000 = PCURVE('',#207,#3001);
#3001 = DEFINITIONAL_REPRESENTATION('',(#3002),#3006);
#3002 = LINE('',#3003,#3004);
#3003 = CARTESIAN_POINT('',(1.145,-8.));
#3004 = VECTOR('',#3005,1.);
#3005 = DIRECTION('',(-1.,-0.));
#3006 = ( GEOMETRIC_REPRESENTATION_CONTEXT(2) 
PARAMETRIC_REPRESENTATION_CONTEXT() REPRESENTATION_CONTEXT('2D SPACE',''
  ) );
#3007 = PCURVE('',#3008,#3013);
#3008 = PLANE('',#3009);
#3009 = AXIS2_PLACEMENT_3D('',#3010,#3011,#3012);
#3010 = CARTESIAN_POINT('',(12.,8.,2.19));
#3011 = DIRECTION('',(-0.,1.,0.));
#3012 = DIRECTION('',(0.,0.,1.));
#3013 = DEFINITIONAL_REPRESENTATION('',(#3014),#3017);
#3014 = B_SPLINE_CURVE_WITH_KNOTS('',1,(#3015,#3016),.UNSPECIFIED.,.F.,
  .F.,(2,2),(-2.155,-1.155),.PIECEWISE_BEZIER_KNOTS.);
#3015 = CARTESIAN_POINT('',(1.01,64.));
#3016 = CARTESIAN_POINT('',(1.E-02,64.));
#3017 = ( GEOMETRIC_REPRESENTATION_CONTEXT(2) 
PARAMETRIC_REPRESENTATION_CONTEXT() REPRESENTATION_CONTEXT('2D SPACE',''
  ) );
#3018 = ORIENTED_EDGE('',*,*,#3019,.F.);
#3019 = EDGE_CURVE('',#3020,#2993,#3022,.T.);
#3020 = VERTEX_POINT('',#3021);
#3021 = CARTESIAN_POINT('',(76.,6.,3.2));
#3022 = SURFACE_CURVE('',#3023,(#3027,#3034),.PCURVE_S1.);
#3023 = LINE('',#3024,#3025);
#3024 = CARTESIAN_POINT('',(76.,3.,3.2));
#3025 = VECTOR('',#3026,1.);
#3026 = DIRECTION('',(-0.,1.,0.));
#3027 = PCURVE('',#207,#3028);
#3028 = DEFINITIONAL_REPRESENTATION('',(#3029),#3033);
#3029 = LINE('',#3030,#3031);
#3030 = CARTESIAN_POINT('',(3.3,-3.));
#3031 = VECTOR('',#3032,1.);
#3032 = DIRECTION('',(0.,-1.));
#3033 = ( GEOMETRIC_REPRESENTATION_CONTEXT(2) 
PARAMETRIC_REPRESENTATION_CONTEXT() REPRESENTATION_CONTEXT('2D SPACE',''
  ) );
#3034 = PCURVE('',#3035,#3040);
#3035 = PLANE('',#3036);
#3036 = AXIS2_PLACEMENT_3D('',#3037,#3038,#3039);
#3037 = CARTESIAN_POINT('',(12.,6.,3.2));
#3038 = DIRECTION('',(0.,0.,1.));
#3039 = DIRECTION('',(1.,0.,-0.));
#3040 = DEFINITIONAL_REPRESENTATION('',(#3041),#3044);
#3041 = B_SPLINE_CURVE_WITH_KNOTS('',1,(#3042,#3043),.UNSPECIFIED.,.F.,
  .F.,(2,2),(3.,5.),.PIECEWISE_BEZIER_KNOTS.);
#3042 = CARTESIAN_POINT('',(64.,0.));
#3043 = CARTESIAN_POINT('',(64.,2.));
#3044 = ( GEOMETRIC_REPRESENTATION_CONTEXT(2) 
PARAMETRIC_REPRESENTATION_CONTEXT() REPRESENTATION_CONTEXT('2D SPACE',''
  ) );
#3045 = ORIENTED_EDGE('',*,*,#3046,.T.);
#3046 = EDGE_CURVE('',#3020,#659,#3047,.T.);
#3047 = SURFACE_CURVE('',#3048,(#3052,#3059),.PCURVE_S1.);
#3048 = LINE('',#3049,#3050);
#3049 = CARTESIAN_POINT('',(76.,6.,1.045));
#3050 = VECTOR('',#3051,1.);
#3051 = DIRECTION('',(-0.,0.,-1.));
#3052 = PCURVE('',#207,#3053);
#3053 = DEFINITIONAL_REPRESENTATION('',(#3054),#3058);
#3054 = LINE('',#3055,#3056);
#3055 = CARTESIAN_POINT('',(1.145,-6.));
#3056 = VECTOR('',#3057,1.);
#3057 = DIRECTION('',(-1.,-0.));
#3058 = ( GEOMETRIC_REPRESENTATION_CONTEXT(2) 
PARAMETRIC_REPRESENTATION_CONTEXT() REPRESENTATION_CONTEXT('2D SPACE',''
  ) );
#3059 = PCURVE('',#674,#3060);
#3060 = DEFINITIONAL_REPRESENTATION('',(#3061),#3064);
#3061 = B_SPLINE_CURVE_WITH_KNOTS('',1,(#3062,#3063),.UNSPECIFIED.,.F.,
  .F.,(2,2),(-2.155,-1.155),.PIECEWISE_BEZIER_KNOTS.);
#3062 = CARTESIAN_POINT('',(1.01,64.));
#3063 = CARTESIAN_POINT('',(1.E-02,64.));
#3064 = ( GEOMETRIC_REPRESENTATION_CONTEXT(2) 
PARAMETRIC_REPRESENTATION_CONTEXT() REPRESENTATION_CONTEXT('2D SPACE',''
  ) );
#3065 = ORIENTED_EDGE('',*,*,#685,.F.);
#3066 = ORIENTED_EDGE('',*,*,#3067,.F.);
#3067 = EDGE_CURVE('',#3068,#686,#3070,.T.);
#3068 = VERTEX_POINT('',#3069);
#3069 = CARTESIAN_POINT('',(76.,2.4,15.));
#3070 = SURFACE_CURVE('',#3071,(#3075,#3082),.PCURVE_S1.);
#3071 = LINE('',#3072,#3073);
#3072 = CARTESIAN_POINT('',(76.,2.4,5.7));
#3073 = VECTOR('',#3074,1.);
#3074 = DIRECTION('',(-0.,0.,-1.));
#3075 = PCURVE('',#207,#3076);
#3076 = DEFINITIONAL_REPRESENTATION('',(#3077),#3081);
#3077 = LINE('',#3078,#3079);
#3078 = CARTESIAN_POINT('',(5.8,-2.4));
#3079 = VECTOR('',#3080,1.);
#3080 = DIRECTION('',(-1.,-0.));
#3081 = ( GEOMETRIC_REPRESENTATION_CONTEXT(2) 
PARAMETRIC_REPRESENTATION_CONTEXT() REPRESENTATION_CONTEXT('2D SPACE',''
  ) );
#3082 = PCURVE('',#722,#3083);
#3083 = DEFINITIONAL_REPRESENTATION('',(#3084),#3087);
#3084 = B_SPLINE_CURVE_WITH_KNOTS('',1,(#3085,#3086),.UNSPECIFIED.,.F.,
  .F.,(2,2),(-11.3,3.5),.PIECEWISE_BEZIER_KNOTS.);
#3085 = CARTESIAN_POINT('',(5.5,77.));
#3086 = CARTESIAN_POINT('',(-9.3,77.));
#3087 = ( GEOMETRIC_REPRESENTATION_CONTEXT(2) 
PARAMETRIC_REPRESENTATION_CONTEXT() REPRESENTATION_CONTEXT('2D SPACE',''
  ) );
#3088 = ORIENTED_EDGE('',*,*,#3089,.T.);
#3089 = EDGE_CURVE('',#3068,#3090,#3092,.T.);
#3090 = VERTEX_POINT('',#3091);
#3091 = CARTESIAN_POINT('',(76.,4.4,17.));
#3092 = SURFACE_CURVE('',#3093,(#3097,#3104),.PCURVE_S1.);
#3093 = LINE('',#3094,#3095);
#3094 = CARTESIAN_POINT('',(76.,-1.975,10.625));
#3095 = VECTOR('',#3096,1.);
#3096 = DIRECTION('',(0.,0.707106781187,0.707106781187));
#3097 = PCURVE('',#207,#3098);
#3098 = DEFINITIONAL_REPRESENTATION('',(#3099),#3103);
#3099 = LINE('',#3100,#3101);
#3100 = CARTESIAN_POINT('',(10.725,1.975));
#3101 = VECTOR('',#3102,1.);
#3102 = DIRECTION('',(0.707106781187,-0.707106781187));
#3103 = ( GEOMETRIC_REPRESENTATION_CONTEXT(2) 
PARAMETRIC_REPRESENTATION_CONTEXT() REPRESENTATION_CONTEXT('2D SPACE',''
  ) );
#3104 = PCURVE('',#3105,#3110);
#3105 = PLANE('',#3106);
#3106 = AXIS2_PLACEMENT_3D('',#3107,#3108,#3109);
#3107 = CARTESIAN_POINT('',(57.,2.4,15.));
#3108 = DIRECTION('',(0.,-0.707106781187,0.707106781187));
#3109 = DIRECTION('',(0.,0.707106781187,0.707106781187));
#3110 = DEFINITIONAL_REPRESENTATION('',(#3111),#3114);
#3111 = B_SPLINE_CURVE_WITH_KNOTS('',1,(#3112,#3113),.UNSPECIFIED.,.F.,
  .F.,(2,2),(6.187184335382,9.015611460128),.PIECEWISE_BEZIER_KNOTS.);
#3112 = CARTESIAN_POINT('',(0.,-19.));
#3113 = CARTESIAN_POINT('',(2.828427124746,-19.));
#3114 = ( GEOMETRIC_REPRESENTATION_CONTEXT(2) 
PARAMETRIC_REPRESENTATION_CONTEXT() REPRESENTATION_CONTEXT('2D SPACE',''
  ) );
#3115 = ORIENTED_EDGE('',*,*,#3116,.F.);
#3116 = EDGE_CURVE('',#223,#3090,#3117,.T.);
#3117 = SURFACE_CURVE('',#3118,(#3122,#3129),.PCURVE_S1.);
#3118 = LINE('',#3119,#3120);
#3119 = CARTESIAN_POINT('',(76.,0.,17.));
#3120 = VECTOR('',#3121,1.);
#3121 = DIRECTION('',(-0.,1.,0.));
#3122 = PCURVE('',#207,#3123);
#3123 = DEFINITIONAL_REPRESENTATION('',(#3124),#3128);
#3124 = LINE('',#3125,#3126);
#3125 = CARTESIAN_POINT('',(17.1,0.));
#3126 = VECTOR('',#3127,1.);
#3127 = DIRECTION('',(0.,-1.));
#3128 = ( GEOMETRIC_REPRESENTATION_CONTEXT(2) 
PARAMETRIC_REPRESENTATION_CONTEXT() REPRESENTATION_CONTEXT('2D SPACE',''
  ) );
#3129 = PCURVE('',#240,#3130);
#3130 = DEFINITIONAL_REPRESENTATION('',(#3131),#3134);
#3131 = B_SPLINE_CURVE_WITH_KNOTS('',1,(#3132,#3133),.UNSPECIFIED.,.F.,
  .F.,(2,2),(0.8,4.4),.PIECEWISE_BEZIER_KNOTS.);
#3132 = CARTESIAN_POINT('',(76.,0.8));
#3133 = CARTESIAN_POINT('',(76.,4.4));
#3134 = ( GEOMETRIC_REPRESENTATION_CONTEXT(2) 
PARAMETRIC_REPRESENTATION_CONTEXT() REPRESENTATION_CONTEXT('2D SPACE',''
  ) );
#3135 = ORIENTED_EDGE('',*,*,#252,.T.);
#3136 = ADVANCED_FACE('',(#3137),#240,.T.);
#3137 = FACE_BOUND('',#3138,.T.);
#3138 = EDGE_LOOP('',(#3139,#3140,#3141,#3164));
#3139 = ORIENTED_EDGE('',*,*,#3116,.F.);
#3140 = ORIENTED_EDGE('',*,*,#222,.T.);
#3141 = ORIENTED_EDGE('',*,*,#3142,.T.);
#3142 = EDGE_CURVE('',#225,#3143,#3145,.T.);
#3143 = VERTEX_POINT('',#3144);
#3144 = CARTESIAN_POINT('',(78.314467412224,4.4,17.));
#3145 = SURFACE_CURVE('',#3146,(#3150,#3157),.PCURVE_S1.);
#3146 = LINE('',#3147,#3148);
#3147 = CARTESIAN_POINT('',(78.314467412224,0.8,17.));
#3148 = VECTOR('',#3149,1.);
#3149 = DIRECTION('',(0.,1.,0.));
#3150 = PCURVE('',#240,#3151);
#3151 = DEFINITIONAL_REPRESENTATION('',(#3152),#3156);
#3152 = LINE('',#3153,#3154);
#3153 = CARTESIAN_POINT('',(78.314467412224,0.8));
#3154 = VECTOR('',#3155,1.);
#3155 = DIRECTION('',(0.,1.));
#3156 = ( GEOMETRIC_REPRESENTATION_CONTEXT(2) 
PARAMETRIC_REPRESENTATION_CONTEXT() REPRESENTATION_CONTEXT('2D SPACE',''
  ) );
#3157 = PCURVE('',#357,#3158);
#3158 = DEFINITIONAL_REPRESENTATION('',(#3159),#3163);
#3159 = LINE('',#3160,#3161);
#3160 = CARTESIAN_POINT('',(4.686995076608,0.75));
#3161 = VECTOR('',#3162,1.);
#3162 = DIRECTION('',(0.,1.));
#3163 = ( GEOMETRIC_REPRESENTATION_CONTEXT(2) 
PARAMETRIC_REPRESENTATION_CONTEXT() REPRESENTATION_CONTEXT('2D SPACE',''
  ) );
#3164 = ORIENTED_EDGE('',*,*,#3165,.F.);
#3165 = EDGE_CURVE('',#3090,#3143,#3166,.T.);
#3166 = SURFACE_CURVE('',#3167,(#3171,#3178),.PCURVE_S1.);
#3167 = LINE('',#3168,#3169);
#3168 = CARTESIAN_POINT('',(57.,4.4,17.));
#3169 = VECTOR('',#3170,1.);
#3170 = DIRECTION('',(1.,0.,0.));
#3171 = PCURVE('',#240,#3172);
#3172 = DEFINITIONAL_REPRESENTATION('',(#3173),#3177);
#3173 = LINE('',#3174,#3175);
#3174 = CARTESIAN_POINT('',(57.,4.4));
#3175 = VECTOR('',#3176,1.);
#3176 = DIRECTION('',(1.,0.));
#3177 = ( GEOMETRIC_REPRESENTATION_CONTEXT(2) 
PARAMETRIC_REPRESENTATION_CONTEXT() REPRESENTATION_CONTEXT('2D SPACE',''
  ) );
#3178 = PCURVE('',#3105,#3179);
#3179 = DEFINITIONAL_REPRESENTATION('',(#3180),#3184);
#3180 = LINE('',#3181,#3182);
#3181 = CARTESIAN_POINT('',(2.828427124746,0.));
#3182 = VECTOR('',#3183,1.);
#3183 = DIRECTION('',(0.,-1.));
#3184 = ( GEOMETRIC_REPRESENTATION_CONTEXT(2) 
PARAMETRIC_REPRESENTATION_CONTEXT() REPRESENTATION_CONTEXT('2D SPACE',''
  ) );
#3185 = ADVANCED_FACE('',(#3186),#357,.F.);
#3186 = FACE_BOUND('',#3187,.F.);
#3187 = EDGE_LOOP('',(#3188,#3212,#3213,#3235,#3236,#3237,#3264));
#3188 = ORIENTED_EDGE('',*,*,#3189,.F.);
#3189 = EDGE_CURVE('',#430,#3190,#3192,.T.);
#3190 = VERTEX_POINT('',#3191);
#3191 = CARTESIAN_POINT('',(78.467458095158,2.4,15.));
#3192 = SURFACE_CURVE('',#3193,(#3198,#3205),.PCURVE_S1.);
#3193 = CIRCLE('',#3194,19.691881404894);
#3194 = AXIS2_PLACEMENT_3D('',#3195,#3196,#3197);
#3195 = CARTESIAN_POINT('',(98.,2.4,17.5));
#3196 = DIRECTION('',(0.,1.,0.));
#3197 = DIRECTION('',(0.,-0.,1.));
#3198 = PCURVE('',#357,#3199);
#3199 = DEFINITIONAL_REPRESENTATION('',(#3200),#3204);
#3200 = LINE('',#3201,#3202);
#3201 = CARTESIAN_POINT('',(0.,2.35));
#3202 = VECTOR('',#3203,1.);
#3203 = DIRECTION('',(1.,0.));
#3204 = ( GEOMETRIC_REPRESENTATION_CONTEXT(2) 
PARAMETRIC_REPRESENTATION_CONTEXT() REPRESENTATION_CONTEXT('2D SPACE',''
  ) );
#3205 = PCURVE('',#722,#3206);
#3206 = DEFINITIONAL_REPRESENTATION('',(#3207),#3211);
#3207 = CIRCLE('',#3208,19.691881404894);
#3208 = AXIS2_PLACEMENT_2D('',#3209,#3210);
#3209 = CARTESIAN_POINT('',(6.,99.));
#3210 = DIRECTION('',(1.,0.));
#3211 = ( GEOMETRIC_REPRESENTATION_CONTEXT(2) 
PARAMETRIC_REPRESENTATION_CONTEXT() REPRESENTATION_CONTEXT('2D SPACE',''
  ) );
#3212 = ORIENTED_EDGE('',*,*,#427,.F.);
#3213 = ORIENTED_EDGE('',*,*,#3214,.T.);
#3214 = EDGE_CURVE('',#428,#300,#3215,.T.);
#3215 = SURFACE_CURVE('',#3216,(#3221,#3228),.PCURVE_S1.);
#3216 = CIRCLE('',#3217,19.691881404894);
#3217 = AXIS2_PLACEMENT_3D('',#3218,#3219,#3220);
#3218 = CARTESIAN_POINT('',(98.,5.E-02,17.5));
#3219 = DIRECTION('',(0.,1.,0.));
#3220 = DIRECTION('',(0.,-0.,1.));
#3221 = PCURVE('',#357,#3222);
#3222 = DEFINITIONAL_REPRESENTATION('',(#3223),#3227);
#3223 = LINE('',#3224,#3225);
#3224 = CARTESIAN_POINT('',(0.,0.));
#3225 = VECTOR('',#3226,1.);
#3226 = DIRECTION('',(1.,0.));
#3227 = ( GEOMETRIC_REPRESENTATION_CONTEXT(2) 
PARAMETRIC_REPRESENTATION_CONTEXT() REPRESENTATION_CONTEXT('2D SPACE',''
  ) );
#3228 = PCURVE('',#314,#3229);
#3229 = DEFINITIONAL_REPRESENTATION('',(#3230),#3234);
#3230 = CIRCLE('',#3231,19.691881404894);
#3231 = AXIS2_PLACEMENT_2D('',#3232,#3233);
#3232 = CARTESIAN_POINT('',(0.,0.));
#3233 = DIRECTION('',(1.,0.));
#3234 = ( GEOMETRIC_REPRESENTATION_CONTEXT(2) 
PARAMETRIC_REPRESENTATION_CONTEXT() REPRESENTATION_CONTEXT('2D SPACE',''
  ) );
#3235 = ORIENTED_EDGE('',*,*,#325,.F.);
#3236 = ORIENTED_EDGE('',*,*,#3142,.T.);
#3237 = ORIENTED_EDGE('',*,*,#3238,.T.);
#3238 = EDGE_CURVE('',#3143,#3239,#3241,.T.);
#3239 = VERTEX_POINT('',#3240);
#3240 = CARTESIAN_POINT('',(78.39521249122,3.05,15.65));
#3241 = SURFACE_CURVE('',#3242,(#3247,#3257),.PCURVE_S1.);
#3242 = ELLIPSE('',#3243,27.848525751443,19.691881404894);
#3243 = AXIS2_PLACEMENT_3D('',#3244,#3245,#3246);
#3244 = CARTESIAN_POINT('',(98.,4.9,17.5));
#3245 = DIRECTION('',(0.,-0.707106781187,0.707106781187));
#3246 = DIRECTION('',(0.,0.707106781187,0.707106781187));
#3247 = PCURVE('',#357,#3248);
#3248 = DEFINITIONAL_REPRESENTATION('',(#3249),#3256);
#3249 = B_SPLINE_CURVE_WITH_KNOTS('',5,(#3250,#3251,#3252,#3253,#3254,
    #3255),.UNSPECIFIED.,.F.,.F.,(6,6),(1.586031620968,1.708341959597),
  .PIECEWISE_BEZIER_KNOTS.);
#3250 = CARTESIAN_POINT('',(4.697153686212,4.55));
#3251 = CARTESIAN_POINT('',(4.672691618486,4.068351767524));
#3252 = CARTESIAN_POINT('',(4.64822955076,3.586927932193));
#3253 = CARTESIAN_POINT('',(4.623767483034,3.106328942406));
#3254 = CARTESIAN_POINT('',(4.599305415308,2.627154683508));
#3255 = CARTESIAN_POINT('',(4.574843347582,2.15));
#3256 = ( GEOMETRIC_REPRESENTATION_CONTEXT(2) 
PARAMETRIC_REPRESENTATION_CONTEXT() REPRESENTATION_CONTEXT('2D SPACE',''
  ) );
#3257 = PCURVE('',#3105,#3258);
#3258 = DEFINITIONAL_REPRESENTATION('',(#3259),#3263);
#3259 = ELLIPSE('',#3260,27.848525751443,19.691881404894);
#3260 = AXIS2_PLACEMENT_2D('',#3261,#3262);
#3261 = CARTESIAN_POINT('',(3.535533905933,-41.));
#3262 = DIRECTION('',(1.,0.));
#3263 = ( GEOMETRIC_REPRESENTATION_CONTEXT(2) 
PARAMETRIC_REPRESENTATION_CONTEXT() REPRESENTATION_CONTEXT('2D SPACE',''
  ) );
#3264 = ORIENTED_EDGE('',*,*,#3265,.T.);
#3265 = EDGE_CURVE('',#3239,#3190,#3266,.T.);
#3266 = SURFACE_CURVE('',#3267,(#3272,#3282),.PCURVE_S1.);
#3267 = ELLIPSE('',#3268,27.848525751443,19.691881404894);
#3268 = AXIS2_PLACEMENT_3D('',#3269,#3270,#3271);
#3269 = CARTESIAN_POINT('',(98.,4.9,17.5));
#3270 = DIRECTION('',(0.,-0.707106781187,0.707106781187));
#3271 = DIRECTION('',(0.,0.707106781187,0.707106781187));
#3272 = PCURVE('',#357,#3273);
#3273 = DEFINITIONAL_REPRESENTATION('',(#3274),#3281);
#3274 = B_SPLINE_CURVE_WITH_KNOTS('',5,(#3275,#3276,#3277,#3278,#3279,
    #3280),.UNSPECIFIED.,.F.,.F.,(6,6),(1.586031620968,1.708341959597),
  .PIECEWISE_BEZIER_KNOTS.);
#3275 = CARTESIAN_POINT('',(4.697153686212,4.55));
#3276 = CARTESIAN_POINT('',(4.672691618486,4.068351767524));
#3277 = CARTESIAN_POINT('',(4.64822955076,3.586927932193));
#3278 = CARTESIAN_POINT('',(4.623767483034,3.106328942406));
#3279 = CARTESIAN_POINT('',(4.599305415308,2.627154683508));
#3280 = CARTESIAN_POINT('',(4.574843347582,2.15));
#3281 = ( GEOMETRIC_REPRESENTATION_CONTEXT(2) 
PARAMETRIC_REPRESENTATION_CONTEXT() REPRESENTATION_CONTEXT('2D SPACE',''
  ) );
#3282 = PCURVE('',#3105,#3283);
#3283 = DEFINITIONAL_REPRESENTATION('',(#3284),#3288);
#3284 = ELLIPSE('',#3285,27.848525751443,19.691881404894);
#3285 = AXIS2_PLACEMENT_2D('',#3286,#3287);
#3286 = CARTESIAN_POINT('',(3.535533905933,-41.));
#3287 = DIRECTION('',(1.,0.));
#3288 = ( GEOMETRIC_REPRESENTATION_CONTEXT(2) 
PARAMETRIC_REPRESENTATION_CONTEXT() REPRESENTATION_CONTEXT('2D SPACE',''
  ) );
#3289 = ADVANCED_FACE('',(#3290),#314,.T.);
#3290 = FACE_BOUND('',#3291,.T.);
#3291 = EDGE_LOOP('',(#3292,#3293,#3294,#3295));
#3292 = ORIENTED_EDGE('',*,*,#299,.T.);
#3293 = ORIENTED_EDGE('',*,*,#381,.T.);
#3294 = ORIENTED_EDGE('',*,*,#451,.F.);
#3295 = ORIENTED_EDGE('',*,*,#3214,.T.);
#3296 = ADVANCED_FACE('',(#3297),#722,.T.);
#3297 = FACE_BOUND('',#3298,.T.);
#3298 = EDGE_LOOP('',(#3299,#3300,#3301,#3322));
#3299 = ORIENTED_EDGE('',*,*,#708,.F.);
#3300 = ORIENTED_EDGE('',*,*,#3067,.F.);
#3301 = ORIENTED_EDGE('',*,*,#3302,.T.);
#3302 = EDGE_CURVE('',#3068,#3190,#3303,.T.);
#3303 = SURFACE_CURVE('',#3304,(#3308,#3315),.PCURVE_S1.);
#3304 = LINE('',#3305,#3306);
#3305 = CARTESIAN_POINT('',(57.,2.4,15.));
#3306 = VECTOR('',#3307,1.);
#3307 = DIRECTION('',(1.,0.,0.));
#3308 = PCURVE('',#722,#3309);
#3309 = DEFINITIONAL_REPRESENTATION('',(#3310),#3314);
#3310 = LINE('',#3311,#3312);
#3311 = CARTESIAN_POINT('',(3.5,58.));
#3312 = VECTOR('',#3313,1.);
#3313 = DIRECTION('',(0.,1.));
#3314 = ( GEOMETRIC_REPRESENTATION_CONTEXT(2) 
PARAMETRIC_REPRESENTATION_CONTEXT() REPRESENTATION_CONTEXT('2D SPACE',''
  ) );
#3315 = PCURVE('',#3105,#3316);
#3316 = DEFINITIONAL_REPRESENTATION('',(#3317),#3321);
#3317 = LINE('',#3318,#3319);
#3318 = CARTESIAN_POINT('',(0.,0.));
#3319 = VECTOR('',#3320,1.);
#3320 = DIRECTION('',(0.,-1.));
#3321 = ( GEOMETRIC_REPRESENTATION_CONTEXT(2) 
PARAMETRIC_REPRESENTATION_CONTEXT() REPRESENTATION_CONTEXT('2D SPACE',''
  ) );
#3322 = ORIENTED_EDGE('',*,*,#3189,.F.);
#3323 = ADVANCED_FACE('',(#3324),#674,.F.);
#3324 = FACE_BOUND('',#3325,.F.);
#3325 = EDGE_LOOP('',(#3326,#3350,#3351,#3352));
#3326 = ORIENTED_EDGE('',*,*,#3327,.F.);
#3327 = EDGE_CURVE('',#633,#3328,#3330,.T.);
#3328 = VERTEX_POINT('',#3329);
#3329 = CARTESIAN_POINT('',(84.461898461586,6.,3.2));
#3330 = SURFACE_CURVE('',#3331,(#3336,#3343),.PCURVE_S1.);
#3331 = CIRCLE('',#3332,19.691881404894);
#3332 = AXIS2_PLACEMENT_3D('',#3333,#3334,#3335);
#3333 = CARTESIAN_POINT('',(98.,6.,17.5));
#3334 = DIRECTION('',(0.,1.,0.));
#3335 = DIRECTION('',(0.,-0.,1.));
#3336 = PCURVE('',#674,#3337);
#3337 = DEFINITIONAL_REPRESENTATION('',(#3338),#3342);
#3338 = CIRCLE('',#3339,19.691881404894);
#3339 = AXIS2_PLACEMENT_2D('',#3340,#3341);
#3340 = CARTESIAN_POINT('',(15.31,86.));
#3341 = DIRECTION('',(1.,0.));
#3342 = ( GEOMETRIC_REPRESENTATION_CONTEXT(2) 
PARAMETRIC_REPRESENTATION_CONTEXT() REPRESENTATION_CONTEXT('2D SPACE',''
  ) );
#3343 = PCURVE('',#647,#3344);
#3344 = DEFINITIONAL_REPRESENTATION('',(#3345),#3349);
#3345 = LINE('',#3346,#3347);
#3346 = CARTESIAN_POINT('',(0.,2.95));
#3347 = VECTOR('',#3348,1.);
#3348 = DIRECTION('',(1.,0.));
#3349 = ( GEOMETRIC_REPRESENTATION_CONTEXT(2) 
PARAMETRIC_REPRESENTATION_CONTEXT() REPRESENTATION_CONTEXT('2D SPACE',''
  ) );
#3350 = ORIENTED_EDGE('',*,*,#658,.T.);
#3351 = ORIENTED_EDGE('',*,*,#3046,.F.);
#3352 = ORIENTED_EDGE('',*,*,#3353,.T.);
#3353 = EDGE_CURVE('',#3020,#3328,#3354,.T.);
#3354 = SURFACE_CURVE('',#3355,(#3359,#3366),.PCURVE_S1.);
#3355 = LINE('',#3356,#3357);
#3356 = CARTESIAN_POINT('',(12.,6.,3.2));
#3357 = VECTOR('',#3358,1.);
#3358 = DIRECTION('',(1.,0.,-0.));
#3359 = PCURVE('',#674,#3360);
#3360 = DEFINITIONAL_REPRESENTATION('',(#3361),#3365);
#3361 = LINE('',#3362,#3363);
#3362 = CARTESIAN_POINT('',(1.01,0.));
#3363 = VECTOR('',#3364,1.);
#3364 = DIRECTION('',(0.,1.));
#3365 = ( GEOMETRIC_REPRESENTATION_CONTEXT(2) 
PARAMETRIC_REPRESENTATION_CONTEXT() REPRESENTATION_CONTEXT('2D SPACE',''
  ) );
#3366 = PCURVE('',#3035,#3367);
#3367 = DEFINITIONAL_REPRESENTATION('',(#3368),#3372);
#3368 = LINE('',#3369,#3370);
#3369 = CARTESIAN_POINT('',(0.,0.));
#3370 = VECTOR('',#3371,1.);
#3371 = DIRECTION('',(1.,0.));
#3372 = ( GEOMETRIC_REPRESENTATION_CONTEXT(2) 
PARAMETRIC_REPRESENTATION_CONTEXT() REPRESENTATION_CONTEXT('2D SPACE',''
  ) );
#3373 = ADVANCED_FACE('',(#3374),#647,.F.);
#3374 = FACE_BOUND('',#3375,.F.);
#3375 = EDGE_LOOP('',(#3376,#3400,#3401,#3423,#3424,#3425));
#3376 = ORIENTED_EDGE('',*,*,#3377,.F.);
#3377 = EDGE_CURVE('',#2808,#3378,#3380,.T.);
#3378 = VERTEX_POINT('',#3379);
#3379 = CARTESIAN_POINT('',(84.461898461586,6.55,3.2));
#3380 = SURFACE_CURVE('',#3381,(#3386,#3393),.PCURVE_S1.);
#3381 = CIRCLE('',#3382,19.691881404894);
#3382 = AXIS2_PLACEMENT_3D('',#3383,#3384,#3385);
#3383 = CARTESIAN_POINT('',(98.,6.55,17.5));
#3384 = DIRECTION('',(0.,1.,0.));
#3385 = DIRECTION('',(0.,-0.,1.));
#3386 = PCURVE('',#647,#3387);
#3387 = DEFINITIONAL_REPRESENTATION('',(#3388),#3392);
#3388 = LINE('',#3389,#3390);
#3389 = CARTESIAN_POINT('',(0.,3.5));
#3390 = VECTOR('',#3391,1.);
#3391 = DIRECTION('',(1.,0.));
#3392 = ( GEOMETRIC_REPRESENTATION_CONTEXT(2) 
PARAMETRIC_REPRESENTATION_CONTEXT() REPRESENTATION_CONTEXT('2D SPACE',''
  ) );
#3393 = PCURVE('',#2843,#3394);
#3394 = DEFINITIONAL_REPRESENTATION('',(#3395),#3399);
#3395 = CIRCLE('',#3396,19.691881404894);
#3396 = AXIS2_PLACEMENT_2D('',#3397,#3398);
#3397 = CARTESIAN_POINT('',(0.,0.));
#3398 = DIRECTION('',(1.,0.));
#3399 = ( GEOMETRIC_REPRESENTATION_CONTEXT(2) 
PARAMETRIC_REPRESENTATION_CONTEXT() REPRESENTATION_CONTEXT('2D SPACE',''
  ) );
#3400 = ORIENTED_EDGE('',*,*,#2807,.F.);
#3401 = ORIENTED_EDGE('',*,*,#3402,.T.);
#3402 = EDGE_CURVE('',#2787,#607,#3403,.T.);
#3403 = SURFACE_CURVE('',#3404,(#3409,#3416),.PCURVE_S1.);
#3404 = CIRCLE('',#3405,19.691881404894);
#3405 = AXIS2_PLACEMENT_3D('',#3406,#3407,#3408);
#3406 = CARTESIAN_POINT('',(98.,3.05,17.5));
#3407 = DIRECTION('',(0.,1.,0.));
#3408 = DIRECTION('',(0.,-0.,1.));
#3409 = PCURVE('',#647,#3410);
#3410 = DEFINITIONAL_REPRESENTATION('',(#3411),#3415);
#3411 = LINE('',#3412,#3413);
#3412 = CARTESIAN_POINT('',(0.,0.));
#3413 = VECTOR('',#3414,1.);
#3414 = DIRECTION('',(1.,0.));
#3415 = ( GEOMETRIC_REPRESENTATION_CONTEXT(2) 
PARAMETRIC_REPRESENTATION_CONTEXT() REPRESENTATION_CONTEXT('2D SPACE',''
  ) );
#3416 = PCURVE('',#621,#3417);
#3417 = DEFINITIONAL_REPRESENTATION('',(#3418),#3422);
#3418 = CIRCLE('',#3419,19.691881404894);
#3419 = AXIS2_PLACEMENT_2D('',#3420,#3421);
#3420 = CARTESIAN_POINT('',(0.,0.));
#3421 = DIRECTION('',(1.,0.));
#3422 = ( GEOMETRIC_REPRESENTATION_CONTEXT(2) 
PARAMETRIC_REPRESENTATION_CONTEXT() REPRESENTATION_CONTEXT('2D SPACE',''
  ) );
#3423 = ORIENTED_EDGE('',*,*,#632,.T.);
#3424 = ORIENTED_EDGE('',*,*,#3327,.T.);
#3425 = ORIENTED_EDGE('',*,*,#3426,.T.);
#3426 = EDGE_CURVE('',#3328,#3378,#3427,.T.);
#3427 = SURFACE_CURVE('',#3428,(#3432,#3438),.PCURVE_S1.);
#3428 = LINE('',#3429,#3430);
#3429 = CARTESIAN_POINT('',(84.461898461586,3.05,3.2));
#3430 = VECTOR('',#3431,1.);
#3431 = DIRECTION('',(0.,1.,0.));
#3432 = PCURVE('',#647,#3433);
#3433 = DEFINITIONAL_REPRESENTATION('',(#3434),#3437);
#3434 = B_SPLINE_CURVE_WITH_KNOTS('',1,(#3435,#3436),.UNSPECIFIED.,.F.,
  .F.,(2,2),(2.75,3.5000006),.PIECEWISE_BEZIER_KNOTS.);
#3435 = CARTESIAN_POINT('',(3.899628738764,2.75));
#3436 = CARTESIAN_POINT('',(3.899628738764,3.5000006));
#3437 = ( GEOMETRIC_REPRESENTATION_CONTEXT(2) 
PARAMETRIC_REPRESENTATION_CONTEXT() REPRESENTATION_CONTEXT('2D SPACE',''
  ) );
#3438 = PCURVE('',#3035,#3439);
#3439 = DEFINITIONAL_REPRESENTATION('',(#3440),#3443);
#3440 = B_SPLINE_CURVE_WITH_KNOTS('',1,(#3441,#3442),.UNSPECIFIED.,.F.,
  .F.,(2,2),(2.75,3.5000006),.PIECEWISE_BEZIER_KNOTS.);
#3441 = CARTESIAN_POINT('',(72.461898461586,-0.2));
#3442 = CARTESIAN_POINT('',(72.461898461586,0.5500006));
#3443 = ( GEOMETRIC_REPRESENTATION_CONTEXT(2) 
PARAMETRIC_REPRESENTATION_CONTEXT() REPRESENTATION_CONTEXT('2D SPACE',''
  ) );
#3444 = ADVANCED_FACE('',(#3445,#3583),#512,.F.);
#3445 = FACE_BOUND('',#3446,.F.);
#3446 = EDGE_LOOP('',(#3447,#3470,#3498,#3526,#3559,#3580,#3581,#3582));
#3447 = ORIENTED_EDGE('',*,*,#3448,.T.);
#3448 = EDGE_CURVE('',#497,#3449,#3451,.T.);
#3449 = VERTEX_POINT('',#3450);
#3450 = CARTESIAN_POINT('',(90.,0.3,9.669));
#3451 = SURFACE_CURVE('',#3452,(#3456,#3463),.PCURVE_S1.);
#3452 = LINE('',#3453,#3454);
#3453 = CARTESIAN_POINT('',(88.2,0.3,2.19));
#3454 = VECTOR('',#3455,1.);
#3455 = DIRECTION('',(0.233992400881,0.,0.97223842566));
#3456 = PCURVE('',#512,#3457);
#3457 = DEFINITIONAL_REPRESENTATION('',(#3458),#3462);
#3458 = LINE('',#3459,#3460);
#3459 = CARTESIAN_POINT('',(-3.714321529749,-1.440678470251));
#3460 = VECTOR('',#3461,1.);
#3461 = DIRECTION('',(0.97223842566,0.233992400881));
#3462 = ( GEOMETRIC_REPRESENTATION_CONTEXT(2) 
PARAMETRIC_REPRESENTATION_CONTEXT() REPRESENTATION_CONTEXT('2D SPACE',''
  ) );
#3463 = PCURVE('',#539,#3464);
#3464 = DEFINITIONAL_REPRESENTATION('',(#3465),#3469);
#3465 = LINE('',#3466,#3467);
#3466 = CARTESIAN_POINT('',(0.,-2.5));
#3467 = VECTOR('',#3468,1.);
#3468 = DIRECTION('',(1.,0.));
#3469 = ( GEOMETRIC_REPRESENTATION_CONTEXT(2) 
PARAMETRIC_REPRESENTATION_CONTEXT() REPRESENTATION_CONTEXT('2D SPACE',''
  ) );
#3470 = ORIENTED_EDGE('',*,*,#3471,.T.);
#3471 = EDGE_CURVE('',#3449,#3472,#3474,.T.);
#3472 = VERTEX_POINT('',#3473);
#3473 = CARTESIAN_POINT('',(90.,0.3,17.5));
#3474 = SURFACE_CURVE('',#3475,(#3479,#3486),.PCURVE_S1.);
#3475 = LINE('',#3476,#3477);
#3476 = CARTESIAN_POINT('',(90.,0.3,0.));
#3477 = VECTOR('',#3478,1.);
#3478 = DIRECTION('',(0.,0.,1.));
#3479 = PCURVE('',#512,#3480);
#3480 = DEFINITIONAL_REPRESENTATION('',(#3481),#3485);
#3481 = LINE('',#3482,#3483);
#3482 = CARTESIAN_POINT('',(-5.904321529749,0.359321529749));
#3483 = VECTOR('',#3484,1.);
#3484 = DIRECTION('',(1.,0.));
#3485 = ( GEOMETRIC_REPRESENTATION_CONTEXT(2) 
PARAMETRIC_REPRESENTATION_CONTEXT() REPRESENTATION_CONTEXT('2D SPACE',''
  ) );
#3486 = PCURVE('',#3487,#3492);
#3487 = PLANE('',#3488);
#3488 = AXIS2_PLACEMENT_3D('',#3489,#3490,#3491);
#3489 = CARTESIAN_POINT('',(90.,0.3,0.));
#3490 = DIRECTION('',(1.,0.,-0.));
#3491 = DIRECTION('',(0.,0.,1.));
#3492 = DEFINITIONAL_REPRESENTATION('',(#3493),#3497);
#3493 = LINE('',#3494,#3495);
#3494 = CARTESIAN_POINT('',(0.,0.));
#3495 = VECTOR('',#3496,1.);
#3496 = DIRECTION('',(1.,0.));
#3497 = ( GEOMETRIC_REPRESENTATION_CONTEXT(2) 
PARAMETRIC_REPRESENTATION_CONTEXT() REPRESENTATION_CONTEXT('2D SPACE',''
  ) );
#3498 = ORIENTED_EDGE('',*,*,#3499,.T.);
#3499 = EDGE_CURVE('',#3472,#3500,#3502,.T.);
#3500 = VERTEX_POINT('',#3501);
#3501 = CARTESIAN_POINT('',(93.9,0.3,17.5));
#3502 = SURFACE_CURVE('',#3503,(#3507,#3514),.PCURVE_S1.);
#3503 = LINE('',#3504,#3505);
#3504 = CARTESIAN_POINT('',(90.,0.3,17.5));
#3505 = VECTOR('',#3506,1.);
#3506 = DIRECTION('',(1.,0.,-0.));
#3507 = PCURVE('',#512,#3508);
#3508 = DEFINITIONAL_REPRESENTATION('',(#3509),#3513);
#3509 = LINE('',#3510,#3511);
#3510 = CARTESIAN_POINT('',(11.595678470251,0.359321529749));
#3511 = VECTOR('',#3512,1.);
#3512 = DIRECTION('',(0.,1.));
#3513 = ( GEOMETRIC_REPRESENTATION_CONTEXT(2) 
PARAMETRIC_REPRESENTATION_CONTEXT() REPRESENTATION_CONTEXT('2D SPACE',''
  ) );
#3514 = PCURVE('',#3515,#3520);
#3515 = PLANE('',#3516);
#3516 = AXIS2_PLACEMENT_3D('',#3517,#3518,#3519);
#3517 = CARTESIAN_POINT('',(90.,0.3,17.5));
#3518 = DIRECTION('',(0.,0.,1.));
#3519 = DIRECTION('',(1.,0.,-0.));
#3520 = DEFINITIONAL_REPRESENTATION('',(#3521),#3525);
#3521 = LINE('',#3522,#3523);
#3522 = CARTESIAN_POINT('',(0.,0.));
#3523 = VECTOR('',#3524,1.);
#3524 = DIRECTION('',(1.,0.));
#3525 = ( GEOMETRIC_REPRESENTATION_CONTEXT(2) 
PARAMETRIC_REPRESENTATION_CONTEXT() REPRESENTATION_CONTEXT('2D SPACE',''
  ) );
#3526 = ORIENTED_EDGE('',*,*,#3527,.F.);
#3527 = EDGE_CURVE('',#3528,#3500,#3530,.T.);
#3528 = VERTEX_POINT('',#3529);
#3529 = CARTESIAN_POINT('',(98.,0.3,13.4));
#3530 = SURFACE_CURVE('',#3531,(#3536,#3547),.PCURVE_S1.);
#3531 = CIRCLE('',#3532,4.1);
#3532 = AXIS2_PLACEMENT_3D('',#3533,#3534,#3535);
#3533 = CARTESIAN_POINT('',(98.,0.3,17.5));
#3534 = DIRECTION('',(0.,-1.,0.));
#3535 = DIRECTION('',(2.079637275395E-14,0.,-1.));
#3536 = PCURVE('',#512,#3537);
#3537 = DEFINITIONAL_REPRESENTATION('',(#3538),#3546);
#3538 = ( BOUNDED_CURVE() B_SPLINE_CURVE(2,(#3539,#3540,#3541,#3542,
#3543,#3544,#3545),.UNSPECIFIED.,.T.,.F.) B_SPLINE_CURVE_WITH_KNOTS((1,2
    ,2,2,2,1),(-2.094395102393,0.,2.094395102393,4.188790204786,
6.28318530718,8.377580409573),.UNSPECIFIED.) CURVE() 
GEOMETRIC_REPRESENTATION_ITEM() RATIONAL_B_SPLINE_CURVE((1.,0.5,1.,0.5,
1.,0.5,1.)) REPRESENTATION_ITEM('') );
#3539 = CARTESIAN_POINT('',(7.495678470251,8.359321529749));
#3540 = CARTESIAN_POINT('',(7.495678470251,15.460729840782));
#3541 = CARTESIAN_POINT('',(13.645678470251,11.910025685265));
#3542 = CARTESIAN_POINT('',(19.795678470251,8.359321529749));
#3543 = CARTESIAN_POINT('',(13.645678470251,4.808617374233));
#3544 = CARTESIAN_POINT('',(7.495678470251,1.257913218717));
#3545 = CARTESIAN_POINT('',(7.495678470251,8.359321529749));
#3546 = ( GEOMETRIC_REPRESENTATION_CONTEXT(2) 
PARAMETRIC_REPRESENTATION_CONTEXT() REPRESENTATION_CONTEXT('2D SPACE',''
  ) );
#3547 = PCURVE('',#3548,#3553);
#3548 = TOROIDAL_SURFACE('',#3549,4.1,0.4);
#3549 = AXIS2_PLACEMENT_3D('',#3550,#3551,#3552);
#3550 = CARTESIAN_POINT('',(98.,0.7,17.5));
#3551 = DIRECTION('',(-0.,-1.,-0.));
#3552 = DIRECTION('',(0.,-0.,1.));
#3553 = DEFINITIONAL_REPRESENTATION('',(#3554),#3558);
#3554 = LINE('',#3555,#3556);
#3555 = CARTESIAN_POINT('',(-9.424777960769,1.570796326795));
#3556 = VECTOR('',#3557,1.);
#3557 = DIRECTION('',(1.,-0.));
#3558 = ( GEOMETRIC_REPRESENTATION_CONTEXT(2) 
PARAMETRIC_REPRESENTATION_CONTEXT() REPRESENTATION_CONTEXT('2D SPACE',''
  ) );
#3559 = ORIENTED_EDGE('',*,*,#3560,.F.);
#3560 = EDGE_CURVE('',#2690,#3528,#3561,.T.);
#3561 = SURFACE_CURVE('',#3562,(#3566,#3573),.PCURVE_S1.);
#3562 = LINE('',#3563,#3564);
#3563 = CARTESIAN_POINT('',(98.,0.3,0.));
#3564 = VECTOR('',#3565,1.);
#3565 = DIRECTION('',(0.,0.,1.));
#3566 = PCURVE('',#512,#3567);
#3567 = DEFINITIONAL_REPRESENTATION('',(#3568),#3572);
#3568 = LINE('',#3569,#3570);
#3569 = CARTESIAN_POINT('',(-5.904321529749,8.359321529749));
#3570 = VECTOR('',#3571,1.);
#3571 = DIRECTION('',(1.,0.));
#3572 = ( GEOMETRIC_REPRESENTATION_CONTEXT(2) 
PARAMETRIC_REPRESENTATION_CONTEXT() REPRESENTATION_CONTEXT('2D SPACE',''
  ) );
#3573 = PCURVE('',#2728,#3574);
#3574 = DEFINITIONAL_REPRESENTATION('',(#3575),#3579);
#3575 = LINE('',#3576,#3577);
#3576 = CARTESIAN_POINT('',(0.,0.));
#3577 = VECTOR('',#3578,1.);
#3578 = DIRECTION('',(1.,0.));
#3579 = ( GEOMETRIC_REPRESENTATION_CONTEXT(2) 
PARAMETRIC_REPRESENTATION_CONTEXT() REPRESENTATION_CONTEXT('2D SPACE',''
  ) );
#3580 = ORIENTED_EDGE('',*,*,#2689,.F.);
#3581 = ORIENTED_EDGE('',*,*,#2556,.T.);
#3582 = ORIENTED_EDGE('',*,*,#496,.T.);
#3583 = FACE_BOUND('',#3584,.F.);
#3584 = EDGE_LOOP('',(#3585));
#3585 = ORIENTED_EDGE('',*,*,#3586,.F.);
#3586 = EDGE_CURVE('',#3587,#3587,#3589,.T.);
#3587 = VERTEX_POINT('',#3588);
#3588 = CARTESIAN_POINT('',(98.,0.3,19.25));
#3589 = SURFACE_CURVE('',#3590,(#3595,#3602),.PCURVE_S1.);
#3590 = CIRCLE('',#3591,1.75);
#3591 = AXIS2_PLACEMENT_3D('',#3592,#3593,#3594);
#3592 = CARTESIAN_POINT('',(98.,0.3,17.5));
#3593 = DIRECTION('',(0.,1.,0.));
#3594 = DIRECTION('',(0.,-0.,1.));
#3595 = PCURVE('',#512,#3596);
#3596 = DEFINITIONAL_REPRESENTATION('',(#3597),#3601);
#3597 = CIRCLE('',#3598,1.75);
#3598 = AXIS2_PLACEMENT_2D('',#3599,#3600);
#3599 = CARTESIAN_POINT('',(11.595678470251,8.359321529749));
#3600 = DIRECTION('',(1.,0.));
#3601 = ( GEOMETRIC_REPRESENTATION_CONTEXT(2) 
PARAMETRIC_REPRESENTATION_CONTEXT() REPRESENTATION_CONTEXT('2D SPACE',''
  ) );
#3602 = PCURVE('',#3603,#3608);
#3603 = CYLINDRICAL_SURFACE('',#3604,1.75);
#3604 = AXIS2_PLACEMENT_3D('',#3605,#3606,#3607);
#3605 = CARTESIAN_POINT('',(98.,0.28,17.5));
#3606 = DIRECTION('',(0.,1.,0.));
#3607 = DIRECTION('',(0.,-0.,1.));
#3608 = DEFINITIONAL_REPRESENTATION('',(#3609),#3613);
#3609 = LINE('',#3610,#3611);
#3610 = CARTESIAN_POINT('',(0.,2.E-02));
#3611 = VECTOR('',#3612,1.);
#3612 = DIRECTION('',(1.,0.));
#3613 = ( GEOMETRIC_REPRESENTATION_CONTEXT(2) 
PARAMETRIC_REPRESENTATION_CONTEXT() REPRESENTATION_CONTEXT('2D SPACE',''
  ) );
#3614 = ADVANCED_FACE('',(#3615),#621,.T.);
#3615 = FACE_BOUND('',#3616,.T.);
#3616 = EDGE_LOOP('',(#3617,#3618,#3619,#3638));
#3617 = ORIENTED_EDGE('',*,*,#3402,.T.);
#3618 = ORIENTED_EDGE('',*,*,#606,.F.);
#3619 = ORIENTED_EDGE('',*,*,#3620,.F.);
#3620 = EDGE_CURVE('',#2764,#579,#3621,.T.);
#3621 = SURFACE_CURVE('',#3622,(#3626,#3632),.PCURVE_S1.);
#3622 = LINE('',#3623,#3624);
#3623 = CARTESIAN_POINT('',(90.2,3.05,8.75));
#3624 = VECTOR('',#3625,1.);
#3625 = DIRECTION('',(0.,-0.,1.));
#3626 = PCURVE('',#621,#3627);
#3627 = DEFINITIONAL_REPRESENTATION('',(#3628),#3631);
#3628 = B_SPLINE_CURVE_WITH_KNOTS('',1,(#3629,#3630),.UNSPECIFIED.,.F.,
  .F.,(2,2),(-8.75,-6.55),.PIECEWISE_BEZIER_KNOTS.);
#3629 = CARTESIAN_POINT('',(-17.5,-7.8));
#3630 = CARTESIAN_POINT('',(-15.3,-7.8));
#3631 = ( GEOMETRIC_REPRESENTATION_CONTEXT(2) 
PARAMETRIC_REPRESENTATION_CONTEXT() REPRESENTATION_CONTEXT('2D SPACE',''
  ) );
#3632 = PCURVE('',#594,#3633);
#3633 = DEFINITIONAL_REPRESENTATION('',(#3634),#3637);
#3634 = B_SPLINE_CURVE_WITH_KNOTS('',1,(#3635,#3636),.UNSPECIFIED.,.F.,
  .F.,(2,2),(-8.75,-6.55),.PIECEWISE_BEZIER_KNOTS.);
#3635 = CARTESIAN_POINT('',(0.,-3.05));
#3636 = CARTESIAN_POINT('',(2.2,-3.05));
#3637 = ( GEOMETRIC_REPRESENTATION_CONTEXT(2) 
PARAMETRIC_REPRESENTATION_CONTEXT() REPRESENTATION_CONTEXT('2D SPACE',''
  ) );
#3638 = ORIENTED_EDGE('',*,*,#2786,.T.);
#3639 = ADVANCED_FACE('',(#3640),#539,.T.);
#3640 = FACE_BOUND('',#3641,.T.);
#3641 = EDGE_LOOP('',(#3642,#3665,#3666,#3667));
#3642 = ORIENTED_EDGE('',*,*,#3643,.F.);
#3643 = EDGE_CURVE('',#525,#3644,#3646,.T.);
#3644 = VERTEX_POINT('',#3645);
#3645 = CARTESIAN_POINT('',(90.,2.8,9.669));
#3646 = SURFACE_CURVE('',#3647,(#3651,#3658),.PCURVE_S1.);
#3647 = LINE('',#3648,#3649);
#3648 = CARTESIAN_POINT('',(88.2,2.8,2.19));
#3649 = VECTOR('',#3650,1.);
#3650 = DIRECTION('',(0.233992400881,0.,0.97223842566));
#3651 = PCURVE('',#539,#3652);
#3652 = DEFINITIONAL_REPRESENTATION('',(#3653),#3657);
#3653 = LINE('',#3654,#3655);
#3654 = CARTESIAN_POINT('',(0.,0.));
#3655 = VECTOR('',#3656,1.);
#3656 = DIRECTION('',(1.,0.));
#3657 = ( GEOMETRIC_REPRESENTATION_CONTEXT(2) 
PARAMETRIC_REPRESENTATION_CONTEXT() REPRESENTATION_CONTEXT('2D SPACE',''
  ) );
#3658 = PCURVE('',#566,#3659);
#3659 = DEFINITIONAL_REPRESENTATION('',(#3660),#3664);
#3660 = LINE('',#3661,#3662);
#3661 = CARTESIAN_POINT('',(2.19,-1.8));
#3662 = VECTOR('',#3663,1.);
#3663 = DIRECTION('',(0.97223842566,0.233992400881));
#3664 = ( GEOMETRIC_REPRESENTATION_CONTEXT(2) 
PARAMETRIC_REPRESENTATION_CONTEXT() REPRESENTATION_CONTEXT('2D SPACE',''
  ) );
#3665 = ORIENTED_EDGE('',*,*,#524,.T.);
#3666 = ORIENTED_EDGE('',*,*,#3448,.T.);
#3667 = ORIENTED_EDGE('',*,*,#3668,.F.);
#3668 = EDGE_CURVE('',#3644,#3449,#3669,.T.);
#3669 = SURFACE_CURVE('',#3670,(#3674,#3680),.PCURVE_S1.);
#3670 = LINE('',#3671,#3672);
#3671 = CARTESIAN_POINT('',(90.,1.55,9.669));
#3672 = VECTOR('',#3673,1.);
#3673 = DIRECTION('',(0.,-1.,0.));
#3674 = PCURVE('',#539,#3675);
#3675 = DEFINITIONAL_REPRESENTATION('',(#3676),#3679);
#3676 = B_SPLINE_CURVE_WITH_KNOTS('',1,(#3677,#3678),.UNSPECIFIED.,.F.,
  .F.,(2,2),(-1.25,1.25),.PIECEWISE_BEZIER_KNOTS.);
#3677 = CARTESIAN_POINT('',(7.692557507097,0.));
#3678 = CARTESIAN_POINT('',(7.692557507097,-2.5));
#3679 = ( GEOMETRIC_REPRESENTATION_CONTEXT(2) 
PARAMETRIC_REPRESENTATION_CONTEXT() REPRESENTATION_CONTEXT('2D SPACE',''
  ) );
#3680 = PCURVE('',#3487,#3681);
#3681 = DEFINITIONAL_REPRESENTATION('',(#3682),#3685);
#3682 = B_SPLINE_CURVE_WITH_KNOTS('',1,(#3683,#3684),.UNSPECIFIED.,.F.,
  .F.,(2,2),(-1.25,1.25),.PIECEWISE_BEZIER_KNOTS.);
#3683 = CARTESIAN_POINT('',(9.669,-2.5));
#3684 = CARTESIAN_POINT('',(9.669,0.));
#3685 = ( GEOMETRIC_REPRESENTATION_CONTEXT(2) 
PARAMETRIC_REPRESENTATION_CONTEXT() REPRESENTATION_CONTEXT('2D SPACE',''
  ) );
#3686 = ADVANCED_FACE('',(#3687),#594,.T.);
#3687 = FACE_BOUND('',#3688,.T.);
#3688 = EDGE_LOOP('',(#3689,#3690,#3711,#3712));
#3689 = ORIENTED_EDGE('',*,*,#578,.F.);
#3690 = ORIENTED_EDGE('',*,*,#3691,.T.);
#3691 = EDGE_CURVE('',#551,#2741,#3692,.T.);
#3692 = SURFACE_CURVE('',#3693,(#3697,#3704),.PCURVE_S1.);
#3693 = LINE('',#3694,#3695);
#3694 = CARTESIAN_POINT('',(90.2,2.8,2.2));
#3695 = VECTOR('',#3696,1.);
#3696 = DIRECTION('',(0.,0.,-1.));
#3697 = PCURVE('',#594,#3698);
#3698 = DEFINITIONAL_REPRESENTATION('',(#3699),#3703);
#3699 = LINE('',#3700,#3701);
#3700 = CARTESIAN_POINT('',(2.2,-2.8));
#3701 = VECTOR('',#3702,1.);
#3702 = DIRECTION('',(-1.,0.));
#3703 = ( GEOMETRIC_REPRESENTATION_CONTEXT(2) 
PARAMETRIC_REPRESENTATION_CONTEXT() REPRESENTATION_CONTEXT('2D SPACE',''
  ) );
#3704 = PCURVE('',#566,#3705);
#3705 = DEFINITIONAL_REPRESENTATION('',(#3706),#3710);
#3706 = LINE('',#3707,#3708);
#3707 = CARTESIAN_POINT('',(2.2,0.2));
#3708 = VECTOR('',#3709,1.);
#3709 = DIRECTION('',(-1.,0.));
#3710 = ( GEOMETRIC_REPRESENTATION_CONTEXT(2) 
PARAMETRIC_REPRESENTATION_CONTEXT() REPRESENTATION_CONTEXT('2D SPACE',''
  ) );
#3711 = ORIENTED_EDGE('',*,*,#2763,.T.);
#3712 = ORIENTED_EDGE('',*,*,#3620,.T.);
#3713 = ADVANCED_FACE('',(#3714,#3816),#566,.T.);
#3714 = FACE_BOUND('',#3715,.T.);
#3715 = EDGE_LOOP('',(#3716,#3717,#3718,#3741,#3764,#3793,#3814,#3815));
#3716 = ORIENTED_EDGE('',*,*,#550,.F.);
#3717 = ORIENTED_EDGE('',*,*,#3643,.T.);
#3718 = ORIENTED_EDGE('',*,*,#3719,.T.);
#3719 = EDGE_CURVE('',#3644,#3720,#3722,.T.);
#3720 = VERTEX_POINT('',#3721);
#3721 = CARTESIAN_POINT('',(90.,2.8,17.5));
#3722 = SURFACE_CURVE('',#3723,(#3727,#3734),.PCURVE_S1.);
#3723 = LINE('',#3724,#3725);
#3724 = CARTESIAN_POINT('',(90.,2.8,0.));
#3725 = VECTOR('',#3726,1.);
#3726 = DIRECTION('',(0.,0.,1.));
#3727 = PCURVE('',#566,#3728);
#3728 = DEFINITIONAL_REPRESENTATION('',(#3729),#3733);
#3729 = LINE('',#3730,#3731);
#3730 = CARTESIAN_POINT('',(0.,0.));
#3731 = VECTOR('',#3732,1.);
#3732 = DIRECTION('',(1.,0.));
#3733 = ( GEOMETRIC_REPRESENTATION_CONTEXT(2) 
PARAMETRIC_REPRESENTATION_CONTEXT() REPRESENTATION_CONTEXT('2D SPACE',''
  ) );
#3734 = PCURVE('',#3487,#3735);
#3735 = DEFINITIONAL_REPRESENTATION('',(#3736),#3740);
#3736 = LINE('',#3737,#3738);
#3737 = CARTESIAN_POINT('',(0.,-2.5));
#3738 = VECTOR('',#3739,1.);
#3739 = DIRECTION('',(1.,0.));
#3740 = ( GEOMETRIC_REPRESENTATION_CONTEXT(2) 
PARAMETRIC_REPRESENTATION_CONTEXT() REPRESENTATION_CONTEXT('2D SPACE',''
  ) );
#3741 = ORIENTED_EDGE('',*,*,#3742,.T.);
#3742 = EDGE_CURVE('',#3720,#3743,#3745,.T.);
#3743 = VERTEX_POINT('',#3744);
#3744 = CARTESIAN_POINT('',(93.9,2.8,17.5));
#3745 = SURFACE_CURVE('',#3746,(#3750,#3757),.PCURVE_S1.);
#3746 = LINE('',#3747,#3748);
#3747 = CARTESIAN_POINT('',(90.,2.8,17.5));
#3748 = VECTOR('',#3749,1.);
#3749 = DIRECTION('',(1.,0.,-0.));
#3750 = PCURVE('',#566,#3751);
#3751 = DEFINITIONAL_REPRESENTATION('',(#3752),#3756);
#3752 = LINE('',#3753,#3754);
#3753 = CARTESIAN_POINT('',(17.5,0.));
#3754 = VECTOR('',#3755,1.);
#3755 = DIRECTION('',(0.,1.));
#3756 = ( GEOMETRIC_REPRESENTATION_CONTEXT(2) 
PARAMETRIC_REPRESENTATION_CONTEXT() REPRESENTATION_CONTEXT('2D SPACE',''
  ) );
#3757 = PCURVE('',#3515,#3758);
#3758 = DEFINITIONAL_REPRESENTATION('',(#3759),#3763);
#3759 = LINE('',#3760,#3761);
#3760 = CARTESIAN_POINT('',(0.,2.5));
#3761 = VECTOR('',#3762,1.);
#3762 = DIRECTION('',(1.,0.));
#3763 = ( GEOMETRIC_REPRESENTATION_CONTEXT(2) 
PARAMETRIC_REPRESENTATION_CONTEXT() REPRESENTATION_CONTEXT('2D SPACE',''
  ) );
#3764 = ORIENTED_EDGE('',*,*,#3765,.T.);
#3765 = EDGE_CURVE('',#3743,#3766,#3768,.T.);
#3766 = VERTEX_POINT('',#3767);
#3767 = CARTESIAN_POINT('',(98.,2.8,13.4));
#3768 = SURFACE_CURVE('',#3769,(#3774,#3781),.PCURVE_S1.);
#3769 = CIRCLE('',#3770,4.1);
#3770 = AXIS2_PLACEMENT_3D('',#3771,#3772,#3773);
#3771 = CARTESIAN_POINT('',(98.,2.8,17.5));
#3772 = DIRECTION('',(0.,1.,0.));
#3773 = DIRECTION('',(-1.,0.,-3.119455913093E-14));
#3774 = PCURVE('',#566,#3775);
#3775 = DEFINITIONAL_REPRESENTATION('',(#3776),#3780);
#3776 = CIRCLE('',#3777,4.1);
#3777 = AXIS2_PLACEMENT_2D('',#3778,#3779);
#3778 = CARTESIAN_POINT('',(17.5,8.));
#3779 = DIRECTION('',(-3.119455913093E-14,-1.));
#3780 = ( GEOMETRIC_REPRESENTATION_CONTEXT(2) 
PARAMETRIC_REPRESENTATION_CONTEXT() REPRESENTATION_CONTEXT('2D SPACE',''
  ) );
#3781 = PCURVE('',#3782,#3787);
#3782 = TOROIDAL_SURFACE('',#3783,4.1,0.4);
#3783 = AXIS2_PLACEMENT_3D('',#3784,#3785,#3786);
#3784 = CARTESIAN_POINT('',(98.,2.4,17.5));
#3785 = DIRECTION('',(0.,1.,0.));
#3786 = DIRECTION('',(0.,-0.,1.));
#3787 = DEFINITIONAL_REPRESENTATION('',(#3788),#3792);
#3788 = LINE('',#3789,#3790);
#3789 = CARTESIAN_POINT('',(4.712388980385,1.570796326795));
#3790 = VECTOR('',#3791,1.);
#3791 = DIRECTION('',(1.,0.));
#3792 = ( GEOMETRIC_REPRESENTATION_CONTEXT(2) 
PARAMETRIC_REPRESENTATION_CONTEXT() REPRESENTATION_CONTEXT('2D SPACE',''
  ) );
#3793 = ORIENTED_EDGE('',*,*,#3794,.F.);
#3794 = EDGE_CURVE('',#2713,#3766,#3795,.T.);
#3795 = SURFACE_CURVE('',#3796,(#3800,#3807),.PCURVE_S1.);
#3796 = LINE('',#3797,#3798);
#3797 = CARTESIAN_POINT('',(98.,2.8,0.));
#3798 = VECTOR('',#3799,1.);
#3799 = DIRECTION('',(0.,0.,1.));
#3800 = PCURVE('',#566,#3801);
#3801 = DEFINITIONAL_REPRESENTATION('',(#3802),#3806);
#3802 = LINE('',#3803,#3804);
#3803 = CARTESIAN_POINT('',(0.,8.));
#3804 = VECTOR('',#3805,1.);
#3805 = DIRECTION('',(1.,0.));
#3806 = ( GEOMETRIC_REPRESENTATION_CONTEXT(2) 
PARAMETRIC_REPRESENTATION_CONTEXT() REPRESENTATION_CONTEXT('2D SPACE',''
  ) );
#3807 = PCURVE('',#2728,#3808);
#3808 = DEFINITIONAL_REPRESENTATION('',(#3809),#3813);
#3809 = LINE('',#3810,#3811);
#3810 = CARTESIAN_POINT('',(0.,-2.5));
#3811 = VECTOR('',#3812,1.);
#3812 = DIRECTION('',(1.,0.));
#3813 = ( GEOMETRIC_REPRESENTATION_CONTEXT(2) 
PARAMETRIC_REPRESENTATION_CONTEXT() REPRESENTATION_CONTEXT('2D SPACE',''
  ) );
#3814 = ORIENTED_EDGE('',*,*,#2740,.F.);
#3815 = ORIENTED_EDGE('',*,*,#3691,.F.);
#3816 = FACE_BOUND('',#3817,.T.);
#3817 = EDGE_LOOP('',(#3818));
#3818 = ORIENTED_EDGE('',*,*,#3819,.F.);
#3819 = EDGE_CURVE('',#3820,#3820,#3822,.T.);
#3820 = VERTEX_POINT('',#3821);
#3821 = CARTESIAN_POINT('',(98.,2.8,18.475));
#3822 = SURFACE_CURVE('',#3823,(#3828,#3835),.PCURVE_S1.);
#3823 = CIRCLE('',#3824,0.975);
#3824 = AXIS2_PLACEMENT_3D('',#3825,#3826,#3827);
#3825 = CARTESIAN_POINT('',(98.,2.8,17.5));
#3826 = DIRECTION('',(0.,1.,0.));
#3827 = DIRECTION('',(0.,-0.,1.));
#3828 = PCURVE('',#566,#3829);
#3829 = DEFINITIONAL_REPRESENTATION('',(#3830),#3834);
#3830 = CIRCLE('',#3831,0.975);
#3831 = AXIS2_PLACEMENT_2D('',#3832,#3833);
#3832 = CARTESIAN_POINT('',(17.5,8.));
#3833 = DIRECTION('',(1.,0.));
#3834 = ( GEOMETRIC_REPRESENTATION_CONTEXT(2) 
PARAMETRIC_REPRESENTATION_CONTEXT() REPRESENTATION_CONTEXT('2D SPACE',''
  ) );
#3835 = PCURVE('',#3836,#3841);
#3836 = CYLINDRICAL_SURFACE('',#3837,0.975);
#3837 = AXIS2_PLACEMENT_3D('',#3838,#3839,#3840);
#3838 = CARTESIAN_POINT('',(98.,0.28,17.5));
#3839 = DIRECTION('',(0.,1.,0.));
#3840 = DIRECTION('',(0.,-0.,1.));
#3841 = DEFINITIONAL_REPRESENTATION('',(#3842),#3846);
#3842 = LINE('',#3843,#3844);
#3843 = CARTESIAN_POINT('',(0.,2.52));
#3844 = VECTOR('',#3845,1.);
#3845 = DIRECTION('',(1.,0.));
#3846 = ( GEOMETRIC_REPRESENTATION_CONTEXT(2) 
PARAMETRIC_REPRESENTATION_CONTEXT() REPRESENTATION_CONTEXT('2D SPACE',''
  ) );
#3847 = ADVANCED_FACE('',(#3848),#753,.T.);
#3848 = FACE_BOUND('',#3849,.T.);
#3849 = EDGE_LOOP('',(#3850,#3851,#3874,#3902));
#3850 = ORIENTED_EDGE('',*,*,#736,.T.);
#3851 = ORIENTED_EDGE('',*,*,#3852,.T.);
#3852 = EDGE_CURVE('',#739,#3853,#3855,.T.);
#3853 = VERTEX_POINT('',#3854);
#3854 = CARTESIAN_POINT('',(79.411376953125,3.698974609375,2.69));
#3855 = SURFACE_CURVE('',#3856,(#3860,#3867),.PCURVE_S1.);
#3856 = LINE('',#3857,#3858);
#3857 = CARTESIAN_POINT('',(79.411376953125,3.698974609375,2.19));
#3858 = VECTOR('',#3859,1.);
#3859 = DIRECTION('',(0.,0.,1.));
#3860 = PCURVE('',#753,#3861);
#3861 = DEFINITIONAL_REPRESENTATION('',(#3862),#3866);
#3862 = LINE('',#3863,#3864);
#3863 = CARTESIAN_POINT('',(0.,0.));
#3864 = VECTOR('',#3865,1.);
#3865 = DIRECTION('',(0.,-1.));
#3866 = ( GEOMETRIC_REPRESENTATION_CONTEXT(2) 
PARAMETRIC_REPRESENTATION_CONTEXT() REPRESENTATION_CONTEXT('2D SPACE',''
  ) );
#3867 = PCURVE('',#2219,#3868);
#3868 = DEFINITIONAL_REPRESENTATION('',(#3869),#3873);
#3869 = LINE('',#3870,#3871);
#3870 = CARTESIAN_POINT('',(1.,0.));
#3871 = VECTOR('',#3872,1.);
#3872 = DIRECTION('',(0.,-1.));
#3873 = ( GEOMETRIC_REPRESENTATION_CONTEXT(2) 
PARAMETRIC_REPRESENTATION_CONTEXT() REPRESENTATION_CONTEXT('2D SPACE',''
  ) );
#3874 = ORIENTED_EDGE('',*,*,#3875,.T.);
#3875 = EDGE_CURVE('',#3853,#3876,#3878,.T.);
#3876 = VERTEX_POINT('',#3877);
#3877 = CARTESIAN_POINT('',(79.679443359375,3.722412109375,2.69));
#3878 = SURFACE_CURVE('',#3879,(#3883,#3890),.PCURVE_S1.);
#3879 = LINE('',#3880,#3881);
#3880 = CARTESIAN_POINT('',(79.411376953125,3.698974609375,2.69));
#3881 = VECTOR('',#3882,1.);
#3882 = DIRECTION('',(0.99619962403,8.70994206802E-02,0.));
#3883 = PCURVE('',#753,#3884);
#3884 = DEFINITIONAL_REPRESENTATION('',(#3885),#3889);
#3885 = LINE('',#3886,#3887);
#3886 = CARTESIAN_POINT('',(0.,-0.5));
#3887 = VECTOR('',#3888,1.);
#3888 = DIRECTION('',(1.,0.));
#3889 = ( GEOMETRIC_REPRESENTATION_CONTEXT(2) 
PARAMETRIC_REPRESENTATION_CONTEXT() REPRESENTATION_CONTEXT('2D SPACE',''
  ) );
#3890 = PCURVE('',#3891,#3896);
#3891 = PLANE('',#3892);
#3892 = AXIS2_PLACEMENT_3D('',#3893,#3894,#3895);
#3893 = CARTESIAN_POINT('',(79.276611328125,3.009033203125,2.69));
#3894 = DIRECTION('',(0.,0.,1.));
#3895 = DIRECTION('',(1.,0.,0.));
#3896 = DEFINITIONAL_REPRESENTATION('',(#3897),#3901);
#3897 = LINE('',#3898,#3899);
#3898 = CARTESIAN_POINT('',(0.134765625,0.68994140625));
#3899 = VECTOR('',#3900,1.);
#3900 = DIRECTION('',(0.99619962403,8.70994206802E-02));
#3901 = ( GEOMETRIC_REPRESENTATION_CONTEXT(2) 
PARAMETRIC_REPRESENTATION_CONTEXT() REPRESENTATION_CONTEXT('2D SPACE',''
  ) );
#3902 = ORIENTED_EDGE('',*,*,#3903,.F.);
#3903 = EDGE_CURVE('',#737,#3876,#3904,.T.);
#3904 = SURFACE_CURVE('',#3905,(#3909,#3916),.PCURVE_S1.);
#3905 = LINE('',#3906,#3907);
#3906 = CARTESIAN_POINT('',(79.679443359375,3.722412109375,2.19));
#3907 = VECTOR('',#3908,1.);
#3908 = DIRECTION('',(0.,0.,1.));
#3909 = PCURVE('',#753,#3910);
#3910 = DEFINITIONAL_REPRESENTATION('',(#3911),#3915);
#3911 = LINE('',#3912,#3913);
#3912 = CARTESIAN_POINT('',(0.269089045793,0.));
#3913 = VECTOR('',#3914,1.);
#3914 = DIRECTION('',(0.,-1.));
#3915 = ( GEOMETRIC_REPRESENTATION_CONTEXT(2) 
PARAMETRIC_REPRESENTATION_CONTEXT() REPRESENTATION_CONTEXT('2D SPACE',''
  ) );
#3916 = PCURVE('',#786,#3917);
#3917 = DEFINITIONAL_REPRESENTATION('',(#3918),#3922);
#3918 = LINE('',#3919,#3920);
#3919 = CARTESIAN_POINT('',(0.,0.));
#3920 = VECTOR('',#3921,1.);
#3921 = DIRECTION('',(0.,-1.));
#3922 = ( GEOMETRIC_REPRESENTATION_CONTEXT(2) 
PARAMETRIC_REPRESENTATION_CONTEXT() REPRESENTATION_CONTEXT('2D SPACE',''
  ) );
#3923 = ADVANCED_FACE('',(#3924),#2219,.T.);
#3924 = FACE_BOUND('',#3925,.T.);
#3925 = EDGE_LOOP('',(#3926,#3927,#3950,#3971));
#3926 = ORIENTED_EDGE('',*,*,#2191,.T.);
#3927 = ORIENTED_EDGE('',*,*,#3928,.T.);
#3928 = EDGE_CURVE('',#2141,#3929,#3931,.T.);
#3929 = VERTEX_POINT('',#3930);
#3930 = CARTESIAN_POINT('',(79.529296875,3.31298828125,2.69));
#3931 = SURFACE_CURVE('',#3932,(#3936,#3943),.PCURVE_S1.);
#3932 = LINE('',#3933,#3934);
#3933 = CARTESIAN_POINT('',(79.529296875,3.31298828125,2.19));
#3934 = VECTOR('',#3935,1.);
#3935 = DIRECTION('',(0.,0.,1.));
#3936 = PCURVE('',#2219,#3937);
#3937 = DEFINITIONAL_REPRESENTATION('',(#3938),#3942);
#3938 = LINE('',#3939,#3940);
#3939 = CARTESIAN_POINT('',(0.,0.));
#3940 = VECTOR('',#3941,1.);
#3941 = DIRECTION('',(0.,-1.));
#3942 = ( GEOMETRIC_REPRESENTATION_CONTEXT(2) 
PARAMETRIC_REPRESENTATION_CONTEXT() REPRESENTATION_CONTEXT('2D SPACE',''
  ) );
#3943 = PCURVE('',#2170,#3944);
#3944 = DEFINITIONAL_REPRESENTATION('',(#3945),#3949);
#3945 = LINE('',#3946,#3947);
#3946 = CARTESIAN_POINT('',(1.,0.));
#3947 = VECTOR('',#3948,1.);
#3948 = DIRECTION('',(0.,-1.));
#3949 = ( GEOMETRIC_REPRESENTATION_CONTEXT(2) 
PARAMETRIC_REPRESENTATION_CONTEXT() REPRESENTATION_CONTEXT('2D SPACE',''
  ) );
#3950 = ORIENTED_EDGE('',*,*,#3951,.T.);
#3951 = EDGE_CURVE('',#3929,#3853,#3952,.T.);
#3952 = SURFACE_CURVE('',#3953,(#3957,#3964),.PCURVE_S1.);
#3953 = B_SPLINE_CURVE_WITH_KNOTS('',2,(#3954,#3955,#3956),
  .UNSPECIFIED.,.F.,.F.,(3,3),(0.,1.),.PIECEWISE_BEZIER_KNOTS.);
#3954 = CARTESIAN_POINT('',(79.529296875,3.31298828125,2.69));
#3955 = CARTESIAN_POINT('',(79.417236328125,3.483642578125,2.69));
#3956 = CARTESIAN_POINT('',(79.411376953125,3.698974609375,2.69));
#3957 = PCURVE('',#2219,#3958);
#3958 = DEFINITIONAL_REPRESENTATION('',(#3959),#3963);
#3959 = LINE('',#3960,#3961);
#3960 = CARTESIAN_POINT('',(0.,-0.5));
#3961 = VECTOR('',#3962,1.);
#3962 = DIRECTION('',(1.,0.));
#3963 = ( GEOMETRIC_REPRESENTATION_CONTEXT(2) 
PARAMETRIC_REPRESENTATION_CONTEXT() REPRESENTATION_CONTEXT('2D SPACE',''
  ) );
#3964 = PCURVE('',#3891,#3965);
#3965 = DEFINITIONAL_REPRESENTATION('',(#3966),#3970);
#3966 = B_SPLINE_CURVE_WITH_KNOTS('',2,(#3967,#3968,#3969),
  .UNSPECIFIED.,.F.,.F.,(3,3),(0.,1.),.PIECEWISE_BEZIER_KNOTS.);
#3967 = CARTESIAN_POINT('',(0.252685546875,0.303955078125));
#3968 = CARTESIAN_POINT('',(0.140625,0.474609375));
#3969 = CARTESIAN_POINT('',(0.134765625,0.68994140625));
#3970 = ( GEOMETRIC_REPRESENTATION_CONTEXT(2) 
PARAMETRIC_REPRESENTATION_CONTEXT() REPRESENTATION_CONTEXT('2D SPACE',''
  ) );
#3971 = ORIENTED_EDGE('',*,*,#3852,.F.);
#3972 = ADVANCED_FACE('',(#3973),#2170,.T.);
#3973 = FACE_BOUND('',#3974,.T.);
#3974 = EDGE_LOOP('',(#3975,#3976,#3999,#4020));
#3975 = ORIENTED_EDGE('',*,*,#2140,.T.);
#3976 = ORIENTED_EDGE('',*,*,#3977,.T.);
#3977 = EDGE_CURVE('',#2102,#3978,#3980,.T.);
#3978 = VERTEX_POINT('',#3979);
#3979 = CARTESIAN_POINT('',(79.83837890625,3.057373046875,2.69));
#3980 = SURFACE_CURVE('',#3981,(#3985,#3992),.PCURVE_S1.);
#3981 = LINE('',#3982,#3983);
#3982 = CARTESIAN_POINT('',(79.83837890625,3.057373046875,2.19));
#3983 = VECTOR('',#3984,1.);
#3984 = DIRECTION('',(0.,0.,1.));
#3985 = PCURVE('',#2170,#3986);
#3986 = DEFINITIONAL_REPRESENTATION('',(#3987),#3991);
#3987 = LINE('',#3988,#3989);
#3988 = CARTESIAN_POINT('',(0.,0.));
#3989 = VECTOR('',#3990,1.);
#3990 = DIRECTION('',(0.,-1.));
#3991 = ( GEOMETRIC_REPRESENTATION_CONTEXT(2) 
PARAMETRIC_REPRESENTATION_CONTEXT() REPRESENTATION_CONTEXT('2D SPACE',''
  ) );
#3992 = PCURVE('',#2123,#3993);
#3993 = DEFINITIONAL_REPRESENTATION('',(#3994),#3998);
#3994 = LINE('',#3995,#3996);
#3995 = CARTESIAN_POINT('',(1.,0.));
#3996 = VECTOR('',#3997,1.);
#3997 = DIRECTION('',(0.,-1.));
#3998 = ( GEOMETRIC_REPRESENTATION_CONTEXT(2) 
PARAMETRIC_REPRESENTATION_CONTEXT() REPRESENTATION_CONTEXT('2D SPACE',''
  ) );
#3999 = ORIENTED_EDGE('',*,*,#4000,.T.);
#4000 = EDGE_CURVE('',#3978,#3929,#4001,.T.);
#4001 = SURFACE_CURVE('',#4002,(#4006,#4013),.PCURVE_S1.);
#4002 = B_SPLINE_CURVE_WITH_KNOTS('',2,(#4003,#4004,#4005),
  .UNSPECIFIED.,.F.,.F.,(3,3),(0.,1.),.PIECEWISE_BEZIER_KNOTS.);
#4003 = CARTESIAN_POINT('',(79.83837890625,3.057373046875,2.69));
#4004 = CARTESIAN_POINT('',(79.641357421875,3.142333984375,2.69));
#4005 = CARTESIAN_POINT('',(79.529296875,3.31298828125,2.69));
#4006 = PCURVE('',#2170,#4007);
#4007 = DEFINITIONAL_REPRESENTATION('',(#4008),#4012);
#4008 = LINE('',#4009,#4010);
#4009 = CARTESIAN_POINT('',(0.,-0.5));
#4010 = VECTOR('',#4011,1.);
#4011 = DIRECTION('',(1.,0.));
#4012 = ( GEOMETRIC_REPRESENTATION_CONTEXT(2) 
PARAMETRIC_REPRESENTATION_CONTEXT() REPRESENTATION_CONTEXT('2D SPACE',''
  ) );
#4013 = PCURVE('',#3891,#4014);
#4014 = DEFINITIONAL_REPRESENTATION('',(#4015),#4019);
#4015 = B_SPLINE_CURVE_WITH_KNOTS('',2,(#4016,#4017,#4018),
  .UNSPECIFIED.,.F.,.F.,(3,3),(0.,1.),.PIECEWISE_BEZIER_KNOTS.);
#4016 = CARTESIAN_POINT('',(0.561767578125,4.833984375E-02));
#4017 = CARTESIAN_POINT('',(0.36474609375,0.13330078125));
#4018 = CARTESIAN_POINT('',(0.252685546875,0.303955078125));
#4019 = ( GEOMETRIC_REPRESENTATION_CONTEXT(2) 
PARAMETRIC_REPRESENTATION_CONTEXT() REPRESENTATION_CONTEXT('2D SPACE',''
  ) );
#4020 = ORIENTED_EDGE('',*,*,#3928,.F.);
#4021 = ADVANCED_FACE('',(#4022),#2123,.T.);
#4022 = FACE_BOUND('',#4023,.T.);
#4023 = EDGE_LOOP('',(#4024,#4025,#4048,#4069));
#4024 = ORIENTED_EDGE('',*,*,#2101,.T.);
#4025 = ORIENTED_EDGE('',*,*,#4026,.T.);
#4026 = EDGE_CURVE('',#2063,#4027,#4029,.T.);
#4027 = VERTEX_POINT('',#4028);
#4028 = CARTESIAN_POINT('',(80.326904296875,2.972412109375,2.69));
#4029 = SURFACE_CURVE('',#4030,(#4034,#4041),.PCURVE_S1.);
#4030 = LINE('',#4031,#4032);
#4031 = CARTESIAN_POINT('',(80.326904296875,2.972412109375,2.19));
#4032 = VECTOR('',#4033,1.);
#4033 = DIRECTION('',(0.,0.,1.));
#4034 = PCURVE('',#2123,#4035);
#4035 = DEFINITIONAL_REPRESENTATION('',(#4036),#4040);
#4036 = LINE('',#4037,#4038);
#4037 = CARTESIAN_POINT('',(0.,0.));
#4038 = VECTOR('',#4039,1.);
#4039 = DIRECTION('',(0.,-1.));
#4040 = ( GEOMETRIC_REPRESENTATION_CONTEXT(2) 
PARAMETRIC_REPRESENTATION_CONTEXT() REPRESENTATION_CONTEXT('2D SPACE',''
  ) );
#4041 = PCURVE('',#2084,#4042);
#4042 = DEFINITIONAL_REPRESENTATION('',(#4043),#4047);
#4043 = LINE('',#4044,#4045);
#4044 = CARTESIAN_POINT('',(1.,0.));
#4045 = VECTOR('',#4046,1.);
#4046 = DIRECTION('',(0.,-1.));
#4047 = ( GEOMETRIC_REPRESENTATION_CONTEXT(2) 
PARAMETRIC_REPRESENTATION_CONTEXT() REPRESENTATION_CONTEXT('2D SPACE',''
  ) );
#4048 = ORIENTED_EDGE('',*,*,#4049,.T.);
#4049 = EDGE_CURVE('',#4027,#3978,#4050,.T.);
#4050 = SURFACE_CURVE('',#4051,(#4055,#4062),.PCURVE_S1.);
#4051 = B_SPLINE_CURVE_WITH_KNOTS('',2,(#4052,#4053,#4054),
  .UNSPECIFIED.,.F.,.F.,(3,3),(0.,1.),.PIECEWISE_BEZIER_KNOTS.);
#4052 = CARTESIAN_POINT('',(80.326904296875,2.972412109375,2.69));
#4053 = CARTESIAN_POINT('',(80.035400390625,2.972412109375,2.69));
#4054 = CARTESIAN_POINT('',(79.83837890625,3.057373046875,2.69));
#4055 = PCURVE('',#2123,#4056);
#4056 = DEFINITIONAL_REPRESENTATION('',(#4057),#4061);
#4057 = LINE('',#4058,#4059);
#4058 = CARTESIAN_POINT('',(0.,-0.5));
#4059 = VECTOR('',#4060,1.);
#4060 = DIRECTION('',(1.,0.));
#4061 = ( GEOMETRIC_REPRESENTATION_CONTEXT(2) 
PARAMETRIC_REPRESENTATION_CONTEXT() REPRESENTATION_CONTEXT('2D SPACE',''
  ) );
#4062 = PCURVE('',#3891,#4063);
#4063 = DEFINITIONAL_REPRESENTATION('',(#4064),#4068);
#4064 = B_SPLINE_CURVE_WITH_KNOTS('',2,(#4065,#4066,#4067),
  .UNSPECIFIED.,.F.,.F.,(3,3),(0.,1.),.PIECEWISE_BEZIER_KNOTS.);
#4065 = CARTESIAN_POINT('',(1.05029296875,-3.662109375E-02));
#4066 = CARTESIAN_POINT('',(0.7587890625,-3.662109375E-02));
#4067 = CARTESIAN_POINT('',(0.561767578125,4.833984375E-02));
#4068 = ( GEOMETRIC_REPRESENTATION_CONTEXT(2) 
PARAMETRIC_REPRESENTATION_CONTEXT() REPRESENTATION_CONTEXT('2D SPACE',''
  ) );
#4069 = ORIENTED_EDGE('',*,*,#3977,.F.);
#4070 = ADVANCED_FACE('',(#4071),#2084,.T.);
#4071 = FACE_BOUND('',#4072,.T.);
#4072 = EDGE_LOOP('',(#4073,#4074,#4097,#4118));
#4073 = ORIENTED_EDGE('',*,*,#2062,.T.);
#4074 = ORIENTED_EDGE('',*,*,#4075,.T.);
#4075 = EDGE_CURVE('',#2012,#4076,#4078,.T.);
#4076 = VERTEX_POINT('',#4077);
#4077 = CARTESIAN_POINT('',(80.74072265625,3.056640625,2.69));
#4078 = SURFACE_CURVE('',#4079,(#4083,#4090),.PCURVE_S1.);
#4079 = LINE('',#4080,#4081);
#4080 = CARTESIAN_POINT('',(80.74072265625,3.056640625,2.19));
#4081 = VECTOR('',#4082,1.);
#4082 = DIRECTION('',(0.,0.,1.));
#4083 = PCURVE('',#2084,#4084);
#4084 = DEFINITIONAL_REPRESENTATION('',(#4085),#4089);
#4085 = LINE('',#4086,#4087);
#4086 = CARTESIAN_POINT('',(0.,0.));
#4087 = VECTOR('',#4088,1.);
#4088 = DIRECTION('',(0.,-1.));
#4089 = ( GEOMETRIC_REPRESENTATION_CONTEXT(2) 
PARAMETRIC_REPRESENTATION_CONTEXT() REPRESENTATION_CONTEXT('2D SPACE',''
  ) );
#4090 = PCURVE('',#2041,#4091);
#4091 = DEFINITIONAL_REPRESENTATION('',(#4092),#4096);
#4092 = LINE('',#4093,#4094);
#4093 = CARTESIAN_POINT('',(1.,0.));
#4094 = VECTOR('',#4095,1.);
#4095 = DIRECTION('',(0.,-1.));
#4096 = ( GEOMETRIC_REPRESENTATION_CONTEXT(2) 
PARAMETRIC_REPRESENTATION_CONTEXT() REPRESENTATION_CONTEXT('2D SPACE',''
  ) );
#4097 = ORIENTED_EDGE('',*,*,#4098,.T.);
#4098 = EDGE_CURVE('',#4076,#4027,#4099,.T.);
#4099 = SURFACE_CURVE('',#4100,(#4104,#4111),.PCURVE_S1.);
#4100 = B_SPLINE_CURVE_WITH_KNOTS('',2,(#4101,#4102,#4103),
  .UNSPECIFIED.,.F.,.F.,(3,3),(0.,1.),.PIECEWISE_BEZIER_KNOTS.);
#4101 = CARTESIAN_POINT('',(80.74072265625,3.056640625,2.69));
#4102 = CARTESIAN_POINT('',(80.556884765625,2.972412109375,2.69));
#4103 = CARTESIAN_POINT('',(80.326904296875,2.972412109375,2.69));
#4104 = PCURVE('',#2084,#4105);
#4105 = DEFINITIONAL_REPRESENTATION('',(#4106),#4110);
#4106 = LINE('',#4107,#4108);
#4107 = CARTESIAN_POINT('',(0.,-0.5));
#4108 = VECTOR('',#4109,1.);
#4109 = DIRECTION('',(1.,0.));
#4110 = ( GEOMETRIC_REPRESENTATION_CONTEXT(2) 
PARAMETRIC_REPRESENTATION_CONTEXT() REPRESENTATION_CONTEXT('2D SPACE',''
  ) );
#4111 = PCURVE('',#3891,#4112);
#4112 = DEFINITIONAL_REPRESENTATION('',(#4113),#4117);
#4113 = B_SPLINE_CURVE_WITH_KNOTS('',2,(#4114,#4115,#4116),
  .UNSPECIFIED.,.F.,.F.,(3,3),(0.,1.),.PIECEWISE_BEZIER_KNOTS.);
#4114 = CARTESIAN_POINT('',(1.464111328125,4.7607421875E-02));
#4115 = CARTESIAN_POINT('',(1.2802734375,-3.662109375E-02));
#4116 = CARTESIAN_POINT('',(1.05029296875,-3.662109375E-02));
#4117 = ( GEOMETRIC_REPRESENTATION_CONTEXT(2) 
PARAMETRIC_REPRESENTATION_CONTEXT() REPRESENTATION_CONTEXT('2D SPACE',''
  ) );
#4118 = ORIENTED_EDGE('',*,*,#4026,.F.);
#4119 = ADVANCED_FACE('',(#4120),#2041,.T.);
#4120 = FACE_BOUND('',#4121,.T.);
#4121 = EDGE_LOOP('',(#4122,#4123,#4146,#4167));
#4122 = ORIENTED_EDGE('',*,*,#2011,.T.);
#4123 = ORIENTED_EDGE('',*,*,#4124,.T.);
#4124 = EDGE_CURVE('',#1967,#4125,#4127,.T.);
#4125 = VERTEX_POINT('',#4126);
#4126 = CARTESIAN_POINT('',(81.022705078125,3.29248046875,2.69));
#4127 = SURFACE_CURVE('',#4128,(#4132,#4139),.PCURVE_S1.);
#4128 = LINE('',#4129,#4130);
#4129 = CARTESIAN_POINT('',(81.022705078125,3.29248046875,2.19));
#4130 = VECTOR('',#4131,1.);
#4131 = DIRECTION('',(0.,0.,1.));
#4132 = PCURVE('',#2041,#4133);
#4133 = DEFINITIONAL_REPRESENTATION('',(#4134),#4138);
#4134 = LINE('',#4135,#4136);
#4135 = CARTESIAN_POINT('',(0.,0.));
#4136 = VECTOR('',#4137,1.);
#4137 = DIRECTION('',(0.,-1.));
#4138 = ( GEOMETRIC_REPRESENTATION_CONTEXT(2) 
PARAMETRIC_REPRESENTATION_CONTEXT() REPRESENTATION_CONTEXT('2D SPACE',''
  ) );
#4139 = PCURVE('',#1992,#4140);
#4140 = DEFINITIONAL_REPRESENTATION('',(#4141),#4145);
#4141 = LINE('',#4142,#4143);
#4142 = CARTESIAN_POINT('',(1.,0.));
#4143 = VECTOR('',#4144,1.);
#4144 = DIRECTION('',(0.,-1.));
#4145 = ( GEOMETRIC_REPRESENTATION_CONTEXT(2) 
PARAMETRIC_REPRESENTATION_CONTEXT() REPRESENTATION_CONTEXT('2D SPACE',''
  ) );
#4146 = ORIENTED_EDGE('',*,*,#4147,.T.);
#4147 = EDGE_CURVE('',#4125,#4076,#4148,.T.);
#4148 = SURFACE_CURVE('',#4149,(#4153,#4160),.PCURVE_S1.);
#4149 = B_SPLINE_CURVE_WITH_KNOTS('',2,(#4150,#4151,#4152),
  .UNSPECIFIED.,.F.,.F.,(3,3),(0.,1.),.PIECEWISE_BEZIER_KNOTS.);
#4150 = CARTESIAN_POINT('',(81.022705078125,3.29248046875,2.69));
#4151 = CARTESIAN_POINT('',(80.924560546875,3.140869140625,2.69));
#4152 = CARTESIAN_POINT('',(80.74072265625,3.056640625,2.69));
#4153 = PCURVE('',#2041,#4154);
#4154 = DEFINITIONAL_REPRESENTATION('',(#4155),#4159);
#4155 = LINE('',#4156,#4157);
#4156 = CARTESIAN_POINT('',(0.,-0.5));
#4157 = VECTOR('',#4158,1.);
#4158 = DIRECTION('',(1.,0.));
#4159 = ( GEOMETRIC_REPRESENTATION_CONTEXT(2) 
PARAMETRIC_REPRESENTATION_CONTEXT() REPRESENTATION_CONTEXT('2D SPACE',''
  ) );
#4160 = PCURVE('',#3891,#4161);
#4161 = DEFINITIONAL_REPRESENTATION('',(#4162),#4166);
#4162 = B_SPLINE_CURVE_WITH_KNOTS('',2,(#4163,#4164,#4165),
  .UNSPECIFIED.,.F.,.F.,(3,3),(0.,1.),.PIECEWISE_BEZIER_KNOTS.);
#4163 = CARTESIAN_POINT('',(1.74609375,0.283447265625));
#4164 = CARTESIAN_POINT('',(1.64794921875,0.1318359375));
#4165 = CARTESIAN_POINT('',(1.464111328125,4.7607421875E-02));
#4166 = ( GEOMETRIC_REPRESENTATION_CONTEXT(2) 
PARAMETRIC_REPRESENTATION_CONTEXT() REPRESENTATION_CONTEXT('2D SPACE',''
  ) );
#4167 = ORIENTED_EDGE('',*,*,#4075,.F.);
#4168 = ADVANCED_FACE('',(#4169),#1992,.T.);
#4169 = FACE_BOUND('',#4170,.T.);
#4170 = EDGE_LOOP('',(#4171,#4172,#4195,#4216));
#4171 = ORIENTED_EDGE('',*,*,#1966,.T.);
#4172 = ORIENTED_EDGE('',*,*,#4173,.T.);
#4173 = EDGE_CURVE('',#1916,#4174,#4176,.T.);
#4174 = VERTEX_POINT('',#4175);
#4175 = CARTESIAN_POINT('',(81.120849609375,3.615478515625,2.69));
#4176 = SURFACE_CURVE('',#4177,(#4181,#4188),.PCURVE_S1.);
#4177 = LINE('',#4178,#4179);
#4178 = CARTESIAN_POINT('',(81.120849609375,3.615478515625,2.19));
#4179 = VECTOR('',#4180,1.);
#4180 = DIRECTION('',(0.,0.,1.));
#4181 = PCURVE('',#1992,#4182);
#4182 = DEFINITIONAL_REPRESENTATION('',(#4183),#4187);
#4183 = LINE('',#4184,#4185);
#4184 = CARTESIAN_POINT('',(0.,0.));
#4185 = VECTOR('',#4186,1.);
#4186 = DIRECTION('',(0.,-1.));
#4187 = ( GEOMETRIC_REPRESENTATION_CONTEXT(2) 
PARAMETRIC_REPRESENTATION_CONTEXT() REPRESENTATION_CONTEXT('2D SPACE',''
  ) );
#4188 = PCURVE('',#1945,#4189);
#4189 = DEFINITIONAL_REPRESENTATION('',(#4190),#4194);
#4190 = LINE('',#4191,#4192);
#4191 = CARTESIAN_POINT('',(1.,0.));
#4192 = VECTOR('',#4193,1.);
#4193 = DIRECTION('',(0.,-1.));
#4194 = ( GEOMETRIC_REPRESENTATION_CONTEXT(2) 
PARAMETRIC_REPRESENTATION_CONTEXT() REPRESENTATION_CONTEXT('2D SPACE',''
  ) );
#4195 = ORIENTED_EDGE('',*,*,#4196,.T.);
#4196 = EDGE_CURVE('',#4174,#4125,#4197,.T.);
#4197 = SURFACE_CURVE('',#4198,(#4202,#4209),.PCURVE_S1.);
#4198 = B_SPLINE_CURVE_WITH_KNOTS('',2,(#4199,#4200,#4201),
  .UNSPECIFIED.,.F.,.F.,(3,3),(0.,1.),.PIECEWISE_BEZIER_KNOTS.);
#4199 = CARTESIAN_POINT('',(81.120849609375,3.615478515625,2.69));
#4200 = CARTESIAN_POINT('',(81.120849609375,3.444091796875,2.69));
#4201 = CARTESIAN_POINT('',(81.022705078125,3.29248046875,2.69));
#4202 = PCURVE('',#1992,#4203);
#4203 = DEFINITIONAL_REPRESENTATION('',(#4204),#4208);
#4204 = LINE('',#4205,#4206);
#4205 = CARTESIAN_POINT('',(0.,-0.5));
#4206 = VECTOR('',#4207,1.);
#4207 = DIRECTION('',(1.,0.));
#4208 = ( GEOMETRIC_REPRESENTATION_CONTEXT(2) 
PARAMETRIC_REPRESENTATION_CONTEXT() REPRESENTATION_CONTEXT('2D SPACE',''
  ) );
#4209 = PCURVE('',#3891,#4210);
#4210 = DEFINITIONAL_REPRESENTATION('',(#4211),#4215);
#4211 = B_SPLINE_CURVE_WITH_KNOTS('',2,(#4212,#4213,#4214),
  .UNSPECIFIED.,.F.,.F.,(3,3),(0.,1.),.PIECEWISE_BEZIER_KNOTS.);
#4212 = CARTESIAN_POINT('',(1.84423828125,0.6064453125));
#4213 = CARTESIAN_POINT('',(1.84423828125,0.43505859375));
#4214 = CARTESIAN_POINT('',(1.74609375,0.283447265625));
#4215 = ( GEOMETRIC_REPRESENTATION_CONTEXT(2) 
PARAMETRIC_REPRESENTATION_CONTEXT() REPRESENTATION_CONTEXT('2D SPACE',''
  ) );
#4216 = ORIENTED_EDGE('',*,*,#4124,.F.);
#4217 = ADVANCED_FACE('',(#4218),#1945,.T.);
#4218 = FACE_BOUND('',#4219,.T.);
#4219 = EDGE_LOOP('',(#4220,#4221,#4244,#4265));
#4220 = ORIENTED_EDGE('',*,*,#1915,.T.);
#4221 = ORIENTED_EDGE('',*,*,#4222,.T.);
#4222 = EDGE_CURVE('',#1877,#4223,#4225,.T.);
#4223 = VERTEX_POINT('',#4224);
#4224 = CARTESIAN_POINT('',(81.031494140625,3.9208984375,2.69));
#4225 = SURFACE_CURVE('',#4226,(#4230,#4237),.PCURVE_S1.);
#4226 = LINE('',#4227,#4228);
#4227 = CARTESIAN_POINT('',(81.031494140625,3.9208984375,2.19));
#4228 = VECTOR('',#4229,1.);
#4229 = DIRECTION('',(0.,0.,1.));
#4230 = PCURVE('',#1945,#4231);
#4231 = DEFINITIONAL_REPRESENTATION('',(#4232),#4236);
#4232 = LINE('',#4233,#4234);
#4233 = CARTESIAN_POINT('',(0.,0.));
#4234 = VECTOR('',#4235,1.);
#4235 = DIRECTION('',(0.,-1.));
#4236 = ( GEOMETRIC_REPRESENTATION_CONTEXT(2) 
PARAMETRIC_REPRESENTATION_CONTEXT() REPRESENTATION_CONTEXT('2D SPACE',''
  ) );
#4237 = PCURVE('',#1898,#4238);
#4238 = DEFINITIONAL_REPRESENTATION('',(#4239),#4243);
#4239 = LINE('',#4240,#4241);
#4240 = CARTESIAN_POINT('',(1.,0.));
#4241 = VECTOR('',#4242,1.);
#4242 = DIRECTION('',(0.,-1.));
#4243 = ( GEOMETRIC_REPRESENTATION_CONTEXT(2) 
PARAMETRIC_REPRESENTATION_CONTEXT() REPRESENTATION_CONTEXT('2D SPACE',''
  ) );
#4244 = ORIENTED_EDGE('',*,*,#4245,.T.);
#4245 = EDGE_CURVE('',#4223,#4174,#4246,.T.);
#4246 = SURFACE_CURVE('',#4247,(#4251,#4258),.PCURVE_S1.);
#4247 = B_SPLINE_CURVE_WITH_KNOTS('',2,(#4248,#4249,#4250),
  .UNSPECIFIED.,.F.,.F.,(3,3),(0.,1.),.PIECEWISE_BEZIER_KNOTS.);
#4248 = CARTESIAN_POINT('',(81.031494140625,3.9208984375,2.69));
#4249 = CARTESIAN_POINT('',(81.120849609375,3.788330078125,2.69));
#4250 = CARTESIAN_POINT('',(81.120849609375,3.615478515625,2.69));
#4251 = PCURVE('',#1945,#4252);
#4252 = DEFINITIONAL_REPRESENTATION('',(#4253),#4257);
#4253 = LINE('',#4254,#4255);
#4254 = CARTESIAN_POINT('',(0.,-0.5));
#4255 = VECTOR('',#4256,1.);
#4256 = DIRECTION('',(1.,0.));
#4257 = ( GEOMETRIC_REPRESENTATION_CONTEXT(2) 
PARAMETRIC_REPRESENTATION_CONTEXT() REPRESENTATION_CONTEXT('2D SPACE',''
  ) );
#4258 = PCURVE('',#3891,#4259);
#4259 = DEFINITIONAL_REPRESENTATION('',(#4260),#4264);
#4260 = B_SPLINE_CURVE_WITH_KNOTS('',2,(#4261,#4262,#4263),
  .UNSPECIFIED.,.F.,.F.,(3,3),(0.,1.),.PIECEWISE_BEZIER_KNOTS.);
#4261 = CARTESIAN_POINT('',(1.7548828125,0.911865234375));
#4262 = CARTESIAN_POINT('',(1.84423828125,0.779296875));
#4263 = CARTESIAN_POINT('',(1.84423828125,0.6064453125));
#4264 = ( GEOMETRIC_REPRESENTATION_CONTEXT(2) 
PARAMETRIC_REPRESENTATION_CONTEXT() REPRESENTATION_CONTEXT('2D SPACE',''
  ) );
#4265 = ORIENTED_EDGE('',*,*,#4173,.F.);
#4266 = ADVANCED_FACE('',(#4267),#1898,.T.);
#4267 = FACE_BOUND('',#4268,.T.);
#4268 = EDGE_LOOP('',(#4269,#4270,#4293,#4314));
#4269 = ORIENTED_EDGE('',*,*,#1876,.T.);
#4270 = ORIENTED_EDGE('',*,*,#4271,.T.);
#4271 = EDGE_CURVE('',#1835,#4272,#4274,.T.);
#4272 = VERTEX_POINT('',#4273);
#4273 = CARTESIAN_POINT('',(80.754638671875,4.139892578125,2.69));
#4274 = SURFACE_CURVE('',#4275,(#4279,#4286),.PCURVE_S1.);
#4275 = LINE('',#4276,#4277);
#4276 = CARTESIAN_POINT('',(80.754638671875,4.139892578125,2.19));
#4277 = VECTOR('',#4278,1.);
#4278 = DIRECTION('',(0.,0.,1.));
#4279 = PCURVE('',#1898,#4280);
#4280 = DEFINITIONAL_REPRESENTATION('',(#4281),#4285);
#4281 = LINE('',#4282,#4283);
#4282 = CARTESIAN_POINT('',(0.,0.));
#4283 = VECTOR('',#4284,1.);
#4284 = DIRECTION('',(0.,-1.));
#4285 = ( GEOMETRIC_REPRESENTATION_CONTEXT(2) 
PARAMETRIC_REPRESENTATION_CONTEXT() REPRESENTATION_CONTEXT('2D SPACE',''
  ) );
#4286 = PCURVE('',#1858,#4287);
#4287 = DEFINITIONAL_REPRESENTATION('',(#4288),#4292);
#4288 = LINE('',#4289,#4290);
#4289 = CARTESIAN_POINT('',(1.,0.));
#4290 = VECTOR('',#4291,1.);
#4291 = DIRECTION('',(0.,-1.));
#4292 = ( GEOMETRIC_REPRESENTATION_CONTEXT(2) 
PARAMETRIC_REPRESENTATION_CONTEXT() REPRESENTATION_CONTEXT('2D SPACE',''
  ) );
#4293 = ORIENTED_EDGE('',*,*,#4294,.T.);
#4294 = EDGE_CURVE('',#4272,#4223,#4295,.T.);
#4295 = SURFACE_CURVE('',#4296,(#4300,#4307),.PCURVE_S1.);
#4296 = B_SPLINE_CURVE_WITH_KNOTS('',2,(#4297,#4298,#4299),
  .UNSPECIFIED.,.F.,.F.,(3,3),(0.,1.),.PIECEWISE_BEZIER_KNOTS.);
#4297 = CARTESIAN_POINT('',(80.754638671875,4.139892578125,2.69));
#4298 = CARTESIAN_POINT('',(80.942138671875,4.053466796875,2.69));
#4299 = CARTESIAN_POINT('',(81.031494140625,3.9208984375,2.69));
#4300 = PCURVE('',#1898,#4301);
#4301 = DEFINITIONAL_REPRESENTATION('',(#4302),#4306);
#4302 = LINE('',#4303,#4304);
#4303 = CARTESIAN_POINT('',(0.,-0.5));
#4304 = VECTOR('',#4305,1.);
#4305 = DIRECTION('',(1.,0.));
#4306 = ( GEOMETRIC_REPRESENTATION_CONTEXT(2) 
PARAMETRIC_REPRESENTATION_CONTEXT() REPRESENTATION_CONTEXT('2D SPACE',''
  ) );
#4307 = PCURVE('',#3891,#4308);
#4308 = DEFINITIONAL_REPRESENTATION('',(#4309),#4313);
#4309 = B_SPLINE_CURVE_WITH_KNOTS('',2,(#4310,#4311,#4312),
  .UNSPECIFIED.,.F.,.F.,(3,3),(0.,1.),.PIECEWISE_BEZIER_KNOTS.);
#4310 = CARTESIAN_POINT('',(1.47802734375,1.130859375));
#4311 = CARTESIAN_POINT('',(1.66552734375,1.04443359375));
#4312 = CARTESIAN_POINT('',(1.7548828125,0.911865234375));
#4313 = ( GEOMETRIC_REPRESENTATION_CONTEXT(2) 
PARAMETRIC_REPRESENTATION_CONTEXT() REPRESENTATION_CONTEXT('2D SPACE',''
  ) );
#4314 = ORIENTED_EDGE('',*,*,#4222,.F.);
#4315 = ADVANCED_FACE('',(#4316),#1858,.T.);
#4316 = FACE_BOUND('',#4317,.T.);
#4317 = EDGE_LOOP('',(#4318,#4319,#4342,#4363));
#4318 = ORIENTED_EDGE('',*,*,#1834,.T.);
#4319 = ORIENTED_EDGE('',*,*,#4320,.T.);
#4320 = EDGE_CURVE('',#1790,#4321,#4323,.T.);
#4321 = VERTEX_POINT('',#4322);
#4322 = CARTESIAN_POINT('',(80.279296875,4.27685546875,2.69));
#4323 = SURFACE_CURVE('',#4324,(#4328,#4335),.PCURVE_S1.);
#4324 = LINE('',#4325,#4326);
#4325 = CARTESIAN_POINT('',(80.279296875,4.27685546875,2.19));
#4326 = VECTOR('',#4327,1.);
#4327 = DIRECTION('',(0.,0.,1.));
#4328 = PCURVE('',#1858,#4329);
#4329 = DEFINITIONAL_REPRESENTATION('',(#4330),#4334);
#4330 = LINE('',#4331,#4332);
#4331 = CARTESIAN_POINT('',(0.,0.));
#4332 = VECTOR('',#4333,1.);
#4333 = DIRECTION('',(0.,-1.));
#4334 = ( GEOMETRIC_REPRESENTATION_CONTEXT(2) 
PARAMETRIC_REPRESENTATION_CONTEXT() REPRESENTATION_CONTEXT('2D SPACE',''
  ) );
#4335 = PCURVE('',#1815,#4336);
#4336 = DEFINITIONAL_REPRESENTATION('',(#4337),#4341);
#4337 = LINE('',#4338,#4339);
#4338 = CARTESIAN_POINT('',(1.,0.));
#4339 = VECTOR('',#4340,1.);
#4340 = DIRECTION('',(0.,-1.));
#4341 = ( GEOMETRIC_REPRESENTATION_CONTEXT(2) 
PARAMETRIC_REPRESENTATION_CONTEXT() REPRESENTATION_CONTEXT('2D SPACE',''
  ) );
#4342 = ORIENTED_EDGE('',*,*,#4343,.T.);
#4343 = EDGE_CURVE('',#4321,#4272,#4344,.T.);
#4344 = SURFACE_CURVE('',#4345,(#4349,#4356),.PCURVE_S1.);
#4345 = B_SPLINE_CURVE_WITH_KNOTS('',2,(#4346,#4347,#4348),
  .UNSPECIFIED.,.F.,.F.,(3,3),(0.,1.),.PIECEWISE_BEZIER_KNOTS.);
#4346 = CARTESIAN_POINT('',(80.279296875,4.27685546875,2.69));
#4347 = CARTESIAN_POINT('',(80.625732421875,4.198486328125,2.69));
#4348 = CARTESIAN_POINT('',(80.754638671875,4.139892578125,2.69));
#4349 = PCURVE('',#1858,#4350);
#4350 = DEFINITIONAL_REPRESENTATION('',(#4351),#4355);
#4351 = LINE('',#4352,#4353);
#4352 = CARTESIAN_POINT('',(0.,-0.5));
#4353 = VECTOR('',#4354,1.);
#4354 = DIRECTION('',(1.,0.));
#4355 = ( GEOMETRIC_REPRESENTATION_CONTEXT(2) 
PARAMETRIC_REPRESENTATION_CONTEXT() REPRESENTATION_CONTEXT('2D SPACE',''
  ) );
#4356 = PCURVE('',#3891,#4357);
#4357 = DEFINITIONAL_REPRESENTATION('',(#4358),#4362);
#4358 = B_SPLINE_CURVE_WITH_KNOTS('',2,(#4359,#4360,#4361),
  .UNSPECIFIED.,.F.,.F.,(3,3),(0.,1.),.PIECEWISE_BEZIER_KNOTS.);
#4359 = CARTESIAN_POINT('',(1.002685546875,1.267822265625));
#4360 = CARTESIAN_POINT('',(1.34912109375,1.189453125));
#4361 = CARTESIAN_POINT('',(1.47802734375,1.130859375));
#4362 = ( GEOMETRIC_REPRESENTATION_CONTEXT(2) 
PARAMETRIC_REPRESENTATION_CONTEXT() REPRESENTATION_CONTEXT('2D SPACE',''
  ) );
#4363 = ORIENTED_EDGE('',*,*,#4271,.F.);
#4364 = ADVANCED_FACE('',(#4365),#1815,.T.);
#4365 = FACE_BOUND('',#4366,.T.);
#4366 = EDGE_LOOP('',(#4367,#4368,#4391,#4412));
#4367 = ORIENTED_EDGE('',*,*,#1789,.T.);
#4368 = ORIENTED_EDGE('',*,*,#4369,.T.);
#4369 = EDGE_CURVE('',#1745,#4370,#4372,.T.);
#4370 = VERTEX_POINT('',#4371);
#4371 = CARTESIAN_POINT('',(79.850830078125,4.429931640625,2.69));
#4372 = SURFACE_CURVE('',#4373,(#4377,#4384),.PCURVE_S1.);
#4373 = LINE('',#4374,#4375);
#4374 = CARTESIAN_POINT('',(79.850830078125,4.429931640625,2.19));
#4375 = VECTOR('',#4376,1.);
#4376 = DIRECTION('',(0.,0.,1.));
#4377 = PCURVE('',#1815,#4378);
#4378 = DEFINITIONAL_REPRESENTATION('',(#4379),#4383);
#4379 = LINE('',#4380,#4381);
#4380 = CARTESIAN_POINT('',(0.,0.));
#4381 = VECTOR('',#4382,1.);
#4382 = DIRECTION('',(0.,-1.));
#4383 = ( GEOMETRIC_REPRESENTATION_CONTEXT(2) 
PARAMETRIC_REPRESENTATION_CONTEXT() REPRESENTATION_CONTEXT('2D SPACE',''
  ) );
#4384 = PCURVE('',#1770,#4385);
#4385 = DEFINITIONAL_REPRESENTATION('',(#4386),#4390);
#4386 = LINE('',#4387,#4388);
#4387 = CARTESIAN_POINT('',(1.,0.));
#4388 = VECTOR('',#4389,1.);
#4389 = DIRECTION('',(0.,-1.));
#4390 = ( GEOMETRIC_REPRESENTATION_CONTEXT(2) 
PARAMETRIC_REPRESENTATION_CONTEXT() REPRESENTATION_CONTEXT('2D SPACE',''
  ) );
#4391 = ORIENTED_EDGE('',*,*,#4392,.T.);
#4392 = EDGE_CURVE('',#4370,#4321,#4393,.T.);
#4393 = SURFACE_CURVE('',#4394,(#4398,#4405),.PCURVE_S1.);
#4394 = B_SPLINE_CURVE_WITH_KNOTS('',2,(#4395,#4396,#4397),
  .UNSPECIFIED.,.F.,.F.,(3,3),(0.,1.),.PIECEWISE_BEZIER_KNOTS.);
#4395 = CARTESIAN_POINT('',(79.850830078125,4.429931640625,2.69));
#4396 = CARTESIAN_POINT('',(79.932861328125,4.355224609375,2.69));
#4397 = CARTESIAN_POINT('',(80.279296875,4.27685546875,2.69));
#4398 = PCURVE('',#1815,#4399);
#4399 = DEFINITIONAL_REPRESENTATION('',(#4400),#4404);
#4400 = LINE('',#4401,#4402);
#4401 = CARTESIAN_POINT('',(0.,-0.5));
#4402 = VECTOR('',#4403,1.);
#4403 = DIRECTION('',(1.,0.));
#4404 = ( GEOMETRIC_REPRESENTATION_CONTEXT(2) 
PARAMETRIC_REPRESENTATION_CONTEXT() REPRESENTATION_CONTEXT('2D SPACE',''
  ) );
#4405 = PCURVE('',#3891,#4406);
#4406 = DEFINITIONAL_REPRESENTATION('',(#4407),#4411);
#4407 = B_SPLINE_CURVE_WITH_KNOTS('',2,(#4408,#4409,#4410),
  .UNSPECIFIED.,.F.,.F.,(3,3),(0.,1.),.PIECEWISE_BEZIER_KNOTS.);
#4408 = CARTESIAN_POINT('',(0.57421875,1.4208984375));
#4409 = CARTESIAN_POINT('',(0.65625,1.34619140625));
#4410 = CARTESIAN_POINT('',(1.002685546875,1.267822265625));
#4411 = ( GEOMETRIC_REPRESENTATION_CONTEXT(2) 
PARAMETRIC_REPRESENTATION_CONTEXT() REPRESENTATION_CONTEXT('2D SPACE',''
  ) );
#4412 = ORIENTED_EDGE('',*,*,#4320,.F.);
#4413 = ADVANCED_FACE('',(#4414),#1770,.T.);
#4414 = FACE_BOUND('',#4415,.T.);
#4415 = EDGE_LOOP('',(#4416,#4417,#4440,#4461));
#4416 = ORIENTED_EDGE('',*,*,#1744,.T.);
#4417 = ORIENTED_EDGE('',*,*,#4418,.T.);
#4418 = EDGE_CURVE('',#1694,#4419,#4421,.T.);
#4419 = VERTEX_POINT('',#4420);
#4420 = CARTESIAN_POINT('',(79.767333984375,4.620361328125,2.69));
#4421 = SURFACE_CURVE('',#4422,(#4426,#4433),.PCURVE_S1.);
#4422 = LINE('',#4423,#4424);
#4423 = CARTESIAN_POINT('',(79.767333984375,4.620361328125,2.19));
#4424 = VECTOR('',#4425,1.);
#4425 = DIRECTION('',(0.,0.,1.));
#4426 = PCURVE('',#1770,#4427);
#4427 = DEFINITIONAL_REPRESENTATION('',(#4428),#4432);
#4428 = LINE('',#4429,#4430);
#4429 = CARTESIAN_POINT('',(0.,0.));
#4430 = VECTOR('',#4431,1.);
#4431 = DIRECTION('',(0.,-1.));
#4432 = ( GEOMETRIC_REPRESENTATION_CONTEXT(2) 
PARAMETRIC_REPRESENTATION_CONTEXT() REPRESENTATION_CONTEXT('2D SPACE',''
  ) );
#4433 = PCURVE('',#1723,#4434);
#4434 = DEFINITIONAL_REPRESENTATION('',(#4435),#4439);
#4435 = LINE('',#4436,#4437);
#4436 = CARTESIAN_POINT('',(1.,0.));
#4437 = VECTOR('',#4438,1.);
#4438 = DIRECTION('',(0.,-1.));
#4439 = ( GEOMETRIC_REPRESENTATION_CONTEXT(2) 
PARAMETRIC_REPRESENTATION_CONTEXT() REPRESENTATION_CONTEXT('2D SPACE',''
  ) );
#4440 = ORIENTED_EDGE('',*,*,#4441,.T.);
#4441 = EDGE_CURVE('',#4419,#4370,#4442,.T.);
#4442 = SURFACE_CURVE('',#4443,(#4447,#4454),.PCURVE_S1.);
#4443 = B_SPLINE_CURVE_WITH_KNOTS('',2,(#4444,#4445,#4446),
  .UNSPECIFIED.,.F.,.F.,(3,3),(0.,1.),.PIECEWISE_BEZIER_KNOTS.);
#4444 = CARTESIAN_POINT('',(79.767333984375,4.620361328125,2.69));
#4445 = CARTESIAN_POINT('',(79.767333984375,4.504638671875,2.69));
#4446 = CARTESIAN_POINT('',(79.850830078125,4.429931640625,2.69));
#4447 = PCURVE('',#1770,#4448);
#4448 = DEFINITIONAL_REPRESENTATION('',(#4449),#4453);
#4449 = LINE('',#4450,#4451);
#4450 = CARTESIAN_POINT('',(0.,-0.5));
#4451 = VECTOR('',#4452,1.);
#4452 = DIRECTION('',(1.,0.));
#4453 = ( GEOMETRIC_REPRESENTATION_CONTEXT(2) 
PARAMETRIC_REPRESENTATION_CONTEXT() REPRESENTATION_CONTEXT('2D SPACE',''
  ) );
#4454 = PCURVE('',#3891,#4455);
#4455 = DEFINITIONAL_REPRESENTATION('',(#4456),#4460);
#4456 = B_SPLINE_CURVE_WITH_KNOTS('',2,(#4457,#4458,#4459),
  .UNSPECIFIED.,.F.,.F.,(3,3),(0.,1.),.PIECEWISE_BEZIER_KNOTS.);
#4457 = CARTESIAN_POINT('',(0.49072265625,1.611328125));
#4458 = CARTESIAN_POINT('',(0.49072265625,1.49560546875));
#4459 = CARTESIAN_POINT('',(0.57421875,1.4208984375));
#4460 = ( GEOMETRIC_REPRESENTATION_CONTEXT(2) 
PARAMETRIC_REPRESENTATION_CONTEXT() REPRESENTATION_CONTEXT('2D SPACE',''
  ) );
#4461 = ORIENTED_EDGE('',*,*,#4369,.F.);
#4462 = ADVANCED_FACE('',(#4463),#1723,.T.);
#4463 = FACE_BOUND('',#4464,.T.);
#4464 = EDGE_LOOP('',(#4465,#4466,#4489,#4510));
#4465 = ORIENTED_EDGE('',*,*,#1693,.T.);
#4466 = ORIENTED_EDGE('',*,*,#4467,.T.);
#4467 = EDGE_CURVE('',#1652,#4468,#4470,.T.);
#4468 = VERTEX_POINT('',#4469);
#4469 = CARTESIAN_POINT('',(79.88525390625,4.84814453125,2.69));
#4470 = SURFACE_CURVE('',#4471,(#4475,#4482),.PCURVE_S1.);
#4471 = LINE('',#4472,#4473);
#4472 = CARTESIAN_POINT('',(79.88525390625,4.84814453125,2.19));
#4473 = VECTOR('',#4474,1.);
#4474 = DIRECTION('',(0.,0.,1.));
#4475 = PCURVE('',#1723,#4476);
#4476 = DEFINITIONAL_REPRESENTATION('',(#4477),#4481);
#4477 = LINE('',#4478,#4479);
#4478 = CARTESIAN_POINT('',(0.,0.));
#4479 = VECTOR('',#4480,1.);
#4480 = DIRECTION('',(0.,-1.));
#4481 = ( GEOMETRIC_REPRESENTATION_CONTEXT(2) 
PARAMETRIC_REPRESENTATION_CONTEXT() REPRESENTATION_CONTEXT('2D SPACE',''
  ) );
#4482 = PCURVE('',#1675,#4483);
#4483 = DEFINITIONAL_REPRESENTATION('',(#4484),#4488);
#4484 = LINE('',#4485,#4486);
#4485 = CARTESIAN_POINT('',(1.,0.));
#4486 = VECTOR('',#4487,1.);
#4487 = DIRECTION('',(0.,-1.));
#4488 = ( GEOMETRIC_REPRESENTATION_CONTEXT(2) 
PARAMETRIC_REPRESENTATION_CONTEXT() REPRESENTATION_CONTEXT('2D SPACE',''
  ) );
#4489 = ORIENTED_EDGE('',*,*,#4490,.T.);
#4490 = EDGE_CURVE('',#4468,#4419,#4491,.T.);
#4491 = SURFACE_CURVE('',#4492,(#4496,#4503),.PCURVE_S1.);
#4492 = B_SPLINE_CURVE_WITH_KNOTS('',2,(#4493,#4494,#4495),
  .UNSPECIFIED.,.F.,.F.,(3,3),(0.,1.),.PIECEWISE_BEZIER_KNOTS.);
#4493 = CARTESIAN_POINT('',(79.88525390625,4.84814453125,2.69));
#4494 = CARTESIAN_POINT('',(79.767333984375,4.753662109375,2.69));
#4495 = CARTESIAN_POINT('',(79.767333984375,4.620361328125,2.69));
#4496 = PCURVE('',#1723,#4497);
#4497 = DEFINITIONAL_REPRESENTATION('',(#4498),#4502);
#4498 = LINE('',#4499,#4500);
#4499 = CARTESIAN_POINT('',(0.,-0.5));
#4500 = VECTOR('',#4501,1.);
#4501 = DIRECTION('',(1.,0.));
#4502 = ( GEOMETRIC_REPRESENTATION_CONTEXT(2) 
PARAMETRIC_REPRESENTATION_CONTEXT() REPRESENTATION_CONTEXT('2D SPACE',''
  ) );
#4503 = PCURVE('',#3891,#4504);
#4504 = DEFINITIONAL_REPRESENTATION('',(#4505),#4509);
#4505 = B_SPLINE_CURVE_WITH_KNOTS('',2,(#4506,#4507,#4508),
  .UNSPECIFIED.,.F.,.F.,(3,3),(0.,1.),.PIECEWISE_BEZIER_KNOTS.);
#4506 = CARTESIAN_POINT('',(0.608642578125,1.839111328125));
#4507 = CARTESIAN_POINT('',(0.49072265625,1.74462890625));
#4508 = CARTESIAN_POINT('',(0.49072265625,1.611328125));
#4509 = ( GEOMETRIC_REPRESENTATION_CONTEXT(2) 
PARAMETRIC_REPRESENTATION_CONTEXT() REPRESENTATION_CONTEXT('2D SPACE',''
  ) );
#4510 = ORIENTED_EDGE('',*,*,#4418,.F.);
#4511 = ADVANCED_FACE('',(#4512),#1675,.T.);
#4512 = FACE_BOUND('',#4513,.T.);
#4513 = EDGE_LOOP('',(#4514,#4515,#4538,#4559));
#4514 = ORIENTED_EDGE('',*,*,#1651,.T.);
#4515 = ORIENTED_EDGE('',*,*,#4516,.T.);
#4516 = EDGE_CURVE('',#1610,#4517,#4519,.T.);
#4517 = VERTEX_POINT('',#4518);
#4518 = CARTESIAN_POINT('',(80.260986328125,4.942626953125,2.69));
#4519 = SURFACE_CURVE('',#4520,(#4524,#4531),.PCURVE_S1.);
#4520 = LINE('',#4521,#4522);
#4521 = CARTESIAN_POINT('',(80.260986328125,4.942626953125,2.19));
#4522 = VECTOR('',#4523,1.);
#4523 = DIRECTION('',(0.,0.,1.));
#4524 = PCURVE('',#1675,#4525);
#4525 = DEFINITIONAL_REPRESENTATION('',(#4526),#4530);
#4526 = LINE('',#4527,#4528);
#4527 = CARTESIAN_POINT('',(0.,0.));
#4528 = VECTOR('',#4529,1.);
#4529 = DIRECTION('',(0.,-1.));
#4530 = ( GEOMETRIC_REPRESENTATION_CONTEXT(2) 
PARAMETRIC_REPRESENTATION_CONTEXT() REPRESENTATION_CONTEXT('2D SPACE',''
  ) );
#4531 = PCURVE('',#1633,#4532);
#4532 = DEFINITIONAL_REPRESENTATION('',(#4533),#4537);
#4533 = LINE('',#4534,#4535);
#4534 = CARTESIAN_POINT('',(1.,0.));
#4535 = VECTOR('',#4536,1.);
#4536 = DIRECTION('',(0.,-1.));
#4537 = ( GEOMETRIC_REPRESENTATION_CONTEXT(2) 
PARAMETRIC_REPRESENTATION_CONTEXT() REPRESENTATION_CONTEXT('2D SPACE',''
  ) );
#4538 = ORIENTED_EDGE('',*,*,#4539,.T.);
#4539 = EDGE_CURVE('',#4517,#4468,#4540,.T.);
#4540 = SURFACE_CURVE('',#4541,(#4545,#4552),.PCURVE_S1.);
#4541 = B_SPLINE_CURVE_WITH_KNOTS('',2,(#4542,#4543,#4544),
  .UNSPECIFIED.,.F.,.F.,(3,3),(0.,1.),.PIECEWISE_BEZIER_KNOTS.);
#4542 = CARTESIAN_POINT('',(80.260986328125,4.942626953125,2.69));
#4543 = CARTESIAN_POINT('',(80.003173828125,4.942626953125,2.69));
#4544 = CARTESIAN_POINT('',(79.88525390625,4.84814453125,2.69));
#4545 = PCURVE('',#1675,#4546);
#4546 = DEFINITIONAL_REPRESENTATION('',(#4547),#4551);
#4547 = LINE('',#4548,#4549);
#4548 = CARTESIAN_POINT('',(0.,-0.5));
#4549 = VECTOR('',#4550,1.);
#4550 = DIRECTION('',(1.,0.));
#4551 = ( GEOMETRIC_REPRESENTATION_CONTEXT(2) 
PARAMETRIC_REPRESENTATION_CONTEXT() REPRESENTATION_CONTEXT('2D SPACE',''
  ) );
#4552 = PCURVE('',#3891,#4553);
#4553 = DEFINITIONAL_REPRESENTATION('',(#4554),#4558);
#4554 = B_SPLINE_CURVE_WITH_KNOTS('',2,(#4555,#4556,#4557),
  .UNSPECIFIED.,.F.,.F.,(3,3),(0.,1.),.PIECEWISE_BEZIER_KNOTS.);
#4555 = CARTESIAN_POINT('',(0.984375,1.93359375));
#4556 = CARTESIAN_POINT('',(0.7265625,1.93359375));
#4557 = CARTESIAN_POINT('',(0.608642578125,1.839111328125));
#4558 = ( GEOMETRIC_REPRESENTATION_CONTEXT(2) 
PARAMETRIC_REPRESENTATION_CONTEXT() REPRESENTATION_CONTEXT('2D SPACE',''
  ) );
#4559 = ORIENTED_EDGE('',*,*,#4467,.F.);
#4560 = ADVANCED_FACE('',(#4561),#1633,.T.);
#4561 = FACE_BOUND('',#4562,.T.);
#4562 = EDGE_LOOP('',(#4563,#4564,#4587,#4608));
#4563 = ORIENTED_EDGE('',*,*,#1609,.T.);
#4564 = ORIENTED_EDGE('',*,*,#4565,.T.);
#4565 = EDGE_CURVE('',#1559,#4566,#4568,.T.);
#4566 = VERTEX_POINT('',#4567);
#4567 = CARTESIAN_POINT('',(80.63525390625,4.838623046875,2.69));
#4568 = SURFACE_CURVE('',#4569,(#4573,#4580),.PCURVE_S1.);
#4569 = LINE('',#4570,#4571);
#4570 = CARTESIAN_POINT('',(80.63525390625,4.838623046875,2.19));
#4571 = VECTOR('',#4572,1.);
#4572 = DIRECTION('',(0.,0.,1.));
#4573 = PCURVE('',#1633,#4574);
#4574 = DEFINITIONAL_REPRESENTATION('',(#4575),#4579);
#4575 = LINE('',#4576,#4577);
#4576 = CARTESIAN_POINT('',(0.,0.));
#4577 = VECTOR('',#4578,1.);
#4578 = DIRECTION('',(0.,-1.));
#4579 = ( GEOMETRIC_REPRESENTATION_CONTEXT(2) 
PARAMETRIC_REPRESENTATION_CONTEXT() REPRESENTATION_CONTEXT('2D SPACE',''
  ) );
#4580 = PCURVE('',#1588,#4581);
#4581 = DEFINITIONAL_REPRESENTATION('',(#4582),#4586);
#4582 = LINE('',#4583,#4584);
#4583 = CARTESIAN_POINT('',(1.,0.));
#4584 = VECTOR('',#4585,1.);
#4585 = DIRECTION('',(0.,-1.));
#4586 = ( GEOMETRIC_REPRESENTATION_CONTEXT(2) 
PARAMETRIC_REPRESENTATION_CONTEXT() REPRESENTATION_CONTEXT('2D SPACE',''
  ) );
#4587 = ORIENTED_EDGE('',*,*,#4588,.T.);
#4588 = EDGE_CURVE('',#4566,#4517,#4589,.T.);
#4589 = SURFACE_CURVE('',#4590,(#4594,#4601),.PCURVE_S1.);
#4590 = B_SPLINE_CURVE_WITH_KNOTS('',2,(#4591,#4592,#4593),
  .UNSPECIFIED.,.F.,.F.,(3,3),(0.,1.),.PIECEWISE_BEZIER_KNOTS.);
#4591 = CARTESIAN_POINT('',(80.63525390625,4.838623046875,2.69));
#4592 = CARTESIAN_POINT('',(80.508544921875,4.942626953125,2.69));
#4593 = CARTESIAN_POINT('',(80.260986328125,4.942626953125,2.69));
#4594 = PCURVE('',#1633,#4595);
#4595 = DEFINITIONAL_REPRESENTATION('',(#4596),#4600);
#4596 = LINE('',#4597,#4598);
#4597 = CARTESIAN_POINT('',(0.,-0.5));
#4598 = VECTOR('',#4599,1.);
#4599 = DIRECTION('',(1.,0.));
#4600 = ( GEOMETRIC_REPRESENTATION_CONTEXT(2) 
PARAMETRIC_REPRESENTATION_CONTEXT() REPRESENTATION_CONTEXT('2D SPACE',''
  ) );
#4601 = PCURVE('',#3891,#4602);
#4602 = DEFINITIONAL_REPRESENTATION('',(#4603),#4607);
#4603 = B_SPLINE_CURVE_WITH_KNOTS('',2,(#4604,#4605,#4606),
  .UNSPECIFIED.,.F.,.F.,(3,3),(0.,1.),.PIECEWISE_BEZIER_KNOTS.);
#4604 = CARTESIAN_POINT('',(1.358642578125,1.82958984375));
#4605 = CARTESIAN_POINT('',(1.23193359375,1.93359375));
#4606 = CARTESIAN_POINT('',(0.984375,1.93359375));
#4607 = ( GEOMETRIC_REPRESENTATION_CONTEXT(2) 
PARAMETRIC_REPRESENTATION_CONTEXT() REPRESENTATION_CONTEXT('2D SPACE',''
  ) );
#4608 = ORIENTED_EDGE('',*,*,#4516,.F.);
#4609 = ADVANCED_FACE('',(#4610),#1588,.T.);
#4610 = FACE_BOUND('',#4611,.T.);
#4611 = EDGE_LOOP('',(#4612,#4613,#4636,#4657));
#4612 = ORIENTED_EDGE('',*,*,#1558,.T.);
#4613 = ORIENTED_EDGE('',*,*,#4614,.T.);
#4614 = EDGE_CURVE('',#1533,#4615,#4617,.T.);
#4615 = VERTEX_POINT('',#4616);
#4616 = CARTESIAN_POINT('',(80.783935546875,4.531005859375,2.69));
#4617 = SURFACE_CURVE('',#4618,(#4622,#4629),.PCURVE_S1.);
#4618 = LINE('',#4619,#4620);
#4619 = CARTESIAN_POINT('',(80.783935546875,4.531005859375,2.19));
#4620 = VECTOR('',#4621,1.);
#4621 = DIRECTION('',(0.,0.,1.));
#4622 = PCURVE('',#1588,#4623);
#4623 = DEFINITIONAL_REPRESENTATION('',(#4624),#4628);
#4624 = LINE('',#4625,#4626);
#4625 = CARTESIAN_POINT('',(0.,0.));
#4626 = VECTOR('',#4627,1.);
#4627 = DIRECTION('',(0.,-1.));
#4628 = ( GEOMETRIC_REPRESENTATION_CONTEXT(2) 
PARAMETRIC_REPRESENTATION_CONTEXT() REPRESENTATION_CONTEXT('2D SPACE',''
  ) );
#4629 = PCURVE('',#1547,#4630);
#4630 = DEFINITIONAL_REPRESENTATION('',(#4631),#4635);
#4631 = LINE('',#4632,#4633);
#4632 = CARTESIAN_POINT('',(0.273231646844,-0.));
#4633 = VECTOR('',#4634,1.);
#4634 = DIRECTION('',(0.,-1.));
#4635 = ( GEOMETRIC_REPRESENTATION_CONTEXT(2) 
PARAMETRIC_REPRESENTATION_CONTEXT() REPRESENTATION_CONTEXT('2D SPACE',''
  ) );
#4636 = ORIENTED_EDGE('',*,*,#4637,.T.);
#4637 = EDGE_CURVE('',#4615,#4566,#4638,.T.);
#4638 = SURFACE_CURVE('',#4639,(#4643,#4650),.PCURVE_S1.);
#4639 = B_SPLINE_CURVE_WITH_KNOTS('',2,(#4640,#4641,#4642),
  .UNSPECIFIED.,.F.,.F.,(3,3),(0.,1.),.PIECEWISE_BEZIER_KNOTS.);
#4640 = CARTESIAN_POINT('',(80.783935546875,4.531005859375,2.69));
#4641 = CARTESIAN_POINT('',(80.761962890625,4.734619140625,2.69));
#4642 = CARTESIAN_POINT('',(80.63525390625,4.838623046875,2.69));
#4643 = PCURVE('',#1588,#4644);
#4644 = DEFINITIONAL_REPRESENTATION('',(#4645),#4649);
#4645 = LINE('',#4646,#4647);
#4646 = CARTESIAN_POINT('',(0.,-0.5));
#4647 = VECTOR('',#4648,1.);
#4648 = DIRECTION('',(1.,0.));
#4649 = ( GEOMETRIC_REPRESENTATION_CONTEXT(2) 
PARAMETRIC_REPRESENTATION_CONTEXT() REPRESENTATION_CONTEXT('2D SPACE',''
  ) );
#4650 = PCURVE('',#3891,#4651);
#4651 = DEFINITIONAL_REPRESENTATION('',(#4652),#4656);
#4652 = B_SPLINE_CURVE_WITH_KNOTS('',2,(#4653,#4654,#4655),
  .UNSPECIFIED.,.F.,.F.,(3,3),(0.,1.),.PIECEWISE_BEZIER_KNOTS.);
#4653 = CARTESIAN_POINT('',(1.50732421875,1.52197265625));
#4654 = CARTESIAN_POINT('',(1.4853515625,1.7255859375));
#4655 = CARTESIAN_POINT('',(1.358642578125,1.82958984375));
#4656 = ( GEOMETRIC_REPRESENTATION_CONTEXT(2) 
PARAMETRIC_REPRESENTATION_CONTEXT() REPRESENTATION_CONTEXT('2D SPACE',''
  ) );
#4657 = ORIENTED_EDGE('',*,*,#4565,.F.);
#4658 = ADVANCED_FACE('',(#4659),#1547,.T.);
#4659 = FACE_BOUND('',#4660,.T.);
#4660 = EDGE_LOOP('',(#4661,#4662,#4685,#4706));
#4661 = ORIENTED_EDGE('',*,*,#1532,.T.);
#4662 = ORIENTED_EDGE('',*,*,#4663,.T.);
#4663 = EDGE_CURVE('',#1482,#4664,#4666,.T.);
#4664 = VERTEX_POINT('',#4665);
#4665 = CARTESIAN_POINT('',(81.056396484375,4.551513671875,2.69));
#4666 = SURFACE_CURVE('',#4667,(#4671,#4678),.PCURVE_S1.);
#4667 = LINE('',#4668,#4669);
#4668 = CARTESIAN_POINT('',(81.056396484375,4.551513671875,2.19));
#4669 = VECTOR('',#4670,1.);
#4670 = DIRECTION('',(0.,0.,1.));
#4671 = PCURVE('',#1547,#4672);
#4672 = DEFINITIONAL_REPRESENTATION('',(#4673),#4677);
#4673 = LINE('',#4674,#4675);
#4674 = CARTESIAN_POINT('',(0.,0.));
#4675 = VECTOR('',#4676,1.);
#4676 = DIRECTION('',(0.,-1.));
#4677 = ( GEOMETRIC_REPRESENTATION_CONTEXT(2) 
PARAMETRIC_REPRESENTATION_CONTEXT() REPRESENTATION_CONTEXT('2D SPACE',''
  ) );
#4678 = PCURVE('',#1511,#4679);
#4679 = DEFINITIONAL_REPRESENTATION('',(#4680),#4684);
#4680 = LINE('',#4681,#4682);
#4681 = CARTESIAN_POINT('',(1.,0.));
#4682 = VECTOR('',#4683,1.);
#4683 = DIRECTION('',(0.,-1.));
#4684 = ( GEOMETRIC_REPRESENTATION_CONTEXT(2) 
PARAMETRIC_REPRESENTATION_CONTEXT() REPRESENTATION_CONTEXT('2D SPACE',''
  ) );
#4685 = ORIENTED_EDGE('',*,*,#4686,.T.);
#4686 = EDGE_CURVE('',#4664,#4615,#4687,.T.);
#4687 = SURFACE_CURVE('',#4688,(#4692,#4699),.PCURVE_S1.);
#4688 = LINE('',#4689,#4690);
#4689 = CARTESIAN_POINT('',(81.056396484375,4.551513671875,2.69));
#4690 = VECTOR('',#4691,1.);
#4691 = DIRECTION('',(-0.997179282295,-7.505650511901E-02,0.));
#4692 = PCURVE('',#1547,#4693);
#4693 = DEFINITIONAL_REPRESENTATION('',(#4694),#4698);
#4694 = LINE('',#4695,#4696);
#4695 = CARTESIAN_POINT('',(0.,-0.5));
#4696 = VECTOR('',#4697,1.);
#4697 = DIRECTION('',(1.,-0.));
#4698 = ( GEOMETRIC_REPRESENTATION_CONTEXT(2) 
PARAMETRIC_REPRESENTATION_CONTEXT() REPRESENTATION_CONTEXT('2D SPACE',''
  ) );
#4699 = PCURVE('',#3891,#4700);
#4700 = DEFINITIONAL_REPRESENTATION('',(#4701),#4705);
#4701 = LINE('',#4702,#4703);
#4702 = CARTESIAN_POINT('',(1.77978515625,1.54248046875));
#4703 = VECTOR('',#4704,1.);
#4704 = DIRECTION('',(-0.997179282295,-7.505650511901E-02));
#4705 = ( GEOMETRIC_REPRESENTATION_CONTEXT(2) 
PARAMETRIC_REPRESENTATION_CONTEXT() REPRESENTATION_CONTEXT('2D SPACE',''
  ) );
#4706 = ORIENTED_EDGE('',*,*,#4614,.F.);
#4707 = ADVANCED_FACE('',(#4708),#1511,.T.);
#4708 = FACE_BOUND('',#4709,.T.);
#4709 = EDGE_LOOP('',(#4710,#4711,#4734,#4755));
#4710 = ORIENTED_EDGE('',*,*,#1481,.T.);
#4711 = ORIENTED_EDGE('',*,*,#4712,.T.);
#4712 = EDGE_CURVE('',#1431,#4713,#4715,.T.);
#4713 = VERTEX_POINT('',#4714);
#4714 = CARTESIAN_POINT('',(80.950927734375,4.889892578125,2.69));
#4715 = SURFACE_CURVE('',#4716,(#4720,#4727),.PCURVE_S1.);
#4716 = LINE('',#4717,#4718);
#4717 = CARTESIAN_POINT('',(80.950927734375,4.889892578125,2.19));
#4718 = VECTOR('',#4719,1.);
#4719 = DIRECTION('',(0.,0.,1.));
#4720 = PCURVE('',#1511,#4721);
#4721 = DEFINITIONAL_REPRESENTATION('',(#4722),#4726);
#4722 = LINE('',#4723,#4724);
#4723 = CARTESIAN_POINT('',(0.,0.));
#4724 = VECTOR('',#4725,1.);
#4725 = DIRECTION('',(0.,-1.));
#4726 = ( GEOMETRIC_REPRESENTATION_CONTEXT(2) 
PARAMETRIC_REPRESENTATION_CONTEXT() REPRESENTATION_CONTEXT('2D SPACE',''
  ) );
#4727 = PCURVE('',#1460,#4728);
#4728 = DEFINITIONAL_REPRESENTATION('',(#4729),#4733);
#4729 = LINE('',#4730,#4731);
#4730 = CARTESIAN_POINT('',(1.,0.));
#4731 = VECTOR('',#4732,1.);
#4732 = DIRECTION('',(0.,-1.));
#4733 = ( GEOMETRIC_REPRESENTATION_CONTEXT(2) 
PARAMETRIC_REPRESENTATION_CONTEXT() REPRESENTATION_CONTEXT('2D SPACE',''
  ) );
#4734 = ORIENTED_EDGE('',*,*,#4735,.T.);
#4735 = EDGE_CURVE('',#4713,#4664,#4736,.T.);
#4736 = SURFACE_CURVE('',#4737,(#4741,#4748),.PCURVE_S1.);
#4737 = B_SPLINE_CURVE_WITH_KNOTS('',2,(#4738,#4739,#4740),
  .UNSPECIFIED.,.F.,.F.,(3,3),(0.,1.),.PIECEWISE_BEZIER_KNOTS.);
#4738 = CARTESIAN_POINT('',(80.950927734375,4.889892578125,2.69));
#4739 = CARTESIAN_POINT('',(81.049072265625,4.740478515625,2.69));
#4740 = CARTESIAN_POINT('',(81.056396484375,4.551513671875,2.69));
#4741 = PCURVE('',#1511,#4742);
#4742 = DEFINITIONAL_REPRESENTATION('',(#4743),#4747);
#4743 = LINE('',#4744,#4745);
#4744 = CARTESIAN_POINT('',(0.,-0.5));
#4745 = VECTOR('',#4746,1.);
#4746 = DIRECTION('',(1.,0.));
#4747 = ( GEOMETRIC_REPRESENTATION_CONTEXT(2) 
PARAMETRIC_REPRESENTATION_CONTEXT() REPRESENTATION_CONTEXT('2D SPACE',''
  ) );
#4748 = PCURVE('',#3891,#4749);
#4749 = DEFINITIONAL_REPRESENTATION('',(#4750),#4754);
#4750 = B_SPLINE_CURVE_WITH_KNOTS('',2,(#4751,#4752,#4753),
  .UNSPECIFIED.,.F.,.F.,(3,3),(0.,1.),.PIECEWISE_BEZIER_KNOTS.);
#4751 = CARTESIAN_POINT('',(1.67431640625,1.880859375));
#4752 = CARTESIAN_POINT('',(1.7724609375,1.7314453125));
#4753 = CARTESIAN_POINT('',(1.77978515625,1.54248046875));
#4754 = ( GEOMETRIC_REPRESENTATION_CONTEXT(2) 
PARAMETRIC_REPRESENTATION_CONTEXT() REPRESENTATION_CONTEXT('2D SPACE',''
  ) );
#4755 = ORIENTED_EDGE('',*,*,#4663,.F.);
#4756 = ADVANCED_FACE('',(#4757),#1460,.T.);
#4757 = FACE_BOUND('',#4758,.T.);
#4758 = EDGE_LOOP('',(#4759,#4760,#4783,#4804));
#4759 = ORIENTED_EDGE('',*,*,#1430,.T.);
#4760 = ORIENTED_EDGE('',*,*,#4761,.T.);
#4761 = EDGE_CURVE('',#1392,#4762,#4764,.T.);
#4762 = VERTEX_POINT('',#4763);
#4763 = CARTESIAN_POINT('',(80.67041015625,5.1162109375,2.69));
#4764 = SURFACE_CURVE('',#4765,(#4769,#4776),.PCURVE_S1.);
#4765 = LINE('',#4766,#4767);
#4766 = CARTESIAN_POINT('',(80.67041015625,5.1162109375,2.19));
#4767 = VECTOR('',#4768,1.);
#4768 = DIRECTION('',(0.,0.,1.));
#4769 = PCURVE('',#1460,#4770);
#4770 = DEFINITIONAL_REPRESENTATION('',(#4771),#4775);
#4771 = LINE('',#4772,#4773);
#4772 = CARTESIAN_POINT('',(0.,0.));
#4773 = VECTOR('',#4774,1.);
#4774 = DIRECTION('',(0.,-1.));
#4775 = ( GEOMETRIC_REPRESENTATION_CONTEXT(2) 
PARAMETRIC_REPRESENTATION_CONTEXT() REPRESENTATION_CONTEXT('2D SPACE',''
  ) );
#4776 = PCURVE('',#1413,#4777);
#4777 = DEFINITIONAL_REPRESENTATION('',(#4778),#4782);
#4778 = LINE('',#4779,#4780);
#4779 = CARTESIAN_POINT('',(1.,0.));
#4780 = VECTOR('',#4781,1.);
#4781 = DIRECTION('',(0.,-1.));
#4782 = ( GEOMETRIC_REPRESENTATION_CONTEXT(2) 
PARAMETRIC_REPRESENTATION_CONTEXT() REPRESENTATION_CONTEXT('2D SPACE',''
  ) );
#4783 = ORIENTED_EDGE('',*,*,#4784,.T.);
#4784 = EDGE_CURVE('',#4762,#4713,#4785,.T.);
#4785 = SURFACE_CURVE('',#4786,(#4790,#4797),.PCURVE_S1.);
#4786 = B_SPLINE_CURVE_WITH_KNOTS('',2,(#4787,#4788,#4789),
  .UNSPECIFIED.,.F.,.F.,(3,3),(0.,1.),.PIECEWISE_BEZIER_KNOTS.);
#4787 = CARTESIAN_POINT('',(80.67041015625,5.1162109375,2.69));
#4788 = CARTESIAN_POINT('',(80.852783203125,5.039306640625,2.69));
#4789 = CARTESIAN_POINT('',(80.950927734375,4.889892578125,2.69));
#4790 = PCURVE('',#1460,#4791);
#4791 = DEFINITIONAL_REPRESENTATION('',(#4792),#4796);
#4792 = LINE('',#4793,#4794);
#4793 = CARTESIAN_POINT('',(0.,-0.5));
#4794 = VECTOR('',#4795,1.);
#4795 = DIRECTION('',(1.,0.));
#4796 = ( GEOMETRIC_REPRESENTATION_CONTEXT(2) 
PARAMETRIC_REPRESENTATION_CONTEXT() REPRESENTATION_CONTEXT('2D SPACE',''
  ) );
#4797 = PCURVE('',#3891,#4798);
#4798 = DEFINITIONAL_REPRESENTATION('',(#4799),#4803);
#4799 = B_SPLINE_CURVE_WITH_KNOTS('',2,(#4800,#4801,#4802),
  .UNSPECIFIED.,.F.,.F.,(3,3),(0.,1.),.PIECEWISE_BEZIER_KNOTS.);
#4800 = CARTESIAN_POINT('',(1.393798828125,2.107177734375));
#4801 = CARTESIAN_POINT('',(1.576171875,2.0302734375));
#4802 = CARTESIAN_POINT('',(1.67431640625,1.880859375));
#4803 = ( GEOMETRIC_REPRESENTATION_CONTEXT(2) 
PARAMETRIC_REPRESENTATION_CONTEXT() REPRESENTATION_CONTEXT('2D SPACE',''
  ) );
#4804 = ORIENTED_EDGE('',*,*,#4712,.F.);
#4805 = ADVANCED_FACE('',(#4806),#1413,.T.);
#4806 = FACE_BOUND('',#4807,.T.);
#4807 = EDGE_LOOP('',(#4808,#4809,#4832,#4853));
#4808 = ORIENTED_EDGE('',*,*,#1391,.T.);
#4809 = ORIENTED_EDGE('',*,*,#4810,.T.);
#4810 = EDGE_CURVE('',#1353,#4811,#4813,.T.);
#4811 = VERTEX_POINT('',#4812);
#4812 = CARTESIAN_POINT('',(80.249267578125,5.193115234375,2.69));
#4813 = SURFACE_CURVE('',#4814,(#4818,#4825),.PCURVE_S1.);
#4814 = LINE('',#4815,#4816);
#4815 = CARTESIAN_POINT('',(80.249267578125,5.193115234375,2.19));
#4816 = VECTOR('',#4817,1.);
#4817 = DIRECTION('',(0.,0.,1.));
#4818 = PCURVE('',#1413,#4819);
#4819 = DEFINITIONAL_REPRESENTATION('',(#4820),#4824);
#4820 = LINE('',#4821,#4822);
#4821 = CARTESIAN_POINT('',(0.,0.));
#4822 = VECTOR('',#4823,1.);
#4823 = DIRECTION('',(0.,-1.));
#4824 = ( GEOMETRIC_REPRESENTATION_CONTEXT(2) 
PARAMETRIC_REPRESENTATION_CONTEXT() REPRESENTATION_CONTEXT('2D SPACE',''
  ) );
#4825 = PCURVE('',#1374,#4826);
#4826 = DEFINITIONAL_REPRESENTATION('',(#4827),#4831);
#4827 = LINE('',#4828,#4829);
#4828 = CARTESIAN_POINT('',(1.,0.));
#4829 = VECTOR('',#4830,1.);
#4830 = DIRECTION('',(0.,-1.));
#4831 = ( GEOMETRIC_REPRESENTATION_CONTEXT(2) 
PARAMETRIC_REPRESENTATION_CONTEXT() REPRESENTATION_CONTEXT('2D SPACE',''
  ) );
#4832 = ORIENTED_EDGE('',*,*,#4833,.T.);
#4833 = EDGE_CURVE('',#4811,#4762,#4834,.T.);
#4834 = SURFACE_CURVE('',#4835,(#4839,#4846),.PCURVE_S1.);
#4835 = B_SPLINE_CURVE_WITH_KNOTS('',2,(#4836,#4837,#4838),
  .UNSPECIFIED.,.F.,.F.,(3,3),(0.,1.),.PIECEWISE_BEZIER_KNOTS.);
#4836 = CARTESIAN_POINT('',(80.249267578125,5.193115234375,2.69));
#4837 = CARTESIAN_POINT('',(80.488037109375,5.193115234375,2.69));
#4838 = CARTESIAN_POINT('',(80.67041015625,5.1162109375,2.69));
#4839 = PCURVE('',#1413,#4840);
#4840 = DEFINITIONAL_REPRESENTATION('',(#4841),#4845);
#4841 = LINE('',#4842,#4843);
#4842 = CARTESIAN_POINT('',(0.,-0.5));
#4843 = VECTOR('',#4844,1.);
#4844 = DIRECTION('',(1.,0.));
#4845 = ( GEOMETRIC_REPRESENTATION_CONTEXT(2) 
PARAMETRIC_REPRESENTATION_CONTEXT() REPRESENTATION_CONTEXT('2D SPACE',''
  ) );
#4846 = PCURVE('',#3891,#4847);
#4847 = DEFINITIONAL_REPRESENTATION('',(#4848),#4852);
#4848 = B_SPLINE_CURVE_WITH_KNOTS('',2,(#4849,#4850,#4851),
  .UNSPECIFIED.,.F.,.F.,(3,3),(0.,1.),.PIECEWISE_BEZIER_KNOTS.);
#4849 = CARTESIAN_POINT('',(0.97265625,2.18408203125));
#4850 = CARTESIAN_POINT('',(1.21142578125,2.18408203125));
#4851 = CARTESIAN_POINT('',(1.393798828125,2.107177734375));
#4852 = ( GEOMETRIC_REPRESENTATION_CONTEXT(2) 
PARAMETRIC_REPRESENTATION_CONTEXT() REPRESENTATION_CONTEXT('2D SPACE',''
  ) );
#4853 = ORIENTED_EDGE('',*,*,#4761,.F.);
#4854 = ADVANCED_FACE('',(#4855),#1374,.T.);
#4855 = FACE_BOUND('',#4856,.T.);
#4856 = EDGE_LOOP('',(#4857,#4858,#4881,#4902));
#4857 = ORIENTED_EDGE('',*,*,#1352,.T.);
#4858 = ORIENTED_EDGE('',*,*,#4859,.T.);
#4859 = EDGE_CURVE('',#1302,#4860,#4862,.T.);
#4860 = VERTEX_POINT('',#4861);
#4861 = CARTESIAN_POINT('',(79.855224609375,5.119873046875,2.69));
#4862 = SURFACE_CURVE('',#4863,(#4867,#4874),.PCURVE_S1.);
#4863 = LINE('',#4864,#4865);
#4864 = CARTESIAN_POINT('',(79.855224609375,5.119873046875,2.19));
#4865 = VECTOR('',#4866,1.);
#4866 = DIRECTION('',(0.,0.,1.));
#4867 = PCURVE('',#1374,#4868);
#4868 = DEFINITIONAL_REPRESENTATION('',(#4869),#4873);
#4869 = LINE('',#4870,#4871);
#4870 = CARTESIAN_POINT('',(0.,0.));
#4871 = VECTOR('',#4872,1.);
#4872 = DIRECTION('',(0.,-1.));
#4873 = ( GEOMETRIC_REPRESENTATION_CONTEXT(2) 
PARAMETRIC_REPRESENTATION_CONTEXT() REPRESENTATION_CONTEXT('2D SPACE',''
  ) );
#4874 = PCURVE('',#1331,#4875);
#4875 = DEFINITIONAL_REPRESENTATION('',(#4876),#4880);
#4876 = LINE('',#4877,#4878);
#4877 = CARTESIAN_POINT('',(1.,0.));
#4878 = VECTOR('',#4879,1.);
#4879 = DIRECTION('',(0.,-1.));
#4880 = ( GEOMETRIC_REPRESENTATION_CONTEXT(2) 
PARAMETRIC_REPRESENTATION_CONTEXT() REPRESENTATION_CONTEXT('2D SPACE',''
  ) );
#4881 = ORIENTED_EDGE('',*,*,#4882,.T.);
#4882 = EDGE_CURVE('',#4860,#4811,#4883,.T.);
#4883 = SURFACE_CURVE('',#4884,(#4888,#4895),.PCURVE_S1.);
#4884 = B_SPLINE_CURVE_WITH_KNOTS('',2,(#4885,#4886,#4887),
  .UNSPECIFIED.,.F.,.F.,(3,3),(0.,1.),.PIECEWISE_BEZIER_KNOTS.);
#4885 = CARTESIAN_POINT('',(79.855224609375,5.119873046875,2.69));
#4886 = CARTESIAN_POINT('',(80.032470703125,5.193115234375,2.69));
#4887 = CARTESIAN_POINT('',(80.249267578125,5.193115234375,2.69));
#4888 = PCURVE('',#1374,#4889);
#4889 = DEFINITIONAL_REPRESENTATION('',(#4890),#4894);
#4890 = LINE('',#4891,#4892);
#4891 = CARTESIAN_POINT('',(0.,-0.5));
#4892 = VECTOR('',#4893,1.);
#4893 = DIRECTION('',(1.,0.));
#4894 = ( GEOMETRIC_REPRESENTATION_CONTEXT(2) 
PARAMETRIC_REPRESENTATION_CONTEXT() REPRESENTATION_CONTEXT('2D SPACE',''
  ) );
#4895 = PCURVE('',#3891,#4896);
#4896 = DEFINITIONAL_REPRESENTATION('',(#4897),#4901);
#4897 = B_SPLINE_CURVE_WITH_KNOTS('',2,(#4898,#4899,#4900),
  .UNSPECIFIED.,.F.,.F.,(3,3),(0.,1.),.PIECEWISE_BEZIER_KNOTS.);
#4898 = CARTESIAN_POINT('',(0.57861328125,2.11083984375));
#4899 = CARTESIAN_POINT('',(0.755859375,2.18408203125));
#4900 = CARTESIAN_POINT('',(0.97265625,2.18408203125));
#4901 = ( GEOMETRIC_REPRESENTATION_CONTEXT(2) 
PARAMETRIC_REPRESENTATION_CONTEXT() REPRESENTATION_CONTEXT('2D SPACE',''
  ) );
#4902 = ORIENTED_EDGE('',*,*,#4810,.F.);
#4903 = ADVANCED_FACE('',(#4904),#1331,.T.);
#4904 = FACE_BOUND('',#4905,.T.);
#4905 = EDGE_LOOP('',(#4906,#4907,#4930,#4951));
#4906 = ORIENTED_EDGE('',*,*,#1301,.T.);
#4907 = ORIENTED_EDGE('',*,*,#4908,.T.);
#4908 = EDGE_CURVE('',#1257,#4909,#4911,.T.);
#4909 = VERTEX_POINT('',#4910);
#4910 = CARTESIAN_POINT('',(79.585693359375,4.9052734375,2.69));
#4911 = SURFACE_CURVE('',#4912,(#4916,#4923),.PCURVE_S1.);
#4912 = LINE('',#4913,#4914);
#4913 = CARTESIAN_POINT('',(79.585693359375,4.9052734375,2.19));
#4914 = VECTOR('',#4915,1.);
#4915 = DIRECTION('',(0.,0.,1.));
#4916 = PCURVE('',#1331,#4917);
#4917 = DEFINITIONAL_REPRESENTATION('',(#4918),#4922);
#4918 = LINE('',#4919,#4920);
#4919 = CARTESIAN_POINT('',(0.,0.));
#4920 = VECTOR('',#4921,1.);
#4921 = DIRECTION('',(0.,-1.));
#4922 = ( GEOMETRIC_REPRESENTATION_CONTEXT(2) 
PARAMETRIC_REPRESENTATION_CONTEXT() REPRESENTATION_CONTEXT('2D SPACE',''
  ) );
#4923 = PCURVE('',#1282,#4924);
#4924 = DEFINITIONAL_REPRESENTATION('',(#4925),#4929);
#4925 = LINE('',#4926,#4927);
#4926 = CARTESIAN_POINT('',(1.,0.));
#4927 = VECTOR('',#4928,1.);
#4928 = DIRECTION('',(0.,-1.));
#4929 = ( GEOMETRIC_REPRESENTATION_CONTEXT(2) 
PARAMETRIC_REPRESENTATION_CONTEXT() REPRESENTATION_CONTEXT('2D SPACE',''
  ) );
#4930 = ORIENTED_EDGE('',*,*,#4931,.T.);
#4931 = EDGE_CURVE('',#4909,#4860,#4932,.T.);
#4932 = SURFACE_CURVE('',#4933,(#4937,#4944),.PCURVE_S1.);
#4933 = B_SPLINE_CURVE_WITH_KNOTS('',2,(#4934,#4935,#4936),
  .UNSPECIFIED.,.F.,.F.,(3,3),(0.,1.),.PIECEWISE_BEZIER_KNOTS.);
#4934 = CARTESIAN_POINT('',(79.585693359375,4.9052734375,2.69));
#4935 = CARTESIAN_POINT('',(79.677978515625,5.046630859375,2.69));
#4936 = CARTESIAN_POINT('',(79.855224609375,5.119873046875,2.69));
#4937 = PCURVE('',#1331,#4938);
#4938 = DEFINITIONAL_REPRESENTATION('',(#4939),#4943);
#4939 = LINE('',#4940,#4941);
#4940 = CARTESIAN_POINT('',(0.,-0.5));
#4941 = VECTOR('',#4942,1.);
#4942 = DIRECTION('',(1.,0.));
#4943 = ( GEOMETRIC_REPRESENTATION_CONTEXT(2) 
PARAMETRIC_REPRESENTATION_CONTEXT() REPRESENTATION_CONTEXT('2D SPACE',''
  ) );
#4944 = PCURVE('',#3891,#4945);
#4945 = DEFINITIONAL_REPRESENTATION('',(#4946),#4950);
#4946 = B_SPLINE_CURVE_WITH_KNOTS('',2,(#4947,#4948,#4949),
  .UNSPECIFIED.,.F.,.F.,(3,3),(0.,1.),.PIECEWISE_BEZIER_KNOTS.);
#4947 = CARTESIAN_POINT('',(0.30908203125,1.896240234375));
#4948 = CARTESIAN_POINT('',(0.4013671875,2.03759765625));
#4949 = CARTESIAN_POINT('',(0.57861328125,2.11083984375));
#4950 = ( GEOMETRIC_REPRESENTATION_CONTEXT(2) 
PARAMETRIC_REPRESENTATION_CONTEXT() REPRESENTATION_CONTEXT('2D SPACE',''
  ) );
#4951 = ORIENTED_EDGE('',*,*,#4859,.F.);
#4952 = ADVANCED_FACE('',(#4953),#1282,.T.);
#4953 = FACE_BOUND('',#4954,.T.);
#4954 = EDGE_LOOP('',(#4955,#4956,#4979,#5000));
#4955 = ORIENTED_EDGE('',*,*,#1256,.T.);
#4956 = ORIENTED_EDGE('',*,*,#4957,.T.);
#4957 = EDGE_CURVE('',#1212,#4958,#4960,.T.);
#4958 = VERTEX_POINT('',#4959);
#4959 = CARTESIAN_POINT('',(79.493408203125,4.601318359375,2.69));
#4960 = SURFACE_CURVE('',#4961,(#4965,#4972),.PCURVE_S1.);
#4961 = LINE('',#4962,#4963);
#4962 = CARTESIAN_POINT('',(79.493408203125,4.601318359375,2.19));
#4963 = VECTOR('',#4964,1.);
#4964 = DIRECTION('',(0.,0.,1.));
#4965 = PCURVE('',#1282,#4966);
#4966 = DEFINITIONAL_REPRESENTATION('',(#4967),#4971);
#4967 = LINE('',#4968,#4969);
#4968 = CARTESIAN_POINT('',(0.,0.));
#4969 = VECTOR('',#4970,1.);
#4970 = DIRECTION('',(0.,-1.));
#4971 = ( GEOMETRIC_REPRESENTATION_CONTEXT(2) 
PARAMETRIC_REPRESENTATION_CONTEXT() REPRESENTATION_CONTEXT('2D SPACE',''
  ) );
#4972 = PCURVE('',#1237,#4973);
#4973 = DEFINITIONAL_REPRESENTATION('',(#4974),#4978);
#4974 = LINE('',#4975,#4976);
#4975 = CARTESIAN_POINT('',(1.,0.));
#4976 = VECTOR('',#4977,1.);
#4977 = DIRECTION('',(0.,-1.));
#4978 = ( GEOMETRIC_REPRESENTATION_CONTEXT(2) 
PARAMETRIC_REPRESENTATION_CONTEXT() REPRESENTATION_CONTEXT('2D SPACE',''
  ) );
#4979 = ORIENTED_EDGE('',*,*,#4980,.T.);
#4980 = EDGE_CURVE('',#4958,#4909,#4981,.T.);
#4981 = SURFACE_CURVE('',#4982,(#4986,#4993),.PCURVE_S1.);
#4982 = B_SPLINE_CURVE_WITH_KNOTS('',2,(#4983,#4984,#4985),
  .UNSPECIFIED.,.F.,.F.,(3,3),(0.,1.),.PIECEWISE_BEZIER_KNOTS.);
#4983 = CARTESIAN_POINT('',(79.493408203125,4.601318359375,2.69));
#4984 = CARTESIAN_POINT('',(79.493408203125,4.763916015625,2.69));
#4985 = CARTESIAN_POINT('',(79.585693359375,4.9052734375,2.69));
#4986 = PCURVE('',#1282,#4987);
#4987 = DEFINITIONAL_REPRESENTATION('',(#4988),#4992);
#4988 = LINE('',#4989,#4990);
#4989 = CARTESIAN_POINT('',(0.,-0.5));
#4990 = VECTOR('',#4991,1.);
#4991 = DIRECTION('',(1.,0.));
#4992 = ( GEOMETRIC_REPRESENTATION_CONTEXT(2) 
PARAMETRIC_REPRESENTATION_CONTEXT() REPRESENTATION_CONTEXT('2D SPACE',''
  ) );
#4993 = PCURVE('',#3891,#4994);
#4994 = DEFINITIONAL_REPRESENTATION('',(#4995),#4999);
#4995 = B_SPLINE_CURVE_WITH_KNOTS('',2,(#4996,#4997,#4998),
  .UNSPECIFIED.,.F.,.F.,(3,3),(0.,1.),.PIECEWISE_BEZIER_KNOTS.);
#4996 = CARTESIAN_POINT('',(0.216796875,1.59228515625));
#4997 = CARTESIAN_POINT('',(0.216796875,1.7548828125));
#4998 = CARTESIAN_POINT('',(0.30908203125,1.896240234375));
#4999 = ( GEOMETRIC_REPRESENTATION_CONTEXT(2) 
PARAMETRIC_REPRESENTATION_CONTEXT() REPRESENTATION_CONTEXT('2D SPACE',''
  ) );
#5000 = ORIENTED_EDGE('',*,*,#4908,.F.);
#5001 = ADVANCED_FACE('',(#5002),#1237,.T.);
#5002 = FACE_BOUND('',#5003,.T.);
#5003 = EDGE_LOOP('',(#5004,#5005,#5028,#5049));
#5004 = ORIENTED_EDGE('',*,*,#1211,.T.);
#5005 = ORIENTED_EDGE('',*,*,#5006,.T.);
#5006 = EDGE_CURVE('',#1173,#5007,#5009,.T.);
#5007 = VERTEX_POINT('',#5008);
#5008 = CARTESIAN_POINT('',(79.56884765625,4.333984375,2.69));
#5009 = SURFACE_CURVE('',#5010,(#5014,#5021),.PCURVE_S1.);
#5010 = LINE('',#5011,#5012);
#5011 = CARTESIAN_POINT('',(79.56884765625,4.333984375,2.19));
#5012 = VECTOR('',#5013,1.);
#5013 = DIRECTION('',(0.,0.,1.));
#5014 = PCURVE('',#1237,#5015);
#5015 = DEFINITIONAL_REPRESENTATION('',(#5016),#5020);
#5016 = LINE('',#5017,#5018);
#5017 = CARTESIAN_POINT('',(0.,0.));
#5018 = VECTOR('',#5019,1.);
#5019 = DIRECTION('',(0.,-1.));
#5020 = ( GEOMETRIC_REPRESENTATION_CONTEXT(2) 
PARAMETRIC_REPRESENTATION_CONTEXT() REPRESENTATION_CONTEXT('2D SPACE',''
  ) );
#5021 = PCURVE('',#1194,#5022);
#5022 = DEFINITIONAL_REPRESENTATION('',(#5023),#5027);
#5023 = LINE('',#5024,#5025);
#5024 = CARTESIAN_POINT('',(1.,0.));
#5025 = VECTOR('',#5026,1.);
#5026 = DIRECTION('',(0.,-1.));
#5027 = ( GEOMETRIC_REPRESENTATION_CONTEXT(2) 
PARAMETRIC_REPRESENTATION_CONTEXT() REPRESENTATION_CONTEXT('2D SPACE',''
  ) );
#5028 = ORIENTED_EDGE('',*,*,#5029,.T.);
#5029 = EDGE_CURVE('',#5007,#4958,#5030,.T.);
#5030 = SURFACE_CURVE('',#5031,(#5035,#5042),.PCURVE_S1.);
#5031 = B_SPLINE_CURVE_WITH_KNOTS('',2,(#5032,#5033,#5034),
  .UNSPECIFIED.,.F.,.F.,(3,3),(0.,1.),.PIECEWISE_BEZIER_KNOTS.);
#5032 = CARTESIAN_POINT('',(79.56884765625,4.333984375,2.69));
#5033 = CARTESIAN_POINT('',(79.493408203125,4.453369140625,2.69));
#5034 = CARTESIAN_POINT('',(79.493408203125,4.601318359375,2.69));
#5035 = PCURVE('',#1237,#5036);
#5036 = DEFINITIONAL_REPRESENTATION('',(#5037),#5041);
#5037 = LINE('',#5038,#5039);
#5038 = CARTESIAN_POINT('',(0.,-0.5));
#5039 = VECTOR('',#5040,1.);
#5040 = DIRECTION('',(1.,0.));
#5041 = ( GEOMETRIC_REPRESENTATION_CONTEXT(2) 
PARAMETRIC_REPRESENTATION_CONTEXT() REPRESENTATION_CONTEXT('2D SPACE',''
  ) );
#5042 = PCURVE('',#3891,#5043);
#5043 = DEFINITIONAL_REPRESENTATION('',(#5044),#5048);
#5044 = B_SPLINE_CURVE_WITH_KNOTS('',2,(#5045,#5046,#5047),
  .UNSPECIFIED.,.F.,.F.,(3,3),(0.,1.),.PIECEWISE_BEZIER_KNOTS.);
#5045 = CARTESIAN_POINT('',(0.292236328125,1.324951171875));
#5046 = CARTESIAN_POINT('',(0.216796875,1.4443359375));
#5047 = CARTESIAN_POINT('',(0.216796875,1.59228515625));
#5048 = ( GEOMETRIC_REPRESENTATION_CONTEXT(2) 
PARAMETRIC_REPRESENTATION_CONTEXT() REPRESENTATION_CONTEXT('2D SPACE',''
  ) );
#5049 = ORIENTED_EDGE('',*,*,#4957,.F.);
#5050 = ADVANCED_FACE('',(#5051),#1194,.T.);
#5051 = FACE_BOUND('',#5052,.T.);
#5052 = EDGE_LOOP('',(#5053,#5054,#5077,#5098));
#5053 = ORIENTED_EDGE('',*,*,#1172,.T.);
#5054 = ORIENTED_EDGE('',*,*,#5055,.T.);
#5055 = EDGE_CURVE('',#1131,#5056,#5058,.T.);
#5056 = VERTEX_POINT('',#5057);
#5057 = CARTESIAN_POINT('',(79.798095703125,4.134033203125,2.69));
#5058 = SURFACE_CURVE('',#5059,(#5063,#5070),.PCURVE_S1.);
#5059 = LINE('',#5060,#5061);
#5060 = CARTESIAN_POINT('',(79.798095703125,4.134033203125,2.19));
#5061 = VECTOR('',#5062,1.);
#5062 = DIRECTION('',(0.,0.,1.));
#5063 = PCURVE('',#1194,#5064);
#5064 = DEFINITIONAL_REPRESENTATION('',(#5065),#5069);
#5065 = LINE('',#5066,#5067);
#5066 = CARTESIAN_POINT('',(0.,0.));
#5067 = VECTOR('',#5068,1.);
#5068 = DIRECTION('',(0.,-1.));
#5069 = ( GEOMETRIC_REPRESENTATION_CONTEXT(2) 
PARAMETRIC_REPRESENTATION_CONTEXT() REPRESENTATION_CONTEXT('2D SPACE',''
  ) );
#5070 = PCURVE('',#1154,#5071);
#5071 = DEFINITIONAL_REPRESENTATION('',(#5072),#5076);
#5072 = LINE('',#5073,#5074);
#5073 = CARTESIAN_POINT('',(1.,0.));
#5074 = VECTOR('',#5075,1.);
#5075 = DIRECTION('',(0.,-1.));
#5076 = ( GEOMETRIC_REPRESENTATION_CONTEXT(2) 
PARAMETRIC_REPRESENTATION_CONTEXT() REPRESENTATION_CONTEXT('2D SPACE',''
  ) );
#5077 = ORIENTED_EDGE('',*,*,#5078,.T.);
#5078 = EDGE_CURVE('',#5056,#5007,#5079,.T.);
#5079 = SURFACE_CURVE('',#5080,(#5084,#5091),.PCURVE_S1.);
#5080 = B_SPLINE_CURVE_WITH_KNOTS('',2,(#5081,#5082,#5083),
  .UNSPECIFIED.,.F.,.F.,(3,3),(0.,1.),.PIECEWISE_BEZIER_KNOTS.);
#5081 = CARTESIAN_POINT('',(79.798095703125,4.134033203125,2.69));
#5082 = CARTESIAN_POINT('',(79.644287109375,4.214599609375,2.69));
#5083 = CARTESIAN_POINT('',(79.56884765625,4.333984375,2.69));
#5084 = PCURVE('',#1194,#5085);
#5085 = DEFINITIONAL_REPRESENTATION('',(#5086),#5090);
#5086 = LINE('',#5087,#5088);
#5087 = CARTESIAN_POINT('',(0.,-0.5));
#5088 = VECTOR('',#5089,1.);
#5089 = DIRECTION('',(1.,0.));
#5090 = ( GEOMETRIC_REPRESENTATION_CONTEXT(2) 
PARAMETRIC_REPRESENTATION_CONTEXT() REPRESENTATION_CONTEXT('2D SPACE',''
  ) );
#5091 = PCURVE('',#3891,#5092);
#5092 = DEFINITIONAL_REPRESENTATION('',(#5093),#5097);
#5093 = B_SPLINE_CURVE_WITH_KNOTS('',2,(#5094,#5095,#5096),
  .UNSPECIFIED.,.F.,.F.,(3,3),(0.,1.),.PIECEWISE_BEZIER_KNOTS.);
#5094 = CARTESIAN_POINT('',(0.521484375,1.125));
#5095 = CARTESIAN_POINT('',(0.36767578125,1.20556640625));
#5096 = CARTESIAN_POINT('',(0.292236328125,1.324951171875));
#5097 = ( GEOMETRIC_REPRESENTATION_CONTEXT(2) 
PARAMETRIC_REPRESENTATION_CONTEXT() REPRESENTATION_CONTEXT('2D SPACE',''
  ) );
#5098 = ORIENTED_EDGE('',*,*,#5006,.F.);
#5099 = ADVANCED_FACE('',(#5100),#1154,.T.);
#5100 = FACE_BOUND('',#5101,.T.);
#5101 = EDGE_LOOP('',(#5102,#5103,#5126,#5147));
#5102 = ORIENTED_EDGE('',*,*,#1130,.T.);
#5103 = ORIENTED_EDGE('',*,*,#5104,.T.);
#5104 = EDGE_CURVE('',#1089,#5105,#5107,.T.);
#5105 = VERTEX_POINT('',#5106);
#5106 = CARTESIAN_POINT('',(80.212646484375,4.,2.69));
#5107 = SURFACE_CURVE('',#5108,(#5112,#5119),.PCURVE_S1.);
#5108 = LINE('',#5109,#5110);
#5109 = CARTESIAN_POINT('',(80.212646484375,4.,2.19));
#5110 = VECTOR('',#5111,1.);
#5111 = DIRECTION('',(0.,0.,1.));
#5112 = PCURVE('',#1154,#5113);
#5113 = DEFINITIONAL_REPRESENTATION('',(#5114),#5118);
#5114 = LINE('',#5115,#5116);
#5115 = CARTESIAN_POINT('',(0.,0.));
#5116 = VECTOR('',#5117,1.);
#5117 = DIRECTION('',(0.,-1.));
#5118 = ( GEOMETRIC_REPRESENTATION_CONTEXT(2) 
PARAMETRIC_REPRESENTATION_CONTEXT() REPRESENTATION_CONTEXT('2D SPACE',''
  ) );
#5119 = PCURVE('',#1112,#5120);
#5120 = DEFINITIONAL_REPRESENTATION('',(#5121),#5125);
#5121 = LINE('',#5122,#5123);
#5122 = CARTESIAN_POINT('',(1.,0.));
#5123 = VECTOR('',#5124,1.);
#5124 = DIRECTION('',(0.,-1.));
#5125 = ( GEOMETRIC_REPRESENTATION_CONTEXT(2) 
PARAMETRIC_REPRESENTATION_CONTEXT() REPRESENTATION_CONTEXT('2D SPACE',''
  ) );
#5126 = ORIENTED_EDGE('',*,*,#5127,.T.);
#5127 = EDGE_CURVE('',#5105,#5056,#5128,.T.);
#5128 = SURFACE_CURVE('',#5129,(#5133,#5140),.PCURVE_S1.);
#5129 = B_SPLINE_CURVE_WITH_KNOTS('',2,(#5130,#5131,#5132),
  .UNSPECIFIED.,.F.,.F.,(3,3),(0.,1.),.PIECEWISE_BEZIER_KNOTS.);
#5130 = CARTESIAN_POINT('',(80.212646484375,4.,2.69));
#5131 = CARTESIAN_POINT('',(79.916748046875,4.071044921875,2.69));
#5132 = CARTESIAN_POINT('',(79.798095703125,4.134033203125,2.69));
#5133 = PCURVE('',#1154,#5134);
#5134 = DEFINITIONAL_REPRESENTATION('',(#5135),#5139);
#5135 = LINE('',#5136,#5137);
#5136 = CARTESIAN_POINT('',(0.,-0.5));
#5137 = VECTOR('',#5138,1.);
#5138 = DIRECTION('',(1.,0.));
#5139 = ( GEOMETRIC_REPRESENTATION_CONTEXT(2) 
PARAMETRIC_REPRESENTATION_CONTEXT() REPRESENTATION_CONTEXT('2D SPACE',''
  ) );
#5140 = PCURVE('',#3891,#5141);
#5141 = DEFINITIONAL_REPRESENTATION('',(#5142),#5146);
#5142 = B_SPLINE_CURVE_WITH_KNOTS('',2,(#5143,#5144,#5145),
  .UNSPECIFIED.,.F.,.F.,(3,3),(0.,1.),.PIECEWISE_BEZIER_KNOTS.);
#5143 = CARTESIAN_POINT('',(0.93603515625,0.990966796875));
#5144 = CARTESIAN_POINT('',(0.64013671875,1.06201171875));
#5145 = CARTESIAN_POINT('',(0.521484375,1.125));
#5146 = ( GEOMETRIC_REPRESENTATION_CONTEXT(2) 
PARAMETRIC_REPRESENTATION_CONTEXT() REPRESENTATION_CONTEXT('2D SPACE',''
  ) );
#5147 = ORIENTED_EDGE('',*,*,#5055,.F.);
#5148 = ADVANCED_FACE('',(#5149),#1112,.T.);
#5149 = FACE_BOUND('',#5150,.T.);
#5150 = EDGE_LOOP('',(#5151,#5152,#5175,#5196));
#5151 = ORIENTED_EDGE('',*,*,#1088,.T.);
#5152 = ORIENTED_EDGE('',*,*,#5153,.T.);
#5153 = EDGE_CURVE('',#1050,#5154,#5156,.T.);
#5154 = VERTEX_POINT('',#5155);
#5155 = CARTESIAN_POINT('',(80.594970703125,3.895263671875,2.69));
#5156 = SURFACE_CURVE('',#5157,(#5161,#5168),.PCURVE_S1.);
#5157 = LINE('',#5158,#5159);
#5158 = CARTESIAN_POINT('',(80.594970703125,3.895263671875,2.19));
#5159 = VECTOR('',#5160,1.);
#5160 = DIRECTION('',(0.,0.,1.));
#5161 = PCURVE('',#1112,#5162);
#5162 = DEFINITIONAL_REPRESENTATION('',(#5163),#5167);
#5163 = LINE('',#5164,#5165);
#5164 = CARTESIAN_POINT('',(0.,0.));
#5165 = VECTOR('',#5166,1.);
#5166 = DIRECTION('',(0.,-1.));
#5167 = ( GEOMETRIC_REPRESENTATION_CONTEXT(2) 
PARAMETRIC_REPRESENTATION_CONTEXT() REPRESENTATION_CONTEXT('2D SPACE',''
  ) );
#5168 = PCURVE('',#1071,#5169);
#5169 = DEFINITIONAL_REPRESENTATION('',(#5170),#5174);
#5170 = LINE('',#5171,#5172);
#5171 = CARTESIAN_POINT('',(1.,0.));
#5172 = VECTOR('',#5173,1.);
#5173 = DIRECTION('',(0.,-1.));
#5174 = ( GEOMETRIC_REPRESENTATION_CONTEXT(2) 
PARAMETRIC_REPRESENTATION_CONTEXT() REPRESENTATION_CONTEXT('2D SPACE',''
  ) );
#5175 = ORIENTED_EDGE('',*,*,#5176,.T.);
#5176 = EDGE_CURVE('',#5154,#5105,#5177,.T.);
#5177 = SURFACE_CURVE('',#5178,(#5182,#5189),.PCURVE_S1.);
#5178 = B_SPLINE_CURVE_WITH_KNOTS('',2,(#5179,#5180,#5181),
  .UNSPECIFIED.,.F.,.F.,(3,3),(0.,1.),.PIECEWISE_BEZIER_KNOTS.);
#5179 = CARTESIAN_POINT('',(80.594970703125,3.895263671875,2.69));
#5180 = CARTESIAN_POINT('',(80.508544921875,3.928955078125,2.69));
#5181 = CARTESIAN_POINT('',(80.212646484375,4.,2.69));
#5182 = PCURVE('',#1112,#5183);
#5183 = DEFINITIONAL_REPRESENTATION('',(#5184),#5188);
#5184 = LINE('',#5185,#5186);
#5185 = CARTESIAN_POINT('',(0.,-0.5));
#5186 = VECTOR('',#5187,1.);
#5187 = DIRECTION('',(1.,0.));
#5188 = ( GEOMETRIC_REPRESENTATION_CONTEXT(2) 
PARAMETRIC_REPRESENTATION_CONTEXT() REPRESENTATION_CONTEXT('2D SPACE',''
  ) );
#5189 = PCURVE('',#3891,#5190);
#5190 = DEFINITIONAL_REPRESENTATION('',(#5191),#5195);
#5191 = B_SPLINE_CURVE_WITH_KNOTS('',2,(#5192,#5193,#5194),
  .UNSPECIFIED.,.F.,.F.,(3,3),(0.,1.),.PIECEWISE_BEZIER_KNOTS.);
#5192 = CARTESIAN_POINT('',(1.318359375,0.88623046875));
#5193 = CARTESIAN_POINT('',(1.23193359375,0.919921875));
#5194 = CARTESIAN_POINT('',(0.93603515625,0.990966796875));
#5195 = ( GEOMETRIC_REPRESENTATION_CONTEXT(2) 
PARAMETRIC_REPRESENTATION_CONTEXT() REPRESENTATION_CONTEXT('2D SPACE',''
  ) );
#5196 = ORIENTED_EDGE('',*,*,#5104,.F.);
#5197 = ADVANCED_FACE('',(#5198),#1071,.T.);
#5198 = FACE_BOUND('',#5199,.T.);
#5199 = EDGE_LOOP('',(#5200,#5201,#5224,#5245));
#5200 = ORIENTED_EDGE('',*,*,#1049,.T.);
#5201 = ORIENTED_EDGE('',*,*,#5202,.T.);
#5202 = EDGE_CURVE('',#1005,#5203,#5205,.T.);
#5203 = VERTEX_POINT('',#5204);
#5204 = CARTESIAN_POINT('',(80.788330078125,3.7685546875,2.69));
#5205 = SURFACE_CURVE('',#5206,(#5210,#5217),.PCURVE_S1.);
#5206 = LINE('',#5207,#5208);
#5207 = CARTESIAN_POINT('',(80.788330078125,3.7685546875,2.19));
#5208 = VECTOR('',#5209,1.);
#5209 = DIRECTION('',(0.,0.,1.));
#5210 = PCURVE('',#1071,#5211);
#5211 = DEFINITIONAL_REPRESENTATION('',(#5212),#5216);
#5212 = LINE('',#5213,#5214);
#5213 = CARTESIAN_POINT('',(0.,0.));
#5214 = VECTOR('',#5215,1.);
#5215 = DIRECTION('',(0.,-1.));
#5216 = ( GEOMETRIC_REPRESENTATION_CONTEXT(2) 
PARAMETRIC_REPRESENTATION_CONTEXT() REPRESENTATION_CONTEXT('2D SPACE',''
  ) );
#5217 = PCURVE('',#1030,#5218);
#5218 = DEFINITIONAL_REPRESENTATION('',(#5219),#5223);
#5219 = LINE('',#5220,#5221);
#5220 = CARTESIAN_POINT('',(1.,0.));
#5221 = VECTOR('',#5222,1.);
#5222 = DIRECTION('',(0.,-1.));
#5223 = ( GEOMETRIC_REPRESENTATION_CONTEXT(2) 
PARAMETRIC_REPRESENTATION_CONTEXT() REPRESENTATION_CONTEXT('2D SPACE',''
  ) );
#5224 = ORIENTED_EDGE('',*,*,#5225,.T.);
#5225 = EDGE_CURVE('',#5203,#5154,#5226,.T.);
#5226 = SURFACE_CURVE('',#5227,(#5231,#5238),.PCURVE_S1.);
#5227 = B_SPLINE_CURVE_WITH_KNOTS('',2,(#5228,#5229,#5230),
  .UNSPECIFIED.,.F.,.F.,(3,3),(0.,1.),.PIECEWISE_BEZIER_KNOTS.);
#5228 = CARTESIAN_POINT('',(80.788330078125,3.7685546875,2.69));
#5229 = CARTESIAN_POINT('',(80.729736328125,3.843994140625,2.69));
#5230 = CARTESIAN_POINT('',(80.594970703125,3.895263671875,2.69));
#5231 = PCURVE('',#1071,#5232);
#5232 = DEFINITIONAL_REPRESENTATION('',(#5233),#5237);
#5233 = LINE('',#5234,#5235);
#5234 = CARTESIAN_POINT('',(0.,-0.5));
#5235 = VECTOR('',#5236,1.);
#5236 = DIRECTION('',(1.,0.));
#5237 = ( GEOMETRIC_REPRESENTATION_CONTEXT(2) 
PARAMETRIC_REPRESENTATION_CONTEXT() REPRESENTATION_CONTEXT('2D SPACE',''
  ) );
#5238 = PCURVE('',#3891,#5239);
#5239 = DEFINITIONAL_REPRESENTATION('',(#5240),#5244);
#5240 = B_SPLINE_CURVE_WITH_KNOTS('',2,(#5241,#5242,#5243),
  .UNSPECIFIED.,.F.,.F.,(3,3),(0.,1.),.PIECEWISE_BEZIER_KNOTS.);
#5241 = CARTESIAN_POINT('',(1.51171875,0.759521484375));
#5242 = CARTESIAN_POINT('',(1.453125,0.8349609375));
#5243 = CARTESIAN_POINT('',(1.318359375,0.88623046875));
#5244 = ( GEOMETRIC_REPRESENTATION_CONTEXT(2) 
PARAMETRIC_REPRESENTATION_CONTEXT() REPRESENTATION_CONTEXT('2D SPACE',''
  ) );
#5245 = ORIENTED_EDGE('',*,*,#5153,.F.);
#5246 = ADVANCED_FACE('',(#5247),#1030,.T.);
#5247 = FACE_BOUND('',#5248,.T.);
#5248 = EDGE_LOOP('',(#5249,#5250,#5273,#5294));
#5249 = ORIENTED_EDGE('',*,*,#1004,.T.);
#5250 = ORIENTED_EDGE('',*,*,#5251,.T.);
#5251 = EDGE_CURVE('',#960,#5252,#5254,.T.);
#5252 = VERTEX_POINT('',#5253);
#5253 = CARTESIAN_POINT('',(80.846923828125,3.592041015625,2.69));
#5254 = SURFACE_CURVE('',#5255,(#5259,#5266),.PCURVE_S1.);
#5255 = LINE('',#5256,#5257);
#5256 = CARTESIAN_POINT('',(80.846923828125,3.592041015625,2.19));
#5257 = VECTOR('',#5258,1.);
#5258 = DIRECTION('',(0.,0.,1.));
#5259 = PCURVE('',#1030,#5260);
#5260 = DEFINITIONAL_REPRESENTATION('',(#5261),#5265);
#5261 = LINE('',#5262,#5263);
#5262 = CARTESIAN_POINT('',(0.,0.));
#5263 = VECTOR('',#5264,1.);
#5264 = DIRECTION('',(0.,-1.));
#5265 = ( GEOMETRIC_REPRESENTATION_CONTEXT(2) 
PARAMETRIC_REPRESENTATION_CONTEXT() REPRESENTATION_CONTEXT('2D SPACE',''
  ) );
#5266 = PCURVE('',#985,#5267);
#5267 = DEFINITIONAL_REPRESENTATION('',(#5268),#5272);
#5268 = LINE('',#5269,#5270);
#5269 = CARTESIAN_POINT('',(1.,0.));
#5270 = VECTOR('',#5271,1.);
#5271 = DIRECTION('',(0.,-1.));
#5272 = ( GEOMETRIC_REPRESENTATION_CONTEXT(2) 
PARAMETRIC_REPRESENTATION_CONTEXT() REPRESENTATION_CONTEXT('2D SPACE',''
  ) );
#5273 = ORIENTED_EDGE('',*,*,#5274,.T.);
#5274 = EDGE_CURVE('',#5252,#5203,#5275,.T.);
#5275 = SURFACE_CURVE('',#5276,(#5280,#5287),.PCURVE_S1.);
#5276 = B_SPLINE_CURVE_WITH_KNOTS('',2,(#5277,#5278,#5279),
  .UNSPECIFIED.,.F.,.F.,(3,3),(0.,1.),.PIECEWISE_BEZIER_KNOTS.);
#5277 = CARTESIAN_POINT('',(80.846923828125,3.592041015625,2.69));
#5278 = CARTESIAN_POINT('',(80.846923828125,3.693115234375,2.69));
#5279 = CARTESIAN_POINT('',(80.788330078125,3.7685546875,2.69));
#5280 = PCURVE('',#1030,#5281);
#5281 = DEFINITIONAL_REPRESENTATION('',(#5282),#5286);
#5282 = LINE('',#5283,#5284);
#5283 = CARTESIAN_POINT('',(0.,-0.5));
#5284 = VECTOR('',#5285,1.);
#5285 = DIRECTION('',(1.,0.));
#5286 = ( GEOMETRIC_REPRESENTATION_CONTEXT(2) 
PARAMETRIC_REPRESENTATION_CONTEXT() REPRESENTATION_CONTEXT('2D SPACE',''
  ) );
#5287 = PCURVE('',#3891,#5288);
#5288 = DEFINITIONAL_REPRESENTATION('',(#5289),#5293);
#5289 = B_SPLINE_CURVE_WITH_KNOTS('',2,(#5290,#5291,#5292),
  .UNSPECIFIED.,.F.,.F.,(3,3),(0.,1.),.PIECEWISE_BEZIER_KNOTS.);
#5290 = CARTESIAN_POINT('',(1.5703125,0.5830078125));
#5291 = CARTESIAN_POINT('',(1.5703125,0.68408203125));
#5292 = CARTESIAN_POINT('',(1.51171875,0.759521484375));
#5293 = ( GEOMETRIC_REPRESENTATION_CONTEXT(2) 
PARAMETRIC_REPRESENTATION_CONTEXT() REPRESENTATION_CONTEXT('2D SPACE',''
  ) );
#5294 = ORIENTED_EDGE('',*,*,#5202,.F.);
#5295 = ADVANCED_FACE('',(#5296),#985,.T.);
#5296 = FACE_BOUND('',#5297,.T.);
#5297 = EDGE_LOOP('',(#5298,#5299,#5322,#5343));
#5298 = ORIENTED_EDGE('',*,*,#959,.T.);
#5299 = ORIENTED_EDGE('',*,*,#5300,.T.);
#5300 = EDGE_CURVE('',#921,#5301,#5303,.T.);
#5301 = VERTEX_POINT('',#5302);
#5302 = CARTESIAN_POINT('',(80.7861328125,3.408203125,2.69));
#5303 = SURFACE_CURVE('',#5304,(#5308,#5315),.PCURVE_S1.);
#5304 = LINE('',#5305,#5306);
#5305 = CARTESIAN_POINT('',(80.7861328125,3.408203125,2.19));
#5306 = VECTOR('',#5307,1.);
#5307 = DIRECTION('',(0.,0.,1.));
#5308 = PCURVE('',#985,#5309);
#5309 = DEFINITIONAL_REPRESENTATION('',(#5310),#5314);
#5310 = LINE('',#5311,#5312);
#5311 = CARTESIAN_POINT('',(0.,0.));
#5312 = VECTOR('',#5313,1.);
#5313 = DIRECTION('',(0.,-1.));
#5314 = ( GEOMETRIC_REPRESENTATION_CONTEXT(2) 
PARAMETRIC_REPRESENTATION_CONTEXT() REPRESENTATION_CONTEXT('2D SPACE',''
  ) );
#5315 = PCURVE('',#942,#5316);
#5316 = DEFINITIONAL_REPRESENTATION('',(#5317),#5321);
#5317 = LINE('',#5318,#5319);
#5318 = CARTESIAN_POINT('',(1.,0.));
#5319 = VECTOR('',#5320,1.);
#5320 = DIRECTION('',(0.,-1.));
#5321 = ( GEOMETRIC_REPRESENTATION_CONTEXT(2) 
PARAMETRIC_REPRESENTATION_CONTEXT() REPRESENTATION_CONTEXT('2D SPACE',''
  ) );
#5322 = ORIENTED_EDGE('',*,*,#5323,.T.);
#5323 = EDGE_CURVE('',#5301,#5252,#5324,.T.);
#5324 = SURFACE_CURVE('',#5325,(#5329,#5336),.PCURVE_S1.);
#5325 = B_SPLINE_CURVE_WITH_KNOTS('',2,(#5326,#5327,#5328),
  .UNSPECIFIED.,.F.,.F.,(3,3),(0.,1.),.PIECEWISE_BEZIER_KNOTS.);
#5326 = CARTESIAN_POINT('',(80.7861328125,3.408203125,2.69));
#5327 = CARTESIAN_POINT('',(80.846923828125,3.492431640625,2.69));
#5328 = CARTESIAN_POINT('',(80.846923828125,3.592041015625,2.69));
#5329 = PCURVE('',#985,#5330);
#5330 = DEFINITIONAL_REPRESENTATION('',(#5331),#5335);
#5331 = LINE('',#5332,#5333);
#5332 = CARTESIAN_POINT('',(0.,-0.5));
#5333 = VECTOR('',#5334,1.);
#5334 = DIRECTION('',(1.,0.));
#5335 = ( GEOMETRIC_REPRESENTATION_CONTEXT(2) 
PARAMETRIC_REPRESENTATION_CONTEXT() REPRESENTATION_CONTEXT('2D SPACE',''
  ) );
#5336 = PCURVE('',#3891,#5337);
#5337 = DEFINITIONAL_REPRESENTATION('',(#5338),#5342);
#5338 = B_SPLINE_CURVE_WITH_KNOTS('',2,(#5339,#5340,#5341),
  .UNSPECIFIED.,.F.,.F.,(3,3),(0.,1.),.PIECEWISE_BEZIER_KNOTS.);
#5339 = CARTESIAN_POINT('',(1.509521484375,0.399169921875));
#5340 = CARTESIAN_POINT('',(1.5703125,0.4833984375));
#5341 = CARTESIAN_POINT('',(1.5703125,0.5830078125));
#5342 = ( GEOMETRIC_REPRESENTATION_CONTEXT(2) 
PARAMETRIC_REPRESENTATION_CONTEXT() REPRESENTATION_CONTEXT('2D SPACE',''
  ) );
#5343 = ORIENTED_EDGE('',*,*,#5251,.F.);
#5344 = ADVANCED_FACE('',(#5345),#942,.T.);
#5345 = FACE_BOUND('',#5346,.T.);
#5346 = EDGE_LOOP('',(#5347,#5348,#5371,#5392));
#5347 = ORIENTED_EDGE('',*,*,#920,.T.);
#5348 = ORIENTED_EDGE('',*,*,#5349,.T.);
#5349 = EDGE_CURVE('',#882,#5350,#5352,.T.);
#5350 = VERTEX_POINT('',#5351);
#5351 = CARTESIAN_POINT('',(80.600830078125,3.275634765625,2.69));
#5352 = SURFACE_CURVE('',#5353,(#5357,#5364),.PCURVE_S1.);
#5353 = LINE('',#5354,#5355);
#5354 = CARTESIAN_POINT('',(80.600830078125,3.275634765625,2.19));
#5355 = VECTOR('',#5356,1.);
#5356 = DIRECTION('',(0.,0.,1.));
#5357 = PCURVE('',#942,#5358);
#5358 = DEFINITIONAL_REPRESENTATION('',(#5359),#5363);
#5359 = LINE('',#5360,#5361);
#5360 = CARTESIAN_POINT('',(0.,0.));
#5361 = VECTOR('',#5362,1.);
#5362 = DIRECTION('',(0.,-1.));
#5363 = ( GEOMETRIC_REPRESENTATION_CONTEXT(2) 
PARAMETRIC_REPRESENTATION_CONTEXT() REPRESENTATION_CONTEXT('2D SPACE',''
  ) );
#5364 = PCURVE('',#903,#5365);
#5365 = DEFINITIONAL_REPRESENTATION('',(#5366),#5370);
#5366 = LINE('',#5367,#5368);
#5367 = CARTESIAN_POINT('',(1.,0.));
#5368 = VECTOR('',#5369,1.);
#5369 = DIRECTION('',(0.,-1.));
#5370 = ( GEOMETRIC_REPRESENTATION_CONTEXT(2) 
PARAMETRIC_REPRESENTATION_CONTEXT() REPRESENTATION_CONTEXT('2D SPACE',''
  ) );
#5371 = ORIENTED_EDGE('',*,*,#5372,.T.);
#5372 = EDGE_CURVE('',#5350,#5301,#5373,.T.);
#5373 = SURFACE_CURVE('',#5374,(#5378,#5385),.PCURVE_S1.);
#5374 = B_SPLINE_CURVE_WITH_KNOTS('',2,(#5375,#5376,#5377),
  .UNSPECIFIED.,.F.,.F.,(3,3),(0.,1.),.PIECEWISE_BEZIER_KNOTS.);
#5375 = CARTESIAN_POINT('',(80.600830078125,3.275634765625,2.69));
#5376 = CARTESIAN_POINT('',(80.725341796875,3.323974609375,2.69));
#5377 = CARTESIAN_POINT('',(80.7861328125,3.408203125,2.69));
#5378 = PCURVE('',#942,#5379);
#5379 = DEFINITIONAL_REPRESENTATION('',(#5380),#5384);
#5380 = LINE('',#5381,#5382);
#5381 = CARTESIAN_POINT('',(0.,-0.5));
#5382 = VECTOR('',#5383,1.);
#5383 = DIRECTION('',(1.,0.));
#5384 = ( GEOMETRIC_REPRESENTATION_CONTEXT(2) 
PARAMETRIC_REPRESENTATION_CONTEXT() REPRESENTATION_CONTEXT('2D SPACE',''
  ) );
#5385 = PCURVE('',#3891,#5386);
#5386 = DEFINITIONAL_REPRESENTATION('',(#5387),#5391);
#5387 = B_SPLINE_CURVE_WITH_KNOTS('',2,(#5388,#5389,#5390),
  .UNSPECIFIED.,.F.,.F.,(3,3),(0.,1.),.PIECEWISE_BEZIER_KNOTS.);
#5388 = CARTESIAN_POINT('',(1.32421875,0.2666015625));
#5389 = CARTESIAN_POINT('',(1.44873046875,0.31494140625));
#5390 = CARTESIAN_POINT('',(1.509521484375,0.399169921875));
#5391 = ( GEOMETRIC_REPRESENTATION_CONTEXT(2) 
PARAMETRIC_REPRESENTATION_CONTEXT() REPRESENTATION_CONTEXT('2D SPACE',''
  ) );
#5392 = ORIENTED_EDGE('',*,*,#5300,.F.);
#5393 = ADVANCED_FACE('',(#5394),#903,.T.);
#5394 = FACE_BOUND('',#5395,.T.);
#5395 = EDGE_LOOP('',(#5396,#5397,#5420,#5441));
#5396 = ORIENTED_EDGE('',*,*,#881,.T.);
#5397 = ORIENTED_EDGE('',*,*,#5398,.T.);
#5398 = EDGE_CURVE('',#843,#5399,#5401,.T.);
#5399 = VERTEX_POINT('',#5400);
#5400 = CARTESIAN_POINT('',(80.313720703125,3.227294921875,2.69));
#5401 = SURFACE_CURVE('',#5402,(#5406,#5413),.PCURVE_S1.);
#5402 = LINE('',#5403,#5404);
#5403 = CARTESIAN_POINT('',(80.313720703125,3.227294921875,2.19));
#5404 = VECTOR('',#5405,1.);
#5405 = DIRECTION('',(0.,0.,1.));
#5406 = PCURVE('',#903,#5407);
#5407 = DEFINITIONAL_REPRESENTATION('',(#5408),#5412);
#5408 = LINE('',#5409,#5410);
#5409 = CARTESIAN_POINT('',(0.,0.));
#5410 = VECTOR('',#5411,1.);
#5411 = DIRECTION('',(0.,-1.));
#5412 = ( GEOMETRIC_REPRESENTATION_CONTEXT(2) 
PARAMETRIC_REPRESENTATION_CONTEXT() REPRESENTATION_CONTEXT('2D SPACE',''
  ) );
#5413 = PCURVE('',#864,#5414);
#5414 = DEFINITIONAL_REPRESENTATION('',(#5415),#5419);
#5415 = LINE('',#5416,#5417);
#5416 = CARTESIAN_POINT('',(1.,0.));
#5417 = VECTOR('',#5418,1.);
#5418 = DIRECTION('',(0.,-1.));
#5419 = ( GEOMETRIC_REPRESENTATION_CONTEXT(2) 
PARAMETRIC_REPRESENTATION_CONTEXT() REPRESENTATION_CONTEXT('2D SPACE',''
  ) );
#5420 = ORIENTED_EDGE('',*,*,#5421,.T.);
#5421 = EDGE_CURVE('',#5399,#5350,#5422,.T.);
#5422 = SURFACE_CURVE('',#5423,(#5427,#5434),.PCURVE_S1.);
#5423 = B_SPLINE_CURVE_WITH_KNOTS('',2,(#5424,#5425,#5426),
  .UNSPECIFIED.,.F.,.F.,(3,3),(0.,1.),.PIECEWISE_BEZIER_KNOTS.);
#5424 = CARTESIAN_POINT('',(80.313720703125,3.227294921875,2.69));
#5425 = CARTESIAN_POINT('',(80.476318359375,3.227294921875,2.69));
#5426 = CARTESIAN_POINT('',(80.600830078125,3.275634765625,2.69));
#5427 = PCURVE('',#903,#5428);
#5428 = DEFINITIONAL_REPRESENTATION('',(#5429),#5433);
#5429 = LINE('',#5430,#5431);
#5430 = CARTESIAN_POINT('',(0.,-0.5));
#5431 = VECTOR('',#5432,1.);
#5432 = DIRECTION('',(1.,0.));
#5433 = ( GEOMETRIC_REPRESENTATION_CONTEXT(2) 
PARAMETRIC_REPRESENTATION_CONTEXT() REPRESENTATION_CONTEXT('2D SPACE',''
  ) );
#5434 = PCURVE('',#3891,#5435);
#5435 = DEFINITIONAL_REPRESENTATION('',(#5436),#5440);
#5436 = B_SPLINE_CURVE_WITH_KNOTS('',2,(#5437,#5438,#5439),
  .UNSPECIFIED.,.F.,.F.,(3,3),(0.,1.),.PIECEWISE_BEZIER_KNOTS.);
#5437 = CARTESIAN_POINT('',(1.037109375,0.21826171875));
#5438 = CARTESIAN_POINT('',(1.19970703125,0.21826171875));
#5439 = CARTESIAN_POINT('',(1.32421875,0.2666015625));
#5440 = ( GEOMETRIC_REPRESENTATION_CONTEXT(2) 
PARAMETRIC_REPRESENTATION_CONTEXT() REPRESENTATION_CONTEXT('2D SPACE',''
  ) );
#5441 = ORIENTED_EDGE('',*,*,#5349,.F.);
#5442 = ADVANCED_FACE('',(#5443),#864,.T.);
#5443 = FACE_BOUND('',#5444,.T.);
#5444 = EDGE_LOOP('',(#5445,#5446,#5469,#5490));
#5445 = ORIENTED_EDGE('',*,*,#842,.T.);
#5446 = ORIENTED_EDGE('',*,*,#5447,.T.);
#5447 = EDGE_CURVE('',#804,#5448,#5450,.T.);
#5448 = VERTEX_POINT('',#5449);
#5449 = CARTESIAN_POINT('',(79.984130859375,3.291015625,2.69));
#5450 = SURFACE_CURVE('',#5451,(#5455,#5462),.PCURVE_S1.);
#5451 = LINE('',#5452,#5453);
#5452 = CARTESIAN_POINT('',(79.984130859375,3.291015625,2.19));
#5453 = VECTOR('',#5454,1.);
#5454 = DIRECTION('',(0.,0.,1.));
#5455 = PCURVE('',#864,#5456);
#5456 = DEFINITIONAL_REPRESENTATION('',(#5457),#5461);
#5457 = LINE('',#5458,#5459);
#5458 = CARTESIAN_POINT('',(0.,0.));
#5459 = VECTOR('',#5460,1.);
#5460 = DIRECTION('',(0.,-1.));
#5461 = ( GEOMETRIC_REPRESENTATION_CONTEXT(2) 
PARAMETRIC_REPRESENTATION_CONTEXT() REPRESENTATION_CONTEXT('2D SPACE',''
  ) );
#5462 = PCURVE('',#825,#5463);
#5463 = DEFINITIONAL_REPRESENTATION('',(#5464),#5468);
#5464 = LINE('',#5465,#5466);
#5465 = CARTESIAN_POINT('',(1.,0.));
#5466 = VECTOR('',#5467,1.);
#5467 = DIRECTION('',(0.,-1.));
#5468 = ( GEOMETRIC_REPRESENTATION_CONTEXT(2) 
PARAMETRIC_REPRESENTATION_CONTEXT() REPRESENTATION_CONTEXT('2D SPACE',''
  ) );
#5469 = ORIENTED_EDGE('',*,*,#5470,.T.);
#5470 = EDGE_CURVE('',#5448,#5399,#5471,.T.);
#5471 = SURFACE_CURVE('',#5472,(#5476,#5483),.PCURVE_S1.);
#5472 = B_SPLINE_CURVE_WITH_KNOTS('',2,(#5473,#5474,#5475),
  .UNSPECIFIED.,.F.,.F.,(3,3),(0.,1.),.PIECEWISE_BEZIER_KNOTS.);
#5473 = CARTESIAN_POINT('',(79.984130859375,3.291015625,2.69));
#5474 = CARTESIAN_POINT('',(80.130615234375,3.227294921875,2.69));
#5475 = CARTESIAN_POINT('',(80.313720703125,3.227294921875,2.69));
#5476 = PCURVE('',#864,#5477);
#5477 = DEFINITIONAL_REPRESENTATION('',(#5478),#5482);
#5478 = LINE('',#5479,#5480);
#5479 = CARTESIAN_POINT('',(0.,-0.5));
#5480 = VECTOR('',#5481,1.);
#5481 = DIRECTION('',(1.,0.));
#5482 = ( GEOMETRIC_REPRESENTATION_CONTEXT(2) 
PARAMETRIC_REPRESENTATION_CONTEXT() REPRESENTATION_CONTEXT('2D SPACE',''
  ) );
#5483 = PCURVE('',#3891,#5484);
#5484 = DEFINITIONAL_REPRESENTATION('',(#5485),#5489);
#5485 = B_SPLINE_CURVE_WITH_KNOTS('',2,(#5486,#5487,#5488),
  .UNSPECIFIED.,.F.,.F.,(3,3),(0.,1.),.PIECEWISE_BEZIER_KNOTS.);
#5486 = CARTESIAN_POINT('',(0.70751953125,0.281982421875));
#5487 = CARTESIAN_POINT('',(0.85400390625,0.21826171875));
#5488 = CARTESIAN_POINT('',(1.037109375,0.21826171875));
#5489 = ( GEOMETRIC_REPRESENTATION_CONTEXT(2) 
PARAMETRIC_REPRESENTATION_CONTEXT() REPRESENTATION_CONTEXT('2D SPACE',''
  ) );
#5490 = ORIENTED_EDGE('',*,*,#5398,.F.);
#5491 = ADVANCED_FACE('',(#5492),#825,.T.);
#5492 = FACE_BOUND('',#5493,.T.);
#5493 = EDGE_LOOP('',(#5494,#5495,#5518,#5539));
#5494 = ORIENTED_EDGE('',*,*,#803,.T.);
#5495 = ORIENTED_EDGE('',*,*,#5496,.T.);
#5496 = EDGE_CURVE('',#765,#5497,#5499,.T.);
#5497 = VERTEX_POINT('',#5498);
#5498 = CARTESIAN_POINT('',(79.76806640625,3.4580078125,2.69));
#5499 = SURFACE_CURVE('',#5500,(#5504,#5511),.PCURVE_S1.);
#5500 = LINE('',#5501,#5502);
#5501 = CARTESIAN_POINT('',(79.76806640625,3.4580078125,2.19));
#5502 = VECTOR('',#5503,1.);
#5503 = DIRECTION('',(0.,0.,1.));
#5504 = PCURVE('',#825,#5505);
#5505 = DEFINITIONAL_REPRESENTATION('',(#5506),#5510);
#5506 = LINE('',#5507,#5508);
#5507 = CARTESIAN_POINT('',(0.,0.));
#5508 = VECTOR('',#5509,1.);
#5509 = DIRECTION('',(0.,-1.));
#5510 = ( GEOMETRIC_REPRESENTATION_CONTEXT(2) 
PARAMETRIC_REPRESENTATION_CONTEXT() REPRESENTATION_CONTEXT('2D SPACE',''
  ) );
#5511 = PCURVE('',#786,#5512);
#5512 = DEFINITIONAL_REPRESENTATION('',(#5513),#5517);
#5513 = LINE('',#5514,#5515);
#5514 = CARTESIAN_POINT('',(1.,0.));
#5515 = VECTOR('',#5516,1.);
#5516 = DIRECTION('',(0.,-1.));
#5517 = ( GEOMETRIC_REPRESENTATION_CONTEXT(2) 
PARAMETRIC_REPRESENTATION_CONTEXT() REPRESENTATION_CONTEXT('2D SPACE',''
  ) );
#5518 = ORIENTED_EDGE('',*,*,#5519,.T.);
#5519 = EDGE_CURVE('',#5497,#5448,#5520,.T.);
#5520 = SURFACE_CURVE('',#5521,(#5525,#5532),.PCURVE_S1.);
#5521 = B_SPLINE_CURVE_WITH_KNOTS('',2,(#5522,#5523,#5524),
  .UNSPECIFIED.,.F.,.F.,(3,3),(0.,1.),.PIECEWISE_BEZIER_KNOTS.);
#5522 = CARTESIAN_POINT('',(79.76806640625,3.4580078125,2.69));
#5523 = CARTESIAN_POINT('',(79.837646484375,3.354736328125,2.69));
#5524 = CARTESIAN_POINT('',(79.984130859375,3.291015625,2.69));
#5525 = PCURVE('',#825,#5526);
#5526 = DEFINITIONAL_REPRESENTATION('',(#5527),#5531);
#5527 = LINE('',#5528,#5529);
#5528 = CARTESIAN_POINT('',(0.,-0.5));
#5529 = VECTOR('',#5530,1.);
#5530 = DIRECTION('',(1.,0.));
#5531 = ( GEOMETRIC_REPRESENTATION_CONTEXT(2) 
PARAMETRIC_REPRESENTATION_CONTEXT() REPRESENTATION_CONTEXT('2D SPACE',''
  ) );
#5532 = PCURVE('',#3891,#5533);
#5533 = DEFINITIONAL_REPRESENTATION('',(#5534),#5538);
#5534 = B_SPLINE_CURVE_WITH_KNOTS('',2,(#5535,#5536,#5537),
  .UNSPECIFIED.,.F.,.F.,(3,3),(0.,1.),.PIECEWISE_BEZIER_KNOTS.);
#5535 = CARTESIAN_POINT('',(0.491455078125,0.448974609375));
#5536 = CARTESIAN_POINT('',(0.56103515625,0.345703125));
#5537 = CARTESIAN_POINT('',(0.70751953125,0.281982421875));
#5538 = ( GEOMETRIC_REPRESENTATION_CONTEXT(2) 
PARAMETRIC_REPRESENTATION_CONTEXT() REPRESENTATION_CONTEXT('2D SPACE',''
  ) );
#5539 = ORIENTED_EDGE('',*,*,#5447,.F.);
#5540 = ADVANCED_FACE('',(#5541),#786,.T.);
#5541 = FACE_BOUND('',#5542,.T.);
#5542 = EDGE_LOOP('',(#5543,#5544,#5545,#5566));
#5543 = ORIENTED_EDGE('',*,*,#764,.T.);
#5544 = ORIENTED_EDGE('',*,*,#3903,.T.);
#5545 = ORIENTED_EDGE('',*,*,#5546,.T.);
#5546 = EDGE_CURVE('',#3876,#5497,#5547,.T.);
#5547 = SURFACE_CURVE('',#5548,(#5552,#5559),.PCURVE_S1.);
#5548 = B_SPLINE_CURVE_WITH_KNOTS('',2,(#5549,#5550,#5551),
  .UNSPECIFIED.,.F.,.F.,(3,3),(0.,1.),.PIECEWISE_BEZIER_KNOTS.);
#5549 = CARTESIAN_POINT('',(79.679443359375,3.722412109375,2.69));
#5550 = CARTESIAN_POINT('',(79.698486328125,3.561279296875,2.69));
#5551 = CARTESIAN_POINT('',(79.76806640625,3.4580078125,2.69));
#5552 = PCURVE('',#786,#5553);
#5553 = DEFINITIONAL_REPRESENTATION('',(#5554),#5558);
#5554 = LINE('',#5555,#5556);
#5555 = CARTESIAN_POINT('',(0.,-0.5));
#5556 = VECTOR('',#5557,1.);
#5557 = DIRECTION('',(1.,0.));
#5558 = ( GEOMETRIC_REPRESENTATION_CONTEXT(2) 
PARAMETRIC_REPRESENTATION_CONTEXT() REPRESENTATION_CONTEXT('2D SPACE',''
  ) );
#5559 = PCURVE('',#3891,#5560);
#5560 = DEFINITIONAL_REPRESENTATION('',(#5561),#5565);
#5561 = B_SPLINE_CURVE_WITH_KNOTS('',2,(#5562,#5563,#5564),
  .UNSPECIFIED.,.F.,.F.,(3,3),(0.,1.),.PIECEWISE_BEZIER_KNOTS.);
#5562 = CARTESIAN_POINT('',(0.40283203125,0.71337890625));
#5563 = CARTESIAN_POINT('',(0.421875,0.55224609375));
#5564 = CARTESIAN_POINT('',(0.491455078125,0.448974609375));
#5565 = ( GEOMETRIC_REPRESENTATION_CONTEXT(2) 
PARAMETRIC_REPRESENTATION_CONTEXT() REPRESENTATION_CONTEXT('2D SPACE',''
  ) );
#5566 = ORIENTED_EDGE('',*,*,#5496,.F.);
#5567 = ADVANCED_FACE('',(#5568),#2259,.T.);
#5568 = FACE_BOUND('',#5569,.T.);
#5569 = EDGE_LOOP('',(#5570,#5571,#5594,#5622));
#5570 = ORIENTED_EDGE('',*,*,#2242,.T.);
#5571 = ORIENTED_EDGE('',*,*,#5572,.T.);
#5572 = EDGE_CURVE('',#2245,#5573,#5575,.T.);
#5573 = VERTEX_POINT('',#5574);
#5574 = CARTESIAN_POINT('',(82.395263671875,5.165283203125,2.69));
#5575 = SURFACE_CURVE('',#5576,(#5580,#5587),.PCURVE_S1.);
#5576 = LINE('',#5577,#5578);
#5577 = CARTESIAN_POINT('',(82.395263671875,5.165283203125,2.19));
#5578 = VECTOR('',#5579,1.);
#5579 = DIRECTION('',(0.,0.,1.));
#5580 = PCURVE('',#2259,#5581);
#5581 = DEFINITIONAL_REPRESENTATION('',(#5582),#5586);
#5582 = LINE('',#5583,#5584);
#5583 = CARTESIAN_POINT('',(0.,0.));
#5584 = VECTOR('',#5585,1.);
#5585 = DIRECTION('',(0.,-1.));
#5586 = ( GEOMETRIC_REPRESENTATION_CONTEXT(2) 
PARAMETRIC_REPRESENTATION_CONTEXT() REPRESENTATION_CONTEXT('2D SPACE',''
  ) );
#5587 = PCURVE('',#2517,#5588);
#5588 = DEFINITIONAL_REPRESENTATION('',(#5589),#5593);
#5589 = LINE('',#5590,#5591);
#5590 = CARTESIAN_POINT('',(0.169921875,0.));
#5591 = VECTOR('',#5592,1.);
#5592 = DIRECTION('',(0.,-1.));
#5593 = ( GEOMETRIC_REPRESENTATION_CONTEXT(2) 
PARAMETRIC_REPRESENTATION_CONTEXT() REPRESENTATION_CONTEXT('2D SPACE',''
  ) );
#5594 = ORIENTED_EDGE('',*,*,#5595,.T.);
#5595 = EDGE_CURVE('',#5573,#5596,#5598,.T.);
#5596 = VERTEX_POINT('',#5597);
#5597 = CARTESIAN_POINT('',(82.395263671875,3.009033203125,2.69));
#5598 = SURFACE_CURVE('',#5599,(#5603,#5610),.PCURVE_S1.);
#5599 = LINE('',#5600,#5601);
#5600 = CARTESIAN_POINT('',(82.395263671875,5.165283203125,2.69));
#5601 = VECTOR('',#5602,1.);
#5602 = DIRECTION('',(0.,-1.,0.));
#5603 = PCURVE('',#2259,#5604);
#5604 = DEFINITIONAL_REPRESENTATION('',(#5605),#5609);
#5605 = LINE('',#5606,#5607);
#5606 = CARTESIAN_POINT('',(0.,-0.5));
#5607 = VECTOR('',#5608,1.);
#5608 = DIRECTION('',(1.,0.));
#5609 = ( GEOMETRIC_REPRESENTATION_CONTEXT(2) 
PARAMETRIC_REPRESENTATION_CONTEXT() REPRESENTATION_CONTEXT('2D SPACE',''
  ) );
#5610 = PCURVE('',#5611,#5616);
#5611 = PLANE('',#5612);
#5612 = AXIS2_PLACEMENT_3D('',#5613,#5614,#5615);
#5613 = CARTESIAN_POINT('',(81.277587890625,3.009033203125,2.69));
#5614 = DIRECTION('',(0.,0.,1.));
#5615 = DIRECTION('',(1.,0.,0.));
#5616 = DEFINITIONAL_REPRESENTATION('',(#5617),#5621);
#5617 = LINE('',#5618,#5619);
#5618 = CARTESIAN_POINT('',(1.11767578125,2.15625));
#5619 = VECTOR('',#5620,1.);
#5620 = DIRECTION('',(0.,-1.));
#5621 = ( GEOMETRIC_REPRESENTATION_CONTEXT(2) 
PARAMETRIC_REPRESENTATION_CONTEXT() REPRESENTATION_CONTEXT('2D SPACE',''
  ) );
#5622 = ORIENTED_EDGE('',*,*,#5623,.F.);
#5623 = EDGE_CURVE('',#2243,#5596,#5624,.T.);
#5624 = SURFACE_CURVE('',#5625,(#5629,#5636),.PCURVE_S1.);
#5625 = LINE('',#5626,#5627);
#5626 = CARTESIAN_POINT('',(82.395263671875,3.009033203125,2.19));
#5627 = VECTOR('',#5628,1.);
#5628 = DIRECTION('',(0.,0.,1.));
#5629 = PCURVE('',#2259,#5630);
#5630 = DEFINITIONAL_REPRESENTATION('',(#5631),#5635);
#5631 = LINE('',#5632,#5633);
#5632 = CARTESIAN_POINT('',(2.15625,0.));
#5633 = VECTOR('',#5634,1.);
#5634 = DIRECTION('',(0.,-1.));
#5635 = ( GEOMETRIC_REPRESENTATION_CONTEXT(2) 
PARAMETRIC_REPRESENTATION_CONTEXT() REPRESENTATION_CONTEXT('2D SPACE',''
  ) );
#5636 = PCURVE('',#2285,#5637);
#5637 = DEFINITIONAL_REPRESENTATION('',(#5638),#5642);
#5638 = LINE('',#5639,#5640);
#5639 = CARTESIAN_POINT('',(0.,-0.));
#5640 = VECTOR('',#5641,1.);
#5641 = DIRECTION('',(0.,-1.));
#5642 = ( GEOMETRIC_REPRESENTATION_CONTEXT(2) 
PARAMETRIC_REPRESENTATION_CONTEXT() REPRESENTATION_CONTEXT('2D SPACE',''
  ) );
#5643 = ADVANCED_FACE('',(#5644),#2517,.T.);
#5644 = FACE_BOUND('',#5645,.T.);
#5645 = EDGE_LOOP('',(#5646,#5647,#5670,#5691));
#5646 = ORIENTED_EDGE('',*,*,#2504,.T.);
#5647 = ORIENTED_EDGE('',*,*,#5648,.T.);
#5648 = EDGE_CURVE('',#2466,#5649,#5651,.T.);
#5649 = VERTEX_POINT('',#5650);
#5650 = CARTESIAN_POINT('',(82.225341796875,5.165283203125,2.69));
#5651 = SURFACE_CURVE('',#5652,(#5656,#5663),.PCURVE_S1.);
#5652 = LINE('',#5653,#5654);
#5653 = CARTESIAN_POINT('',(82.225341796875,5.165283203125,2.19));
#5654 = VECTOR('',#5655,1.);
#5655 = DIRECTION('',(0.,0.,1.));
#5656 = PCURVE('',#2517,#5657);
#5657 = DEFINITIONAL_REPRESENTATION('',(#5658),#5662);
#5658 = LINE('',#5659,#5660);
#5659 = CARTESIAN_POINT('',(0.,0.));
#5660 = VECTOR('',#5661,1.);
#5661 = DIRECTION('',(0.,-1.));
#5662 = ( GEOMETRIC_REPRESENTATION_CONTEXT(2) 
PARAMETRIC_REPRESENTATION_CONTEXT() REPRESENTATION_CONTEXT('2D SPACE',''
  ) );
#5663 = PCURVE('',#2487,#5664);
#5664 = DEFINITIONAL_REPRESENTATION('',(#5665),#5669);
#5665 = LINE('',#5666,#5667);
#5666 = CARTESIAN_POINT('',(1.,0.));
#5667 = VECTOR('',#5668,1.);
#5668 = DIRECTION('',(0.,-1.));
#5669 = ( GEOMETRIC_REPRESENTATION_CONTEXT(2) 
PARAMETRIC_REPRESENTATION_CONTEXT() REPRESENTATION_CONTEXT('2D SPACE',''
  ) );
#5670 = ORIENTED_EDGE('',*,*,#5671,.T.);
#5671 = EDGE_CURVE('',#5649,#5573,#5672,.T.);
#5672 = SURFACE_CURVE('',#5673,(#5677,#5684),.PCURVE_S1.);
#5673 = LINE('',#5674,#5675);
#5674 = CARTESIAN_POINT('',(82.225341796875,5.165283203125,2.69));
#5675 = VECTOR('',#5676,1.);
#5676 = DIRECTION('',(1.,0.,0.));
#5677 = PCURVE('',#2517,#5678);
#5678 = DEFINITIONAL_REPRESENTATION('',(#5679),#5683);
#5679 = LINE('',#5680,#5681);
#5680 = CARTESIAN_POINT('',(0.,-0.5));
#5681 = VECTOR('',#5682,1.);
#5682 = DIRECTION('',(1.,0.));
#5683 = ( GEOMETRIC_REPRESENTATION_CONTEXT(2) 
PARAMETRIC_REPRESENTATION_CONTEXT() REPRESENTATION_CONTEXT('2D SPACE',''
  ) );
#5684 = PCURVE('',#5611,#5685);
#5685 = DEFINITIONAL_REPRESENTATION('',(#5686),#5690);
#5686 = LINE('',#5687,#5688);
#5687 = CARTESIAN_POINT('',(0.94775390625,2.15625));
#5688 = VECTOR('',#5689,1.);
#5689 = DIRECTION('',(1.,0.));
#5690 = ( GEOMETRIC_REPRESENTATION_CONTEXT(2) 
PARAMETRIC_REPRESENTATION_CONTEXT() REPRESENTATION_CONTEXT('2D SPACE',''
  ) );
#5691 = ORIENTED_EDGE('',*,*,#5572,.F.);
#5692 = ADVANCED_FACE('',(#5693),#2487,.T.);
#5693 = FACE_BOUND('',#5694,.T.);
#5694 = EDGE_LOOP('',(#5695,#5696,#5719,#5740));
#5695 = ORIENTED_EDGE('',*,*,#2465,.T.);
#5696 = ORIENTED_EDGE('',*,*,#5697,.T.);
#5697 = EDGE_CURVE('',#2427,#5698,#5700,.T.);
#5698 = VERTEX_POINT('',#5699);
#5699 = CARTESIAN_POINT('',(81.990966796875,4.878173828125,2.69));
#5700 = SURFACE_CURVE('',#5701,(#5705,#5712),.PCURVE_S1.);
#5701 = LINE('',#5702,#5703);
#5702 = CARTESIAN_POINT('',(81.990966796875,4.878173828125,2.19));
#5703 = VECTOR('',#5704,1.);
#5704 = DIRECTION('',(0.,0.,1.));
#5705 = PCURVE('',#2487,#5706);
#5706 = DEFINITIONAL_REPRESENTATION('',(#5707),#5711);
#5707 = LINE('',#5708,#5709);
#5708 = CARTESIAN_POINT('',(0.,0.));
#5709 = VECTOR('',#5710,1.);
#5710 = DIRECTION('',(0.,-1.));
#5711 = ( GEOMETRIC_REPRESENTATION_CONTEXT(2) 
PARAMETRIC_REPRESENTATION_CONTEXT() REPRESENTATION_CONTEXT('2D SPACE',''
  ) );
#5712 = PCURVE('',#2448,#5713);
#5713 = DEFINITIONAL_REPRESENTATION('',(#5714),#5718);
#5714 = LINE('',#5715,#5716);
#5715 = CARTESIAN_POINT('',(1.,0.));
#5716 = VECTOR('',#5717,1.);
#5717 = DIRECTION('',(0.,-1.));
#5718 = ( GEOMETRIC_REPRESENTATION_CONTEXT(2) 
PARAMETRIC_REPRESENTATION_CONTEXT() REPRESENTATION_CONTEXT('2D SPACE',''
  ) );
#5719 = ORIENTED_EDGE('',*,*,#5720,.T.);
#5720 = EDGE_CURVE('',#5698,#5649,#5721,.T.);
#5721 = SURFACE_CURVE('',#5722,(#5726,#5733),.PCURVE_S1.);
#5722 = B_SPLINE_CURVE_WITH_KNOTS('',2,(#5723,#5724,#5725),
  .UNSPECIFIED.,.F.,.F.,(3,3),(0.,1.),.PIECEWISE_BEZIER_KNOTS.);
#5723 = CARTESIAN_POINT('',(81.990966796875,4.878173828125,2.69));
#5724 = CARTESIAN_POINT('',(82.156494140625,5.026123046875,2.69));
#5725 = CARTESIAN_POINT('',(82.225341796875,5.165283203125,2.69));
#5726 = PCURVE('',#2487,#5727);
#5727 = DEFINITIONAL_REPRESENTATION('',(#5728),#5732);
#5728 = LINE('',#5729,#5730);
#5729 = CARTESIAN_POINT('',(0.,-0.5));
#5730 = VECTOR('',#5731,1.);
#5731 = DIRECTION('',(1.,0.));
#5732 = ( GEOMETRIC_REPRESENTATION_CONTEXT(2) 
PARAMETRIC_REPRESENTATION_CONTEXT() REPRESENTATION_CONTEXT('2D SPACE',''
  ) );
#5733 = PCURVE('',#5611,#5734);
#5734 = DEFINITIONAL_REPRESENTATION('',(#5735),#5739);
#5735 = B_SPLINE_CURVE_WITH_KNOTS('',2,(#5736,#5737,#5738),
  .UNSPECIFIED.,.F.,.F.,(3,3),(0.,1.),.PIECEWISE_BEZIER_KNOTS.);
#5736 = CARTESIAN_POINT('',(0.71337890625,1.869140625));
#5737 = CARTESIAN_POINT('',(0.87890625,2.01708984375));
#5738 = CARTESIAN_POINT('',(0.94775390625,2.15625));
#5739 = ( GEOMETRIC_REPRESENTATION_CONTEXT(2) 
PARAMETRIC_REPRESENTATION_CONTEXT() REPRESENTATION_CONTEXT('2D SPACE',''
  ) );
#5740 = ORIENTED_EDGE('',*,*,#5648,.F.);
#5741 = ADVANCED_FACE('',(#5742),#2448,.T.);
#5742 = FACE_BOUND('',#5743,.T.);
#5743 = EDGE_LOOP('',(#5744,#5745,#5768,#5789));
#5744 = ORIENTED_EDGE('',*,*,#2426,.T.);
#5745 = ORIENTED_EDGE('',*,*,#5746,.T.);
#5746 = EDGE_CURVE('',#2401,#5747,#5749,.T.);
#5747 = VERTEX_POINT('',#5748);
#5748 = CARTESIAN_POINT('',(81.604248046875,4.626220703125,2.69));
#5749 = SURFACE_CURVE('',#5750,(#5754,#5761),.PCURVE_S1.);
#5750 = LINE('',#5751,#5752);
#5751 = CARTESIAN_POINT('',(81.604248046875,4.626220703125,2.19));
#5752 = VECTOR('',#5753,1.);
#5753 = DIRECTION('',(0.,0.,1.));
#5754 = PCURVE('',#2448,#5755);
#5755 = DEFINITIONAL_REPRESENTATION('',(#5756),#5760);
#5756 = LINE('',#5757,#5758);
#5757 = CARTESIAN_POINT('',(0.,0.));
#5758 = VECTOR('',#5759,1.);
#5759 = DIRECTION('',(0.,-1.));
#5760 = ( GEOMETRIC_REPRESENTATION_CONTEXT(2) 
PARAMETRIC_REPRESENTATION_CONTEXT() REPRESENTATION_CONTEXT('2D SPACE',''
  ) );
#5761 = PCURVE('',#2415,#5762);
#5762 = DEFINITIONAL_REPRESENTATION('',(#5763),#5767);
#5763 = LINE('',#5764,#5765);
#5764 = CARTESIAN_POINT('',(0.2548828125,0.));
#5765 = VECTOR('',#5766,1.);
#5766 = DIRECTION('',(0.,-1.));
#5767 = ( GEOMETRIC_REPRESENTATION_CONTEXT(2) 
PARAMETRIC_REPRESENTATION_CONTEXT() REPRESENTATION_CONTEXT('2D SPACE',''
  ) );
#5768 = ORIENTED_EDGE('',*,*,#5769,.T.);
#5769 = EDGE_CURVE('',#5747,#5698,#5770,.T.);
#5770 = SURFACE_CURVE('',#5771,(#5775,#5782),.PCURVE_S1.);
#5771 = B_SPLINE_CURVE_WITH_KNOTS('',2,(#5772,#5773,#5774),
  .UNSPECIFIED.,.F.,.F.,(3,3),(0.,1.),.PIECEWISE_BEZIER_KNOTS.);
#5772 = CARTESIAN_POINT('',(81.604248046875,4.626220703125,2.69));
#5773 = CARTESIAN_POINT('',(81.825439453125,4.730224609375,2.69));
#5774 = CARTESIAN_POINT('',(81.990966796875,4.878173828125,2.69));
#5775 = PCURVE('',#2448,#5776);
#5776 = DEFINITIONAL_REPRESENTATION('',(#5777),#5781);
#5777 = LINE('',#5778,#5779);
#5778 = CARTESIAN_POINT('',(0.,-0.5));
#5779 = VECTOR('',#5780,1.);
#5780 = DIRECTION('',(1.,0.));
#5781 = ( GEOMETRIC_REPRESENTATION_CONTEXT(2) 
PARAMETRIC_REPRESENTATION_CONTEXT() REPRESENTATION_CONTEXT('2D SPACE',''
  ) );
#5782 = PCURVE('',#5611,#5783);
#5783 = DEFINITIONAL_REPRESENTATION('',(#5784),#5788);
#5784 = B_SPLINE_CURVE_WITH_KNOTS('',2,(#5785,#5786,#5787),
  .UNSPECIFIED.,.F.,.F.,(3,3),(0.,1.),.PIECEWISE_BEZIER_KNOTS.);
#5785 = CARTESIAN_POINT('',(0.32666015625,1.6171875));
#5786 = CARTESIAN_POINT('',(0.5478515625,1.72119140625));
#5787 = CARTESIAN_POINT('',(0.71337890625,1.869140625));
#5788 = ( GEOMETRIC_REPRESENTATION_CONTEXT(2) 
PARAMETRIC_REPRESENTATION_CONTEXT() REPRESENTATION_CONTEXT('2D SPACE',''
  ) );
#5789 = ORIENTED_EDGE('',*,*,#5697,.F.);
#5790 = ADVANCED_FACE('',(#5791),#2415,.T.);
#5791 = FACE_BOUND('',#5792,.T.);
#5792 = EDGE_LOOP('',(#5793,#5794,#5817,#5838));
#5793 = ORIENTED_EDGE('',*,*,#2400,.T.);
#5794 = ORIENTED_EDGE('',*,*,#5795,.T.);
#5795 = EDGE_CURVE('',#2362,#5796,#5798,.T.);
#5796 = VERTEX_POINT('',#5797);
#5797 = CARTESIAN_POINT('',(81.604248046875,4.371337890625,2.69));
#5798 = SURFACE_CURVE('',#5799,(#5803,#5810),.PCURVE_S1.);
#5799 = LINE('',#5800,#5801);
#5800 = CARTESIAN_POINT('',(81.604248046875,4.371337890625,2.19));
#5801 = VECTOR('',#5802,1.);
#5802 = DIRECTION('',(0.,0.,1.));
#5803 = PCURVE('',#2415,#5804);
#5804 = DEFINITIONAL_REPRESENTATION('',(#5805),#5809);
#5805 = LINE('',#5806,#5807);
#5806 = CARTESIAN_POINT('',(0.,0.));
#5807 = VECTOR('',#5808,1.);
#5808 = DIRECTION('',(0.,-1.));
#5809 = ( GEOMETRIC_REPRESENTATION_CONTEXT(2) 
PARAMETRIC_REPRESENTATION_CONTEXT() REPRESENTATION_CONTEXT('2D SPACE',''
  ) );
#5810 = PCURVE('',#2383,#5811);
#5811 = DEFINITIONAL_REPRESENTATION('',(#5812),#5816);
#5812 = LINE('',#5813,#5814);
#5813 = CARTESIAN_POINT('',(1.,0.));
#5814 = VECTOR('',#5815,1.);
#5815 = DIRECTION('',(0.,-1.));
#5816 = ( GEOMETRIC_REPRESENTATION_CONTEXT(2) 
PARAMETRIC_REPRESENTATION_CONTEXT() REPRESENTATION_CONTEXT('2D SPACE',''
  ) );
#5817 = ORIENTED_EDGE('',*,*,#5818,.T.);
#5818 = EDGE_CURVE('',#5796,#5747,#5819,.T.);
#5819 = SURFACE_CURVE('',#5820,(#5824,#5831),.PCURVE_S1.);
#5820 = LINE('',#5821,#5822);
#5821 = CARTESIAN_POINT('',(81.604248046875,4.371337890625,2.69));
#5822 = VECTOR('',#5823,1.);
#5823 = DIRECTION('',(0.,1.,0.));
#5824 = PCURVE('',#2415,#5825);
#5825 = DEFINITIONAL_REPRESENTATION('',(#5826),#5830);
#5826 = LINE('',#5827,#5828);
#5827 = CARTESIAN_POINT('',(0.,-0.5));
#5828 = VECTOR('',#5829,1.);
#5829 = DIRECTION('',(1.,0.));
#5830 = ( GEOMETRIC_REPRESENTATION_CONTEXT(2) 
PARAMETRIC_REPRESENTATION_CONTEXT() REPRESENTATION_CONTEXT('2D SPACE',''
  ) );
#5831 = PCURVE('',#5611,#5832);
#5832 = DEFINITIONAL_REPRESENTATION('',(#5833),#5837);
#5833 = LINE('',#5834,#5835);
#5834 = CARTESIAN_POINT('',(0.32666015625,1.3623046875));
#5835 = VECTOR('',#5836,1.);
#5836 = DIRECTION('',(0.,1.));
#5837 = ( GEOMETRIC_REPRESENTATION_CONTEXT(2) 
PARAMETRIC_REPRESENTATION_CONTEXT() REPRESENTATION_CONTEXT('2D SPACE',''
  ) );
#5838 = ORIENTED_EDGE('',*,*,#5746,.F.);
#5839 = ADVANCED_FACE('',(#5840),#2383,.T.);
#5840 = FACE_BOUND('',#5841,.T.);
#5841 = EDGE_LOOP('',(#5842,#5843,#5866,#5887));
#5842 = ORIENTED_EDGE('',*,*,#2361,.T.);
#5843 = ORIENTED_EDGE('',*,*,#5844,.T.);
#5844 = EDGE_CURVE('',#2323,#5845,#5847,.T.);
#5845 = VERTEX_POINT('',#5846);
#5846 = CARTESIAN_POINT('',(81.8818359375,4.507568359375,2.69));
#5847 = SURFACE_CURVE('',#5848,(#5852,#5859),.PCURVE_S1.);
#5848 = LINE('',#5849,#5850);
#5849 = CARTESIAN_POINT('',(81.8818359375,4.507568359375,2.19));
#5850 = VECTOR('',#5851,1.);
#5851 = DIRECTION('',(0.,0.,1.));
#5852 = PCURVE('',#2383,#5853);
#5853 = DEFINITIONAL_REPRESENTATION('',(#5854),#5858);
#5854 = LINE('',#5855,#5856);
#5855 = CARTESIAN_POINT('',(0.,0.));
#5856 = VECTOR('',#5857,1.);
#5857 = DIRECTION('',(0.,-1.));
#5858 = ( GEOMETRIC_REPRESENTATION_CONTEXT(2) 
PARAMETRIC_REPRESENTATION_CONTEXT() REPRESENTATION_CONTEXT('2D SPACE',''
  ) );
#5859 = PCURVE('',#2344,#5860);
#5860 = DEFINITIONAL_REPRESENTATION('',(#5861),#5865);
#5861 = LINE('',#5862,#5863);
#5862 = CARTESIAN_POINT('',(1.,0.));
#5863 = VECTOR('',#5864,1.);
#5864 = DIRECTION('',(0.,-1.));
#5865 = ( GEOMETRIC_REPRESENTATION_CONTEXT(2) 
PARAMETRIC_REPRESENTATION_CONTEXT() REPRESENTATION_CONTEXT('2D SPACE',''
  ) );
#5866 = ORIENTED_EDGE('',*,*,#5867,.T.);
#5867 = EDGE_CURVE('',#5845,#5796,#5868,.T.);
#5868 = SURFACE_CURVE('',#5869,(#5873,#5880),.PCURVE_S1.);
#5869 = B_SPLINE_CURVE_WITH_KNOTS('',2,(#5870,#5871,#5872),
  .UNSPECIFIED.,.F.,.F.,(3,3),(0.,1.),.PIECEWISE_BEZIER_KNOTS.);
#5870 = CARTESIAN_POINT('',(81.8818359375,4.507568359375,2.69));
#5871 = CARTESIAN_POINT('',(81.727294921875,4.416748046875,2.69));
#5872 = CARTESIAN_POINT('',(81.604248046875,4.371337890625,2.69));
#5873 = PCURVE('',#2383,#5874);
#5874 = DEFINITIONAL_REPRESENTATION('',(#5875),#5879);
#5875 = LINE('',#5876,#5877);
#5876 = CARTESIAN_POINT('',(0.,-0.5));
#5877 = VECTOR('',#5878,1.);
#5878 = DIRECTION('',(1.,0.));
#5879 = ( GEOMETRIC_REPRESENTATION_CONTEXT(2) 
PARAMETRIC_REPRESENTATION_CONTEXT() REPRESENTATION_CONTEXT('2D SPACE',''
  ) );
#5880 = PCURVE('',#5611,#5881);
#5881 = DEFINITIONAL_REPRESENTATION('',(#5882),#5886);
#5882 = B_SPLINE_CURVE_WITH_KNOTS('',2,(#5883,#5884,#5885),
  .UNSPECIFIED.,.F.,.F.,(3,3),(0.,1.),.PIECEWISE_BEZIER_KNOTS.);
#5883 = CARTESIAN_POINT('',(0.604248046875,1.49853515625));
#5884 = CARTESIAN_POINT('',(0.44970703125,1.40771484375));
#5885 = CARTESIAN_POINT('',(0.32666015625,1.3623046875));
#5886 = ( GEOMETRIC_REPRESENTATION_CONTEXT(2) 
PARAMETRIC_REPRESENTATION_CONTEXT() REPRESENTATION_CONTEXT('2D SPACE',''
  ) );
#5887 = ORIENTED_EDGE('',*,*,#5795,.F.);
#5888 = ADVANCED_FACE('',(#5889),#2344,.T.);
#5889 = FACE_BOUND('',#5890,.T.);
#5890 = EDGE_LOOP('',(#5891,#5892,#5915,#5936));
#5891 = ORIENTED_EDGE('',*,*,#2322,.T.);
#5892 = ORIENTED_EDGE('',*,*,#5893,.T.);
#5893 = EDGE_CURVE('',#2297,#5894,#5896,.T.);
#5894 = VERTEX_POINT('',#5895);
#5895 = CARTESIAN_POINT('',(82.131591796875,4.689208984375,2.69));
#5896 = SURFACE_CURVE('',#5897,(#5901,#5908),.PCURVE_S1.);
#5897 = LINE('',#5898,#5899);
#5898 = CARTESIAN_POINT('',(82.131591796875,4.689208984375,2.19));
#5899 = VECTOR('',#5900,1.);
#5900 = DIRECTION('',(0.,0.,1.));
#5901 = PCURVE('',#2344,#5902);
#5902 = DEFINITIONAL_REPRESENTATION('',(#5903),#5907);
#5903 = LINE('',#5904,#5905);
#5904 = CARTESIAN_POINT('',(0.,0.));
#5905 = VECTOR('',#5906,1.);
#5906 = DIRECTION('',(0.,-1.));
#5907 = ( GEOMETRIC_REPRESENTATION_CONTEXT(2) 
PARAMETRIC_REPRESENTATION_CONTEXT() REPRESENTATION_CONTEXT('2D SPACE',''
  ) );
#5908 = PCURVE('',#2311,#5909);
#5909 = DEFINITIONAL_REPRESENTATION('',(#5910),#5914);
#5910 = LINE('',#5911,#5912);
#5911 = CARTESIAN_POINT('',(1.68017578125,0.));
#5912 = VECTOR('',#5913,1.);
#5913 = DIRECTION('',(0.,-1.));
#5914 = ( GEOMETRIC_REPRESENTATION_CONTEXT(2) 
PARAMETRIC_REPRESENTATION_CONTEXT() REPRESENTATION_CONTEXT('2D SPACE',''
  ) );
#5915 = ORIENTED_EDGE('',*,*,#5916,.T.);
#5916 = EDGE_CURVE('',#5894,#5845,#5917,.T.);
#5917 = SURFACE_CURVE('',#5918,(#5922,#5929),.PCURVE_S1.);
#5918 = B_SPLINE_CURVE_WITH_KNOTS('',2,(#5919,#5920,#5921),
  .UNSPECIFIED.,.F.,.F.,(3,3),(0.,1.),.PIECEWISE_BEZIER_KNOTS.);
#5919 = CARTESIAN_POINT('',(82.131591796875,4.689208984375,2.69));
#5920 = CARTESIAN_POINT('',(82.036376953125,4.598388671875,2.69));
#5921 = CARTESIAN_POINT('',(81.8818359375,4.507568359375,2.69));
#5922 = PCURVE('',#2344,#5923);
#5923 = DEFINITIONAL_REPRESENTATION('',(#5924),#5928);
#5924 = LINE('',#5925,#5926);
#5925 = CARTESIAN_POINT('',(0.,-0.5));
#5926 = VECTOR('',#5927,1.);
#5927 = DIRECTION('',(1.,0.));
#5928 = ( GEOMETRIC_REPRESENTATION_CONTEXT(2) 
PARAMETRIC_REPRESENTATION_CONTEXT() REPRESENTATION_CONTEXT('2D SPACE',''
  ) );
#5929 = PCURVE('',#5611,#5930);
#5930 = DEFINITIONAL_REPRESENTATION('',(#5931),#5935);
#5931 = B_SPLINE_CURVE_WITH_KNOTS('',2,(#5932,#5933,#5934),
  .UNSPECIFIED.,.F.,.F.,(3,3),(0.,1.),.PIECEWISE_BEZIER_KNOTS.);
#5932 = CARTESIAN_POINT('',(0.85400390625,1.68017578125));
#5933 = CARTESIAN_POINT('',(0.7587890625,1.58935546875));
#5934 = CARTESIAN_POINT('',(0.604248046875,1.49853515625));
#5935 = ( GEOMETRIC_REPRESENTATION_CONTEXT(2) 
PARAMETRIC_REPRESENTATION_CONTEXT() REPRESENTATION_CONTEXT('2D SPACE',''
  ) );
#5936 = ORIENTED_EDGE('',*,*,#5844,.F.);
#5937 = ADVANCED_FACE('',(#5938),#2311,.T.);
#5938 = FACE_BOUND('',#5939,.T.);
#5939 = EDGE_LOOP('',(#5940,#5941,#5964,#5985));
#5940 = ORIENTED_EDGE('',*,*,#2296,.T.);
#5941 = ORIENTED_EDGE('',*,*,#5942,.T.);
#5942 = EDGE_CURVE('',#2271,#5943,#5945,.T.);
#5943 = VERTEX_POINT('',#5944);
#5944 = CARTESIAN_POINT('',(82.131591796875,3.009033203125,2.69));
#5945 = SURFACE_CURVE('',#5946,(#5950,#5957),.PCURVE_S1.);
#5946 = LINE('',#5947,#5948);
#5947 = CARTESIAN_POINT('',(82.131591796875,3.009033203125,2.19));
#5948 = VECTOR('',#5949,1.);
#5949 = DIRECTION('',(0.,0.,1.));
#5950 = PCURVE('',#2311,#5951);
#5951 = DEFINITIONAL_REPRESENTATION('',(#5952),#5956);
#5952 = LINE('',#5953,#5954);
#5953 = CARTESIAN_POINT('',(0.,0.));
#5954 = VECTOR('',#5955,1.);
#5955 = DIRECTION('',(0.,-1.));
#5956 = ( GEOMETRIC_REPRESENTATION_CONTEXT(2) 
PARAMETRIC_REPRESENTATION_CONTEXT() REPRESENTATION_CONTEXT('2D SPACE',''
  ) );
#5957 = PCURVE('',#2285,#5958);
#5958 = DEFINITIONAL_REPRESENTATION('',(#5959),#5963);
#5959 = LINE('',#5960,#5961);
#5960 = CARTESIAN_POINT('',(0.263671875,0.));
#5961 = VECTOR('',#5962,1.);
#5962 = DIRECTION('',(0.,-1.));
#5963 = ( GEOMETRIC_REPRESENTATION_CONTEXT(2) 
PARAMETRIC_REPRESENTATION_CONTEXT() REPRESENTATION_CONTEXT('2D SPACE',''
  ) );
#5964 = ORIENTED_EDGE('',*,*,#5965,.T.);
#5965 = EDGE_CURVE('',#5943,#5894,#5966,.T.);
#5966 = SURFACE_CURVE('',#5967,(#5971,#5978),.PCURVE_S1.);
#5967 = LINE('',#5968,#5969);
#5968 = CARTESIAN_POINT('',(82.131591796875,3.009033203125,2.69));
#5969 = VECTOR('',#5970,1.);
#5970 = DIRECTION('',(0.,1.,0.));
#5971 = PCURVE('',#2311,#5972);
#5972 = DEFINITIONAL_REPRESENTATION('',(#5973),#5977);
#5973 = LINE('',#5974,#5975);
#5974 = CARTESIAN_POINT('',(0.,-0.5));
#5975 = VECTOR('',#5976,1.);
#5976 = DIRECTION('',(1.,0.));
#5977 = ( GEOMETRIC_REPRESENTATION_CONTEXT(2) 
PARAMETRIC_REPRESENTATION_CONTEXT() REPRESENTATION_CONTEXT('2D SPACE',''
  ) );
#5978 = PCURVE('',#5611,#5979);
#5979 = DEFINITIONAL_REPRESENTATION('',(#5980),#5984);
#5980 = LINE('',#5981,#5982);
#5981 = CARTESIAN_POINT('',(0.85400390625,0.));
#5982 = VECTOR('',#5983,1.);
#5983 = DIRECTION('',(0.,1.));
#5984 = ( GEOMETRIC_REPRESENTATION_CONTEXT(2) 
PARAMETRIC_REPRESENTATION_CONTEXT() REPRESENTATION_CONTEXT('2D SPACE',''
  ) );
#5985 = ORIENTED_EDGE('',*,*,#5893,.F.);
#5986 = ADVANCED_FACE('',(#5987),#2285,.T.);
#5987 = FACE_BOUND('',#5988,.T.);
#5988 = EDGE_LOOP('',(#5989,#5990,#5991,#6012));
#5989 = ORIENTED_EDGE('',*,*,#2270,.T.);
#5990 = ORIENTED_EDGE('',*,*,#5623,.T.);
#5991 = ORIENTED_EDGE('',*,*,#5992,.T.);
#5992 = EDGE_CURVE('',#5596,#5943,#5993,.T.);
#5993 = SURFACE_CURVE('',#5994,(#5998,#6005),.PCURVE_S1.);
#5994 = LINE('',#5995,#5996);
#5995 = CARTESIAN_POINT('',(82.395263671875,3.009033203125,2.69));
#5996 = VECTOR('',#5997,1.);
#5997 = DIRECTION('',(-1.,0.,0.));
#5998 = PCURVE('',#2285,#5999);
#5999 = DEFINITIONAL_REPRESENTATION('',(#6000),#6004);
#6000 = LINE('',#6001,#6002);
#6001 = CARTESIAN_POINT('',(0.,-0.5));
#6002 = VECTOR('',#6003,1.);
#6003 = DIRECTION('',(1.,0.));
#6004 = ( GEOMETRIC_REPRESENTATION_CONTEXT(2) 
PARAMETRIC_REPRESENTATION_CONTEXT() REPRESENTATION_CONTEXT('2D SPACE',''
  ) );
#6005 = PCURVE('',#5611,#6006);
#6006 = DEFINITIONAL_REPRESENTATION('',(#6007),#6011);
#6007 = LINE('',#6008,#6009);
#6008 = CARTESIAN_POINT('',(1.11767578125,0.));
#6009 = VECTOR('',#6010,1.);
#6010 = DIRECTION('',(-1.,0.));
#6011 = ( GEOMETRIC_REPRESENTATION_CONTEXT(2) 
PARAMETRIC_REPRESENTATION_CONTEXT() REPRESENTATION_CONTEXT('2D SPACE',''
  ) );
#6012 = ORIENTED_EDGE('',*,*,#5942,.F.);
#6013 = ADVANCED_FACE('',(#6014,#6228),#2598,.T.);
#6014 = FACE_BOUND('',#6015,.T.);
#6015 = EDGE_LOOP('',(#6016,#6017,#6040,#6067,#6095,#6122,#6150,#6178,
    #6207));
#6016 = ORIENTED_EDGE('',*,*,#2580,.F.);
#6017 = ORIENTED_EDGE('',*,*,#6018,.F.);
#6018 = EDGE_CURVE('',#6019,#2581,#6021,.T.);
#6019 = VERTEX_POINT('',#6020);
#6020 = CARTESIAN_POINT('',(90.2,9.3,2.2));
#6021 = SURFACE_CURVE('',#6022,(#6026,#6033),.PCURVE_S1.);
#6022 = LINE('',#6023,#6024);
#6023 = CARTESIAN_POINT('',(90.2,9.3,2.2));
#6024 = VECTOR('',#6025,1.);
#6025 = DIRECTION('',(0.,0.,-1.));
#6026 = PCURVE('',#2598,#6027);
#6027 = DEFINITIONAL_REPRESENTATION('',(#6028),#6032);
#6028 = LINE('',#6029,#6030);
#6029 = CARTESIAN_POINT('',(2.2,0.2));
#6030 = VECTOR('',#6031,1.);
#6031 = DIRECTION('',(-1.,0.));
#6032 = ( GEOMETRIC_REPRESENTATION_CONTEXT(2) 
PARAMETRIC_REPRESENTATION_CONTEXT() REPRESENTATION_CONTEXT('2D SPACE',''
  ) );
#6033 = PCURVE('',#2626,#6034);
#6034 = DEFINITIONAL_REPRESENTATION('',(#6035),#6039);
#6035 = LINE('',#6036,#6037);
#6036 = CARTESIAN_POINT('',(2.2,-9.3));
#6037 = VECTOR('',#6038,1.);
#6038 = DIRECTION('',(-1.,0.));
#6039 = ( GEOMETRIC_REPRESENTATION_CONTEXT(2) 
PARAMETRIC_REPRESENTATION_CONTEXT() REPRESENTATION_CONTEXT('2D SPACE',''
  ) );
#6040 = ORIENTED_EDGE('',*,*,#6041,.T.);
#6041 = EDGE_CURVE('',#6019,#6042,#6044,.T.);
#6042 = VERTEX_POINT('',#6043);
#6043 = CARTESIAN_POINT('',(90.1,9.3,2.2));
#6044 = SURFACE_CURVE('',#6045,(#6049,#6056),.PCURVE_S1.);
#6045 = LINE('',#6046,#6047);
#6046 = CARTESIAN_POINT('',(83.,9.3,2.2));
#6047 = VECTOR('',#6048,1.);
#6048 = DIRECTION('',(-1.,-0.,0.));
#6049 = PCURVE('',#2598,#6050);
#6050 = DEFINITIONAL_REPRESENTATION('',(#6051),#6055);
#6051 = LINE('',#6052,#6053);
#6052 = CARTESIAN_POINT('',(2.2,-7.));
#6053 = VECTOR('',#6054,1.);
#6054 = DIRECTION('',(0.,-1.));
#6055 = ( GEOMETRIC_REPRESENTATION_CONTEXT(2) 
PARAMETRIC_REPRESENTATION_CONTEXT() REPRESENTATION_CONTEXT('2D SPACE',''
  ) );
#6056 = PCURVE('',#6057,#6062);
#6057 = PLANE('',#6058);
#6058 = AXIS2_PLACEMENT_3D('',#6059,#6060,#6061);
#6059 = CARTESIAN_POINT('',(76.,0.,2.2));
#6060 = DIRECTION('',(0.,0.,1.));
#6061 = DIRECTION('',(1.,0.,-0.));
#6062 = DEFINITIONAL_REPRESENTATION('',(#6063),#6066);
#6063 = B_SPLINE_CURVE_WITH_KNOTS('',1,(#6064,#6065),.UNSPECIFIED.,.F.,
  .F.,(2,2),(-7.2,-7.),.PIECEWISE_BEZIER_KNOTS.);
#6064 = CARTESIAN_POINT('',(14.2,9.3));
#6065 = CARTESIAN_POINT('',(14.,9.3));
#6066 = ( GEOMETRIC_REPRESENTATION_CONTEXT(2) 
PARAMETRIC_REPRESENTATION_CONTEXT() REPRESENTATION_CONTEXT('2D SPACE',''
  ) );
#6067 = ORIENTED_EDGE('',*,*,#6068,.F.);
#6068 = EDGE_CURVE('',#6069,#6042,#6071,.T.);
#6069 = VERTEX_POINT('',#6070);
#6070 = CARTESIAN_POINT('',(90.1,9.3,11.5));
#6071 = SURFACE_CURVE('',#6072,(#6076,#6083),.PCURVE_S1.);
#6072 = LINE('',#6073,#6074);
#6073 = CARTESIAN_POINT('',(90.1,9.3,11.5));
#6074 = VECTOR('',#6075,1.);
#6075 = DIRECTION('',(0.,0.,-1.));
#6076 = PCURVE('',#2598,#6077);
#6077 = DEFINITIONAL_REPRESENTATION('',(#6078),#6082);
#6078 = LINE('',#6079,#6080);
#6079 = CARTESIAN_POINT('',(11.5,9.999999999999E-02));
#6080 = VECTOR('',#6081,1.);
#6081 = DIRECTION('',(-1.,0.));
#6082 = ( GEOMETRIC_REPRESENTATION_CONTEXT(2) 
PARAMETRIC_REPRESENTATION_CONTEXT() REPRESENTATION_CONTEXT('2D SPACE',''
  ) );
#6083 = PCURVE('',#6084,#6089);
#6084 = PLANE('',#6085);
#6085 = AXIS2_PLACEMENT_3D('',#6086,#6087,#6088);
#6086 = CARTESIAN_POINT('',(90.1,-0.1,-1.));
#6087 = DIRECTION('',(1.,0.,-0.));
#6088 = DIRECTION('',(0.,0.,1.));
#6089 = DEFINITIONAL_REPRESENTATION('',(#6090),#6094);
#6090 = LINE('',#6091,#6092);
#6091 = CARTESIAN_POINT('',(12.5,-9.4));
#6092 = VECTOR('',#6093,1.);
#6093 = DIRECTION('',(-1.,0.));
#6094 = ( GEOMETRIC_REPRESENTATION_CONTEXT(2) 
PARAMETRIC_REPRESENTATION_CONTEXT() REPRESENTATION_CONTEXT('2D SPACE',''
  ) );
#6095 = ORIENTED_EDGE('',*,*,#6096,.T.);
#6096 = EDGE_CURVE('',#6069,#6097,#6099,.T.);
#6097 = VERTEX_POINT('',#6098);
#6098 = CARTESIAN_POINT('',(90.,9.3,11.5));
#6099 = SURFACE_CURVE('',#6100,(#6104,#6111),.PCURVE_S1.);
#6100 = LINE('',#6101,#6102);
#6101 = CARTESIAN_POINT('',(44.5,9.3,11.5));
#6102 = VECTOR('',#6103,1.);
#6103 = DIRECTION('',(-1.,-0.,0.));
#6104 = PCURVE('',#2598,#6105);
#6105 = DEFINITIONAL_REPRESENTATION('',(#6106),#6110);
#6106 = LINE('',#6107,#6108);
#6107 = CARTESIAN_POINT('',(11.5,-45.5));
#6108 = VECTOR('',#6109,1.);
#6109 = DIRECTION('',(0.,-1.));
#6110 = ( GEOMETRIC_REPRESENTATION_CONTEXT(2) 
PARAMETRIC_REPRESENTATION_CONTEXT() REPRESENTATION_CONTEXT('2D SPACE',''
  ) );
#6111 = PCURVE('',#6112,#6117);
#6112 = PLANE('',#6113);
#6113 = AXIS2_PLACEMENT_3D('',#6114,#6115,#6116);
#6114 = CARTESIAN_POINT('',(-1.,-1.,11.5));
#6115 = DIRECTION('',(0.,0.,1.));
#6116 = DIRECTION('',(1.,0.,-0.));
#6117 = DEFINITIONAL_REPRESENTATION('',(#6118),#6121);
#6118 = B_SPLINE_CURVE_WITH_KNOTS('',1,(#6119,#6120),.UNSPECIFIED.,.F.,
  .F.,(2,2),(-45.6,-45.5),.PIECEWISE_BEZIER_KNOTS.);
#6119 = CARTESIAN_POINT('',(91.1,10.3));
#6120 = CARTESIAN_POINT('',(91.,10.3));
#6121 = ( GEOMETRIC_REPRESENTATION_CONTEXT(2) 
PARAMETRIC_REPRESENTATION_CONTEXT() REPRESENTATION_CONTEXT('2D SPACE',''
  ) );
#6122 = ORIENTED_EDGE('',*,*,#6123,.T.);
#6123 = EDGE_CURVE('',#6097,#6124,#6126,.T.);
#6124 = VERTEX_POINT('',#6125);
#6125 = CARTESIAN_POINT('',(90.,9.3,17.5));
#6126 = SURFACE_CURVE('',#6127,(#6131,#6138),.PCURVE_S1.);
#6127 = LINE('',#6128,#6129);
#6128 = CARTESIAN_POINT('',(90.,9.3,0.));
#6129 = VECTOR('',#6130,1.);
#6130 = DIRECTION('',(0.,0.,1.));
#6131 = PCURVE('',#2598,#6132);
#6132 = DEFINITIONAL_REPRESENTATION('',(#6133),#6137);
#6133 = LINE('',#6134,#6135);
#6134 = CARTESIAN_POINT('',(0.,0.));
#6135 = VECTOR('',#6136,1.);
#6136 = DIRECTION('',(1.,0.));
#6137 = ( GEOMETRIC_REPRESENTATION_CONTEXT(2) 
PARAMETRIC_REPRESENTATION_CONTEXT() REPRESENTATION_CONTEXT('2D SPACE',''
  ) );
#6138 = PCURVE('',#6139,#6144);
#6139 = PLANE('',#6140);
#6140 = AXIS2_PLACEMENT_3D('',#6141,#6142,#6143);
#6141 = CARTESIAN_POINT('',(90.,4.9,0.));
#6142 = DIRECTION('',(1.,0.,-0.));
#6143 = DIRECTION('',(0.,0.,1.));
#6144 = DEFINITIONAL_REPRESENTATION('',(#6145),#6149);
#6145 = LINE('',#6146,#6147);
#6146 = CARTESIAN_POINT('',(0.,-4.4));
#6147 = VECTOR('',#6148,1.);
#6148 = DIRECTION('',(1.,0.));
#6149 = ( GEOMETRIC_REPRESENTATION_CONTEXT(2) 
PARAMETRIC_REPRESENTATION_CONTEXT() REPRESENTATION_CONTEXT('2D SPACE',''
  ) );
#6150 = ORIENTED_EDGE('',*,*,#6151,.T.);
#6151 = EDGE_CURVE('',#6124,#6152,#6154,.T.);
#6152 = VERTEX_POINT('',#6153);
#6153 = CARTESIAN_POINT('',(93.9,9.3,17.5));
#6154 = SURFACE_CURVE('',#6155,(#6159,#6166),.PCURVE_S1.);
#6155 = LINE('',#6156,#6157);
#6156 = CARTESIAN_POINT('',(90.,9.3,17.5));
#6157 = VECTOR('',#6158,1.);
#6158 = DIRECTION('',(1.,0.,-0.));
#6159 = PCURVE('',#2598,#6160);
#6160 = DEFINITIONAL_REPRESENTATION('',(#6161),#6165);
#6161 = LINE('',#6162,#6163);
#6162 = CARTESIAN_POINT('',(17.5,0.));
#6163 = VECTOR('',#6164,1.);
#6164 = DIRECTION('',(0.,1.));
#6165 = ( GEOMETRIC_REPRESENTATION_CONTEXT(2) 
PARAMETRIC_REPRESENTATION_CONTEXT() REPRESENTATION_CONTEXT('2D SPACE',''
  ) );
#6166 = PCURVE('',#6167,#6172);
#6167 = PLANE('',#6168);
#6168 = AXIS2_PLACEMENT_3D('',#6169,#6170,#6171);
#6169 = CARTESIAN_POINT('',(90.,4.9,17.5));
#6170 = DIRECTION('',(0.,0.,1.));
#6171 = DIRECTION('',(1.,0.,-0.));
#6172 = DEFINITIONAL_REPRESENTATION('',(#6173),#6177);
#6173 = LINE('',#6174,#6175);
#6174 = CARTESIAN_POINT('',(0.,4.4));
#6175 = VECTOR('',#6176,1.);
#6176 = DIRECTION('',(1.,0.));
#6177 = ( GEOMETRIC_REPRESENTATION_CONTEXT(2) 
PARAMETRIC_REPRESENTATION_CONTEXT() REPRESENTATION_CONTEXT('2D SPACE',''
  ) );
#6178 = ORIENTED_EDGE('',*,*,#6179,.T.);
#6179 = EDGE_CURVE('',#6152,#6180,#6182,.T.);
#6180 = VERTEX_POINT('',#6181);
#6181 = CARTESIAN_POINT('',(98.,9.3,13.4));
#6182 = SURFACE_CURVE('',#6183,(#6188,#6195),.PCURVE_S1.);
#6183 = CIRCLE('',#6184,4.1);
#6184 = AXIS2_PLACEMENT_3D('',#6185,#6186,#6187);
#6185 = CARTESIAN_POINT('',(98.,9.3,17.5));
#6186 = DIRECTION('',(0.,1.,0.));
#6187 = DIRECTION('',(-1.,0.,-3.119455913093E-14));
#6188 = PCURVE('',#2598,#6189);
#6189 = DEFINITIONAL_REPRESENTATION('',(#6190),#6194);
#6190 = CIRCLE('',#6191,4.1);
#6191 = AXIS2_PLACEMENT_2D('',#6192,#6193);
#6192 = CARTESIAN_POINT('',(17.5,8.));
#6193 = DIRECTION('',(-3.119455913093E-14,-1.));
#6194 = ( GEOMETRIC_REPRESENTATION_CONTEXT(2) 
PARAMETRIC_REPRESENTATION_CONTEXT() REPRESENTATION_CONTEXT('2D SPACE',''
  ) );
#6195 = PCURVE('',#6196,#6201);
#6196 = TOROIDAL_SURFACE('',#6197,4.1,0.4);
#6197 = AXIS2_PLACEMENT_3D('',#6198,#6199,#6200);
#6198 = CARTESIAN_POINT('',(98.,8.9,17.5));
#6199 = DIRECTION('',(0.,1.,0.));
#6200 = DIRECTION('',(0.,-0.,1.));
#6201 = DEFINITIONAL_REPRESENTATION('',(#6202),#6206);
#6202 = LINE('',#6203,#6204);
#6203 = CARTESIAN_POINT('',(4.712388980385,1.570796326795));
#6204 = VECTOR('',#6205,1.);
#6205 = DIRECTION('',(1.,0.));
#6206 = ( GEOMETRIC_REPRESENTATION_CONTEXT(2) 
PARAMETRIC_REPRESENTATION_CONTEXT() REPRESENTATION_CONTEXT('2D SPACE',''
  ) );
#6207 = ORIENTED_EDGE('',*,*,#6208,.F.);
#6208 = EDGE_CURVE('',#2583,#6180,#6209,.T.);
#6209 = SURFACE_CURVE('',#6210,(#6214,#6221),.PCURVE_S1.);
#6210 = LINE('',#6211,#6212);
#6211 = CARTESIAN_POINT('',(98.,9.3,0.));
#6212 = VECTOR('',#6213,1.);
#6213 = DIRECTION('',(0.,0.,1.));
#6214 = PCURVE('',#2598,#6215);
#6215 = DEFINITIONAL_REPRESENTATION('',(#6216),#6220);
#6216 = LINE('',#6217,#6218);
#6217 = CARTESIAN_POINT('',(0.,8.));
#6218 = VECTOR('',#6219,1.);
#6219 = DIRECTION('',(1.,0.));
#6220 = ( GEOMETRIC_REPRESENTATION_CONTEXT(2) 
PARAMETRIC_REPRESENTATION_CONTEXT() REPRESENTATION_CONTEXT('2D SPACE',''
  ) );
#6221 = PCURVE('',#2924,#6222);
#6222 = DEFINITIONAL_REPRESENTATION('',(#6223),#6227);
#6223 = LINE('',#6224,#6225);
#6224 = CARTESIAN_POINT('',(0.,-2.5));
#6225 = VECTOR('',#6226,1.);
#6226 = DIRECTION('',(1.,0.));
#6227 = ( GEOMETRIC_REPRESENTATION_CONTEXT(2) 
PARAMETRIC_REPRESENTATION_CONTEXT() REPRESENTATION_CONTEXT('2D SPACE',''
  ) );
#6228 = FACE_BOUND('',#6229,.T.);
#6229 = EDGE_LOOP('',(#6230));
#6230 = ORIENTED_EDGE('',*,*,#6231,.F.);
#6231 = EDGE_CURVE('',#6232,#6232,#6234,.T.);
#6232 = VERTEX_POINT('',#6233);
#6233 = CARTESIAN_POINT('',(98.,9.3,19.25));
#6234 = SURFACE_CURVE('',#6235,(#6240,#6247),.PCURVE_S1.);
#6235 = CIRCLE('',#6236,1.75);
#6236 = AXIS2_PLACEMENT_3D('',#6237,#6238,#6239);
#6237 = CARTESIAN_POINT('',(98.,9.3,17.5));
#6238 = DIRECTION('',(0.,1.,0.));
#6239 = DIRECTION('',(0.,-0.,1.));
#6240 = PCURVE('',#2598,#6241);
#6241 = DEFINITIONAL_REPRESENTATION('',(#6242),#6246);
#6242 = CIRCLE('',#6243,1.75);
#6243 = AXIS2_PLACEMENT_2D('',#6244,#6245);
#6244 = CARTESIAN_POINT('',(17.5,8.));
#6245 = DIRECTION('',(1.,0.));
#6246 = ( GEOMETRIC_REPRESENTATION_CONTEXT(2) 
PARAMETRIC_REPRESENTATION_CONTEXT() REPRESENTATION_CONTEXT('2D SPACE',''
  ) );
#6247 = PCURVE('',#6248,#6253);
#6248 = CYLINDRICAL_SURFACE('',#6249,1.75);
#6249 = AXIS2_PLACEMENT_3D('',#6250,#6251,#6252);
#6250 = CARTESIAN_POINT('',(98.,8.6,17.5));
#6251 = DIRECTION('',(0.,1.,0.));
#6252 = DIRECTION('',(0.,-0.,1.));
#6253 = DEFINITIONAL_REPRESENTATION('',(#6254),#6258);
#6254 = LINE('',#6255,#6256);
#6255 = CARTESIAN_POINT('',(0.,0.7));
#6256 = VECTOR('',#6257,1.);
#6257 = DIRECTION('',(1.,0.));
#6258 = ( GEOMETRIC_REPRESENTATION_CONTEXT(2) 
PARAMETRIC_REPRESENTATION_CONTEXT() REPRESENTATION_CONTEXT('2D SPACE',''
  ) );
#6259 = ADVANCED_FACE('',(#6260),#2924,.T.);
#6260 = FACE_BOUND('',#6261,.T.);
#6261 = EDGE_LOOP('',(#6262,#6285,#6286,#6287,#6310,#6336));
#6262 = ORIENTED_EDGE('',*,*,#6263,.F.);
#6263 = EDGE_CURVE('',#2883,#6264,#6266,.T.);
#6264 = VERTEX_POINT('',#6265);
#6265 = CARTESIAN_POINT('',(98.,6.8,13.4));
#6266 = SURFACE_CURVE('',#6267,(#6271,#6278),.PCURVE_S1.);
#6267 = LINE('',#6268,#6269);
#6268 = CARTESIAN_POINT('',(98.,6.8,0.));
#6269 = VECTOR('',#6270,1.);
#6270 = DIRECTION('',(0.,0.,1.));
#6271 = PCURVE('',#2924,#6272);
#6272 = DEFINITIONAL_REPRESENTATION('',(#6273),#6277);
#6273 = LINE('',#6274,#6275);
#6274 = CARTESIAN_POINT('',(0.,0.));
#6275 = VECTOR('',#6276,1.);
#6276 = DIRECTION('',(1.,0.));
#6277 = ( GEOMETRIC_REPRESENTATION_CONTEXT(2) 
PARAMETRIC_REPRESENTATION_CONTEXT() REPRESENTATION_CONTEXT('2D SPACE',''
  ) );
#6278 = PCURVE('',#2898,#6279);
#6279 = DEFINITIONAL_REPRESENTATION('',(#6280),#6284);
#6280 = LINE('',#6281,#6282);
#6281 = CARTESIAN_POINT('',(0.,8.));
#6282 = VECTOR('',#6283,1.);
#6283 = DIRECTION('',(1.,0.));
#6284 = ( GEOMETRIC_REPRESENTATION_CONTEXT(2) 
PARAMETRIC_REPRESENTATION_CONTEXT() REPRESENTATION_CONTEXT('2D SPACE',''
  ) );
#6285 = ORIENTED_EDGE('',*,*,#2910,.T.);
#6286 = ORIENTED_EDGE('',*,*,#6208,.T.);
#6287 = ORIENTED_EDGE('',*,*,#6288,.F.);
#6288 = EDGE_CURVE('',#6289,#6180,#6291,.T.);
#6289 = VERTEX_POINT('',#6290);
#6290 = CARTESIAN_POINT('',(98.,8.9,13.));
#6291 = SURFACE_CURVE('',#6292,(#6297,#6304),.PCURVE_S1.);
#6292 = CIRCLE('',#6293,0.4);
#6293 = AXIS2_PLACEMENT_3D('',#6294,#6295,#6296);
#6294 = CARTESIAN_POINT('',(98.,8.9,13.4));
#6295 = DIRECTION('',(1.,0.,-0.));
#6296 = DIRECTION('',(0.,0.,1.));
#6297 = PCURVE('',#2924,#6298);
#6298 = DEFINITIONAL_REPRESENTATION('',(#6299),#6303);
#6299 = CIRCLE('',#6300,0.4);
#6300 = AXIS2_PLACEMENT_2D('',#6301,#6302);
#6301 = CARTESIAN_POINT('',(13.4,-2.1));
#6302 = DIRECTION('',(1.,0.));
#6303 = ( GEOMETRIC_REPRESENTATION_CONTEXT(2) 
PARAMETRIC_REPRESENTATION_CONTEXT() REPRESENTATION_CONTEXT('2D SPACE',''
  ) );
#6304 = PCURVE('',#6196,#6305);
#6305 = DEFINITIONAL_REPRESENTATION('',(#6306),#6309);
#6306 = B_SPLINE_CURVE_WITH_KNOTS('',1,(#6307,#6308),.UNSPECIFIED.,.F.,
  .F.,(2,2),(3.14159265359,4.712388980385),.PIECEWISE_BEZIER_KNOTS.);
#6307 = CARTESIAN_POINT('',(9.424777960769,0.));
#6308 = CARTESIAN_POINT('',(9.424777960769,1.570796326795));
#6309 = ( GEOMETRIC_REPRESENTATION_CONTEXT(2) 
PARAMETRIC_REPRESENTATION_CONTEXT() REPRESENTATION_CONTEXT('2D SPACE',''
  ) );
#6310 = ORIENTED_EDGE('',*,*,#6311,.F.);
#6311 = EDGE_CURVE('',#6312,#6289,#6314,.T.);
#6312 = VERTEX_POINT('',#6313);
#6313 = CARTESIAN_POINT('',(98.,7.2,13.));
#6314 = SURFACE_CURVE('',#6315,(#6319,#6325),.PCURVE_S1.);
#6315 = LINE('',#6316,#6317);
#6316 = CARTESIAN_POINT('',(98.,6.8,13.));
#6317 = VECTOR('',#6318,1.);
#6318 = DIRECTION('',(0.,1.,0.));
#6319 = PCURVE('',#2924,#6320);
#6320 = DEFINITIONAL_REPRESENTATION('',(#6321),#6324);
#6321 = B_SPLINE_CURVE_WITH_KNOTS('',1,(#6322,#6323),.UNSPECIFIED.,.F.,
  .F.,(2,2),(0.3999994,2.1000006),.PIECEWISE_BEZIER_KNOTS.);
#6322 = CARTESIAN_POINT('',(13.,-0.3999994));
#6323 = CARTESIAN_POINT('',(13.,-2.1000006));
#6324 = ( GEOMETRIC_REPRESENTATION_CONTEXT(2) 
PARAMETRIC_REPRESENTATION_CONTEXT() REPRESENTATION_CONTEXT('2D SPACE',''
  ) );
#6325 = PCURVE('',#6326,#6331);
#6326 = CYLINDRICAL_SURFACE('',#6327,4.5);
#6327 = AXIS2_PLACEMENT_3D('',#6328,#6329,#6330);
#6328 = CARTESIAN_POINT('',(98.,6.8,17.5));
#6329 = DIRECTION('',(0.,1.,0.));
#6330 = DIRECTION('',(0.,-0.,1.));
#6331 = DEFINITIONAL_REPRESENTATION('',(#6332),#6335);
#6332 = B_SPLINE_CURVE_WITH_KNOTS('',1,(#6333,#6334),.UNSPECIFIED.,.F.,
  .F.,(2,2),(0.4,2.1),.PIECEWISE_BEZIER_KNOTS.);
#6333 = CARTESIAN_POINT('',(9.424777960769,0.4));
#6334 = CARTESIAN_POINT('',(9.424777960769,2.1));
#6335 = ( GEOMETRIC_REPRESENTATION_CONTEXT(2) 
PARAMETRIC_REPRESENTATION_CONTEXT() REPRESENTATION_CONTEXT('2D SPACE',''
  ) );
#6336 = ORIENTED_EDGE('',*,*,#6337,.F.);
#6337 = EDGE_CURVE('',#6264,#6312,#6338,.T.);
#6338 = SURFACE_CURVE('',#6339,(#6344,#6351),.PCURVE_S1.);
#6339 = CIRCLE('',#6340,0.4);
#6340 = AXIS2_PLACEMENT_3D('',#6341,#6342,#6343);
#6341 = CARTESIAN_POINT('',(98.,7.2,13.4));
#6342 = DIRECTION('',(1.,0.,-0.));
#6343 = DIRECTION('',(0.,0.,1.));
#6344 = PCURVE('',#2924,#6345);
#6345 = DEFINITIONAL_REPRESENTATION('',(#6346),#6350);
#6346 = CIRCLE('',#6347,0.4);
#6347 = AXIS2_PLACEMENT_2D('',#6348,#6349);
#6348 = CARTESIAN_POINT('',(13.4,-0.4));
#6349 = DIRECTION('',(1.,0.));
#6350 = ( GEOMETRIC_REPRESENTATION_CONTEXT(2) 
PARAMETRIC_REPRESENTATION_CONTEXT() REPRESENTATION_CONTEXT('2D SPACE',''
  ) );
#6351 = PCURVE('',#6352,#6357);
#6352 = TOROIDAL_SURFACE('',#6353,4.1,0.4);
#6353 = AXIS2_PLACEMENT_3D('',#6354,#6355,#6356);
#6354 = CARTESIAN_POINT('',(98.,7.2,17.5));
#6355 = DIRECTION('',(-0.,-1.,-0.));
#6356 = DIRECTION('',(0.,-0.,1.));
#6357 = DEFINITIONAL_REPRESENTATION('',(#6358),#6361);
#6358 = B_SPLINE_CURVE_WITH_KNOTS('',1,(#6359,#6360),.UNSPECIFIED.,.F.,
  .F.,(2,2),(1.570796326795,3.14159265359),.PIECEWISE_BEZIER_KNOTS.);
#6359 = CARTESIAN_POINT('',(-9.424777960769,1.570796326795));
#6360 = CARTESIAN_POINT('',(-9.424777960769,0.));
#6361 = ( GEOMETRIC_REPRESENTATION_CONTEXT(2) 
PARAMETRIC_REPRESENTATION_CONTEXT() REPRESENTATION_CONTEXT('2D SPACE',''
  ) );
#6362 = ADVANCED_FACE('',(#6363,#6494),#2898,.F.);
#6363 = FACE_BOUND('',#6364,.F.);
#6364 = EDGE_LOOP('',(#6365,#6395,#6418,#6444,#6445,#6446,#6469));
#6365 = ORIENTED_EDGE('',*,*,#6366,.T.);
#6366 = EDGE_CURVE('',#6367,#6369,#6371,.T.);
#6367 = VERTEX_POINT('',#6368);
#6368 = CARTESIAN_POINT('',(90.1,6.8,2.2));
#6369 = VERTEX_POINT('',#6370);
#6370 = CARTESIAN_POINT('',(90.1,6.8,17.5));
#6371 = SURFACE_CURVE('',#6372,(#6376,#6383),.PCURVE_S1.);
#6372 = LINE('',#6373,#6374);
#6373 = CARTESIAN_POINT('',(90.1,6.8,2.2));
#6374 = VECTOR('',#6375,1.);
#6375 = DIRECTION('',(0.,0.,1.));
#6376 = PCURVE('',#2898,#6377);
#6377 = DEFINITIONAL_REPRESENTATION('',(#6378),#6382);
#6378 = LINE('',#6379,#6380);
#6379 = CARTESIAN_POINT('',(2.2,9.999999999999E-02));
#6380 = VECTOR('',#6381,1.);
#6381 = DIRECTION('',(1.,0.));
#6382 = ( GEOMETRIC_REPRESENTATION_CONTEXT(2) 
PARAMETRIC_REPRESENTATION_CONTEXT() REPRESENTATION_CONTEXT('2D SPACE',''
  ) );
#6383 = PCURVE('',#6384,#6389);
#6384 = PLANE('',#6385);
#6385 = AXIS2_PLACEMENT_3D('',#6386,#6387,#6388);
#6386 = CARTESIAN_POINT('',(90.1,-0.1,-1.));
#6387 = DIRECTION('',(1.,0.,-0.));
#6388 = DIRECTION('',(0.,0.,1.));
#6389 = DEFINITIONAL_REPRESENTATION('',(#6390),#6394);
#6390 = LINE('',#6391,#6392);
#6391 = CARTESIAN_POINT('',(3.2,-6.9));
#6392 = VECTOR('',#6393,1.);
#6393 = DIRECTION('',(1.,0.));
#6394 = ( GEOMETRIC_REPRESENTATION_CONTEXT(2) 
PARAMETRIC_REPRESENTATION_CONTEXT() REPRESENTATION_CONTEXT('2D SPACE',''
  ) );
#6395 = ORIENTED_EDGE('',*,*,#6396,.T.);
#6396 = EDGE_CURVE('',#6369,#6397,#6399,.T.);
#6397 = VERTEX_POINT('',#6398);
#6398 = CARTESIAN_POINT('',(93.9,6.8,17.5));
#6399 = SURFACE_CURVE('',#6400,(#6404,#6411),.PCURVE_S1.);
#6400 = LINE('',#6401,#6402);
#6401 = CARTESIAN_POINT('',(90.,6.8,17.5));
#6402 = VECTOR('',#6403,1.);
#6403 = DIRECTION('',(1.,0.,-0.));
#6404 = PCURVE('',#2898,#6405);
#6405 = DEFINITIONAL_REPRESENTATION('',(#6406),#6410);
#6406 = LINE('',#6407,#6408);
#6407 = CARTESIAN_POINT('',(17.5,0.));
#6408 = VECTOR('',#6409,1.);
#6409 = DIRECTION('',(0.,1.));
#6410 = ( GEOMETRIC_REPRESENTATION_CONTEXT(2) 
PARAMETRIC_REPRESENTATION_CONTEXT() REPRESENTATION_CONTEXT('2D SPACE',''
  ) );
#6411 = PCURVE('',#6167,#6412);
#6412 = DEFINITIONAL_REPRESENTATION('',(#6413),#6417);
#6413 = LINE('',#6414,#6415);
#6414 = CARTESIAN_POINT('',(0.,1.9));
#6415 = VECTOR('',#6416,1.);
#6416 = DIRECTION('',(1.,0.));
#6417 = ( GEOMETRIC_REPRESENTATION_CONTEXT(2) 
PARAMETRIC_REPRESENTATION_CONTEXT() REPRESENTATION_CONTEXT('2D SPACE',''
  ) );
#6418 = ORIENTED_EDGE('',*,*,#6419,.F.);
#6419 = EDGE_CURVE('',#6264,#6397,#6420,.T.);
#6420 = SURFACE_CURVE('',#6421,(#6426,#6437),.PCURVE_S1.);
#6421 = CIRCLE('',#6422,4.1);
#6422 = AXIS2_PLACEMENT_3D('',#6423,#6424,#6425);
#6423 = CARTESIAN_POINT('',(98.,6.8,17.5));
#6424 = DIRECTION('',(0.,-1.,0.));
#6425 = DIRECTION('',(2.079637275395E-14,0.,-1.));
#6426 = PCURVE('',#2898,#6427);
#6427 = DEFINITIONAL_REPRESENTATION('',(#6428),#6436);
#6428 = ( BOUNDED_CURVE() B_SPLINE_CURVE(2,(#6429,#6430,#6431,#6432,
#6433,#6434,#6435),.UNSPECIFIED.,.T.,.F.) B_SPLINE_CURVE_WITH_KNOTS((1,2
    ,2,2,2,1),(-2.094395102393,0.,2.094395102393,4.188790204786,
6.28318530718,8.377580409573),.UNSPECIFIED.) CURVE() 
GEOMETRIC_REPRESENTATION_ITEM() RATIONAL_B_SPLINE_CURVE((1.,0.5,1.,0.5,
1.,0.5,1.)) REPRESENTATION_ITEM('') );
#6429 = CARTESIAN_POINT('',(13.4,8.));
#6430 = CARTESIAN_POINT('',(13.4,15.101408311032));
#6431 = CARTESIAN_POINT('',(19.55,11.550704155516));
#6432 = CARTESIAN_POINT('',(25.7,8.));
#6433 = CARTESIAN_POINT('',(19.55,4.449295844484));
#6434 = CARTESIAN_POINT('',(13.4,0.898591688968));
#6435 = CARTESIAN_POINT('',(13.4,8.));
#6436 = ( GEOMETRIC_REPRESENTATION_CONTEXT(2) 
PARAMETRIC_REPRESENTATION_CONTEXT() REPRESENTATION_CONTEXT('2D SPACE',''
  ) );
#6437 = PCURVE('',#6352,#6438);
#6438 = DEFINITIONAL_REPRESENTATION('',(#6439),#6443);
#6439 = LINE('',#6440,#6441);
#6440 = CARTESIAN_POINT('',(-9.424777960769,1.570796326795));
#6441 = VECTOR('',#6442,1.);
#6442 = DIRECTION('',(1.,-0.));
#6443 = ( GEOMETRIC_REPRESENTATION_CONTEXT(2) 
PARAMETRIC_REPRESENTATION_CONTEXT() REPRESENTATION_CONTEXT('2D SPACE',''
  ) );
#6444 = ORIENTED_EDGE('',*,*,#6263,.F.);
#6445 = ORIENTED_EDGE('',*,*,#2882,.F.);
#6446 = ORIENTED_EDGE('',*,*,#6447,.F.);
#6447 = EDGE_CURVE('',#6448,#2855,#6450,.T.);
#6448 = VERTEX_POINT('',#6449);
#6449 = CARTESIAN_POINT('',(90.2,6.8,2.2));
#6450 = SURFACE_CURVE('',#6451,(#6455,#6462),.PCURVE_S1.);
#6451 = LINE('',#6452,#6453);
#6452 = CARTESIAN_POINT('',(90.2,6.8,2.2));
#6453 = VECTOR('',#6454,1.);
#6454 = DIRECTION('',(0.,0.,-1.));
#6455 = PCURVE('',#2898,#6456);
#6456 = DEFINITIONAL_REPRESENTATION('',(#6457),#6461);
#6457 = LINE('',#6458,#6459);
#6458 = CARTESIAN_POINT('',(2.2,0.2));
#6459 = VECTOR('',#6460,1.);
#6460 = DIRECTION('',(-1.,0.));
#6461 = ( GEOMETRIC_REPRESENTATION_CONTEXT(2) 
PARAMETRIC_REPRESENTATION_CONTEXT() REPRESENTATION_CONTEXT('2D SPACE',''
  ) );
#6462 = PCURVE('',#2870,#6463);
#6463 = DEFINITIONAL_REPRESENTATION('',(#6464),#6468);
#6464 = LINE('',#6465,#6466);
#6465 = CARTESIAN_POINT('',(2.2,-6.8));
#6466 = VECTOR('',#6467,1.);
#6467 = DIRECTION('',(-1.,0.));
#6468 = ( GEOMETRIC_REPRESENTATION_CONTEXT(2) 
PARAMETRIC_REPRESENTATION_CONTEXT() REPRESENTATION_CONTEXT('2D SPACE',''
  ) );
#6469 = ORIENTED_EDGE('',*,*,#6470,.T.);
#6470 = EDGE_CURVE('',#6448,#6367,#6471,.T.);
#6471 = SURFACE_CURVE('',#6472,(#6476,#6483),.PCURVE_S1.);
#6472 = LINE('',#6473,#6474);
#6473 = CARTESIAN_POINT('',(83.,6.8,2.2));
#6474 = VECTOR('',#6475,1.);
#6475 = DIRECTION('',(-1.,-0.,0.));
#6476 = PCURVE('',#2898,#6477);
#6477 = DEFINITIONAL_REPRESENTATION('',(#6478),#6482);
#6478 = LINE('',#6479,#6480);
#6479 = CARTESIAN_POINT('',(2.2,-7.));
#6480 = VECTOR('',#6481,1.);
#6481 = DIRECTION('',(0.,-1.));
#6482 = ( GEOMETRIC_REPRESENTATION_CONTEXT(2) 
PARAMETRIC_REPRESENTATION_CONTEXT() REPRESENTATION_CONTEXT('2D SPACE',''
  ) );
#6483 = PCURVE('',#6484,#6489);
#6484 = PLANE('',#6485);
#6485 = AXIS2_PLACEMENT_3D('',#6486,#6487,#6488);
#6486 = CARTESIAN_POINT('',(76.,0.,2.2));
#6487 = DIRECTION('',(0.,0.,1.));
#6488 = DIRECTION('',(1.,0.,-0.));
#6489 = DEFINITIONAL_REPRESENTATION('',(#6490),#6493);
#6490 = B_SPLINE_CURVE_WITH_KNOTS('',1,(#6491,#6492),.UNSPECIFIED.,.F.,
  .F.,(2,2),(-7.2,-7.),.PIECEWISE_BEZIER_KNOTS.);
#6491 = CARTESIAN_POINT('',(14.2,6.8));
#6492 = CARTESIAN_POINT('',(14.,6.8));
#6493 = ( GEOMETRIC_REPRESENTATION_CONTEXT(2) 
PARAMETRIC_REPRESENTATION_CONTEXT() REPRESENTATION_CONTEXT('2D SPACE',''
  ) );
#6494 = FACE_BOUND('',#6495,.F.);
#6495 = EDGE_LOOP('',(#6496));
#6496 = ORIENTED_EDGE('',*,*,#6497,.F.);
#6497 = EDGE_CURVE('',#6498,#6498,#6500,.T.);
#6498 = VERTEX_POINT('',#6499);
#6499 = CARTESIAN_POINT('',(98.,6.8,18.475));
#6500 = SURFACE_CURVE('',#6501,(#6506,#6513),.PCURVE_S1.);
#6501 = CIRCLE('',#6502,0.975);
#6502 = AXIS2_PLACEMENT_3D('',#6503,#6504,#6505);
#6503 = CARTESIAN_POINT('',(98.,6.8,17.5));
#6504 = DIRECTION('',(0.,1.,0.));
#6505 = DIRECTION('',(0.,-0.,1.));
#6506 = PCURVE('',#2898,#6507);
#6507 = DEFINITIONAL_REPRESENTATION('',(#6508),#6512);
#6508 = CIRCLE('',#6509,0.975);
#6509 = AXIS2_PLACEMENT_2D('',#6510,#6511);
#6510 = CARTESIAN_POINT('',(17.5,8.));
#6511 = DIRECTION('',(1.,0.));
#6512 = ( GEOMETRIC_REPRESENTATION_CONTEXT(2) 
PARAMETRIC_REPRESENTATION_CONTEXT() REPRESENTATION_CONTEXT('2D SPACE',''
  ) );
#6513 = PCURVE('',#6514,#6519);
#6514 = CYLINDRICAL_SURFACE('',#6515,0.975);
#6515 = AXIS2_PLACEMENT_3D('',#6516,#6517,#6518);
#6516 = CARTESIAN_POINT('',(98.,6.78,17.5));
#6517 = DIRECTION('',(0.,1.,0.));
#6518 = DIRECTION('',(0.,-0.,1.));
#6519 = DEFINITIONAL_REPRESENTATION('',(#6520),#6524);
#6520 = LINE('',#6521,#6522);
#6521 = CARTESIAN_POINT('',(0.,2.E-02));
#6522 = VECTOR('',#6523,1.);
#6523 = DIRECTION('',(1.,0.));
#6524 = ( GEOMETRIC_REPRESENTATION_CONTEXT(2) 
PARAMETRIC_REPRESENTATION_CONTEXT() REPRESENTATION_CONTEXT('2D SPACE',''
  ) );
#6525 = ADVANCED_FACE('',(#6526),#2870,.T.);
#6526 = FACE_BOUND('',#6527,.T.);
#6527 = EDGE_LOOP('',(#6528,#6551,#6570,#6571));
#6528 = ORIENTED_EDGE('',*,*,#6529,.F.);
#6529 = EDGE_CURVE('',#6530,#6448,#6532,.T.);
#6530 = VERTEX_POINT('',#6531);
#6531 = CARTESIAN_POINT('',(90.2,6.55,2.2));
#6532 = SURFACE_CURVE('',#6533,(#6537,#6544),.PCURVE_S1.);
#6533 = LINE('',#6534,#6535);
#6534 = CARTESIAN_POINT('',(90.2,0.,2.2));
#6535 = VECTOR('',#6536,1.);
#6536 = DIRECTION('',(-0.,1.,0.));
#6537 = PCURVE('',#2870,#6538);
#6538 = DEFINITIONAL_REPRESENTATION('',(#6539),#6543);
#6539 = LINE('',#6540,#6541);
#6540 = CARTESIAN_POINT('',(2.2,0.));
#6541 = VECTOR('',#6542,1.);
#6542 = DIRECTION('',(0.,-1.));
#6543 = ( GEOMETRIC_REPRESENTATION_CONTEXT(2) 
PARAMETRIC_REPRESENTATION_CONTEXT() REPRESENTATION_CONTEXT('2D SPACE',''
  ) );
#6544 = PCURVE('',#6484,#6545);
#6545 = DEFINITIONAL_REPRESENTATION('',(#6546),#6550);
#6546 = LINE('',#6547,#6548);
#6547 = CARTESIAN_POINT('',(14.2,0.));
#6548 = VECTOR('',#6549,1.);
#6549 = DIRECTION('',(0.,1.));
#6550 = ( GEOMETRIC_REPRESENTATION_CONTEXT(2) 
PARAMETRIC_REPRESENTATION_CONTEXT() REPRESENTATION_CONTEXT('2D SPACE',''
  ) );
#6551 = ORIENTED_EDGE('',*,*,#6552,.F.);
#6552 = EDGE_CURVE('',#2829,#6530,#6553,.T.);
#6553 = SURFACE_CURVE('',#6554,(#6558,#6564),.PCURVE_S1.);
#6554 = LINE('',#6555,#6556);
#6555 = CARTESIAN_POINT('',(90.2,6.55,8.75));
#6556 = VECTOR('',#6557,1.);
#6557 = DIRECTION('',(0.,-0.,1.));
#6558 = PCURVE('',#2870,#6559);
#6559 = DEFINITIONAL_REPRESENTATION('',(#6560),#6563);
#6560 = B_SPLINE_CURVE_WITH_KNOTS('',1,(#6561,#6562),.UNSPECIFIED.,.F.,
  .F.,(2,2),(-8.75,-6.55),.PIECEWISE_BEZIER_KNOTS.);
#6561 = CARTESIAN_POINT('',(0.,-6.55));
#6562 = CARTESIAN_POINT('',(2.2,-6.55));
#6563 = ( GEOMETRIC_REPRESENTATION_CONTEXT(2) 
PARAMETRIC_REPRESENTATION_CONTEXT() REPRESENTATION_CONTEXT('2D SPACE',''
  ) );
#6564 = PCURVE('',#2843,#6565);
#6565 = DEFINITIONAL_REPRESENTATION('',(#6566),#6569);
#6566 = B_SPLINE_CURVE_WITH_KNOTS('',1,(#6567,#6568),.UNSPECIFIED.,.F.,
  .F.,(2,2),(-8.75,-6.55),.PIECEWISE_BEZIER_KNOTS.);
#6567 = CARTESIAN_POINT('',(-17.5,-7.8));
#6568 = CARTESIAN_POINT('',(-15.3,-7.8));
#6569 = ( GEOMETRIC_REPRESENTATION_CONTEXT(2) 
PARAMETRIC_REPRESENTATION_CONTEXT() REPRESENTATION_CONTEXT('2D SPACE',''
  ) );
#6570 = ORIENTED_EDGE('',*,*,#2854,.T.);
#6571 = ORIENTED_EDGE('',*,*,#6447,.F.);
#6572 = ADVANCED_FACE('',(#6573),#2843,.F.);
#6573 = FACE_BOUND('',#6574,.F.);
#6574 = EDGE_LOOP('',(#6575,#6576,#6577,#6598,#6624,#6645,#6671,#6692,
    #6713,#6734,#6755,#6774));
#6575 = ORIENTED_EDGE('',*,*,#2828,.T.);
#6576 = ORIENTED_EDGE('',*,*,#3377,.T.);
#6577 = ORIENTED_EDGE('',*,*,#6578,.F.);
#6578 = EDGE_CURVE('',#6579,#3378,#6581,.T.);
#6579 = VERTEX_POINT('',#6580);
#6580 = CARTESIAN_POINT('',(88.,6.55,3.2));
#6581 = SURFACE_CURVE('',#6582,(#6586,#6592),.PCURVE_S1.);
#6582 = LINE('',#6583,#6584);
#6583 = CARTESIAN_POINT('',(55.,6.55,3.2));
#6584 = VECTOR('',#6585,1.);
#6585 = DIRECTION('',(-1.,0.,0.));
#6586 = PCURVE('',#2843,#6587);
#6587 = DEFINITIONAL_REPRESENTATION('',(#6588),#6591);
#6588 = B_SPLINE_CURVE_WITH_KNOTS('',1,(#6589,#6590),.UNSPECIFIED.,.F.,
  .F.,(2,2),(-33.,-23.3081185951),.PIECEWISE_BEZIER_KNOTS.);
#6589 = CARTESIAN_POINT('',(-14.3,-10.));
#6590 = CARTESIAN_POINT('',(-14.3,-19.69188140489));
#6591 = ( GEOMETRIC_REPRESENTATION_CONTEXT(2) 
PARAMETRIC_REPRESENTATION_CONTEXT() REPRESENTATION_CONTEXT('2D SPACE',''
  ) );
#6592 = PCURVE('',#3035,#6593);
#6593 = DEFINITIONAL_REPRESENTATION('',(#6594),#6597);
#6594 = B_SPLINE_CURVE_WITH_KNOTS('',1,(#6595,#6596),.UNSPECIFIED.,.F.,
  .F.,(2,2),(-33.,-23.3081185951),.PIECEWISE_BEZIER_KNOTS.);
#6595 = CARTESIAN_POINT('',(76.,0.55));
#6596 = CARTESIAN_POINT('',(66.308118595106,0.55));
#6597 = ( GEOMETRIC_REPRESENTATION_CONTEXT(2) 
PARAMETRIC_REPRESENTATION_CONTEXT() REPRESENTATION_CONTEXT('2D SPACE',''
  ) );
#6598 = ORIENTED_EDGE('',*,*,#6599,.F.);
#6599 = EDGE_CURVE('',#6600,#6579,#6602,.T.);
#6600 = VERTEX_POINT('',#6601);
#6601 = CARTESIAN_POINT('',(88.,6.55,2.2));
#6602 = SURFACE_CURVE('',#6603,(#6607,#6613),.PCURVE_S1.);
#6603 = LINE('',#6604,#6605);
#6604 = CARTESIAN_POINT('',(88.,6.55,9.845));
#6605 = VECTOR('',#6606,1.);
#6606 = DIRECTION('',(0.,-0.,1.));
#6607 = PCURVE('',#2843,#6608);
#6608 = DEFINITIONAL_REPRESENTATION('',(#6609),#6612);
#6609 = B_SPLINE_CURVE_WITH_KNOTS('',1,(#6610,#6611),.UNSPECIFIED.,.F.,
  .F.,(2,2),(-7.645,-6.645),.PIECEWISE_BEZIER_KNOTS.);
#6610 = CARTESIAN_POINT('',(-15.3,-10.));
#6611 = CARTESIAN_POINT('',(-14.3,-10.));
#6612 = ( GEOMETRIC_REPRESENTATION_CONTEXT(2) 
PARAMETRIC_REPRESENTATION_CONTEXT() REPRESENTATION_CONTEXT('2D SPACE',''
  ) );
#6613 = PCURVE('',#6614,#6619);
#6614 = PLANE('',#6615);
#6615 = AXIS2_PLACEMENT_3D('',#6616,#6617,#6618);
#6616 = CARTESIAN_POINT('',(88.,6.,2.19));
#6617 = DIRECTION('',(1.,0.,-0.));
#6618 = DIRECTION('',(0.,0.,1.));
#6619 = DEFINITIONAL_REPRESENTATION('',(#6620),#6623);
#6620 = B_SPLINE_CURVE_WITH_KNOTS('',1,(#6621,#6622),.UNSPECIFIED.,.F.,
  .F.,(2,2),(-7.645,-6.645),.PIECEWISE_BEZIER_KNOTS.);
#6621 = CARTESIAN_POINT('',(1.E-02,-0.55));
#6622 = CARTESIAN_POINT('',(1.01,-0.55));
#6623 = ( GEOMETRIC_REPRESENTATION_CONTEXT(2) 
PARAMETRIC_REPRESENTATION_CONTEXT() REPRESENTATION_CONTEXT('2D SPACE',''
  ) );
#6624 = ORIENTED_EDGE('',*,*,#6625,.F.);
#6625 = EDGE_CURVE('',#6626,#6600,#6628,.T.);
#6626 = VERTEX_POINT('',#6627);
#6627 = CARTESIAN_POINT('',(89.5,6.55,2.2));
#6628 = SURFACE_CURVE('',#6629,(#6633,#6639),.PCURVE_S1.);
#6629 = LINE('',#6630,#6631);
#6630 = CARTESIAN_POINT('',(87.,6.55,2.2));
#6631 = VECTOR('',#6632,1.);
#6632 = DIRECTION('',(-1.,0.,0.));
#6633 = PCURVE('',#2843,#6634);
#6634 = DEFINITIONAL_REPRESENTATION('',(#6635),#6638);
#6635 = B_SPLINE_CURVE_WITH_KNOTS('',1,(#6636,#6637),.UNSPECIFIED.,.F.,
  .F.,(2,2),(-3.2,8.691881404894),.PIECEWISE_BEZIER_KNOTS.);
#6636 = CARTESIAN_POINT('',(-15.3,-7.8));
#6637 = CARTESIAN_POINT('',(-15.3,-19.69188140489));
#6638 = ( GEOMETRIC_REPRESENTATION_CONTEXT(2) 
PARAMETRIC_REPRESENTATION_CONTEXT() REPRESENTATION_CONTEXT('2D SPACE',''
  ) );
#6639 = PCURVE('',#2980,#6640);
#6640 = DEFINITIONAL_REPRESENTATION('',(#6641),#6644);
#6641 = B_SPLINE_CURVE_WITH_KNOTS('',1,(#6642,#6643),.UNSPECIFIED.,.F.,
  .F.,(2,2),(-3.2,8.691881404894),.PIECEWISE_BEZIER_KNOTS.);
#6642 = CARTESIAN_POINT('',(14.2,6.55));
#6643 = CARTESIAN_POINT('',(2.308118595106,6.55));
#6644 = ( GEOMETRIC_REPRESENTATION_CONTEXT(2) 
PARAMETRIC_REPRESENTATION_CONTEXT() REPRESENTATION_CONTEXT('2D SPACE',''
  ) );
#6645 = ORIENTED_EDGE('',*,*,#6646,.T.);
#6646 = EDGE_CURVE('',#6626,#6647,#6649,.T.);
#6647 = VERTEX_POINT('',#6648);
#6648 = CARTESIAN_POINT('',(89.5,6.55,11.5));
#6649 = SURFACE_CURVE('',#6650,(#6654,#6660),.PCURVE_S1.);
#6650 = LINE('',#6651,#6652);
#6651 = CARTESIAN_POINT('',(89.5,6.55,9.85));
#6652 = VECTOR('',#6653,1.);
#6653 = DIRECTION('',(0.,-0.,1.));
#6654 = PCURVE('',#2843,#6655);
#6655 = DEFINITIONAL_REPRESENTATION('',(#6656),#6659);
#6656 = B_SPLINE_CURVE_WITH_KNOTS('',1,(#6657,#6658),.UNSPECIFIED.,.F.,
  .F.,(2,2),(-7.65,1.65),.PIECEWISE_BEZIER_KNOTS.);
#6657 = CARTESIAN_POINT('',(-15.3,-8.5));
#6658 = CARTESIAN_POINT('',(-6.,-8.5));
#6659 = ( GEOMETRIC_REPRESENTATION_CONTEXT(2) 
PARAMETRIC_REPRESENTATION_CONTEXT() REPRESENTATION_CONTEXT('2D SPACE',''
  ) );
#6660 = PCURVE('',#6661,#6666);
#6661 = PLANE('',#6662);
#6662 = AXIS2_PLACEMENT_3D('',#6663,#6664,#6665);
#6663 = CARTESIAN_POINT('',(89.5,2.4,2.2));
#6664 = DIRECTION('',(1.,0.,-0.));
#6665 = DIRECTION('',(0.,0.,1.));
#6666 = DEFINITIONAL_REPRESENTATION('',(#6667),#6670);
#6667 = B_SPLINE_CURVE_WITH_KNOTS('',1,(#6668,#6669),.UNSPECIFIED.,.F.,
  .F.,(2,2),(-7.65,1.65),.PIECEWISE_BEZIER_KNOTS.);
#6668 = CARTESIAN_POINT('',(0.,-4.15));
#6669 = CARTESIAN_POINT('',(9.3,-4.15));
#6670 = ( GEOMETRIC_REPRESENTATION_CONTEXT(2) 
PARAMETRIC_REPRESENTATION_CONTEXT() REPRESENTATION_CONTEXT('2D SPACE',''
  ) );
#6671 = ORIENTED_EDGE('',*,*,#6672,.F.);
#6672 = EDGE_CURVE('',#6673,#6647,#6675,.T.);
#6673 = VERTEX_POINT('',#6674);
#6674 = CARTESIAN_POINT('',(90.,6.55,11.5));
#6675 = SURFACE_CURVE('',#6676,(#6680,#6686),.PCURVE_S1.);
#6676 = LINE('',#6677,#6678);
#6677 = CARTESIAN_POINT('',(48.5,6.55,11.5));
#6678 = VECTOR('',#6679,1.);
#6679 = DIRECTION('',(-1.,0.,0.));
#6680 = PCURVE('',#2843,#6681);
#6681 = DEFINITIONAL_REPRESENTATION('',(#6682),#6685);
#6682 = B_SPLINE_CURVE_WITH_KNOTS('',1,(#6683,#6684),.UNSPECIFIED.,.F.,
  .F.,(2,2),(-41.6,-41.),.PIECEWISE_BEZIER_KNOTS.);
#6683 = CARTESIAN_POINT('',(-6.,-7.9));
#6684 = CARTESIAN_POINT('',(-6.,-8.5));
#6685 = ( GEOMETRIC_REPRESENTATION_CONTEXT(2) 
PARAMETRIC_REPRESENTATION_CONTEXT() REPRESENTATION_CONTEXT('2D SPACE',''
  ) );
#6686 = PCURVE('',#6112,#6687);
#6687 = DEFINITIONAL_REPRESENTATION('',(#6688),#6691);
#6688 = B_SPLINE_CURVE_WITH_KNOTS('',1,(#6689,#6690),.UNSPECIFIED.,.F.,
  .F.,(2,2),(-41.6,-41.),.PIECEWISE_BEZIER_KNOTS.);
#6689 = CARTESIAN_POINT('',(91.1,7.55));
#6690 = CARTESIAN_POINT('',(90.5,7.55));
#6691 = ( GEOMETRIC_REPRESENTATION_CONTEXT(2) 
PARAMETRIC_REPRESENTATION_CONTEXT() REPRESENTATION_CONTEXT('2D SPACE',''
  ) );
#6692 = ORIENTED_EDGE('',*,*,#6693,.T.);
#6693 = EDGE_CURVE('',#6673,#6694,#6696,.T.);
#6694 = VERTEX_POINT('',#6695);
#6695 = CARTESIAN_POINT('',(90.,6.55,17.5));
#6696 = SURFACE_CURVE('',#6697,(#6701,#6707),.PCURVE_S1.);
#6697 = LINE('',#6698,#6699);
#6698 = CARTESIAN_POINT('',(90.,6.55,8.75));
#6699 = VECTOR('',#6700,1.);
#6700 = DIRECTION('',(0.,-0.,1.));
#6701 = PCURVE('',#2843,#6702);
#6702 = DEFINITIONAL_REPRESENTATION('',(#6703),#6706);
#6703 = B_SPLINE_CURVE_WITH_KNOTS('',1,(#6704,#6705),.UNSPECIFIED.,.F.,
  .F.,(2,2),(2.75,8.75),.PIECEWISE_BEZIER_KNOTS.);
#6704 = CARTESIAN_POINT('',(-6.,-8.));
#6705 = CARTESIAN_POINT('',(0.,-8.));
#6706 = ( GEOMETRIC_REPRESENTATION_CONTEXT(2) 
PARAMETRIC_REPRESENTATION_CONTEXT() REPRESENTATION_CONTEXT('2D SPACE',''
  ) );
#6707 = PCURVE('',#6139,#6708);
#6708 = DEFINITIONAL_REPRESENTATION('',(#6709),#6712);
#6709 = B_SPLINE_CURVE_WITH_KNOTS('',1,(#6710,#6711),.UNSPECIFIED.,.F.,
  .F.,(2,2),(2.75,8.75),.PIECEWISE_BEZIER_KNOTS.);
#6710 = CARTESIAN_POINT('',(11.5,-1.65));
#6711 = CARTESIAN_POINT('',(17.5,-1.65));
#6712 = ( GEOMETRIC_REPRESENTATION_CONTEXT(2) 
PARAMETRIC_REPRESENTATION_CONTEXT() REPRESENTATION_CONTEXT('2D SPACE',''
  ) );
#6713 = ORIENTED_EDGE('',*,*,#6714,.F.);
#6714 = EDGE_CURVE('',#6715,#6694,#6717,.T.);
#6715 = VERTEX_POINT('',#6716);
#6716 = CARTESIAN_POINT('',(90.1,6.55,17.5));
#6717 = SURFACE_CURVE('',#6718,(#6722,#6728),.PCURVE_S1.);
#6718 = LINE('',#6719,#6720);
#6719 = CARTESIAN_POINT('',(94.,6.55,17.5));
#6720 = VECTOR('',#6721,1.);
#6721 = DIRECTION('',(-1.,0.,0.));
#6722 = PCURVE('',#2843,#6723);
#6723 = DEFINITIONAL_REPRESENTATION('',(#6724),#6727);
#6724 = B_SPLINE_CURVE_WITH_KNOTS('',1,(#6725,#6726),.UNSPECIFIED.,.F.,
  .F.,(2,2),(9.999999999999E-02,4.),.PIECEWISE_BEZIER_KNOTS.);
#6725 = CARTESIAN_POINT('',(0.,-4.1));
#6726 = CARTESIAN_POINT('',(0.,-8.));
#6727 = ( GEOMETRIC_REPRESENTATION_CONTEXT(2) 
PARAMETRIC_REPRESENTATION_CONTEXT() REPRESENTATION_CONTEXT('2D SPACE',''
  ) );
#6728 = PCURVE('',#6167,#6729);
#6729 = DEFINITIONAL_REPRESENTATION('',(#6730),#6733);
#6730 = B_SPLINE_CURVE_WITH_KNOTS('',1,(#6731,#6732),.UNSPECIFIED.,.F.,
  .F.,(2,2),(9.999999999999E-02,4.),.PIECEWISE_BEZIER_KNOTS.);
#6731 = CARTESIAN_POINT('',(3.9,1.65));
#6732 = CARTESIAN_POINT('',(0.,1.65));
#6733 = ( GEOMETRIC_REPRESENTATION_CONTEXT(2) 
PARAMETRIC_REPRESENTATION_CONTEXT() REPRESENTATION_CONTEXT('2D SPACE',''
  ) );
#6734 = ORIENTED_EDGE('',*,*,#6735,.F.);
#6735 = EDGE_CURVE('',#6736,#6715,#6738,.T.);
#6736 = VERTEX_POINT('',#6737);
#6737 = CARTESIAN_POINT('',(90.1,6.55,2.2));
#6738 = SURFACE_CURVE('',#6739,(#6743,#6749),.PCURVE_S1.);
#6739 = LINE('',#6740,#6741);
#6740 = CARTESIAN_POINT('',(90.1,6.55,8.25));
#6741 = VECTOR('',#6742,1.);
#6742 = DIRECTION('',(0.,-0.,1.));
#6743 = PCURVE('',#2843,#6744);
#6744 = DEFINITIONAL_REPRESENTATION('',(#6745),#6748);
#6745 = B_SPLINE_CURVE_WITH_KNOTS('',1,(#6746,#6747),.UNSPECIFIED.,.F.,
  .F.,(2,2),(-6.05,9.25),.PIECEWISE_BEZIER_KNOTS.);
#6746 = CARTESIAN_POINT('',(-15.3,-7.9));
#6747 = CARTESIAN_POINT('',(0.,-7.9));
#6748 = ( GEOMETRIC_REPRESENTATION_CONTEXT(2) 
PARAMETRIC_REPRESENTATION_CONTEXT() REPRESENTATION_CONTEXT('2D SPACE',''
  ) );
#6749 = PCURVE('',#6384,#6750);
#6750 = DEFINITIONAL_REPRESENTATION('',(#6751),#6754);
#6751 = B_SPLINE_CURVE_WITH_KNOTS('',1,(#6752,#6753),.UNSPECIFIED.,.F.,
  .F.,(2,2),(-6.05,9.25),.PIECEWISE_BEZIER_KNOTS.);
#6752 = CARTESIAN_POINT('',(3.2,-6.65));
#6753 = CARTESIAN_POINT('',(18.5,-6.65));
#6754 = ( GEOMETRIC_REPRESENTATION_CONTEXT(2) 
PARAMETRIC_REPRESENTATION_CONTEXT() REPRESENTATION_CONTEXT('2D SPACE',''
  ) );
#6755 = ORIENTED_EDGE('',*,*,#6756,.F.);
#6756 = EDGE_CURVE('',#6530,#6736,#6757,.T.);
#6757 = SURFACE_CURVE('',#6758,(#6762,#6768),.PCURVE_S1.);
#6758 = LINE('',#6759,#6760);
#6759 = CARTESIAN_POINT('',(87.,6.55,2.2));
#6760 = VECTOR('',#6761,1.);
#6761 = DIRECTION('',(-1.,0.,0.));
#6762 = PCURVE('',#2843,#6763);
#6763 = DEFINITIONAL_REPRESENTATION('',(#6764),#6767);
#6764 = B_SPLINE_CURVE_WITH_KNOTS('',1,(#6765,#6766),.UNSPECIFIED.,.F.,
  .F.,(2,2),(-3.2,8.691881404894),.PIECEWISE_BEZIER_KNOTS.);
#6765 = CARTESIAN_POINT('',(-15.3,-7.8));
#6766 = CARTESIAN_POINT('',(-15.3,-19.69188140489));
#6767 = ( GEOMETRIC_REPRESENTATION_CONTEXT(2) 
PARAMETRIC_REPRESENTATION_CONTEXT() REPRESENTATION_CONTEXT('2D SPACE',''
  ) );
#6768 = PCURVE('',#6484,#6769);
#6769 = DEFINITIONAL_REPRESENTATION('',(#6770),#6773);
#6770 = B_SPLINE_CURVE_WITH_KNOTS('',1,(#6771,#6772),.UNSPECIFIED.,.F.,
  .F.,(2,2),(-3.2,8.691881404894),.PIECEWISE_BEZIER_KNOTS.);
#6771 = CARTESIAN_POINT('',(14.2,6.55));
#6772 = CARTESIAN_POINT('',(2.308118595106,6.55));
#6773 = ( GEOMETRIC_REPRESENTATION_CONTEXT(2) 
PARAMETRIC_REPRESENTATION_CONTEXT() REPRESENTATION_CONTEXT('2D SPACE',''
  ) );
#6774 = ORIENTED_EDGE('',*,*,#6552,.F.);
#6775 = ADVANCED_FACE('',(#6776),#2728,.T.);
#6776 = FACE_BOUND('',#6777,.T.);
#6777 = EDGE_LOOP('',(#6778,#6779,#6780,#6781,#6804,#6830));
#6778 = ORIENTED_EDGE('',*,*,#3560,.F.);
#6779 = ORIENTED_EDGE('',*,*,#2712,.T.);
#6780 = ORIENTED_EDGE('',*,*,#3794,.T.);
#6781 = ORIENTED_EDGE('',*,*,#6782,.F.);
#6782 = EDGE_CURVE('',#6783,#3766,#6785,.T.);
#6783 = VERTEX_POINT('',#6784);
#6784 = CARTESIAN_POINT('',(98.,2.4,13.));
#6785 = SURFACE_CURVE('',#6786,(#6791,#6798),.PCURVE_S1.);
#6786 = CIRCLE('',#6787,0.4);
#6787 = AXIS2_PLACEMENT_3D('',#6788,#6789,#6790);
#6788 = CARTESIAN_POINT('',(98.,2.4,13.4));
#6789 = DIRECTION('',(1.,0.,-0.));
#6790 = DIRECTION('',(0.,0.,1.));
#6791 = PCURVE('',#2728,#6792);
#6792 = DEFINITIONAL_REPRESENTATION('',(#6793),#6797);
#6793 = CIRCLE('',#6794,0.4);
#6794 = AXIS2_PLACEMENT_2D('',#6795,#6796);
#6795 = CARTESIAN_POINT('',(13.4,-2.1));
#6796 = DIRECTION('',(1.,0.));
#6797 = ( GEOMETRIC_REPRESENTATION_CONTEXT(2) 
PARAMETRIC_REPRESENTATION_CONTEXT() REPRESENTATION_CONTEXT('2D SPACE',''
  ) );
#6798 = PCURVE('',#3782,#6799);
#6799 = DEFINITIONAL_REPRESENTATION('',(#6800),#6803);
#6800 = B_SPLINE_CURVE_WITH_KNOTS('',1,(#6801,#6802),.UNSPECIFIED.,.F.,
  .F.,(2,2),(3.14159265359,4.712388980385),.PIECEWISE_BEZIER_KNOTS.);
#6801 = CARTESIAN_POINT('',(9.424777960769,0.));
#6802 = CARTESIAN_POINT('',(9.424777960769,1.570796326795));
#6803 = ( GEOMETRIC_REPRESENTATION_CONTEXT(2) 
PARAMETRIC_REPRESENTATION_CONTEXT() REPRESENTATION_CONTEXT('2D SPACE',''
  ) );
#6804 = ORIENTED_EDGE('',*,*,#6805,.F.);
#6805 = EDGE_CURVE('',#6806,#6783,#6808,.T.);
#6806 = VERTEX_POINT('',#6807);
#6807 = CARTESIAN_POINT('',(98.,0.7,13.));
#6808 = SURFACE_CURVE('',#6809,(#6813,#6819),.PCURVE_S1.);
#6809 = LINE('',#6810,#6811);
#6810 = CARTESIAN_POINT('',(98.,0.3,13.));
#6811 = VECTOR('',#6812,1.);
#6812 = DIRECTION('',(0.,1.,0.));
#6813 = PCURVE('',#2728,#6814);
#6814 = DEFINITIONAL_REPRESENTATION('',(#6815),#6818);
#6815 = B_SPLINE_CURVE_WITH_KNOTS('',1,(#6816,#6817),.UNSPECIFIED.,.F.,
  .F.,(2,2),(0.3999994,2.1000006),.PIECEWISE_BEZIER_KNOTS.);
#6816 = CARTESIAN_POINT('',(13.,-0.3999994));
#6817 = CARTESIAN_POINT('',(13.,-2.1000006));
#6818 = ( GEOMETRIC_REPRESENTATION_CONTEXT(2) 
PARAMETRIC_REPRESENTATION_CONTEXT() REPRESENTATION_CONTEXT('2D SPACE',''
  ) );
#6819 = PCURVE('',#6820,#6825);
#6820 = CYLINDRICAL_SURFACE('',#6821,4.5);
#6821 = AXIS2_PLACEMENT_3D('',#6822,#6823,#6824);
#6822 = CARTESIAN_POINT('',(98.,0.3,17.5));
#6823 = DIRECTION('',(0.,1.,0.));
#6824 = DIRECTION('',(0.,-0.,1.));
#6825 = DEFINITIONAL_REPRESENTATION('',(#6826),#6829);
#6826 = B_SPLINE_CURVE_WITH_KNOTS('',1,(#6827,#6828),.UNSPECIFIED.,.F.,
  .F.,(2,2),(0.4,2.1),.PIECEWISE_BEZIER_KNOTS.);
#6827 = CARTESIAN_POINT('',(9.424777960769,0.4));
#6828 = CARTESIAN_POINT('',(9.424777960769,2.1));
#6829 = ( GEOMETRIC_REPRESENTATION_CONTEXT(2) 
PARAMETRIC_REPRESENTATION_CONTEXT() REPRESENTATION_CONTEXT('2D SPACE',''
  ) );
#6830 = ORIENTED_EDGE('',*,*,#6831,.F.);
#6831 = EDGE_CURVE('',#3528,#6806,#6832,.T.);
#6832 = SURFACE_CURVE('',#6833,(#6838,#6845),.PCURVE_S1.);
#6833 = CIRCLE('',#6834,0.4);
#6834 = AXIS2_PLACEMENT_3D('',#6835,#6836,#6837);
#6835 = CARTESIAN_POINT('',(98.,0.7,13.4));
#6836 = DIRECTION('',(1.,0.,-0.));
#6837 = DIRECTION('',(0.,0.,1.));
#6838 = PCURVE('',#2728,#6839);
#6839 = DEFINITIONAL_REPRESENTATION('',(#6840),#6844);
#6840 = CIRCLE('',#6841,0.4);
#6841 = AXIS2_PLACEMENT_2D('',#6842,#6843);
#6842 = CARTESIAN_POINT('',(13.4,-0.4));
#6843 = DIRECTION('',(1.,0.));
#6844 = ( GEOMETRIC_REPRESENTATION_CONTEXT(2) 
PARAMETRIC_REPRESENTATION_CONTEXT() REPRESENTATION_CONTEXT('2D SPACE',''
  ) );
#6845 = PCURVE('',#3548,#6846);
#6846 = DEFINITIONAL_REPRESENTATION('',(#6847),#6850);
#6847 = B_SPLINE_CURVE_WITH_KNOTS('',1,(#6848,#6849),.UNSPECIFIED.,.F.,
  .F.,(2,2),(1.570796326795,3.14159265359),.PIECEWISE_BEZIER_KNOTS.);
#6848 = CARTESIAN_POINT('',(-9.424777960769,1.570796326795));
#6849 = CARTESIAN_POINT('',(-9.424777960769,0.));
#6850 = ( GEOMETRIC_REPRESENTATION_CONTEXT(2) 
PARAMETRIC_REPRESENTATION_CONTEXT() REPRESENTATION_CONTEXT('2D SPACE',''
  ) );
#6851 = ADVANCED_FACE('',(#6852),#2654,.T.);
#6852 = FACE_BOUND('',#6853,.T.);
#6853 = EDGE_LOOP('',(#6854,#6877,#6899,#6921,#6943,#6966,#6987,#6988));
#6854 = ORIENTED_EDGE('',*,*,#6855,.F.);
#6855 = EDGE_CURVE('',#6856,#2942,#6858,.T.);
#6856 = VERTEX_POINT('',#6857);
#6857 = CARTESIAN_POINT('',(89.5,26.,2.2));
#6858 = SURFACE_CURVE('',#6859,(#6863,#6870),.PCURVE_S1.);
#6859 = LINE('',#6860,#6861);
#6860 = CARTESIAN_POINT('',(39.2,26.,2.2));
#6861 = VECTOR('',#6862,1.);
#6862 = DIRECTION('',(-1.,-0.,0.));
#6863 = PCURVE('',#2654,#6864);
#6864 = DEFINITIONAL_REPRESENTATION('',(#6865),#6869);
#6865 = LINE('',#6866,#6867);
#6866 = CARTESIAN_POINT('',(2.3,-36.8));
#6867 = VECTOR('',#6868,1.);
#6868 = DIRECTION('',(0.,-1.));
#6869 = ( GEOMETRIC_REPRESENTATION_CONTEXT(2) 
PARAMETRIC_REPRESENTATION_CONTEXT() REPRESENTATION_CONTEXT('2D SPACE',''
  ) );
#6870 = PCURVE('',#2980,#6871);
#6871 = DEFINITIONAL_REPRESENTATION('',(#6872),#6876);
#6872 = LINE('',#6873,#6874);
#6873 = CARTESIAN_POINT('',(-36.8,26.));
#6874 = VECTOR('',#6875,1.);
#6875 = DIRECTION('',(-1.,0.));
#6876 = ( GEOMETRIC_REPRESENTATION_CONTEXT(2) 
PARAMETRIC_REPRESENTATION_CONTEXT() REPRESENTATION_CONTEXT('2D SPACE',''
  ) );
#6877 = ORIENTED_EDGE('',*,*,#6878,.T.);
#6878 = EDGE_CURVE('',#6856,#6879,#6881,.T.);
#6879 = VERTEX_POINT('',#6880);
#6880 = CARTESIAN_POINT('',(89.5,26.,11.5));
#6881 = SURFACE_CURVE('',#6882,(#6886,#6893),.PCURVE_S1.);
#6882 = LINE('',#6883,#6884);
#6883 = CARTESIAN_POINT('',(89.5,26.,1.05));
#6884 = VECTOR('',#6885,1.);
#6885 = DIRECTION('',(0.,0.,1.));
#6886 = PCURVE('',#2654,#6887);
#6887 = DEFINITIONAL_REPRESENTATION('',(#6888),#6892);
#6888 = LINE('',#6889,#6890);
#6889 = CARTESIAN_POINT('',(1.15,13.5));
#6890 = VECTOR('',#6891,1.);
#6891 = DIRECTION('',(1.,0.));
#6892 = ( GEOMETRIC_REPRESENTATION_CONTEXT(2) 
PARAMETRIC_REPRESENTATION_CONTEXT() REPRESENTATION_CONTEXT('2D SPACE',''
  ) );
#6893 = PCURVE('',#6661,#6894);
#6894 = DEFINITIONAL_REPRESENTATION('',(#6895),#6898);
#6895 = B_SPLINE_CURVE_WITH_KNOTS('',1,(#6896,#6897),.UNSPECIFIED.,.F.,
  .F.,(2,2),(1.15,10.45),.PIECEWISE_BEZIER_KNOTS.);
#6896 = CARTESIAN_POINT('',(0.,-23.6));
#6897 = CARTESIAN_POINT('',(9.3,-23.6));
#6898 = ( GEOMETRIC_REPRESENTATION_CONTEXT(2) 
PARAMETRIC_REPRESENTATION_CONTEXT() REPRESENTATION_CONTEXT('2D SPACE',''
  ) );
#6899 = ORIENTED_EDGE('',*,*,#6900,.F.);
#6900 = EDGE_CURVE('',#6901,#6879,#6903,.T.);
#6901 = VERTEX_POINT('',#6902);
#6902 = CARTESIAN_POINT('',(90.1,26.,11.5));
#6903 = SURFACE_CURVE('',#6904,(#6908,#6915),.PCURVE_S1.);
#6904 = LINE('',#6905,#6906);
#6905 = CARTESIAN_POINT('',(37.5,26.,11.5));
#6906 = VECTOR('',#6907,1.);
#6907 = DIRECTION('',(-1.,-0.,0.));
#6908 = PCURVE('',#2654,#6909);
#6909 = DEFINITIONAL_REPRESENTATION('',(#6910),#6914);
#6910 = LINE('',#6911,#6912);
#6911 = CARTESIAN_POINT('',(11.6,-38.5));
#6912 = VECTOR('',#6913,1.);
#6913 = DIRECTION('',(0.,-1.));
#6914 = ( GEOMETRIC_REPRESENTATION_CONTEXT(2) 
PARAMETRIC_REPRESENTATION_CONTEXT() REPRESENTATION_CONTEXT('2D SPACE',''
  ) );
#6915 = PCURVE('',#6112,#6916);
#6916 = DEFINITIONAL_REPRESENTATION('',(#6917),#6920);
#6917 = B_SPLINE_CURVE_WITH_KNOTS('',1,(#6918,#6919),.UNSPECIFIED.,.F.,
  .F.,(2,2),(-60.3,-52.),.PIECEWISE_BEZIER_KNOTS.);
#6918 = CARTESIAN_POINT('',(98.8,27.));
#6919 = CARTESIAN_POINT('',(90.5,27.));
#6920 = ( GEOMETRIC_REPRESENTATION_CONTEXT(2) 
PARAMETRIC_REPRESENTATION_CONTEXT() REPRESENTATION_CONTEXT('2D SPACE',''
  ) );
#6921 = ORIENTED_EDGE('',*,*,#6922,.T.);
#6922 = EDGE_CURVE('',#6901,#6923,#6925,.T.);
#6923 = VERTEX_POINT('',#6924);
#6924 = CARTESIAN_POINT('',(90.1,26.,2.2));
#6925 = SURFACE_CURVE('',#6926,(#6930,#6937),.PCURVE_S1.);
#6926 = LINE('',#6927,#6928);
#6927 = CARTESIAN_POINT('',(90.1,26.,-0.55));
#6928 = VECTOR('',#6929,1.);
#6929 = DIRECTION('',(-0.,0.,-1.));
#6930 = PCURVE('',#2654,#6931);
#6931 = DEFINITIONAL_REPRESENTATION('',(#6932),#6936);
#6932 = LINE('',#6933,#6934);
#6933 = CARTESIAN_POINT('',(-0.45,14.1));
#6934 = VECTOR('',#6935,1.);
#6935 = DIRECTION('',(-1.,0.));
#6936 = ( GEOMETRIC_REPRESENTATION_CONTEXT(2) 
PARAMETRIC_REPRESENTATION_CONTEXT() REPRESENTATION_CONTEXT('2D SPACE',''
  ) );
#6937 = PCURVE('',#6084,#6938);
#6938 = DEFINITIONAL_REPRESENTATION('',(#6939),#6942);
#6939 = B_SPLINE_CURVE_WITH_KNOTS('',1,(#6940,#6941),.UNSPECIFIED.,.F.,
  .F.,(2,2),(-12.05,-0.55),.PIECEWISE_BEZIER_KNOTS.);
#6940 = CARTESIAN_POINT('',(12.5,-26.1));
#6941 = CARTESIAN_POINT('',(1.,-26.1));
#6942 = ( GEOMETRIC_REPRESENTATION_CONTEXT(2) 
PARAMETRIC_REPRESENTATION_CONTEXT() REPRESENTATION_CONTEXT('2D SPACE',''
  ) );
#6943 = ORIENTED_EDGE('',*,*,#6944,.T.);
#6944 = EDGE_CURVE('',#6923,#6945,#6947,.T.);
#6945 = VERTEX_POINT('',#6946);
#6946 = CARTESIAN_POINT('',(90.2,26.,2.2));
#6947 = SURFACE_CURVE('',#6948,(#6952,#6959),.PCURVE_S1.);
#6948 = LINE('',#6949,#6950);
#6949 = CARTESIAN_POINT('',(76.,26.,2.2));
#6950 = VECTOR('',#6951,1.);
#6951 = DIRECTION('',(1.,0.,-0.));
#6952 = PCURVE('',#2654,#6953);
#6953 = DEFINITIONAL_REPRESENTATION('',(#6954),#6958);
#6954 = LINE('',#6955,#6956);
#6955 = CARTESIAN_POINT('',(2.3,0.));
#6956 = VECTOR('',#6957,1.);
#6957 = DIRECTION('',(0.,1.));
#6958 = ( GEOMETRIC_REPRESENTATION_CONTEXT(2) 
PARAMETRIC_REPRESENTATION_CONTEXT() REPRESENTATION_CONTEXT('2D SPACE',''
  ) );
#6959 = PCURVE('',#6057,#6960);
#6960 = DEFINITIONAL_REPRESENTATION('',(#6961),#6965);
#6961 = LINE('',#6962,#6963);
#6962 = CARTESIAN_POINT('',(0.,26.));
#6963 = VECTOR('',#6964,1.);
#6964 = DIRECTION('',(1.,0.));
#6965 = ( GEOMETRIC_REPRESENTATION_CONTEXT(2) 
PARAMETRIC_REPRESENTATION_CONTEXT() REPRESENTATION_CONTEXT('2D SPACE',''
  ) );
#6966 = ORIENTED_EDGE('',*,*,#6967,.F.);
#6967 = EDGE_CURVE('',#2611,#6945,#6968,.T.);
#6968 = SURFACE_CURVE('',#6969,(#6973,#6980),.PCURVE_S1.);
#6969 = LINE('',#6970,#6971);
#6970 = CARTESIAN_POINT('',(90.2,26.,0.));
#6971 = VECTOR('',#6972,1.);
#6972 = DIRECTION('',(0.,0.,1.));
#6973 = PCURVE('',#2654,#6974);
#6974 = DEFINITIONAL_REPRESENTATION('',(#6975),#6979);
#6975 = LINE('',#6976,#6977);
#6976 = CARTESIAN_POINT('',(0.1,14.2));
#6977 = VECTOR('',#6978,1.);
#6978 = DIRECTION('',(1.,0.));
#6979 = ( GEOMETRIC_REPRESENTATION_CONTEXT(2) 
PARAMETRIC_REPRESENTATION_CONTEXT() REPRESENTATION_CONTEXT('2D SPACE',''
  ) );
#6980 = PCURVE('',#2626,#6981);
#6981 = DEFINITIONAL_REPRESENTATION('',(#6982),#6986);
#6982 = LINE('',#6983,#6984);
#6983 = CARTESIAN_POINT('',(0.,-26.));
#6984 = VECTOR('',#6985,1.);
#6985 = DIRECTION('',(1.,0.));
#6986 = ( GEOMETRIC_REPRESENTATION_CONTEXT(2) 
PARAMETRIC_REPRESENTATION_CONTEXT() REPRESENTATION_CONTEXT('2D SPACE',''
  ) );
#6987 = ORIENTED_EDGE('',*,*,#2638,.T.);
#6988 = ORIENTED_EDGE('',*,*,#2941,.T.);
#6989 = ADVANCED_FACE('',(#6990),#2626,.T.);
#6990 = FACE_BOUND('',#6991,.T.);
#6991 = EDGE_LOOP('',(#6992,#7013,#7014,#7015));
#6992 = ORIENTED_EDGE('',*,*,#6993,.F.);
#6993 = EDGE_CURVE('',#6019,#6945,#6994,.T.);
#6994 = SURFACE_CURVE('',#6995,(#6999,#7006),.PCURVE_S1.);
#6995 = LINE('',#6996,#6997);
#6996 = CARTESIAN_POINT('',(90.2,0.,2.2));
#6997 = VECTOR('',#6998,1.);
#6998 = DIRECTION('',(-0.,1.,0.));
#6999 = PCURVE('',#2626,#7000);
#7000 = DEFINITIONAL_REPRESENTATION('',(#7001),#7005);
#7001 = LINE('',#7002,#7003);
#7002 = CARTESIAN_POINT('',(2.2,0.));
#7003 = VECTOR('',#7004,1.);
#7004 = DIRECTION('',(0.,-1.));
#7005 = ( GEOMETRIC_REPRESENTATION_CONTEXT(2) 
PARAMETRIC_REPRESENTATION_CONTEXT() REPRESENTATION_CONTEXT('2D SPACE',''
  ) );
#7006 = PCURVE('',#6057,#7007);
#7007 = DEFINITIONAL_REPRESENTATION('',(#7008),#7012);
#7008 = LINE('',#7009,#7010);
#7009 = CARTESIAN_POINT('',(14.2,0.));
#7010 = VECTOR('',#7011,1.);
#7011 = DIRECTION('',(0.,1.));
#7012 = ( GEOMETRIC_REPRESENTATION_CONTEXT(2) 
PARAMETRIC_REPRESENTATION_CONTEXT() REPRESENTATION_CONTEXT('2D SPACE',''
  ) );
#7013 = ORIENTED_EDGE('',*,*,#6018,.T.);
#7014 = ORIENTED_EDGE('',*,*,#2610,.T.);
#7015 = ORIENTED_EDGE('',*,*,#6967,.T.);
#7016 = ADVANCED_FACE('',(#7017),#2980,.T.);
#7017 = FACE_BOUND('',#7018,.T.);
#7018 = EDGE_LOOP('',(#7019,#7041,#7042,#7065,#7091,#7117,#7143,#7164,
    #7165,#7166));
#7019 = ORIENTED_EDGE('',*,*,#7020,.F.);
#7020 = EDGE_CURVE('',#6600,#7021,#7023,.T.);
#7021 = VERTEX_POINT('',#7022);
#7022 = CARTESIAN_POINT('',(88.,8.,2.2));
#7023 = SURFACE_CURVE('',#7024,(#7028,#7035),.PCURVE_S1.);
#7024 = LINE('',#7025,#7026);
#7025 = CARTESIAN_POINT('',(88.,4.2,2.2));
#7026 = VECTOR('',#7027,1.);
#7027 = DIRECTION('',(-0.,1.,0.));
#7028 = PCURVE('',#2980,#7029);
#7029 = DEFINITIONAL_REPRESENTATION('',(#7030),#7034);
#7030 = LINE('',#7031,#7032);
#7031 = CARTESIAN_POINT('',(12.,4.2));
#7032 = VECTOR('',#7033,1.);
#7033 = DIRECTION('',(0.,1.));
#7034 = ( GEOMETRIC_REPRESENTATION_CONTEXT(2) 
PARAMETRIC_REPRESENTATION_CONTEXT() REPRESENTATION_CONTEXT('2D SPACE',''
  ) );
#7035 = PCURVE('',#6614,#7036);
#7036 = DEFINITIONAL_REPRESENTATION('',(#7037),#7040);
#7037 = B_SPLINE_CURVE_WITH_KNOTS('',1,(#7038,#7039),.UNSPECIFIED.,.F.,
  .F.,(2,2),(1.8,3.8),.PIECEWISE_BEZIER_KNOTS.);
#7038 = CARTESIAN_POINT('',(1.E-02,0.));
#7039 = CARTESIAN_POINT('',(1.E-02,-2.));
#7040 = ( GEOMETRIC_REPRESENTATION_CONTEXT(2) 
PARAMETRIC_REPRESENTATION_CONTEXT() REPRESENTATION_CONTEXT('2D SPACE',''
  ) );
#7041 = ORIENTED_EDGE('',*,*,#6625,.F.);
#7042 = ORIENTED_EDGE('',*,*,#7043,.T.);
#7043 = EDGE_CURVE('',#6626,#7044,#7046,.T.);
#7044 = VERTEX_POINT('',#7045);
#7045 = CARTESIAN_POINT('',(89.5,6.8,2.2));
#7046 = SURFACE_CURVE('',#7047,(#7051,#7058),.PCURVE_S1.);
#7047 = LINE('',#7048,#7049);
#7048 = CARTESIAN_POINT('',(89.5,2.4,2.2));
#7049 = VECTOR('',#7050,1.);
#7050 = DIRECTION('',(-0.,1.,0.));
#7051 = PCURVE('',#2980,#7052);
#7052 = DEFINITIONAL_REPRESENTATION('',(#7053),#7057);
#7053 = LINE('',#7054,#7055);
#7054 = CARTESIAN_POINT('',(13.5,2.4));
#7055 = VECTOR('',#7056,1.);
#7056 = DIRECTION('',(0.,1.));
#7057 = ( GEOMETRIC_REPRESENTATION_CONTEXT(2) 
PARAMETRIC_REPRESENTATION_CONTEXT() REPRESENTATION_CONTEXT('2D SPACE',''
  ) );
#7058 = PCURVE('',#6661,#7059);
#7059 = DEFINITIONAL_REPRESENTATION('',(#7060),#7064);
#7060 = LINE('',#7061,#7062);
#7061 = CARTESIAN_POINT('',(0.,0.));
#7062 = VECTOR('',#7063,1.);
#7063 = DIRECTION('',(0.,-1.));
#7064 = ( GEOMETRIC_REPRESENTATION_CONTEXT(2) 
PARAMETRIC_REPRESENTATION_CONTEXT() REPRESENTATION_CONTEXT('2D SPACE',''
  ) );
#7065 = ORIENTED_EDGE('',*,*,#7066,.T.);
#7066 = EDGE_CURVE('',#7044,#7067,#7069,.T.);
#7067 = VERTEX_POINT('',#7068);
#7068 = CARTESIAN_POINT('',(88.202406738869,6.8,2.2));
#7069 = SURFACE_CURVE('',#7070,(#7074,#7080),.PCURVE_S1.);
#7070 = LINE('',#7071,#7072);
#7071 = CARTESIAN_POINT('',(82.820339235125,6.8,2.2));
#7072 = VECTOR('',#7073,1.);
#7073 = DIRECTION('',(-1.,0.,0.));
#7074 = PCURVE('',#2980,#7075);
#7075 = DEFINITIONAL_REPRESENTATION('',(#7076),#7079);
#7076 = B_SPLINE_CURVE_WITH_KNOTS('',1,(#7077,#7078),.UNSPECIFIED.,.F.,
  .F.,(2,2),(-7.379660764875,-5.379660764875),.PIECEWISE_BEZIER_KNOTS.);
#7077 = CARTESIAN_POINT('',(14.2,6.8));
#7078 = CARTESIAN_POINT('',(12.2,6.8));
#7079 = ( GEOMETRIC_REPRESENTATION_CONTEXT(2) 
PARAMETRIC_REPRESENTATION_CONTEXT() REPRESENTATION_CONTEXT('2D SPACE',''
  ) );
#7080 = PCURVE('',#7081,#7086);
#7081 = PLANE('',#7082);
#7082 = AXIS2_PLACEMENT_3D('',#7083,#7084,#7085);
#7083 = CARTESIAN_POINT('',(89.640678470251,6.8,5.904321529749));
#7084 = DIRECTION('',(0.,1.,0.));
#7085 = DIRECTION('',(0.,-0.,1.));
#7086 = DEFINITIONAL_REPRESENTATION('',(#7087),#7090);
#7087 = B_SPLINE_CURVE_WITH_KNOTS('',1,(#7088,#7089),.UNSPECIFIED.,.F.,
  .F.,(2,2),(-7.379660764875,-5.379660764875),.PIECEWISE_BEZIER_KNOTS.);
#7088 = CARTESIAN_POINT('',(-3.704321529749,0.559321529749));
#7089 = CARTESIAN_POINT('',(-3.704321529749,-1.440678470251));
#7090 = ( GEOMETRIC_REPRESENTATION_CONTEXT(2) 
PARAMETRIC_REPRESENTATION_CONTEXT() REPRESENTATION_CONTEXT('2D SPACE',''
  ) );
#7091 = ORIENTED_EDGE('',*,*,#7092,.F.);
#7092 = EDGE_CURVE('',#7093,#7067,#7095,.T.);
#7093 = VERTEX_POINT('',#7094);
#7094 = CARTESIAN_POINT('',(88.202406738869,9.3,2.2));
#7095 = SURFACE_CURVE('',#7096,(#7100,#7106),.PCURVE_S1.);
#7096 = LINE('',#7097,#7098);
#7097 = CARTESIAN_POINT('',(88.202406738869,4.65,2.2));
#7098 = VECTOR('',#7099,1.);
#7099 = DIRECTION('',(0.,-1.,0.));
#7100 = PCURVE('',#2980,#7101);
#7101 = DEFINITIONAL_REPRESENTATION('',(#7102),#7105);
#7102 = B_SPLINE_CURVE_WITH_KNOTS('',1,(#7103,#7104),.UNSPECIFIED.,.F.,
  .F.,(2,2),(-4.65,-2.15),.PIECEWISE_BEZIER_KNOTS.);
#7103 = CARTESIAN_POINT('',(12.202406738869,9.3));
#7104 = CARTESIAN_POINT('',(12.202406738869,6.8));
#7105 = ( GEOMETRIC_REPRESENTATION_CONTEXT(2) 
PARAMETRIC_REPRESENTATION_CONTEXT() REPRESENTATION_CONTEXT('2D SPACE',''
  ) );
#7106 = PCURVE('',#7107,#7112);
#7107 = PLANE('',#7108);
#7108 = AXIS2_PLACEMENT_3D('',#7109,#7110,#7111);
#7109 = CARTESIAN_POINT('',(88.2,9.3,2.19));
#7110 = DIRECTION('',(-0.97223842566,0.,0.233992400881));
#7111 = DIRECTION('',(0.233992400881,0.,0.97223842566));
#7112 = DEFINITIONAL_REPRESENTATION('',(#7113),#7116);
#7113 = B_SPLINE_CURVE_WITH_KNOTS('',1,(#7114,#7115),.UNSPECIFIED.,.F.,
  .F.,(2,2),(-4.65,-2.15),.PIECEWISE_BEZIER_KNOTS.);
#7114 = CARTESIAN_POINT('',(1.028554286281E-02,0.));
#7115 = CARTESIAN_POINT('',(1.028554286281E-02,-2.5));
#7116 = ( GEOMETRIC_REPRESENTATION_CONTEXT(2) 
PARAMETRIC_REPRESENTATION_CONTEXT() REPRESENTATION_CONTEXT('2D SPACE',''
  ) );
#7117 = ORIENTED_EDGE('',*,*,#7118,.F.);
#7118 = EDGE_CURVE('',#7119,#7093,#7121,.T.);
#7119 = VERTEX_POINT('',#7120);
#7120 = CARTESIAN_POINT('',(89.5,9.3,2.2));
#7121 = SURFACE_CURVE('',#7122,(#7126,#7132),.PCURVE_S1.);
#7122 = LINE('',#7123,#7124);
#7123 = CARTESIAN_POINT('',(82.820339235125,9.3,2.2));
#7124 = VECTOR('',#7125,1.);
#7125 = DIRECTION('',(-1.,0.,0.));
#7126 = PCURVE('',#2980,#7127);
#7127 = DEFINITIONAL_REPRESENTATION('',(#7128),#7131);
#7128 = B_SPLINE_CURVE_WITH_KNOTS('',1,(#7129,#7130),.UNSPECIFIED.,.F.,
  .F.,(2,2),(-7.379660764875,-5.379660764875),.PIECEWISE_BEZIER_KNOTS.);
#7129 = CARTESIAN_POINT('',(14.2,9.3));
#7130 = CARTESIAN_POINT('',(12.2,9.3));
#7131 = ( GEOMETRIC_REPRESENTATION_CONTEXT(2) 
PARAMETRIC_REPRESENTATION_CONTEXT() REPRESENTATION_CONTEXT('2D SPACE',''
  ) );
#7132 = PCURVE('',#7133,#7138);
#7133 = PLANE('',#7134);
#7134 = AXIS2_PLACEMENT_3D('',#7135,#7136,#7137);
#7135 = CARTESIAN_POINT('',(89.640678470251,9.3,5.904321529749));
#7136 = DIRECTION('',(0.,1.,0.));
#7137 = DIRECTION('',(0.,-0.,1.));
#7138 = DEFINITIONAL_REPRESENTATION('',(#7139),#7142);
#7139 = B_SPLINE_CURVE_WITH_KNOTS('',1,(#7140,#7141),.UNSPECIFIED.,.F.,
  .F.,(2,2),(-7.379660764875,-5.379660764875),.PIECEWISE_BEZIER_KNOTS.);
#7140 = CARTESIAN_POINT('',(-3.704321529749,0.559321529749));
#7141 = CARTESIAN_POINT('',(-3.704321529749,-1.440678470251));
#7142 = ( GEOMETRIC_REPRESENTATION_CONTEXT(2) 
PARAMETRIC_REPRESENTATION_CONTEXT() REPRESENTATION_CONTEXT('2D SPACE',''
  ) );
#7143 = ORIENTED_EDGE('',*,*,#7144,.T.);
#7144 = EDGE_CURVE('',#7119,#6856,#7145,.T.);
#7145 = SURFACE_CURVE('',#7146,(#7150,#7157),.PCURVE_S1.);
#7146 = LINE('',#7147,#7148);
#7147 = CARTESIAN_POINT('',(89.5,2.4,2.2));
#7148 = VECTOR('',#7149,1.);
#7149 = DIRECTION('',(-0.,1.,0.));
#7150 = PCURVE('',#2980,#7151);
#7151 = DEFINITIONAL_REPRESENTATION('',(#7152),#7156);
#7152 = LINE('',#7153,#7154);
#7153 = CARTESIAN_POINT('',(13.5,2.4));
#7154 = VECTOR('',#7155,1.);
#7155 = DIRECTION('',(0.,1.));
#7156 = ( GEOMETRIC_REPRESENTATION_CONTEXT(2) 
PARAMETRIC_REPRESENTATION_CONTEXT() REPRESENTATION_CONTEXT('2D SPACE',''
  ) );
#7157 = PCURVE('',#6661,#7158);
#7158 = DEFINITIONAL_REPRESENTATION('',(#7159),#7163);
#7159 = LINE('',#7160,#7161);
#7160 = CARTESIAN_POINT('',(0.,0.));
#7161 = VECTOR('',#7162,1.);
#7162 = DIRECTION('',(0.,-1.));
#7163 = ( GEOMETRIC_REPRESENTATION_CONTEXT(2) 
PARAMETRIC_REPRESENTATION_CONTEXT() REPRESENTATION_CONTEXT('2D SPACE',''
  ) );
#7164 = ORIENTED_EDGE('',*,*,#6855,.T.);
#7165 = ORIENTED_EDGE('',*,*,#2964,.F.);
#7166 = ORIENTED_EDGE('',*,*,#7167,.F.);
#7167 = EDGE_CURVE('',#7021,#2965,#7168,.T.);
#7168 = SURFACE_CURVE('',#7169,(#7173,#7180),.PCURVE_S1.);
#7169 = LINE('',#7170,#7171);
#7170 = CARTESIAN_POINT('',(7.2,8.,2.2));
#7171 = VECTOR('',#7172,1.);
#7172 = DIRECTION('',(-1.,-0.,0.));
#7173 = PCURVE('',#2980,#7174);
#7174 = DEFINITIONAL_REPRESENTATION('',(#7175),#7179);
#7175 = LINE('',#7176,#7177);
#7176 = CARTESIAN_POINT('',(-68.8,8.));
#7177 = VECTOR('',#7178,1.);
#7178 = DIRECTION('',(-1.,0.));
#7179 = ( GEOMETRIC_REPRESENTATION_CONTEXT(2) 
PARAMETRIC_REPRESENTATION_CONTEXT() REPRESENTATION_CONTEXT('2D SPACE',''
  ) );
#7180 = PCURVE('',#3008,#7181);
#7181 = DEFINITIONAL_REPRESENTATION('',(#7182),#7185);
#7182 = B_SPLINE_CURVE_WITH_KNOTS('',1,(#7183,#7184),.UNSPECIFIED.,.F.,
  .F.,(2,2),(-80.8,-4.8),.PIECEWISE_BEZIER_KNOTS.);
#7183 = CARTESIAN_POINT('',(1.E-02,76.));
#7184 = CARTESIAN_POINT('',(1.E-02,0.));
#7185 = ( GEOMETRIC_REPRESENTATION_CONTEXT(2) 
PARAMETRIC_REPRESENTATION_CONTEXT() REPRESENTATION_CONTEXT('2D SPACE',''
  ) );
#7186 = ADVANCED_FACE('',(#7187),#3008,.T.);
#7187 = FACE_BOUND('',#7188,.T.);
#7188 = EDGE_LOOP('',(#7189,#7212,#7213,#7214));
#7189 = ORIENTED_EDGE('',*,*,#7190,.F.);
#7190 = EDGE_CURVE('',#7021,#7191,#7193,.T.);
#7191 = VERTEX_POINT('',#7192);
#7192 = CARTESIAN_POINT('',(88.,8.,3.2));
#7193 = SURFACE_CURVE('',#7194,(#7198,#7205),.PCURVE_S1.);
#7194 = LINE('',#7195,#7196);
#7195 = CARTESIAN_POINT('',(88.,8.,2.19));
#7196 = VECTOR('',#7197,1.);
#7197 = DIRECTION('',(0.,0.,1.));
#7198 = PCURVE('',#3008,#7199);
#7199 = DEFINITIONAL_REPRESENTATION('',(#7200),#7204);
#7200 = LINE('',#7201,#7202);
#7201 = CARTESIAN_POINT('',(0.,76.));
#7202 = VECTOR('',#7203,1.);
#7203 = DIRECTION('',(1.,0.));
#7204 = ( GEOMETRIC_REPRESENTATION_CONTEXT(2) 
PARAMETRIC_REPRESENTATION_CONTEXT() REPRESENTATION_CONTEXT('2D SPACE',''
  ) );
#7205 = PCURVE('',#6614,#7206);
#7206 = DEFINITIONAL_REPRESENTATION('',(#7207),#7211);
#7207 = LINE('',#7208,#7209);
#7208 = CARTESIAN_POINT('',(0.,-2.));
#7209 = VECTOR('',#7210,1.);
#7210 = DIRECTION('',(1.,0.));
#7211 = ( GEOMETRIC_REPRESENTATION_CONTEXT(2) 
PARAMETRIC_REPRESENTATION_CONTEXT() REPRESENTATION_CONTEXT('2D SPACE',''
  ) );
#7212 = ORIENTED_EDGE('',*,*,#7167,.T.);
#7213 = ORIENTED_EDGE('',*,*,#2992,.F.);
#7214 = ORIENTED_EDGE('',*,*,#7215,.T.);
#7215 = EDGE_CURVE('',#2993,#7191,#7216,.T.);
#7216 = SURFACE_CURVE('',#7217,(#7221,#7228),.PCURVE_S1.);
#7217 = LINE('',#7218,#7219);
#7218 = CARTESIAN_POINT('',(12.,8.,3.2));
#7219 = VECTOR('',#7220,1.);
#7220 = DIRECTION('',(1.,0.,-0.));
#7221 = PCURVE('',#3008,#7222);
#7222 = DEFINITIONAL_REPRESENTATION('',(#7223),#7227);
#7223 = LINE('',#7224,#7225);
#7224 = CARTESIAN_POINT('',(1.01,0.));
#7225 = VECTOR('',#7226,1.);
#7226 = DIRECTION('',(0.,1.));
#7227 = ( GEOMETRIC_REPRESENTATION_CONTEXT(2) 
PARAMETRIC_REPRESENTATION_CONTEXT() REPRESENTATION_CONTEXT('2D SPACE',''
  ) );
#7228 = PCURVE('',#3035,#7229);
#7229 = DEFINITIONAL_REPRESENTATION('',(#7230),#7234);
#7230 = LINE('',#7231,#7232);
#7231 = CARTESIAN_POINT('',(0.,2.));
#7232 = VECTOR('',#7233,1.);
#7233 = DIRECTION('',(1.,0.));
#7234 = ( GEOMETRIC_REPRESENTATION_CONTEXT(2) 
PARAMETRIC_REPRESENTATION_CONTEXT() REPRESENTATION_CONTEXT('2D SPACE',''
  ) );
#7235 = ADVANCED_FACE('',(#7236),#3035,.T.);
#7236 = FACE_BOUND('',#7237,.T.);
#7237 = EDGE_LOOP('',(#7238,#7239,#7240,#7241,#7242,#7243));
#7238 = ORIENTED_EDGE('',*,*,#7215,.F.);
#7239 = ORIENTED_EDGE('',*,*,#3019,.F.);
#7240 = ORIENTED_EDGE('',*,*,#3353,.T.);
#7241 = ORIENTED_EDGE('',*,*,#3426,.T.);
#7242 = ORIENTED_EDGE('',*,*,#6578,.F.);
#7243 = ORIENTED_EDGE('',*,*,#7244,.T.);
#7244 = EDGE_CURVE('',#6579,#7191,#7245,.T.);
#7245 = SURFACE_CURVE('',#7246,(#7250,#7257),.PCURVE_S1.);
#7246 = LINE('',#7247,#7248);
#7247 = CARTESIAN_POINT('',(88.,6.,3.2));
#7248 = VECTOR('',#7249,1.);
#7249 = DIRECTION('',(-0.,1.,0.));
#7250 = PCURVE('',#3035,#7251);
#7251 = DEFINITIONAL_REPRESENTATION('',(#7252),#7256);
#7252 = LINE('',#7253,#7254);
#7253 = CARTESIAN_POINT('',(76.,0.));
#7254 = VECTOR('',#7255,1.);
#7255 = DIRECTION('',(0.,1.));
#7256 = ( GEOMETRIC_REPRESENTATION_CONTEXT(2) 
PARAMETRIC_REPRESENTATION_CONTEXT() REPRESENTATION_CONTEXT('2D SPACE',''
  ) );
#7257 = PCURVE('',#6614,#7258);
#7258 = DEFINITIONAL_REPRESENTATION('',(#7259),#7263);
#7259 = LINE('',#7260,#7261);
#7260 = CARTESIAN_POINT('',(1.01,0.));
#7261 = VECTOR('',#7262,1.);
#7262 = DIRECTION('',(0.,-1.));
#7263 = ( GEOMETRIC_REPRESENTATION_CONTEXT(2) 
PARAMETRIC_REPRESENTATION_CONTEXT() REPRESENTATION_CONTEXT('2D SPACE',''
  ) );
#7264 = ADVANCED_FACE('',(#7265),#3105,.F.);
#7265 = FACE_BOUND('',#7266,.F.);
#7266 = EDGE_LOOP('',(#7267,#7268,#7269,#7270,#7271));
#7267 = ORIENTED_EDGE('',*,*,#3089,.F.);
#7268 = ORIENTED_EDGE('',*,*,#3302,.T.);
#7269 = ORIENTED_EDGE('',*,*,#3265,.F.);
#7270 = ORIENTED_EDGE('',*,*,#3238,.F.);
#7271 = ORIENTED_EDGE('',*,*,#3165,.F.);
#7272 = ADVANCED_FACE('',(#7273),#3487,.F.);
#7273 = FACE_BOUND('',#7274,.F.);
#7274 = EDGE_LOOP('',(#7275,#7276,#7277,#7278));
#7275 = ORIENTED_EDGE('',*,*,#3471,.F.);
#7276 = ORIENTED_EDGE('',*,*,#3668,.F.);
#7277 = ORIENTED_EDGE('',*,*,#3719,.T.);
#7278 = ORIENTED_EDGE('',*,*,#7279,.F.);
#7279 = EDGE_CURVE('',#3472,#3720,#7280,.T.);
#7280 = SURFACE_CURVE('',#7281,(#7285,#7292),.PCURVE_S1.);
#7281 = LINE('',#7282,#7283);
#7282 = CARTESIAN_POINT('',(90.,0.3,17.5));
#7283 = VECTOR('',#7284,1.);
#7284 = DIRECTION('',(-0.,1.,0.));
#7285 = PCURVE('',#3487,#7286);
#7286 = DEFINITIONAL_REPRESENTATION('',(#7287),#7291);
#7287 = LINE('',#7288,#7289);
#7288 = CARTESIAN_POINT('',(17.5,0.));
#7289 = VECTOR('',#7290,1.);
#7290 = DIRECTION('',(0.,-1.));
#7291 = ( GEOMETRIC_REPRESENTATION_CONTEXT(2) 
PARAMETRIC_REPRESENTATION_CONTEXT() REPRESENTATION_CONTEXT('2D SPACE',''
  ) );
#7292 = PCURVE('',#3515,#7293);
#7293 = DEFINITIONAL_REPRESENTATION('',(#7294),#7298);
#7294 = LINE('',#7295,#7296);
#7295 = CARTESIAN_POINT('',(0.,0.));
#7296 = VECTOR('',#7297,1.);
#7297 = DIRECTION('',(0.,1.));
#7298 = ( GEOMETRIC_REPRESENTATION_CONTEXT(2) 
PARAMETRIC_REPRESENTATION_CONTEXT() REPRESENTATION_CONTEXT('2D SPACE',''
  ) );
#7299 = ADVANCED_FACE('',(#7300),#3515,.T.);
#7300 = FACE_BOUND('',#7301,.T.);
#7301 = EDGE_LOOP('',(#7302,#7303,#7304,#7305,#7328,#7349));
#7302 = ORIENTED_EDGE('',*,*,#3742,.F.);
#7303 = ORIENTED_EDGE('',*,*,#7279,.F.);
#7304 = ORIENTED_EDGE('',*,*,#3499,.T.);
#7305 = ORIENTED_EDGE('',*,*,#7306,.F.);
#7306 = EDGE_CURVE('',#7307,#3500,#7309,.T.);
#7307 = VERTEX_POINT('',#7308);
#7308 = CARTESIAN_POINT('',(93.5,0.7,17.5));
#7309 = SURFACE_CURVE('',#7310,(#7315,#7322),.PCURVE_S1.);
#7310 = CIRCLE('',#7311,0.4);
#7311 = AXIS2_PLACEMENT_3D('',#7312,#7313,#7314);
#7312 = CARTESIAN_POINT('',(93.9,0.7,17.5));
#7313 = DIRECTION('',(0.,0.,1.));
#7314 = DIRECTION('',(0.,-1.,0.));
#7315 = PCURVE('',#3515,#7316);
#7316 = DEFINITIONAL_REPRESENTATION('',(#7317),#7321);
#7317 = CIRCLE('',#7318,0.4);
#7318 = AXIS2_PLACEMENT_2D('',#7319,#7320);
#7319 = CARTESIAN_POINT('',(3.9,0.4));
#7320 = DIRECTION('',(0.,-1.));
#7321 = ( GEOMETRIC_REPRESENTATION_CONTEXT(2) 
PARAMETRIC_REPRESENTATION_CONTEXT() REPRESENTATION_CONTEXT('2D SPACE',''
  ) );
#7322 = PCURVE('',#3548,#7323);
#7323 = DEFINITIONAL_REPRESENTATION('',(#7324),#7327);
#7324 = B_SPLINE_CURVE_WITH_KNOTS('',1,(#7325,#7326),.UNSPECIFIED.,.F.,
  .F.,(2,2),(4.712388980385,6.28318530718),.PIECEWISE_BEZIER_KNOTS.);
#7325 = CARTESIAN_POINT('',(-4.712388980385,0.));
#7326 = CARTESIAN_POINT('',(-4.712388980385,1.570796326795));
#7327 = ( GEOMETRIC_REPRESENTATION_CONTEXT(2) 
PARAMETRIC_REPRESENTATION_CONTEXT() REPRESENTATION_CONTEXT('2D SPACE',''
  ) );
#7328 = ORIENTED_EDGE('',*,*,#7329,.T.);
#7329 = EDGE_CURVE('',#7307,#7330,#7332,.T.);
#7330 = VERTEX_POINT('',#7331);
#7331 = CARTESIAN_POINT('',(93.5,2.4,17.5));
#7332 = SURFACE_CURVE('',#7333,(#7337,#7343),.PCURVE_S1.);
#7333 = LINE('',#7334,#7335);
#7334 = CARTESIAN_POINT('',(93.5,0.3,17.5));
#7335 = VECTOR('',#7336,1.);
#7336 = DIRECTION('',(0.,1.,0.));
#7337 = PCURVE('',#3515,#7338);
#7338 = DEFINITIONAL_REPRESENTATION('',(#7339),#7342);
#7339 = B_SPLINE_CURVE_WITH_KNOTS('',1,(#7340,#7341),.UNSPECIFIED.,.F.,
  .F.,(2,2),(0.3999994,2.1000006),.PIECEWISE_BEZIER_KNOTS.);
#7340 = CARTESIAN_POINT('',(3.5,0.3999994));
#7341 = CARTESIAN_POINT('',(3.5,2.1000006));
#7342 = ( GEOMETRIC_REPRESENTATION_CONTEXT(2) 
PARAMETRIC_REPRESENTATION_CONTEXT() REPRESENTATION_CONTEXT('2D SPACE',''
  ) );
#7343 = PCURVE('',#6820,#7344);
#7344 = DEFINITIONAL_REPRESENTATION('',(#7345),#7348);
#7345 = B_SPLINE_CURVE_WITH_KNOTS('',1,(#7346,#7347),.UNSPECIFIED.,.F.,
  .F.,(2,2),(0.4,2.1),.PIECEWISE_BEZIER_KNOTS.);
#7346 = CARTESIAN_POINT('',(4.712388980385,0.4));
#7347 = CARTESIAN_POINT('',(4.712388980385,2.1));
#7348 = ( GEOMETRIC_REPRESENTATION_CONTEXT(2) 
PARAMETRIC_REPRESENTATION_CONTEXT() REPRESENTATION_CONTEXT('2D SPACE',''
  ) );
#7349 = ORIENTED_EDGE('',*,*,#7350,.F.);
#7350 = EDGE_CURVE('',#3743,#7330,#7351,.T.);
#7351 = SURFACE_CURVE('',#7352,(#7357,#7364),.PCURVE_S1.);
#7352 = CIRCLE('',#7353,0.4);
#7353 = AXIS2_PLACEMENT_3D('',#7354,#7355,#7356);
#7354 = CARTESIAN_POINT('',(93.9,2.4,17.5));
#7355 = DIRECTION('',(0.,0.,1.));
#7356 = DIRECTION('',(0.,-1.,0.));
#7357 = PCURVE('',#3515,#7358);
#7358 = DEFINITIONAL_REPRESENTATION('',(#7359),#7363);
#7359 = CIRCLE('',#7360,0.4);
#7360 = AXIS2_PLACEMENT_2D('',#7361,#7362);
#7361 = CARTESIAN_POINT('',(3.9,2.1));
#7362 = DIRECTION('',(0.,-1.));
#7363 = ( GEOMETRIC_REPRESENTATION_CONTEXT(2) 
PARAMETRIC_REPRESENTATION_CONTEXT() REPRESENTATION_CONTEXT('2D SPACE',''
  ) );
#7364 = PCURVE('',#3782,#7365);
#7365 = DEFINITIONAL_REPRESENTATION('',(#7366),#7369);
#7366 = B_SPLINE_CURVE_WITH_KNOTS('',1,(#7367,#7368),.UNSPECIFIED.,.F.,
  .F.,(2,2),(3.14159265359,4.712388980385),.PIECEWISE_BEZIER_KNOTS.);
#7367 = CARTESIAN_POINT('',(4.712388980385,1.570796326795));
#7368 = CARTESIAN_POINT('',(4.712388980385,0.));
#7369 = ( GEOMETRIC_REPRESENTATION_CONTEXT(2) 
PARAMETRIC_REPRESENTATION_CONTEXT() REPRESENTATION_CONTEXT('2D SPACE',''
  ) );
#7370 = ADVANCED_FACE('',(#7371),#3548,.T.);
#7371 = FACE_BOUND('',#7372,.F.);
#7372 = EDGE_LOOP('',(#7373,#7374,#7375,#7397));
#7373 = ORIENTED_EDGE('',*,*,#3527,.T.);
#7374 = ORIENTED_EDGE('',*,*,#7306,.F.);
#7375 = ORIENTED_EDGE('',*,*,#7376,.F.);
#7376 = EDGE_CURVE('',#6806,#7307,#7377,.T.);
#7377 = SURFACE_CURVE('',#7378,(#7383,#7390),.PCURVE_S1.);
#7378 = CIRCLE('',#7379,4.5);
#7379 = AXIS2_PLACEMENT_3D('',#7380,#7381,#7382);
#7380 = CARTESIAN_POINT('',(98.,0.7,17.5));
#7381 = DIRECTION('',(0.,-1.,0.));
#7382 = DIRECTION('',(0.,0.,-1.));
#7383 = PCURVE('',#3548,#7384);
#7384 = DEFINITIONAL_REPRESENTATION('',(#7385),#7389);
#7385 = LINE('',#7386,#7387);
#7386 = CARTESIAN_POINT('',(-9.424777960769,0.));
#7387 = VECTOR('',#7388,1.);
#7388 = DIRECTION('',(1.,-0.));
#7389 = ( GEOMETRIC_REPRESENTATION_CONTEXT(2) 
PARAMETRIC_REPRESENTATION_CONTEXT() REPRESENTATION_CONTEXT('2D SPACE',''
  ) );
#7390 = PCURVE('',#6820,#7391);
#7391 = DEFINITIONAL_REPRESENTATION('',(#7392),#7396);
#7392 = LINE('',#7393,#7394);
#7393 = CARTESIAN_POINT('',(9.424777960769,0.4));
#7394 = VECTOR('',#7395,1.);
#7395 = DIRECTION('',(-1.,-0.));
#7396 = ( GEOMETRIC_REPRESENTATION_CONTEXT(2) 
PARAMETRIC_REPRESENTATION_CONTEXT() REPRESENTATION_CONTEXT('2D SPACE',''
  ) );
#7397 = ORIENTED_EDGE('',*,*,#6831,.F.);
#7398 = ADVANCED_FACE('',(#7399),#3603,.F.);
#7399 = FACE_BOUND('',#7400,.F.);
#7400 = EDGE_LOOP('',(#7401,#7424,#7451,#7452));
#7401 = ORIENTED_EDGE('',*,*,#7402,.T.);
#7402 = EDGE_CURVE('',#3587,#7403,#7405,.T.);
#7403 = VERTEX_POINT('',#7404);
#7404 = CARTESIAN_POINT('',(98.,1.,19.25));
#7405 = SEAM_CURVE('',#7406,(#7410,#7417),.PCURVE_S1.);
#7406 = LINE('',#7407,#7408);
#7407 = CARTESIAN_POINT('',(98.,0.28,19.25));
#7408 = VECTOR('',#7409,1.);
#7409 = DIRECTION('',(0.,1.,0.));
#7410 = PCURVE('',#3603,#7411);
#7411 = DEFINITIONAL_REPRESENTATION('',(#7412),#7416);
#7412 = LINE('',#7413,#7414);
#7413 = CARTESIAN_POINT('',(6.28318530718,-0.));
#7414 = VECTOR('',#7415,1.);
#7415 = DIRECTION('',(0.,1.));
#7416 = ( GEOMETRIC_REPRESENTATION_CONTEXT(2) 
PARAMETRIC_REPRESENTATION_CONTEXT() REPRESENTATION_CONTEXT('2D SPACE',''
  ) );
#7417 = PCURVE('',#3603,#7418);
#7418 = DEFINITIONAL_REPRESENTATION('',(#7419),#7423);
#7419 = LINE('',#7420,#7421);
#7420 = CARTESIAN_POINT('',(0.,-0.));
#7421 = VECTOR('',#7422,1.);
#7422 = DIRECTION('',(0.,1.));
#7423 = ( GEOMETRIC_REPRESENTATION_CONTEXT(2) 
PARAMETRIC_REPRESENTATION_CONTEXT() REPRESENTATION_CONTEXT('2D SPACE',''
  ) );
#7424 = ORIENTED_EDGE('',*,*,#7425,.F.);
#7425 = EDGE_CURVE('',#7403,#7403,#7426,.T.);
#7426 = SURFACE_CURVE('',#7427,(#7432,#7439),.PCURVE_S1.);
#7427 = CIRCLE('',#7428,1.75);
#7428 = AXIS2_PLACEMENT_3D('',#7429,#7430,#7431);
#7429 = CARTESIAN_POINT('',(98.,1.,17.5));
#7430 = DIRECTION('',(0.,1.,0.));
#7431 = DIRECTION('',(0.,-0.,1.));
#7432 = PCURVE('',#3603,#7433);
#7433 = DEFINITIONAL_REPRESENTATION('',(#7434),#7438);
#7434 = LINE('',#7435,#7436);
#7435 = CARTESIAN_POINT('',(0.,0.72));
#7436 = VECTOR('',#7437,1.);
#7437 = DIRECTION('',(1.,0.));
#7438 = ( GEOMETRIC_REPRESENTATION_CONTEXT(2) 
PARAMETRIC_REPRESENTATION_CONTEXT() REPRESENTATION_CONTEXT('2D SPACE',''
  ) );
#7439 = PCURVE('',#7440,#7445);
#7440 = PLANE('',#7441);
#7441 = AXIS2_PLACEMENT_3D('',#7442,#7443,#7444);
#7442 = CARTESIAN_POINT('',(98.,1.,17.5));
#7443 = DIRECTION('',(0.,1.,0.));
#7444 = DIRECTION('',(0.,-0.,1.));
#7445 = DEFINITIONAL_REPRESENTATION('',(#7446),#7450);
#7446 = CIRCLE('',#7447,1.75);
#7447 = AXIS2_PLACEMENT_2D('',#7448,#7449);
#7448 = CARTESIAN_POINT('',(0.,0.));
#7449 = DIRECTION('',(1.,0.));
#7450 = ( GEOMETRIC_REPRESENTATION_CONTEXT(2) 
PARAMETRIC_REPRESENTATION_CONTEXT() REPRESENTATION_CONTEXT('2D SPACE',''
  ) );
#7451 = ORIENTED_EDGE('',*,*,#7402,.F.);
#7452 = ORIENTED_EDGE('',*,*,#3586,.T.);
#7453 = ADVANCED_FACE('',(#7454),#3782,.T.);
#7454 = FACE_BOUND('',#7455,.T.);
#7455 = EDGE_LOOP('',(#7456,#7457,#7458,#7480));
#7456 = ORIENTED_EDGE('',*,*,#3765,.F.);
#7457 = ORIENTED_EDGE('',*,*,#7350,.T.);
#7458 = ORIENTED_EDGE('',*,*,#7459,.F.);
#7459 = EDGE_CURVE('',#6783,#7330,#7460,.T.);
#7460 = SURFACE_CURVE('',#7461,(#7466,#7473),.PCURVE_S1.);
#7461 = CIRCLE('',#7462,4.5);
#7462 = AXIS2_PLACEMENT_3D('',#7463,#7464,#7465);
#7463 = CARTESIAN_POINT('',(98.,2.4,17.5));
#7464 = DIRECTION('',(0.,-1.,0.));
#7465 = DIRECTION('',(0.,0.,-1.));
#7466 = PCURVE('',#3782,#7467);
#7467 = DEFINITIONAL_REPRESENTATION('',(#7468),#7472);
#7468 = LINE('',#7469,#7470);
#7469 = CARTESIAN_POINT('',(9.424777960769,0.));
#7470 = VECTOR('',#7471,1.);
#7471 = DIRECTION('',(-1.,-0.));
#7472 = ( GEOMETRIC_REPRESENTATION_CONTEXT(2) 
PARAMETRIC_REPRESENTATION_CONTEXT() REPRESENTATION_CONTEXT('2D SPACE',''
  ) );
#7473 = PCURVE('',#6820,#7474);
#7474 = DEFINITIONAL_REPRESENTATION('',(#7475),#7479);
#7475 = LINE('',#7476,#7477);
#7476 = CARTESIAN_POINT('',(9.424777960769,2.1));
#7477 = VECTOR('',#7478,1.);
#7478 = DIRECTION('',(-1.,-0.));
#7479 = ( GEOMETRIC_REPRESENTATION_CONTEXT(2) 
PARAMETRIC_REPRESENTATION_CONTEXT() REPRESENTATION_CONTEXT('2D SPACE',''
  ) );
#7480 = ORIENTED_EDGE('',*,*,#6782,.T.);
#7481 = ADVANCED_FACE('',(#7482),#3836,.F.);
#7482 = FACE_BOUND('',#7483,.F.);
#7483 = EDGE_LOOP('',(#7484,#7507,#7508,#7509));
#7484 = ORIENTED_EDGE('',*,*,#7485,.T.);
#7485 = EDGE_CURVE('',#7486,#3820,#7488,.T.);
#7486 = VERTEX_POINT('',#7487);
#7487 = CARTESIAN_POINT('',(98.,1.,18.475));
#7488 = SEAM_CURVE('',#7489,(#7493,#7500),.PCURVE_S1.);
#7489 = LINE('',#7490,#7491);
#7490 = CARTESIAN_POINT('',(98.,0.28,18.475));
#7491 = VECTOR('',#7492,1.);
#7492 = DIRECTION('',(0.,1.,0.));
#7493 = PCURVE('',#3836,#7494);
#7494 = DEFINITIONAL_REPRESENTATION('',(#7495),#7499);
#7495 = LINE('',#7496,#7497);
#7496 = CARTESIAN_POINT('',(6.28318530718,-0.));
#7497 = VECTOR('',#7498,1.);
#7498 = DIRECTION('',(0.,1.));
#7499 = ( GEOMETRIC_REPRESENTATION_CONTEXT(2) 
PARAMETRIC_REPRESENTATION_CONTEXT() REPRESENTATION_CONTEXT('2D SPACE',''
  ) );
#7500 = PCURVE('',#3836,#7501);
#7501 = DEFINITIONAL_REPRESENTATION('',(#7502),#7506);
#7502 = LINE('',#7503,#7504);
#7503 = CARTESIAN_POINT('',(0.,-0.));
#7504 = VECTOR('',#7505,1.);
#7505 = DIRECTION('',(0.,1.));
#7506 = ( GEOMETRIC_REPRESENTATION_CONTEXT(2) 
PARAMETRIC_REPRESENTATION_CONTEXT() REPRESENTATION_CONTEXT('2D SPACE',''
  ) );
#7507 = ORIENTED_EDGE('',*,*,#3819,.F.);
#7508 = ORIENTED_EDGE('',*,*,#7485,.F.);
#7509 = ORIENTED_EDGE('',*,*,#7510,.T.);
#7510 = EDGE_CURVE('',#7486,#7486,#7511,.T.);
#7511 = SURFACE_CURVE('',#7512,(#7517,#7524),.PCURVE_S1.);
#7512 = CIRCLE('',#7513,0.975);
#7513 = AXIS2_PLACEMENT_3D('',#7514,#7515,#7516);
#7514 = CARTESIAN_POINT('',(98.,1.,17.5));
#7515 = DIRECTION('',(0.,1.,0.));
#7516 = DIRECTION('',(0.,-0.,1.));
#7517 = PCURVE('',#3836,#7518);
#7518 = DEFINITIONAL_REPRESENTATION('',(#7519),#7523);
#7519 = LINE('',#7520,#7521);
#7520 = CARTESIAN_POINT('',(0.,0.72));
#7521 = VECTOR('',#7522,1.);
#7522 = DIRECTION('',(1.,0.));
#7523 = ( GEOMETRIC_REPRESENTATION_CONTEXT(2) 
PARAMETRIC_REPRESENTATION_CONTEXT() REPRESENTATION_CONTEXT('2D SPACE',''
  ) );
#7524 = PCURVE('',#7440,#7525);
#7525 = DEFINITIONAL_REPRESENTATION('',(#7526),#7530);
#7526 = CIRCLE('',#7527,0.975);
#7527 = AXIS2_PLACEMENT_2D('',#7528,#7529);
#7528 = CARTESIAN_POINT('',(0.,0.));
#7529 = DIRECTION('',(1.,0.));
#7530 = ( GEOMETRIC_REPRESENTATION_CONTEXT(2) 
PARAMETRIC_REPRESENTATION_CONTEXT() REPRESENTATION_CONTEXT('2D SPACE',''
  ) );
#7531 = ADVANCED_FACE('',(#7532),#3891,.T.);
#7532 = FACE_BOUND('',#7533,.F.);
#7533 = EDGE_LOOP('',(#7534,#7535,#7536,#7537,#7538,#7539,#7540,#7541,
    #7542,#7543,#7544,#7545,#7546,#7547,#7548,#7549,#7550,#7551,#7552,
    #7553,#7554,#7555,#7556,#7557,#7558,#7559,#7560,#7561,#7562,#7563,
    #7564,#7565,#7566,#7567,#7568));
#7534 = ORIENTED_EDGE('',*,*,#3875,.T.);
#7535 = ORIENTED_EDGE('',*,*,#5546,.T.);
#7536 = ORIENTED_EDGE('',*,*,#5519,.T.);
#7537 = ORIENTED_EDGE('',*,*,#5470,.T.);
#7538 = ORIENTED_EDGE('',*,*,#5421,.T.);
#7539 = ORIENTED_EDGE('',*,*,#5372,.T.);
#7540 = ORIENTED_EDGE('',*,*,#5323,.T.);
#7541 = ORIENTED_EDGE('',*,*,#5274,.T.);
#7542 = ORIENTED_EDGE('',*,*,#5225,.T.);
#7543 = ORIENTED_EDGE('',*,*,#5176,.T.);
#7544 = ORIENTED_EDGE('',*,*,#5127,.T.);
#7545 = ORIENTED_EDGE('',*,*,#5078,.T.);
#7546 = ORIENTED_EDGE('',*,*,#5029,.T.);
#7547 = ORIENTED_EDGE('',*,*,#4980,.T.);
#7548 = ORIENTED_EDGE('',*,*,#4931,.T.);
#7549 = ORIENTED_EDGE('',*,*,#4882,.T.);
#7550 = ORIENTED_EDGE('',*,*,#4833,.T.);
#7551 = ORIENTED_EDGE('',*,*,#4784,.T.);
#7552 = ORIENTED_EDGE('',*,*,#4735,.T.);
#7553 = ORIENTED_EDGE('',*,*,#4686,.T.);
#7554 = ORIENTED_EDGE('',*,*,#4637,.T.);
#7555 = ORIENTED_EDGE('',*,*,#4588,.T.);
#7556 = ORIENTED_EDGE('',*,*,#4539,.T.);
#7557 = ORIENTED_EDGE('',*,*,#4490,.T.);
#7558 = ORIENTED_EDGE('',*,*,#4441,.T.);
#7559 = ORIENTED_EDGE('',*,*,#4392,.T.);
#7560 = ORIENTED_EDGE('',*,*,#4343,.T.);
#7561 = ORIENTED_EDGE('',*,*,#4294,.T.);
#7562 = ORIENTED_EDGE('',*,*,#4245,.T.);
#7563 = ORIENTED_EDGE('',*,*,#4196,.T.);
#7564 = ORIENTED_EDGE('',*,*,#4147,.T.);
#7565 = ORIENTED_EDGE('',*,*,#4098,.T.);
#7566 = ORIENTED_EDGE('',*,*,#4049,.T.);
#7567 = ORIENTED_EDGE('',*,*,#4000,.T.);
#7568 = ORIENTED_EDGE('',*,*,#3951,.T.);
#7569 = ADVANCED_FACE('',(#7570),#5611,.T.);
#7570 = FACE_BOUND('',#7571,.F.);
#7571 = EDGE_LOOP('',(#7572,#7573,#7574,#7575,#7576,#7577,#7578,#7579,
    #7580));
#7572 = ORIENTED_EDGE('',*,*,#5595,.T.);
#7573 = ORIENTED_EDGE('',*,*,#5992,.T.);
#7574 = ORIENTED_EDGE('',*,*,#5965,.T.);
#7575 = ORIENTED_EDGE('',*,*,#5916,.T.);
#7576 = ORIENTED_EDGE('',*,*,#5867,.T.);
#7577 = ORIENTED_EDGE('',*,*,#5818,.T.);
#7578 = ORIENTED_EDGE('',*,*,#5769,.T.);
#7579 = ORIENTED_EDGE('',*,*,#5720,.T.);
#7580 = ORIENTED_EDGE('',*,*,#5671,.T.);
#7581 = ADVANCED_FACE('',(#7582),#6057,.T.);
#7582 = FACE_BOUND('',#7583,.T.);
#7583 = EDGE_LOOP('',(#7584,#7585,#7586,#7587));
#7584 = ORIENTED_EDGE('',*,*,#6041,.F.);
#7585 = ORIENTED_EDGE('',*,*,#6993,.T.);
#7586 = ORIENTED_EDGE('',*,*,#6944,.F.);
#7587 = ORIENTED_EDGE('',*,*,#7588,.T.);
#7588 = EDGE_CURVE('',#6923,#6042,#7589,.T.);
#7589 = SURFACE_CURVE('',#7590,(#7594,#7601),.PCURVE_S1.);
#7590 = LINE('',#7591,#7592);
#7591 = CARTESIAN_POINT('',(90.1,-5.E-02,2.2));
#7592 = VECTOR('',#7593,1.);
#7593 = DIRECTION('',(0.,-1.,0.));
#7594 = PCURVE('',#6057,#7595);
#7595 = DEFINITIONAL_REPRESENTATION('',(#7596),#7600);
#7596 = LINE('',#7597,#7598);
#7597 = CARTESIAN_POINT('',(14.1,-5.E-02));
#7598 = VECTOR('',#7599,1.);
#7599 = DIRECTION('',(0.,-1.));
#7600 = ( GEOMETRIC_REPRESENTATION_CONTEXT(2) 
PARAMETRIC_REPRESENTATION_CONTEXT() REPRESENTATION_CONTEXT('2D SPACE',''
  ) );
#7601 = PCURVE('',#6084,#7602);
#7602 = DEFINITIONAL_REPRESENTATION('',(#7603),#7606);
#7603 = B_SPLINE_CURVE_WITH_KNOTS('',1,(#7604,#7605),.UNSPECIFIED.,.F.,
  .F.,(2,2),(-26.05,-4.7),.PIECEWISE_BEZIER_KNOTS.);
#7604 = CARTESIAN_POINT('',(3.2,-26.1));
#7605 = CARTESIAN_POINT('',(3.2,-4.75));
#7606 = ( GEOMETRIC_REPRESENTATION_CONTEXT(2) 
PARAMETRIC_REPRESENTATION_CONTEXT() REPRESENTATION_CONTEXT('2D SPACE',''
  ) );
#7607 = ADVANCED_FACE('',(#7608),#6196,.T.);
#7608 = FACE_BOUND('',#7609,.T.);
#7609 = EDGE_LOOP('',(#7610,#7611,#7634,#7656));
#7610 = ORIENTED_EDGE('',*,*,#6179,.F.);
#7611 = ORIENTED_EDGE('',*,*,#7612,.T.);
#7612 = EDGE_CURVE('',#6152,#7613,#7615,.T.);
#7613 = VERTEX_POINT('',#7614);
#7614 = CARTESIAN_POINT('',(93.5,8.9,17.5));
#7615 = SURFACE_CURVE('',#7616,(#7621,#7627),.PCURVE_S1.);
#7616 = CIRCLE('',#7617,0.4);
#7617 = AXIS2_PLACEMENT_3D('',#7618,#7619,#7620);
#7618 = CARTESIAN_POINT('',(93.9,8.9,17.5));
#7619 = DIRECTION('',(0.,0.,1.));
#7620 = DIRECTION('',(0.,-1.,0.));
#7621 = PCURVE('',#6196,#7622);
#7622 = DEFINITIONAL_REPRESENTATION('',(#7623),#7626);
#7623 = B_SPLINE_CURVE_WITH_KNOTS('',1,(#7624,#7625),.UNSPECIFIED.,.F.,
  .F.,(2,2),(3.14159265359,4.712388980385),.PIECEWISE_BEZIER_KNOTS.);
#7624 = CARTESIAN_POINT('',(4.712388980385,1.570796326795));
#7625 = CARTESIAN_POINT('',(4.712388980385,0.));
#7626 = ( GEOMETRIC_REPRESENTATION_CONTEXT(2) 
PARAMETRIC_REPRESENTATION_CONTEXT() REPRESENTATION_CONTEXT('2D SPACE',''
  ) );
#7627 = PCURVE('',#6167,#7628);
#7628 = DEFINITIONAL_REPRESENTATION('',(#7629),#7633);
#7629 = CIRCLE('',#7630,0.4);
#7630 = AXIS2_PLACEMENT_2D('',#7631,#7632);
#7631 = CARTESIAN_POINT('',(3.9,4.));
#7632 = DIRECTION('',(0.,-1.));
#7633 = ( GEOMETRIC_REPRESENTATION_CONTEXT(2) 
PARAMETRIC_REPRESENTATION_CONTEXT() REPRESENTATION_CONTEXT('2D SPACE',''
  ) );
#7634 = ORIENTED_EDGE('',*,*,#7635,.F.);
#7635 = EDGE_CURVE('',#6289,#7613,#7636,.T.);
#7636 = SURFACE_CURVE('',#7637,(#7642,#7649),.PCURVE_S1.);
#7637 = CIRCLE('',#7638,4.5);
#7638 = AXIS2_PLACEMENT_3D('',#7639,#7640,#7641);
#7639 = CARTESIAN_POINT('',(98.,8.9,17.5));
#7640 = DIRECTION('',(0.,-1.,0.));
#7641 = DIRECTION('',(0.,0.,-1.));
#7642 = PCURVE('',#6196,#7643);
#7643 = DEFINITIONAL_REPRESENTATION('',(#7644),#7648);
#7644 = LINE('',#7645,#7646);
#7645 = CARTESIAN_POINT('',(9.424777960769,0.));
#7646 = VECTOR('',#7647,1.);
#7647 = DIRECTION('',(-1.,-0.));
#7648 = ( GEOMETRIC_REPRESENTATION_CONTEXT(2) 
PARAMETRIC_REPRESENTATION_CONTEXT() REPRESENTATION_CONTEXT('2D SPACE',''
  ) );
#7649 = PCURVE('',#6326,#7650);
#7650 = DEFINITIONAL_REPRESENTATION('',(#7651),#7655);
#7651 = LINE('',#7652,#7653);
#7652 = CARTESIAN_POINT('',(9.424777960769,2.1));
#7653 = VECTOR('',#7654,1.);
#7654 = DIRECTION('',(-1.,-0.));
#7655 = ( GEOMETRIC_REPRESENTATION_CONTEXT(2) 
PARAMETRIC_REPRESENTATION_CONTEXT() REPRESENTATION_CONTEXT('2D SPACE',''
  ) );
#7656 = ORIENTED_EDGE('',*,*,#6288,.T.);
#7657 = ADVANCED_FACE('',(#7658),#6084,.T.);
#7658 = FACE_BOUND('',#7659,.T.);
#7659 = EDGE_LOOP('',(#7660,#7661,#7680,#7681));
#7660 = ORIENTED_EDGE('',*,*,#6922,.F.);
#7661 = ORIENTED_EDGE('',*,*,#7662,.F.);
#7662 = EDGE_CURVE('',#6069,#6901,#7663,.T.);
#7663 = SURFACE_CURVE('',#7664,(#7668,#7674),.PCURVE_S1.);
#7664 = LINE('',#7665,#7666);
#7665 = CARTESIAN_POINT('',(90.1,-0.55,11.5));
#7666 = VECTOR('',#7667,1.);
#7667 = DIRECTION('',(-0.,1.,0.));
#7668 = PCURVE('',#6084,#7669);
#7669 = DEFINITIONAL_REPRESENTATION('',(#7670),#7673);
#7670 = B_SPLINE_CURVE_WITH_KNOTS('',1,(#7671,#7672),.UNSPECIFIED.,.F.,
  .F.,(2,2),(5.2,26.55),.PIECEWISE_BEZIER_KNOTS.);
#7671 = CARTESIAN_POINT('',(12.5,-4.75));
#7672 = CARTESIAN_POINT('',(12.5,-26.1));
#7673 = ( GEOMETRIC_REPRESENTATION_CONTEXT(2) 
PARAMETRIC_REPRESENTATION_CONTEXT() REPRESENTATION_CONTEXT('2D SPACE',''
  ) );
#7674 = PCURVE('',#6112,#7675);
#7675 = DEFINITIONAL_REPRESENTATION('',(#7676),#7679);
#7676 = B_SPLINE_CURVE_WITH_KNOTS('',1,(#7677,#7678),.UNSPECIFIED.,.F.,
  .F.,(2,2),(5.2,26.55),.PIECEWISE_BEZIER_KNOTS.);
#7677 = CARTESIAN_POINT('',(91.1,5.65));
#7678 = CARTESIAN_POINT('',(91.1,27.));
#7679 = ( GEOMETRIC_REPRESENTATION_CONTEXT(2) 
PARAMETRIC_REPRESENTATION_CONTEXT() REPRESENTATION_CONTEXT('2D SPACE',''
  ) );
#7680 = ORIENTED_EDGE('',*,*,#6068,.T.);
#7681 = ORIENTED_EDGE('',*,*,#7588,.F.);
#7682 = ADVANCED_FACE('',(#7683),#6167,.T.);
#7683 = FACE_BOUND('',#7684,.T.);
#7684 = EDGE_LOOP('',(#7685,#7686,#7706,#7707,#7730,#7750,#7751,#7752));
#7685 = ORIENTED_EDGE('',*,*,#6714,.F.);
#7686 = ORIENTED_EDGE('',*,*,#7687,.T.);
#7687 = EDGE_CURVE('',#6715,#6369,#7688,.T.);
#7688 = SURFACE_CURVE('',#7689,(#7693,#7700),.PCURVE_S1.);
#7689 = LINE('',#7690,#7691);
#7690 = CARTESIAN_POINT('',(90.1,2.4,17.5));
#7691 = VECTOR('',#7692,1.);
#7692 = DIRECTION('',(-0.,1.,0.));
#7693 = PCURVE('',#6167,#7694);
#7694 = DEFINITIONAL_REPRESENTATION('',(#7695),#7699);
#7695 = LINE('',#7696,#7697);
#7696 = CARTESIAN_POINT('',(9.999999999999E-02,-2.5));
#7697 = VECTOR('',#7698,1.);
#7698 = DIRECTION('',(0.,1.));
#7699 = ( GEOMETRIC_REPRESENTATION_CONTEXT(2) 
PARAMETRIC_REPRESENTATION_CONTEXT() REPRESENTATION_CONTEXT('2D SPACE',''
  ) );
#7700 = PCURVE('',#6384,#7701);
#7701 = DEFINITIONAL_REPRESENTATION('',(#7702),#7705);
#7702 = B_SPLINE_CURVE_WITH_KNOTS('',1,(#7703,#7704),.UNSPECIFIED.,.F.,
  .F.,(2,2),(2.5,6.8),.PIECEWISE_BEZIER_KNOTS.);
#7703 = CARTESIAN_POINT('',(18.5,-5.));
#7704 = CARTESIAN_POINT('',(18.5,-9.3));
#7705 = ( GEOMETRIC_REPRESENTATION_CONTEXT(2) 
PARAMETRIC_REPRESENTATION_CONTEXT() REPRESENTATION_CONTEXT('2D SPACE',''
  ) );
#7706 = ORIENTED_EDGE('',*,*,#6396,.T.);
#7707 = ORIENTED_EDGE('',*,*,#7708,.F.);
#7708 = EDGE_CURVE('',#7709,#6397,#7711,.T.);
#7709 = VERTEX_POINT('',#7710);
#7710 = CARTESIAN_POINT('',(93.5,7.2,17.5));
#7711 = SURFACE_CURVE('',#7712,(#7717,#7724),.PCURVE_S1.);
#7712 = CIRCLE('',#7713,0.4);
#7713 = AXIS2_PLACEMENT_3D('',#7714,#7715,#7716);
#7714 = CARTESIAN_POINT('',(93.9,7.2,17.5));
#7715 = DIRECTION('',(0.,0.,1.));
#7716 = DIRECTION('',(0.,-1.,0.));
#7717 = PCURVE('',#6167,#7718);
#7718 = DEFINITIONAL_REPRESENTATION('',(#7719),#7723);
#7719 = CIRCLE('',#7720,0.4);
#7720 = AXIS2_PLACEMENT_2D('',#7721,#7722);
#7721 = CARTESIAN_POINT('',(3.9,2.3));
#7722 = DIRECTION('',(0.,-1.));
#7723 = ( GEOMETRIC_REPRESENTATION_CONTEXT(2) 
PARAMETRIC_REPRESENTATION_CONTEXT() REPRESENTATION_CONTEXT('2D SPACE',''
  ) );
#7724 = PCURVE('',#6352,#7725);
#7725 = DEFINITIONAL_REPRESENTATION('',(#7726),#7729);
#7726 = B_SPLINE_CURVE_WITH_KNOTS('',1,(#7727,#7728),.UNSPECIFIED.,.F.,
  .F.,(2,2),(4.712388980385,6.28318530718),.PIECEWISE_BEZIER_KNOTS.);
#7727 = CARTESIAN_POINT('',(-4.712388980385,0.));
#7728 = CARTESIAN_POINT('',(-4.712388980385,1.570796326795));
#7729 = ( GEOMETRIC_REPRESENTATION_CONTEXT(2) 
PARAMETRIC_REPRESENTATION_CONTEXT() REPRESENTATION_CONTEXT('2D SPACE',''
  ) );
#7730 = ORIENTED_EDGE('',*,*,#7731,.T.);
#7731 = EDGE_CURVE('',#7709,#7613,#7732,.T.);
#7732 = SURFACE_CURVE('',#7733,(#7737,#7744),.PCURVE_S1.);
#7733 = LINE('',#7734,#7735);
#7734 = CARTESIAN_POINT('',(93.5,6.8,17.5));
#7735 = VECTOR('',#7736,1.);
#7736 = DIRECTION('',(0.,1.,0.));
#7737 = PCURVE('',#6167,#7738);
#7738 = DEFINITIONAL_REPRESENTATION('',(#7739),#7743);
#7739 = LINE('',#7740,#7741);
#7740 = CARTESIAN_POINT('',(3.5,1.9));
#7741 = VECTOR('',#7742,1.);
#7742 = DIRECTION('',(0.,1.));
#7743 = ( GEOMETRIC_REPRESENTATION_CONTEXT(2) 
PARAMETRIC_REPRESENTATION_CONTEXT() REPRESENTATION_CONTEXT('2D SPACE',''
  ) );
#7744 = PCURVE('',#6326,#7745);
#7745 = DEFINITIONAL_REPRESENTATION('',(#7746),#7749);
#7746 = B_SPLINE_CURVE_WITH_KNOTS('',1,(#7747,#7748),.UNSPECIFIED.,.F.,
  .F.,(2,2),(0.4,2.1),.PIECEWISE_BEZIER_KNOTS.);
#7747 = CARTESIAN_POINT('',(4.712388980385,0.4));
#7748 = CARTESIAN_POINT('',(4.712388980385,2.1));
#7749 = ( GEOMETRIC_REPRESENTATION_CONTEXT(2) 
PARAMETRIC_REPRESENTATION_CONTEXT() REPRESENTATION_CONTEXT('2D SPACE',''
  ) );
#7750 = ORIENTED_EDGE('',*,*,#7612,.F.);
#7751 = ORIENTED_EDGE('',*,*,#6151,.F.);
#7752 = ORIENTED_EDGE('',*,*,#7753,.T.);
#7753 = EDGE_CURVE('',#6124,#6694,#7754,.T.);
#7754 = SURFACE_CURVE('',#7755,(#7759,#7766),.PCURVE_S1.);
#7755 = LINE('',#7756,#7757);
#7756 = CARTESIAN_POINT('',(90.,9.3,17.5));
#7757 = VECTOR('',#7758,1.);
#7758 = DIRECTION('',(0.,-1.,0.));
#7759 = PCURVE('',#6167,#7760);
#7760 = DEFINITIONAL_REPRESENTATION('',(#7761),#7765);
#7761 = LINE('',#7762,#7763);
#7762 = CARTESIAN_POINT('',(0.,4.4));
#7763 = VECTOR('',#7764,1.);
#7764 = DIRECTION('',(0.,-1.));
#7765 = ( GEOMETRIC_REPRESENTATION_CONTEXT(2) 
PARAMETRIC_REPRESENTATION_CONTEXT() REPRESENTATION_CONTEXT('2D SPACE',''
  ) );
#7766 = PCURVE('',#6139,#7767);
#7767 = DEFINITIONAL_REPRESENTATION('',(#7768),#7772);
#7768 = LINE('',#7769,#7770);
#7769 = CARTESIAN_POINT('',(17.5,-4.4));
#7770 = VECTOR('',#7771,1.);
#7771 = DIRECTION('',(0.,1.));
#7772 = ( GEOMETRIC_REPRESENTATION_CONTEXT(2) 
PARAMETRIC_REPRESENTATION_CONTEXT() REPRESENTATION_CONTEXT('2D SPACE',''
  ) );
#7773 = ADVANCED_FACE('',(#7774),#6112,.T.);
#7774 = FACE_BOUND('',#7775,.T.);
#7775 = EDGE_LOOP('',(#7776,#7777,#7798,#7799,#7800,#7801));
#7776 = ORIENTED_EDGE('',*,*,#6672,.F.);
#7777 = ORIENTED_EDGE('',*,*,#7778,.T.);
#7778 = EDGE_CURVE('',#6673,#6097,#7779,.T.);
#7779 = SURFACE_CURVE('',#7780,(#7784,#7791),.PCURVE_S1.);
#7780 = LINE('',#7781,#7782);
#7781 = CARTESIAN_POINT('',(90.,4.9,11.5));
#7782 = VECTOR('',#7783,1.);
#7783 = DIRECTION('',(0.,1.,0.));
#7784 = PCURVE('',#6112,#7785);
#7785 = DEFINITIONAL_REPRESENTATION('',(#7786),#7790);
#7786 = LINE('',#7787,#7788);
#7787 = CARTESIAN_POINT('',(91.,5.9));
#7788 = VECTOR('',#7789,1.);
#7789 = DIRECTION('',(0.,1.));
#7790 = ( GEOMETRIC_REPRESENTATION_CONTEXT(2) 
PARAMETRIC_REPRESENTATION_CONTEXT() REPRESENTATION_CONTEXT('2D SPACE',''
  ) );
#7791 = PCURVE('',#6139,#7792);
#7792 = DEFINITIONAL_REPRESENTATION('',(#7793),#7797);
#7793 = LINE('',#7794,#7795);
#7794 = CARTESIAN_POINT('',(11.5,0.));
#7795 = VECTOR('',#7796,1.);
#7796 = DIRECTION('',(0.,-1.));
#7797 = ( GEOMETRIC_REPRESENTATION_CONTEXT(2) 
PARAMETRIC_REPRESENTATION_CONTEXT() REPRESENTATION_CONTEXT('2D SPACE',''
  ) );
#7798 = ORIENTED_EDGE('',*,*,#6096,.F.);
#7799 = ORIENTED_EDGE('',*,*,#7662,.T.);
#7800 = ORIENTED_EDGE('',*,*,#6900,.T.);
#7801 = ORIENTED_EDGE('',*,*,#7802,.F.);
#7802 = EDGE_CURVE('',#6647,#6879,#7803,.T.);
#7803 = SURFACE_CURVE('',#7804,(#7808,#7815),.PCURVE_S1.);
#7804 = LINE('',#7805,#7806);
#7805 = CARTESIAN_POINT('',(89.5,0.7,11.5));
#7806 = VECTOR('',#7807,1.);
#7807 = DIRECTION('',(-0.,1.,0.));
#7808 = PCURVE('',#6112,#7809);
#7809 = DEFINITIONAL_REPRESENTATION('',(#7810),#7814);
#7810 = LINE('',#7811,#7812);
#7811 = CARTESIAN_POINT('',(90.5,1.7));
#7812 = VECTOR('',#7813,1.);
#7813 = DIRECTION('',(0.,1.));
#7814 = ( GEOMETRIC_REPRESENTATION_CONTEXT(2) 
PARAMETRIC_REPRESENTATION_CONTEXT() REPRESENTATION_CONTEXT('2D SPACE',''
  ) );
#7815 = PCURVE('',#6661,#7816);
#7816 = DEFINITIONAL_REPRESENTATION('',(#7817),#7820);
#7817 = B_SPLINE_CURVE_WITH_KNOTS('',1,(#7818,#7819),.UNSPECIFIED.,.F.,
  .F.,(2,2),(1.7,192.3),.PIECEWISE_BEZIER_KNOTS.);
#7818 = CARTESIAN_POINT('',(9.3,0.));
#7819 = CARTESIAN_POINT('',(9.3,-190.6));
#7820 = ( GEOMETRIC_REPRESENTATION_CONTEXT(2) 
PARAMETRIC_REPRESENTATION_CONTEXT() REPRESENTATION_CONTEXT('2D SPACE',''
  ) );
#7821 = ADVANCED_FACE('',(#7822),#6139,.F.);
#7822 = FACE_BOUND('',#7823,.F.);
#7823 = EDGE_LOOP('',(#7824,#7825,#7826,#7827));
#7824 = ORIENTED_EDGE('',*,*,#6693,.F.);
#7825 = ORIENTED_EDGE('',*,*,#7778,.T.);
#7826 = ORIENTED_EDGE('',*,*,#6123,.T.);
#7827 = ORIENTED_EDGE('',*,*,#7753,.T.);
#7828 = ADVANCED_FACE('',(#7829),#6248,.F.);
#7829 = FACE_BOUND('',#7830,.F.);
#7830 = EDGE_LOOP('',(#7831,#7832,#7855,#7882));
#7831 = ORIENTED_EDGE('',*,*,#6231,.F.);
#7832 = ORIENTED_EDGE('',*,*,#7833,.F.);
#7833 = EDGE_CURVE('',#7834,#6232,#7836,.T.);
#7834 = VERTEX_POINT('',#7835);
#7835 = CARTESIAN_POINT('',(98.,8.6,19.25));
#7836 = SEAM_CURVE('',#7837,(#7841,#7848),.PCURVE_S1.);
#7837 = LINE('',#7838,#7839);
#7838 = CARTESIAN_POINT('',(98.,8.6,19.25));
#7839 = VECTOR('',#7840,1.);
#7840 = DIRECTION('',(0.,1.,0.));
#7841 = PCURVE('',#6248,#7842);
#7842 = DEFINITIONAL_REPRESENTATION('',(#7843),#7847);
#7843 = LINE('',#7844,#7845);
#7844 = CARTESIAN_POINT('',(6.28318530718,-0.));
#7845 = VECTOR('',#7846,1.);
#7846 = DIRECTION('',(0.,1.));
#7847 = ( GEOMETRIC_REPRESENTATION_CONTEXT(2) 
PARAMETRIC_REPRESENTATION_CONTEXT() REPRESENTATION_CONTEXT('2D SPACE',''
  ) );
#7848 = PCURVE('',#6248,#7849);
#7849 = DEFINITIONAL_REPRESENTATION('',(#7850),#7854);
#7850 = LINE('',#7851,#7852);
#7851 = CARTESIAN_POINT('',(0.,-0.));
#7852 = VECTOR('',#7853,1.);
#7853 = DIRECTION('',(0.,1.));
#7854 = ( GEOMETRIC_REPRESENTATION_CONTEXT(2) 
PARAMETRIC_REPRESENTATION_CONTEXT() REPRESENTATION_CONTEXT('2D SPACE',''
  ) );
#7855 = ORIENTED_EDGE('',*,*,#7856,.T.);
#7856 = EDGE_CURVE('',#7834,#7834,#7857,.T.);
#7857 = SURFACE_CURVE('',#7858,(#7863,#7870),.PCURVE_S1.);
#7858 = CIRCLE('',#7859,1.75);
#7859 = AXIS2_PLACEMENT_3D('',#7860,#7861,#7862);
#7860 = CARTESIAN_POINT('',(98.,8.6,17.5));
#7861 = DIRECTION('',(0.,1.,0.));
#7862 = DIRECTION('',(0.,-0.,1.));
#7863 = PCURVE('',#6248,#7864);
#7864 = DEFINITIONAL_REPRESENTATION('',(#7865),#7869);
#7865 = LINE('',#7866,#7867);
#7866 = CARTESIAN_POINT('',(0.,0.));
#7867 = VECTOR('',#7868,1.);
#7868 = DIRECTION('',(1.,0.));
#7869 = ( GEOMETRIC_REPRESENTATION_CONTEXT(2) 
PARAMETRIC_REPRESENTATION_CONTEXT() REPRESENTATION_CONTEXT('2D SPACE',''
  ) );
#7870 = PCURVE('',#7871,#7876);
#7871 = PLANE('',#7872);
#7872 = AXIS2_PLACEMENT_3D('',#7873,#7874,#7875);
#7873 = CARTESIAN_POINT('',(98.,8.6,17.5));
#7874 = DIRECTION('',(0.,1.,0.));
#7875 = DIRECTION('',(0.,-0.,1.));
#7876 = DEFINITIONAL_REPRESENTATION('',(#7877),#7881);
#7877 = CIRCLE('',#7878,1.75);
#7878 = AXIS2_PLACEMENT_2D('',#7879,#7880);
#7879 = CARTESIAN_POINT('',(0.,0.));
#7880 = DIRECTION('',(1.,0.));
#7881 = ( GEOMETRIC_REPRESENTATION_CONTEXT(2) 
PARAMETRIC_REPRESENTATION_CONTEXT() REPRESENTATION_CONTEXT('2D SPACE',''
  ) );
#7882 = ORIENTED_EDGE('',*,*,#7833,.T.);
#7883 = ADVANCED_FACE('',(#7884),#6352,.T.);
#7884 = FACE_BOUND('',#7885,.F.);
#7885 = EDGE_LOOP('',(#7886,#7887,#7888,#7910));
#7886 = ORIENTED_EDGE('',*,*,#6419,.T.);
#7887 = ORIENTED_EDGE('',*,*,#7708,.F.);
#7888 = ORIENTED_EDGE('',*,*,#7889,.F.);
#7889 = EDGE_CURVE('',#6312,#7709,#7890,.T.);
#7890 = SURFACE_CURVE('',#7891,(#7896,#7903),.PCURVE_S1.);
#7891 = CIRCLE('',#7892,4.5);
#7892 = AXIS2_PLACEMENT_3D('',#7893,#7894,#7895);
#7893 = CARTESIAN_POINT('',(98.,7.2,17.5));
#7894 = DIRECTION('',(0.,-1.,0.));
#7895 = DIRECTION('',(0.,0.,-1.));
#7896 = PCURVE('',#6352,#7897);
#7897 = DEFINITIONAL_REPRESENTATION('',(#7898),#7902);
#7898 = LINE('',#7899,#7900);
#7899 = CARTESIAN_POINT('',(-9.424777960769,0.));
#7900 = VECTOR('',#7901,1.);
#7901 = DIRECTION('',(1.,-0.));
#7902 = ( GEOMETRIC_REPRESENTATION_CONTEXT(2) 
PARAMETRIC_REPRESENTATION_CONTEXT() REPRESENTATION_CONTEXT('2D SPACE',''
  ) );
#7903 = PCURVE('',#6326,#7904);
#7904 = DEFINITIONAL_REPRESENTATION('',(#7905),#7909);
#7905 = LINE('',#7906,#7907);
#7906 = CARTESIAN_POINT('',(9.424777960769,0.4));
#7907 = VECTOR('',#7908,1.);
#7908 = DIRECTION('',(-1.,-0.));
#7909 = ( GEOMETRIC_REPRESENTATION_CONTEXT(2) 
PARAMETRIC_REPRESENTATION_CONTEXT() REPRESENTATION_CONTEXT('2D SPACE',''
  ) );
#7910 = ORIENTED_EDGE('',*,*,#6337,.F.);
#7911 = ADVANCED_FACE('',(#7912),#6326,.T.);
#7912 = FACE_BOUND('',#7913,.T.);
#7913 = EDGE_LOOP('',(#7914,#7915,#7916,#7917));
#7914 = ORIENTED_EDGE('',*,*,#7635,.T.);
#7915 = ORIENTED_EDGE('',*,*,#7731,.F.);
#7916 = ORIENTED_EDGE('',*,*,#7889,.F.);
#7917 = ORIENTED_EDGE('',*,*,#6311,.T.);
#7918 = ADVANCED_FACE('',(#7919),#6384,.T.);
#7919 = FACE_BOUND('',#7920,.T.);
#7920 = EDGE_LOOP('',(#7921,#7941,#7942,#7943));
#7921 = ORIENTED_EDGE('',*,*,#7922,.F.);
#7922 = EDGE_CURVE('',#6367,#6736,#7923,.T.);
#7923 = SURFACE_CURVE('',#7924,(#7928,#7934),.PCURVE_S1.);
#7924 = LINE('',#7925,#7926);
#7925 = CARTESIAN_POINT('',(90.1,-5.E-02,2.2));
#7926 = VECTOR('',#7927,1.);
#7927 = DIRECTION('',(0.,-1.,0.));
#7928 = PCURVE('',#6384,#7929);
#7929 = DEFINITIONAL_REPRESENTATION('',(#7930),#7933);
#7930 = B_SPLINE_CURVE_WITH_KNOTS('',1,(#7931,#7932),.UNSPECIFIED.,.F.,
  .F.,(2,2),(-26.05,-4.7),.PIECEWISE_BEZIER_KNOTS.);
#7931 = CARTESIAN_POINT('',(3.2,-26.1));
#7932 = CARTESIAN_POINT('',(3.2,-4.75));
#7933 = ( GEOMETRIC_REPRESENTATION_CONTEXT(2) 
PARAMETRIC_REPRESENTATION_CONTEXT() REPRESENTATION_CONTEXT('2D SPACE',''
  ) );
#7934 = PCURVE('',#6484,#7935);
#7935 = DEFINITIONAL_REPRESENTATION('',(#7936),#7940);
#7936 = LINE('',#7937,#7938);
#7937 = CARTESIAN_POINT('',(14.1,-5.E-02));
#7938 = VECTOR('',#7939,1.);
#7939 = DIRECTION('',(0.,-1.));
#7940 = ( GEOMETRIC_REPRESENTATION_CONTEXT(2) 
PARAMETRIC_REPRESENTATION_CONTEXT() REPRESENTATION_CONTEXT('2D SPACE',''
  ) );
#7941 = ORIENTED_EDGE('',*,*,#6366,.T.);
#7942 = ORIENTED_EDGE('',*,*,#7687,.F.);
#7943 = ORIENTED_EDGE('',*,*,#6735,.F.);
#7944 = ADVANCED_FACE('',(#7945),#6484,.T.);
#7945 = FACE_BOUND('',#7946,.T.);
#7946 = EDGE_LOOP('',(#7947,#7948,#7949,#7950));
#7947 = ORIENTED_EDGE('',*,*,#6756,.F.);
#7948 = ORIENTED_EDGE('',*,*,#6529,.T.);
#7949 = ORIENTED_EDGE('',*,*,#6470,.T.);
#7950 = ORIENTED_EDGE('',*,*,#7922,.T.);
#7951 = ADVANCED_FACE('',(#7952),#6514,.F.);
#7952 = FACE_BOUND('',#7953,.F.);
#7953 = EDGE_LOOP('',(#7954,#7978,#7999,#8000));
#7954 = ORIENTED_EDGE('',*,*,#7955,.F.);
#7955 = EDGE_CURVE('',#7956,#7956,#7958,.T.);
#7956 = VERTEX_POINT('',#7957);
#7957 = CARTESIAN_POINT('',(98.,8.6,18.475));
#7958 = SURFACE_CURVE('',#7959,(#7964,#7971),.PCURVE_S1.);
#7959 = CIRCLE('',#7960,0.975);
#7960 = AXIS2_PLACEMENT_3D('',#7961,#7962,#7963);
#7961 = CARTESIAN_POINT('',(98.,8.6,17.5));
#7962 = DIRECTION('',(0.,1.,0.));
#7963 = DIRECTION('',(0.,-0.,1.));
#7964 = PCURVE('',#6514,#7965);
#7965 = DEFINITIONAL_REPRESENTATION('',(#7966),#7970);
#7966 = LINE('',#7967,#7968);
#7967 = CARTESIAN_POINT('',(0.,1.82));
#7968 = VECTOR('',#7969,1.);
#7969 = DIRECTION('',(1.,0.));
#7970 = ( GEOMETRIC_REPRESENTATION_CONTEXT(2) 
PARAMETRIC_REPRESENTATION_CONTEXT() REPRESENTATION_CONTEXT('2D SPACE',''
  ) );
#7971 = PCURVE('',#7871,#7972);
#7972 = DEFINITIONAL_REPRESENTATION('',(#7973),#7977);
#7973 = CIRCLE('',#7974,0.975);
#7974 = AXIS2_PLACEMENT_2D('',#7975,#7976);
#7975 = CARTESIAN_POINT('',(0.,0.));
#7976 = DIRECTION('',(1.,0.));
#7977 = ( GEOMETRIC_REPRESENTATION_CONTEXT(2) 
PARAMETRIC_REPRESENTATION_CONTEXT() REPRESENTATION_CONTEXT('2D SPACE',''
  ) );
#7978 = ORIENTED_EDGE('',*,*,#7979,.F.);
#7979 = EDGE_CURVE('',#6498,#7956,#7980,.T.);
#7980 = SEAM_CURVE('',#7981,(#7985,#7992),.PCURVE_S1.);
#7981 = LINE('',#7982,#7983);
#7982 = CARTESIAN_POINT('',(98.,6.78,18.475));
#7983 = VECTOR('',#7984,1.);
#7984 = DIRECTION('',(0.,1.,0.));
#7985 = PCURVE('',#6514,#7986);
#7986 = DEFINITIONAL_REPRESENTATION('',(#7987),#7991);
#7987 = LINE('',#7988,#7989);
#7988 = CARTESIAN_POINT('',(6.28318530718,-0.));
#7989 = VECTOR('',#7990,1.);
#7990 = DIRECTION('',(0.,1.));
#7991 = ( GEOMETRIC_REPRESENTATION_CONTEXT(2) 
PARAMETRIC_REPRESENTATION_CONTEXT() REPRESENTATION_CONTEXT('2D SPACE',''
  ) );
#7992 = PCURVE('',#6514,#7993);
#7993 = DEFINITIONAL_REPRESENTATION('',(#7994),#7998);
#7994 = LINE('',#7995,#7996);
#7995 = CARTESIAN_POINT('',(0.,-0.));
#7996 = VECTOR('',#7997,1.);
#7997 = DIRECTION('',(0.,1.));
#7998 = ( GEOMETRIC_REPRESENTATION_CONTEXT(2) 
PARAMETRIC_REPRESENTATION_CONTEXT() REPRESENTATION_CONTEXT('2D SPACE',''
  ) );
#7999 = ORIENTED_EDGE('',*,*,#6497,.T.);
#8000 = ORIENTED_EDGE('',*,*,#7979,.T.);
#8001 = ADVANCED_FACE('',(#8002),#6661,.F.);
#8002 = FACE_BOUND('',#8003,.F.);
#8003 = EDGE_LOOP('',(#8004,#8005,#8006,#8027,#8048,#8067,#8068,#8069));
#8004 = ORIENTED_EDGE('',*,*,#6646,.F.);
#8005 = ORIENTED_EDGE('',*,*,#7043,.T.);
#8006 = ORIENTED_EDGE('',*,*,#8007,.T.);
#8007 = EDGE_CURVE('',#7044,#8008,#8010,.T.);
#8008 = VERTEX_POINT('',#8009);
#8009 = CARTESIAN_POINT('',(89.5,6.8,7.5915));
#8010 = SURFACE_CURVE('',#8011,(#8015,#8021),.PCURVE_S1.);
#8011 = LINE('',#8012,#8013);
#8012 = CARTESIAN_POINT('',(89.5,6.8,4.052160764875));
#8013 = VECTOR('',#8014,1.);
#8014 = DIRECTION('',(0.,-0.,1.));
#8015 = PCURVE('',#6661,#8016);
#8016 = DEFINITIONAL_REPRESENTATION('',(#8017),#8020);
#8017 = B_SPLINE_CURVE_WITH_KNOTS('',1,(#8018,#8019),.UNSPECIFIED.,.F.,
  .F.,(2,2),(-1.852160764875,6.447839235125),.PIECEWISE_BEZIER_KNOTS.);
#8018 = CARTESIAN_POINT('',(0.,-4.4));
#8019 = CARTESIAN_POINT('',(8.3,-4.4));
#8020 = ( GEOMETRIC_REPRESENTATION_CONTEXT(2) 
PARAMETRIC_REPRESENTATION_CONTEXT() REPRESENTATION_CONTEXT('2D SPACE',''
  ) );
#8021 = PCURVE('',#7081,#8022);
#8022 = DEFINITIONAL_REPRESENTATION('',(#8023),#8026);
#8023 = B_SPLINE_CURVE_WITH_KNOTS('',1,(#8024,#8025),.UNSPECIFIED.,.F.,
  .F.,(2,2),(-1.852160764875,6.447839235125),.PIECEWISE_BEZIER_KNOTS.);
#8024 = CARTESIAN_POINT('',(-3.704321529749,-0.140678470251));
#8025 = CARTESIAN_POINT('',(4.595678470251,-0.140678470251));
#8026 = ( GEOMETRIC_REPRESENTATION_CONTEXT(2) 
PARAMETRIC_REPRESENTATION_CONTEXT() REPRESENTATION_CONTEXT('2D SPACE',''
  ) );
#8027 = ORIENTED_EDGE('',*,*,#8028,.F.);
#8028 = EDGE_CURVE('',#8029,#8008,#8031,.T.);
#8029 = VERTEX_POINT('',#8030);
#8030 = CARTESIAN_POINT('',(89.5,9.3,7.5915));
#8031 = SURFACE_CURVE('',#8032,(#8036,#8042),.PCURVE_S1.);
#8032 = LINE('',#8033,#8034);
#8033 = CARTESIAN_POINT('',(89.5,5.85,7.5915));
#8034 = VECTOR('',#8035,1.);
#8035 = DIRECTION('',(0.,-1.,0.));
#8036 = PCURVE('',#6661,#8037);
#8037 = DEFINITIONAL_REPRESENTATION('',(#8038),#8041);
#8038 = B_SPLINE_CURVE_WITH_KNOTS('',1,(#8039,#8040),.UNSPECIFIED.,.F.,
  .F.,(2,2),(-3.45,-0.95),.PIECEWISE_BEZIER_KNOTS.);
#8039 = CARTESIAN_POINT('',(5.3915,-6.9));
#8040 = CARTESIAN_POINT('',(5.3915,-4.4));
#8041 = ( GEOMETRIC_REPRESENTATION_CONTEXT(2) 
PARAMETRIC_REPRESENTATION_CONTEXT() REPRESENTATION_CONTEXT('2D SPACE',''
  ) );
#8042 = PCURVE('',#7107,#8043);
#8043 = DEFINITIONAL_REPRESENTATION('',(#8044),#8047);
#8044 = B_SPLINE_CURVE_WITH_KNOTS('',1,(#8045,#8046),.UNSPECIFIED.,.F.,
  .F.,(2,2),(-3.45,-0.95),.PIECEWISE_BEZIER_KNOTS.);
#8045 = CARTESIAN_POINT('',(5.555735977348,0.));
#8046 = CARTESIAN_POINT('',(5.555735977348,-2.5));
#8047 = ( GEOMETRIC_REPRESENTATION_CONTEXT(2) 
PARAMETRIC_REPRESENTATION_CONTEXT() REPRESENTATION_CONTEXT('2D SPACE',''
  ) );
#8048 = ORIENTED_EDGE('',*,*,#8049,.F.);
#8049 = EDGE_CURVE('',#7119,#8029,#8050,.T.);
#8050 = SURFACE_CURVE('',#8051,(#8055,#8061),.PCURVE_S1.);
#8051 = LINE('',#8052,#8053);
#8052 = CARTESIAN_POINT('',(89.5,9.3,4.052160764875));
#8053 = VECTOR('',#8054,1.);
#8054 = DIRECTION('',(0.,-0.,1.));
#8055 = PCURVE('',#6661,#8056);
#8056 = DEFINITIONAL_REPRESENTATION('',(#8057),#8060);
#8057 = B_SPLINE_CURVE_WITH_KNOTS('',1,(#8058,#8059),.UNSPECIFIED.,.F.,
  .F.,(2,2),(-1.852160764875,6.447839235125),.PIECEWISE_BEZIER_KNOTS.);
#8058 = CARTESIAN_POINT('',(0.,-6.9));
#8059 = CARTESIAN_POINT('',(8.3,-6.9));
#8060 = ( GEOMETRIC_REPRESENTATION_CONTEXT(2) 
PARAMETRIC_REPRESENTATION_CONTEXT() REPRESENTATION_CONTEXT('2D SPACE',''
  ) );
#8061 = PCURVE('',#7133,#8062);
#8062 = DEFINITIONAL_REPRESENTATION('',(#8063),#8066);
#8063 = B_SPLINE_CURVE_WITH_KNOTS('',1,(#8064,#8065),.UNSPECIFIED.,.F.,
  .F.,(2,2),(-1.852160764875,6.447839235125),.PIECEWISE_BEZIER_KNOTS.);
#8064 = CARTESIAN_POINT('',(-3.704321529749,-0.140678470251));
#8065 = CARTESIAN_POINT('',(4.595678470251,-0.140678470251));
#8066 = ( GEOMETRIC_REPRESENTATION_CONTEXT(2) 
PARAMETRIC_REPRESENTATION_CONTEXT() REPRESENTATION_CONTEXT('2D SPACE',''
  ) );
#8067 = ORIENTED_EDGE('',*,*,#7144,.T.);
#8068 = ORIENTED_EDGE('',*,*,#6878,.T.);
#8069 = ORIENTED_EDGE('',*,*,#7802,.F.);
#8070 = ADVANCED_FACE('',(#8071),#6614,.T.);
#8071 = FACE_BOUND('',#8072,.T.);
#8072 = EDGE_LOOP('',(#8073,#8074,#8075,#8076));
#8073 = ORIENTED_EDGE('',*,*,#6599,.F.);
#8074 = ORIENTED_EDGE('',*,*,#7020,.T.);
#8075 = ORIENTED_EDGE('',*,*,#7190,.T.);
#8076 = ORIENTED_EDGE('',*,*,#7244,.F.);
#8077 = ADVANCED_FACE('',(#8078),#6820,.T.);
#8078 = FACE_BOUND('',#8079,.T.);
#8079 = EDGE_LOOP('',(#8080,#8081,#8082,#8083));
#8080 = ORIENTED_EDGE('',*,*,#7459,.T.);
#8081 = ORIENTED_EDGE('',*,*,#7329,.F.);
#8082 = ORIENTED_EDGE('',*,*,#7376,.F.);
#8083 = ORIENTED_EDGE('',*,*,#6805,.T.);
#8084 = ADVANCED_FACE('',(#8085),#7133,.T.);
#8085 = FACE_BOUND('',#8086,.T.);
#8086 = EDGE_LOOP('',(#8087,#8108,#8109));
#8087 = ORIENTED_EDGE('',*,*,#8088,.T.);
#8088 = EDGE_CURVE('',#7093,#8029,#8089,.T.);
#8089 = SURFACE_CURVE('',#8090,(#8094,#8101),.PCURVE_S1.);
#8090 = LINE('',#8091,#8092);
#8091 = CARTESIAN_POINT('',(88.2,9.3,2.19));
#8092 = VECTOR('',#8093,1.);
#8093 = DIRECTION('',(0.233992400881,0.,0.97223842566));
#8094 = PCURVE('',#7133,#8095);
#8095 = DEFINITIONAL_REPRESENTATION('',(#8096),#8100);
#8096 = LINE('',#8097,#8098);
#8097 = CARTESIAN_POINT('',(-3.714321529749,-1.440678470251));
#8098 = VECTOR('',#8099,1.);
#8099 = DIRECTION('',(0.97223842566,0.233992400881));
#8100 = ( GEOMETRIC_REPRESENTATION_CONTEXT(2) 
PARAMETRIC_REPRESENTATION_CONTEXT() REPRESENTATION_CONTEXT('2D SPACE',''
  ) );
#8101 = PCURVE('',#7107,#8102);
#8102 = DEFINITIONAL_REPRESENTATION('',(#8103),#8107);
#8103 = LINE('',#8104,#8105);
#8104 = CARTESIAN_POINT('',(0.,0.));
#8105 = VECTOR('',#8106,1.);
#8106 = DIRECTION('',(1.,0.));
#8107 = ( GEOMETRIC_REPRESENTATION_CONTEXT(2) 
PARAMETRIC_REPRESENTATION_CONTEXT() REPRESENTATION_CONTEXT('2D SPACE',''
  ) );
#8108 = ORIENTED_EDGE('',*,*,#8049,.F.);
#8109 = ORIENTED_EDGE('',*,*,#7118,.T.);
#8110 = ADVANCED_FACE('',(#8111),#7107,.T.);
#8111 = FACE_BOUND('',#8112,.T.);
#8112 = EDGE_LOOP('',(#8113,#8114,#8115,#8136));
#8113 = ORIENTED_EDGE('',*,*,#8088,.F.);
#8114 = ORIENTED_EDGE('',*,*,#7092,.T.);
#8115 = ORIENTED_EDGE('',*,*,#8116,.T.);
#8116 = EDGE_CURVE('',#7067,#8008,#8117,.T.);
#8117 = SURFACE_CURVE('',#8118,(#8122,#8129),.PCURVE_S1.);
#8118 = LINE('',#8119,#8120);
#8119 = CARTESIAN_POINT('',(88.2,6.8,2.19));
#8120 = VECTOR('',#8121,1.);
#8121 = DIRECTION('',(0.233992400881,0.,0.97223842566));
#8122 = PCURVE('',#7107,#8123);
#8123 = DEFINITIONAL_REPRESENTATION('',(#8124),#8128);
#8124 = LINE('',#8125,#8126);
#8125 = CARTESIAN_POINT('',(0.,-2.5));
#8126 = VECTOR('',#8127,1.);
#8127 = DIRECTION('',(1.,0.));
#8128 = ( GEOMETRIC_REPRESENTATION_CONTEXT(2) 
PARAMETRIC_REPRESENTATION_CONTEXT() REPRESENTATION_CONTEXT('2D SPACE',''
  ) );
#8129 = PCURVE('',#7081,#8130);
#8130 = DEFINITIONAL_REPRESENTATION('',(#8131),#8135);
#8131 = LINE('',#8132,#8133);
#8132 = CARTESIAN_POINT('',(-3.714321529749,-1.440678470251));
#8133 = VECTOR('',#8134,1.);
#8134 = DIRECTION('',(0.97223842566,0.233992400881));
#8135 = ( GEOMETRIC_REPRESENTATION_CONTEXT(2) 
PARAMETRIC_REPRESENTATION_CONTEXT() REPRESENTATION_CONTEXT('2D SPACE',''
  ) );
#8136 = ORIENTED_EDGE('',*,*,#8028,.F.);
#8137 = ADVANCED_FACE('',(#8138),#7081,.F.);
#8138 = FACE_BOUND('',#8139,.F.);
#8139 = EDGE_LOOP('',(#8140,#8141,#8142));
#8140 = ORIENTED_EDGE('',*,*,#8116,.T.);
#8141 = ORIENTED_EDGE('',*,*,#8007,.F.);
#8142 = ORIENTED_EDGE('',*,*,#7066,.T.);
#8143 = ADVANCED_FACE('',(#8144,#8147),#7440,.F.);
#8144 = FACE_BOUND('',#8145,.F.);
#8145 = EDGE_LOOP('',(#8146));
#8146 = ORIENTED_EDGE('',*,*,#7425,.T.);
#8147 = FACE_BOUND('',#8148,.F.);
#8148 = EDGE_LOOP('',(#8149));
#8149 = ORIENTED_EDGE('',*,*,#7510,.F.);
#8150 = ADVANCED_FACE('',(#8151,#8154),#7871,.T.);
#8151 = FACE_BOUND('',#8152,.T.);
#8152 = EDGE_LOOP('',(#8153));
#8153 = ORIENTED_EDGE('',*,*,#7856,.T.);
#8154 = FACE_BOUND('',#8155,.T.);
#8155 = EDGE_LOOP('',(#8156));
#8156 = ORIENTED_EDGE('',*,*,#7955,.F.);
#8157 = ( GEOMETRIC_REPRESENTATION_CONTEXT(3) 
GLOBAL_UNCERTAINTY_ASSIGNED_CONTEXT((#8161)) 
GLOBAL_UNIT_ASSIGNED_CONTEXT((#8158,#8159,#8160)) REPRESENTATION_CONTEXT
('Context #1','3D Context with UNIT and UNCERTAINTY') );
#8158 = ( LENGTH_UNIT() NAMED_UNIT(*) SI_UNIT(.MILLI.,.METRE.) );
#8159 = ( NAMED_UNIT(*) PLANE_ANGLE_UNIT() SI_UNIT($,.RADIAN.) );
#8160 = ( NAMED_UNIT(*) SI_UNIT($,.STERADIAN.) SOLID_ANGLE_UNIT() );
#8161 = UNCERTAINTY_MEASURE_WITH_UNIT(LENGTH_MEASURE(1.E-06),#8158,
  'distance_accuracy_value','confusion accuracy');
#8162 = CONTEXT_DEPENDENT_SHAPE_REPRESENTATION(#8163,#8165);
#8163 = ( REPRESENTATION_RELATIONSHIP('','',#40,#10) 
REPRESENTATION_RELATIONSHIP_WITH_TRANSFORMATION(#8164) 
SHAPE_REPRESENTATION_RELATIONSHIP() );
#8164 = ITEM_DEFINED_TRANSFORMATION('','',#11,#15);
#8165 = PRODUCT_DEFINITION_SHAPE('Placement','Placement of an item',
  #8166);
#8166 = NEXT_ASSEMBLY_USAGE_OCCURRENCE('1','','',#5,#35,$);
#8167 = PRODUCT_RELATED_PRODUCT_CATEGORY('part',$,(#37));
#8168 = SHAPE_DEFINITION_REPRESENTATION(#8169,#8175);
#8169 = PRODUCT_DEFINITION_SHAPE('','',#8170);
#8170 = PRODUCT_DEFINITION('design','',#8171,#8174);
#8171 = PRODUCT_DEFINITION_FORMATION('','',#8172);
#8172 = PRODUCT('Open CASCADE STEP translator 7.8 3.2',
  'Open CASCADE STEP translator 7.8 3.2','',(#8173));
#8173 = PRODUCT_CONTEXT('',#2,'mechanical');
#8174 = PRODUCT_DEFINITION_CONTEXT('part definition',#2,'design');
#8175 = ADVANCED_BREP_SHAPE_REPRESENTATION('',(#11,#8176),#15644);
#8176 = MANIFOLD_SOLID_BREP('',#8177);
#8177 = CLOSED_SHELL('',(#8178,#8353,#8504,#8550,#8597,#8644,#9012,#9252
    ,#9348,#9494,#9503,#9661,#9708,#9840,#9981,#10026,#10075,#10263,
    #10366,#10524,#10571,#10774,#10823,#10850,#10877,#10904,#12798,
    #12825,#12854,#12953,#12979,#13004,#13031,#13038,#13088,#13157,
    #13228,#13255,#13283,#13290,#13316,#13323,#13390,#13415,#13421,
    #13497,#13546,#13595,#13644,#13693,#13742,#13791,#13840,#13867,
    #13943,#13992,#14041,#14090,#14139,#14188,#14237,#14286,#14335,
    #14384,#14433,#14482,#14531,#14580,#14629,#14678,#14727,#14776,
    #14825,#14874,#14923,#14972,#15021,#15070,#15119,#15168,#15217,
    #15266,#15315,#15364,#15413,#15462,#15511,#15560,#15587,#15594,
    #15606));
#8178 = ADVANCED_FACE('',(#8179),#8193,.F.);
#8179 = FACE_BOUND('',#8180,.T.);
#8180 = EDGE_LOOP('',(#8181,#8216,#8243,#8271,#8299,#8327));
#8181 = ORIENTED_EDGE('',*,*,#8182,.F.);
#8182 = EDGE_CURVE('',#8183,#8185,#8187,.T.);
#8183 = VERTEX_POINT('',#8184);
#8184 = CARTESIAN_POINT('',(105.9,-1.110223024625E-16,16.2));
#8185 = VERTEX_POINT('',#8186);
#8186 = CARTESIAN_POINT('',(120.,-5.551115123126E-17,16.2));
#8187 = SURFACE_CURVE('',#8188,(#8192,#8204),.PCURVE_S1.);
#8188 = LINE('',#8189,#8190);
#8189 = CARTESIAN_POINT('',(101.2,-1.110223024625E-16,16.2));
#8190 = VECTOR('',#8191,1.);
#8191 = DIRECTION('',(1.,-0.,0.));
#8192 = PCURVE('',#8193,#8198);
#8193 = PLANE('',#8194);
#8194 = AXIS2_PLACEMENT_3D('',#8195,#8196,#8197);
#8195 = CARTESIAN_POINT('',(196.,0.,0.));
#8196 = DIRECTION('',(-0.,1.,-0.));
#8197 = DIRECTION('',(0.,0.,-1.));
#8198 = DEFINITIONAL_REPRESENTATION('',(#8199),#8203);
#8199 = LINE('',#8200,#8201);
#8200 = CARTESIAN_POINT('',(-16.2,94.8));
#8201 = VECTOR('',#8202,1.);
#8202 = DIRECTION('',(-0.,-1.));
#8203 = ( GEOMETRIC_REPRESENTATION_CONTEXT(2) 
PARAMETRIC_REPRESENTATION_CONTEXT() REPRESENTATION_CONTEXT('2D SPACE',''
  ) );
#8204 = PCURVE('',#8205,#8210);
#8205 = CYLINDRICAL_SURFACE('',#8206,0.8);
#8206 = AXIS2_PLACEMENT_3D('',#8207,#8208,#8209);
#8207 = CARTESIAN_POINT('',(101.2,0.8,16.2));
#8208 = DIRECTION('',(1.,-0.,0.));
#8209 = DIRECTION('',(-0.,-1.,-0.));
#8210 = DEFINITIONAL_REPRESENTATION('',(#8211),#8215);
#8211 = LINE('',#8212,#8213);
#8212 = CARTESIAN_POINT('',(-0.,0.));
#8213 = VECTOR('',#8214,1.);
#8214 = DIRECTION('',(-0.,1.));
#8215 = ( GEOMETRIC_REPRESENTATION_CONTEXT(2) 
PARAMETRIC_REPRESENTATION_CONTEXT() REPRESENTATION_CONTEXT('2D SPACE',''
  ) );
#8216 = ORIENTED_EDGE('',*,*,#8217,.F.);
#8217 = EDGE_CURVE('',#8218,#8183,#8220,.T.);
#8218 = VERTEX_POINT('',#8219);
#8219 = CARTESIAN_POINT('',(105.9,0.,2.2));
#8220 = SURFACE_CURVE('',#8221,(#8225,#8232),.PCURVE_S1.);
#8221 = LINE('',#8222,#8223);
#8222 = CARTESIAN_POINT('',(105.9,0.,-0.5));
#8223 = VECTOR('',#8224,1.);
#8224 = DIRECTION('',(-0.,0.,1.));
#8225 = PCURVE('',#8193,#8226);
#8226 = DEFINITIONAL_REPRESENTATION('',(#8227),#8231);
#8227 = LINE('',#8228,#8229);
#8228 = CARTESIAN_POINT('',(0.5,90.1));
#8229 = VECTOR('',#8230,1.);
#8230 = DIRECTION('',(-1.,-0.));
#8231 = ( GEOMETRIC_REPRESENTATION_CONTEXT(2) 
PARAMETRIC_REPRESENTATION_CONTEXT() REPRESENTATION_CONTEXT('2D SPACE',''
  ) );
#8232 = PCURVE('',#8233,#8238);
#8233 = PLANE('',#8234);
#8234 = AXIS2_PLACEMENT_3D('',#8235,#8236,#8237);
#8235 = CARTESIAN_POINT('',(105.9,-0.1,-1.));
#8236 = DIRECTION('',(-1.,-0.,-0.));
#8237 = DIRECTION('',(0.,0.,-1.));
#8238 = DEFINITIONAL_REPRESENTATION('',(#8239),#8242);
#8239 = B_SPLINE_CURVE_WITH_KNOTS('',1,(#8240,#8241),.UNSPECIFIED.,.F.,
  .F.,(2,2),(1.3,16.7),.PIECEWISE_BEZIER_KNOTS.);
#8240 = CARTESIAN_POINT('',(-1.8,-0.1));
#8241 = CARTESIAN_POINT('',(-17.2,-0.1));
#8242 = ( GEOMETRIC_REPRESENTATION_CONTEXT(2) 
PARAMETRIC_REPRESENTATION_CONTEXT() REPRESENTATION_CONTEXT('2D SPACE',''
  ) );
#8243 = ORIENTED_EDGE('',*,*,#8244,.T.);
#8244 = EDGE_CURVE('',#8218,#8245,#8247,.T.);
#8245 = VERTEX_POINT('',#8246);
#8246 = CARTESIAN_POINT('',(105.8,0.,2.2));
#8247 = SURFACE_CURVE('',#8248,(#8252,#8259),.PCURVE_S1.);
#8248 = LINE('',#8249,#8250);
#8249 = CARTESIAN_POINT('',(120.,0.,2.2));
#8250 = VECTOR('',#8251,1.);
#8251 = DIRECTION('',(-1.,-0.,-0.));
#8252 = PCURVE('',#8193,#8253);
#8253 = DEFINITIONAL_REPRESENTATION('',(#8254),#8258);
#8254 = LINE('',#8255,#8256);
#8255 = CARTESIAN_POINT('',(-2.2,76.));
#8256 = VECTOR('',#8257,1.);
#8257 = DIRECTION('',(-0.,1.));
#8258 = ( GEOMETRIC_REPRESENTATION_CONTEXT(2) 
PARAMETRIC_REPRESENTATION_CONTEXT() REPRESENTATION_CONTEXT('2D SPACE',''
  ) );
#8259 = PCURVE('',#8260,#8265);
#8260 = PLANE('',#8261);
#8261 = AXIS2_PLACEMENT_3D('',#8262,#8263,#8264);
#8262 = CARTESIAN_POINT('',(120.,0.,2.2));
#8263 = DIRECTION('',(-0.,-0.,1.));
#8264 = DIRECTION('',(1.,0.,0.));
#8265 = DEFINITIONAL_REPRESENTATION('',(#8266),#8270);
#8266 = LINE('',#8267,#8268);
#8267 = CARTESIAN_POINT('',(0.,-0.));
#8268 = VECTOR('',#8269,1.);
#8269 = DIRECTION('',(-1.,0.));
#8270 = ( GEOMETRIC_REPRESENTATION_CONTEXT(2) 
PARAMETRIC_REPRESENTATION_CONTEXT() REPRESENTATION_CONTEXT('2D SPACE',''
  ) );
#8271 = ORIENTED_EDGE('',*,*,#8272,.F.);
#8272 = EDGE_CURVE('',#8273,#8245,#8275,.T.);
#8273 = VERTEX_POINT('',#8274);
#8274 = CARTESIAN_POINT('',(105.8,0.,0.));
#8275 = SURFACE_CURVE('',#8276,(#8280,#8287),.PCURVE_S1.);
#8276 = LINE('',#8277,#8278);
#8277 = CARTESIAN_POINT('',(105.8,0.,0.));
#8278 = VECTOR('',#8279,1.);
#8279 = DIRECTION('',(-0.,-0.,1.));
#8280 = PCURVE('',#8193,#8281);
#8281 = DEFINITIONAL_REPRESENTATION('',(#8282),#8286);
#8282 = LINE('',#8283,#8284);
#8283 = CARTESIAN_POINT('',(-0.,90.2));
#8284 = VECTOR('',#8285,1.);
#8285 = DIRECTION('',(-1.,0.));
#8286 = ( GEOMETRIC_REPRESENTATION_CONTEXT(2) 
PARAMETRIC_REPRESENTATION_CONTEXT() REPRESENTATION_CONTEXT('2D SPACE',''
  ) );
#8287 = PCURVE('',#8288,#8293);
#8288 = PLANE('',#8289);
#8289 = AXIS2_PLACEMENT_3D('',#8290,#8291,#8292);
#8290 = CARTESIAN_POINT('',(105.8,0.,0.));
#8291 = DIRECTION('',(-1.,-0.,-0.));
#8292 = DIRECTION('',(0.,0.,-1.));
#8293 = DEFINITIONAL_REPRESENTATION('',(#8294),#8298);
#8294 = LINE('',#8295,#8296);
#8295 = CARTESIAN_POINT('',(-0.,-0.));
#8296 = VECTOR('',#8297,1.);
#8297 = DIRECTION('',(-1.,-0.));
#8298 = ( GEOMETRIC_REPRESENTATION_CONTEXT(2) 
PARAMETRIC_REPRESENTATION_CONTEXT() REPRESENTATION_CONTEXT('2D SPACE',''
  ) );
#8299 = ORIENTED_EDGE('',*,*,#8300,.F.);
#8300 = EDGE_CURVE('',#8301,#8273,#8303,.T.);
#8301 = VERTEX_POINT('',#8302);
#8302 = CARTESIAN_POINT('',(120.,0.,0.));
#8303 = SURFACE_CURVE('',#8304,(#8308,#8315),.PCURVE_S1.);
#8304 = LINE('',#8305,#8306);
#8305 = CARTESIAN_POINT('',(120.,0.,0.));
#8306 = VECTOR('',#8307,1.);
#8307 = DIRECTION('',(-1.,-0.,-0.));
#8308 = PCURVE('',#8193,#8309);
#8309 = DEFINITIONAL_REPRESENTATION('',(#8310),#8314);
#8310 = LINE('',#8311,#8312);
#8311 = CARTESIAN_POINT('',(-0.,76.));
#8312 = VECTOR('',#8313,1.);
#8313 = DIRECTION('',(-0.,1.));
#8314 = ( GEOMETRIC_REPRESENTATION_CONTEXT(2) 
PARAMETRIC_REPRESENTATION_CONTEXT() REPRESENTATION_CONTEXT('2D SPACE',''
  ) );
#8315 = PCURVE('',#8316,#8321);
#8316 = PLANE('',#8317);
#8317 = AXIS2_PLACEMENT_3D('',#8318,#8319,#8320);
#8318 = CARTESIAN_POINT('',(120.,0.,0.));
#8319 = DIRECTION('',(-0.,-0.,1.));
#8320 = DIRECTION('',(1.,0.,0.));
#8321 = DEFINITIONAL_REPRESENTATION('',(#8322),#8326);
#8322 = LINE('',#8323,#8324);
#8323 = CARTESIAN_POINT('',(0.,-0.));
#8324 = VECTOR('',#8325,1.);
#8325 = DIRECTION('',(-1.,0.));
#8326 = ( GEOMETRIC_REPRESENTATION_CONTEXT(2) 
PARAMETRIC_REPRESENTATION_CONTEXT() REPRESENTATION_CONTEXT('2D SPACE',''
  ) );
#8327 = ORIENTED_EDGE('',*,*,#8328,.T.);
#8328 = EDGE_CURVE('',#8301,#8185,#8329,.T.);
#8329 = SURFACE_CURVE('',#8330,(#8334,#8341),.PCURVE_S1.);
#8330 = LINE('',#8331,#8332);
#8331 = CARTESIAN_POINT('',(120.,0.,0.));
#8332 = VECTOR('',#8333,1.);
#8333 = DIRECTION('',(0.,-3.426614273534E-18,1.));
#8334 = PCURVE('',#8193,#8335);
#8335 = DEFINITIONAL_REPRESENTATION('',(#8336),#8340);
#8336 = LINE('',#8337,#8338);
#8337 = CARTESIAN_POINT('',(-0.,76.));
#8338 = VECTOR('',#8339,1.);
#8339 = DIRECTION('',(-1.,-0.));
#8340 = ( GEOMETRIC_REPRESENTATION_CONTEXT(2) 
PARAMETRIC_REPRESENTATION_CONTEXT() REPRESENTATION_CONTEXT('2D SPACE',''
  ) );
#8341 = PCURVE('',#8342,#8347);
#8342 = PLANE('',#8343);
#8343 = AXIS2_PLACEMENT_3D('',#8344,#8345,#8346);
#8344 = CARTESIAN_POINT('',(120.,0.,-0.1));
#8345 = DIRECTION('',(1.,0.,-0.));
#8346 = DIRECTION('',(0.,0.,1.));
#8347 = DEFINITIONAL_REPRESENTATION('',(#8348),#8352);
#8348 = LINE('',#8349,#8350);
#8349 = CARTESIAN_POINT('',(0.1,0.));
#8350 = VECTOR('',#8351,1.);
#8351 = DIRECTION('',(1.,3.426614273534E-18));
#8352 = ( GEOMETRIC_REPRESENTATION_CONTEXT(2) 
PARAMETRIC_REPRESENTATION_CONTEXT() REPRESENTATION_CONTEXT('2D SPACE',''
  ) );
#8353 = ADVANCED_FACE('',(#8354),#8205,.T.);
#8354 = FACE_BOUND('',#8355,.F.);
#8355 = EDGE_LOOP('',(#8356,#8357,#8385,#8411,#8454,#8482));
#8356 = ORIENTED_EDGE('',*,*,#8182,.F.);
#8357 = ORIENTED_EDGE('',*,*,#8358,.F.);
#8358 = EDGE_CURVE('',#8359,#8183,#8361,.T.);
#8359 = VERTEX_POINT('',#8360);
#8360 = CARTESIAN_POINT('',(105.9,0.15,16.666368952654));
#8361 = SURFACE_CURVE('',#8362,(#8367,#8374),.PCURVE_S1.);
#8362 = CIRCLE('',#8363,0.8);
#8363 = AXIS2_PLACEMENT_3D('',#8364,#8365,#8366);
#8364 = CARTESIAN_POINT('',(105.9,0.8,16.2));
#8365 = DIRECTION('',(1.,0.,0.));
#8366 = DIRECTION('',(-0.,-1.,0.));
#8367 = PCURVE('',#8205,#8368);
#8368 = DEFINITIONAL_REPRESENTATION('',(#8369),#8373);
#8369 = LINE('',#8370,#8371);
#8370 = CARTESIAN_POINT('',(-6.28318530718,4.7));
#8371 = VECTOR('',#8372,1.);
#8372 = DIRECTION('',(1.,-0.));
#8373 = ( GEOMETRIC_REPRESENTATION_CONTEXT(2) 
PARAMETRIC_REPRESENTATION_CONTEXT() REPRESENTATION_CONTEXT('2D SPACE',''
  ) );
#8374 = PCURVE('',#8233,#8375);
#8375 = DEFINITIONAL_REPRESENTATION('',(#8376),#8384);
#8376 = ( BOUNDED_CURVE() B_SPLINE_CURVE(2,(#8377,#8378,#8379,#8380,
#8381,#8382,#8383),.UNSPECIFIED.,.T.,.F.) B_SPLINE_CURVE_WITH_KNOTS((1,2
    ,2,2,2,1),(-2.094395102393,0.,2.094395102393,4.188790204786,
6.28318530718,8.377580409573),.UNSPECIFIED.) CURVE() 
GEOMETRIC_REPRESENTATION_ITEM() RATIONAL_B_SPLINE_CURVE((1.,0.5,1.,0.5,
1.,0.5,1.)) REPRESENTATION_ITEM('') );
#8377 = CARTESIAN_POINT('',(-17.2,-1.E-01));
#8378 = CARTESIAN_POINT('',(-15.81435935394,-1.E-01));
#8379 = CARTESIAN_POINT('',(-16.50717967697,-1.3));
#8380 = CARTESIAN_POINT('',(-17.2,-2.5));
#8381 = CARTESIAN_POINT('',(-17.89282032302,-1.3));
#8382 = CARTESIAN_POINT('',(-18.58564064605,-0.1));
#8383 = CARTESIAN_POINT('',(-17.2,-1.E-01));
#8384 = ( GEOMETRIC_REPRESENTATION_CONTEXT(2) 
PARAMETRIC_REPRESENTATION_CONTEXT() REPRESENTATION_CONTEXT('2D SPACE',''
  ) );
#8385 = ORIENTED_EDGE('',*,*,#8386,.T.);
#8386 = EDGE_CURVE('',#8359,#8387,#8389,.T.);
#8387 = VERTEX_POINT('',#8388);
#8388 = CARTESIAN_POINT('',(117.67422813076,0.15,16.666368952654));
#8389 = SURFACE_CURVE('',#8390,(#8394,#8400),.PCURVE_S1.);
#8390 = LINE('',#8391,#8392);
#8391 = CARTESIAN_POINT('',(101.2,0.15,16.666368952654));
#8392 = VECTOR('',#8393,1.);
#8393 = DIRECTION('',(1.,-0.,0.));
#8394 = PCURVE('',#8205,#8395);
#8395 = DEFINITIONAL_REPRESENTATION('',(#8396),#8399);
#8396 = B_SPLINE_CURVE_WITH_KNOTS('',1,(#8397,#8398),.UNSPECIFIED.,.F.,
  .F.,(2,2),(4.6999994,18.8000006),.PIECEWISE_BEZIER_KNOTS.);
#8397 = CARTESIAN_POINT('',(-0.622368488555,4.6999994));
#8398 = CARTESIAN_POINT('',(-0.622368488555,18.8000006));
#8399 = ( GEOMETRIC_REPRESENTATION_CONTEXT(2) 
PARAMETRIC_REPRESENTATION_CONTEXT() REPRESENTATION_CONTEXT('2D SPACE',''
  ) );
#8400 = PCURVE('',#8401,#8406);
#8401 = PLANE('',#8402);
#8402 = AXIS2_PLACEMENT_3D('',#8403,#8404,#8405);
#8403 = CARTESIAN_POINT('',(98.,0.15,17.5));
#8404 = DIRECTION('',(0.,1.,0.));
#8405 = DIRECTION('',(0.,-0.,1.));
#8406 = DEFINITIONAL_REPRESENTATION('',(#8407),#8410);
#8407 = B_SPLINE_CURVE_WITH_KNOTS('',1,(#8408,#8409),.UNSPECIFIED.,.F.,
  .F.,(2,2),(4.6999994,18.8000006),.PIECEWISE_BEZIER_KNOTS.);
#8408 = CARTESIAN_POINT('',(-0.833631047346,7.8999994));
#8409 = CARTESIAN_POINT('',(-0.833631047346,22.0000006));
#8410 = ( GEOMETRIC_REPRESENTATION_CONTEXT(2) 
PARAMETRIC_REPRESENTATION_CONTEXT() REPRESENTATION_CONTEXT('2D SPACE',''
  ) );
#8411 = ORIENTED_EDGE('',*,*,#8412,.T.);
#8412 = EDGE_CURVE('',#8387,#8413,#8415,.T.);
#8413 = VERTEX_POINT('',#8414);
#8414 = CARTESIAN_POINT('',(117.68553258777,0.8,17.));
#8415 = SURFACE_CURVE('',#8416,(#8425,#8437),.PCURVE_S1.);
#8416 = B_SPLINE_CURVE_WITH_KNOTS('',7,(#8417,#8418,#8419,#8420,#8421,
    #8422,#8423,#8424),.UNSPECIFIED.,.F.,.F.,(8,8),(0.,1.),
  .PIECEWISE_BEZIER_KNOTS.);
#8417 = CARTESIAN_POINT('',(117.67422809533,0.1499994,16.666368116406));
#8418 = CARTESIAN_POINT('',(117.67822279407,0.217642345953,
    16.760645477804));
#8419 = CARTESIAN_POINT('',(117.68106823288,0.298931622762,
    16.840261633321));
#8420 = CARTESIAN_POINT('',(117.68301999595,0.390213123908,
    16.904256499711));
#8421 = CARTESIAN_POINT('',(117.68431995587,0.488494314411,
    16.95225365605));
#8422 = CARTESIAN_POINT('',(117.68512970418,0.591124284657,
    16.984138948957));
#8423 = CARTESIAN_POINT('',(117.68553258777,0.695711252384,17.));
#8424 = CARTESIAN_POINT('',(117.68553258777,0.8,17.));
#8425 = PCURVE('',#8205,#8426);
#8426 = DEFINITIONAL_REPRESENTATION('',(#8427),#8436);
#8427 = B_SPLINE_CURVE_WITH_KNOTS('',7,(#8428,#8429,#8430,#8431,#8432,
    #8433,#8434,#8435),.UNSPECIFIED.,.F.,.F.,(8,8),(0.,1.),
  .PIECEWISE_BEZIER_KNOTS.);
#8428 = CARTESIAN_POINT('',(-0.622367202019,16.47422809533));
#8429 = CARTESIAN_POINT('',(-0.767409162593,16.478222794079));
#8430 = CARTESIAN_POINT('',(-0.907505385034,16.481068232889));
#8431 = CARTESIAN_POINT('',(-1.043997881889,16.483019995957));
#8432 = CARTESIAN_POINT('',(-1.177794681839,16.484319955871));
#8433 = CARTESIAN_POINT('',(-1.309701986793,16.485129704185));
#8434 = CARTESIAN_POINT('',(-1.440435392275,16.485532587776));
#8435 = CARTESIAN_POINT('',(-1.570796326795,16.485532587776));
#8436 = ( GEOMETRIC_REPRESENTATION_CONTEXT(2) 
PARAMETRIC_REPRESENTATION_CONTEXT() REPRESENTATION_CONTEXT('2D SPACE',''
  ) );
#8437 = PCURVE('',#8438,#8443);
#8438 = CYLINDRICAL_SURFACE('',#8439,19.691881404894);
#8439 = AXIS2_PLACEMENT_3D('',#8440,#8441,#8442);
#8440 = CARTESIAN_POINT('',(98.,0.15,17.5));
#8441 = DIRECTION('',(0.,1.,0.));
#8442 = DIRECTION('',(0.,-0.,1.));
#8443 = DEFINITIONAL_REPRESENTATION('',(#8444),#8453);
#8444 = B_SPLINE_CURVE_WITH_KNOTS('',7,(#8445,#8446,#8447,#8448,#8449,
    #8450,#8451,#8452),.UNSPECIFIED.,.F.,.F.,(8,8),(0.,1.),
  .PIECEWISE_BEZIER_KNOTS.);
#8445 = CARTESIAN_POINT('',(1.613142767254,-6.E-07));
#8446 = CARTESIAN_POINT('',(1.60835084551,6.764234595255E-02));
#8447 = CARTESIAN_POINT('',(1.604305257692,0.148931622762));
#8448 = CARTESIAN_POINT('',(1.601053984565,0.240213123908));
#8449 = CARTESIAN_POINT('',(1.598615683118,0.338494314411));
#8450 = CARTESIAN_POINT('',(1.596995952004,0.441124284657));
#8451 = CARTESIAN_POINT('',(1.596190230571,0.545711252384));
#8452 = CARTESIAN_POINT('',(1.596190230571,0.65));
#8453 = ( GEOMETRIC_REPRESENTATION_CONTEXT(2) 
PARAMETRIC_REPRESENTATION_CONTEXT() REPRESENTATION_CONTEXT('2D SPACE',''
  ) );
#8454 = ORIENTED_EDGE('',*,*,#8455,.T.);
#8455 = EDGE_CURVE('',#8413,#8456,#8458,.T.);
#8456 = VERTEX_POINT('',#8457);
#8457 = CARTESIAN_POINT('',(120.,0.8,17.));
#8458 = SURFACE_CURVE('',#8459,(#8463,#8470),.PCURVE_S1.);
#8459 = LINE('',#8460,#8461);
#8460 = CARTESIAN_POINT('',(101.2,0.8,17.));
#8461 = VECTOR('',#8462,1.);
#8462 = DIRECTION('',(1.,-0.,0.));
#8463 = PCURVE('',#8205,#8464);
#8464 = DEFINITIONAL_REPRESENTATION('',(#8465),#8469);
#8465 = LINE('',#8466,#8467);
#8466 = CARTESIAN_POINT('',(-1.570796326795,0.));
#8467 = VECTOR('',#8468,1.);
#8468 = DIRECTION('',(-0.,1.));
#8469 = ( GEOMETRIC_REPRESENTATION_CONTEXT(2) 
PARAMETRIC_REPRESENTATION_CONTEXT() REPRESENTATION_CONTEXT('2D SPACE',''
  ) );
#8470 = PCURVE('',#8471,#8476);
#8471 = PLANE('',#8472);
#8472 = AXIS2_PLACEMENT_3D('',#8473,#8474,#8475);
#8473 = CARTESIAN_POINT('',(196.,0.,17.));
#8474 = DIRECTION('',(-0.,-0.,1.));
#8475 = DIRECTION('',(1.,0.,0.));
#8476 = DEFINITIONAL_REPRESENTATION('',(#8477),#8481);
#8477 = LINE('',#8478,#8479);
#8478 = CARTESIAN_POINT('',(-94.8,0.8));
#8479 = VECTOR('',#8480,1.);
#8480 = DIRECTION('',(1.,-0.));
#8481 = ( GEOMETRIC_REPRESENTATION_CONTEXT(2) 
PARAMETRIC_REPRESENTATION_CONTEXT() REPRESENTATION_CONTEXT('2D SPACE',''
  ) );
#8482 = ORIENTED_EDGE('',*,*,#8483,.T.);
#8483 = EDGE_CURVE('',#8456,#8185,#8484,.T.);
#8484 = SURFACE_CURVE('',#8485,(#8490,#8497),.PCURVE_S1.);
#8485 = CIRCLE('',#8486,0.8);
#8486 = AXIS2_PLACEMENT_3D('',#8487,#8488,#8489);
#8487 = CARTESIAN_POINT('',(120.,0.8,16.2));
#8488 = DIRECTION('',(1.,0.,0.));
#8489 = DIRECTION('',(-0.,-1.,0.));
#8490 = PCURVE('',#8205,#8491);
#8491 = DEFINITIONAL_REPRESENTATION('',(#8492),#8496);
#8492 = LINE('',#8493,#8494);
#8493 = CARTESIAN_POINT('',(-6.28318530718,18.8));
#8494 = VECTOR('',#8495,1.);
#8495 = DIRECTION('',(1.,-0.));
#8496 = ( GEOMETRIC_REPRESENTATION_CONTEXT(2) 
PARAMETRIC_REPRESENTATION_CONTEXT() REPRESENTATION_CONTEXT('2D SPACE',''
  ) );
#8497 = PCURVE('',#8342,#8498);
#8498 = DEFINITIONAL_REPRESENTATION('',(#8499),#8503);
#8499 = CIRCLE('',#8500,0.8);
#8500 = AXIS2_PLACEMENT_2D('',#8501,#8502);
#8501 = CARTESIAN_POINT('',(16.3,-0.8));
#8502 = DIRECTION('',(0.,1.));
#8503 = ( GEOMETRIC_REPRESENTATION_CONTEXT(2) 
PARAMETRIC_REPRESENTATION_CONTEXT() REPRESENTATION_CONTEXT('2D SPACE',''
  ) );
#8504 = ADVANCED_FACE('',(#8505),#8233,.T.);
#8505 = FACE_BOUND('',#8506,.F.);
#8506 = EDGE_LOOP('',(#8507,#8508,#8530,#8549));
#8507 = ORIENTED_EDGE('',*,*,#8217,.F.);
#8508 = ORIENTED_EDGE('',*,*,#8509,.T.);
#8509 = EDGE_CURVE('',#8218,#8510,#8512,.T.);
#8510 = VERTEX_POINT('',#8511);
#8511 = CARTESIAN_POINT('',(105.9,0.15,2.2));
#8512 = SURFACE_CURVE('',#8513,(#8517,#8523),.PCURVE_S1.);
#8513 = LINE('',#8514,#8515);
#8514 = CARTESIAN_POINT('',(105.9,-5.E-02,2.2));
#8515 = VECTOR('',#8516,1.);
#8516 = DIRECTION('',(-0.,1.,0.));
#8517 = PCURVE('',#8233,#8518);
#8518 = DEFINITIONAL_REPRESENTATION('',(#8519),#8522);
#8519 = B_SPLINE_CURVE_WITH_KNOTS('',1,(#8520,#8521),.UNSPECIFIED.,.F.,
  .F.,(2,2),(5.E-02,4.8),.PIECEWISE_BEZIER_KNOTS.);
#8520 = CARTESIAN_POINT('',(-3.2,-0.1));
#8521 = CARTESIAN_POINT('',(-3.2,-4.85));
#8522 = ( GEOMETRIC_REPRESENTATION_CONTEXT(2) 
PARAMETRIC_REPRESENTATION_CONTEXT() REPRESENTATION_CONTEXT('2D SPACE',''
  ) );
#8523 = PCURVE('',#8260,#8524);
#8524 = DEFINITIONAL_REPRESENTATION('',(#8525),#8529);
#8525 = LINE('',#8526,#8527);
#8526 = CARTESIAN_POINT('',(-14.1,-5.E-02));
#8527 = VECTOR('',#8528,1.);
#8528 = DIRECTION('',(0.,1.));
#8529 = ( GEOMETRIC_REPRESENTATION_CONTEXT(2) 
PARAMETRIC_REPRESENTATION_CONTEXT() REPRESENTATION_CONTEXT('2D SPACE',''
  ) );
#8530 = ORIENTED_EDGE('',*,*,#8531,.T.);
#8531 = EDGE_CURVE('',#8510,#8359,#8532,.T.);
#8532 = SURFACE_CURVE('',#8533,(#8537,#8543),.PCURVE_S1.);
#8533 = LINE('',#8534,#8535);
#8534 = CARTESIAN_POINT('',(105.9,0.15,8.25));
#8535 = VECTOR('',#8536,1.);
#8536 = DIRECTION('',(0.,0.,1.));
#8537 = PCURVE('',#8233,#8538);
#8538 = DEFINITIONAL_REPRESENTATION('',(#8539),#8542);
#8539 = B_SPLINE_CURVE_WITH_KNOTS('',1,(#8540,#8541),.UNSPECIFIED.,.F.,
  .F.,(2,2),(-6.05,9.25),.PIECEWISE_BEZIER_KNOTS.);
#8540 = CARTESIAN_POINT('',(-3.2,-0.25));
#8541 = CARTESIAN_POINT('',(-18.5,-0.25));
#8542 = ( GEOMETRIC_REPRESENTATION_CONTEXT(2) 
PARAMETRIC_REPRESENTATION_CONTEXT() REPRESENTATION_CONTEXT('2D SPACE',''
  ) );
#8543 = PCURVE('',#8401,#8544);
#8544 = DEFINITIONAL_REPRESENTATION('',(#8545),#8548);
#8545 = B_SPLINE_CURVE_WITH_KNOTS('',1,(#8546,#8547),.UNSPECIFIED.,.F.,
  .F.,(2,2),(-6.05,9.25),.PIECEWISE_BEZIER_KNOTS.);
#8546 = CARTESIAN_POINT('',(-15.3,7.9));
#8547 = CARTESIAN_POINT('',(0.,7.9));
#8548 = ( GEOMETRIC_REPRESENTATION_CONTEXT(2) 
PARAMETRIC_REPRESENTATION_CONTEXT() REPRESENTATION_CONTEXT('2D SPACE',''
  ) );
#8549 = ORIENTED_EDGE('',*,*,#8358,.T.);
#8550 = ADVANCED_FACE('',(#8551),#8260,.T.);
#8551 = FACE_BOUND('',#8552,.F.);
#8552 = EDGE_LOOP('',(#8553,#8554,#8555,#8578));
#8553 = ORIENTED_EDGE('',*,*,#8509,.F.);
#8554 = ORIENTED_EDGE('',*,*,#8244,.T.);
#8555 = ORIENTED_EDGE('',*,*,#8556,.T.);
#8556 = EDGE_CURVE('',#8245,#8557,#8559,.T.);
#8557 = VERTEX_POINT('',#8558);
#8558 = CARTESIAN_POINT('',(105.8,0.15,2.2));
#8559 = SURFACE_CURVE('',#8560,(#8564,#8571),.PCURVE_S1.);
#8560 = LINE('',#8561,#8562);
#8561 = CARTESIAN_POINT('',(105.8,0.,2.2));
#8562 = VECTOR('',#8563,1.);
#8563 = DIRECTION('',(-0.,1.,-0.));
#8564 = PCURVE('',#8260,#8565);
#8565 = DEFINITIONAL_REPRESENTATION('',(#8566),#8570);
#8566 = LINE('',#8567,#8568);
#8567 = CARTESIAN_POINT('',(-14.2,0.));
#8568 = VECTOR('',#8569,1.);
#8569 = DIRECTION('',(-0.,1.));
#8570 = ( GEOMETRIC_REPRESENTATION_CONTEXT(2) 
PARAMETRIC_REPRESENTATION_CONTEXT() REPRESENTATION_CONTEXT('2D SPACE',''
  ) );
#8571 = PCURVE('',#8288,#8572);
#8572 = DEFINITIONAL_REPRESENTATION('',(#8573),#8577);
#8573 = LINE('',#8574,#8575);
#8574 = CARTESIAN_POINT('',(-2.2,-0.));
#8575 = VECTOR('',#8576,1.);
#8576 = DIRECTION('',(-0.,-1.));
#8577 = ( GEOMETRIC_REPRESENTATION_CONTEXT(2) 
PARAMETRIC_REPRESENTATION_CONTEXT() REPRESENTATION_CONTEXT('2D SPACE',''
  ) );
#8578 = ORIENTED_EDGE('',*,*,#8579,.T.);
#8579 = EDGE_CURVE('',#8557,#8510,#8580,.T.);
#8580 = SURFACE_CURVE('',#8581,(#8585,#8591),.PCURVE_S1.);
#8581 = LINE('',#8582,#8583);
#8582 = CARTESIAN_POINT('',(109.,0.15,2.2));
#8583 = VECTOR('',#8584,1.);
#8584 = DIRECTION('',(1.,-0.,0.));
#8585 = PCURVE('',#8260,#8586);
#8586 = DEFINITIONAL_REPRESENTATION('',(#8587),#8590);
#8587 = B_SPLINE_CURVE_WITH_KNOTS('',1,(#8588,#8589),.UNSPECIFIED.,.F.,
  .F.,(2,2),(-3.2,-3.1),.PIECEWISE_BEZIER_KNOTS.);
#8588 = CARTESIAN_POINT('',(-14.2,0.15));
#8589 = CARTESIAN_POINT('',(-14.1,0.15));
#8590 = ( GEOMETRIC_REPRESENTATION_CONTEXT(2) 
PARAMETRIC_REPRESENTATION_CONTEXT() REPRESENTATION_CONTEXT('2D SPACE',''
  ) );
#8591 = PCURVE('',#8401,#8592);
#8592 = DEFINITIONAL_REPRESENTATION('',(#8593),#8596);
#8593 = B_SPLINE_CURVE_WITH_KNOTS('',1,(#8594,#8595),.UNSPECIFIED.,.F.,
  .F.,(2,2),(-3.2,-3.1),.PIECEWISE_BEZIER_KNOTS.);
#8594 = CARTESIAN_POINT('',(-15.3,7.8));
#8595 = CARTESIAN_POINT('',(-15.3,7.9));
#8596 = ( GEOMETRIC_REPRESENTATION_CONTEXT(2) 
PARAMETRIC_REPRESENTATION_CONTEXT() REPRESENTATION_CONTEXT('2D SPACE',''
  ) );
#8597 = ADVANCED_FACE('',(#8598),#8288,.T.);
#8598 = FACE_BOUND('',#8599,.F.);
#8599 = EDGE_LOOP('',(#8600,#8601,#8602,#8625));
#8600 = ORIENTED_EDGE('',*,*,#8556,.F.);
#8601 = ORIENTED_EDGE('',*,*,#8272,.F.);
#8602 = ORIENTED_EDGE('',*,*,#8603,.T.);
#8603 = EDGE_CURVE('',#8273,#8604,#8606,.T.);
#8604 = VERTEX_POINT('',#8605);
#8605 = CARTESIAN_POINT('',(105.8,0.15,0.));
#8606 = SURFACE_CURVE('',#8607,(#8611,#8618),.PCURVE_S1.);
#8607 = LINE('',#8608,#8609);
#8608 = CARTESIAN_POINT('',(105.8,0.,0.));
#8609 = VECTOR('',#8610,1.);
#8610 = DIRECTION('',(-0.,1.,-0.));
#8611 = PCURVE('',#8288,#8612);
#8612 = DEFINITIONAL_REPRESENTATION('',(#8613),#8617);
#8613 = LINE('',#8614,#8615);
#8614 = CARTESIAN_POINT('',(-0.,-0.));
#8615 = VECTOR('',#8616,1.);
#8616 = DIRECTION('',(-0.,-1.));
#8617 = ( GEOMETRIC_REPRESENTATION_CONTEXT(2) 
PARAMETRIC_REPRESENTATION_CONTEXT() REPRESENTATION_CONTEXT('2D SPACE',''
  ) );
#8618 = PCURVE('',#8316,#8619);
#8619 = DEFINITIONAL_REPRESENTATION('',(#8620),#8624);
#8620 = LINE('',#8621,#8622);
#8621 = CARTESIAN_POINT('',(-14.2,0.));
#8622 = VECTOR('',#8623,1.);
#8623 = DIRECTION('',(-0.,1.));
#8624 = ( GEOMETRIC_REPRESENTATION_CONTEXT(2) 
PARAMETRIC_REPRESENTATION_CONTEXT() REPRESENTATION_CONTEXT('2D SPACE',''
  ) );
#8625 = ORIENTED_EDGE('',*,*,#8626,.T.);
#8626 = EDGE_CURVE('',#8604,#8557,#8627,.T.);
#8627 = SURFACE_CURVE('',#8628,(#8632,#8638),.PCURVE_S1.);
#8628 = LINE('',#8629,#8630);
#8629 = CARTESIAN_POINT('',(105.8,0.15,8.75));
#8630 = VECTOR('',#8631,1.);
#8631 = DIRECTION('',(0.,0.,1.));
#8632 = PCURVE('',#8288,#8633);
#8633 = DEFINITIONAL_REPRESENTATION('',(#8634),#8637);
#8634 = B_SPLINE_CURVE_WITH_KNOTS('',1,(#8635,#8636),.UNSPECIFIED.,.F.,
  .F.,(2,2),(-8.75,-6.55),.PIECEWISE_BEZIER_KNOTS.);
#8635 = CARTESIAN_POINT('',(0.,-0.15));
#8636 = CARTESIAN_POINT('',(-2.2,-0.15));
#8637 = ( GEOMETRIC_REPRESENTATION_CONTEXT(2) 
PARAMETRIC_REPRESENTATION_CONTEXT() REPRESENTATION_CONTEXT('2D SPACE',''
  ) );
#8638 = PCURVE('',#8401,#8639);
#8639 = DEFINITIONAL_REPRESENTATION('',(#8640),#8643);
#8640 = B_SPLINE_CURVE_WITH_KNOTS('',1,(#8641,#8642),.UNSPECIFIED.,.F.,
  .F.,(2,2),(-8.75,-6.55),.PIECEWISE_BEZIER_KNOTS.);
#8641 = CARTESIAN_POINT('',(-17.5,7.8));
#8642 = CARTESIAN_POINT('',(-15.3,7.8));
#8643 = ( GEOMETRIC_REPRESENTATION_CONTEXT(2) 
PARAMETRIC_REPRESENTATION_CONTEXT() REPRESENTATION_CONTEXT('2D SPACE',''
  ) );
#8644 = ADVANCED_FACE('',(#8645),#8316,.F.);
#8645 = FACE_BOUND('',#8646,.T.);
#8646 = EDGE_LOOP('',(#8647,#8670,#8671,#8672,#8693,#8714,#8740,#8768,
    #8796,#8824,#8852,#8880,#8906,#8932,#8958,#8986));
#8647 = ORIENTED_EDGE('',*,*,#8648,.F.);
#8648 = EDGE_CURVE('',#8301,#8649,#8651,.T.);
#8649 = VERTEX_POINT('',#8650);
#8650 = CARTESIAN_POINT('',(120.,26.,0.));
#8651 = SURFACE_CURVE('',#8652,(#8656,#8663),.PCURVE_S1.);
#8652 = LINE('',#8653,#8654);
#8653 = CARTESIAN_POINT('',(120.,0.,0.));
#8654 = VECTOR('',#8655,1.);
#8655 = DIRECTION('',(0.,1.,0.));
#8656 = PCURVE('',#8316,#8657);
#8657 = DEFINITIONAL_REPRESENTATION('',(#8658),#8662);
#8658 = LINE('',#8659,#8660);
#8659 = CARTESIAN_POINT('',(0.,-0.));
#8660 = VECTOR('',#8661,1.);
#8661 = DIRECTION('',(0.,1.));
#8662 = ( GEOMETRIC_REPRESENTATION_CONTEXT(2) 
PARAMETRIC_REPRESENTATION_CONTEXT() REPRESENTATION_CONTEXT('2D SPACE',''
  ) );
#8663 = PCURVE('',#8342,#8664);
#8664 = DEFINITIONAL_REPRESENTATION('',(#8665),#8669);
#8665 = LINE('',#8666,#8667);
#8666 = CARTESIAN_POINT('',(0.1,0.));
#8667 = VECTOR('',#8668,1.);
#8668 = DIRECTION('',(0.,-1.));
#8669 = ( GEOMETRIC_REPRESENTATION_CONTEXT(2) 
PARAMETRIC_REPRESENTATION_CONTEXT() REPRESENTATION_CONTEXT('2D SPACE',''
  ) );
#8670 = ORIENTED_EDGE('',*,*,#8300,.T.);
#8671 = ORIENTED_EDGE('',*,*,#8603,.T.);
#8672 = ORIENTED_EDGE('',*,*,#8673,.T.);
#8673 = EDGE_CURVE('',#8604,#8674,#8676,.T.);
#8674 = VERTEX_POINT('',#8675);
#8675 = CARTESIAN_POINT('',(107.02885337484,0.15,3.552713678801E-15));
#8676 = SURFACE_CURVE('',#8677,(#8681,#8687),.PCURVE_S1.);
#8677 = LINE('',#8678,#8679);
#8678 = CARTESIAN_POINT('',(109.,0.15,0.));
#8679 = VECTOR('',#8680,1.);
#8680 = DIRECTION('',(1.,-0.,0.));
#8681 = PCURVE('',#8316,#8682);
#8682 = DEFINITIONAL_REPRESENTATION('',(#8683),#8686);
#8683 = B_SPLINE_CURVE_WITH_KNOTS('',1,(#8684,#8685),.UNSPECIFIED.,.F.,
  .F.,(2,2),(-11.,8.691881404894),.PIECEWISE_BEZIER_KNOTS.);
#8684 = CARTESIAN_POINT('',(-22.,0.15));
#8685 = CARTESIAN_POINT('',(-2.308118595106,0.15));
#8686 = ( GEOMETRIC_REPRESENTATION_CONTEXT(2) 
PARAMETRIC_REPRESENTATION_CONTEXT() REPRESENTATION_CONTEXT('2D SPACE',''
  ) );
#8687 = PCURVE('',#8401,#8688);
#8688 = DEFINITIONAL_REPRESENTATION('',(#8689),#8692);
#8689 = B_SPLINE_CURVE_WITH_KNOTS('',1,(#8690,#8691),.UNSPECIFIED.,.F.,
  .F.,(2,2),(-11.,8.691881404894),.PIECEWISE_BEZIER_KNOTS.);
#8690 = CARTESIAN_POINT('',(-17.5,0.));
#8691 = CARTESIAN_POINT('',(-17.5,19.691881404894));
#8692 = ( GEOMETRIC_REPRESENTATION_CONTEXT(2) 
PARAMETRIC_REPRESENTATION_CONTEXT() REPRESENTATION_CONTEXT('2D SPACE',''
  ) );
#8693 = ORIENTED_EDGE('',*,*,#8694,.T.);
#8694 = EDGE_CURVE('',#8674,#8695,#8697,.T.);
#8695 = VERTEX_POINT('',#8696);
#8696 = CARTESIAN_POINT('',(107.02885337484,2.95,3.552713678801E-15));
#8697 = SURFACE_CURVE('',#8698,(#8702,#8708),.PCURVE_S1.);
#8698 = LINE('',#8699,#8700);
#8699 = CARTESIAN_POINT('',(107.02885337484,0.15,0.));
#8700 = VECTOR('',#8701,1.);
#8701 = DIRECTION('',(0.,1.,0.));
#8702 = PCURVE('',#8316,#8703);
#8703 = DEFINITIONAL_REPRESENTATION('',(#8704),#8707);
#8704 = B_SPLINE_CURVE_WITH_KNOTS('',1,(#8705,#8706),.UNSPECIFIED.,.F.,
  .F.,(2,2),(-5.999999999895E-07,2.8000006),.PIECEWISE_BEZIER_KNOTS.);
#8705 = CARTESIAN_POINT('',(-12.97114662515,0.1499994));
#8706 = CARTESIAN_POINT('',(-12.97114662515,2.9500006));
#8707 = ( GEOMETRIC_REPRESENTATION_CONTEXT(2) 
PARAMETRIC_REPRESENTATION_CONTEXT() REPRESENTATION_CONTEXT('2D SPACE',''
  ) );
#8708 = PCURVE('',#8438,#8709);
#8709 = DEFINITIONAL_REPRESENTATION('',(#8710),#8713);
#8710 = B_SPLINE_CURVE_WITH_KNOTS('',1,(#8711,#8712),.UNSPECIFIED.,.F.,
  .F.,(2,2),(-5.999999999895E-07,2.8000006),.PIECEWISE_BEZIER_KNOTS.);
#8711 = CARTESIAN_POINT('',(2.665278874976,-5.999999999895E-07));
#8712 = CARTESIAN_POINT('',(2.665278874976,2.8000006));
#8713 = ( GEOMETRIC_REPRESENTATION_CONTEXT(2) 
PARAMETRIC_REPRESENTATION_CONTEXT() REPRESENTATION_CONTEXT('2D SPACE',''
  ) );
#8714 = ORIENTED_EDGE('',*,*,#8715,.F.);
#8715 = EDGE_CURVE('',#8716,#8695,#8718,.T.);
#8716 = VERTEX_POINT('',#8717);
#8717 = CARTESIAN_POINT('',(105.8,2.95,0.));
#8718 = SURFACE_CURVE('',#8719,(#8723,#8729),.PCURVE_S1.);
#8719 = LINE('',#8720,#8721);
#8720 = CARTESIAN_POINT('',(109.,2.95,0.));
#8721 = VECTOR('',#8722,1.);
#8722 = DIRECTION('',(1.,-0.,0.));
#8723 = PCURVE('',#8316,#8724);
#8724 = DEFINITIONAL_REPRESENTATION('',(#8725),#8728);
#8725 = B_SPLINE_CURVE_WITH_KNOTS('',1,(#8726,#8727),.UNSPECIFIED.,.F.,
  .F.,(2,2),(-11.,8.691881404894),.PIECEWISE_BEZIER_KNOTS.);
#8726 = CARTESIAN_POINT('',(-22.,2.95));
#8727 = CARTESIAN_POINT('',(-2.308118595106,2.95));
#8728 = ( GEOMETRIC_REPRESENTATION_CONTEXT(2) 
PARAMETRIC_REPRESENTATION_CONTEXT() REPRESENTATION_CONTEXT('2D SPACE',''
  ) );
#8729 = PCURVE('',#8730,#8735);
#8730 = PLANE('',#8731);
#8731 = AXIS2_PLACEMENT_3D('',#8732,#8733,#8734);
#8732 = CARTESIAN_POINT('',(98.,2.95,17.5));
#8733 = DIRECTION('',(0.,1.,0.));
#8734 = DIRECTION('',(0.,-0.,1.));
#8735 = DEFINITIONAL_REPRESENTATION('',(#8736),#8739);
#8736 = B_SPLINE_CURVE_WITH_KNOTS('',1,(#8737,#8738),.UNSPECIFIED.,.F.,
  .F.,(2,2),(-11.,8.691881404894),.PIECEWISE_BEZIER_KNOTS.);
#8737 = CARTESIAN_POINT('',(-17.5,0.));
#8738 = CARTESIAN_POINT('',(-17.5,19.691881404894));
#8739 = ( GEOMETRIC_REPRESENTATION_CONTEXT(2) 
PARAMETRIC_REPRESENTATION_CONTEXT() REPRESENTATION_CONTEXT('2D SPACE',''
  ) );
#8740 = ORIENTED_EDGE('',*,*,#8741,.T.);
#8741 = EDGE_CURVE('',#8716,#8742,#8744,.T.);
#8742 = VERTEX_POINT('',#8743);
#8743 = CARTESIAN_POINT('',(105.8,3.2,0.));
#8744 = SURFACE_CURVE('',#8745,(#8749,#8756),.PCURVE_S1.);
#8745 = LINE('',#8746,#8747);
#8746 = CARTESIAN_POINT('',(105.8,0.,0.));
#8747 = VECTOR('',#8748,1.);
#8748 = DIRECTION('',(-0.,1.,-0.));
#8749 = PCURVE('',#8316,#8750);
#8750 = DEFINITIONAL_REPRESENTATION('',(#8751),#8755);
#8751 = LINE('',#8752,#8753);
#8752 = CARTESIAN_POINT('',(-14.2,0.));
#8753 = VECTOR('',#8754,1.);
#8754 = DIRECTION('',(-0.,1.));
#8755 = ( GEOMETRIC_REPRESENTATION_CONTEXT(2) 
PARAMETRIC_REPRESENTATION_CONTEXT() REPRESENTATION_CONTEXT('2D SPACE',''
  ) );
#8756 = PCURVE('',#8757,#8762);
#8757 = PLANE('',#8758);
#8758 = AXIS2_PLACEMENT_3D('',#8759,#8760,#8761);
#8759 = CARTESIAN_POINT('',(105.8,0.,0.));
#8760 = DIRECTION('',(-1.,-0.,-0.));
#8761 = DIRECTION('',(0.,0.,-1.));
#8762 = DEFINITIONAL_REPRESENTATION('',(#8763),#8767);
#8763 = LINE('',#8764,#8765);
#8764 = CARTESIAN_POINT('',(-0.,-0.));
#8765 = VECTOR('',#8766,1.);
#8766 = DIRECTION('',(-0.,-1.));
#8767 = ( GEOMETRIC_REPRESENTATION_CONTEXT(2) 
PARAMETRIC_REPRESENTATION_CONTEXT() REPRESENTATION_CONTEXT('2D SPACE',''
  ) );
#8768 = ORIENTED_EDGE('',*,*,#8769,.T.);
#8769 = EDGE_CURVE('',#8742,#8770,#8772,.T.);
#8770 = VERTEX_POINT('',#8771);
#8771 = CARTESIAN_POINT('',(98.,3.2,0.));
#8772 = SURFACE_CURVE('',#8773,(#8777,#8784),.PCURVE_S1.);
#8773 = LINE('',#8774,#8775);
#8774 = CARTESIAN_POINT('',(106.,3.2,0.));
#8775 = VECTOR('',#8776,1.);
#8776 = DIRECTION('',(-1.,-0.,-0.));
#8777 = PCURVE('',#8316,#8778);
#8778 = DEFINITIONAL_REPRESENTATION('',(#8779),#8783);
#8779 = LINE('',#8780,#8781);
#8780 = CARTESIAN_POINT('',(-14.,3.2));
#8781 = VECTOR('',#8782,1.);
#8782 = DIRECTION('',(-1.,0.));
#8783 = ( GEOMETRIC_REPRESENTATION_CONTEXT(2) 
PARAMETRIC_REPRESENTATION_CONTEXT() REPRESENTATION_CONTEXT('2D SPACE',''
  ) );
#8784 = PCURVE('',#8785,#8790);
#8785 = PLANE('',#8786);
#8786 = AXIS2_PLACEMENT_3D('',#8787,#8788,#8789);
#8787 = CARTESIAN_POINT('',(106.,3.2,0.));
#8788 = DIRECTION('',(-0.,1.,-0.));
#8789 = DIRECTION('',(0.,0.,-1.));
#8790 = DEFINITIONAL_REPRESENTATION('',(#8791),#8795);
#8791 = LINE('',#8792,#8793);
#8792 = CARTESIAN_POINT('',(-0.,-0.));
#8793 = VECTOR('',#8794,1.);
#8794 = DIRECTION('',(-0.,1.));
#8795 = ( GEOMETRIC_REPRESENTATION_CONTEXT(2) 
PARAMETRIC_REPRESENTATION_CONTEXT() REPRESENTATION_CONTEXT('2D SPACE',''
  ) );
#8796 = ORIENTED_EDGE('',*,*,#8797,.T.);
#8797 = EDGE_CURVE('',#8770,#8798,#8800,.T.);
#8798 = VERTEX_POINT('',#8799);
#8799 = CARTESIAN_POINT('',(98.,6.4,0.));
#8800 = SURFACE_CURVE('',#8801,(#8805,#8812),.PCURVE_S1.);
#8801 = LINE('',#8802,#8803);
#8802 = CARTESIAN_POINT('',(98.,3.2,0.));
#8803 = VECTOR('',#8804,1.);
#8804 = DIRECTION('',(-0.,1.,-0.));
#8805 = PCURVE('',#8316,#8806);
#8806 = DEFINITIONAL_REPRESENTATION('',(#8807),#8811);
#8807 = LINE('',#8808,#8809);
#8808 = CARTESIAN_POINT('',(-22.,3.2));
#8809 = VECTOR('',#8810,1.);
#8810 = DIRECTION('',(-0.,1.));
#8811 = ( GEOMETRIC_REPRESENTATION_CONTEXT(2) 
PARAMETRIC_REPRESENTATION_CONTEXT() REPRESENTATION_CONTEXT('2D SPACE',''
  ) );
#8812 = PCURVE('',#8813,#8818);
#8813 = PLANE('',#8814);
#8814 = AXIS2_PLACEMENT_3D('',#8815,#8816,#8817);
#8815 = CARTESIAN_POINT('',(98.,3.2,0.));
#8816 = DIRECTION('',(-1.,-0.,-0.));
#8817 = DIRECTION('',(0.,0.,-1.));
#8818 = DEFINITIONAL_REPRESENTATION('',(#8819),#8823);
#8819 = LINE('',#8820,#8821);
#8820 = CARTESIAN_POINT('',(-0.,-0.));
#8821 = VECTOR('',#8822,1.);
#8822 = DIRECTION('',(-0.,-1.));
#8823 = ( GEOMETRIC_REPRESENTATION_CONTEXT(2) 
PARAMETRIC_REPRESENTATION_CONTEXT() REPRESENTATION_CONTEXT('2D SPACE',''
  ) );
#8824 = ORIENTED_EDGE('',*,*,#8825,.F.);
#8825 = EDGE_CURVE('',#8826,#8798,#8828,.T.);
#8826 = VERTEX_POINT('',#8827);
#8827 = CARTESIAN_POINT('',(105.8,6.4,0.));
#8828 = SURFACE_CURVE('',#8829,(#8833,#8840),.PCURVE_S1.);
#8829 = LINE('',#8830,#8831);
#8830 = CARTESIAN_POINT('',(106.,6.4,0.));
#8831 = VECTOR('',#8832,1.);
#8832 = DIRECTION('',(-1.,-0.,-0.));
#8833 = PCURVE('',#8316,#8834);
#8834 = DEFINITIONAL_REPRESENTATION('',(#8835),#8839);
#8835 = LINE('',#8836,#8837);
#8836 = CARTESIAN_POINT('',(-14.,6.4));
#8837 = VECTOR('',#8838,1.);
#8838 = DIRECTION('',(-1.,0.));
#8839 = ( GEOMETRIC_REPRESENTATION_CONTEXT(2) 
PARAMETRIC_REPRESENTATION_CONTEXT() REPRESENTATION_CONTEXT('2D SPACE',''
  ) );
#8840 = PCURVE('',#8841,#8846);
#8841 = PLANE('',#8842);
#8842 = AXIS2_PLACEMENT_3D('',#8843,#8844,#8845);
#8843 = CARTESIAN_POINT('',(106.,6.4,0.));
#8844 = DIRECTION('',(-0.,1.,-0.));
#8845 = DIRECTION('',(0.,0.,-1.));
#8846 = DEFINITIONAL_REPRESENTATION('',(#8847),#8851);
#8847 = LINE('',#8848,#8849);
#8848 = CARTESIAN_POINT('',(-0.,-0.));
#8849 = VECTOR('',#8850,1.);
#8850 = DIRECTION('',(-0.,1.));
#8851 = ( GEOMETRIC_REPRESENTATION_CONTEXT(2) 
PARAMETRIC_REPRESENTATION_CONTEXT() REPRESENTATION_CONTEXT('2D SPACE',''
  ) );
#8852 = ORIENTED_EDGE('',*,*,#8853,.T.);
#8853 = EDGE_CURVE('',#8826,#8854,#8856,.T.);
#8854 = VERTEX_POINT('',#8855);
#8855 = CARTESIAN_POINT('',(105.8,6.65,0.));
#8856 = SURFACE_CURVE('',#8857,(#8861,#8868),.PCURVE_S1.);
#8857 = LINE('',#8858,#8859);
#8858 = CARTESIAN_POINT('',(105.8,0.,0.));
#8859 = VECTOR('',#8860,1.);
#8860 = DIRECTION('',(-0.,1.,-0.));
#8861 = PCURVE('',#8316,#8862);
#8862 = DEFINITIONAL_REPRESENTATION('',(#8863),#8867);
#8863 = LINE('',#8864,#8865);
#8864 = CARTESIAN_POINT('',(-14.2,0.));
#8865 = VECTOR('',#8866,1.);
#8866 = DIRECTION('',(-0.,1.));
#8867 = ( GEOMETRIC_REPRESENTATION_CONTEXT(2) 
PARAMETRIC_REPRESENTATION_CONTEXT() REPRESENTATION_CONTEXT('2D SPACE',''
  ) );
#8868 = PCURVE('',#8869,#8874);
#8869 = PLANE('',#8870);
#8870 = AXIS2_PLACEMENT_3D('',#8871,#8872,#8873);
#8871 = CARTESIAN_POINT('',(105.8,0.,0.));
#8872 = DIRECTION('',(-1.,-0.,-0.));
#8873 = DIRECTION('',(0.,0.,-1.));
#8874 = DEFINITIONAL_REPRESENTATION('',(#8875),#8879);
#8875 = LINE('',#8876,#8877);
#8876 = CARTESIAN_POINT('',(-0.,-0.));
#8877 = VECTOR('',#8878,1.);
#8878 = DIRECTION('',(-0.,-1.));
#8879 = ( GEOMETRIC_REPRESENTATION_CONTEXT(2) 
PARAMETRIC_REPRESENTATION_CONTEXT() REPRESENTATION_CONTEXT('2D SPACE',''
  ) );
#8880 = ORIENTED_EDGE('',*,*,#8881,.T.);
#8881 = EDGE_CURVE('',#8854,#8882,#8884,.T.);
#8882 = VERTEX_POINT('',#8883);
#8883 = CARTESIAN_POINT('',(107.02885337484,6.65,3.552713678801E-15));
#8884 = SURFACE_CURVE('',#8885,(#8889,#8895),.PCURVE_S1.);
#8885 = LINE('',#8886,#8887);
#8886 = CARTESIAN_POINT('',(109.,6.65,0.));
#8887 = VECTOR('',#8888,1.);
#8888 = DIRECTION('',(1.,-0.,0.));
#8889 = PCURVE('',#8316,#8890);
#8890 = DEFINITIONAL_REPRESENTATION('',(#8891),#8894);
#8891 = B_SPLINE_CURVE_WITH_KNOTS('',1,(#8892,#8893),.UNSPECIFIED.,.F.,
  .F.,(2,2),(-11.,8.691881404894),.PIECEWISE_BEZIER_KNOTS.);
#8892 = CARTESIAN_POINT('',(-22.,6.65));
#8893 = CARTESIAN_POINT('',(-2.308118595106,6.65));
#8894 = ( GEOMETRIC_REPRESENTATION_CONTEXT(2) 
PARAMETRIC_REPRESENTATION_CONTEXT() REPRESENTATION_CONTEXT('2D SPACE',''
  ) );
#8895 = PCURVE('',#8896,#8901);
#8896 = PLANE('',#8897);
#8897 = AXIS2_PLACEMENT_3D('',#8898,#8899,#8900);
#8898 = CARTESIAN_POINT('',(98.,6.65,17.5));
#8899 = DIRECTION('',(0.,1.,0.));
#8900 = DIRECTION('',(0.,-0.,1.));
#8901 = DEFINITIONAL_REPRESENTATION('',(#8902),#8905);
#8902 = B_SPLINE_CURVE_WITH_KNOTS('',1,(#8903,#8904),.UNSPECIFIED.,.F.,
  .F.,(2,2),(-11.,8.691881404894),.PIECEWISE_BEZIER_KNOTS.);
#8903 = CARTESIAN_POINT('',(-17.5,0.));
#8904 = CARTESIAN_POINT('',(-17.5,19.691881404894));
#8905 = ( GEOMETRIC_REPRESENTATION_CONTEXT(2) 
PARAMETRIC_REPRESENTATION_CONTEXT() REPRESENTATION_CONTEXT('2D SPACE',''
  ) );
#8906 = ORIENTED_EDGE('',*,*,#8907,.T.);
#8907 = EDGE_CURVE('',#8882,#8908,#8910,.T.);
#8908 = VERTEX_POINT('',#8909);
#8909 = CARTESIAN_POINT('',(107.02885337484,9.45,3.552713678801E-15));
#8910 = SURFACE_CURVE('',#8911,(#8915,#8921),.PCURVE_S1.);
#8911 = LINE('',#8912,#8913);
#8912 = CARTESIAN_POINT('',(107.02885337484,6.65,0.));
#8913 = VECTOR('',#8914,1.);
#8914 = DIRECTION('',(0.,1.,0.));
#8915 = PCURVE('',#8316,#8916);
#8916 = DEFINITIONAL_REPRESENTATION('',(#8917),#8920);
#8917 = B_SPLINE_CURVE_WITH_KNOTS('',1,(#8918,#8919),.UNSPECIFIED.,.F.,
  .F.,(2,2),(-5.999999999062E-07,2.8000006),.PIECEWISE_BEZIER_KNOTS.);
#8918 = CARTESIAN_POINT('',(-12.97114662515,6.6499994));
#8919 = CARTESIAN_POINT('',(-12.97114662515,9.4500006));
#8920 = ( GEOMETRIC_REPRESENTATION_CONTEXT(2) 
PARAMETRIC_REPRESENTATION_CONTEXT() REPRESENTATION_CONTEXT('2D SPACE',''
  ) );
#8921 = PCURVE('',#8922,#8927);
#8922 = CYLINDRICAL_SURFACE('',#8923,19.691881404894);
#8923 = AXIS2_PLACEMENT_3D('',#8924,#8925,#8926);
#8924 = CARTESIAN_POINT('',(98.,6.65,17.5));
#8925 = DIRECTION('',(0.,1.,0.));
#8926 = DIRECTION('',(0.,-0.,1.));
#8927 = DEFINITIONAL_REPRESENTATION('',(#8928),#8931);
#8928 = B_SPLINE_CURVE_WITH_KNOTS('',1,(#8929,#8930),.UNSPECIFIED.,.F.,
  .F.,(2,2),(-5.999999999062E-07,2.8000006),.PIECEWISE_BEZIER_KNOTS.);
#8929 = CARTESIAN_POINT('',(2.665278874976,-5.999999999062E-07));
#8930 = CARTESIAN_POINT('',(2.665278874976,2.8000006));
#8931 = ( GEOMETRIC_REPRESENTATION_CONTEXT(2) 
PARAMETRIC_REPRESENTATION_CONTEXT() REPRESENTATION_CONTEXT('2D SPACE',''
  ) );
#8932 = ORIENTED_EDGE('',*,*,#8933,.F.);
#8933 = EDGE_CURVE('',#8934,#8908,#8936,.T.);
#8934 = VERTEX_POINT('',#8935);
#8935 = CARTESIAN_POINT('',(105.8,9.45,0.));
#8936 = SURFACE_CURVE('',#8937,(#8941,#8947),.PCURVE_S1.);
#8937 = LINE('',#8938,#8939);
#8938 = CARTESIAN_POINT('',(109.,9.45,0.));
#8939 = VECTOR('',#8940,1.);
#8940 = DIRECTION('',(1.,-0.,0.));
#8941 = PCURVE('',#8316,#8942);
#8942 = DEFINITIONAL_REPRESENTATION('',(#8943),#8946);
#8943 = B_SPLINE_CURVE_WITH_KNOTS('',1,(#8944,#8945),.UNSPECIFIED.,.F.,
  .F.,(2,2),(-11.,8.691881404894),.PIECEWISE_BEZIER_KNOTS.);
#8944 = CARTESIAN_POINT('',(-22.,9.45));
#8945 = CARTESIAN_POINT('',(-2.308118595106,9.45));
#8946 = ( GEOMETRIC_REPRESENTATION_CONTEXT(2) 
PARAMETRIC_REPRESENTATION_CONTEXT() REPRESENTATION_CONTEXT('2D SPACE',''
  ) );
#8947 = PCURVE('',#8948,#8953);
#8948 = PLANE('',#8949);
#8949 = AXIS2_PLACEMENT_3D('',#8950,#8951,#8952);
#8950 = CARTESIAN_POINT('',(98.,9.45,17.5));
#8951 = DIRECTION('',(0.,1.,0.));
#8952 = DIRECTION('',(0.,-0.,1.));
#8953 = DEFINITIONAL_REPRESENTATION('',(#8954),#8957);
#8954 = B_SPLINE_CURVE_WITH_KNOTS('',1,(#8955,#8956),.UNSPECIFIED.,.F.,
  .F.,(2,2),(-11.,8.691881404894),.PIECEWISE_BEZIER_KNOTS.);
#8955 = CARTESIAN_POINT('',(-17.5,0.));
#8956 = CARTESIAN_POINT('',(-17.5,19.691881404894));
#8957 = ( GEOMETRIC_REPRESENTATION_CONTEXT(2) 
PARAMETRIC_REPRESENTATION_CONTEXT() REPRESENTATION_CONTEXT('2D SPACE',''
  ) );
#8958 = ORIENTED_EDGE('',*,*,#8959,.T.);
#8959 = EDGE_CURVE('',#8934,#8960,#8962,.T.);
#8960 = VERTEX_POINT('',#8961);
#8961 = CARTESIAN_POINT('',(105.8,26.,0.));
#8962 = SURFACE_CURVE('',#8963,(#8967,#8974),.PCURVE_S1.);
#8963 = LINE('',#8964,#8965);
#8964 = CARTESIAN_POINT('',(105.8,0.,0.));
#8965 = VECTOR('',#8966,1.);
#8966 = DIRECTION('',(-0.,1.,-0.));
#8967 = PCURVE('',#8316,#8968);
#8968 = DEFINITIONAL_REPRESENTATION('',(#8969),#8973);
#8969 = LINE('',#8970,#8971);
#8970 = CARTESIAN_POINT('',(-14.2,0.));
#8971 = VECTOR('',#8972,1.);
#8972 = DIRECTION('',(-0.,1.));
#8973 = ( GEOMETRIC_REPRESENTATION_CONTEXT(2) 
PARAMETRIC_REPRESENTATION_CONTEXT() REPRESENTATION_CONTEXT('2D SPACE',''
  ) );
#8974 = PCURVE('',#8975,#8980);
#8975 = PLANE('',#8976);
#8976 = AXIS2_PLACEMENT_3D('',#8977,#8978,#8979);
#8977 = CARTESIAN_POINT('',(105.8,0.,0.));
#8978 = DIRECTION('',(-1.,-0.,-0.));
#8979 = DIRECTION('',(0.,0.,-1.));
#8980 = DEFINITIONAL_REPRESENTATION('',(#8981),#8985);
#8981 = LINE('',#8982,#8983);
#8982 = CARTESIAN_POINT('',(-0.,-0.));
#8983 = VECTOR('',#8984,1.);
#8984 = DIRECTION('',(-0.,-1.));
#8985 = ( GEOMETRIC_REPRESENTATION_CONTEXT(2) 
PARAMETRIC_REPRESENTATION_CONTEXT() REPRESENTATION_CONTEXT('2D SPACE',''
  ) );
#8986 = ORIENTED_EDGE('',*,*,#8987,.T.);
#8987 = EDGE_CURVE('',#8960,#8649,#8988,.T.);
#8988 = SURFACE_CURVE('',#8989,(#8993,#9000),.PCURVE_S1.);
#8989 = LINE('',#8990,#8991);
#8990 = CARTESIAN_POINT('',(105.8,26.,0.));
#8991 = VECTOR('',#8992,1.);
#8992 = DIRECTION('',(1.,0.,0.));
#8993 = PCURVE('',#8316,#8994);
#8994 = DEFINITIONAL_REPRESENTATION('',(#8995),#8999);
#8995 = LINE('',#8996,#8997);
#8996 = CARTESIAN_POINT('',(-14.2,26.));
#8997 = VECTOR('',#8998,1.);
#8998 = DIRECTION('',(1.,-0.));
#8999 = ( GEOMETRIC_REPRESENTATION_CONTEXT(2) 
PARAMETRIC_REPRESENTATION_CONTEXT() REPRESENTATION_CONTEXT('2D SPACE',''
  ) );
#9000 = PCURVE('',#9001,#9006);
#9001 = PLANE('',#9002);
#9002 = AXIS2_PLACEMENT_3D('',#9003,#9004,#9005);
#9003 = CARTESIAN_POINT('',(76.,26.,-0.1));
#9004 = DIRECTION('',(-0.,1.,0.));
#9005 = DIRECTION('',(0.,0.,1.));
#9006 = DEFINITIONAL_REPRESENTATION('',(#9007),#9011);
#9007 = LINE('',#9008,#9009);
#9008 = CARTESIAN_POINT('',(0.1,29.8));
#9009 = VECTOR('',#9010,1.);
#9010 = DIRECTION('',(0.,1.));
#9011 = ( GEOMETRIC_REPRESENTATION_CONTEXT(2) 
PARAMETRIC_REPRESENTATION_CONTEXT() REPRESENTATION_CONTEXT('2D SPACE',''
  ) );
#9012 = ADVANCED_FACE('',(#9013),#8342,.T.);
#9013 = FACE_BOUND('',#9014,.T.);
#9014 = EDGE_LOOP('',(#9015,#9016,#9017,#9040,#9068,#9095,#9122,#9149,
    #9177,#9204,#9231,#9251));
#9015 = ORIENTED_EDGE('',*,*,#8328,.F.);
#9016 = ORIENTED_EDGE('',*,*,#8648,.T.);
#9017 = ORIENTED_EDGE('',*,*,#9018,.T.);
#9018 = EDGE_CURVE('',#8649,#9019,#9021,.T.);
#9019 = VERTEX_POINT('',#9020);
#9020 = CARTESIAN_POINT('',(120.,26.,2.2));
#9021 = SURFACE_CURVE('',#9022,(#9026,#9033),.PCURVE_S1.);
#9022 = LINE('',#9023,#9024);
#9023 = CARTESIAN_POINT('',(120.,26.,-0.1));
#9024 = VECTOR('',#9025,1.);
#9025 = DIRECTION('',(0.,0.,1.));
#9026 = PCURVE('',#8342,#9027);
#9027 = DEFINITIONAL_REPRESENTATION('',(#9028),#9032);
#9028 = LINE('',#9029,#9030);
#9029 = CARTESIAN_POINT('',(0.,-26.));
#9030 = VECTOR('',#9031,1.);
#9031 = DIRECTION('',(1.,0.));
#9032 = ( GEOMETRIC_REPRESENTATION_CONTEXT(2) 
PARAMETRIC_REPRESENTATION_CONTEXT() REPRESENTATION_CONTEXT('2D SPACE',''
  ) );
#9033 = PCURVE('',#9001,#9034);
#9034 = DEFINITIONAL_REPRESENTATION('',(#9035),#9039);
#9035 = LINE('',#9036,#9037);
#9036 = CARTESIAN_POINT('',(0.,44.));
#9037 = VECTOR('',#9038,1.);
#9038 = DIRECTION('',(1.,0.));
#9039 = ( GEOMETRIC_REPRESENTATION_CONTEXT(2) 
PARAMETRIC_REPRESENTATION_CONTEXT() REPRESENTATION_CONTEXT('2D SPACE',''
  ) );
#9040 = ORIENTED_EDGE('',*,*,#9041,.T.);
#9041 = EDGE_CURVE('',#9019,#9042,#9044,.T.);
#9042 = VERTEX_POINT('',#9043);
#9043 = CARTESIAN_POINT('',(120.,8.,2.2));
#9044 = SURFACE_CURVE('',#9045,(#9049,#9056),.PCURVE_S1.);
#9045 = LINE('',#9046,#9047);
#9046 = CARTESIAN_POINT('',(120.,1.2,2.2));
#9047 = VECTOR('',#9048,1.);
#9048 = DIRECTION('',(0.,-1.,0.));
#9049 = PCURVE('',#8342,#9050);
#9050 = DEFINITIONAL_REPRESENTATION('',(#9051),#9055);
#9051 = LINE('',#9052,#9053);
#9052 = CARTESIAN_POINT('',(2.3,-1.2));
#9053 = VECTOR('',#9054,1.);
#9054 = DIRECTION('',(0.,1.));
#9055 = ( GEOMETRIC_REPRESENTATION_CONTEXT(2) 
PARAMETRIC_REPRESENTATION_CONTEXT() REPRESENTATION_CONTEXT('2D SPACE',''
  ) );
#9056 = PCURVE('',#9057,#9062);
#9057 = PLANE('',#9058);
#9058 = AXIS2_PLACEMENT_3D('',#9059,#9060,#9061);
#9059 = CARTESIAN_POINT('',(120.,0.,2.2));
#9060 = DIRECTION('',(-0.,-0.,1.));
#9061 = DIRECTION('',(1.,0.,0.));
#9062 = DEFINITIONAL_REPRESENTATION('',(#9063),#9067);
#9063 = LINE('',#9064,#9065);
#9064 = CARTESIAN_POINT('',(0.,1.2));
#9065 = VECTOR('',#9066,1.);
#9066 = DIRECTION('',(-0.,-1.));
#9067 = ( GEOMETRIC_REPRESENTATION_CONTEXT(2) 
PARAMETRIC_REPRESENTATION_CONTEXT() REPRESENTATION_CONTEXT('2D SPACE',''
  ) );
#9068 = ORIENTED_EDGE('',*,*,#9069,.T.);
#9069 = EDGE_CURVE('',#9042,#9070,#9072,.T.);
#9070 = VERTEX_POINT('',#9071);
#9071 = CARTESIAN_POINT('',(120.,8.,3.2));
#9072 = SURFACE_CURVE('',#9073,(#9077,#9084),.PCURVE_S1.);
#9073 = LINE('',#9074,#9075);
#9074 = CARTESIAN_POINT('',(120.,8.,1.045));
#9075 = VECTOR('',#9076,1.);
#9076 = DIRECTION('',(0.,0.,1.));
#9077 = PCURVE('',#8342,#9078);
#9078 = DEFINITIONAL_REPRESENTATION('',(#9079),#9083);
#9079 = LINE('',#9080,#9081);
#9080 = CARTESIAN_POINT('',(1.145,-8.));
#9081 = VECTOR('',#9082,1.);
#9082 = DIRECTION('',(1.,0.));
#9083 = ( GEOMETRIC_REPRESENTATION_CONTEXT(2) 
PARAMETRIC_REPRESENTATION_CONTEXT() REPRESENTATION_CONTEXT('2D SPACE',''
  ) );
#9084 = PCURVE('',#9085,#9090);
#9085 = PLANE('',#9086);
#9086 = AXIS2_PLACEMENT_3D('',#9087,#9088,#9089);
#9087 = CARTESIAN_POINT('',(184.,8.,2.19));
#9088 = DIRECTION('',(-0.,1.,-0.));
#9089 = DIRECTION('',(0.,0.,-1.));
#9090 = DEFINITIONAL_REPRESENTATION('',(#9091),#9094);
#9091 = B_SPLINE_CURVE_WITH_KNOTS('',1,(#9092,#9093),.UNSPECIFIED.,.F.,
  .F.,(2,2),(1.155,2.155),.PIECEWISE_BEZIER_KNOTS.);
#9092 = CARTESIAN_POINT('',(-1.E-02,64.));
#9093 = CARTESIAN_POINT('',(-1.01,64.));
#9094 = ( GEOMETRIC_REPRESENTATION_CONTEXT(2) 
PARAMETRIC_REPRESENTATION_CONTEXT() REPRESENTATION_CONTEXT('2D SPACE',''
  ) );
#9095 = ORIENTED_EDGE('',*,*,#9096,.T.);
#9096 = EDGE_CURVE('',#9070,#9097,#9099,.T.);
#9097 = VERTEX_POINT('',#9098);
#9098 = CARTESIAN_POINT('',(120.,6.,3.2));
#9099 = SURFACE_CURVE('',#9100,(#9104,#9111),.PCURVE_S1.);
#9100 = LINE('',#9101,#9102);
#9101 = CARTESIAN_POINT('',(120.,3.,3.2));
#9102 = VECTOR('',#9103,1.);
#9103 = DIRECTION('',(0.,-1.,0.));
#9104 = PCURVE('',#8342,#9105);
#9105 = DEFINITIONAL_REPRESENTATION('',(#9106),#9110);
#9106 = LINE('',#9107,#9108);
#9107 = CARTESIAN_POINT('',(3.3,-3.));
#9108 = VECTOR('',#9109,1.);
#9109 = DIRECTION('',(0.,1.));
#9110 = ( GEOMETRIC_REPRESENTATION_CONTEXT(2) 
PARAMETRIC_REPRESENTATION_CONTEXT() REPRESENTATION_CONTEXT('2D SPACE',''
  ) );
#9111 = PCURVE('',#9112,#9117);
#9112 = PLANE('',#9113);
#9113 = AXIS2_PLACEMENT_3D('',#9114,#9115,#9116);
#9114 = CARTESIAN_POINT('',(184.,6.,3.2));
#9115 = DIRECTION('',(-0.,-0.,1.));
#9116 = DIRECTION('',(1.,0.,0.));
#9117 = DEFINITIONAL_REPRESENTATION('',(#9118),#9121);
#9118 = B_SPLINE_CURVE_WITH_KNOTS('',1,(#9119,#9120),.UNSPECIFIED.,.F.,
  .F.,(2,2),(-5.,-3.),.PIECEWISE_BEZIER_KNOTS.);
#9119 = CARTESIAN_POINT('',(-64.,2.));
#9120 = CARTESIAN_POINT('',(-64.,0.));
#9121 = ( GEOMETRIC_REPRESENTATION_CONTEXT(2) 
PARAMETRIC_REPRESENTATION_CONTEXT() REPRESENTATION_CONTEXT('2D SPACE',''
  ) );
#9122 = ORIENTED_EDGE('',*,*,#9123,.F.);
#9123 = EDGE_CURVE('',#9124,#9097,#9126,.T.);
#9124 = VERTEX_POINT('',#9125);
#9125 = CARTESIAN_POINT('',(120.,6.,2.2));
#9126 = SURFACE_CURVE('',#9127,(#9131,#9138),.PCURVE_S1.);
#9127 = LINE('',#9128,#9129);
#9128 = CARTESIAN_POINT('',(120.,6.,1.045));
#9129 = VECTOR('',#9130,1.);
#9130 = DIRECTION('',(0.,0.,1.));
#9131 = PCURVE('',#8342,#9132);
#9132 = DEFINITIONAL_REPRESENTATION('',(#9133),#9137);
#9133 = LINE('',#9134,#9135);
#9134 = CARTESIAN_POINT('',(1.145,-6.));
#9135 = VECTOR('',#9136,1.);
#9136 = DIRECTION('',(1.,0.));
#9137 = ( GEOMETRIC_REPRESENTATION_CONTEXT(2) 
PARAMETRIC_REPRESENTATION_CONTEXT() REPRESENTATION_CONTEXT('2D SPACE',''
  ) );
#9138 = PCURVE('',#9139,#9144);
#9139 = PLANE('',#9140);
#9140 = AXIS2_PLACEMENT_3D('',#9141,#9142,#9143);
#9141 = CARTESIAN_POINT('',(184.,6.,2.19));
#9142 = DIRECTION('',(-0.,1.,-0.));
#9143 = DIRECTION('',(0.,0.,-1.));
#9144 = DEFINITIONAL_REPRESENTATION('',(#9145),#9148);
#9145 = B_SPLINE_CURVE_WITH_KNOTS('',1,(#9146,#9147),.UNSPECIFIED.,.F.,
  .F.,(2,2),(1.155,2.155),.PIECEWISE_BEZIER_KNOTS.);
#9146 = CARTESIAN_POINT('',(-1.E-02,64.));
#9147 = CARTESIAN_POINT('',(-1.01,64.));
#9148 = ( GEOMETRIC_REPRESENTATION_CONTEXT(2) 
PARAMETRIC_REPRESENTATION_CONTEXT() REPRESENTATION_CONTEXT('2D SPACE',''
  ) );
#9149 = ORIENTED_EDGE('',*,*,#9150,.T.);
#9150 = EDGE_CURVE('',#9124,#9151,#9153,.T.);
#9151 = VERTEX_POINT('',#9152);
#9152 = CARTESIAN_POINT('',(120.,2.4,2.2));
#9153 = SURFACE_CURVE('',#9154,(#9158,#9165),.PCURVE_S1.);
#9154 = LINE('',#9155,#9156);
#9155 = CARTESIAN_POINT('',(120.,1.2,2.2));
#9156 = VECTOR('',#9157,1.);
#9157 = DIRECTION('',(0.,-1.,0.));
#9158 = PCURVE('',#8342,#9159);
#9159 = DEFINITIONAL_REPRESENTATION('',(#9160),#9164);
#9160 = LINE('',#9161,#9162);
#9161 = CARTESIAN_POINT('',(2.3,-1.2));
#9162 = VECTOR('',#9163,1.);
#9163 = DIRECTION('',(0.,1.));
#9164 = ( GEOMETRIC_REPRESENTATION_CONTEXT(2) 
PARAMETRIC_REPRESENTATION_CONTEXT() REPRESENTATION_CONTEXT('2D SPACE',''
  ) );
#9165 = PCURVE('',#9166,#9171);
#9166 = PLANE('',#9167);
#9167 = AXIS2_PLACEMENT_3D('',#9168,#9169,#9170);
#9168 = CARTESIAN_POINT('',(120.,0.,2.2));
#9169 = DIRECTION('',(-0.,-0.,1.));
#9170 = DIRECTION('',(1.,0.,0.));
#9171 = DEFINITIONAL_REPRESENTATION('',(#9172),#9176);
#9172 = LINE('',#9173,#9174);
#9173 = CARTESIAN_POINT('',(0.,1.2));
#9174 = VECTOR('',#9175,1.);
#9175 = DIRECTION('',(-0.,-1.));
#9176 = ( GEOMETRIC_REPRESENTATION_CONTEXT(2) 
PARAMETRIC_REPRESENTATION_CONTEXT() REPRESENTATION_CONTEXT('2D SPACE',''
  ) );
#9177 = ORIENTED_EDGE('',*,*,#9178,.T.);
#9178 = EDGE_CURVE('',#9151,#9179,#9181,.T.);
#9179 = VERTEX_POINT('',#9180);
#9180 = CARTESIAN_POINT('',(120.,2.4,15.));
#9181 = SURFACE_CURVE('',#9182,(#9186,#9193),.PCURVE_S1.);
#9182 = LINE('',#9183,#9184);
#9183 = CARTESIAN_POINT('',(120.,2.4,5.7));
#9184 = VECTOR('',#9185,1.);
#9185 = DIRECTION('',(0.,0.,1.));
#9186 = PCURVE('',#8342,#9187);
#9187 = DEFINITIONAL_REPRESENTATION('',(#9188),#9192);
#9188 = LINE('',#9189,#9190);
#9189 = CARTESIAN_POINT('',(5.8,-2.4));
#9190 = VECTOR('',#9191,1.);
#9191 = DIRECTION('',(1.,0.));
#9192 = ( GEOMETRIC_REPRESENTATION_CONTEXT(2) 
PARAMETRIC_REPRESENTATION_CONTEXT() REPRESENTATION_CONTEXT('2D SPACE',''
  ) );
#9193 = PCURVE('',#9194,#9199);
#9194 = PLANE('',#9195);
#9195 = AXIS2_PLACEMENT_3D('',#9196,#9197,#9198);
#9196 = CARTESIAN_POINT('',(197.,2.4,11.5));
#9197 = DIRECTION('',(-0.,1.,-0.));
#9198 = DIRECTION('',(0.,0.,-1.));
#9199 = DEFINITIONAL_REPRESENTATION('',(#9200),#9203);
#9200 = B_SPLINE_CURVE_WITH_KNOTS('',1,(#9201,#9202),.UNSPECIFIED.,.F.,
  .F.,(2,2),(-3.5,11.3),.PIECEWISE_BEZIER_KNOTS.);
#9201 = CARTESIAN_POINT('',(9.3,77.));
#9202 = CARTESIAN_POINT('',(-5.5,77.));
#9203 = ( GEOMETRIC_REPRESENTATION_CONTEXT(2) 
PARAMETRIC_REPRESENTATION_CONTEXT() REPRESENTATION_CONTEXT('2D SPACE',''
  ) );
#9204 = ORIENTED_EDGE('',*,*,#9205,.F.);
#9205 = EDGE_CURVE('',#9206,#9179,#9208,.T.);
#9206 = VERTEX_POINT('',#9207);
#9207 = CARTESIAN_POINT('',(120.,4.4,17.));
#9208 = SURFACE_CURVE('',#9209,(#9213,#9220),.PCURVE_S1.);
#9209 = LINE('',#9210,#9211);
#9210 = CARTESIAN_POINT('',(120.,-1.975,10.625));
#9211 = VECTOR('',#9212,1.);
#9212 = DIRECTION('',(0.,-0.707106781187,-0.707106781187));
#9213 = PCURVE('',#8342,#9214);
#9214 = DEFINITIONAL_REPRESENTATION('',(#9215),#9219);
#9215 = LINE('',#9216,#9217);
#9216 = CARTESIAN_POINT('',(10.725,1.975));
#9217 = VECTOR('',#9218,1.);
#9218 = DIRECTION('',(-0.707106781187,0.707106781187));
#9219 = ( GEOMETRIC_REPRESENTATION_CONTEXT(2) 
PARAMETRIC_REPRESENTATION_CONTEXT() REPRESENTATION_CONTEXT('2D SPACE',''
  ) );
#9220 = PCURVE('',#9221,#9226);
#9221 = PLANE('',#9222);
#9222 = AXIS2_PLACEMENT_3D('',#9223,#9224,#9225);
#9223 = CARTESIAN_POINT('',(139.,2.4,15.));
#9224 = DIRECTION('',(-0.,-0.707106781187,0.707106781187));
#9225 = DIRECTION('',(0.,-0.707106781187,-0.707106781187));
#9226 = DEFINITIONAL_REPRESENTATION('',(#9227),#9230);
#9227 = B_SPLINE_CURVE_WITH_KNOTS('',1,(#9228,#9229),.UNSPECIFIED.,.F.,
  .F.,(2,2),(-9.015611460128,-6.187184335382),.PIECEWISE_BEZIER_KNOTS.);
#9228 = CARTESIAN_POINT('',(-2.828427124746,-19.));
#9229 = CARTESIAN_POINT('',(0.,-19.));
#9230 = ( GEOMETRIC_REPRESENTATION_CONTEXT(2) 
PARAMETRIC_REPRESENTATION_CONTEXT() REPRESENTATION_CONTEXT('2D SPACE',''
  ) );
#9231 = ORIENTED_EDGE('',*,*,#9232,.T.);
#9232 = EDGE_CURVE('',#9206,#8456,#9233,.T.);
#9233 = SURFACE_CURVE('',#9234,(#9238,#9245),.PCURVE_S1.);
#9234 = LINE('',#9235,#9236);
#9235 = CARTESIAN_POINT('',(120.,0.,17.));
#9236 = VECTOR('',#9237,1.);
#9237 = DIRECTION('',(0.,-1.,0.));
#9238 = PCURVE('',#8342,#9239);
#9239 = DEFINITIONAL_REPRESENTATION('',(#9240),#9244);
#9240 = LINE('',#9241,#9242);
#9241 = CARTESIAN_POINT('',(17.1,0.));
#9242 = VECTOR('',#9243,1.);
#9243 = DIRECTION('',(0.,1.));
#9244 = ( GEOMETRIC_REPRESENTATION_CONTEXT(2) 
PARAMETRIC_REPRESENTATION_CONTEXT() REPRESENTATION_CONTEXT('2D SPACE',''
  ) );
#9245 = PCURVE('',#8471,#9246);
#9246 = DEFINITIONAL_REPRESENTATION('',(#9247),#9250);
#9247 = B_SPLINE_CURVE_WITH_KNOTS('',1,(#9248,#9249),.UNSPECIFIED.,.F.,
  .F.,(2,2),(-4.4,-0.8),.PIECEWISE_BEZIER_KNOTS.);
#9248 = CARTESIAN_POINT('',(-76.,4.4));
#9249 = CARTESIAN_POINT('',(-76.,0.8));
#9250 = ( GEOMETRIC_REPRESENTATION_CONTEXT(2) 
PARAMETRIC_REPRESENTATION_CONTEXT() REPRESENTATION_CONTEXT('2D SPACE',''
  ) );
#9251 = ORIENTED_EDGE('',*,*,#8483,.T.);
#9252 = ADVANCED_FACE('',(#9253),#8471,.T.);
#9253 = FACE_BOUND('',#9254,.F.);
#9254 = EDGE_LOOP('',(#9255,#9278,#9279,#9280,#9301,#9322));
#9255 = ORIENTED_EDGE('',*,*,#9256,.F.);
#9256 = EDGE_CURVE('',#9206,#9257,#9259,.T.);
#9257 = VERTEX_POINT('',#9258);
#9258 = CARTESIAN_POINT('',(106.,4.4,17.));
#9259 = SURFACE_CURVE('',#9260,(#9264,#9271),.PCURVE_S1.);
#9260 = LINE('',#9261,#9262);
#9261 = CARTESIAN_POINT('',(139.,4.4,17.));
#9262 = VECTOR('',#9263,1.);
#9263 = DIRECTION('',(-1.,-0.,-0.));
#9264 = PCURVE('',#8471,#9265);
#9265 = DEFINITIONAL_REPRESENTATION('',(#9266),#9270);
#9266 = LINE('',#9267,#9268);
#9267 = CARTESIAN_POINT('',(-57.,4.4));
#9268 = VECTOR('',#9269,1.);
#9269 = DIRECTION('',(-1.,0.));
#9270 = ( GEOMETRIC_REPRESENTATION_CONTEXT(2) 
PARAMETRIC_REPRESENTATION_CONTEXT() REPRESENTATION_CONTEXT('2D SPACE',''
  ) );
#9271 = PCURVE('',#9221,#9272);
#9272 = DEFINITIONAL_REPRESENTATION('',(#9273),#9277);
#9273 = LINE('',#9274,#9275);
#9274 = CARTESIAN_POINT('',(-2.828427124746,0.));
#9275 = VECTOR('',#9276,1.);
#9276 = DIRECTION('',(-0.,-1.));
#9277 = ( GEOMETRIC_REPRESENTATION_CONTEXT(2) 
PARAMETRIC_REPRESENTATION_CONTEXT() REPRESENTATION_CONTEXT('2D SPACE',''
  ) );
#9278 = ORIENTED_EDGE('',*,*,#9232,.T.);
#9279 = ORIENTED_EDGE('',*,*,#8455,.F.);
#9280 = ORIENTED_EDGE('',*,*,#9281,.T.);
#9281 = EDGE_CURVE('',#8413,#9282,#9284,.T.);
#9282 = VERTEX_POINT('',#9283);
#9283 = CARTESIAN_POINT('',(117.68553258777,2.95,17.));
#9284 = SURFACE_CURVE('',#9285,(#9289,#9295),.PCURVE_S1.);
#9285 = LINE('',#9286,#9287);
#9286 = CARTESIAN_POINT('',(117.68553258777,0.15,17.));
#9287 = VECTOR('',#9288,1.);
#9288 = DIRECTION('',(0.,1.,0.));
#9289 = PCURVE('',#8471,#9290);
#9290 = DEFINITIONAL_REPRESENTATION('',(#9291),#9294);
#9291 = B_SPLINE_CURVE_WITH_KNOTS('',1,(#9292,#9293),.UNSPECIFIED.,.F.,
  .F.,(2,2),(0.29,2.8000006),.PIECEWISE_BEZIER_KNOTS.);
#9292 = CARTESIAN_POINT('',(-78.31446741222,0.44));
#9293 = CARTESIAN_POINT('',(-78.31446741222,2.9500006));
#9294 = ( GEOMETRIC_REPRESENTATION_CONTEXT(2) 
PARAMETRIC_REPRESENTATION_CONTEXT() REPRESENTATION_CONTEXT('2D SPACE',''
  ) );
#9295 = PCURVE('',#8438,#9296);
#9296 = DEFINITIONAL_REPRESENTATION('',(#9297),#9300);
#9297 = B_SPLINE_CURVE_WITH_KNOTS('',1,(#9298,#9299),.UNSPECIFIED.,.F.,
  .F.,(2,2),(0.29,2.8000006),.PIECEWISE_BEZIER_KNOTS.);
#9298 = CARTESIAN_POINT('',(1.596190230571,0.29));
#9299 = CARTESIAN_POINT('',(1.596190230571,2.8000006));
#9300 = ( GEOMETRIC_REPRESENTATION_CONTEXT(2) 
PARAMETRIC_REPRESENTATION_CONTEXT() REPRESENTATION_CONTEXT('2D SPACE',''
  ) );
#9301 = ORIENTED_EDGE('',*,*,#9302,.F.);
#9302 = EDGE_CURVE('',#9303,#9282,#9305,.T.);
#9303 = VERTEX_POINT('',#9304);
#9304 = CARTESIAN_POINT('',(106.,2.95,17.));
#9305 = SURFACE_CURVE('',#9306,(#9310,#9316),.PCURVE_S1.);
#9306 = LINE('',#9307,#9308);
#9307 = CARTESIAN_POINT('',(147.,2.95,17.));
#9308 = VECTOR('',#9309,1.);
#9309 = DIRECTION('',(1.,-0.,0.));
#9310 = PCURVE('',#8471,#9311);
#9311 = DEFINITIONAL_REPRESENTATION('',(#9312),#9315);
#9312 = B_SPLINE_CURVE_WITH_KNOTS('',1,(#9313,#9314),.UNSPECIFIED.,.F.,
  .F.,(2,2),(-41.,-29.3081185951),.PIECEWISE_BEZIER_KNOTS.);
#9313 = CARTESIAN_POINT('',(-90.,2.95));
#9314 = CARTESIAN_POINT('',(-78.3081185951,2.95));
#9315 = ( GEOMETRIC_REPRESENTATION_CONTEXT(2) 
PARAMETRIC_REPRESENTATION_CONTEXT() REPRESENTATION_CONTEXT('2D SPACE',''
  ) );
#9316 = PCURVE('',#8730,#9317);
#9317 = DEFINITIONAL_REPRESENTATION('',(#9318),#9321);
#9318 = B_SPLINE_CURVE_WITH_KNOTS('',1,(#9319,#9320),.UNSPECIFIED.,.F.,
  .F.,(2,2),(-41.,-29.3081185951),.PIECEWISE_BEZIER_KNOTS.);
#9319 = CARTESIAN_POINT('',(-0.5,8.));
#9320 = CARTESIAN_POINT('',(-0.5,19.691881404894));
#9321 = ( GEOMETRIC_REPRESENTATION_CONTEXT(2) 
PARAMETRIC_REPRESENTATION_CONTEXT() REPRESENTATION_CONTEXT('2D SPACE',''
  ) );
#9322 = ORIENTED_EDGE('',*,*,#9323,.F.);
#9323 = EDGE_CURVE('',#9257,#9303,#9324,.T.);
#9324 = SURFACE_CURVE('',#9325,(#9329,#9336),.PCURVE_S1.);
#9325 = LINE('',#9326,#9327);
#9326 = CARTESIAN_POINT('',(106.,4.4,17.));
#9327 = VECTOR('',#9328,1.);
#9328 = DIRECTION('',(0.,-1.,0.));
#9329 = PCURVE('',#8471,#9330);
#9330 = DEFINITIONAL_REPRESENTATION('',(#9331),#9335);
#9331 = LINE('',#9332,#9333);
#9332 = CARTESIAN_POINT('',(-90.,4.4));
#9333 = VECTOR('',#9334,1.);
#9334 = DIRECTION('',(-0.,-1.));
#9335 = ( GEOMETRIC_REPRESENTATION_CONTEXT(2) 
PARAMETRIC_REPRESENTATION_CONTEXT() REPRESENTATION_CONTEXT('2D SPACE',''
  ) );
#9336 = PCURVE('',#9337,#9342);
#9337 = PLANE('',#9338);
#9338 = AXIS2_PLACEMENT_3D('',#9339,#9340,#9341);
#9339 = CARTESIAN_POINT('',(106.,0.2,0.));
#9340 = DIRECTION('',(-1.,-0.,-0.));
#9341 = DIRECTION('',(0.,0.,-1.));
#9342 = DEFINITIONAL_REPRESENTATION('',(#9343),#9347);
#9343 = LINE('',#9344,#9345);
#9344 = CARTESIAN_POINT('',(-17.,-4.2));
#9345 = VECTOR('',#9346,1.);
#9346 = DIRECTION('',(-0.,1.));
#9347 = ( GEOMETRIC_REPRESENTATION_CONTEXT(2) 
PARAMETRIC_REPRESENTATION_CONTEXT() REPRESENTATION_CONTEXT('2D SPACE',''
  ) );
#9348 = ADVANCED_FACE('',(#9349),#8438,.F.);
#9349 = FACE_BOUND('',#9350,.F.);
#9350 = EDGE_LOOP('',(#9351,#9375,#9376,#9377,#9399,#9400,#9424,#9445,
    #9469));
#9351 = ORIENTED_EDGE('',*,*,#9352,.F.);
#9352 = EDGE_CURVE('',#9282,#9353,#9355,.T.);
#9353 = VERTEX_POINT('',#9354);
#9354 = CARTESIAN_POINT('',(117.59509360182,2.95,15.55));
#9355 = SURFACE_CURVE('',#9356,(#9361,#9368),.PCURVE_S1.);
#9356 = CIRCLE('',#9357,19.691881404894);
#9357 = AXIS2_PLACEMENT_3D('',#9358,#9359,#9360);
#9358 = CARTESIAN_POINT('',(98.,2.95,17.5));
#9359 = DIRECTION('',(0.,1.,0.));
#9360 = DIRECTION('',(0.,-0.,1.));
#9361 = PCURVE('',#8438,#9362);
#9362 = DEFINITIONAL_REPRESENTATION('',(#9363),#9367);
#9363 = LINE('',#9364,#9365);
#9364 = CARTESIAN_POINT('',(0.,2.8));
#9365 = VECTOR('',#9366,1.);
#9366 = DIRECTION('',(1.,0.));
#9367 = ( GEOMETRIC_REPRESENTATION_CONTEXT(2) 
PARAMETRIC_REPRESENTATION_CONTEXT() REPRESENTATION_CONTEXT('2D SPACE',''
  ) );
#9368 = PCURVE('',#8730,#9369);
#9369 = DEFINITIONAL_REPRESENTATION('',(#9370),#9374);
#9370 = CIRCLE('',#9371,19.691881404894);
#9371 = AXIS2_PLACEMENT_2D('',#9372,#9373);
#9372 = CARTESIAN_POINT('',(0.,0.));
#9373 = DIRECTION('',(1.,0.));
#9374 = ( GEOMETRIC_REPRESENTATION_CONTEXT(2) 
PARAMETRIC_REPRESENTATION_CONTEXT() REPRESENTATION_CONTEXT('2D SPACE',''
  ) );
#9375 = ORIENTED_EDGE('',*,*,#9281,.F.);
#9376 = ORIENTED_EDGE('',*,*,#8412,.F.);
#9377 = ORIENTED_EDGE('',*,*,#9378,.T.);
#9378 = EDGE_CURVE('',#8387,#8674,#9379,.T.);
#9379 = SURFACE_CURVE('',#9380,(#9385,#9392),.PCURVE_S1.);
#9380 = CIRCLE('',#9381,19.691881404894);
#9381 = AXIS2_PLACEMENT_3D('',#9382,#9383,#9384);
#9382 = CARTESIAN_POINT('',(98.,0.15,17.5));
#9383 = DIRECTION('',(0.,1.,0.));
#9384 = DIRECTION('',(0.,-0.,1.));
#9385 = PCURVE('',#8438,#9386);
#9386 = DEFINITIONAL_REPRESENTATION('',(#9387),#9391);
#9387 = LINE('',#9388,#9389);
#9388 = CARTESIAN_POINT('',(0.,0.));
#9389 = VECTOR('',#9390,1.);
#9390 = DIRECTION('',(1.,0.));
#9391 = ( GEOMETRIC_REPRESENTATION_CONTEXT(2) 
PARAMETRIC_REPRESENTATION_CONTEXT() REPRESENTATION_CONTEXT('2D SPACE',''
  ) );
#9392 = PCURVE('',#8401,#9393);
#9393 = DEFINITIONAL_REPRESENTATION('',(#9394),#9398);
#9394 = CIRCLE('',#9395,19.691881404894);
#9395 = AXIS2_PLACEMENT_2D('',#9396,#9397);
#9396 = CARTESIAN_POINT('',(0.,0.));
#9397 = DIRECTION('',(1.,0.));
#9398 = ( GEOMETRIC_REPRESENTATION_CONTEXT(2) 
PARAMETRIC_REPRESENTATION_CONTEXT() REPRESENTATION_CONTEXT('2D SPACE',''
  ) );
#9399 = ORIENTED_EDGE('',*,*,#8694,.T.);
#9400 = ORIENTED_EDGE('',*,*,#9401,.F.);
#9401 = EDGE_CURVE('',#9402,#8695,#9404,.T.);
#9402 = VERTEX_POINT('',#9403);
#9403 = CARTESIAN_POINT('',(110.39678156879,2.95,2.2));
#9404 = SURFACE_CURVE('',#9405,(#9410,#9417),.PCURVE_S1.);
#9405 = CIRCLE('',#9406,19.691881404894);
#9406 = AXIS2_PLACEMENT_3D('',#9407,#9408,#9409);
#9407 = CARTESIAN_POINT('',(98.,2.95,17.5));
#9408 = DIRECTION('',(0.,1.,0.));
#9409 = DIRECTION('',(0.,-0.,1.));
#9410 = PCURVE('',#8438,#9411);
#9411 = DEFINITIONAL_REPRESENTATION('',(#9412),#9416);
#9412 = LINE('',#9413,#9414);
#9413 = CARTESIAN_POINT('',(0.,2.8));
#9414 = VECTOR('',#9415,1.);
#9415 = DIRECTION('',(1.,0.));
#9416 = ( GEOMETRIC_REPRESENTATION_CONTEXT(2) 
PARAMETRIC_REPRESENTATION_CONTEXT() REPRESENTATION_CONTEXT('2D SPACE',''
  ) );
#9417 = PCURVE('',#8730,#9418);
#9418 = DEFINITIONAL_REPRESENTATION('',(#9419),#9423);
#9419 = CIRCLE('',#9420,19.691881404894);
#9420 = AXIS2_PLACEMENT_2D('',#9421,#9422);
#9421 = CARTESIAN_POINT('',(0.,0.));
#9422 = DIRECTION('',(1.,0.));
#9423 = ( GEOMETRIC_REPRESENTATION_CONTEXT(2) 
PARAMETRIC_REPRESENTATION_CONTEXT() REPRESENTATION_CONTEXT('2D SPACE',''
  ) );
#9424 = ORIENTED_EDGE('',*,*,#9425,.F.);
#9425 = EDGE_CURVE('',#9426,#9402,#9428,.T.);
#9426 = VERTEX_POINT('',#9427);
#9427 = CARTESIAN_POINT('',(110.39678156879,2.4,2.2));
#9428 = SURFACE_CURVE('',#9429,(#9433,#9439),.PCURVE_S1.);
#9429 = LINE('',#9430,#9431);
#9430 = CARTESIAN_POINT('',(110.39678156879,0.15,2.2));
#9431 = VECTOR('',#9432,1.);
#9432 = DIRECTION('',(0.,1.,0.));
#9433 = PCURVE('',#8438,#9434);
#9434 = DEFINITIONAL_REPRESENTATION('',(#9435),#9438);
#9435 = B_SPLINE_CURVE_WITH_KNOTS('',1,(#9436,#9437),.UNSPECIFIED.,.F.,
  .F.,(2,2),(-5.999999999895E-07,2.8000006),.PIECEWISE_BEZIER_KNOTS.);
#9436 = CARTESIAN_POINT('',(2.460634599698,-5.999999999895E-07));
#9437 = CARTESIAN_POINT('',(2.460634599698,2.8000006));
#9438 = ( GEOMETRIC_REPRESENTATION_CONTEXT(2) 
PARAMETRIC_REPRESENTATION_CONTEXT() REPRESENTATION_CONTEXT('2D SPACE',''
  ) );
#9439 = PCURVE('',#9166,#9440);
#9440 = DEFINITIONAL_REPRESENTATION('',(#9441),#9444);
#9441 = B_SPLINE_CURVE_WITH_KNOTS('',1,(#9442,#9443),.UNSPECIFIED.,.F.,
  .F.,(2,2),(-5.999999999895E-07,2.8000006),.PIECEWISE_BEZIER_KNOTS.);
#9442 = CARTESIAN_POINT('',(-9.603218431205,0.1499994));
#9443 = CARTESIAN_POINT('',(-9.603218431205,2.9500006));
#9444 = ( GEOMETRIC_REPRESENTATION_CONTEXT(2) 
PARAMETRIC_REPRESENTATION_CONTEXT() REPRESENTATION_CONTEXT('2D SPACE',''
  ) );
#9445 = ORIENTED_EDGE('',*,*,#9446,.F.);
#9446 = EDGE_CURVE('',#9447,#9426,#9449,.T.);
#9447 = VERTEX_POINT('',#9448);
#9448 = CARTESIAN_POINT('',(117.53254190484,2.4,15.));
#9449 = SURFACE_CURVE('',#9450,(#9455,#9462),.PCURVE_S1.);
#9450 = CIRCLE('',#9451,19.691881404894);
#9451 = AXIS2_PLACEMENT_3D('',#9452,#9453,#9454);
#9452 = CARTESIAN_POINT('',(98.,2.4,17.5));
#9453 = DIRECTION('',(0.,1.,0.));
#9454 = DIRECTION('',(0.,-0.,1.));
#9455 = PCURVE('',#8438,#9456);
#9456 = DEFINITIONAL_REPRESENTATION('',(#9457),#9461);
#9457 = LINE('',#9458,#9459);
#9458 = CARTESIAN_POINT('',(0.,2.25));
#9459 = VECTOR('',#9460,1.);
#9460 = DIRECTION('',(1.,0.));
#9461 = ( GEOMETRIC_REPRESENTATION_CONTEXT(2) 
PARAMETRIC_REPRESENTATION_CONTEXT() REPRESENTATION_CONTEXT('2D SPACE',''
  ) );
#9462 = PCURVE('',#9194,#9463);
#9463 = DEFINITIONAL_REPRESENTATION('',(#9464),#9468);
#9464 = CIRCLE('',#9465,19.691881404894);
#9465 = AXIS2_PLACEMENT_2D('',#9466,#9467);
#9466 = CARTESIAN_POINT('',(-6.,99.));
#9467 = DIRECTION('',(-1.,0.));
#9468 = ( GEOMETRIC_REPRESENTATION_CONTEXT(2) 
PARAMETRIC_REPRESENTATION_CONTEXT() REPRESENTATION_CONTEXT('2D SPACE',''
  ) );
#9469 = ORIENTED_EDGE('',*,*,#9470,.T.);
#9470 = EDGE_CURVE('',#9447,#9353,#9471,.T.);
#9471 = SURFACE_CURVE('',#9472,(#9477,#9487),.PCURVE_S1.);
#9472 = ELLIPSE('',#9473,27.848525751443,19.691881404894);
#9473 = AXIS2_PLACEMENT_3D('',#9474,#9475,#9476);
#9474 = CARTESIAN_POINT('',(98.,4.9,17.5));
#9475 = DIRECTION('',(0.,-0.707106781187,0.707106781187));
#9476 = DIRECTION('',(0.,0.707106781187,0.707106781187));
#9477 = PCURVE('',#8438,#9478);
#9478 = DEFINITIONAL_REPRESENTATION('',(#9479),#9486);
#9479 = B_SPLINE_CURVE_WITH_KNOTS('',5,(#9480,#9481,#9482,#9483,#9484,
    #9485),.UNSPECIFIED.,.F.,.F.,(6,6),(4.574843347582,4.613200869604),
  .PIECEWISE_BEZIER_KNOTS.);
#9480 = CARTESIAN_POINT('',(1.708341959597,2.05));
#9481 = CARTESIAN_POINT('',(1.700670455193,2.199639609254));
#9482 = CARTESIAN_POINT('',(1.692998950789,2.34947784394));
#9483 = CARTESIAN_POINT('',(1.685327446385,2.499496357003));
#9484 = CARTESIAN_POINT('',(1.67765594198,2.649676752673));
#9485 = CARTESIAN_POINT('',(1.669984437576,2.8000006));
#9486 = ( GEOMETRIC_REPRESENTATION_CONTEXT(2) 
PARAMETRIC_REPRESENTATION_CONTEXT() REPRESENTATION_CONTEXT('2D SPACE',''
  ) );
#9487 = PCURVE('',#9221,#9488);
#9488 = DEFINITIONAL_REPRESENTATION('',(#9489),#9493);
#9489 = ELLIPSE('',#9490,27.848525751443,19.691881404894);
#9490 = AXIS2_PLACEMENT_2D('',#9491,#9492);
#9491 = CARTESIAN_POINT('',(-3.535533905933,-41.));
#9492 = DIRECTION('',(-1.,0.));
#9493 = ( GEOMETRIC_REPRESENTATION_CONTEXT(2) 
PARAMETRIC_REPRESENTATION_CONTEXT() REPRESENTATION_CONTEXT('2D SPACE',''
  ) );
#9494 = ADVANCED_FACE('',(#9495),#8401,.T.);
#9495 = FACE_BOUND('',#9496,.T.);
#9496 = EDGE_LOOP('',(#9497,#9498,#9499,#9500,#9501,#9502));
#9497 = ORIENTED_EDGE('',*,*,#8386,.T.);
#9498 = ORIENTED_EDGE('',*,*,#9378,.T.);
#9499 = ORIENTED_EDGE('',*,*,#8673,.F.);
#9500 = ORIENTED_EDGE('',*,*,#8626,.T.);
#9501 = ORIENTED_EDGE('',*,*,#8579,.T.);
#9502 = ORIENTED_EDGE('',*,*,#8531,.T.);
#9503 = ADVANCED_FACE('',(#9504),#9001,.T.);
#9504 = FACE_BOUND('',#9505,.T.);
#9505 = EDGE_LOOP('',(#9506,#9507,#9508,#9531,#9559,#9586,#9613,#9640));
#9506 = ORIENTED_EDGE('',*,*,#9018,.F.);
#9507 = ORIENTED_EDGE('',*,*,#8987,.F.);
#9508 = ORIENTED_EDGE('',*,*,#9509,.T.);
#9509 = EDGE_CURVE('',#8960,#9510,#9512,.T.);
#9510 = VERTEX_POINT('',#9511);
#9511 = CARTESIAN_POINT('',(105.8,26.,2.2));
#9512 = SURFACE_CURVE('',#9513,(#9517,#9524),.PCURVE_S1.);
#9513 = LINE('',#9514,#9515);
#9514 = CARTESIAN_POINT('',(105.8,26.,0.));
#9515 = VECTOR('',#9516,1.);
#9516 = DIRECTION('',(-0.,-0.,1.));
#9517 = PCURVE('',#9001,#9518);
#9518 = DEFINITIONAL_REPRESENTATION('',(#9519),#9523);
#9519 = LINE('',#9520,#9521);
#9520 = CARTESIAN_POINT('',(0.1,29.8));
#9521 = VECTOR('',#9522,1.);
#9522 = DIRECTION('',(1.,0.));
#9523 = ( GEOMETRIC_REPRESENTATION_CONTEXT(2) 
PARAMETRIC_REPRESENTATION_CONTEXT() REPRESENTATION_CONTEXT('2D SPACE',''
  ) );
#9524 = PCURVE('',#8975,#9525);
#9525 = DEFINITIONAL_REPRESENTATION('',(#9526),#9530);
#9526 = LINE('',#9527,#9528);
#9527 = CARTESIAN_POINT('',(-0.,-26.));
#9528 = VECTOR('',#9529,1.);
#9529 = DIRECTION('',(-1.,-0.));
#9530 = ( GEOMETRIC_REPRESENTATION_CONTEXT(2) 
PARAMETRIC_REPRESENTATION_CONTEXT() REPRESENTATION_CONTEXT('2D SPACE',''
  ) );
#9531 = ORIENTED_EDGE('',*,*,#9532,.F.);
#9532 = EDGE_CURVE('',#9533,#9510,#9535,.T.);
#9533 = VERTEX_POINT('',#9534);
#9534 = CARTESIAN_POINT('',(105.9,26.,2.2));
#9535 = SURFACE_CURVE('',#9536,(#9540,#9547),.PCURVE_S1.);
#9536 = LINE('',#9537,#9538);
#9537 = CARTESIAN_POINT('',(120.,26.,2.2));
#9538 = VECTOR('',#9539,1.);
#9539 = DIRECTION('',(-1.,-0.,-0.));
#9540 = PCURVE('',#9001,#9541);
#9541 = DEFINITIONAL_REPRESENTATION('',(#9542),#9546);
#9542 = LINE('',#9543,#9544);
#9543 = CARTESIAN_POINT('',(2.3,44.));
#9544 = VECTOR('',#9545,1.);
#9545 = DIRECTION('',(-0.,-1.));
#9546 = ( GEOMETRIC_REPRESENTATION_CONTEXT(2) 
PARAMETRIC_REPRESENTATION_CONTEXT() REPRESENTATION_CONTEXT('2D SPACE',''
  ) );
#9547 = PCURVE('',#9548,#9553);
#9548 = PLANE('',#9549);
#9549 = AXIS2_PLACEMENT_3D('',#9550,#9551,#9552);
#9550 = CARTESIAN_POINT('',(120.,0.,2.2));
#9551 = DIRECTION('',(-0.,-0.,1.));
#9552 = DIRECTION('',(1.,0.,0.));
#9553 = DEFINITIONAL_REPRESENTATION('',(#9554),#9558);
#9554 = LINE('',#9555,#9556);
#9555 = CARTESIAN_POINT('',(0.,26.));
#9556 = VECTOR('',#9557,1.);
#9557 = DIRECTION('',(-1.,0.));
#9558 = ( GEOMETRIC_REPRESENTATION_CONTEXT(2) 
PARAMETRIC_REPRESENTATION_CONTEXT() REPRESENTATION_CONTEXT('2D SPACE',''
  ) );
#9559 = ORIENTED_EDGE('',*,*,#9560,.F.);
#9560 = EDGE_CURVE('',#9561,#9533,#9563,.T.);
#9561 = VERTEX_POINT('',#9562);
#9562 = CARTESIAN_POINT('',(105.9,26.,11.5));
#9563 = SURFACE_CURVE('',#9564,(#9568,#9575),.PCURVE_S1.);
#9564 = LINE('',#9565,#9566);
#9565 = CARTESIAN_POINT('',(105.9,26.,-0.55));
#9566 = VECTOR('',#9567,1.);
#9567 = DIRECTION('',(0.,0.,-1.));
#9568 = PCURVE('',#9001,#9569);
#9569 = DEFINITIONAL_REPRESENTATION('',(#9570),#9574);
#9570 = LINE('',#9571,#9572);
#9571 = CARTESIAN_POINT('',(-0.45,29.9));
#9572 = VECTOR('',#9573,1.);
#9573 = DIRECTION('',(-1.,0.));
#9574 = ( GEOMETRIC_REPRESENTATION_CONTEXT(2) 
PARAMETRIC_REPRESENTATION_CONTEXT() REPRESENTATION_CONTEXT('2D SPACE',''
  ) );
#9575 = PCURVE('',#9576,#9581);
#9576 = PLANE('',#9577);
#9577 = AXIS2_PLACEMENT_3D('',#9578,#9579,#9580);
#9578 = CARTESIAN_POINT('',(105.9,-0.1,-1.));
#9579 = DIRECTION('',(-1.,-0.,-0.));
#9580 = DIRECTION('',(0.,0.,-1.));
#9581 = DEFINITIONAL_REPRESENTATION('',(#9582),#9585);
#9582 = B_SPLINE_CURVE_WITH_KNOTS('',1,(#9583,#9584),.UNSPECIFIED.,.F.,
  .F.,(2,2),(-12.05,-0.55),.PIECEWISE_BEZIER_KNOTS.);
#9583 = CARTESIAN_POINT('',(-12.5,-26.1));
#9584 = CARTESIAN_POINT('',(-1.,-26.1));
#9585 = ( GEOMETRIC_REPRESENTATION_CONTEXT(2) 
PARAMETRIC_REPRESENTATION_CONTEXT() REPRESENTATION_CONTEXT('2D SPACE',''
  ) );
#9586 = ORIENTED_EDGE('',*,*,#9587,.T.);
#9587 = EDGE_CURVE('',#9561,#9588,#9590,.T.);
#9588 = VERTEX_POINT('',#9589);
#9589 = CARTESIAN_POINT('',(106.5,26.,11.5));
#9590 = SURFACE_CURVE('',#9591,(#9595,#9602),.PCURVE_S1.);
#9591 = LINE('',#9592,#9593);
#9592 = CARTESIAN_POINT('',(136.5,26.,11.5));
#9593 = VECTOR('',#9594,1.);
#9594 = DIRECTION('',(1.,0.,0.));
#9595 = PCURVE('',#9001,#9596);
#9596 = DEFINITIONAL_REPRESENTATION('',(#9597),#9601);
#9597 = LINE('',#9598,#9599);
#9598 = CARTESIAN_POINT('',(11.6,60.5));
#9599 = VECTOR('',#9600,1.);
#9600 = DIRECTION('',(0.,1.));
#9601 = ( GEOMETRIC_REPRESENTATION_CONTEXT(2) 
PARAMETRIC_REPRESENTATION_CONTEXT() REPRESENTATION_CONTEXT('2D SPACE',''
  ) );
#9602 = PCURVE('',#9603,#9608);
#9603 = PLANE('',#9604);
#9604 = AXIS2_PLACEMENT_3D('',#9605,#9606,#9607);
#9605 = CARTESIAN_POINT('',(197.,-1.,11.5));
#9606 = DIRECTION('',(-0.,-0.,1.));
#9607 = DIRECTION('',(1.,0.,0.));
#9608 = DEFINITIONAL_REPRESENTATION('',(#9609),#9612);
#9609 = B_SPLINE_CURVE_WITH_KNOTS('',1,(#9610,#9611),.UNSPECIFIED.,.F.,
  .F.,(2,2),(-38.3,-30.),.PIECEWISE_BEZIER_KNOTS.);
#9610 = CARTESIAN_POINT('',(-98.8,27.));
#9611 = CARTESIAN_POINT('',(-90.5,27.));
#9612 = ( GEOMETRIC_REPRESENTATION_CONTEXT(2) 
PARAMETRIC_REPRESENTATION_CONTEXT() REPRESENTATION_CONTEXT('2D SPACE',''
  ) );
#9613 = ORIENTED_EDGE('',*,*,#9614,.F.);
#9614 = EDGE_CURVE('',#9615,#9588,#9617,.T.);
#9615 = VERTEX_POINT('',#9616);
#9616 = CARTESIAN_POINT('',(106.5,26.,2.2));
#9617 = SURFACE_CURVE('',#9618,(#9622,#9629),.PCURVE_S1.);
#9618 = LINE('',#9619,#9620);
#9619 = CARTESIAN_POINT('',(106.5,26.,1.05));
#9620 = VECTOR('',#9621,1.);
#9621 = DIRECTION('',(0.,-0.,1.));
#9622 = PCURVE('',#9001,#9623);
#9623 = DEFINITIONAL_REPRESENTATION('',(#9624),#9628);
#9624 = LINE('',#9625,#9626);
#9625 = CARTESIAN_POINT('',(1.15,30.5));
#9626 = VECTOR('',#9627,1.);
#9627 = DIRECTION('',(1.,0.));
#9628 = ( GEOMETRIC_REPRESENTATION_CONTEXT(2) 
PARAMETRIC_REPRESENTATION_CONTEXT() REPRESENTATION_CONTEXT('2D SPACE',''
  ) );
#9629 = PCURVE('',#9630,#9635);
#9630 = PLANE('',#9631);
#9631 = AXIS2_PLACEMENT_3D('',#9632,#9633,#9634);
#9632 = CARTESIAN_POINT('',(106.5,2.4,2.2));
#9633 = DIRECTION('',(-1.,-0.,-0.));
#9634 = DIRECTION('',(0.,0.,-1.));
#9635 = DEFINITIONAL_REPRESENTATION('',(#9636),#9639);
#9636 = B_SPLINE_CURVE_WITH_KNOTS('',1,(#9637,#9638),.UNSPECIFIED.,.F.,
  .F.,(2,2),(1.15,10.45),.PIECEWISE_BEZIER_KNOTS.);
#9637 = CARTESIAN_POINT('',(0.,-23.6));
#9638 = CARTESIAN_POINT('',(-9.3,-23.6));
#9639 = ( GEOMETRIC_REPRESENTATION_CONTEXT(2) 
PARAMETRIC_REPRESENTATION_CONTEXT() REPRESENTATION_CONTEXT('2D SPACE',''
  ) );
#9640 = ORIENTED_EDGE('',*,*,#9641,.T.);
#9641 = EDGE_CURVE('',#9615,#9019,#9642,.T.);
#9642 = SURFACE_CURVE('',#9643,(#9647,#9654),.PCURVE_S1.);
#9643 = LINE('',#9644,#9645);
#9644 = CARTESIAN_POINT('',(134.8,26.,2.2));
#9645 = VECTOR('',#9646,1.);
#9646 = DIRECTION('',(1.,0.,0.));
#9647 = PCURVE('',#9001,#9648);
#9648 = DEFINITIONAL_REPRESENTATION('',(#9649),#9653);
#9649 = LINE('',#9650,#9651);
#9650 = CARTESIAN_POINT('',(2.3,58.8));
#9651 = VECTOR('',#9652,1.);
#9652 = DIRECTION('',(0.,1.));
#9653 = ( GEOMETRIC_REPRESENTATION_CONTEXT(2) 
PARAMETRIC_REPRESENTATION_CONTEXT() REPRESENTATION_CONTEXT('2D SPACE',''
  ) );
#9654 = PCURVE('',#9057,#9655);
#9655 = DEFINITIONAL_REPRESENTATION('',(#9656),#9660);
#9656 = LINE('',#9657,#9658);
#9657 = CARTESIAN_POINT('',(14.8,26.));
#9658 = VECTOR('',#9659,1.);
#9659 = DIRECTION('',(1.,-0.));
#9660 = ( GEOMETRIC_REPRESENTATION_CONTEXT(2) 
PARAMETRIC_REPRESENTATION_CONTEXT() REPRESENTATION_CONTEXT('2D SPACE',''
  ) );
#9661 = ADVANCED_FACE('',(#9662),#8975,.T.);
#9662 = FACE_BOUND('',#9663,.F.);
#9663 = EDGE_LOOP('',(#9664,#9687,#9706,#9707));
#9664 = ORIENTED_EDGE('',*,*,#9665,.F.);
#9665 = EDGE_CURVE('',#9666,#9510,#9668,.T.);
#9666 = VERTEX_POINT('',#9667);
#9667 = CARTESIAN_POINT('',(105.8,9.45,2.2));
#9668 = SURFACE_CURVE('',#9669,(#9673,#9680),.PCURVE_S1.);
#9669 = LINE('',#9670,#9671);
#9670 = CARTESIAN_POINT('',(105.8,0.,2.2));
#9671 = VECTOR('',#9672,1.);
#9672 = DIRECTION('',(-0.,1.,-0.));
#9673 = PCURVE('',#8975,#9674);
#9674 = DEFINITIONAL_REPRESENTATION('',(#9675),#9679);
#9675 = LINE('',#9676,#9677);
#9676 = CARTESIAN_POINT('',(-2.2,-0.));
#9677 = VECTOR('',#9678,1.);
#9678 = DIRECTION('',(-0.,-1.));
#9679 = ( GEOMETRIC_REPRESENTATION_CONTEXT(2) 
PARAMETRIC_REPRESENTATION_CONTEXT() REPRESENTATION_CONTEXT('2D SPACE',''
  ) );
#9680 = PCURVE('',#9548,#9681);
#9681 = DEFINITIONAL_REPRESENTATION('',(#9682),#9686);
#9682 = LINE('',#9683,#9684);
#9683 = CARTESIAN_POINT('',(-14.2,0.));
#9684 = VECTOR('',#9685,1.);
#9685 = DIRECTION('',(-0.,1.));
#9686 = ( GEOMETRIC_REPRESENTATION_CONTEXT(2) 
PARAMETRIC_REPRESENTATION_CONTEXT() REPRESENTATION_CONTEXT('2D SPACE',''
  ) );
#9687 = ORIENTED_EDGE('',*,*,#9688,.F.);
#9688 = EDGE_CURVE('',#8934,#9666,#9689,.T.);
#9689 = SURFACE_CURVE('',#9690,(#9694,#9700),.PCURVE_S1.);
#9690 = LINE('',#9691,#9692);
#9691 = CARTESIAN_POINT('',(105.8,9.45,8.75));
#9692 = VECTOR('',#9693,1.);
#9693 = DIRECTION('',(0.,0.,1.));
#9694 = PCURVE('',#8975,#9695);
#9695 = DEFINITIONAL_REPRESENTATION('',(#9696),#9699);
#9696 = B_SPLINE_CURVE_WITH_KNOTS('',1,(#9697,#9698),.UNSPECIFIED.,.F.,
  .F.,(2,2),(-8.75,-6.55),.PIECEWISE_BEZIER_KNOTS.);
#9697 = CARTESIAN_POINT('',(0.,-9.45));
#9698 = CARTESIAN_POINT('',(-2.2,-9.45));
#9699 = ( GEOMETRIC_REPRESENTATION_CONTEXT(2) 
PARAMETRIC_REPRESENTATION_CONTEXT() REPRESENTATION_CONTEXT('2D SPACE',''
  ) );
#9700 = PCURVE('',#8948,#9701);
#9701 = DEFINITIONAL_REPRESENTATION('',(#9702),#9705);
#9702 = B_SPLINE_CURVE_WITH_KNOTS('',1,(#9703,#9704),.UNSPECIFIED.,.F.,
  .F.,(2,2),(-8.75,-6.55),.PIECEWISE_BEZIER_KNOTS.);
#9703 = CARTESIAN_POINT('',(-17.5,7.8));
#9704 = CARTESIAN_POINT('',(-15.3,7.8));
#9705 = ( GEOMETRIC_REPRESENTATION_CONTEXT(2) 
PARAMETRIC_REPRESENTATION_CONTEXT() REPRESENTATION_CONTEXT('2D SPACE',''
  ) );
#9706 = ORIENTED_EDGE('',*,*,#8959,.T.);
#9707 = ORIENTED_EDGE('',*,*,#9509,.T.);
#9708 = ADVANCED_FACE('',(#9709),#8948,.F.);
#9709 = FACE_BOUND('',#9710,.F.);
#9710 = EDGE_LOOP('',(#9711,#9734,#9756,#9757,#9758,#9779,#9800,#9821));
#9711 = ORIENTED_EDGE('',*,*,#9712,.T.);
#9712 = EDGE_CURVE('',#9713,#9715,#9717,.T.);
#9713 = VERTEX_POINT('',#9714);
#9714 = CARTESIAN_POINT('',(106.5,9.45,2.2));
#9715 = VERTEX_POINT('',#9716);
#9716 = CARTESIAN_POINT('',(110.39678156879,9.45,2.2));
#9717 = SURFACE_CURVE('',#9718,(#9722,#9728),.PCURVE_S1.);
#9718 = LINE('',#9719,#9720);
#9719 = CARTESIAN_POINT('',(109.,9.45,2.2));
#9720 = VECTOR('',#9721,1.);
#9721 = DIRECTION('',(1.,-0.,0.));
#9722 = PCURVE('',#8948,#9723);
#9723 = DEFINITIONAL_REPRESENTATION('',(#9724),#9727);
#9724 = B_SPLINE_CURVE_WITH_KNOTS('',1,(#9725,#9726),.UNSPECIFIED.,.F.,
  .F.,(2,2),(-3.2,8.691881404894),.PIECEWISE_BEZIER_KNOTS.);
#9725 = CARTESIAN_POINT('',(-15.3,7.8));
#9726 = CARTESIAN_POINT('',(-15.3,19.691881404894));
#9727 = ( GEOMETRIC_REPRESENTATION_CONTEXT(2) 
PARAMETRIC_REPRESENTATION_CONTEXT() REPRESENTATION_CONTEXT('2D SPACE',''
  ) );
#9728 = PCURVE('',#9057,#9729);
#9729 = DEFINITIONAL_REPRESENTATION('',(#9730),#9733);
#9730 = B_SPLINE_CURVE_WITH_KNOTS('',1,(#9731,#9732),.UNSPECIFIED.,.F.,
  .F.,(2,2),(-3.2,8.691881404894),.PIECEWISE_BEZIER_KNOTS.);
#9731 = CARTESIAN_POINT('',(-14.2,9.45));
#9732 = CARTESIAN_POINT('',(-2.308118595106,9.45));
#9733 = ( GEOMETRIC_REPRESENTATION_CONTEXT(2) 
PARAMETRIC_REPRESENTATION_CONTEXT() REPRESENTATION_CONTEXT('2D SPACE',''
  ) );
#9734 = ORIENTED_EDGE('',*,*,#9735,.T.);
#9735 = EDGE_CURVE('',#9715,#8908,#9736,.T.);
#9736 = SURFACE_CURVE('',#9737,(#9742,#9749),.PCURVE_S1.);
#9737 = CIRCLE('',#9738,19.691881404894);
#9738 = AXIS2_PLACEMENT_3D('',#9739,#9740,#9741);
#9739 = CARTESIAN_POINT('',(98.,9.45,17.5));
#9740 = DIRECTION('',(0.,1.,0.));
#9741 = DIRECTION('',(0.,-0.,1.));
#9742 = PCURVE('',#8948,#9743);
#9743 = DEFINITIONAL_REPRESENTATION('',(#9744),#9748);
#9744 = CIRCLE('',#9745,19.691881404894);
#9745 = AXIS2_PLACEMENT_2D('',#9746,#9747);
#9746 = CARTESIAN_POINT('',(0.,0.));
#9747 = DIRECTION('',(1.,0.));
#9748 = ( GEOMETRIC_REPRESENTATION_CONTEXT(2) 
PARAMETRIC_REPRESENTATION_CONTEXT() REPRESENTATION_CONTEXT('2D SPACE',''
  ) );
#9749 = PCURVE('',#8922,#9750);
#9750 = DEFINITIONAL_REPRESENTATION('',(#9751),#9755);
#9751 = LINE('',#9752,#9753);
#9752 = CARTESIAN_POINT('',(0.,2.8));
#9753 = VECTOR('',#9754,1.);
#9754 = DIRECTION('',(1.,0.));
#9755 = ( GEOMETRIC_REPRESENTATION_CONTEXT(2) 
PARAMETRIC_REPRESENTATION_CONTEXT() REPRESENTATION_CONTEXT('2D SPACE',''
  ) );
#9756 = ORIENTED_EDGE('',*,*,#8933,.F.);
#9757 = ORIENTED_EDGE('',*,*,#9688,.T.);
#9758 = ORIENTED_EDGE('',*,*,#9759,.T.);
#9759 = EDGE_CURVE('',#9666,#9760,#9762,.T.);
#9760 = VERTEX_POINT('',#9761);
#9761 = CARTESIAN_POINT('',(105.9,9.45,2.2));
#9762 = SURFACE_CURVE('',#9763,(#9767,#9773),.PCURVE_S1.);
#9763 = LINE('',#9764,#9765);
#9764 = CARTESIAN_POINT('',(109.,9.45,2.2));
#9765 = VECTOR('',#9766,1.);
#9766 = DIRECTION('',(1.,-0.,0.));
#9767 = PCURVE('',#8948,#9768);
#9768 = DEFINITIONAL_REPRESENTATION('',(#9769),#9772);
#9769 = B_SPLINE_CURVE_WITH_KNOTS('',1,(#9770,#9771),.UNSPECIFIED.,.F.,
  .F.,(2,2),(-3.2,8.691881404894),.PIECEWISE_BEZIER_KNOTS.);
#9770 = CARTESIAN_POINT('',(-15.3,7.8));
#9771 = CARTESIAN_POINT('',(-15.3,19.691881404894));
#9772 = ( GEOMETRIC_REPRESENTATION_CONTEXT(2) 
PARAMETRIC_REPRESENTATION_CONTEXT() REPRESENTATION_CONTEXT('2D SPACE',''
  ) );
#9773 = PCURVE('',#9548,#9774);
#9774 = DEFINITIONAL_REPRESENTATION('',(#9775),#9778);
#9775 = B_SPLINE_CURVE_WITH_KNOTS('',1,(#9776,#9777),.UNSPECIFIED.,.F.,
  .F.,(2,2),(-3.2,8.691881404894),.PIECEWISE_BEZIER_KNOTS.);
#9776 = CARTESIAN_POINT('',(-14.2,9.45));
#9777 = CARTESIAN_POINT('',(-2.308118595106,9.45));
#9778 = ( GEOMETRIC_REPRESENTATION_CONTEXT(2) 
PARAMETRIC_REPRESENTATION_CONTEXT() REPRESENTATION_CONTEXT('2D SPACE',''
  ) );
#9779 = ORIENTED_EDGE('',*,*,#9780,.T.);
#9780 = EDGE_CURVE('',#9760,#9781,#9783,.T.);
#9781 = VERTEX_POINT('',#9782);
#9782 = CARTESIAN_POINT('',(105.9,9.45,11.5));
#9783 = SURFACE_CURVE('',#9784,(#9788,#9794),.PCURVE_S1.);
#9784 = LINE('',#9785,#9786);
#9785 = CARTESIAN_POINT('',(105.9,9.45,8.25));
#9786 = VECTOR('',#9787,1.);
#9787 = DIRECTION('',(0.,0.,1.));
#9788 = PCURVE('',#8948,#9789);
#9789 = DEFINITIONAL_REPRESENTATION('',(#9790),#9793);
#9790 = B_SPLINE_CURVE_WITH_KNOTS('',1,(#9791,#9792),.UNSPECIFIED.,.F.,
  .F.,(2,2),(-6.05,3.25),.PIECEWISE_BEZIER_KNOTS.);
#9791 = CARTESIAN_POINT('',(-15.3,7.9));
#9792 = CARTESIAN_POINT('',(-6.,7.9));
#9793 = ( GEOMETRIC_REPRESENTATION_CONTEXT(2) 
PARAMETRIC_REPRESENTATION_CONTEXT() REPRESENTATION_CONTEXT('2D SPACE',''
  ) );
#9794 = PCURVE('',#9576,#9795);
#9795 = DEFINITIONAL_REPRESENTATION('',(#9796),#9799);
#9796 = B_SPLINE_CURVE_WITH_KNOTS('',1,(#9797,#9798),.UNSPECIFIED.,.F.,
  .F.,(2,2),(-6.05,3.25),.PIECEWISE_BEZIER_KNOTS.);
#9797 = CARTESIAN_POINT('',(-3.2,-9.55));
#9798 = CARTESIAN_POINT('',(-12.5,-9.55));
#9799 = ( GEOMETRIC_REPRESENTATION_CONTEXT(2) 
PARAMETRIC_REPRESENTATION_CONTEXT() REPRESENTATION_CONTEXT('2D SPACE',''
  ) );
#9800 = ORIENTED_EDGE('',*,*,#9801,.T.);
#9801 = EDGE_CURVE('',#9781,#9802,#9804,.T.);
#9802 = VERTEX_POINT('',#9803);
#9803 = CARTESIAN_POINT('',(106.5,9.45,11.5));
#9804 = SURFACE_CURVE('',#9805,(#9809,#9815),.PCURVE_S1.);
#9805 = LINE('',#9806,#9807);
#9806 = CARTESIAN_POINT('',(147.5,9.45,11.5));
#9807 = VECTOR('',#9808,1.);
#9808 = DIRECTION('',(1.,-0.,0.));
#9809 = PCURVE('',#8948,#9810);
#9810 = DEFINITIONAL_REPRESENTATION('',(#9811),#9814);
#9811 = B_SPLINE_CURVE_WITH_KNOTS('',1,(#9812,#9813),.UNSPECIFIED.,.F.,
  .F.,(2,2),(-41.6,-41.),.PIECEWISE_BEZIER_KNOTS.);
#9812 = CARTESIAN_POINT('',(-6.,7.9));
#9813 = CARTESIAN_POINT('',(-6.,8.5));
#9814 = ( GEOMETRIC_REPRESENTATION_CONTEXT(2) 
PARAMETRIC_REPRESENTATION_CONTEXT() REPRESENTATION_CONTEXT('2D SPACE',''
  ) );
#9815 = PCURVE('',#9603,#9816);
#9816 = DEFINITIONAL_REPRESENTATION('',(#9817),#9820);
#9817 = B_SPLINE_CURVE_WITH_KNOTS('',1,(#9818,#9819),.UNSPECIFIED.,.F.,
  .F.,(2,2),(-41.6,-41.),.PIECEWISE_BEZIER_KNOTS.);
#9818 = CARTESIAN_POINT('',(-91.1,10.45));
#9819 = CARTESIAN_POINT('',(-90.5,10.45));
#9820 = ( GEOMETRIC_REPRESENTATION_CONTEXT(2) 
PARAMETRIC_REPRESENTATION_CONTEXT() REPRESENTATION_CONTEXT('2D SPACE',''
  ) );
#9821 = ORIENTED_EDGE('',*,*,#9822,.F.);
#9822 = EDGE_CURVE('',#9713,#9802,#9823,.T.);
#9823 = SURFACE_CURVE('',#9824,(#9828,#9834),.PCURVE_S1.);
#9824 = LINE('',#9825,#9826);
#9825 = CARTESIAN_POINT('',(106.5,9.45,9.85));
#9826 = VECTOR('',#9827,1.);
#9827 = DIRECTION('',(0.,0.,1.));
#9828 = PCURVE('',#8948,#9829);
#9829 = DEFINITIONAL_REPRESENTATION('',(#9830),#9833);
#9830 = B_SPLINE_CURVE_WITH_KNOTS('',1,(#9831,#9832),.UNSPECIFIED.,.F.,
  .F.,(2,2),(-7.65,1.65),.PIECEWISE_BEZIER_KNOTS.);
#9831 = CARTESIAN_POINT('',(-15.3,8.5));
#9832 = CARTESIAN_POINT('',(-6.,8.5));
#9833 = ( GEOMETRIC_REPRESENTATION_CONTEXT(2) 
PARAMETRIC_REPRESENTATION_CONTEXT() REPRESENTATION_CONTEXT('2D SPACE',''
  ) );
#9834 = PCURVE('',#9630,#9835);
#9835 = DEFINITIONAL_REPRESENTATION('',(#9836),#9839);
#9836 = B_SPLINE_CURVE_WITH_KNOTS('',1,(#9837,#9838),.UNSPECIFIED.,.F.,
  .F.,(2,2),(-7.65,1.65),.PIECEWISE_BEZIER_KNOTS.);
#9837 = CARTESIAN_POINT('',(0.,-7.05));
#9838 = CARTESIAN_POINT('',(-9.3,-7.05));
#9839 = ( GEOMETRIC_REPRESENTATION_CONTEXT(2) 
PARAMETRIC_REPRESENTATION_CONTEXT() REPRESENTATION_CONTEXT('2D SPACE',''
  ) );
#9840 = ADVANCED_FACE('',(#9841),#8922,.F.);
#9841 = FACE_BOUND('',#9842,.F.);
#9842 = EDGE_LOOP('',(#9843,#9844,#9865,#9889,#9912,#9936,#9958,#9980));
#9843 = ORIENTED_EDGE('',*,*,#9735,.F.);
#9844 = ORIENTED_EDGE('',*,*,#9845,.F.);
#9845 = EDGE_CURVE('',#9846,#9715,#9848,.T.);
#9846 = VERTEX_POINT('',#9847);
#9847 = CARTESIAN_POINT('',(110.39678156879,8.,2.2));
#9848 = SURFACE_CURVE('',#9849,(#9853,#9859),.PCURVE_S1.);
#9849 = LINE('',#9850,#9851);
#9850 = CARTESIAN_POINT('',(110.39678156879,6.65,2.2));
#9851 = VECTOR('',#9852,1.);
#9852 = DIRECTION('',(0.,1.,0.));
#9853 = PCURVE('',#8922,#9854);
#9854 = DEFINITIONAL_REPRESENTATION('',(#9855),#9858);
#9855 = B_SPLINE_CURVE_WITH_KNOTS('',1,(#9856,#9857),.UNSPECIFIED.,.F.,
  .F.,(2,2),(-5.999999999062E-07,2.8000006),.PIECEWISE_BEZIER_KNOTS.);
#9856 = CARTESIAN_POINT('',(2.460634599698,-5.999999999062E-07));
#9857 = CARTESIAN_POINT('',(2.460634599698,2.8000006));
#9858 = ( GEOMETRIC_REPRESENTATION_CONTEXT(2) 
PARAMETRIC_REPRESENTATION_CONTEXT() REPRESENTATION_CONTEXT('2D SPACE',''
  ) );
#9859 = PCURVE('',#9057,#9860);
#9860 = DEFINITIONAL_REPRESENTATION('',(#9861),#9864);
#9861 = B_SPLINE_CURVE_WITH_KNOTS('',1,(#9862,#9863),.UNSPECIFIED.,.F.,
  .F.,(2,2),(-5.999999999062E-07,2.8000006),.PIECEWISE_BEZIER_KNOTS.);
#9862 = CARTESIAN_POINT('',(-9.603218431205,6.6499994));
#9863 = CARTESIAN_POINT('',(-9.603218431205,9.4500006));
#9864 = ( GEOMETRIC_REPRESENTATION_CONTEXT(2) 
PARAMETRIC_REPRESENTATION_CONTEXT() REPRESENTATION_CONTEXT('2D SPACE',''
  ) );
#9865 = ORIENTED_EDGE('',*,*,#9866,.F.);
#9866 = EDGE_CURVE('',#9867,#9846,#9869,.T.);
#9867 = VERTEX_POINT('',#9868);
#9868 = CARTESIAN_POINT('',(111.53810153841,8.,3.2));
#9869 = SURFACE_CURVE('',#9870,(#9875,#9882),.PCURVE_S1.);
#9870 = CIRCLE('',#9871,19.691881404894);
#9871 = AXIS2_PLACEMENT_3D('',#9872,#9873,#9874);
#9872 = CARTESIAN_POINT('',(98.,8.,17.5));
#9873 = DIRECTION('',(0.,1.,0.));
#9874 = DIRECTION('',(0.,-0.,1.));
#9875 = PCURVE('',#8922,#9876);
#9876 = DEFINITIONAL_REPRESENTATION('',(#9877),#9881);
#9877 = LINE('',#9878,#9879);
#9878 = CARTESIAN_POINT('',(0.,1.35));
#9879 = VECTOR('',#9880,1.);
#9880 = DIRECTION('',(1.,0.));
#9881 = ( GEOMETRIC_REPRESENTATION_CONTEXT(2) 
PARAMETRIC_REPRESENTATION_CONTEXT() REPRESENTATION_CONTEXT('2D SPACE',''
  ) );
#9882 = PCURVE('',#9085,#9883);
#9883 = DEFINITIONAL_REPRESENTATION('',(#9884),#9888);
#9884 = CIRCLE('',#9885,19.691881404894);
#9885 = AXIS2_PLACEMENT_2D('',#9886,#9887);
#9886 = CARTESIAN_POINT('',(-15.31,86.));
#9887 = DIRECTION('',(-1.,0.));
#9888 = ( GEOMETRIC_REPRESENTATION_CONTEXT(2) 
PARAMETRIC_REPRESENTATION_CONTEXT() REPRESENTATION_CONTEXT('2D SPACE',''
  ) );
#9889 = ORIENTED_EDGE('',*,*,#9890,.F.);
#9890 = EDGE_CURVE('',#9891,#9867,#9893,.T.);
#9891 = VERTEX_POINT('',#9892);
#9892 = CARTESIAN_POINT('',(111.53810153841,6.,3.2));
#9893 = SURFACE_CURVE('',#9894,(#9898,#9905),.PCURVE_S1.);
#9894 = LINE('',#9895,#9896);
#9895 = CARTESIAN_POINT('',(111.53810153841,6.,3.2));
#9896 = VECTOR('',#9897,1.);
#9897 = DIRECTION('',(0.,1.,0.));
#9898 = PCURVE('',#8922,#9899);
#9899 = DEFINITIONAL_REPRESENTATION('',(#9900),#9904);
#9900 = LINE('',#9901,#9902);
#9901 = CARTESIAN_POINT('',(2.383556568415,-0.65));
#9902 = VECTOR('',#9903,1.);
#9903 = DIRECTION('',(0.,1.));
#9904 = ( GEOMETRIC_REPRESENTATION_CONTEXT(2) 
PARAMETRIC_REPRESENTATION_CONTEXT() REPRESENTATION_CONTEXT('2D SPACE',''
  ) );
#9905 = PCURVE('',#9112,#9906);
#9906 = DEFINITIONAL_REPRESENTATION('',(#9907),#9911);
#9907 = LINE('',#9908,#9909);
#9908 = CARTESIAN_POINT('',(-72.46189846158,0.));
#9909 = VECTOR('',#9910,1.);
#9910 = DIRECTION('',(0.,1.));
#9911 = ( GEOMETRIC_REPRESENTATION_CONTEXT(2) 
PARAMETRIC_REPRESENTATION_CONTEXT() REPRESENTATION_CONTEXT('2D SPACE',''
  ) );
#9912 = ORIENTED_EDGE('',*,*,#9913,.T.);
#9913 = EDGE_CURVE('',#9891,#9914,#9916,.T.);
#9914 = VERTEX_POINT('',#9915);
#9915 = CARTESIAN_POINT('',(110.39678156879,6.,2.2));
#9916 = SURFACE_CURVE('',#9917,(#9922,#9929),.PCURVE_S1.);
#9917 = CIRCLE('',#9918,19.691881404894);
#9918 = AXIS2_PLACEMENT_3D('',#9919,#9920,#9921);
#9919 = CARTESIAN_POINT('',(98.,6.,17.5));
#9920 = DIRECTION('',(0.,1.,0.));
#9921 = DIRECTION('',(0.,-0.,1.));
#9922 = PCURVE('',#8922,#9923);
#9923 = DEFINITIONAL_REPRESENTATION('',(#9924),#9928);
#9924 = LINE('',#9925,#9926);
#9925 = CARTESIAN_POINT('',(0.,-0.65));
#9926 = VECTOR('',#9927,1.);
#9927 = DIRECTION('',(1.,0.));
#9928 = ( GEOMETRIC_REPRESENTATION_CONTEXT(2) 
PARAMETRIC_REPRESENTATION_CONTEXT() REPRESENTATION_CONTEXT('2D SPACE',''
  ) );
#9929 = PCURVE('',#9139,#9930);
#9930 = DEFINITIONAL_REPRESENTATION('',(#9931),#9935);
#9931 = CIRCLE('',#9932,19.691881404894);
#9932 = AXIS2_PLACEMENT_2D('',#9933,#9934);
#9933 = CARTESIAN_POINT('',(-15.31,86.));
#9934 = DIRECTION('',(-1.,0.));
#9935 = ( GEOMETRIC_REPRESENTATION_CONTEXT(2) 
PARAMETRIC_REPRESENTATION_CONTEXT() REPRESENTATION_CONTEXT('2D SPACE',''
  ) );
#9936 = ORIENTED_EDGE('',*,*,#9937,.T.);
#9937 = EDGE_CURVE('',#9914,#9938,#9940,.T.);
#9938 = VERTEX_POINT('',#9939);
#9939 = CARTESIAN_POINT('',(110.39678156879,6.65,2.2));
#9940 = SURFACE_CURVE('',#9941,(#9945,#9951),.PCURVE_S1.);
#9941 = LINE('',#9942,#9943);
#9942 = CARTESIAN_POINT('',(110.39678156879,4.75,2.2));
#9943 = VECTOR('',#9944,1.);
#9944 = DIRECTION('',(0.,1.,0.));
#9945 = PCURVE('',#8922,#9946);
#9946 = DEFINITIONAL_REPRESENTATION('',(#9947),#9950);
#9947 = B_SPLINE_CURVE_WITH_KNOTS('',1,(#9948,#9949),.UNSPECIFIED.,.F.,
  .F.,(2,2),(-5.999999999062E-07,4.6000006),.PIECEWISE_BEZIER_KNOTS.);
#9948 = CARTESIAN_POINT('',(2.460634599698,-1.9000006));
#9949 = CARTESIAN_POINT('',(2.460634599698,2.7000006));
#9950 = ( GEOMETRIC_REPRESENTATION_CONTEXT(2) 
PARAMETRIC_REPRESENTATION_CONTEXT() REPRESENTATION_CONTEXT('2D SPACE',''
  ) );
#9951 = PCURVE('',#9166,#9952);
#9952 = DEFINITIONAL_REPRESENTATION('',(#9953),#9957);
#9953 = LINE('',#9954,#9955);
#9954 = CARTESIAN_POINT('',(-9.603218431205,4.75));
#9955 = VECTOR('',#9956,1.);
#9956 = DIRECTION('',(0.,1.));
#9957 = ( GEOMETRIC_REPRESENTATION_CONTEXT(2) 
PARAMETRIC_REPRESENTATION_CONTEXT() REPRESENTATION_CONTEXT('2D SPACE',''
  ) );
#9958 = ORIENTED_EDGE('',*,*,#9959,.T.);
#9959 = EDGE_CURVE('',#9938,#8882,#9960,.T.);
#9960 = SURFACE_CURVE('',#9961,(#9966,#9973),.PCURVE_S1.);
#9961 = CIRCLE('',#9962,19.691881404894);
#9962 = AXIS2_PLACEMENT_3D('',#9963,#9964,#9965);
#9963 = CARTESIAN_POINT('',(98.,6.65,17.5));
#9964 = DIRECTION('',(0.,1.,0.));
#9965 = DIRECTION('',(0.,-0.,1.));
#9966 = PCURVE('',#8922,#9967);
#9967 = DEFINITIONAL_REPRESENTATION('',(#9968),#9972);
#9968 = LINE('',#9969,#9970);
#9969 = CARTESIAN_POINT('',(0.,0.));
#9970 = VECTOR('',#9971,1.);
#9971 = DIRECTION('',(1.,0.));
#9972 = ( GEOMETRIC_REPRESENTATION_CONTEXT(2) 
PARAMETRIC_REPRESENTATION_CONTEXT() REPRESENTATION_CONTEXT('2D SPACE',''
  ) );
#9973 = PCURVE('',#8896,#9974);
#9974 = DEFINITIONAL_REPRESENTATION('',(#9975),#9979);
#9975 = CIRCLE('',#9976,19.691881404894);
#9976 = AXIS2_PLACEMENT_2D('',#9977,#9978);
#9977 = CARTESIAN_POINT('',(0.,0.));
#9978 = DIRECTION('',(1.,0.));
#9979 = ( GEOMETRIC_REPRESENTATION_CONTEXT(2) 
PARAMETRIC_REPRESENTATION_CONTEXT() REPRESENTATION_CONTEXT('2D SPACE',''
  ) );
#9980 = ORIENTED_EDGE('',*,*,#8907,.T.);
#9981 = ADVANCED_FACE('',(#9982),#8896,.T.);
#9982 = FACE_BOUND('',#9983,.T.);
#9983 = EDGE_LOOP('',(#9984,#9985,#9986,#10007));
#9984 = ORIENTED_EDGE('',*,*,#9959,.T.);
#9985 = ORIENTED_EDGE('',*,*,#8881,.F.);
#9986 = ORIENTED_EDGE('',*,*,#9987,.T.);
#9987 = EDGE_CURVE('',#8854,#9988,#9990,.T.);
#9988 = VERTEX_POINT('',#9989);
#9989 = CARTESIAN_POINT('',(105.8,6.65,2.2));
#9990 = SURFACE_CURVE('',#9991,(#9995,#10001),.PCURVE_S1.);
#9991 = LINE('',#9992,#9993);
#9992 = CARTESIAN_POINT('',(105.8,6.65,8.75));
#9993 = VECTOR('',#9994,1.);
#9994 = DIRECTION('',(0.,0.,1.));
#9995 = PCURVE('',#8896,#9996);
#9996 = DEFINITIONAL_REPRESENTATION('',(#9997),#10000);
#9997 = B_SPLINE_CURVE_WITH_KNOTS('',1,(#9998,#9999),.UNSPECIFIED.,.F.,
  .F.,(2,2),(-8.75,-6.55),.PIECEWISE_BEZIER_KNOTS.);
#9998 = CARTESIAN_POINT('',(-17.5,7.8));
#9999 = CARTESIAN_POINT('',(-15.3,7.8));
#10000 = ( GEOMETRIC_REPRESENTATION_CONTEXT(2) 
PARAMETRIC_REPRESENTATION_CONTEXT() REPRESENTATION_CONTEXT('2D SPACE',''
  ) );
#10001 = PCURVE('',#8869,#10002);
#10002 = DEFINITIONAL_REPRESENTATION('',(#10003),#10006);
#10003 = B_SPLINE_CURVE_WITH_KNOTS('',1,(#10004,#10005),.UNSPECIFIED.,
  .F.,.F.,(2,2),(-8.75,-6.55),.PIECEWISE_BEZIER_KNOTS.);
#10004 = CARTESIAN_POINT('',(0.,-6.65));
#10005 = CARTESIAN_POINT('',(-2.2,-6.65));
#10006 = ( GEOMETRIC_REPRESENTATION_CONTEXT(2) 
PARAMETRIC_REPRESENTATION_CONTEXT() REPRESENTATION_CONTEXT('2D SPACE',''
  ) );
#10007 = ORIENTED_EDGE('',*,*,#10008,.T.);
#10008 = EDGE_CURVE('',#9988,#9938,#10009,.T.);
#10009 = SURFACE_CURVE('',#10010,(#10014,#10020),.PCURVE_S1.);
#10010 = LINE('',#10011,#10012);
#10011 = CARTESIAN_POINT('',(109.,6.65,2.2));
#10012 = VECTOR('',#10013,1.);
#10013 = DIRECTION('',(1.,-0.,0.));
#10014 = PCURVE('',#8896,#10015);
#10015 = DEFINITIONAL_REPRESENTATION('',(#10016),#10019);
#10016 = B_SPLINE_CURVE_WITH_KNOTS('',1,(#10017,#10018),.UNSPECIFIED.,
  .F.,.F.,(2,2),(-3.2,8.691881404894),.PIECEWISE_BEZIER_KNOTS.);
#10017 = CARTESIAN_POINT('',(-15.3,7.8));
#10018 = CARTESIAN_POINT('',(-15.3,19.691881404894));
#10019 = ( GEOMETRIC_REPRESENTATION_CONTEXT(2) 
PARAMETRIC_REPRESENTATION_CONTEXT() REPRESENTATION_CONTEXT('2D SPACE',''
  ) );
#10020 = PCURVE('',#9166,#10021);
#10021 = DEFINITIONAL_REPRESENTATION('',(#10022),#10025);
#10022 = B_SPLINE_CURVE_WITH_KNOTS('',1,(#10023,#10024),.UNSPECIFIED.,
  .F.,.F.,(2,2),(-3.2,8.691881404894),.PIECEWISE_BEZIER_KNOTS.);
#10023 = CARTESIAN_POINT('',(-14.2,6.65));
#10024 = CARTESIAN_POINT('',(-2.308118595106,6.65));
#10025 = ( GEOMETRIC_REPRESENTATION_CONTEXT(2) 
PARAMETRIC_REPRESENTATION_CONTEXT() REPRESENTATION_CONTEXT('2D SPACE',''
  ) );
#10026 = ADVANCED_FACE('',(#10027),#8869,.T.);
#10027 = FACE_BOUND('',#10028,.F.);
#10028 = EDGE_LOOP('',(#10029,#10052,#10073,#10074));
#10029 = ORIENTED_EDGE('',*,*,#10030,.F.);
#10030 = EDGE_CURVE('',#10031,#9988,#10033,.T.);
#10031 = VERTEX_POINT('',#10032);
#10032 = CARTESIAN_POINT('',(105.8,6.4,2.2));
#10033 = SURFACE_CURVE('',#10034,(#10038,#10045),.PCURVE_S1.);
#10034 = LINE('',#10035,#10036);
#10035 = CARTESIAN_POINT('',(105.8,0.,2.2));
#10036 = VECTOR('',#10037,1.);
#10037 = DIRECTION('',(-0.,1.,-0.));
#10038 = PCURVE('',#8869,#10039);
#10039 = DEFINITIONAL_REPRESENTATION('',(#10040),#10044);
#10040 = LINE('',#10041,#10042);
#10041 = CARTESIAN_POINT('',(-2.2,-0.));
#10042 = VECTOR('',#10043,1.);
#10043 = DIRECTION('',(-0.,-1.));
#10044 = ( GEOMETRIC_REPRESENTATION_CONTEXT(2) 
PARAMETRIC_REPRESENTATION_CONTEXT() REPRESENTATION_CONTEXT('2D SPACE',''
  ) );
#10045 = PCURVE('',#9166,#10046);
#10046 = DEFINITIONAL_REPRESENTATION('',(#10047),#10051);
#10047 = LINE('',#10048,#10049);
#10048 = CARTESIAN_POINT('',(-14.2,0.));
#10049 = VECTOR('',#10050,1.);
#10050 = DIRECTION('',(-0.,1.));
#10051 = ( GEOMETRIC_REPRESENTATION_CONTEXT(2) 
PARAMETRIC_REPRESENTATION_CONTEXT() REPRESENTATION_CONTEXT('2D SPACE',''
  ) );
#10052 = ORIENTED_EDGE('',*,*,#10053,.F.);
#10053 = EDGE_CURVE('',#8826,#10031,#10054,.T.);
#10054 = SURFACE_CURVE('',#10055,(#10059,#10066),.PCURVE_S1.);
#10055 = LINE('',#10056,#10057);
#10056 = CARTESIAN_POINT('',(105.8,6.4,0.));
#10057 = VECTOR('',#10058,1.);
#10058 = DIRECTION('',(0.,0.,1.));
#10059 = PCURVE('',#8869,#10060);
#10060 = DEFINITIONAL_REPRESENTATION('',(#10061),#10065);
#10061 = LINE('',#10062,#10063);
#10062 = CARTESIAN_POINT('',(-0.,-6.4));
#10063 = VECTOR('',#10064,1.);
#10064 = DIRECTION('',(-1.,-0.));
#10065 = ( GEOMETRIC_REPRESENTATION_CONTEXT(2) 
PARAMETRIC_REPRESENTATION_CONTEXT() REPRESENTATION_CONTEXT('2D SPACE',''
  ) );
#10066 = PCURVE('',#8841,#10067);
#10067 = DEFINITIONAL_REPRESENTATION('',(#10068),#10072);
#10068 = LINE('',#10069,#10070);
#10069 = CARTESIAN_POINT('',(-0.,0.2));
#10070 = VECTOR('',#10071,1.);
#10071 = DIRECTION('',(-1.,-0.));
#10072 = ( GEOMETRIC_REPRESENTATION_CONTEXT(2) 
PARAMETRIC_REPRESENTATION_CONTEXT() REPRESENTATION_CONTEXT('2D SPACE',''
  ) );
#10073 = ORIENTED_EDGE('',*,*,#8853,.T.);
#10074 = ORIENTED_EDGE('',*,*,#9987,.T.);
#10075 = ADVANCED_FACE('',(#10076,#10232),#8841,.T.);
#10076 = FACE_BOUND('',#10077,.F.);
#10077 = EDGE_LOOP('',(#10078,#10079,#10080,#10103,#10131,#10154,#10182,
    #10211));
#10078 = ORIENTED_EDGE('',*,*,#8825,.F.);
#10079 = ORIENTED_EDGE('',*,*,#10053,.T.);
#10080 = ORIENTED_EDGE('',*,*,#10081,.T.);
#10081 = EDGE_CURVE('',#10031,#10082,#10084,.T.);
#10082 = VERTEX_POINT('',#10083);
#10083 = CARTESIAN_POINT('',(107.79759326113,6.4,2.2));
#10084 = SURFACE_CURVE('',#10085,(#10089,#10096),.PCURVE_S1.);
#10085 = LINE('',#10086,#10087);
#10086 = CARTESIAN_POINT('',(105.8,6.4,2.2));
#10087 = VECTOR('',#10088,1.);
#10088 = DIRECTION('',(1.,0.,0.));
#10089 = PCURVE('',#8841,#10090);
#10090 = DEFINITIONAL_REPRESENTATION('',(#10091),#10095);
#10091 = LINE('',#10092,#10093);
#10092 = CARTESIAN_POINT('',(-2.2,0.2));
#10093 = VECTOR('',#10094,1.);
#10094 = DIRECTION('',(-0.,-1.));
#10095 = ( GEOMETRIC_REPRESENTATION_CONTEXT(2) 
PARAMETRIC_REPRESENTATION_CONTEXT() REPRESENTATION_CONTEXT('2D SPACE',''
  ) );
#10096 = PCURVE('',#9166,#10097);
#10097 = DEFINITIONAL_REPRESENTATION('',(#10098),#10102);
#10098 = LINE('',#10099,#10100);
#10099 = CARTESIAN_POINT('',(-14.2,6.4));
#10100 = VECTOR('',#10101,1.);
#10101 = DIRECTION('',(1.,-0.));
#10102 = ( GEOMETRIC_REPRESENTATION_CONTEXT(2) 
PARAMETRIC_REPRESENTATION_CONTEXT() REPRESENTATION_CONTEXT('2D SPACE',''
  ) );
#10103 = ORIENTED_EDGE('',*,*,#10104,.T.);
#10104 = EDGE_CURVE('',#10082,#10105,#10107,.T.);
#10105 = VERTEX_POINT('',#10106);
#10106 = CARTESIAN_POINT('',(106.,6.4,9.669));
#10107 = SURFACE_CURVE('',#10108,(#10112,#10119),.PCURVE_S1.);
#10108 = LINE('',#10109,#10110);
#10109 = CARTESIAN_POINT('',(107.8,6.4,2.19));
#10110 = VECTOR('',#10111,1.);
#10111 = DIRECTION('',(-0.233992400881,-0.,0.97223842566));
#10112 = PCURVE('',#8841,#10113);
#10113 = DEFINITIONAL_REPRESENTATION('',(#10114),#10118);
#10114 = LINE('',#10115,#10116);
#10115 = CARTESIAN_POINT('',(-2.19,-1.8));
#10116 = VECTOR('',#10117,1.);
#10117 = DIRECTION('',(-0.97223842566,0.233992400881));
#10118 = ( GEOMETRIC_REPRESENTATION_CONTEXT(2) 
PARAMETRIC_REPRESENTATION_CONTEXT() REPRESENTATION_CONTEXT('2D SPACE',''
  ) );
#10119 = PCURVE('',#10120,#10125);
#10120 = PLANE('',#10121);
#10121 = AXIS2_PLACEMENT_3D('',#10122,#10123,#10124);
#10122 = CARTESIAN_POINT('',(107.8,6.4,2.19));
#10123 = DIRECTION('',(0.97223842566,-0.,0.233992400881));
#10124 = DIRECTION('',(0.233992400881,0.,-0.97223842566));
#10125 = DEFINITIONAL_REPRESENTATION('',(#10126),#10130);
#10126 = LINE('',#10127,#10128);
#10127 = CARTESIAN_POINT('',(-0.,0.));
#10128 = VECTOR('',#10129,1.);
#10129 = DIRECTION('',(-1.,0.));
#10130 = ( GEOMETRIC_REPRESENTATION_CONTEXT(2) 
PARAMETRIC_REPRESENTATION_CONTEXT() REPRESENTATION_CONTEXT('2D SPACE',''
  ) );
#10131 = ORIENTED_EDGE('',*,*,#10132,.T.);
#10132 = EDGE_CURVE('',#10105,#10133,#10135,.T.);
#10133 = VERTEX_POINT('',#10134);
#10134 = CARTESIAN_POINT('',(106.,6.4,17.5));
#10135 = SURFACE_CURVE('',#10136,(#10140,#10147),.PCURVE_S1.);
#10136 = LINE('',#10137,#10138);
#10137 = CARTESIAN_POINT('',(106.,6.4,0.));
#10138 = VECTOR('',#10139,1.);
#10139 = DIRECTION('',(-0.,-0.,1.));
#10140 = PCURVE('',#8841,#10141);
#10141 = DEFINITIONAL_REPRESENTATION('',(#10142),#10146);
#10142 = LINE('',#10143,#10144);
#10143 = CARTESIAN_POINT('',(-0.,-0.));
#10144 = VECTOR('',#10145,1.);
#10145 = DIRECTION('',(-1.,0.));
#10146 = ( GEOMETRIC_REPRESENTATION_CONTEXT(2) 
PARAMETRIC_REPRESENTATION_CONTEXT() REPRESENTATION_CONTEXT('2D SPACE',''
  ) );
#10147 = PCURVE('',#9337,#10148);
#10148 = DEFINITIONAL_REPRESENTATION('',(#10149),#10153);
#10149 = LINE('',#10150,#10151);
#10150 = CARTESIAN_POINT('',(-0.,-6.2));
#10151 = VECTOR('',#10152,1.);
#10152 = DIRECTION('',(-1.,-0.));
#10153 = ( GEOMETRIC_REPRESENTATION_CONTEXT(2) 
PARAMETRIC_REPRESENTATION_CONTEXT() REPRESENTATION_CONTEXT('2D SPACE',''
  ) );
#10154 = ORIENTED_EDGE('',*,*,#10155,.T.);
#10155 = EDGE_CURVE('',#10133,#10156,#10158,.T.);
#10156 = VERTEX_POINT('',#10157);
#10157 = CARTESIAN_POINT('',(102.1,6.4,17.5));
#10158 = SURFACE_CURVE('',#10159,(#10163,#10170),.PCURVE_S1.);
#10159 = LINE('',#10160,#10161);
#10160 = CARTESIAN_POINT('',(106.,6.4,17.5));
#10161 = VECTOR('',#10162,1.);
#10162 = DIRECTION('',(-1.,-0.,-0.));
#10163 = PCURVE('',#8841,#10164);
#10164 = DEFINITIONAL_REPRESENTATION('',(#10165),#10169);
#10165 = LINE('',#10166,#10167);
#10166 = CARTESIAN_POINT('',(-17.5,-0.));
#10167 = VECTOR('',#10168,1.);
#10168 = DIRECTION('',(-0.,1.));
#10169 = ( GEOMETRIC_REPRESENTATION_CONTEXT(2) 
PARAMETRIC_REPRESENTATION_CONTEXT() REPRESENTATION_CONTEXT('2D SPACE',''
  ) );
#10170 = PCURVE('',#10171,#10176);
#10171 = PLANE('',#10172);
#10172 = AXIS2_PLACEMENT_3D('',#10173,#10174,#10175);
#10173 = CARTESIAN_POINT('',(106.,0.2,17.5));
#10174 = DIRECTION('',(-0.,-0.,1.));
#10175 = DIRECTION('',(1.,0.,0.));
#10176 = DEFINITIONAL_REPRESENTATION('',(#10177),#10181);
#10177 = LINE('',#10178,#10179);
#10178 = CARTESIAN_POINT('',(0.,6.2));
#10179 = VECTOR('',#10180,1.);
#10180 = DIRECTION('',(-1.,0.));
#10181 = ( GEOMETRIC_REPRESENTATION_CONTEXT(2) 
PARAMETRIC_REPRESENTATION_CONTEXT() REPRESENTATION_CONTEXT('2D SPACE',''
  ) );
#10182 = ORIENTED_EDGE('',*,*,#10183,.F.);
#10183 = EDGE_CURVE('',#10184,#10156,#10186,.T.);
#10184 = VERTEX_POINT('',#10185);
#10185 = CARTESIAN_POINT('',(98.,6.4,13.4));
#10186 = SURFACE_CURVE('',#10187,(#10192,#10199),.PCURVE_S1.);
#10187 = CIRCLE('',#10188,4.1);
#10188 = AXIS2_PLACEMENT_3D('',#10189,#10190,#10191);
#10189 = CARTESIAN_POINT('',(98.,6.4,17.5));
#10190 = DIRECTION('',(0.,1.,0.));
#10191 = DIRECTION('',(2.079637275395E-14,0.,-1.));
#10192 = PCURVE('',#8841,#10193);
#10193 = DEFINITIONAL_REPRESENTATION('',(#10194),#10198);
#10194 = CIRCLE('',#10195,4.1);
#10195 = AXIS2_PLACEMENT_2D('',#10196,#10197);
#10196 = CARTESIAN_POINT('',(-17.5,8.));
#10197 = DIRECTION('',(1.,-2.079637275395E-14));
#10198 = ( GEOMETRIC_REPRESENTATION_CONTEXT(2) 
PARAMETRIC_REPRESENTATION_CONTEXT() REPRESENTATION_CONTEXT('2D SPACE',''
  ) );
#10199 = PCURVE('',#10200,#10205);
#10200 = TOROIDAL_SURFACE('',#10201,4.1,0.4);
#10201 = AXIS2_PLACEMENT_3D('',#10202,#10203,#10204);
#10202 = CARTESIAN_POINT('',(98.,6.,17.5));
#10203 = DIRECTION('',(0.,1.,0.));
#10204 = DIRECTION('',(0.,-0.,1.));
#10205 = DEFINITIONAL_REPRESENTATION('',(#10206),#10210);
#10206 = LINE('',#10207,#10208);
#10207 = CARTESIAN_POINT('',(3.14159265359,1.570796326795));
#10208 = VECTOR('',#10209,1.);
#10209 = DIRECTION('',(1.,0.));
#10210 = ( GEOMETRIC_REPRESENTATION_CONTEXT(2) 
PARAMETRIC_REPRESENTATION_CONTEXT() REPRESENTATION_CONTEXT('2D SPACE',''
  ) );
#10211 = ORIENTED_EDGE('',*,*,#10212,.F.);
#10212 = EDGE_CURVE('',#8798,#10184,#10213,.T.);
#10213 = SURFACE_CURVE('',#10214,(#10218,#10225),.PCURVE_S1.);
#10214 = LINE('',#10215,#10216);
#10215 = CARTESIAN_POINT('',(98.,6.4,0.));
#10216 = VECTOR('',#10217,1.);
#10217 = DIRECTION('',(-0.,-0.,1.));
#10218 = PCURVE('',#8841,#10219);
#10219 = DEFINITIONAL_REPRESENTATION('',(#10220),#10224);
#10220 = LINE('',#10221,#10222);
#10221 = CARTESIAN_POINT('',(-0.,8.));
#10222 = VECTOR('',#10223,1.);
#10223 = DIRECTION('',(-1.,0.));
#10224 = ( GEOMETRIC_REPRESENTATION_CONTEXT(2) 
PARAMETRIC_REPRESENTATION_CONTEXT() REPRESENTATION_CONTEXT('2D SPACE',''
  ) );
#10225 = PCURVE('',#8813,#10226);
#10226 = DEFINITIONAL_REPRESENTATION('',(#10227),#10231);
#10227 = LINE('',#10228,#10229);
#10228 = CARTESIAN_POINT('',(-0.,-3.2));
#10229 = VECTOR('',#10230,1.);
#10230 = DIRECTION('',(-1.,-0.));
#10231 = ( GEOMETRIC_REPRESENTATION_CONTEXT(2) 
PARAMETRIC_REPRESENTATION_CONTEXT() REPRESENTATION_CONTEXT('2D SPACE',''
  ) );
#10232 = FACE_BOUND('',#10233,.F.);
#10233 = EDGE_LOOP('',(#10234));
#10234 = ORIENTED_EDGE('',*,*,#10235,.T.);
#10235 = EDGE_CURVE('',#10236,#10236,#10238,.T.);
#10236 = VERTEX_POINT('',#10237);
#10237 = CARTESIAN_POINT('',(98.,6.4,18.475));
#10238 = SURFACE_CURVE('',#10239,(#10244,#10251),.PCURVE_S1.);
#10239 = CIRCLE('',#10240,0.975);
#10240 = AXIS2_PLACEMENT_3D('',#10241,#10242,#10243);
#10241 = CARTESIAN_POINT('',(98.,6.4,17.5));
#10242 = DIRECTION('',(0.,1.,0.));
#10243 = DIRECTION('',(0.,-0.,1.));
#10244 = PCURVE('',#8841,#10245);
#10245 = DEFINITIONAL_REPRESENTATION('',(#10246),#10250);
#10246 = CIRCLE('',#10247,0.975);
#10247 = AXIS2_PLACEMENT_2D('',#10248,#10249);
#10248 = CARTESIAN_POINT('',(-17.5,8.));
#10249 = DIRECTION('',(-1.,0.));
#10250 = ( GEOMETRIC_REPRESENTATION_CONTEXT(2) 
PARAMETRIC_REPRESENTATION_CONTEXT() REPRESENTATION_CONTEXT('2D SPACE',''
  ) );
#10251 = PCURVE('',#10252,#10257);
#10252 = CYLINDRICAL_SURFACE('',#10253,0.975);
#10253 = AXIS2_PLACEMENT_3D('',#10254,#10255,#10256);
#10254 = CARTESIAN_POINT('',(98.,3.18,17.5));
#10255 = DIRECTION('',(0.,1.,0.));
#10256 = DIRECTION('',(0.,-0.,1.));
#10257 = DEFINITIONAL_REPRESENTATION('',(#10258),#10262);
#10258 = LINE('',#10259,#10260);
#10259 = CARTESIAN_POINT('',(0.,3.22));
#10260 = VECTOR('',#10261,1.);
#10261 = DIRECTION('',(1.,0.));
#10262 = ( GEOMETRIC_REPRESENTATION_CONTEXT(2) 
PARAMETRIC_REPRESENTATION_CONTEXT() REPRESENTATION_CONTEXT('2D SPACE',''
  ) );
#10263 = ADVANCED_FACE('',(#10264),#8813,.T.);
#10264 = FACE_BOUND('',#10265,.F.);
#10265 = EDGE_LOOP('',(#10266,#10289,#10290,#10291,#10314,#10340));
#10266 = ORIENTED_EDGE('',*,*,#10267,.F.);
#10267 = EDGE_CURVE('',#8770,#10268,#10270,.T.);
#10268 = VERTEX_POINT('',#10269);
#10269 = CARTESIAN_POINT('',(98.,3.2,13.4));
#10270 = SURFACE_CURVE('',#10271,(#10275,#10282),.PCURVE_S1.);
#10271 = LINE('',#10272,#10273);
#10272 = CARTESIAN_POINT('',(98.,3.2,0.));
#10273 = VECTOR('',#10274,1.);
#10274 = DIRECTION('',(-0.,-0.,1.));
#10275 = PCURVE('',#8813,#10276);
#10276 = DEFINITIONAL_REPRESENTATION('',(#10277),#10281);
#10277 = LINE('',#10278,#10279);
#10278 = CARTESIAN_POINT('',(-0.,-0.));
#10279 = VECTOR('',#10280,1.);
#10280 = DIRECTION('',(-1.,-0.));
#10281 = ( GEOMETRIC_REPRESENTATION_CONTEXT(2) 
PARAMETRIC_REPRESENTATION_CONTEXT() REPRESENTATION_CONTEXT('2D SPACE',''
  ) );
#10282 = PCURVE('',#8785,#10283);
#10283 = DEFINITIONAL_REPRESENTATION('',(#10284),#10288);
#10284 = LINE('',#10285,#10286);
#10285 = CARTESIAN_POINT('',(-0.,8.));
#10286 = VECTOR('',#10287,1.);
#10287 = DIRECTION('',(-1.,0.));
#10288 = ( GEOMETRIC_REPRESENTATION_CONTEXT(2) 
PARAMETRIC_REPRESENTATION_CONTEXT() REPRESENTATION_CONTEXT('2D SPACE',''
  ) );
#10289 = ORIENTED_EDGE('',*,*,#8797,.T.);
#10290 = ORIENTED_EDGE('',*,*,#10212,.T.);
#10291 = ORIENTED_EDGE('',*,*,#10292,.T.);
#10292 = EDGE_CURVE('',#10184,#10293,#10295,.T.);
#10293 = VERTEX_POINT('',#10294);
#10294 = CARTESIAN_POINT('',(98.,6.,13.));
#10295 = SURFACE_CURVE('',#10296,(#10301,#10308),.PCURVE_S1.);
#10296 = CIRCLE('',#10297,0.4);
#10297 = AXIS2_PLACEMENT_3D('',#10298,#10299,#10300);
#10298 = CARTESIAN_POINT('',(98.,6.,13.4));
#10299 = DIRECTION('',(-1.,-0.,-0.));
#10300 = DIRECTION('',(0.,0.,-1.));
#10301 = PCURVE('',#8813,#10302);
#10302 = DEFINITIONAL_REPRESENTATION('',(#10303),#10307);
#10303 = CIRCLE('',#10304,0.4);
#10304 = AXIS2_PLACEMENT_2D('',#10305,#10306);
#10305 = CARTESIAN_POINT('',(-13.4,-2.8));
#10306 = DIRECTION('',(1.,-0.));
#10307 = ( GEOMETRIC_REPRESENTATION_CONTEXT(2) 
PARAMETRIC_REPRESENTATION_CONTEXT() REPRESENTATION_CONTEXT('2D SPACE',''
  ) );
#10308 = PCURVE('',#10200,#10309);
#10309 = DEFINITIONAL_REPRESENTATION('',(#10310),#10313);
#10310 = B_SPLINE_CURVE_WITH_KNOTS('',1,(#10311,#10312),.UNSPECIFIED.,
  .F.,.F.,(2,2),(4.712388980385,6.28318530718),
  .PIECEWISE_BEZIER_KNOTS.);
#10311 = CARTESIAN_POINT('',(3.14159265359,1.570796326795));
#10312 = CARTESIAN_POINT('',(3.14159265359,0.));
#10313 = ( GEOMETRIC_REPRESENTATION_CONTEXT(2) 
PARAMETRIC_REPRESENTATION_CONTEXT() REPRESENTATION_CONTEXT('2D SPACE',''
  ) );
#10314 = ORIENTED_EDGE('',*,*,#10315,.F.);
#10315 = EDGE_CURVE('',#10316,#10293,#10318,.T.);
#10316 = VERTEX_POINT('',#10317);
#10317 = CARTESIAN_POINT('',(98.,3.6,13.));
#10318 = SURFACE_CURVE('',#10319,(#10323,#10329),.PCURVE_S1.);
#10319 = LINE('',#10320,#10321);
#10320 = CARTESIAN_POINT('',(98.,3.2,13.));
#10321 = VECTOR('',#10322,1.);
#10322 = DIRECTION('',(0.,1.,0.));
#10323 = PCURVE('',#8813,#10324);
#10324 = DEFINITIONAL_REPRESENTATION('',(#10325),#10328);
#10325 = B_SPLINE_CURVE_WITH_KNOTS('',1,(#10326,#10327),.UNSPECIFIED.,
  .F.,.F.,(2,2),(0.3999994,2.8000006),.PIECEWISE_BEZIER_KNOTS.);
#10326 = CARTESIAN_POINT('',(-13.,-0.3999994));
#10327 = CARTESIAN_POINT('',(-13.,-2.8000006));
#10328 = ( GEOMETRIC_REPRESENTATION_CONTEXT(2) 
PARAMETRIC_REPRESENTATION_CONTEXT() REPRESENTATION_CONTEXT('2D SPACE',''
  ) );
#10329 = PCURVE('',#10330,#10335);
#10330 = CYLINDRICAL_SURFACE('',#10331,4.5);
#10331 = AXIS2_PLACEMENT_3D('',#10332,#10333,#10334);
#10332 = CARTESIAN_POINT('',(98.,3.2,17.5));
#10333 = DIRECTION('',(0.,1.,0.));
#10334 = DIRECTION('',(0.,-0.,1.));
#10335 = DEFINITIONAL_REPRESENTATION('',(#10336),#10339);
#10336 = B_SPLINE_CURVE_WITH_KNOTS('',1,(#10337,#10338),.UNSPECIFIED.,
  .F.,.F.,(2,2),(0.4,2.8),.PIECEWISE_BEZIER_KNOTS.);
#10337 = CARTESIAN_POINT('',(3.14159265359,0.4));
#10338 = CARTESIAN_POINT('',(3.14159265359,2.8));
#10339 = ( GEOMETRIC_REPRESENTATION_CONTEXT(2) 
PARAMETRIC_REPRESENTATION_CONTEXT() REPRESENTATION_CONTEXT('2D SPACE',''
  ) );
#10340 = ORIENTED_EDGE('',*,*,#10341,.T.);
#10341 = EDGE_CURVE('',#10316,#10268,#10342,.T.);
#10342 = SURFACE_CURVE('',#10343,(#10348,#10355),.PCURVE_S1.);
#10343 = CIRCLE('',#10344,0.4);
#10344 = AXIS2_PLACEMENT_3D('',#10345,#10346,#10347);
#10345 = CARTESIAN_POINT('',(98.,3.6,13.4));
#10346 = DIRECTION('',(-1.,-0.,-0.));
#10347 = DIRECTION('',(0.,0.,-1.));
#10348 = PCURVE('',#8813,#10349);
#10349 = DEFINITIONAL_REPRESENTATION('',(#10350),#10354);
#10350 = CIRCLE('',#10351,0.4);
#10351 = AXIS2_PLACEMENT_2D('',#10352,#10353);
#10352 = CARTESIAN_POINT('',(-13.4,-0.4));
#10353 = DIRECTION('',(1.,-0.));
#10354 = ( GEOMETRIC_REPRESENTATION_CONTEXT(2) 
PARAMETRIC_REPRESENTATION_CONTEXT() REPRESENTATION_CONTEXT('2D SPACE',''
  ) );
#10355 = PCURVE('',#10356,#10361);
#10356 = TOROIDAL_SURFACE('',#10357,4.1,0.4);
#10357 = AXIS2_PLACEMENT_3D('',#10358,#10359,#10360);
#10358 = CARTESIAN_POINT('',(98.,3.6,17.5));
#10359 = DIRECTION('',(-0.,-1.,-0.));
#10360 = DIRECTION('',(0.,-0.,1.));
#10361 = DEFINITIONAL_REPRESENTATION('',(#10362),#10365);
#10362 = B_SPLINE_CURVE_WITH_KNOTS('',1,(#10363,#10364),.UNSPECIFIED.,
  .F.,.F.,(2,2),(0.,1.570796326795),.PIECEWISE_BEZIER_KNOTS.);
#10363 = CARTESIAN_POINT('',(-3.14159265359,0.));
#10364 = CARTESIAN_POINT('',(-3.14159265359,1.570796326795));
#10365 = ( GEOMETRIC_REPRESENTATION_CONTEXT(2) 
PARAMETRIC_REPRESENTATION_CONTEXT() REPRESENTATION_CONTEXT('2D SPACE',''
  ) );
#10366 = ADVANCED_FACE('',(#10367,#10498),#8785,.F.);
#10367 = FACE_BOUND('',#10368,.T.);
#10368 = EDGE_LOOP('',(#10369,#10370,#10393,#10420,#10448,#10471,#10497)
  );
#10369 = ORIENTED_EDGE('',*,*,#8769,.F.);
#10370 = ORIENTED_EDGE('',*,*,#10371,.F.);
#10371 = EDGE_CURVE('',#10372,#8742,#10374,.T.);
#10372 = VERTEX_POINT('',#10373);
#10373 = CARTESIAN_POINT('',(105.8,3.2,2.2));
#10374 = SURFACE_CURVE('',#10375,(#10379,#10386),.PCURVE_S1.);
#10375 = LINE('',#10376,#10377);
#10376 = CARTESIAN_POINT('',(105.8,3.2,2.2));
#10377 = VECTOR('',#10378,1.);
#10378 = DIRECTION('',(0.,0.,-1.));
#10379 = PCURVE('',#8785,#10380);
#10380 = DEFINITIONAL_REPRESENTATION('',(#10381),#10385);
#10381 = LINE('',#10382,#10383);
#10382 = CARTESIAN_POINT('',(-2.2,0.2));
#10383 = VECTOR('',#10384,1.);
#10384 = DIRECTION('',(1.,-0.));
#10385 = ( GEOMETRIC_REPRESENTATION_CONTEXT(2) 
PARAMETRIC_REPRESENTATION_CONTEXT() REPRESENTATION_CONTEXT('2D SPACE',''
  ) );
#10386 = PCURVE('',#8757,#10387);
#10387 = DEFINITIONAL_REPRESENTATION('',(#10388),#10392);
#10388 = LINE('',#10389,#10390);
#10389 = CARTESIAN_POINT('',(-2.2,-3.2));
#10390 = VECTOR('',#10391,1.);
#10391 = DIRECTION('',(1.,-0.));
#10392 = ( GEOMETRIC_REPRESENTATION_CONTEXT(2) 
PARAMETRIC_REPRESENTATION_CONTEXT() REPRESENTATION_CONTEXT('2D SPACE',''
  ) );
#10393 = ORIENTED_EDGE('',*,*,#10394,.F.);
#10394 = EDGE_CURVE('',#10395,#10372,#10397,.T.);
#10395 = VERTEX_POINT('',#10396);
#10396 = CARTESIAN_POINT('',(105.9,3.2,2.2));
#10397 = SURFACE_CURVE('',#10398,(#10402,#10409),.PCURVE_S1.);
#10398 = LINE('',#10399,#10400);
#10399 = CARTESIAN_POINT('',(113.,3.2,2.2));
#10400 = VECTOR('',#10401,1.);
#10401 = DIRECTION('',(-1.,-0.,-0.));
#10402 = PCURVE('',#8785,#10403);
#10403 = DEFINITIONAL_REPRESENTATION('',(#10404),#10408);
#10404 = LINE('',#10405,#10406);
#10405 = CARTESIAN_POINT('',(-2.2,-7.));
#10406 = VECTOR('',#10407,1.);
#10407 = DIRECTION('',(-0.,1.));
#10408 = ( GEOMETRIC_REPRESENTATION_CONTEXT(2) 
PARAMETRIC_REPRESENTATION_CONTEXT() REPRESENTATION_CONTEXT('2D SPACE',''
  ) );
#10409 = PCURVE('',#10410,#10415);
#10410 = PLANE('',#10411);
#10411 = AXIS2_PLACEMENT_3D('',#10412,#10413,#10414);
#10412 = CARTESIAN_POINT('',(120.,0.,2.2));
#10413 = DIRECTION('',(-0.,-0.,1.));
#10414 = DIRECTION('',(1.,0.,0.));
#10415 = DEFINITIONAL_REPRESENTATION('',(#10416),#10419);
#10416 = B_SPLINE_CURVE_WITH_KNOTS('',1,(#10417,#10418),.UNSPECIFIED.,
  .F.,.F.,(2,2),(7.,7.2),.PIECEWISE_BEZIER_KNOTS.);
#10417 = CARTESIAN_POINT('',(-14.,3.2));
#10418 = CARTESIAN_POINT('',(-14.2,3.2));
#10419 = ( GEOMETRIC_REPRESENTATION_CONTEXT(2) 
PARAMETRIC_REPRESENTATION_CONTEXT() REPRESENTATION_CONTEXT('2D SPACE',''
  ) );
#10420 = ORIENTED_EDGE('',*,*,#10421,.F.);
#10421 = EDGE_CURVE('',#10422,#10395,#10424,.T.);
#10422 = VERTEX_POINT('',#10423);
#10423 = CARTESIAN_POINT('',(105.9,3.2,17.5));
#10424 = SURFACE_CURVE('',#10425,(#10429,#10436),.PCURVE_S1.);
#10425 = LINE('',#10426,#10427);
#10426 = CARTESIAN_POINT('',(105.9,3.2,17.5));
#10427 = VECTOR('',#10428,1.);
#10428 = DIRECTION('',(0.,0.,-1.));
#10429 = PCURVE('',#8785,#10430);
#10430 = DEFINITIONAL_REPRESENTATION('',(#10431),#10435);
#10431 = LINE('',#10432,#10433);
#10432 = CARTESIAN_POINT('',(-17.5,9.999999999999E-02));
#10433 = VECTOR('',#10434,1.);
#10434 = DIRECTION('',(1.,-0.));
#10435 = ( GEOMETRIC_REPRESENTATION_CONTEXT(2) 
PARAMETRIC_REPRESENTATION_CONTEXT() REPRESENTATION_CONTEXT('2D SPACE',''
  ) );
#10436 = PCURVE('',#10437,#10442);
#10437 = PLANE('',#10438);
#10438 = AXIS2_PLACEMENT_3D('',#10439,#10440,#10441);
#10439 = CARTESIAN_POINT('',(105.9,-0.1,-1.));
#10440 = DIRECTION('',(-1.,-0.,-0.));
#10441 = DIRECTION('',(0.,0.,-1.));
#10442 = DEFINITIONAL_REPRESENTATION('',(#10443),#10447);
#10443 = LINE('',#10444,#10445);
#10444 = CARTESIAN_POINT('',(-18.5,-3.3));
#10445 = VECTOR('',#10446,1.);
#10446 = DIRECTION('',(1.,-0.));
#10447 = ( GEOMETRIC_REPRESENTATION_CONTEXT(2) 
PARAMETRIC_REPRESENTATION_CONTEXT() REPRESENTATION_CONTEXT('2D SPACE',''
  ) );
#10448 = ORIENTED_EDGE('',*,*,#10449,.T.);
#10449 = EDGE_CURVE('',#10422,#10450,#10452,.T.);
#10450 = VERTEX_POINT('',#10451);
#10451 = CARTESIAN_POINT('',(102.1,3.2,17.5));
#10452 = SURFACE_CURVE('',#10453,(#10457,#10464),.PCURVE_S1.);
#10453 = LINE('',#10454,#10455);
#10454 = CARTESIAN_POINT('',(106.,3.2,17.5));
#10455 = VECTOR('',#10456,1.);
#10456 = DIRECTION('',(-1.,-0.,-0.));
#10457 = PCURVE('',#8785,#10458);
#10458 = DEFINITIONAL_REPRESENTATION('',(#10459),#10463);
#10459 = LINE('',#10460,#10461);
#10460 = CARTESIAN_POINT('',(-17.5,-0.));
#10461 = VECTOR('',#10462,1.);
#10462 = DIRECTION('',(-0.,1.));
#10463 = ( GEOMETRIC_REPRESENTATION_CONTEXT(2) 
PARAMETRIC_REPRESENTATION_CONTEXT() REPRESENTATION_CONTEXT('2D SPACE',''
  ) );
#10464 = PCURVE('',#10171,#10465);
#10465 = DEFINITIONAL_REPRESENTATION('',(#10466),#10470);
#10466 = LINE('',#10467,#10468);
#10467 = CARTESIAN_POINT('',(0.,3.));
#10468 = VECTOR('',#10469,1.);
#10469 = DIRECTION('',(-1.,0.));
#10470 = ( GEOMETRIC_REPRESENTATION_CONTEXT(2) 
PARAMETRIC_REPRESENTATION_CONTEXT() REPRESENTATION_CONTEXT('2D SPACE',''
  ) );
#10471 = ORIENTED_EDGE('',*,*,#10472,.T.);
#10472 = EDGE_CURVE('',#10450,#10268,#10473,.T.);
#10473 = SURFACE_CURVE('',#10474,(#10479,#10490),.PCURVE_S1.);
#10474 = CIRCLE('',#10475,4.1);
#10475 = AXIS2_PLACEMENT_3D('',#10476,#10477,#10478);
#10476 = CARTESIAN_POINT('',(98.,3.2,17.5));
#10477 = DIRECTION('',(0.,-1.,0.));
#10478 = DIRECTION('',(1.,0.,-3.119455913093E-14));
#10479 = PCURVE('',#8785,#10480);
#10480 = DEFINITIONAL_REPRESENTATION('',(#10481),#10489);
#10481 = ( BOUNDED_CURVE() B_SPLINE_CURVE(2,(#10482,#10483,#10484,#10485
    ,#10486,#10487,#10488),.UNSPECIFIED.,.T.,.F.) 
B_SPLINE_CURVE_WITH_KNOTS((1,2,2,2,2,1),(-2.094395102393,0.,
    2.094395102393,4.188790204786,6.28318530718,8.377580409573),
.UNSPECIFIED.) CURVE() GEOMETRIC_REPRESENTATION_ITEM() 
RATIONAL_B_SPLINE_CURVE((1.,0.5,1.,0.5,1.,0.5,1.)) REPRESENTATION_ITEM(
  '') );
#10482 = CARTESIAN_POINT('',(-17.5,3.9));
#10483 = CARTESIAN_POINT('',(-24.60140831103,3.9));
#10484 = CARTESIAN_POINT('',(-21.05070415551,10.05));
#10485 = CARTESIAN_POINT('',(-17.5,16.2));
#10486 = CARTESIAN_POINT('',(-13.94929584448,10.05));
#10487 = CARTESIAN_POINT('',(-10.39859168896,3.9));
#10488 = CARTESIAN_POINT('',(-17.5,3.9));
#10489 = ( GEOMETRIC_REPRESENTATION_CONTEXT(2) 
PARAMETRIC_REPRESENTATION_CONTEXT() REPRESENTATION_CONTEXT('2D SPACE',''
  ) );
#10490 = PCURVE('',#10356,#10491);
#10491 = DEFINITIONAL_REPRESENTATION('',(#10492),#10496);
#10492 = LINE('',#10493,#10494);
#10493 = CARTESIAN_POINT('',(-7.853981633975,1.570796326795));
#10494 = VECTOR('',#10495,1.);
#10495 = DIRECTION('',(1.,-0.));
#10496 = ( GEOMETRIC_REPRESENTATION_CONTEXT(2) 
PARAMETRIC_REPRESENTATION_CONTEXT() REPRESENTATION_CONTEXT('2D SPACE',''
  ) );
#10497 = ORIENTED_EDGE('',*,*,#10267,.F.);
#10498 = FACE_BOUND('',#10499,.T.);
#10499 = EDGE_LOOP('',(#10500));
#10500 = ORIENTED_EDGE('',*,*,#10501,.T.);
#10501 = EDGE_CURVE('',#10502,#10502,#10504,.T.);
#10502 = VERTEX_POINT('',#10503);
#10503 = CARTESIAN_POINT('',(98.,3.2,18.475));
#10504 = SURFACE_CURVE('',#10505,(#10510,#10517),.PCURVE_S1.);
#10505 = CIRCLE('',#10506,0.975);
#10506 = AXIS2_PLACEMENT_3D('',#10507,#10508,#10509);
#10507 = CARTESIAN_POINT('',(98.,3.2,17.5));
#10508 = DIRECTION('',(0.,1.,0.));
#10509 = DIRECTION('',(0.,-0.,1.));
#10510 = PCURVE('',#8785,#10511);
#10511 = DEFINITIONAL_REPRESENTATION('',(#10512),#10516);
#10512 = CIRCLE('',#10513,0.975);
#10513 = AXIS2_PLACEMENT_2D('',#10514,#10515);
#10514 = CARTESIAN_POINT('',(-17.5,8.));
#10515 = DIRECTION('',(-1.,0.));
#10516 = ( GEOMETRIC_REPRESENTATION_CONTEXT(2) 
PARAMETRIC_REPRESENTATION_CONTEXT() REPRESENTATION_CONTEXT('2D SPACE',''
  ) );
#10517 = PCURVE('',#10252,#10518);
#10518 = DEFINITIONAL_REPRESENTATION('',(#10519),#10523);
#10519 = LINE('',#10520,#10521);
#10520 = CARTESIAN_POINT('',(0.,2.E-02));
#10521 = VECTOR('',#10522,1.);
#10522 = DIRECTION('',(1.,0.));
#10523 = ( GEOMETRIC_REPRESENTATION_CONTEXT(2) 
PARAMETRIC_REPRESENTATION_CONTEXT() REPRESENTATION_CONTEXT('2D SPACE',''
  ) );
#10524 = ADVANCED_FACE('',(#10525),#8757,.T.);
#10525 = FACE_BOUND('',#10526,.F.);
#10526 = EDGE_LOOP('',(#10527,#10550,#10569,#10570));
#10527 = ORIENTED_EDGE('',*,*,#10528,.F.);
#10528 = EDGE_CURVE('',#10529,#10372,#10531,.T.);
#10529 = VERTEX_POINT('',#10530);
#10530 = CARTESIAN_POINT('',(105.8,2.95,2.2));
#10531 = SURFACE_CURVE('',#10532,(#10536,#10543),.PCURVE_S1.);
#10532 = LINE('',#10533,#10534);
#10533 = CARTESIAN_POINT('',(105.8,0.,2.2));
#10534 = VECTOR('',#10535,1.);
#10535 = DIRECTION('',(-0.,1.,-0.));
#10536 = PCURVE('',#8757,#10537);
#10537 = DEFINITIONAL_REPRESENTATION('',(#10538),#10542);
#10538 = LINE('',#10539,#10540);
#10539 = CARTESIAN_POINT('',(-2.2,-0.));
#10540 = VECTOR('',#10541,1.);
#10541 = DIRECTION('',(-0.,-1.));
#10542 = ( GEOMETRIC_REPRESENTATION_CONTEXT(2) 
PARAMETRIC_REPRESENTATION_CONTEXT() REPRESENTATION_CONTEXT('2D SPACE',''
  ) );
#10543 = PCURVE('',#10410,#10544);
#10544 = DEFINITIONAL_REPRESENTATION('',(#10545),#10549);
#10545 = LINE('',#10546,#10547);
#10546 = CARTESIAN_POINT('',(-14.2,0.));
#10547 = VECTOR('',#10548,1.);
#10548 = DIRECTION('',(-0.,1.));
#10549 = ( GEOMETRIC_REPRESENTATION_CONTEXT(2) 
PARAMETRIC_REPRESENTATION_CONTEXT() REPRESENTATION_CONTEXT('2D SPACE',''
  ) );
#10550 = ORIENTED_EDGE('',*,*,#10551,.F.);
#10551 = EDGE_CURVE('',#8716,#10529,#10552,.T.);
#10552 = SURFACE_CURVE('',#10553,(#10557,#10563),.PCURVE_S1.);
#10553 = LINE('',#10554,#10555);
#10554 = CARTESIAN_POINT('',(105.8,2.95,8.75));
#10555 = VECTOR('',#10556,1.);
#10556 = DIRECTION('',(0.,0.,1.));
#10557 = PCURVE('',#8757,#10558);
#10558 = DEFINITIONAL_REPRESENTATION('',(#10559),#10562);
#10559 = B_SPLINE_CURVE_WITH_KNOTS('',1,(#10560,#10561),.UNSPECIFIED.,
  .F.,.F.,(2,2),(-8.75,-6.55),.PIECEWISE_BEZIER_KNOTS.);
#10560 = CARTESIAN_POINT('',(0.,-2.95));
#10561 = CARTESIAN_POINT('',(-2.2,-2.95));
#10562 = ( GEOMETRIC_REPRESENTATION_CONTEXT(2) 
PARAMETRIC_REPRESENTATION_CONTEXT() REPRESENTATION_CONTEXT('2D SPACE',''
  ) );
#10563 = PCURVE('',#8730,#10564);
#10564 = DEFINITIONAL_REPRESENTATION('',(#10565),#10568);
#10565 = B_SPLINE_CURVE_WITH_KNOTS('',1,(#10566,#10567),.UNSPECIFIED.,
  .F.,.F.,(2,2),(-8.75,-6.55),.PIECEWISE_BEZIER_KNOTS.);
#10566 = CARTESIAN_POINT('',(-17.5,7.8));
#10567 = CARTESIAN_POINT('',(-15.3,7.8));
#10568 = ( GEOMETRIC_REPRESENTATION_CONTEXT(2) 
PARAMETRIC_REPRESENTATION_CONTEXT() REPRESENTATION_CONTEXT('2D SPACE',''
  ) );
#10569 = ORIENTED_EDGE('',*,*,#8741,.T.);
#10570 = ORIENTED_EDGE('',*,*,#10371,.F.);
#10571 = ADVANCED_FACE('',(#10572),#8730,.F.);
#10572 = FACE_BOUND('',#10573,.F.);
#10573 = EDGE_LOOP('',(#10574,#10575,#10576,#10597,#10618,#10644,#10670,
    #10689,#10690,#10691,#10692,#10713,#10734,#10755));
#10574 = ORIENTED_EDGE('',*,*,#9302,.T.);
#10575 = ORIENTED_EDGE('',*,*,#9352,.T.);
#10576 = ORIENTED_EDGE('',*,*,#10577,.F.);
#10577 = EDGE_CURVE('',#10578,#9353,#10580,.T.);
#10578 = VERTEX_POINT('',#10579);
#10579 = CARTESIAN_POINT('',(106.,2.95,15.55));
#10580 = SURFACE_CURVE('',#10581,(#10585,#10591),.PCURVE_S1.);
#10581 = LINE('',#10582,#10583);
#10582 = CARTESIAN_POINT('',(118.5,2.95,15.55));
#10583 = VECTOR('',#10584,1.);
#10584 = DIRECTION('',(1.,-0.,0.));
#10585 = PCURVE('',#8730,#10586);
#10586 = DEFINITIONAL_REPRESENTATION('',(#10587),#10590);
#10587 = B_SPLINE_CURVE_WITH_KNOTS('',1,(#10588,#10589),.UNSPECIFIED.,
  .F.,.F.,(2,2),(-12.5,-0.808118595106),.PIECEWISE_BEZIER_KNOTS.);
#10588 = CARTESIAN_POINT('',(-1.95,8.));
#10589 = CARTESIAN_POINT('',(-1.95,19.691881404894));
#10590 = ( GEOMETRIC_REPRESENTATION_CONTEXT(2) 
PARAMETRIC_REPRESENTATION_CONTEXT() REPRESENTATION_CONTEXT('2D SPACE',''
  ) );
#10591 = PCURVE('',#9221,#10592);
#10592 = DEFINITIONAL_REPRESENTATION('',(#10593),#10596);
#10593 = B_SPLINE_CURVE_WITH_KNOTS('',1,(#10594,#10595),.UNSPECIFIED.,
  .F.,.F.,(2,2),(-12.5,-0.808118595106),.PIECEWISE_BEZIER_KNOTS.);
#10594 = CARTESIAN_POINT('',(-0.777817459305,-33.));
#10595 = CARTESIAN_POINT('',(-0.777817459305,-21.3081185951));
#10596 = ( GEOMETRIC_REPRESENTATION_CONTEXT(2) 
PARAMETRIC_REPRESENTATION_CONTEXT() REPRESENTATION_CONTEXT('2D SPACE',''
  ) );
#10597 = ORIENTED_EDGE('',*,*,#10598,.F.);
#10598 = EDGE_CURVE('',#10599,#10578,#10601,.T.);
#10599 = VERTEX_POINT('',#10600);
#10600 = CARTESIAN_POINT('',(106.,2.95,11.5));
#10601 = SURFACE_CURVE('',#10602,(#10606,#10612),.PCURVE_S1.);
#10602 = LINE('',#10603,#10604);
#10603 = CARTESIAN_POINT('',(106.,2.95,8.75));
#10604 = VECTOR('',#10605,1.);
#10605 = DIRECTION('',(0.,0.,1.));
#10606 = PCURVE('',#8730,#10607);
#10607 = DEFINITIONAL_REPRESENTATION('',(#10608),#10611);
#10608 = B_SPLINE_CURVE_WITH_KNOTS('',1,(#10609,#10610),.UNSPECIFIED.,
  .F.,.F.,(2,2),(0.919,8.75),.PIECEWISE_BEZIER_KNOTS.);
#10609 = CARTESIAN_POINT('',(-7.831,8.));
#10610 = CARTESIAN_POINT('',(0.,8.));
#10611 = ( GEOMETRIC_REPRESENTATION_CONTEXT(2) 
PARAMETRIC_REPRESENTATION_CONTEXT() REPRESENTATION_CONTEXT('2D SPACE',''
  ) );
#10612 = PCURVE('',#9337,#10613);
#10613 = DEFINITIONAL_REPRESENTATION('',(#10614),#10617);
#10614 = B_SPLINE_CURVE_WITH_KNOTS('',1,(#10615,#10616),.UNSPECIFIED.,
  .F.,.F.,(2,2),(0.919,8.75),.PIECEWISE_BEZIER_KNOTS.);
#10615 = CARTESIAN_POINT('',(-9.669,-2.75));
#10616 = CARTESIAN_POINT('',(-17.5,-2.75));
#10617 = ( GEOMETRIC_REPRESENTATION_CONTEXT(2) 
PARAMETRIC_REPRESENTATION_CONTEXT() REPRESENTATION_CONTEXT('2D SPACE',''
  ) );
#10618 = ORIENTED_EDGE('',*,*,#10619,.T.);
#10619 = EDGE_CURVE('',#10599,#10620,#10622,.T.);
#10620 = VERTEX_POINT('',#10621);
#10621 = CARTESIAN_POINT('',(106.5,2.95,11.5));
#10622 = SURFACE_CURVE('',#10623,(#10627,#10633),.PCURVE_S1.);
#10623 = LINE('',#10624,#10625);
#10624 = CARTESIAN_POINT('',(147.5,2.95,11.5));
#10625 = VECTOR('',#10626,1.);
#10626 = DIRECTION('',(1.,-0.,0.));
#10627 = PCURVE('',#8730,#10628);
#10628 = DEFINITIONAL_REPRESENTATION('',(#10629),#10632);
#10629 = B_SPLINE_CURVE_WITH_KNOTS('',1,(#10630,#10631),.UNSPECIFIED.,
  .F.,.F.,(2,2),(-41.5,-41.),.PIECEWISE_BEZIER_KNOTS.);
#10630 = CARTESIAN_POINT('',(-6.,8.));
#10631 = CARTESIAN_POINT('',(-6.,8.5));
#10632 = ( GEOMETRIC_REPRESENTATION_CONTEXT(2) 
PARAMETRIC_REPRESENTATION_CONTEXT() REPRESENTATION_CONTEXT('2D SPACE',''
  ) );
#10633 = PCURVE('',#10634,#10639);
#10634 = PLANE('',#10635);
#10635 = AXIS2_PLACEMENT_3D('',#10636,#10637,#10638);
#10636 = CARTESIAN_POINT('',(197.,-1.,11.5));
#10637 = DIRECTION('',(-0.,-0.,1.));
#10638 = DIRECTION('',(1.,0.,0.));
#10639 = DEFINITIONAL_REPRESENTATION('',(#10640),#10643);
#10640 = B_SPLINE_CURVE_WITH_KNOTS('',1,(#10641,#10642),.UNSPECIFIED.,
  .F.,.F.,(2,2),(-41.5,-41.),.PIECEWISE_BEZIER_KNOTS.);
#10641 = CARTESIAN_POINT('',(-91.,3.95));
#10642 = CARTESIAN_POINT('',(-90.5,3.95));
#10643 = ( GEOMETRIC_REPRESENTATION_CONTEXT(2) 
PARAMETRIC_REPRESENTATION_CONTEXT() REPRESENTATION_CONTEXT('2D SPACE',''
  ) );
#10644 = ORIENTED_EDGE('',*,*,#10645,.F.);
#10645 = EDGE_CURVE('',#10646,#10620,#10648,.T.);
#10646 = VERTEX_POINT('',#10647);
#10647 = CARTESIAN_POINT('',(106.5,2.95,2.2));
#10648 = SURFACE_CURVE('',#10649,(#10653,#10659),.PCURVE_S1.);
#10649 = LINE('',#10650,#10651);
#10650 = CARTESIAN_POINT('',(106.5,2.95,9.85));
#10651 = VECTOR('',#10652,1.);
#10652 = DIRECTION('',(0.,0.,1.));
#10653 = PCURVE('',#8730,#10654);
#10654 = DEFINITIONAL_REPRESENTATION('',(#10655),#10658);
#10655 = B_SPLINE_CURVE_WITH_KNOTS('',1,(#10656,#10657),.UNSPECIFIED.,
  .F.,.F.,(2,2),(-7.65,1.65),.PIECEWISE_BEZIER_KNOTS.);
#10656 = CARTESIAN_POINT('',(-15.3,8.5));
#10657 = CARTESIAN_POINT('',(-6.,8.5));
#10658 = ( GEOMETRIC_REPRESENTATION_CONTEXT(2) 
PARAMETRIC_REPRESENTATION_CONTEXT() REPRESENTATION_CONTEXT('2D SPACE',''
  ) );
#10659 = PCURVE('',#10660,#10665);
#10660 = PLANE('',#10661);
#10661 = AXIS2_PLACEMENT_3D('',#10662,#10663,#10664);
#10662 = CARTESIAN_POINT('',(106.5,2.4,2.2));
#10663 = DIRECTION('',(-1.,-0.,-0.));
#10664 = DIRECTION('',(0.,0.,-1.));
#10665 = DEFINITIONAL_REPRESENTATION('',(#10666),#10669);
#10666 = B_SPLINE_CURVE_WITH_KNOTS('',1,(#10667,#10668),.UNSPECIFIED.,
  .F.,.F.,(2,2),(-7.65,1.65),.PIECEWISE_BEZIER_KNOTS.);
#10667 = CARTESIAN_POINT('',(0.,-0.55));
#10668 = CARTESIAN_POINT('',(-9.3,-0.55));
#10669 = ( GEOMETRIC_REPRESENTATION_CONTEXT(2) 
PARAMETRIC_REPRESENTATION_CONTEXT() REPRESENTATION_CONTEXT('2D SPACE',''
  ) );
#10670 = ORIENTED_EDGE('',*,*,#10671,.T.);
#10671 = EDGE_CURVE('',#10646,#9402,#10672,.T.);
#10672 = SURFACE_CURVE('',#10673,(#10677,#10683),.PCURVE_S1.);
#10673 = LINE('',#10674,#10675);
#10674 = CARTESIAN_POINT('',(109.,2.95,2.2));
#10675 = VECTOR('',#10676,1.);
#10676 = DIRECTION('',(1.,-0.,0.));
#10677 = PCURVE('',#8730,#10678);
#10678 = DEFINITIONAL_REPRESENTATION('',(#10679),#10682);
#10679 = B_SPLINE_CURVE_WITH_KNOTS('',1,(#10680,#10681),.UNSPECIFIED.,
  .F.,.F.,(2,2),(-3.2,8.691881404894),.PIECEWISE_BEZIER_KNOTS.);
#10680 = CARTESIAN_POINT('',(-15.3,7.8));
#10681 = CARTESIAN_POINT('',(-15.3,19.691881404894));
#10682 = ( GEOMETRIC_REPRESENTATION_CONTEXT(2) 
PARAMETRIC_REPRESENTATION_CONTEXT() REPRESENTATION_CONTEXT('2D SPACE',''
  ) );
#10683 = PCURVE('',#9166,#10684);
#10684 = DEFINITIONAL_REPRESENTATION('',(#10685),#10688);
#10685 = B_SPLINE_CURVE_WITH_KNOTS('',1,(#10686,#10687),.UNSPECIFIED.,
  .F.,.F.,(2,2),(-3.2,8.691881404894),.PIECEWISE_BEZIER_KNOTS.);
#10686 = CARTESIAN_POINT('',(-14.2,2.95));
#10687 = CARTESIAN_POINT('',(-2.308118595106,2.95));
#10688 = ( GEOMETRIC_REPRESENTATION_CONTEXT(2) 
PARAMETRIC_REPRESENTATION_CONTEXT() REPRESENTATION_CONTEXT('2D SPACE',''
  ) );
#10689 = ORIENTED_EDGE('',*,*,#9401,.T.);
#10690 = ORIENTED_EDGE('',*,*,#8715,.F.);
#10691 = ORIENTED_EDGE('',*,*,#10551,.T.);
#10692 = ORIENTED_EDGE('',*,*,#10693,.T.);
#10693 = EDGE_CURVE('',#10529,#10694,#10696,.T.);
#10694 = VERTEX_POINT('',#10695);
#10695 = CARTESIAN_POINT('',(105.9,2.95,2.2));
#10696 = SURFACE_CURVE('',#10697,(#10701,#10707),.PCURVE_S1.);
#10697 = LINE('',#10698,#10699);
#10698 = CARTESIAN_POINT('',(109.,2.95,2.2));
#10699 = VECTOR('',#10700,1.);
#10700 = DIRECTION('',(1.,-0.,0.));
#10701 = PCURVE('',#8730,#10702);
#10702 = DEFINITIONAL_REPRESENTATION('',(#10703),#10706);
#10703 = B_SPLINE_CURVE_WITH_KNOTS('',1,(#10704,#10705),.UNSPECIFIED.,
  .F.,.F.,(2,2),(-3.2,-3.1),.PIECEWISE_BEZIER_KNOTS.);
#10704 = CARTESIAN_POINT('',(-15.3,7.8));
#10705 = CARTESIAN_POINT('',(-15.3,7.9));
#10706 = ( GEOMETRIC_REPRESENTATION_CONTEXT(2) 
PARAMETRIC_REPRESENTATION_CONTEXT() REPRESENTATION_CONTEXT('2D SPACE',''
  ) );
#10707 = PCURVE('',#10410,#10708);
#10708 = DEFINITIONAL_REPRESENTATION('',(#10709),#10712);
#10709 = B_SPLINE_CURVE_WITH_KNOTS('',1,(#10710,#10711),.UNSPECIFIED.,
  .F.,.F.,(2,2),(-3.2,-3.1),.PIECEWISE_BEZIER_KNOTS.);
#10710 = CARTESIAN_POINT('',(-14.2,2.95));
#10711 = CARTESIAN_POINT('',(-14.1,2.95));
#10712 = ( GEOMETRIC_REPRESENTATION_CONTEXT(2) 
PARAMETRIC_REPRESENTATION_CONTEXT() REPRESENTATION_CONTEXT('2D SPACE',''
  ) );
#10713 = ORIENTED_EDGE('',*,*,#10714,.T.);
#10714 = EDGE_CURVE('',#10694,#10715,#10717,.T.);
#10715 = VERTEX_POINT('',#10716);
#10716 = CARTESIAN_POINT('',(105.9,2.95,17.5));
#10717 = SURFACE_CURVE('',#10718,(#10722,#10728),.PCURVE_S1.);
#10718 = LINE('',#10719,#10720);
#10719 = CARTESIAN_POINT('',(105.9,2.95,8.25));
#10720 = VECTOR('',#10721,1.);
#10721 = DIRECTION('',(0.,0.,1.));
#10722 = PCURVE('',#8730,#10723);
#10723 = DEFINITIONAL_REPRESENTATION('',(#10724),#10727);
#10724 = B_SPLINE_CURVE_WITH_KNOTS('',1,(#10725,#10726),.UNSPECIFIED.,
  .F.,.F.,(2,2),(-6.05,9.25),.PIECEWISE_BEZIER_KNOTS.);
#10725 = CARTESIAN_POINT('',(-15.3,7.9));
#10726 = CARTESIAN_POINT('',(0.,7.9));
#10727 = ( GEOMETRIC_REPRESENTATION_CONTEXT(2) 
PARAMETRIC_REPRESENTATION_CONTEXT() REPRESENTATION_CONTEXT('2D SPACE',''
  ) );
#10728 = PCURVE('',#10437,#10729);
#10729 = DEFINITIONAL_REPRESENTATION('',(#10730),#10733);
#10730 = B_SPLINE_CURVE_WITH_KNOTS('',1,(#10731,#10732),.UNSPECIFIED.,
  .F.,.F.,(2,2),(-6.05,9.25),.PIECEWISE_BEZIER_KNOTS.);
#10731 = CARTESIAN_POINT('',(-3.2,-3.05));
#10732 = CARTESIAN_POINT('',(-18.5,-3.05));
#10733 = ( GEOMETRIC_REPRESENTATION_CONTEXT(2) 
PARAMETRIC_REPRESENTATION_CONTEXT() REPRESENTATION_CONTEXT('2D SPACE',''
  ) );
#10734 = ORIENTED_EDGE('',*,*,#10735,.T.);
#10735 = EDGE_CURVE('',#10715,#10736,#10738,.T.);
#10736 = VERTEX_POINT('',#10737);
#10737 = CARTESIAN_POINT('',(106.,2.95,17.5));
#10738 = SURFACE_CURVE('',#10739,(#10743,#10749),.PCURVE_S1.);
#10739 = LINE('',#10740,#10741);
#10740 = CARTESIAN_POINT('',(102.,2.95,17.5));
#10741 = VECTOR('',#10742,1.);
#10742 = DIRECTION('',(1.,-0.,0.));
#10743 = PCURVE('',#8730,#10744);
#10744 = DEFINITIONAL_REPRESENTATION('',(#10745),#10748);
#10745 = B_SPLINE_CURVE_WITH_KNOTS('',1,(#10746,#10747),.UNSPECIFIED.,
  .F.,.F.,(2,2),(9.999999999999E-02,4.),.PIECEWISE_BEZIER_KNOTS.);
#10746 = CARTESIAN_POINT('',(0.,4.1));
#10747 = CARTESIAN_POINT('',(0.,8.));
#10748 = ( GEOMETRIC_REPRESENTATION_CONTEXT(2) 
PARAMETRIC_REPRESENTATION_CONTEXT() REPRESENTATION_CONTEXT('2D SPACE',''
  ) );
#10749 = PCURVE('',#10171,#10750);
#10750 = DEFINITIONAL_REPRESENTATION('',(#10751),#10754);
#10751 = B_SPLINE_CURVE_WITH_KNOTS('',1,(#10752,#10753),.UNSPECIFIED.,
  .F.,.F.,(2,2),(9.999999999999E-02,4.),.PIECEWISE_BEZIER_KNOTS.);
#10752 = CARTESIAN_POINT('',(-3.9,2.75));
#10753 = CARTESIAN_POINT('',(0.,2.75));
#10754 = ( GEOMETRIC_REPRESENTATION_CONTEXT(2) 
PARAMETRIC_REPRESENTATION_CONTEXT() REPRESENTATION_CONTEXT('2D SPACE',''
  ) );
#10755 = ORIENTED_EDGE('',*,*,#10756,.F.);
#10756 = EDGE_CURVE('',#9303,#10736,#10757,.T.);
#10757 = SURFACE_CURVE('',#10758,(#10762,#10768),.PCURVE_S1.);
#10758 = LINE('',#10759,#10760);
#10759 = CARTESIAN_POINT('',(106.,2.95,8.75));
#10760 = VECTOR('',#10761,1.);
#10761 = DIRECTION('',(0.,0.,1.));
#10762 = PCURVE('',#8730,#10763);
#10763 = DEFINITIONAL_REPRESENTATION('',(#10764),#10767);
#10764 = B_SPLINE_CURVE_WITH_KNOTS('',1,(#10765,#10766),.UNSPECIFIED.,
  .F.,.F.,(2,2),(0.919,8.75),.PIECEWISE_BEZIER_KNOTS.);
#10765 = CARTESIAN_POINT('',(-7.831,8.));
#10766 = CARTESIAN_POINT('',(0.,8.));
#10767 = ( GEOMETRIC_REPRESENTATION_CONTEXT(2) 
PARAMETRIC_REPRESENTATION_CONTEXT() REPRESENTATION_CONTEXT('2D SPACE',''
  ) );
#10768 = PCURVE('',#9337,#10769);
#10769 = DEFINITIONAL_REPRESENTATION('',(#10770),#10773);
#10770 = B_SPLINE_CURVE_WITH_KNOTS('',1,(#10771,#10772),.UNSPECIFIED.,
  .F.,.F.,(2,2),(0.919,8.75),.PIECEWISE_BEZIER_KNOTS.);
#10771 = CARTESIAN_POINT('',(-9.669,-2.75));
#10772 = CARTESIAN_POINT('',(-17.5,-2.75));
#10773 = ( GEOMETRIC_REPRESENTATION_CONTEXT(2) 
PARAMETRIC_REPRESENTATION_CONTEXT() REPRESENTATION_CONTEXT('2D SPACE',''
  ) );
#10774 = ADVANCED_FACE('',(#10775),#9057,.T.);
#10775 = FACE_BOUND('',#10776,.F.);
#10776 = EDGE_LOOP('',(#10777,#10798,#10799,#10800,#10821,#10822));
#10777 = ORIENTED_EDGE('',*,*,#10778,.F.);
#10778 = EDGE_CURVE('',#9846,#9042,#10779,.T.);
#10779 = SURFACE_CURVE('',#10780,(#10784,#10791),.PCURVE_S1.);
#10780 = LINE('',#10781,#10782);
#10781 = CARTESIAN_POINT('',(188.8,8.,2.2));
#10782 = VECTOR('',#10783,1.);
#10783 = DIRECTION('',(1.,-0.,0.));
#10784 = PCURVE('',#9057,#10785);
#10785 = DEFINITIONAL_REPRESENTATION('',(#10786),#10790);
#10786 = LINE('',#10787,#10788);
#10787 = CARTESIAN_POINT('',(68.8,8.));
#10788 = VECTOR('',#10789,1.);
#10789 = DIRECTION('',(1.,-0.));
#10790 = ( GEOMETRIC_REPRESENTATION_CONTEXT(2) 
PARAMETRIC_REPRESENTATION_CONTEXT() REPRESENTATION_CONTEXT('2D SPACE',''
  ) );
#10791 = PCURVE('',#9085,#10792);
#10792 = DEFINITIONAL_REPRESENTATION('',(#10793),#10797);
#10793 = LINE('',#10794,#10795);
#10794 = CARTESIAN_POINT('',(-1.E-02,-4.8));
#10795 = VECTOR('',#10796,1.);
#10796 = DIRECTION('',(-0.,-1.));
#10797 = ( GEOMETRIC_REPRESENTATION_CONTEXT(2) 
PARAMETRIC_REPRESENTATION_CONTEXT() REPRESENTATION_CONTEXT('2D SPACE',''
  ) );
#10798 = ORIENTED_EDGE('',*,*,#9845,.T.);
#10799 = ORIENTED_EDGE('',*,*,#9712,.F.);
#10800 = ORIENTED_EDGE('',*,*,#10801,.T.);
#10801 = EDGE_CURVE('',#9713,#9615,#10802,.T.);
#10802 = SURFACE_CURVE('',#10803,(#10807,#10814),.PCURVE_S1.);
#10803 = LINE('',#10804,#10805);
#10804 = CARTESIAN_POINT('',(106.5,2.4,2.2));
#10805 = VECTOR('',#10806,1.);
#10806 = DIRECTION('',(-0.,1.,-0.));
#10807 = PCURVE('',#9057,#10808);
#10808 = DEFINITIONAL_REPRESENTATION('',(#10809),#10813);
#10809 = LINE('',#10810,#10811);
#10810 = CARTESIAN_POINT('',(-13.5,2.4));
#10811 = VECTOR('',#10812,1.);
#10812 = DIRECTION('',(-0.,1.));
#10813 = ( GEOMETRIC_REPRESENTATION_CONTEXT(2) 
PARAMETRIC_REPRESENTATION_CONTEXT() REPRESENTATION_CONTEXT('2D SPACE',''
  ) );
#10814 = PCURVE('',#9630,#10815);
#10815 = DEFINITIONAL_REPRESENTATION('',(#10816),#10820);
#10816 = LINE('',#10817,#10818);
#10817 = CARTESIAN_POINT('',(-0.,-0.));
#10818 = VECTOR('',#10819,1.);
#10819 = DIRECTION('',(-0.,-1.));
#10820 = ( GEOMETRIC_REPRESENTATION_CONTEXT(2) 
PARAMETRIC_REPRESENTATION_CONTEXT() REPRESENTATION_CONTEXT('2D SPACE',''
  ) );
#10821 = ORIENTED_EDGE('',*,*,#9641,.T.);
#10822 = ORIENTED_EDGE('',*,*,#9041,.T.);
#10823 = ADVANCED_FACE('',(#10824),#9085,.T.);
#10824 = FACE_BOUND('',#10825,.F.);
#10825 = EDGE_LOOP('',(#10826,#10847,#10848,#10849));
#10826 = ORIENTED_EDGE('',*,*,#10827,.T.);
#10827 = EDGE_CURVE('',#9070,#9867,#10828,.T.);
#10828 = SURFACE_CURVE('',#10829,(#10833,#10840),.PCURVE_S1.);
#10829 = LINE('',#10830,#10831);
#10830 = CARTESIAN_POINT('',(184.,8.,3.2));
#10831 = VECTOR('',#10832,1.);
#10832 = DIRECTION('',(-1.,-0.,-0.));
#10833 = PCURVE('',#9085,#10834);
#10834 = DEFINITIONAL_REPRESENTATION('',(#10835),#10839);
#10835 = LINE('',#10836,#10837);
#10836 = CARTESIAN_POINT('',(-1.01,-0.));
#10837 = VECTOR('',#10838,1.);
#10838 = DIRECTION('',(-0.,1.));
#10839 = ( GEOMETRIC_REPRESENTATION_CONTEXT(2) 
PARAMETRIC_REPRESENTATION_CONTEXT() REPRESENTATION_CONTEXT('2D SPACE',''
  ) );
#10840 = PCURVE('',#9112,#10841);
#10841 = DEFINITIONAL_REPRESENTATION('',(#10842),#10846);
#10842 = LINE('',#10843,#10844);
#10843 = CARTESIAN_POINT('',(0.,2.));
#10844 = VECTOR('',#10845,1.);
#10845 = DIRECTION('',(-1.,0.));
#10846 = ( GEOMETRIC_REPRESENTATION_CONTEXT(2) 
PARAMETRIC_REPRESENTATION_CONTEXT() REPRESENTATION_CONTEXT('2D SPACE',''
  ) );
#10847 = ORIENTED_EDGE('',*,*,#9866,.T.);
#10848 = ORIENTED_EDGE('',*,*,#10778,.T.);
#10849 = ORIENTED_EDGE('',*,*,#9069,.T.);
#10850 = ADVANCED_FACE('',(#10851),#9112,.T.);
#10851 = FACE_BOUND('',#10852,.F.);
#10852 = EDGE_LOOP('',(#10853,#10854,#10855,#10876));
#10853 = ORIENTED_EDGE('',*,*,#10827,.F.);
#10854 = ORIENTED_EDGE('',*,*,#9096,.T.);
#10855 = ORIENTED_EDGE('',*,*,#10856,.T.);
#10856 = EDGE_CURVE('',#9097,#9891,#10857,.T.);
#10857 = SURFACE_CURVE('',#10858,(#10862,#10869),.PCURVE_S1.);
#10858 = LINE('',#10859,#10860);
#10859 = CARTESIAN_POINT('',(184.,6.,3.2));
#10860 = VECTOR('',#10861,1.);
#10861 = DIRECTION('',(-1.,-0.,-0.));
#10862 = PCURVE('',#9112,#10863);
#10863 = DEFINITIONAL_REPRESENTATION('',(#10864),#10868);
#10864 = LINE('',#10865,#10866);
#10865 = CARTESIAN_POINT('',(0.,-0.));
#10866 = VECTOR('',#10867,1.);
#10867 = DIRECTION('',(-1.,0.));
#10868 = ( GEOMETRIC_REPRESENTATION_CONTEXT(2) 
PARAMETRIC_REPRESENTATION_CONTEXT() REPRESENTATION_CONTEXT('2D SPACE',''
  ) );
#10869 = PCURVE('',#9139,#10870);
#10870 = DEFINITIONAL_REPRESENTATION('',(#10871),#10875);
#10871 = LINE('',#10872,#10873);
#10872 = CARTESIAN_POINT('',(-1.01,-0.));
#10873 = VECTOR('',#10874,1.);
#10874 = DIRECTION('',(-0.,1.));
#10875 = ( GEOMETRIC_REPRESENTATION_CONTEXT(2) 
PARAMETRIC_REPRESENTATION_CONTEXT() REPRESENTATION_CONTEXT('2D SPACE',''
  ) );
#10876 = ORIENTED_EDGE('',*,*,#9890,.T.);
#10877 = ADVANCED_FACE('',(#10878),#9139,.F.);
#10878 = FACE_BOUND('',#10879,.T.);
#10879 = EDGE_LOOP('',(#10880,#10881,#10882,#10903));
#10880 = ORIENTED_EDGE('',*,*,#10856,.T.);
#10881 = ORIENTED_EDGE('',*,*,#9913,.T.);
#10882 = ORIENTED_EDGE('',*,*,#10883,.T.);
#10883 = EDGE_CURVE('',#9914,#9124,#10884,.T.);
#10884 = SURFACE_CURVE('',#10885,(#10889,#10896),.PCURVE_S1.);
#10885 = LINE('',#10886,#10887);
#10886 = CARTESIAN_POINT('',(188.8,6.,2.2));
#10887 = VECTOR('',#10888,1.);
#10888 = DIRECTION('',(1.,-0.,0.));
#10889 = PCURVE('',#9139,#10890);
#10890 = DEFINITIONAL_REPRESENTATION('',(#10891),#10895);
#10891 = LINE('',#10892,#10893);
#10892 = CARTESIAN_POINT('',(-1.E-02,-4.8));
#10893 = VECTOR('',#10894,1.);
#10894 = DIRECTION('',(-0.,-1.));
#10895 = ( GEOMETRIC_REPRESENTATION_CONTEXT(2) 
PARAMETRIC_REPRESENTATION_CONTEXT() REPRESENTATION_CONTEXT('2D SPACE',''
  ) );
#10896 = PCURVE('',#9166,#10897);
#10897 = DEFINITIONAL_REPRESENTATION('',(#10898),#10902);
#10898 = LINE('',#10899,#10900);
#10899 = CARTESIAN_POINT('',(68.8,6.));
#10900 = VECTOR('',#10901,1.);
#10901 = DIRECTION('',(1.,-0.));
#10902 = ( GEOMETRIC_REPRESENTATION_CONTEXT(2) 
PARAMETRIC_REPRESENTATION_CONTEXT() REPRESENTATION_CONTEXT('2D SPACE',''
  ) );
#10903 = ORIENTED_EDGE('',*,*,#9123,.T.);
#10904 = ADVANCED_FACE('',(#10905,#11004,#11292),#9166,.T.);
#10905 = FACE_BOUND('',#10906,.F.);
#10906 = EDGE_LOOP('',(#10907,#10908,#10931,#10957,#10976,#10977,#10978,
    #10979,#10980,#10981,#10982,#11003));
#10907 = ORIENTED_EDGE('',*,*,#10671,.F.);
#10908 = ORIENTED_EDGE('',*,*,#10909,.T.);
#10909 = EDGE_CURVE('',#10646,#10910,#10912,.T.);
#10910 = VERTEX_POINT('',#10911);
#10911 = CARTESIAN_POINT('',(106.5,3.2,2.2));
#10912 = SURFACE_CURVE('',#10913,(#10917,#10924),.PCURVE_S1.);
#10913 = LINE('',#10914,#10915);
#10914 = CARTESIAN_POINT('',(106.5,2.4,2.2));
#10915 = VECTOR('',#10916,1.);
#10916 = DIRECTION('',(-0.,1.,-0.));
#10917 = PCURVE('',#9166,#10918);
#10918 = DEFINITIONAL_REPRESENTATION('',(#10919),#10923);
#10919 = LINE('',#10920,#10921);
#10920 = CARTESIAN_POINT('',(-13.5,2.4));
#10921 = VECTOR('',#10922,1.);
#10922 = DIRECTION('',(-0.,1.));
#10923 = ( GEOMETRIC_REPRESENTATION_CONTEXT(2) 
PARAMETRIC_REPRESENTATION_CONTEXT() REPRESENTATION_CONTEXT('2D SPACE',''
  ) );
#10924 = PCURVE('',#10660,#10925);
#10925 = DEFINITIONAL_REPRESENTATION('',(#10926),#10930);
#10926 = LINE('',#10927,#10928);
#10927 = CARTESIAN_POINT('',(-0.,-0.));
#10928 = VECTOR('',#10929,1.);
#10929 = DIRECTION('',(-0.,-1.));
#10930 = ( GEOMETRIC_REPRESENTATION_CONTEXT(2) 
PARAMETRIC_REPRESENTATION_CONTEXT() REPRESENTATION_CONTEXT('2D SPACE',''
  ) );
#10931 = ORIENTED_EDGE('',*,*,#10932,.F.);
#10932 = EDGE_CURVE('',#10933,#10910,#10935,.T.);
#10933 = VERTEX_POINT('',#10934);
#10934 = CARTESIAN_POINT('',(107.79759326113,3.2,2.2));
#10935 = SURFACE_CURVE('',#10936,(#10940,#10946),.PCURVE_S1.);
#10936 = LINE('',#10937,#10938);
#10937 = CARTESIAN_POINT('',(113.17966076487,3.2,2.2));
#10938 = VECTOR('',#10939,1.);
#10939 = DIRECTION('',(-1.,-0.,-0.));
#10940 = PCURVE('',#9166,#10941);
#10941 = DEFINITIONAL_REPRESENTATION('',(#10942),#10945);
#10942 = B_SPLINE_CURVE_WITH_KNOTS('',1,(#10943,#10944),.UNSPECIFIED.,
  .F.,.F.,(2,2),(5.379660764875,7.379660764875),
  .PIECEWISE_BEZIER_KNOTS.);
#10943 = CARTESIAN_POINT('',(-12.2,3.2));
#10944 = CARTESIAN_POINT('',(-14.2,3.2));
#10945 = ( GEOMETRIC_REPRESENTATION_CONTEXT(2) 
PARAMETRIC_REPRESENTATION_CONTEXT() REPRESENTATION_CONTEXT('2D SPACE',''
  ) );
#10946 = PCURVE('',#10947,#10952);
#10947 = PLANE('',#10948);
#10948 = AXIS2_PLACEMENT_3D('',#10949,#10950,#10951);
#10949 = CARTESIAN_POINT('',(106.35932152974,3.2,5.904321529749));
#10950 = DIRECTION('',(-0.,1.,-0.));
#10951 = DIRECTION('',(0.,0.,-1.));
#10952 = DEFINITIONAL_REPRESENTATION('',(#10953),#10956);
#10953 = B_SPLINE_CURVE_WITH_KNOTS('',1,(#10954,#10955),.UNSPECIFIED.,
  .F.,.F.,(2,2),(5.379660764875,7.379660764875),
  .PIECEWISE_BEZIER_KNOTS.);
#10954 = CARTESIAN_POINT('',(3.704321529749,-1.440678470251));
#10955 = CARTESIAN_POINT('',(3.704321529749,0.559321529749));
#10956 = ( GEOMETRIC_REPRESENTATION_CONTEXT(2) 
PARAMETRIC_REPRESENTATION_CONTEXT() REPRESENTATION_CONTEXT('2D SPACE',''
  ) );
#10957 = ORIENTED_EDGE('',*,*,#10958,.T.);
#10958 = EDGE_CURVE('',#10933,#10082,#10959,.T.);
#10959 = SURFACE_CURVE('',#10960,(#10964,#10970),.PCURVE_S1.);
#10960 = LINE('',#10961,#10962);
#10961 = CARTESIAN_POINT('',(107.79759326113,3.2,2.2));
#10962 = VECTOR('',#10963,1.);
#10963 = DIRECTION('',(0.,1.,0.));
#10964 = PCURVE('',#9166,#10965);
#10965 = DEFINITIONAL_REPRESENTATION('',(#10966),#10969);
#10966 = B_SPLINE_CURVE_WITH_KNOTS('',1,(#10967,#10968),.UNSPECIFIED.,
  .F.,.F.,(2,2),(0.,3.2),.PIECEWISE_BEZIER_KNOTS.);
#10967 = CARTESIAN_POINT('',(-12.20240673886,3.2));
#10968 = CARTESIAN_POINT('',(-12.20240673886,6.4));
#10969 = ( GEOMETRIC_REPRESENTATION_CONTEXT(2) 
PARAMETRIC_REPRESENTATION_CONTEXT() REPRESENTATION_CONTEXT('2D SPACE',''
  ) );
#10970 = PCURVE('',#10120,#10971);
#10971 = DEFINITIONAL_REPRESENTATION('',(#10972),#10975);
#10972 = B_SPLINE_CURVE_WITH_KNOTS('',1,(#10973,#10974),.UNSPECIFIED.,
  .F.,.F.,(2,2),(0.,3.2),.PIECEWISE_BEZIER_KNOTS.);
#10973 = CARTESIAN_POINT('',(-1.028554286281E-02,-3.2));
#10974 = CARTESIAN_POINT('',(-1.028554286281E-02,0.));
#10975 = ( GEOMETRIC_REPRESENTATION_CONTEXT(2) 
PARAMETRIC_REPRESENTATION_CONTEXT() REPRESENTATION_CONTEXT('2D SPACE',''
  ) );
#10976 = ORIENTED_EDGE('',*,*,#10081,.F.);
#10977 = ORIENTED_EDGE('',*,*,#10030,.T.);
#10978 = ORIENTED_EDGE('',*,*,#10008,.T.);
#10979 = ORIENTED_EDGE('',*,*,#9937,.F.);
#10980 = ORIENTED_EDGE('',*,*,#10883,.T.);
#10981 = ORIENTED_EDGE('',*,*,#9150,.T.);
#10982 = ORIENTED_EDGE('',*,*,#10983,.T.);
#10983 = EDGE_CURVE('',#9151,#9426,#10984,.T.);
#10984 = SURFACE_CURVE('',#10985,(#10989,#10996),.PCURVE_S1.);
#10985 = LINE('',#10986,#10987);
#10986 = CARTESIAN_POINT('',(193.6,2.4,2.2));
#10987 = VECTOR('',#10988,1.);
#10988 = DIRECTION('',(-1.,-0.,-0.));
#10989 = PCURVE('',#9166,#10990);
#10990 = DEFINITIONAL_REPRESENTATION('',(#10991),#10995);
#10991 = LINE('',#10992,#10993);
#10992 = CARTESIAN_POINT('',(73.6,2.4));
#10993 = VECTOR('',#10994,1.);
#10994 = DIRECTION('',(-1.,0.));
#10995 = ( GEOMETRIC_REPRESENTATION_CONTEXT(2) 
PARAMETRIC_REPRESENTATION_CONTEXT() REPRESENTATION_CONTEXT('2D SPACE',''
  ) );
#10996 = PCURVE('',#9194,#10997);
#10997 = DEFINITIONAL_REPRESENTATION('',(#10998),#11002);
#10998 = LINE('',#10999,#11000);
#10999 = CARTESIAN_POINT('',(9.3,3.4));
#11000 = VECTOR('',#11001,1.);
#11001 = DIRECTION('',(-0.,1.));
#11002 = ( GEOMETRIC_REPRESENTATION_CONTEXT(2) 
PARAMETRIC_REPRESENTATION_CONTEXT() REPRESENTATION_CONTEXT('2D SPACE',''
  ) );
#11003 = ORIENTED_EDGE('',*,*,#9425,.T.);
#11004 = FACE_BOUND('',#11005,.F.);
#11005 = EDGE_LOOP('',(#11006,#11034,#11060,#11099,#11138,#11164,#11203,
    #11242,#11268));
#11006 = ORIENTED_EDGE('',*,*,#11007,.F.);
#11007 = EDGE_CURVE('',#11008,#11010,#11012,.T.);
#11008 = VERTEX_POINT('',#11009);
#11009 = CARTESIAN_POINT('',(116.39526367187,5.165283203125,2.2));
#11010 = VERTEX_POINT('',#11011);
#11011 = CARTESIAN_POINT('',(116.39526367187,3.009033203125,2.2));
#11012 = SURFACE_CURVE('',#11013,(#11017,#11023),.PCURVE_S1.);
#11013 = LINE('',#11014,#11015);
#11014 = CARTESIAN_POINT('',(116.39526367187,2.582641601562,2.2));
#11015 = VECTOR('',#11016,1.);
#11016 = DIRECTION('',(0.,-1.,0.));
#11017 = PCURVE('',#9166,#11018);
#11018 = DEFINITIONAL_REPRESENTATION('',(#11019),#11022);
#11019 = B_SPLINE_CURVE_WITH_KNOTS('',1,(#11020,#11021),.UNSPECIFIED.,
  .F.,.F.,(2,2),(-2.582641601562,-0.426391601562),
  .PIECEWISE_BEZIER_KNOTS.);
#11020 = CARTESIAN_POINT('',(-3.604736328125,5.165283203125));
#11021 = CARTESIAN_POINT('',(-3.604736328125,3.009033203125));
#11022 = ( GEOMETRIC_REPRESENTATION_CONTEXT(2) 
PARAMETRIC_REPRESENTATION_CONTEXT() REPRESENTATION_CONTEXT('2D SPACE',''
  ) );
#11023 = PCURVE('',#11024,#11029);
#11024 = PLANE('',#11025);
#11025 = AXIS2_PLACEMENT_3D('',#11026,#11027,#11028);
#11026 = CARTESIAN_POINT('',(116.39526367187,5.165283203125,2.19));
#11027 = DIRECTION('',(1.,0.,0.));
#11028 = DIRECTION('',(0.,-1.,0.));
#11029 = DEFINITIONAL_REPRESENTATION('',(#11030),#11033);
#11030 = B_SPLINE_CURVE_WITH_KNOTS('',1,(#11031,#11032),.UNSPECIFIED.,
  .F.,.F.,(2,2),(-2.582641601562,-0.426391601562),
  .PIECEWISE_BEZIER_KNOTS.);
#11031 = CARTESIAN_POINT('',(0.,-1.E-02));
#11032 = CARTESIAN_POINT('',(2.15625,-1.E-02));
#11033 = ( GEOMETRIC_REPRESENTATION_CONTEXT(2) 
PARAMETRIC_REPRESENTATION_CONTEXT() REPRESENTATION_CONTEXT('2D SPACE',''
  ) );
#11034 = ORIENTED_EDGE('',*,*,#11035,.F.);
#11035 = EDGE_CURVE('',#11036,#11008,#11038,.T.);
#11036 = VERTEX_POINT('',#11037);
#11037 = CARTESIAN_POINT('',(116.22534179687,5.165283203125,2.2));
#11038 = SURFACE_CURVE('',#11039,(#11043,#11049),.PCURVE_S1.);
#11039 = LINE('',#11040,#11041);
#11040 = CARTESIAN_POINT('',(118.11267089843,5.165283203125,2.2));
#11041 = VECTOR('',#11042,1.);
#11042 = DIRECTION('',(1.,-0.,0.));
#11043 = PCURVE('',#9166,#11044);
#11044 = DEFINITIONAL_REPRESENTATION('',(#11045),#11048);
#11045 = B_SPLINE_CURVE_WITH_KNOTS('',1,(#11046,#11047),.UNSPECIFIED.,
  .F.,.F.,(2,2),(-1.887329101562,-1.717407226562),
  .PIECEWISE_BEZIER_KNOTS.);
#11046 = CARTESIAN_POINT('',(-3.774658203125,5.165283203125));
#11047 = CARTESIAN_POINT('',(-3.604736328125,5.165283203125));
#11048 = ( GEOMETRIC_REPRESENTATION_CONTEXT(2) 
PARAMETRIC_REPRESENTATION_CONTEXT() REPRESENTATION_CONTEXT('2D SPACE',''
  ) );
#11049 = PCURVE('',#11050,#11055);
#11050 = PLANE('',#11051);
#11051 = AXIS2_PLACEMENT_3D('',#11052,#11053,#11054);
#11052 = CARTESIAN_POINT('',(116.22534179687,5.165283203125,2.19));
#11053 = DIRECTION('',(0.,1.,0.));
#11054 = DIRECTION('',(1.,0.,0.));
#11055 = DEFINITIONAL_REPRESENTATION('',(#11056),#11059);
#11056 = B_SPLINE_CURVE_WITH_KNOTS('',1,(#11057,#11058),.UNSPECIFIED.,
  .F.,.F.,(2,2),(-1.887329101562,-1.717407226562),
  .PIECEWISE_BEZIER_KNOTS.);
#11057 = CARTESIAN_POINT('',(0.,-1.E-02));
#11058 = CARTESIAN_POINT('',(0.169921875,-1.E-02));
#11059 = ( GEOMETRIC_REPRESENTATION_CONTEXT(2) 
PARAMETRIC_REPRESENTATION_CONTEXT() REPRESENTATION_CONTEXT('2D SPACE',''
  ) );
#11060 = ORIENTED_EDGE('',*,*,#11061,.T.);
#11061 = EDGE_CURVE('',#11036,#11062,#11064,.T.);
#11062 = VERTEX_POINT('',#11063);
#11063 = CARTESIAN_POINT('',(115.99096679687,4.878173828125,2.2));
#11064 = SURFACE_CURVE('',#11065,(#11072,#11082),.PCURVE_S1.);
#11065 = B_SPLINE_CURVE_WITH_KNOTS('',5,(#11066,#11067,#11068,#11069,
    #11070,#11071),.UNSPECIFIED.,.F.,.F.,(6,6),(0.,1.),
  .PIECEWISE_BEZIER_KNOTS.);
#11066 = CARTESIAN_POINT('',(116.22534179687,5.165283203125,2.2));
#11067 = CARTESIAN_POINT('',(116.19725693657,5.108515932298,2.2));
#11068 = CARTESIAN_POINT('',(116.15932226839,5.051249615713,2.2));
#11069 = CARTESIAN_POINT('',(116.1119104543,4.993667797318,2.2));
#11070 = CARTESIAN_POINT('',(116.05558644848,4.93593121585,2.2));
#11071 = CARTESIAN_POINT('',(115.99096679687,4.878173828125,2.2));
#11072 = PCURVE('',#9166,#11073);
#11073 = DEFINITIONAL_REPRESENTATION('',(#11074),#11081);
#11074 = B_SPLINE_CURVE_WITH_KNOTS('',5,(#11075,#11076,#11077,#11078,
    #11079,#11080),.UNSPECIFIED.,.F.,.F.,(6,6),(0.,1.),
  .PIECEWISE_BEZIER_KNOTS.);
#11075 = CARTESIAN_POINT('',(-3.774658203125,5.165283203125));
#11076 = CARTESIAN_POINT('',(-3.802743063429,5.108515932298));
#11077 = CARTESIAN_POINT('',(-3.840677731603,5.051249615713));
#11078 = CARTESIAN_POINT('',(-3.888089545696,4.993667797318));
#11079 = CARTESIAN_POINT('',(-3.944413551512,4.93593121585));
#11080 = CARTESIAN_POINT('',(-4.009033203125,4.878173828125));
#11081 = ( GEOMETRIC_REPRESENTATION_CONTEXT(2) 
PARAMETRIC_REPRESENTATION_CONTEXT() REPRESENTATION_CONTEXT('2D SPACE',''
  ) );
#11082 = PCURVE('',#11083,#11090);
#11083 = SURFACE_OF_LINEAR_EXTRUSION('',#11084,#11088);
#11084 = B_SPLINE_CURVE_WITH_KNOTS('',2,(#11085,#11086,#11087),
  .UNSPECIFIED.,.F.,.F.,(3,3),(0.,1.),.PIECEWISE_BEZIER_KNOTS.);
#11085 = CARTESIAN_POINT('',(115.99096679687,4.878173828125,2.19));
#11086 = CARTESIAN_POINT('',(116.15649414062,5.026123046875,2.19));
#11087 = CARTESIAN_POINT('',(116.22534179687,5.165283203125,2.19));
#11088 = VECTOR('',#11089,1.);
#11089 = DIRECTION('',(-0.,-0.,-1.));
#11090 = DEFINITIONAL_REPRESENTATION('',(#11091),#11098);
#11091 = B_SPLINE_CURVE_WITH_KNOTS('',5,(#11092,#11093,#11094,#11095,
    #11096,#11097),.UNSPECIFIED.,.F.,.F.,(6,6),(0.,1.),
  .PIECEWISE_BEZIER_KNOTS.);
#11092 = CARTESIAN_POINT('',(1.,-1.E-02));
#11093 = CARTESIAN_POINT('',(0.796036191835,-1.E-02));
#11094 = CARTESIAN_POINT('',(0.593563683551,-1.E-02));
#11095 = CARTESIAN_POINT('',(0.393145545686,-1.E-02));
#11096 = CARTESIAN_POINT('',(0.195193283928,-1.E-02));
#11097 = CARTESIAN_POINT('',(0.,-1.E-02));
#11098 = ( GEOMETRIC_REPRESENTATION_CONTEXT(2) 
PARAMETRIC_REPRESENTATION_CONTEXT() REPRESENTATION_CONTEXT('2D SPACE',''
  ) );
#11099 = ORIENTED_EDGE('',*,*,#11100,.T.);
#11100 = EDGE_CURVE('',#11062,#11101,#11103,.T.);
#11101 = VERTEX_POINT('',#11102);
#11102 = CARTESIAN_POINT('',(115.60424804687,4.626220703125,2.2));
#11103 = SURFACE_CURVE('',#11104,(#11111,#11121),.PCURVE_S1.);
#11104 = B_SPLINE_CURVE_WITH_KNOTS('',5,(#11105,#11106,#11107,#11108,
    #11109,#11110),.UNSPECIFIED.,.F.,.F.,(6,6),(0.,1.),
  .PIECEWISE_BEZIER_KNOTS.);
#11105 = CARTESIAN_POINT('',(115.99096679687,4.878173828125,2.2));
#11106 = CARTESIAN_POINT('',(115.92427311673,4.818562662685,2.2));
#11107 = CARTESIAN_POINT('',(115.85208317575,4.763545856293,2.2));
#11108 = CARTESIAN_POINT('',(115.77454309987,4.713167551956,2.2));
#11109 = CARTESIAN_POINT('',(115.6918527469,4.667412317044,2.2));
#11110 = CARTESIAN_POINT('',(115.60424804687,4.626220703125,2.2));
#11111 = PCURVE('',#9166,#11112);
#11112 = DEFINITIONAL_REPRESENTATION('',(#11113),#11120);
#11113 = B_SPLINE_CURVE_WITH_KNOTS('',5,(#11114,#11115,#11116,#11117,
    #11118,#11119),.UNSPECIFIED.,.F.,.F.,(6,6),(0.,1.),
  .PIECEWISE_BEZIER_KNOTS.);
#11114 = CARTESIAN_POINT('',(-4.009033203125,4.878173828125));
#11115 = CARTESIAN_POINT('',(-4.07572688327,4.818562662685));
#11116 = CARTESIAN_POINT('',(-4.14791682425,4.763545856293));
#11117 = CARTESIAN_POINT('',(-4.225456900129,4.713167551956));
#11118 = CARTESIAN_POINT('',(-4.3081472531,4.667412317044));
#11119 = CARTESIAN_POINT('',(-4.395751953125,4.626220703125));
#11120 = ( GEOMETRIC_REPRESENTATION_CONTEXT(2) 
PARAMETRIC_REPRESENTATION_CONTEXT() REPRESENTATION_CONTEXT('2D SPACE',''
  ) );
#11121 = PCURVE('',#11122,#11129);
#11122 = SURFACE_OF_LINEAR_EXTRUSION('',#11123,#11127);
#11123 = B_SPLINE_CURVE_WITH_KNOTS('',2,(#11124,#11125,#11126),
  .UNSPECIFIED.,.F.,.F.,(3,3),(0.,1.),.PIECEWISE_BEZIER_KNOTS.);
#11124 = CARTESIAN_POINT('',(115.60424804687,4.626220703125,2.19));
#11125 = CARTESIAN_POINT('',(115.82543945312,4.730224609375,2.19));
#11126 = CARTESIAN_POINT('',(115.99096679687,4.878173828125,2.19));
#11127 = VECTOR('',#11128,1.);
#11128 = DIRECTION('',(-0.,-0.,-1.));
#11129 = DEFINITIONAL_REPRESENTATION('',(#11130),#11137);
#11130 = B_SPLINE_CURVE_WITH_KNOTS('',5,(#11131,#11132,#11133,#11134,
    #11135,#11136),.UNSPECIFIED.,.F.,.F.,(6,6),(0.,1.),
  .PIECEWISE_BEZIER_KNOTS.);
#11131 = CARTESIAN_POINT('',(1.,-1.E-02));
#11132 = CARTESIAN_POINT('',(0.798541803927,-1.E-02));
#11133 = CARTESIAN_POINT('',(0.597541575314,-1.E-02));
#11134 = CARTESIAN_POINT('',(0.397285547397,-1.E-02));
#11135 = CARTESIAN_POINT('',(0.198029167386,-1.E-02));
#11136 = CARTESIAN_POINT('',(0.,-1.E-02));
#11137 = ( GEOMETRIC_REPRESENTATION_CONTEXT(2) 
PARAMETRIC_REPRESENTATION_CONTEXT() REPRESENTATION_CONTEXT('2D SPACE',''
  ) );
#11138 = ORIENTED_EDGE('',*,*,#11139,.F.);
#11139 = EDGE_CURVE('',#11140,#11101,#11142,.T.);
#11140 = VERTEX_POINT('',#11141);
#11141 = CARTESIAN_POINT('',(115.60424804687,4.371337890625,2.2));
#11142 = SURFACE_CURVE('',#11143,(#11147,#11153),.PCURVE_S1.);
#11143 = LINE('',#11144,#11145);
#11144 = CARTESIAN_POINT('',(115.60424804687,2.185668945312,2.2));
#11145 = VECTOR('',#11146,1.);
#11146 = DIRECTION('',(0.,1.,0.));
#11147 = PCURVE('',#9166,#11148);
#11148 = DEFINITIONAL_REPRESENTATION('',(#11149),#11152);
#11149 = B_SPLINE_CURVE_WITH_KNOTS('',1,(#11150,#11151),.UNSPECIFIED.,
  .F.,.F.,(2,2),(2.185668945312,2.440551757812),
  .PIECEWISE_BEZIER_KNOTS.);
#11150 = CARTESIAN_POINT('',(-4.395751953125,4.371337890625));
#11151 = CARTESIAN_POINT('',(-4.395751953125,4.626220703125));
#11152 = ( GEOMETRIC_REPRESENTATION_CONTEXT(2) 
PARAMETRIC_REPRESENTATION_CONTEXT() REPRESENTATION_CONTEXT('2D SPACE',''
  ) );
#11153 = PCURVE('',#11154,#11159);
#11154 = PLANE('',#11155);
#11155 = AXIS2_PLACEMENT_3D('',#11156,#11157,#11158);
#11156 = CARTESIAN_POINT('',(115.60424804687,4.371337890625,2.19));
#11157 = DIRECTION('',(-1.,0.,0.));
#11158 = DIRECTION('',(0.,1.,0.));
#11159 = DEFINITIONAL_REPRESENTATION('',(#11160),#11163);
#11160 = B_SPLINE_CURVE_WITH_KNOTS('',1,(#11161,#11162),.UNSPECIFIED.,
  .F.,.F.,(2,2),(2.185668945312,2.440551757812),
  .PIECEWISE_BEZIER_KNOTS.);
#11161 = CARTESIAN_POINT('',(0.,-1.E-02));
#11162 = CARTESIAN_POINT('',(0.2548828125,-1.E-02));
#11163 = ( GEOMETRIC_REPRESENTATION_CONTEXT(2) 
PARAMETRIC_REPRESENTATION_CONTEXT() REPRESENTATION_CONTEXT('2D SPACE',''
  ) );
#11164 = ORIENTED_EDGE('',*,*,#11165,.T.);
#11165 = EDGE_CURVE('',#11140,#11166,#11168,.T.);
#11166 = VERTEX_POINT('',#11167);
#11167 = CARTESIAN_POINT('',(115.8818359375,4.507568359375,2.2));
#11168 = SURFACE_CURVE('',#11169,(#11176,#11186),.PCURVE_S1.);
#11169 = B_SPLINE_CURVE_WITH_KNOTS('',5,(#11170,#11171,#11172,#11173,
    #11174,#11175),.UNSPECIFIED.,.F.,.F.,(6,6),(0.,1.),
  .PIECEWISE_BEZIER_KNOTS.);
#11170 = CARTESIAN_POINT('',(115.60424804687,4.371337890625,2.2));
#11171 = CARTESIAN_POINT('',(115.65410170899,4.389736265931,2.2));
#11172 = CARTESIAN_POINT('',(115.70690615016,4.412690091177,2.2));
#11173 = CARTESIAN_POINT('',(115.76254799304,4.440079480695,2.2));
#11174 = CARTESIAN_POINT('',(115.82090121651,4.471758381167,2.2));
#11175 = CARTESIAN_POINT('',(115.8818359375,4.507568359375,2.2));
#11176 = PCURVE('',#9166,#11177);
#11177 = DEFINITIONAL_REPRESENTATION('',(#11178),#11185);
#11178 = B_SPLINE_CURVE_WITH_KNOTS('',5,(#11179,#11180,#11181,#11182,
    #11183,#11184),.UNSPECIFIED.,.F.,.F.,(6,6),(0.,1.),
  .PIECEWISE_BEZIER_KNOTS.);
#11179 = CARTESIAN_POINT('',(-4.395751953125,4.371337890625));
#11180 = CARTESIAN_POINT('',(-4.345898291004,4.389736265931));
#11181 = CARTESIAN_POINT('',(-4.293093849837,4.412690091177));
#11182 = CARTESIAN_POINT('',(-4.237452006951,4.440079480695));
#11183 = CARTESIAN_POINT('',(-4.179098783483,4.471758381167));
#11184 = CARTESIAN_POINT('',(-4.1181640625,4.507568359375));
#11185 = ( GEOMETRIC_REPRESENTATION_CONTEXT(2) 
PARAMETRIC_REPRESENTATION_CONTEXT() REPRESENTATION_CONTEXT('2D SPACE',''
  ) );
#11186 = PCURVE('',#11187,#11194);
#11187 = SURFACE_OF_LINEAR_EXTRUSION('',#11188,#11192);
#11188 = B_SPLINE_CURVE_WITH_KNOTS('',2,(#11189,#11190,#11191),
  .UNSPECIFIED.,.F.,.F.,(3,3),(0.,1.),.PIECEWISE_BEZIER_KNOTS.);
#11189 = CARTESIAN_POINT('',(115.8818359375,4.507568359375,2.19));
#11190 = CARTESIAN_POINT('',(115.72729492187,4.416748046875,2.19));
#11191 = CARTESIAN_POINT('',(115.60424804687,4.371337890625,2.19));
#11192 = VECTOR('',#11193,1.);
#11193 = DIRECTION('',(-0.,-0.,-1.));
#11194 = DEFINITIONAL_REPRESENTATION('',(#11195),#11202);
#11195 = B_SPLINE_CURVE_WITH_KNOTS('',5,(#11196,#11197,#11198,#11199,
    #11200,#11201),.UNSPECIFIED.,.F.,.F.,(6,6),(0.,1.),
  .PIECEWISE_BEZIER_KNOTS.);
#11196 = CARTESIAN_POINT('',(1.,-1.E-02));
#11197 = CARTESIAN_POINT('',(0.797420039637,-1.E-02));
#11198 = CARTESIAN_POINT('',(0.595979564143,-1.E-02));
#11199 = CARTESIAN_POINT('',(0.395843674089,-1.E-02));
#11200 = CARTESIAN_POINT('',(0.19714740691,-1.E-02));
#11201 = CARTESIAN_POINT('',(0.,-1.E-02));
#11202 = ( GEOMETRIC_REPRESENTATION_CONTEXT(2) 
PARAMETRIC_REPRESENTATION_CONTEXT() REPRESENTATION_CONTEXT('2D SPACE',''
  ) );
#11203 = ORIENTED_EDGE('',*,*,#11204,.T.);
#11204 = EDGE_CURVE('',#11166,#11205,#11207,.T.);
#11205 = VERTEX_POINT('',#11206);
#11206 = CARTESIAN_POINT('',(116.13159179687,4.689208984375,2.2));
#11207 = SURFACE_CURVE('',#11208,(#11215,#11225),.PCURVE_S1.);
#11208 = B_SPLINE_CURVE_WITH_KNOTS('',5,(#11209,#11210,#11211,#11212,
    #11213,#11214),.UNSPECIFIED.,.F.,.F.,(6,6),(0.,1.),
  .PIECEWISE_BEZIER_KNOTS.);
#11209 = CARTESIAN_POINT('',(115.8818359375,4.507568359375,2.2));
#11210 = CARTESIAN_POINT('',(115.94276823788,4.543376915052,2.2));
#11211 = CARTESIAN_POINT('',(115.99842458544,4.579472372784,2.2));
#11212 = CARTESIAN_POINT('',(116.04857902906,4.615830447487,2.2));
#11213 = CARTESIAN_POINT('',(116.0930241363,4.652421369678,2.2));
#11214 = CARTESIAN_POINT('',(116.13159179687,4.689208984375,2.2));
#11215 = PCURVE('',#9166,#11216);
#11216 = DEFINITIONAL_REPRESENTATION('',(#11217),#11224);
#11217 = B_SPLINE_CURVE_WITH_KNOTS('',5,(#11218,#11219,#11220,#11221,
    #11222,#11223),.UNSPECIFIED.,.F.,.F.,(6,6),(0.,1.),
  .PIECEWISE_BEZIER_KNOTS.);
#11218 = CARTESIAN_POINT('',(-4.1181640625,4.507568359375));
#11219 = CARTESIAN_POINT('',(-4.057231762113,4.543376915052));
#11220 = CARTESIAN_POINT('',(-4.001575414557,4.579472372784));
#11221 = CARTESIAN_POINT('',(-3.951420970933,4.615830447487));
#11222 = CARTESIAN_POINT('',(-3.906975863694,4.652421369678));
#11223 = CARTESIAN_POINT('',(-3.868408203125,4.689208984375));
#11224 = ( GEOMETRIC_REPRESENTATION_CONTEXT(2) 
PARAMETRIC_REPRESENTATION_CONTEXT() REPRESENTATION_CONTEXT('2D SPACE',''
  ) );
#11225 = PCURVE('',#11226,#11233);
#11226 = SURFACE_OF_LINEAR_EXTRUSION('',#11227,#11231);
#11227 = B_SPLINE_CURVE_WITH_KNOTS('',2,(#11228,#11229,#11230),
  .UNSPECIFIED.,.F.,.F.,(3,3),(0.,1.),.PIECEWISE_BEZIER_KNOTS.);
#11228 = CARTESIAN_POINT('',(116.13159179687,4.689208984375,2.19));
#11229 = CARTESIAN_POINT('',(116.03637695312,4.598388671875,2.19));
#11230 = CARTESIAN_POINT('',(115.8818359375,4.507568359375,2.19));
#11231 = VECTOR('',#11232,1.);
#11232 = DIRECTION('',(-0.,-0.,-1.));
#11233 = DEFINITIONAL_REPRESENTATION('',(#11234),#11241);
#11234 = B_SPLINE_CURVE_WITH_KNOTS('',5,(#11235,#11236,#11237,#11238,
    #11239,#11240),.UNSPECIFIED.,.F.,.F.,(6,6),(0.,1.),
  .PIECEWISE_BEZIER_KNOTS.);
#11235 = CARTESIAN_POINT('',(1.,-1.E-02));
#11236 = CARTESIAN_POINT('',(0.802860424658,-1.E-02));
#11237 = CARTESIAN_POINT('',(0.604141345534,-1.E-02));
#11238 = CARTESIAN_POINT('',(0.403976461147,-1.E-02));
#11239 = CARTESIAN_POINT('',(0.202529663708,-1.E-02));
#11240 = CARTESIAN_POINT('',(0.,-1.E-02));
#11241 = ( GEOMETRIC_REPRESENTATION_CONTEXT(2) 
PARAMETRIC_REPRESENTATION_CONTEXT() REPRESENTATION_CONTEXT('2D SPACE',''
  ) );
#11242 = ORIENTED_EDGE('',*,*,#11243,.F.);
#11243 = EDGE_CURVE('',#11244,#11205,#11246,.T.);
#11244 = VERTEX_POINT('',#11245);
#11245 = CARTESIAN_POINT('',(116.13159179687,3.009033203125,2.2));
#11246 = SURFACE_CURVE('',#11247,(#11251,#11257),.PCURVE_S1.);
#11247 = LINE('',#11248,#11249);
#11248 = CARTESIAN_POINT('',(116.13159179687,1.504516601562,2.2));
#11249 = VECTOR('',#11250,1.);
#11250 = DIRECTION('',(0.,1.,0.));
#11251 = PCURVE('',#9166,#11252);
#11252 = DEFINITIONAL_REPRESENTATION('',(#11253),#11256);
#11253 = B_SPLINE_CURVE_WITH_KNOTS('',1,(#11254,#11255),.UNSPECIFIED.,
  .F.,.F.,(2,2),(1.504516601562,3.184692382812),
  .PIECEWISE_BEZIER_KNOTS.);
#11254 = CARTESIAN_POINT('',(-3.868408203125,3.009033203125));
#11255 = CARTESIAN_POINT('',(-3.868408203125,4.689208984375));
#11256 = ( GEOMETRIC_REPRESENTATION_CONTEXT(2) 
PARAMETRIC_REPRESENTATION_CONTEXT() REPRESENTATION_CONTEXT('2D SPACE',''
  ) );
#11257 = PCURVE('',#11258,#11263);
#11258 = PLANE('',#11259);
#11259 = AXIS2_PLACEMENT_3D('',#11260,#11261,#11262);
#11260 = CARTESIAN_POINT('',(116.13159179687,3.009033203125,2.19));
#11261 = DIRECTION('',(-1.,0.,0.));
#11262 = DIRECTION('',(0.,1.,0.));
#11263 = DEFINITIONAL_REPRESENTATION('',(#11264),#11267);
#11264 = B_SPLINE_CURVE_WITH_KNOTS('',1,(#11265,#11266),.UNSPECIFIED.,
  .F.,.F.,(2,2),(1.504516601562,3.184692382812),
  .PIECEWISE_BEZIER_KNOTS.);
#11265 = CARTESIAN_POINT('',(0.,-1.E-02));
#11266 = CARTESIAN_POINT('',(1.68017578125,-1.E-02));
#11267 = ( GEOMETRIC_REPRESENTATION_CONTEXT(2) 
PARAMETRIC_REPRESENTATION_CONTEXT() REPRESENTATION_CONTEXT('2D SPACE',''
  ) );
#11268 = ORIENTED_EDGE('',*,*,#11269,.F.);
#11269 = EDGE_CURVE('',#11010,#11244,#11270,.T.);
#11270 = SURFACE_CURVE('',#11271,(#11275,#11281),.PCURVE_S1.);
#11271 = LINE('',#11272,#11273);
#11272 = CARTESIAN_POINT('',(118.19763183593,3.009033203125,2.2));
#11273 = VECTOR('',#11274,1.);
#11274 = DIRECTION('',(-1.,-0.,-0.));
#11275 = PCURVE('',#9166,#11276);
#11276 = DEFINITIONAL_REPRESENTATION('',(#11277),#11280);
#11277 = B_SPLINE_CURVE_WITH_KNOTS('',1,(#11278,#11279),.UNSPECIFIED.,
  .F.,.F.,(2,2),(1.802368164062,2.066040039062),
  .PIECEWISE_BEZIER_KNOTS.);
#11278 = CARTESIAN_POINT('',(-3.604736328125,3.009033203125));
#11279 = CARTESIAN_POINT('',(-3.868408203125,3.009033203125));
#11280 = ( GEOMETRIC_REPRESENTATION_CONTEXT(2) 
PARAMETRIC_REPRESENTATION_CONTEXT() REPRESENTATION_CONTEXT('2D SPACE',''
  ) );
#11281 = PCURVE('',#11282,#11287);
#11282 = PLANE('',#11283);
#11283 = AXIS2_PLACEMENT_3D('',#11284,#11285,#11286);
#11284 = CARTESIAN_POINT('',(116.39526367187,3.009033203125,2.19));
#11285 = DIRECTION('',(0.,-1.,0.));
#11286 = DIRECTION('',(-1.,0.,0.));
#11287 = DEFINITIONAL_REPRESENTATION('',(#11288),#11291);
#11288 = B_SPLINE_CURVE_WITH_KNOTS('',1,(#11289,#11290),.UNSPECIFIED.,
  .F.,.F.,(2,2),(1.802368164062,2.066040039062),
  .PIECEWISE_BEZIER_KNOTS.);
#11289 = CARTESIAN_POINT('',(0.,-1.E-02));
#11290 = CARTESIAN_POINT('',(0.263671875,-1.E-02));
#11291 = ( GEOMETRIC_REPRESENTATION_CONTEXT(2) 
PARAMETRIC_REPRESENTATION_CONTEXT() REPRESENTATION_CONTEXT('2D SPACE',''
  ) );
#11292 = FACE_BOUND('',#11293,.F.);
#11293 = EDGE_LOOP('',(#11294,#11322,#11373,#11424,#11463,#11502,#11553,
    #11598,#11649,#11688,#11730,#11775,#11820,#11871,#11913,#11955,
    #12006,#12032,#12083,#12134,#12173,#12212,#12263,#12308,#12353,
    #12392,#12434,#12476,#12515,#12560,#12605,#12644,#12683,#12722,
    #12761));
#11294 = ORIENTED_EDGE('',*,*,#11295,.F.);
#11295 = EDGE_CURVE('',#11296,#11298,#11300,.T.);
#11296 = VERTEX_POINT('',#11297);
#11297 = CARTESIAN_POINT('',(113.41137695312,3.698974609375,2.2));
#11298 = VERTEX_POINT('',#11299);
#11299 = CARTESIAN_POINT('',(113.67944335937,3.722412109375,2.2));
#11300 = SURFACE_CURVE('',#11301,(#11305,#11311),.PCURVE_S1.);
#11301 = LINE('',#11302,#11303);
#11302 = CARTESIAN_POINT('',(116.52021973813,3.970786000414,2.2));
#11303 = VECTOR('',#11304,1.);
#11304 = DIRECTION('',(0.99619962403,8.70994206802E-02,0.));
#11305 = PCURVE('',#9166,#11306);
#11306 = DEFINITIONAL_REPRESENTATION('',(#11307),#11310);
#11307 = B_SPLINE_CURVE_WITH_KNOTS('',1,(#11308,#11309),.UNSPECIFIED.,
  .F.,.F.,(2,2),(-3.120702628292,-2.851613582498),
  .PIECEWISE_BEZIER_KNOTS.);
#11308 = CARTESIAN_POINT('',(-6.588623046875,3.698974609375));
#11309 = CARTESIAN_POINT('',(-6.320556640625,3.722412109375));
#11310 = ( GEOMETRIC_REPRESENTATION_CONTEXT(2) 
PARAMETRIC_REPRESENTATION_CONTEXT() REPRESENTATION_CONTEXT('2D SPACE',''
  ) );
#11311 = PCURVE('',#11312,#11317);
#11312 = PLANE('',#11313);
#11313 = AXIS2_PLACEMENT_3D('',#11314,#11315,#11316);
#11314 = CARTESIAN_POINT('',(113.41137695312,3.698974609375,2.19));
#11315 = DIRECTION('',(-8.70994206802E-02,0.99619962403,0.));
#11316 = DIRECTION('',(0.99619962403,8.70994206802E-02,0.));
#11317 = DEFINITIONAL_REPRESENTATION('',(#11318),#11321);
#11318 = B_SPLINE_CURVE_WITH_KNOTS('',1,(#11319,#11320),.UNSPECIFIED.,
  .F.,.F.,(2,2),(-3.120702628292,-2.851613582498),
  .PIECEWISE_BEZIER_KNOTS.);
#11319 = CARTESIAN_POINT('',(0.,-1.E-02));
#11320 = CARTESIAN_POINT('',(0.269089045793,-1.E-02));
#11321 = ( GEOMETRIC_REPRESENTATION_CONTEXT(2) 
PARAMETRIC_REPRESENTATION_CONTEXT() REPRESENTATION_CONTEXT('2D SPACE',''
  ) );
#11322 = ORIENTED_EDGE('',*,*,#11323,.T.);
#11323 = EDGE_CURVE('',#11296,#11324,#11326,.T.);
#11324 = VERTEX_POINT('',#11325);
#11325 = CARTESIAN_POINT('',(113.529296875,3.31298828125,2.2));
#11326 = SURFACE_CURVE('',#11327,(#11338,#11352),.PCURVE_S1.);
#11327 = B_SPLINE_CURVE_WITH_KNOTS('',5,(#11328,#11329,#11330,#11331,
    #11332,#11333,#11334,#11335,#11336,#11337),.UNSPECIFIED.,.F.,.F.,(6,
    4,6),(0.,0.678587041509,1.),.UNSPECIFIED.);
#11328 = CARTESIAN_POINT('',(113.41137695312,3.698974609375,2.2));
#11329 = CARTESIAN_POINT('',(113.41295506264,3.640979084441,2.2));
#11330 = CARTESIAN_POINT('',(113.41935608702,3.584711719256,2.2));
#11331 = CARTESIAN_POINT('',(113.43067630703,3.530306917501,2.2));
#11332 = CARTESIAN_POINT('',(113.44695096617,3.477879972055,2.2));
#11333 = CARTESIAN_POINT('',(113.47817802717,3.403669952815,2.2));
#11334 = CARTESIAN_POINT('',(113.48931769781,3.380281856093,2.2));
#11335 = CARTESIAN_POINT('',(113.50155623127,3.357367212597,2.2));
#11336 = CARTESIAN_POINT('',(113.51488622007,3.334933919142,2.2));
#11337 = CARTESIAN_POINT('',(113.529296875,3.31298828125,2.2));
#11338 = PCURVE('',#9166,#11339);
#11339 = DEFINITIONAL_REPRESENTATION('',(#11340),#11351);
#11340 = B_SPLINE_CURVE_WITH_KNOTS('',5,(#11341,#11342,#11343,#11344,
    #11345,#11346,#11347,#11348,#11349,#11350),.UNSPECIFIED.,.F.,.F.,(6,
    4,6),(0.,0.678587041509,1.),.UNSPECIFIED.);
#11341 = CARTESIAN_POINT('',(-6.588623046875,3.698974609375));
#11342 = CARTESIAN_POINT('',(-6.587044937353,3.640979084441));
#11343 = CARTESIAN_POINT('',(-6.580643912977,3.584711719256));
#11344 = CARTESIAN_POINT('',(-6.569323692965,3.530306917501));
#11345 = CARTESIAN_POINT('',(-6.553049033822,3.477879972055));
#11346 = CARTESIAN_POINT('',(-6.521821972822,3.403669952815));
#11347 = CARTESIAN_POINT('',(-6.510682302181,3.380281856093));
#11348 = CARTESIAN_POINT('',(-6.498443768721,3.357367212597));
#11349 = CARTESIAN_POINT('',(-6.485113779925,3.334933919142));
#11350 = CARTESIAN_POINT('',(-6.470703125,3.31298828125));
#11351 = ( GEOMETRIC_REPRESENTATION_CONTEXT(2) 
PARAMETRIC_REPRESENTATION_CONTEXT() REPRESENTATION_CONTEXT('2D SPACE',''
  ) );
#11352 = PCURVE('',#11353,#11360);
#11353 = SURFACE_OF_LINEAR_EXTRUSION('',#11354,#11358);
#11354 = B_SPLINE_CURVE_WITH_KNOTS('',2,(#11355,#11356,#11357),
  .UNSPECIFIED.,.F.,.F.,(3,3),(0.,1.),.PIECEWISE_BEZIER_KNOTS.);
#11355 = CARTESIAN_POINT('',(113.529296875,3.31298828125,2.19));
#11356 = CARTESIAN_POINT('',(113.41723632812,3.483642578125,2.19));
#11357 = CARTESIAN_POINT('',(113.41137695312,3.698974609375,2.19));
#11358 = VECTOR('',#11359,1.);
#11359 = DIRECTION('',(-0.,-0.,-1.));
#11360 = DEFINITIONAL_REPRESENTATION('',(#11361),#11372);
#11361 = B_SPLINE_CURVE_WITH_KNOTS('',5,(#11362,#11363,#11364,#11365,
    #11366,#11367,#11368,#11369,#11370,#11371),.UNSPECIFIED.,.F.,.F.,(6,
    4,6),(0.,0.678587041509,1.),.UNSPECIFIED.);
#11362 = CARTESIAN_POINT('',(1.,-1.E-02));
#11363 = CARTESIAN_POINT('',(0.865334654121,-1.E-02));
#11364 = CARTESIAN_POINT('',(0.729978778473,-1.E-02));
#11365 = CARTESIAN_POINT('',(0.594147939266,-1.E-02));
#11366 = CARTESIAN_POINT('',(0.458072778567,-1.E-02));
#11367 = CARTESIAN_POINT('',(0.257549087068,-1.E-02));
#11368 = CARTESIAN_POINT('',(0.193098154153,-1.E-02));
#11369 = CARTESIAN_POINT('',(0.12867287128,-1.E-02));
#11370 = CARTESIAN_POINT('',(6.429852131981E-02,-1.E-02));
#11371 = CARTESIAN_POINT('',(0.,-1.E-02));
#11372 = ( GEOMETRIC_REPRESENTATION_CONTEXT(2) 
PARAMETRIC_REPRESENTATION_CONTEXT() REPRESENTATION_CONTEXT('2D SPACE',''
  ) );
#11373 = ORIENTED_EDGE('',*,*,#11374,.T.);
#11374 = EDGE_CURVE('',#11324,#11375,#11377,.T.);
#11375 = VERTEX_POINT('',#11376);
#11376 = CARTESIAN_POINT('',(113.83837890625,3.057373046875,2.2));
#11377 = SURFACE_CURVE('',#11378,(#11389,#11403),.PCURVE_S1.);
#11378 = B_SPLINE_CURVE_WITH_KNOTS('',5,(#11379,#11380,#11381,#11382,
    #11383,#11384,#11385,#11386,#11387,#11388),.UNSPECIFIED.,.F.,.F.,(6,
    4,6),(0.,0.350433090833,1.),.UNSPECIFIED.);
#11379 = CARTESIAN_POINT('',(113.529296875,3.31298828125,2.2));
#11380 = CARTESIAN_POINT('',(113.54499794962,3.289077494399,2.2));
#11381 = CARTESIAN_POINT('',(113.56176553574,3.266181453766,2.2));
#11382 = CARTESIAN_POINT('',(113.57959819176,3.244318672118,2.2));
#11383 = CARTESIAN_POINT('',(113.59849001694,3.223503569334,2.2));
#11384 = CARTESIAN_POINT('',(113.65539284646,3.1671244846,2.2));
#11385 = CARTESIAN_POINT('',(113.69595928416,3.134136921715,2.2));
#11386 = CARTESIAN_POINT('',(113.74006271275,3.104850846561,2.2));
#11387 = CARTESIAN_POINT('',(113.78758749424,3.079275663206,2.2));
#11388 = CARTESIAN_POINT('',(113.83837890625,3.057373046875,2.2));
#11389 = PCURVE('',#9166,#11390);
#11390 = DEFINITIONAL_REPRESENTATION('',(#11391),#11402);
#11391 = B_SPLINE_CURVE_WITH_KNOTS('',5,(#11392,#11393,#11394,#11395,
    #11396,#11397,#11398,#11399,#11400,#11401),.UNSPECIFIED.,.F.,.F.,(6,
    4,6),(0.,0.350433090833,1.),.UNSPECIFIED.);
#11392 = CARTESIAN_POINT('',(-6.470703125,3.31298828125));
#11393 = CARTESIAN_POINT('',(-6.455002050372,3.289077494399));
#11394 = CARTESIAN_POINT('',(-6.438234464251,3.266181453766));
#11395 = CARTESIAN_POINT('',(-6.420401808231,3.244318672118));
#11396 = CARTESIAN_POINT('',(-6.401509983059,3.223503569334));
#11397 = CARTESIAN_POINT('',(-6.344607153539,3.1671244846));
#11398 = CARTESIAN_POINT('',(-6.304040715839,3.134136921715));
#11399 = CARTESIAN_POINT('',(-6.259937287245,3.104850846561));
#11400 = CARTESIAN_POINT('',(-6.21241250576,3.079275663206));
#11401 = CARTESIAN_POINT('',(-6.16162109375,3.057373046875));
#11402 = ( GEOMETRIC_REPRESENTATION_CONTEXT(2) 
PARAMETRIC_REPRESENTATION_CONTEXT() REPRESENTATION_CONTEXT('2D SPACE',''
  ) );
#11403 = PCURVE('',#11404,#11411);
#11404 = SURFACE_OF_LINEAR_EXTRUSION('',#11405,#11409);
#11405 = B_SPLINE_CURVE_WITH_KNOTS('',2,(#11406,#11407,#11408),
  .UNSPECIFIED.,.F.,.F.,(3,3),(0.,1.),.PIECEWISE_BEZIER_KNOTS.);
#11406 = CARTESIAN_POINT('',(113.83837890625,3.057373046875,2.19));
#11407 = CARTESIAN_POINT('',(113.64135742187,3.142333984375,2.19));
#11408 = CARTESIAN_POINT('',(113.529296875,3.31298828125,2.19));
#11409 = VECTOR('',#11410,1.);
#11410 = DIRECTION('',(-0.,-0.,-1.));
#11411 = DEFINITIONAL_REPRESENTATION('',(#11412),#11423);
#11412 = B_SPLINE_CURVE_WITH_KNOTS('',5,(#11413,#11414,#11415,#11416,
    #11417,#11418,#11419,#11420,#11421,#11422),.UNSPECIFIED.,.F.,.F.,(6,
    4,6),(0.,0.350433090833,1.),.UNSPECIFIED.);
#11413 = CARTESIAN_POINT('',(1.,-1.E-02));
#11414 = CARTESIAN_POINT('',(0.929943789025,-1.E-02));
#11415 = CARTESIAN_POINT('',(0.85978013454,-1.E-02));
#11416 = CARTESIAN_POINT('',(0.789544228884,-1.E-02));
#11417 = CARTESIAN_POINT('',(0.719271977713,-1.E-02));
#11418 = CARTESIAN_POINT('',(0.518743033526,-1.E-02));
#11419 = CARTESIAN_POINT('',(0.388484500617,-1.E-02));
#11420 = CARTESIAN_POINT('',(0.258462158341,-1.E-02));
#11421 = CARTESIAN_POINT('',(0.128898155881,-1.E-02));
#11422 = CARTESIAN_POINT('',(0.,-1.E-02));
#11423 = ( GEOMETRIC_REPRESENTATION_CONTEXT(2) 
PARAMETRIC_REPRESENTATION_CONTEXT() REPRESENTATION_CONTEXT('2D SPACE',''
  ) );
#11424 = ORIENTED_EDGE('',*,*,#11425,.T.);
#11425 = EDGE_CURVE('',#11375,#11426,#11428,.T.);
#11426 = VERTEX_POINT('',#11427);
#11427 = CARTESIAN_POINT('',(114.32690429687,2.972412109375,2.2));
#11428 = SURFACE_CURVE('',#11429,(#11436,#11446),.PCURVE_S1.);
#11429 = B_SPLINE_CURVE_WITH_KNOTS('',5,(#11430,#11431,#11432,#11433,
    #11434,#11435),.UNSPECIFIED.,.F.,.F.,(6,6),(0.,1.),
  .PIECEWISE_BEZIER_KNOTS.);
#11430 = CARTESIAN_POINT('',(113.83837890625,3.057373046875,2.2));
#11431 = CARTESIAN_POINT('',(113.9193768233,3.022444577066,2.2));
#11432 = CARTESIAN_POINT('',(114.00955643774,2.996835936072,2.2));
#11433 = CARTESIAN_POINT('',(114.10816395967,2.980343768208,2.2));
#11434 = CARTESIAN_POINT('',(114.21424590704,2.972412109375,2.2));
#11435 = CARTESIAN_POINT('',(114.32690429687,2.972412109375,2.2));
#11436 = PCURVE('',#9166,#11437);
#11437 = DEFINITIONAL_REPRESENTATION('',(#11438),#11445);
#11438 = B_SPLINE_CURVE_WITH_KNOTS('',5,(#11439,#11440,#11441,#11442,
    #11443,#11444),.UNSPECIFIED.,.F.,.F.,(6,6),(0.,1.),
  .PIECEWISE_BEZIER_KNOTS.);
#11439 = CARTESIAN_POINT('',(-6.16162109375,3.057373046875));
#11440 = CARTESIAN_POINT('',(-6.080623176692,3.022444577066));
#11441 = CARTESIAN_POINT('',(-5.990443562258,2.996835936072));
#11442 = CARTESIAN_POINT('',(-5.891836040324,2.980343768208));
#11443 = CARTESIAN_POINT('',(-5.785754092958,2.972412109375));
#11444 = CARTESIAN_POINT('',(-5.673095703125,2.972412109375));
#11445 = ( GEOMETRIC_REPRESENTATION_CONTEXT(2) 
PARAMETRIC_REPRESENTATION_CONTEXT() REPRESENTATION_CONTEXT('2D SPACE',''
  ) );
#11446 = PCURVE('',#11447,#11454);
#11447 = SURFACE_OF_LINEAR_EXTRUSION('',#11448,#11452);
#11448 = B_SPLINE_CURVE_WITH_KNOTS('',2,(#11449,#11450,#11451),
  .UNSPECIFIED.,.F.,.F.,(3,3),(0.,1.),.PIECEWISE_BEZIER_KNOTS.);
#11449 = CARTESIAN_POINT('',(114.32690429687,2.972412109375,2.19));
#11450 = CARTESIAN_POINT('',(114.03540039062,2.972412109375,2.19));
#11451 = CARTESIAN_POINT('',(113.83837890625,3.057373046875,2.19));
#11452 = VECTOR('',#11453,1.);
#11453 = DIRECTION('',(-0.,-0.,-1.));
#11454 = DEFINITIONAL_REPRESENTATION('',(#11455),#11462);
#11455 = B_SPLINE_CURVE_WITH_KNOTS('',5,(#11456,#11457,#11458,#11459,
    #11460,#11461),.UNSPECIFIED.,.F.,.F.,(6,6),(0.,1.),
  .PIECEWISE_BEZIER_KNOTS.);
#11456 = CARTESIAN_POINT('',(1.,-1.E-02));
#11457 = CARTESIAN_POINT('',(0.794443947789,-1.E-02));
#11458 = CARTESIAN_POINT('',(0.590916333256,-1.E-02));
#11459 = CARTESIAN_POINT('',(0.39032219458,-1.E-02));
#11460 = CARTESIAN_POINT('',(0.193236501155,-1.E-02));
#11461 = CARTESIAN_POINT('',(0.,-1.E-02));
#11462 = ( GEOMETRIC_REPRESENTATION_CONTEXT(2) 
PARAMETRIC_REPRESENTATION_CONTEXT() REPRESENTATION_CONTEXT('2D SPACE',''
  ) );
#11463 = ORIENTED_EDGE('',*,*,#11464,.T.);
#11464 = EDGE_CURVE('',#11426,#11465,#11467,.T.);
#11465 = VERTEX_POINT('',#11466);
#11466 = CARTESIAN_POINT('',(114.74072265625,3.056640625,2.2));
#11467 = SURFACE_CURVE('',#11468,(#11475,#11485),.PCURVE_S1.);
#11468 = B_SPLINE_CURVE_WITH_KNOTS('',5,(#11469,#11470,#11471,#11472,
    #11473,#11474),.UNSPECIFIED.,.F.,.F.,(6,6),(0.,1.),
  .PIECEWISE_BEZIER_KNOTS.);
#11469 = CARTESIAN_POINT('',(114.32690429687,2.972412109375,2.2));
#11470 = CARTESIAN_POINT('',(114.41774222922,2.972412109375,2.2));
#11471 = CARTESIAN_POINT('',(114.50487003369,2.980624916773,2.2));
#11472 = CARTESIAN_POINT('',(114.58793391764,2.997335898462,2.2));
#11473 = CARTESIAN_POINT('',(114.66662736397,3.02269258272,2.2));
#11474 = CARTESIAN_POINT('',(114.74072265625,3.056640625,2.2));
#11475 = PCURVE('',#9166,#11476);
#11476 = DEFINITIONAL_REPRESENTATION('',(#11477),#11484);
#11477 = B_SPLINE_CURVE_WITH_KNOTS('',5,(#11478,#11479,#11480,#11481,
    #11482,#11483),.UNSPECIFIED.,.F.,.F.,(6,6),(0.,1.),
  .PIECEWISE_BEZIER_KNOTS.);
#11478 = CARTESIAN_POINT('',(-5.673095703125,2.972412109375));
#11479 = CARTESIAN_POINT('',(-5.582257770778,2.972412109375));
#11480 = CARTESIAN_POINT('',(-5.495129966301,2.980624916773));
#11481 = CARTESIAN_POINT('',(-5.412066082353,2.997335898462));
#11482 = CARTESIAN_POINT('',(-5.33337263603,3.02269258272));
#11483 = CARTESIAN_POINT('',(-5.25927734375,3.056640625));
#11484 = ( GEOMETRIC_REPRESENTATION_CONTEXT(2) 
PARAMETRIC_REPRESENTATION_CONTEXT() REPRESENTATION_CONTEXT('2D SPACE',''
  ) );
#11485 = PCURVE('',#11486,#11493);
#11486 = SURFACE_OF_LINEAR_EXTRUSION('',#11487,#11491);
#11487 = B_SPLINE_CURVE_WITH_KNOTS('',2,(#11488,#11489,#11490),
  .UNSPECIFIED.,.F.,.F.,(3,3),(0.,1.),.PIECEWISE_BEZIER_KNOTS.);
#11488 = CARTESIAN_POINT('',(114.74072265625,3.056640625,2.19));
#11489 = CARTESIAN_POINT('',(114.55688476562,2.972412109375,2.19));
#11490 = CARTESIAN_POINT('',(114.32690429687,2.972412109375,2.19));
#11491 = VECTOR('',#11492,1.);
#11492 = DIRECTION('',(-0.,-0.,-1.));
#11493 = DEFINITIONAL_REPRESENTATION('',(#11494),#11501);
#11494 = B_SPLINE_CURVE_WITH_KNOTS('',5,(#11495,#11496,#11497,#11498,
    #11499,#11500),.UNSPECIFIED.,.F.,.F.,(6,6),(0.,1.),
  .PIECEWISE_BEZIER_KNOTS.);
#11495 = CARTESIAN_POINT('',(1.,-1.E-02));
#11496 = CARTESIAN_POINT('',(0.802509463432,-1.E-02));
#11497 = CARTESIAN_POINT('',(0.603303428427,-1.E-02));
#11498 = CARTESIAN_POINT('',(0.402811194983,-1.E-02));
#11499 = CARTESIAN_POINT('',(0.201523450981,-1.E-02));
#11500 = CARTESIAN_POINT('',(0.,-1.E-02));
#11501 = ( GEOMETRIC_REPRESENTATION_CONTEXT(2) 
PARAMETRIC_REPRESENTATION_CONTEXT() REPRESENTATION_CONTEXT('2D SPACE',''
  ) );
#11502 = ORIENTED_EDGE('',*,*,#11503,.T.);
#11503 = EDGE_CURVE('',#11465,#11504,#11506,.T.);
#11504 = VERTEX_POINT('',#11505);
#11505 = CARTESIAN_POINT('',(115.02270507812,3.29248046875,2.2));
#11506 = SURFACE_CURVE('',#11507,(#11518,#11532),.PCURVE_S1.);
#11507 = B_SPLINE_CURVE_WITH_KNOTS('',5,(#11508,#11509,#11510,#11511,
    #11512,#11513,#11514,#11515,#11516,#11517),.UNSPECIFIED.,.F.,.F.,(6,
    4,6),(0.,0.849618761254,1.),.UNSPECIFIED.);
#11508 = CARTESIAN_POINT('',(114.74072265625,3.056640625,2.2));
#11509 = CARTESIAN_POINT('',(114.80253805199,3.084962419864,2.2));
#11510 = CARTESIAN_POINT('',(114.85875025849,3.118253027211,2.2));
#11511 = CARTESIAN_POINT('',(114.90904474901,3.156589020138,2.2));
#11512 = CARTESIAN_POINT('',(114.95319832816,3.199957753945,2.2));
#11513 = CARTESIAN_POINT('',(114.99782211587,3.256774400917,2.2));
#11514 = CARTESIAN_POINT('',(115.00433723337,3.26547223583,2.2));
#11515 = CARTESIAN_POINT('',(115.01065635171,3.274323062395,2.2));
#11516 = CARTESIAN_POINT('',(115.01677906109,3.283326099163,2.2));
#11517 = CARTESIAN_POINT('',(115.02270507812,3.29248046875,2.2));
#11518 = PCURVE('',#9166,#11519);
#11519 = DEFINITIONAL_REPRESENTATION('',(#11520),#11531);
#11520 = B_SPLINE_CURVE_WITH_KNOTS('',5,(#11521,#11522,#11523,#11524,
    #11525,#11526,#11527,#11528,#11529,#11530),.UNSPECIFIED.,.F.,.F.,(6,
    4,6),(0.,0.849618761254,1.),.UNSPECIFIED.);
#11521 = CARTESIAN_POINT('',(-5.25927734375,3.056640625));
#11522 = CARTESIAN_POINT('',(-5.197461948004,3.084962419864));
#11523 = CARTESIAN_POINT('',(-5.14124974151,3.118253027211));
#11524 = CARTESIAN_POINT('',(-5.090955250983,3.156589020138));
#11525 = CARTESIAN_POINT('',(-5.046801671833,3.199957753945));
#11526 = CARTESIAN_POINT('',(-5.002177884127,3.256774400917));
#11527 = CARTESIAN_POINT('',(-4.995662766623,3.26547223583));
#11528 = CARTESIAN_POINT('',(-4.989343648283,3.274323062395));
#11529 = CARTESIAN_POINT('',(-4.983220938902,3.283326099163));
#11530 = CARTESIAN_POINT('',(-4.977294921875,3.29248046875));
#11531 = ( GEOMETRIC_REPRESENTATION_CONTEXT(2) 
PARAMETRIC_REPRESENTATION_CONTEXT() REPRESENTATION_CONTEXT('2D SPACE',''
  ) );
#11532 = PCURVE('',#11533,#11540);
#11533 = SURFACE_OF_LINEAR_EXTRUSION('',#11534,#11538);
#11534 = B_SPLINE_CURVE_WITH_KNOTS('',2,(#11535,#11536,#11537),
  .UNSPECIFIED.,.F.,.F.,(3,3),(0.,1.),.PIECEWISE_BEZIER_KNOTS.);
#11535 = CARTESIAN_POINT('',(115.02270507812,3.29248046875,2.19));
#11536 = CARTESIAN_POINT('',(114.92456054687,3.140869140625,2.19));
#11537 = CARTESIAN_POINT('',(114.74072265625,3.056640625,2.19));
#11538 = VECTOR('',#11539,1.);
#11539 = DIRECTION('',(-0.,-0.,-1.));
#11540 = DEFINITIONAL_REPRESENTATION('',(#11541),#11552);
#11541 = B_SPLINE_CURVE_WITH_KNOTS('',5,(#11542,#11543,#11544,#11545,
    #11546,#11547,#11548,#11549,#11550,#11551),.UNSPECIFIED.,.F.,.F.,(6,
    4,6),(0.,0.849618761254,1.),.UNSPECIFIED.);
#11542 = CARTESIAN_POINT('',(1.,-1.E-02));
#11543 = CARTESIAN_POINT('',(0.831875258317,-1.E-02));
#11544 = CARTESIAN_POINT('',(0.662520352133,-1.E-02));
#11545 = CARTESIAN_POINT('',(0.492308442277,-1.E-02));
#11546 = CARTESIAN_POINT('',(0.321650720358,-1.E-02));
#11547 = CARTESIAN_POINT('',(0.120795079993,-1.E-02));
#11548 = CARTESIAN_POINT('',(9.059020416855E-02,-1.E-02));
#11549 = CARTESIAN_POINT('',(6.038779212163E-02,-1.E-02));
#11550 = CARTESIAN_POINT('',(3.01902558989E-02,-1.E-02));
#11551 = CARTESIAN_POINT('',(0.,-1.E-02));
#11552 = ( GEOMETRIC_REPRESENTATION_CONTEXT(2) 
PARAMETRIC_REPRESENTATION_CONTEXT() REPRESENTATION_CONTEXT('2D SPACE',''
  ) );
#11553 = ORIENTED_EDGE('',*,*,#11554,.T.);
#11554 = EDGE_CURVE('',#11504,#11555,#11557,.T.);
#11555 = VERTEX_POINT('',#11556);
#11556 = CARTESIAN_POINT('',(115.12084960937,3.615478515625,2.2));
#11557 = SURFACE_CURVE('',#11558,(#11567,#11579),.PCURVE_S1.);
#11558 = B_SPLINE_CURVE_WITH_KNOTS('',4,(#11559,#11560,#11561,#11562,
    #11563,#11564,#11565,#11566),.UNSPECIFIED.,.F.,.F.,(5,3,5),(0.,
    0.663430277864,1.),.UNSPECIFIED.);
#11559 = CARTESIAN_POINT('',(115.02270507812,3.29248046875,2.2));
#11560 = CARTESIAN_POINT('',(115.05507074319,3.342478175236,2.2));
#11561 = CARTESIAN_POINT('',(115.08048883289,3.394168229457,2.2));
#11562 = CARTESIAN_POINT('',(115.09871046575,3.447461314083,2.2));
#11563 = CARTESIAN_POINT('',(115.11528035669,3.529984566743,2.2));
#11564 = CARTESIAN_POINT('',(115.1189969962,3.558134121039,2.2));
#11565 = CARTESIAN_POINT('',(115.12084960937,3.58663931152,2.2));
#11566 = CARTESIAN_POINT('',(115.12084960937,3.615478515625,2.2));
#11567 = PCURVE('',#9166,#11568);
#11568 = DEFINITIONAL_REPRESENTATION('',(#11569),#11578);
#11569 = B_SPLINE_CURVE_WITH_KNOTS('',4,(#11570,#11571,#11572,#11573,
    #11574,#11575,#11576,#11577),.UNSPECIFIED.,.F.,.F.,(5,3,5),(0.,
    0.663430277864,1.),.UNSPECIFIED.);
#11570 = CARTESIAN_POINT('',(-4.977294921875,3.29248046875));
#11571 = CARTESIAN_POINT('',(-4.944929256807,3.342478175236));
#11572 = CARTESIAN_POINT('',(-4.919511167106,3.394168229457));
#11573 = CARTESIAN_POINT('',(-4.901289534249,3.447461314083));
#11574 = CARTESIAN_POINT('',(-4.884719643303,3.529984566743));
#11575 = CARTESIAN_POINT('',(-4.881003003792,3.558134121039));
#11576 = CARTESIAN_POINT('',(-4.879150390625,3.58663931152));
#11577 = CARTESIAN_POINT('',(-4.879150390625,3.615478515625));
#11578 = ( GEOMETRIC_REPRESENTATION_CONTEXT(2) 
PARAMETRIC_REPRESENTATION_CONTEXT() REPRESENTATION_CONTEXT('2D SPACE',''
  ) );
#11579 = PCURVE('',#11580,#11587);
#11580 = SURFACE_OF_LINEAR_EXTRUSION('',#11581,#11585);
#11581 = B_SPLINE_CURVE_WITH_KNOTS('',2,(#11582,#11583,#11584),
  .UNSPECIFIED.,.F.,.F.,(3,3),(0.,1.),.PIECEWISE_BEZIER_KNOTS.);
#11582 = CARTESIAN_POINT('',(115.12084960937,3.615478515625,2.19));
#11583 = CARTESIAN_POINT('',(115.12084960937,3.444091796875,2.19));
#11584 = CARTESIAN_POINT('',(115.02270507812,3.29248046875,2.19));
#11585 = VECTOR('',#11586,1.);
#11586 = DIRECTION('',(-0.,-0.,-1.));
#11587 = DEFINITIONAL_REPRESENTATION('',(#11588),#11597);
#11588 = B_SPLINE_CURVE_WITH_KNOTS('',4,(#11589,#11590,#11591,#11592,
    #11593,#11594,#11595,#11596),.UNSPECIFIED.,.F.,.F.,(5,3,5),(0.,
    0.663430277864,1.),.UNSPECIFIED.);
#11589 = CARTESIAN_POINT('',(1.,-1.E-02));
#11590 = CARTESIAN_POINT('',(0.835112233682,-1.E-02));
#11591 = CARTESIAN_POINT('',(0.669371241547,-1.E-02));
#11592 = CARTESIAN_POINT('',(0.50318389611,-1.E-02));
#11593 = CARTESIAN_POINT('',(0.252692018282,-1.E-02));
#11594 = CARTESIAN_POINT('',(0.168384349541,-1.E-02));
#11595 = CARTESIAN_POINT('',(8.413488605018E-02,-1.E-02));
#11596 = CARTESIAN_POINT('',(0.,-1.E-02));
#11597 = ( GEOMETRIC_REPRESENTATION_CONTEXT(2) 
PARAMETRIC_REPRESENTATION_CONTEXT() REPRESENTATION_CONTEXT('2D SPACE',''
  ) );
#11598 = ORIENTED_EDGE('',*,*,#11599,.T.);
#11599 = EDGE_CURVE('',#11555,#11600,#11602,.T.);
#11600 = VERTEX_POINT('',#11601);
#11601 = CARTESIAN_POINT('',(115.03149414062,3.9208984375,2.2));
#11602 = SURFACE_CURVE('',#11603,(#11614,#11628),.PCURVE_S1.);
#11603 = B_SPLINE_CURVE_WITH_KNOTS('',5,(#11604,#11605,#11606,#11607,
    #11608,#11609,#11610,#11611,#11612,#11613),.UNSPECIFIED.,.F.,.F.,(6,
    4,6),(0.,0.726516227024,1.),.UNSPECIFIED.);
#11604 = CARTESIAN_POINT('',(115.12084960937,3.615478515625,2.2));
#11605 = CARTESIAN_POINT('',(115.12084960937,3.66537139728,2.2));
#11606 = CARTESIAN_POINT('',(115.11619663016,3.713391227149,2.2));
#11607 = CARTESIAN_POINT('',(115.10680684593,3.759429399986,2.2));
#11608 = CARTESIAN_POINT('',(115.09264868431,3.803396553101,2.2));
#11609 = CARTESIAN_POINT('',(115.06663935749,3.860972860619,2.2));
#11610 = CARTESIAN_POINT('',(115.05885480652,3.876416305684,2.2));
#11611 = CARTESIAN_POINT('',(115.05040040882,3.891553556496,2.2));
#11612 = CARTESIAN_POINT('',(115.04127889295,3.906381714782,2.2));
#11613 = CARTESIAN_POINT('',(115.03149414062,3.9208984375,2.2));
#11614 = PCURVE('',#9166,#11615);
#11615 = DEFINITIONAL_REPRESENTATION('',(#11616),#11627);
#11616 = B_SPLINE_CURVE_WITH_KNOTS('',5,(#11617,#11618,#11619,#11620,
    #11621,#11622,#11623,#11624,#11625,#11626),.UNSPECIFIED.,.F.,.F.,(6,
    4,6),(0.,0.726516227024,1.),.UNSPECIFIED.);
#11617 = CARTESIAN_POINT('',(-4.879150390625,3.615478515625));
#11618 = CARTESIAN_POINT('',(-4.879150390625,3.66537139728));
#11619 = CARTESIAN_POINT('',(-4.883803369838,3.713391227149));
#11620 = CARTESIAN_POINT('',(-4.893193154063,3.759429399986));
#11621 = CARTESIAN_POINT('',(-4.907351315684,3.803396553101));
#11622 = CARTESIAN_POINT('',(-4.933360642503,3.860972860619));
#11623 = CARTESIAN_POINT('',(-4.941145193478,3.876416305684));
#11624 = CARTESIAN_POINT('',(-4.949599591179,3.891553556496));
#11625 = CARTESIAN_POINT('',(-4.958721107046,3.906381714782));
#11626 = CARTESIAN_POINT('',(-4.968505859375,3.9208984375));
#11627 = ( GEOMETRIC_REPRESENTATION_CONTEXT(2) 
PARAMETRIC_REPRESENTATION_CONTEXT() REPRESENTATION_CONTEXT('2D SPACE',''
  ) );
#11628 = PCURVE('',#11629,#11636);
#11629 = SURFACE_OF_LINEAR_EXTRUSION('',#11630,#11634);
#11630 = B_SPLINE_CURVE_WITH_KNOTS('',2,(#11631,#11632,#11633),
  .UNSPECIFIED.,.F.,.F.,(3,3),(0.,1.),.PIECEWISE_BEZIER_KNOTS.);
#11631 = CARTESIAN_POINT('',(115.03149414062,3.9208984375,2.19));
#11632 = CARTESIAN_POINT('',(115.12084960937,3.788330078125,2.19));
#11633 = CARTESIAN_POINT('',(115.12084960937,3.615478515625,2.19));
#11634 = VECTOR('',#11635,1.);
#11635 = DIRECTION('',(-0.,-0.,-1.));
#11636 = DEFINITIONAL_REPRESENTATION('',(#11637),#11648);
#11637 = B_SPLINE_CURVE_WITH_KNOTS('',5,(#11638,#11639,#11640,#11641,
    #11642,#11643,#11644,#11645,#11646,#11647),.UNSPECIFIED.,.F.,.F.,(6,
    4,6),(0.,0.726516227024,1.),.UNSPECIFIED.);
#11638 = CARTESIAN_POINT('',(1.,-1.E-02));
#11639 = CARTESIAN_POINT('',(0.855677088094,-1.E-02));
#11640 = CARTESIAN_POINT('',(0.71070447776,-1.E-02));
#11641 = CARTESIAN_POINT('',(0.565287012173,-1.E-02));
#11642 = CARTESIAN_POINT('',(0.419642014331,-1.E-02));
#11643 = CARTESIAN_POINT('',(0.219175722026,-1.E-02));
#11644 = CARTESIAN_POINT('',(0.164351589953,-1.E-02));
#11645 = CARTESIAN_POINT('',(0.109539648025,-1.E-02));
#11646 = CARTESIAN_POINT('',(5.475183817094E-02,-1.E-02));
#11647 = CARTESIAN_POINT('',(0.,-1.E-02));
#11648 = ( GEOMETRIC_REPRESENTATION_CONTEXT(2) 
PARAMETRIC_REPRESENTATION_CONTEXT() REPRESENTATION_CONTEXT('2D SPACE',''
  ) );
#11649 = ORIENTED_EDGE('',*,*,#11650,.T.);
#11650 = EDGE_CURVE('',#11600,#11651,#11653,.T.);
#11651 = VERTEX_POINT('',#11652);
#11652 = CARTESIAN_POINT('',(114.75463867187,4.139892578125,2.2));
#11653 = SURFACE_CURVE('',#11654,(#11661,#11671),.PCURVE_S1.);
#11654 = B_SPLINE_CURVE_WITH_KNOTS('',5,(#11655,#11656,#11657,#11658,
    #11659,#11660),.UNSPECIFIED.,.F.,.F.,(6,6),(0.,1.),
  .PIECEWISE_BEZIER_KNOTS.);
#11655 = CARTESIAN_POINT('',(115.03149414062,3.9208984375,2.2));
#11656 = CARTESIAN_POINT('',(114.9953299261,3.974551903309,2.2));
#11657 = CARTESIAN_POINT('',(114.94920430013,4.023353562542,2.2));
#11658 = CARTESIAN_POINT('',(114.89334999851,4.06714583408,2.2));
#11659 = CARTESIAN_POINT('',(114.8282775653,4.105949650683,2.2));
#11660 = CARTESIAN_POINT('',(114.75463867187,4.139892578125,2.2));
#11661 = PCURVE('',#9166,#11662);
#11662 = DEFINITIONAL_REPRESENTATION('',(#11663),#11670);
#11663 = B_SPLINE_CURVE_WITH_KNOTS('',5,(#11664,#11665,#11666,#11667,
    #11668,#11669),.UNSPECIFIED.,.F.,.F.,(6,6),(0.,1.),
  .PIECEWISE_BEZIER_KNOTS.);
#11664 = CARTESIAN_POINT('',(-4.968505859375,3.9208984375));
#11665 = CARTESIAN_POINT('',(-5.004670073898,3.974551903309));
#11666 = CARTESIAN_POINT('',(-5.050795699861,4.023353562542));
#11667 = CARTESIAN_POINT('',(-5.106650001484,4.06714583408));
#11668 = CARTESIAN_POINT('',(-5.171722434691,4.105949650683));
#11669 = CARTESIAN_POINT('',(-5.245361328125,4.139892578125));
#11670 = ( GEOMETRIC_REPRESENTATION_CONTEXT(2) 
PARAMETRIC_REPRESENTATION_CONTEXT() REPRESENTATION_CONTEXT('2D SPACE',''
  ) );
#11671 = PCURVE('',#11672,#11679);
#11672 = SURFACE_OF_LINEAR_EXTRUSION('',#11673,#11677);
#11673 = B_SPLINE_CURVE_WITH_KNOTS('',2,(#11674,#11675,#11676),
  .UNSPECIFIED.,.F.,.F.,(3,3),(0.,1.),.PIECEWISE_BEZIER_KNOTS.);
#11674 = CARTESIAN_POINT('',(114.75463867187,4.139892578125,2.19));
#11675 = CARTESIAN_POINT('',(114.94213867187,4.053466796875,2.19));
#11676 = CARTESIAN_POINT('',(115.03149414062,3.9208984375,2.19));
#11677 = VECTOR('',#11678,1.);
#11678 = DIRECTION('',(-0.,-0.,-1.));
#11679 = DEFINITIONAL_REPRESENTATION('',(#11680),#11687);
#11680 = B_SPLINE_CURVE_WITH_KNOTS('',5,(#11681,#11682,#11683,#11684,
    #11685,#11686),.UNSPECIFIED.,.F.,.F.,(6,6),(0.,1.),
  .PIECEWISE_BEZIER_KNOTS.);
#11681 = CARTESIAN_POINT('',(1.,-1.E-02));
#11682 = CARTESIAN_POINT('',(0.797638493599,-1.E-02));
#11683 = CARTESIAN_POINT('',(0.595759452573,-1.E-02));
#11684 = CARTESIAN_POINT('',(0.395127579528,-1.E-02));
#11685 = CARTESIAN_POINT('',(0.196370382491,-1.E-02));
#11686 = CARTESIAN_POINT('',(0.,-1.E-02));
#11687 = ( GEOMETRIC_REPRESENTATION_CONTEXT(2) 
PARAMETRIC_REPRESENTATION_CONTEXT() REPRESENTATION_CONTEXT('2D SPACE',''
  ) );
#11688 = ORIENTED_EDGE('',*,*,#11689,.T.);
#11689 = EDGE_CURVE('',#11651,#11690,#11692,.T.);
#11690 = VERTEX_POINT('',#11691);
#11691 = CARTESIAN_POINT('',(114.279296875,4.27685546875,2.2));
#11692 = SURFACE_CURVE('',#11693,(#11701,#11712),.PCURVE_S1.);
#11693 = B_SPLINE_CURVE_WITH_KNOTS('',6,(#11694,#11695,#11696,#11697,
    #11698,#11699,#11700),.UNSPECIFIED.,.F.,.F.,(7,7),(0.,1.),
  .PIECEWISE_BEZIER_KNOTS.);
#11694 = CARTESIAN_POINT('',(114.75463867187,4.139892578125,2.2));
#11695 = CARTESIAN_POINT('',(114.70826679758,4.160970702802,2.2));
#11696 = CARTESIAN_POINT('',(114.6461072755,4.183082865679,2.2));
#11697 = CARTESIAN_POINT('',(114.56999654388,4.205944684903,2.2));
#11698 = CARTESIAN_POINT('',(114.48225977886,4.229302309857,2.2));
#11699 = CARTESIAN_POINT('',(114.38486700926,4.252973852753,2.2));
#11700 = CARTESIAN_POINT('',(114.279296875,4.27685546875,2.2));
#11701 = PCURVE('',#9166,#11702);
#11702 = DEFINITIONAL_REPRESENTATION('',(#11703),#11711);
#11703 = B_SPLINE_CURVE_WITH_KNOTS('',6,(#11704,#11705,#11706,#11707,
    #11708,#11709,#11710),.UNSPECIFIED.,.F.,.F.,(7,7),(0.,1.),
  .PIECEWISE_BEZIER_KNOTS.);
#11704 = CARTESIAN_POINT('',(-5.245361328125,4.139892578125));
#11705 = CARTESIAN_POINT('',(-5.291733202414,4.160970702802));
#11706 = CARTESIAN_POINT('',(-5.353892724495,4.183082865679));
#11707 = CARTESIAN_POINT('',(-5.430003456115,4.205944684903));
#11708 = CARTESIAN_POINT('',(-5.517740221135,4.229302309857));
#11709 = CARTESIAN_POINT('',(-5.615132990733,4.252973852753));
#11710 = CARTESIAN_POINT('',(-5.720703125,4.27685546875));
#11711 = ( GEOMETRIC_REPRESENTATION_CONTEXT(2) 
PARAMETRIC_REPRESENTATION_CONTEXT() REPRESENTATION_CONTEXT('2D SPACE',''
  ) );
#11712 = PCURVE('',#11713,#11720);
#11713 = SURFACE_OF_LINEAR_EXTRUSION('',#11714,#11718);
#11714 = B_SPLINE_CURVE_WITH_KNOTS('',2,(#11715,#11716,#11717),
  .UNSPECIFIED.,.F.,.F.,(3,3),(0.,1.),.PIECEWISE_BEZIER_KNOTS.);
#11715 = CARTESIAN_POINT('',(114.279296875,4.27685546875,2.19));
#11716 = CARTESIAN_POINT('',(114.62573242187,4.198486328125,2.19));
#11717 = CARTESIAN_POINT('',(114.75463867187,4.139892578125,2.19));
#11718 = VECTOR('',#11719,1.);
#11719 = DIRECTION('',(-0.,-0.,-1.));
#11720 = DEFINITIONAL_REPRESENTATION('',(#11721),#11729);
#11721 = B_SPLINE_CURVE_WITH_KNOTS('',6,(#11722,#11723,#11724,#11725,
    #11726,#11727,#11728),.UNSPECIFIED.,.F.,.F.,(7,7),(0.,1.),
  .PIECEWISE_BEZIER_KNOTS.);
#11722 = CARTESIAN_POINT('',(1.,-1.E-02));
#11723 = CARTESIAN_POINT('',(0.82013333609,-1.E-02));
#11724 = CARTESIAN_POINT('',(0.644546165596,-1.E-02));
#11725 = CARTESIAN_POINT('',(0.474491106356,-1.E-02));
#11726 = CARTESIAN_POINT('',(0.310421182023,-1.E-02));
#11727 = CARTESIAN_POINT('',(0.152366198011,-1.E-02));
#11728 = CARTESIAN_POINT('',(0.,-1.E-02));
#11729 = ( GEOMETRIC_REPRESENTATION_CONTEXT(2) 
PARAMETRIC_REPRESENTATION_CONTEXT() REPRESENTATION_CONTEXT('2D SPACE',''
  ) );
#11730 = ORIENTED_EDGE('',*,*,#11731,.T.);
#11731 = EDGE_CURVE('',#11690,#11732,#11734,.T.);
#11732 = VERTEX_POINT('',#11733);
#11733 = CARTESIAN_POINT('',(113.85083007812,4.429931640625,2.2));
#11734 = SURFACE_CURVE('',#11735,(#11744,#11756),.PCURVE_S1.);
#11735 = B_SPLINE_CURVE_WITH_KNOTS('',7,(#11736,#11737,#11738,#11739,
    #11740,#11741,#11742,#11743),.UNSPECIFIED.,.F.,.F.,(8,8),(0.,1.),
  .PIECEWISE_BEZIER_KNOTS.);
#11736 = CARTESIAN_POINT('',(114.279296875,4.27685546875,2.2));
#11737 = CARTESIAN_POINT('',(114.1899441527,4.297068452441,2.2));
#11738 = CARTESIAN_POINT('',(114.10754151775,4.317888144718,2.2));
#11739 = CARTESIAN_POINT('',(114.03331020489,4.339328752689,2.2));
#11740 = CARTESIAN_POINT('',(113.96882663976,4.361362327712,2.2));
#11741 = CARTESIAN_POINT('',(113.91586897706,4.383912254784,2.2));
#11742 = CARTESIAN_POINT('',(113.87618222772,4.406843075811,2.2));
#11743 = CARTESIAN_POINT('',(113.85083007812,4.429931640625,2.2));
#11744 = PCURVE('',#9166,#11745);
#11745 = DEFINITIONAL_REPRESENTATION('',(#11746),#11755);
#11746 = B_SPLINE_CURVE_WITH_KNOTS('',7,(#11747,#11748,#11749,#11750,
    #11751,#11752,#11753,#11754),.UNSPECIFIED.,.F.,.F.,(8,8),(0.,1.),
  .PIECEWISE_BEZIER_KNOTS.);
#11747 = CARTESIAN_POINT('',(-5.720703125,4.27685546875));
#11748 = CARTESIAN_POINT('',(-5.810055847296,4.297068452441));
#11749 = CARTESIAN_POINT('',(-5.892458482243,4.317888144718));
#11750 = CARTESIAN_POINT('',(-5.966689795102,4.339328752689));
#11751 = CARTESIAN_POINT('',(-6.031173360238,4.361362327712));
#11752 = CARTESIAN_POINT('',(-6.084131022933,4.383912254784));
#11753 = CARTESIAN_POINT('',(-6.123817772275,4.406843075811));
#11754 = CARTESIAN_POINT('',(-6.149169921875,4.429931640625));
#11755 = ( GEOMETRIC_REPRESENTATION_CONTEXT(2) 
PARAMETRIC_REPRESENTATION_CONTEXT() REPRESENTATION_CONTEXT('2D SPACE',''
  ) );
#11756 = PCURVE('',#11757,#11764);
#11757 = SURFACE_OF_LINEAR_EXTRUSION('',#11758,#11762);
#11758 = B_SPLINE_CURVE_WITH_KNOTS('',2,(#11759,#11760,#11761),
  .UNSPECIFIED.,.F.,.F.,(3,3),(0.,1.),.PIECEWISE_BEZIER_KNOTS.);
#11759 = CARTESIAN_POINT('',(113.85083007812,4.429931640625,2.19));
#11760 = CARTESIAN_POINT('',(113.93286132812,4.355224609375,2.19));
#11761 = CARTESIAN_POINT('',(114.279296875,4.27685546875,2.19));
#11762 = VECTOR('',#11763,1.);
#11763 = DIRECTION('',(-0.,-0.,-1.));
#11764 = DEFINITIONAL_REPRESENTATION('',(#11765),#11774);
#11765 = B_SPLINE_CURVE_WITH_KNOTS('',7,(#11766,#11767,#11768,#11769,
    #11770,#11771,#11772,#11773),.UNSPECIFIED.,.F.,.F.,(8,8),(0.,1.),
  .PIECEWISE_BEZIER_KNOTS.);
#11766 = CARTESIAN_POINT('',(1.,-1.E-02));
#11767 = CARTESIAN_POINT('',(0.871039904677,-1.E-02));
#11768 = CARTESIAN_POINT('',(0.737302305448,-1.E-02));
#11769 = CARTESIAN_POINT('',(0.598575693874,-1.E-02));
#11770 = CARTESIAN_POINT('',(0.454901625084,-9.999999999999E-03));
#11771 = CARTESIAN_POINT('',(0.30663341027,-1.E-02));
#11772 = CARTESIAN_POINT('',(0.154527388037,-1.E-02));
#11773 = CARTESIAN_POINT('',(0.,-1.E-02));
#11774 = ( GEOMETRIC_REPRESENTATION_CONTEXT(2) 
PARAMETRIC_REPRESENTATION_CONTEXT() REPRESENTATION_CONTEXT('2D SPACE',''
  ) );
#11775 = ORIENTED_EDGE('',*,*,#11776,.T.);
#11776 = EDGE_CURVE('',#11732,#11777,#11779,.T.);
#11777 = VERTEX_POINT('',#11778);
#11778 = CARTESIAN_POINT('',(113.76733398437,4.620361328125,2.2));
#11779 = SURFACE_CURVE('',#11780,(#11789,#11801),.PCURVE_S1.);
#11780 = B_SPLINE_CURVE_WITH_KNOTS('',4,(#11781,#11782,#11783,#11784,
    #11785,#11786,#11787,#11788),.UNSPECIFIED.,.F.,.F.,(5,3,5),(0.,
    0.452865739259,1.),.UNSPECIFIED.);
#11781 = CARTESIAN_POINT('',(113.85083007812,4.429931640625,2.2));
#11782 = CARTESIAN_POINT('',(113.83196070882,4.446814760528,2.2));
#11783 = CARTESIAN_POINT('',(113.8158918138,4.465132257104,2.2));
#11784 = CARTESIAN_POINT('',(113.80267316751,4.484879742014,2.2));
#11785 = CARTESIAN_POINT('',(113.7798045786,4.531589489474,2.2));
#11786 = CARTESIAN_POINT('',(113.77147023756,4.559198139454,2.2));
#11787 = CARTESIAN_POINT('',(113.76733398437,4.588815551672,2.2));
#11788 = CARTESIAN_POINT('',(113.76733398437,4.620361328125,2.2));
#11789 = PCURVE('',#9166,#11790);
#11790 = DEFINITIONAL_REPRESENTATION('',(#11791),#11800);
#11791 = B_SPLINE_CURVE_WITH_KNOTS('',4,(#11792,#11793,#11794,#11795,
    #11796,#11797,#11798,#11799),.UNSPECIFIED.,.F.,.F.,(5,3,5),(0.,
    0.452865739259,1.),.UNSPECIFIED.);
#11792 = CARTESIAN_POINT('',(-6.149169921875,4.429931640625));
#11793 = CARTESIAN_POINT('',(-6.168039291178,4.446814760528));
#11794 = CARTESIAN_POINT('',(-6.184108186195,4.465132257104));
#11795 = CARTESIAN_POINT('',(-6.197326832488,4.484879742014));
#11796 = CARTESIAN_POINT('',(-6.220195421397,4.531589489474));
#11797 = CARTESIAN_POINT('',(-6.228529762432,4.559198139454));
#11798 = CARTESIAN_POINT('',(-6.232666015625,4.588815551672));
#11799 = CARTESIAN_POINT('',(-6.232666015625,4.620361328125));
#11800 = ( GEOMETRIC_REPRESENTATION_CONTEXT(2) 
PARAMETRIC_REPRESENTATION_CONTEXT() REPRESENTATION_CONTEXT('2D SPACE',''
  ) );
#11801 = PCURVE('',#11802,#11809);
#11802 = SURFACE_OF_LINEAR_EXTRUSION('',#11803,#11807);
#11803 = B_SPLINE_CURVE_WITH_KNOTS('',2,(#11804,#11805,#11806),
  .UNSPECIFIED.,.F.,.F.,(3,3),(0.,1.),.PIECEWISE_BEZIER_KNOTS.);
#11804 = CARTESIAN_POINT('',(113.76733398437,4.620361328125,2.19));
#11805 = CARTESIAN_POINT('',(113.76733398437,4.504638671875,2.19));
#11806 = CARTESIAN_POINT('',(113.85083007812,4.429931640625,2.19));
#11807 = VECTOR('',#11808,1.);
#11808 = DIRECTION('',(-0.,-0.,-1.));
#11809 = DEFINITIONAL_REPRESENTATION('',(#11810),#11819);
#11810 = B_SPLINE_CURVE_WITH_KNOTS('',4,(#11811,#11812,#11813,#11814,
    #11815,#11816,#11817,#11818),.UNSPECIFIED.,.F.,.F.,(5,3,5),(0.,
    0.452865739259,1.),.UNSPECIFIED.);
#11811 = CARTESIAN_POINT('',(1.,-1.E-02));
#11812 = CARTESIAN_POINT('',(0.887004478561,-1.E-02));
#11813 = CARTESIAN_POINT('',(0.773755311477,-1.E-02));
#11814 = CARTESIAN_POINT('',(0.660377102451,-1.E-02));
#11815 = CARTESIAN_POINT('',(0.410022322607,-1.E-02));
#11816 = CARTESIAN_POINT('',(0.27304520304,-1.E-02));
#11817 = CARTESIAN_POINT('',(0.136299051003,-1.E-02));
#11818 = CARTESIAN_POINT('',(0.,-1.E-02));
#11819 = ( GEOMETRIC_REPRESENTATION_CONTEXT(2) 
PARAMETRIC_REPRESENTATION_CONTEXT() REPRESENTATION_CONTEXT('2D SPACE',''
  ) );
#11820 = ORIENTED_EDGE('',*,*,#11821,.T.);
#11821 = EDGE_CURVE('',#11777,#11822,#11824,.T.);
#11822 = VERTEX_POINT('',#11823);
#11823 = CARTESIAN_POINT('',(113.88525390625,4.84814453125,2.2));
#11824 = SURFACE_CURVE('',#11825,(#11836,#11850),.PCURVE_S1.);
#11825 = B_SPLINE_CURVE_WITH_KNOTS('',5,(#11826,#11827,#11828,#11829,
    #11830,#11831,#11832,#11833,#11834,#11835),.UNSPECIFIED.,.F.,.F.,(6,
    4,6),(0.,0.335298427515,1.),.UNSPECIFIED.);
#11826 = CARTESIAN_POINT('',(113.76733398437,4.620361328125,2.2));
#11827 = CARTESIAN_POINT('',(113.76733398437,4.638238134425,2.2));
#11828 = CARTESIAN_POINT('',(113.76865947251,4.655707587089,2.2));
#11829 = CARTESIAN_POINT('',(113.77131911802,4.672757356169,2.2));
#11830 = CARTESIAN_POINT('',(113.77531581288,4.689376810086,2.2));
#11831 = CARTESIAN_POINT('',(113.79121466164,4.737632943164,2.2));
#11832 = CARTESIAN_POINT('',(113.80702609444,4.767983519932,2.2));
#11833 = CARTESIAN_POINT('',(113.82805805005,4.796537420802,2.2));
#11834 = CARTESIAN_POINT('',(113.85419603319,4.823259651597,2.2));
#11835 = CARTESIAN_POINT('',(113.88525390625,4.84814453125,2.2));
#11836 = PCURVE('',#9166,#11837);
#11837 = DEFINITIONAL_REPRESENTATION('',(#11838),#11849);
#11838 = B_SPLINE_CURVE_WITH_KNOTS('',5,(#11839,#11840,#11841,#11842,
    #11843,#11844,#11845,#11846,#11847,#11848),.UNSPECIFIED.,.F.,.F.,(6,
    4,6),(0.,0.335298427515,1.),.UNSPECIFIED.);
#11839 = CARTESIAN_POINT('',(-6.232666015625,4.620361328125));
#11840 = CARTESIAN_POINT('',(-6.232666015625,4.638238134425));
#11841 = CARTESIAN_POINT('',(-6.231340527486,4.655707587089));
#11842 = CARTESIAN_POINT('',(-6.22868088198,4.672757356169));
#11843 = CARTESIAN_POINT('',(-6.224684187112,4.689376810086));
#11844 = CARTESIAN_POINT('',(-6.208785338356,4.737632943164));
#11845 = CARTESIAN_POINT('',(-6.19297390556,4.767983519932));
#11846 = CARTESIAN_POINT('',(-6.17194194995,4.796537420802));
#11847 = CARTESIAN_POINT('',(-6.145803966805,4.823259651597));
#11848 = CARTESIAN_POINT('',(-6.11474609375,4.84814453125));
#11849 = ( GEOMETRIC_REPRESENTATION_CONTEXT(2) 
PARAMETRIC_REPRESENTATION_CONTEXT() REPRESENTATION_CONTEXT('2D SPACE',''
  ) );
#11850 = PCURVE('',#11851,#11858);
#11851 = SURFACE_OF_LINEAR_EXTRUSION('',#11852,#11856);
#11852 = B_SPLINE_CURVE_WITH_KNOTS('',2,(#11853,#11854,#11855),
  .UNSPECIFIED.,.F.,.F.,(3,3),(0.,1.),.PIECEWISE_BEZIER_KNOTS.);
#11853 = CARTESIAN_POINT('',(113.88525390625,4.84814453125,2.19));
#11854 = CARTESIAN_POINT('',(113.76733398437,4.753662109375,2.19));
#11855 = CARTESIAN_POINT('',(113.76733398437,4.620361328125,2.19));
#11856 = VECTOR('',#11857,1.);
#11857 = DIRECTION('',(-0.,-0.,-1.));
#11858 = DEFINITIONAL_REPRESENTATION('',(#11859),#11870);
#11859 = B_SPLINE_CURVE_WITH_KNOTS('',5,(#11860,#11861,#11862,#11863,
    #11864,#11865,#11866,#11867,#11868,#11869),.UNSPECIFIED.,.F.,.F.,(6,
    4,6),(0.,0.335298427515,1.),.UNSPECIFIED.);
#11860 = CARTESIAN_POINT('',(1.,-1.E-02));
#11861 = CARTESIAN_POINT('',(0.932945605674,-1.E-02));
#11862 = CARTESIAN_POINT('',(0.865782482877,-1.E-02));
#11863 = CARTESIAN_POINT('',(0.798546175672,-1.E-02));
#11864 = CARTESIAN_POINT('',(0.731272991262,-1.E-02));
#11865 = CARTESIAN_POINT('',(0.530636824368,-1.E-02));
#11866 = CARTESIAN_POINT('',(0.397270829577,-1.E-02));
#11867 = CARTESIAN_POINT('',(0.264197851445,-1.E-02));
#11868 = CARTESIAN_POINT('',(0.131690525913,-1.E-02));
#11869 = CARTESIAN_POINT('',(0.,-1.E-02));
#11870 = ( GEOMETRIC_REPRESENTATION_CONTEXT(2) 
PARAMETRIC_REPRESENTATION_CONTEXT() REPRESENTATION_CONTEXT('2D SPACE',''
  ) );
#11871 = ORIENTED_EDGE('',*,*,#11872,.T.);
#11872 = EDGE_CURVE('',#11822,#11873,#11875,.T.);
#11873 = VERTEX_POINT('',#11874);
#11874 = CARTESIAN_POINT('',(114.26098632812,4.942626953125,2.2));
#11875 = SURFACE_CURVE('',#11876,(#11884,#11895),.PCURVE_S1.);
#11876 = B_SPLINE_CURVE_WITH_KNOTS('',6,(#11877,#11878,#11879,#11880,
    #11881,#11882,#11883),.UNSPECIFIED.,.F.,.F.,(7,7),(0.,1.),
  .PIECEWISE_BEZIER_KNOTS.);
#11877 = CARTESIAN_POINT('',(113.88525390625,4.84814453125,2.2));
#11878 = CARTESIAN_POINT('',(113.92576132566,4.880600786557,2.2));
#11879 = CARTESIAN_POINT('',(113.97594611083,4.906185375347,2.2));
#11880 = CARTESIAN_POINT('',(114.03536609686,4.924851588134,2.2));
#11881 = CARTESIAN_POINT('',(114.10326314944,4.936860642325,2.2));
#11882 = CARTESIAN_POINT('',(114.17876173661,4.942626953125,2.2));
#11883 = CARTESIAN_POINT('',(114.26098632812,4.942626953125,2.2));
#11884 = PCURVE('',#9166,#11885);
#11885 = DEFINITIONAL_REPRESENTATION('',(#11886),#11894);
#11886 = B_SPLINE_CURVE_WITH_KNOTS('',6,(#11887,#11888,#11889,#11890,
    #11891,#11892,#11893),.UNSPECIFIED.,.F.,.F.,(7,7),(0.,1.),
  .PIECEWISE_BEZIER_KNOTS.);
#11887 = CARTESIAN_POINT('',(-6.11474609375,4.84814453125));
#11888 = CARTESIAN_POINT('',(-6.074238674336,4.880600786557));
#11889 = CARTESIAN_POINT('',(-6.024053889162,4.906185375347));
#11890 = CARTESIAN_POINT('',(-5.964633903135,4.924851588134));
#11891 = CARTESIAN_POINT('',(-5.896736850558,4.936860642325));
#11892 = CARTESIAN_POINT('',(-5.821238263381,4.942626953125));
#11893 = CARTESIAN_POINT('',(-5.739013671875,4.942626953125));
#11894 = ( GEOMETRIC_REPRESENTATION_CONTEXT(2) 
PARAMETRIC_REPRESENTATION_CONTEXT() REPRESENTATION_CONTEXT('2D SPACE',''
  ) );
#11895 = PCURVE('',#11896,#11903);
#11896 = SURFACE_OF_LINEAR_EXTRUSION('',#11897,#11901);
#11897 = B_SPLINE_CURVE_WITH_KNOTS('',2,(#11898,#11899,#11900),
  .UNSPECIFIED.,.F.,.F.,(3,3),(0.,1.),.PIECEWISE_BEZIER_KNOTS.);
#11898 = CARTESIAN_POINT('',(114.26098632812,4.942626953125,2.19));
#11899 = CARTESIAN_POINT('',(114.00317382812,4.942626953125,2.19));
#11900 = CARTESIAN_POINT('',(113.88525390625,4.84814453125,2.19));
#11901 = VECTOR('',#11902,1.);
#11902 = DIRECTION('',(-0.,-0.,-1.));
#11903 = DEFINITIONAL_REPRESENTATION('',(#11904),#11912);
#11904 = B_SPLINE_CURVE_WITH_KNOTS('',6,(#11905,#11906,#11907,#11908,
    #11909,#11910,#11911),.UNSPECIFIED.,.F.,.F.,(7,7),(0.,1.),
  .PIECEWISE_BEZIER_KNOTS.);
#11905 = CARTESIAN_POINT('',(1.,-1.E-02));
#11906 = CARTESIAN_POINT('',(0.82824183238,-1.E-02));
#11907 = CARTESIAN_POINT('',(0.657447470209,-1.E-02));
#11908 = CARTESIAN_POINT('',(0.488608571985,-1.E-02));
#11909 = CARTESIAN_POINT('',(0.322445371487,-1.E-02));
#11910 = CARTESIAN_POINT('',(0.159465874435,-1.E-02));
#11911 = CARTESIAN_POINT('',(0.,-1.E-02));
#11912 = ( GEOMETRIC_REPRESENTATION_CONTEXT(2) 
PARAMETRIC_REPRESENTATION_CONTEXT() REPRESENTATION_CONTEXT('2D SPACE',''
  ) );
#11913 = ORIENTED_EDGE('',*,*,#11914,.T.);
#11914 = EDGE_CURVE('',#11873,#11915,#11917,.T.);
#11915 = VERTEX_POINT('',#11916);
#11916 = CARTESIAN_POINT('',(114.63525390625,4.838623046875,2.2));
#11917 = SURFACE_CURVE('',#11918,(#11926,#11937),.PCURVE_S1.);
#11918 = B_SPLINE_CURVE_WITH_KNOTS('',6,(#11919,#11920,#11921,#11922,
    #11923,#11924,#11925),.UNSPECIFIED.,.F.,.F.,(7,7),(0.,1.),
  .PIECEWISE_BEZIER_KNOTS.);
#11919 = CARTESIAN_POINT('',(114.26098632812,4.942626953125,2.2));
#11920 = CARTESIAN_POINT('',(114.34059516934,4.942626953125,2.2));
#11921 = CARTESIAN_POINT('',(114.41419831072,4.936173849397,2.2));
#11922 = CARTESIAN_POINT('',(114.48107668978,4.922814034082,2.2));
#11923 = CARTESIAN_POINT('',(114.54054715264,4.90218300141,2.2));
#11924 = CARTESIAN_POINT('',(114.5920470564,4.874087628827,2.2));
#11925 = CARTESIAN_POINT('',(114.63525390625,4.838623046875,2.2));
#11926 = PCURVE('',#9166,#11927);
#11927 = DEFINITIONAL_REPRESENTATION('',(#11928),#11936);
#11928 = B_SPLINE_CURVE_WITH_KNOTS('',6,(#11929,#11930,#11931,#11932,
    #11933,#11934,#11935),.UNSPECIFIED.,.F.,.F.,(7,7),(0.,1.),
  .PIECEWISE_BEZIER_KNOTS.);
#11929 = CARTESIAN_POINT('',(-5.739013671875,4.942626953125));
#11930 = CARTESIAN_POINT('',(-5.659404830659,4.942626953125));
#11931 = CARTESIAN_POINT('',(-5.585801689276,4.936173849397));
#11932 = CARTESIAN_POINT('',(-5.518923310213,4.922814034082));
#11933 = CARTESIAN_POINT('',(-5.45945284736,4.90218300141));
#11934 = CARTESIAN_POINT('',(-5.407952943593,4.874087628827));
#11935 = CARTESIAN_POINT('',(-5.36474609375,4.838623046875));
#11936 = ( GEOMETRIC_REPRESENTATION_CONTEXT(2) 
PARAMETRIC_REPRESENTATION_CONTEXT() REPRESENTATION_CONTEXT('2D SPACE',''
  ) );
#11937 = PCURVE('',#11938,#11945);
#11938 = SURFACE_OF_LINEAR_EXTRUSION('',#11939,#11943);
#11939 = B_SPLINE_CURVE_WITH_KNOTS('',2,(#11940,#11941,#11942),
  .UNSPECIFIED.,.F.,.F.,(3,3),(0.,1.),.PIECEWISE_BEZIER_KNOTS.);
#11940 = CARTESIAN_POINT('',(114.63525390625,4.838623046875,2.19));
#11941 = CARTESIAN_POINT('',(114.50854492187,4.942626953125,2.19));
#11942 = CARTESIAN_POINT('',(114.26098632812,4.942626953125,2.19));
#11943 = VECTOR('',#11944,1.);
#11944 = DIRECTION('',(-0.,-0.,-1.));
#11945 = DEFINITIONAL_REPRESENTATION('',(#11946),#11954);
#11946 = B_SPLINE_CURVE_WITH_KNOTS('',6,(#11947,#11948,#11949,#11950,
    #11951,#11952,#11953),.UNSPECIFIED.,.F.,.F.,(7,7),(0.,1.),
  .PIECEWISE_BEZIER_KNOTS.);
#11947 = CARTESIAN_POINT('',(1.,-1.E-02));
#11948 = CARTESIAN_POINT('',(0.839212123461,-1.E-02));
#11949 = CARTESIAN_POINT('',(0.675409556747,-1.E-02));
#11950 = CARTESIAN_POINT('',(0.508980052365,-1.E-02));
#11951 = CARTESIAN_POINT('',(0.340447947705,-1.E-02));
#11952 = CARTESIAN_POINT('',(0.170496393987,-1.E-02));
#11953 = CARTESIAN_POINT('',(0.,-1.E-02));
#11954 = ( GEOMETRIC_REPRESENTATION_CONTEXT(2) 
PARAMETRIC_REPRESENTATION_CONTEXT() REPRESENTATION_CONTEXT('2D SPACE',''
  ) );
#11955 = ORIENTED_EDGE('',*,*,#11956,.T.);
#11956 = EDGE_CURVE('',#11915,#11957,#11959,.T.);
#11957 = VERTEX_POINT('',#11958);
#11958 = CARTESIAN_POINT('',(114.78393554687,4.531005859375,2.2));
#11959 = SURFACE_CURVE('',#11960,(#11971,#11985),.PCURVE_S1.);
#11960 = B_SPLINE_CURVE_WITH_KNOTS('',5,(#11961,#11962,#11963,#11964,
    #11965,#11966,#11967,#11968,#11969,#11970),.UNSPECIFIED.,.F.,.F.,(6,
    4,6),(0.,0.136941215644,1.),.UNSPECIFIED.);
#11961 = CARTESIAN_POINT('',(114.63525390625,4.838623046875,2.2));
#11962 = CARTESIAN_POINT('',(114.64224484162,4.832884822463,2.2));
#11963 = CARTESIAN_POINT('',(114.64903904658,4.82695500541,2.2));
#11964 = CARTESIAN_POINT('',(114.65563539837,4.820834004124,2.2));
#11965 = CARTESIAN_POINT('',(114.66203296141,4.81452241208,2.2));
#11966 = CARTESIAN_POINT('',(114.70729344681,4.767046535393,2.2));
#11967 = CARTESIAN_POINT('',(114.7384341296,4.718528626565,2.2));
#11968 = CARTESIAN_POINT('',(114.76145041589,4.662671863798,2.2));
#11969 = CARTESIAN_POINT('',(114.77649501611,4.599954777796,2.2));
#11970 = CARTESIAN_POINT('',(114.78393554687,4.531005859375,2.2));
#11971 = PCURVE('',#9166,#11972);
#11972 = DEFINITIONAL_REPRESENTATION('',(#11973),#11984);
#11973 = B_SPLINE_CURVE_WITH_KNOTS('',5,(#11974,#11975,#11976,#11977,
    #11978,#11979,#11980,#11981,#11982,#11983),.UNSPECIFIED.,.F.,.F.,(6,
    4,6),(0.,0.136941215644,1.),.UNSPECIFIED.);
#11974 = CARTESIAN_POINT('',(-5.36474609375,4.838623046875));
#11975 = CARTESIAN_POINT('',(-5.357755158374,4.832884822463));
#11976 = CARTESIAN_POINT('',(-5.350960953419,4.82695500541));
#11977 = CARTESIAN_POINT('',(-5.34436460163,4.820834004124));
#11978 = CARTESIAN_POINT('',(-5.337967038586,4.81452241208));
#11979 = CARTESIAN_POINT('',(-5.29270655319,4.767046535393));
#11980 = CARTESIAN_POINT('',(-5.261565870395,4.718528626565));
#11981 = CARTESIAN_POINT('',(-5.23854958411,4.662671863798));
#11982 = CARTESIAN_POINT('',(-5.22350498389,4.599954777796));
#11983 = CARTESIAN_POINT('',(-5.216064453125,4.531005859375));
#11984 = ( GEOMETRIC_REPRESENTATION_CONTEXT(2) 
PARAMETRIC_REPRESENTATION_CONTEXT() REPRESENTATION_CONTEXT('2D SPACE',''
  ) );
#11985 = PCURVE('',#11986,#11993);
#11986 = SURFACE_OF_LINEAR_EXTRUSION('',#11987,#11991);
#11987 = B_SPLINE_CURVE_WITH_KNOTS('',2,(#11988,#11989,#11990),
  .UNSPECIFIED.,.F.,.F.,(3,3),(0.,1.),.PIECEWISE_BEZIER_KNOTS.);
#11988 = CARTESIAN_POINT('',(114.78393554687,4.531005859375,2.19));
#11989 = CARTESIAN_POINT('',(114.76196289062,4.734619140625,2.19));
#11990 = CARTESIAN_POINT('',(114.63525390625,4.838623046875,2.19));
#11991 = VECTOR('',#11992,1.);
#11992 = DIRECTION('',(-0.,-0.,-1.));
#11993 = DEFINITIONAL_REPRESENTATION('',(#11994),#12005);
#11994 = B_SPLINE_CURVE_WITH_KNOTS('',5,(#11995,#11996,#11997,#11998,
    #11999,#12000,#12001,#12002,#12003,#12004),.UNSPECIFIED.,.F.,.F.,(6,
    4,6),(0.,0.136941215644,1.),.UNSPECIFIED.);
#11995 = CARTESIAN_POINT('',(1.,-1.E-02));
#11996 = CARTESIAN_POINT('',(0.972413418788,-1.E-02));
#11997 = CARTESIAN_POINT('',(0.944816832734,-1.E-02));
#11998 = CARTESIAN_POINT('',(0.917213529428,-1.E-02));
#11999 = CARTESIAN_POINT('',(0.889606812175,-1.E-02));
#12000 = CARTESIAN_POINT('',(0.688010732827,-1.E-02));
#12001 = CARTESIAN_POINT('',(0.514000444401,-1.E-02));
#12002 = CARTESIAN_POINT('',(0.340853913114,-1.E-02));
#12003 = CARTESIAN_POINT('',(0.169313411183,-1.E-02));
#12004 = CARTESIAN_POINT('',(0.,-1.E-02));
#12005 = ( GEOMETRIC_REPRESENTATION_CONTEXT(2) 
PARAMETRIC_REPRESENTATION_CONTEXT() REPRESENTATION_CONTEXT('2D SPACE',''
  ) );
#12006 = ORIENTED_EDGE('',*,*,#12007,.F.);
#12007 = EDGE_CURVE('',#12008,#11957,#12010,.T.);
#12008 = VERTEX_POINT('',#12009);
#12009 = CARTESIAN_POINT('',(115.05639648437,4.551513671875,2.2));
#12010 = SURFACE_CURVE('',#12011,(#12015,#12021),.PCURVE_S1.);
#12011 = LINE('',#12012,#12013);
#12012 = CARTESIAN_POINT('',(117.34394485217,4.723694731817,2.2));
#12013 = VECTOR('',#12014,1.);
#12014 = DIRECTION('',(-0.997179282295,-7.505650511901E-02,-0.));
#12015 = PCURVE('',#9166,#12016);
#12016 = DEFINITIONAL_REPRESENTATION('',(#12017),#12020);
#12017 = B_SPLINE_CURVE_WITH_KNOTS('',1,(#12018,#12019),.UNSPECIFIED.,
  .F.,.F.,(2,2),(2.294019148226,2.56725079507),
  .PIECEWISE_BEZIER_KNOTS.);
#12018 = CARTESIAN_POINT('',(-4.943603515625,4.551513671875));
#12019 = CARTESIAN_POINT('',(-5.216064453125,4.531005859375));
#12020 = ( GEOMETRIC_REPRESENTATION_CONTEXT(2) 
PARAMETRIC_REPRESENTATION_CONTEXT() REPRESENTATION_CONTEXT('2D SPACE',''
  ) );
#12021 = PCURVE('',#12022,#12027);
#12022 = PLANE('',#12023);
#12023 = AXIS2_PLACEMENT_3D('',#12024,#12025,#12026);
#12024 = CARTESIAN_POINT('',(115.05639648437,4.551513671875,2.19));
#12025 = DIRECTION('',(7.505650511901E-02,-0.997179282295,0.));
#12026 = DIRECTION('',(-0.997179282295,-7.505650511901E-02,0.));
#12027 = DEFINITIONAL_REPRESENTATION('',(#12028),#12031);
#12028 = B_SPLINE_CURVE_WITH_KNOTS('',1,(#12029,#12030),.UNSPECIFIED.,
  .F.,.F.,(2,2),(2.294019148226,2.56725079507),
  .PIECEWISE_BEZIER_KNOTS.);
#12029 = CARTESIAN_POINT('',(0.,-1.E-02));
#12030 = CARTESIAN_POINT('',(0.273231646844,-1.E-02));
#12031 = ( GEOMETRIC_REPRESENTATION_CONTEXT(2) 
PARAMETRIC_REPRESENTATION_CONTEXT() REPRESENTATION_CONTEXT('2D SPACE',''
  ) );
#12032 = ORIENTED_EDGE('',*,*,#12033,.T.);
#12033 = EDGE_CURVE('',#12008,#12034,#12036,.T.);
#12034 = VERTEX_POINT('',#12035);
#12035 = CARTESIAN_POINT('',(114.95092773437,4.889892578125,2.2));
#12036 = SURFACE_CURVE('',#12037,(#12048,#12062),.PCURVE_S1.);
#12037 = B_SPLINE_CURVE_WITH_KNOTS('',5,(#12038,#12039,#12040,#12041,
    #12042,#12043,#12044,#12045,#12046,#12047),.UNSPECIFIED.,.F.,.F.,(6,
    4,6),(0.,0.693478157867,1.),.UNSPECIFIED.);
#12038 = CARTESIAN_POINT('',(115.05639648437,4.551513671875,2.2));
#12039 = CARTESIAN_POINT('',(115.05437743442,4.603605160632,2.2));
#12040 = CARTESIAN_POINT('',(115.04803653191,4.654032590501,2.2));
#12041 = CARTESIAN_POINT('',(115.03730534796,4.702697287765,2.2));
#12042 = CARTESIAN_POINT('',(115.0221600243,4.749516153824,2.2));
#12043 = CARTESIAN_POINT('',(114.99399580434,4.814274600553,2.2));
#12044 = CARTESIAN_POINT('',(114.98450592639,4.833751364234,2.2));
#12045 = CARTESIAN_POINT('',(114.97416150155,4.852849539882,2.2));
#12046 = CARTESIAN_POINT('',(114.96296675095,4.87156452304,2.2));
#12047 = CARTESIAN_POINT('',(114.95092773437,4.889892578125,2.2));
#12048 = PCURVE('',#9166,#12049);
#12049 = DEFINITIONAL_REPRESENTATION('',(#12050),#12061);
#12050 = B_SPLINE_CURVE_WITH_KNOTS('',5,(#12051,#12052,#12053,#12054,
    #12055,#12056,#12057,#12058,#12059,#12060),.UNSPECIFIED.,.F.,.F.,(6,
    4,6),(0.,0.693478157867,1.),.UNSPECIFIED.);
#12051 = CARTESIAN_POINT('',(-4.943603515625,4.551513671875));
#12052 = CARTESIAN_POINT('',(-4.945622565577,4.603605160632));
#12053 = CARTESIAN_POINT('',(-4.951963468089,4.654032590501));
#12054 = CARTESIAN_POINT('',(-4.962694652034,4.702697287765));
#12055 = CARTESIAN_POINT('',(-4.977839975691,4.749516153824));
#12056 = CARTESIAN_POINT('',(-5.006004195656,4.814274600553));
#12057 = CARTESIAN_POINT('',(-5.015494073606,4.833751364234));
#12058 = CARTESIAN_POINT('',(-5.025838498447,4.852849539882));
#12059 = CARTESIAN_POINT('',(-5.03703324905,4.87156452304));
#12060 = CARTESIAN_POINT('',(-5.049072265625,4.889892578125));
#12061 = ( GEOMETRIC_REPRESENTATION_CONTEXT(2) 
PARAMETRIC_REPRESENTATION_CONTEXT() REPRESENTATION_CONTEXT('2D SPACE',''
  ) );
#12062 = PCURVE('',#12063,#12070);
#12063 = SURFACE_OF_LINEAR_EXTRUSION('',#12064,#12068);
#12064 = B_SPLINE_CURVE_WITH_KNOTS('',2,(#12065,#12066,#12067),
  .UNSPECIFIED.,.F.,.F.,(3,3),(0.,1.),.PIECEWISE_BEZIER_KNOTS.);
#12065 = CARTESIAN_POINT('',(114.95092773437,4.889892578125,2.19));
#12066 = CARTESIAN_POINT('',(115.04907226562,4.740478515625,2.19));
#12067 = CARTESIAN_POINT('',(115.05639648437,4.551513671875,2.19));
#12068 = VECTOR('',#12069,1.);
#12069 = DIRECTION('',(-0.,-0.,-1.));
#12070 = DEFINITIONAL_REPRESENTATION('',(#12071),#12082);
#12071 = B_SPLINE_CURVE_WITH_KNOTS('',5,(#12072,#12073,#12074,#12075,
    #12076,#12077,#12078,#12079,#12080,#12081),.UNSPECIFIED.,.F.,.F.,(6,
    4,6),(0.,0.693478157867,1.),.UNSPECIFIED.);
#12072 = CARTESIAN_POINT('',(1.,-1.E-02));
#12073 = CARTESIAN_POINT('',(0.862166189957,-1.E-02));
#12074 = CARTESIAN_POINT('',(0.723765028425,-1.E-02));
#12075 = CARTESIAN_POINT('',(0.584975730765,-1.E-02));
#12076 = CARTESIAN_POINT('',(0.445987490393,-1.E-02));
#12077 = CARTESIAN_POINT('',(0.245566628083,-1.E-02));
#12078 = CARTESIAN_POINT('',(0.18413308908,-1.E-02));
#12079 = CARTESIAN_POINT('',(0.122716324723,-1.E-02));
#12080 = CARTESIAN_POINT('',(6.13330993687E-02,-1.E-02));
#12081 = CARTESIAN_POINT('',(0.,-1.E-02));
#12082 = ( GEOMETRIC_REPRESENTATION_CONTEXT(2) 
PARAMETRIC_REPRESENTATION_CONTEXT() REPRESENTATION_CONTEXT('2D SPACE',''
  ) );
#12083 = ORIENTED_EDGE('',*,*,#12084,.T.);
#12084 = EDGE_CURVE('',#12034,#12085,#12087,.T.);
#12085 = VERTEX_POINT('',#12086);
#12086 = CARTESIAN_POINT('',(114.67041015625,5.1162109375,2.2));
#12087 = SURFACE_CURVE('',#12088,(#12099,#12113),.PCURVE_S1.);
#12088 = B_SPLINE_CURVE_WITH_KNOTS('',5,(#12089,#12090,#12091,#12092,
    #12093,#12094,#12095,#12096,#12097,#12098),.UNSPECIFIED.,.F.,.F.,(6,
    4,6),(0.,0.206305948772,1.),.UNSPECIFIED.);
#12089 = CARTESIAN_POINT('',(114.95092773437,4.889892578125,2.2));
#12090 = CARTESIAN_POINT('',(114.94280648558,4.902256270316,2.2));
#12091 = CARTESIAN_POINT('',(114.93432095528,4.914315481146,2.2));
#12092 = CARTESIAN_POINT('',(114.92547172517,4.926067702408,2.2));
#12093 = CARTESIAN_POINT('',(114.91625983663,4.937510803027,2.2));
#12094 = CARTESIAN_POINT('',(114.86985765616,4.991470594746,2.2));
#12095 = CARTESIAN_POINT('',(114.82768212821,5.029698202548,2.2));
#12096 = CARTESIAN_POINT('',(114.78024792577,5.063222162541,2.2));
#12097 = CARTESIAN_POINT('',(114.72773854745,5.092036314704,2.2));
#12098 = CARTESIAN_POINT('',(114.67041015625,5.1162109375,2.2));
#12099 = PCURVE('',#9166,#12100);
#12100 = DEFINITIONAL_REPRESENTATION('',(#12101),#12112);
#12101 = B_SPLINE_CURVE_WITH_KNOTS('',5,(#12102,#12103,#12104,#12105,
    #12106,#12107,#12108,#12109,#12110,#12111),.UNSPECIFIED.,.F.,.F.,(6,
    4,6),(0.,0.206305948772,1.),.UNSPECIFIED.);
#12102 = CARTESIAN_POINT('',(-5.049072265625,4.889892578125));
#12103 = CARTESIAN_POINT('',(-5.057193514417,4.902256270316));
#12104 = CARTESIAN_POINT('',(-5.065679044719,4.914315481146));
#12105 = CARTESIAN_POINT('',(-5.07452827483,4.926067702408));
#12106 = CARTESIAN_POINT('',(-5.083740163361,4.937510803027));
#12107 = CARTESIAN_POINT('',(-5.130142343835,4.991470594746));
#12108 = CARTESIAN_POINT('',(-5.172317871782,5.029698202548));
#12109 = CARTESIAN_POINT('',(-5.219752074226,5.063222162541));
#12110 = CARTESIAN_POINT('',(-5.272261452547,5.092036314704));
#12111 = CARTESIAN_POINT('',(-5.32958984375,5.1162109375));
#12112 = ( GEOMETRIC_REPRESENTATION_CONTEXT(2) 
PARAMETRIC_REPRESENTATION_CONTEXT() REPRESENTATION_CONTEXT('2D SPACE',''
  ) );
#12113 = PCURVE('',#12114,#12121);
#12114 = SURFACE_OF_LINEAR_EXTRUSION('',#12115,#12119);
#12115 = B_SPLINE_CURVE_WITH_KNOTS('',2,(#12116,#12117,#12118),
  .UNSPECIFIED.,.F.,.F.,(3,3),(0.,1.),.PIECEWISE_BEZIER_KNOTS.);
#12116 = CARTESIAN_POINT('',(114.67041015625,5.1162109375,2.19));
#12117 = CARTESIAN_POINT('',(114.85278320312,5.039306640625,2.19));
#12118 = CARTESIAN_POINT('',(114.95092773437,4.889892578125,2.19));
#12119 = VECTOR('',#12120,1.);
#12120 = DIRECTION('',(-0.,-0.,-1.));
#12121 = DEFINITIONAL_REPRESENTATION('',(#12122),#12133);
#12122 = B_SPLINE_CURVE_WITH_KNOTS('',5,(#12123,#12124,#12125,#12126,
    #12127,#12128,#12129,#12130,#12131,#12132),.UNSPECIFIED.,.F.,.F.,(6,
    4,6),(0.,0.206305948772,1.),.UNSPECIFIED.);
#12123 = CARTESIAN_POINT('',(1.,-1.E-02));
#12124 = CARTESIAN_POINT('',(0.958626075805,-1.E-02));
#12125 = CARTESIAN_POINT('',(0.917232661746,-1.E-02));
#12126 = CARTESIAN_POINT('',(0.875826189897,-1.E-02));
#12127 = CARTESIAN_POINT('',(0.834413132108,-1.E-02));
#12128 = CARTESIAN_POINT('',(0.633676641692,-1.E-02));
#12129 = CARTESIAN_POINT('',(0.474347748156,-1.E-02));
#12130 = CARTESIAN_POINT('',(0.315396392428,-1.E-02));
#12131 = CARTESIAN_POINT('',(0.157173420594,-1.E-02));
#12132 = CARTESIAN_POINT('',(0.,-1.E-02));
#12133 = ( GEOMETRIC_REPRESENTATION_CONTEXT(2) 
PARAMETRIC_REPRESENTATION_CONTEXT() REPRESENTATION_CONTEXT('2D SPACE',''
  ) );
#12134 = ORIENTED_EDGE('',*,*,#12135,.T.);
#12135 = EDGE_CURVE('',#12085,#12136,#12138,.T.);
#12136 = VERTEX_POINT('',#12137);
#12137 = CARTESIAN_POINT('',(114.24926757812,5.193115234375,2.2));
#12138 = SURFACE_CURVE('',#12139,(#12146,#12156),.PCURVE_S1.);
#12139 = B_SPLINE_CURVE_WITH_KNOTS('',5,(#12140,#12141,#12142,#12143,
    #12144,#12145),.UNSPECIFIED.,.F.,.F.,(6,6),(0.,1.),
  .PIECEWISE_BEZIER_KNOTS.);
#12140 = CARTESIAN_POINT('',(114.67041015625,5.1162109375,2.2));
#12141 = CARTESIAN_POINT('',(114.59653628262,5.147362570956,2.2));
#12142 = CARTESIAN_POINT('',(114.51715973532,5.17050910172,2.2));
#12143 = CARTESIAN_POINT('',(114.43256758608,5.185686820604,2.2));
#12144 = CARTESIAN_POINT('',(114.34313399963,5.193115234375,2.2));
#12145 = CARTESIAN_POINT('',(114.24926757812,5.193115234375,2.2));
#12146 = PCURVE('',#9166,#12147);
#12147 = DEFINITIONAL_REPRESENTATION('',(#12148),#12155);
#12148 = B_SPLINE_CURVE_WITH_KNOTS('',5,(#12149,#12150,#12151,#12152,
    #12153,#12154),.UNSPECIFIED.,.F.,.F.,(6,6),(0.,1.),
  .PIECEWISE_BEZIER_KNOTS.);
#12149 = CARTESIAN_POINT('',(-5.32958984375,5.1162109375));
#12150 = CARTESIAN_POINT('',(-5.403463717373,5.147362570956));
#12151 = CARTESIAN_POINT('',(-5.482840264674,5.17050910172));
#12152 = CARTESIAN_POINT('',(-5.567432413913,5.185686820604));
#12153 = CARTESIAN_POINT('',(-5.656866000365,5.193115234375));
#12154 = CARTESIAN_POINT('',(-5.750732421875,5.193115234375));
#12155 = ( GEOMETRIC_REPRESENTATION_CONTEXT(2) 
PARAMETRIC_REPRESENTATION_CONTEXT() REPRESENTATION_CONTEXT('2D SPACE',''
  ) );
#12156 = PCURVE('',#12157,#12164);
#12157 = SURFACE_OF_LINEAR_EXTRUSION('',#12158,#12162);
#12158 = B_SPLINE_CURVE_WITH_KNOTS('',2,(#12159,#12160,#12161),
  .UNSPECIFIED.,.F.,.F.,(3,3),(0.,1.),.PIECEWISE_BEZIER_KNOTS.);
#12159 = CARTESIAN_POINT('',(114.24926757812,5.193115234375,2.19));
#12160 = CARTESIAN_POINT('',(114.48803710937,5.193115234375,2.19));
#12161 = CARTESIAN_POINT('',(114.67041015625,5.1162109375,2.19));
#12162 = VECTOR('',#12163,1.);
#12163 = DIRECTION('',(-0.,-0.,-1.));
#12164 = DEFINITIONAL_REPRESENTATION('',(#12165),#12172);
#12165 = B_SPLINE_CURVE_WITH_KNOTS('',5,(#12166,#12167,#12168,#12169,
    #12170,#12171),.UNSPECIFIED.,.F.,.F.,(6,6),(0.,1.),
  .PIECEWISE_BEZIER_KNOTS.);
#12166 = CARTESIAN_POINT('',(1.,-1.E-02));
#12167 = CARTESIAN_POINT('',(0.797464935501,-1.E-02));
#12168 = CARTESIAN_POINT('',(0.595699933583,-1.E-02));
#12169 = CARTESIAN_POINT('',(0.395250412407,-1.E-02));
#12170 = CARTESIAN_POINT('',(0.196562813142,-1.E-02));
#12171 = CARTESIAN_POINT('',(0.,-1.E-02));
#12172 = ( GEOMETRIC_REPRESENTATION_CONTEXT(2) 
PARAMETRIC_REPRESENTATION_CONTEXT() REPRESENTATION_CONTEXT('2D SPACE',''
  ) );
#12173 = ORIENTED_EDGE('',*,*,#12174,.T.);
#12174 = EDGE_CURVE('',#12136,#12175,#12177,.T.);
#12175 = VERTEX_POINT('',#12176);
#12176 = CARTESIAN_POINT('',(113.85522460937,5.119873046875,2.2));
#12177 = SURFACE_CURVE('',#12178,(#12185,#12195),.PCURVE_S1.);
#12178 = B_SPLINE_CURVE_WITH_KNOTS('',5,(#12179,#12180,#12181,#12182,
    #12183,#12184),.UNSPECIFIED.,.F.,.F.,(6,6),(0.,1.),
  .PIECEWISE_BEZIER_KNOTS.);
#12179 = CARTESIAN_POINT('',(114.24926757812,5.193115234375,2.2));
#12180 = CARTESIAN_POINT('',(114.16346990603,5.193115234375,2.2));
#12181 = CARTESIAN_POINT('',(114.08092920256,5.185945778283,2.2));
#12182 = CARTESIAN_POINT('',(114.00190128287,5.171401450814,2.2));
#12183 = CARTESIAN_POINT('',(113.92660907507,5.149370759976,2.2));
#12184 = CARTESIAN_POINT('',(113.85522460937,5.119873046875,2.2));
#12185 = PCURVE('',#9166,#12186);
#12186 = DEFINITIONAL_REPRESENTATION('',(#12187),#12194);
#12187 = B_SPLINE_CURVE_WITH_KNOTS('',5,(#12188,#12189,#12190,#12191,
    #12192,#12193),.UNSPECIFIED.,.F.,.F.,(6,6),(0.,1.),
  .PIECEWISE_BEZIER_KNOTS.);
#12188 = CARTESIAN_POINT('',(-5.750732421875,5.193115234375));
#12189 = CARTESIAN_POINT('',(-5.83653009397,5.193115234375));
#12190 = CARTESIAN_POINT('',(-5.919070797439,5.185945778283));
#12191 = CARTESIAN_POINT('',(-5.998098717122,5.171401450814));
#12192 = CARTESIAN_POINT('',(-6.073390924921,5.149370759976));
#12193 = CARTESIAN_POINT('',(-6.144775390625,5.119873046875));
#12194 = ( GEOMETRIC_REPRESENTATION_CONTEXT(2) 
PARAMETRIC_REPRESENTATION_CONTEXT() REPRESENTATION_CONTEXT('2D SPACE',''
  ) );
#12195 = PCURVE('',#12196,#12203);
#12196 = SURFACE_OF_LINEAR_EXTRUSION('',#12197,#12201);
#12197 = B_SPLINE_CURVE_WITH_KNOTS('',2,(#12198,#12199,#12200),
  .UNSPECIFIED.,.F.,.F.,(3,3),(0.,1.),.PIECEWISE_BEZIER_KNOTS.);
#12198 = CARTESIAN_POINT('',(113.85522460937,5.119873046875,2.19));
#12199 = CARTESIAN_POINT('',(114.03247070312,5.193115234375,2.19));
#12200 = CARTESIAN_POINT('',(114.24926757812,5.193115234375,2.19));
#12201 = VECTOR('',#12202,1.);
#12202 = DIRECTION('',(-0.,-0.,-1.));
#12203 = DEFINITIONAL_REPRESENTATION('',(#12204),#12211);
#12204 = B_SPLINE_CURVE_WITH_KNOTS('',5,(#12205,#12206,#12207,#12208,
    #12209,#12210),.UNSPECIFIED.,.F.,.F.,(6,6),(0.,1.),
  .PIECEWISE_BEZIER_KNOTS.);
#12205 = CARTESIAN_POINT('',(1.,-1.E-02));
#12206 = CARTESIAN_POINT('',(0.80212428778,-1.E-02));
#12207 = CARTESIAN_POINT('',(0.602831263474,-1.E-02));
#12208 = CARTESIAN_POINT('',(0.402455089887,-1.E-02));
#12209 = CARTESIAN_POINT('',(0.201371054769,-1.E-02));
#12210 = CARTESIAN_POINT('',(0.,-1.E-02));
#12211 = ( GEOMETRIC_REPRESENTATION_CONTEXT(2) 
PARAMETRIC_REPRESENTATION_CONTEXT() REPRESENTATION_CONTEXT('2D SPACE',''
  ) );
#12212 = ORIENTED_EDGE('',*,*,#12213,.T.);
#12213 = EDGE_CURVE('',#12175,#12214,#12216,.T.);
#12214 = VERTEX_POINT('',#12215);
#12215 = CARTESIAN_POINT('',(113.58569335937,4.9052734375,2.2));
#12216 = SURFACE_CURVE('',#12217,(#12228,#12242),.PCURVE_S1.);
#12217 = B_SPLINE_CURVE_WITH_KNOTS('',5,(#12218,#12219,#12220,#12221,
    #12222,#12223,#12224,#12225,#12226,#12227),.UNSPECIFIED.,.F.,.F.,(6,
    4,6),(0.,0.849629606924,1.),.UNSPECIFIED.);
#12218 = CARTESIAN_POINT('',(113.85522460937,5.119873046875,2.2));
#12219 = CARTESIAN_POINT('',(113.79563420275,5.095248911909,2.2));
#12220 = CARTESIAN_POINT('',(113.74160393984,5.065630216658,2.2));
#12221 = CARTESIAN_POINT('',(113.69344558169,5.030929383446,2.2));
#12222 = CARTESIAN_POINT('',(113.65137930347,4.991149075288,2.2));
#12223 = CARTESIAN_POINT('',(113.60915074613,4.93849225698,2.2));
#12224 = CARTESIAN_POINT('',(113.60299460084,4.930418867747,2.2));
#12225 = CARTESIAN_POINT('',(113.59703275019,4.922190757955,2.2));
#12226 = CARTESIAN_POINT('',(113.59126558253,4.913808668208,2.2));
#12227 = CARTESIAN_POINT('',(113.58569335937,4.9052734375,2.2));
#12228 = PCURVE('',#9166,#12229);
#12229 = DEFINITIONAL_REPRESENTATION('',(#12230),#12241);
#12230 = B_SPLINE_CURVE_WITH_KNOTS('',5,(#12231,#12232,#12233,#12234,
    #12235,#12236,#12237,#12238,#12239,#12240),.UNSPECIFIED.,.F.,.F.,(6,
    4,6),(0.,0.849629606924,1.),.UNSPECIFIED.);
#12231 = CARTESIAN_POINT('',(-6.144775390625,5.119873046875));
#12232 = CARTESIAN_POINT('',(-6.204365797243,5.095248911909));
#12233 = CARTESIAN_POINT('',(-6.258396060157,5.065630216658));
#12234 = CARTESIAN_POINT('',(-6.306554418305,5.030929383446));
#12235 = CARTESIAN_POINT('',(-6.348620696526,4.991149075288));
#12236 = CARTESIAN_POINT('',(-6.390849253868,4.93849225698));
#12237 = CARTESIAN_POINT('',(-6.397005399157,4.930418867747));
#12238 = CARTESIAN_POINT('',(-6.402967249804,4.922190757955));
#12239 = CARTESIAN_POINT('',(-6.408734417468,4.913808668208));
#12240 = CARTESIAN_POINT('',(-6.414306640625,4.9052734375));
#12241 = ( GEOMETRIC_REPRESENTATION_CONTEXT(2) 
PARAMETRIC_REPRESENTATION_CONTEXT() REPRESENTATION_CONTEXT('2D SPACE',''
  ) );
#12242 = PCURVE('',#12243,#12250);
#12243 = SURFACE_OF_LINEAR_EXTRUSION('',#12244,#12248);
#12244 = B_SPLINE_CURVE_WITH_KNOTS('',2,(#12245,#12246,#12247),
  .UNSPECIFIED.,.F.,.F.,(3,3),(0.,1.),.PIECEWISE_BEZIER_KNOTS.);
#12245 = CARTESIAN_POINT('',(113.58569335937,4.9052734375,2.19));
#12246 = CARTESIAN_POINT('',(113.67797851562,5.046630859375,2.19));
#12247 = CARTESIAN_POINT('',(113.85522460937,5.119873046875,2.19));
#12248 = VECTOR('',#12249,1.);
#12249 = DIRECTION('',(-0.,-0.,-1.));
#12250 = DEFINITIONAL_REPRESENTATION('',(#12251),#12262);
#12251 = B_SPLINE_CURVE_WITH_KNOTS('',5,(#12252,#12253,#12254,#12255,
    #12256,#12257,#12258,#12259,#12260,#12261),.UNSPECIFIED.,.F.,.F.,(6,
    4,6),(0.,0.849629606924,1.),.UNSPECIFIED.);
#12252 = CARTESIAN_POINT('',(1.,-1.E-02));
#12253 = CARTESIAN_POINT('',(0.831899238631,-1.E-02));
#12254 = CARTESIAN_POINT('',(0.662551966509,-1.E-02));
#12255 = CARTESIAN_POINT('',(0.492335180891,-1.E-02));
#12256 = CARTESIAN_POINT('',(0.321664918929,-1.E-02));
#12257 = CARTESIAN_POINT('',(0.120795131038,-1.E-02));
#12258 = CARTESIAN_POINT('',(9.059025027669E-02,-1.E-02));
#12259 = CARTESIAN_POINT('',(6.0387807807E-02,-1.E-02));
#12260 = CARTESIAN_POINT('',(3.019024609843E-02,-1.E-02));
#12261 = CARTESIAN_POINT('',(0.,-1.E-02));
#12262 = ( GEOMETRIC_REPRESENTATION_CONTEXT(2) 
PARAMETRIC_REPRESENTATION_CONTEXT() REPRESENTATION_CONTEXT('2D SPACE',''
  ) );
#12263 = ORIENTED_EDGE('',*,*,#12264,.T.);
#12264 = EDGE_CURVE('',#12214,#12265,#12267,.T.);
#12265 = VERTEX_POINT('',#12266);
#12266 = CARTESIAN_POINT('',(113.49340820312,4.601318359375,2.2));
#12267 = SURFACE_CURVE('',#12268,(#12277,#12289),.PCURVE_S1.);
#12268 = B_SPLINE_CURVE_WITH_KNOTS('',4,(#12269,#12270,#12271,#12272,
    #12273,#12274,#12275,#12276),.UNSPECIFIED.,.F.,.F.,(5,3,5),(0.,
    0.615293963008,1.),.UNSPECIFIED.);
#12269 = CARTESIAN_POINT('',(113.58569335937,4.9052734375,2.2));
#12270 = CARTESIAN_POINT('',(113.55743116781,4.861982937723,2.2));
#12271 = CARTESIAN_POINT('',(113.53482439166,4.817189089212,2.2));
#12272 = CARTESIAN_POINT('',(113.51803496236,4.770951703462,2.2));
#12273 = CARTESIAN_POINT('',(113.50024217938,4.693620402693,2.2));
#12274 = CARTESIAN_POINT('',(113.49568070047,4.663344991641,2.2));
#12275 = CARTESIAN_POINT('',(113.49340820312,4.632568161955,2.2));
#12276 = CARTESIAN_POINT('',(113.49340820312,4.601318359375,2.2));
#12277 = PCURVE('',#9166,#12278);
#12278 = DEFINITIONAL_REPRESENTATION('',(#12279),#12288);
#12279 = B_SPLINE_CURVE_WITH_KNOTS('',4,(#12280,#12281,#12282,#12283,
    #12284,#12285,#12286,#12287),.UNSPECIFIED.,.F.,.F.,(5,3,5),(0.,
    0.615293963008,1.),.UNSPECIFIED.);
#12280 = CARTESIAN_POINT('',(-6.414306640625,4.9052734375));
#12281 = CARTESIAN_POINT('',(-6.442568832189,4.861982937723));
#12282 = CARTESIAN_POINT('',(-6.465175608331,4.817189089212));
#12283 = CARTESIAN_POINT('',(-6.481965037635,4.770951703462));
#12284 = CARTESIAN_POINT('',(-6.499757820618,4.693620402693));
#12285 = CARTESIAN_POINT('',(-6.504319299527,4.663344991641));
#12286 = CARTESIAN_POINT('',(-6.506591796875,4.632568161955));
#12287 = CARTESIAN_POINT('',(-6.506591796875,4.601318359375));
#12288 = ( GEOMETRIC_REPRESENTATION_CONTEXT(2) 
PARAMETRIC_REPRESENTATION_CONTEXT() REPRESENTATION_CONTEXT('2D SPACE',''
  ) );
#12289 = PCURVE('',#12290,#12297);
#12290 = SURFACE_OF_LINEAR_EXTRUSION('',#12291,#12295);
#12291 = B_SPLINE_CURVE_WITH_KNOTS('',2,(#12292,#12293,#12294),
  .UNSPECIFIED.,.F.,.F.,(3,3),(0.,1.),.PIECEWISE_BEZIER_KNOTS.);
#12292 = CARTESIAN_POINT('',(113.49340820312,4.601318359375,2.19));
#12293 = CARTESIAN_POINT('',(113.49340820312,4.763916015625,2.19));
#12294 = CARTESIAN_POINT('',(113.58569335937,4.9052734375,2.19));
#12295 = VECTOR('',#12296,1.);
#12296 = DIRECTION('',(-0.,-0.,-1.));
#12297 = DEFINITIONAL_REPRESENTATION('',(#12298),#12307);
#12298 = B_SPLINE_CURVE_WITH_KNOTS('',4,(#12299,#12300,#12301,#12302,
    #12303,#12304,#12305,#12306),.UNSPECIFIED.,.F.,.F.,(5,3,5),(0.,
    0.615293963008,1.),.UNSPECIFIED.);
#12299 = CARTESIAN_POINT('',(1.,-1.E-02));
#12300 = CARTESIAN_POINT('',(0.846875745175,-1.E-02));
#12301 = CARTESIAN_POINT('',(0.69313123079,-1.E-02));
#12302 = CARTESIAN_POINT('',(0.539064989509,-1.E-02));
#12303 = CARTESIAN_POINT('',(0.28867249621,-1.E-02));
#12304 = CARTESIAN_POINT('',(0.192344923082,-1.E-02));
#12305 = CARTESIAN_POINT('',(9.609548901434E-02,-1.E-02));
#12306 = CARTESIAN_POINT('',(0.,-1.E-02));
#12307 = ( GEOMETRIC_REPRESENTATION_CONTEXT(2) 
PARAMETRIC_REPRESENTATION_CONTEXT() REPRESENTATION_CONTEXT('2D SPACE',''
  ) );
#12308 = ORIENTED_EDGE('',*,*,#12309,.T.);
#12309 = EDGE_CURVE('',#12265,#12310,#12312,.T.);
#12310 = VERTEX_POINT('',#12311);
#12311 = CARTESIAN_POINT('',(113.56884765625,4.333984375,2.2));
#12312 = SURFACE_CURVE('',#12313,(#12322,#12334),.PCURVE_S1.);
#12313 = B_SPLINE_CURVE_WITH_KNOTS('',4,(#12314,#12315,#12316,#12317,
    #12318,#12319,#12320,#12321),.UNSPECIFIED.,.F.,.F.,(5,3,5),(0.,
    0.648275030697,1.),.UNSPECIFIED.);
#12314 = CARTESIAN_POINT('',(113.49340820312,4.601318359375,2.2));
#12315 = CARTESIAN_POINT('',(113.49340820312,4.55354430566,2.2));
#12316 = CARTESIAN_POINT('',(113.49865207504,4.507595670492,2.2));
#12317 = CARTESIAN_POINT('',(113.50921994076,4.463580179889,2.2));
#12318 = CARTESIAN_POINT('',(113.53369348938,4.398777930998,2.2));
#12319 = CARTESIAN_POINT('',(113.5438609022,4.376575714546,2.2));
#12320 = CARTESIAN_POINT('',(113.55558345752,4.354975291435,2.2));
#12321 = CARTESIAN_POINT('',(113.56884765625,4.333984375,2.2));
#12322 = PCURVE('',#9166,#12323);
#12323 = DEFINITIONAL_REPRESENTATION('',(#12324),#12333);
#12324 = B_SPLINE_CURVE_WITH_KNOTS('',4,(#12325,#12326,#12327,#12328,
    #12329,#12330,#12331,#12332),.UNSPECIFIED.,.F.,.F.,(5,3,5),(0.,
    0.648275030697,1.),.UNSPECIFIED.);
#12325 = CARTESIAN_POINT('',(-6.506591796875,4.601318359375));
#12326 = CARTESIAN_POINT('',(-6.506591796875,4.55354430566));
#12327 = CARTESIAN_POINT('',(-6.501347924959,4.507595670492));
#12328 = CARTESIAN_POINT('',(-6.490780059231,4.463580179889));
#12329 = CARTESIAN_POINT('',(-6.466306510614,4.398777930998));
#12330 = CARTESIAN_POINT('',(-6.456139097796,4.376575714546));
#12331 = CARTESIAN_POINT('',(-6.444416542479,4.354975291435));
#12332 = CARTESIAN_POINT('',(-6.43115234375,4.333984375));
#12333 = ( GEOMETRIC_REPRESENTATION_CONTEXT(2) 
PARAMETRIC_REPRESENTATION_CONTEXT() REPRESENTATION_CONTEXT('2D SPACE',''
  ) );
#12334 = PCURVE('',#12335,#12342);
#12335 = SURFACE_OF_LINEAR_EXTRUSION('',#12336,#12340);
#12336 = B_SPLINE_CURVE_WITH_KNOTS('',2,(#12337,#12338,#12339),
  .UNSPECIFIED.,.F.,.F.,(3,3),(0.,1.),.PIECEWISE_BEZIER_KNOTS.);
#12337 = CARTESIAN_POINT('',(113.56884765625,4.333984375,2.19));
#12338 = CARTESIAN_POINT('',(113.49340820312,4.453369140625,2.19));
#12339 = CARTESIAN_POINT('',(113.49340820312,4.601318359375,2.19));
#12340 = VECTOR('',#12341,1.);
#12341 = DIRECTION('',(-0.,-0.,-1.));
#12342 = DEFINITIONAL_REPRESENTATION('',(#12343),#12352);
#12343 = B_SPLINE_CURVE_WITH_KNOTS('',4,(#12344,#12345,#12346,#12347,
    #12348,#12349,#12350,#12351),.UNSPECIFIED.,.F.,.F.,(5,3,5),(0.,
    0.648275030697,1.),.UNSPECIFIED.);
#12344 = CARTESIAN_POINT('',(1.,-1.E-02));
#12345 = CARTESIAN_POINT('',(0.838545772263,-1.E-02));
#12346 = CARTESIAN_POINT('',(0.676550395375,-1.E-02));
#12347 = CARTESIAN_POINT('',(0.514275407052,-1.E-02));
#12348 = CARTESIAN_POINT('',(0.263956638986,-1.E-02));
#12349 = CARTESIAN_POINT('',(0.175912870459,-1.E-02));
#12350 = CARTESIAN_POINT('',(8.791287701366E-02,-1.E-02));
#12351 = CARTESIAN_POINT('',(0.,-1.E-02));
#12352 = ( GEOMETRIC_REPRESENTATION_CONTEXT(2) 
PARAMETRIC_REPRESENTATION_CONTEXT() REPRESENTATION_CONTEXT('2D SPACE',''
  ) );
#12353 = ORIENTED_EDGE('',*,*,#12354,.T.);
#12354 = EDGE_CURVE('',#12310,#12355,#12357,.T.);
#12355 = VERTEX_POINT('',#12356);
#12356 = CARTESIAN_POINT('',(113.79809570312,4.134033203125,2.2));
#12357 = SURFACE_CURVE('',#12358,(#12365,#12375),.PCURVE_S1.);
#12358 = B_SPLINE_CURVE_WITH_KNOTS('',5,(#12359,#12360,#12361,#12362,
    #12363,#12364),.UNSPECIFIED.,.F.,.F.,(6,6),(0.,1.),
  .PIECEWISE_BEZIER_KNOTS.);
#12359 = CARTESIAN_POINT('',(113.56884765625,4.333984375,2.2));
#12360 = CARTESIAN_POINT('',(113.59923599484,4.285894091593,2.2));
#12361 = CARTESIAN_POINT('',(113.63753659945,4.241796598444,2.2));
#12362 = CARTESIAN_POINT('',(113.68363744176,4.201792259844,2.2));
#12363 = CARTESIAN_POINT('',(113.73727787793,4.165890159177,2.2));
#12364 = CARTESIAN_POINT('',(113.79809570312,4.134033203125,2.2));
#12365 = PCURVE('',#9166,#12366);
#12366 = DEFINITIONAL_REPRESENTATION('',(#12367),#12374);
#12367 = B_SPLINE_CURVE_WITH_KNOTS('',5,(#12368,#12369,#12370,#12371,
    #12372,#12373),.UNSPECIFIED.,.F.,.F.,(6,6),(0.,1.),
  .PIECEWISE_BEZIER_KNOTS.);
#12368 = CARTESIAN_POINT('',(-6.43115234375,4.333984375));
#12369 = CARTESIAN_POINT('',(-6.400764005155,4.285894091593));
#12370 = CARTESIAN_POINT('',(-6.362463400543,4.241796598444));
#12371 = CARTESIAN_POINT('',(-6.316362558233,4.201792259844));
#12372 = CARTESIAN_POINT('',(-6.262722122065,4.165890159177));
#12373 = CARTESIAN_POINT('',(-6.201904296875,4.134033203125));
#12374 = ( GEOMETRIC_REPRESENTATION_CONTEXT(2) 
PARAMETRIC_REPRESENTATION_CONTEXT() REPRESENTATION_CONTEXT('2D SPACE',''
  ) );
#12375 = PCURVE('',#12376,#12383);
#12376 = SURFACE_OF_LINEAR_EXTRUSION('',#12377,#12381);
#12377 = B_SPLINE_CURVE_WITH_KNOTS('',2,(#12378,#12379,#12380),
  .UNSPECIFIED.,.F.,.F.,(3,3),(0.,1.),.PIECEWISE_BEZIER_KNOTS.);
#12378 = CARTESIAN_POINT('',(113.79809570312,4.134033203125,2.19));
#12379 = CARTESIAN_POINT('',(113.64428710937,4.214599609375,2.19));
#12380 = CARTESIAN_POINT('',(113.56884765625,4.333984375,2.19));
#12381 = VECTOR('',#12382,1.);
#12382 = DIRECTION('',(-0.,-0.,-1.));
#12383 = DEFINITIONAL_REPRESENTATION('',(#12384),#12391);
#12384 = B_SPLINE_CURVE_WITH_KNOTS('',5,(#12385,#12386,#12387,#12388,
    #12389,#12390),.UNSPECIFIED.,.F.,.F.,(6,6),(0.,1.),
  .PIECEWISE_BEZIER_KNOTS.);
#12385 = CARTESIAN_POINT('',(1.,-1.E-02));
#12386 = CARTESIAN_POINT('',(0.79859120569,-1.E-02));
#12387 = CARTESIAN_POINT('',(0.59741727431,-1.E-02));
#12388 = CARTESIAN_POINT('',(0.396975344599,-1.E-02));
#12389 = CARTESIAN_POINT('',(0.197706199981,-1.E-02));
#12390 = CARTESIAN_POINT('',(0.,-1.E-02));
#12391 = ( GEOMETRIC_REPRESENTATION_CONTEXT(2) 
PARAMETRIC_REPRESENTATION_CONTEXT() REPRESENTATION_CONTEXT('2D SPACE',''
  ) );
#12392 = ORIENTED_EDGE('',*,*,#12393,.T.);
#12393 = EDGE_CURVE('',#12355,#12394,#12396,.T.);
#12394 = VERTEX_POINT('',#12395);
#12395 = CARTESIAN_POINT('',(114.21264648437,4.,2.2));
#12396 = SURFACE_CURVE('',#12397,(#12405,#12416),.PCURVE_S1.);
#12397 = B_SPLINE_CURVE_WITH_KNOTS('',6,(#12398,#12399,#12400,#12401,
    #12402,#12403,#12404),.UNSPECIFIED.,.F.,.F.,(7,7),(0.,1.),
  .PIECEWISE_BEZIER_KNOTS.);
#12398 = CARTESIAN_POINT('',(113.79809570312,4.134033203125,2.2));
#12399 = CARTESIAN_POINT('',(113.83991848433,4.111830985942,2.2));
#12400 = CARTESIAN_POINT('',(113.89423865168,4.08940817516,2.2));
#12401 = CARTESIAN_POINT('',(113.95999549011,4.066915459057,2.2));
#12402 = CARTESIAN_POINT('',(114.03581611134,4.044468488907,2.2));
#12403 = CARTESIAN_POINT('',(114.12040124626,4.022147990339,2.2));
#12404 = CARTESIAN_POINT('',(114.21264648437,4.,2.2));
#12405 = PCURVE('',#9166,#12406);
#12406 = DEFINITIONAL_REPRESENTATION('',(#12407),#12415);
#12407 = B_SPLINE_CURVE_WITH_KNOTS('',6,(#12408,#12409,#12410,#12411,
    #12412,#12413,#12414),.UNSPECIFIED.,.F.,.F.,(7,7),(0.,1.),
  .PIECEWISE_BEZIER_KNOTS.);
#12408 = CARTESIAN_POINT('',(-6.201904296875,4.134033203125));
#12409 = CARTESIAN_POINT('',(-6.16008151567,4.111830985942));
#12410 = CARTESIAN_POINT('',(-6.105761348312,4.08940817516));
#12411 = CARTESIAN_POINT('',(-6.040004509884,4.066915459057));
#12412 = CARTESIAN_POINT('',(-5.964183888658,4.044468488907));
#12413 = CARTESIAN_POINT('',(-5.879598753737,4.022147990339));
#12414 = CARTESIAN_POINT('',(-5.787353515625,4.));
#12415 = ( GEOMETRIC_REPRESENTATION_CONTEXT(2) 
PARAMETRIC_REPRESENTATION_CONTEXT() REPRESENTATION_CONTEXT('2D SPACE',''
  ) );
#12416 = PCURVE('',#12417,#12424);
#12417 = SURFACE_OF_LINEAR_EXTRUSION('',#12418,#12422);
#12418 = B_SPLINE_CURVE_WITH_KNOTS('',2,(#12419,#12420,#12421),
  .UNSPECIFIED.,.F.,.F.,(3,3),(0.,1.),.PIECEWISE_BEZIER_KNOTS.);
#12419 = CARTESIAN_POINT('',(114.21264648437,4.,2.19));
#12420 = CARTESIAN_POINT('',(113.91674804687,4.071044921875,2.19));
#12421 = CARTESIAN_POINT('',(113.79809570312,4.134033203125,2.19));
#12422 = VECTOR('',#12423,1.);
#12423 = DIRECTION('',(-0.,-0.,-1.));
#12424 = DEFINITIONAL_REPRESENTATION('',(#12425),#12433);
#12425 = B_SPLINE_CURVE_WITH_KNOTS('',6,(#12426,#12427,#12428,#12429,
    #12430,#12431,#12432),.UNSPECIFIED.,.F.,.F.,(7,7),(0.,1.),
  .PIECEWISE_BEZIER_KNOTS.);
#12426 = CARTESIAN_POINT('',(1.,-1.E-02));
#12427 = CARTESIAN_POINT('',(0.823759144224,-1.E-02));
#12428 = CARTESIAN_POINT('',(0.650534778162,-1.E-02));
#12429 = CARTESIAN_POINT('',(0.481216510023,-1.E-02));
#12430 = CARTESIAN_POINT('',(0.3162665958,-1.E-02));
#12431 = CARTESIAN_POINT('',(0.155873141628,-1.E-02));
#12432 = CARTESIAN_POINT('',(0.,-1.E-02));
#12433 = ( GEOMETRIC_REPRESENTATION_CONTEXT(2) 
PARAMETRIC_REPRESENTATION_CONTEXT() REPRESENTATION_CONTEXT('2D SPACE',''
  ) );
#12434 = ORIENTED_EDGE('',*,*,#12435,.T.);
#12435 = EDGE_CURVE('',#12394,#12436,#12438,.T.);
#12436 = VERTEX_POINT('',#12437);
#12437 = CARTESIAN_POINT('',(114.59497070312,3.895263671875,2.2));
#12438 = SURFACE_CURVE('',#12439,(#12447,#12458),.PCURVE_S1.);
#12439 = B_SPLINE_CURVE_WITH_KNOTS('',6,(#12440,#12441,#12442,#12443,
    #12444,#12445,#12446),.UNSPECIFIED.,.F.,.F.,(7,7),(0.,1.),
  .PIECEWISE_BEZIER_KNOTS.);
#12440 = CARTESIAN_POINT('',(114.21264648437,4.,2.2));
#12441 = CARTESIAN_POINT('',(114.3037786475,3.978119257862,2.2));
#12442 = CARTESIAN_POINT('',(114.3861862155,3.957596834715,2.2));
#12443 = CARTESIAN_POINT('',(114.45833776845,3.938703276676,2.2));
#12444 = CARTESIAN_POINT('',(114.51837276083,3.921781517941,2.2));
#12445 = CARTESIAN_POINT('',(114.56432567159,3.907210040101,2.2));
#12446 = CARTESIAN_POINT('',(114.59497070312,3.895263671875,2.2));
#12447 = PCURVE('',#9166,#12448);
#12448 = DEFINITIONAL_REPRESENTATION('',(#12449),#12457);
#12449 = B_SPLINE_CURVE_WITH_KNOTS('',6,(#12450,#12451,#12452,#12453,
    #12454,#12455,#12456),.UNSPECIFIED.,.F.,.F.,(7,7),(0.,1.),
  .PIECEWISE_BEZIER_KNOTS.);
#12450 = CARTESIAN_POINT('',(-5.787353515625,4.));
#12451 = CARTESIAN_POINT('',(-5.696221352494,3.978119257862));
#12452 = CARTESIAN_POINT('',(-5.613813784491,3.957596834715));
#12453 = CARTESIAN_POINT('',(-5.541662231546,3.938703276676));
#12454 = CARTESIAN_POINT('',(-5.481627239161,3.921781517941));
#12455 = CARTESIAN_POINT('',(-5.43567432841,3.907210040101));
#12456 = CARTESIAN_POINT('',(-5.405029296875,3.895263671875));
#12457 = ( GEOMETRIC_REPRESENTATION_CONTEXT(2) 
PARAMETRIC_REPRESENTATION_CONTEXT() REPRESENTATION_CONTEXT('2D SPACE',''
  ) );
#12458 = PCURVE('',#12459,#12466);
#12459 = SURFACE_OF_LINEAR_EXTRUSION('',#12460,#12464);
#12460 = B_SPLINE_CURVE_WITH_KNOTS('',2,(#12461,#12462,#12463),
  .UNSPECIFIED.,.F.,.F.,(3,3),(0.,1.),.PIECEWISE_BEZIER_KNOTS.);
#12461 = CARTESIAN_POINT('',(114.59497070312,3.895263671875,2.19));
#12462 = CARTESIAN_POINT('',(114.50854492187,3.928955078125,2.19));
#12463 = CARTESIAN_POINT('',(114.21264648437,4.,2.19));
#12464 = VECTOR('',#12465,1.);
#12465 = DIRECTION('',(-0.,-0.,-1.));
#12466 = DEFINITIONAL_REPRESENTATION('',(#12467),#12475);
#12467 = B_SPLINE_CURVE_WITH_KNOTS('',6,(#12468,#12469,#12470,#12471,
    #12472,#12473,#12474),.UNSPECIFIED.,.F.,.F.,(7,7),(0.,1.),
  .PIECEWISE_BEZIER_KNOTS.);
#12468 = CARTESIAN_POINT('',(1.,-1.E-02));
#12469 = CARTESIAN_POINT('',(0.846007697943,-1.E-02));
#12470 = CARTESIAN_POINT('',(0.686614207581,-1.E-02));
#12471 = CARTESIAN_POINT('',(0.521750073798,-9.999999999999E-03));
#12472 = CARTESIAN_POINT('',(0.351720512959,-1.E-02));
#12473 = CARTESIAN_POINT('',(0.1772910299,-1.E-02));
#12474 = CARTESIAN_POINT('',(0.,-1.E-02));
#12475 = ( GEOMETRIC_REPRESENTATION_CONTEXT(2) 
PARAMETRIC_REPRESENTATION_CONTEXT() REPRESENTATION_CONTEXT('2D SPACE',''
  ) );
#12476 = ORIENTED_EDGE('',*,*,#12477,.T.);
#12477 = EDGE_CURVE('',#12436,#12478,#12480,.T.);
#12478 = VERTEX_POINT('',#12479);
#12479 = CARTESIAN_POINT('',(114.78833007812,3.7685546875,2.2));
#12480 = SURFACE_CURVE('',#12481,(#12488,#12498),.PCURVE_S1.);
#12481 = B_SPLINE_CURVE_WITH_KNOTS('',5,(#12482,#12483,#12484,#12485,
    #12486,#12487),.UNSPECIFIED.,.F.,.F.,(6,6),(0.,1.),
  .PIECEWISE_BEZIER_KNOTS.);
#12482 = CARTESIAN_POINT('',(114.59497070312,3.895263671875,2.2));
#12483 = CARTESIAN_POINT('',(114.64818461421,3.875019249177,2.2));
#12484 = CARTESIAN_POINT('',(114.69441460765,3.852252552414,2.2));
#12485 = CARTESIAN_POINT('',(114.73333024017,3.826918489472,2.2));
#12486 = CARTESIAN_POINT('',(114.76467847755,3.799006123232,2.2));
#12487 = CARTESIAN_POINT('',(114.78833007812,3.7685546875,2.2));
#12488 = PCURVE('',#9166,#12489);
#12489 = DEFINITIONAL_REPRESENTATION('',(#12490),#12497);
#12490 = B_SPLINE_CURVE_WITH_KNOTS('',5,(#12491,#12492,#12493,#12494,
    #12495,#12496),.UNSPECIFIED.,.F.,.F.,(6,6),(0.,1.),
  .PIECEWISE_BEZIER_KNOTS.);
#12491 = CARTESIAN_POINT('',(-5.405029296875,3.895263671875));
#12492 = CARTESIAN_POINT('',(-5.351815385783,3.875019249177));
#12493 = CARTESIAN_POINT('',(-5.305585392341,3.852252552414));
#12494 = CARTESIAN_POINT('',(-5.266669759822,3.826918489472));
#12495 = CARTESIAN_POINT('',(-5.235321522443,3.799006123232));
#12496 = CARTESIAN_POINT('',(-5.211669921875,3.7685546875));
#12497 = ( GEOMETRIC_REPRESENTATION_CONTEXT(2) 
PARAMETRIC_REPRESENTATION_CONTEXT() REPRESENTATION_CONTEXT('2D SPACE',''
  ) );
#12498 = PCURVE('',#12499,#12506);
#12499 = SURFACE_OF_LINEAR_EXTRUSION('',#12500,#12504);
#12500 = B_SPLINE_CURVE_WITH_KNOTS('',2,(#12501,#12502,#12503),
  .UNSPECIFIED.,.F.,.F.,(3,3),(0.,1.),.PIECEWISE_BEZIER_KNOTS.);
#12501 = CARTESIAN_POINT('',(114.78833007812,3.7685546875,2.19));
#12502 = CARTESIAN_POINT('',(114.72973632812,3.843994140625,2.19));
#12503 = CARTESIAN_POINT('',(114.59497070312,3.895263671875,2.19));
#12504 = VECTOR('',#12505,1.);
#12505 = DIRECTION('',(-0.,-0.,-1.));
#12506 = DEFINITIONAL_REPRESENTATION('',(#12507),#12514);
#12507 = B_SPLINE_CURVE_WITH_KNOTS('',5,(#12508,#12509,#12510,#12511,
    #12512,#12513),.UNSPECIFIED.,.F.,.F.,(6,6),(0.,1.),
  .PIECEWISE_BEZIER_KNOTS.);
#12508 = CARTESIAN_POINT('',(1.,-1.E-02));
#12509 = CARTESIAN_POINT('',(0.802568677689,-1.E-02));
#12510 = CARTESIAN_POINT('',(0.603509057316,-1.E-02));
#12511 = CARTESIAN_POINT('',(0.403138904467,-1.E-02));
#12512 = CARTESIAN_POINT('',(0.201826991517,-1.E-02));
#12513 = CARTESIAN_POINT('',(0.,-1.E-02));
#12514 = ( GEOMETRIC_REPRESENTATION_CONTEXT(2) 
PARAMETRIC_REPRESENTATION_CONTEXT() REPRESENTATION_CONTEXT('2D SPACE',''
  ) );
#12515 = ORIENTED_EDGE('',*,*,#12516,.T.);
#12516 = EDGE_CURVE('',#12478,#12517,#12519,.T.);
#12517 = VERTEX_POINT('',#12518);
#12518 = CARTESIAN_POINT('',(114.84692382812,3.592041015625,2.2));
#12519 = SURFACE_CURVE('',#12520,(#12529,#12541),.PCURVE_S1.);
#12520 = B_SPLINE_CURVE_WITH_KNOTS('',4,(#12521,#12522,#12523,#12524,
    #12525,#12526,#12527,#12528),.UNSPECIFIED.,.F.,.F.,(5,3,5),(0.,
    0.367835873172,1.),.UNSPECIFIED.);
#12521 = CARTESIAN_POINT('',(114.78833007812,3.7685546875,2.2));
#12522 = CARTESIAN_POINT('',(114.79910368718,3.754683665836,2.2));
#12523 = CARTESIAN_POINT('',(114.8085643162,3.740225029263,2.2));
#12524 = CARTESIAN_POINT('',(114.81670392497,3.72518183598,2.2));
#12525 = CARTESIAN_POINT('',(114.83523434478,3.682711403868,2.2));
#12526 = CARTESIAN_POINT('',(114.84303964137,3.654153034488,2.2));
#12527 = CARTESIAN_POINT('',(114.84692382812,3.623913298154,2.2));
#12528 = CARTESIAN_POINT('',(114.84692382812,3.592041015625,2.2));
#12529 = PCURVE('',#9166,#12530);
#12530 = DEFINITIONAL_REPRESENTATION('',(#12531),#12540);
#12531 = B_SPLINE_CURVE_WITH_KNOTS('',4,(#12532,#12533,#12534,#12535,
    #12536,#12537,#12538,#12539),.UNSPECIFIED.,.F.,.F.,(5,3,5),(0.,
    0.367835873172,1.),.UNSPECIFIED.);
#12532 = CARTESIAN_POINT('',(-5.211669921875,3.7685546875));
#12533 = CARTESIAN_POINT('',(-5.200896312816,3.754683665836));
#12534 = CARTESIAN_POINT('',(-5.191435683793,3.740225029263));
#12535 = CARTESIAN_POINT('',(-5.183296075026,3.72518183598));
#12536 = CARTESIAN_POINT('',(-5.164765655216,3.682711403868));
#12537 = CARTESIAN_POINT('',(-5.156960358623,3.654153034488));
#12538 = CARTESIAN_POINT('',(-5.153076171875,3.623913298154));
#12539 = CARTESIAN_POINT('',(-5.153076171875,3.592041015625));
#12540 = ( GEOMETRIC_REPRESENTATION_CONTEXT(2) 
PARAMETRIC_REPRESENTATION_CONTEXT() REPRESENTATION_CONTEXT('2D SPACE',''
  ) );
#12541 = PCURVE('',#12542,#12549);
#12542 = SURFACE_OF_LINEAR_EXTRUSION('',#12543,#12547);
#12543 = B_SPLINE_CURVE_WITH_KNOTS('',2,(#12544,#12545,#12546),
  .UNSPECIFIED.,.F.,.F.,(3,3),(0.,1.),.PIECEWISE_BEZIER_KNOTS.);
#12544 = CARTESIAN_POINT('',(114.84692382812,3.592041015625,2.19));
#12545 = CARTESIAN_POINT('',(114.84692382812,3.693115234375,2.19));
#12546 = CARTESIAN_POINT('',(114.78833007812,3.7685546875,2.19));
#12547 = VECTOR('',#12548,1.);
#12548 = DIRECTION('',(-0.,-0.,-1.));
#12549 = DEFINITIONAL_REPRESENTATION('',(#12550),#12559);
#12550 = B_SPLINE_CURVE_WITH_KNOTS('',4,(#12551,#12552,#12553,#12554,
    #12555,#12556,#12557,#12558),.UNSPECIFIED.,.F.,.F.,(5,3,5),(0.,
    0.367835873172,1.),.UNSPECIFIED.);
#12551 = CARTESIAN_POINT('',(1.,-1.E-02));
#12552 = CARTESIAN_POINT('',(0.908065202694,-1.E-02));
#12553 = CARTESIAN_POINT('',(0.816065175383,-1.E-02));
#12554 = CARTESIAN_POINT('',(0.724032447611,-1.E-02));
#12555 = CARTESIAN_POINT('',(0.473832686459,-1.E-02));
#12556 = CARTESIAN_POINT('',(0.315665811492,-1.E-02));
#12557 = CARTESIAN_POINT('',(0.157667716474,-1.E-02));
#12558 = CARTESIAN_POINT('',(0.,-1.E-02));
#12559 = ( GEOMETRIC_REPRESENTATION_CONTEXT(2) 
PARAMETRIC_REPRESENTATION_CONTEXT() REPRESENTATION_CONTEXT('2D SPACE',''
  ) );
#12560 = ORIENTED_EDGE('',*,*,#12561,.T.);
#12561 = EDGE_CURVE('',#12517,#12562,#12564,.T.);
#12562 = VERTEX_POINT('',#12563);
#12563 = CARTESIAN_POINT('',(114.7861328125,3.408203125,2.2));
#12564 = SURFACE_CURVE('',#12565,(#12574,#12586),.PCURVE_S1.);
#12565 = B_SPLINE_CURVE_WITH_KNOTS('',4,(#12566,#12567,#12568,#12569,
    #12570,#12571,#12572,#12573),.UNSPECIFIED.,.F.,.F.,(5,3,5),(0.,
    0.387868823402,1.),.UNSPECIFIED.);
#12566 = CARTESIAN_POINT('',(114.84692382812,3.592041015625,2.2));
#12567 = CARTESIAN_POINT('',(114.84692382812,3.572731567028,2.2));
#12568 = CARTESIAN_POINT('',(114.84540087432,3.55379272953,2.2));
#12569 = CARTESIAN_POINT('',(114.84234972881,3.535233102751,2.2));
#12570 = CARTESIAN_POINT('',(114.83054774043,3.488378431956,2.2));
#12571 = CARTESIAN_POINT('',(114.81952135024,3.460658980626,2.2));
#12572 = CARTESIAN_POINT('',(114.80469994146,3.433928665129,2.2));
#12573 = CARTESIAN_POINT('',(114.7861328125,3.408203125,2.2));
#12574 = PCURVE('',#9166,#12575);
#12575 = DEFINITIONAL_REPRESENTATION('',(#12576),#12585);
#12576 = B_SPLINE_CURVE_WITH_KNOTS('',4,(#12577,#12578,#12579,#12580,
    #12581,#12582,#12583,#12584),.UNSPECIFIED.,.F.,.F.,(5,3,5),(0.,
    0.387868823402,1.),.UNSPECIFIED.);
#12577 = CARTESIAN_POINT('',(-5.153076171875,3.592041015625));
#12578 = CARTESIAN_POINT('',(-5.153076171875,3.572731567028));
#12579 = CARTESIAN_POINT('',(-5.15459912568,3.55379272953));
#12580 = CARTESIAN_POINT('',(-5.157650271185,3.535233102751));
#12581 = CARTESIAN_POINT('',(-5.169452259564,3.488378431956));
#12582 = CARTESIAN_POINT('',(-5.180478649757,3.460658980626));
#12583 = CARTESIAN_POINT('',(-5.195300058537,3.433928665129));
#12584 = CARTESIAN_POINT('',(-5.2138671875,3.408203125));
#12585 = ( GEOMETRIC_REPRESENTATION_CONTEXT(2) 
PARAMETRIC_REPRESENTATION_CONTEXT() REPRESENTATION_CONTEXT('2D SPACE',''
  ) );
#12586 = PCURVE('',#12587,#12594);
#12587 = SURFACE_OF_LINEAR_EXTRUSION('',#12588,#12592);
#12588 = B_SPLINE_CURVE_WITH_KNOTS('',2,(#12589,#12590,#12591),
  .UNSPECIFIED.,.F.,.F.,(3,3),(0.,1.),.PIECEWISE_BEZIER_KNOTS.);
#12589 = CARTESIAN_POINT('',(114.7861328125,3.408203125,2.19));
#12590 = CARTESIAN_POINT('',(114.84692382812,3.492431640625,2.19));
#12591 = CARTESIAN_POINT('',(114.84692382812,3.592041015625,2.19));
#12592 = VECTOR('',#12593,1.);
#12593 = DIRECTION('',(-0.,-0.,-1.));
#12594 = DEFINITIONAL_REPRESENTATION('',(#12595),#12604);
#12595 = B_SPLINE_CURVE_WITH_KNOTS('',4,(#12596,#12597,#12598,#12599,
    #12600,#12601,#12602,#12603),.UNSPECIFIED.,.F.,.F.,(5,3,5),(0.,
    0.387868823402,1.),.UNSPECIFIED.);
#12596 = CARTESIAN_POINT('',(1.,-1.E-02));
#12597 = CARTESIAN_POINT('',(0.903074140375,-1.E-02));
#12598 = CARTESIAN_POINT('',(0.806074419419,-1.E-02));
#12599 = CARTESIAN_POINT('',(0.709037351609,-1.E-02));
#12600 = CARTESIAN_POINT('',(0.458856502429,-1.E-02));
#12601 = CARTESIAN_POINT('',(0.305711977142,-1.E-02));
#12602 = CARTESIAN_POINT('',(0.152712771551,-1.E-02));
#12603 = CARTESIAN_POINT('',(0.,-1.E-02));
#12604 = ( GEOMETRIC_REPRESENTATION_CONTEXT(2) 
PARAMETRIC_REPRESENTATION_CONTEXT() REPRESENTATION_CONTEXT('2D SPACE',''
  ) );
#12605 = ORIENTED_EDGE('',*,*,#12606,.T.);
#12606 = EDGE_CURVE('',#12562,#12607,#12609,.T.);
#12607 = VERTEX_POINT('',#12608);
#12608 = CARTESIAN_POINT('',(114.60083007812,3.275634765625,2.2));
#12609 = SURFACE_CURVE('',#12610,(#12617,#12627),.PCURVE_S1.);
#12610 = B_SPLINE_CURVE_WITH_KNOTS('',5,(#12611,#12612,#12613,#12614,
    #12615,#12616),.UNSPECIFIED.,.F.,.F.,(6,6),(0.,1.),
  .PIECEWISE_BEZIER_KNOTS.);
#12611 = CARTESIAN_POINT('',(114.7861328125,3.408203125,2.2));
#12612 = CARTESIAN_POINT('',(114.76169419989,3.374342396692,2.2));
#12613 = CARTESIAN_POINT('',(114.73083898625,3.344133950935,2.2));
#12614 = CARTESIAN_POINT('',(114.69363105135,3.317625998724,2.2));
#12615 = CARTESIAN_POINT('',(114.6502218805,3.294810406549,2.2));
#12616 = CARTESIAN_POINT('',(114.60083007812,3.275634765625,2.2));
#12617 = PCURVE('',#9166,#12618);
#12618 = DEFINITIONAL_REPRESENTATION('',(#12619),#12626);
#12619 = B_SPLINE_CURVE_WITH_KNOTS('',5,(#12620,#12621,#12622,#12623,
    #12624,#12625),.UNSPECIFIED.,.F.,.F.,(6,6),(0.,1.),
  .PIECEWISE_BEZIER_KNOTS.);
#12620 = CARTESIAN_POINT('',(-5.2138671875,3.408203125));
#12621 = CARTESIAN_POINT('',(-5.238305800105,3.374342396692));
#12622 = CARTESIAN_POINT('',(-5.269161013744,3.344133950935));
#12623 = CARTESIAN_POINT('',(-5.306368948649,3.317625998724));
#12624 = CARTESIAN_POINT('',(-5.349778119496,3.294810406549));
#12625 = CARTESIAN_POINT('',(-5.399169921875,3.275634765625));
#12626 = ( GEOMETRIC_REPRESENTATION_CONTEXT(2) 
PARAMETRIC_REPRESENTATION_CONTEXT() REPRESENTATION_CONTEXT('2D SPACE',''
  ) );
#12627 = PCURVE('',#12628,#12635);
#12628 = SURFACE_OF_LINEAR_EXTRUSION('',#12629,#12633);
#12629 = B_SPLINE_CURVE_WITH_KNOTS('',2,(#12630,#12631,#12632),
  .UNSPECIFIED.,.F.,.F.,(3,3),(0.,1.),.PIECEWISE_BEZIER_KNOTS.);
#12630 = CARTESIAN_POINT('',(114.60083007812,3.275634765625,2.19));
#12631 = CARTESIAN_POINT('',(114.72534179687,3.323974609375,2.19));
#12632 = CARTESIAN_POINT('',(114.7861328125,3.408203125,2.19));
#12633 = VECTOR('',#12634,1.);
#12634 = DIRECTION('',(-0.,-0.,-1.));
#12635 = DEFINITIONAL_REPRESENTATION('',(#12636),#12643);
#12636 = B_SPLINE_CURVE_WITH_KNOTS('',5,(#12637,#12638,#12639,#12640,
    #12641,#12642),.UNSPECIFIED.,.F.,.F.,(6,6),(0.,1.),
  .PIECEWISE_BEZIER_KNOTS.);
#12637 = CARTESIAN_POINT('',(1.,-1.E-02));
#12638 = CARTESIAN_POINT('',(0.798994865001,-1.E-02));
#12639 = CARTESIAN_POINT('',(0.598151525264,-1.E-02));
#12640 = CARTESIAN_POINT('',(0.397825308269,-1.E-02));
#12641 = CARTESIAN_POINT('',(0.198341982888,-1.E-02));
#12642 = CARTESIAN_POINT('',(0.,-1.E-02));
#12643 = ( GEOMETRIC_REPRESENTATION_CONTEXT(2) 
PARAMETRIC_REPRESENTATION_CONTEXT() REPRESENTATION_CONTEXT('2D SPACE',''
  ) );
#12644 = ORIENTED_EDGE('',*,*,#12645,.T.);
#12645 = EDGE_CURVE('',#12607,#12646,#12648,.T.);
#12646 = VERTEX_POINT('',#12647);
#12647 = CARTESIAN_POINT('',(114.31372070312,3.227294921875,2.2));
#12648 = SURFACE_CURVE('',#12649,(#12656,#12666),.PCURVE_S1.);
#12649 = B_SPLINE_CURVE_WITH_KNOTS('',5,(#12650,#12651,#12652,#12653,
    #12654,#12655),.UNSPECIFIED.,.F.,.F.,(6,6),(0.,1.),
  .PIECEWISE_BEZIER_KNOTS.);
#12650 = CARTESIAN_POINT('',(114.60083007812,3.275634765625,2.2));
#12651 = CARTESIAN_POINT('',(114.55068612712,3.256167114059,2.2));
#12652 = CARTESIAN_POINT('',(114.49679455749,3.241643415495,2.2));
#12653 = CARTESIAN_POINT('',(114.43924968388,3.232042576984,2.2));
#12654 = CARTESIAN_POINT('',(114.37817637806,3.227294921875,2.2));
#12655 = CARTESIAN_POINT('',(114.31372070312,3.227294921875,2.2));
#12656 = PCURVE('',#9166,#12657);
#12657 = DEFINITIONAL_REPRESENTATION('',(#12658),#12665);
#12658 = B_SPLINE_CURVE_WITH_KNOTS('',5,(#12659,#12660,#12661,#12662,
    #12663,#12664),.UNSPECIFIED.,.F.,.F.,(6,6),(0.,1.),
  .PIECEWISE_BEZIER_KNOTS.);
#12659 = CARTESIAN_POINT('',(-5.399169921875,3.275634765625));
#12660 = CARTESIAN_POINT('',(-5.449313872879,3.256167114059));
#12661 = CARTESIAN_POINT('',(-5.503205442507,3.241643415495));
#12662 = CARTESIAN_POINT('',(-5.560750316113,3.232042576984));
#12663 = CARTESIAN_POINT('',(-5.621823621937,3.227294921875));
#12664 = CARTESIAN_POINT('',(-5.686279296875,3.227294921875));
#12665 = ( GEOMETRIC_REPRESENTATION_CONTEXT(2) 
PARAMETRIC_REPRESENTATION_CONTEXT() REPRESENTATION_CONTEXT('2D SPACE',''
  ) );
#12666 = PCURVE('',#12667,#12674);
#12667 = SURFACE_OF_LINEAR_EXTRUSION('',#12668,#12672);
#12668 = B_SPLINE_CURVE_WITH_KNOTS('',2,(#12669,#12670,#12671),
  .UNSPECIFIED.,.F.,.F.,(3,3),(0.,1.),.PIECEWISE_BEZIER_KNOTS.);
#12669 = CARTESIAN_POINT('',(114.31372070312,3.227294921875,2.19));
#12670 = CARTESIAN_POINT('',(114.47631835937,3.227294921875,2.19));
#12671 = CARTESIAN_POINT('',(114.60083007812,3.275634765625,2.19));
#12672 = VECTOR('',#12673,1.);
#12673 = DIRECTION('',(-0.,-0.,-1.));
#12674 = DEFINITIONAL_REPRESENTATION('',(#12675),#12682);
#12675 = B_SPLINE_CURVE_WITH_KNOTS('',5,(#12676,#12677,#12678,#12679,
    #12680,#12681),.UNSPECIFIED.,.F.,.F.,(6,6),(0.,1.),
  .PIECEWISE_BEZIER_KNOTS.);
#12676 = CARTESIAN_POINT('',(1.,-1.E-02));
#12677 = CARTESIAN_POINT('',(0.798637624205,-1.E-02));
#12678 = CARTESIAN_POINT('',(0.597729181995,-1.E-02));
#12679 = CARTESIAN_POINT('',(0.397513594278,-1.E-02));
#12680 = CARTESIAN_POINT('',(0.198206039449,-1.E-02));
#12681 = CARTESIAN_POINT('',(0.,-1.E-02));
#12682 = ( GEOMETRIC_REPRESENTATION_CONTEXT(2) 
PARAMETRIC_REPRESENTATION_CONTEXT() REPRESENTATION_CONTEXT('2D SPACE',''
  ) );
#12683 = ORIENTED_EDGE('',*,*,#12684,.T.);
#12684 = EDGE_CURVE('',#12646,#12685,#12687,.T.);
#12685 = VERTEX_POINT('',#12686);
#12686 = CARTESIAN_POINT('',(113.98413085937,3.291015625,2.2));
#12687 = SURFACE_CURVE('',#12688,(#12695,#12705),.PCURVE_S1.);
#12688 = B_SPLINE_CURVE_WITH_KNOTS('',5,(#12689,#12690,#12691,#12692,
    #12693,#12694),.UNSPECIFIED.,.F.,.F.,(6,6),(0.,1.),
  .PIECEWISE_BEZIER_KNOTS.);
#12689 = CARTESIAN_POINT('',(114.31372070312,3.227294921875,2.2));
#12690 = CARTESIAN_POINT('',(114.24111571915,3.227294921875,2.2));
#12691 = CARTESIAN_POINT('',(114.17168279524,3.233556597819,2.2));
#12692 = CARTESIAN_POINT('',(114.10560933459,3.246227135769,2.2));
#12693 = CARTESIAN_POINT('',(114.04305312279,3.26538444041,2.2));
#12694 = CARTESIAN_POINT('',(113.98413085937,3.291015625,2.2));
#12695 = PCURVE('',#9166,#12696);
#12696 = DEFINITIONAL_REPRESENTATION('',(#12697),#12704);
#12697 = B_SPLINE_CURVE_WITH_KNOTS('',5,(#12698,#12699,#12700,#12701,
    #12702,#12703),.UNSPECIFIED.,.F.,.F.,(6,6),(0.,1.),
  .PIECEWISE_BEZIER_KNOTS.);
#12698 = CARTESIAN_POINT('',(-5.686279296875,3.227294921875));
#12699 = CARTESIAN_POINT('',(-5.758884280844,3.227294921875));
#12700 = CARTESIAN_POINT('',(-5.828317204753,3.233556597819));
#12701 = CARTESIAN_POINT('',(-5.894390665409,3.246227135769));
#12702 = CARTESIAN_POINT('',(-5.956946877201,3.26538444041));
#12703 = CARTESIAN_POINT('',(-6.015869140625,3.291015625));
#12704 = ( GEOMETRIC_REPRESENTATION_CONTEXT(2) 
PARAMETRIC_REPRESENTATION_CONTEXT() REPRESENTATION_CONTEXT('2D SPACE',''
  ) );
#12705 = PCURVE('',#12706,#12713);
#12706 = SURFACE_OF_LINEAR_EXTRUSION('',#12707,#12711);
#12707 = B_SPLINE_CURVE_WITH_KNOTS('',2,(#12708,#12709,#12710),
  .UNSPECIFIED.,.F.,.F.,(3,3),(0.,1.),.PIECEWISE_BEZIER_KNOTS.);
#12708 = CARTESIAN_POINT('',(113.98413085937,3.291015625,2.19));
#12709 = CARTESIAN_POINT('',(114.13061523437,3.227294921875,2.19));
#12710 = CARTESIAN_POINT('',(114.31372070312,3.227294921875,2.19));
#12711 = VECTOR('',#12712,1.);
#12712 = DIRECTION('',(-0.,-0.,-1.));
#12713 = DEFINITIONAL_REPRESENTATION('',(#12714),#12721);
#12714 = B_SPLINE_CURVE_WITH_KNOTS('',5,(#12715,#12716,#12717,#12718,
    #12719,#12720),.UNSPECIFIED.,.F.,.F.,(6,6),(0.,1.),
  .PIECEWISE_BEZIER_KNOTS.);
#12715 = CARTESIAN_POINT('',(1.,-1.E-02));
#12716 = CARTESIAN_POINT('',(0.801739990443,-1.E-02));
#12717 = CARTESIAN_POINT('',(0.602315066808,-1.E-02));
#12718 = CARTESIAN_POINT('',(0.402005978503,-1.E-02));
#12719 = CARTESIAN_POINT('',(0.201121325821,-1.E-02));
#12720 = CARTESIAN_POINT('',(0.,-1.E-02));
#12721 = ( GEOMETRIC_REPRESENTATION_CONTEXT(2) 
PARAMETRIC_REPRESENTATION_CONTEXT() REPRESENTATION_CONTEXT('2D SPACE',''
  ) );
#12722 = ORIENTED_EDGE('',*,*,#12723,.T.);
#12723 = EDGE_CURVE('',#12685,#12724,#12726,.T.);
#12724 = VERTEX_POINT('',#12725);
#12725 = CARTESIAN_POINT('',(113.76806640625,3.4580078125,2.2));
#12726 = SURFACE_CURVE('',#12727,(#12734,#12744),.PCURVE_S1.);
#12727 = B_SPLINE_CURVE_WITH_KNOTS('',5,(#12728,#12729,#12730,#12731,
    #12732,#12733),.UNSPECIFIED.,.F.,.F.,(6,6),(0.,1.),
  .PIECEWISE_BEZIER_KNOTS.);
#12728 = CARTESIAN_POINT('',(113.98413085937,3.291015625,2.2));
#12729 = CARTESIAN_POINT('',(113.92620703448,3.316212488826,2.2));
#12730 = CARTESIAN_POINT('',(113.87534265382,3.345472923101,2.2));
#12731 = CARTESIAN_POINT('',(113.83188810585,3.378869253596,2.2));
#12732 = CARTESIAN_POINT('',(113.79609422842,3.416408623796,2.2));
#12733 = CARTESIAN_POINT('',(113.76806640625,3.4580078125,2.2));
#12734 = PCURVE('',#9166,#12735);
#12735 = DEFINITIONAL_REPRESENTATION('',(#12736),#12743);
#12736 = B_SPLINE_CURVE_WITH_KNOTS('',5,(#12737,#12738,#12739,#12740,
    #12741,#12742),.UNSPECIFIED.,.F.,.F.,(6,6),(0.,1.),
  .PIECEWISE_BEZIER_KNOTS.);
#12737 = CARTESIAN_POINT('',(-6.015869140625,3.291015625));
#12738 = CARTESIAN_POINT('',(-6.073792965512,3.316212488826));
#12739 = CARTESIAN_POINT('',(-6.124657346175,3.345472923101));
#12740 = CARTESIAN_POINT('',(-6.168111894147,3.378869253596));
#12741 = CARTESIAN_POINT('',(-6.203905771574,3.416408623796));
#12742 = CARTESIAN_POINT('',(-6.23193359375,3.4580078125));
#12743 = ( GEOMETRIC_REPRESENTATION_CONTEXT(2) 
PARAMETRIC_REPRESENTATION_CONTEXT() REPRESENTATION_CONTEXT('2D SPACE',''
  ) );
#12744 = PCURVE('',#12745,#12752);
#12745 = SURFACE_OF_LINEAR_EXTRUSION('',#12746,#12750);
#12746 = B_SPLINE_CURVE_WITH_KNOTS('',2,(#12747,#12748,#12749),
  .UNSPECIFIED.,.F.,.F.,(3,3),(0.,1.),.PIECEWISE_BEZIER_KNOTS.);
#12747 = CARTESIAN_POINT('',(113.76806640625,3.4580078125,2.19));
#12748 = CARTESIAN_POINT('',(113.83764648437,3.354736328125,2.19));
#12749 = CARTESIAN_POINT('',(113.98413085937,3.291015625,2.19));
#12750 = VECTOR('',#12751,1.);
#12751 = DIRECTION('',(-0.,-0.,-1.));
#12752 = DEFINITIONAL_REPRESENTATION('',(#12753),#12760);
#12753 = B_SPLINE_CURVE_WITH_KNOTS('',5,(#12754,#12755,#12756,#12757,
    #12758,#12759),.UNSPECIFIED.,.F.,.F.,(6,6),(0.,1.),
  .PIECEWISE_BEZIER_KNOTS.);
#12754 = CARTESIAN_POINT('',(1.,-1.E-02));
#12755 = CARTESIAN_POINT('',(0.802286677718,-1.E-02));
#12756 = CARTESIAN_POINT('',(0.603016426521,-1.E-02));
#12757 = CARTESIAN_POINT('',(0.402577127486,-1.E-02));
#12758 = CARTESIAN_POINT('',(0.201406946726,-1.E-02));
#12759 = CARTESIAN_POINT('',(0.,-1.E-02));
#12760 = ( GEOMETRIC_REPRESENTATION_CONTEXT(2) 
PARAMETRIC_REPRESENTATION_CONTEXT() REPRESENTATION_CONTEXT('2D SPACE',''
  ) );
#12761 = ORIENTED_EDGE('',*,*,#12762,.T.);
#12762 = EDGE_CURVE('',#12724,#11298,#12763,.T.);
#12763 = SURFACE_CURVE('',#12764,(#12771,#12781),.PCURVE_S1.);
#12764 = B_SPLINE_CURVE_WITH_KNOTS('',5,(#12765,#12766,#12767,#12768,
    #12769,#12770),.UNSPECIFIED.,.F.,.F.,(6,6),(0.,1.),
  .PIECEWISE_BEZIER_KNOTS.);
#12765 = CARTESIAN_POINT('',(113.76806640625,3.4580078125,2.2));
#12766 = CARTESIAN_POINT('',(113.74000389746,3.499658483429,2.2));
#12767 = CARTESIAN_POINT('',(113.71714423871,3.547094911174,2.2));
#12768 = CARTESIAN_POINT('',(113.69949312328,3.600183273241,2.2));
#12769 = CARTESIAN_POINT('',(113.68697174726,3.658710365716,2.2));
#12770 = CARTESIAN_POINT('',(113.67944335937,3.722412109375,2.2));
#12771 = PCURVE('',#9166,#12772);
#12772 = DEFINITIONAL_REPRESENTATION('',(#12773),#12780);
#12773 = B_SPLINE_CURVE_WITH_KNOTS('',5,(#12774,#12775,#12776,#12777,
    #12778,#12779),.UNSPECIFIED.,.F.,.F.,(6,6),(0.,1.),
  .PIECEWISE_BEZIER_KNOTS.);
#12774 = CARTESIAN_POINT('',(-6.23193359375,3.4580078125));
#12775 = CARTESIAN_POINT('',(-6.259996102532,3.499658483429));
#12776 = CARTESIAN_POINT('',(-6.282855761287,3.547094911174));
#12777 = CARTESIAN_POINT('',(-6.300506876717,3.600183273241));
#12778 = CARTESIAN_POINT('',(-6.313028252738,3.658710365716));
#12779 = CARTESIAN_POINT('',(-6.320556640625,3.722412109375));
#12780 = ( GEOMETRIC_REPRESENTATION_CONTEXT(2) 
PARAMETRIC_REPRESENTATION_CONTEXT() REPRESENTATION_CONTEXT('2D SPACE',''
  ) );
#12781 = PCURVE('',#12782,#12789);
#12782 = SURFACE_OF_LINEAR_EXTRUSION('',#12783,#12787);
#12783 = B_SPLINE_CURVE_WITH_KNOTS('',2,(#12784,#12785,#12786),
  .UNSPECIFIED.,.F.,.F.,(3,3),(0.,1.),.PIECEWISE_BEZIER_KNOTS.);
#12784 = CARTESIAN_POINT('',(113.67944335937,3.722412109375,2.19));
#12785 = CARTESIAN_POINT('',(113.69848632812,3.561279296875,2.19));
#12786 = CARTESIAN_POINT('',(113.76806640625,3.4580078125,2.19));
#12787 = VECTOR('',#12788,1.);
#12788 = DIRECTION('',(-0.,-0.,-1.));
#12789 = DEFINITIONAL_REPRESENTATION('',(#12790),#12797);
#12790 = B_SPLINE_CURVE_WITH_KNOTS('',5,(#12791,#12792,#12793,#12794,
    #12795,#12796),.UNSPECIFIED.,.F.,.F.,(6,6),(0.,1.),
  .PIECEWISE_BEZIER_KNOTS.);
#12791 = CARTESIAN_POINT('',(1.,-1.E-02));
#12792 = CARTESIAN_POINT('',(0.798343796541,-1.E-02));
#12793 = CARTESIAN_POINT('',(0.597155324397,-1.E-02));
#12794 = CARTESIAN_POINT('',(0.396818163589,-1.E-02));
#12795 = CARTESIAN_POINT('',(0.197668440931,-1.E-02));
#12796 = CARTESIAN_POINT('',(0.,-1.E-02));
#12797 = ( GEOMETRIC_REPRESENTATION_CONTEXT(2) 
PARAMETRIC_REPRESENTATION_CONTEXT() REPRESENTATION_CONTEXT('2D SPACE',''
  ) );
#12798 = ADVANCED_FACE('',(#12799),#9194,.T.);
#12799 = FACE_BOUND('',#12800,.F.);
#12800 = EDGE_LOOP('',(#12801,#12802,#12803,#12824));
#12801 = ORIENTED_EDGE('',*,*,#10983,.F.);
#12802 = ORIENTED_EDGE('',*,*,#9178,.T.);
#12803 = ORIENTED_EDGE('',*,*,#12804,.T.);
#12804 = EDGE_CURVE('',#9179,#9447,#12805,.T.);
#12805 = SURFACE_CURVE('',#12806,(#12810,#12817),.PCURVE_S1.);
#12806 = LINE('',#12807,#12808);
#12807 = CARTESIAN_POINT('',(139.,2.4,15.));
#12808 = VECTOR('',#12809,1.);
#12809 = DIRECTION('',(-1.,-0.,-0.));
#12810 = PCURVE('',#9194,#12811);
#12811 = DEFINITIONAL_REPRESENTATION('',(#12812),#12816);
#12812 = LINE('',#12813,#12814);
#12813 = CARTESIAN_POINT('',(-3.5,58.));
#12814 = VECTOR('',#12815,1.);
#12815 = DIRECTION('',(-0.,1.));
#12816 = ( GEOMETRIC_REPRESENTATION_CONTEXT(2) 
PARAMETRIC_REPRESENTATION_CONTEXT() REPRESENTATION_CONTEXT('2D SPACE',''
  ) );
#12817 = PCURVE('',#9221,#12818);
#12818 = DEFINITIONAL_REPRESENTATION('',(#12819),#12823);
#12819 = LINE('',#12820,#12821);
#12820 = CARTESIAN_POINT('',(-0.,0.));
#12821 = VECTOR('',#12822,1.);
#12822 = DIRECTION('',(-0.,-1.));
#12823 = ( GEOMETRIC_REPRESENTATION_CONTEXT(2) 
PARAMETRIC_REPRESENTATION_CONTEXT() REPRESENTATION_CONTEXT('2D SPACE',''
  ) );
#12824 = ORIENTED_EDGE('',*,*,#9446,.T.);
#12825 = ADVANCED_FACE('',(#12826),#9221,.F.);
#12826 = FACE_BOUND('',#12827,.T.);
#12827 = EDGE_LOOP('',(#12828,#12829,#12830,#12831,#12832,#12833));
#12828 = ORIENTED_EDGE('',*,*,#9256,.F.);
#12829 = ORIENTED_EDGE('',*,*,#9205,.T.);
#12830 = ORIENTED_EDGE('',*,*,#12804,.T.);
#12831 = ORIENTED_EDGE('',*,*,#9470,.T.);
#12832 = ORIENTED_EDGE('',*,*,#10577,.F.);
#12833 = ORIENTED_EDGE('',*,*,#12834,.F.);
#12834 = EDGE_CURVE('',#9257,#10578,#12835,.T.);
#12835 = SURFACE_CURVE('',#12836,(#12840,#12847),.PCURVE_S1.);
#12836 = LINE('',#12837,#12838);
#12837 = CARTESIAN_POINT('',(106.,4.4,17.));
#12838 = VECTOR('',#12839,1.);
#12839 = DIRECTION('',(0.,-0.707106781187,-0.707106781187));
#12840 = PCURVE('',#9221,#12841);
#12841 = DEFINITIONAL_REPRESENTATION('',(#12842),#12846);
#12842 = LINE('',#12843,#12844);
#12843 = CARTESIAN_POINT('',(-2.828427124746,-33.));
#12844 = VECTOR('',#12845,1.);
#12845 = DIRECTION('',(1.,-0.));
#12846 = ( GEOMETRIC_REPRESENTATION_CONTEXT(2) 
PARAMETRIC_REPRESENTATION_CONTEXT() REPRESENTATION_CONTEXT('2D SPACE',''
  ) );
#12847 = PCURVE('',#9337,#12848);
#12848 = DEFINITIONAL_REPRESENTATION('',(#12849),#12853);
#12849 = LINE('',#12850,#12851);
#12850 = CARTESIAN_POINT('',(-17.,-4.2));
#12851 = VECTOR('',#12852,1.);
#12852 = DIRECTION('',(0.707106781187,0.707106781187));
#12853 = ( GEOMETRIC_REPRESENTATION_CONTEXT(2) 
PARAMETRIC_REPRESENTATION_CONTEXT() REPRESENTATION_CONTEXT('2D SPACE',''
  ) );
#12854 = ADVANCED_FACE('',(#12855),#9337,.F.);
#12855 = FACE_BOUND('',#12856,.T.);
#12856 = EDGE_LOOP('',(#12857,#12878,#12879,#12880,#12881,#12882,#12905,
    #12932,#12952));
#12857 = ORIENTED_EDGE('',*,*,#12858,.T.);
#12858 = EDGE_CURVE('',#10133,#10736,#12859,.T.);
#12859 = SURFACE_CURVE('',#12860,(#12864,#12871),.PCURVE_S1.);
#12860 = LINE('',#12861,#12862);
#12861 = CARTESIAN_POINT('',(106.,6.4,17.5));
#12862 = VECTOR('',#12863,1.);
#12863 = DIRECTION('',(0.,-1.,0.));
#12864 = PCURVE('',#9337,#12865);
#12865 = DEFINITIONAL_REPRESENTATION('',(#12866),#12870);
#12866 = LINE('',#12867,#12868);
#12867 = CARTESIAN_POINT('',(-17.5,-6.2));
#12868 = VECTOR('',#12869,1.);
#12869 = DIRECTION('',(-0.,1.));
#12870 = ( GEOMETRIC_REPRESENTATION_CONTEXT(2) 
PARAMETRIC_REPRESENTATION_CONTEXT() REPRESENTATION_CONTEXT('2D SPACE',''
  ) );
#12871 = PCURVE('',#10171,#12872);
#12872 = DEFINITIONAL_REPRESENTATION('',(#12873),#12877);
#12873 = LINE('',#12874,#12875);
#12874 = CARTESIAN_POINT('',(0.,6.2));
#12875 = VECTOR('',#12876,1.);
#12876 = DIRECTION('',(-0.,-1.));
#12877 = ( GEOMETRIC_REPRESENTATION_CONTEXT(2) 
PARAMETRIC_REPRESENTATION_CONTEXT() REPRESENTATION_CONTEXT('2D SPACE',''
  ) );
#12878 = ORIENTED_EDGE('',*,*,#10756,.F.);
#12879 = ORIENTED_EDGE('',*,*,#9323,.F.);
#12880 = ORIENTED_EDGE('',*,*,#12834,.T.);
#12881 = ORIENTED_EDGE('',*,*,#10598,.F.);
#12882 = ORIENTED_EDGE('',*,*,#12883,.T.);
#12883 = EDGE_CURVE('',#10599,#12884,#12886,.T.);
#12884 = VERTEX_POINT('',#12885);
#12885 = CARTESIAN_POINT('',(106.,4.75,11.5));
#12886 = SURFACE_CURVE('',#12887,(#12891,#12898),.PCURVE_S1.);
#12887 = LINE('',#12888,#12889);
#12888 = CARTESIAN_POINT('',(106.,2.4,11.5));
#12889 = VECTOR('',#12890,1.);
#12890 = DIRECTION('',(0.,1.,0.));
#12891 = PCURVE('',#9337,#12892);
#12892 = DEFINITIONAL_REPRESENTATION('',(#12893),#12897);
#12893 = LINE('',#12894,#12895);
#12894 = CARTESIAN_POINT('',(-11.5,-2.2));
#12895 = VECTOR('',#12896,1.);
#12896 = DIRECTION('',(-0.,-1.));
#12897 = ( GEOMETRIC_REPRESENTATION_CONTEXT(2) 
PARAMETRIC_REPRESENTATION_CONTEXT() REPRESENTATION_CONTEXT('2D SPACE',''
  ) );
#12898 = PCURVE('',#10634,#12899);
#12899 = DEFINITIONAL_REPRESENTATION('',(#12900),#12904);
#12900 = LINE('',#12901,#12902);
#12901 = CARTESIAN_POINT('',(-91.,3.4));
#12902 = VECTOR('',#12903,1.);
#12903 = DIRECTION('',(0.,1.));
#12904 = ( GEOMETRIC_REPRESENTATION_CONTEXT(2) 
PARAMETRIC_REPRESENTATION_CONTEXT() REPRESENTATION_CONTEXT('2D SPACE',''
  ) );
#12905 = ORIENTED_EDGE('',*,*,#12906,.T.);
#12906 = EDGE_CURVE('',#12884,#12907,#12909,.T.);
#12907 = VERTEX_POINT('',#12908);
#12908 = CARTESIAN_POINT('',(106.,4.75,9.669));
#12909 = SURFACE_CURVE('',#12910,(#12914,#12921),.PCURVE_S1.);
#12910 = LINE('',#12911,#12912);
#12911 = CARTESIAN_POINT('',(106.,4.75,8.75));
#12912 = VECTOR('',#12913,1.);
#12913 = DIRECTION('',(0.,0.,-1.));
#12914 = PCURVE('',#9337,#12915);
#12915 = DEFINITIONAL_REPRESENTATION('',(#12916),#12920);
#12916 = LINE('',#12917,#12918);
#12917 = CARTESIAN_POINT('',(-8.75,-4.55));
#12918 = VECTOR('',#12919,1.);
#12919 = DIRECTION('',(1.,-0.));
#12920 = ( GEOMETRIC_REPRESENTATION_CONTEXT(2) 
PARAMETRIC_REPRESENTATION_CONTEXT() REPRESENTATION_CONTEXT('2D SPACE',''
  ) );
#12921 = PCURVE('',#12922,#12927);
#12922 = PLANE('',#12923);
#12923 = AXIS2_PLACEMENT_3D('',#12924,#12925,#12926);
#12924 = CARTESIAN_POINT('',(98.,4.75,17.5));
#12925 = DIRECTION('',(0.,1.,0.));
#12926 = DIRECTION('',(0.,-0.,1.));
#12927 = DEFINITIONAL_REPRESENTATION('',(#12928),#12931);
#12928 = B_SPLINE_CURVE_WITH_KNOTS('',1,(#12929,#12930),.UNSPECIFIED.,
  .F.,.F.,(2,2),(-2.75,6.55),.PIECEWISE_BEZIER_KNOTS.);
#12929 = CARTESIAN_POINT('',(-6.,8.));
#12930 = CARTESIAN_POINT('',(-15.3,8.));
#12931 = ( GEOMETRIC_REPRESENTATION_CONTEXT(2) 
PARAMETRIC_REPRESENTATION_CONTEXT() REPRESENTATION_CONTEXT('2D SPACE',''
  ) );
#12932 = ORIENTED_EDGE('',*,*,#12933,.T.);
#12933 = EDGE_CURVE('',#12907,#10105,#12934,.T.);
#12934 = SURFACE_CURVE('',#12935,(#12939,#12946),.PCURVE_S1.);
#12935 = LINE('',#12936,#12937);
#12936 = CARTESIAN_POINT('',(106.,4.8,9.669));
#12937 = VECTOR('',#12938,1.);
#12938 = DIRECTION('',(-0.,1.,0.));
#12939 = PCURVE('',#9337,#12940);
#12940 = DEFINITIONAL_REPRESENTATION('',(#12941),#12945);
#12941 = LINE('',#12942,#12943);
#12942 = CARTESIAN_POINT('',(-9.669,-4.6));
#12943 = VECTOR('',#12944,1.);
#12944 = DIRECTION('',(-0.,-1.));
#12945 = ( GEOMETRIC_REPRESENTATION_CONTEXT(2) 
PARAMETRIC_REPRESENTATION_CONTEXT() REPRESENTATION_CONTEXT('2D SPACE',''
  ) );
#12946 = PCURVE('',#10120,#12947);
#12947 = DEFINITIONAL_REPRESENTATION('',(#12948),#12951);
#12948 = B_SPLINE_CURVE_WITH_KNOTS('',1,(#12949,#12950),.UNSPECIFIED.,
  .F.,.F.,(2,2),(-0.3,1.6),.PIECEWISE_BEZIER_KNOTS.);
#12949 = CARTESIAN_POINT('',(-7.692557507097,-1.9));
#12950 = CARTESIAN_POINT('',(-7.692557507097,0.));
#12951 = ( GEOMETRIC_REPRESENTATION_CONTEXT(2) 
PARAMETRIC_REPRESENTATION_CONTEXT() REPRESENTATION_CONTEXT('2D SPACE',''
  ) );
#12952 = ORIENTED_EDGE('',*,*,#10132,.T.);
#12953 = ADVANCED_FACE('',(#12954),#9548,.T.);
#12954 = FACE_BOUND('',#12955,.F.);
#12955 = EDGE_LOOP('',(#12956,#12957,#12958,#12959));
#12956 = ORIENTED_EDGE('',*,*,#9759,.F.);
#12957 = ORIENTED_EDGE('',*,*,#9665,.T.);
#12958 = ORIENTED_EDGE('',*,*,#9532,.F.);
#12959 = ORIENTED_EDGE('',*,*,#12960,.F.);
#12960 = EDGE_CURVE('',#9760,#9533,#12961,.T.);
#12961 = SURFACE_CURVE('',#12962,(#12966,#12973),.PCURVE_S1.);
#12962 = LINE('',#12963,#12964);
#12963 = CARTESIAN_POINT('',(105.9,-5.E-02,2.2));
#12964 = VECTOR('',#12965,1.);
#12965 = DIRECTION('',(-0.,1.,0.));
#12966 = PCURVE('',#9548,#12967);
#12967 = DEFINITIONAL_REPRESENTATION('',(#12968),#12972);
#12968 = LINE('',#12969,#12970);
#12969 = CARTESIAN_POINT('',(-14.1,-5.E-02));
#12970 = VECTOR('',#12971,1.);
#12971 = DIRECTION('',(0.,1.));
#12972 = ( GEOMETRIC_REPRESENTATION_CONTEXT(2) 
PARAMETRIC_REPRESENTATION_CONTEXT() REPRESENTATION_CONTEXT('2D SPACE',''
  ) );
#12973 = PCURVE('',#9576,#12974);
#12974 = DEFINITIONAL_REPRESENTATION('',(#12975),#12978);
#12975 = B_SPLINE_CURVE_WITH_KNOTS('',1,(#12976,#12977),.UNSPECIFIED.,
  .F.,.F.,(2,2),(9.4,26.05),.PIECEWISE_BEZIER_KNOTS.);
#12976 = CARTESIAN_POINT('',(-3.2,-9.45));
#12977 = CARTESIAN_POINT('',(-3.2,-26.1));
#12978 = ( GEOMETRIC_REPRESENTATION_CONTEXT(2) 
PARAMETRIC_REPRESENTATION_CONTEXT() REPRESENTATION_CONTEXT('2D SPACE',''
  ) );
#12979 = ADVANCED_FACE('',(#12980),#9576,.T.);
#12980 = FACE_BOUND('',#12981,.F.);
#12981 = EDGE_LOOP('',(#12982,#12983,#13002,#13003));
#12982 = ORIENTED_EDGE('',*,*,#9560,.F.);
#12983 = ORIENTED_EDGE('',*,*,#12984,.T.);
#12984 = EDGE_CURVE('',#9561,#9781,#12985,.T.);
#12985 = SURFACE_CURVE('',#12986,(#12990,#12996),.PCURVE_S1.);
#12986 = LINE('',#12987,#12988);
#12987 = CARTESIAN_POINT('',(105.9,-0.55,11.5));
#12988 = VECTOR('',#12989,1.);
#12989 = DIRECTION('',(0.,-1.,0.));
#12990 = PCURVE('',#9576,#12991);
#12991 = DEFINITIONAL_REPRESENTATION('',(#12992),#12995);
#12992 = B_SPLINE_CURVE_WITH_KNOTS('',1,(#12993,#12994),.UNSPECIFIED.,
  .F.,.F.,(2,2),(-26.55,-9.9),.PIECEWISE_BEZIER_KNOTS.);
#12993 = CARTESIAN_POINT('',(-12.5,-26.1));
#12994 = CARTESIAN_POINT('',(-12.5,-9.45));
#12995 = ( GEOMETRIC_REPRESENTATION_CONTEXT(2) 
PARAMETRIC_REPRESENTATION_CONTEXT() REPRESENTATION_CONTEXT('2D SPACE',''
  ) );
#12996 = PCURVE('',#9603,#12997);
#12997 = DEFINITIONAL_REPRESENTATION('',(#12998),#13001);
#12998 = B_SPLINE_CURVE_WITH_KNOTS('',1,(#12999,#13000),.UNSPECIFIED.,
  .F.,.F.,(2,2),(-26.55,-9.9),.PIECEWISE_BEZIER_KNOTS.);
#12999 = CARTESIAN_POINT('',(-91.1,27.));
#13000 = CARTESIAN_POINT('',(-91.1,10.35));
#13001 = ( GEOMETRIC_REPRESENTATION_CONTEXT(2) 
PARAMETRIC_REPRESENTATION_CONTEXT() REPRESENTATION_CONTEXT('2D SPACE',''
  ) );
#13002 = ORIENTED_EDGE('',*,*,#9780,.F.);
#13003 = ORIENTED_EDGE('',*,*,#12960,.T.);
#13004 = ADVANCED_FACE('',(#13005),#9603,.T.);
#13005 = FACE_BOUND('',#13006,.F.);
#13006 = EDGE_LOOP('',(#13007,#13008,#13009,#13030));
#13007 = ORIENTED_EDGE('',*,*,#12984,.F.);
#13008 = ORIENTED_EDGE('',*,*,#9587,.T.);
#13009 = ORIENTED_EDGE('',*,*,#13010,.F.);
#13010 = EDGE_CURVE('',#9802,#9588,#13011,.T.);
#13011 = SURFACE_CURVE('',#13012,(#13016,#13023),.PCURVE_S1.);
#13012 = LINE('',#13013,#13014);
#13013 = CARTESIAN_POINT('',(106.5,0.7,11.5));
#13014 = VECTOR('',#13015,1.);
#13015 = DIRECTION('',(-0.,1.,-0.));
#13016 = PCURVE('',#9603,#13017);
#13017 = DEFINITIONAL_REPRESENTATION('',(#13018),#13022);
#13018 = LINE('',#13019,#13020);
#13019 = CARTESIAN_POINT('',(-90.5,1.7));
#13020 = VECTOR('',#13021,1.);
#13021 = DIRECTION('',(-0.,1.));
#13022 = ( GEOMETRIC_REPRESENTATION_CONTEXT(2) 
PARAMETRIC_REPRESENTATION_CONTEXT() REPRESENTATION_CONTEXT('2D SPACE',''
  ) );
#13023 = PCURVE('',#9630,#13024);
#13024 = DEFINITIONAL_REPRESENTATION('',(#13025),#13029);
#13025 = LINE('',#13026,#13027);
#13026 = CARTESIAN_POINT('',(-9.3,1.7));
#13027 = VECTOR('',#13028,1.);
#13028 = DIRECTION('',(-0.,-1.));
#13029 = ( GEOMETRIC_REPRESENTATION_CONTEXT(2) 
PARAMETRIC_REPRESENTATION_CONTEXT() REPRESENTATION_CONTEXT('2D SPACE',''
  ) );
#13030 = ORIENTED_EDGE('',*,*,#9801,.F.);
#13031 = ADVANCED_FACE('',(#13032),#9630,.F.);
#13032 = FACE_BOUND('',#13033,.T.);
#13033 = EDGE_LOOP('',(#13034,#13035,#13036,#13037));
#13034 = ORIENTED_EDGE('',*,*,#9822,.F.);
#13035 = ORIENTED_EDGE('',*,*,#10801,.T.);
#13036 = ORIENTED_EDGE('',*,*,#9614,.T.);
#13037 = ORIENTED_EDGE('',*,*,#13010,.F.);
#13038 = ADVANCED_FACE('',(#13039),#10200,.T.);
#13039 = FACE_BOUND('',#13040,.T.);
#13040 = EDGE_LOOP('',(#13041,#13065,#13086,#13087));
#13041 = ORIENTED_EDGE('',*,*,#13042,.F.);
#13042 = EDGE_CURVE('',#13043,#10293,#13045,.T.);
#13043 = VERTEX_POINT('',#13044);
#13044 = CARTESIAN_POINT('',(102.5,6.,17.5));
#13045 = SURFACE_CURVE('',#13046,(#13051,#13058),.PCURVE_S1.);
#13046 = CIRCLE('',#13047,4.5);
#13047 = AXIS2_PLACEMENT_3D('',#13048,#13049,#13050);
#13048 = CARTESIAN_POINT('',(98.,6.,17.5));
#13049 = DIRECTION('',(0.,-1.,0.));
#13050 = DIRECTION('',(1.,0.,0.));
#13051 = PCURVE('',#10200,#13052);
#13052 = DEFINITIONAL_REPRESENTATION('',(#13053),#13057);
#13053 = LINE('',#13054,#13055);
#13054 = CARTESIAN_POINT('',(7.853981633974,0.));
#13055 = VECTOR('',#13056,1.);
#13056 = DIRECTION('',(-1.,-0.));
#13057 = ( GEOMETRIC_REPRESENTATION_CONTEXT(2) 
PARAMETRIC_REPRESENTATION_CONTEXT() REPRESENTATION_CONTEXT('2D SPACE',''
  ) );
#13058 = PCURVE('',#10330,#13059);
#13059 = DEFINITIONAL_REPRESENTATION('',(#13060),#13064);
#13060 = LINE('',#13061,#13062);
#13061 = CARTESIAN_POINT('',(7.853981633974,2.8));
#13062 = VECTOR('',#13063,1.);
#13063 = DIRECTION('',(-1.,-0.));
#13064 = ( GEOMETRIC_REPRESENTATION_CONTEXT(2) 
PARAMETRIC_REPRESENTATION_CONTEXT() REPRESENTATION_CONTEXT('2D SPACE',''
  ) );
#13065 = ORIENTED_EDGE('',*,*,#13066,.T.);
#13066 = EDGE_CURVE('',#13043,#10156,#13067,.T.);
#13067 = SURFACE_CURVE('',#13068,(#13073,#13079),.PCURVE_S1.);
#13068 = CIRCLE('',#13069,0.4);
#13069 = AXIS2_PLACEMENT_3D('',#13070,#13071,#13072);
#13070 = CARTESIAN_POINT('',(102.1,6.,17.5));
#13071 = DIRECTION('',(0.,-0.,1.));
#13072 = DIRECTION('',(0.,-1.,-0.));
#13073 = PCURVE('',#10200,#13074);
#13074 = DEFINITIONAL_REPRESENTATION('',(#13075),#13078);
#13075 = B_SPLINE_CURVE_WITH_KNOTS('',1,(#13076,#13077),.UNSPECIFIED.,
  .F.,.F.,(2,2),(1.570796326795,3.14159265359),
  .PIECEWISE_BEZIER_KNOTS.);
#13076 = CARTESIAN_POINT('',(7.853981633974,0.));
#13077 = CARTESIAN_POINT('',(7.853981633974,1.570796326795));
#13078 = ( GEOMETRIC_REPRESENTATION_CONTEXT(2) 
PARAMETRIC_REPRESENTATION_CONTEXT() REPRESENTATION_CONTEXT('2D SPACE',''
  ) );
#13079 = PCURVE('',#10171,#13080);
#13080 = DEFINITIONAL_REPRESENTATION('',(#13081),#13085);
#13081 = CIRCLE('',#13082,0.4);
#13082 = AXIS2_PLACEMENT_2D('',#13083,#13084);
#13083 = CARTESIAN_POINT('',(-3.9,5.8));
#13084 = DIRECTION('',(-0.,-1.));
#13085 = ( GEOMETRIC_REPRESENTATION_CONTEXT(2) 
PARAMETRIC_REPRESENTATION_CONTEXT() REPRESENTATION_CONTEXT('2D SPACE',''
  ) );
#13086 = ORIENTED_EDGE('',*,*,#10183,.F.);
#13087 = ORIENTED_EDGE('',*,*,#10292,.T.);
#13088 = ADVANCED_FACE('',(#13089),#10120,.T.);
#13089 = FACE_BOUND('',#13090,.F.);
#13090 = EDGE_LOOP('',(#13091,#13092,#13093,#13116,#13137,#13156));
#13091 = ORIENTED_EDGE('',*,*,#10104,.F.);
#13092 = ORIENTED_EDGE('',*,*,#10958,.F.);
#13093 = ORIENTED_EDGE('',*,*,#13094,.T.);
#13094 = EDGE_CURVE('',#10933,#13095,#13097,.T.);
#13095 = VERTEX_POINT('',#13096);
#13096 = CARTESIAN_POINT('',(106.5,3.2,7.5915));
#13097 = SURFACE_CURVE('',#13098,(#13102,#13109),.PCURVE_S1.);
#13098 = LINE('',#13099,#13100);
#13099 = CARTESIAN_POINT('',(107.8,3.2,2.19));
#13100 = VECTOR('',#13101,1.);
#13101 = DIRECTION('',(-0.233992400881,-0.,0.97223842566));
#13102 = PCURVE('',#10120,#13103);
#13103 = DEFINITIONAL_REPRESENTATION('',(#13104),#13108);
#13104 = LINE('',#13105,#13106);
#13105 = CARTESIAN_POINT('',(-0.,-3.2));
#13106 = VECTOR('',#13107,1.);
#13107 = DIRECTION('',(-1.,0.));
#13108 = ( GEOMETRIC_REPRESENTATION_CONTEXT(2) 
PARAMETRIC_REPRESENTATION_CONTEXT() REPRESENTATION_CONTEXT('2D SPACE',''
  ) );
#13109 = PCURVE('',#10947,#13110);
#13110 = DEFINITIONAL_REPRESENTATION('',(#13111),#13115);
#13111 = LINE('',#13112,#13113);
#13112 = CARTESIAN_POINT('',(3.714321529749,-1.440678470251));
#13113 = VECTOR('',#13114,1.);
#13114 = DIRECTION('',(-0.97223842566,0.233992400881));
#13115 = ( GEOMETRIC_REPRESENTATION_CONTEXT(2) 
PARAMETRIC_REPRESENTATION_CONTEXT() REPRESENTATION_CONTEXT('2D SPACE',''
  ) );
#13116 = ORIENTED_EDGE('',*,*,#13117,.T.);
#13117 = EDGE_CURVE('',#13095,#13118,#13120,.T.);
#13118 = VERTEX_POINT('',#13119);
#13119 = CARTESIAN_POINT('',(106.5,4.75,7.5915));
#13120 = SURFACE_CURVE('',#13121,(#13125,#13131),.PCURVE_S1.);
#13121 = LINE('',#13122,#13123);
#13122 = CARTESIAN_POINT('',(106.5,4.4,7.5915));
#13123 = VECTOR('',#13124,1.);
#13124 = DIRECTION('',(-0.,1.,0.));
#13125 = PCURVE('',#10120,#13126);
#13126 = DEFINITIONAL_REPRESENTATION('',(#13127),#13130);
#13127 = B_SPLINE_CURVE_WITH_KNOTS('',1,(#13128,#13129),.UNSPECIFIED.,
  .F.,.F.,(2,2),(-1.2,0.35),.PIECEWISE_BEZIER_KNOTS.);
#13128 = CARTESIAN_POINT('',(-5.555735977348,-3.2));
#13129 = CARTESIAN_POINT('',(-5.555735977348,-1.65));
#13130 = ( GEOMETRIC_REPRESENTATION_CONTEXT(2) 
PARAMETRIC_REPRESENTATION_CONTEXT() REPRESENTATION_CONTEXT('2D SPACE',''
  ) );
#13131 = PCURVE('',#10660,#13132);
#13132 = DEFINITIONAL_REPRESENTATION('',(#13133),#13136);
#13133 = B_SPLINE_CURVE_WITH_KNOTS('',1,(#13134,#13135),.UNSPECIFIED.,
  .F.,.F.,(2,2),(-1.2,0.35),.PIECEWISE_BEZIER_KNOTS.);
#13134 = CARTESIAN_POINT('',(-5.3915,-0.8));
#13135 = CARTESIAN_POINT('',(-5.3915,-2.35));
#13136 = ( GEOMETRIC_REPRESENTATION_CONTEXT(2) 
PARAMETRIC_REPRESENTATION_CONTEXT() REPRESENTATION_CONTEXT('2D SPACE',''
  ) );
#13137 = ORIENTED_EDGE('',*,*,#13138,.T.);
#13138 = EDGE_CURVE('',#13118,#12907,#13139,.T.);
#13139 = SURFACE_CURVE('',#13140,(#13144,#13150),.PCURVE_S1.);
#13140 = LINE('',#13141,#13142);
#13141 = CARTESIAN_POINT('',(105.79022805761,4.75,10.540602420606));
#13142 = VECTOR('',#13143,1.);
#13143 = DIRECTION('',(-0.233992400881,0.,0.97223842566));
#13144 = PCURVE('',#10120,#13145);
#13145 = DEFINITIONAL_REPRESENTATION('',(#13146),#13149);
#13146 = B_SPLINE_CURVE_WITH_KNOTS('',1,(#13147,#13148),.UNSPECIFIED.,
  .F.,.F.,(2,2),(-3.033311935396,-0.896490405647),
  .PIECEWISE_BEZIER_KNOTS.);
#13147 = CARTESIAN_POINT('',(-5.555735977348,-1.65));
#13148 = CARTESIAN_POINT('',(-7.692557507097,-1.65));
#13149 = ( GEOMETRIC_REPRESENTATION_CONTEXT(2) 
PARAMETRIC_REPRESENTATION_CONTEXT() REPRESENTATION_CONTEXT('2D SPACE',''
  ) );
#13150 = PCURVE('',#12922,#13151);
#13151 = DEFINITIONAL_REPRESENTATION('',(#13152),#13155);
#13152 = B_SPLINE_CURVE_WITH_KNOTS('',1,(#13153,#13154),.UNSPECIFIED.,
  .F.,.F.,(2,2),(-3.033311935396,-0.896490405647),
  .PIECEWISE_BEZIER_KNOTS.);
#13153 = CARTESIAN_POINT('',(-9.9085,8.5));
#13154 = CARTESIAN_POINT('',(-7.831,8.));
#13155 = ( GEOMETRIC_REPRESENTATION_CONTEXT(2) 
PARAMETRIC_REPRESENTATION_CONTEXT() REPRESENTATION_CONTEXT('2D SPACE',''
  ) );
#13156 = ORIENTED_EDGE('',*,*,#12933,.T.);
#13157 = ADVANCED_FACE('',(#13158),#10171,.T.);
#13158 = FACE_BOUND('',#13159,.F.);
#13159 = EDGE_LOOP('',(#13160,#13180,#13181,#13204,#13224,#13225,#13226,
    #13227));
#13160 = ORIENTED_EDGE('',*,*,#13161,.F.);
#13161 = EDGE_CURVE('',#10422,#10715,#13162,.T.);
#13162 = SURFACE_CURVE('',#13163,(#13167,#13174),.PCURVE_S1.);
#13163 = LINE('',#13164,#13165);
#13164 = CARTESIAN_POINT('',(105.9,5.E-02,17.5));
#13165 = VECTOR('',#13166,1.);
#13166 = DIRECTION('',(0.,-1.,0.));
#13167 = PCURVE('',#10171,#13168);
#13168 = DEFINITIONAL_REPRESENTATION('',(#13169),#13173);
#13169 = LINE('',#13170,#13171);
#13170 = CARTESIAN_POINT('',(-9.999999999999E-02,-0.15));
#13171 = VECTOR('',#13172,1.);
#13172 = DIRECTION('',(-0.,-1.));
#13173 = ( GEOMETRIC_REPRESENTATION_CONTEXT(2) 
PARAMETRIC_REPRESENTATION_CONTEXT() REPRESENTATION_CONTEXT('2D SPACE',''
  ) );
#13174 = PCURVE('',#10437,#13175);
#13175 = DEFINITIONAL_REPRESENTATION('',(#13176),#13179);
#13176 = B_SPLINE_CURVE_WITH_KNOTS('',1,(#13177,#13178),.UNSPECIFIED.,
  .F.,.F.,(2,2),(-4.45,-0.15),.PIECEWISE_BEZIER_KNOTS.);
#13177 = CARTESIAN_POINT('',(-18.5,-4.6));
#13178 = CARTESIAN_POINT('',(-18.5,-0.3));
#13179 = ( GEOMETRIC_REPRESENTATION_CONTEXT(2) 
PARAMETRIC_REPRESENTATION_CONTEXT() REPRESENTATION_CONTEXT('2D SPACE',''
  ) );
#13180 = ORIENTED_EDGE('',*,*,#10449,.T.);
#13181 = ORIENTED_EDGE('',*,*,#13182,.T.);
#13182 = EDGE_CURVE('',#10450,#13183,#13185,.T.);
#13183 = VERTEX_POINT('',#13184);
#13184 = CARTESIAN_POINT('',(102.5,3.6,17.5));
#13185 = SURFACE_CURVE('',#13186,(#13191,#13198),.PCURVE_S1.);
#13186 = CIRCLE('',#13187,0.4);
#13187 = AXIS2_PLACEMENT_3D('',#13188,#13189,#13190);
#13188 = CARTESIAN_POINT('',(102.1,3.6,17.5));
#13189 = DIRECTION('',(0.,-0.,1.));
#13190 = DIRECTION('',(0.,-1.,-0.));
#13191 = PCURVE('',#10171,#13192);
#13192 = DEFINITIONAL_REPRESENTATION('',(#13193),#13197);
#13193 = CIRCLE('',#13194,0.4);
#13194 = AXIS2_PLACEMENT_2D('',#13195,#13196);
#13195 = CARTESIAN_POINT('',(-3.9,3.4));
#13196 = DIRECTION('',(-0.,-1.));
#13197 = ( GEOMETRIC_REPRESENTATION_CONTEXT(2) 
PARAMETRIC_REPRESENTATION_CONTEXT() REPRESENTATION_CONTEXT('2D SPACE',''
  ) );
#13198 = PCURVE('',#10356,#13199);
#13199 = DEFINITIONAL_REPRESENTATION('',(#13200),#13203);
#13200 = B_SPLINE_CURVE_WITH_KNOTS('',1,(#13201,#13202),.UNSPECIFIED.,
  .F.,.F.,(2,2),(0.,1.570796326795),.PIECEWISE_BEZIER_KNOTS.);
#13201 = CARTESIAN_POINT('',(-7.853981633974,1.570796326795));
#13202 = CARTESIAN_POINT('',(-7.853981633974,0.));
#13203 = ( GEOMETRIC_REPRESENTATION_CONTEXT(2) 
PARAMETRIC_REPRESENTATION_CONTEXT() REPRESENTATION_CONTEXT('2D SPACE',''
  ) );
#13204 = ORIENTED_EDGE('',*,*,#13205,.T.);
#13205 = EDGE_CURVE('',#13183,#13043,#13206,.T.);
#13206 = SURFACE_CURVE('',#13207,(#13211,#13218),.PCURVE_S1.);
#13207 = LINE('',#13208,#13209);
#13208 = CARTESIAN_POINT('',(102.5,3.2,17.5));
#13209 = VECTOR('',#13210,1.);
#13210 = DIRECTION('',(0.,1.,0.));
#13211 = PCURVE('',#10171,#13212);
#13212 = DEFINITIONAL_REPRESENTATION('',(#13213),#13217);
#13213 = LINE('',#13214,#13215);
#13214 = CARTESIAN_POINT('',(-3.5,3.));
#13215 = VECTOR('',#13216,1.);
#13216 = DIRECTION('',(0.,1.));
#13217 = ( GEOMETRIC_REPRESENTATION_CONTEXT(2) 
PARAMETRIC_REPRESENTATION_CONTEXT() REPRESENTATION_CONTEXT('2D SPACE',''
  ) );
#13218 = PCURVE('',#10330,#13219);
#13219 = DEFINITIONAL_REPRESENTATION('',(#13220),#13223);
#13220 = B_SPLINE_CURVE_WITH_KNOTS('',1,(#13221,#13222),.UNSPECIFIED.,
  .F.,.F.,(2,2),(0.4,2.8),.PIECEWISE_BEZIER_KNOTS.);
#13221 = CARTESIAN_POINT('',(7.853981633974,0.4));
#13222 = CARTESIAN_POINT('',(7.853981633974,2.8));
#13223 = ( GEOMETRIC_REPRESENTATION_CONTEXT(2) 
PARAMETRIC_REPRESENTATION_CONTEXT() REPRESENTATION_CONTEXT('2D SPACE',''
  ) );
#13224 = ORIENTED_EDGE('',*,*,#13066,.T.);
#13225 = ORIENTED_EDGE('',*,*,#10155,.F.);
#13226 = ORIENTED_EDGE('',*,*,#12858,.T.);
#13227 = ORIENTED_EDGE('',*,*,#10735,.F.);
#13228 = ADVANCED_FACE('',(#13229),#10252,.F.);
#13229 = FACE_BOUND('',#13230,.F.);
#13230 = EDGE_LOOP('',(#13231,#13232,#13253,#13254));
#13231 = ORIENTED_EDGE('',*,*,#10235,.F.);
#13232 = ORIENTED_EDGE('',*,*,#13233,.F.);
#13233 = EDGE_CURVE('',#10502,#10236,#13234,.T.);
#13234 = SEAM_CURVE('',#13235,(#13239,#13246),.PCURVE_S1.);
#13235 = LINE('',#13236,#13237);
#13236 = CARTESIAN_POINT('',(98.,3.18,18.475));
#13237 = VECTOR('',#13238,1.);
#13238 = DIRECTION('',(0.,1.,0.));
#13239 = PCURVE('',#10252,#13240);
#13240 = DEFINITIONAL_REPRESENTATION('',(#13241),#13245);
#13241 = LINE('',#13242,#13243);
#13242 = CARTESIAN_POINT('',(6.28318530718,-0.));
#13243 = VECTOR('',#13244,1.);
#13244 = DIRECTION('',(0.,1.));
#13245 = ( GEOMETRIC_REPRESENTATION_CONTEXT(2) 
PARAMETRIC_REPRESENTATION_CONTEXT() REPRESENTATION_CONTEXT('2D SPACE',''
  ) );
#13246 = PCURVE('',#10252,#13247);
#13247 = DEFINITIONAL_REPRESENTATION('',(#13248),#13252);
#13248 = LINE('',#13249,#13250);
#13249 = CARTESIAN_POINT('',(0.,-0.));
#13250 = VECTOR('',#13251,1.);
#13251 = DIRECTION('',(0.,1.));
#13252 = ( GEOMETRIC_REPRESENTATION_CONTEXT(2) 
PARAMETRIC_REPRESENTATION_CONTEXT() REPRESENTATION_CONTEXT('2D SPACE',''
  ) );
#13253 = ORIENTED_EDGE('',*,*,#10501,.T.);
#13254 = ORIENTED_EDGE('',*,*,#13233,.T.);
#13255 = ADVANCED_FACE('',(#13256),#10356,.T.);
#13256 = FACE_BOUND('',#13257,.F.);
#13257 = EDGE_LOOP('',(#13258,#13280,#13281,#13282));
#13258 = ORIENTED_EDGE('',*,*,#13259,.F.);
#13259 = EDGE_CURVE('',#13183,#10316,#13260,.T.);
#13260 = SURFACE_CURVE('',#13261,(#13266,#13273),.PCURVE_S1.);
#13261 = CIRCLE('',#13262,4.5);
#13262 = AXIS2_PLACEMENT_3D('',#13263,#13264,#13265);
#13263 = CARTESIAN_POINT('',(98.,3.6,17.5));
#13264 = DIRECTION('',(0.,-1.,0.));
#13265 = DIRECTION('',(1.,0.,0.));
#13266 = PCURVE('',#10356,#13267);
#13267 = DEFINITIONAL_REPRESENTATION('',(#13268),#13272);
#13268 = LINE('',#13269,#13270);
#13269 = CARTESIAN_POINT('',(-7.853981633974,0.));
#13270 = VECTOR('',#13271,1.);
#13271 = DIRECTION('',(1.,-0.));
#13272 = ( GEOMETRIC_REPRESENTATION_CONTEXT(2) 
PARAMETRIC_REPRESENTATION_CONTEXT() REPRESENTATION_CONTEXT('2D SPACE',''
  ) );
#13273 = PCURVE('',#10330,#13274);
#13274 = DEFINITIONAL_REPRESENTATION('',(#13275),#13279);
#13275 = LINE('',#13276,#13277);
#13276 = CARTESIAN_POINT('',(7.853981633974,0.4));
#13277 = VECTOR('',#13278,1.);
#13278 = DIRECTION('',(-1.,-0.));
#13279 = ( GEOMETRIC_REPRESENTATION_CONTEXT(2) 
PARAMETRIC_REPRESENTATION_CONTEXT() REPRESENTATION_CONTEXT('2D SPACE',''
  ) );
#13280 = ORIENTED_EDGE('',*,*,#13182,.F.);
#13281 = ORIENTED_EDGE('',*,*,#10472,.T.);
#13282 = ORIENTED_EDGE('',*,*,#10341,.F.);
#13283 = ADVANCED_FACE('',(#13284),#10330,.T.);
#13284 = FACE_BOUND('',#13285,.T.);
#13285 = EDGE_LOOP('',(#13286,#13287,#13288,#13289));
#13286 = ORIENTED_EDGE('',*,*,#13259,.F.);
#13287 = ORIENTED_EDGE('',*,*,#13205,.T.);
#13288 = ORIENTED_EDGE('',*,*,#13042,.T.);
#13289 = ORIENTED_EDGE('',*,*,#10315,.F.);
#13290 = ADVANCED_FACE('',(#13291),#10410,.T.);
#13291 = FACE_BOUND('',#13292,.F.);
#13292 = EDGE_LOOP('',(#13293,#13313,#13314,#13315));
#13293 = ORIENTED_EDGE('',*,*,#13294,.F.);
#13294 = EDGE_CURVE('',#10694,#10395,#13295,.T.);
#13295 = SURFACE_CURVE('',#13296,(#13300,#13307),.PCURVE_S1.);
#13296 = LINE('',#13297,#13298);
#13297 = CARTESIAN_POINT('',(105.9,-5.E-02,2.2));
#13298 = VECTOR('',#13299,1.);
#13299 = DIRECTION('',(-0.,1.,0.));
#13300 = PCURVE('',#10410,#13301);
#13301 = DEFINITIONAL_REPRESENTATION('',(#13302),#13306);
#13302 = LINE('',#13303,#13304);
#13303 = CARTESIAN_POINT('',(-14.1,-5.E-02));
#13304 = VECTOR('',#13305,1.);
#13305 = DIRECTION('',(0.,1.));
#13306 = ( GEOMETRIC_REPRESENTATION_CONTEXT(2) 
PARAMETRIC_REPRESENTATION_CONTEXT() REPRESENTATION_CONTEXT('2D SPACE',''
  ) );
#13307 = PCURVE('',#10437,#13308);
#13308 = DEFINITIONAL_REPRESENTATION('',(#13309),#13312);
#13309 = B_SPLINE_CURVE_WITH_KNOTS('',1,(#13310,#13311),.UNSPECIFIED.,
  .F.,.F.,(2,2),(5.E-02,4.8),.PIECEWISE_BEZIER_KNOTS.);
#13310 = CARTESIAN_POINT('',(-3.2,-0.1));
#13311 = CARTESIAN_POINT('',(-3.2,-4.85));
#13312 = ( GEOMETRIC_REPRESENTATION_CONTEXT(2) 
PARAMETRIC_REPRESENTATION_CONTEXT() REPRESENTATION_CONTEXT('2D SPACE',''
  ) );
#13313 = ORIENTED_EDGE('',*,*,#10693,.F.);
#13314 = ORIENTED_EDGE('',*,*,#10528,.T.);
#13315 = ORIENTED_EDGE('',*,*,#10394,.F.);
#13316 = ADVANCED_FACE('',(#13317),#10437,.T.);
#13317 = FACE_BOUND('',#13318,.F.);
#13318 = EDGE_LOOP('',(#13319,#13320,#13321,#13322));
#13319 = ORIENTED_EDGE('',*,*,#10714,.F.);
#13320 = ORIENTED_EDGE('',*,*,#13294,.T.);
#13321 = ORIENTED_EDGE('',*,*,#10421,.F.);
#13322 = ORIENTED_EDGE('',*,*,#13161,.T.);
#13323 = ADVANCED_FACE('',(#13324),#10660,.F.);
#13324 = FACE_BOUND('',#13325,.T.);
#13325 = EDGE_LOOP('',(#13326,#13327,#13328,#13347,#13348,#13369));
#13326 = ORIENTED_EDGE('',*,*,#10645,.F.);
#13327 = ORIENTED_EDGE('',*,*,#10909,.T.);
#13328 = ORIENTED_EDGE('',*,*,#13329,.F.);
#13329 = EDGE_CURVE('',#13095,#10910,#13330,.T.);
#13330 = SURFACE_CURVE('',#13331,(#13335,#13341),.PCURVE_S1.);
#13331 = LINE('',#13332,#13333);
#13332 = CARTESIAN_POINT('',(106.5,3.2,4.052160764875));
#13333 = VECTOR('',#13334,1.);
#13334 = DIRECTION('',(0.,0.,-1.));
#13335 = PCURVE('',#10660,#13336);
#13336 = DEFINITIONAL_REPRESENTATION('',(#13337),#13340);
#13337 = B_SPLINE_CURVE_WITH_KNOTS('',1,(#13338,#13339),.UNSPECIFIED.,
  .F.,.F.,(2,2),(-6.447839235125,1.852160764875),
  .PIECEWISE_BEZIER_KNOTS.);
#13338 = CARTESIAN_POINT('',(-8.3,-0.8));
#13339 = CARTESIAN_POINT('',(0.,-0.8));
#13340 = ( GEOMETRIC_REPRESENTATION_CONTEXT(2) 
PARAMETRIC_REPRESENTATION_CONTEXT() REPRESENTATION_CONTEXT('2D SPACE',''
  ) );
#13341 = PCURVE('',#10947,#13342);
#13342 = DEFINITIONAL_REPRESENTATION('',(#13343),#13346);
#13343 = B_SPLINE_CURVE_WITH_KNOTS('',1,(#13344,#13345),.UNSPECIFIED.,
  .F.,.F.,(2,2),(-6.447839235125,1.852160764875),
  .PIECEWISE_BEZIER_KNOTS.);
#13344 = CARTESIAN_POINT('',(-4.595678470251,-0.140678470251));
#13345 = CARTESIAN_POINT('',(3.704321529749,-0.140678470251));
#13346 = ( GEOMETRIC_REPRESENTATION_CONTEXT(2) 
PARAMETRIC_REPRESENTATION_CONTEXT() REPRESENTATION_CONTEXT('2D SPACE',''
  ) );
#13347 = ORIENTED_EDGE('',*,*,#13117,.T.);
#13348 = ORIENTED_EDGE('',*,*,#13349,.T.);
#13349 = EDGE_CURVE('',#13118,#13350,#13352,.T.);
#13350 = VERTEX_POINT('',#13351);
#13351 = CARTESIAN_POINT('',(106.5,4.75,11.5));
#13352 = SURFACE_CURVE('',#13353,(#13357,#13363),.PCURVE_S1.);
#13353 = LINE('',#13354,#13355);
#13354 = CARTESIAN_POINT('',(106.5,4.75,9.85));
#13355 = VECTOR('',#13356,1.);
#13356 = DIRECTION('',(0.,0.,1.));
#13357 = PCURVE('',#10660,#13358);
#13358 = DEFINITIONAL_REPRESENTATION('',(#13359),#13362);
#13359 = B_SPLINE_CURVE_WITH_KNOTS('',1,(#13360,#13361),.UNSPECIFIED.,
  .F.,.F.,(2,2),(-7.65,1.65),.PIECEWISE_BEZIER_KNOTS.);
#13360 = CARTESIAN_POINT('',(0.,-2.35));
#13361 = CARTESIAN_POINT('',(-9.3,-2.35));
#13362 = ( GEOMETRIC_REPRESENTATION_CONTEXT(2) 
PARAMETRIC_REPRESENTATION_CONTEXT() REPRESENTATION_CONTEXT('2D SPACE',''
  ) );
#13363 = PCURVE('',#12922,#13364);
#13364 = DEFINITIONAL_REPRESENTATION('',(#13365),#13368);
#13365 = B_SPLINE_CURVE_WITH_KNOTS('',1,(#13366,#13367),.UNSPECIFIED.,
  .F.,.F.,(2,2),(-7.65,1.65),.PIECEWISE_BEZIER_KNOTS.);
#13366 = CARTESIAN_POINT('',(-15.3,8.5));
#13367 = CARTESIAN_POINT('',(-6.,8.5));
#13368 = ( GEOMETRIC_REPRESENTATION_CONTEXT(2) 
PARAMETRIC_REPRESENTATION_CONTEXT() REPRESENTATION_CONTEXT('2D SPACE',''
  ) );
#13369 = ORIENTED_EDGE('',*,*,#13370,.F.);
#13370 = EDGE_CURVE('',#10620,#13350,#13371,.T.);
#13371 = SURFACE_CURVE('',#13372,(#13376,#13383),.PCURVE_S1.);
#13372 = LINE('',#13373,#13374);
#13373 = CARTESIAN_POINT('',(106.5,0.7,11.5));
#13374 = VECTOR('',#13375,1.);
#13375 = DIRECTION('',(-0.,1.,-0.));
#13376 = PCURVE('',#10660,#13377);
#13377 = DEFINITIONAL_REPRESENTATION('',(#13378),#13382);
#13378 = LINE('',#13379,#13380);
#13379 = CARTESIAN_POINT('',(-9.3,1.7));
#13380 = VECTOR('',#13381,1.);
#13381 = DIRECTION('',(-0.,-1.));
#13382 = ( GEOMETRIC_REPRESENTATION_CONTEXT(2) 
PARAMETRIC_REPRESENTATION_CONTEXT() REPRESENTATION_CONTEXT('2D SPACE',''
  ) );
#13383 = PCURVE('',#10634,#13384);
#13384 = DEFINITIONAL_REPRESENTATION('',(#13385),#13389);
#13385 = LINE('',#13386,#13387);
#13386 = CARTESIAN_POINT('',(-90.5,1.7));
#13387 = VECTOR('',#13388,1.);
#13388 = DIRECTION('',(-0.,1.));
#13389 = ( GEOMETRIC_REPRESENTATION_CONTEXT(2) 
PARAMETRIC_REPRESENTATION_CONTEXT() REPRESENTATION_CONTEXT('2D SPACE',''
  ) );
#13390 = ADVANCED_FACE('',(#13391),#10634,.T.);
#13391 = FACE_BOUND('',#13392,.F.);
#13392 = EDGE_LOOP('',(#13393,#13394,#13395,#13414));
#13393 = ORIENTED_EDGE('',*,*,#10619,.F.);
#13394 = ORIENTED_EDGE('',*,*,#12883,.T.);
#13395 = ORIENTED_EDGE('',*,*,#13396,.T.);
#13396 = EDGE_CURVE('',#12884,#13350,#13397,.T.);
#13397 = SURFACE_CURVE('',#13398,(#13402,#13408),.PCURVE_S1.);
#13398 = LINE('',#13399,#13400);
#13399 = CARTESIAN_POINT('',(147.5,4.75,11.5));
#13400 = VECTOR('',#13401,1.);
#13401 = DIRECTION('',(1.,-0.,0.));
#13402 = PCURVE('',#10634,#13403);
#13403 = DEFINITIONAL_REPRESENTATION('',(#13404),#13407);
#13404 = B_SPLINE_CURVE_WITH_KNOTS('',1,(#13405,#13406),.UNSPECIFIED.,
  .F.,.F.,(2,2),(-49.3,-41.),.PIECEWISE_BEZIER_KNOTS.);
#13405 = CARTESIAN_POINT('',(-98.8,5.75));
#13406 = CARTESIAN_POINT('',(-90.5,5.75));
#13407 = ( GEOMETRIC_REPRESENTATION_CONTEXT(2) 
PARAMETRIC_REPRESENTATION_CONTEXT() REPRESENTATION_CONTEXT('2D SPACE',''
  ) );
#13408 = PCURVE('',#12922,#13409);
#13409 = DEFINITIONAL_REPRESENTATION('',(#13410),#13413);
#13410 = B_SPLINE_CURVE_WITH_KNOTS('',1,(#13411,#13412),.UNSPECIFIED.,
  .F.,.F.,(2,2),(-49.3,-41.),.PIECEWISE_BEZIER_KNOTS.);
#13411 = CARTESIAN_POINT('',(-6.,0.2));
#13412 = CARTESIAN_POINT('',(-6.,8.5));
#13413 = ( GEOMETRIC_REPRESENTATION_CONTEXT(2) 
PARAMETRIC_REPRESENTATION_CONTEXT() REPRESENTATION_CONTEXT('2D SPACE',''
  ) );
#13414 = ORIENTED_EDGE('',*,*,#13370,.F.);
#13415 = ADVANCED_FACE('',(#13416),#10947,.F.);
#13416 = FACE_BOUND('',#13417,.T.);
#13417 = EDGE_LOOP('',(#13418,#13419,#13420));
#13418 = ORIENTED_EDGE('',*,*,#13094,.T.);
#13419 = ORIENTED_EDGE('',*,*,#13329,.T.);
#13420 = ORIENTED_EDGE('',*,*,#10932,.F.);
#13421 = ADVANCED_FACE('',(#13422),#11024,.T.);
#13422 = FACE_BOUND('',#13423,.T.);
#13423 = EDGE_LOOP('',(#13424,#13425,#13448,#13476));
#13424 = ORIENTED_EDGE('',*,*,#11007,.F.);
#13425 = ORIENTED_EDGE('',*,*,#13426,.T.);
#13426 = EDGE_CURVE('',#11008,#13427,#13429,.T.);
#13427 = VERTEX_POINT('',#13428);
#13428 = CARTESIAN_POINT('',(116.39526367187,5.165283203125,2.69));
#13429 = SURFACE_CURVE('',#13430,(#13434,#13441),.PCURVE_S1.);
#13430 = LINE('',#13431,#13432);
#13431 = CARTESIAN_POINT('',(116.39526367187,5.165283203125,2.19));
#13432 = VECTOR('',#13433,1.);
#13433 = DIRECTION('',(0.,0.,1.));
#13434 = PCURVE('',#11024,#13435);
#13435 = DEFINITIONAL_REPRESENTATION('',(#13436),#13440);
#13436 = LINE('',#13437,#13438);
#13437 = CARTESIAN_POINT('',(0.,0.));
#13438 = VECTOR('',#13439,1.);
#13439 = DIRECTION('',(0.,-1.));
#13440 = ( GEOMETRIC_REPRESENTATION_CONTEXT(2) 
PARAMETRIC_REPRESENTATION_CONTEXT() REPRESENTATION_CONTEXT('2D SPACE',''
  ) );
#13441 = PCURVE('',#11050,#13442);
#13442 = DEFINITIONAL_REPRESENTATION('',(#13443),#13447);
#13443 = LINE('',#13444,#13445);
#13444 = CARTESIAN_POINT('',(0.169921875,0.));
#13445 = VECTOR('',#13446,1.);
#13446 = DIRECTION('',(0.,-1.));
#13447 = ( GEOMETRIC_REPRESENTATION_CONTEXT(2) 
PARAMETRIC_REPRESENTATION_CONTEXT() REPRESENTATION_CONTEXT('2D SPACE',''
  ) );
#13448 = ORIENTED_EDGE('',*,*,#13449,.T.);
#13449 = EDGE_CURVE('',#13427,#13450,#13452,.T.);
#13450 = VERTEX_POINT('',#13451);
#13451 = CARTESIAN_POINT('',(116.39526367187,3.009033203125,2.69));
#13452 = SURFACE_CURVE('',#13453,(#13457,#13464),.PCURVE_S1.);
#13453 = LINE('',#13454,#13455);
#13454 = CARTESIAN_POINT('',(116.39526367187,5.165283203125,2.69));
#13455 = VECTOR('',#13456,1.);
#13456 = DIRECTION('',(0.,-1.,0.));
#13457 = PCURVE('',#11024,#13458);
#13458 = DEFINITIONAL_REPRESENTATION('',(#13459),#13463);
#13459 = LINE('',#13460,#13461);
#13460 = CARTESIAN_POINT('',(0.,-0.5));
#13461 = VECTOR('',#13462,1.);
#13462 = DIRECTION('',(1.,0.));
#13463 = ( GEOMETRIC_REPRESENTATION_CONTEXT(2) 
PARAMETRIC_REPRESENTATION_CONTEXT() REPRESENTATION_CONTEXT('2D SPACE',''
  ) );
#13464 = PCURVE('',#13465,#13470);
#13465 = PLANE('',#13466);
#13466 = AXIS2_PLACEMENT_3D('',#13467,#13468,#13469);
#13467 = CARTESIAN_POINT('',(115.27758789062,3.009033203125,2.69));
#13468 = DIRECTION('',(0.,0.,1.));
#13469 = DIRECTION('',(1.,0.,0.));
#13470 = DEFINITIONAL_REPRESENTATION('',(#13471),#13475);
#13471 = LINE('',#13472,#13473);
#13472 = CARTESIAN_POINT('',(1.11767578125,2.15625));
#13473 = VECTOR('',#13474,1.);
#13474 = DIRECTION('',(0.,-1.));
#13475 = ( GEOMETRIC_REPRESENTATION_CONTEXT(2) 
PARAMETRIC_REPRESENTATION_CONTEXT() REPRESENTATION_CONTEXT('2D SPACE',''
  ) );
#13476 = ORIENTED_EDGE('',*,*,#13477,.F.);
#13477 = EDGE_CURVE('',#11010,#13450,#13478,.T.);
#13478 = SURFACE_CURVE('',#13479,(#13483,#13490),.PCURVE_S1.);
#13479 = LINE('',#13480,#13481);
#13480 = CARTESIAN_POINT('',(116.39526367187,3.009033203125,2.19));
#13481 = VECTOR('',#13482,1.);
#13482 = DIRECTION('',(0.,0.,1.));
#13483 = PCURVE('',#11024,#13484);
#13484 = DEFINITIONAL_REPRESENTATION('',(#13485),#13489);
#13485 = LINE('',#13486,#13487);
#13486 = CARTESIAN_POINT('',(2.15625,0.));
#13487 = VECTOR('',#13488,1.);
#13488 = DIRECTION('',(0.,-1.));
#13489 = ( GEOMETRIC_REPRESENTATION_CONTEXT(2) 
PARAMETRIC_REPRESENTATION_CONTEXT() REPRESENTATION_CONTEXT('2D SPACE',''
  ) );
#13490 = PCURVE('',#11282,#13491);
#13491 = DEFINITIONAL_REPRESENTATION('',(#13492),#13496);
#13492 = LINE('',#13493,#13494);
#13493 = CARTESIAN_POINT('',(0.,-0.));
#13494 = VECTOR('',#13495,1.);
#13495 = DIRECTION('',(0.,-1.));
#13496 = ( GEOMETRIC_REPRESENTATION_CONTEXT(2) 
PARAMETRIC_REPRESENTATION_CONTEXT() REPRESENTATION_CONTEXT('2D SPACE',''
  ) );
#13497 = ADVANCED_FACE('',(#13498),#11282,.T.);
#13498 = FACE_BOUND('',#13499,.T.);
#13499 = EDGE_LOOP('',(#13500,#13501,#13502,#13525));
#13500 = ORIENTED_EDGE('',*,*,#11269,.F.);
#13501 = ORIENTED_EDGE('',*,*,#13477,.T.);
#13502 = ORIENTED_EDGE('',*,*,#13503,.T.);
#13503 = EDGE_CURVE('',#13450,#13504,#13506,.T.);
#13504 = VERTEX_POINT('',#13505);
#13505 = CARTESIAN_POINT('',(116.13159179687,3.009033203125,2.69));
#13506 = SURFACE_CURVE('',#13507,(#13511,#13518),.PCURVE_S1.);
#13507 = LINE('',#13508,#13509);
#13508 = CARTESIAN_POINT('',(116.39526367187,3.009033203125,2.69));
#13509 = VECTOR('',#13510,1.);
#13510 = DIRECTION('',(-1.,0.,0.));
#13511 = PCURVE('',#11282,#13512);
#13512 = DEFINITIONAL_REPRESENTATION('',(#13513),#13517);
#13513 = LINE('',#13514,#13515);
#13514 = CARTESIAN_POINT('',(0.,-0.5));
#13515 = VECTOR('',#13516,1.);
#13516 = DIRECTION('',(1.,0.));
#13517 = ( GEOMETRIC_REPRESENTATION_CONTEXT(2) 
PARAMETRIC_REPRESENTATION_CONTEXT() REPRESENTATION_CONTEXT('2D SPACE',''
  ) );
#13518 = PCURVE('',#13465,#13519);
#13519 = DEFINITIONAL_REPRESENTATION('',(#13520),#13524);
#13520 = LINE('',#13521,#13522);
#13521 = CARTESIAN_POINT('',(1.11767578125,0.));
#13522 = VECTOR('',#13523,1.);
#13523 = DIRECTION('',(-1.,0.));
#13524 = ( GEOMETRIC_REPRESENTATION_CONTEXT(2) 
PARAMETRIC_REPRESENTATION_CONTEXT() REPRESENTATION_CONTEXT('2D SPACE',''
  ) );
#13525 = ORIENTED_EDGE('',*,*,#13526,.F.);
#13526 = EDGE_CURVE('',#11244,#13504,#13527,.T.);
#13527 = SURFACE_CURVE('',#13528,(#13532,#13539),.PCURVE_S1.);
#13528 = LINE('',#13529,#13530);
#13529 = CARTESIAN_POINT('',(116.13159179687,3.009033203125,2.19));
#13530 = VECTOR('',#13531,1.);
#13531 = DIRECTION('',(0.,0.,1.));
#13532 = PCURVE('',#11282,#13533);
#13533 = DEFINITIONAL_REPRESENTATION('',(#13534),#13538);
#13534 = LINE('',#13535,#13536);
#13535 = CARTESIAN_POINT('',(0.263671875,0.));
#13536 = VECTOR('',#13537,1.);
#13537 = DIRECTION('',(0.,-1.));
#13538 = ( GEOMETRIC_REPRESENTATION_CONTEXT(2) 
PARAMETRIC_REPRESENTATION_CONTEXT() REPRESENTATION_CONTEXT('2D SPACE',''
  ) );
#13539 = PCURVE('',#11258,#13540);
#13540 = DEFINITIONAL_REPRESENTATION('',(#13541),#13545);
#13541 = LINE('',#13542,#13543);
#13542 = CARTESIAN_POINT('',(0.,0.));
#13543 = VECTOR('',#13544,1.);
#13544 = DIRECTION('',(0.,-1.));
#13545 = ( GEOMETRIC_REPRESENTATION_CONTEXT(2) 
PARAMETRIC_REPRESENTATION_CONTEXT() REPRESENTATION_CONTEXT('2D SPACE',''
  ) );
#13546 = ADVANCED_FACE('',(#13547),#11258,.T.);
#13547 = FACE_BOUND('',#13548,.T.);
#13548 = EDGE_LOOP('',(#13549,#13550,#13551,#13574));
#13549 = ORIENTED_EDGE('',*,*,#11243,.F.);
#13550 = ORIENTED_EDGE('',*,*,#13526,.T.);
#13551 = ORIENTED_EDGE('',*,*,#13552,.T.);
#13552 = EDGE_CURVE('',#13504,#13553,#13555,.T.);
#13553 = VERTEX_POINT('',#13554);
#13554 = CARTESIAN_POINT('',(116.13159179687,4.689208984375,2.69));
#13555 = SURFACE_CURVE('',#13556,(#13560,#13567),.PCURVE_S1.);
#13556 = LINE('',#13557,#13558);
#13557 = CARTESIAN_POINT('',(116.13159179687,3.009033203125,2.69));
#13558 = VECTOR('',#13559,1.);
#13559 = DIRECTION('',(0.,1.,0.));
#13560 = PCURVE('',#11258,#13561);
#13561 = DEFINITIONAL_REPRESENTATION('',(#13562),#13566);
#13562 = LINE('',#13563,#13564);
#13563 = CARTESIAN_POINT('',(0.,-0.5));
#13564 = VECTOR('',#13565,1.);
#13565 = DIRECTION('',(1.,0.));
#13566 = ( GEOMETRIC_REPRESENTATION_CONTEXT(2) 
PARAMETRIC_REPRESENTATION_CONTEXT() REPRESENTATION_CONTEXT('2D SPACE',''
  ) );
#13567 = PCURVE('',#13465,#13568);
#13568 = DEFINITIONAL_REPRESENTATION('',(#13569),#13573);
#13569 = LINE('',#13570,#13571);
#13570 = CARTESIAN_POINT('',(0.85400390625,0.));
#13571 = VECTOR('',#13572,1.);
#13572 = DIRECTION('',(0.,1.));
#13573 = ( GEOMETRIC_REPRESENTATION_CONTEXT(2) 
PARAMETRIC_REPRESENTATION_CONTEXT() REPRESENTATION_CONTEXT('2D SPACE',''
  ) );
#13574 = ORIENTED_EDGE('',*,*,#13575,.F.);
#13575 = EDGE_CURVE('',#11205,#13553,#13576,.T.);
#13576 = SURFACE_CURVE('',#13577,(#13581,#13588),.PCURVE_S1.);
#13577 = LINE('',#13578,#13579);
#13578 = CARTESIAN_POINT('',(116.13159179687,4.689208984375,2.19));
#13579 = VECTOR('',#13580,1.);
#13580 = DIRECTION('',(0.,0.,1.));
#13581 = PCURVE('',#11258,#13582);
#13582 = DEFINITIONAL_REPRESENTATION('',(#13583),#13587);
#13583 = LINE('',#13584,#13585);
#13584 = CARTESIAN_POINT('',(1.68017578125,0.));
#13585 = VECTOR('',#13586,1.);
#13586 = DIRECTION('',(0.,-1.));
#13587 = ( GEOMETRIC_REPRESENTATION_CONTEXT(2) 
PARAMETRIC_REPRESENTATION_CONTEXT() REPRESENTATION_CONTEXT('2D SPACE',''
  ) );
#13588 = PCURVE('',#11226,#13589);
#13589 = DEFINITIONAL_REPRESENTATION('',(#13590),#13594);
#13590 = LINE('',#13591,#13592);
#13591 = CARTESIAN_POINT('',(0.,0.));
#13592 = VECTOR('',#13593,1.);
#13593 = DIRECTION('',(0.,-1.));
#13594 = ( GEOMETRIC_REPRESENTATION_CONTEXT(2) 
PARAMETRIC_REPRESENTATION_CONTEXT() REPRESENTATION_CONTEXT('2D SPACE',''
  ) );
#13595 = ADVANCED_FACE('',(#13596),#11226,.T.);
#13596 = FACE_BOUND('',#13597,.T.);
#13597 = EDGE_LOOP('',(#13598,#13599,#13600,#13623));
#13598 = ORIENTED_EDGE('',*,*,#11204,.T.);
#13599 = ORIENTED_EDGE('',*,*,#13575,.T.);
#13600 = ORIENTED_EDGE('',*,*,#13601,.T.);
#13601 = EDGE_CURVE('',#13553,#13602,#13604,.T.);
#13602 = VERTEX_POINT('',#13603);
#13603 = CARTESIAN_POINT('',(115.8818359375,4.507568359375,2.69));
#13604 = SURFACE_CURVE('',#13605,(#13609,#13616),.PCURVE_S1.);
#13605 = B_SPLINE_CURVE_WITH_KNOTS('',2,(#13606,#13607,#13608),
  .UNSPECIFIED.,.F.,.F.,(3,3),(0.,1.),.PIECEWISE_BEZIER_KNOTS.);
#13606 = CARTESIAN_POINT('',(116.13159179687,4.689208984375,2.69));
#13607 = CARTESIAN_POINT('',(116.03637695312,4.598388671875,2.69));
#13608 = CARTESIAN_POINT('',(115.8818359375,4.507568359375,2.69));
#13609 = PCURVE('',#11226,#13610);
#13610 = DEFINITIONAL_REPRESENTATION('',(#13611),#13615);
#13611 = LINE('',#13612,#13613);
#13612 = CARTESIAN_POINT('',(0.,-0.5));
#13613 = VECTOR('',#13614,1.);
#13614 = DIRECTION('',(1.,0.));
#13615 = ( GEOMETRIC_REPRESENTATION_CONTEXT(2) 
PARAMETRIC_REPRESENTATION_CONTEXT() REPRESENTATION_CONTEXT('2D SPACE',''
  ) );
#13616 = PCURVE('',#13465,#13617);
#13617 = DEFINITIONAL_REPRESENTATION('',(#13618),#13622);
#13618 = B_SPLINE_CURVE_WITH_KNOTS('',2,(#13619,#13620,#13621),
  .UNSPECIFIED.,.F.,.F.,(3,3),(0.,1.),.PIECEWISE_BEZIER_KNOTS.);
#13619 = CARTESIAN_POINT('',(0.85400390625,1.68017578125));
#13620 = CARTESIAN_POINT('',(0.7587890625,1.58935546875));
#13621 = CARTESIAN_POINT('',(0.604248046875,1.49853515625));
#13622 = ( GEOMETRIC_REPRESENTATION_CONTEXT(2) 
PARAMETRIC_REPRESENTATION_CONTEXT() REPRESENTATION_CONTEXT('2D SPACE',''
  ) );
#13623 = ORIENTED_EDGE('',*,*,#13624,.F.);
#13624 = EDGE_CURVE('',#11166,#13602,#13625,.T.);
#13625 = SURFACE_CURVE('',#13626,(#13630,#13637),.PCURVE_S1.);
#13626 = LINE('',#13627,#13628);
#13627 = CARTESIAN_POINT('',(115.8818359375,4.507568359375,2.19));
#13628 = VECTOR('',#13629,1.);
#13629 = DIRECTION('',(0.,0.,1.));
#13630 = PCURVE('',#11226,#13631);
#13631 = DEFINITIONAL_REPRESENTATION('',(#13632),#13636);
#13632 = LINE('',#13633,#13634);
#13633 = CARTESIAN_POINT('',(1.,0.));
#13634 = VECTOR('',#13635,1.);
#13635 = DIRECTION('',(0.,-1.));
#13636 = ( GEOMETRIC_REPRESENTATION_CONTEXT(2) 
PARAMETRIC_REPRESENTATION_CONTEXT() REPRESENTATION_CONTEXT('2D SPACE',''
  ) );
#13637 = PCURVE('',#11187,#13638);
#13638 = DEFINITIONAL_REPRESENTATION('',(#13639),#13643);
#13639 = LINE('',#13640,#13641);
#13640 = CARTESIAN_POINT('',(0.,0.));
#13641 = VECTOR('',#13642,1.);
#13642 = DIRECTION('',(0.,-1.));
#13643 = ( GEOMETRIC_REPRESENTATION_CONTEXT(2) 
PARAMETRIC_REPRESENTATION_CONTEXT() REPRESENTATION_CONTEXT('2D SPACE',''
  ) );
#13644 = ADVANCED_FACE('',(#13645),#11187,.T.);
#13645 = FACE_BOUND('',#13646,.T.);
#13646 = EDGE_LOOP('',(#13647,#13648,#13649,#13672));
#13647 = ORIENTED_EDGE('',*,*,#11165,.T.);
#13648 = ORIENTED_EDGE('',*,*,#13624,.T.);
#13649 = ORIENTED_EDGE('',*,*,#13650,.T.);
#13650 = EDGE_CURVE('',#13602,#13651,#13653,.T.);
#13651 = VERTEX_POINT('',#13652);
#13652 = CARTESIAN_POINT('',(115.60424804687,4.371337890625,2.69));
#13653 = SURFACE_CURVE('',#13654,(#13658,#13665),.PCURVE_S1.);
#13654 = B_SPLINE_CURVE_WITH_KNOTS('',2,(#13655,#13656,#13657),
  .UNSPECIFIED.,.F.,.F.,(3,3),(0.,1.),.PIECEWISE_BEZIER_KNOTS.);
#13655 = CARTESIAN_POINT('',(115.8818359375,4.507568359375,2.69));
#13656 = CARTESIAN_POINT('',(115.72729492187,4.416748046875,2.69));
#13657 = CARTESIAN_POINT('',(115.60424804687,4.371337890625,2.69));
#13658 = PCURVE('',#11187,#13659);
#13659 = DEFINITIONAL_REPRESENTATION('',(#13660),#13664);
#13660 = LINE('',#13661,#13662);
#13661 = CARTESIAN_POINT('',(0.,-0.5));
#13662 = VECTOR('',#13663,1.);
#13663 = DIRECTION('',(1.,0.));
#13664 = ( GEOMETRIC_REPRESENTATION_CONTEXT(2) 
PARAMETRIC_REPRESENTATION_CONTEXT() REPRESENTATION_CONTEXT('2D SPACE',''
  ) );
#13665 = PCURVE('',#13465,#13666);
#13666 = DEFINITIONAL_REPRESENTATION('',(#13667),#13671);
#13667 = B_SPLINE_CURVE_WITH_KNOTS('',2,(#13668,#13669,#13670),
  .UNSPECIFIED.,.F.,.F.,(3,3),(0.,1.),.PIECEWISE_BEZIER_KNOTS.);
#13668 = CARTESIAN_POINT('',(0.604248046875,1.49853515625));
#13669 = CARTESIAN_POINT('',(0.44970703125,1.40771484375));
#13670 = CARTESIAN_POINT('',(0.32666015625,1.3623046875));
#13671 = ( GEOMETRIC_REPRESENTATION_CONTEXT(2) 
PARAMETRIC_REPRESENTATION_CONTEXT() REPRESENTATION_CONTEXT('2D SPACE',''
  ) );
#13672 = ORIENTED_EDGE('',*,*,#13673,.F.);
#13673 = EDGE_CURVE('',#11140,#13651,#13674,.T.);
#13674 = SURFACE_CURVE('',#13675,(#13679,#13686),.PCURVE_S1.);
#13675 = LINE('',#13676,#13677);
#13676 = CARTESIAN_POINT('',(115.60424804687,4.371337890625,2.19));
#13677 = VECTOR('',#13678,1.);
#13678 = DIRECTION('',(0.,0.,1.));
#13679 = PCURVE('',#11187,#13680);
#13680 = DEFINITIONAL_REPRESENTATION('',(#13681),#13685);
#13681 = LINE('',#13682,#13683);
#13682 = CARTESIAN_POINT('',(1.,0.));
#13683 = VECTOR('',#13684,1.);
#13684 = DIRECTION('',(0.,-1.));
#13685 = ( GEOMETRIC_REPRESENTATION_CONTEXT(2) 
PARAMETRIC_REPRESENTATION_CONTEXT() REPRESENTATION_CONTEXT('2D SPACE',''
  ) );
#13686 = PCURVE('',#11154,#13687);
#13687 = DEFINITIONAL_REPRESENTATION('',(#13688),#13692);
#13688 = LINE('',#13689,#13690);
#13689 = CARTESIAN_POINT('',(0.,0.));
#13690 = VECTOR('',#13691,1.);
#13691 = DIRECTION('',(0.,-1.));
#13692 = ( GEOMETRIC_REPRESENTATION_CONTEXT(2) 
PARAMETRIC_REPRESENTATION_CONTEXT() REPRESENTATION_CONTEXT('2D SPACE',''
  ) );
#13693 = ADVANCED_FACE('',(#13694),#11154,.T.);
#13694 = FACE_BOUND('',#13695,.T.);
#13695 = EDGE_LOOP('',(#13696,#13697,#13698,#13721));
#13696 = ORIENTED_EDGE('',*,*,#11139,.F.);
#13697 = ORIENTED_EDGE('',*,*,#13673,.T.);
#13698 = ORIENTED_EDGE('',*,*,#13699,.T.);
#13699 = EDGE_CURVE('',#13651,#13700,#13702,.T.);
#13700 = VERTEX_POINT('',#13701);
#13701 = CARTESIAN_POINT('',(115.60424804687,4.626220703125,2.69));
#13702 = SURFACE_CURVE('',#13703,(#13707,#13714),.PCURVE_S1.);
#13703 = LINE('',#13704,#13705);
#13704 = CARTESIAN_POINT('',(115.60424804687,4.371337890625,2.69));
#13705 = VECTOR('',#13706,1.);
#13706 = DIRECTION('',(0.,1.,0.));
#13707 = PCURVE('',#11154,#13708);
#13708 = DEFINITIONAL_REPRESENTATION('',(#13709),#13713);
#13709 = LINE('',#13710,#13711);
#13710 = CARTESIAN_POINT('',(0.,-0.5));
#13711 = VECTOR('',#13712,1.);
#13712 = DIRECTION('',(1.,0.));
#13713 = ( GEOMETRIC_REPRESENTATION_CONTEXT(2) 
PARAMETRIC_REPRESENTATION_CONTEXT() REPRESENTATION_CONTEXT('2D SPACE',''
  ) );
#13714 = PCURVE('',#13465,#13715);
#13715 = DEFINITIONAL_REPRESENTATION('',(#13716),#13720);
#13716 = LINE('',#13717,#13718);
#13717 = CARTESIAN_POINT('',(0.32666015625,1.3623046875));
#13718 = VECTOR('',#13719,1.);
#13719 = DIRECTION('',(0.,1.));
#13720 = ( GEOMETRIC_REPRESENTATION_CONTEXT(2) 
PARAMETRIC_REPRESENTATION_CONTEXT() REPRESENTATION_CONTEXT('2D SPACE',''
  ) );
#13721 = ORIENTED_EDGE('',*,*,#13722,.F.);
#13722 = EDGE_CURVE('',#11101,#13700,#13723,.T.);
#13723 = SURFACE_CURVE('',#13724,(#13728,#13735),.PCURVE_S1.);
#13724 = LINE('',#13725,#13726);
#13725 = CARTESIAN_POINT('',(115.60424804687,4.626220703125,2.19));
#13726 = VECTOR('',#13727,1.);
#13727 = DIRECTION('',(0.,0.,1.));
#13728 = PCURVE('',#11154,#13729);
#13729 = DEFINITIONAL_REPRESENTATION('',(#13730),#13734);
#13730 = LINE('',#13731,#13732);
#13731 = CARTESIAN_POINT('',(0.2548828125,0.));
#13732 = VECTOR('',#13733,1.);
#13733 = DIRECTION('',(0.,-1.));
#13734 = ( GEOMETRIC_REPRESENTATION_CONTEXT(2) 
PARAMETRIC_REPRESENTATION_CONTEXT() REPRESENTATION_CONTEXT('2D SPACE',''
  ) );
#13735 = PCURVE('',#11122,#13736);
#13736 = DEFINITIONAL_REPRESENTATION('',(#13737),#13741);
#13737 = LINE('',#13738,#13739);
#13738 = CARTESIAN_POINT('',(0.,0.));
#13739 = VECTOR('',#13740,1.);
#13740 = DIRECTION('',(0.,-1.));
#13741 = ( GEOMETRIC_REPRESENTATION_CONTEXT(2) 
PARAMETRIC_REPRESENTATION_CONTEXT() REPRESENTATION_CONTEXT('2D SPACE',''
  ) );
#13742 = ADVANCED_FACE('',(#13743),#11122,.T.);
#13743 = FACE_BOUND('',#13744,.T.);
#13744 = EDGE_LOOP('',(#13745,#13746,#13747,#13770));
#13745 = ORIENTED_EDGE('',*,*,#11100,.T.);
#13746 = ORIENTED_EDGE('',*,*,#13722,.T.);
#13747 = ORIENTED_EDGE('',*,*,#13748,.T.);
#13748 = EDGE_CURVE('',#13700,#13749,#13751,.T.);
#13749 = VERTEX_POINT('',#13750);
#13750 = CARTESIAN_POINT('',(115.99096679687,4.878173828125,2.69));
#13751 = SURFACE_CURVE('',#13752,(#13756,#13763),.PCURVE_S1.);
#13752 = B_SPLINE_CURVE_WITH_KNOTS('',2,(#13753,#13754,#13755),
  .UNSPECIFIED.,.F.,.F.,(3,3),(0.,1.),.PIECEWISE_BEZIER_KNOTS.);
#13753 = CARTESIAN_POINT('',(115.60424804687,4.626220703125,2.69));
#13754 = CARTESIAN_POINT('',(115.82543945312,4.730224609375,2.69));
#13755 = CARTESIAN_POINT('',(115.99096679687,4.878173828125,2.69));
#13756 = PCURVE('',#11122,#13757);
#13757 = DEFINITIONAL_REPRESENTATION('',(#13758),#13762);
#13758 = LINE('',#13759,#13760);
#13759 = CARTESIAN_POINT('',(0.,-0.5));
#13760 = VECTOR('',#13761,1.);
#13761 = DIRECTION('',(1.,0.));
#13762 = ( GEOMETRIC_REPRESENTATION_CONTEXT(2) 
PARAMETRIC_REPRESENTATION_CONTEXT() REPRESENTATION_CONTEXT('2D SPACE',''
  ) );
#13763 = PCURVE('',#13465,#13764);
#13764 = DEFINITIONAL_REPRESENTATION('',(#13765),#13769);
#13765 = B_SPLINE_CURVE_WITH_KNOTS('',2,(#13766,#13767,#13768),
  .UNSPECIFIED.,.F.,.F.,(3,3),(0.,1.),.PIECEWISE_BEZIER_KNOTS.);
#13766 = CARTESIAN_POINT('',(0.32666015625,1.6171875));
#13767 = CARTESIAN_POINT('',(0.5478515625,1.72119140625));
#13768 = CARTESIAN_POINT('',(0.71337890625,1.869140625));
#13769 = ( GEOMETRIC_REPRESENTATION_CONTEXT(2) 
PARAMETRIC_REPRESENTATION_CONTEXT() REPRESENTATION_CONTEXT('2D SPACE',''
  ) );
#13770 = ORIENTED_EDGE('',*,*,#13771,.F.);
#13771 = EDGE_CURVE('',#11062,#13749,#13772,.T.);
#13772 = SURFACE_CURVE('',#13773,(#13777,#13784),.PCURVE_S1.);
#13773 = LINE('',#13774,#13775);
#13774 = CARTESIAN_POINT('',(115.99096679687,4.878173828125,2.19));
#13775 = VECTOR('',#13776,1.);
#13776 = DIRECTION('',(0.,0.,1.));
#13777 = PCURVE('',#11122,#13778);
#13778 = DEFINITIONAL_REPRESENTATION('',(#13779),#13783);
#13779 = LINE('',#13780,#13781);
#13780 = CARTESIAN_POINT('',(1.,0.));
#13781 = VECTOR('',#13782,1.);
#13782 = DIRECTION('',(0.,-1.));
#13783 = ( GEOMETRIC_REPRESENTATION_CONTEXT(2) 
PARAMETRIC_REPRESENTATION_CONTEXT() REPRESENTATION_CONTEXT('2D SPACE',''
  ) );
#13784 = PCURVE('',#11083,#13785);
#13785 = DEFINITIONAL_REPRESENTATION('',(#13786),#13790);
#13786 = LINE('',#13787,#13788);
#13787 = CARTESIAN_POINT('',(0.,0.));
#13788 = VECTOR('',#13789,1.);
#13789 = DIRECTION('',(0.,-1.));
#13790 = ( GEOMETRIC_REPRESENTATION_CONTEXT(2) 
PARAMETRIC_REPRESENTATION_CONTEXT() REPRESENTATION_CONTEXT('2D SPACE',''
  ) );
#13791 = ADVANCED_FACE('',(#13792),#11083,.T.);
#13792 = FACE_BOUND('',#13793,.T.);
#13793 = EDGE_LOOP('',(#13794,#13795,#13796,#13819));
#13794 = ORIENTED_EDGE('',*,*,#11061,.T.);
#13795 = ORIENTED_EDGE('',*,*,#13771,.T.);
#13796 = ORIENTED_EDGE('',*,*,#13797,.T.);
#13797 = EDGE_CURVE('',#13749,#13798,#13800,.T.);
#13798 = VERTEX_POINT('',#13799);
#13799 = CARTESIAN_POINT('',(116.22534179687,5.165283203125,2.69));
#13800 = SURFACE_CURVE('',#13801,(#13805,#13812),.PCURVE_S1.);
#13801 = B_SPLINE_CURVE_WITH_KNOTS('',2,(#13802,#13803,#13804),
  .UNSPECIFIED.,.F.,.F.,(3,3),(0.,1.),.PIECEWISE_BEZIER_KNOTS.);
#13802 = CARTESIAN_POINT('',(115.99096679687,4.878173828125,2.69));
#13803 = CARTESIAN_POINT('',(116.15649414062,5.026123046875,2.69));
#13804 = CARTESIAN_POINT('',(116.22534179687,5.165283203125,2.69));
#13805 = PCURVE('',#11083,#13806);
#13806 = DEFINITIONAL_REPRESENTATION('',(#13807),#13811);
#13807 = LINE('',#13808,#13809);
#13808 = CARTESIAN_POINT('',(0.,-0.5));
#13809 = VECTOR('',#13810,1.);
#13810 = DIRECTION('',(1.,0.));
#13811 = ( GEOMETRIC_REPRESENTATION_CONTEXT(2) 
PARAMETRIC_REPRESENTATION_CONTEXT() REPRESENTATION_CONTEXT('2D SPACE',''
  ) );
#13812 = PCURVE('',#13465,#13813);
#13813 = DEFINITIONAL_REPRESENTATION('',(#13814),#13818);
#13814 = B_SPLINE_CURVE_WITH_KNOTS('',2,(#13815,#13816,#13817),
  .UNSPECIFIED.,.F.,.F.,(3,3),(0.,1.),.PIECEWISE_BEZIER_KNOTS.);
#13815 = CARTESIAN_POINT('',(0.71337890625,1.869140625));
#13816 = CARTESIAN_POINT('',(0.87890625,2.01708984375));
#13817 = CARTESIAN_POINT('',(0.94775390625,2.15625));
#13818 = ( GEOMETRIC_REPRESENTATION_CONTEXT(2) 
PARAMETRIC_REPRESENTATION_CONTEXT() REPRESENTATION_CONTEXT('2D SPACE',''
  ) );
#13819 = ORIENTED_EDGE('',*,*,#13820,.F.);
#13820 = EDGE_CURVE('',#11036,#13798,#13821,.T.);
#13821 = SURFACE_CURVE('',#13822,(#13826,#13833),.PCURVE_S1.);
#13822 = LINE('',#13823,#13824);
#13823 = CARTESIAN_POINT('',(116.22534179687,5.165283203125,2.19));
#13824 = VECTOR('',#13825,1.);
#13825 = DIRECTION('',(0.,0.,1.));
#13826 = PCURVE('',#11083,#13827);
#13827 = DEFINITIONAL_REPRESENTATION('',(#13828),#13832);
#13828 = LINE('',#13829,#13830);
#13829 = CARTESIAN_POINT('',(1.,0.));
#13830 = VECTOR('',#13831,1.);
#13831 = DIRECTION('',(0.,-1.));
#13832 = ( GEOMETRIC_REPRESENTATION_CONTEXT(2) 
PARAMETRIC_REPRESENTATION_CONTEXT() REPRESENTATION_CONTEXT('2D SPACE',''
  ) );
#13833 = PCURVE('',#11050,#13834);
#13834 = DEFINITIONAL_REPRESENTATION('',(#13835),#13839);
#13835 = LINE('',#13836,#13837);
#13836 = CARTESIAN_POINT('',(0.,0.));
#13837 = VECTOR('',#13838,1.);
#13838 = DIRECTION('',(0.,-1.));
#13839 = ( GEOMETRIC_REPRESENTATION_CONTEXT(2) 
PARAMETRIC_REPRESENTATION_CONTEXT() REPRESENTATION_CONTEXT('2D SPACE',''
  ) );
#13840 = ADVANCED_FACE('',(#13841),#11050,.T.);
#13841 = FACE_BOUND('',#13842,.T.);
#13842 = EDGE_LOOP('',(#13843,#13844,#13845,#13866));
#13843 = ORIENTED_EDGE('',*,*,#11035,.F.);
#13844 = ORIENTED_EDGE('',*,*,#13820,.T.);
#13845 = ORIENTED_EDGE('',*,*,#13846,.T.);
#13846 = EDGE_CURVE('',#13798,#13427,#13847,.T.);
#13847 = SURFACE_CURVE('',#13848,(#13852,#13859),.PCURVE_S1.);
#13848 = LINE('',#13849,#13850);
#13849 = CARTESIAN_POINT('',(116.22534179687,5.165283203125,2.69));
#13850 = VECTOR('',#13851,1.);
#13851 = DIRECTION('',(1.,0.,0.));
#13852 = PCURVE('',#11050,#13853);
#13853 = DEFINITIONAL_REPRESENTATION('',(#13854),#13858);
#13854 = LINE('',#13855,#13856);
#13855 = CARTESIAN_POINT('',(0.,-0.5));
#13856 = VECTOR('',#13857,1.);
#13857 = DIRECTION('',(1.,0.));
#13858 = ( GEOMETRIC_REPRESENTATION_CONTEXT(2) 
PARAMETRIC_REPRESENTATION_CONTEXT() REPRESENTATION_CONTEXT('2D SPACE',''
  ) );
#13859 = PCURVE('',#13465,#13860);
#13860 = DEFINITIONAL_REPRESENTATION('',(#13861),#13865);
#13861 = LINE('',#13862,#13863);
#13862 = CARTESIAN_POINT('',(0.94775390625,2.15625));
#13863 = VECTOR('',#13864,1.);
#13864 = DIRECTION('',(1.,0.));
#13865 = ( GEOMETRIC_REPRESENTATION_CONTEXT(2) 
PARAMETRIC_REPRESENTATION_CONTEXT() REPRESENTATION_CONTEXT('2D SPACE',''
  ) );
#13866 = ORIENTED_EDGE('',*,*,#13426,.F.);
#13867 = ADVANCED_FACE('',(#13868),#11312,.T.);
#13868 = FACE_BOUND('',#13869,.T.);
#13869 = EDGE_LOOP('',(#13870,#13871,#13894,#13922));
#13870 = ORIENTED_EDGE('',*,*,#11295,.F.);
#13871 = ORIENTED_EDGE('',*,*,#13872,.T.);
#13872 = EDGE_CURVE('',#11296,#13873,#13875,.T.);
#13873 = VERTEX_POINT('',#13874);
#13874 = CARTESIAN_POINT('',(113.41137695312,3.698974609375,2.69));
#13875 = SURFACE_CURVE('',#13876,(#13880,#13887),.PCURVE_S1.);
#13876 = LINE('',#13877,#13878);
#13877 = CARTESIAN_POINT('',(113.41137695312,3.698974609375,2.19));
#13878 = VECTOR('',#13879,1.);
#13879 = DIRECTION('',(0.,0.,1.));
#13880 = PCURVE('',#11312,#13881);
#13881 = DEFINITIONAL_REPRESENTATION('',(#13882),#13886);
#13882 = LINE('',#13883,#13884);
#13883 = CARTESIAN_POINT('',(0.,0.));
#13884 = VECTOR('',#13885,1.);
#13885 = DIRECTION('',(0.,-1.));
#13886 = ( GEOMETRIC_REPRESENTATION_CONTEXT(2) 
PARAMETRIC_REPRESENTATION_CONTEXT() REPRESENTATION_CONTEXT('2D SPACE',''
  ) );
#13887 = PCURVE('',#11353,#13888);
#13888 = DEFINITIONAL_REPRESENTATION('',(#13889),#13893);
#13889 = LINE('',#13890,#13891);
#13890 = CARTESIAN_POINT('',(1.,0.));
#13891 = VECTOR('',#13892,1.);
#13892 = DIRECTION('',(0.,-1.));
#13893 = ( GEOMETRIC_REPRESENTATION_CONTEXT(2) 
PARAMETRIC_REPRESENTATION_CONTEXT() REPRESENTATION_CONTEXT('2D SPACE',''
  ) );
#13894 = ORIENTED_EDGE('',*,*,#13895,.T.);
#13895 = EDGE_CURVE('',#13873,#13896,#13898,.T.);
#13896 = VERTEX_POINT('',#13897);
#13897 = CARTESIAN_POINT('',(113.67944335937,3.722412109375,2.69));
#13898 = SURFACE_CURVE('',#13899,(#13903,#13910),.PCURVE_S1.);
#13899 = LINE('',#13900,#13901);
#13900 = CARTESIAN_POINT('',(113.41137695312,3.698974609375,2.69));
#13901 = VECTOR('',#13902,1.);
#13902 = DIRECTION('',(0.99619962403,8.70994206802E-02,0.));
#13903 = PCURVE('',#11312,#13904);
#13904 = DEFINITIONAL_REPRESENTATION('',(#13905),#13909);
#13905 = LINE('',#13906,#13907);
#13906 = CARTESIAN_POINT('',(0.,-0.5));
#13907 = VECTOR('',#13908,1.);
#13908 = DIRECTION('',(1.,0.));
#13909 = ( GEOMETRIC_REPRESENTATION_CONTEXT(2) 
PARAMETRIC_REPRESENTATION_CONTEXT() REPRESENTATION_CONTEXT('2D SPACE',''
  ) );
#13910 = PCURVE('',#13911,#13916);
#13911 = PLANE('',#13912);
#13912 = AXIS2_PLACEMENT_3D('',#13913,#13914,#13915);
#13913 = CARTESIAN_POINT('',(113.27661132812,3.009033203125,2.69));
#13914 = DIRECTION('',(0.,0.,1.));
#13915 = DIRECTION('',(1.,0.,0.));
#13916 = DEFINITIONAL_REPRESENTATION('',(#13917),#13921);
#13917 = LINE('',#13918,#13919);
#13918 = CARTESIAN_POINT('',(0.134765625,0.68994140625));
#13919 = VECTOR('',#13920,1.);
#13920 = DIRECTION('',(0.99619962403,8.70994206802E-02));
#13921 = ( GEOMETRIC_REPRESENTATION_CONTEXT(2) 
PARAMETRIC_REPRESENTATION_CONTEXT() REPRESENTATION_CONTEXT('2D SPACE',''
  ) );
#13922 = ORIENTED_EDGE('',*,*,#13923,.F.);
#13923 = EDGE_CURVE('',#11298,#13896,#13924,.T.);
#13924 = SURFACE_CURVE('',#13925,(#13929,#13936),.PCURVE_S1.);
#13925 = LINE('',#13926,#13927);
#13926 = CARTESIAN_POINT('',(113.67944335937,3.722412109375,2.19));
#13927 = VECTOR('',#13928,1.);
#13928 = DIRECTION('',(0.,0.,1.));
#13929 = PCURVE('',#11312,#13930);
#13930 = DEFINITIONAL_REPRESENTATION('',(#13931),#13935);
#13931 = LINE('',#13932,#13933);
#13932 = CARTESIAN_POINT('',(0.269089045793,0.));
#13933 = VECTOR('',#13934,1.);
#13934 = DIRECTION('',(0.,-1.));
#13935 = ( GEOMETRIC_REPRESENTATION_CONTEXT(2) 
PARAMETRIC_REPRESENTATION_CONTEXT() REPRESENTATION_CONTEXT('2D SPACE',''
  ) );
#13936 = PCURVE('',#12782,#13937);
#13937 = DEFINITIONAL_REPRESENTATION('',(#13938),#13942);
#13938 = LINE('',#13939,#13940);
#13939 = CARTESIAN_POINT('',(0.,0.));
#13940 = VECTOR('',#13941,1.);
#13941 = DIRECTION('',(0.,-1.));
#13942 = ( GEOMETRIC_REPRESENTATION_CONTEXT(2) 
PARAMETRIC_REPRESENTATION_CONTEXT() REPRESENTATION_CONTEXT('2D SPACE',''
  ) );
#13943 = ADVANCED_FACE('',(#13944),#12782,.T.);
#13944 = FACE_BOUND('',#13945,.T.);
#13945 = EDGE_LOOP('',(#13946,#13947,#13948,#13971));
#13946 = ORIENTED_EDGE('',*,*,#12762,.T.);
#13947 = ORIENTED_EDGE('',*,*,#13923,.T.);
#13948 = ORIENTED_EDGE('',*,*,#13949,.T.);
#13949 = EDGE_CURVE('',#13896,#13950,#13952,.T.);
#13950 = VERTEX_POINT('',#13951);
#13951 = CARTESIAN_POINT('',(113.76806640625,3.4580078125,2.69));
#13952 = SURFACE_CURVE('',#13953,(#13957,#13964),.PCURVE_S1.);
#13953 = B_SPLINE_CURVE_WITH_KNOTS('',2,(#13954,#13955,#13956),
  .UNSPECIFIED.,.F.,.F.,(3,3),(0.,1.),.PIECEWISE_BEZIER_KNOTS.);
#13954 = CARTESIAN_POINT('',(113.67944335937,3.722412109375,2.69));
#13955 = CARTESIAN_POINT('',(113.69848632812,3.561279296875,2.69));
#13956 = CARTESIAN_POINT('',(113.76806640625,3.4580078125,2.69));
#13957 = PCURVE('',#12782,#13958);
#13958 = DEFINITIONAL_REPRESENTATION('',(#13959),#13963);
#13959 = LINE('',#13960,#13961);
#13960 = CARTESIAN_POINT('',(0.,-0.5));
#13961 = VECTOR('',#13962,1.);
#13962 = DIRECTION('',(1.,0.));
#13963 = ( GEOMETRIC_REPRESENTATION_CONTEXT(2) 
PARAMETRIC_REPRESENTATION_CONTEXT() REPRESENTATION_CONTEXT('2D SPACE',''
  ) );
#13964 = PCURVE('',#13911,#13965);
#13965 = DEFINITIONAL_REPRESENTATION('',(#13966),#13970);
#13966 = B_SPLINE_CURVE_WITH_KNOTS('',2,(#13967,#13968,#13969),
  .UNSPECIFIED.,.F.,.F.,(3,3),(0.,1.),.PIECEWISE_BEZIER_KNOTS.);
#13967 = CARTESIAN_POINT('',(0.40283203125,0.71337890625));
#13968 = CARTESIAN_POINT('',(0.421875,0.55224609375));
#13969 = CARTESIAN_POINT('',(0.491455078125,0.448974609375));
#13970 = ( GEOMETRIC_REPRESENTATION_CONTEXT(2) 
PARAMETRIC_REPRESENTATION_CONTEXT() REPRESENTATION_CONTEXT('2D SPACE',''
  ) );
#13971 = ORIENTED_EDGE('',*,*,#13972,.F.);
#13972 = EDGE_CURVE('',#12724,#13950,#13973,.T.);
#13973 = SURFACE_CURVE('',#13974,(#13978,#13985),.PCURVE_S1.);
#13974 = LINE('',#13975,#13976);
#13975 = CARTESIAN_POINT('',(113.76806640625,3.4580078125,2.19));
#13976 = VECTOR('',#13977,1.);
#13977 = DIRECTION('',(0.,0.,1.));
#13978 = PCURVE('',#12782,#13979);
#13979 = DEFINITIONAL_REPRESENTATION('',(#13980),#13984);
#13980 = LINE('',#13981,#13982);
#13981 = CARTESIAN_POINT('',(1.,0.));
#13982 = VECTOR('',#13983,1.);
#13983 = DIRECTION('',(0.,-1.));
#13984 = ( GEOMETRIC_REPRESENTATION_CONTEXT(2) 
PARAMETRIC_REPRESENTATION_CONTEXT() REPRESENTATION_CONTEXT('2D SPACE',''
  ) );
#13985 = PCURVE('',#12745,#13986);
#13986 = DEFINITIONAL_REPRESENTATION('',(#13987),#13991);
#13987 = LINE('',#13988,#13989);
#13988 = CARTESIAN_POINT('',(0.,0.));
#13989 = VECTOR('',#13990,1.);
#13990 = DIRECTION('',(0.,-1.));
#13991 = ( GEOMETRIC_REPRESENTATION_CONTEXT(2) 
PARAMETRIC_REPRESENTATION_CONTEXT() REPRESENTATION_CONTEXT('2D SPACE',''
  ) );
#13992 = ADVANCED_FACE('',(#13993),#12745,.T.);
#13993 = FACE_BOUND('',#13994,.T.);
#13994 = EDGE_LOOP('',(#13995,#13996,#13997,#14020));
#13995 = ORIENTED_EDGE('',*,*,#12723,.T.);
#13996 = ORIENTED_EDGE('',*,*,#13972,.T.);
#13997 = ORIENTED_EDGE('',*,*,#13998,.T.);
#13998 = EDGE_CURVE('',#13950,#13999,#14001,.T.);
#13999 = VERTEX_POINT('',#14000);
#14000 = CARTESIAN_POINT('',(113.98413085937,3.291015625,2.69));
#14001 = SURFACE_CURVE('',#14002,(#14006,#14013),.PCURVE_S1.);
#14002 = B_SPLINE_CURVE_WITH_KNOTS('',2,(#14003,#14004,#14005),
  .UNSPECIFIED.,.F.,.F.,(3,3),(0.,1.),.PIECEWISE_BEZIER_KNOTS.);
#14003 = CARTESIAN_POINT('',(113.76806640625,3.4580078125,2.69));
#14004 = CARTESIAN_POINT('',(113.83764648437,3.354736328125,2.69));
#14005 = CARTESIAN_POINT('',(113.98413085937,3.291015625,2.69));
#14006 = PCURVE('',#12745,#14007);
#14007 = DEFINITIONAL_REPRESENTATION('',(#14008),#14012);
#14008 = LINE('',#14009,#14010);
#14009 = CARTESIAN_POINT('',(0.,-0.5));
#14010 = VECTOR('',#14011,1.);
#14011 = DIRECTION('',(1.,0.));
#14012 = ( GEOMETRIC_REPRESENTATION_CONTEXT(2) 
PARAMETRIC_REPRESENTATION_CONTEXT() REPRESENTATION_CONTEXT('2D SPACE',''
  ) );
#14013 = PCURVE('',#13911,#14014);
#14014 = DEFINITIONAL_REPRESENTATION('',(#14015),#14019);
#14015 = B_SPLINE_CURVE_WITH_KNOTS('',2,(#14016,#14017,#14018),
  .UNSPECIFIED.,.F.,.F.,(3,3),(0.,1.),.PIECEWISE_BEZIER_KNOTS.);
#14016 = CARTESIAN_POINT('',(0.491455078125,0.448974609375));
#14017 = CARTESIAN_POINT('',(0.56103515625,0.345703125));
#14018 = CARTESIAN_POINT('',(0.70751953125,0.281982421875));
#14019 = ( GEOMETRIC_REPRESENTATION_CONTEXT(2) 
PARAMETRIC_REPRESENTATION_CONTEXT() REPRESENTATION_CONTEXT('2D SPACE',''
  ) );
#14020 = ORIENTED_EDGE('',*,*,#14021,.F.);
#14021 = EDGE_CURVE('',#12685,#13999,#14022,.T.);
#14022 = SURFACE_CURVE('',#14023,(#14027,#14034),.PCURVE_S1.);
#14023 = LINE('',#14024,#14025);
#14024 = CARTESIAN_POINT('',(113.98413085937,3.291015625,2.19));
#14025 = VECTOR('',#14026,1.);
#14026 = DIRECTION('',(0.,0.,1.));
#14027 = PCURVE('',#12745,#14028);
#14028 = DEFINITIONAL_REPRESENTATION('',(#14029),#14033);
#14029 = LINE('',#14030,#14031);
#14030 = CARTESIAN_POINT('',(1.,0.));
#14031 = VECTOR('',#14032,1.);
#14032 = DIRECTION('',(0.,-1.));
#14033 = ( GEOMETRIC_REPRESENTATION_CONTEXT(2) 
PARAMETRIC_REPRESENTATION_CONTEXT() REPRESENTATION_CONTEXT('2D SPACE',''
  ) );
#14034 = PCURVE('',#12706,#14035);
#14035 = DEFINITIONAL_REPRESENTATION('',(#14036),#14040);
#14036 = LINE('',#14037,#14038);
#14037 = CARTESIAN_POINT('',(0.,0.));
#14038 = VECTOR('',#14039,1.);
#14039 = DIRECTION('',(0.,-1.));
#14040 = ( GEOMETRIC_REPRESENTATION_CONTEXT(2) 
PARAMETRIC_REPRESENTATION_CONTEXT() REPRESENTATION_CONTEXT('2D SPACE',''
  ) );
#14041 = ADVANCED_FACE('',(#14042),#12706,.T.);
#14042 = FACE_BOUND('',#14043,.T.);
#14043 = EDGE_LOOP('',(#14044,#14045,#14046,#14069));
#14044 = ORIENTED_EDGE('',*,*,#12684,.T.);
#14045 = ORIENTED_EDGE('',*,*,#14021,.T.);
#14046 = ORIENTED_EDGE('',*,*,#14047,.T.);
#14047 = EDGE_CURVE('',#13999,#14048,#14050,.T.);
#14048 = VERTEX_POINT('',#14049);
#14049 = CARTESIAN_POINT('',(114.31372070312,3.227294921875,2.69));
#14050 = SURFACE_CURVE('',#14051,(#14055,#14062),.PCURVE_S1.);
#14051 = B_SPLINE_CURVE_WITH_KNOTS('',2,(#14052,#14053,#14054),
  .UNSPECIFIED.,.F.,.F.,(3,3),(0.,1.),.PIECEWISE_BEZIER_KNOTS.);
#14052 = CARTESIAN_POINT('',(113.98413085937,3.291015625,2.69));
#14053 = CARTESIAN_POINT('',(114.13061523437,3.227294921875,2.69));
#14054 = CARTESIAN_POINT('',(114.31372070312,3.227294921875,2.69));
#14055 = PCURVE('',#12706,#14056);
#14056 = DEFINITIONAL_REPRESENTATION('',(#14057),#14061);
#14057 = LINE('',#14058,#14059);
#14058 = CARTESIAN_POINT('',(0.,-0.5));
#14059 = VECTOR('',#14060,1.);
#14060 = DIRECTION('',(1.,0.));
#14061 = ( GEOMETRIC_REPRESENTATION_CONTEXT(2) 
PARAMETRIC_REPRESENTATION_CONTEXT() REPRESENTATION_CONTEXT('2D SPACE',''
  ) );
#14062 = PCURVE('',#13911,#14063);
#14063 = DEFINITIONAL_REPRESENTATION('',(#14064),#14068);
#14064 = B_SPLINE_CURVE_WITH_KNOTS('',2,(#14065,#14066,#14067),
  .UNSPECIFIED.,.F.,.F.,(3,3),(0.,1.),.PIECEWISE_BEZIER_KNOTS.);
#14065 = CARTESIAN_POINT('',(0.70751953125,0.281982421875));
#14066 = CARTESIAN_POINT('',(0.85400390625,0.21826171875));
#14067 = CARTESIAN_POINT('',(1.037109375,0.21826171875));
#14068 = ( GEOMETRIC_REPRESENTATION_CONTEXT(2) 
PARAMETRIC_REPRESENTATION_CONTEXT() REPRESENTATION_CONTEXT('2D SPACE',''
  ) );
#14069 = ORIENTED_EDGE('',*,*,#14070,.F.);
#14070 = EDGE_CURVE('',#12646,#14048,#14071,.T.);
#14071 = SURFACE_CURVE('',#14072,(#14076,#14083),.PCURVE_S1.);
#14072 = LINE('',#14073,#14074);
#14073 = CARTESIAN_POINT('',(114.31372070312,3.227294921875,2.19));
#14074 = VECTOR('',#14075,1.);
#14075 = DIRECTION('',(0.,0.,1.));
#14076 = PCURVE('',#12706,#14077);
#14077 = DEFINITIONAL_REPRESENTATION('',(#14078),#14082);
#14078 = LINE('',#14079,#14080);
#14079 = CARTESIAN_POINT('',(1.,0.));
#14080 = VECTOR('',#14081,1.);
#14081 = DIRECTION('',(0.,-1.));
#14082 = ( GEOMETRIC_REPRESENTATION_CONTEXT(2) 
PARAMETRIC_REPRESENTATION_CONTEXT() REPRESENTATION_CONTEXT('2D SPACE',''
  ) );
#14083 = PCURVE('',#12667,#14084);
#14084 = DEFINITIONAL_REPRESENTATION('',(#14085),#14089);
#14085 = LINE('',#14086,#14087);
#14086 = CARTESIAN_POINT('',(0.,0.));
#14087 = VECTOR('',#14088,1.);
#14088 = DIRECTION('',(0.,-1.));
#14089 = ( GEOMETRIC_REPRESENTATION_CONTEXT(2) 
PARAMETRIC_REPRESENTATION_CONTEXT() REPRESENTATION_CONTEXT('2D SPACE',''
  ) );
#14090 = ADVANCED_FACE('',(#14091),#12667,.T.);
#14091 = FACE_BOUND('',#14092,.T.);
#14092 = EDGE_LOOP('',(#14093,#14094,#14095,#14118));
#14093 = ORIENTED_EDGE('',*,*,#12645,.T.);
#14094 = ORIENTED_EDGE('',*,*,#14070,.T.);
#14095 = ORIENTED_EDGE('',*,*,#14096,.T.);
#14096 = EDGE_CURVE('',#14048,#14097,#14099,.T.);
#14097 = VERTEX_POINT('',#14098);
#14098 = CARTESIAN_POINT('',(114.60083007812,3.275634765625,2.69));
#14099 = SURFACE_CURVE('',#14100,(#14104,#14111),.PCURVE_S1.);
#14100 = B_SPLINE_CURVE_WITH_KNOTS('',2,(#14101,#14102,#14103),
  .UNSPECIFIED.,.F.,.F.,(3,3),(0.,1.),.PIECEWISE_BEZIER_KNOTS.);
#14101 = CARTESIAN_POINT('',(114.31372070312,3.227294921875,2.69));
#14102 = CARTESIAN_POINT('',(114.47631835937,3.227294921875,2.69));
#14103 = CARTESIAN_POINT('',(114.60083007812,3.275634765625,2.69));
#14104 = PCURVE('',#12667,#14105);
#14105 = DEFINITIONAL_REPRESENTATION('',(#14106),#14110);
#14106 = LINE('',#14107,#14108);
#14107 = CARTESIAN_POINT('',(0.,-0.5));
#14108 = VECTOR('',#14109,1.);
#14109 = DIRECTION('',(1.,0.));
#14110 = ( GEOMETRIC_REPRESENTATION_CONTEXT(2) 
PARAMETRIC_REPRESENTATION_CONTEXT() REPRESENTATION_CONTEXT('2D SPACE',''
  ) );
#14111 = PCURVE('',#13911,#14112);
#14112 = DEFINITIONAL_REPRESENTATION('',(#14113),#14117);
#14113 = B_SPLINE_CURVE_WITH_KNOTS('',2,(#14114,#14115,#14116),
  .UNSPECIFIED.,.F.,.F.,(3,3),(0.,1.),.PIECEWISE_BEZIER_KNOTS.);
#14114 = CARTESIAN_POINT('',(1.037109375,0.21826171875));
#14115 = CARTESIAN_POINT('',(1.19970703125,0.21826171875));
#14116 = CARTESIAN_POINT('',(1.32421875,0.2666015625));
#14117 = ( GEOMETRIC_REPRESENTATION_CONTEXT(2) 
PARAMETRIC_REPRESENTATION_CONTEXT() REPRESENTATION_CONTEXT('2D SPACE',''
  ) );
#14118 = ORIENTED_EDGE('',*,*,#14119,.F.);
#14119 = EDGE_CURVE('',#12607,#14097,#14120,.T.);
#14120 = SURFACE_CURVE('',#14121,(#14125,#14132),.PCURVE_S1.);
#14121 = LINE('',#14122,#14123);
#14122 = CARTESIAN_POINT('',(114.60083007812,3.275634765625,2.19));
#14123 = VECTOR('',#14124,1.);
#14124 = DIRECTION('',(0.,0.,1.));
#14125 = PCURVE('',#12667,#14126);
#14126 = DEFINITIONAL_REPRESENTATION('',(#14127),#14131);
#14127 = LINE('',#14128,#14129);
#14128 = CARTESIAN_POINT('',(1.,0.));
#14129 = VECTOR('',#14130,1.);
#14130 = DIRECTION('',(0.,-1.));
#14131 = ( GEOMETRIC_REPRESENTATION_CONTEXT(2) 
PARAMETRIC_REPRESENTATION_CONTEXT() REPRESENTATION_CONTEXT('2D SPACE',''
  ) );
#14132 = PCURVE('',#12628,#14133);
#14133 = DEFINITIONAL_REPRESENTATION('',(#14134),#14138);
#14134 = LINE('',#14135,#14136);
#14135 = CARTESIAN_POINT('',(0.,0.));
#14136 = VECTOR('',#14137,1.);
#14137 = DIRECTION('',(0.,-1.));
#14138 = ( GEOMETRIC_REPRESENTATION_CONTEXT(2) 
PARAMETRIC_REPRESENTATION_CONTEXT() REPRESENTATION_CONTEXT('2D SPACE',''
  ) );
#14139 = ADVANCED_FACE('',(#14140),#12628,.T.);
#14140 = FACE_BOUND('',#14141,.T.);
#14141 = EDGE_LOOP('',(#14142,#14143,#14144,#14167));
#14142 = ORIENTED_EDGE('',*,*,#12606,.T.);
#14143 = ORIENTED_EDGE('',*,*,#14119,.T.);
#14144 = ORIENTED_EDGE('',*,*,#14145,.T.);
#14145 = EDGE_CURVE('',#14097,#14146,#14148,.T.);
#14146 = VERTEX_POINT('',#14147);
#14147 = CARTESIAN_POINT('',(114.7861328125,3.408203125,2.69));
#14148 = SURFACE_CURVE('',#14149,(#14153,#14160),.PCURVE_S1.);
#14149 = B_SPLINE_CURVE_WITH_KNOTS('',2,(#14150,#14151,#14152),
  .UNSPECIFIED.,.F.,.F.,(3,3),(0.,1.),.PIECEWISE_BEZIER_KNOTS.);
#14150 = CARTESIAN_POINT('',(114.60083007812,3.275634765625,2.69));
#14151 = CARTESIAN_POINT('',(114.72534179687,3.323974609375,2.69));
#14152 = CARTESIAN_POINT('',(114.7861328125,3.408203125,2.69));
#14153 = PCURVE('',#12628,#14154);
#14154 = DEFINITIONAL_REPRESENTATION('',(#14155),#14159);
#14155 = LINE('',#14156,#14157);
#14156 = CARTESIAN_POINT('',(0.,-0.5));
#14157 = VECTOR('',#14158,1.);
#14158 = DIRECTION('',(1.,0.));
#14159 = ( GEOMETRIC_REPRESENTATION_CONTEXT(2) 
PARAMETRIC_REPRESENTATION_CONTEXT() REPRESENTATION_CONTEXT('2D SPACE',''
  ) );
#14160 = PCURVE('',#13911,#14161);
#14161 = DEFINITIONAL_REPRESENTATION('',(#14162),#14166);
#14162 = B_SPLINE_CURVE_WITH_KNOTS('',2,(#14163,#14164,#14165),
  .UNSPECIFIED.,.F.,.F.,(3,3),(0.,1.),.PIECEWISE_BEZIER_KNOTS.);
#14163 = CARTESIAN_POINT('',(1.32421875,0.2666015625));
#14164 = CARTESIAN_POINT('',(1.44873046875,0.31494140625));
#14165 = CARTESIAN_POINT('',(1.509521484375,0.399169921875));
#14166 = ( GEOMETRIC_REPRESENTATION_CONTEXT(2) 
PARAMETRIC_REPRESENTATION_CONTEXT() REPRESENTATION_CONTEXT('2D SPACE',''
  ) );
#14167 = ORIENTED_EDGE('',*,*,#14168,.F.);
#14168 = EDGE_CURVE('',#12562,#14146,#14169,.T.);
#14169 = SURFACE_CURVE('',#14170,(#14174,#14181),.PCURVE_S1.);
#14170 = LINE('',#14171,#14172);
#14171 = CARTESIAN_POINT('',(114.7861328125,3.408203125,2.19));
#14172 = VECTOR('',#14173,1.);
#14173 = DIRECTION('',(0.,0.,1.));
#14174 = PCURVE('',#12628,#14175);
#14175 = DEFINITIONAL_REPRESENTATION('',(#14176),#14180);
#14176 = LINE('',#14177,#14178);
#14177 = CARTESIAN_POINT('',(1.,0.));
#14178 = VECTOR('',#14179,1.);
#14179 = DIRECTION('',(0.,-1.));
#14180 = ( GEOMETRIC_REPRESENTATION_CONTEXT(2) 
PARAMETRIC_REPRESENTATION_CONTEXT() REPRESENTATION_CONTEXT('2D SPACE',''
  ) );
#14181 = PCURVE('',#12587,#14182);
#14182 = DEFINITIONAL_REPRESENTATION('',(#14183),#14187);
#14183 = LINE('',#14184,#14185);
#14184 = CARTESIAN_POINT('',(0.,0.));
#14185 = VECTOR('',#14186,1.);
#14186 = DIRECTION('',(0.,-1.));
#14187 = ( GEOMETRIC_REPRESENTATION_CONTEXT(2) 
PARAMETRIC_REPRESENTATION_CONTEXT() REPRESENTATION_CONTEXT('2D SPACE',''
  ) );
#14188 = ADVANCED_FACE('',(#14189),#12587,.T.);
#14189 = FACE_BOUND('',#14190,.T.);
#14190 = EDGE_LOOP('',(#14191,#14192,#14193,#14216));
#14191 = ORIENTED_EDGE('',*,*,#12561,.T.);
#14192 = ORIENTED_EDGE('',*,*,#14168,.T.);
#14193 = ORIENTED_EDGE('',*,*,#14194,.T.);
#14194 = EDGE_CURVE('',#14146,#14195,#14197,.T.);
#14195 = VERTEX_POINT('',#14196);
#14196 = CARTESIAN_POINT('',(114.84692382812,3.592041015625,2.69));
#14197 = SURFACE_CURVE('',#14198,(#14202,#14209),.PCURVE_S1.);
#14198 = B_SPLINE_CURVE_WITH_KNOTS('',2,(#14199,#14200,#14201),
  .UNSPECIFIED.,.F.,.F.,(3,3),(0.,1.),.PIECEWISE_BEZIER_KNOTS.);
#14199 = CARTESIAN_POINT('',(114.7861328125,3.408203125,2.69));
#14200 = CARTESIAN_POINT('',(114.84692382812,3.492431640625,2.69));
#14201 = CARTESIAN_POINT('',(114.84692382812,3.592041015625,2.69));
#14202 = PCURVE('',#12587,#14203);
#14203 = DEFINITIONAL_REPRESENTATION('',(#14204),#14208);
#14204 = LINE('',#14205,#14206);
#14205 = CARTESIAN_POINT('',(0.,-0.5));
#14206 = VECTOR('',#14207,1.);
#14207 = DIRECTION('',(1.,0.));
#14208 = ( GEOMETRIC_REPRESENTATION_CONTEXT(2) 
PARAMETRIC_REPRESENTATION_CONTEXT() REPRESENTATION_CONTEXT('2D SPACE',''
  ) );
#14209 = PCURVE('',#13911,#14210);
#14210 = DEFINITIONAL_REPRESENTATION('',(#14211),#14215);
#14211 = B_SPLINE_CURVE_WITH_KNOTS('',2,(#14212,#14213,#14214),
  .UNSPECIFIED.,.F.,.F.,(3,3),(0.,1.),.PIECEWISE_BEZIER_KNOTS.);
#14212 = CARTESIAN_POINT('',(1.509521484375,0.399169921875));
#14213 = CARTESIAN_POINT('',(1.5703125,0.4833984375));
#14214 = CARTESIAN_POINT('',(1.5703125,0.5830078125));
#14215 = ( GEOMETRIC_REPRESENTATION_CONTEXT(2) 
PARAMETRIC_REPRESENTATION_CONTEXT() REPRESENTATION_CONTEXT('2D SPACE',''
  ) );
#14216 = ORIENTED_EDGE('',*,*,#14217,.F.);
#14217 = EDGE_CURVE('',#12517,#14195,#14218,.T.);
#14218 = SURFACE_CURVE('',#14219,(#14223,#14230),.PCURVE_S1.);
#14219 = LINE('',#14220,#14221);
#14220 = CARTESIAN_POINT('',(114.84692382812,3.592041015625,2.19));
#14221 = VECTOR('',#14222,1.);
#14222 = DIRECTION('',(0.,0.,1.));
#14223 = PCURVE('',#12587,#14224);
#14224 = DEFINITIONAL_REPRESENTATION('',(#14225),#14229);
#14225 = LINE('',#14226,#14227);
#14226 = CARTESIAN_POINT('',(1.,0.));
#14227 = VECTOR('',#14228,1.);
#14228 = DIRECTION('',(0.,-1.));
#14229 = ( GEOMETRIC_REPRESENTATION_CONTEXT(2) 
PARAMETRIC_REPRESENTATION_CONTEXT() REPRESENTATION_CONTEXT('2D SPACE',''
  ) );
#14230 = PCURVE('',#12542,#14231);
#14231 = DEFINITIONAL_REPRESENTATION('',(#14232),#14236);
#14232 = LINE('',#14233,#14234);
#14233 = CARTESIAN_POINT('',(0.,0.));
#14234 = VECTOR('',#14235,1.);
#14235 = DIRECTION('',(0.,-1.));
#14236 = ( GEOMETRIC_REPRESENTATION_CONTEXT(2) 
PARAMETRIC_REPRESENTATION_CONTEXT() REPRESENTATION_CONTEXT('2D SPACE',''
  ) );
#14237 = ADVANCED_FACE('',(#14238),#12542,.T.);
#14238 = FACE_BOUND('',#14239,.T.);
#14239 = EDGE_LOOP('',(#14240,#14241,#14242,#14265));
#14240 = ORIENTED_EDGE('',*,*,#12516,.T.);
#14241 = ORIENTED_EDGE('',*,*,#14217,.T.);
#14242 = ORIENTED_EDGE('',*,*,#14243,.T.);
#14243 = EDGE_CURVE('',#14195,#14244,#14246,.T.);
#14244 = VERTEX_POINT('',#14245);
#14245 = CARTESIAN_POINT('',(114.78833007812,3.7685546875,2.69));
#14246 = SURFACE_CURVE('',#14247,(#14251,#14258),.PCURVE_S1.);
#14247 = B_SPLINE_CURVE_WITH_KNOTS('',2,(#14248,#14249,#14250),
  .UNSPECIFIED.,.F.,.F.,(3,3),(0.,1.),.PIECEWISE_BEZIER_KNOTS.);
#14248 = CARTESIAN_POINT('',(114.84692382812,3.592041015625,2.69));
#14249 = CARTESIAN_POINT('',(114.84692382812,3.693115234375,2.69));
#14250 = CARTESIAN_POINT('',(114.78833007812,3.7685546875,2.69));
#14251 = PCURVE('',#12542,#14252);
#14252 = DEFINITIONAL_REPRESENTATION('',(#14253),#14257);
#14253 = LINE('',#14254,#14255);
#14254 = CARTESIAN_POINT('',(0.,-0.5));
#14255 = VECTOR('',#14256,1.);
#14256 = DIRECTION('',(1.,0.));
#14257 = ( GEOMETRIC_REPRESENTATION_CONTEXT(2) 
PARAMETRIC_REPRESENTATION_CONTEXT() REPRESENTATION_CONTEXT('2D SPACE',''
  ) );
#14258 = PCURVE('',#13911,#14259);
#14259 = DEFINITIONAL_REPRESENTATION('',(#14260),#14264);
#14260 = B_SPLINE_CURVE_WITH_KNOTS('',2,(#14261,#14262,#14263),
  .UNSPECIFIED.,.F.,.F.,(3,3),(0.,1.),.PIECEWISE_BEZIER_KNOTS.);
#14261 = CARTESIAN_POINT('',(1.5703125,0.5830078125));
#14262 = CARTESIAN_POINT('',(1.5703125,0.68408203125));
#14263 = CARTESIAN_POINT('',(1.51171875,0.759521484375));
#14264 = ( GEOMETRIC_REPRESENTATION_CONTEXT(2) 
PARAMETRIC_REPRESENTATION_CONTEXT() REPRESENTATION_CONTEXT('2D SPACE',''
  ) );
#14265 = ORIENTED_EDGE('',*,*,#14266,.F.);
#14266 = EDGE_CURVE('',#12478,#14244,#14267,.T.);
#14267 = SURFACE_CURVE('',#14268,(#14272,#14279),.PCURVE_S1.);
#14268 = LINE('',#14269,#14270);
#14269 = CARTESIAN_POINT('',(114.78833007812,3.7685546875,2.19));
#14270 = VECTOR('',#14271,1.);
#14271 = DIRECTION('',(0.,0.,1.));
#14272 = PCURVE('',#12542,#14273);
#14273 = DEFINITIONAL_REPRESENTATION('',(#14274),#14278);
#14274 = LINE('',#14275,#14276);
#14275 = CARTESIAN_POINT('',(1.,0.));
#14276 = VECTOR('',#14277,1.);
#14277 = DIRECTION('',(0.,-1.));
#14278 = ( GEOMETRIC_REPRESENTATION_CONTEXT(2) 
PARAMETRIC_REPRESENTATION_CONTEXT() REPRESENTATION_CONTEXT('2D SPACE',''
  ) );
#14279 = PCURVE('',#12499,#14280);
#14280 = DEFINITIONAL_REPRESENTATION('',(#14281),#14285);
#14281 = LINE('',#14282,#14283);
#14282 = CARTESIAN_POINT('',(0.,0.));
#14283 = VECTOR('',#14284,1.);
#14284 = DIRECTION('',(0.,-1.));
#14285 = ( GEOMETRIC_REPRESENTATION_CONTEXT(2) 
PARAMETRIC_REPRESENTATION_CONTEXT() REPRESENTATION_CONTEXT('2D SPACE',''
  ) );
#14286 = ADVANCED_FACE('',(#14287),#12499,.T.);
#14287 = FACE_BOUND('',#14288,.T.);
#14288 = EDGE_LOOP('',(#14289,#14290,#14291,#14314));
#14289 = ORIENTED_EDGE('',*,*,#12477,.T.);
#14290 = ORIENTED_EDGE('',*,*,#14266,.T.);
#14291 = ORIENTED_EDGE('',*,*,#14292,.T.);
#14292 = EDGE_CURVE('',#14244,#14293,#14295,.T.);
#14293 = VERTEX_POINT('',#14294);
#14294 = CARTESIAN_POINT('',(114.59497070312,3.895263671875,2.69));
#14295 = SURFACE_CURVE('',#14296,(#14300,#14307),.PCURVE_S1.);
#14296 = B_SPLINE_CURVE_WITH_KNOTS('',2,(#14297,#14298,#14299),
  .UNSPECIFIED.,.F.,.F.,(3,3),(0.,1.),.PIECEWISE_BEZIER_KNOTS.);
#14297 = CARTESIAN_POINT('',(114.78833007812,3.7685546875,2.69));
#14298 = CARTESIAN_POINT('',(114.72973632812,3.843994140625,2.69));
#14299 = CARTESIAN_POINT('',(114.59497070312,3.895263671875,2.69));
#14300 = PCURVE('',#12499,#14301);
#14301 = DEFINITIONAL_REPRESENTATION('',(#14302),#14306);
#14302 = LINE('',#14303,#14304);
#14303 = CARTESIAN_POINT('',(0.,-0.5));
#14304 = VECTOR('',#14305,1.);
#14305 = DIRECTION('',(1.,0.));
#14306 = ( GEOMETRIC_REPRESENTATION_CONTEXT(2) 
PARAMETRIC_REPRESENTATION_CONTEXT() REPRESENTATION_CONTEXT('2D SPACE',''
  ) );
#14307 = PCURVE('',#13911,#14308);
#14308 = DEFINITIONAL_REPRESENTATION('',(#14309),#14313);
#14309 = B_SPLINE_CURVE_WITH_KNOTS('',2,(#14310,#14311,#14312),
  .UNSPECIFIED.,.F.,.F.,(3,3),(0.,1.),.PIECEWISE_BEZIER_KNOTS.);
#14310 = CARTESIAN_POINT('',(1.51171875,0.759521484375));
#14311 = CARTESIAN_POINT('',(1.453125,0.8349609375));
#14312 = CARTESIAN_POINT('',(1.318359375,0.88623046875));
#14313 = ( GEOMETRIC_REPRESENTATION_CONTEXT(2) 
PARAMETRIC_REPRESENTATION_CONTEXT() REPRESENTATION_CONTEXT('2D SPACE',''
  ) );
#14314 = ORIENTED_EDGE('',*,*,#14315,.F.);
#14315 = EDGE_CURVE('',#12436,#14293,#14316,.T.);
#14316 = SURFACE_CURVE('',#14317,(#14321,#14328),.PCURVE_S1.);
#14317 = LINE('',#14318,#14319);
#14318 = CARTESIAN_POINT('',(114.59497070312,3.895263671875,2.19));
#14319 = VECTOR('',#14320,1.);
#14320 = DIRECTION('',(0.,0.,1.));
#14321 = PCURVE('',#12499,#14322);
#14322 = DEFINITIONAL_REPRESENTATION('',(#14323),#14327);
#14323 = LINE('',#14324,#14325);
#14324 = CARTESIAN_POINT('',(1.,0.));
#14325 = VECTOR('',#14326,1.);
#14326 = DIRECTION('',(0.,-1.));
#14327 = ( GEOMETRIC_REPRESENTATION_CONTEXT(2) 
PARAMETRIC_REPRESENTATION_CONTEXT() REPRESENTATION_CONTEXT('2D SPACE',''
  ) );
#14328 = PCURVE('',#12459,#14329);
#14329 = DEFINITIONAL_REPRESENTATION('',(#14330),#14334);
#14330 = LINE('',#14331,#14332);
#14331 = CARTESIAN_POINT('',(0.,0.));
#14332 = VECTOR('',#14333,1.);
#14333 = DIRECTION('',(0.,-1.));
#14334 = ( GEOMETRIC_REPRESENTATION_CONTEXT(2) 
PARAMETRIC_REPRESENTATION_CONTEXT() REPRESENTATION_CONTEXT('2D SPACE',''
  ) );
#14335 = ADVANCED_FACE('',(#14336),#12459,.T.);
#14336 = FACE_BOUND('',#14337,.T.);
#14337 = EDGE_LOOP('',(#14338,#14339,#14340,#14363));
#14338 = ORIENTED_EDGE('',*,*,#12435,.T.);
#14339 = ORIENTED_EDGE('',*,*,#14315,.T.);
#14340 = ORIENTED_EDGE('',*,*,#14341,.T.);
#14341 = EDGE_CURVE('',#14293,#14342,#14344,.T.);
#14342 = VERTEX_POINT('',#14343);
#14343 = CARTESIAN_POINT('',(114.21264648437,4.,2.69));
#14344 = SURFACE_CURVE('',#14345,(#14349,#14356),.PCURVE_S1.);
#14345 = B_SPLINE_CURVE_WITH_KNOTS('',2,(#14346,#14347,#14348),
  .UNSPECIFIED.,.F.,.F.,(3,3),(0.,1.),.PIECEWISE_BEZIER_KNOTS.);
#14346 = CARTESIAN_POINT('',(114.59497070312,3.895263671875,2.69));
#14347 = CARTESIAN_POINT('',(114.50854492187,3.928955078125,2.69));
#14348 = CARTESIAN_POINT('',(114.21264648437,4.,2.69));
#14349 = PCURVE('',#12459,#14350);
#14350 = DEFINITIONAL_REPRESENTATION('',(#14351),#14355);
#14351 = LINE('',#14352,#14353);
#14352 = CARTESIAN_POINT('',(0.,-0.5));
#14353 = VECTOR('',#14354,1.);
#14354 = DIRECTION('',(1.,0.));
#14355 = ( GEOMETRIC_REPRESENTATION_CONTEXT(2) 
PARAMETRIC_REPRESENTATION_CONTEXT() REPRESENTATION_CONTEXT('2D SPACE',''
  ) );
#14356 = PCURVE('',#13911,#14357);
#14357 = DEFINITIONAL_REPRESENTATION('',(#14358),#14362);
#14358 = B_SPLINE_CURVE_WITH_KNOTS('',2,(#14359,#14360,#14361),
  .UNSPECIFIED.,.F.,.F.,(3,3),(0.,1.),.PIECEWISE_BEZIER_KNOTS.);
#14359 = CARTESIAN_POINT('',(1.318359375,0.88623046875));
#14360 = CARTESIAN_POINT('',(1.23193359375,0.919921875));
#14361 = CARTESIAN_POINT('',(0.93603515625,0.990966796875));
#14362 = ( GEOMETRIC_REPRESENTATION_CONTEXT(2) 
PARAMETRIC_REPRESENTATION_CONTEXT() REPRESENTATION_CONTEXT('2D SPACE',''
  ) );
#14363 = ORIENTED_EDGE('',*,*,#14364,.F.);
#14364 = EDGE_CURVE('',#12394,#14342,#14365,.T.);
#14365 = SURFACE_CURVE('',#14366,(#14370,#14377),.PCURVE_S1.);
#14366 = LINE('',#14367,#14368);
#14367 = CARTESIAN_POINT('',(114.21264648437,4.,2.19));
#14368 = VECTOR('',#14369,1.);
#14369 = DIRECTION('',(0.,0.,1.));
#14370 = PCURVE('',#12459,#14371);
#14371 = DEFINITIONAL_REPRESENTATION('',(#14372),#14376);
#14372 = LINE('',#14373,#14374);
#14373 = CARTESIAN_POINT('',(1.,0.));
#14374 = VECTOR('',#14375,1.);
#14375 = DIRECTION('',(0.,-1.));
#14376 = ( GEOMETRIC_REPRESENTATION_CONTEXT(2) 
PARAMETRIC_REPRESENTATION_CONTEXT() REPRESENTATION_CONTEXT('2D SPACE',''
  ) );
#14377 = PCURVE('',#12417,#14378);
#14378 = DEFINITIONAL_REPRESENTATION('',(#14379),#14383);
#14379 = LINE('',#14380,#14381);
#14380 = CARTESIAN_POINT('',(0.,0.));
#14381 = VECTOR('',#14382,1.);
#14382 = DIRECTION('',(0.,-1.));
#14383 = ( GEOMETRIC_REPRESENTATION_CONTEXT(2) 
PARAMETRIC_REPRESENTATION_CONTEXT() REPRESENTATION_CONTEXT('2D SPACE',''
  ) );
#14384 = ADVANCED_FACE('',(#14385),#12417,.T.);
#14385 = FACE_BOUND('',#14386,.T.);
#14386 = EDGE_LOOP('',(#14387,#14388,#14389,#14412));
#14387 = ORIENTED_EDGE('',*,*,#12393,.T.);
#14388 = ORIENTED_EDGE('',*,*,#14364,.T.);
#14389 = ORIENTED_EDGE('',*,*,#14390,.T.);
#14390 = EDGE_CURVE('',#14342,#14391,#14393,.T.);
#14391 = VERTEX_POINT('',#14392);
#14392 = CARTESIAN_POINT('',(113.79809570312,4.134033203125,2.69));
#14393 = SURFACE_CURVE('',#14394,(#14398,#14405),.PCURVE_S1.);
#14394 = B_SPLINE_CURVE_WITH_KNOTS('',2,(#14395,#14396,#14397),
  .UNSPECIFIED.,.F.,.F.,(3,3),(0.,1.),.PIECEWISE_BEZIER_KNOTS.);
#14395 = CARTESIAN_POINT('',(114.21264648437,4.,2.69));
#14396 = CARTESIAN_POINT('',(113.91674804687,4.071044921875,2.69));
#14397 = CARTESIAN_POINT('',(113.79809570312,4.134033203125,2.69));
#14398 = PCURVE('',#12417,#14399);
#14399 = DEFINITIONAL_REPRESENTATION('',(#14400),#14404);
#14400 = LINE('',#14401,#14402);
#14401 = CARTESIAN_POINT('',(0.,-0.5));
#14402 = VECTOR('',#14403,1.);
#14403 = DIRECTION('',(1.,0.));
#14404 = ( GEOMETRIC_REPRESENTATION_CONTEXT(2) 
PARAMETRIC_REPRESENTATION_CONTEXT() REPRESENTATION_CONTEXT('2D SPACE',''
  ) );
#14405 = PCURVE('',#13911,#14406);
#14406 = DEFINITIONAL_REPRESENTATION('',(#14407),#14411);
#14407 = B_SPLINE_CURVE_WITH_KNOTS('',2,(#14408,#14409,#14410),
  .UNSPECIFIED.,.F.,.F.,(3,3),(0.,1.),.PIECEWISE_BEZIER_KNOTS.);
#14408 = CARTESIAN_POINT('',(0.93603515625,0.990966796875));
#14409 = CARTESIAN_POINT('',(0.64013671875,1.06201171875));
#14410 = CARTESIAN_POINT('',(0.521484375,1.125));
#14411 = ( GEOMETRIC_REPRESENTATION_CONTEXT(2) 
PARAMETRIC_REPRESENTATION_CONTEXT() REPRESENTATION_CONTEXT('2D SPACE',''
  ) );
#14412 = ORIENTED_EDGE('',*,*,#14413,.F.);
#14413 = EDGE_CURVE('',#12355,#14391,#14414,.T.);
#14414 = SURFACE_CURVE('',#14415,(#14419,#14426),.PCURVE_S1.);
#14415 = LINE('',#14416,#14417);
#14416 = CARTESIAN_POINT('',(113.79809570312,4.134033203125,2.19));
#14417 = VECTOR('',#14418,1.);
#14418 = DIRECTION('',(0.,0.,1.));
#14419 = PCURVE('',#12417,#14420);
#14420 = DEFINITIONAL_REPRESENTATION('',(#14421),#14425);
#14421 = LINE('',#14422,#14423);
#14422 = CARTESIAN_POINT('',(1.,0.));
#14423 = VECTOR('',#14424,1.);
#14424 = DIRECTION('',(0.,-1.));
#14425 = ( GEOMETRIC_REPRESENTATION_CONTEXT(2) 
PARAMETRIC_REPRESENTATION_CONTEXT() REPRESENTATION_CONTEXT('2D SPACE',''
  ) );
#14426 = PCURVE('',#12376,#14427);
#14427 = DEFINITIONAL_REPRESENTATION('',(#14428),#14432);
#14428 = LINE('',#14429,#14430);
#14429 = CARTESIAN_POINT('',(0.,0.));
#14430 = VECTOR('',#14431,1.);
#14431 = DIRECTION('',(0.,-1.));
#14432 = ( GEOMETRIC_REPRESENTATION_CONTEXT(2) 
PARAMETRIC_REPRESENTATION_CONTEXT() REPRESENTATION_CONTEXT('2D SPACE',''
  ) );
#14433 = ADVANCED_FACE('',(#14434),#12376,.T.);
#14434 = FACE_BOUND('',#14435,.T.);
#14435 = EDGE_LOOP('',(#14436,#14437,#14438,#14461));
#14436 = ORIENTED_EDGE('',*,*,#12354,.T.);
#14437 = ORIENTED_EDGE('',*,*,#14413,.T.);
#14438 = ORIENTED_EDGE('',*,*,#14439,.T.);
#14439 = EDGE_CURVE('',#14391,#14440,#14442,.T.);
#14440 = VERTEX_POINT('',#14441);
#14441 = CARTESIAN_POINT('',(113.56884765625,4.333984375,2.69));
#14442 = SURFACE_CURVE('',#14443,(#14447,#14454),.PCURVE_S1.);
#14443 = B_SPLINE_CURVE_WITH_KNOTS('',2,(#14444,#14445,#14446),
  .UNSPECIFIED.,.F.,.F.,(3,3),(0.,1.),.PIECEWISE_BEZIER_KNOTS.);
#14444 = CARTESIAN_POINT('',(113.79809570312,4.134033203125,2.69));
#14445 = CARTESIAN_POINT('',(113.64428710937,4.214599609375,2.69));
#14446 = CARTESIAN_POINT('',(113.56884765625,4.333984375,2.69));
#14447 = PCURVE('',#12376,#14448);
#14448 = DEFINITIONAL_REPRESENTATION('',(#14449),#14453);
#14449 = LINE('',#14450,#14451);
#14450 = CARTESIAN_POINT('',(0.,-0.5));
#14451 = VECTOR('',#14452,1.);
#14452 = DIRECTION('',(1.,0.));
#14453 = ( GEOMETRIC_REPRESENTATION_CONTEXT(2) 
PARAMETRIC_REPRESENTATION_CONTEXT() REPRESENTATION_CONTEXT('2D SPACE',''
  ) );
#14454 = PCURVE('',#13911,#14455);
#14455 = DEFINITIONAL_REPRESENTATION('',(#14456),#14460);
#14456 = B_SPLINE_CURVE_WITH_KNOTS('',2,(#14457,#14458,#14459),
  .UNSPECIFIED.,.F.,.F.,(3,3),(0.,1.),.PIECEWISE_BEZIER_KNOTS.);
#14457 = CARTESIAN_POINT('',(0.521484375,1.125));
#14458 = CARTESIAN_POINT('',(0.36767578125,1.20556640625));
#14459 = CARTESIAN_POINT('',(0.292236328125,1.324951171875));
#14460 = ( GEOMETRIC_REPRESENTATION_CONTEXT(2) 
PARAMETRIC_REPRESENTATION_CONTEXT() REPRESENTATION_CONTEXT('2D SPACE',''
  ) );
#14461 = ORIENTED_EDGE('',*,*,#14462,.F.);
#14462 = EDGE_CURVE('',#12310,#14440,#14463,.T.);
#14463 = SURFACE_CURVE('',#14464,(#14468,#14475),.PCURVE_S1.);
#14464 = LINE('',#14465,#14466);
#14465 = CARTESIAN_POINT('',(113.56884765625,4.333984375,2.19));
#14466 = VECTOR('',#14467,1.);
#14467 = DIRECTION('',(0.,0.,1.));
#14468 = PCURVE('',#12376,#14469);
#14469 = DEFINITIONAL_REPRESENTATION('',(#14470),#14474);
#14470 = LINE('',#14471,#14472);
#14471 = CARTESIAN_POINT('',(1.,0.));
#14472 = VECTOR('',#14473,1.);
#14473 = DIRECTION('',(0.,-1.));
#14474 = ( GEOMETRIC_REPRESENTATION_CONTEXT(2) 
PARAMETRIC_REPRESENTATION_CONTEXT() REPRESENTATION_CONTEXT('2D SPACE',''
  ) );
#14475 = PCURVE('',#12335,#14476);
#14476 = DEFINITIONAL_REPRESENTATION('',(#14477),#14481);
#14477 = LINE('',#14478,#14479);
#14478 = CARTESIAN_POINT('',(0.,0.));
#14479 = VECTOR('',#14480,1.);
#14480 = DIRECTION('',(0.,-1.));
#14481 = ( GEOMETRIC_REPRESENTATION_CONTEXT(2) 
PARAMETRIC_REPRESENTATION_CONTEXT() REPRESENTATION_CONTEXT('2D SPACE',''
  ) );
#14482 = ADVANCED_FACE('',(#14483),#12335,.T.);
#14483 = FACE_BOUND('',#14484,.T.);
#14484 = EDGE_LOOP('',(#14485,#14486,#14487,#14510));
#14485 = ORIENTED_EDGE('',*,*,#12309,.T.);
#14486 = ORIENTED_EDGE('',*,*,#14462,.T.);
#14487 = ORIENTED_EDGE('',*,*,#14488,.T.);
#14488 = EDGE_CURVE('',#14440,#14489,#14491,.T.);
#14489 = VERTEX_POINT('',#14490);
#14490 = CARTESIAN_POINT('',(113.49340820312,4.601318359375,2.69));
#14491 = SURFACE_CURVE('',#14492,(#14496,#14503),.PCURVE_S1.);
#14492 = B_SPLINE_CURVE_WITH_KNOTS('',2,(#14493,#14494,#14495),
  .UNSPECIFIED.,.F.,.F.,(3,3),(0.,1.),.PIECEWISE_BEZIER_KNOTS.);
#14493 = CARTESIAN_POINT('',(113.56884765625,4.333984375,2.69));
#14494 = CARTESIAN_POINT('',(113.49340820312,4.453369140625,2.69));
#14495 = CARTESIAN_POINT('',(113.49340820312,4.601318359375,2.69));
#14496 = PCURVE('',#12335,#14497);
#14497 = DEFINITIONAL_REPRESENTATION('',(#14498),#14502);
#14498 = LINE('',#14499,#14500);
#14499 = CARTESIAN_POINT('',(0.,-0.5));
#14500 = VECTOR('',#14501,1.);
#14501 = DIRECTION('',(1.,0.));
#14502 = ( GEOMETRIC_REPRESENTATION_CONTEXT(2) 
PARAMETRIC_REPRESENTATION_CONTEXT() REPRESENTATION_CONTEXT('2D SPACE',''
  ) );
#14503 = PCURVE('',#13911,#14504);
#14504 = DEFINITIONAL_REPRESENTATION('',(#14505),#14509);
#14505 = B_SPLINE_CURVE_WITH_KNOTS('',2,(#14506,#14507,#14508),
  .UNSPECIFIED.,.F.,.F.,(3,3),(0.,1.),.PIECEWISE_BEZIER_KNOTS.);
#14506 = CARTESIAN_POINT('',(0.292236328125,1.324951171875));
#14507 = CARTESIAN_POINT('',(0.216796875,1.4443359375));
#14508 = CARTESIAN_POINT('',(0.216796875,1.59228515625));
#14509 = ( GEOMETRIC_REPRESENTATION_CONTEXT(2) 
PARAMETRIC_REPRESENTATION_CONTEXT() REPRESENTATION_CONTEXT('2D SPACE',''
  ) );
#14510 = ORIENTED_EDGE('',*,*,#14511,.F.);
#14511 = EDGE_CURVE('',#12265,#14489,#14512,.T.);
#14512 = SURFACE_CURVE('',#14513,(#14517,#14524),.PCURVE_S1.);
#14513 = LINE('',#14514,#14515);
#14514 = CARTESIAN_POINT('',(113.49340820312,4.601318359375,2.19));
#14515 = VECTOR('',#14516,1.);
#14516 = DIRECTION('',(0.,0.,1.));
#14517 = PCURVE('',#12335,#14518);
#14518 = DEFINITIONAL_REPRESENTATION('',(#14519),#14523);
#14519 = LINE('',#14520,#14521);
#14520 = CARTESIAN_POINT('',(1.,0.));
#14521 = VECTOR('',#14522,1.);
#14522 = DIRECTION('',(0.,-1.));
#14523 = ( GEOMETRIC_REPRESENTATION_CONTEXT(2) 
PARAMETRIC_REPRESENTATION_CONTEXT() REPRESENTATION_CONTEXT('2D SPACE',''
  ) );
#14524 = PCURVE('',#12290,#14525);
#14525 = DEFINITIONAL_REPRESENTATION('',(#14526),#14530);
#14526 = LINE('',#14527,#14528);
#14527 = CARTESIAN_POINT('',(0.,0.));
#14528 = VECTOR('',#14529,1.);
#14529 = DIRECTION('',(0.,-1.));
#14530 = ( GEOMETRIC_REPRESENTATION_CONTEXT(2) 
PARAMETRIC_REPRESENTATION_CONTEXT() REPRESENTATION_CONTEXT('2D SPACE',''
  ) );
#14531 = ADVANCED_FACE('',(#14532),#12290,.T.);
#14532 = FACE_BOUND('',#14533,.T.);
#14533 = EDGE_LOOP('',(#14534,#14535,#14536,#14559));
#14534 = ORIENTED_EDGE('',*,*,#12264,.T.);
#14535 = ORIENTED_EDGE('',*,*,#14511,.T.);
#14536 = ORIENTED_EDGE('',*,*,#14537,.T.);
#14537 = EDGE_CURVE('',#14489,#14538,#14540,.T.);
#14538 = VERTEX_POINT('',#14539);
#14539 = CARTESIAN_POINT('',(113.58569335937,4.9052734375,2.69));
#14540 = SURFACE_CURVE('',#14541,(#14545,#14552),.PCURVE_S1.);
#14541 = B_SPLINE_CURVE_WITH_KNOTS('',2,(#14542,#14543,#14544),
  .UNSPECIFIED.,.F.,.F.,(3,3),(0.,1.),.PIECEWISE_BEZIER_KNOTS.);
#14542 = CARTESIAN_POINT('',(113.49340820312,4.601318359375,2.69));
#14543 = CARTESIAN_POINT('',(113.49340820312,4.763916015625,2.69));
#14544 = CARTESIAN_POINT('',(113.58569335937,4.9052734375,2.69));
#14545 = PCURVE('',#12290,#14546);
#14546 = DEFINITIONAL_REPRESENTATION('',(#14547),#14551);
#14547 = LINE('',#14548,#14549);
#14548 = CARTESIAN_POINT('',(0.,-0.5));
#14549 = VECTOR('',#14550,1.);
#14550 = DIRECTION('',(1.,0.));
#14551 = ( GEOMETRIC_REPRESENTATION_CONTEXT(2) 
PARAMETRIC_REPRESENTATION_CONTEXT() REPRESENTATION_CONTEXT('2D SPACE',''
  ) );
#14552 = PCURVE('',#13911,#14553);
#14553 = DEFINITIONAL_REPRESENTATION('',(#14554),#14558);
#14554 = B_SPLINE_CURVE_WITH_KNOTS('',2,(#14555,#14556,#14557),
  .UNSPECIFIED.,.F.,.F.,(3,3),(0.,1.),.PIECEWISE_BEZIER_KNOTS.);
#14555 = CARTESIAN_POINT('',(0.216796875,1.59228515625));
#14556 = CARTESIAN_POINT('',(0.216796875,1.7548828125));
#14557 = CARTESIAN_POINT('',(0.30908203125,1.896240234375));
#14558 = ( GEOMETRIC_REPRESENTATION_CONTEXT(2) 
PARAMETRIC_REPRESENTATION_CONTEXT() REPRESENTATION_CONTEXT('2D SPACE',''
  ) );
#14559 = ORIENTED_EDGE('',*,*,#14560,.F.);
#14560 = EDGE_CURVE('',#12214,#14538,#14561,.T.);
#14561 = SURFACE_CURVE('',#14562,(#14566,#14573),.PCURVE_S1.);
#14562 = LINE('',#14563,#14564);
#14563 = CARTESIAN_POINT('',(113.58569335937,4.9052734375,2.19));
#14564 = VECTOR('',#14565,1.);
#14565 = DIRECTION('',(0.,0.,1.));
#14566 = PCURVE('',#12290,#14567);
#14567 = DEFINITIONAL_REPRESENTATION('',(#14568),#14572);
#14568 = LINE('',#14569,#14570);
#14569 = CARTESIAN_POINT('',(1.,0.));
#14570 = VECTOR('',#14571,1.);
#14571 = DIRECTION('',(0.,-1.));
#14572 = ( GEOMETRIC_REPRESENTATION_CONTEXT(2) 
PARAMETRIC_REPRESENTATION_CONTEXT() REPRESENTATION_CONTEXT('2D SPACE',''
  ) );
#14573 = PCURVE('',#12243,#14574);
#14574 = DEFINITIONAL_REPRESENTATION('',(#14575),#14579);
#14575 = LINE('',#14576,#14577);
#14576 = CARTESIAN_POINT('',(0.,0.));
#14577 = VECTOR('',#14578,1.);
#14578 = DIRECTION('',(0.,-1.));
#14579 = ( GEOMETRIC_REPRESENTATION_CONTEXT(2) 
PARAMETRIC_REPRESENTATION_CONTEXT() REPRESENTATION_CONTEXT('2D SPACE',''
  ) );
#14580 = ADVANCED_FACE('',(#14581),#12243,.T.);
#14581 = FACE_BOUND('',#14582,.T.);
#14582 = EDGE_LOOP('',(#14583,#14584,#14585,#14608));
#14583 = ORIENTED_EDGE('',*,*,#12213,.T.);
#14584 = ORIENTED_EDGE('',*,*,#14560,.T.);
#14585 = ORIENTED_EDGE('',*,*,#14586,.T.);
#14586 = EDGE_CURVE('',#14538,#14587,#14589,.T.);
#14587 = VERTEX_POINT('',#14588);
#14588 = CARTESIAN_POINT('',(113.85522460937,5.119873046875,2.69));
#14589 = SURFACE_CURVE('',#14590,(#14594,#14601),.PCURVE_S1.);
#14590 = B_SPLINE_CURVE_WITH_KNOTS('',2,(#14591,#14592,#14593),
  .UNSPECIFIED.,.F.,.F.,(3,3),(0.,1.),.PIECEWISE_BEZIER_KNOTS.);
#14591 = CARTESIAN_POINT('',(113.58569335937,4.9052734375,2.69));
#14592 = CARTESIAN_POINT('',(113.67797851562,5.046630859375,2.69));
#14593 = CARTESIAN_POINT('',(113.85522460937,5.119873046875,2.69));
#14594 = PCURVE('',#12243,#14595);
#14595 = DEFINITIONAL_REPRESENTATION('',(#14596),#14600);
#14596 = LINE('',#14597,#14598);
#14597 = CARTESIAN_POINT('',(0.,-0.5));
#14598 = VECTOR('',#14599,1.);
#14599 = DIRECTION('',(1.,0.));
#14600 = ( GEOMETRIC_REPRESENTATION_CONTEXT(2) 
PARAMETRIC_REPRESENTATION_CONTEXT() REPRESENTATION_CONTEXT('2D SPACE',''
  ) );
#14601 = PCURVE('',#13911,#14602);
#14602 = DEFINITIONAL_REPRESENTATION('',(#14603),#14607);
#14603 = B_SPLINE_CURVE_WITH_KNOTS('',2,(#14604,#14605,#14606),
  .UNSPECIFIED.,.F.,.F.,(3,3),(0.,1.),.PIECEWISE_BEZIER_KNOTS.);
#14604 = CARTESIAN_POINT('',(0.30908203125,1.896240234375));
#14605 = CARTESIAN_POINT('',(0.4013671875,2.03759765625));
#14606 = CARTESIAN_POINT('',(0.57861328125,2.11083984375));
#14607 = ( GEOMETRIC_REPRESENTATION_CONTEXT(2) 
PARAMETRIC_REPRESENTATION_CONTEXT() REPRESENTATION_CONTEXT('2D SPACE',''
  ) );
#14608 = ORIENTED_EDGE('',*,*,#14609,.F.);
#14609 = EDGE_CURVE('',#12175,#14587,#14610,.T.);
#14610 = SURFACE_CURVE('',#14611,(#14615,#14622),.PCURVE_S1.);
#14611 = LINE('',#14612,#14613);
#14612 = CARTESIAN_POINT('',(113.85522460937,5.119873046875,2.19));
#14613 = VECTOR('',#14614,1.);
#14614 = DIRECTION('',(0.,0.,1.));
#14615 = PCURVE('',#12243,#14616);
#14616 = DEFINITIONAL_REPRESENTATION('',(#14617),#14621);
#14617 = LINE('',#14618,#14619);
#14618 = CARTESIAN_POINT('',(1.,0.));
#14619 = VECTOR('',#14620,1.);
#14620 = DIRECTION('',(0.,-1.));
#14621 = ( GEOMETRIC_REPRESENTATION_CONTEXT(2) 
PARAMETRIC_REPRESENTATION_CONTEXT() REPRESENTATION_CONTEXT('2D SPACE',''
  ) );
#14622 = PCURVE('',#12196,#14623);
#14623 = DEFINITIONAL_REPRESENTATION('',(#14624),#14628);
#14624 = LINE('',#14625,#14626);
#14625 = CARTESIAN_POINT('',(0.,0.));
#14626 = VECTOR('',#14627,1.);
#14627 = DIRECTION('',(0.,-1.));
#14628 = ( GEOMETRIC_REPRESENTATION_CONTEXT(2) 
PARAMETRIC_REPRESENTATION_CONTEXT() REPRESENTATION_CONTEXT('2D SPACE',''
  ) );
#14629 = ADVANCED_FACE('',(#14630),#12196,.T.);
#14630 = FACE_BOUND('',#14631,.T.);
#14631 = EDGE_LOOP('',(#14632,#14633,#14634,#14657));
#14632 = ORIENTED_EDGE('',*,*,#12174,.T.);
#14633 = ORIENTED_EDGE('',*,*,#14609,.T.);
#14634 = ORIENTED_EDGE('',*,*,#14635,.T.);
#14635 = EDGE_CURVE('',#14587,#14636,#14638,.T.);
#14636 = VERTEX_POINT('',#14637);
#14637 = CARTESIAN_POINT('',(114.24926757812,5.193115234375,2.69));
#14638 = SURFACE_CURVE('',#14639,(#14643,#14650),.PCURVE_S1.);
#14639 = B_SPLINE_CURVE_WITH_KNOTS('',2,(#14640,#14641,#14642),
  .UNSPECIFIED.,.F.,.F.,(3,3),(0.,1.),.PIECEWISE_BEZIER_KNOTS.);
#14640 = CARTESIAN_POINT('',(113.85522460937,5.119873046875,2.69));
#14641 = CARTESIAN_POINT('',(114.03247070312,5.193115234375,2.69));
#14642 = CARTESIAN_POINT('',(114.24926757812,5.193115234375,2.69));
#14643 = PCURVE('',#12196,#14644);
#14644 = DEFINITIONAL_REPRESENTATION('',(#14645),#14649);
#14645 = LINE('',#14646,#14647);
#14646 = CARTESIAN_POINT('',(0.,-0.5));
#14647 = VECTOR('',#14648,1.);
#14648 = DIRECTION('',(1.,0.));
#14649 = ( GEOMETRIC_REPRESENTATION_CONTEXT(2) 
PARAMETRIC_REPRESENTATION_CONTEXT() REPRESENTATION_CONTEXT('2D SPACE',''
  ) );
#14650 = PCURVE('',#13911,#14651);
#14651 = DEFINITIONAL_REPRESENTATION('',(#14652),#14656);
#14652 = B_SPLINE_CURVE_WITH_KNOTS('',2,(#14653,#14654,#14655),
  .UNSPECIFIED.,.F.,.F.,(3,3),(0.,1.),.PIECEWISE_BEZIER_KNOTS.);
#14653 = CARTESIAN_POINT('',(0.57861328125,2.11083984375));
#14654 = CARTESIAN_POINT('',(0.755859375,2.18408203125));
#14655 = CARTESIAN_POINT('',(0.97265625,2.18408203125));
#14656 = ( GEOMETRIC_REPRESENTATION_CONTEXT(2) 
PARAMETRIC_REPRESENTATION_CONTEXT() REPRESENTATION_CONTEXT('2D SPACE',''
  ) );
#14657 = ORIENTED_EDGE('',*,*,#14658,.F.);
#14658 = EDGE_CURVE('',#12136,#14636,#14659,.T.);
#14659 = SURFACE_CURVE('',#14660,(#14664,#14671),.PCURVE_S1.);
#14660 = LINE('',#14661,#14662);
#14661 = CARTESIAN_POINT('',(114.24926757812,5.193115234375,2.19));
#14662 = VECTOR('',#14663,1.);
#14663 = DIRECTION('',(0.,0.,1.));
#14664 = PCURVE('',#12196,#14665);
#14665 = DEFINITIONAL_REPRESENTATION('',(#14666),#14670);
#14666 = LINE('',#14667,#14668);
#14667 = CARTESIAN_POINT('',(1.,0.));
#14668 = VECTOR('',#14669,1.);
#14669 = DIRECTION('',(0.,-1.));
#14670 = ( GEOMETRIC_REPRESENTATION_CONTEXT(2) 
PARAMETRIC_REPRESENTATION_CONTEXT() REPRESENTATION_CONTEXT('2D SPACE',''
  ) );
#14671 = PCURVE('',#12157,#14672);
#14672 = DEFINITIONAL_REPRESENTATION('',(#14673),#14677);
#14673 = LINE('',#14674,#14675);
#14674 = CARTESIAN_POINT('',(0.,0.));
#14675 = VECTOR('',#14676,1.);
#14676 = DIRECTION('',(0.,-1.));
#14677 = ( GEOMETRIC_REPRESENTATION_CONTEXT(2) 
PARAMETRIC_REPRESENTATION_CONTEXT() REPRESENTATION_CONTEXT('2D SPACE',''
  ) );
#14678 = ADVANCED_FACE('',(#14679),#12157,.T.);
#14679 = FACE_BOUND('',#14680,.T.);
#14680 = EDGE_LOOP('',(#14681,#14682,#14683,#14706));
#14681 = ORIENTED_EDGE('',*,*,#12135,.T.);
#14682 = ORIENTED_EDGE('',*,*,#14658,.T.);
#14683 = ORIENTED_EDGE('',*,*,#14684,.T.);
#14684 = EDGE_CURVE('',#14636,#14685,#14687,.T.);
#14685 = VERTEX_POINT('',#14686);
#14686 = CARTESIAN_POINT('',(114.67041015625,5.1162109375,2.69));
#14687 = SURFACE_CURVE('',#14688,(#14692,#14699),.PCURVE_S1.);
#14688 = B_SPLINE_CURVE_WITH_KNOTS('',2,(#14689,#14690,#14691),
  .UNSPECIFIED.,.F.,.F.,(3,3),(0.,1.),.PIECEWISE_BEZIER_KNOTS.);
#14689 = CARTESIAN_POINT('',(114.24926757812,5.193115234375,2.69));
#14690 = CARTESIAN_POINT('',(114.48803710937,5.193115234375,2.69));
#14691 = CARTESIAN_POINT('',(114.67041015625,5.1162109375,2.69));
#14692 = PCURVE('',#12157,#14693);
#14693 = DEFINITIONAL_REPRESENTATION('',(#14694),#14698);
#14694 = LINE('',#14695,#14696);
#14695 = CARTESIAN_POINT('',(0.,-0.5));
#14696 = VECTOR('',#14697,1.);
#14697 = DIRECTION('',(1.,0.));
#14698 = ( GEOMETRIC_REPRESENTATION_CONTEXT(2) 
PARAMETRIC_REPRESENTATION_CONTEXT() REPRESENTATION_CONTEXT('2D SPACE',''
  ) );
#14699 = PCURVE('',#13911,#14700);
#14700 = DEFINITIONAL_REPRESENTATION('',(#14701),#14705);
#14701 = B_SPLINE_CURVE_WITH_KNOTS('',2,(#14702,#14703,#14704),
  .UNSPECIFIED.,.F.,.F.,(3,3),(0.,1.),.PIECEWISE_BEZIER_KNOTS.);
#14702 = CARTESIAN_POINT('',(0.97265625,2.18408203125));
#14703 = CARTESIAN_POINT('',(1.21142578125,2.18408203125));
#14704 = CARTESIAN_POINT('',(1.393798828125,2.107177734375));
#14705 = ( GEOMETRIC_REPRESENTATION_CONTEXT(2) 
PARAMETRIC_REPRESENTATION_CONTEXT() REPRESENTATION_CONTEXT('2D SPACE',''
  ) );
#14706 = ORIENTED_EDGE('',*,*,#14707,.F.);
#14707 = EDGE_CURVE('',#12085,#14685,#14708,.T.);
#14708 = SURFACE_CURVE('',#14709,(#14713,#14720),.PCURVE_S1.);
#14709 = LINE('',#14710,#14711);
#14710 = CARTESIAN_POINT('',(114.67041015625,5.1162109375,2.19));
#14711 = VECTOR('',#14712,1.);
#14712 = DIRECTION('',(0.,0.,1.));
#14713 = PCURVE('',#12157,#14714);
#14714 = DEFINITIONAL_REPRESENTATION('',(#14715),#14719);
#14715 = LINE('',#14716,#14717);
#14716 = CARTESIAN_POINT('',(1.,0.));
#14717 = VECTOR('',#14718,1.);
#14718 = DIRECTION('',(0.,-1.));
#14719 = ( GEOMETRIC_REPRESENTATION_CONTEXT(2) 
PARAMETRIC_REPRESENTATION_CONTEXT() REPRESENTATION_CONTEXT('2D SPACE',''
  ) );
#14720 = PCURVE('',#12114,#14721);
#14721 = DEFINITIONAL_REPRESENTATION('',(#14722),#14726);
#14722 = LINE('',#14723,#14724);
#14723 = CARTESIAN_POINT('',(0.,0.));
#14724 = VECTOR('',#14725,1.);
#14725 = DIRECTION('',(0.,-1.));
#14726 = ( GEOMETRIC_REPRESENTATION_CONTEXT(2) 
PARAMETRIC_REPRESENTATION_CONTEXT() REPRESENTATION_CONTEXT('2D SPACE',''
  ) );
#14727 = ADVANCED_FACE('',(#14728),#12114,.T.);
#14728 = FACE_BOUND('',#14729,.T.);
#14729 = EDGE_LOOP('',(#14730,#14731,#14732,#14755));
#14730 = ORIENTED_EDGE('',*,*,#12084,.T.);
#14731 = ORIENTED_EDGE('',*,*,#14707,.T.);
#14732 = ORIENTED_EDGE('',*,*,#14733,.T.);
#14733 = EDGE_CURVE('',#14685,#14734,#14736,.T.);
#14734 = VERTEX_POINT('',#14735);
#14735 = CARTESIAN_POINT('',(114.95092773437,4.889892578125,2.69));
#14736 = SURFACE_CURVE('',#14737,(#14741,#14748),.PCURVE_S1.);
#14737 = B_SPLINE_CURVE_WITH_KNOTS('',2,(#14738,#14739,#14740),
  .UNSPECIFIED.,.F.,.F.,(3,3),(0.,1.),.PIECEWISE_BEZIER_KNOTS.);
#14738 = CARTESIAN_POINT('',(114.67041015625,5.1162109375,2.69));
#14739 = CARTESIAN_POINT('',(114.85278320312,5.039306640625,2.69));
#14740 = CARTESIAN_POINT('',(114.95092773437,4.889892578125,2.69));
#14741 = PCURVE('',#12114,#14742);
#14742 = DEFINITIONAL_REPRESENTATION('',(#14743),#14747);
#14743 = LINE('',#14744,#14745);
#14744 = CARTESIAN_POINT('',(0.,-0.5));
#14745 = VECTOR('',#14746,1.);
#14746 = DIRECTION('',(1.,0.));
#14747 = ( GEOMETRIC_REPRESENTATION_CONTEXT(2) 
PARAMETRIC_REPRESENTATION_CONTEXT() REPRESENTATION_CONTEXT('2D SPACE',''
  ) );
#14748 = PCURVE('',#13911,#14749);
#14749 = DEFINITIONAL_REPRESENTATION('',(#14750),#14754);
#14750 = B_SPLINE_CURVE_WITH_KNOTS('',2,(#14751,#14752,#14753),
  .UNSPECIFIED.,.F.,.F.,(3,3),(0.,1.),.PIECEWISE_BEZIER_KNOTS.);
#14751 = CARTESIAN_POINT('',(1.393798828125,2.107177734375));
#14752 = CARTESIAN_POINT('',(1.576171875,2.0302734375));
#14753 = CARTESIAN_POINT('',(1.67431640625,1.880859375));
#14754 = ( GEOMETRIC_REPRESENTATION_CONTEXT(2) 
PARAMETRIC_REPRESENTATION_CONTEXT() REPRESENTATION_CONTEXT('2D SPACE',''
  ) );
#14755 = ORIENTED_EDGE('',*,*,#14756,.F.);
#14756 = EDGE_CURVE('',#12034,#14734,#14757,.T.);
#14757 = SURFACE_CURVE('',#14758,(#14762,#14769),.PCURVE_S1.);
#14758 = LINE('',#14759,#14760);
#14759 = CARTESIAN_POINT('',(114.95092773437,4.889892578125,2.19));
#14760 = VECTOR('',#14761,1.);
#14761 = DIRECTION('',(0.,0.,1.));
#14762 = PCURVE('',#12114,#14763);
#14763 = DEFINITIONAL_REPRESENTATION('',(#14764),#14768);
#14764 = LINE('',#14765,#14766);
#14765 = CARTESIAN_POINT('',(1.,0.));
#14766 = VECTOR('',#14767,1.);
#14767 = DIRECTION('',(0.,-1.));
#14768 = ( GEOMETRIC_REPRESENTATION_CONTEXT(2) 
PARAMETRIC_REPRESENTATION_CONTEXT() REPRESENTATION_CONTEXT('2D SPACE',''
  ) );
#14769 = PCURVE('',#12063,#14770);
#14770 = DEFINITIONAL_REPRESENTATION('',(#14771),#14775);
#14771 = LINE('',#14772,#14773);
#14772 = CARTESIAN_POINT('',(0.,0.));
#14773 = VECTOR('',#14774,1.);
#14774 = DIRECTION('',(0.,-1.));
#14775 = ( GEOMETRIC_REPRESENTATION_CONTEXT(2) 
PARAMETRIC_REPRESENTATION_CONTEXT() REPRESENTATION_CONTEXT('2D SPACE',''
  ) );
#14776 = ADVANCED_FACE('',(#14777),#12063,.T.);
#14777 = FACE_BOUND('',#14778,.T.);
#14778 = EDGE_LOOP('',(#14779,#14780,#14781,#14804));
#14779 = ORIENTED_EDGE('',*,*,#12033,.T.);
#14780 = ORIENTED_EDGE('',*,*,#14756,.T.);
#14781 = ORIENTED_EDGE('',*,*,#14782,.T.);
#14782 = EDGE_CURVE('',#14734,#14783,#14785,.T.);
#14783 = VERTEX_POINT('',#14784);
#14784 = CARTESIAN_POINT('',(115.05639648437,4.551513671875,2.69));
#14785 = SURFACE_CURVE('',#14786,(#14790,#14797),.PCURVE_S1.);
#14786 = B_SPLINE_CURVE_WITH_KNOTS('',2,(#14787,#14788,#14789),
  .UNSPECIFIED.,.F.,.F.,(3,3),(0.,1.),.PIECEWISE_BEZIER_KNOTS.);
#14787 = CARTESIAN_POINT('',(114.95092773437,4.889892578125,2.69));
#14788 = CARTESIAN_POINT('',(115.04907226562,4.740478515625,2.69));
#14789 = CARTESIAN_POINT('',(115.05639648437,4.551513671875,2.69));
#14790 = PCURVE('',#12063,#14791);
#14791 = DEFINITIONAL_REPRESENTATION('',(#14792),#14796);
#14792 = LINE('',#14793,#14794);
#14793 = CARTESIAN_POINT('',(0.,-0.5));
#14794 = VECTOR('',#14795,1.);
#14795 = DIRECTION('',(1.,0.));
#14796 = ( GEOMETRIC_REPRESENTATION_CONTEXT(2) 
PARAMETRIC_REPRESENTATION_CONTEXT() REPRESENTATION_CONTEXT('2D SPACE',''
  ) );
#14797 = PCURVE('',#13911,#14798);
#14798 = DEFINITIONAL_REPRESENTATION('',(#14799),#14803);
#14799 = B_SPLINE_CURVE_WITH_KNOTS('',2,(#14800,#14801,#14802),
  .UNSPECIFIED.,.F.,.F.,(3,3),(0.,1.),.PIECEWISE_BEZIER_KNOTS.);
#14800 = CARTESIAN_POINT('',(1.67431640625,1.880859375));
#14801 = CARTESIAN_POINT('',(1.7724609375,1.7314453125));
#14802 = CARTESIAN_POINT('',(1.77978515625,1.54248046875));
#14803 = ( GEOMETRIC_REPRESENTATION_CONTEXT(2) 
PARAMETRIC_REPRESENTATION_CONTEXT() REPRESENTATION_CONTEXT('2D SPACE',''
  ) );
#14804 = ORIENTED_EDGE('',*,*,#14805,.F.);
#14805 = EDGE_CURVE('',#12008,#14783,#14806,.T.);
#14806 = SURFACE_CURVE('',#14807,(#14811,#14818),.PCURVE_S1.);
#14807 = LINE('',#14808,#14809);
#14808 = CARTESIAN_POINT('',(115.05639648437,4.551513671875,2.19));
#14809 = VECTOR('',#14810,1.);
#14810 = DIRECTION('',(0.,0.,1.));
#14811 = PCURVE('',#12063,#14812);
#14812 = DEFINITIONAL_REPRESENTATION('',(#14813),#14817);
#14813 = LINE('',#14814,#14815);
#14814 = CARTESIAN_POINT('',(1.,0.));
#14815 = VECTOR('',#14816,1.);
#14816 = DIRECTION('',(0.,-1.));
#14817 = ( GEOMETRIC_REPRESENTATION_CONTEXT(2) 
PARAMETRIC_REPRESENTATION_CONTEXT() REPRESENTATION_CONTEXT('2D SPACE',''
  ) );
#14818 = PCURVE('',#12022,#14819);
#14819 = DEFINITIONAL_REPRESENTATION('',(#14820),#14824);
#14820 = LINE('',#14821,#14822);
#14821 = CARTESIAN_POINT('',(0.,0.));
#14822 = VECTOR('',#14823,1.);
#14823 = DIRECTION('',(0.,-1.));
#14824 = ( GEOMETRIC_REPRESENTATION_CONTEXT(2) 
PARAMETRIC_REPRESENTATION_CONTEXT() REPRESENTATION_CONTEXT('2D SPACE',''
  ) );
#14825 = ADVANCED_FACE('',(#14826),#12022,.T.);
#14826 = FACE_BOUND('',#14827,.T.);
#14827 = EDGE_LOOP('',(#14828,#14829,#14830,#14853));
#14828 = ORIENTED_EDGE('',*,*,#12007,.F.);
#14829 = ORIENTED_EDGE('',*,*,#14805,.T.);
#14830 = ORIENTED_EDGE('',*,*,#14831,.T.);
#14831 = EDGE_CURVE('',#14783,#14832,#14834,.T.);
#14832 = VERTEX_POINT('',#14833);
#14833 = CARTESIAN_POINT('',(114.78393554687,4.531005859375,2.69));
#14834 = SURFACE_CURVE('',#14835,(#14839,#14846),.PCURVE_S1.);
#14835 = LINE('',#14836,#14837);
#14836 = CARTESIAN_POINT('',(115.05639648437,4.551513671875,2.69));
#14837 = VECTOR('',#14838,1.);
#14838 = DIRECTION('',(-0.997179282295,-7.505650511901E-02,0.));
#14839 = PCURVE('',#12022,#14840);
#14840 = DEFINITIONAL_REPRESENTATION('',(#14841),#14845);
#14841 = LINE('',#14842,#14843);
#14842 = CARTESIAN_POINT('',(0.,-0.5));
#14843 = VECTOR('',#14844,1.);
#14844 = DIRECTION('',(1.,-0.));
#14845 = ( GEOMETRIC_REPRESENTATION_CONTEXT(2) 
PARAMETRIC_REPRESENTATION_CONTEXT() REPRESENTATION_CONTEXT('2D SPACE',''
  ) );
#14846 = PCURVE('',#13911,#14847);
#14847 = DEFINITIONAL_REPRESENTATION('',(#14848),#14852);
#14848 = LINE('',#14849,#14850);
#14849 = CARTESIAN_POINT('',(1.77978515625,1.54248046875));
#14850 = VECTOR('',#14851,1.);
#14851 = DIRECTION('',(-0.997179282295,-7.505650511901E-02));
#14852 = ( GEOMETRIC_REPRESENTATION_CONTEXT(2) 
PARAMETRIC_REPRESENTATION_CONTEXT() REPRESENTATION_CONTEXT('2D SPACE',''
  ) );
#14853 = ORIENTED_EDGE('',*,*,#14854,.F.);
#14854 = EDGE_CURVE('',#11957,#14832,#14855,.T.);
#14855 = SURFACE_CURVE('',#14856,(#14860,#14867),.PCURVE_S1.);
#14856 = LINE('',#14857,#14858);
#14857 = CARTESIAN_POINT('',(114.78393554687,4.531005859375,2.19));
#14858 = VECTOR('',#14859,1.);
#14859 = DIRECTION('',(0.,0.,1.));
#14860 = PCURVE('',#12022,#14861);
#14861 = DEFINITIONAL_REPRESENTATION('',(#14862),#14866);
#14862 = LINE('',#14863,#14864);
#14863 = CARTESIAN_POINT('',(0.273231646844,-0.));
#14864 = VECTOR('',#14865,1.);
#14865 = DIRECTION('',(0.,-1.));
#14866 = ( GEOMETRIC_REPRESENTATION_CONTEXT(2) 
PARAMETRIC_REPRESENTATION_CONTEXT() REPRESENTATION_CONTEXT('2D SPACE',''
  ) );
#14867 = PCURVE('',#11986,#14868);
#14868 = DEFINITIONAL_REPRESENTATION('',(#14869),#14873);
#14869 = LINE('',#14870,#14871);
#14870 = CARTESIAN_POINT('',(0.,0.));
#14871 = VECTOR('',#14872,1.);
#14872 = DIRECTION('',(0.,-1.));
#14873 = ( GEOMETRIC_REPRESENTATION_CONTEXT(2) 
PARAMETRIC_REPRESENTATION_CONTEXT() REPRESENTATION_CONTEXT('2D SPACE',''
  ) );
#14874 = ADVANCED_FACE('',(#14875),#11986,.T.);
#14875 = FACE_BOUND('',#14876,.T.);
#14876 = EDGE_LOOP('',(#14877,#14878,#14879,#14902));
#14877 = ORIENTED_EDGE('',*,*,#11956,.T.);
#14878 = ORIENTED_EDGE('',*,*,#14854,.T.);
#14879 = ORIENTED_EDGE('',*,*,#14880,.T.);
#14880 = EDGE_CURVE('',#14832,#14881,#14883,.T.);
#14881 = VERTEX_POINT('',#14882);
#14882 = CARTESIAN_POINT('',(114.63525390625,4.838623046875,2.69));
#14883 = SURFACE_CURVE('',#14884,(#14888,#14895),.PCURVE_S1.);
#14884 = B_SPLINE_CURVE_WITH_KNOTS('',2,(#14885,#14886,#14887),
  .UNSPECIFIED.,.F.,.F.,(3,3),(0.,1.),.PIECEWISE_BEZIER_KNOTS.);
#14885 = CARTESIAN_POINT('',(114.78393554687,4.531005859375,2.69));
#14886 = CARTESIAN_POINT('',(114.76196289062,4.734619140625,2.69));
#14887 = CARTESIAN_POINT('',(114.63525390625,4.838623046875,2.69));
#14888 = PCURVE('',#11986,#14889);
#14889 = DEFINITIONAL_REPRESENTATION('',(#14890),#14894);
#14890 = LINE('',#14891,#14892);
#14891 = CARTESIAN_POINT('',(0.,-0.5));
#14892 = VECTOR('',#14893,1.);
#14893 = DIRECTION('',(1.,0.));
#14894 = ( GEOMETRIC_REPRESENTATION_CONTEXT(2) 
PARAMETRIC_REPRESENTATION_CONTEXT() REPRESENTATION_CONTEXT('2D SPACE',''
  ) );
#14895 = PCURVE('',#13911,#14896);
#14896 = DEFINITIONAL_REPRESENTATION('',(#14897),#14901);
#14897 = B_SPLINE_CURVE_WITH_KNOTS('',2,(#14898,#14899,#14900),
  .UNSPECIFIED.,.F.,.F.,(3,3),(0.,1.),.PIECEWISE_BEZIER_KNOTS.);
#14898 = CARTESIAN_POINT('',(1.50732421875,1.52197265625));
#14899 = CARTESIAN_POINT('',(1.4853515625,1.7255859375));
#14900 = CARTESIAN_POINT('',(1.358642578125,1.82958984375));
#14901 = ( GEOMETRIC_REPRESENTATION_CONTEXT(2) 
PARAMETRIC_REPRESENTATION_CONTEXT() REPRESENTATION_CONTEXT('2D SPACE',''
  ) );
#14902 = ORIENTED_EDGE('',*,*,#14903,.F.);
#14903 = EDGE_CURVE('',#11915,#14881,#14904,.T.);
#14904 = SURFACE_CURVE('',#14905,(#14909,#14916),.PCURVE_S1.);
#14905 = LINE('',#14906,#14907);
#14906 = CARTESIAN_POINT('',(114.63525390625,4.838623046875,2.19));
#14907 = VECTOR('',#14908,1.);
#14908 = DIRECTION('',(0.,0.,1.));
#14909 = PCURVE('',#11986,#14910);
#14910 = DEFINITIONAL_REPRESENTATION('',(#14911),#14915);
#14911 = LINE('',#14912,#14913);
#14912 = CARTESIAN_POINT('',(1.,0.));
#14913 = VECTOR('',#14914,1.);
#14914 = DIRECTION('',(0.,-1.));
#14915 = ( GEOMETRIC_REPRESENTATION_CONTEXT(2) 
PARAMETRIC_REPRESENTATION_CONTEXT() REPRESENTATION_CONTEXT('2D SPACE',''
  ) );
#14916 = PCURVE('',#11938,#14917);
#14917 = DEFINITIONAL_REPRESENTATION('',(#14918),#14922);
#14918 = LINE('',#14919,#14920);
#14919 = CARTESIAN_POINT('',(0.,0.));
#14920 = VECTOR('',#14921,1.);
#14921 = DIRECTION('',(0.,-1.));
#14922 = ( GEOMETRIC_REPRESENTATION_CONTEXT(2) 
PARAMETRIC_REPRESENTATION_CONTEXT() REPRESENTATION_CONTEXT('2D SPACE',''
  ) );
#14923 = ADVANCED_FACE('',(#14924),#11938,.T.);
#14924 = FACE_BOUND('',#14925,.T.);
#14925 = EDGE_LOOP('',(#14926,#14927,#14928,#14951));
#14926 = ORIENTED_EDGE('',*,*,#11914,.T.);
#14927 = ORIENTED_EDGE('',*,*,#14903,.T.);
#14928 = ORIENTED_EDGE('',*,*,#14929,.T.);
#14929 = EDGE_CURVE('',#14881,#14930,#14932,.T.);
#14930 = VERTEX_POINT('',#14931);
#14931 = CARTESIAN_POINT('',(114.26098632812,4.942626953125,2.69));
#14932 = SURFACE_CURVE('',#14933,(#14937,#14944),.PCURVE_S1.);
#14933 = B_SPLINE_CURVE_WITH_KNOTS('',2,(#14934,#14935,#14936),
  .UNSPECIFIED.,.F.,.F.,(3,3),(0.,1.),.PIECEWISE_BEZIER_KNOTS.);
#14934 = CARTESIAN_POINT('',(114.63525390625,4.838623046875,2.69));
#14935 = CARTESIAN_POINT('',(114.50854492187,4.942626953125,2.69));
#14936 = CARTESIAN_POINT('',(114.26098632812,4.942626953125,2.69));
#14937 = PCURVE('',#11938,#14938);
#14938 = DEFINITIONAL_REPRESENTATION('',(#14939),#14943);
#14939 = LINE('',#14940,#14941);
#14940 = CARTESIAN_POINT('',(0.,-0.5));
#14941 = VECTOR('',#14942,1.);
#14942 = DIRECTION('',(1.,0.));
#14943 = ( GEOMETRIC_REPRESENTATION_CONTEXT(2) 
PARAMETRIC_REPRESENTATION_CONTEXT() REPRESENTATION_CONTEXT('2D SPACE',''
  ) );
#14944 = PCURVE('',#13911,#14945);
#14945 = DEFINITIONAL_REPRESENTATION('',(#14946),#14950);
#14946 = B_SPLINE_CURVE_WITH_KNOTS('',2,(#14947,#14948,#14949),
  .UNSPECIFIED.,.F.,.F.,(3,3),(0.,1.),.PIECEWISE_BEZIER_KNOTS.);
#14947 = CARTESIAN_POINT('',(1.358642578125,1.82958984375));
#14948 = CARTESIAN_POINT('',(1.23193359375,1.93359375));
#14949 = CARTESIAN_POINT('',(0.984375,1.93359375));
#14950 = ( GEOMETRIC_REPRESENTATION_CONTEXT(2) 
PARAMETRIC_REPRESENTATION_CONTEXT() REPRESENTATION_CONTEXT('2D SPACE',''
  ) );
#14951 = ORIENTED_EDGE('',*,*,#14952,.F.);
#14952 = EDGE_CURVE('',#11873,#14930,#14953,.T.);
#14953 = SURFACE_CURVE('',#14954,(#14958,#14965),.PCURVE_S1.);
#14954 = LINE('',#14955,#14956);
#14955 = CARTESIAN_POINT('',(114.26098632812,4.942626953125,2.19));
#14956 = VECTOR('',#14957,1.);
#14957 = DIRECTION('',(0.,0.,1.));
#14958 = PCURVE('',#11938,#14959);
#14959 = DEFINITIONAL_REPRESENTATION('',(#14960),#14964);
#14960 = LINE('',#14961,#14962);
#14961 = CARTESIAN_POINT('',(1.,0.));
#14962 = VECTOR('',#14963,1.);
#14963 = DIRECTION('',(0.,-1.));
#14964 = ( GEOMETRIC_REPRESENTATION_CONTEXT(2) 
PARAMETRIC_REPRESENTATION_CONTEXT() REPRESENTATION_CONTEXT('2D SPACE',''
  ) );
#14965 = PCURVE('',#11896,#14966);
#14966 = DEFINITIONAL_REPRESENTATION('',(#14967),#14971);
#14967 = LINE('',#14968,#14969);
#14968 = CARTESIAN_POINT('',(0.,0.));
#14969 = VECTOR('',#14970,1.);
#14970 = DIRECTION('',(0.,-1.));
#14971 = ( GEOMETRIC_REPRESENTATION_CONTEXT(2) 
PARAMETRIC_REPRESENTATION_CONTEXT() REPRESENTATION_CONTEXT('2D SPACE',''
  ) );
#14972 = ADVANCED_FACE('',(#14973),#11896,.T.);
#14973 = FACE_BOUND('',#14974,.T.);
#14974 = EDGE_LOOP('',(#14975,#14976,#14977,#15000));
#14975 = ORIENTED_EDGE('',*,*,#11872,.T.);
#14976 = ORIENTED_EDGE('',*,*,#14952,.T.);
#14977 = ORIENTED_EDGE('',*,*,#14978,.T.);
#14978 = EDGE_CURVE('',#14930,#14979,#14981,.T.);
#14979 = VERTEX_POINT('',#14980);
#14980 = CARTESIAN_POINT('',(113.88525390625,4.84814453125,2.69));
#14981 = SURFACE_CURVE('',#14982,(#14986,#14993),.PCURVE_S1.);
#14982 = B_SPLINE_CURVE_WITH_KNOTS('',2,(#14983,#14984,#14985),
  .UNSPECIFIED.,.F.,.F.,(3,3),(0.,1.),.PIECEWISE_BEZIER_KNOTS.);
#14983 = CARTESIAN_POINT('',(114.26098632812,4.942626953125,2.69));
#14984 = CARTESIAN_POINT('',(114.00317382812,4.942626953125,2.69));
#14985 = CARTESIAN_POINT('',(113.88525390625,4.84814453125,2.69));
#14986 = PCURVE('',#11896,#14987);
#14987 = DEFINITIONAL_REPRESENTATION('',(#14988),#14992);
#14988 = LINE('',#14989,#14990);
#14989 = CARTESIAN_POINT('',(0.,-0.5));
#14990 = VECTOR('',#14991,1.);
#14991 = DIRECTION('',(1.,0.));
#14992 = ( GEOMETRIC_REPRESENTATION_CONTEXT(2) 
PARAMETRIC_REPRESENTATION_CONTEXT() REPRESENTATION_CONTEXT('2D SPACE',''
  ) );
#14993 = PCURVE('',#13911,#14994);
#14994 = DEFINITIONAL_REPRESENTATION('',(#14995),#14999);
#14995 = B_SPLINE_CURVE_WITH_KNOTS('',2,(#14996,#14997,#14998),
  .UNSPECIFIED.,.F.,.F.,(3,3),(0.,1.),.PIECEWISE_BEZIER_KNOTS.);
#14996 = CARTESIAN_POINT('',(0.984375,1.93359375));
#14997 = CARTESIAN_POINT('',(0.7265625,1.93359375));
#14998 = CARTESIAN_POINT('',(0.608642578125,1.839111328125));
#14999 = ( GEOMETRIC_REPRESENTATION_CONTEXT(2) 
PARAMETRIC_REPRESENTATION_CONTEXT() REPRESENTATION_CONTEXT('2D SPACE',''
  ) );
#15000 = ORIENTED_EDGE('',*,*,#15001,.F.);
#15001 = EDGE_CURVE('',#11822,#14979,#15002,.T.);
#15002 = SURFACE_CURVE('',#15003,(#15007,#15014),.PCURVE_S1.);
#15003 = LINE('',#15004,#15005);
#15004 = CARTESIAN_POINT('',(113.88525390625,4.84814453125,2.19));
#15005 = VECTOR('',#15006,1.);
#15006 = DIRECTION('',(0.,0.,1.));
#15007 = PCURVE('',#11896,#15008);
#15008 = DEFINITIONAL_REPRESENTATION('',(#15009),#15013);
#15009 = LINE('',#15010,#15011);
#15010 = CARTESIAN_POINT('',(1.,0.));
#15011 = VECTOR('',#15012,1.);
#15012 = DIRECTION('',(0.,-1.));
#15013 = ( GEOMETRIC_REPRESENTATION_CONTEXT(2) 
PARAMETRIC_REPRESENTATION_CONTEXT() REPRESENTATION_CONTEXT('2D SPACE',''
  ) );
#15014 = PCURVE('',#11851,#15015);
#15015 = DEFINITIONAL_REPRESENTATION('',(#15016),#15020);
#15016 = LINE('',#15017,#15018);
#15017 = CARTESIAN_POINT('',(0.,0.));
#15018 = VECTOR('',#15019,1.);
#15019 = DIRECTION('',(0.,-1.));
#15020 = ( GEOMETRIC_REPRESENTATION_CONTEXT(2) 
PARAMETRIC_REPRESENTATION_CONTEXT() REPRESENTATION_CONTEXT('2D SPACE',''
  ) );
#15021 = ADVANCED_FACE('',(#15022),#11851,.T.);
#15022 = FACE_BOUND('',#15023,.T.);
#15023 = EDGE_LOOP('',(#15024,#15025,#15026,#15049));
#15024 = ORIENTED_EDGE('',*,*,#11821,.T.);
#15025 = ORIENTED_EDGE('',*,*,#15001,.T.);
#15026 = ORIENTED_EDGE('',*,*,#15027,.T.);
#15027 = EDGE_CURVE('',#14979,#15028,#15030,.T.);
#15028 = VERTEX_POINT('',#15029);
#15029 = CARTESIAN_POINT('',(113.76733398437,4.620361328125,2.69));
#15030 = SURFACE_CURVE('',#15031,(#15035,#15042),.PCURVE_S1.);
#15031 = B_SPLINE_CURVE_WITH_KNOTS('',2,(#15032,#15033,#15034),
  .UNSPECIFIED.,.F.,.F.,(3,3),(0.,1.),.PIECEWISE_BEZIER_KNOTS.);
#15032 = CARTESIAN_POINT('',(113.88525390625,4.84814453125,2.69));
#15033 = CARTESIAN_POINT('',(113.76733398437,4.753662109375,2.69));
#15034 = CARTESIAN_POINT('',(113.76733398437,4.620361328125,2.69));
#15035 = PCURVE('',#11851,#15036);
#15036 = DEFINITIONAL_REPRESENTATION('',(#15037),#15041);
#15037 = LINE('',#15038,#15039);
#15038 = CARTESIAN_POINT('',(0.,-0.5));
#15039 = VECTOR('',#15040,1.);
#15040 = DIRECTION('',(1.,0.));
#15041 = ( GEOMETRIC_REPRESENTATION_CONTEXT(2) 
PARAMETRIC_REPRESENTATION_CONTEXT() REPRESENTATION_CONTEXT('2D SPACE',''
  ) );
#15042 = PCURVE('',#13911,#15043);
#15043 = DEFINITIONAL_REPRESENTATION('',(#15044),#15048);
#15044 = B_SPLINE_CURVE_WITH_KNOTS('',2,(#15045,#15046,#15047),
  .UNSPECIFIED.,.F.,.F.,(3,3),(0.,1.),.PIECEWISE_BEZIER_KNOTS.);
#15045 = CARTESIAN_POINT('',(0.608642578125,1.839111328125));
#15046 = CARTESIAN_POINT('',(0.49072265625,1.74462890625));
#15047 = CARTESIAN_POINT('',(0.49072265625,1.611328125));
#15048 = ( GEOMETRIC_REPRESENTATION_CONTEXT(2) 
PARAMETRIC_REPRESENTATION_CONTEXT() REPRESENTATION_CONTEXT('2D SPACE',''
  ) );
#15049 = ORIENTED_EDGE('',*,*,#15050,.F.);
#15050 = EDGE_CURVE('',#11777,#15028,#15051,.T.);
#15051 = SURFACE_CURVE('',#15052,(#15056,#15063),.PCURVE_S1.);
#15052 = LINE('',#15053,#15054);
#15053 = CARTESIAN_POINT('',(113.76733398437,4.620361328125,2.19));
#15054 = VECTOR('',#15055,1.);
#15055 = DIRECTION('',(0.,0.,1.));
#15056 = PCURVE('',#11851,#15057);
#15057 = DEFINITIONAL_REPRESENTATION('',(#15058),#15062);
#15058 = LINE('',#15059,#15060);
#15059 = CARTESIAN_POINT('',(1.,0.));
#15060 = VECTOR('',#15061,1.);
#15061 = DIRECTION('',(0.,-1.));
#15062 = ( GEOMETRIC_REPRESENTATION_CONTEXT(2) 
PARAMETRIC_REPRESENTATION_CONTEXT() REPRESENTATION_CONTEXT('2D SPACE',''
  ) );
#15063 = PCURVE('',#11802,#15064);
#15064 = DEFINITIONAL_REPRESENTATION('',(#15065),#15069);
#15065 = LINE('',#15066,#15067);
#15066 = CARTESIAN_POINT('',(0.,0.));
#15067 = VECTOR('',#15068,1.);
#15068 = DIRECTION('',(0.,-1.));
#15069 = ( GEOMETRIC_REPRESENTATION_CONTEXT(2) 
PARAMETRIC_REPRESENTATION_CONTEXT() REPRESENTATION_CONTEXT('2D SPACE',''
  ) );
#15070 = ADVANCED_FACE('',(#15071),#11802,.T.);
#15071 = FACE_BOUND('',#15072,.T.);
#15072 = EDGE_LOOP('',(#15073,#15074,#15075,#15098));
#15073 = ORIENTED_EDGE('',*,*,#11776,.T.);
#15074 = ORIENTED_EDGE('',*,*,#15050,.T.);
#15075 = ORIENTED_EDGE('',*,*,#15076,.T.);
#15076 = EDGE_CURVE('',#15028,#15077,#15079,.T.);
#15077 = VERTEX_POINT('',#15078);
#15078 = CARTESIAN_POINT('',(113.85083007812,4.429931640625,2.69));
#15079 = SURFACE_CURVE('',#15080,(#15084,#15091),.PCURVE_S1.);
#15080 = B_SPLINE_CURVE_WITH_KNOTS('',2,(#15081,#15082,#15083),
  .UNSPECIFIED.,.F.,.F.,(3,3),(0.,1.),.PIECEWISE_BEZIER_KNOTS.);
#15081 = CARTESIAN_POINT('',(113.76733398437,4.620361328125,2.69));
#15082 = CARTESIAN_POINT('',(113.76733398437,4.504638671875,2.69));
#15083 = CARTESIAN_POINT('',(113.85083007812,4.429931640625,2.69));
#15084 = PCURVE('',#11802,#15085);
#15085 = DEFINITIONAL_REPRESENTATION('',(#15086),#15090);
#15086 = LINE('',#15087,#15088);
#15087 = CARTESIAN_POINT('',(0.,-0.5));
#15088 = VECTOR('',#15089,1.);
#15089 = DIRECTION('',(1.,0.));
#15090 = ( GEOMETRIC_REPRESENTATION_CONTEXT(2) 
PARAMETRIC_REPRESENTATION_CONTEXT() REPRESENTATION_CONTEXT('2D SPACE',''
  ) );
#15091 = PCURVE('',#13911,#15092);
#15092 = DEFINITIONAL_REPRESENTATION('',(#15093),#15097);
#15093 = B_SPLINE_CURVE_WITH_KNOTS('',2,(#15094,#15095,#15096),
  .UNSPECIFIED.,.F.,.F.,(3,3),(0.,1.),.PIECEWISE_BEZIER_KNOTS.);
#15094 = CARTESIAN_POINT('',(0.49072265625,1.611328125));
#15095 = CARTESIAN_POINT('',(0.49072265625,1.49560546875));
#15096 = CARTESIAN_POINT('',(0.57421875,1.4208984375));
#15097 = ( GEOMETRIC_REPRESENTATION_CONTEXT(2) 
PARAMETRIC_REPRESENTATION_CONTEXT() REPRESENTATION_CONTEXT('2D SPACE',''
  ) );
#15098 = ORIENTED_EDGE('',*,*,#15099,.F.);
#15099 = EDGE_CURVE('',#11732,#15077,#15100,.T.);
#15100 = SURFACE_CURVE('',#15101,(#15105,#15112),.PCURVE_S1.);
#15101 = LINE('',#15102,#15103);
#15102 = CARTESIAN_POINT('',(113.85083007812,4.429931640625,2.19));
#15103 = VECTOR('',#15104,1.);
#15104 = DIRECTION('',(0.,0.,1.));
#15105 = PCURVE('',#11802,#15106);
#15106 = DEFINITIONAL_REPRESENTATION('',(#15107),#15111);
#15107 = LINE('',#15108,#15109);
#15108 = CARTESIAN_POINT('',(1.,0.));
#15109 = VECTOR('',#15110,1.);
#15110 = DIRECTION('',(0.,-1.));
#15111 = ( GEOMETRIC_REPRESENTATION_CONTEXT(2) 
PARAMETRIC_REPRESENTATION_CONTEXT() REPRESENTATION_CONTEXT('2D SPACE',''
  ) );
#15112 = PCURVE('',#11757,#15113);
#15113 = DEFINITIONAL_REPRESENTATION('',(#15114),#15118);
#15114 = LINE('',#15115,#15116);
#15115 = CARTESIAN_POINT('',(0.,0.));
#15116 = VECTOR('',#15117,1.);
#15117 = DIRECTION('',(0.,-1.));
#15118 = ( GEOMETRIC_REPRESENTATION_CONTEXT(2) 
PARAMETRIC_REPRESENTATION_CONTEXT() REPRESENTATION_CONTEXT('2D SPACE',''
  ) );
#15119 = ADVANCED_FACE('',(#15120),#11757,.T.);
#15120 = FACE_BOUND('',#15121,.T.);
#15121 = EDGE_LOOP('',(#15122,#15123,#15124,#15147));
#15122 = ORIENTED_EDGE('',*,*,#11731,.T.);
#15123 = ORIENTED_EDGE('',*,*,#15099,.T.);
#15124 = ORIENTED_EDGE('',*,*,#15125,.T.);
#15125 = EDGE_CURVE('',#15077,#15126,#15128,.T.);
#15126 = VERTEX_POINT('',#15127);
#15127 = CARTESIAN_POINT('',(114.279296875,4.27685546875,2.69));
#15128 = SURFACE_CURVE('',#15129,(#15133,#15140),.PCURVE_S1.);
#15129 = B_SPLINE_CURVE_WITH_KNOTS('',2,(#15130,#15131,#15132),
  .UNSPECIFIED.,.F.,.F.,(3,3),(0.,1.),.PIECEWISE_BEZIER_KNOTS.);
#15130 = CARTESIAN_POINT('',(113.85083007812,4.429931640625,2.69));
#15131 = CARTESIAN_POINT('',(113.93286132812,4.355224609375,2.69));
#15132 = CARTESIAN_POINT('',(114.279296875,4.27685546875,2.69));
#15133 = PCURVE('',#11757,#15134);
#15134 = DEFINITIONAL_REPRESENTATION('',(#15135),#15139);
#15135 = LINE('',#15136,#15137);
#15136 = CARTESIAN_POINT('',(0.,-0.5));
#15137 = VECTOR('',#15138,1.);
#15138 = DIRECTION('',(1.,0.));
#15139 = ( GEOMETRIC_REPRESENTATION_CONTEXT(2) 
PARAMETRIC_REPRESENTATION_CONTEXT() REPRESENTATION_CONTEXT('2D SPACE',''
  ) );
#15140 = PCURVE('',#13911,#15141);
#15141 = DEFINITIONAL_REPRESENTATION('',(#15142),#15146);
#15142 = B_SPLINE_CURVE_WITH_KNOTS('',2,(#15143,#15144,#15145),
  .UNSPECIFIED.,.F.,.F.,(3,3),(0.,1.),.PIECEWISE_BEZIER_KNOTS.);
#15143 = CARTESIAN_POINT('',(0.57421875,1.4208984375));
#15144 = CARTESIAN_POINT('',(0.65625,1.34619140625));
#15145 = CARTESIAN_POINT('',(1.002685546875,1.267822265625));
#15146 = ( GEOMETRIC_REPRESENTATION_CONTEXT(2) 
PARAMETRIC_REPRESENTATION_CONTEXT() REPRESENTATION_CONTEXT('2D SPACE',''
  ) );
#15147 = ORIENTED_EDGE('',*,*,#15148,.F.);
#15148 = EDGE_CURVE('',#11690,#15126,#15149,.T.);
#15149 = SURFACE_CURVE('',#15150,(#15154,#15161),.PCURVE_S1.);
#15150 = LINE('',#15151,#15152);
#15151 = CARTESIAN_POINT('',(114.279296875,4.27685546875,2.19));
#15152 = VECTOR('',#15153,1.);
#15153 = DIRECTION('',(0.,0.,1.));
#15154 = PCURVE('',#11757,#15155);
#15155 = DEFINITIONAL_REPRESENTATION('',(#15156),#15160);
#15156 = LINE('',#15157,#15158);
#15157 = CARTESIAN_POINT('',(1.,0.));
#15158 = VECTOR('',#15159,1.);
#15159 = DIRECTION('',(0.,-1.));
#15160 = ( GEOMETRIC_REPRESENTATION_CONTEXT(2) 
PARAMETRIC_REPRESENTATION_CONTEXT() REPRESENTATION_CONTEXT('2D SPACE',''
  ) );
#15161 = PCURVE('',#11713,#15162);
#15162 = DEFINITIONAL_REPRESENTATION('',(#15163),#15167);
#15163 = LINE('',#15164,#15165);
#15164 = CARTESIAN_POINT('',(0.,0.));
#15165 = VECTOR('',#15166,1.);
#15166 = DIRECTION('',(0.,-1.));
#15167 = ( GEOMETRIC_REPRESENTATION_CONTEXT(2) 
PARAMETRIC_REPRESENTATION_CONTEXT() REPRESENTATION_CONTEXT('2D SPACE',''
  ) );
#15168 = ADVANCED_FACE('',(#15169),#11713,.T.);
#15169 = FACE_BOUND('',#15170,.T.);
#15170 = EDGE_LOOP('',(#15171,#15172,#15173,#15196));
#15171 = ORIENTED_EDGE('',*,*,#11689,.T.);
#15172 = ORIENTED_EDGE('',*,*,#15148,.T.);
#15173 = ORIENTED_EDGE('',*,*,#15174,.T.);
#15174 = EDGE_CURVE('',#15126,#15175,#15177,.T.);
#15175 = VERTEX_POINT('',#15176);
#15176 = CARTESIAN_POINT('',(114.75463867187,4.139892578125,2.69));
#15177 = SURFACE_CURVE('',#15178,(#15182,#15189),.PCURVE_S1.);
#15178 = B_SPLINE_CURVE_WITH_KNOTS('',2,(#15179,#15180,#15181),
  .UNSPECIFIED.,.F.,.F.,(3,3),(0.,1.),.PIECEWISE_BEZIER_KNOTS.);
#15179 = CARTESIAN_POINT('',(114.279296875,4.27685546875,2.69));
#15180 = CARTESIAN_POINT('',(114.62573242187,4.198486328125,2.69));
#15181 = CARTESIAN_POINT('',(114.75463867187,4.139892578125,2.69));
#15182 = PCURVE('',#11713,#15183);
#15183 = DEFINITIONAL_REPRESENTATION('',(#15184),#15188);
#15184 = LINE('',#15185,#15186);
#15185 = CARTESIAN_POINT('',(0.,-0.5));
#15186 = VECTOR('',#15187,1.);
#15187 = DIRECTION('',(1.,0.));
#15188 = ( GEOMETRIC_REPRESENTATION_CONTEXT(2) 
PARAMETRIC_REPRESENTATION_CONTEXT() REPRESENTATION_CONTEXT('2D SPACE',''
  ) );
#15189 = PCURVE('',#13911,#15190);
#15190 = DEFINITIONAL_REPRESENTATION('',(#15191),#15195);
#15191 = B_SPLINE_CURVE_WITH_KNOTS('',2,(#15192,#15193,#15194),
  .UNSPECIFIED.,.F.,.F.,(3,3),(0.,1.),.PIECEWISE_BEZIER_KNOTS.);
#15192 = CARTESIAN_POINT('',(1.002685546875,1.267822265625));
#15193 = CARTESIAN_POINT('',(1.34912109375,1.189453125));
#15194 = CARTESIAN_POINT('',(1.47802734375,1.130859375));
#15195 = ( GEOMETRIC_REPRESENTATION_CONTEXT(2) 
PARAMETRIC_REPRESENTATION_CONTEXT() REPRESENTATION_CONTEXT('2D SPACE',''
  ) );
#15196 = ORIENTED_EDGE('',*,*,#15197,.F.);
#15197 = EDGE_CURVE('',#11651,#15175,#15198,.T.);
#15198 = SURFACE_CURVE('',#15199,(#15203,#15210),.PCURVE_S1.);
#15199 = LINE('',#15200,#15201);
#15200 = CARTESIAN_POINT('',(114.75463867187,4.139892578125,2.19));
#15201 = VECTOR('',#15202,1.);
#15202 = DIRECTION('',(0.,0.,1.));
#15203 = PCURVE('',#11713,#15204);
#15204 = DEFINITIONAL_REPRESENTATION('',(#15205),#15209);
#15205 = LINE('',#15206,#15207);
#15206 = CARTESIAN_POINT('',(1.,0.));
#15207 = VECTOR('',#15208,1.);
#15208 = DIRECTION('',(0.,-1.));
#15209 = ( GEOMETRIC_REPRESENTATION_CONTEXT(2) 
PARAMETRIC_REPRESENTATION_CONTEXT() REPRESENTATION_CONTEXT('2D SPACE',''
  ) );
#15210 = PCURVE('',#11672,#15211);
#15211 = DEFINITIONAL_REPRESENTATION('',(#15212),#15216);
#15212 = LINE('',#15213,#15214);
#15213 = CARTESIAN_POINT('',(0.,0.));
#15214 = VECTOR('',#15215,1.);
#15215 = DIRECTION('',(0.,-1.));
#15216 = ( GEOMETRIC_REPRESENTATION_CONTEXT(2) 
PARAMETRIC_REPRESENTATION_CONTEXT() REPRESENTATION_CONTEXT('2D SPACE',''
  ) );
#15217 = ADVANCED_FACE('',(#15218),#11672,.T.);
#15218 = FACE_BOUND('',#15219,.T.);
#15219 = EDGE_LOOP('',(#15220,#15221,#15222,#15245));
#15220 = ORIENTED_EDGE('',*,*,#11650,.T.);
#15221 = ORIENTED_EDGE('',*,*,#15197,.T.);
#15222 = ORIENTED_EDGE('',*,*,#15223,.T.);
#15223 = EDGE_CURVE('',#15175,#15224,#15226,.T.);
#15224 = VERTEX_POINT('',#15225);
#15225 = CARTESIAN_POINT('',(115.03149414062,3.9208984375,2.69));
#15226 = SURFACE_CURVE('',#15227,(#15231,#15238),.PCURVE_S1.);
#15227 = B_SPLINE_CURVE_WITH_KNOTS('',2,(#15228,#15229,#15230),
  .UNSPECIFIED.,.F.,.F.,(3,3),(0.,1.),.PIECEWISE_BEZIER_KNOTS.);
#15228 = CARTESIAN_POINT('',(114.75463867187,4.139892578125,2.69));
#15229 = CARTESIAN_POINT('',(114.94213867187,4.053466796875,2.69));
#15230 = CARTESIAN_POINT('',(115.03149414062,3.9208984375,2.69));
#15231 = PCURVE('',#11672,#15232);
#15232 = DEFINITIONAL_REPRESENTATION('',(#15233),#15237);
#15233 = LINE('',#15234,#15235);
#15234 = CARTESIAN_POINT('',(0.,-0.5));
#15235 = VECTOR('',#15236,1.);
#15236 = DIRECTION('',(1.,0.));
#15237 = ( GEOMETRIC_REPRESENTATION_CONTEXT(2) 
PARAMETRIC_REPRESENTATION_CONTEXT() REPRESENTATION_CONTEXT('2D SPACE',''
  ) );
#15238 = PCURVE('',#13911,#15239);
#15239 = DEFINITIONAL_REPRESENTATION('',(#15240),#15244);
#15240 = B_SPLINE_CURVE_WITH_KNOTS('',2,(#15241,#15242,#15243),
  .UNSPECIFIED.,.F.,.F.,(3,3),(0.,1.),.PIECEWISE_BEZIER_KNOTS.);
#15241 = CARTESIAN_POINT('',(1.47802734375,1.130859375));
#15242 = CARTESIAN_POINT('',(1.66552734375,1.04443359375));
#15243 = CARTESIAN_POINT('',(1.7548828125,0.911865234375));
#15244 = ( GEOMETRIC_REPRESENTATION_CONTEXT(2) 
PARAMETRIC_REPRESENTATION_CONTEXT() REPRESENTATION_CONTEXT('2D SPACE',''
  ) );
#15245 = ORIENTED_EDGE('',*,*,#15246,.F.);
#15246 = EDGE_CURVE('',#11600,#15224,#15247,.T.);
#15247 = SURFACE_CURVE('',#15248,(#15252,#15259),.PCURVE_S1.);
#15248 = LINE('',#15249,#15250);
#15249 = CARTESIAN_POINT('',(115.03149414062,3.9208984375,2.19));
#15250 = VECTOR('',#15251,1.);
#15251 = DIRECTION('',(0.,0.,1.));
#15252 = PCURVE('',#11672,#15253);
#15253 = DEFINITIONAL_REPRESENTATION('',(#15254),#15258);
#15254 = LINE('',#15255,#15256);
#15255 = CARTESIAN_POINT('',(1.,0.));
#15256 = VECTOR('',#15257,1.);
#15257 = DIRECTION('',(0.,-1.));
#15258 = ( GEOMETRIC_REPRESENTATION_CONTEXT(2) 
PARAMETRIC_REPRESENTATION_CONTEXT() REPRESENTATION_CONTEXT('2D SPACE',''
  ) );
#15259 = PCURVE('',#11629,#15260);
#15260 = DEFINITIONAL_REPRESENTATION('',(#15261),#15265);
#15261 = LINE('',#15262,#15263);
#15262 = CARTESIAN_POINT('',(0.,0.));
#15263 = VECTOR('',#15264,1.);
#15264 = DIRECTION('',(0.,-1.));
#15265 = ( GEOMETRIC_REPRESENTATION_CONTEXT(2) 
PARAMETRIC_REPRESENTATION_CONTEXT() REPRESENTATION_CONTEXT('2D SPACE',''
  ) );
#15266 = ADVANCED_FACE('',(#15267),#11629,.T.);
#15267 = FACE_BOUND('',#15268,.T.);
#15268 = EDGE_LOOP('',(#15269,#15270,#15271,#15294));
#15269 = ORIENTED_EDGE('',*,*,#11599,.T.);
#15270 = ORIENTED_EDGE('',*,*,#15246,.T.);
#15271 = ORIENTED_EDGE('',*,*,#15272,.T.);
#15272 = EDGE_CURVE('',#15224,#15273,#15275,.T.);
#15273 = VERTEX_POINT('',#15274);
#15274 = CARTESIAN_POINT('',(115.12084960937,3.615478515625,2.69));
#15275 = SURFACE_CURVE('',#15276,(#15280,#15287),.PCURVE_S1.);
#15276 = B_SPLINE_CURVE_WITH_KNOTS('',2,(#15277,#15278,#15279),
  .UNSPECIFIED.,.F.,.F.,(3,3),(0.,1.),.PIECEWISE_BEZIER_KNOTS.);
#15277 = CARTESIAN_POINT('',(115.03149414062,3.9208984375,2.69));
#15278 = CARTESIAN_POINT('',(115.12084960937,3.788330078125,2.69));
#15279 = CARTESIAN_POINT('',(115.12084960937,3.615478515625,2.69));
#15280 = PCURVE('',#11629,#15281);
#15281 = DEFINITIONAL_REPRESENTATION('',(#15282),#15286);
#15282 = LINE('',#15283,#15284);
#15283 = CARTESIAN_POINT('',(0.,-0.5));
#15284 = VECTOR('',#15285,1.);
#15285 = DIRECTION('',(1.,0.));
#15286 = ( GEOMETRIC_REPRESENTATION_CONTEXT(2) 
PARAMETRIC_REPRESENTATION_CONTEXT() REPRESENTATION_CONTEXT('2D SPACE',''
  ) );
#15287 = PCURVE('',#13911,#15288);
#15288 = DEFINITIONAL_REPRESENTATION('',(#15289),#15293);
#15289 = B_SPLINE_CURVE_WITH_KNOTS('',2,(#15290,#15291,#15292),
  .UNSPECIFIED.,.F.,.F.,(3,3),(0.,1.),.PIECEWISE_BEZIER_KNOTS.);
#15290 = CARTESIAN_POINT('',(1.7548828125,0.911865234375));
#15291 = CARTESIAN_POINT('',(1.84423828125,0.779296875));
#15292 = CARTESIAN_POINT('',(1.84423828125,0.6064453125));
#15293 = ( GEOMETRIC_REPRESENTATION_CONTEXT(2) 
PARAMETRIC_REPRESENTATION_CONTEXT() REPRESENTATION_CONTEXT('2D SPACE',''
  ) );
#15294 = ORIENTED_EDGE('',*,*,#15295,.F.);
#15295 = EDGE_CURVE('',#11555,#15273,#15296,.T.);
#15296 = SURFACE_CURVE('',#15297,(#15301,#15308),.PCURVE_S1.);
#15297 = LINE('',#15298,#15299);
#15298 = CARTESIAN_POINT('',(115.12084960937,3.615478515625,2.19));
#15299 = VECTOR('',#15300,1.);
#15300 = DIRECTION('',(0.,0.,1.));
#15301 = PCURVE('',#11629,#15302);
#15302 = DEFINITIONAL_REPRESENTATION('',(#15303),#15307);
#15303 = LINE('',#15304,#15305);
#15304 = CARTESIAN_POINT('',(1.,0.));
#15305 = VECTOR('',#15306,1.);
#15306 = DIRECTION('',(0.,-1.));
#15307 = ( GEOMETRIC_REPRESENTATION_CONTEXT(2) 
PARAMETRIC_REPRESENTATION_CONTEXT() REPRESENTATION_CONTEXT('2D SPACE',''
  ) );
#15308 = PCURVE('',#11580,#15309);
#15309 = DEFINITIONAL_REPRESENTATION('',(#15310),#15314);
#15310 = LINE('',#15311,#15312);
#15311 = CARTESIAN_POINT('',(0.,0.));
#15312 = VECTOR('',#15313,1.);
#15313 = DIRECTION('',(0.,-1.));
#15314 = ( GEOMETRIC_REPRESENTATION_CONTEXT(2) 
PARAMETRIC_REPRESENTATION_CONTEXT() REPRESENTATION_CONTEXT('2D SPACE',''
  ) );
#15315 = ADVANCED_FACE('',(#15316),#11580,.T.);
#15316 = FACE_BOUND('',#15317,.T.);
#15317 = EDGE_LOOP('',(#15318,#15319,#15320,#15343));
#15318 = ORIENTED_EDGE('',*,*,#11554,.T.);
#15319 = ORIENTED_EDGE('',*,*,#15295,.T.);
#15320 = ORIENTED_EDGE('',*,*,#15321,.T.);
#15321 = EDGE_CURVE('',#15273,#15322,#15324,.T.);
#15322 = VERTEX_POINT('',#15323);
#15323 = CARTESIAN_POINT('',(115.02270507812,3.29248046875,2.69));
#15324 = SURFACE_CURVE('',#15325,(#15329,#15336),.PCURVE_S1.);
#15325 = B_SPLINE_CURVE_WITH_KNOTS('',2,(#15326,#15327,#15328),
  .UNSPECIFIED.,.F.,.F.,(3,3),(0.,1.),.PIECEWISE_BEZIER_KNOTS.);
#15326 = CARTESIAN_POINT('',(115.12084960937,3.615478515625,2.69));
#15327 = CARTESIAN_POINT('',(115.12084960937,3.444091796875,2.69));
#15328 = CARTESIAN_POINT('',(115.02270507812,3.29248046875,2.69));
#15329 = PCURVE('',#11580,#15330);
#15330 = DEFINITIONAL_REPRESENTATION('',(#15331),#15335);
#15331 = LINE('',#15332,#15333);
#15332 = CARTESIAN_POINT('',(0.,-0.5));
#15333 = VECTOR('',#15334,1.);
#15334 = DIRECTION('',(1.,0.));
#15335 = ( GEOMETRIC_REPRESENTATION_CONTEXT(2) 
PARAMETRIC_REPRESENTATION_CONTEXT() REPRESENTATION_CONTEXT('2D SPACE',''
  ) );
#15336 = PCURVE('',#13911,#15337);
#15337 = DEFINITIONAL_REPRESENTATION('',(#15338),#15342);
#15338 = B_SPLINE_CURVE_WITH_KNOTS('',2,(#15339,#15340,#15341),
  .UNSPECIFIED.,.F.,.F.,(3,3),(0.,1.),.PIECEWISE_BEZIER_KNOTS.);
#15339 = CARTESIAN_POINT('',(1.84423828125,0.6064453125));
#15340 = CARTESIAN_POINT('',(1.84423828125,0.43505859375));
#15341 = CARTESIAN_POINT('',(1.74609375,0.283447265625));
#15342 = ( GEOMETRIC_REPRESENTATION_CONTEXT(2) 
PARAMETRIC_REPRESENTATION_CONTEXT() REPRESENTATION_CONTEXT('2D SPACE',''
  ) );
#15343 = ORIENTED_EDGE('',*,*,#15344,.F.);
#15344 = EDGE_CURVE('',#11504,#15322,#15345,.T.);
#15345 = SURFACE_CURVE('',#15346,(#15350,#15357),.PCURVE_S1.);
#15346 = LINE('',#15347,#15348);
#15347 = CARTESIAN_POINT('',(115.02270507812,3.29248046875,2.19));
#15348 = VECTOR('',#15349,1.);
#15349 = DIRECTION('',(0.,0.,1.));
#15350 = PCURVE('',#11580,#15351);
#15351 = DEFINITIONAL_REPRESENTATION('',(#15352),#15356);
#15352 = LINE('',#15353,#15354);
#15353 = CARTESIAN_POINT('',(1.,0.));
#15354 = VECTOR('',#15355,1.);
#15355 = DIRECTION('',(0.,-1.));
#15356 = ( GEOMETRIC_REPRESENTATION_CONTEXT(2) 
PARAMETRIC_REPRESENTATION_CONTEXT() REPRESENTATION_CONTEXT('2D SPACE',''
  ) );
#15357 = PCURVE('',#11533,#15358);
#15358 = DEFINITIONAL_REPRESENTATION('',(#15359),#15363);
#15359 = LINE('',#15360,#15361);
#15360 = CARTESIAN_POINT('',(0.,0.));
#15361 = VECTOR('',#15362,1.);
#15362 = DIRECTION('',(0.,-1.));
#15363 = ( GEOMETRIC_REPRESENTATION_CONTEXT(2) 
PARAMETRIC_REPRESENTATION_CONTEXT() REPRESENTATION_CONTEXT('2D SPACE',''
  ) );
#15364 = ADVANCED_FACE('',(#15365),#11533,.T.);
#15365 = FACE_BOUND('',#15366,.T.);
#15366 = EDGE_LOOP('',(#15367,#15368,#15369,#15392));
#15367 = ORIENTED_EDGE('',*,*,#11503,.T.);
#15368 = ORIENTED_EDGE('',*,*,#15344,.T.);
#15369 = ORIENTED_EDGE('',*,*,#15370,.T.);
#15370 = EDGE_CURVE('',#15322,#15371,#15373,.T.);
#15371 = VERTEX_POINT('',#15372);
#15372 = CARTESIAN_POINT('',(114.74072265625,3.056640625,2.69));
#15373 = SURFACE_CURVE('',#15374,(#15378,#15385),.PCURVE_S1.);
#15374 = B_SPLINE_CURVE_WITH_KNOTS('',2,(#15375,#15376,#15377),
  .UNSPECIFIED.,.F.,.F.,(3,3),(0.,1.),.PIECEWISE_BEZIER_KNOTS.);
#15375 = CARTESIAN_POINT('',(115.02270507812,3.29248046875,2.69));
#15376 = CARTESIAN_POINT('',(114.92456054687,3.140869140625,2.69));
#15377 = CARTESIAN_POINT('',(114.74072265625,3.056640625,2.69));
#15378 = PCURVE('',#11533,#15379);
#15379 = DEFINITIONAL_REPRESENTATION('',(#15380),#15384);
#15380 = LINE('',#15381,#15382);
#15381 = CARTESIAN_POINT('',(0.,-0.5));
#15382 = VECTOR('',#15383,1.);
#15383 = DIRECTION('',(1.,0.));
#15384 = ( GEOMETRIC_REPRESENTATION_CONTEXT(2) 
PARAMETRIC_REPRESENTATION_CONTEXT() REPRESENTATION_CONTEXT('2D SPACE',''
  ) );
#15385 = PCURVE('',#13911,#15386);
#15386 = DEFINITIONAL_REPRESENTATION('',(#15387),#15391);
#15387 = B_SPLINE_CURVE_WITH_KNOTS('',2,(#15388,#15389,#15390),
  .UNSPECIFIED.,.F.,.F.,(3,3),(0.,1.),.PIECEWISE_BEZIER_KNOTS.);
#15388 = CARTESIAN_POINT('',(1.74609375,0.283447265625));
#15389 = CARTESIAN_POINT('',(1.64794921875,0.1318359375));
#15390 = CARTESIAN_POINT('',(1.464111328125,4.7607421875E-02));
#15391 = ( GEOMETRIC_REPRESENTATION_CONTEXT(2) 
PARAMETRIC_REPRESENTATION_CONTEXT() REPRESENTATION_CONTEXT('2D SPACE',''
  ) );
#15392 = ORIENTED_EDGE('',*,*,#15393,.F.);
#15393 = EDGE_CURVE('',#11465,#15371,#15394,.T.);
#15394 = SURFACE_CURVE('',#15395,(#15399,#15406),.PCURVE_S1.);
#15395 = LINE('',#15396,#15397);
#15396 = CARTESIAN_POINT('',(114.74072265625,3.056640625,2.19));
#15397 = VECTOR('',#15398,1.);
#15398 = DIRECTION('',(0.,0.,1.));
#15399 = PCURVE('',#11533,#15400);
#15400 = DEFINITIONAL_REPRESENTATION('',(#15401),#15405);
#15401 = LINE('',#15402,#15403);
#15402 = CARTESIAN_POINT('',(1.,0.));
#15403 = VECTOR('',#15404,1.);
#15404 = DIRECTION('',(0.,-1.));
#15405 = ( GEOMETRIC_REPRESENTATION_CONTEXT(2) 
PARAMETRIC_REPRESENTATION_CONTEXT() REPRESENTATION_CONTEXT('2D SPACE',''
  ) );
#15406 = PCURVE('',#11486,#15407);
#15407 = DEFINITIONAL_REPRESENTATION('',(#15408),#15412);
#15408 = LINE('',#15409,#15410);
#15409 = CARTESIAN_POINT('',(0.,0.));
#15410 = VECTOR('',#15411,1.);
#15411 = DIRECTION('',(0.,-1.));
#15412 = ( GEOMETRIC_REPRESENTATION_CONTEXT(2) 
PARAMETRIC_REPRESENTATION_CONTEXT() REPRESENTATION_CONTEXT('2D SPACE',''
  ) );
#15413 = ADVANCED_FACE('',(#15414),#11486,.T.);
#15414 = FACE_BOUND('',#15415,.T.);
#15415 = EDGE_LOOP('',(#15416,#15417,#15418,#15441));
#15416 = ORIENTED_EDGE('',*,*,#11464,.T.);
#15417 = ORIENTED_EDGE('',*,*,#15393,.T.);
#15418 = ORIENTED_EDGE('',*,*,#15419,.T.);
#15419 = EDGE_CURVE('',#15371,#15420,#15422,.T.);
#15420 = VERTEX_POINT('',#15421);
#15421 = CARTESIAN_POINT('',(114.32690429687,2.972412109375,2.69));
#15422 = SURFACE_CURVE('',#15423,(#15427,#15434),.PCURVE_S1.);
#15423 = B_SPLINE_CURVE_WITH_KNOTS('',2,(#15424,#15425,#15426),
  .UNSPECIFIED.,.F.,.F.,(3,3),(0.,1.),.PIECEWISE_BEZIER_KNOTS.);
#15424 = CARTESIAN_POINT('',(114.74072265625,3.056640625,2.69));
#15425 = CARTESIAN_POINT('',(114.55688476562,2.972412109375,2.69));
#15426 = CARTESIAN_POINT('',(114.32690429687,2.972412109375,2.69));
#15427 = PCURVE('',#11486,#15428);
#15428 = DEFINITIONAL_REPRESENTATION('',(#15429),#15433);
#15429 = LINE('',#15430,#15431);
#15430 = CARTESIAN_POINT('',(0.,-0.5));
#15431 = VECTOR('',#15432,1.);
#15432 = DIRECTION('',(1.,0.));
#15433 = ( GEOMETRIC_REPRESENTATION_CONTEXT(2) 
PARAMETRIC_REPRESENTATION_CONTEXT() REPRESENTATION_CONTEXT('2D SPACE',''
  ) );
#15434 = PCURVE('',#13911,#15435);
#15435 = DEFINITIONAL_REPRESENTATION('',(#15436),#15440);
#15436 = B_SPLINE_CURVE_WITH_KNOTS('',2,(#15437,#15438,#15439),
  .UNSPECIFIED.,.F.,.F.,(3,3),(0.,1.),.PIECEWISE_BEZIER_KNOTS.);
#15437 = CARTESIAN_POINT('',(1.464111328125,4.7607421875E-02));
#15438 = CARTESIAN_POINT('',(1.2802734375,-3.662109375E-02));
#15439 = CARTESIAN_POINT('',(1.05029296875,-3.662109375E-02));
#15440 = ( GEOMETRIC_REPRESENTATION_CONTEXT(2) 
PARAMETRIC_REPRESENTATION_CONTEXT() REPRESENTATION_CONTEXT('2D SPACE',''
  ) );
#15441 = ORIENTED_EDGE('',*,*,#15442,.F.);
#15442 = EDGE_CURVE('',#11426,#15420,#15443,.T.);
#15443 = SURFACE_CURVE('',#15444,(#15448,#15455),.PCURVE_S1.);
#15444 = LINE('',#15445,#15446);
#15445 = CARTESIAN_POINT('',(114.32690429687,2.972412109375,2.19));
#15446 = VECTOR('',#15447,1.);
#15447 = DIRECTION('',(0.,0.,1.));
#15448 = PCURVE('',#11486,#15449);
#15449 = DEFINITIONAL_REPRESENTATION('',(#15450),#15454);
#15450 = LINE('',#15451,#15452);
#15451 = CARTESIAN_POINT('',(1.,0.));
#15452 = VECTOR('',#15453,1.);
#15453 = DIRECTION('',(0.,-1.));
#15454 = ( GEOMETRIC_REPRESENTATION_CONTEXT(2) 
PARAMETRIC_REPRESENTATION_CONTEXT() REPRESENTATION_CONTEXT('2D SPACE',''
  ) );
#15455 = PCURVE('',#11447,#15456);
#15456 = DEFINITIONAL_REPRESENTATION('',(#15457),#15461);
#15457 = LINE('',#15458,#15459);
#15458 = CARTESIAN_POINT('',(0.,0.));
#15459 = VECTOR('',#15460,1.);
#15460 = DIRECTION('',(0.,-1.));
#15461 = ( GEOMETRIC_REPRESENTATION_CONTEXT(2) 
PARAMETRIC_REPRESENTATION_CONTEXT() REPRESENTATION_CONTEXT('2D SPACE',''
  ) );
#15462 = ADVANCED_FACE('',(#15463),#11447,.T.);
#15463 = FACE_BOUND('',#15464,.T.);
#15464 = EDGE_LOOP('',(#15465,#15466,#15467,#15490));
#15465 = ORIENTED_EDGE('',*,*,#11425,.T.);
#15466 = ORIENTED_EDGE('',*,*,#15442,.T.);
#15467 = ORIENTED_EDGE('',*,*,#15468,.T.);
#15468 = EDGE_CURVE('',#15420,#15469,#15471,.T.);
#15469 = VERTEX_POINT('',#15470);
#15470 = CARTESIAN_POINT('',(113.83837890625,3.057373046875,2.69));
#15471 = SURFACE_CURVE('',#15472,(#15476,#15483),.PCURVE_S1.);
#15472 = B_SPLINE_CURVE_WITH_KNOTS('',2,(#15473,#15474,#15475),
  .UNSPECIFIED.,.F.,.F.,(3,3),(0.,1.),.PIECEWISE_BEZIER_KNOTS.);
#15473 = CARTESIAN_POINT('',(114.32690429687,2.972412109375,2.69));
#15474 = CARTESIAN_POINT('',(114.03540039062,2.972412109375,2.69));
#15475 = CARTESIAN_POINT('',(113.83837890625,3.057373046875,2.69));
#15476 = PCURVE('',#11447,#15477);
#15477 = DEFINITIONAL_REPRESENTATION('',(#15478),#15482);
#15478 = LINE('',#15479,#15480);
#15479 = CARTESIAN_POINT('',(0.,-0.5));
#15480 = VECTOR('',#15481,1.);
#15481 = DIRECTION('',(1.,0.));
#15482 = ( GEOMETRIC_REPRESENTATION_CONTEXT(2) 
PARAMETRIC_REPRESENTATION_CONTEXT() REPRESENTATION_CONTEXT('2D SPACE',''
  ) );
#15483 = PCURVE('',#13911,#15484);
#15484 = DEFINITIONAL_REPRESENTATION('',(#15485),#15489);
#15485 = B_SPLINE_CURVE_WITH_KNOTS('',2,(#15486,#15487,#15488),
  .UNSPECIFIED.,.F.,.F.,(3,3),(0.,1.),.PIECEWISE_BEZIER_KNOTS.);
#15486 = CARTESIAN_POINT('',(1.05029296875,-3.662109375E-02));
#15487 = CARTESIAN_POINT('',(0.7587890625,-3.662109375E-02));
#15488 = CARTESIAN_POINT('',(0.561767578125,4.833984375E-02));
#15489 = ( GEOMETRIC_REPRESENTATION_CONTEXT(2) 
PARAMETRIC_REPRESENTATION_CONTEXT() REPRESENTATION_CONTEXT('2D SPACE',''
  ) );
#15490 = ORIENTED_EDGE('',*,*,#15491,.F.);
#15491 = EDGE_CURVE('',#11375,#15469,#15492,.T.);
#15492 = SURFACE_CURVE('',#15493,(#15497,#15504),.PCURVE_S1.);
#15493 = LINE('',#15494,#15495);
#15494 = CARTESIAN_POINT('',(113.83837890625,3.057373046875,2.19));
#15495 = VECTOR('',#15496,1.);
#15496 = DIRECTION('',(0.,0.,1.));
#15497 = PCURVE('',#11447,#15498);
#15498 = DEFINITIONAL_REPRESENTATION('',(#15499),#15503);
#15499 = LINE('',#15500,#15501);
#15500 = CARTESIAN_POINT('',(1.,0.));
#15501 = VECTOR('',#15502,1.);
#15502 = DIRECTION('',(0.,-1.));
#15503 = ( GEOMETRIC_REPRESENTATION_CONTEXT(2) 
PARAMETRIC_REPRESENTATION_CONTEXT() REPRESENTATION_CONTEXT('2D SPACE',''
  ) );
#15504 = PCURVE('',#11404,#15505);
#15505 = DEFINITIONAL_REPRESENTATION('',(#15506),#15510);
#15506 = LINE('',#15507,#15508);
#15507 = CARTESIAN_POINT('',(0.,0.));
#15508 = VECTOR('',#15509,1.);
#15509 = DIRECTION('',(0.,-1.));
#15510 = ( GEOMETRIC_REPRESENTATION_CONTEXT(2) 
PARAMETRIC_REPRESENTATION_CONTEXT() REPRESENTATION_CONTEXT('2D SPACE',''
  ) );
#15511 = ADVANCED_FACE('',(#15512),#11404,.T.);
#15512 = FACE_BOUND('',#15513,.T.);
#15513 = EDGE_LOOP('',(#15514,#15515,#15516,#15539));
#15514 = ORIENTED_EDGE('',*,*,#11374,.T.);
#15515 = ORIENTED_EDGE('',*,*,#15491,.T.);
#15516 = ORIENTED_EDGE('',*,*,#15517,.T.);
#15517 = EDGE_CURVE('',#15469,#15518,#15520,.T.);
#15518 = VERTEX_POINT('',#15519);
#15519 = CARTESIAN_POINT('',(113.529296875,3.31298828125,2.69));
#15520 = SURFACE_CURVE('',#15521,(#15525,#15532),.PCURVE_S1.);
#15521 = B_SPLINE_CURVE_WITH_KNOTS('',2,(#15522,#15523,#15524),
  .UNSPECIFIED.,.F.,.F.,(3,3),(0.,1.),.PIECEWISE_BEZIER_KNOTS.);
#15522 = CARTESIAN_POINT('',(113.83837890625,3.057373046875,2.69));
#15523 = CARTESIAN_POINT('',(113.64135742187,3.142333984375,2.69));
#15524 = CARTESIAN_POINT('',(113.529296875,3.31298828125,2.69));
#15525 = PCURVE('',#11404,#15526);
#15526 = DEFINITIONAL_REPRESENTATION('',(#15527),#15531);
#15527 = LINE('',#15528,#15529);
#15528 = CARTESIAN_POINT('',(0.,-0.5));
#15529 = VECTOR('',#15530,1.);
#15530 = DIRECTION('',(1.,0.));
#15531 = ( GEOMETRIC_REPRESENTATION_CONTEXT(2) 
PARAMETRIC_REPRESENTATION_CONTEXT() REPRESENTATION_CONTEXT('2D SPACE',''
  ) );
#15532 = PCURVE('',#13911,#15533);
#15533 = DEFINITIONAL_REPRESENTATION('',(#15534),#15538);
#15534 = B_SPLINE_CURVE_WITH_KNOTS('',2,(#15535,#15536,#15537),
  .UNSPECIFIED.,.F.,.F.,(3,3),(0.,1.),.PIECEWISE_BEZIER_KNOTS.);
#15535 = CARTESIAN_POINT('',(0.561767578125,4.833984375E-02));
#15536 = CARTESIAN_POINT('',(0.36474609375,0.13330078125));
#15537 = CARTESIAN_POINT('',(0.252685546875,0.303955078125));
#15538 = ( GEOMETRIC_REPRESENTATION_CONTEXT(2) 
PARAMETRIC_REPRESENTATION_CONTEXT() REPRESENTATION_CONTEXT('2D SPACE',''
  ) );
#15539 = ORIENTED_EDGE('',*,*,#15540,.F.);
#15540 = EDGE_CURVE('',#11324,#15518,#15541,.T.);
#15541 = SURFACE_CURVE('',#15542,(#15546,#15553),.PCURVE_S1.);
#15542 = LINE('',#15543,#15544);
#15543 = CARTESIAN_POINT('',(113.529296875,3.31298828125,2.19));
#15544 = VECTOR('',#15545,1.);
#15545 = DIRECTION('',(0.,0.,1.));
#15546 = PCURVE('',#11404,#15547);
#15547 = DEFINITIONAL_REPRESENTATION('',(#15548),#15552);
#15548 = LINE('',#15549,#15550);
#15549 = CARTESIAN_POINT('',(1.,0.));
#15550 = VECTOR('',#15551,1.);
#15551 = DIRECTION('',(0.,-1.));
#15552 = ( GEOMETRIC_REPRESENTATION_CONTEXT(2) 
PARAMETRIC_REPRESENTATION_CONTEXT() REPRESENTATION_CONTEXT('2D SPACE',''
  ) );
#15553 = PCURVE('',#11353,#15554);
#15554 = DEFINITIONAL_REPRESENTATION('',(#15555),#15559);
#15555 = LINE('',#15556,#15557);
#15556 = CARTESIAN_POINT('',(0.,0.));
#15557 = VECTOR('',#15558,1.);
#15558 = DIRECTION('',(0.,-1.));
#15559 = ( GEOMETRIC_REPRESENTATION_CONTEXT(2) 
PARAMETRIC_REPRESENTATION_CONTEXT() REPRESENTATION_CONTEXT('2D SPACE',''
  ) );
#15560 = ADVANCED_FACE('',(#15561),#11353,.T.);
#15561 = FACE_BOUND('',#15562,.T.);
#15562 = EDGE_LOOP('',(#15563,#15564,#15565,#15586));
#15563 = ORIENTED_EDGE('',*,*,#11323,.T.);
#15564 = ORIENTED_EDGE('',*,*,#15540,.T.);
#15565 = ORIENTED_EDGE('',*,*,#15566,.T.);
#15566 = EDGE_CURVE('',#15518,#13873,#15567,.T.);
#15567 = SURFACE_CURVE('',#15568,(#15572,#15579),.PCURVE_S1.);
#15568 = B_SPLINE_CURVE_WITH_KNOTS('',2,(#15569,#15570,#15571),
  .UNSPECIFIED.,.F.,.F.,(3,3),(0.,1.),.PIECEWISE_BEZIER_KNOTS.);
#15569 = CARTESIAN_POINT('',(113.529296875,3.31298828125,2.69));
#15570 = CARTESIAN_POINT('',(113.41723632812,3.483642578125,2.69));
#15571 = CARTESIAN_POINT('',(113.41137695312,3.698974609375,2.69));
#15572 = PCURVE('',#11353,#15573);
#15573 = DEFINITIONAL_REPRESENTATION('',(#15574),#15578);
#15574 = LINE('',#15575,#15576);
#15575 = CARTESIAN_POINT('',(0.,-0.5));
#15576 = VECTOR('',#15577,1.);
#15577 = DIRECTION('',(1.,0.));
#15578 = ( GEOMETRIC_REPRESENTATION_CONTEXT(2) 
PARAMETRIC_REPRESENTATION_CONTEXT() REPRESENTATION_CONTEXT('2D SPACE',''
  ) );
#15579 = PCURVE('',#13911,#15580);
#15580 = DEFINITIONAL_REPRESENTATION('',(#15581),#15585);
#15581 = B_SPLINE_CURVE_WITH_KNOTS('',2,(#15582,#15583,#15584),
  .UNSPECIFIED.,.F.,.F.,(3,3),(0.,1.),.PIECEWISE_BEZIER_KNOTS.);
#15582 = CARTESIAN_POINT('',(0.252685546875,0.303955078125));
#15583 = CARTESIAN_POINT('',(0.140625,0.474609375));
#15584 = CARTESIAN_POINT('',(0.134765625,0.68994140625));
#15585 = ( GEOMETRIC_REPRESENTATION_CONTEXT(2) 
PARAMETRIC_REPRESENTATION_CONTEXT() REPRESENTATION_CONTEXT('2D SPACE',''
  ) );
#15586 = ORIENTED_EDGE('',*,*,#13872,.F.);
#15587 = ADVANCED_FACE('',(#15588),#12922,.T.);
#15588 = FACE_BOUND('',#15589,.T.);
#15589 = EDGE_LOOP('',(#15590,#15591,#15592,#15593));
#15590 = ORIENTED_EDGE('',*,*,#13349,.F.);
#15591 = ORIENTED_EDGE('',*,*,#13138,.T.);
#15592 = ORIENTED_EDGE('',*,*,#12906,.F.);
#15593 = ORIENTED_EDGE('',*,*,#13396,.T.);
#15594 = ADVANCED_FACE('',(#15595),#13465,.T.);
#15595 = FACE_BOUND('',#15596,.F.);
#15596 = EDGE_LOOP('',(#15597,#15598,#15599,#15600,#15601,#15602,#15603,
    #15604,#15605));
#15597 = ORIENTED_EDGE('',*,*,#13449,.T.);
#15598 = ORIENTED_EDGE('',*,*,#13503,.T.);
#15599 = ORIENTED_EDGE('',*,*,#13552,.T.);
#15600 = ORIENTED_EDGE('',*,*,#13601,.T.);
#15601 = ORIENTED_EDGE('',*,*,#13650,.T.);
#15602 = ORIENTED_EDGE('',*,*,#13699,.T.);
#15603 = ORIENTED_EDGE('',*,*,#13748,.T.);
#15604 = ORIENTED_EDGE('',*,*,#13797,.T.);
#15605 = ORIENTED_EDGE('',*,*,#13846,.T.);
#15606 = ADVANCED_FACE('',(#15607),#13911,.T.);
#15607 = FACE_BOUND('',#15608,.F.);
#15608 = EDGE_LOOP('',(#15609,#15610,#15611,#15612,#15613,#15614,#15615,
    #15616,#15617,#15618,#15619,#15620,#15621,#15622,#15623,#15624,
    #15625,#15626,#15627,#15628,#15629,#15630,#15631,#15632,#15633,
    #15634,#15635,#15636,#15637,#15638,#15639,#15640,#15641,#15642,
    #15643));
#15609 = ORIENTED_EDGE('',*,*,#13895,.T.);
#15610 = ORIENTED_EDGE('',*,*,#13949,.T.);
#15611 = ORIENTED_EDGE('',*,*,#13998,.T.);
#15612 = ORIENTED_EDGE('',*,*,#14047,.T.);
#15613 = ORIENTED_EDGE('',*,*,#14096,.T.);
#15614 = ORIENTED_EDGE('',*,*,#14145,.T.);
#15615 = ORIENTED_EDGE('',*,*,#14194,.T.);
#15616 = ORIENTED_EDGE('',*,*,#14243,.T.);
#15617 = ORIENTED_EDGE('',*,*,#14292,.T.);
#15618 = ORIENTED_EDGE('',*,*,#14341,.T.);
#15619 = ORIENTED_EDGE('',*,*,#14390,.T.);
#15620 = ORIENTED_EDGE('',*,*,#14439,.T.);
#15621 = ORIENTED_EDGE('',*,*,#14488,.T.);
#15622 = ORIENTED_EDGE('',*,*,#14537,.T.);
#15623 = ORIENTED_EDGE('',*,*,#14586,.T.);
#15624 = ORIENTED_EDGE('',*,*,#14635,.T.);
#15625 = ORIENTED_EDGE('',*,*,#14684,.T.);
#15626 = ORIENTED_EDGE('',*,*,#14733,.T.);
#15627 = ORIENTED_EDGE('',*,*,#14782,.T.);
#15628 = ORIENTED_EDGE('',*,*,#14831,.T.);
#15629 = ORIENTED_EDGE('',*,*,#14880,.T.);
#15630 = ORIENTED_EDGE('',*,*,#14929,.T.);
#15631 = ORIENTED_EDGE('',*,*,#14978,.T.);
#15632 = ORIENTED_EDGE('',*,*,#15027,.T.);
#15633 = ORIENTED_EDGE('',*,*,#15076,.T.);
#15634 = ORIENTED_EDGE('',*,*,#15125,.T.);
#15635 = ORIENTED_EDGE('',*,*,#15174,.T.);
#15636 = ORIENTED_EDGE('',*,*,#15223,.T.);
#15637 = ORIENTED_EDGE('',*,*,#15272,.T.);
#15638 = ORIENTED_EDGE('',*,*,#15321,.T.);
#15639 = ORIENTED_EDGE('',*,*,#15370,.T.);
#15640 = ORIENTED_EDGE('',*,*,#15419,.T.);
#15641 = ORIENTED_EDGE('',*,*,#15468,.T.);
#15642 = ORIENTED_EDGE('',*,*,#15517,.T.);
#15643 = ORIENTED_EDGE('',*,*,#15566,.T.);
#15644 = ( GEOMETRIC_REPRESENTATION_CONTEXT(3) 
GLOBAL_UNCERTAINTY_ASSIGNED_CONTEXT((#15648)) 
GLOBAL_UNIT_ASSIGNED_CONTEXT((#15645,#15646,#15647)) 
REPRESENTATION_CONTEXT('Context #1',
  '3D Context with UNIT and UNCERTAINTY') );
#15645 = ( LENGTH_UNIT() NAMED_UNIT(*) SI_UNIT(.MILLI.,.METRE.) );
#15646 = ( NAMED_UNIT(*) PLANE_ANGLE_UNIT() SI_UNIT($,.RADIAN.) );
#15647 = ( NAMED_UNIT(*) SI_UNIT($,.STERADIAN.) SOLID_ANGLE_UNIT() );
#15648 = UNCERTAINTY_MEASURE_WITH_UNIT(LENGTH_MEASURE(1.E-06),#15645,
  'distance_accuracy_value','confusion accuracy');
#15649 = CONTEXT_DEPENDENT_SHAPE_REPRESENTATION(#15650,#15652);
#15650 = ( REPRESENTATION_RELATIONSHIP('','',#8175,#10) 
REPRESENTATION_RELATIONSHIP_WITH_TRANSFORMATION(#15651) 
SHAPE_REPRESENTATION_RELATIONSHIP() );
#15651 = ITEM_DEFINED_TRANSFORMATION('','',#11,#19);
#15652 = PRODUCT_DEFINITION_SHAPE('Placement','Placement of an item',
  #15653);
#15653 = NEXT_ASSEMBLY_USAGE_OCCURRENCE('2','','',#5,#8170,$);
#15654 = PRODUCT_RELATED_PRODUCT_CATEGORY('part',$,(#8172));
#15655 = SHAPE_DEFINITION_REPRESENTATION(#15656,#15662);
#15656 = PRODUCT_DEFINITION_SHAPE('','',#15657);
#15657 = PRODUCT_DEFINITION('design','',#15658,#15661);
#15658 = PRODUCT_DEFINITION_FORMATION('','',#15659);
#15659 = PRODUCT('Open CASCADE STEP translator 7.8 3.3',
  'Open CASCADE STEP translator 7.8 3.3','',(#15660));
#15660 = PRODUCT_CONTEXT('',#2,'mechanical');
#15661 = PRODUCT_DEFINITION_CONTEXT('part definition',#2,'design');
#15662 = ADVANCED_BREP_SHAPE_REPRESENTATION('',(#11,#15663),#15941);
#15663 = MANIFOLD_SOLID_BREP('',#15664);
#15664 = CLOSED_SHELL('',(#15665,#15753,#15757,#15792,#15847,#15882,
    #15937));
#15665 = ADVANCED_FACE('',(#15666),#15679,.T.);
#15666 = FACE_BOUND('',#15667,.T.);
#15667 = EDGE_LOOP('',(#15668,#15702,#15725,#15752));
#15668 = ORIENTED_EDGE('',*,*,#15669,.F.);
#15669 = EDGE_CURVE('',#15670,#15670,#15672,.T.);
#15670 = VERTEX_POINT('',#15671);
#15671 = CARTESIAN_POINT('',(98.,9.3,19.1));
#15672 = SURFACE_CURVE('',#15673,(#15678,#15690),.PCURVE_S1.);
#15673 = CIRCLE('',#15674,1.6);
#15674 = AXIS2_PLACEMENT_3D('',#15675,#15676,#15677);
#15675 = CARTESIAN_POINT('',(98.,9.3,17.5));
#15676 = DIRECTION('',(0.,1.,0.));
#15677 = DIRECTION('',(0.,-0.,1.));
#15678 = PCURVE('',#15679,#15684);
#15679 = CYLINDRICAL_SURFACE('',#15680,1.6);
#15680 = AXIS2_PLACEMENT_3D('',#15681,#15682,#15683);
#15681 = CARTESIAN_POINT('',(98.,8.7,17.5));
#15682 = DIRECTION('',(0.,1.,0.));
#15683 = DIRECTION('',(0.,-0.,1.));
#15684 = DEFINITIONAL_REPRESENTATION('',(#15685),#15689);
#15685 = LINE('',#15686,#15687);
#15686 = CARTESIAN_POINT('',(0.,0.6));
#15687 = VECTOR('',#15688,1.);
#15688 = DIRECTION('',(1.,0.));
#15689 = ( GEOMETRIC_REPRESENTATION_CONTEXT(2) 
PARAMETRIC_REPRESENTATION_CONTEXT() REPRESENTATION_CONTEXT('2D SPACE',''
  ) );
#15690 = PCURVE('',#15691,#15696);
#15691 = PLANE('',#15692);
#15692 = AXIS2_PLACEMENT_3D('',#15693,#15694,#15695);
#15693 = CARTESIAN_POINT('',(98.,9.3,17.5));
#15694 = DIRECTION('',(0.,1.,0.));
#15695 = DIRECTION('',(0.,-0.,1.));
#15696 = DEFINITIONAL_REPRESENTATION('',(#15697),#15701);
#15697 = CIRCLE('',#15698,1.6);
#15698 = AXIS2_PLACEMENT_2D('',#15699,#15700);
#15699 = CARTESIAN_POINT('',(0.,0.));
#15700 = DIRECTION('',(1.,0.));
#15701 = ( GEOMETRIC_REPRESENTATION_CONTEXT(2) 
PARAMETRIC_REPRESENTATION_CONTEXT() REPRESENTATION_CONTEXT('2D SPACE',''
  ) );
#15702 = ORIENTED_EDGE('',*,*,#15703,.F.);
#15703 = EDGE_CURVE('',#15704,#15670,#15706,.T.);
#15704 = VERTEX_POINT('',#15705);
#15705 = CARTESIAN_POINT('',(98.,8.7,19.1));
#15706 = SEAM_CURVE('',#15707,(#15711,#15718),.PCURVE_S1.);
#15707 = LINE('',#15708,#15709);
#15708 = CARTESIAN_POINT('',(98.,8.7,19.1));
#15709 = VECTOR('',#15710,1.);
#15710 = DIRECTION('',(0.,1.,0.));
#15711 = PCURVE('',#15679,#15712);
#15712 = DEFINITIONAL_REPRESENTATION('',(#15713),#15717);
#15713 = LINE('',#15714,#15715);
#15714 = CARTESIAN_POINT('',(6.28318530718,-0.));
#15715 = VECTOR('',#15716,1.);
#15716 = DIRECTION('',(0.,1.));
#15717 = ( GEOMETRIC_REPRESENTATION_CONTEXT(2) 
PARAMETRIC_REPRESENTATION_CONTEXT() REPRESENTATION_CONTEXT('2D SPACE',''
  ) );
#15718 = PCURVE('',#15679,#15719);
#15719 = DEFINITIONAL_REPRESENTATION('',(#15720),#15724);
#15720 = LINE('',#15721,#15722);
#15721 = CARTESIAN_POINT('',(0.,-0.));
#15722 = VECTOR('',#15723,1.);
#15723 = DIRECTION('',(0.,1.));
#15724 = ( GEOMETRIC_REPRESENTATION_CONTEXT(2) 
PARAMETRIC_REPRESENTATION_CONTEXT() REPRESENTATION_CONTEXT('2D SPACE',''
  ) );
#15725 = ORIENTED_EDGE('',*,*,#15726,.T.);
#15726 = EDGE_CURVE('',#15704,#15704,#15727,.T.);
#15727 = SURFACE_CURVE('',#15728,(#15733,#15740),.PCURVE_S1.);
#15728 = CIRCLE('',#15729,1.6);
#15729 = AXIS2_PLACEMENT_3D('',#15730,#15731,#15732);
#15730 = CARTESIAN_POINT('',(98.,8.7,17.5));
#15731 = DIRECTION('',(0.,1.,0.));
#15732 = DIRECTION('',(0.,-0.,1.));
#15733 = PCURVE('',#15679,#15734);
#15734 = DEFINITIONAL_REPRESENTATION('',(#15735),#15739);
#15735 = LINE('',#15736,#15737);
#15736 = CARTESIAN_POINT('',(0.,0.));
#15737 = VECTOR('',#15738,1.);
#15738 = DIRECTION('',(1.,0.));
#15739 = ( GEOMETRIC_REPRESENTATION_CONTEXT(2) 
PARAMETRIC_REPRESENTATION_CONTEXT() REPRESENTATION_CONTEXT('2D SPACE',''
  ) );
#15740 = PCURVE('',#15741,#15746);
#15741 = PLANE('',#15742);
#15742 = AXIS2_PLACEMENT_3D('',#15743,#15744,#15745);
#15743 = CARTESIAN_POINT('',(98.,8.7,17.5));
#15744 = DIRECTION('',(0.,1.,0.));
#15745 = DIRECTION('',(0.,-0.,1.));
#15746 = DEFINITIONAL_REPRESENTATION('',(#15747),#15751);
#15747 = CIRCLE('',#15748,1.6);
#15748 = AXIS2_PLACEMENT_2D('',#15749,#15750);
#15749 = CARTESIAN_POINT('',(0.,0.));
#15750 = DIRECTION('',(1.,0.));
#15751 = ( GEOMETRIC_REPRESENTATION_CONTEXT(2) 
PARAMETRIC_REPRESENTATION_CONTEXT() REPRESENTATION_CONTEXT('2D SPACE',''
  ) );
#15752 = ORIENTED_EDGE('',*,*,#15703,.T.);
#15753 = ADVANCED_FACE('',(#15754),#15691,.T.);
#15754 = FACE_BOUND('',#15755,.T.);
#15755 = EDGE_LOOP('',(#15756));
#15756 = ORIENTED_EDGE('',*,*,#15669,.T.);
#15757 = ADVANCED_FACE('',(#15758,#15761),#15741,.F.);
#15758 = FACE_BOUND('',#15759,.F.);
#15759 = EDGE_LOOP('',(#15760));
#15760 = ORIENTED_EDGE('',*,*,#15726,.T.);
#15761 = FACE_BOUND('',#15762,.F.);
#15762 = EDGE_LOOP('',(#15763));
#15763 = ORIENTED_EDGE('',*,*,#15764,.F.);
#15764 = EDGE_CURVE('',#15765,#15765,#15767,.T.);
#15765 = VERTEX_POINT('',#15766);
#15766 = CARTESIAN_POINT('',(98.,8.7,18.375));
#15767 = SURFACE_CURVE('',#15768,(#15773,#15780),.PCURVE_S1.);
#15768 = CIRCLE('',#15769,0.875);
#15769 = AXIS2_PLACEMENT_3D('',#15770,#15771,#15772);
#15770 = CARTESIAN_POINT('',(98.,8.7,17.5));
#15771 = DIRECTION('',(0.,1.,0.));
#15772 = DIRECTION('',(0.,-0.,1.));
#15773 = PCURVE('',#15741,#15774);
#15774 = DEFINITIONAL_REPRESENTATION('',(#15775),#15779);
#15775 = CIRCLE('',#15776,0.875);
#15776 = AXIS2_PLACEMENT_2D('',#15777,#15778);
#15777 = CARTESIAN_POINT('',(0.,0.));
#15778 = DIRECTION('',(1.,0.));
#15779 = ( GEOMETRIC_REPRESENTATION_CONTEXT(2) 
PARAMETRIC_REPRESENTATION_CONTEXT() REPRESENTATION_CONTEXT('2D SPACE',''
  ) );
#15780 = PCURVE('',#15781,#15786);
#15781 = CYLINDRICAL_SURFACE('',#15782,0.875);
#15782 = AXIS2_PLACEMENT_3D('',#15783,#15784,#15785);
#15783 = CARTESIAN_POINT('',(98.,0.9,17.5));
#15784 = DIRECTION('',(0.,1.,0.));
#15785 = DIRECTION('',(0.,-0.,1.));
#15786 = DEFINITIONAL_REPRESENTATION('',(#15787),#15791);
#15787 = LINE('',#15788,#15789);
#15788 = CARTESIAN_POINT('',(0.,7.8));
#15789 = VECTOR('',#15790,1.);
#15790 = DIRECTION('',(1.,0.));
#15791 = ( GEOMETRIC_REPRESENTATION_CONTEXT(2) 
PARAMETRIC_REPRESENTATION_CONTEXT() REPRESENTATION_CONTEXT('2D SPACE',''
  ) );
#15792 = ADVANCED_FACE('',(#15793),#15781,.T.);
#15793 = FACE_BOUND('',#15794,.T.);
#15794 = EDGE_LOOP('',(#15795,#15796,#15819,#15846));
#15795 = ORIENTED_EDGE('',*,*,#15764,.F.);
#15796 = ORIENTED_EDGE('',*,*,#15797,.F.);
#15797 = EDGE_CURVE('',#15798,#15765,#15800,.T.);
#15798 = VERTEX_POINT('',#15799);
#15799 = CARTESIAN_POINT('',(98.,0.9,18.375));
#15800 = SEAM_CURVE('',#15801,(#15805,#15812),.PCURVE_S1.);
#15801 = LINE('',#15802,#15803);
#15802 = CARTESIAN_POINT('',(98.,0.9,18.375));
#15803 = VECTOR('',#15804,1.);
#15804 = DIRECTION('',(0.,1.,0.));
#15805 = PCURVE('',#15781,#15806);
#15806 = DEFINITIONAL_REPRESENTATION('',(#15807),#15811);
#15807 = LINE('',#15808,#15809);
#15808 = CARTESIAN_POINT('',(6.28318530718,-0.));
#15809 = VECTOR('',#15810,1.);
#15810 = DIRECTION('',(0.,1.));
#15811 = ( GEOMETRIC_REPRESENTATION_CONTEXT(2) 
PARAMETRIC_REPRESENTATION_CONTEXT() REPRESENTATION_CONTEXT('2D SPACE',''
  ) );
#15812 = PCURVE('',#15781,#15813);
#15813 = DEFINITIONAL_REPRESENTATION('',(#15814),#15818);
#15814 = LINE('',#15815,#15816);
#15815 = CARTESIAN_POINT('',(0.,-0.));
#15816 = VECTOR('',#15817,1.);
#15817 = DIRECTION('',(0.,1.));
#15818 = ( GEOMETRIC_REPRESENTATION_CONTEXT(2) 
PARAMETRIC_REPRESENTATION_CONTEXT() REPRESENTATION_CONTEXT('2D SPACE',''
  ) );
#15819 = ORIENTED_EDGE('',*,*,#15820,.T.);
#15820 = EDGE_CURVE('',#15798,#15798,#15821,.T.);
#15821 = SURFACE_CURVE('',#15822,(#15827,#15834),.PCURVE_S1.);
#15822 = CIRCLE('',#15823,0.875);
#15823 = AXIS2_PLACEMENT_3D('',#15824,#15825,#15826);
#15824 = CARTESIAN_POINT('',(98.,0.9,17.5));
#15825 = DIRECTION('',(0.,1.,0.));
#15826 = DIRECTION('',(0.,-0.,1.));
#15827 = PCURVE('',#15781,#15828);
#15828 = DEFINITIONAL_REPRESENTATION('',(#15829),#15833);
#15829 = LINE('',#15830,#15831);
#15830 = CARTESIAN_POINT('',(0.,0.));
#15831 = VECTOR('',#15832,1.);
#15832 = DIRECTION('',(1.,0.));
#15833 = ( GEOMETRIC_REPRESENTATION_CONTEXT(2) 
PARAMETRIC_REPRESENTATION_CONTEXT() REPRESENTATION_CONTEXT('2D SPACE',''
  ) );
#15834 = PCURVE('',#15835,#15840);
#15835 = PLANE('',#15836);
#15836 = AXIS2_PLACEMENT_3D('',#15837,#15838,#15839);
#15837 = CARTESIAN_POINT('',(98.,0.9,17.5));
#15838 = DIRECTION('',(0.,1.,0.));
#15839 = DIRECTION('',(0.,-0.,1.));
#15840 = DEFINITIONAL_REPRESENTATION('',(#15841),#15845);
#15841 = CIRCLE('',#15842,0.875);
#15842 = AXIS2_PLACEMENT_2D('',#15843,#15844);
#15843 = CARTESIAN_POINT('',(0.,0.));
#15844 = DIRECTION('',(1.,0.));
#15845 = ( GEOMETRIC_REPRESENTATION_CONTEXT(2) 
PARAMETRIC_REPRESENTATION_CONTEXT() REPRESENTATION_CONTEXT('2D SPACE',''
  ) );
#15846 = ORIENTED_EDGE('',*,*,#15797,.T.);
#15847 = ADVANCED_FACE('',(#15848,#15879),#15835,.T.);
#15848 = FACE_BOUND('',#15849,.T.);
#15849 = EDGE_LOOP('',(#15850));
#15850 = ORIENTED_EDGE('',*,*,#15851,.T.);
#15851 = EDGE_CURVE('',#15852,#15852,#15854,.T.);
#15852 = VERTEX_POINT('',#15853);
#15853 = CARTESIAN_POINT('',(98.,0.9,19.1));
#15854 = SURFACE_CURVE('',#15855,(#15860,#15867),.PCURVE_S1.);
#15855 = CIRCLE('',#15856,1.6);
#15856 = AXIS2_PLACEMENT_3D('',#15857,#15858,#15859);
#15857 = CARTESIAN_POINT('',(98.,0.9,17.5));
#15858 = DIRECTION('',(0.,1.,0.));
#15859 = DIRECTION('',(0.,-0.,1.));
#15860 = PCURVE('',#15835,#15861);
#15861 = DEFINITIONAL_REPRESENTATION('',(#15862),#15866);
#15862 = CIRCLE('',#15863,1.6);
#15863 = AXIS2_PLACEMENT_2D('',#15864,#15865);
#15864 = CARTESIAN_POINT('',(0.,0.));
#15865 = DIRECTION('',(1.,0.));
#15866 = ( GEOMETRIC_REPRESENTATION_CONTEXT(2) 
PARAMETRIC_REPRESENTATION_CONTEXT() REPRESENTATION_CONTEXT('2D SPACE',''
  ) );
#15867 = PCURVE('',#15868,#15873);
#15868 = CYLINDRICAL_SURFACE('',#15869,1.6);
#15869 = AXIS2_PLACEMENT_3D('',#15870,#15871,#15872);
#15870 = CARTESIAN_POINT('',(98.,0.3,17.5));
#15871 = DIRECTION('',(0.,1.,0.));
#15872 = DIRECTION('',(0.,-0.,1.));
#15873 = DEFINITIONAL_REPRESENTATION('',(#15874),#15878);
#15874 = LINE('',#15875,#15876);
#15875 = CARTESIAN_POINT('',(0.,0.6));
#15876 = VECTOR('',#15877,1.);
#15877 = DIRECTION('',(1.,0.));
#15878 = ( GEOMETRIC_REPRESENTATION_CONTEXT(2) 
PARAMETRIC_REPRESENTATION_CONTEXT() REPRESENTATION_CONTEXT('2D SPACE',''
  ) );
#15879 = FACE_BOUND('',#15880,.T.);
#15880 = EDGE_LOOP('',(#15881));
#15881 = ORIENTED_EDGE('',*,*,#15820,.F.);
#15882 = ADVANCED_FACE('',(#15883),#15868,.T.);
#15883 = FACE_BOUND('',#15884,.T.);
#15884 = EDGE_LOOP('',(#15885,#15886,#15909,#15936));
#15885 = ORIENTED_EDGE('',*,*,#15851,.F.);
#15886 = ORIENTED_EDGE('',*,*,#15887,.F.);
#15887 = EDGE_CURVE('',#15888,#15852,#15890,.T.);
#15888 = VERTEX_POINT('',#15889);
#15889 = CARTESIAN_POINT('',(98.,0.3,19.1));
#15890 = SEAM_CURVE('',#15891,(#15895,#15902),.PCURVE_S1.);
#15891 = LINE('',#15892,#15893);
#15892 = CARTESIAN_POINT('',(98.,0.3,19.1));
#15893 = VECTOR('',#15894,1.);
#15894 = DIRECTION('',(0.,1.,0.));
#15895 = PCURVE('',#15868,#15896);
#15896 = DEFINITIONAL_REPRESENTATION('',(#15897),#15901);
#15897 = LINE('',#15898,#15899);
#15898 = CARTESIAN_POINT('',(6.28318530718,-0.));
#15899 = VECTOR('',#15900,1.);
#15900 = DIRECTION('',(0.,1.));
#15901 = ( GEOMETRIC_REPRESENTATION_CONTEXT(2) 
PARAMETRIC_REPRESENTATION_CONTEXT() REPRESENTATION_CONTEXT('2D SPACE',''
  ) );
#15902 = PCURVE('',#15868,#15903);
#15903 = DEFINITIONAL_REPRESENTATION('',(#15904),#15908);
#15904 = LINE('',#15905,#15906);
#15905 = CARTESIAN_POINT('',(0.,-0.));
#15906 = VECTOR('',#15907,1.);
#15907 = DIRECTION('',(0.,1.));
#15908 = ( GEOMETRIC_REPRESENTATION_CONTEXT(2) 
PARAMETRIC_REPRESENTATION_CONTEXT() REPRESENTATION_CONTEXT('2D SPACE',''
  ) );
#15909 = ORIENTED_EDGE('',*,*,#15910,.T.);
#15910 = EDGE_CURVE('',#15888,#15888,#15911,.T.);
#15911 = SURFACE_CURVE('',#15912,(#15917,#15924),.PCURVE_S1.);
#15912 = CIRCLE('',#15913,1.6);
#15913 = AXIS2_PLACEMENT_3D('',#15914,#15915,#15916);
#15914 = CARTESIAN_POINT('',(98.,0.3,17.5));
#15915 = DIRECTION('',(0.,1.,0.));
#15916 = DIRECTION('',(0.,-0.,1.));
#15917 = PCURVE('',#15868,#15918);
#15918 = DEFINITIONAL_REPRESENTATION('',(#15919),#15923);
#15919 = LINE('',#15920,#15921);
#15920 = CARTESIAN_POINT('',(0.,0.));
#15921 = VECTOR('',#15922,1.);
#15922 = DIRECTION('',(1.,0.));
#15923 = ( GEOMETRIC_REPRESENTATION_CONTEXT(2) 
PARAMETRIC_REPRESENTATION_CONTEXT() REPRESENTATION_CONTEXT('2D SPACE',''
  ) );
#15924 = PCURVE('',#15925,#15930);
#15925 = PLANE('',#15926);
#15926 = AXIS2_PLACEMENT_3D('',#15927,#15928,#15929);
#15927 = CARTESIAN_POINT('',(98.,0.3,17.5));
#15928 = DIRECTION('',(0.,1.,0.));
#15929 = DIRECTION('',(0.,-0.,1.));
#15930 = DEFINITIONAL_REPRESENTATION('',(#15931),#15935);
#15931 = CIRCLE('',#15932,1.6);
#15932 = AXIS2_PLACEMENT_2D('',#15933,#15934);
#15933 = CARTESIAN_POINT('',(0.,0.));
#15934 = DIRECTION('',(1.,0.));
#15935 = ( GEOMETRIC_REPRESENTATION_CONTEXT(2) 
PARAMETRIC_REPRESENTATION_CONTEXT() REPRESENTATION_CONTEXT('2D SPACE',''
  ) );
#15936 = ORIENTED_EDGE('',*,*,#15887,.T.);
#15937 = ADVANCED_FACE('',(#15938),#15925,.F.);
#15938 = FACE_BOUND('',#15939,.T.);
#15939 = EDGE_LOOP('',(#15940));
#15940 = ORIENTED_EDGE('',*,*,#15910,.F.);
#15941 = ( GEOMETRIC_REPRESENTATION_CONTEXT(3) 
GLOBAL_UNCERTAINTY_ASSIGNED_CONTEXT((#15945)) 
GLOBAL_UNIT_ASSIGNED_CONTEXT((#15942,#15943,#15944)) 
REPRESENTATION_CONTEXT('Context #1',
  '3D Context with UNIT and UNCERTAINTY') );
#15942 = ( LENGTH_UNIT() NAMED_UNIT(*) SI_UNIT(.MILLI.,.METRE.) );
#15943 = ( NAMED_UNIT(*) PLANE_ANGLE_UNIT() SI_UNIT($,.RADIAN.) );
#15944 = ( NAMED_UNIT(*) SI_UNIT($,.STERADIAN.) SOLID_ANGLE_UNIT() );
#15945 = UNCERTAINTY_MEASURE_WITH_UNIT(LENGTH_MEASURE(1.E-07),#15942,
  'distance_accuracy_value','confusion accuracy');
#15946 = CONTEXT_DEPENDENT_SHAPE_REPRESENTATION(#15947,#15949);
#15947 = ( REPRESENTATION_RELATIONSHIP('','',#15662,#10) 
REPRESENTATION_RELATIONSHIP_WITH_TRANSFORMATION(#15948) 
SHAPE_REPRESENTATION_RELATIONSHIP() );
#15948 = ITEM_DEFINED_TRANSFORMATION('','',#11,#23);
#15949 = PRODUCT_DEFINITION_SHAPE('Placement','Placement of an item',
  #15950);
#15950 = NEXT_ASSEMBLY_USAGE_OCCURRENCE('3','','',#5,#15657,$);
#15951 = PRODUCT_RELATED_PRODUCT_CATEGORY('part',$,(#15659));
ENDSEC;
END-ISO-10303-21;
