ISO-10303-21;
HEADER;
FILE_DESCRIPTION(('Open CASCADE Model'),'2;1');
FILE_NAME('Open CASCADE Shape Model','2026-10-07T21:29:31',('Author'),(
    'Open CASCADE'),'Open CASCADE STEP processor 7.8','Open CASCADE 7.8'
  ,'Unknown');
FILE_SCHEMA(('AUTOMOTIVE_DESIGN { 1 0 10303 214 1 1 1 1 }'));
ENDSEC;
DATA;
#1 = APPLICATION_PROTOCOL_DEFINITION('international standard',
  'automotive_design',2000,#2);
#2 = APPLICATION_CONTEXT(
  'core data for automotive mechanical design processes');
#3 = SHAPE_DEFINITION_REPRESENTATION(#4,#10);
#4 = PRODUCT_DEFINITION_SHAPE('','',#5);
#5 = PRODUCT_DEFINITION('design','',#6,#9);
#6 = PRODUCT_DEFINITION_FORMATION('','',#7);
#7 = PRODUCT('Open CASCADE STEP translator 7.8 1',
  'Open CASCADE STEP translator 7.8 1','',(#8));
#8 = PRODUCT_CONTEXT('',#2,'mechanical');
#9 = PRODUCT_DEFINITION_CONTEXT('part definition',#2,'design');
#10 = ADVANCED_BREP_SHAPE_REPRESENTATION('',(#11,#15),#10636);
#11 = AXIS2_PLACEMENT_3D('',#12,#13,#14);
#12 = CARTESIAN_POINT('',(0.,0.,0.));
#13 = DIRECTION('',(0.,0.,1.));
#14 = DIRECTION('',(1.,0.,-0.));
#15 = MANIFOLD_SOLID_BREP('',#16);
#16 = CLOSED_SHELL('',(#17,#136,#1878,#1983,#2116,#2194,#2321,#2457,
    #2506,#2586,#2636,#3459,#3508,#3630,#3679,#3728,#3755,#3782,#3831,
    #3953,#4002,#4051,#4078,#4105,#4154,#4276,#4325,#4374,#4401,#4428,
    #4477,#4599,#4648,#4697,#4724,#4751,#4800,#4922,#4971,#5020,#5047,
    #5074,#5123,#5245,#5294,#5343,#5370,#5397,#5446,#5568,#5617,#5666,
    #5693,#5720,#5852,#5957,#6716,#6812,#6919,#7074,#7229,#7455,#7482,
    #7509,#7536,#7567,#7574,#7731,#7759,#7786,#7813,#7951,#8000,#8084,
    #8091,#8098,#8105,#8112,#8119,#8126,#8133,#8140,#8147,#8154,#8161,
    #8168,#8175,#8182,#8231,#8258,#8307,#8433,#8540,#8644,#8774,#8801,
    #8808,#8857,#8978,#9050,#9099,#9194,#9244,#9343,#9392,#9538,#9642,
    #9791,#9818,#9895,#9922,#9929,#9957,#9985,#9992,#10019,#10026,#10033
    ,#10060,#10087,#10181,#10208,#10215,#10287,#10315,#10342,#10370,
    #10397,#10469,#10497,#10525,#10532,#10559,#10566,#10594,#10622,
    #10629));
#17 = ADVANCED_FACE('',(#18),#32,.T.);
#18 = FACE_BOUND('',#19,.T.);
#19 = EDGE_LOOP('',(#20,#54,#82,#110));
#20 = ORIENTED_EDGE('',*,*,#21,.F.);
#21 = EDGE_CURVE('',#22,#24,#26,.T.);
#22 = VERTEX_POINT('',#23);
#23 = CARTESIAN_POINT('',(76.,193.,15.));
#24 = VERTEX_POINT('',#25);
#25 = CARTESIAN_POINT('',(76.,191.,17.));
#26 = SURFACE_CURVE('',#27,(#31,#42),.PCURVE_S1.);
#27 = LINE('',#28,#29);
#28 = CARTESIAN_POINT('',(76.,148.525,59.475));
#29 = VECTOR('',#30,1.);
#30 = DIRECTION('',(0.,-0.707106781187,0.707106781187));
#31 = PCURVE('',#32,#37);
#32 = PLANE('',#33);
#33 = AXIS2_PLACEMENT_3D('',#34,#35,#36);
#34 = CARTESIAN_POINT('',(0.,193.,15.));
#35 = DIRECTION('',(0.,-0.707106781187,-0.707106781187));
#36 = DIRECTION('',(0.,-0.707106781187,0.707106781187));
#37 = DEFINITIONAL_REPRESENTATION('',(#38),#41);
#38 = B_SPLINE_CURVE_WITH_KNOTS('',1,(#39,#40),.UNSPECIFIED.,.F.,.F.,(2,
    2),(-62.89714818654,-60.06872106179),.PIECEWISE_BEZIER_KNOTS.);
#39 = CARTESIAN_POINT('',(0.,-76.));
#40 = CARTESIAN_POINT('',(2.828427124746,-76.));
#41 = ( GEOMETRIC_REPRESENTATION_CONTEXT(2) 
PARAMETRIC_REPRESENTATION_CONTEXT() REPRESENTATION_CONTEXT('2D SPACE',''
  ) );
#42 = PCURVE('',#43,#48);
#43 = PLANE('',#44);
#44 = AXIS2_PLACEMENT_3D('',#45,#46,#47);
#45 = CARTESIAN_POINT('',(76.,0.,-0.1));
#46 = DIRECTION('',(1.,0.,-0.));
#47 = DIRECTION('',(0.,0.,1.));
#48 = DEFINITIONAL_REPRESENTATION('',(#49),#53);
#49 = LINE('',#50,#51);
#50 = CARTESIAN_POINT('',(59.575,-148.525));
#51 = VECTOR('',#52,1.);
#52 = DIRECTION('',(0.707106781187,0.707106781187));
#53 = ( GEOMETRIC_REPRESENTATION_CONTEXT(2) 
PARAMETRIC_REPRESENTATION_CONTEXT() REPRESENTATION_CONTEXT('2D SPACE',''
  ) );
#54 = ORIENTED_EDGE('',*,*,#55,.T.);
#55 = EDGE_CURVE('',#22,#56,#58,.T.);
#56 = VERTEX_POINT('',#57);
#57 = CARTESIAN_POINT('',(90.,193.,15.));
#58 = SURFACE_CURVE('',#59,(#63,#70),.PCURVE_S1.);
#59 = LINE('',#60,#61);
#60 = CARTESIAN_POINT('',(0.,193.,15.));
#61 = VECTOR('',#62,1.);
#62 = DIRECTION('',(1.,0.,0.));
#63 = PCURVE('',#32,#64);
#64 = DEFINITIONAL_REPRESENTATION('',(#65),#69);
#65 = LINE('',#66,#67);
#66 = CARTESIAN_POINT('',(0.,0.));
#67 = VECTOR('',#68,1.);
#68 = DIRECTION('',(0.,-1.));
#69 = ( GEOMETRIC_REPRESENTATION_CONTEXT(2) 
PARAMETRIC_REPRESENTATION_CONTEXT() REPRESENTATION_CONTEXT('2D SPACE',''
  ) );
#70 = PCURVE('',#71,#76);
#71 = PLANE('',#72);
#72 = AXIS2_PLACEMENT_3D('',#73,#74,#75);
#73 = CARTESIAN_POINT('',(-1.,193.,11.5));
#74 = DIRECTION('',(-0.,1.,0.));
#75 = DIRECTION('',(0.,0.,1.));
#76 = DEFINITIONAL_REPRESENTATION('',(#77),#81);
#77 = LINE('',#78,#79);
#78 = CARTESIAN_POINT('',(3.5,1.));
#79 = VECTOR('',#80,1.);
#80 = DIRECTION('',(0.,1.));
#81 = ( GEOMETRIC_REPRESENTATION_CONTEXT(2) 
PARAMETRIC_REPRESENTATION_CONTEXT() REPRESENTATION_CONTEXT('2D SPACE',''
  ) );
#82 = ORIENTED_EDGE('',*,*,#83,.T.);
#83 = EDGE_CURVE('',#56,#84,#86,.T.);
#84 = VERTEX_POINT('',#85);
#85 = CARTESIAN_POINT('',(90.,191.,17.));
#86 = SURFACE_CURVE('',#87,(#91,#98),.PCURVE_S1.);
#87 = LINE('',#88,#89);
#88 = CARTESIAN_POINT('',(90.,196.2,11.8));
#89 = VECTOR('',#90,1.);
#90 = DIRECTION('',(0.,-0.707106781187,0.707106781187));
#91 = PCURVE('',#32,#92);
#92 = DEFINITIONAL_REPRESENTATION('',(#93),#97);
#93 = LINE('',#94,#95);
#94 = CARTESIAN_POINT('',(-4.525483399594,-90.));
#95 = VECTOR('',#96,1.);
#96 = DIRECTION('',(1.,0.));
#97 = ( GEOMETRIC_REPRESENTATION_CONTEXT(2) 
PARAMETRIC_REPRESENTATION_CONTEXT() REPRESENTATION_CONTEXT('2D SPACE',''
  ) );
#98 = PCURVE('',#99,#104);
#99 = PLANE('',#100);
#100 = AXIS2_PLACEMENT_3D('',#101,#102,#103);
#101 = CARTESIAN_POINT('',(90.,190.8,0.));
#102 = DIRECTION('',(1.,0.,-0.));
#103 = DIRECTION('',(0.,0.,1.));
#104 = DEFINITIONAL_REPRESENTATION('',(#105),#109);
#105 = LINE('',#106,#107);
#106 = CARTESIAN_POINT('',(11.8,-5.4));
#107 = VECTOR('',#108,1.);
#108 = DIRECTION('',(0.707106781187,0.707106781187));
#109 = ( GEOMETRIC_REPRESENTATION_CONTEXT(2) 
PARAMETRIC_REPRESENTATION_CONTEXT() REPRESENTATION_CONTEXT('2D SPACE',''
  ) );
#110 = ORIENTED_EDGE('',*,*,#111,.F.);
#111 = EDGE_CURVE('',#24,#84,#112,.T.);
#112 = SURFACE_CURVE('',#113,(#117,#124),.PCURVE_S1.);
#113 = LINE('',#114,#115);
#114 = CARTESIAN_POINT('',(0.,191.,17.));
#115 = VECTOR('',#116,1.);
#116 = DIRECTION('',(1.,0.,0.));
#117 = PCURVE('',#32,#118);
#118 = DEFINITIONAL_REPRESENTATION('',(#119),#123);
#119 = LINE('',#120,#121);
#120 = CARTESIAN_POINT('',(2.828427124746,0.));
#121 = VECTOR('',#122,1.);
#122 = DIRECTION('',(0.,-1.));
#123 = ( GEOMETRIC_REPRESENTATION_CONTEXT(2) 
PARAMETRIC_REPRESENTATION_CONTEXT() REPRESENTATION_CONTEXT('2D SPACE',''
  ) );
#124 = PCURVE('',#125,#130);
#125 = PLANE('',#126);
#126 = AXIS2_PLACEMENT_3D('',#127,#128,#129);
#127 = CARTESIAN_POINT('',(0.,0.,17.));
#128 = DIRECTION('',(0.,0.,1.));
#129 = DIRECTION('',(1.,0.,-0.));
#130 = DEFINITIONAL_REPRESENTATION('',(#131),#135);
#131 = LINE('',#132,#133);
#132 = CARTESIAN_POINT('',(0.,191.));
#133 = VECTOR('',#134,1.);
#134 = DIRECTION('',(1.,0.));
#135 = ( GEOMETRIC_REPRESENTATION_CONTEXT(2) 
PARAMETRIC_REPRESENTATION_CONTEXT() REPRESENTATION_CONTEXT('2D SPACE',''
  ) );
#136 = ADVANCED_FACE('',(#137),#43,.F.);
#137 = FACE_BOUND('',#138,.F.);
#138 = EDGE_LOOP('',(#139,#169,#197,#225,#254,#274,#275,#297,#324,#351,
    #378,#405,#432,#459,#481,#508,#530,#557,#584,#611,#638,#665,#687,
    #714,#736,#763,#790,#817,#844,#871,#893,#920,#942,#969,#996,#1023,
    #1050,#1077,#1099,#1126,#1148,#1175,#1202,#1229,#1256,#1283,#1305,
    #1332,#1354,#1381,#1408,#1435,#1462,#1489,#1511,#1538,#1560,#1587,
    #1614,#1641,#1668,#1695,#1717,#1744,#1766,#1793,#1820,#1847));
#139 = ORIENTED_EDGE('',*,*,#140,.F.);
#140 = EDGE_CURVE('',#141,#143,#145,.T.);
#141 = VERTEX_POINT('',#142);
#142 = CARTESIAN_POINT('',(76.,0.,0.));
#143 = VERTEX_POINT('',#144);
#144 = CARTESIAN_POINT('',(76.,-5.551115123125E-17,16.2));
#145 = SURFACE_CURVE('',#146,(#150,#157),.PCURVE_S1.);
#146 = LINE('',#147,#148);
#147 = CARTESIAN_POINT('',(76.,0.,0.));
#148 = VECTOR('',#149,1.);
#149 = DIRECTION('',(0.,-3.426614273534E-18,1.));
#150 = PCURVE('',#43,#151);
#151 = DEFINITIONAL_REPRESENTATION('',(#152),#156);
#152 = LINE('',#153,#154);
#153 = CARTESIAN_POINT('',(0.1,0.));
#154 = VECTOR('',#155,1.);
#155 = DIRECTION('',(1.,3.426614273534E-18));
#156 = ( GEOMETRIC_REPRESENTATION_CONTEXT(2) 
PARAMETRIC_REPRESENTATION_CONTEXT() REPRESENTATION_CONTEXT('2D SPACE',''
  ) );
#157 = PCURVE('',#158,#163);
#158 = PLANE('',#159);
#159 = AXIS2_PLACEMENT_3D('',#160,#161,#162);
#160 = CARTESIAN_POINT('',(0.,0.,0.));
#161 = DIRECTION('',(-0.,1.,0.));
#162 = DIRECTION('',(0.,0.,1.));
#163 = DEFINITIONAL_REPRESENTATION('',(#164),#168);
#164 = LINE('',#165,#166);
#165 = CARTESIAN_POINT('',(0.,76.));
#166 = VECTOR('',#167,1.);
#167 = DIRECTION('',(1.,0.));
#168 = ( GEOMETRIC_REPRESENTATION_CONTEXT(2) 
PARAMETRIC_REPRESENTATION_CONTEXT() REPRESENTATION_CONTEXT('2D SPACE',''
  ) );
#169 = ORIENTED_EDGE('',*,*,#170,.F.);
#170 = EDGE_CURVE('',#171,#141,#173,.T.);
#171 = VERTEX_POINT('',#172);
#172 = CARTESIAN_POINT('',(76.,200.,0.));
#173 = SURFACE_CURVE('',#174,(#178,#185),.PCURVE_S1.);
#174 = LINE('',#175,#176);
#175 = CARTESIAN_POINT('',(76.,200.,0.));
#176 = VECTOR('',#177,1.);
#177 = DIRECTION('',(0.,-1.,0.));
#178 = PCURVE('',#43,#179);
#179 = DEFINITIONAL_REPRESENTATION('',(#180),#184);
#180 = LINE('',#181,#182);
#181 = CARTESIAN_POINT('',(0.1,-200.));
#182 = VECTOR('',#183,1.);
#183 = DIRECTION('',(0.,1.));
#184 = ( GEOMETRIC_REPRESENTATION_CONTEXT(2) 
PARAMETRIC_REPRESENTATION_CONTEXT() REPRESENTATION_CONTEXT('2D SPACE',''
  ) );
#185 = PCURVE('',#186,#191);
#186 = PLANE('',#187);
#187 = AXIS2_PLACEMENT_3D('',#188,#189,#190);
#188 = CARTESIAN_POINT('',(0.,0.,0.));
#189 = DIRECTION('',(0.,0.,1.));
#190 = DIRECTION('',(1.,0.,-0.));
#191 = DEFINITIONAL_REPRESENTATION('',(#192),#196);
#192 = LINE('',#193,#194);
#193 = CARTESIAN_POINT('',(76.,200.));
#194 = VECTOR('',#195,1.);
#195 = DIRECTION('',(0.,-1.));
#196 = ( GEOMETRIC_REPRESENTATION_CONTEXT(2) 
PARAMETRIC_REPRESENTATION_CONTEXT() REPRESENTATION_CONTEXT('2D SPACE',''
  ) );
#197 = ORIENTED_EDGE('',*,*,#198,.F.);
#198 = EDGE_CURVE('',#199,#171,#201,.T.);
#199 = VERTEX_POINT('',#200);
#200 = CARTESIAN_POINT('',(76.,200.,16.2));
#201 = SURFACE_CURVE('',#202,(#206,#213),.PCURVE_S1.);
#202 = LINE('',#203,#204);
#203 = CARTESIAN_POINT('',(76.,200.,16.2));
#204 = VECTOR('',#205,1.);
#205 = DIRECTION('',(0.,0.,-1.));
#206 = PCURVE('',#43,#207);
#207 = DEFINITIONAL_REPRESENTATION('',(#208),#212);
#208 = LINE('',#209,#210);
#209 = CARTESIAN_POINT('',(16.3,-200.));
#210 = VECTOR('',#211,1.);
#211 = DIRECTION('',(-1.,0.));
#212 = ( GEOMETRIC_REPRESENTATION_CONTEXT(2) 
PARAMETRIC_REPRESENTATION_CONTEXT() REPRESENTATION_CONTEXT('2D SPACE',''
  ) );
#213 = PCURVE('',#214,#219);
#214 = PLANE('',#215);
#215 = AXIS2_PLACEMENT_3D('',#216,#217,#218);
#216 = CARTESIAN_POINT('',(0.,200.,0.));
#217 = DIRECTION('',(-0.,1.,0.));
#218 = DIRECTION('',(0.,0.,1.));
#219 = DEFINITIONAL_REPRESENTATION('',(#220),#224);
#220 = LINE('',#221,#222);
#221 = CARTESIAN_POINT('',(16.2,76.));
#222 = VECTOR('',#223,1.);
#223 = DIRECTION('',(-1.,0.));
#224 = ( GEOMETRIC_REPRESENTATION_CONTEXT(2) 
PARAMETRIC_REPRESENTATION_CONTEXT() REPRESENTATION_CONTEXT('2D SPACE',''
  ) );
#225 = ORIENTED_EDGE('',*,*,#226,.T.);
#226 = EDGE_CURVE('',#199,#227,#229,.T.);
#227 = VERTEX_POINT('',#228);
#228 = CARTESIAN_POINT('',(76.,199.2,17.));
#229 = SURFACE_CURVE('',#230,(#235,#242),.PCURVE_S1.);
#230 = CIRCLE('',#231,0.8);
#231 = AXIS2_PLACEMENT_3D('',#232,#233,#234);
#232 = CARTESIAN_POINT('',(76.,199.2,16.2));
#233 = DIRECTION('',(1.,0.,-0.));
#234 = DIRECTION('',(0.,0.,1.));
#235 = PCURVE('',#43,#236);
#236 = DEFINITIONAL_REPRESENTATION('',(#237),#241);
#237 = CIRCLE('',#238,0.8);
#238 = AXIS2_PLACEMENT_2D('',#239,#240);
#239 = CARTESIAN_POINT('',(16.3,-199.2));
#240 = DIRECTION('',(1.,0.));
#241 = ( GEOMETRIC_REPRESENTATION_CONTEXT(2) 
PARAMETRIC_REPRESENTATION_CONTEXT() REPRESENTATION_CONTEXT('2D SPACE',''
  ) );
#242 = PCURVE('',#243,#248);
#243 = CYLINDRICAL_SURFACE('',#244,0.8);
#244 = AXIS2_PLACEMENT_3D('',#245,#246,#247);
#245 = CARTESIAN_POINT('',(3.,199.2,16.2));
#246 = DIRECTION('',(1.,0.,-0.));
#247 = DIRECTION('',(0.,0.,1.));
#248 = DEFINITIONAL_REPRESENTATION('',(#249),#253);
#249 = LINE('',#250,#251);
#250 = CARTESIAN_POINT('',(0.,73.));
#251 = VECTOR('',#252,1.);
#252 = DIRECTION('',(1.,0.));
#253 = ( GEOMETRIC_REPRESENTATION_CONTEXT(2) 
PARAMETRIC_REPRESENTATION_CONTEXT() REPRESENTATION_CONTEXT('2D SPACE',''
  ) );
#254 = ORIENTED_EDGE('',*,*,#255,.F.);
#255 = EDGE_CURVE('',#24,#227,#256,.T.);
#256 = SURFACE_CURVE('',#257,(#261,#268),.PCURVE_S1.);
#257 = LINE('',#258,#259);
#258 = CARTESIAN_POINT('',(76.,0.,17.));
#259 = VECTOR('',#260,1.);
#260 = DIRECTION('',(-0.,1.,0.));
#261 = PCURVE('',#43,#262);
#262 = DEFINITIONAL_REPRESENTATION('',(#263),#267);
#263 = LINE('',#264,#265);
#264 = CARTESIAN_POINT('',(17.1,0.));
#265 = VECTOR('',#266,1.);
#266 = DIRECTION('',(0.,-1.));
#267 = ( GEOMETRIC_REPRESENTATION_CONTEXT(2) 
PARAMETRIC_REPRESENTATION_CONTEXT() REPRESENTATION_CONTEXT('2D SPACE',''
  ) );
#268 = PCURVE('',#125,#269);
#269 = DEFINITIONAL_REPRESENTATION('',(#270),#273);
#270 = B_SPLINE_CURVE_WITH_KNOTS('',1,(#271,#272),.UNSPECIFIED.,.F.,.F.,
  (2,2),(191.,199.2),.PIECEWISE_BEZIER_KNOTS.);
#271 = CARTESIAN_POINT('',(76.,191.));
#272 = CARTESIAN_POINT('',(76.,199.2));
#273 = ( GEOMETRIC_REPRESENTATION_CONTEXT(2) 
PARAMETRIC_REPRESENTATION_CONTEXT() REPRESENTATION_CONTEXT('2D SPACE',''
  ) );
#274 = ORIENTED_EDGE('',*,*,#21,.F.);
#275 = ORIENTED_EDGE('',*,*,#276,.T.);
#276 = EDGE_CURVE('',#22,#277,#279,.T.);
#277 = VERTEX_POINT('',#278);
#278 = CARTESIAN_POINT('',(76.,193.,3.4));
#279 = SURFACE_CURVE('',#280,(#284,#291),.PCURVE_S1.);
#280 = LINE('',#281,#282);
#281 = CARTESIAN_POINT('',(76.,193.,5.7));
#282 = VECTOR('',#283,1.);
#283 = DIRECTION('',(-0.,0.,-1.));
#284 = PCURVE('',#43,#285);
#285 = DEFINITIONAL_REPRESENTATION('',(#286),#290);
#286 = LINE('',#287,#288);
#287 = CARTESIAN_POINT('',(5.8,-193.));
#288 = VECTOR('',#289,1.);
#289 = DIRECTION('',(-1.,-0.));
#290 = ( GEOMETRIC_REPRESENTATION_CONTEXT(2) 
PARAMETRIC_REPRESENTATION_CONTEXT() REPRESENTATION_CONTEXT('2D SPACE',''
  ) );
#291 = PCURVE('',#71,#292);
#292 = DEFINITIONAL_REPRESENTATION('',(#293),#296);
#293 = B_SPLINE_CURVE_WITH_KNOTS('',1,(#294,#295),.UNSPECIFIED.,.F.,.F.,
  (2,2),(-9.3,3.5),.PIECEWISE_BEZIER_KNOTS.);
#294 = CARTESIAN_POINT('',(3.5,77.));
#295 = CARTESIAN_POINT('',(-9.3,77.));
#296 = ( GEOMETRIC_REPRESENTATION_CONTEXT(2) 
PARAMETRIC_REPRESENTATION_CONTEXT() REPRESENTATION_CONTEXT('2D SPACE',''
  ) );
#297 = ORIENTED_EDGE('',*,*,#298,.F.);
#298 = EDGE_CURVE('',#299,#277,#301,.T.);
#299 = VERTEX_POINT('',#300);
#300 = CARTESIAN_POINT('',(76.,166.85,3.4));
#301 = SURFACE_CURVE('',#302,(#306,#313),.PCURVE_S1.);
#302 = LINE('',#303,#304);
#303 = CARTESIAN_POINT('',(76.,1.2,3.4));
#304 = VECTOR('',#305,1.);
#305 = DIRECTION('',(-0.,1.,0.));
#306 = PCURVE('',#43,#307);
#307 = DEFINITIONAL_REPRESENTATION('',(#308),#312);
#308 = LINE('',#309,#310);
#309 = CARTESIAN_POINT('',(3.5,-1.2));
#310 = VECTOR('',#311,1.);
#311 = DIRECTION('',(0.,-1.));
#312 = ( GEOMETRIC_REPRESENTATION_CONTEXT(2) 
PARAMETRIC_REPRESENTATION_CONTEXT() REPRESENTATION_CONTEXT('2D SPACE',''
  ) );
#313 = PCURVE('',#314,#319);
#314 = PLANE('',#315);
#315 = AXIS2_PLACEMENT_3D('',#316,#317,#318);
#316 = CARTESIAN_POINT('',(11.2,2.4,3.4));
#317 = DIRECTION('',(0.,0.,1.));
#318 = DIRECTION('',(1.,0.,-0.));
#319 = DEFINITIONAL_REPRESENTATION('',(#320),#323);
#320 = B_SPLINE_CURVE_WITH_KNOTS('',1,(#321,#322),.UNSPECIFIED.,.F.,.F.,
  (2,2),(-1.2,191.8),.PIECEWISE_BEZIER_KNOTS.);
#321 = CARTESIAN_POINT('',(64.8,-2.4));
#322 = CARTESIAN_POINT('',(64.8,190.6));
#323 = ( GEOMETRIC_REPRESENTATION_CONTEXT(2) 
PARAMETRIC_REPRESENTATION_CONTEXT() REPRESENTATION_CONTEXT('2D SPACE',''
  ) );
#324 = ORIENTED_EDGE('',*,*,#325,.F.);
#325 = EDGE_CURVE('',#326,#299,#328,.T.);
#326 = VERTEX_POINT('',#327);
#327 = CARTESIAN_POINT('',(76.,166.85,6.9));
#328 = SURFACE_CURVE('',#329,(#333,#340),.PCURVE_S1.);
#329 = LINE('',#330,#331);
#330 = CARTESIAN_POINT('',(76.,166.85,1.645));
#331 = VECTOR('',#332,1.);
#332 = DIRECTION('',(-0.,0.,-1.));
#333 = PCURVE('',#43,#334);
#334 = DEFINITIONAL_REPRESENTATION('',(#335),#339);
#335 = LINE('',#336,#337);
#336 = CARTESIAN_POINT('',(1.745,-166.85));
#337 = VECTOR('',#338,1.);
#338 = DIRECTION('',(-1.,-0.));
#339 = ( GEOMETRIC_REPRESENTATION_CONTEXT(2) 
PARAMETRIC_REPRESENTATION_CONTEXT() REPRESENTATION_CONTEXT('2D SPACE',''
  ) );
#340 = PCURVE('',#341,#346);
#341 = PLANE('',#342);
#342 = AXIS2_PLACEMENT_3D('',#343,#344,#345);
#343 = CARTESIAN_POINT('',(55.95,166.85,3.39));
#344 = DIRECTION('',(-0.,1.,0.));
#345 = DIRECTION('',(0.,0.,1.));
#346 = DEFINITIONAL_REPRESENTATION('',(#347),#350);
#347 = B_SPLINE_CURVE_WITH_KNOTS('',1,(#348,#349),.UNSPECIFIED.,.F.,.F.,
  (2,2),(-5.255,-1.755),.PIECEWISE_BEZIER_KNOTS.);
#348 = CARTESIAN_POINT('',(3.51,20.05));
#349 = CARTESIAN_POINT('',(1.E-02,20.05));
#350 = ( GEOMETRIC_REPRESENTATION_CONTEXT(2) 
PARAMETRIC_REPRESENTATION_CONTEXT() REPRESENTATION_CONTEXT('2D SPACE',''
  ) );
#351 = ORIENTED_EDGE('',*,*,#352,.F.);
#352 = EDGE_CURVE('',#353,#326,#355,.T.);
#353 = VERTEX_POINT('',#354);
#354 = CARTESIAN_POINT('',(76.,166.05,6.9));
#355 = SURFACE_CURVE('',#356,(#360,#367),.PCURVE_S1.);
#356 = LINE('',#357,#358);
#357 = CARTESIAN_POINT('',(76.,72.275,6.9));
#358 = VECTOR('',#359,1.);
#359 = DIRECTION('',(-0.,1.,0.));
#360 = PCURVE('',#43,#361);
#361 = DEFINITIONAL_REPRESENTATION('',(#362),#366);
#362 = LINE('',#363,#364);
#363 = CARTESIAN_POINT('',(7.,-72.275));
#364 = VECTOR('',#365,1.);
#365 = DIRECTION('',(0.,-1.));
#366 = ( GEOMETRIC_REPRESENTATION_CONTEXT(2) 
PARAMETRIC_REPRESENTATION_CONTEXT() REPRESENTATION_CONTEXT('2D SPACE',''
  ) );
#367 = PCURVE('',#368,#373);
#368 = PLANE('',#369);
#369 = AXIS2_PLACEMENT_3D('',#370,#371,#372);
#370 = CARTESIAN_POINT('',(33.95,144.55,6.9));
#371 = DIRECTION('',(0.,0.,1.));
#372 = DIRECTION('',(1.,0.,-0.));
#373 = DEFINITIONAL_REPRESENTATION('',(#374),#377);
#374 = B_SPLINE_CURVE_WITH_KNOTS('',1,(#375,#376),.UNSPECIFIED.,.F.,.F.,
  (2,2),(72.275,117.925),.PIECEWISE_BEZIER_KNOTS.);
#375 = CARTESIAN_POINT('',(42.05,0.));
#376 = CARTESIAN_POINT('',(42.05,45.65));
#377 = ( GEOMETRIC_REPRESENTATION_CONTEXT(2) 
PARAMETRIC_REPRESENTATION_CONTEXT() REPRESENTATION_CONTEXT('2D SPACE',''
  ) );
#378 = ORIENTED_EDGE('',*,*,#379,.T.);
#379 = EDGE_CURVE('',#353,#380,#382,.T.);
#380 = VERTEX_POINT('',#381);
#381 = CARTESIAN_POINT('',(76.,166.05,3.4));
#382 = SURFACE_CURVE('',#383,(#387,#394),.PCURVE_S1.);
#383 = LINE('',#384,#385);
#384 = CARTESIAN_POINT('',(76.,166.05,1.64));
#385 = VECTOR('',#386,1.);
#386 = DIRECTION('',(-0.,0.,-1.));
#387 = PCURVE('',#43,#388);
#388 = DEFINITIONAL_REPRESENTATION('',(#389),#393);
#389 = LINE('',#390,#391);
#390 = CARTESIAN_POINT('',(1.74,-166.05));
#391 = VECTOR('',#392,1.);
#392 = DIRECTION('',(-1.,-0.));
#393 = ( GEOMETRIC_REPRESENTATION_CONTEXT(2) 
PARAMETRIC_REPRESENTATION_CONTEXT() REPRESENTATION_CONTEXT('2D SPACE',''
  ) );
#394 = PCURVE('',#395,#400);
#395 = PLANE('',#396);
#396 = AXIS2_PLACEMENT_3D('',#397,#398,#399);
#397 = CARTESIAN_POINT('',(56.75,166.05,3.38));
#398 = DIRECTION('',(-0.,1.,0.));
#399 = DIRECTION('',(0.,0.,1.));
#400 = DEFINITIONAL_REPRESENTATION('',(#401),#404);
#401 = B_SPLINE_CURVE_WITH_KNOTS('',1,(#402,#403),.UNSPECIFIED.,.F.,.F.,
  (2,2),(-5.26,-1.76),.PIECEWISE_BEZIER_KNOTS.);
#402 = CARTESIAN_POINT('',(3.52,19.25));
#403 = CARTESIAN_POINT('',(2.E-02,19.25));
#404 = ( GEOMETRIC_REPRESENTATION_CONTEXT(2) 
PARAMETRIC_REPRESENTATION_CONTEXT() REPRESENTATION_CONTEXT('2D SPACE',''
  ) );
#405 = ORIENTED_EDGE('',*,*,#406,.F.);
#406 = EDGE_CURVE('',#407,#380,#409,.T.);
#407 = VERTEX_POINT('',#408);
#408 = CARTESIAN_POINT('',(76.,145.35,3.4));
#409 = SURFACE_CURVE('',#410,(#414,#421),.PCURVE_S1.);
#410 = LINE('',#411,#412);
#411 = CARTESIAN_POINT('',(76.,1.2,3.4));
#412 = VECTOR('',#413,1.);
#413 = DIRECTION('',(-0.,1.,0.));
#414 = PCURVE('',#43,#415);
#415 = DEFINITIONAL_REPRESENTATION('',(#416),#420);
#416 = LINE('',#417,#418);
#417 = CARTESIAN_POINT('',(3.5,-1.2));
#418 = VECTOR('',#419,1.);
#419 = DIRECTION('',(0.,-1.));
#420 = ( GEOMETRIC_REPRESENTATION_CONTEXT(2) 
PARAMETRIC_REPRESENTATION_CONTEXT() REPRESENTATION_CONTEXT('2D SPACE',''
  ) );
#421 = PCURVE('',#422,#427);
#422 = PLANE('',#423);
#423 = AXIS2_PLACEMENT_3D('',#424,#425,#426);
#424 = CARTESIAN_POINT('',(11.2,2.4,3.4));
#425 = DIRECTION('',(0.,0.,1.));
#426 = DIRECTION('',(1.,0.,-0.));
#427 = DEFINITIONAL_REPRESENTATION('',(#428),#431);
#428 = B_SPLINE_CURVE_WITH_KNOTS('',1,(#429,#430),.UNSPECIFIED.,.F.,.F.,
  (2,2),(144.15,164.85),.PIECEWISE_BEZIER_KNOTS.);
#429 = CARTESIAN_POINT('',(64.8,142.95));
#430 = CARTESIAN_POINT('',(64.8,163.65));
#431 = ( GEOMETRIC_REPRESENTATION_CONTEXT(2) 
PARAMETRIC_REPRESENTATION_CONTEXT() REPRESENTATION_CONTEXT('2D SPACE',''
  ) );
#432 = ORIENTED_EDGE('',*,*,#433,.F.);
#433 = EDGE_CURVE('',#434,#407,#436,.T.);
#434 = VERTEX_POINT('',#435);
#435 = CARTESIAN_POINT('',(76.,145.35,6.9));
#436 = SURFACE_CURVE('',#437,(#441,#448),.PCURVE_S1.);
#437 = LINE('',#438,#439);
#438 = CARTESIAN_POINT('',(76.,145.35,1.64));
#439 = VECTOR('',#440,1.);
#440 = DIRECTION('',(-0.,0.,-1.));
#441 = PCURVE('',#43,#442);
#442 = DEFINITIONAL_REPRESENTATION('',(#443),#447);
#443 = LINE('',#444,#445);
#444 = CARTESIAN_POINT('',(1.74,-145.35));
#445 = VECTOR('',#446,1.);
#446 = DIRECTION('',(-1.,-0.));
#447 = ( GEOMETRIC_REPRESENTATION_CONTEXT(2) 
PARAMETRIC_REPRESENTATION_CONTEXT() REPRESENTATION_CONTEXT('2D SPACE',''
  ) );
#448 = PCURVE('',#449,#454);
#449 = PLANE('',#450);
#450 = AXIS2_PLACEMENT_3D('',#451,#452,#453);
#451 = CARTESIAN_POINT('',(56.75,145.35,3.38));
#452 = DIRECTION('',(-0.,1.,0.));
#453 = DIRECTION('',(0.,0.,1.));
#454 = DEFINITIONAL_REPRESENTATION('',(#455),#458);
#455 = B_SPLINE_CURVE_WITH_KNOTS('',1,(#456,#457),.UNSPECIFIED.,.F.,.F.,
  (2,2),(-5.26,-1.76),.PIECEWISE_BEZIER_KNOTS.);
#456 = CARTESIAN_POINT('',(3.52,19.25));
#457 = CARTESIAN_POINT('',(2.E-02,19.25));
#458 = ( GEOMETRIC_REPRESENTATION_CONTEXT(2) 
PARAMETRIC_REPRESENTATION_CONTEXT() REPRESENTATION_CONTEXT('2D SPACE',''
  ) );
#459 = ORIENTED_EDGE('',*,*,#460,.F.);
#460 = EDGE_CURVE('',#461,#434,#463,.T.);
#461 = VERTEX_POINT('',#462);
#462 = CARTESIAN_POINT('',(76.,144.55,6.9));
#463 = SURFACE_CURVE('',#464,(#468,#475),.PCURVE_S1.);
#464 = LINE('',#465,#466);
#465 = CARTESIAN_POINT('',(76.,72.275,6.9));
#466 = VECTOR('',#467,1.);
#467 = DIRECTION('',(-0.,1.,0.));
#468 = PCURVE('',#43,#469);
#469 = DEFINITIONAL_REPRESENTATION('',(#470),#474);
#470 = LINE('',#471,#472);
#471 = CARTESIAN_POINT('',(7.,-72.275));
#472 = VECTOR('',#473,1.);
#473 = DIRECTION('',(0.,-1.));
#474 = ( GEOMETRIC_REPRESENTATION_CONTEXT(2) 
PARAMETRIC_REPRESENTATION_CONTEXT() REPRESENTATION_CONTEXT('2D SPACE',''
  ) );
#475 = PCURVE('',#368,#476);
#476 = DEFINITIONAL_REPRESENTATION('',(#477),#480);
#477 = B_SPLINE_CURVE_WITH_KNOTS('',1,(#478,#479),.UNSPECIFIED.,.F.,.F.,
  (2,2),(72.275,117.925),.PIECEWISE_BEZIER_KNOTS.);
#478 = CARTESIAN_POINT('',(42.05,0.));
#479 = CARTESIAN_POINT('',(42.05,45.65));
#480 = ( GEOMETRIC_REPRESENTATION_CONTEXT(2) 
PARAMETRIC_REPRESENTATION_CONTEXT() REPRESENTATION_CONTEXT('2D SPACE',''
  ) );
#481 = ORIENTED_EDGE('',*,*,#482,.T.);
#482 = EDGE_CURVE('',#461,#483,#485,.T.);
#483 = VERTEX_POINT('',#484);
#484 = CARTESIAN_POINT('',(76.,144.55,3.4));
#485 = SURFACE_CURVE('',#486,(#490,#497),.PCURVE_S1.);
#486 = LINE('',#487,#488);
#487 = CARTESIAN_POINT('',(76.,144.55,1.645));
#488 = VECTOR('',#489,1.);
#489 = DIRECTION('',(-0.,0.,-1.));
#490 = PCURVE('',#43,#491);
#491 = DEFINITIONAL_REPRESENTATION('',(#492),#496);
#492 = LINE('',#493,#494);
#493 = CARTESIAN_POINT('',(1.745,-144.55));
#494 = VECTOR('',#495,1.);
#495 = DIRECTION('',(-1.,-0.));
#496 = ( GEOMETRIC_REPRESENTATION_CONTEXT(2) 
PARAMETRIC_REPRESENTATION_CONTEXT() REPRESENTATION_CONTEXT('2D SPACE',''
  ) );
#497 = PCURVE('',#498,#503);
#498 = PLANE('',#499);
#499 = AXIS2_PLACEMENT_3D('',#500,#501,#502);
#500 = CARTESIAN_POINT('',(33.95,144.55,3.39));
#501 = DIRECTION('',(-0.,1.,0.));
#502 = DIRECTION('',(0.,0.,1.));
#503 = DEFINITIONAL_REPRESENTATION('',(#504),#507);
#504 = B_SPLINE_CURVE_WITH_KNOTS('',1,(#505,#506),.UNSPECIFIED.,.F.,.F.,
  (2,2),(-5.255,-1.755),.PIECEWISE_BEZIER_KNOTS.);
#505 = CARTESIAN_POINT('',(3.51,42.05));
#506 = CARTESIAN_POINT('',(1.E-02,42.05));
#507 = ( GEOMETRIC_REPRESENTATION_CONTEXT(2) 
PARAMETRIC_REPRESENTATION_CONTEXT() REPRESENTATION_CONTEXT('2D SPACE',''
  ) );
#508 = ORIENTED_EDGE('',*,*,#509,.F.);
#509 = EDGE_CURVE('',#510,#483,#512,.T.);
#510 = VERTEX_POINT('',#511);
#511 = CARTESIAN_POINT('',(76.,144.25,3.4));
#512 = SURFACE_CURVE('',#513,(#517,#524),.PCURVE_S1.);
#513 = LINE('',#514,#515);
#514 = CARTESIAN_POINT('',(76.,1.2,3.4));
#515 = VECTOR('',#516,1.);
#516 = DIRECTION('',(-0.,1.,0.));
#517 = PCURVE('',#43,#518);
#518 = DEFINITIONAL_REPRESENTATION('',(#519),#523);
#519 = LINE('',#520,#521);
#520 = CARTESIAN_POINT('',(3.5,-1.2));
#521 = VECTOR('',#522,1.);
#522 = DIRECTION('',(0.,-1.));
#523 = ( GEOMETRIC_REPRESENTATION_CONTEXT(2) 
PARAMETRIC_REPRESENTATION_CONTEXT() REPRESENTATION_CONTEXT('2D SPACE',''
  ) );
#524 = PCURVE('',#314,#525);
#525 = DEFINITIONAL_REPRESENTATION('',(#526),#529);
#526 = B_SPLINE_CURVE_WITH_KNOTS('',1,(#527,#528),.UNSPECIFIED.,.F.,.F.,
  (2,2),(-1.2,191.8),.PIECEWISE_BEZIER_KNOTS.);
#527 = CARTESIAN_POINT('',(64.8,-2.4));
#528 = CARTESIAN_POINT('',(64.8,190.6));
#529 = ( GEOMETRIC_REPRESENTATION_CONTEXT(2) 
PARAMETRIC_REPRESENTATION_CONTEXT() REPRESENTATION_CONTEXT('2D SPACE',''
  ) );
#530 = ORIENTED_EDGE('',*,*,#531,.F.);
#531 = EDGE_CURVE('',#532,#510,#534,.T.);
#532 = VERTEX_POINT('',#533);
#533 = CARTESIAN_POINT('',(76.,144.25,6.9));
#534 = SURFACE_CURVE('',#535,(#539,#546),.PCURVE_S1.);
#535 = LINE('',#536,#537);
#536 = CARTESIAN_POINT('',(76.,144.25,1.645));
#537 = VECTOR('',#538,1.);
#538 = DIRECTION('',(-0.,0.,-1.));
#539 = PCURVE('',#43,#540);
#540 = DEFINITIONAL_REPRESENTATION('',(#541),#545);
#541 = LINE('',#542,#543);
#542 = CARTESIAN_POINT('',(1.745,-144.25));
#543 = VECTOR('',#544,1.);
#544 = DIRECTION('',(-1.,-0.));
#545 = ( GEOMETRIC_REPRESENTATION_CONTEXT(2) 
PARAMETRIC_REPRESENTATION_CONTEXT() REPRESENTATION_CONTEXT('2D SPACE',''
  ) );
#546 = PCURVE('',#547,#552);
#547 = PLANE('',#548);
#548 = AXIS2_PLACEMENT_3D('',#549,#550,#551);
#549 = CARTESIAN_POINT('',(55.95,144.25,3.39));
#550 = DIRECTION('',(-0.,1.,0.));
#551 = DIRECTION('',(0.,0.,1.));
#552 = DEFINITIONAL_REPRESENTATION('',(#553),#556);
#553 = B_SPLINE_CURVE_WITH_KNOTS('',1,(#554,#555),.UNSPECIFIED.,.F.,.F.,
  (2,2),(-5.255,-1.755),.PIECEWISE_BEZIER_KNOTS.);
#554 = CARTESIAN_POINT('',(3.51,20.05));
#555 = CARTESIAN_POINT('',(1.E-02,20.05));
#556 = ( GEOMETRIC_REPRESENTATION_CONTEXT(2) 
PARAMETRIC_REPRESENTATION_CONTEXT() REPRESENTATION_CONTEXT('2D SPACE',''
  ) );
#557 = ORIENTED_EDGE('',*,*,#558,.F.);
#558 = EDGE_CURVE('',#559,#532,#561,.T.);
#559 = VERTEX_POINT('',#560);
#560 = CARTESIAN_POINT('',(76.,143.45,6.9));
#561 = SURFACE_CURVE('',#562,(#566,#573),.PCURVE_S1.);
#562 = LINE('',#563,#564);
#563 = CARTESIAN_POINT('',(76.,60.975,6.9));
#564 = VECTOR('',#565,1.);
#565 = DIRECTION('',(-0.,1.,0.));
#566 = PCURVE('',#43,#567);
#567 = DEFINITIONAL_REPRESENTATION('',(#568),#572);
#568 = LINE('',#569,#570);
#569 = CARTESIAN_POINT('',(7.,-60.975));
#570 = VECTOR('',#571,1.);
#571 = DIRECTION('',(0.,-1.));
#572 = ( GEOMETRIC_REPRESENTATION_CONTEXT(2) 
PARAMETRIC_REPRESENTATION_CONTEXT() REPRESENTATION_CONTEXT('2D SPACE',''
  ) );
#573 = PCURVE('',#574,#579);
#574 = PLANE('',#575);
#575 = AXIS2_PLACEMENT_3D('',#576,#577,#578);
#576 = CARTESIAN_POINT('',(33.95,121.95,6.9));
#577 = DIRECTION('',(0.,0.,1.));
#578 = DIRECTION('',(1.,0.,-0.));
#579 = DEFINITIONAL_REPRESENTATION('',(#580),#583);
#580 = B_SPLINE_CURVE_WITH_KNOTS('',1,(#581,#582),.UNSPECIFIED.,.F.,.F.,
  (2,2),(60.975,83.275),.PIECEWISE_BEZIER_KNOTS.);
#581 = CARTESIAN_POINT('',(42.05,0.));
#582 = CARTESIAN_POINT('',(42.05,22.3));
#583 = ( GEOMETRIC_REPRESENTATION_CONTEXT(2) 
PARAMETRIC_REPRESENTATION_CONTEXT() REPRESENTATION_CONTEXT('2D SPACE',''
  ) );
#584 = ORIENTED_EDGE('',*,*,#585,.T.);
#585 = EDGE_CURVE('',#559,#586,#588,.T.);
#586 = VERTEX_POINT('',#587);
#587 = CARTESIAN_POINT('',(76.,143.45,3.4));
#588 = SURFACE_CURVE('',#589,(#593,#600),.PCURVE_S1.);
#589 = LINE('',#590,#591);
#590 = CARTESIAN_POINT('',(76.,143.45,1.64));
#591 = VECTOR('',#592,1.);
#592 = DIRECTION('',(-0.,0.,-1.));
#593 = PCURVE('',#43,#594);
#594 = DEFINITIONAL_REPRESENTATION('',(#595),#599);
#595 = LINE('',#596,#597);
#596 = CARTESIAN_POINT('',(1.74,-143.45));
#597 = VECTOR('',#598,1.);
#598 = DIRECTION('',(-1.,-0.));
#599 = ( GEOMETRIC_REPRESENTATION_CONTEXT(2) 
PARAMETRIC_REPRESENTATION_CONTEXT() REPRESENTATION_CONTEXT('2D SPACE',''
  ) );
#600 = PCURVE('',#601,#606);
#601 = PLANE('',#602);
#602 = AXIS2_PLACEMENT_3D('',#603,#604,#605);
#603 = CARTESIAN_POINT('',(56.75,143.45,3.38));
#604 = DIRECTION('',(-0.,1.,0.));
#605 = DIRECTION('',(0.,0.,1.));
#606 = DEFINITIONAL_REPRESENTATION('',(#607),#610);
#607 = B_SPLINE_CURVE_WITH_KNOTS('',1,(#608,#609),.UNSPECIFIED.,.F.,.F.,
  (2,2),(-5.26,-1.76),.PIECEWISE_BEZIER_KNOTS.);
#608 = CARTESIAN_POINT('',(3.52,19.25));
#609 = CARTESIAN_POINT('',(2.E-02,19.25));
#610 = ( GEOMETRIC_REPRESENTATION_CONTEXT(2) 
PARAMETRIC_REPRESENTATION_CONTEXT() REPRESENTATION_CONTEXT('2D SPACE',''
  ) );
#611 = ORIENTED_EDGE('',*,*,#612,.F.);
#612 = EDGE_CURVE('',#613,#586,#615,.T.);
#613 = VERTEX_POINT('',#614);
#614 = CARTESIAN_POINT('',(76.,122.75,3.4));
#615 = SURFACE_CURVE('',#616,(#620,#627),.PCURVE_S1.);
#616 = LINE('',#617,#618);
#617 = CARTESIAN_POINT('',(76.,1.2,3.4));
#618 = VECTOR('',#619,1.);
#619 = DIRECTION('',(-0.,1.,0.));
#620 = PCURVE('',#43,#621);
#621 = DEFINITIONAL_REPRESENTATION('',(#622),#626);
#622 = LINE('',#623,#624);
#623 = CARTESIAN_POINT('',(3.5,-1.2));
#624 = VECTOR('',#625,1.);
#625 = DIRECTION('',(0.,-1.));
#626 = ( GEOMETRIC_REPRESENTATION_CONTEXT(2) 
PARAMETRIC_REPRESENTATION_CONTEXT() REPRESENTATION_CONTEXT('2D SPACE',''
  ) );
#627 = PCURVE('',#628,#633);
#628 = PLANE('',#629);
#629 = AXIS2_PLACEMENT_3D('',#630,#631,#632);
#630 = CARTESIAN_POINT('',(11.2,2.4,3.4));
#631 = DIRECTION('',(0.,0.,1.));
#632 = DIRECTION('',(1.,0.,-0.));
#633 = DEFINITIONAL_REPRESENTATION('',(#634),#637);
#634 = B_SPLINE_CURVE_WITH_KNOTS('',1,(#635,#636),.UNSPECIFIED.,.F.,.F.,
  (2,2),(121.55,142.25),.PIECEWISE_BEZIER_KNOTS.);
#635 = CARTESIAN_POINT('',(64.8,120.35));
#636 = CARTESIAN_POINT('',(64.8,141.05));
#637 = ( GEOMETRIC_REPRESENTATION_CONTEXT(2) 
PARAMETRIC_REPRESENTATION_CONTEXT() REPRESENTATION_CONTEXT('2D SPACE',''
  ) );
#638 = ORIENTED_EDGE('',*,*,#639,.F.);
#639 = EDGE_CURVE('',#640,#613,#642,.T.);
#640 = VERTEX_POINT('',#641);
#641 = CARTESIAN_POINT('',(76.,122.75,6.9));
#642 = SURFACE_CURVE('',#643,(#647,#654),.PCURVE_S1.);
#643 = LINE('',#644,#645);
#644 = CARTESIAN_POINT('',(76.,122.75,1.64));
#645 = VECTOR('',#646,1.);
#646 = DIRECTION('',(-0.,0.,-1.));
#647 = PCURVE('',#43,#648);
#648 = DEFINITIONAL_REPRESENTATION('',(#649),#653);
#649 = LINE('',#650,#651);
#650 = CARTESIAN_POINT('',(1.74,-122.75));
#651 = VECTOR('',#652,1.);
#652 = DIRECTION('',(-1.,-0.));
#653 = ( GEOMETRIC_REPRESENTATION_CONTEXT(2) 
PARAMETRIC_REPRESENTATION_CONTEXT() REPRESENTATION_CONTEXT('2D SPACE',''
  ) );
#654 = PCURVE('',#655,#660);
#655 = PLANE('',#656);
#656 = AXIS2_PLACEMENT_3D('',#657,#658,#659);
#657 = CARTESIAN_POINT('',(56.75,122.75,3.38));
#658 = DIRECTION('',(-0.,1.,0.));
#659 = DIRECTION('',(0.,0.,1.));
#660 = DEFINITIONAL_REPRESENTATION('',(#661),#664);
#661 = B_SPLINE_CURVE_WITH_KNOTS('',1,(#662,#663),.UNSPECIFIED.,.F.,.F.,
  (2,2),(-5.26,-1.76),.PIECEWISE_BEZIER_KNOTS.);
#662 = CARTESIAN_POINT('',(3.52,19.25));
#663 = CARTESIAN_POINT('',(2.E-02,19.25));
#664 = ( GEOMETRIC_REPRESENTATION_CONTEXT(2) 
PARAMETRIC_REPRESENTATION_CONTEXT() REPRESENTATION_CONTEXT('2D SPACE',''
  ) );
#665 = ORIENTED_EDGE('',*,*,#666,.F.);
#666 = EDGE_CURVE('',#667,#640,#669,.T.);
#667 = VERTEX_POINT('',#668);
#668 = CARTESIAN_POINT('',(76.,121.95,6.9));
#669 = SURFACE_CURVE('',#670,(#674,#681),.PCURVE_S1.);
#670 = LINE('',#671,#672);
#671 = CARTESIAN_POINT('',(76.,60.975,6.9));
#672 = VECTOR('',#673,1.);
#673 = DIRECTION('',(-0.,1.,0.));
#674 = PCURVE('',#43,#675);
#675 = DEFINITIONAL_REPRESENTATION('',(#676),#680);
#676 = LINE('',#677,#678);
#677 = CARTESIAN_POINT('',(7.,-60.975));
#678 = VECTOR('',#679,1.);
#679 = DIRECTION('',(0.,-1.));
#680 = ( GEOMETRIC_REPRESENTATION_CONTEXT(2) 
PARAMETRIC_REPRESENTATION_CONTEXT() REPRESENTATION_CONTEXT('2D SPACE',''
  ) );
#681 = PCURVE('',#574,#682);
#682 = DEFINITIONAL_REPRESENTATION('',(#683),#686);
#683 = B_SPLINE_CURVE_WITH_KNOTS('',1,(#684,#685),.UNSPECIFIED.,.F.,.F.,
  (2,2),(60.975,83.275),.PIECEWISE_BEZIER_KNOTS.);
#684 = CARTESIAN_POINT('',(42.05,0.));
#685 = CARTESIAN_POINT('',(42.05,22.3));
#686 = ( GEOMETRIC_REPRESENTATION_CONTEXT(2) 
PARAMETRIC_REPRESENTATION_CONTEXT() REPRESENTATION_CONTEXT('2D SPACE',''
  ) );
#687 = ORIENTED_EDGE('',*,*,#688,.T.);
#688 = EDGE_CURVE('',#667,#689,#691,.T.);
#689 = VERTEX_POINT('',#690);
#690 = CARTESIAN_POINT('',(76.,121.95,3.4));
#691 = SURFACE_CURVE('',#692,(#696,#703),.PCURVE_S1.);
#692 = LINE('',#693,#694);
#693 = CARTESIAN_POINT('',(76.,121.95,1.645));
#694 = VECTOR('',#695,1.);
#695 = DIRECTION('',(-0.,0.,-1.));
#696 = PCURVE('',#43,#697);
#697 = DEFINITIONAL_REPRESENTATION('',(#698),#702);
#698 = LINE('',#699,#700);
#699 = CARTESIAN_POINT('',(1.745,-121.95));
#700 = VECTOR('',#701,1.);
#701 = DIRECTION('',(-1.,-0.));
#702 = ( GEOMETRIC_REPRESENTATION_CONTEXT(2) 
PARAMETRIC_REPRESENTATION_CONTEXT() REPRESENTATION_CONTEXT('2D SPACE',''
  ) );
#703 = PCURVE('',#704,#709);
#704 = PLANE('',#705);
#705 = AXIS2_PLACEMENT_3D('',#706,#707,#708);
#706 = CARTESIAN_POINT('',(33.95,121.95,3.39));
#707 = DIRECTION('',(-0.,1.,0.));
#708 = DIRECTION('',(0.,0.,1.));
#709 = DEFINITIONAL_REPRESENTATION('',(#710),#713);
#710 = B_SPLINE_CURVE_WITH_KNOTS('',1,(#711,#712),.UNSPECIFIED.,.F.,.F.,
  (2,2),(-5.255,-1.755),.PIECEWISE_BEZIER_KNOTS.);
#711 = CARTESIAN_POINT('',(3.51,42.05));
#712 = CARTESIAN_POINT('',(1.E-02,42.05));
#713 = ( GEOMETRIC_REPRESENTATION_CONTEXT(2) 
PARAMETRIC_REPRESENTATION_CONTEXT() REPRESENTATION_CONTEXT('2D SPACE',''
  ) );
#714 = ORIENTED_EDGE('',*,*,#715,.F.);
#715 = EDGE_CURVE('',#716,#689,#718,.T.);
#716 = VERTEX_POINT('',#717);
#717 = CARTESIAN_POINT('',(76.,121.65,3.4));
#718 = SURFACE_CURVE('',#719,(#723,#730),.PCURVE_S1.);
#719 = LINE('',#720,#721);
#720 = CARTESIAN_POINT('',(76.,1.2,3.4));
#721 = VECTOR('',#722,1.);
#722 = DIRECTION('',(-0.,1.,0.));
#723 = PCURVE('',#43,#724);
#724 = DEFINITIONAL_REPRESENTATION('',(#725),#729);
#725 = LINE('',#726,#727);
#726 = CARTESIAN_POINT('',(3.5,-1.2));
#727 = VECTOR('',#728,1.);
#728 = DIRECTION('',(0.,-1.));
#729 = ( GEOMETRIC_REPRESENTATION_CONTEXT(2) 
PARAMETRIC_REPRESENTATION_CONTEXT() REPRESENTATION_CONTEXT('2D SPACE',''
  ) );
#730 = PCURVE('',#314,#731);
#731 = DEFINITIONAL_REPRESENTATION('',(#732),#735);
#732 = B_SPLINE_CURVE_WITH_KNOTS('',1,(#733,#734),.UNSPECIFIED.,.F.,.F.,
  (2,2),(-1.2,191.8),.PIECEWISE_BEZIER_KNOTS.);
#733 = CARTESIAN_POINT('',(64.8,-2.4));
#734 = CARTESIAN_POINT('',(64.8,190.6));
#735 = ( GEOMETRIC_REPRESENTATION_CONTEXT(2) 
PARAMETRIC_REPRESENTATION_CONTEXT() REPRESENTATION_CONTEXT('2D SPACE',''
  ) );
#736 = ORIENTED_EDGE('',*,*,#737,.F.);
#737 = EDGE_CURVE('',#738,#716,#740,.T.);
#738 = VERTEX_POINT('',#739);
#739 = CARTESIAN_POINT('',(76.,121.65,6.9));
#740 = SURFACE_CURVE('',#741,(#745,#752),.PCURVE_S1.);
#741 = LINE('',#742,#743);
#742 = CARTESIAN_POINT('',(76.,121.65,1.645));
#743 = VECTOR('',#744,1.);
#744 = DIRECTION('',(-0.,0.,-1.));
#745 = PCURVE('',#43,#746);
#746 = DEFINITIONAL_REPRESENTATION('',(#747),#751);
#747 = LINE('',#748,#749);
#748 = CARTESIAN_POINT('',(1.745,-121.65));
#749 = VECTOR('',#750,1.);
#750 = DIRECTION('',(-1.,-0.));
#751 = ( GEOMETRIC_REPRESENTATION_CONTEXT(2) 
PARAMETRIC_REPRESENTATION_CONTEXT() REPRESENTATION_CONTEXT('2D SPACE',''
  ) );
#752 = PCURVE('',#753,#758);
#753 = PLANE('',#754);
#754 = AXIS2_PLACEMENT_3D('',#755,#756,#757);
#755 = CARTESIAN_POINT('',(55.95,121.65,3.39));
#756 = DIRECTION('',(-0.,1.,0.));
#757 = DIRECTION('',(0.,0.,1.));
#758 = DEFINITIONAL_REPRESENTATION('',(#759),#762);
#759 = B_SPLINE_CURVE_WITH_KNOTS('',1,(#760,#761),.UNSPECIFIED.,.F.,.F.,
  (2,2),(-5.255,-1.755),.PIECEWISE_BEZIER_KNOTS.);
#760 = CARTESIAN_POINT('',(3.51,20.05));
#761 = CARTESIAN_POINT('',(1.E-02,20.05));
#762 = ( GEOMETRIC_REPRESENTATION_CONTEXT(2) 
PARAMETRIC_REPRESENTATION_CONTEXT() REPRESENTATION_CONTEXT('2D SPACE',''
  ) );
#763 = ORIENTED_EDGE('',*,*,#764,.F.);
#764 = EDGE_CURVE('',#765,#738,#767,.T.);
#765 = VERTEX_POINT('',#766);
#766 = CARTESIAN_POINT('',(76.,120.85,6.9));
#767 = SURFACE_CURVE('',#768,(#772,#779),.PCURVE_S1.);
#768 = LINE('',#769,#770);
#769 = CARTESIAN_POINT('',(76.,49.675,6.9));
#770 = VECTOR('',#771,1.);
#771 = DIRECTION('',(-0.,1.,0.));
#772 = PCURVE('',#43,#773);
#773 = DEFINITIONAL_REPRESENTATION('',(#774),#778);
#774 = LINE('',#775,#776);
#775 = CARTESIAN_POINT('',(7.,-49.675));
#776 = VECTOR('',#777,1.);
#777 = DIRECTION('',(0.,-1.));
#778 = ( GEOMETRIC_REPRESENTATION_CONTEXT(2) 
PARAMETRIC_REPRESENTATION_CONTEXT() REPRESENTATION_CONTEXT('2D SPACE',''
  ) );
#779 = PCURVE('',#780,#785);
#780 = PLANE('',#781);
#781 = AXIS2_PLACEMENT_3D('',#782,#783,#784);
#782 = CARTESIAN_POINT('',(33.95,99.35,6.9));
#783 = DIRECTION('',(0.,0.,1.));
#784 = DIRECTION('',(1.,0.,-0.));
#785 = DEFINITIONAL_REPRESENTATION('',(#786),#789);
#786 = B_SPLINE_CURVE_WITH_KNOTS('',1,(#787,#788),.UNSPECIFIED.,.F.,.F.,
  (2,2),(49.675,71.975),.PIECEWISE_BEZIER_KNOTS.);
#787 = CARTESIAN_POINT('',(42.05,0.));
#788 = CARTESIAN_POINT('',(42.05,22.3));
#789 = ( GEOMETRIC_REPRESENTATION_CONTEXT(2) 
PARAMETRIC_REPRESENTATION_CONTEXT() REPRESENTATION_CONTEXT('2D SPACE',''
  ) );
#790 = ORIENTED_EDGE('',*,*,#791,.T.);
#791 = EDGE_CURVE('',#765,#792,#794,.T.);
#792 = VERTEX_POINT('',#793);
#793 = CARTESIAN_POINT('',(76.,120.85,3.4));
#794 = SURFACE_CURVE('',#795,(#799,#806),.PCURVE_S1.);
#795 = LINE('',#796,#797);
#796 = CARTESIAN_POINT('',(76.,120.85,1.64));
#797 = VECTOR('',#798,1.);
#798 = DIRECTION('',(-0.,0.,-1.));
#799 = PCURVE('',#43,#800);
#800 = DEFINITIONAL_REPRESENTATION('',(#801),#805);
#801 = LINE('',#802,#803);
#802 = CARTESIAN_POINT('',(1.74,-120.85));
#803 = VECTOR('',#804,1.);
#804 = DIRECTION('',(-1.,-0.));
#805 = ( GEOMETRIC_REPRESENTATION_CONTEXT(2) 
PARAMETRIC_REPRESENTATION_CONTEXT() REPRESENTATION_CONTEXT('2D SPACE',''
  ) );
#806 = PCURVE('',#807,#812);
#807 = PLANE('',#808);
#808 = AXIS2_PLACEMENT_3D('',#809,#810,#811);
#809 = CARTESIAN_POINT('',(56.75,120.85,3.38));
#810 = DIRECTION('',(-0.,1.,0.));
#811 = DIRECTION('',(0.,0.,1.));
#812 = DEFINITIONAL_REPRESENTATION('',(#813),#816);
#813 = B_SPLINE_CURVE_WITH_KNOTS('',1,(#814,#815),.UNSPECIFIED.,.F.,.F.,
  (2,2),(-5.26,-1.76),.PIECEWISE_BEZIER_KNOTS.);
#814 = CARTESIAN_POINT('',(3.52,19.25));
#815 = CARTESIAN_POINT('',(2.E-02,19.25));
#816 = ( GEOMETRIC_REPRESENTATION_CONTEXT(2) 
PARAMETRIC_REPRESENTATION_CONTEXT() REPRESENTATION_CONTEXT('2D SPACE',''
  ) );
#817 = ORIENTED_EDGE('',*,*,#818,.F.);
#818 = EDGE_CURVE('',#819,#792,#821,.T.);
#819 = VERTEX_POINT('',#820);
#820 = CARTESIAN_POINT('',(76.,100.15,3.4));
#821 = SURFACE_CURVE('',#822,(#826,#833),.PCURVE_S1.);
#822 = LINE('',#823,#824);
#823 = CARTESIAN_POINT('',(76.,1.2,3.4));
#824 = VECTOR('',#825,1.);
#825 = DIRECTION('',(-0.,1.,0.));
#826 = PCURVE('',#43,#827);
#827 = DEFINITIONAL_REPRESENTATION('',(#828),#832);
#828 = LINE('',#829,#830);
#829 = CARTESIAN_POINT('',(3.5,-1.2));
#830 = VECTOR('',#831,1.);
#831 = DIRECTION('',(0.,-1.));
#832 = ( GEOMETRIC_REPRESENTATION_CONTEXT(2) 
PARAMETRIC_REPRESENTATION_CONTEXT() REPRESENTATION_CONTEXT('2D SPACE',''
  ) );
#833 = PCURVE('',#834,#839);
#834 = PLANE('',#835);
#835 = AXIS2_PLACEMENT_3D('',#836,#837,#838);
#836 = CARTESIAN_POINT('',(11.2,2.4,3.4));
#837 = DIRECTION('',(0.,0.,1.));
#838 = DIRECTION('',(1.,0.,-0.));
#839 = DEFINITIONAL_REPRESENTATION('',(#840),#843);
#840 = B_SPLINE_CURVE_WITH_KNOTS('',1,(#841,#842),.UNSPECIFIED.,.F.,.F.,
  (2,2),(98.95,119.65),.PIECEWISE_BEZIER_KNOTS.);
#841 = CARTESIAN_POINT('',(64.8,97.75));
#842 = CARTESIAN_POINT('',(64.8,118.45));
#843 = ( GEOMETRIC_REPRESENTATION_CONTEXT(2) 
PARAMETRIC_REPRESENTATION_CONTEXT() REPRESENTATION_CONTEXT('2D SPACE',''
  ) );
#844 = ORIENTED_EDGE('',*,*,#845,.F.);
#845 = EDGE_CURVE('',#846,#819,#848,.T.);
#846 = VERTEX_POINT('',#847);
#847 = CARTESIAN_POINT('',(76.,100.15,6.9));
#848 = SURFACE_CURVE('',#849,(#853,#860),.PCURVE_S1.);
#849 = LINE('',#850,#851);
#850 = CARTESIAN_POINT('',(76.,100.15,1.64));
#851 = VECTOR('',#852,1.);
#852 = DIRECTION('',(-0.,0.,-1.));
#853 = PCURVE('',#43,#854);
#854 = DEFINITIONAL_REPRESENTATION('',(#855),#859);
#855 = LINE('',#856,#857);
#856 = CARTESIAN_POINT('',(1.74,-100.15));
#857 = VECTOR('',#858,1.);
#858 = DIRECTION('',(-1.,-0.));
#859 = ( GEOMETRIC_REPRESENTATION_CONTEXT(2) 
PARAMETRIC_REPRESENTATION_CONTEXT() REPRESENTATION_CONTEXT('2D SPACE',''
  ) );
#860 = PCURVE('',#861,#866);
#861 = PLANE('',#862);
#862 = AXIS2_PLACEMENT_3D('',#863,#864,#865);
#863 = CARTESIAN_POINT('',(56.75,100.15,3.38));
#864 = DIRECTION('',(-0.,1.,0.));
#865 = DIRECTION('',(0.,0.,1.));
#866 = DEFINITIONAL_REPRESENTATION('',(#867),#870);
#867 = B_SPLINE_CURVE_WITH_KNOTS('',1,(#868,#869),.UNSPECIFIED.,.F.,.F.,
  (2,2),(-5.26,-1.76),.PIECEWISE_BEZIER_KNOTS.);
#868 = CARTESIAN_POINT('',(3.52,19.25));
#869 = CARTESIAN_POINT('',(2.E-02,19.25));
#870 = ( GEOMETRIC_REPRESENTATION_CONTEXT(2) 
PARAMETRIC_REPRESENTATION_CONTEXT() REPRESENTATION_CONTEXT('2D SPACE',''
  ) );
#871 = ORIENTED_EDGE('',*,*,#872,.F.);
#872 = EDGE_CURVE('',#873,#846,#875,.T.);
#873 = VERTEX_POINT('',#874);
#874 = CARTESIAN_POINT('',(76.,99.35,6.9));
#875 = SURFACE_CURVE('',#876,(#880,#887),.PCURVE_S1.);
#876 = LINE('',#877,#878);
#877 = CARTESIAN_POINT('',(76.,49.675,6.9));
#878 = VECTOR('',#879,1.);
#879 = DIRECTION('',(-0.,1.,0.));
#880 = PCURVE('',#43,#881);
#881 = DEFINITIONAL_REPRESENTATION('',(#882),#886);
#882 = LINE('',#883,#884);
#883 = CARTESIAN_POINT('',(7.,-49.675));
#884 = VECTOR('',#885,1.);
#885 = DIRECTION('',(0.,-1.));
#886 = ( GEOMETRIC_REPRESENTATION_CONTEXT(2) 
PARAMETRIC_REPRESENTATION_CONTEXT() REPRESENTATION_CONTEXT('2D SPACE',''
  ) );
#887 = PCURVE('',#780,#888);
#888 = DEFINITIONAL_REPRESENTATION('',(#889),#892);
#889 = B_SPLINE_CURVE_WITH_KNOTS('',1,(#890,#891),.UNSPECIFIED.,.F.,.F.,
  (2,2),(49.675,71.975),.PIECEWISE_BEZIER_KNOTS.);
#890 = CARTESIAN_POINT('',(42.05,0.));
#891 = CARTESIAN_POINT('',(42.05,22.3));
#892 = ( GEOMETRIC_REPRESENTATION_CONTEXT(2) 
PARAMETRIC_REPRESENTATION_CONTEXT() REPRESENTATION_CONTEXT('2D SPACE',''
  ) );
#893 = ORIENTED_EDGE('',*,*,#894,.T.);
#894 = EDGE_CURVE('',#873,#895,#897,.T.);
#895 = VERTEX_POINT('',#896);
#896 = CARTESIAN_POINT('',(76.,99.35,3.4));
#897 = SURFACE_CURVE('',#898,(#902,#909),.PCURVE_S1.);
#898 = LINE('',#899,#900);
#899 = CARTESIAN_POINT('',(76.,99.35,1.645));
#900 = VECTOR('',#901,1.);
#901 = DIRECTION('',(-0.,0.,-1.));
#902 = PCURVE('',#43,#903);
#903 = DEFINITIONAL_REPRESENTATION('',(#904),#908);
#904 = LINE('',#905,#906);
#905 = CARTESIAN_POINT('',(1.745,-99.35));
#906 = VECTOR('',#907,1.);
#907 = DIRECTION('',(-1.,-0.));
#908 = ( GEOMETRIC_REPRESENTATION_CONTEXT(2) 
PARAMETRIC_REPRESENTATION_CONTEXT() REPRESENTATION_CONTEXT('2D SPACE',''
  ) );
#909 = PCURVE('',#910,#915);
#910 = PLANE('',#911);
#911 = AXIS2_PLACEMENT_3D('',#912,#913,#914);
#912 = CARTESIAN_POINT('',(33.95,99.35,3.39));
#913 = DIRECTION('',(-0.,1.,0.));
#914 = DIRECTION('',(0.,0.,1.));
#915 = DEFINITIONAL_REPRESENTATION('',(#916),#919);
#916 = B_SPLINE_CURVE_WITH_KNOTS('',1,(#917,#918),.UNSPECIFIED.,.F.,.F.,
  (2,2),(-5.255,-1.755),.PIECEWISE_BEZIER_KNOTS.);
#917 = CARTESIAN_POINT('',(3.51,42.05));
#918 = CARTESIAN_POINT('',(1.E-02,42.05));
#919 = ( GEOMETRIC_REPRESENTATION_CONTEXT(2) 
PARAMETRIC_REPRESENTATION_CONTEXT() REPRESENTATION_CONTEXT('2D SPACE',''
  ) );
#920 = ORIENTED_EDGE('',*,*,#921,.F.);
#921 = EDGE_CURVE('',#922,#895,#924,.T.);
#922 = VERTEX_POINT('',#923);
#923 = CARTESIAN_POINT('',(76.,99.05,3.4));
#924 = SURFACE_CURVE('',#925,(#929,#936),.PCURVE_S1.);
#925 = LINE('',#926,#927);
#926 = CARTESIAN_POINT('',(76.,1.2,3.4));
#927 = VECTOR('',#928,1.);
#928 = DIRECTION('',(-0.,1.,0.));
#929 = PCURVE('',#43,#930);
#930 = DEFINITIONAL_REPRESENTATION('',(#931),#935);
#931 = LINE('',#932,#933);
#932 = CARTESIAN_POINT('',(3.5,-1.2));
#933 = VECTOR('',#934,1.);
#934 = DIRECTION('',(0.,-1.));
#935 = ( GEOMETRIC_REPRESENTATION_CONTEXT(2) 
PARAMETRIC_REPRESENTATION_CONTEXT() REPRESENTATION_CONTEXT('2D SPACE',''
  ) );
#936 = PCURVE('',#314,#937);
#937 = DEFINITIONAL_REPRESENTATION('',(#938),#941);
#938 = B_SPLINE_CURVE_WITH_KNOTS('',1,(#939,#940),.UNSPECIFIED.,.F.,.F.,
  (2,2),(-1.2,191.8),.PIECEWISE_BEZIER_KNOTS.);
#939 = CARTESIAN_POINT('',(64.8,-2.4));
#940 = CARTESIAN_POINT('',(64.8,190.6));
#941 = ( GEOMETRIC_REPRESENTATION_CONTEXT(2) 
PARAMETRIC_REPRESENTATION_CONTEXT() REPRESENTATION_CONTEXT('2D SPACE',''
  ) );
#942 = ORIENTED_EDGE('',*,*,#943,.F.);
#943 = EDGE_CURVE('',#944,#922,#946,.T.);
#944 = VERTEX_POINT('',#945);
#945 = CARTESIAN_POINT('',(76.,99.05,6.9));
#946 = SURFACE_CURVE('',#947,(#951,#958),.PCURVE_S1.);
#947 = LINE('',#948,#949);
#948 = CARTESIAN_POINT('',(76.,99.05,1.645));
#949 = VECTOR('',#950,1.);
#950 = DIRECTION('',(-0.,0.,-1.));
#951 = PCURVE('',#43,#952);
#952 = DEFINITIONAL_REPRESENTATION('',(#953),#957);
#953 = LINE('',#954,#955);
#954 = CARTESIAN_POINT('',(1.745,-99.05));
#955 = VECTOR('',#956,1.);
#956 = DIRECTION('',(-1.,-0.));
#957 = ( GEOMETRIC_REPRESENTATION_CONTEXT(2) 
PARAMETRIC_REPRESENTATION_CONTEXT() REPRESENTATION_CONTEXT('2D SPACE',''
  ) );
#958 = PCURVE('',#959,#964);
#959 = PLANE('',#960);
#960 = AXIS2_PLACEMENT_3D('',#961,#962,#963);
#961 = CARTESIAN_POINT('',(55.95,99.05,3.39));
#962 = DIRECTION('',(-0.,1.,0.));
#963 = DIRECTION('',(0.,0.,1.));
#964 = DEFINITIONAL_REPRESENTATION('',(#965),#968);
#965 = B_SPLINE_CURVE_WITH_KNOTS('',1,(#966,#967),.UNSPECIFIED.,.F.,.F.,
  (2,2),(-5.255,-1.755),.PIECEWISE_BEZIER_KNOTS.);
#966 = CARTESIAN_POINT('',(3.51,20.05));
#967 = CARTESIAN_POINT('',(1.E-02,20.05));
#968 = ( GEOMETRIC_REPRESENTATION_CONTEXT(2) 
PARAMETRIC_REPRESENTATION_CONTEXT() REPRESENTATION_CONTEXT('2D SPACE',''
  ) );
#969 = ORIENTED_EDGE('',*,*,#970,.F.);
#970 = EDGE_CURVE('',#971,#944,#973,.T.);
#971 = VERTEX_POINT('',#972);
#972 = CARTESIAN_POINT('',(76.,98.25,6.9));
#973 = SURFACE_CURVE('',#974,(#978,#985),.PCURVE_S1.);
#974 = LINE('',#975,#976);
#975 = CARTESIAN_POINT('',(76.,38.375,6.9));
#976 = VECTOR('',#977,1.);
#977 = DIRECTION('',(-0.,1.,0.));
#978 = PCURVE('',#43,#979);
#979 = DEFINITIONAL_REPRESENTATION('',(#980),#984);
#980 = LINE('',#981,#982);
#981 = CARTESIAN_POINT('',(7.,-38.375));
#982 = VECTOR('',#983,1.);
#983 = DIRECTION('',(0.,-1.));
#984 = ( GEOMETRIC_REPRESENTATION_CONTEXT(2) 
PARAMETRIC_REPRESENTATION_CONTEXT() REPRESENTATION_CONTEXT('2D SPACE',''
  ) );
#985 = PCURVE('',#986,#991);
#986 = PLANE('',#987);
#987 = AXIS2_PLACEMENT_3D('',#988,#989,#990);
#988 = CARTESIAN_POINT('',(33.95,76.75,6.9));
#989 = DIRECTION('',(0.,0.,1.));
#990 = DIRECTION('',(1.,0.,-0.));
#991 = DEFINITIONAL_REPRESENTATION('',(#992),#995);
#992 = B_SPLINE_CURVE_WITH_KNOTS('',1,(#993,#994),.UNSPECIFIED.,.F.,.F.,
  (2,2),(38.375,60.675),.PIECEWISE_BEZIER_KNOTS.);
#993 = CARTESIAN_POINT('',(42.05,0.));
#994 = CARTESIAN_POINT('',(42.05,22.3));
#995 = ( GEOMETRIC_REPRESENTATION_CONTEXT(2) 
PARAMETRIC_REPRESENTATION_CONTEXT() REPRESENTATION_CONTEXT('2D SPACE',''
  ) );
#996 = ORIENTED_EDGE('',*,*,#997,.T.);
#997 = EDGE_CURVE('',#971,#998,#1000,.T.);
#998 = VERTEX_POINT('',#999);
#999 = CARTESIAN_POINT('',(76.,98.25,3.4));
#1000 = SURFACE_CURVE('',#1001,(#1005,#1012),.PCURVE_S1.);
#1001 = LINE('',#1002,#1003);
#1002 = CARTESIAN_POINT('',(76.,98.25,1.64));
#1003 = VECTOR('',#1004,1.);
#1004 = DIRECTION('',(-0.,0.,-1.));
#1005 = PCURVE('',#43,#1006);
#1006 = DEFINITIONAL_REPRESENTATION('',(#1007),#1011);
#1007 = LINE('',#1008,#1009);
#1008 = CARTESIAN_POINT('',(1.74,-98.25));
#1009 = VECTOR('',#1010,1.);
#1010 = DIRECTION('',(-1.,-0.));
#1011 = ( GEOMETRIC_REPRESENTATION_CONTEXT(2) 
PARAMETRIC_REPRESENTATION_CONTEXT() REPRESENTATION_CONTEXT('2D SPACE',''
  ) );
#1012 = PCURVE('',#1013,#1018);
#1013 = PLANE('',#1014);
#1014 = AXIS2_PLACEMENT_3D('',#1015,#1016,#1017);
#1015 = CARTESIAN_POINT('',(56.75,98.25,3.38));
#1016 = DIRECTION('',(-0.,1.,0.));
#1017 = DIRECTION('',(0.,0.,1.));
#1018 = DEFINITIONAL_REPRESENTATION('',(#1019),#1022);
#1019 = B_SPLINE_CURVE_WITH_KNOTS('',1,(#1020,#1021),.UNSPECIFIED.,.F.,
  .F.,(2,2),(-5.26,-1.76),.PIECEWISE_BEZIER_KNOTS.);
#1020 = CARTESIAN_POINT('',(3.52,19.25));
#1021 = CARTESIAN_POINT('',(2.E-02,19.25));
#1022 = ( GEOMETRIC_REPRESENTATION_CONTEXT(2) 
PARAMETRIC_REPRESENTATION_CONTEXT() REPRESENTATION_CONTEXT('2D SPACE',''
  ) );
#1023 = ORIENTED_EDGE('',*,*,#1024,.F.);
#1024 = EDGE_CURVE('',#1025,#998,#1027,.T.);
#1025 = VERTEX_POINT('',#1026);
#1026 = CARTESIAN_POINT('',(76.,77.55,3.4));
#1027 = SURFACE_CURVE('',#1028,(#1032,#1039),.PCURVE_S1.);
#1028 = LINE('',#1029,#1030);
#1029 = CARTESIAN_POINT('',(76.,1.2,3.4));
#1030 = VECTOR('',#1031,1.);
#1031 = DIRECTION('',(-0.,1.,0.));
#1032 = PCURVE('',#43,#1033);
#1033 = DEFINITIONAL_REPRESENTATION('',(#1034),#1038);
#1034 = LINE('',#1035,#1036);
#1035 = CARTESIAN_POINT('',(3.5,-1.2));
#1036 = VECTOR('',#1037,1.);
#1037 = DIRECTION('',(0.,-1.));
#1038 = ( GEOMETRIC_REPRESENTATION_CONTEXT(2) 
PARAMETRIC_REPRESENTATION_CONTEXT() REPRESENTATION_CONTEXT('2D SPACE',''
  ) );
#1039 = PCURVE('',#1040,#1045);
#1040 = PLANE('',#1041);
#1041 = AXIS2_PLACEMENT_3D('',#1042,#1043,#1044);
#1042 = CARTESIAN_POINT('',(11.2,2.4,3.4));
#1043 = DIRECTION('',(0.,0.,1.));
#1044 = DIRECTION('',(1.,0.,-0.));
#1045 = DEFINITIONAL_REPRESENTATION('',(#1046),#1049);
#1046 = B_SPLINE_CURVE_WITH_KNOTS('',1,(#1047,#1048),.UNSPECIFIED.,.F.,
  .F.,(2,2),(76.35,97.05),.PIECEWISE_BEZIER_KNOTS.);
#1047 = CARTESIAN_POINT('',(64.8,75.15));
#1048 = CARTESIAN_POINT('',(64.8,95.85));
#1049 = ( GEOMETRIC_REPRESENTATION_CONTEXT(2) 
PARAMETRIC_REPRESENTATION_CONTEXT() REPRESENTATION_CONTEXT('2D SPACE',''
  ) );
#1050 = ORIENTED_EDGE('',*,*,#1051,.F.);
#1051 = EDGE_CURVE('',#1052,#1025,#1054,.T.);
#1052 = VERTEX_POINT('',#1053);
#1053 = CARTESIAN_POINT('',(76.,77.55,6.9));
#1054 = SURFACE_CURVE('',#1055,(#1059,#1066),.PCURVE_S1.);
#1055 = LINE('',#1056,#1057);
#1056 = CARTESIAN_POINT('',(76.,77.55,1.64));
#1057 = VECTOR('',#1058,1.);
#1058 = DIRECTION('',(-0.,0.,-1.));
#1059 = PCURVE('',#43,#1060);
#1060 = DEFINITIONAL_REPRESENTATION('',(#1061),#1065);
#1061 = LINE('',#1062,#1063);
#1062 = CARTESIAN_POINT('',(1.74,-77.55));
#1063 = VECTOR('',#1064,1.);
#1064 = DIRECTION('',(-1.,-0.));
#1065 = ( GEOMETRIC_REPRESENTATION_CONTEXT(2) 
PARAMETRIC_REPRESENTATION_CONTEXT() REPRESENTATION_CONTEXT('2D SPACE',''
  ) );
#1066 = PCURVE('',#1067,#1072);
#1067 = PLANE('',#1068);
#1068 = AXIS2_PLACEMENT_3D('',#1069,#1070,#1071);
#1069 = CARTESIAN_POINT('',(56.75,77.55,3.38));
#1070 = DIRECTION('',(-0.,1.,0.));
#1071 = DIRECTION('',(0.,0.,1.));
#1072 = DEFINITIONAL_REPRESENTATION('',(#1073),#1076);
#1073 = B_SPLINE_CURVE_WITH_KNOTS('',1,(#1074,#1075),.UNSPECIFIED.,.F.,
  .F.,(2,2),(-5.26,-1.76),.PIECEWISE_BEZIER_KNOTS.);
#1074 = CARTESIAN_POINT('',(3.52,19.25));
#1075 = CARTESIAN_POINT('',(2.E-02,19.25));
#1076 = ( GEOMETRIC_REPRESENTATION_CONTEXT(2) 
PARAMETRIC_REPRESENTATION_CONTEXT() REPRESENTATION_CONTEXT('2D SPACE',''
  ) );
#1077 = ORIENTED_EDGE('',*,*,#1078,.F.);
#1078 = EDGE_CURVE('',#1079,#1052,#1081,.T.);
#1079 = VERTEX_POINT('',#1080);
#1080 = CARTESIAN_POINT('',(76.,76.75,6.9));
#1081 = SURFACE_CURVE('',#1082,(#1086,#1093),.PCURVE_S1.);
#1082 = LINE('',#1083,#1084);
#1083 = CARTESIAN_POINT('',(76.,38.375,6.9));
#1084 = VECTOR('',#1085,1.);
#1085 = DIRECTION('',(-0.,1.,0.));
#1086 = PCURVE('',#43,#1087);
#1087 = DEFINITIONAL_REPRESENTATION('',(#1088),#1092);
#1088 = LINE('',#1089,#1090);
#1089 = CARTESIAN_POINT('',(7.,-38.375));
#1090 = VECTOR('',#1091,1.);
#1091 = DIRECTION('',(0.,-1.));
#1092 = ( GEOMETRIC_REPRESENTATION_CONTEXT(2) 
PARAMETRIC_REPRESENTATION_CONTEXT() REPRESENTATION_CONTEXT('2D SPACE',''
  ) );
#1093 = PCURVE('',#986,#1094);
#1094 = DEFINITIONAL_REPRESENTATION('',(#1095),#1098);
#1095 = B_SPLINE_CURVE_WITH_KNOTS('',1,(#1096,#1097),.UNSPECIFIED.,.F.,
  .F.,(2,2),(38.375,60.675),.PIECEWISE_BEZIER_KNOTS.);
#1096 = CARTESIAN_POINT('',(42.05,0.));
#1097 = CARTESIAN_POINT('',(42.05,22.3));
#1098 = ( GEOMETRIC_REPRESENTATION_CONTEXT(2) 
PARAMETRIC_REPRESENTATION_CONTEXT() REPRESENTATION_CONTEXT('2D SPACE',''
  ) );
#1099 = ORIENTED_EDGE('',*,*,#1100,.T.);
#1100 = EDGE_CURVE('',#1079,#1101,#1103,.T.);
#1101 = VERTEX_POINT('',#1102);
#1102 = CARTESIAN_POINT('',(76.,76.75,3.4));
#1103 = SURFACE_CURVE('',#1104,(#1108,#1115),.PCURVE_S1.);
#1104 = LINE('',#1105,#1106);
#1105 = CARTESIAN_POINT('',(76.,76.75,1.645));
#1106 = VECTOR('',#1107,1.);
#1107 = DIRECTION('',(-0.,0.,-1.));
#1108 = PCURVE('',#43,#1109);
#1109 = DEFINITIONAL_REPRESENTATION('',(#1110),#1114);
#1110 = LINE('',#1111,#1112);
#1111 = CARTESIAN_POINT('',(1.745,-76.75));
#1112 = VECTOR('',#1113,1.);
#1113 = DIRECTION('',(-1.,-0.));
#1114 = ( GEOMETRIC_REPRESENTATION_CONTEXT(2) 
PARAMETRIC_REPRESENTATION_CONTEXT() REPRESENTATION_CONTEXT('2D SPACE',''
  ) );
#1115 = PCURVE('',#1116,#1121);
#1116 = PLANE('',#1117);
#1117 = AXIS2_PLACEMENT_3D('',#1118,#1119,#1120);
#1118 = CARTESIAN_POINT('',(33.95,76.75,3.39));
#1119 = DIRECTION('',(-0.,1.,0.));
#1120 = DIRECTION('',(0.,0.,1.));
#1121 = DEFINITIONAL_REPRESENTATION('',(#1122),#1125);
#1122 = B_SPLINE_CURVE_WITH_KNOTS('',1,(#1123,#1124),.UNSPECIFIED.,.F.,
  .F.,(2,2),(-5.255,-1.755),.PIECEWISE_BEZIER_KNOTS.);
#1123 = CARTESIAN_POINT('',(3.51,42.05));
#1124 = CARTESIAN_POINT('',(1.E-02,42.05));
#1125 = ( GEOMETRIC_REPRESENTATION_CONTEXT(2) 
PARAMETRIC_REPRESENTATION_CONTEXT() REPRESENTATION_CONTEXT('2D SPACE',''
  ) );
#1126 = ORIENTED_EDGE('',*,*,#1127,.F.);
#1127 = EDGE_CURVE('',#1128,#1101,#1130,.T.);
#1128 = VERTEX_POINT('',#1129);
#1129 = CARTESIAN_POINT('',(76.,76.45,3.4));
#1130 = SURFACE_CURVE('',#1131,(#1135,#1142),.PCURVE_S1.);
#1131 = LINE('',#1132,#1133);
#1132 = CARTESIAN_POINT('',(76.,1.2,3.4));
#1133 = VECTOR('',#1134,1.);
#1134 = DIRECTION('',(-0.,1.,0.));
#1135 = PCURVE('',#43,#1136);
#1136 = DEFINITIONAL_REPRESENTATION('',(#1137),#1141);
#1137 = LINE('',#1138,#1139);
#1138 = CARTESIAN_POINT('',(3.5,-1.2));
#1139 = VECTOR('',#1140,1.);
#1140 = DIRECTION('',(0.,-1.));
#1141 = ( GEOMETRIC_REPRESENTATION_CONTEXT(2) 
PARAMETRIC_REPRESENTATION_CONTEXT() REPRESENTATION_CONTEXT('2D SPACE',''
  ) );
#1142 = PCURVE('',#314,#1143);
#1143 = DEFINITIONAL_REPRESENTATION('',(#1144),#1147);
#1144 = B_SPLINE_CURVE_WITH_KNOTS('',1,(#1145,#1146),.UNSPECIFIED.,.F.,
  .F.,(2,2),(-1.2,191.8),.PIECEWISE_BEZIER_KNOTS.);
#1145 = CARTESIAN_POINT('',(64.8,-2.4));
#1146 = CARTESIAN_POINT('',(64.8,190.6));
#1147 = ( GEOMETRIC_REPRESENTATION_CONTEXT(2) 
PARAMETRIC_REPRESENTATION_CONTEXT() REPRESENTATION_CONTEXT('2D SPACE',''
  ) );
#1148 = ORIENTED_EDGE('',*,*,#1149,.F.);
#1149 = EDGE_CURVE('',#1150,#1128,#1152,.T.);
#1150 = VERTEX_POINT('',#1151);
#1151 = CARTESIAN_POINT('',(76.,76.45,6.9));
#1152 = SURFACE_CURVE('',#1153,(#1157,#1164),.PCURVE_S1.);
#1153 = LINE('',#1154,#1155);
#1154 = CARTESIAN_POINT('',(76.,76.45,1.645));
#1155 = VECTOR('',#1156,1.);
#1156 = DIRECTION('',(-0.,0.,-1.));
#1157 = PCURVE('',#43,#1158);
#1158 = DEFINITIONAL_REPRESENTATION('',(#1159),#1163);
#1159 = LINE('',#1160,#1161);
#1160 = CARTESIAN_POINT('',(1.745,-76.45));
#1161 = VECTOR('',#1162,1.);
#1162 = DIRECTION('',(-1.,-0.));
#1163 = ( GEOMETRIC_REPRESENTATION_CONTEXT(2) 
PARAMETRIC_REPRESENTATION_CONTEXT() REPRESENTATION_CONTEXT('2D SPACE',''
  ) );
#1164 = PCURVE('',#1165,#1170);
#1165 = PLANE('',#1166);
#1166 = AXIS2_PLACEMENT_3D('',#1167,#1168,#1169);
#1167 = CARTESIAN_POINT('',(55.95,76.45,3.39));
#1168 = DIRECTION('',(-0.,1.,0.));
#1169 = DIRECTION('',(0.,0.,1.));
#1170 = DEFINITIONAL_REPRESENTATION('',(#1171),#1174);
#1171 = B_SPLINE_CURVE_WITH_KNOTS('',1,(#1172,#1173),.UNSPECIFIED.,.F.,
  .F.,(2,2),(-5.255,-1.755),.PIECEWISE_BEZIER_KNOTS.);
#1172 = CARTESIAN_POINT('',(3.51,20.05));
#1173 = CARTESIAN_POINT('',(1.E-02,20.05));
#1174 = ( GEOMETRIC_REPRESENTATION_CONTEXT(2) 
PARAMETRIC_REPRESENTATION_CONTEXT() REPRESENTATION_CONTEXT('2D SPACE',''
  ) );
#1175 = ORIENTED_EDGE('',*,*,#1176,.F.);
#1176 = EDGE_CURVE('',#1177,#1150,#1179,.T.);
#1177 = VERTEX_POINT('',#1178);
#1178 = CARTESIAN_POINT('',(76.,75.65,6.9));
#1179 = SURFACE_CURVE('',#1180,(#1184,#1191),.PCURVE_S1.);
#1180 = LINE('',#1181,#1182);
#1181 = CARTESIAN_POINT('',(76.,27.075,6.9));
#1182 = VECTOR('',#1183,1.);
#1183 = DIRECTION('',(-0.,1.,0.));
#1184 = PCURVE('',#43,#1185);
#1185 = DEFINITIONAL_REPRESENTATION('',(#1186),#1190);
#1186 = LINE('',#1187,#1188);
#1187 = CARTESIAN_POINT('',(7.,-27.075));
#1188 = VECTOR('',#1189,1.);
#1189 = DIRECTION('',(0.,-1.));
#1190 = ( GEOMETRIC_REPRESENTATION_CONTEXT(2) 
PARAMETRIC_REPRESENTATION_CONTEXT() REPRESENTATION_CONTEXT('2D SPACE',''
  ) );
#1191 = PCURVE('',#1192,#1197);
#1192 = PLANE('',#1193);
#1193 = AXIS2_PLACEMENT_3D('',#1194,#1195,#1196);
#1194 = CARTESIAN_POINT('',(33.95,54.15,6.9));
#1195 = DIRECTION('',(0.,0.,1.));
#1196 = DIRECTION('',(1.,0.,-0.));
#1197 = DEFINITIONAL_REPRESENTATION('',(#1198),#1201);
#1198 = B_SPLINE_CURVE_WITH_KNOTS('',1,(#1199,#1200),.UNSPECIFIED.,.F.,
  .F.,(2,2),(27.075,49.375),.PIECEWISE_BEZIER_KNOTS.);
#1199 = CARTESIAN_POINT('',(42.05,0.));
#1200 = CARTESIAN_POINT('',(42.05,22.3));
#1201 = ( GEOMETRIC_REPRESENTATION_CONTEXT(2) 
PARAMETRIC_REPRESENTATION_CONTEXT() REPRESENTATION_CONTEXT('2D SPACE',''
  ) );
#1202 = ORIENTED_EDGE('',*,*,#1203,.T.);
#1203 = EDGE_CURVE('',#1177,#1204,#1206,.T.);
#1204 = VERTEX_POINT('',#1205);
#1205 = CARTESIAN_POINT('',(76.,75.65,3.4));
#1206 = SURFACE_CURVE('',#1207,(#1211,#1218),.PCURVE_S1.);
#1207 = LINE('',#1208,#1209);
#1208 = CARTESIAN_POINT('',(76.,75.65,1.64));
#1209 = VECTOR('',#1210,1.);
#1210 = DIRECTION('',(-0.,0.,-1.));
#1211 = PCURVE('',#43,#1212);
#1212 = DEFINITIONAL_REPRESENTATION('',(#1213),#1217);
#1213 = LINE('',#1214,#1215);
#1214 = CARTESIAN_POINT('',(1.74,-75.65));
#1215 = VECTOR('',#1216,1.);
#1216 = DIRECTION('',(-1.,-0.));
#1217 = ( GEOMETRIC_REPRESENTATION_CONTEXT(2) 
PARAMETRIC_REPRESENTATION_CONTEXT() REPRESENTATION_CONTEXT('2D SPACE',''
  ) );
#1218 = PCURVE('',#1219,#1224);
#1219 = PLANE('',#1220);
#1220 = AXIS2_PLACEMENT_3D('',#1221,#1222,#1223);
#1221 = CARTESIAN_POINT('',(56.75,75.65,3.38));
#1222 = DIRECTION('',(-0.,1.,0.));
#1223 = DIRECTION('',(0.,0.,1.));
#1224 = DEFINITIONAL_REPRESENTATION('',(#1225),#1228);
#1225 = B_SPLINE_CURVE_WITH_KNOTS('',1,(#1226,#1227),.UNSPECIFIED.,.F.,
  .F.,(2,2),(-5.26,-1.76),.PIECEWISE_BEZIER_KNOTS.);
#1226 = CARTESIAN_POINT('',(3.52,19.25));
#1227 = CARTESIAN_POINT('',(2.E-02,19.25));
#1228 = ( GEOMETRIC_REPRESENTATION_CONTEXT(2) 
PARAMETRIC_REPRESENTATION_CONTEXT() REPRESENTATION_CONTEXT('2D SPACE',''
  ) );
#1229 = ORIENTED_EDGE('',*,*,#1230,.F.);
#1230 = EDGE_CURVE('',#1231,#1204,#1233,.T.);
#1231 = VERTEX_POINT('',#1232);
#1232 = CARTESIAN_POINT('',(76.,54.95,3.4));
#1233 = SURFACE_CURVE('',#1234,(#1238,#1245),.PCURVE_S1.);
#1234 = LINE('',#1235,#1236);
#1235 = CARTESIAN_POINT('',(76.,1.2,3.4));
#1236 = VECTOR('',#1237,1.);
#1237 = DIRECTION('',(-0.,1.,0.));
#1238 = PCURVE('',#43,#1239);
#1239 = DEFINITIONAL_REPRESENTATION('',(#1240),#1244);
#1240 = LINE('',#1241,#1242);
#1241 = CARTESIAN_POINT('',(3.5,-1.2));
#1242 = VECTOR('',#1243,1.);
#1243 = DIRECTION('',(0.,-1.));
#1244 = ( GEOMETRIC_REPRESENTATION_CONTEXT(2) 
PARAMETRIC_REPRESENTATION_CONTEXT() REPRESENTATION_CONTEXT('2D SPACE',''
  ) );
#1245 = PCURVE('',#1246,#1251);
#1246 = PLANE('',#1247);
#1247 = AXIS2_PLACEMENT_3D('',#1248,#1249,#1250);
#1248 = CARTESIAN_POINT('',(11.2,2.4,3.4));
#1249 = DIRECTION('',(0.,0.,1.));
#1250 = DIRECTION('',(1.,0.,-0.));
#1251 = DEFINITIONAL_REPRESENTATION('',(#1252),#1255);
#1252 = B_SPLINE_CURVE_WITH_KNOTS('',1,(#1253,#1254),.UNSPECIFIED.,.F.,
  .F.,(2,2),(53.75,74.45),.PIECEWISE_BEZIER_KNOTS.);
#1253 = CARTESIAN_POINT('',(64.8,52.55));
#1254 = CARTESIAN_POINT('',(64.8,73.25));
#1255 = ( GEOMETRIC_REPRESENTATION_CONTEXT(2) 
PARAMETRIC_REPRESENTATION_CONTEXT() REPRESENTATION_CONTEXT('2D SPACE',''
  ) );
#1256 = ORIENTED_EDGE('',*,*,#1257,.F.);
#1257 = EDGE_CURVE('',#1258,#1231,#1260,.T.);
#1258 = VERTEX_POINT('',#1259);
#1259 = CARTESIAN_POINT('',(76.,54.95,6.9));
#1260 = SURFACE_CURVE('',#1261,(#1265,#1272),.PCURVE_S1.);
#1261 = LINE('',#1262,#1263);
#1262 = CARTESIAN_POINT('',(76.,54.95,1.64));
#1263 = VECTOR('',#1264,1.);
#1264 = DIRECTION('',(-0.,0.,-1.));
#1265 = PCURVE('',#43,#1266);
#1266 = DEFINITIONAL_REPRESENTATION('',(#1267),#1271);
#1267 = LINE('',#1268,#1269);
#1268 = CARTESIAN_POINT('',(1.74,-54.95));
#1269 = VECTOR('',#1270,1.);
#1270 = DIRECTION('',(-1.,-0.));
#1271 = ( GEOMETRIC_REPRESENTATION_CONTEXT(2) 
PARAMETRIC_REPRESENTATION_CONTEXT() REPRESENTATION_CONTEXT('2D SPACE',''
  ) );
#1272 = PCURVE('',#1273,#1278);
#1273 = PLANE('',#1274);
#1274 = AXIS2_PLACEMENT_3D('',#1275,#1276,#1277);
#1275 = CARTESIAN_POINT('',(56.75,54.95,3.38));
#1276 = DIRECTION('',(-0.,1.,0.));
#1277 = DIRECTION('',(0.,0.,1.));
#1278 = DEFINITIONAL_REPRESENTATION('',(#1279),#1282);
#1279 = B_SPLINE_CURVE_WITH_KNOTS('',1,(#1280,#1281),.UNSPECIFIED.,.F.,
  .F.,(2,2),(-5.26,-1.76),.PIECEWISE_BEZIER_KNOTS.);
#1280 = CARTESIAN_POINT('',(3.52,19.25));
#1281 = CARTESIAN_POINT('',(2.E-02,19.25));
#1282 = ( GEOMETRIC_REPRESENTATION_CONTEXT(2) 
PARAMETRIC_REPRESENTATION_CONTEXT() REPRESENTATION_CONTEXT('2D SPACE',''
  ) );
#1283 = ORIENTED_EDGE('',*,*,#1284,.F.);
#1284 = EDGE_CURVE('',#1285,#1258,#1287,.T.);
#1285 = VERTEX_POINT('',#1286);
#1286 = CARTESIAN_POINT('',(76.,54.15,6.9));
#1287 = SURFACE_CURVE('',#1288,(#1292,#1299),.PCURVE_S1.);
#1288 = LINE('',#1289,#1290);
#1289 = CARTESIAN_POINT('',(76.,27.075,6.9));
#1290 = VECTOR('',#1291,1.);
#1291 = DIRECTION('',(-0.,1.,0.));
#1292 = PCURVE('',#43,#1293);
#1293 = DEFINITIONAL_REPRESENTATION('',(#1294),#1298);
#1294 = LINE('',#1295,#1296);
#1295 = CARTESIAN_POINT('',(7.,-27.075));
#1296 = VECTOR('',#1297,1.);
#1297 = DIRECTION('',(0.,-1.));
#1298 = ( GEOMETRIC_REPRESENTATION_CONTEXT(2) 
PARAMETRIC_REPRESENTATION_CONTEXT() REPRESENTATION_CONTEXT('2D SPACE',''
  ) );
#1299 = PCURVE('',#1192,#1300);
#1300 = DEFINITIONAL_REPRESENTATION('',(#1301),#1304);
#1301 = B_SPLINE_CURVE_WITH_KNOTS('',1,(#1302,#1303),.UNSPECIFIED.,.F.,
  .F.,(2,2),(27.075,49.375),.PIECEWISE_BEZIER_KNOTS.);
#1302 = CARTESIAN_POINT('',(42.05,0.));
#1303 = CARTESIAN_POINT('',(42.05,22.3));
#1304 = ( GEOMETRIC_REPRESENTATION_CONTEXT(2) 
PARAMETRIC_REPRESENTATION_CONTEXT() REPRESENTATION_CONTEXT('2D SPACE',''
  ) );
#1305 = ORIENTED_EDGE('',*,*,#1306,.T.);
#1306 = EDGE_CURVE('',#1285,#1307,#1309,.T.);
#1307 = VERTEX_POINT('',#1308);
#1308 = CARTESIAN_POINT('',(76.,54.15,3.4));
#1309 = SURFACE_CURVE('',#1310,(#1314,#1321),.PCURVE_S1.);
#1310 = LINE('',#1311,#1312);
#1311 = CARTESIAN_POINT('',(76.,54.15,1.645));
#1312 = VECTOR('',#1313,1.);
#1313 = DIRECTION('',(-0.,0.,-1.));
#1314 = PCURVE('',#43,#1315);
#1315 = DEFINITIONAL_REPRESENTATION('',(#1316),#1320);
#1316 = LINE('',#1317,#1318);
#1317 = CARTESIAN_POINT('',(1.745,-54.15));
#1318 = VECTOR('',#1319,1.);
#1319 = DIRECTION('',(-1.,-0.));
#1320 = ( GEOMETRIC_REPRESENTATION_CONTEXT(2) 
PARAMETRIC_REPRESENTATION_CONTEXT() REPRESENTATION_CONTEXT('2D SPACE',''
  ) );
#1321 = PCURVE('',#1322,#1327);
#1322 = PLANE('',#1323);
#1323 = AXIS2_PLACEMENT_3D('',#1324,#1325,#1326);
#1324 = CARTESIAN_POINT('',(33.95,54.15,3.39));
#1325 = DIRECTION('',(-0.,1.,0.));
#1326 = DIRECTION('',(0.,0.,1.));
#1327 = DEFINITIONAL_REPRESENTATION('',(#1328),#1331);
#1328 = B_SPLINE_CURVE_WITH_KNOTS('',1,(#1329,#1330),.UNSPECIFIED.,.F.,
  .F.,(2,2),(-5.255,-1.755),.PIECEWISE_BEZIER_KNOTS.);
#1329 = CARTESIAN_POINT('',(3.51,42.05));
#1330 = CARTESIAN_POINT('',(1.E-02,42.05));
#1331 = ( GEOMETRIC_REPRESENTATION_CONTEXT(2) 
PARAMETRIC_REPRESENTATION_CONTEXT() REPRESENTATION_CONTEXT('2D SPACE',''
  ) );
#1332 = ORIENTED_EDGE('',*,*,#1333,.F.);
#1333 = EDGE_CURVE('',#1334,#1307,#1336,.T.);
#1334 = VERTEX_POINT('',#1335);
#1335 = CARTESIAN_POINT('',(76.,53.85,3.4));
#1336 = SURFACE_CURVE('',#1337,(#1341,#1348),.PCURVE_S1.);
#1337 = LINE('',#1338,#1339);
#1338 = CARTESIAN_POINT('',(76.,1.2,3.4));
#1339 = VECTOR('',#1340,1.);
#1340 = DIRECTION('',(-0.,1.,0.));
#1341 = PCURVE('',#43,#1342);
#1342 = DEFINITIONAL_REPRESENTATION('',(#1343),#1347);
#1343 = LINE('',#1344,#1345);
#1344 = CARTESIAN_POINT('',(3.5,-1.2));
#1345 = VECTOR('',#1346,1.);
#1346 = DIRECTION('',(0.,-1.));
#1347 = ( GEOMETRIC_REPRESENTATION_CONTEXT(2) 
PARAMETRIC_REPRESENTATION_CONTEXT() REPRESENTATION_CONTEXT('2D SPACE',''
  ) );
#1348 = PCURVE('',#314,#1349);
#1349 = DEFINITIONAL_REPRESENTATION('',(#1350),#1353);
#1350 = B_SPLINE_CURVE_WITH_KNOTS('',1,(#1351,#1352),.UNSPECIFIED.,.F.,
  .F.,(2,2),(-1.2,191.8),.PIECEWISE_BEZIER_KNOTS.);
#1351 = CARTESIAN_POINT('',(64.8,-2.4));
#1352 = CARTESIAN_POINT('',(64.8,190.6));
#1353 = ( GEOMETRIC_REPRESENTATION_CONTEXT(2) 
PARAMETRIC_REPRESENTATION_CONTEXT() REPRESENTATION_CONTEXT('2D SPACE',''
  ) );
#1354 = ORIENTED_EDGE('',*,*,#1355,.F.);
#1355 = EDGE_CURVE('',#1356,#1334,#1358,.T.);
#1356 = VERTEX_POINT('',#1357);
#1357 = CARTESIAN_POINT('',(76.,53.85,6.9));
#1358 = SURFACE_CURVE('',#1359,(#1363,#1370),.PCURVE_S1.);
#1359 = LINE('',#1360,#1361);
#1360 = CARTESIAN_POINT('',(76.,53.85,1.645));
#1361 = VECTOR('',#1362,1.);
#1362 = DIRECTION('',(-0.,0.,-1.));
#1363 = PCURVE('',#43,#1364);
#1364 = DEFINITIONAL_REPRESENTATION('',(#1365),#1369);
#1365 = LINE('',#1366,#1367);
#1366 = CARTESIAN_POINT('',(1.745,-53.85));
#1367 = VECTOR('',#1368,1.);
#1368 = DIRECTION('',(-1.,-0.));
#1369 = ( GEOMETRIC_REPRESENTATION_CONTEXT(2) 
PARAMETRIC_REPRESENTATION_CONTEXT() REPRESENTATION_CONTEXT('2D SPACE',''
  ) );
#1370 = PCURVE('',#1371,#1376);
#1371 = PLANE('',#1372);
#1372 = AXIS2_PLACEMENT_3D('',#1373,#1374,#1375);
#1373 = CARTESIAN_POINT('',(55.95,53.85,3.39));
#1374 = DIRECTION('',(-0.,1.,0.));
#1375 = DIRECTION('',(0.,0.,1.));
#1376 = DEFINITIONAL_REPRESENTATION('',(#1377),#1380);
#1377 = B_SPLINE_CURVE_WITH_KNOTS('',1,(#1378,#1379),.UNSPECIFIED.,.F.,
  .F.,(2,2),(-5.255,-1.755),.PIECEWISE_BEZIER_KNOTS.);
#1378 = CARTESIAN_POINT('',(3.51,20.05));
#1379 = CARTESIAN_POINT('',(1.E-02,20.05));
#1380 = ( GEOMETRIC_REPRESENTATION_CONTEXT(2) 
PARAMETRIC_REPRESENTATION_CONTEXT() REPRESENTATION_CONTEXT('2D SPACE',''
  ) );
#1381 = ORIENTED_EDGE('',*,*,#1382,.F.);
#1382 = EDGE_CURVE('',#1383,#1356,#1385,.T.);
#1383 = VERTEX_POINT('',#1384);
#1384 = CARTESIAN_POINT('',(76.,53.05,6.9));
#1385 = SURFACE_CURVE('',#1386,(#1390,#1397),.PCURVE_S1.);
#1386 = LINE('',#1387,#1388);
#1387 = CARTESIAN_POINT('',(76.,15.775,6.9));
#1388 = VECTOR('',#1389,1.);
#1389 = DIRECTION('',(-0.,1.,0.));
#1390 = PCURVE('',#43,#1391);
#1391 = DEFINITIONAL_REPRESENTATION('',(#1392),#1396);
#1392 = LINE('',#1393,#1394);
#1393 = CARTESIAN_POINT('',(7.,-15.775));
#1394 = VECTOR('',#1395,1.);
#1395 = DIRECTION('',(0.,-1.));
#1396 = ( GEOMETRIC_REPRESENTATION_CONTEXT(2) 
PARAMETRIC_REPRESENTATION_CONTEXT() REPRESENTATION_CONTEXT('2D SPACE',''
  ) );
#1397 = PCURVE('',#1398,#1403);
#1398 = PLANE('',#1399);
#1399 = AXIS2_PLACEMENT_3D('',#1400,#1401,#1402);
#1400 = CARTESIAN_POINT('',(33.95,31.55,6.9));
#1401 = DIRECTION('',(0.,0.,1.));
#1402 = DIRECTION('',(1.,0.,-0.));
#1403 = DEFINITIONAL_REPRESENTATION('',(#1404),#1407);
#1404 = B_SPLINE_CURVE_WITH_KNOTS('',1,(#1405,#1406),.UNSPECIFIED.,.F.,
  .F.,(2,2),(15.775,38.075),.PIECEWISE_BEZIER_KNOTS.);
#1405 = CARTESIAN_POINT('',(42.05,0.));
#1406 = CARTESIAN_POINT('',(42.05,22.3));
#1407 = ( GEOMETRIC_REPRESENTATION_CONTEXT(2) 
PARAMETRIC_REPRESENTATION_CONTEXT() REPRESENTATION_CONTEXT('2D SPACE',''
  ) );
#1408 = ORIENTED_EDGE('',*,*,#1409,.T.);
#1409 = EDGE_CURVE('',#1383,#1410,#1412,.T.);
#1410 = VERTEX_POINT('',#1411);
#1411 = CARTESIAN_POINT('',(76.,53.05,3.4));
#1412 = SURFACE_CURVE('',#1413,(#1417,#1424),.PCURVE_S1.);
#1413 = LINE('',#1414,#1415);
#1414 = CARTESIAN_POINT('',(76.,53.05,1.64));
#1415 = VECTOR('',#1416,1.);
#1416 = DIRECTION('',(-0.,0.,-1.));
#1417 = PCURVE('',#43,#1418);
#1418 = DEFINITIONAL_REPRESENTATION('',(#1419),#1423);
#1419 = LINE('',#1420,#1421);
#1420 = CARTESIAN_POINT('',(1.74,-53.05));
#1421 = VECTOR('',#1422,1.);
#1422 = DIRECTION('',(-1.,-0.));
#1423 = ( GEOMETRIC_REPRESENTATION_CONTEXT(2) 
PARAMETRIC_REPRESENTATION_CONTEXT() REPRESENTATION_CONTEXT('2D SPACE',''
  ) );
#1424 = PCURVE('',#1425,#1430);
#1425 = PLANE('',#1426);
#1426 = AXIS2_PLACEMENT_3D('',#1427,#1428,#1429);
#1427 = CARTESIAN_POINT('',(56.75,53.05,3.38));
#1428 = DIRECTION('',(-0.,1.,0.));
#1429 = DIRECTION('',(0.,0.,1.));
#1430 = DEFINITIONAL_REPRESENTATION('',(#1431),#1434);
#1431 = B_SPLINE_CURVE_WITH_KNOTS('',1,(#1432,#1433),.UNSPECIFIED.,.F.,
  .F.,(2,2),(-5.26,-1.76),.PIECEWISE_BEZIER_KNOTS.);
#1432 = CARTESIAN_POINT('',(3.52,19.25));
#1433 = CARTESIAN_POINT('',(2.E-02,19.25));
#1434 = ( GEOMETRIC_REPRESENTATION_CONTEXT(2) 
PARAMETRIC_REPRESENTATION_CONTEXT() REPRESENTATION_CONTEXT('2D SPACE',''
  ) );
#1435 = ORIENTED_EDGE('',*,*,#1436,.F.);
#1436 = EDGE_CURVE('',#1437,#1410,#1439,.T.);
#1437 = VERTEX_POINT('',#1438);
#1438 = CARTESIAN_POINT('',(76.,32.35,3.4));
#1439 = SURFACE_CURVE('',#1440,(#1444,#1451),.PCURVE_S1.);
#1440 = LINE('',#1441,#1442);
#1441 = CARTESIAN_POINT('',(76.,1.2,3.4));
#1442 = VECTOR('',#1443,1.);
#1443 = DIRECTION('',(-0.,1.,0.));
#1444 = PCURVE('',#43,#1445);
#1445 = DEFINITIONAL_REPRESENTATION('',(#1446),#1450);
#1446 = LINE('',#1447,#1448);
#1447 = CARTESIAN_POINT('',(3.5,-1.2));
#1448 = VECTOR('',#1449,1.);
#1449 = DIRECTION('',(0.,-1.));
#1450 = ( GEOMETRIC_REPRESENTATION_CONTEXT(2) 
PARAMETRIC_REPRESENTATION_CONTEXT() REPRESENTATION_CONTEXT('2D SPACE',''
  ) );
#1451 = PCURVE('',#1452,#1457);
#1452 = PLANE('',#1453);
#1453 = AXIS2_PLACEMENT_3D('',#1454,#1455,#1456);
#1454 = CARTESIAN_POINT('',(11.2,2.4,3.4));
#1455 = DIRECTION('',(0.,0.,1.));
#1456 = DIRECTION('',(1.,0.,-0.));
#1457 = DEFINITIONAL_REPRESENTATION('',(#1458),#1461);
#1458 = B_SPLINE_CURVE_WITH_KNOTS('',1,(#1459,#1460),.UNSPECIFIED.,.F.,
  .F.,(2,2),(31.15,51.85),.PIECEWISE_BEZIER_KNOTS.);
#1459 = CARTESIAN_POINT('',(64.8,29.95));
#1460 = CARTESIAN_POINT('',(64.8,50.65));
#1461 = ( GEOMETRIC_REPRESENTATION_CONTEXT(2) 
PARAMETRIC_REPRESENTATION_CONTEXT() REPRESENTATION_CONTEXT('2D SPACE',''
  ) );
#1462 = ORIENTED_EDGE('',*,*,#1463,.F.);
#1463 = EDGE_CURVE('',#1464,#1437,#1466,.T.);
#1464 = VERTEX_POINT('',#1465);
#1465 = CARTESIAN_POINT('',(76.,32.35,6.9));
#1466 = SURFACE_CURVE('',#1467,(#1471,#1478),.PCURVE_S1.);
#1467 = LINE('',#1468,#1469);
#1468 = CARTESIAN_POINT('',(76.,32.35,1.64));
#1469 = VECTOR('',#1470,1.);
#1470 = DIRECTION('',(-0.,0.,-1.));
#1471 = PCURVE('',#43,#1472);
#1472 = DEFINITIONAL_REPRESENTATION('',(#1473),#1477);
#1473 = LINE('',#1474,#1475);
#1474 = CARTESIAN_POINT('',(1.74,-32.35));
#1475 = VECTOR('',#1476,1.);
#1476 = DIRECTION('',(-1.,-0.));
#1477 = ( GEOMETRIC_REPRESENTATION_CONTEXT(2) 
PARAMETRIC_REPRESENTATION_CONTEXT() REPRESENTATION_CONTEXT('2D SPACE',''
  ) );
#1478 = PCURVE('',#1479,#1484);
#1479 = PLANE('',#1480);
#1480 = AXIS2_PLACEMENT_3D('',#1481,#1482,#1483);
#1481 = CARTESIAN_POINT('',(56.75,32.35,3.38));
#1482 = DIRECTION('',(-0.,1.,0.));
#1483 = DIRECTION('',(0.,0.,1.));
#1484 = DEFINITIONAL_REPRESENTATION('',(#1485),#1488);
#1485 = B_SPLINE_CURVE_WITH_KNOTS('',1,(#1486,#1487),.UNSPECIFIED.,.F.,
  .F.,(2,2),(-5.26,-1.76),.PIECEWISE_BEZIER_KNOTS.);
#1486 = CARTESIAN_POINT('',(3.52,19.25));
#1487 = CARTESIAN_POINT('',(2.E-02,19.25));
#1488 = ( GEOMETRIC_REPRESENTATION_CONTEXT(2) 
PARAMETRIC_REPRESENTATION_CONTEXT() REPRESENTATION_CONTEXT('2D SPACE',''
  ) );
#1489 = ORIENTED_EDGE('',*,*,#1490,.F.);
#1490 = EDGE_CURVE('',#1491,#1464,#1493,.T.);
#1491 = VERTEX_POINT('',#1492);
#1492 = CARTESIAN_POINT('',(76.,31.55,6.9));
#1493 = SURFACE_CURVE('',#1494,(#1498,#1505),.PCURVE_S1.);
#1494 = LINE('',#1495,#1496);
#1495 = CARTESIAN_POINT('',(76.,15.775,6.9));
#1496 = VECTOR('',#1497,1.);
#1497 = DIRECTION('',(-0.,1.,0.));
#1498 = PCURVE('',#43,#1499);
#1499 = DEFINITIONAL_REPRESENTATION('',(#1500),#1504);
#1500 = LINE('',#1501,#1502);
#1501 = CARTESIAN_POINT('',(7.,-15.775));
#1502 = VECTOR('',#1503,1.);
#1503 = DIRECTION('',(0.,-1.));
#1504 = ( GEOMETRIC_REPRESENTATION_CONTEXT(2) 
PARAMETRIC_REPRESENTATION_CONTEXT() REPRESENTATION_CONTEXT('2D SPACE',''
  ) );
#1505 = PCURVE('',#1398,#1506);
#1506 = DEFINITIONAL_REPRESENTATION('',(#1507),#1510);
#1507 = B_SPLINE_CURVE_WITH_KNOTS('',1,(#1508,#1509),.UNSPECIFIED.,.F.,
  .F.,(2,2),(15.775,38.075),.PIECEWISE_BEZIER_KNOTS.);
#1508 = CARTESIAN_POINT('',(42.05,0.));
#1509 = CARTESIAN_POINT('',(42.05,22.3));
#1510 = ( GEOMETRIC_REPRESENTATION_CONTEXT(2) 
PARAMETRIC_REPRESENTATION_CONTEXT() REPRESENTATION_CONTEXT('2D SPACE',''
  ) );
#1511 = ORIENTED_EDGE('',*,*,#1512,.T.);
#1512 = EDGE_CURVE('',#1491,#1513,#1515,.T.);
#1513 = VERTEX_POINT('',#1514);
#1514 = CARTESIAN_POINT('',(76.,31.55,3.4));
#1515 = SURFACE_CURVE('',#1516,(#1520,#1527),.PCURVE_S1.);
#1516 = LINE('',#1517,#1518);
#1517 = CARTESIAN_POINT('',(76.,31.55,1.645));
#1518 = VECTOR('',#1519,1.);
#1519 = DIRECTION('',(-0.,0.,-1.));
#1520 = PCURVE('',#43,#1521);
#1521 = DEFINITIONAL_REPRESENTATION('',(#1522),#1526);
#1522 = LINE('',#1523,#1524);
#1523 = CARTESIAN_POINT('',(1.745,-31.55));
#1524 = VECTOR('',#1525,1.);
#1525 = DIRECTION('',(-1.,-0.));
#1526 = ( GEOMETRIC_REPRESENTATION_CONTEXT(2) 
PARAMETRIC_REPRESENTATION_CONTEXT() REPRESENTATION_CONTEXT('2D SPACE',''
  ) );
#1527 = PCURVE('',#1528,#1533);
#1528 = PLANE('',#1529);
#1529 = AXIS2_PLACEMENT_3D('',#1530,#1531,#1532);
#1530 = CARTESIAN_POINT('',(33.95,31.55,3.39));
#1531 = DIRECTION('',(-0.,1.,0.));
#1532 = DIRECTION('',(0.,0.,1.));
#1533 = DEFINITIONAL_REPRESENTATION('',(#1534),#1537);
#1534 = B_SPLINE_CURVE_WITH_KNOTS('',1,(#1535,#1536),.UNSPECIFIED.,.F.,
  .F.,(2,2),(-5.255,-1.755),.PIECEWISE_BEZIER_KNOTS.);
#1535 = CARTESIAN_POINT('',(3.51,42.05));
#1536 = CARTESIAN_POINT('',(1.E-02,42.05));
#1537 = ( GEOMETRIC_REPRESENTATION_CONTEXT(2) 
PARAMETRIC_REPRESENTATION_CONTEXT() REPRESENTATION_CONTEXT('2D SPACE',''
  ) );
#1538 = ORIENTED_EDGE('',*,*,#1539,.F.);
#1539 = EDGE_CURVE('',#1540,#1513,#1542,.T.);
#1540 = VERTEX_POINT('',#1541);
#1541 = CARTESIAN_POINT('',(76.,31.25,3.4));
#1542 = SURFACE_CURVE('',#1543,(#1547,#1554),.PCURVE_S1.);
#1543 = LINE('',#1544,#1545);
#1544 = CARTESIAN_POINT('',(76.,1.2,3.4));
#1545 = VECTOR('',#1546,1.);
#1546 = DIRECTION('',(-0.,1.,0.));
#1547 = PCURVE('',#43,#1548);
#1548 = DEFINITIONAL_REPRESENTATION('',(#1549),#1553);
#1549 = LINE('',#1550,#1551);
#1550 = CARTESIAN_POINT('',(3.5,-1.2));
#1551 = VECTOR('',#1552,1.);
#1552 = DIRECTION('',(0.,-1.));
#1553 = ( GEOMETRIC_REPRESENTATION_CONTEXT(2) 
PARAMETRIC_REPRESENTATION_CONTEXT() REPRESENTATION_CONTEXT('2D SPACE',''
  ) );
#1554 = PCURVE('',#314,#1555);
#1555 = DEFINITIONAL_REPRESENTATION('',(#1556),#1559);
#1556 = B_SPLINE_CURVE_WITH_KNOTS('',1,(#1557,#1558),.UNSPECIFIED.,.F.,
  .F.,(2,2),(-1.2,191.8),.PIECEWISE_BEZIER_KNOTS.);
#1557 = CARTESIAN_POINT('',(64.8,-2.4));
#1558 = CARTESIAN_POINT('',(64.8,190.6));
#1559 = ( GEOMETRIC_REPRESENTATION_CONTEXT(2) 
PARAMETRIC_REPRESENTATION_CONTEXT() REPRESENTATION_CONTEXT('2D SPACE',''
  ) );
#1560 = ORIENTED_EDGE('',*,*,#1561,.F.);
#1561 = EDGE_CURVE('',#1562,#1540,#1564,.T.);
#1562 = VERTEX_POINT('',#1563);
#1563 = CARTESIAN_POINT('',(76.,31.25,6.9));
#1564 = SURFACE_CURVE('',#1565,(#1569,#1576),.PCURVE_S1.);
#1565 = LINE('',#1566,#1567);
#1566 = CARTESIAN_POINT('',(76.,31.25,1.645));
#1567 = VECTOR('',#1568,1.);
#1568 = DIRECTION('',(-0.,0.,-1.));
#1569 = PCURVE('',#43,#1570);
#1570 = DEFINITIONAL_REPRESENTATION('',(#1571),#1575);
#1571 = LINE('',#1572,#1573);
#1572 = CARTESIAN_POINT('',(1.745,-31.25));
#1573 = VECTOR('',#1574,1.);
#1574 = DIRECTION('',(-1.,-0.));
#1575 = ( GEOMETRIC_REPRESENTATION_CONTEXT(2) 
PARAMETRIC_REPRESENTATION_CONTEXT() REPRESENTATION_CONTEXT('2D SPACE',''
  ) );
#1576 = PCURVE('',#1577,#1582);
#1577 = PLANE('',#1578);
#1578 = AXIS2_PLACEMENT_3D('',#1579,#1580,#1581);
#1579 = CARTESIAN_POINT('',(55.95,31.25,3.39));
#1580 = DIRECTION('',(-0.,1.,0.));
#1581 = DIRECTION('',(0.,0.,1.));
#1582 = DEFINITIONAL_REPRESENTATION('',(#1583),#1586);
#1583 = B_SPLINE_CURVE_WITH_KNOTS('',1,(#1584,#1585),.UNSPECIFIED.,.F.,
  .F.,(2,2),(-5.255,-1.755),.PIECEWISE_BEZIER_KNOTS.);
#1584 = CARTESIAN_POINT('',(3.51,20.05));
#1585 = CARTESIAN_POINT('',(1.E-02,20.05));
#1586 = ( GEOMETRIC_REPRESENTATION_CONTEXT(2) 
PARAMETRIC_REPRESENTATION_CONTEXT() REPRESENTATION_CONTEXT('2D SPACE',''
  ) );
#1587 = ORIENTED_EDGE('',*,*,#1588,.F.);
#1588 = EDGE_CURVE('',#1589,#1562,#1591,.T.);
#1589 = VERTEX_POINT('',#1590);
#1590 = CARTESIAN_POINT('',(76.,30.45,6.9));
#1591 = SURFACE_CURVE('',#1592,(#1596,#1603),.PCURVE_S1.);
#1592 = LINE('',#1593,#1594);
#1593 = CARTESIAN_POINT('',(76.,4.475,6.9));
#1594 = VECTOR('',#1595,1.);
#1595 = DIRECTION('',(-0.,1.,0.));
#1596 = PCURVE('',#43,#1597);
#1597 = DEFINITIONAL_REPRESENTATION('',(#1598),#1602);
#1598 = LINE('',#1599,#1600);
#1599 = CARTESIAN_POINT('',(7.,-4.475));
#1600 = VECTOR('',#1601,1.);
#1601 = DIRECTION('',(0.,-1.));
#1602 = ( GEOMETRIC_REPRESENTATION_CONTEXT(2) 
PARAMETRIC_REPRESENTATION_CONTEXT() REPRESENTATION_CONTEXT('2D SPACE',''
  ) );
#1603 = PCURVE('',#1604,#1609);
#1604 = PLANE('',#1605);
#1605 = AXIS2_PLACEMENT_3D('',#1606,#1607,#1608);
#1606 = CARTESIAN_POINT('',(33.95,8.95,6.9));
#1607 = DIRECTION('',(0.,0.,1.));
#1608 = DIRECTION('',(1.,0.,-0.));
#1609 = DEFINITIONAL_REPRESENTATION('',(#1610),#1613);
#1610 = B_SPLINE_CURVE_WITH_KNOTS('',1,(#1611,#1612),.UNSPECIFIED.,.F.,
  .F.,(2,2),(4.475,26.775),.PIECEWISE_BEZIER_KNOTS.);
#1611 = CARTESIAN_POINT('',(42.05,0.));
#1612 = CARTESIAN_POINT('',(42.05,22.3));
#1613 = ( GEOMETRIC_REPRESENTATION_CONTEXT(2) 
PARAMETRIC_REPRESENTATION_CONTEXT() REPRESENTATION_CONTEXT('2D SPACE',''
  ) );
#1614 = ORIENTED_EDGE('',*,*,#1615,.T.);
#1615 = EDGE_CURVE('',#1589,#1616,#1618,.T.);
#1616 = VERTEX_POINT('',#1617);
#1617 = CARTESIAN_POINT('',(76.,30.45,3.4));
#1618 = SURFACE_CURVE('',#1619,(#1623,#1630),.PCURVE_S1.);
#1619 = LINE('',#1620,#1621);
#1620 = CARTESIAN_POINT('',(76.,30.45,1.64));
#1621 = VECTOR('',#1622,1.);
#1622 = DIRECTION('',(-0.,0.,-1.));
#1623 = PCURVE('',#43,#1624);
#1624 = DEFINITIONAL_REPRESENTATION('',(#1625),#1629);
#1625 = LINE('',#1626,#1627);
#1626 = CARTESIAN_POINT('',(1.74,-30.45));
#1627 = VECTOR('',#1628,1.);
#1628 = DIRECTION('',(-1.,-0.));
#1629 = ( GEOMETRIC_REPRESENTATION_CONTEXT(2) 
PARAMETRIC_REPRESENTATION_CONTEXT() REPRESENTATION_CONTEXT('2D SPACE',''
  ) );
#1630 = PCURVE('',#1631,#1636);
#1631 = PLANE('',#1632);
#1632 = AXIS2_PLACEMENT_3D('',#1633,#1634,#1635);
#1633 = CARTESIAN_POINT('',(56.75,30.45,3.38));
#1634 = DIRECTION('',(-0.,1.,0.));
#1635 = DIRECTION('',(0.,0.,1.));
#1636 = DEFINITIONAL_REPRESENTATION('',(#1637),#1640);
#1637 = B_SPLINE_CURVE_WITH_KNOTS('',1,(#1638,#1639),.UNSPECIFIED.,.F.,
  .F.,(2,2),(-5.26,-1.76),.PIECEWISE_BEZIER_KNOTS.);
#1638 = CARTESIAN_POINT('',(3.52,19.25));
#1639 = CARTESIAN_POINT('',(2.E-02,19.25));
#1640 = ( GEOMETRIC_REPRESENTATION_CONTEXT(2) 
PARAMETRIC_REPRESENTATION_CONTEXT() REPRESENTATION_CONTEXT('2D SPACE',''
  ) );
#1641 = ORIENTED_EDGE('',*,*,#1642,.F.);
#1642 = EDGE_CURVE('',#1643,#1616,#1645,.T.);
#1643 = VERTEX_POINT('',#1644);
#1644 = CARTESIAN_POINT('',(76.,9.75,3.4));
#1645 = SURFACE_CURVE('',#1646,(#1650,#1657),.PCURVE_S1.);
#1646 = LINE('',#1647,#1648);
#1647 = CARTESIAN_POINT('',(76.,1.2,3.4));
#1648 = VECTOR('',#1649,1.);
#1649 = DIRECTION('',(-0.,1.,0.));
#1650 = PCURVE('',#43,#1651);
#1651 = DEFINITIONAL_REPRESENTATION('',(#1652),#1656);
#1652 = LINE('',#1653,#1654);
#1653 = CARTESIAN_POINT('',(3.5,-1.2));
#1654 = VECTOR('',#1655,1.);
#1655 = DIRECTION('',(0.,-1.));
#1656 = ( GEOMETRIC_REPRESENTATION_CONTEXT(2) 
PARAMETRIC_REPRESENTATION_CONTEXT() REPRESENTATION_CONTEXT('2D SPACE',''
  ) );
#1657 = PCURVE('',#1658,#1663);
#1658 = PLANE('',#1659);
#1659 = AXIS2_PLACEMENT_3D('',#1660,#1661,#1662);
#1660 = CARTESIAN_POINT('',(11.2,2.4,3.4));
#1661 = DIRECTION('',(0.,0.,1.));
#1662 = DIRECTION('',(1.,0.,-0.));
#1663 = DEFINITIONAL_REPRESENTATION('',(#1664),#1667);
#1664 = B_SPLINE_CURVE_WITH_KNOTS('',1,(#1665,#1666),.UNSPECIFIED.,.F.,
  .F.,(2,2),(8.55,29.25),.PIECEWISE_BEZIER_KNOTS.);
#1665 = CARTESIAN_POINT('',(64.8,7.35));
#1666 = CARTESIAN_POINT('',(64.8,28.05));
#1667 = ( GEOMETRIC_REPRESENTATION_CONTEXT(2) 
PARAMETRIC_REPRESENTATION_CONTEXT() REPRESENTATION_CONTEXT('2D SPACE',''
  ) );
#1668 = ORIENTED_EDGE('',*,*,#1669,.F.);
#1669 = EDGE_CURVE('',#1670,#1643,#1672,.T.);
#1670 = VERTEX_POINT('',#1671);
#1671 = CARTESIAN_POINT('',(76.,9.75,6.9));
#1672 = SURFACE_CURVE('',#1673,(#1677,#1684),.PCURVE_S1.);
#1673 = LINE('',#1674,#1675);
#1674 = CARTESIAN_POINT('',(76.,9.75,1.64));
#1675 = VECTOR('',#1676,1.);
#1676 = DIRECTION('',(-0.,0.,-1.));
#1677 = PCURVE('',#43,#1678);
#1678 = DEFINITIONAL_REPRESENTATION('',(#1679),#1683);
#1679 = LINE('',#1680,#1681);
#1680 = CARTESIAN_POINT('',(1.74,-9.75));
#1681 = VECTOR('',#1682,1.);
#1682 = DIRECTION('',(-1.,-0.));
#1683 = ( GEOMETRIC_REPRESENTATION_CONTEXT(2) 
PARAMETRIC_REPRESENTATION_CONTEXT() REPRESENTATION_CONTEXT('2D SPACE',''
  ) );
#1684 = PCURVE('',#1685,#1690);
#1685 = PLANE('',#1686);
#1686 = AXIS2_PLACEMENT_3D('',#1687,#1688,#1689);
#1687 = CARTESIAN_POINT('',(56.75,9.75,3.38));
#1688 = DIRECTION('',(-0.,1.,0.));
#1689 = DIRECTION('',(0.,0.,1.));
#1690 = DEFINITIONAL_REPRESENTATION('',(#1691),#1694);
#1691 = B_SPLINE_CURVE_WITH_KNOTS('',1,(#1692,#1693),.UNSPECIFIED.,.F.,
  .F.,(2,2),(-5.26,-1.76),.PIECEWISE_BEZIER_KNOTS.);
#1692 = CARTESIAN_POINT('',(3.52,19.25));
#1693 = CARTESIAN_POINT('',(2.E-02,19.25));
#1694 = ( GEOMETRIC_REPRESENTATION_CONTEXT(2) 
PARAMETRIC_REPRESENTATION_CONTEXT() REPRESENTATION_CONTEXT('2D SPACE',''
  ) );
#1695 = ORIENTED_EDGE('',*,*,#1696,.F.);
#1696 = EDGE_CURVE('',#1697,#1670,#1699,.T.);
#1697 = VERTEX_POINT('',#1698);
#1698 = CARTESIAN_POINT('',(76.,8.95,6.9));
#1699 = SURFACE_CURVE('',#1700,(#1704,#1711),.PCURVE_S1.);
#1700 = LINE('',#1701,#1702);
#1701 = CARTESIAN_POINT('',(76.,4.475,6.9));
#1702 = VECTOR('',#1703,1.);
#1703 = DIRECTION('',(-0.,1.,0.));
#1704 = PCURVE('',#43,#1705);
#1705 = DEFINITIONAL_REPRESENTATION('',(#1706),#1710);
#1706 = LINE('',#1707,#1708);
#1707 = CARTESIAN_POINT('',(7.,-4.475));
#1708 = VECTOR('',#1709,1.);
#1709 = DIRECTION('',(0.,-1.));
#1710 = ( GEOMETRIC_REPRESENTATION_CONTEXT(2) 
PARAMETRIC_REPRESENTATION_CONTEXT() REPRESENTATION_CONTEXT('2D SPACE',''
  ) );
#1711 = PCURVE('',#1604,#1712);
#1712 = DEFINITIONAL_REPRESENTATION('',(#1713),#1716);
#1713 = B_SPLINE_CURVE_WITH_KNOTS('',1,(#1714,#1715),.UNSPECIFIED.,.F.,
  .F.,(2,2),(4.475,26.775),.PIECEWISE_BEZIER_KNOTS.);
#1714 = CARTESIAN_POINT('',(42.05,0.));
#1715 = CARTESIAN_POINT('',(42.05,22.3));
#1716 = ( GEOMETRIC_REPRESENTATION_CONTEXT(2) 
PARAMETRIC_REPRESENTATION_CONTEXT() REPRESENTATION_CONTEXT('2D SPACE',''
  ) );
#1717 = ORIENTED_EDGE('',*,*,#1718,.T.);
#1718 = EDGE_CURVE('',#1697,#1719,#1721,.T.);
#1719 = VERTEX_POINT('',#1720);
#1720 = CARTESIAN_POINT('',(76.,8.95,3.4));
#1721 = SURFACE_CURVE('',#1722,(#1726,#1733),.PCURVE_S1.);
#1722 = LINE('',#1723,#1724);
#1723 = CARTESIAN_POINT('',(76.,8.95,1.645));
#1724 = VECTOR('',#1725,1.);
#1725 = DIRECTION('',(-0.,0.,-1.));
#1726 = PCURVE('',#43,#1727);
#1727 = DEFINITIONAL_REPRESENTATION('',(#1728),#1732);
#1728 = LINE('',#1729,#1730);
#1729 = CARTESIAN_POINT('',(1.745,-8.95));
#1730 = VECTOR('',#1731,1.);
#1731 = DIRECTION('',(-1.,-0.));
#1732 = ( GEOMETRIC_REPRESENTATION_CONTEXT(2) 
PARAMETRIC_REPRESENTATION_CONTEXT() REPRESENTATION_CONTEXT('2D SPACE',''
  ) );
#1733 = PCURVE('',#1734,#1739);
#1734 = PLANE('',#1735);
#1735 = AXIS2_PLACEMENT_3D('',#1736,#1737,#1738);
#1736 = CARTESIAN_POINT('',(33.95,8.95,3.39));
#1737 = DIRECTION('',(-0.,1.,0.));
#1738 = DIRECTION('',(0.,0.,1.));
#1739 = DEFINITIONAL_REPRESENTATION('',(#1740),#1743);
#1740 = B_SPLINE_CURVE_WITH_KNOTS('',1,(#1741,#1742),.UNSPECIFIED.,.F.,
  .F.,(2,2),(-5.255,-1.755),.PIECEWISE_BEZIER_KNOTS.);
#1741 = CARTESIAN_POINT('',(3.51,42.05));
#1742 = CARTESIAN_POINT('',(1.E-02,42.05));
#1743 = ( GEOMETRIC_REPRESENTATION_CONTEXT(2) 
PARAMETRIC_REPRESENTATION_CONTEXT() REPRESENTATION_CONTEXT('2D SPACE',''
  ) );
#1744 = ORIENTED_EDGE('',*,*,#1745,.F.);
#1745 = EDGE_CURVE('',#1746,#1719,#1748,.T.);
#1746 = VERTEX_POINT('',#1747);
#1747 = CARTESIAN_POINT('',(76.,2.4,3.4));
#1748 = SURFACE_CURVE('',#1749,(#1753,#1760),.PCURVE_S1.);
#1749 = LINE('',#1750,#1751);
#1750 = CARTESIAN_POINT('',(76.,1.2,3.4));
#1751 = VECTOR('',#1752,1.);
#1752 = DIRECTION('',(-0.,1.,0.));
#1753 = PCURVE('',#43,#1754);
#1754 = DEFINITIONAL_REPRESENTATION('',(#1755),#1759);
#1755 = LINE('',#1756,#1757);
#1756 = CARTESIAN_POINT('',(3.5,-1.2));
#1757 = VECTOR('',#1758,1.);
#1758 = DIRECTION('',(0.,-1.));
#1759 = ( GEOMETRIC_REPRESENTATION_CONTEXT(2) 
PARAMETRIC_REPRESENTATION_CONTEXT() REPRESENTATION_CONTEXT('2D SPACE',''
  ) );
#1760 = PCURVE('',#314,#1761);
#1761 = DEFINITIONAL_REPRESENTATION('',(#1762),#1765);
#1762 = B_SPLINE_CURVE_WITH_KNOTS('',1,(#1763,#1764),.UNSPECIFIED.,.F.,
  .F.,(2,2),(-1.2,191.8),.PIECEWISE_BEZIER_KNOTS.);
#1763 = CARTESIAN_POINT('',(64.8,-2.4));
#1764 = CARTESIAN_POINT('',(64.8,190.6));
#1765 = ( GEOMETRIC_REPRESENTATION_CONTEXT(2) 
PARAMETRIC_REPRESENTATION_CONTEXT() REPRESENTATION_CONTEXT('2D SPACE',''
  ) );
#1766 = ORIENTED_EDGE('',*,*,#1767,.F.);
#1767 = EDGE_CURVE('',#1768,#1746,#1770,.T.);
#1768 = VERTEX_POINT('',#1769);
#1769 = CARTESIAN_POINT('',(76.,2.4,15.));
#1770 = SURFACE_CURVE('',#1771,(#1775,#1782),.PCURVE_S1.);
#1771 = LINE('',#1772,#1773);
#1772 = CARTESIAN_POINT('',(76.,2.4,5.7));
#1773 = VECTOR('',#1774,1.);
#1774 = DIRECTION('',(-0.,0.,-1.));
#1775 = PCURVE('',#43,#1776);
#1776 = DEFINITIONAL_REPRESENTATION('',(#1777),#1781);
#1777 = LINE('',#1778,#1779);
#1778 = CARTESIAN_POINT('',(5.8,-2.4));
#1779 = VECTOR('',#1780,1.);
#1780 = DIRECTION('',(-1.,-0.));
#1781 = ( GEOMETRIC_REPRESENTATION_CONTEXT(2) 
PARAMETRIC_REPRESENTATION_CONTEXT() REPRESENTATION_CONTEXT('2D SPACE',''
  ) );
#1782 = PCURVE('',#1783,#1788);
#1783 = PLANE('',#1784);
#1784 = AXIS2_PLACEMENT_3D('',#1785,#1786,#1787);
#1785 = CARTESIAN_POINT('',(-1.,2.4,11.5));
#1786 = DIRECTION('',(-0.,1.,0.));
#1787 = DIRECTION('',(0.,0.,1.));
#1788 = DEFINITIONAL_REPRESENTATION('',(#1789),#1792);
#1789 = B_SPLINE_CURVE_WITH_KNOTS('',1,(#1790,#1791),.UNSPECIFIED.,.F.,
  .F.,(2,2),(-11.3,3.5),.PIECEWISE_BEZIER_KNOTS.);
#1790 = CARTESIAN_POINT('',(5.5,77.));
#1791 = CARTESIAN_POINT('',(-9.3,77.));
#1792 = ( GEOMETRIC_REPRESENTATION_CONTEXT(2) 
PARAMETRIC_REPRESENTATION_CONTEXT() REPRESENTATION_CONTEXT('2D SPACE',''
  ) );
#1793 = ORIENTED_EDGE('',*,*,#1794,.T.);
#1794 = EDGE_CURVE('',#1768,#1795,#1797,.T.);
#1795 = VERTEX_POINT('',#1796);
#1796 = CARTESIAN_POINT('',(76.,4.4,17.));
#1797 = SURFACE_CURVE('',#1798,(#1802,#1809),.PCURVE_S1.);
#1798 = LINE('',#1799,#1800);
#1799 = CARTESIAN_POINT('',(76.,-1.975,10.625));
#1800 = VECTOR('',#1801,1.);
#1801 = DIRECTION('',(0.,0.707106781187,0.707106781187));
#1802 = PCURVE('',#43,#1803);
#1803 = DEFINITIONAL_REPRESENTATION('',(#1804),#1808);
#1804 = LINE('',#1805,#1806);
#1805 = CARTESIAN_POINT('',(10.725,1.975));
#1806 = VECTOR('',#1807,1.);
#1807 = DIRECTION('',(0.707106781187,-0.707106781187));
#1808 = ( GEOMETRIC_REPRESENTATION_CONTEXT(2) 
PARAMETRIC_REPRESENTATION_CONTEXT() REPRESENTATION_CONTEXT('2D SPACE',''
  ) );
#1809 = PCURVE('',#1810,#1815);
#1810 = PLANE('',#1811);
#1811 = AXIS2_PLACEMENT_3D('',#1812,#1813,#1814);
#1812 = CARTESIAN_POINT('',(57.,2.4,15.));
#1813 = DIRECTION('',(0.,-0.707106781187,0.707106781187));
#1814 = DIRECTION('',(0.,0.707106781187,0.707106781187));
#1815 = DEFINITIONAL_REPRESENTATION('',(#1816),#1819);
#1816 = B_SPLINE_CURVE_WITH_KNOTS('',1,(#1817,#1818),.UNSPECIFIED.,.F.,
  .F.,(2,2),(6.187184335382,9.015611460128),.PIECEWISE_BEZIER_KNOTS.);
#1817 = CARTESIAN_POINT('',(0.,-19.));
#1818 = CARTESIAN_POINT('',(2.828427124746,-19.));
#1819 = ( GEOMETRIC_REPRESENTATION_CONTEXT(2) 
PARAMETRIC_REPRESENTATION_CONTEXT() REPRESENTATION_CONTEXT('2D SPACE',''
  ) );
#1820 = ORIENTED_EDGE('',*,*,#1821,.F.);
#1821 = EDGE_CURVE('',#1822,#1795,#1824,.T.);
#1822 = VERTEX_POINT('',#1823);
#1823 = CARTESIAN_POINT('',(76.,0.8,17.));
#1824 = SURFACE_CURVE('',#1825,(#1829,#1836),.PCURVE_S1.);
#1825 = LINE('',#1826,#1827);
#1826 = CARTESIAN_POINT('',(76.,0.,17.));
#1827 = VECTOR('',#1828,1.);
#1828 = DIRECTION('',(-0.,1.,0.));
#1829 = PCURVE('',#43,#1830);
#1830 = DEFINITIONAL_REPRESENTATION('',(#1831),#1835);
#1831 = LINE('',#1832,#1833);
#1832 = CARTESIAN_POINT('',(17.1,0.));
#1833 = VECTOR('',#1834,1.);
#1834 = DIRECTION('',(0.,-1.));
#1835 = ( GEOMETRIC_REPRESENTATION_CONTEXT(2) 
PARAMETRIC_REPRESENTATION_CONTEXT() REPRESENTATION_CONTEXT('2D SPACE',''
  ) );
#1836 = PCURVE('',#1837,#1842);
#1837 = PLANE('',#1838);
#1838 = AXIS2_PLACEMENT_3D('',#1839,#1840,#1841);
#1839 = CARTESIAN_POINT('',(0.,0.,17.));
#1840 = DIRECTION('',(0.,0.,1.));
#1841 = DIRECTION('',(1.,0.,-0.));
#1842 = DEFINITIONAL_REPRESENTATION('',(#1843),#1846);
#1843 = B_SPLINE_CURVE_WITH_KNOTS('',1,(#1844,#1845),.UNSPECIFIED.,.F.,
  .F.,(2,2),(0.8,4.4),.PIECEWISE_BEZIER_KNOTS.);
#1844 = CARTESIAN_POINT('',(76.,0.8));
#1845 = CARTESIAN_POINT('',(76.,4.4));
#1846 = ( GEOMETRIC_REPRESENTATION_CONTEXT(2) 
PARAMETRIC_REPRESENTATION_CONTEXT() REPRESENTATION_CONTEXT('2D SPACE',''
  ) );
#1847 = ORIENTED_EDGE('',*,*,#1848,.F.);
#1848 = EDGE_CURVE('',#143,#1822,#1849,.T.);
#1849 = SURFACE_CURVE('',#1850,(#1855,#1866),.PCURVE_S1.);
#1850 = CIRCLE('',#1851,0.8);
#1851 = AXIS2_PLACEMENT_3D('',#1852,#1853,#1854);
#1852 = CARTESIAN_POINT('',(76.,0.8,16.2));
#1853 = DIRECTION('',(-1.,-0.,0.));
#1854 = DIRECTION('',(0.,0.,1.));
#1855 = PCURVE('',#43,#1856);
#1856 = DEFINITIONAL_REPRESENTATION('',(#1857),#1865);
#1857 = ( BOUNDED_CURVE() B_SPLINE_CURVE(2,(#1858,#1859,#1860,#1861,
#1862,#1863,#1864),.UNSPECIFIED.,.T.,.F.) B_SPLINE_CURVE_WITH_KNOTS((1,2
    ,2,2,2,1),(-2.094395102393,0.,2.094395102393,4.188790204786,
6.28318530718,8.377580409573),.UNSPECIFIED.) CURVE() 
GEOMETRIC_REPRESENTATION_ITEM() RATIONAL_B_SPLINE_CURVE((1.,0.5,1.,0.5,
1.,0.5,1.)) REPRESENTATION_ITEM('') );
#1858 = CARTESIAN_POINT('',(17.1,-0.8));
#1859 = CARTESIAN_POINT('',(17.1,-2.185640646055));
#1860 = CARTESIAN_POINT('',(15.9,-1.492820323028));
#1861 = CARTESIAN_POINT('',(14.7,-0.8));
#1862 = CARTESIAN_POINT('',(15.9,-0.107179676972));
#1863 = CARTESIAN_POINT('',(17.1,0.585640646055));
#1864 = CARTESIAN_POINT('',(17.1,-0.8));
#1865 = ( GEOMETRIC_REPRESENTATION_CONTEXT(2) 
PARAMETRIC_REPRESENTATION_CONTEXT() REPRESENTATION_CONTEXT('2D SPACE',''
  ) );
#1866 = PCURVE('',#1867,#1872);
#1867 = CYLINDRICAL_SURFACE('',#1868,0.8);
#1868 = AXIS2_PLACEMENT_3D('',#1869,#1870,#1871);
#1869 = CARTESIAN_POINT('',(94.8,0.8,16.2));
#1870 = DIRECTION('',(-1.,-0.,0.));
#1871 = DIRECTION('',(0.,0.,1.));
#1872 = DEFINITIONAL_REPRESENTATION('',(#1873),#1877);
#1873 = LINE('',#1874,#1875);
#1874 = CARTESIAN_POINT('',(0.,18.8));
#1875 = VECTOR('',#1876,1.);
#1876 = DIRECTION('',(1.,0.));
#1877 = ( GEOMETRIC_REPRESENTATION_CONTEXT(2) 
PARAMETRIC_REPRESENTATION_CONTEXT() REPRESENTATION_CONTEXT('2D SPACE',''
  ) );
#1878 = ADVANCED_FACE('',(#1879),#125,.T.);
#1879 = FACE_BOUND('',#1880,.T.);
#1880 = EDGE_LOOP('',(#1881,#1904,#1905,#1906,#1929,#1957));
#1881 = ORIENTED_EDGE('',*,*,#1882,.F.);
#1882 = EDGE_CURVE('',#227,#1883,#1885,.T.);
#1883 = VERTEX_POINT('',#1884);
#1884 = CARTESIAN_POINT('',(78.314467412224,199.2,17.));
#1885 = SURFACE_CURVE('',#1886,(#1890,#1897),.PCURVE_S1.);
#1886 = LINE('',#1887,#1888);
#1887 = CARTESIAN_POINT('',(3.,199.2,17.));
#1888 = VECTOR('',#1889,1.);
#1889 = DIRECTION('',(1.,0.,-0.));
#1890 = PCURVE('',#125,#1891);
#1891 = DEFINITIONAL_REPRESENTATION('',(#1892),#1896);
#1892 = LINE('',#1893,#1894);
#1893 = CARTESIAN_POINT('',(3.,199.2));
#1894 = VECTOR('',#1895,1.);
#1895 = DIRECTION('',(1.,0.));
#1896 = ( GEOMETRIC_REPRESENTATION_CONTEXT(2) 
PARAMETRIC_REPRESENTATION_CONTEXT() REPRESENTATION_CONTEXT('2D SPACE',''
  ) );
#1897 = PCURVE('',#243,#1898);
#1898 = DEFINITIONAL_REPRESENTATION('',(#1899),#1903);
#1899 = LINE('',#1900,#1901);
#1900 = CARTESIAN_POINT('',(6.28318530718,0.));
#1901 = VECTOR('',#1902,1.);
#1902 = DIRECTION('',(-0.,1.));
#1903 = ( GEOMETRIC_REPRESENTATION_CONTEXT(2) 
PARAMETRIC_REPRESENTATION_CONTEXT() REPRESENTATION_CONTEXT('2D SPACE',''
  ) );
#1904 = ORIENTED_EDGE('',*,*,#255,.F.);
#1905 = ORIENTED_EDGE('',*,*,#111,.T.);
#1906 = ORIENTED_EDGE('',*,*,#1907,.T.);
#1907 = EDGE_CURVE('',#84,#1908,#1910,.T.);
#1908 = VERTEX_POINT('',#1909);
#1909 = CARTESIAN_POINT('',(90.,193.45,17.));
#1910 = SURFACE_CURVE('',#1911,(#1915,#1922),.PCURVE_S1.);
#1911 = LINE('',#1912,#1913);
#1912 = CARTESIAN_POINT('',(90.,191.,17.));
#1913 = VECTOR('',#1914,1.);
#1914 = DIRECTION('',(0.,1.,0.));
#1915 = PCURVE('',#125,#1916);
#1916 = DEFINITIONAL_REPRESENTATION('',(#1917),#1921);
#1917 = LINE('',#1918,#1919);
#1918 = CARTESIAN_POINT('',(90.,191.));
#1919 = VECTOR('',#1920,1.);
#1920 = DIRECTION('',(0.,1.));
#1921 = ( GEOMETRIC_REPRESENTATION_CONTEXT(2) 
PARAMETRIC_REPRESENTATION_CONTEXT() REPRESENTATION_CONTEXT('2D SPACE',''
  ) );
#1922 = PCURVE('',#99,#1923);
#1923 = DEFINITIONAL_REPRESENTATION('',(#1924),#1928);
#1924 = LINE('',#1925,#1926);
#1925 = CARTESIAN_POINT('',(17.,-0.2));
#1926 = VECTOR('',#1927,1.);
#1927 = DIRECTION('',(0.,-1.));
#1928 = ( GEOMETRIC_REPRESENTATION_CONTEXT(2) 
PARAMETRIC_REPRESENTATION_CONTEXT() REPRESENTATION_CONTEXT('2D SPACE',''
  ) );
#1929 = ORIENTED_EDGE('',*,*,#1930,.T.);
#1930 = EDGE_CURVE('',#1908,#1931,#1933,.T.);
#1931 = VERTEX_POINT('',#1932);
#1932 = CARTESIAN_POINT('',(78.314467412224,193.45,17.));
#1933 = SURFACE_CURVE('',#1934,(#1938,#1945),.PCURVE_S1.);
#1934 = LINE('',#1935,#1936);
#1935 = CARTESIAN_POINT('',(49.,193.45,17.));
#1936 = VECTOR('',#1937,1.);
#1937 = DIRECTION('',(-1.,0.,0.));
#1938 = PCURVE('',#125,#1939);
#1939 = DEFINITIONAL_REPRESENTATION('',(#1940),#1944);
#1940 = LINE('',#1941,#1942);
#1941 = CARTESIAN_POINT('',(49.,193.45));
#1942 = VECTOR('',#1943,1.);
#1943 = DIRECTION('',(-1.,0.));
#1944 = ( GEOMETRIC_REPRESENTATION_CONTEXT(2) 
PARAMETRIC_REPRESENTATION_CONTEXT() REPRESENTATION_CONTEXT('2D SPACE',''
  ) );
#1945 = PCURVE('',#1946,#1951);
#1946 = PLANE('',#1947);
#1947 = AXIS2_PLACEMENT_3D('',#1948,#1949,#1950);
#1948 = CARTESIAN_POINT('',(98.,193.45,17.5));
#1949 = DIRECTION('',(0.,1.,0.));
#1950 = DIRECTION('',(0.,-0.,1.));
#1951 = DEFINITIONAL_REPRESENTATION('',(#1952),#1956);
#1952 = LINE('',#1953,#1954);
#1953 = CARTESIAN_POINT('',(-0.5,-49.));
#1954 = VECTOR('',#1955,1.);
#1955 = DIRECTION('',(0.,-1.));
#1956 = ( GEOMETRIC_REPRESENTATION_CONTEXT(2) 
PARAMETRIC_REPRESENTATION_CONTEXT() REPRESENTATION_CONTEXT('2D SPACE',''
  ) );
#1957 = ORIENTED_EDGE('',*,*,#1958,.T.);
#1958 = EDGE_CURVE('',#1931,#1883,#1959,.T.);
#1959 = SURFACE_CURVE('',#1960,(#1964,#1971),.PCURVE_S1.);
#1960 = LINE('',#1961,#1962);
#1961 = CARTESIAN_POINT('',(78.314467412224,193.45,17.));
#1962 = VECTOR('',#1963,1.);
#1963 = DIRECTION('',(0.,1.,0.));
#1964 = PCURVE('',#125,#1965);
#1965 = DEFINITIONAL_REPRESENTATION('',(#1966),#1970);
#1966 = LINE('',#1967,#1968);
#1967 = CARTESIAN_POINT('',(78.314467412224,193.45));
#1968 = VECTOR('',#1969,1.);
#1969 = DIRECTION('',(0.,1.));
#1970 = ( GEOMETRIC_REPRESENTATION_CONTEXT(2) 
PARAMETRIC_REPRESENTATION_CONTEXT() REPRESENTATION_CONTEXT('2D SPACE',''
  ) );
#1971 = PCURVE('',#1972,#1977);
#1972 = CYLINDRICAL_SURFACE('',#1973,19.691881404894);
#1973 = AXIS2_PLACEMENT_3D('',#1974,#1975,#1976);
#1974 = CARTESIAN_POINT('',(98.,193.45,17.5));
#1975 = DIRECTION('',(0.,1.,0.));
#1976 = DIRECTION('',(0.,-0.,1.));
#1977 = DEFINITIONAL_REPRESENTATION('',(#1978),#1982);
#1978 = LINE('',#1979,#1980);
#1979 = CARTESIAN_POINT('',(4.686995076608,0.));
#1980 = VECTOR('',#1981,1.);
#1981 = DIRECTION('',(0.,1.));
#1982 = ( GEOMETRIC_REPRESENTATION_CONTEXT(2) 
PARAMETRIC_REPRESENTATION_CONTEXT() REPRESENTATION_CONTEXT('2D SPACE',''
  ) );
#1983 = ADVANCED_FACE('',(#1984),#99,.F.);
#1984 = FACE_BOUND('',#1985,.F.);
#1985 = EDGE_LOOP('',(#1986,#2016,#2044,#2072,#2093,#2094,#2095));
#1986 = ORIENTED_EDGE('',*,*,#1987,.F.);
#1987 = EDGE_CURVE('',#1988,#1990,#1992,.T.);
#1988 = VERTEX_POINT('',#1989);
#1989 = CARTESIAN_POINT('',(90.,190.7,17.5));
#1990 = VERTEX_POINT('',#1991);
#1991 = CARTESIAN_POINT('',(90.,193.45,17.5));
#1992 = SURFACE_CURVE('',#1993,(#1997,#2004),.PCURVE_S1.);
#1993 = LINE('',#1994,#1995);
#1994 = CARTESIAN_POINT('',(90.,190.7,17.5));
#1995 = VECTOR('',#1996,1.);
#1996 = DIRECTION('',(0.,1.,0.));
#1997 = PCURVE('',#99,#1998);
#1998 = DEFINITIONAL_REPRESENTATION('',(#1999),#2003);
#1999 = LINE('',#2000,#2001);
#2000 = CARTESIAN_POINT('',(17.5,0.1));
#2001 = VECTOR('',#2002,1.);
#2002 = DIRECTION('',(0.,-1.));
#2003 = ( GEOMETRIC_REPRESENTATION_CONTEXT(2) 
PARAMETRIC_REPRESENTATION_CONTEXT() REPRESENTATION_CONTEXT('2D SPACE',''
  ) );
#2004 = PCURVE('',#2005,#2010);
#2005 = PLANE('',#2006);
#2006 = AXIS2_PLACEMENT_3D('',#2007,#2008,#2009);
#2007 = CARTESIAN_POINT('',(90.,190.8,17.5));
#2008 = DIRECTION('',(0.,0.,1.));
#2009 = DIRECTION('',(1.,0.,-0.));
#2010 = DEFINITIONAL_REPRESENTATION('',(#2011),#2015);
#2011 = LINE('',#2012,#2013);
#2012 = CARTESIAN_POINT('',(0.,-0.1));
#2013 = VECTOR('',#2014,1.);
#2014 = DIRECTION('',(0.,1.));
#2015 = ( GEOMETRIC_REPRESENTATION_CONTEXT(2) 
PARAMETRIC_REPRESENTATION_CONTEXT() REPRESENTATION_CONTEXT('2D SPACE',''
  ) );
#2016 = ORIENTED_EDGE('',*,*,#2017,.F.);
#2017 = EDGE_CURVE('',#2018,#1988,#2020,.T.);
#2018 = VERTEX_POINT('',#2019);
#2019 = CARTESIAN_POINT('',(90.,190.7,11.5));
#2020 = SURFACE_CURVE('',#2021,(#2025,#2032),.PCURVE_S1.);
#2021 = LINE('',#2022,#2023);
#2022 = CARTESIAN_POINT('',(90.,190.7,0.));
#2023 = VECTOR('',#2024,1.);
#2024 = DIRECTION('',(0.,0.,1.));
#2025 = PCURVE('',#99,#2026);
#2026 = DEFINITIONAL_REPRESENTATION('',(#2027),#2031);
#2027 = LINE('',#2028,#2029);
#2028 = CARTESIAN_POINT('',(0.,0.1));
#2029 = VECTOR('',#2030,1.);
#2030 = DIRECTION('',(1.,0.));
#2031 = ( GEOMETRIC_REPRESENTATION_CONTEXT(2) 
PARAMETRIC_REPRESENTATION_CONTEXT() REPRESENTATION_CONTEXT('2D SPACE',''
  ) );
#2032 = PCURVE('',#2033,#2038);
#2033 = PLANE('',#2034);
#2034 = AXIS2_PLACEMENT_3D('',#2035,#2036,#2037);
#2035 = CARTESIAN_POINT('',(90.,190.7,0.));
#2036 = DIRECTION('',(-0.,1.,0.));
#2037 = DIRECTION('',(0.,0.,1.));
#2038 = DEFINITIONAL_REPRESENTATION('',(#2039),#2043);
#2039 = LINE('',#2040,#2041);
#2040 = CARTESIAN_POINT('',(0.,0.));
#2041 = VECTOR('',#2042,1.);
#2042 = DIRECTION('',(1.,0.));
#2043 = ( GEOMETRIC_REPRESENTATION_CONTEXT(2) 
PARAMETRIC_REPRESENTATION_CONTEXT() REPRESENTATION_CONTEXT('2D SPACE',''
  ) );
#2044 = ORIENTED_EDGE('',*,*,#2045,.F.);
#2045 = EDGE_CURVE('',#2046,#2018,#2048,.T.);
#2046 = VERTEX_POINT('',#2047);
#2047 = CARTESIAN_POINT('',(90.,193.,11.5));
#2048 = SURFACE_CURVE('',#2049,(#2053,#2060),.PCURVE_S1.);
#2049 = LINE('',#2050,#2051);
#2050 = CARTESIAN_POINT('',(90.,193.,11.5));
#2051 = VECTOR('',#2052,1.);
#2052 = DIRECTION('',(0.,-1.,0.));
#2053 = PCURVE('',#99,#2054);
#2054 = DEFINITIONAL_REPRESENTATION('',(#2055),#2059);
#2055 = LINE('',#2056,#2057);
#2056 = CARTESIAN_POINT('',(11.5,-2.2));
#2057 = VECTOR('',#2058,1.);
#2058 = DIRECTION('',(0.,1.));
#2059 = ( GEOMETRIC_REPRESENTATION_CONTEXT(2) 
PARAMETRIC_REPRESENTATION_CONTEXT() REPRESENTATION_CONTEXT('2D SPACE',''
  ) );
#2060 = PCURVE('',#2061,#2066);
#2061 = PLANE('',#2062);
#2062 = AXIS2_PLACEMENT_3D('',#2063,#2064,#2065);
#2063 = CARTESIAN_POINT('',(-1.,-1.,11.5));
#2064 = DIRECTION('',(0.,0.,1.));
#2065 = DIRECTION('',(1.,0.,-0.));
#2066 = DEFINITIONAL_REPRESENTATION('',(#2067),#2071);
#2067 = LINE('',#2068,#2069);
#2068 = CARTESIAN_POINT('',(91.,194.));
#2069 = VECTOR('',#2070,1.);
#2070 = DIRECTION('',(0.,-1.));
#2071 = ( GEOMETRIC_REPRESENTATION_CONTEXT(2) 
PARAMETRIC_REPRESENTATION_CONTEXT() REPRESENTATION_CONTEXT('2D SPACE',''
  ) );
#2072 = ORIENTED_EDGE('',*,*,#2073,.F.);
#2073 = EDGE_CURVE('',#56,#2046,#2074,.T.);
#2074 = SURFACE_CURVE('',#2075,(#2079,#2086),.PCURVE_S1.);
#2075 = LINE('',#2076,#2077);
#2076 = CARTESIAN_POINT('',(90.,193.,5.75));
#2077 = VECTOR('',#2078,1.);
#2078 = DIRECTION('',(-0.,0.,-1.));
#2079 = PCURVE('',#99,#2080);
#2080 = DEFINITIONAL_REPRESENTATION('',(#2081),#2085);
#2081 = LINE('',#2082,#2083);
#2082 = CARTESIAN_POINT('',(5.75,-2.2));
#2083 = VECTOR('',#2084,1.);
#2084 = DIRECTION('',(-1.,-0.));
#2085 = ( GEOMETRIC_REPRESENTATION_CONTEXT(2) 
PARAMETRIC_REPRESENTATION_CONTEXT() REPRESENTATION_CONTEXT('2D SPACE',''
  ) );
#2086 = PCURVE('',#71,#2087);
#2087 = DEFINITIONAL_REPRESENTATION('',(#2088),#2092);
#2088 = LINE('',#2089,#2090);
#2089 = CARTESIAN_POINT('',(-5.75,91.));
#2090 = VECTOR('',#2091,1.);
#2091 = DIRECTION('',(-1.,0.));
#2092 = ( GEOMETRIC_REPRESENTATION_CONTEXT(2) 
PARAMETRIC_REPRESENTATION_CONTEXT() REPRESENTATION_CONTEXT('2D SPACE',''
  ) );
#2093 = ORIENTED_EDGE('',*,*,#83,.T.);
#2094 = ORIENTED_EDGE('',*,*,#1907,.T.);
#2095 = ORIENTED_EDGE('',*,*,#2096,.T.);
#2096 = EDGE_CURVE('',#1908,#1990,#2097,.T.);
#2097 = SURFACE_CURVE('',#2098,(#2102,#2109),.PCURVE_S1.);
#2098 = LINE('',#2099,#2100);
#2099 = CARTESIAN_POINT('',(90.,193.45,8.75));
#2100 = VECTOR('',#2101,1.);
#2101 = DIRECTION('',(0.,-0.,1.));
#2102 = PCURVE('',#99,#2103);
#2103 = DEFINITIONAL_REPRESENTATION('',(#2104),#2108);
#2104 = LINE('',#2105,#2106);
#2105 = CARTESIAN_POINT('',(8.75,-2.65));
#2106 = VECTOR('',#2107,1.);
#2107 = DIRECTION('',(1.,0.));
#2108 = ( GEOMETRIC_REPRESENTATION_CONTEXT(2) 
PARAMETRIC_REPRESENTATION_CONTEXT() REPRESENTATION_CONTEXT('2D SPACE',''
  ) );
#2109 = PCURVE('',#1946,#2110);
#2110 = DEFINITIONAL_REPRESENTATION('',(#2111),#2115);
#2111 = LINE('',#2112,#2113);
#2112 = CARTESIAN_POINT('',(-8.75,-8.));
#2113 = VECTOR('',#2114,1.);
#2114 = DIRECTION('',(1.,0.));
#2115 = ( GEOMETRIC_REPRESENTATION_CONTEXT(2) 
PARAMETRIC_REPRESENTATION_CONTEXT() REPRESENTATION_CONTEXT('2D SPACE',''
  ) );
#2116 = ADVANCED_FACE('',(#2117),#71,.F.);
#2117 = FACE_BOUND('',#2118,.F.);
#2118 = EDGE_LOOP('',(#2119,#2120,#2121,#2122,#2145,#2173));
#2119 = ORIENTED_EDGE('',*,*,#276,.F.);
#2120 = ORIENTED_EDGE('',*,*,#55,.T.);
#2121 = ORIENTED_EDGE('',*,*,#2073,.T.);
#2122 = ORIENTED_EDGE('',*,*,#2123,.F.);
#2123 = EDGE_CURVE('',#2124,#2046,#2126,.T.);
#2124 = VERTEX_POINT('',#2125);
#2125 = CARTESIAN_POINT('',(89.5,193.,11.5));
#2126 = SURFACE_CURVE('',#2127,(#2131,#2138),.PCURVE_S1.);
#2127 = LINE('',#2128,#2129);
#2128 = CARTESIAN_POINT('',(-1.,193.,11.5));
#2129 = VECTOR('',#2130,1.);
#2130 = DIRECTION('',(1.,0.,-0.));
#2131 = PCURVE('',#71,#2132);
#2132 = DEFINITIONAL_REPRESENTATION('',(#2133),#2137);
#2133 = LINE('',#2134,#2135);
#2134 = CARTESIAN_POINT('',(0.,0.));
#2135 = VECTOR('',#2136,1.);
#2136 = DIRECTION('',(0.,1.));
#2137 = ( GEOMETRIC_REPRESENTATION_CONTEXT(2) 
PARAMETRIC_REPRESENTATION_CONTEXT() REPRESENTATION_CONTEXT('2D SPACE',''
  ) );
#2138 = PCURVE('',#2061,#2139);
#2139 = DEFINITIONAL_REPRESENTATION('',(#2140),#2144);
#2140 = LINE('',#2141,#2142);
#2141 = CARTESIAN_POINT('',(0.,194.));
#2142 = VECTOR('',#2143,1.);
#2143 = DIRECTION('',(1.,0.));
#2144 = ( GEOMETRIC_REPRESENTATION_CONTEXT(2) 
PARAMETRIC_REPRESENTATION_CONTEXT() REPRESENTATION_CONTEXT('2D SPACE',''
  ) );
#2145 = ORIENTED_EDGE('',*,*,#2146,.F.);
#2146 = EDGE_CURVE('',#2147,#2124,#2149,.T.);
#2147 = VERTEX_POINT('',#2148);
#2148 = CARTESIAN_POINT('',(89.5,193.,3.4));
#2149 = SURFACE_CURVE('',#2150,(#2154,#2161),.PCURVE_S1.);
#2150 = LINE('',#2151,#2152);
#2151 = CARTESIAN_POINT('',(89.5,193.,2.2));
#2152 = VECTOR('',#2153,1.);
#2153 = DIRECTION('',(0.,0.,1.));
#2154 = PCURVE('',#71,#2155);
#2155 = DEFINITIONAL_REPRESENTATION('',(#2156),#2160);
#2156 = LINE('',#2157,#2158);
#2157 = CARTESIAN_POINT('',(-9.3,90.5));
#2158 = VECTOR('',#2159,1.);
#2159 = DIRECTION('',(1.,0.));
#2160 = ( GEOMETRIC_REPRESENTATION_CONTEXT(2) 
PARAMETRIC_REPRESENTATION_CONTEXT() REPRESENTATION_CONTEXT('2D SPACE',''
  ) );
#2161 = PCURVE('',#2162,#2167);
#2162 = PLANE('',#2163);
#2163 = AXIS2_PLACEMENT_3D('',#2164,#2165,#2166);
#2164 = CARTESIAN_POINT('',(89.5,2.4,2.2));
#2165 = DIRECTION('',(1.,0.,-0.));
#2166 = DIRECTION('',(0.,0.,1.));
#2167 = DEFINITIONAL_REPRESENTATION('',(#2168),#2172);
#2168 = LINE('',#2169,#2170);
#2169 = CARTESIAN_POINT('',(0.,-190.6));
#2170 = VECTOR('',#2171,1.);
#2171 = DIRECTION('',(1.,0.));
#2172 = ( GEOMETRIC_REPRESENTATION_CONTEXT(2) 
PARAMETRIC_REPRESENTATION_CONTEXT() REPRESENTATION_CONTEXT('2D SPACE',''
  ) );
#2173 = ORIENTED_EDGE('',*,*,#2174,.F.);
#2174 = EDGE_CURVE('',#277,#2147,#2175,.T.);
#2175 = SURFACE_CURVE('',#2176,(#2180,#2187),.PCURVE_S1.);
#2176 = LINE('',#2177,#2178);
#2177 = CARTESIAN_POINT('',(11.2,193.,3.4));
#2178 = VECTOR('',#2179,1.);
#2179 = DIRECTION('',(1.,0.,0.));
#2180 = PCURVE('',#71,#2181);
#2181 = DEFINITIONAL_REPRESENTATION('',(#2182),#2186);
#2182 = LINE('',#2183,#2184);
#2183 = CARTESIAN_POINT('',(-8.1,12.2));
#2184 = VECTOR('',#2185,1.);
#2185 = DIRECTION('',(0.,1.));
#2186 = ( GEOMETRIC_REPRESENTATION_CONTEXT(2) 
PARAMETRIC_REPRESENTATION_CONTEXT() REPRESENTATION_CONTEXT('2D SPACE',''
  ) );
#2187 = PCURVE('',#314,#2188);
#2188 = DEFINITIONAL_REPRESENTATION('',(#2189),#2193);
#2189 = LINE('',#2190,#2191);
#2190 = CARTESIAN_POINT('',(0.,190.6));
#2191 = VECTOR('',#2192,1.);
#2192 = DIRECTION('',(1.,0.));
#2193 = ( GEOMETRIC_REPRESENTATION_CONTEXT(2) 
PARAMETRIC_REPRESENTATION_CONTEXT() REPRESENTATION_CONTEXT('2D SPACE',''
  ) );
#2194 = ADVANCED_FACE('',(#2195),#158,.F.);
#2195 = FACE_BOUND('',#2196,.F.);
#2196 = EDGE_LOOP('',(#2197,#2198,#2221,#2249,#2272,#2300));
#2197 = ORIENTED_EDGE('',*,*,#140,.T.);
#2198 = ORIENTED_EDGE('',*,*,#2199,.F.);
#2199 = EDGE_CURVE('',#2200,#143,#2202,.T.);
#2200 = VERTEX_POINT('',#2201);
#2201 = CARTESIAN_POINT('',(90.1,-1.110223024625E-16,16.2));
#2202 = SURFACE_CURVE('',#2203,(#2207,#2214),.PCURVE_S1.);
#2203 = LINE('',#2204,#2205);
#2204 = CARTESIAN_POINT('',(94.8,-1.110223024625E-16,16.2));
#2205 = VECTOR('',#2206,1.);
#2206 = DIRECTION('',(-1.,-0.,0.));
#2207 = PCURVE('',#158,#2208);
#2208 = DEFINITIONAL_REPRESENTATION('',(#2209),#2213);
#2209 = LINE('',#2210,#2211);
#2210 = CARTESIAN_POINT('',(16.2,94.8));
#2211 = VECTOR('',#2212,1.);
#2212 = DIRECTION('',(0.,-1.));
#2213 = ( GEOMETRIC_REPRESENTATION_CONTEXT(2) 
PARAMETRIC_REPRESENTATION_CONTEXT() REPRESENTATION_CONTEXT('2D SPACE',''
  ) );
#2214 = PCURVE('',#1867,#2215);
#2215 = DEFINITIONAL_REPRESENTATION('',(#2216),#2220);
#2216 = LINE('',#2217,#2218);
#2217 = CARTESIAN_POINT('',(4.712388980385,0.));
#2218 = VECTOR('',#2219,1.);
#2219 = DIRECTION('',(-0.,1.));
#2220 = ( GEOMETRIC_REPRESENTATION_CONTEXT(2) 
PARAMETRIC_REPRESENTATION_CONTEXT() REPRESENTATION_CONTEXT('2D SPACE',''
  ) );
#2221 = ORIENTED_EDGE('',*,*,#2222,.T.);
#2222 = EDGE_CURVE('',#2200,#2223,#2225,.T.);
#2223 = VERTEX_POINT('',#2224);
#2224 = CARTESIAN_POINT('',(90.1,0.,3.4));
#2225 = SURFACE_CURVE('',#2226,(#2230,#2237),.PCURVE_S1.);
#2226 = LINE('',#2227,#2228);
#2227 = CARTESIAN_POINT('',(90.1,0.,-0.5));
#2228 = VECTOR('',#2229,1.);
#2229 = DIRECTION('',(-0.,0.,-1.));
#2230 = PCURVE('',#158,#2231);
#2231 = DEFINITIONAL_REPRESENTATION('',(#2232),#2236);
#2232 = LINE('',#2233,#2234);
#2233 = CARTESIAN_POINT('',(-0.5,90.1));
#2234 = VECTOR('',#2235,1.);
#2235 = DIRECTION('',(-1.,0.));
#2236 = ( GEOMETRIC_REPRESENTATION_CONTEXT(2) 
PARAMETRIC_REPRESENTATION_CONTEXT() REPRESENTATION_CONTEXT('2D SPACE',''
  ) );
#2237 = PCURVE('',#2238,#2243);
#2238 = PLANE('',#2239);
#2239 = AXIS2_PLACEMENT_3D('',#2240,#2241,#2242);
#2240 = CARTESIAN_POINT('',(90.1,-0.1,-1.));
#2241 = DIRECTION('',(1.,0.,-0.));
#2242 = DIRECTION('',(0.,0.,1.));
#2243 = DEFINITIONAL_REPRESENTATION('',(#2244),#2248);
#2244 = LINE('',#2245,#2246);
#2245 = CARTESIAN_POINT('',(0.5,-0.1));
#2246 = VECTOR('',#2247,1.);
#2247 = DIRECTION('',(-1.,-0.));
#2248 = ( GEOMETRIC_REPRESENTATION_CONTEXT(2) 
PARAMETRIC_REPRESENTATION_CONTEXT() REPRESENTATION_CONTEXT('2D SPACE',''
  ) );
#2249 = ORIENTED_EDGE('',*,*,#2250,.T.);
#2250 = EDGE_CURVE('',#2223,#2251,#2253,.T.);
#2251 = VERTEX_POINT('',#2252);
#2252 = CARTESIAN_POINT('',(90.2,0.,3.4));
#2253 = SURFACE_CURVE('',#2254,(#2258,#2265),.PCURVE_S1.);
#2254 = LINE('',#2255,#2256);
#2255 = CARTESIAN_POINT('',(76.,0.,3.4));
#2256 = VECTOR('',#2257,1.);
#2257 = DIRECTION('',(1.,0.,-0.));
#2258 = PCURVE('',#158,#2259);
#2259 = DEFINITIONAL_REPRESENTATION('',(#2260),#2264);
#2260 = LINE('',#2261,#2262);
#2261 = CARTESIAN_POINT('',(3.4,76.));
#2262 = VECTOR('',#2263,1.);
#2263 = DIRECTION('',(0.,1.));
#2264 = ( GEOMETRIC_REPRESENTATION_CONTEXT(2) 
PARAMETRIC_REPRESENTATION_CONTEXT() REPRESENTATION_CONTEXT('2D SPACE',''
  ) );
#2265 = PCURVE('',#314,#2266);
#2266 = DEFINITIONAL_REPRESENTATION('',(#2267),#2271);
#2267 = LINE('',#2268,#2269);
#2268 = CARTESIAN_POINT('',(64.8,-2.4));
#2269 = VECTOR('',#2270,1.);
#2270 = DIRECTION('',(1.,0.));
#2271 = ( GEOMETRIC_REPRESENTATION_CONTEXT(2) 
PARAMETRIC_REPRESENTATION_CONTEXT() REPRESENTATION_CONTEXT('2D SPACE',''
  ) );
#2272 = ORIENTED_EDGE('',*,*,#2273,.F.);
#2273 = EDGE_CURVE('',#2274,#2251,#2276,.T.);
#2274 = VERTEX_POINT('',#2275);
#2275 = CARTESIAN_POINT('',(90.2,0.,0.));
#2276 = SURFACE_CURVE('',#2277,(#2281,#2288),.PCURVE_S1.);
#2277 = LINE('',#2278,#2279);
#2278 = CARTESIAN_POINT('',(90.2,0.,0.));
#2279 = VECTOR('',#2280,1.);
#2280 = DIRECTION('',(0.,0.,1.));
#2281 = PCURVE('',#158,#2282);
#2282 = DEFINITIONAL_REPRESENTATION('',(#2283),#2287);
#2283 = LINE('',#2284,#2285);
#2284 = CARTESIAN_POINT('',(0.,90.2));
#2285 = VECTOR('',#2286,1.);
#2286 = DIRECTION('',(1.,0.));
#2287 = ( GEOMETRIC_REPRESENTATION_CONTEXT(2) 
PARAMETRIC_REPRESENTATION_CONTEXT() REPRESENTATION_CONTEXT('2D SPACE',''
  ) );
#2288 = PCURVE('',#2289,#2294);
#2289 = PLANE('',#2290);
#2290 = AXIS2_PLACEMENT_3D('',#2291,#2292,#2293);
#2291 = CARTESIAN_POINT('',(90.2,0.,0.));
#2292 = DIRECTION('',(1.,0.,-0.));
#2293 = DIRECTION('',(0.,0.,1.));
#2294 = DEFINITIONAL_REPRESENTATION('',(#2295),#2299);
#2295 = LINE('',#2296,#2297);
#2296 = CARTESIAN_POINT('',(0.,0.));
#2297 = VECTOR('',#2298,1.);
#2298 = DIRECTION('',(1.,0.));
#2299 = ( GEOMETRIC_REPRESENTATION_CONTEXT(2) 
PARAMETRIC_REPRESENTATION_CONTEXT() REPRESENTATION_CONTEXT('2D SPACE',''
  ) );
#2300 = ORIENTED_EDGE('',*,*,#2301,.F.);
#2301 = EDGE_CURVE('',#141,#2274,#2302,.T.);
#2302 = SURFACE_CURVE('',#2303,(#2307,#2314),.PCURVE_S1.);
#2303 = LINE('',#2304,#2305);
#2304 = CARTESIAN_POINT('',(76.,0.,0.));
#2305 = VECTOR('',#2306,1.);
#2306 = DIRECTION('',(1.,0.,-0.));
#2307 = PCURVE('',#158,#2308);
#2308 = DEFINITIONAL_REPRESENTATION('',(#2309),#2313);
#2309 = LINE('',#2310,#2311);
#2310 = CARTESIAN_POINT('',(0.,76.));
#2311 = VECTOR('',#2312,1.);
#2312 = DIRECTION('',(0.,1.));
#2313 = ( GEOMETRIC_REPRESENTATION_CONTEXT(2) 
PARAMETRIC_REPRESENTATION_CONTEXT() REPRESENTATION_CONTEXT('2D SPACE',''
  ) );
#2314 = PCURVE('',#186,#2315);
#2315 = DEFINITIONAL_REPRESENTATION('',(#2316),#2320);
#2316 = LINE('',#2317,#2318);
#2317 = CARTESIAN_POINT('',(76.,0.));
#2318 = VECTOR('',#2319,1.);
#2319 = DIRECTION('',(1.,0.));
#2320 = ( GEOMETRIC_REPRESENTATION_CONTEXT(2) 
PARAMETRIC_REPRESENTATION_CONTEXT() REPRESENTATION_CONTEXT('2D SPACE',''
  ) );
#2321 = ADVANCED_FACE('',(#2322),#1867,.T.);
#2322 = FACE_BOUND('',#2323,.T.);
#2323 = EDGE_LOOP('',(#2324,#2325,#2326,#2354,#2381,#2436));
#2324 = ORIENTED_EDGE('',*,*,#1848,.F.);
#2325 = ORIENTED_EDGE('',*,*,#2199,.F.);
#2326 = ORIENTED_EDGE('',*,*,#2327,.T.);
#2327 = EDGE_CURVE('',#2200,#2328,#2330,.T.);
#2328 = VERTEX_POINT('',#2329);
#2329 = CARTESIAN_POINT('',(90.1,5.E-02,16.478388218142));
#2330 = SURFACE_CURVE('',#2331,(#2336,#2343),.PCURVE_S1.);
#2331 = CIRCLE('',#2332,0.8);
#2332 = AXIS2_PLACEMENT_3D('',#2333,#2334,#2335);
#2333 = CARTESIAN_POINT('',(90.1,0.8,16.2));
#2334 = DIRECTION('',(-1.,-0.,0.));
#2335 = DIRECTION('',(0.,0.,1.));
#2336 = PCURVE('',#1867,#2337);
#2337 = DEFINITIONAL_REPRESENTATION('',(#2338),#2342);
#2338 = LINE('',#2339,#2340);
#2339 = CARTESIAN_POINT('',(-4.138911435803E-13,4.7));
#2340 = VECTOR('',#2341,1.);
#2341 = DIRECTION('',(1.,-0.));
#2342 = ( GEOMETRIC_REPRESENTATION_CONTEXT(2) 
PARAMETRIC_REPRESENTATION_CONTEXT() REPRESENTATION_CONTEXT('2D SPACE',''
  ) );
#2343 = PCURVE('',#2238,#2344);
#2344 = DEFINITIONAL_REPRESENTATION('',(#2345),#2353);
#2345 = ( BOUNDED_CURVE() B_SPLINE_CURVE(2,(#2346,#2347,#2348,#2349,
#2350,#2351,#2352),.UNSPECIFIED.,.T.,.F.) B_SPLINE_CURVE_WITH_KNOTS((1,2
    ,2,2,2,1),(-2.094395102393,0.,2.094395102393,4.188790204786,
6.28318530718,8.377580409573),.UNSPECIFIED.) CURVE() 
GEOMETRIC_REPRESENTATION_ITEM() RATIONAL_B_SPLINE_CURVE((1.,0.5,1.,0.5,
1.,0.5,1.)) REPRESENTATION_ITEM('') );
#2346 = CARTESIAN_POINT('',(18.,-0.9));
#2347 = CARTESIAN_POINT('',(18.,-2.285640646055));
#2348 = CARTESIAN_POINT('',(16.8,-1.592820323028));
#2349 = CARTESIAN_POINT('',(15.6,-0.9));
#2350 = CARTESIAN_POINT('',(16.8,-0.207179676972));
#2351 = CARTESIAN_POINT('',(18.,0.485640646055));
#2352 = CARTESIAN_POINT('',(18.,-0.9));
#2353 = ( GEOMETRIC_REPRESENTATION_CONTEXT(2) 
PARAMETRIC_REPRESENTATION_CONTEXT() REPRESENTATION_CONTEXT('2D SPACE',''
  ) );
#2354 = ORIENTED_EDGE('',*,*,#2355,.T.);
#2355 = EDGE_CURVE('',#2328,#2356,#2358,.T.);
#2356 = VERTEX_POINT('',#2357);
#2357 = CARTESIAN_POINT('',(78.334636981953,5.E-02,16.478388218141));
#2358 = SURFACE_CURVE('',#2359,(#2363,#2369),.PCURVE_S1.);
#2359 = LINE('',#2360,#2361);
#2360 = CARTESIAN_POINT('',(94.8,5.E-02,16.478388218142));
#2361 = VECTOR('',#2362,1.);
#2362 = DIRECTION('',(-1.,-0.,0.));
#2363 = PCURVE('',#1867,#2364);
#2364 = DEFINITIONAL_REPRESENTATION('',(#2365),#2368);
#2365 = B_SPLINE_CURVE_WITH_KNOTS('',1,(#2366,#2367),.UNSPECIFIED.,.F.,
  .F.,(2,2),(2.364910464067,20.430257685873),.PIECEWISE_BEZIER_KNOTS.);
#2366 = CARTESIAN_POINT('',(5.067810182075,2.364910464067));
#2367 = CARTESIAN_POINT('',(5.067810182075,20.430257685873));
#2368 = ( GEOMETRIC_REPRESENTATION_CONTEXT(2) 
PARAMETRIC_REPRESENTATION_CONTEXT() REPRESENTATION_CONTEXT('2D SPACE',''
  ) );
#2369 = PCURVE('',#2370,#2375);
#2370 = PLANE('',#2371);
#2371 = AXIS2_PLACEMENT_3D('',#2372,#2373,#2374);
#2372 = CARTESIAN_POINT('',(98.,5.E-02,17.5));
#2373 = DIRECTION('',(0.,1.,0.));
#2374 = DIRECTION('',(0.,-0.,1.));
#2375 = DEFINITIONAL_REPRESENTATION('',(#2376),#2380);
#2376 = LINE('',#2377,#2378);
#2377 = CARTESIAN_POINT('',(-1.021611781858,-3.2));
#2378 = VECTOR('',#2379,1.);
#2379 = DIRECTION('',(0.,-1.));
#2380 = ( GEOMETRIC_REPRESENTATION_CONTEXT(2) 
PARAMETRIC_REPRESENTATION_CONTEXT() REPRESENTATION_CONTEXT('2D SPACE',''
  ) );
#2381 = ORIENTED_EDGE('',*,*,#2382,.F.);
#2382 = EDGE_CURVE('',#2383,#2356,#2385,.T.);
#2383 = VERTEX_POINT('',#2384);
#2384 = CARTESIAN_POINT('',(78.314467412224,0.8,17.));
#2385 = SURFACE_CURVE('',#2386,(#2399,#2415),.PCURVE_S1.);
#2386 = B_SPLINE_CURVE_WITH_KNOTS('',6,(#2387,#2388,#2389,#2390,#2391,
    #2392,#2393,#2394,#2395,#2396,#2397,#2398),.UNSPECIFIED.,.F.,.F.,(7,
    5,7),(0.,0.665374356602,1.),.UNSPECIFIED.);
#2387 = CARTESIAN_POINT('',(78.314467412224,0.8,17.));
#2388 = CARTESIAN_POINT('',(78.314467412224,0.698076897524,17.));
#2389 = CARTESIAN_POINT('',(78.314863096598,0.596016144112,
    16.984417710179));
#2390 = CARTESIAN_POINT('',(78.315657164623,0.496048139456,
    16.953172486463));
#2391 = CARTESIAN_POINT('',(78.316941831197,0.400535682531,
    16.906191334436));
#2392 = CARTESIAN_POINT('',(78.318909510015,0.312168855251,
    16.84353970515));
#2393 = CARTESIAN_POINT('',(78.323275809673,0.195160618568,
    16.726531468466));
#2394 = CARTESIAN_POINT('',(78.324974270135,0.158658775079,
    16.683525326396));
#2395 = CARTESIAN_POINT('',(78.326936982351,0.125385607898,
    16.636870752934));
#2396 = CARTESIAN_POINT('',(78.329190116036,9.587201262274E-02,
    16.58686476489));
#2397 = CARTESIAN_POINT('',(78.331753847878,7.059998686712E-02,
    16.53388658774));
#2398 = CARTESIAN_POINT('',(78.334637065927,4.99994E-02,16.478386601688)
  );
#2399 = PCURVE('',#1867,#2400);
#2400 = DEFINITIONAL_REPRESENTATION('',(#2401),#2414);
#2401 = B_SPLINE_CURVE_WITH_KNOTS('',6,(#2402,#2403,#2404,#2405,#2406,
    #2407,#2408,#2409,#2410,#2411,#2412,#2413),.UNSPECIFIED.,.F.,.F.,(7,
    5,7),(0.,0.665374356602,1.),.UNSPECIFIED.);
#2402 = CARTESIAN_POINT('',(6.28318530718,16.485532587776));
#2403 = CARTESIAN_POINT('',(6.155781429085,16.485532587776));
#2404 = CARTESIAN_POINT('',(6.028203701887,16.485136903402));
#2405 = CARTESIAN_POINT('',(5.899529737683,16.484342835377));
#2406 = CARTESIAN_POINT('',(5.768900096597,16.483058168803));
#2407 = CARTESIAN_POINT('',(5.635415367468,16.481090489985));
#2408 = CARTESIAN_POINT('',(5.428572073434,16.476724190327));
#2409 = CARTESIAN_POINT('',(5.358296626163,16.475025729865));
#2410 = CARTESIAN_POINT('',(5.287051955193,16.473063017649));
#2411 = CARTESIAN_POINT('',(5.214884978366,16.470809883964));
#2412 = CARTESIAN_POINT('',(5.141807949008,16.468246152122));
#2413 = CARTESIAN_POINT('',(5.067808026805,16.465362934073));
#2414 = ( GEOMETRIC_REPRESENTATION_CONTEXT(2) 
PARAMETRIC_REPRESENTATION_CONTEXT() REPRESENTATION_CONTEXT('2D SPACE',''
  ) );
#2415 = PCURVE('',#2416,#2421);
#2416 = CYLINDRICAL_SURFACE('',#2417,19.691881404894);
#2417 = AXIS2_PLACEMENT_3D('',#2418,#2419,#2420);
#2418 = CARTESIAN_POINT('',(98.,5.E-02,17.5));
#2419 = DIRECTION('',(0.,1.,0.));
#2420 = DIRECTION('',(0.,-0.,1.));
#2421 = DEFINITIONAL_REPRESENTATION('',(#2422),#2435);
#2422 = B_SPLINE_CURVE_WITH_KNOTS('',6,(#2423,#2424,#2425,#2426,#2427,
    #2428,#2429,#2430,#2431,#2432,#2433,#2434),.UNSPECIFIED.,.F.,.F.,(7,
    5,7),(0.,0.665374356602,1.),.UNSPECIFIED.);
#2423 = CARTESIAN_POINT('',(4.686995076608,0.75));
#2424 = CARTESIAN_POINT('',(4.686995076608,0.648076897524));
#2425 = CARTESIAN_POINT('',(4.686203516399,0.546016144112));
#2426 = CARTESIAN_POINT('',(4.684616297532,0.446048139456));
#2427 = CARTESIAN_POINT('',(4.682229598364,0.350535682531));
#2428 = CARTESIAN_POINT('',(4.679046488336,0.262168855251));
#2429 = CARTESIAN_POINT('',(4.673100399553,0.145160618568));
#2430 = CARTESIAN_POINT('',(4.67091474902,0.108658775079));
#2431 = CARTESIAN_POINT('',(4.668543437732,7.538560789809E-02));
#2432 = CARTESIAN_POINT('',(4.666001458664,4.587201262274E-02));
#2433 = CARTESIAN_POINT('',(4.663307971277,2.059998686712E-02));
#2434 = CARTESIAN_POINT('',(4.660485750998,-6.E-07));
#2435 = ( GEOMETRIC_REPRESENTATION_CONTEXT(2) 
PARAMETRIC_REPRESENTATION_CONTEXT() REPRESENTATION_CONTEXT('2D SPACE',''
  ) );
#2436 = ORIENTED_EDGE('',*,*,#2437,.T.);
#2437 = EDGE_CURVE('',#2383,#1822,#2438,.T.);
#2438 = SURFACE_CURVE('',#2439,(#2443,#2450),.PCURVE_S1.);
#2439 = LINE('',#2440,#2441);
#2440 = CARTESIAN_POINT('',(94.8,0.8,17.));
#2441 = VECTOR('',#2442,1.);
#2442 = DIRECTION('',(-1.,-0.,0.));
#2443 = PCURVE('',#1867,#2444);
#2444 = DEFINITIONAL_REPRESENTATION('',(#2445),#2449);
#2445 = LINE('',#2446,#2447);
#2446 = CARTESIAN_POINT('',(6.28318530718,0.));
#2447 = VECTOR('',#2448,1.);
#2448 = DIRECTION('',(-0.,1.));
#2449 = ( GEOMETRIC_REPRESENTATION_CONTEXT(2) 
PARAMETRIC_REPRESENTATION_CONTEXT() REPRESENTATION_CONTEXT('2D SPACE',''
  ) );
#2450 = PCURVE('',#1837,#2451);
#2451 = DEFINITIONAL_REPRESENTATION('',(#2452),#2456);
#2452 = LINE('',#2453,#2454);
#2453 = CARTESIAN_POINT('',(94.8,0.8));
#2454 = VECTOR('',#2455,1.);
#2455 = DIRECTION('',(-1.,0.));
#2456 = ( GEOMETRIC_REPRESENTATION_CONTEXT(2) 
PARAMETRIC_REPRESENTATION_CONTEXT() REPRESENTATION_CONTEXT('2D SPACE',''
  ) );
#2457 = ADVANCED_FACE('',(#2458),#1837,.T.);
#2458 = FACE_BOUND('',#2459,.T.);
#2459 = EDGE_LOOP('',(#2460,#2483,#2484,#2485));
#2460 = ORIENTED_EDGE('',*,*,#2461,.F.);
#2461 = EDGE_CURVE('',#1795,#2462,#2464,.T.);
#2462 = VERTEX_POINT('',#2463);
#2463 = CARTESIAN_POINT('',(78.314467412224,4.4,17.));
#2464 = SURFACE_CURVE('',#2465,(#2469,#2476),.PCURVE_S1.);
#2465 = LINE('',#2466,#2467);
#2466 = CARTESIAN_POINT('',(57.,4.4,17.));
#2467 = VECTOR('',#2468,1.);
#2468 = DIRECTION('',(1.,0.,0.));
#2469 = PCURVE('',#1837,#2470);
#2470 = DEFINITIONAL_REPRESENTATION('',(#2471),#2475);
#2471 = LINE('',#2472,#2473);
#2472 = CARTESIAN_POINT('',(57.,4.4));
#2473 = VECTOR('',#2474,1.);
#2474 = DIRECTION('',(1.,0.));
#2475 = ( GEOMETRIC_REPRESENTATION_CONTEXT(2) 
PARAMETRIC_REPRESENTATION_CONTEXT() REPRESENTATION_CONTEXT('2D SPACE',''
  ) );
#2476 = PCURVE('',#1810,#2477);
#2477 = DEFINITIONAL_REPRESENTATION('',(#2478),#2482);
#2478 = LINE('',#2479,#2480);
#2479 = CARTESIAN_POINT('',(2.828427124746,0.));
#2480 = VECTOR('',#2481,1.);
#2481 = DIRECTION('',(0.,-1.));
#2482 = ( GEOMETRIC_REPRESENTATION_CONTEXT(2) 
PARAMETRIC_REPRESENTATION_CONTEXT() REPRESENTATION_CONTEXT('2D SPACE',''
  ) );
#2483 = ORIENTED_EDGE('',*,*,#1821,.F.);
#2484 = ORIENTED_EDGE('',*,*,#2437,.F.);
#2485 = ORIENTED_EDGE('',*,*,#2486,.T.);
#2486 = EDGE_CURVE('',#2383,#2462,#2487,.T.);
#2487 = SURFACE_CURVE('',#2488,(#2492,#2499),.PCURVE_S1.);
#2488 = LINE('',#2489,#2490);
#2489 = CARTESIAN_POINT('',(78.314467412224,0.8,17.));
#2490 = VECTOR('',#2491,1.);
#2491 = DIRECTION('',(-7.894919286223E-15,1.,0.));
#2492 = PCURVE('',#1837,#2493);
#2493 = DEFINITIONAL_REPRESENTATION('',(#2494),#2498);
#2494 = LINE('',#2495,#2496);
#2495 = CARTESIAN_POINT('',(78.314467412224,0.8));
#2496 = VECTOR('',#2497,1.);
#2497 = DIRECTION('',(-7.894919286223E-15,1.));
#2498 = ( GEOMETRIC_REPRESENTATION_CONTEXT(2) 
PARAMETRIC_REPRESENTATION_CONTEXT() REPRESENTATION_CONTEXT('2D SPACE',''
  ) );
#2499 = PCURVE('',#2416,#2500);
#2500 = DEFINITIONAL_REPRESENTATION('',(#2501),#2505);
#2501 = LINE('',#2502,#2503);
#2502 = CARTESIAN_POINT('',(4.686995076608,0.75));
#2503 = VECTOR('',#2504,1.);
#2504 = DIRECTION('',(0.,1.));
#2505 = ( GEOMETRIC_REPRESENTATION_CONTEXT(2) 
PARAMETRIC_REPRESENTATION_CONTEXT() REPRESENTATION_CONTEXT('2D SPACE',''
  ) );
#2506 = ADVANCED_FACE('',(#2507),#1810,.F.);
#2507 = FACE_BOUND('',#2508,.F.);
#2508 = EDGE_LOOP('',(#2509,#2510,#2533,#2560,#2585));
#2509 = ORIENTED_EDGE('',*,*,#1794,.F.);
#2510 = ORIENTED_EDGE('',*,*,#2511,.T.);
#2511 = EDGE_CURVE('',#1768,#2512,#2514,.T.);
#2512 = VERTEX_POINT('',#2513);
#2513 = CARTESIAN_POINT('',(78.467458095158,2.4,15.));
#2514 = SURFACE_CURVE('',#2515,(#2519,#2526),.PCURVE_S1.);
#2515 = LINE('',#2516,#2517);
#2516 = CARTESIAN_POINT('',(57.,2.4,15.));
#2517 = VECTOR('',#2518,1.);
#2518 = DIRECTION('',(1.,0.,0.));
#2519 = PCURVE('',#1810,#2520);
#2520 = DEFINITIONAL_REPRESENTATION('',(#2521),#2525);
#2521 = LINE('',#2522,#2523);
#2522 = CARTESIAN_POINT('',(0.,0.));
#2523 = VECTOR('',#2524,1.);
#2524 = DIRECTION('',(0.,-1.));
#2525 = ( GEOMETRIC_REPRESENTATION_CONTEXT(2) 
PARAMETRIC_REPRESENTATION_CONTEXT() REPRESENTATION_CONTEXT('2D SPACE',''
  ) );
#2526 = PCURVE('',#1783,#2527);
#2527 = DEFINITIONAL_REPRESENTATION('',(#2528),#2532);
#2528 = LINE('',#2529,#2530);
#2529 = CARTESIAN_POINT('',(3.5,58.));
#2530 = VECTOR('',#2531,1.);
#2531 = DIRECTION('',(0.,1.));
#2532 = ( GEOMETRIC_REPRESENTATION_CONTEXT(2) 
PARAMETRIC_REPRESENTATION_CONTEXT() REPRESENTATION_CONTEXT('2D SPACE',''
  ) );
#2533 = ORIENTED_EDGE('',*,*,#2534,.F.);
#2534 = EDGE_CURVE('',#2535,#2512,#2537,.T.);
#2535 = VERTEX_POINT('',#2536);
#2536 = CARTESIAN_POINT('',(78.39521249122,3.05,15.65));
#2537 = SURFACE_CURVE('',#2538,(#2543,#2550),.PCURVE_S1.);
#2538 = ELLIPSE('',#2539,27.848525751443,19.691881404894);
#2539 = AXIS2_PLACEMENT_3D('',#2540,#2541,#2542);
#2540 = CARTESIAN_POINT('',(98.,4.9,17.5));
#2541 = DIRECTION('',(0.,-0.707106781187,0.707106781187));
#2542 = DIRECTION('',(0.,0.707106781187,0.707106781187));
#2543 = PCURVE('',#1810,#2544);
#2544 = DEFINITIONAL_REPRESENTATION('',(#2545),#2549);
#2545 = ELLIPSE('',#2546,27.848525751443,19.691881404894);
#2546 = AXIS2_PLACEMENT_2D('',#2547,#2548);
#2547 = CARTESIAN_POINT('',(3.535533905933,-41.));
#2548 = DIRECTION('',(1.,0.));
#2549 = ( GEOMETRIC_REPRESENTATION_CONTEXT(2) 
PARAMETRIC_REPRESENTATION_CONTEXT() REPRESENTATION_CONTEXT('2D SPACE',''
  ) );
#2550 = PCURVE('',#2416,#2551);
#2551 = DEFINITIONAL_REPRESENTATION('',(#2552),#2559);
#2552 = B_SPLINE_CURVE_WITH_KNOTS('',5,(#2553,#2554,#2555,#2556,#2557,
    #2558),.UNSPECIFIED.,.F.,.F.,(6,6),(1.586031620968,1.708341959597),
  .PIECEWISE_BEZIER_KNOTS.);
#2553 = CARTESIAN_POINT('',(4.697153686212,4.55));
#2554 = CARTESIAN_POINT('',(4.672691618486,4.068351767524));
#2555 = CARTESIAN_POINT('',(4.64822955076,3.586927932193));
#2556 = CARTESIAN_POINT('',(4.623767483034,3.106328942406));
#2557 = CARTESIAN_POINT('',(4.599305415308,2.627154683508));
#2558 = CARTESIAN_POINT('',(4.574843347582,2.15));
#2559 = ( GEOMETRIC_REPRESENTATION_CONTEXT(2) 
PARAMETRIC_REPRESENTATION_CONTEXT() REPRESENTATION_CONTEXT('2D SPACE',''
  ) );
#2560 = ORIENTED_EDGE('',*,*,#2561,.F.);
#2561 = EDGE_CURVE('',#2462,#2535,#2562,.T.);
#2562 = SURFACE_CURVE('',#2563,(#2568,#2575),.PCURVE_S1.);
#2563 = ELLIPSE('',#2564,27.848525751443,19.691881404894);
#2564 = AXIS2_PLACEMENT_3D('',#2565,#2566,#2567);
#2565 = CARTESIAN_POINT('',(98.,4.9,17.5));
#2566 = DIRECTION('',(0.,-0.707106781187,0.707106781187));
#2567 = DIRECTION('',(0.,0.707106781187,0.707106781187));
#2568 = PCURVE('',#1810,#2569);
#2569 = DEFINITIONAL_REPRESENTATION('',(#2570),#2574);
#2570 = ELLIPSE('',#2571,27.848525751443,19.691881404894);
#2571 = AXIS2_PLACEMENT_2D('',#2572,#2573);
#2572 = CARTESIAN_POINT('',(3.535533905933,-41.));
#2573 = DIRECTION('',(1.,0.));
#2574 = ( GEOMETRIC_REPRESENTATION_CONTEXT(2) 
PARAMETRIC_REPRESENTATION_CONTEXT() REPRESENTATION_CONTEXT('2D SPACE',''
  ) );
#2575 = PCURVE('',#2416,#2576);
#2576 = DEFINITIONAL_REPRESENTATION('',(#2577),#2584);
#2577 = B_SPLINE_CURVE_WITH_KNOTS('',5,(#2578,#2579,#2580,#2581,#2582,
    #2583),.UNSPECIFIED.,.F.,.F.,(6,6),(1.586031620968,1.708341959597),
  .PIECEWISE_BEZIER_KNOTS.);
#2578 = CARTESIAN_POINT('',(4.697153686212,4.55));
#2579 = CARTESIAN_POINT('',(4.672691618486,4.068351767524));
#2580 = CARTESIAN_POINT('',(4.64822955076,3.586927932193));
#2581 = CARTESIAN_POINT('',(4.623767483034,3.106328942406));
#2582 = CARTESIAN_POINT('',(4.599305415308,2.627154683508));
#2583 = CARTESIAN_POINT('',(4.574843347582,2.15));
#2584 = ( GEOMETRIC_REPRESENTATION_CONTEXT(2) 
PARAMETRIC_REPRESENTATION_CONTEXT() REPRESENTATION_CONTEXT('2D SPACE',''
  ) );
#2585 = ORIENTED_EDGE('',*,*,#2461,.F.);
#2586 = ADVANCED_FACE('',(#2587),#1783,.T.);
#2587 = FACE_BOUND('',#2588,.T.);
#2588 = EDGE_LOOP('',(#2589,#2612,#2613,#2614));
#2589 = ORIENTED_EDGE('',*,*,#2590,.T.);
#2590 = EDGE_CURVE('',#2591,#1746,#2593,.T.);
#2591 = VERTEX_POINT('',#2592);
#2592 = CARTESIAN_POINT('',(84.253720748348,2.4,3.4));
#2593 = SURFACE_CURVE('',#2594,(#2598,#2605),.PCURVE_S1.);
#2594 = LINE('',#2595,#2596);
#2595 = CARTESIAN_POINT('',(84.253720748348,2.4,3.4));
#2596 = VECTOR('',#2597,1.);
#2597 = DIRECTION('',(-1.,0.,4.25525823614E-17));
#2598 = PCURVE('',#1783,#2599);
#2599 = DEFINITIONAL_REPRESENTATION('',(#2600),#2604);
#2600 = LINE('',#2601,#2602);
#2601 = CARTESIAN_POINT('',(-8.1,85.253720748348));
#2602 = VECTOR('',#2603,1.);
#2603 = DIRECTION('',(4.25525823614E-17,-1.));
#2604 = ( GEOMETRIC_REPRESENTATION_CONTEXT(2) 
PARAMETRIC_REPRESENTATION_CONTEXT() REPRESENTATION_CONTEXT('2D SPACE',''
  ) );
#2605 = PCURVE('',#314,#2606);
#2606 = DEFINITIONAL_REPRESENTATION('',(#2607),#2611);
#2607 = LINE('',#2608,#2609);
#2608 = CARTESIAN_POINT('',(73.053720748348,0.));
#2609 = VECTOR('',#2610,1.);
#2610 = DIRECTION('',(-1.,0.));
#2611 = ( GEOMETRIC_REPRESENTATION_CONTEXT(2) 
PARAMETRIC_REPRESENTATION_CONTEXT() REPRESENTATION_CONTEXT('2D SPACE',''
  ) );
#2612 = ORIENTED_EDGE('',*,*,#1767,.F.);
#2613 = ORIENTED_EDGE('',*,*,#2511,.T.);
#2614 = ORIENTED_EDGE('',*,*,#2615,.F.);
#2615 = EDGE_CURVE('',#2591,#2512,#2616,.T.);
#2616 = SURFACE_CURVE('',#2617,(#2622,#2629),.PCURVE_S1.);
#2617 = CIRCLE('',#2618,19.691881404894);
#2618 = AXIS2_PLACEMENT_3D('',#2619,#2620,#2621);
#2619 = CARTESIAN_POINT('',(98.,2.4,17.5));
#2620 = DIRECTION('',(0.,1.,0.));
#2621 = DIRECTION('',(0.,-0.,1.));
#2622 = PCURVE('',#1783,#2623);
#2623 = DEFINITIONAL_REPRESENTATION('',(#2624),#2628);
#2624 = CIRCLE('',#2625,19.691881404894);
#2625 = AXIS2_PLACEMENT_2D('',#2626,#2627);
#2626 = CARTESIAN_POINT('',(6.,99.));
#2627 = DIRECTION('',(1.,0.));
#2628 = ( GEOMETRIC_REPRESENTATION_CONTEXT(2) 
PARAMETRIC_REPRESENTATION_CONTEXT() REPRESENTATION_CONTEXT('2D SPACE',''
  ) );
#2629 = PCURVE('',#2416,#2630);
#2630 = DEFINITIONAL_REPRESENTATION('',(#2631),#2635);
#2631 = LINE('',#2632,#2633);
#2632 = CARTESIAN_POINT('',(0.,2.35));
#2633 = VECTOR('',#2634,1.);
#2634 = DIRECTION('',(1.,0.));
#2635 = ( GEOMETRIC_REPRESENTATION_CONTEXT(2) 
PARAMETRIC_REPRESENTATION_CONTEXT() REPRESENTATION_CONTEXT('2D SPACE',''
  ) );
#2636 = ADVANCED_FACE('',(#2637),#314,.T.);
#2637 = FACE_BOUND('',#2638,.T.);
#2638 = EDGE_LOOP('',(#2639,#2640,#2641,#2664,#2692,#2713,#2714,#2737,
    #2765,#2786,#2787,#2810,#2838,#2859,#2860,#2883,#2911,#2932,#2933,
    #2956,#2984,#3005,#3006,#3029,#3057,#3078,#3079,#3102,#3130,#3151,
    #3152,#3153,#3175,#3198,#3219,#3220,#3243,#3271,#3299,#3327,#3355,
    #3383,#3410,#3438));
#2639 = ORIENTED_EDGE('',*,*,#2174,.F.);
#2640 = ORIENTED_EDGE('',*,*,#298,.F.);
#2641 = ORIENTED_EDGE('',*,*,#2642,.T.);
#2642 = EDGE_CURVE('',#299,#2643,#2645,.T.);
#2643 = VERTEX_POINT('',#2644);
#2644 = CARTESIAN_POINT('',(78.25,166.85,3.4));
#2645 = SURFACE_CURVE('',#2646,(#2650,#2657),.PCURVE_S1.);
#2646 = LINE('',#2647,#2648);
#2647 = CARTESIAN_POINT('',(43.3,166.85,3.4));
#2648 = VECTOR('',#2649,1.);
#2649 = DIRECTION('',(1.,0.,0.));
#2650 = PCURVE('',#314,#2651);
#2651 = DEFINITIONAL_REPRESENTATION('',(#2652),#2656);
#2652 = LINE('',#2653,#2654);
#2653 = CARTESIAN_POINT('',(32.1,164.45));
#2654 = VECTOR('',#2655,1.);
#2655 = DIRECTION('',(1.,0.));
#2656 = ( GEOMETRIC_REPRESENTATION_CONTEXT(2) 
PARAMETRIC_REPRESENTATION_CONTEXT() REPRESENTATION_CONTEXT('2D SPACE',''
  ) );
#2657 = PCURVE('',#341,#2658);
#2658 = DEFINITIONAL_REPRESENTATION('',(#2659),#2663);
#2659 = LINE('',#2660,#2661);
#2660 = CARTESIAN_POINT('',(1.E-02,-12.65));
#2661 = VECTOR('',#2662,1.);
#2662 = DIRECTION('',(0.,1.));
#2663 = ( GEOMETRIC_REPRESENTATION_CONTEXT(2) 
PARAMETRIC_REPRESENTATION_CONTEXT() REPRESENTATION_CONTEXT('2D SPACE',''
  ) );
#2664 = ORIENTED_EDGE('',*,*,#2665,.F.);
#2665 = EDGE_CURVE('',#2666,#2643,#2668,.T.);
#2666 = VERTEX_POINT('',#2667);
#2667 = CARTESIAN_POINT('',(78.25,144.55,3.4));
#2668 = SURFACE_CURVE('',#2669,(#2673,#2680),.PCURVE_S1.);
#2669 = LINE('',#2670,#2671);
#2670 = CARTESIAN_POINT('',(78.25,73.475,3.4));
#2671 = VECTOR('',#2672,1.);
#2672 = DIRECTION('',(-0.,1.,0.));
#2673 = PCURVE('',#314,#2674);
#2674 = DEFINITIONAL_REPRESENTATION('',(#2675),#2679);
#2675 = LINE('',#2676,#2677);
#2676 = CARTESIAN_POINT('',(67.05,71.075));
#2677 = VECTOR('',#2678,1.);
#2678 = DIRECTION('',(0.,1.));
#2679 = ( GEOMETRIC_REPRESENTATION_CONTEXT(2) 
PARAMETRIC_REPRESENTATION_CONTEXT() REPRESENTATION_CONTEXT('2D SPACE',''
  ) );
#2680 = PCURVE('',#2681,#2686);
#2681 = PLANE('',#2682);
#2682 = AXIS2_PLACEMENT_3D('',#2683,#2684,#2685);
#2683 = CARTESIAN_POINT('',(78.25,144.55,3.39));
#2684 = DIRECTION('',(1.,0.,-0.));
#2685 = DIRECTION('',(0.,0.,1.));
#2686 = DEFINITIONAL_REPRESENTATION('',(#2687),#2691);
#2687 = LINE('',#2688,#2689);
#2688 = CARTESIAN_POINT('',(1.E-02,71.075));
#2689 = VECTOR('',#2690,1.);
#2690 = DIRECTION('',(0.,-1.));
#2691 = ( GEOMETRIC_REPRESENTATION_CONTEXT(2) 
PARAMETRIC_REPRESENTATION_CONTEXT() REPRESENTATION_CONTEXT('2D SPACE',''
  ) );
#2692 = ORIENTED_EDGE('',*,*,#2693,.T.);
#2693 = EDGE_CURVE('',#2666,#483,#2694,.T.);
#2694 = SURFACE_CURVE('',#2695,(#2699,#2706),.PCURVE_S1.);
#2695 = LINE('',#2696,#2697);
#2696 = CARTESIAN_POINT('',(78.25,144.55,3.4));
#2697 = VECTOR('',#2698,1.);
#2698 = DIRECTION('',(-1.,0.,0.));
#2699 = PCURVE('',#314,#2700);
#2700 = DEFINITIONAL_REPRESENTATION('',(#2701),#2705);
#2701 = LINE('',#2702,#2703);
#2702 = CARTESIAN_POINT('',(67.05,142.15));
#2703 = VECTOR('',#2704,1.);
#2704 = DIRECTION('',(-1.,0.));
#2705 = ( GEOMETRIC_REPRESENTATION_CONTEXT(2) 
PARAMETRIC_REPRESENTATION_CONTEXT() REPRESENTATION_CONTEXT('2D SPACE',''
  ) );
#2706 = PCURVE('',#498,#2707);
#2707 = DEFINITIONAL_REPRESENTATION('',(#2708),#2712);
#2708 = LINE('',#2709,#2710);
#2709 = CARTESIAN_POINT('',(1.E-02,44.3));
#2710 = VECTOR('',#2711,1.);
#2711 = DIRECTION('',(0.,-1.));
#2712 = ( GEOMETRIC_REPRESENTATION_CONTEXT(2) 
PARAMETRIC_REPRESENTATION_CONTEXT() REPRESENTATION_CONTEXT('2D SPACE',''
  ) );
#2713 = ORIENTED_EDGE('',*,*,#509,.F.);
#2714 = ORIENTED_EDGE('',*,*,#2715,.T.);
#2715 = EDGE_CURVE('',#510,#2716,#2718,.T.);
#2716 = VERTEX_POINT('',#2717);
#2717 = CARTESIAN_POINT('',(78.25,144.25,3.4));
#2718 = SURFACE_CURVE('',#2719,(#2723,#2730),.PCURVE_S1.);
#2719 = LINE('',#2720,#2721);
#2720 = CARTESIAN_POINT('',(11.95,144.25,3.4));
#2721 = VECTOR('',#2722,1.);
#2722 = DIRECTION('',(1.,0.,0.));
#2723 = PCURVE('',#314,#2724);
#2724 = DEFINITIONAL_REPRESENTATION('',(#2725),#2729);
#2725 = LINE('',#2726,#2727);
#2726 = CARTESIAN_POINT('',(0.75,141.85));
#2727 = VECTOR('',#2728,1.);
#2728 = DIRECTION('',(1.,0.));
#2729 = ( GEOMETRIC_REPRESENTATION_CONTEXT(2) 
PARAMETRIC_REPRESENTATION_CONTEXT() REPRESENTATION_CONTEXT('2D SPACE',''
  ) );
#2730 = PCURVE('',#547,#2731);
#2731 = DEFINITIONAL_REPRESENTATION('',(#2732),#2736);
#2732 = LINE('',#2733,#2734);
#2733 = CARTESIAN_POINT('',(1.E-02,-44.));
#2734 = VECTOR('',#2735,1.);
#2735 = DIRECTION('',(0.,1.));
#2736 = ( GEOMETRIC_REPRESENTATION_CONTEXT(2) 
PARAMETRIC_REPRESENTATION_CONTEXT() REPRESENTATION_CONTEXT('2D SPACE',''
  ) );
#2737 = ORIENTED_EDGE('',*,*,#2738,.F.);
#2738 = EDGE_CURVE('',#2739,#2716,#2741,.T.);
#2739 = VERTEX_POINT('',#2740);
#2740 = CARTESIAN_POINT('',(78.25,121.95,3.4));
#2741 = SURFACE_CURVE('',#2742,(#2746,#2753),.PCURVE_S1.);
#2742 = LINE('',#2743,#2744);
#2743 = CARTESIAN_POINT('',(78.25,62.175,3.4));
#2744 = VECTOR('',#2745,1.);
#2745 = DIRECTION('',(-0.,1.,0.));
#2746 = PCURVE('',#314,#2747);
#2747 = DEFINITIONAL_REPRESENTATION('',(#2748),#2752);
#2748 = LINE('',#2749,#2750);
#2749 = CARTESIAN_POINT('',(67.05,59.775));
#2750 = VECTOR('',#2751,1.);
#2751 = DIRECTION('',(0.,1.));
#2752 = ( GEOMETRIC_REPRESENTATION_CONTEXT(2) 
PARAMETRIC_REPRESENTATION_CONTEXT() REPRESENTATION_CONTEXT('2D SPACE',''
  ) );
#2753 = PCURVE('',#2754,#2759);
#2754 = PLANE('',#2755);
#2755 = AXIS2_PLACEMENT_3D('',#2756,#2757,#2758);
#2756 = CARTESIAN_POINT('',(78.25,121.95,3.39));
#2757 = DIRECTION('',(1.,0.,-0.));
#2758 = DIRECTION('',(0.,0.,1.));
#2759 = DEFINITIONAL_REPRESENTATION('',(#2760),#2764);
#2760 = LINE('',#2761,#2762);
#2761 = CARTESIAN_POINT('',(1.E-02,59.775));
#2762 = VECTOR('',#2763,1.);
#2763 = DIRECTION('',(0.,-1.));
#2764 = ( GEOMETRIC_REPRESENTATION_CONTEXT(2) 
PARAMETRIC_REPRESENTATION_CONTEXT() REPRESENTATION_CONTEXT('2D SPACE',''
  ) );
#2765 = ORIENTED_EDGE('',*,*,#2766,.T.);
#2766 = EDGE_CURVE('',#2739,#689,#2767,.T.);
#2767 = SURFACE_CURVE('',#2768,(#2772,#2779),.PCURVE_S1.);
#2768 = LINE('',#2769,#2770);
#2769 = CARTESIAN_POINT('',(78.25,121.95,3.4));
#2770 = VECTOR('',#2771,1.);
#2771 = DIRECTION('',(-1.,0.,0.));
#2772 = PCURVE('',#314,#2773);
#2773 = DEFINITIONAL_REPRESENTATION('',(#2774),#2778);
#2774 = LINE('',#2775,#2776);
#2775 = CARTESIAN_POINT('',(67.05,119.55));
#2776 = VECTOR('',#2777,1.);
#2777 = DIRECTION('',(-1.,0.));
#2778 = ( GEOMETRIC_REPRESENTATION_CONTEXT(2) 
PARAMETRIC_REPRESENTATION_CONTEXT() REPRESENTATION_CONTEXT('2D SPACE',''
  ) );
#2779 = PCURVE('',#704,#2780);
#2780 = DEFINITIONAL_REPRESENTATION('',(#2781),#2785);
#2781 = LINE('',#2782,#2783);
#2782 = CARTESIAN_POINT('',(1.E-02,44.3));
#2783 = VECTOR('',#2784,1.);
#2784 = DIRECTION('',(0.,-1.));
#2785 = ( GEOMETRIC_REPRESENTATION_CONTEXT(2) 
PARAMETRIC_REPRESENTATION_CONTEXT() REPRESENTATION_CONTEXT('2D SPACE',''
  ) );
#2786 = ORIENTED_EDGE('',*,*,#715,.F.);
#2787 = ORIENTED_EDGE('',*,*,#2788,.T.);
#2788 = EDGE_CURVE('',#716,#2789,#2791,.T.);
#2789 = VERTEX_POINT('',#2790);
#2790 = CARTESIAN_POINT('',(78.25,121.65,3.4));
#2791 = SURFACE_CURVE('',#2792,(#2796,#2803),.PCURVE_S1.);
#2792 = LINE('',#2793,#2794);
#2793 = CARTESIAN_POINT('',(11.95,121.65,3.4));
#2794 = VECTOR('',#2795,1.);
#2795 = DIRECTION('',(1.,0.,0.));
#2796 = PCURVE('',#314,#2797);
#2797 = DEFINITIONAL_REPRESENTATION('',(#2798),#2802);
#2798 = LINE('',#2799,#2800);
#2799 = CARTESIAN_POINT('',(0.75,119.25));
#2800 = VECTOR('',#2801,1.);
#2801 = DIRECTION('',(1.,0.));
#2802 = ( GEOMETRIC_REPRESENTATION_CONTEXT(2) 
PARAMETRIC_REPRESENTATION_CONTEXT() REPRESENTATION_CONTEXT('2D SPACE',''
  ) );
#2803 = PCURVE('',#753,#2804);
#2804 = DEFINITIONAL_REPRESENTATION('',(#2805),#2809);
#2805 = LINE('',#2806,#2807);
#2806 = CARTESIAN_POINT('',(1.E-02,-44.));
#2807 = VECTOR('',#2808,1.);
#2808 = DIRECTION('',(0.,1.));
#2809 = ( GEOMETRIC_REPRESENTATION_CONTEXT(2) 
PARAMETRIC_REPRESENTATION_CONTEXT() REPRESENTATION_CONTEXT('2D SPACE',''
  ) );
#2810 = ORIENTED_EDGE('',*,*,#2811,.F.);
#2811 = EDGE_CURVE('',#2812,#2789,#2814,.T.);
#2812 = VERTEX_POINT('',#2813);
#2813 = CARTESIAN_POINT('',(78.25,99.35,3.4));
#2814 = SURFACE_CURVE('',#2815,(#2819,#2826),.PCURVE_S1.);
#2815 = LINE('',#2816,#2817);
#2816 = CARTESIAN_POINT('',(78.25,50.875,3.4));
#2817 = VECTOR('',#2818,1.);
#2818 = DIRECTION('',(-0.,1.,0.));
#2819 = PCURVE('',#314,#2820);
#2820 = DEFINITIONAL_REPRESENTATION('',(#2821),#2825);
#2821 = LINE('',#2822,#2823);
#2822 = CARTESIAN_POINT('',(67.05,48.475));
#2823 = VECTOR('',#2824,1.);
#2824 = DIRECTION('',(0.,1.));
#2825 = ( GEOMETRIC_REPRESENTATION_CONTEXT(2) 
PARAMETRIC_REPRESENTATION_CONTEXT() REPRESENTATION_CONTEXT('2D SPACE',''
  ) );
#2826 = PCURVE('',#2827,#2832);
#2827 = PLANE('',#2828);
#2828 = AXIS2_PLACEMENT_3D('',#2829,#2830,#2831);
#2829 = CARTESIAN_POINT('',(78.25,99.35,3.39));
#2830 = DIRECTION('',(1.,0.,-0.));
#2831 = DIRECTION('',(0.,0.,1.));
#2832 = DEFINITIONAL_REPRESENTATION('',(#2833),#2837);
#2833 = LINE('',#2834,#2835);
#2834 = CARTESIAN_POINT('',(1.E-02,48.475));
#2835 = VECTOR('',#2836,1.);
#2836 = DIRECTION('',(0.,-1.));
#2837 = ( GEOMETRIC_REPRESENTATION_CONTEXT(2) 
PARAMETRIC_REPRESENTATION_CONTEXT() REPRESENTATION_CONTEXT('2D SPACE',''
  ) );
#2838 = ORIENTED_EDGE('',*,*,#2839,.T.);
#2839 = EDGE_CURVE('',#2812,#895,#2840,.T.);
#2840 = SURFACE_CURVE('',#2841,(#2845,#2852),.PCURVE_S1.);
#2841 = LINE('',#2842,#2843);
#2842 = CARTESIAN_POINT('',(78.25,99.35,3.4));
#2843 = VECTOR('',#2844,1.);
#2844 = DIRECTION('',(-1.,0.,0.));
#2845 = PCURVE('',#314,#2846);
#2846 = DEFINITIONAL_REPRESENTATION('',(#2847),#2851);
#2847 = LINE('',#2848,#2849);
#2848 = CARTESIAN_POINT('',(67.05,96.95));
#2849 = VECTOR('',#2850,1.);
#2850 = DIRECTION('',(-1.,0.));
#2851 = ( GEOMETRIC_REPRESENTATION_CONTEXT(2) 
PARAMETRIC_REPRESENTATION_CONTEXT() REPRESENTATION_CONTEXT('2D SPACE',''
  ) );
#2852 = PCURVE('',#910,#2853);
#2853 = DEFINITIONAL_REPRESENTATION('',(#2854),#2858);
#2854 = LINE('',#2855,#2856);
#2855 = CARTESIAN_POINT('',(1.E-02,44.3));
#2856 = VECTOR('',#2857,1.);
#2857 = DIRECTION('',(0.,-1.));
#2858 = ( GEOMETRIC_REPRESENTATION_CONTEXT(2) 
PARAMETRIC_REPRESENTATION_CONTEXT() REPRESENTATION_CONTEXT('2D SPACE',''
  ) );
#2859 = ORIENTED_EDGE('',*,*,#921,.F.);
#2860 = ORIENTED_EDGE('',*,*,#2861,.T.);
#2861 = EDGE_CURVE('',#922,#2862,#2864,.T.);
#2862 = VERTEX_POINT('',#2863);
#2863 = CARTESIAN_POINT('',(78.25,99.05,3.4));
#2864 = SURFACE_CURVE('',#2865,(#2869,#2876),.PCURVE_S1.);
#2865 = LINE('',#2866,#2867);
#2866 = CARTESIAN_POINT('',(11.95,99.05,3.4));
#2867 = VECTOR('',#2868,1.);
#2868 = DIRECTION('',(1.,0.,0.));
#2869 = PCURVE('',#314,#2870);
#2870 = DEFINITIONAL_REPRESENTATION('',(#2871),#2875);
#2871 = LINE('',#2872,#2873);
#2872 = CARTESIAN_POINT('',(0.75,96.65));
#2873 = VECTOR('',#2874,1.);
#2874 = DIRECTION('',(1.,0.));
#2875 = ( GEOMETRIC_REPRESENTATION_CONTEXT(2) 
PARAMETRIC_REPRESENTATION_CONTEXT() REPRESENTATION_CONTEXT('2D SPACE',''
  ) );
#2876 = PCURVE('',#959,#2877);
#2877 = DEFINITIONAL_REPRESENTATION('',(#2878),#2882);
#2878 = LINE('',#2879,#2880);
#2879 = CARTESIAN_POINT('',(1.E-02,-44.));
#2880 = VECTOR('',#2881,1.);
#2881 = DIRECTION('',(0.,1.));
#2882 = ( GEOMETRIC_REPRESENTATION_CONTEXT(2) 
PARAMETRIC_REPRESENTATION_CONTEXT() REPRESENTATION_CONTEXT('2D SPACE',''
  ) );
#2883 = ORIENTED_EDGE('',*,*,#2884,.F.);
#2884 = EDGE_CURVE('',#2885,#2862,#2887,.T.);
#2885 = VERTEX_POINT('',#2886);
#2886 = CARTESIAN_POINT('',(78.25,76.75,3.4));
#2887 = SURFACE_CURVE('',#2888,(#2892,#2899),.PCURVE_S1.);
#2888 = LINE('',#2889,#2890);
#2889 = CARTESIAN_POINT('',(78.25,39.575,3.4));
#2890 = VECTOR('',#2891,1.);
#2891 = DIRECTION('',(-0.,1.,0.));
#2892 = PCURVE('',#314,#2893);
#2893 = DEFINITIONAL_REPRESENTATION('',(#2894),#2898);
#2894 = LINE('',#2895,#2896);
#2895 = CARTESIAN_POINT('',(67.05,37.175));
#2896 = VECTOR('',#2897,1.);
#2897 = DIRECTION('',(0.,1.));
#2898 = ( GEOMETRIC_REPRESENTATION_CONTEXT(2) 
PARAMETRIC_REPRESENTATION_CONTEXT() REPRESENTATION_CONTEXT('2D SPACE',''
  ) );
#2899 = PCURVE('',#2900,#2905);
#2900 = PLANE('',#2901);
#2901 = AXIS2_PLACEMENT_3D('',#2902,#2903,#2904);
#2902 = CARTESIAN_POINT('',(78.25,76.75,3.39));
#2903 = DIRECTION('',(1.,0.,-0.));
#2904 = DIRECTION('',(0.,0.,1.));
#2905 = DEFINITIONAL_REPRESENTATION('',(#2906),#2910);
#2906 = LINE('',#2907,#2908);
#2907 = CARTESIAN_POINT('',(1.E-02,37.175));
#2908 = VECTOR('',#2909,1.);
#2909 = DIRECTION('',(0.,-1.));
#2910 = ( GEOMETRIC_REPRESENTATION_CONTEXT(2) 
PARAMETRIC_REPRESENTATION_CONTEXT() REPRESENTATION_CONTEXT('2D SPACE',''
  ) );
#2911 = ORIENTED_EDGE('',*,*,#2912,.T.);
#2912 = EDGE_CURVE('',#2885,#1101,#2913,.T.);
#2913 = SURFACE_CURVE('',#2914,(#2918,#2925),.PCURVE_S1.);
#2914 = LINE('',#2915,#2916);
#2915 = CARTESIAN_POINT('',(78.25,76.75,3.4));
#2916 = VECTOR('',#2917,1.);
#2917 = DIRECTION('',(-1.,0.,0.));
#2918 = PCURVE('',#314,#2919);
#2919 = DEFINITIONAL_REPRESENTATION('',(#2920),#2924);
#2920 = LINE('',#2921,#2922);
#2921 = CARTESIAN_POINT('',(67.05,74.35));
#2922 = VECTOR('',#2923,1.);
#2923 = DIRECTION('',(-1.,0.));
#2924 = ( GEOMETRIC_REPRESENTATION_CONTEXT(2) 
PARAMETRIC_REPRESENTATION_CONTEXT() REPRESENTATION_CONTEXT('2D SPACE',''
  ) );
#2925 = PCURVE('',#1116,#2926);
#2926 = DEFINITIONAL_REPRESENTATION('',(#2927),#2931);
#2927 = LINE('',#2928,#2929);
#2928 = CARTESIAN_POINT('',(1.E-02,44.3));
#2929 = VECTOR('',#2930,1.);
#2930 = DIRECTION('',(0.,-1.));
#2931 = ( GEOMETRIC_REPRESENTATION_CONTEXT(2) 
PARAMETRIC_REPRESENTATION_CONTEXT() REPRESENTATION_CONTEXT('2D SPACE',''
  ) );
#2932 = ORIENTED_EDGE('',*,*,#1127,.F.);
#2933 = ORIENTED_EDGE('',*,*,#2934,.T.);
#2934 = EDGE_CURVE('',#1128,#2935,#2937,.T.);
#2935 = VERTEX_POINT('',#2936);
#2936 = CARTESIAN_POINT('',(78.25,76.45,3.4));
#2937 = SURFACE_CURVE('',#2938,(#2942,#2949),.PCURVE_S1.);
#2938 = LINE('',#2939,#2940);
#2939 = CARTESIAN_POINT('',(11.95,76.45,3.4));
#2940 = VECTOR('',#2941,1.);
#2941 = DIRECTION('',(1.,0.,0.));
#2942 = PCURVE('',#314,#2943);
#2943 = DEFINITIONAL_REPRESENTATION('',(#2944),#2948);
#2944 = LINE('',#2945,#2946);
#2945 = CARTESIAN_POINT('',(0.75,74.05));
#2946 = VECTOR('',#2947,1.);
#2947 = DIRECTION('',(1.,0.));
#2948 = ( GEOMETRIC_REPRESENTATION_CONTEXT(2) 
PARAMETRIC_REPRESENTATION_CONTEXT() REPRESENTATION_CONTEXT('2D SPACE',''
  ) );
#2949 = PCURVE('',#1165,#2950);
#2950 = DEFINITIONAL_REPRESENTATION('',(#2951),#2955);
#2951 = LINE('',#2952,#2953);
#2952 = CARTESIAN_POINT('',(1.E-02,-44.));
#2953 = VECTOR('',#2954,1.);
#2954 = DIRECTION('',(0.,1.));
#2955 = ( GEOMETRIC_REPRESENTATION_CONTEXT(2) 
PARAMETRIC_REPRESENTATION_CONTEXT() REPRESENTATION_CONTEXT('2D SPACE',''
  ) );
#2956 = ORIENTED_EDGE('',*,*,#2957,.F.);
#2957 = EDGE_CURVE('',#2958,#2935,#2960,.T.);
#2958 = VERTEX_POINT('',#2959);
#2959 = CARTESIAN_POINT('',(78.25,54.15,3.4));
#2960 = SURFACE_CURVE('',#2961,(#2965,#2972),.PCURVE_S1.);
#2961 = LINE('',#2962,#2963);
#2962 = CARTESIAN_POINT('',(78.25,28.275,3.4));
#2963 = VECTOR('',#2964,1.);
#2964 = DIRECTION('',(-0.,1.,0.));
#2965 = PCURVE('',#314,#2966);
#2966 = DEFINITIONAL_REPRESENTATION('',(#2967),#2971);
#2967 = LINE('',#2968,#2969);
#2968 = CARTESIAN_POINT('',(67.05,25.875));
#2969 = VECTOR('',#2970,1.);
#2970 = DIRECTION('',(0.,1.));
#2971 = ( GEOMETRIC_REPRESENTATION_CONTEXT(2) 
PARAMETRIC_REPRESENTATION_CONTEXT() REPRESENTATION_CONTEXT('2D SPACE',''
  ) );
#2972 = PCURVE('',#2973,#2978);
#2973 = PLANE('',#2974);
#2974 = AXIS2_PLACEMENT_3D('',#2975,#2976,#2977);
#2975 = CARTESIAN_POINT('',(78.25,54.15,3.39));
#2976 = DIRECTION('',(1.,0.,-0.));
#2977 = DIRECTION('',(0.,0.,1.));
#2978 = DEFINITIONAL_REPRESENTATION('',(#2979),#2983);
#2979 = LINE('',#2980,#2981);
#2980 = CARTESIAN_POINT('',(1.E-02,25.875));
#2981 = VECTOR('',#2982,1.);
#2982 = DIRECTION('',(0.,-1.));
#2983 = ( GEOMETRIC_REPRESENTATION_CONTEXT(2) 
PARAMETRIC_REPRESENTATION_CONTEXT() REPRESENTATION_CONTEXT('2D SPACE',''
  ) );
#2984 = ORIENTED_EDGE('',*,*,#2985,.T.);
#2985 = EDGE_CURVE('',#2958,#1307,#2986,.T.);
#2986 = SURFACE_CURVE('',#2987,(#2991,#2998),.PCURVE_S1.);
#2987 = LINE('',#2988,#2989);
#2988 = CARTESIAN_POINT('',(78.25,54.15,3.4));
#2989 = VECTOR('',#2990,1.);
#2990 = DIRECTION('',(-1.,0.,0.));
#2991 = PCURVE('',#314,#2992);
#2992 = DEFINITIONAL_REPRESENTATION('',(#2993),#2997);
#2993 = LINE('',#2994,#2995);
#2994 = CARTESIAN_POINT('',(67.05,51.75));
#2995 = VECTOR('',#2996,1.);
#2996 = DIRECTION('',(-1.,0.));
#2997 = ( GEOMETRIC_REPRESENTATION_CONTEXT(2) 
PARAMETRIC_REPRESENTATION_CONTEXT() REPRESENTATION_CONTEXT('2D SPACE',''
  ) );
#2998 = PCURVE('',#1322,#2999);
#2999 = DEFINITIONAL_REPRESENTATION('',(#3000),#3004);
#3000 = LINE('',#3001,#3002);
#3001 = CARTESIAN_POINT('',(1.E-02,44.3));
#3002 = VECTOR('',#3003,1.);
#3003 = DIRECTION('',(0.,-1.));
#3004 = ( GEOMETRIC_REPRESENTATION_CONTEXT(2) 
PARAMETRIC_REPRESENTATION_CONTEXT() REPRESENTATION_CONTEXT('2D SPACE',''
  ) );
#3005 = ORIENTED_EDGE('',*,*,#1333,.F.);
#3006 = ORIENTED_EDGE('',*,*,#3007,.T.);
#3007 = EDGE_CURVE('',#1334,#3008,#3010,.T.);
#3008 = VERTEX_POINT('',#3009);
#3009 = CARTESIAN_POINT('',(78.25,53.85,3.4));
#3010 = SURFACE_CURVE('',#3011,(#3015,#3022),.PCURVE_S1.);
#3011 = LINE('',#3012,#3013);
#3012 = CARTESIAN_POINT('',(11.95,53.85,3.4));
#3013 = VECTOR('',#3014,1.);
#3014 = DIRECTION('',(1.,0.,0.));
#3015 = PCURVE('',#314,#3016);
#3016 = DEFINITIONAL_REPRESENTATION('',(#3017),#3021);
#3017 = LINE('',#3018,#3019);
#3018 = CARTESIAN_POINT('',(0.75,51.45));
#3019 = VECTOR('',#3020,1.);
#3020 = DIRECTION('',(1.,0.));
#3021 = ( GEOMETRIC_REPRESENTATION_CONTEXT(2) 
PARAMETRIC_REPRESENTATION_CONTEXT() REPRESENTATION_CONTEXT('2D SPACE',''
  ) );
#3022 = PCURVE('',#1371,#3023);
#3023 = DEFINITIONAL_REPRESENTATION('',(#3024),#3028);
#3024 = LINE('',#3025,#3026);
#3025 = CARTESIAN_POINT('',(1.E-02,-44.));
#3026 = VECTOR('',#3027,1.);
#3027 = DIRECTION('',(0.,1.));
#3028 = ( GEOMETRIC_REPRESENTATION_CONTEXT(2) 
PARAMETRIC_REPRESENTATION_CONTEXT() REPRESENTATION_CONTEXT('2D SPACE',''
  ) );
#3029 = ORIENTED_EDGE('',*,*,#3030,.F.);
#3030 = EDGE_CURVE('',#3031,#3008,#3033,.T.);
#3031 = VERTEX_POINT('',#3032);
#3032 = CARTESIAN_POINT('',(78.25,31.55,3.4));
#3033 = SURFACE_CURVE('',#3034,(#3038,#3045),.PCURVE_S1.);
#3034 = LINE('',#3035,#3036);
#3035 = CARTESIAN_POINT('',(78.25,16.975,3.4));
#3036 = VECTOR('',#3037,1.);
#3037 = DIRECTION('',(-0.,1.,0.));
#3038 = PCURVE('',#314,#3039);
#3039 = DEFINITIONAL_REPRESENTATION('',(#3040),#3044);
#3040 = LINE('',#3041,#3042);
#3041 = CARTESIAN_POINT('',(67.05,14.575));
#3042 = VECTOR('',#3043,1.);
#3043 = DIRECTION('',(0.,1.));
#3044 = ( GEOMETRIC_REPRESENTATION_CONTEXT(2) 
PARAMETRIC_REPRESENTATION_CONTEXT() REPRESENTATION_CONTEXT('2D SPACE',''
  ) );
#3045 = PCURVE('',#3046,#3051);
#3046 = PLANE('',#3047);
#3047 = AXIS2_PLACEMENT_3D('',#3048,#3049,#3050);
#3048 = CARTESIAN_POINT('',(78.25,31.55,3.39));
#3049 = DIRECTION('',(1.,0.,-0.));
#3050 = DIRECTION('',(0.,0.,1.));
#3051 = DEFINITIONAL_REPRESENTATION('',(#3052),#3056);
#3052 = LINE('',#3053,#3054);
#3053 = CARTESIAN_POINT('',(1.E-02,14.575));
#3054 = VECTOR('',#3055,1.);
#3055 = DIRECTION('',(0.,-1.));
#3056 = ( GEOMETRIC_REPRESENTATION_CONTEXT(2) 
PARAMETRIC_REPRESENTATION_CONTEXT() REPRESENTATION_CONTEXT('2D SPACE',''
  ) );
#3057 = ORIENTED_EDGE('',*,*,#3058,.T.);
#3058 = EDGE_CURVE('',#3031,#1513,#3059,.T.);
#3059 = SURFACE_CURVE('',#3060,(#3064,#3071),.PCURVE_S1.);
#3060 = LINE('',#3061,#3062);
#3061 = CARTESIAN_POINT('',(78.25,31.55,3.4));
#3062 = VECTOR('',#3063,1.);
#3063 = DIRECTION('',(-1.,0.,0.));
#3064 = PCURVE('',#314,#3065);
#3065 = DEFINITIONAL_REPRESENTATION('',(#3066),#3070);
#3066 = LINE('',#3067,#3068);
#3067 = CARTESIAN_POINT('',(67.05,29.15));
#3068 = VECTOR('',#3069,1.);
#3069 = DIRECTION('',(-1.,0.));
#3070 = ( GEOMETRIC_REPRESENTATION_CONTEXT(2) 
PARAMETRIC_REPRESENTATION_CONTEXT() REPRESENTATION_CONTEXT('2D SPACE',''
  ) );
#3071 = PCURVE('',#1528,#3072);
#3072 = DEFINITIONAL_REPRESENTATION('',(#3073),#3077);
#3073 = LINE('',#3074,#3075);
#3074 = CARTESIAN_POINT('',(1.E-02,44.3));
#3075 = VECTOR('',#3076,1.);
#3076 = DIRECTION('',(0.,-1.));
#3077 = ( GEOMETRIC_REPRESENTATION_CONTEXT(2) 
PARAMETRIC_REPRESENTATION_CONTEXT() REPRESENTATION_CONTEXT('2D SPACE',''
  ) );
#3078 = ORIENTED_EDGE('',*,*,#1539,.F.);
#3079 = ORIENTED_EDGE('',*,*,#3080,.T.);
#3080 = EDGE_CURVE('',#1540,#3081,#3083,.T.);
#3081 = VERTEX_POINT('',#3082);
#3082 = CARTESIAN_POINT('',(78.25,31.25,3.4));
#3083 = SURFACE_CURVE('',#3084,(#3088,#3095),.PCURVE_S1.);
#3084 = LINE('',#3085,#3086);
#3085 = CARTESIAN_POINT('',(11.95,31.25,3.4));
#3086 = VECTOR('',#3087,1.);
#3087 = DIRECTION('',(1.,0.,0.));
#3088 = PCURVE('',#314,#3089);
#3089 = DEFINITIONAL_REPRESENTATION('',(#3090),#3094);
#3090 = LINE('',#3091,#3092);
#3091 = CARTESIAN_POINT('',(0.75,28.85));
#3092 = VECTOR('',#3093,1.);
#3093 = DIRECTION('',(1.,0.));
#3094 = ( GEOMETRIC_REPRESENTATION_CONTEXT(2) 
PARAMETRIC_REPRESENTATION_CONTEXT() REPRESENTATION_CONTEXT('2D SPACE',''
  ) );
#3095 = PCURVE('',#1577,#3096);
#3096 = DEFINITIONAL_REPRESENTATION('',(#3097),#3101);
#3097 = LINE('',#3098,#3099);
#3098 = CARTESIAN_POINT('',(1.E-02,-44.));
#3099 = VECTOR('',#3100,1.);
#3100 = DIRECTION('',(0.,1.));
#3101 = ( GEOMETRIC_REPRESENTATION_CONTEXT(2) 
PARAMETRIC_REPRESENTATION_CONTEXT() REPRESENTATION_CONTEXT('2D SPACE',''
  ) );
#3102 = ORIENTED_EDGE('',*,*,#3103,.F.);
#3103 = EDGE_CURVE('',#3104,#3081,#3106,.T.);
#3104 = VERTEX_POINT('',#3105);
#3105 = CARTESIAN_POINT('',(78.25,8.95,3.4));
#3106 = SURFACE_CURVE('',#3107,(#3111,#3118),.PCURVE_S1.);
#3107 = LINE('',#3108,#3109);
#3108 = CARTESIAN_POINT('',(78.25,5.675,3.4));
#3109 = VECTOR('',#3110,1.);
#3110 = DIRECTION('',(-0.,1.,0.));
#3111 = PCURVE('',#314,#3112);
#3112 = DEFINITIONAL_REPRESENTATION('',(#3113),#3117);
#3113 = LINE('',#3114,#3115);
#3114 = CARTESIAN_POINT('',(67.05,3.275));
#3115 = VECTOR('',#3116,1.);
#3116 = DIRECTION('',(0.,1.));
#3117 = ( GEOMETRIC_REPRESENTATION_CONTEXT(2) 
PARAMETRIC_REPRESENTATION_CONTEXT() REPRESENTATION_CONTEXT('2D SPACE',''
  ) );
#3118 = PCURVE('',#3119,#3124);
#3119 = PLANE('',#3120);
#3120 = AXIS2_PLACEMENT_3D('',#3121,#3122,#3123);
#3121 = CARTESIAN_POINT('',(78.25,8.95,3.39));
#3122 = DIRECTION('',(1.,0.,-0.));
#3123 = DIRECTION('',(0.,0.,1.));
#3124 = DEFINITIONAL_REPRESENTATION('',(#3125),#3129);
#3125 = LINE('',#3126,#3127);
#3126 = CARTESIAN_POINT('',(1.E-02,3.275));
#3127 = VECTOR('',#3128,1.);
#3128 = DIRECTION('',(0.,-1.));
#3129 = ( GEOMETRIC_REPRESENTATION_CONTEXT(2) 
PARAMETRIC_REPRESENTATION_CONTEXT() REPRESENTATION_CONTEXT('2D SPACE',''
  ) );
#3130 = ORIENTED_EDGE('',*,*,#3131,.T.);
#3131 = EDGE_CURVE('',#3104,#1719,#3132,.T.);
#3132 = SURFACE_CURVE('',#3133,(#3137,#3144),.PCURVE_S1.);
#3133 = LINE('',#3134,#3135);
#3134 = CARTESIAN_POINT('',(78.25,8.95,3.4));
#3135 = VECTOR('',#3136,1.);
#3136 = DIRECTION('',(-1.,0.,0.));
#3137 = PCURVE('',#314,#3138);
#3138 = DEFINITIONAL_REPRESENTATION('',(#3139),#3143);
#3139 = LINE('',#3140,#3141);
#3140 = CARTESIAN_POINT('',(67.05,6.55));
#3141 = VECTOR('',#3142,1.);
#3142 = DIRECTION('',(-1.,0.));
#3143 = ( GEOMETRIC_REPRESENTATION_CONTEXT(2) 
PARAMETRIC_REPRESENTATION_CONTEXT() REPRESENTATION_CONTEXT('2D SPACE',''
  ) );
#3144 = PCURVE('',#1734,#3145);
#3145 = DEFINITIONAL_REPRESENTATION('',(#3146),#3150);
#3146 = LINE('',#3147,#3148);
#3147 = CARTESIAN_POINT('',(1.E-02,44.3));
#3148 = VECTOR('',#3149,1.);
#3149 = DIRECTION('',(0.,-1.));
#3150 = ( GEOMETRIC_REPRESENTATION_CONTEXT(2) 
PARAMETRIC_REPRESENTATION_CONTEXT() REPRESENTATION_CONTEXT('2D SPACE',''
  ) );
#3151 = ORIENTED_EDGE('',*,*,#1745,.F.);
#3152 = ORIENTED_EDGE('',*,*,#2590,.F.);
#3153 = ORIENTED_EDGE('',*,*,#3154,.F.);
#3154 = EDGE_CURVE('',#3155,#2591,#3157,.T.);
#3155 = VERTEX_POINT('',#3156);
#3156 = CARTESIAN_POINT('',(84.253720748348,5.E-02,3.4));
#3157 = SURFACE_CURVE('',#3158,(#3162,#3169),.PCURVE_S1.);
#3158 = LINE('',#3159,#3160);
#3159 = CARTESIAN_POINT('',(84.253720748348,5.E-02,3.4));
#3160 = VECTOR('',#3161,1.);
#3161 = DIRECTION('',(0.,1.,0.));
#3162 = PCURVE('',#314,#3163);
#3163 = DEFINITIONAL_REPRESENTATION('',(#3164),#3168);
#3164 = LINE('',#3165,#3166);
#3165 = CARTESIAN_POINT('',(73.053720748348,-2.35));
#3166 = VECTOR('',#3167,1.);
#3167 = DIRECTION('',(0.,1.));
#3168 = ( GEOMETRIC_REPRESENTATION_CONTEXT(2) 
PARAMETRIC_REPRESENTATION_CONTEXT() REPRESENTATION_CONTEXT('2D SPACE',''
  ) );
#3169 = PCURVE('',#2416,#3170);
#3170 = DEFINITIONAL_REPRESENTATION('',(#3171),#3174);
#3171 = B_SPLINE_CURVE_WITH_KNOTS('',1,(#3172,#3173),.UNSPECIFIED.,.F.,
  .F.,(2,2),(-6.000000375081E-07,4.6000006),.PIECEWISE_BEZIER_KNOTS.);
#3172 = CARTESIAN_POINT('',(3.914288878537,-6.000000375081E-07));
#3173 = CARTESIAN_POINT('',(3.914288878537,4.6000006));
#3174 = ( GEOMETRIC_REPRESENTATION_CONTEXT(2) 
PARAMETRIC_REPRESENTATION_CONTEXT() REPRESENTATION_CONTEXT('2D SPACE',''
  ) );
#3175 = ORIENTED_EDGE('',*,*,#3176,.T.);
#3176 = EDGE_CURVE('',#3155,#3177,#3179,.T.);
#3177 = VERTEX_POINT('',#3178);
#3178 = CARTESIAN_POINT('',(90.1,5.E-02,3.4));
#3179 = SURFACE_CURVE('',#3180,(#3184,#3191),.PCURVE_S1.);
#3180 = LINE('',#3181,#3182);
#3181 = CARTESIAN_POINT('',(54.6,5.E-02,3.4));
#3182 = VECTOR('',#3183,1.);
#3183 = DIRECTION('',(1.,0.,0.));
#3184 = PCURVE('',#314,#3185);
#3185 = DEFINITIONAL_REPRESENTATION('',(#3186),#3190);
#3186 = LINE('',#3187,#3188);
#3187 = CARTESIAN_POINT('',(43.4,-2.35));
#3188 = VECTOR('',#3189,1.);
#3189 = DIRECTION('',(1.,0.));
#3190 = ( GEOMETRIC_REPRESENTATION_CONTEXT(2) 
PARAMETRIC_REPRESENTATION_CONTEXT() REPRESENTATION_CONTEXT('2D SPACE',''
  ) );
#3191 = PCURVE('',#2370,#3192);
#3192 = DEFINITIONAL_REPRESENTATION('',(#3193),#3197);
#3193 = LINE('',#3194,#3195);
#3194 = CARTESIAN_POINT('',(-14.1,-43.4));
#3195 = VECTOR('',#3196,1.);
#3196 = DIRECTION('',(0.,1.));
#3197 = ( GEOMETRIC_REPRESENTATION_CONTEXT(2) 
PARAMETRIC_REPRESENTATION_CONTEXT() REPRESENTATION_CONTEXT('2D SPACE',''
  ) );
#3198 = ORIENTED_EDGE('',*,*,#3199,.T.);
#3199 = EDGE_CURVE('',#3177,#2223,#3200,.T.);
#3200 = SURFACE_CURVE('',#3201,(#3205,#3212),.PCURVE_S1.);
#3201 = LINE('',#3202,#3203);
#3202 = CARTESIAN_POINT('',(90.1,1.15,3.4));
#3203 = VECTOR('',#3204,1.);
#3204 = DIRECTION('',(0.,-1.,0.));
#3205 = PCURVE('',#314,#3206);
#3206 = DEFINITIONAL_REPRESENTATION('',(#3207),#3211);
#3207 = LINE('',#3208,#3209);
#3208 = CARTESIAN_POINT('',(78.9,-1.25));
#3209 = VECTOR('',#3210,1.);
#3210 = DIRECTION('',(0.,-1.));
#3211 = ( GEOMETRIC_REPRESENTATION_CONTEXT(2) 
PARAMETRIC_REPRESENTATION_CONTEXT() REPRESENTATION_CONTEXT('2D SPACE',''
  ) );
#3212 = PCURVE('',#2238,#3213);
#3213 = DEFINITIONAL_REPRESENTATION('',(#3214),#3218);
#3214 = LINE('',#3215,#3216);
#3215 = CARTESIAN_POINT('',(4.4,-1.25));
#3216 = VECTOR('',#3217,1.);
#3217 = DIRECTION('',(0.,1.));
#3218 = ( GEOMETRIC_REPRESENTATION_CONTEXT(2) 
PARAMETRIC_REPRESENTATION_CONTEXT() REPRESENTATION_CONTEXT('2D SPACE',''
  ) );
#3219 = ORIENTED_EDGE('',*,*,#2250,.T.);
#3220 = ORIENTED_EDGE('',*,*,#3221,.T.);
#3221 = EDGE_CURVE('',#2251,#3222,#3224,.T.);
#3222 = VERTEX_POINT('',#3223);
#3223 = CARTESIAN_POINT('',(90.2,0.3,3.4));
#3224 = SURFACE_CURVE('',#3225,(#3229,#3236),.PCURVE_S1.);
#3225 = LINE('',#3226,#3227);
#3226 = CARTESIAN_POINT('',(90.2,0.,3.4));
#3227 = VECTOR('',#3228,1.);
#3228 = DIRECTION('',(-0.,1.,0.));
#3229 = PCURVE('',#314,#3230);
#3230 = DEFINITIONAL_REPRESENTATION('',(#3231),#3235);
#3231 = LINE('',#3232,#3233);
#3232 = CARTESIAN_POINT('',(79.,-2.4));
#3233 = VECTOR('',#3234,1.);
#3234 = DIRECTION('',(0.,1.));
#3235 = ( GEOMETRIC_REPRESENTATION_CONTEXT(2) 
PARAMETRIC_REPRESENTATION_CONTEXT() REPRESENTATION_CONTEXT('2D SPACE',''
  ) );
#3236 = PCURVE('',#2289,#3237);
#3237 = DEFINITIONAL_REPRESENTATION('',(#3238),#3242);
#3238 = LINE('',#3239,#3240);
#3239 = CARTESIAN_POINT('',(3.4,0.));
#3240 = VECTOR('',#3241,1.);
#3241 = DIRECTION('',(0.,-1.));
#3242 = ( GEOMETRIC_REPRESENTATION_CONTEXT(2) 
PARAMETRIC_REPRESENTATION_CONTEXT() REPRESENTATION_CONTEXT('2D SPACE',''
  ) );
#3243 = ORIENTED_EDGE('',*,*,#3244,.T.);
#3244 = EDGE_CURVE('',#3222,#3245,#3247,.T.);
#3245 = VERTEX_POINT('',#3246);
#3246 = CARTESIAN_POINT('',(90.,0.3,3.4));
#3247 = SURFACE_CURVE('',#3248,(#3252,#3259),.PCURVE_S1.);
#3248 = LINE('',#3249,#3250);
#3249 = CARTESIAN_POINT('',(50.6,0.3,3.4));
#3250 = VECTOR('',#3251,1.);
#3251 = DIRECTION('',(-1.,-0.,0.));
#3252 = PCURVE('',#314,#3253);
#3253 = DEFINITIONAL_REPRESENTATION('',(#3254),#3258);
#3254 = LINE('',#3255,#3256);
#3255 = CARTESIAN_POINT('',(39.4,-2.1));
#3256 = VECTOR('',#3257,1.);
#3257 = DIRECTION('',(-1.,0.));
#3258 = ( GEOMETRIC_REPRESENTATION_CONTEXT(2) 
PARAMETRIC_REPRESENTATION_CONTEXT() REPRESENTATION_CONTEXT('2D SPACE',''
  ) );
#3259 = PCURVE('',#3260,#3265);
#3260 = PLANE('',#3261);
#3261 = AXIS2_PLACEMENT_3D('',#3262,#3263,#3264);
#3262 = CARTESIAN_POINT('',(90.,0.3,0.));
#3263 = DIRECTION('',(-0.,1.,0.));
#3264 = DIRECTION('',(0.,0.,1.));
#3265 = DEFINITIONAL_REPRESENTATION('',(#3266),#3270);
#3266 = LINE('',#3267,#3268);
#3267 = CARTESIAN_POINT('',(3.4,-39.4));
#3268 = VECTOR('',#3269,1.);
#3269 = DIRECTION('',(0.,-1.));
#3270 = ( GEOMETRIC_REPRESENTATION_CONTEXT(2) 
PARAMETRIC_REPRESENTATION_CONTEXT() REPRESENTATION_CONTEXT('2D SPACE',''
  ) );
#3271 = ORIENTED_EDGE('',*,*,#3272,.T.);
#3272 = EDGE_CURVE('',#3245,#3273,#3275,.T.);
#3273 = VERTEX_POINT('',#3274);
#3274 = CARTESIAN_POINT('',(90.,2.8,3.4));
#3275 = SURFACE_CURVE('',#3276,(#3280,#3287),.PCURVE_S1.);
#3276 = LINE('',#3277,#3278);
#3277 = CARTESIAN_POINT('',(90.,1.35,3.4));
#3278 = VECTOR('',#3279,1.);
#3279 = DIRECTION('',(-0.,1.,0.));
#3280 = PCURVE('',#314,#3281);
#3281 = DEFINITIONAL_REPRESENTATION('',(#3282),#3286);
#3282 = LINE('',#3283,#3284);
#3283 = CARTESIAN_POINT('',(78.8,-1.05));
#3284 = VECTOR('',#3285,1.);
#3285 = DIRECTION('',(0.,1.));
#3286 = ( GEOMETRIC_REPRESENTATION_CONTEXT(2) 
PARAMETRIC_REPRESENTATION_CONTEXT() REPRESENTATION_CONTEXT('2D SPACE',''
  ) );
#3287 = PCURVE('',#3288,#3293);
#3288 = PLANE('',#3289);
#3289 = AXIS2_PLACEMENT_3D('',#3290,#3291,#3292);
#3290 = CARTESIAN_POINT('',(90.,0.3,0.));
#3291 = DIRECTION('',(1.,0.,-0.));
#3292 = DIRECTION('',(0.,0.,1.));
#3293 = DEFINITIONAL_REPRESENTATION('',(#3294),#3298);
#3294 = LINE('',#3295,#3296);
#3295 = CARTESIAN_POINT('',(3.4,-1.05));
#3296 = VECTOR('',#3297,1.);
#3297 = DIRECTION('',(0.,-1.));
#3298 = ( GEOMETRIC_REPRESENTATION_CONTEXT(2) 
PARAMETRIC_REPRESENTATION_CONTEXT() REPRESENTATION_CONTEXT('2D SPACE',''
  ) );
#3299 = ORIENTED_EDGE('',*,*,#3300,.F.);
#3300 = EDGE_CURVE('',#3301,#3273,#3303,.T.);
#3301 = VERTEX_POINT('',#3302);
#3302 = CARTESIAN_POINT('',(90.2,2.8,3.4));
#3303 = SURFACE_CURVE('',#3304,(#3308,#3315),.PCURVE_S1.);
#3304 = LINE('',#3305,#3306);
#3305 = CARTESIAN_POINT('',(50.6,2.8,3.4));
#3306 = VECTOR('',#3307,1.);
#3307 = DIRECTION('',(-1.,-0.,0.));
#3308 = PCURVE('',#314,#3309);
#3309 = DEFINITIONAL_REPRESENTATION('',(#3310),#3314);
#3310 = LINE('',#3311,#3312);
#3311 = CARTESIAN_POINT('',(39.4,0.4));
#3312 = VECTOR('',#3313,1.);
#3313 = DIRECTION('',(-1.,0.));
#3314 = ( GEOMETRIC_REPRESENTATION_CONTEXT(2) 
PARAMETRIC_REPRESENTATION_CONTEXT() REPRESENTATION_CONTEXT('2D SPACE',''
  ) );
#3315 = PCURVE('',#3316,#3321);
#3316 = PLANE('',#3317);
#3317 = AXIS2_PLACEMENT_3D('',#3318,#3319,#3320);
#3318 = CARTESIAN_POINT('',(90.,2.8,0.));
#3319 = DIRECTION('',(-0.,1.,0.));
#3320 = DIRECTION('',(0.,0.,1.));
#3321 = DEFINITIONAL_REPRESENTATION('',(#3322),#3326);
#3322 = LINE('',#3323,#3324);
#3323 = CARTESIAN_POINT('',(3.4,-39.4));
#3324 = VECTOR('',#3325,1.);
#3325 = DIRECTION('',(0.,-1.));
#3326 = ( GEOMETRIC_REPRESENTATION_CONTEXT(2) 
PARAMETRIC_REPRESENTATION_CONTEXT() REPRESENTATION_CONTEXT('2D SPACE',''
  ) );
#3327 = ORIENTED_EDGE('',*,*,#3328,.T.);
#3328 = EDGE_CURVE('',#3301,#3329,#3331,.T.);
#3329 = VERTEX_POINT('',#3330);
#3330 = CARTESIAN_POINT('',(90.2,3.05,3.4));
#3331 = SURFACE_CURVE('',#3332,(#3336,#3343),.PCURVE_S1.);
#3332 = LINE('',#3333,#3334);
#3333 = CARTESIAN_POINT('',(90.2,0.,3.4));
#3334 = VECTOR('',#3335,1.);
#3335 = DIRECTION('',(-0.,1.,0.));
#3336 = PCURVE('',#314,#3337);
#3337 = DEFINITIONAL_REPRESENTATION('',(#3338),#3342);
#3338 = LINE('',#3339,#3340);
#3339 = CARTESIAN_POINT('',(79.,-2.4));
#3340 = VECTOR('',#3341,1.);
#3341 = DIRECTION('',(0.,1.));
#3342 = ( GEOMETRIC_REPRESENTATION_CONTEXT(2) 
PARAMETRIC_REPRESENTATION_CONTEXT() REPRESENTATION_CONTEXT('2D SPACE',''
  ) );
#3343 = PCURVE('',#3344,#3349);
#3344 = PLANE('',#3345);
#3345 = AXIS2_PLACEMENT_3D('',#3346,#3347,#3348);
#3346 = CARTESIAN_POINT('',(90.2,0.,0.));
#3347 = DIRECTION('',(1.,0.,-0.));
#3348 = DIRECTION('',(0.,0.,1.));
#3349 = DEFINITIONAL_REPRESENTATION('',(#3350),#3354);
#3350 = LINE('',#3351,#3352);
#3351 = CARTESIAN_POINT('',(3.4,0.));
#3352 = VECTOR('',#3353,1.);
#3353 = DIRECTION('',(0.,-1.));
#3354 = ( GEOMETRIC_REPRESENTATION_CONTEXT(2) 
PARAMETRIC_REPRESENTATION_CONTEXT() REPRESENTATION_CONTEXT('2D SPACE',''
  ) );
#3355 = ORIENTED_EDGE('',*,*,#3356,.T.);
#3356 = EDGE_CURVE('',#3329,#3357,#3359,.T.);
#3357 = VERTEX_POINT('',#3358);
#3358 = CARTESIAN_POINT('',(84.253720748348,3.05,3.4));
#3359 = SURFACE_CURVE('',#3360,(#3364,#3371),.PCURVE_S1.);
#3360 = LINE('',#3361,#3362);
#3361 = CARTESIAN_POINT('',(54.6,3.05,3.4));
#3362 = VECTOR('',#3363,1.);
#3363 = DIRECTION('',(-1.,0.,0.));
#3364 = PCURVE('',#314,#3365);
#3365 = DEFINITIONAL_REPRESENTATION('',(#3366),#3370);
#3366 = LINE('',#3367,#3368);
#3367 = CARTESIAN_POINT('',(43.4,0.65));
#3368 = VECTOR('',#3369,1.);
#3369 = DIRECTION('',(-1.,0.));
#3370 = ( GEOMETRIC_REPRESENTATION_CONTEXT(2) 
PARAMETRIC_REPRESENTATION_CONTEXT() REPRESENTATION_CONTEXT('2D SPACE',''
  ) );
#3371 = PCURVE('',#3372,#3377);
#3372 = PLANE('',#3373);
#3373 = AXIS2_PLACEMENT_3D('',#3374,#3375,#3376);
#3374 = CARTESIAN_POINT('',(98.,3.05,17.5));
#3375 = DIRECTION('',(0.,1.,0.));
#3376 = DIRECTION('',(0.,-0.,1.));
#3377 = DEFINITIONAL_REPRESENTATION('',(#3378),#3382);
#3378 = LINE('',#3379,#3380);
#3379 = CARTESIAN_POINT('',(-14.1,-43.4));
#3380 = VECTOR('',#3381,1.);
#3381 = DIRECTION('',(0.,-1.));
#3382 = ( GEOMETRIC_REPRESENTATION_CONTEXT(2) 
PARAMETRIC_REPRESENTATION_CONTEXT() REPRESENTATION_CONTEXT('2D SPACE',''
  ) );
#3383 = ORIENTED_EDGE('',*,*,#3384,.T.);
#3384 = EDGE_CURVE('',#3357,#3385,#3387,.T.);
#3385 = VERTEX_POINT('',#3386);
#3386 = CARTESIAN_POINT('',(84.253720748348,6.55,3.4));
#3387 = SURFACE_CURVE('',#3388,(#3392,#3399),.PCURVE_S1.);
#3388 = LINE('',#3389,#3390);
#3389 = CARTESIAN_POINT('',(84.253720748348,3.05,3.4));
#3390 = VECTOR('',#3391,1.);
#3391 = DIRECTION('',(0.,1.,0.));
#3392 = PCURVE('',#314,#3393);
#3393 = DEFINITIONAL_REPRESENTATION('',(#3394),#3398);
#3394 = LINE('',#3395,#3396);
#3395 = CARTESIAN_POINT('',(73.053720748348,0.65));
#3396 = VECTOR('',#3397,1.);
#3397 = DIRECTION('',(0.,1.));
#3398 = ( GEOMETRIC_REPRESENTATION_CONTEXT(2) 
PARAMETRIC_REPRESENTATION_CONTEXT() REPRESENTATION_CONTEXT('2D SPACE',''
  ) );
#3399 = PCURVE('',#3400,#3405);
#3400 = CYLINDRICAL_SURFACE('',#3401,19.691881404894);
#3401 = AXIS2_PLACEMENT_3D('',#3402,#3403,#3404);
#3402 = CARTESIAN_POINT('',(98.,3.05,17.5));
#3403 = DIRECTION('',(0.,1.,0.));
#3404 = DIRECTION('',(0.,-0.,1.));
#3405 = DEFINITIONAL_REPRESENTATION('',(#3406),#3409);
#3406 = B_SPLINE_CURVE_WITH_KNOTS('',1,(#3407,#3408),.UNSPECIFIED.,.F.,
  .F.,(2,2),(-5.999999999062E-07,3.5000006),.PIECEWISE_BEZIER_KNOTS.);
#3407 = CARTESIAN_POINT('',(3.914288878537,-5.999999999062E-07));
#3408 = CARTESIAN_POINT('',(3.914288878537,3.5000006));
#3409 = ( GEOMETRIC_REPRESENTATION_CONTEXT(2) 
PARAMETRIC_REPRESENTATION_CONTEXT() REPRESENTATION_CONTEXT('2D SPACE',''
  ) );
#3410 = ORIENTED_EDGE('',*,*,#3411,.F.);
#3411 = EDGE_CURVE('',#3412,#3385,#3414,.T.);
#3412 = VERTEX_POINT('',#3413);
#3413 = CARTESIAN_POINT('',(89.5,6.55,3.4));
#3414 = SURFACE_CURVE('',#3415,(#3419,#3426),.PCURVE_S1.);
#3415 = LINE('',#3416,#3417);
#3416 = CARTESIAN_POINT('',(54.6,6.55,3.4));
#3417 = VECTOR('',#3418,1.);
#3418 = DIRECTION('',(-1.,0.,0.));
#3419 = PCURVE('',#314,#3420);
#3420 = DEFINITIONAL_REPRESENTATION('',(#3421),#3425);
#3421 = LINE('',#3422,#3423);
#3422 = CARTESIAN_POINT('',(43.4,4.15));
#3423 = VECTOR('',#3424,1.);
#3424 = DIRECTION('',(-1.,0.));
#3425 = ( GEOMETRIC_REPRESENTATION_CONTEXT(2) 
PARAMETRIC_REPRESENTATION_CONTEXT() REPRESENTATION_CONTEXT('2D SPACE',''
  ) );
#3426 = PCURVE('',#3427,#3432);
#3427 = PLANE('',#3428);
#3428 = AXIS2_PLACEMENT_3D('',#3429,#3430,#3431);
#3429 = CARTESIAN_POINT('',(98.,6.55,17.5));
#3430 = DIRECTION('',(0.,1.,0.));
#3431 = DIRECTION('',(0.,-0.,1.));
#3432 = DEFINITIONAL_REPRESENTATION('',(#3433),#3437);
#3433 = LINE('',#3434,#3435);
#3434 = CARTESIAN_POINT('',(-14.1,-43.4));
#3435 = VECTOR('',#3436,1.);
#3436 = DIRECTION('',(0.,-1.));
#3437 = ( GEOMETRIC_REPRESENTATION_CONTEXT(2) 
PARAMETRIC_REPRESENTATION_CONTEXT() REPRESENTATION_CONTEXT('2D SPACE',''
  ) );
#3438 = ORIENTED_EDGE('',*,*,#3439,.F.);
#3439 = EDGE_CURVE('',#2147,#3412,#3440,.T.);
#3440 = SURFACE_CURVE('',#3441,(#3445,#3452),.PCURVE_S1.);
#3441 = LINE('',#3442,#3443);
#3442 = CARTESIAN_POINT('',(89.5,2.4,3.4));
#3443 = VECTOR('',#3444,1.);
#3444 = DIRECTION('',(0.,-1.,0.));
#3445 = PCURVE('',#314,#3446);
#3446 = DEFINITIONAL_REPRESENTATION('',(#3447),#3451);
#3447 = LINE('',#3448,#3449);
#3448 = CARTESIAN_POINT('',(78.3,0.));
#3449 = VECTOR('',#3450,1.);
#3450 = DIRECTION('',(0.,-1.));
#3451 = ( GEOMETRIC_REPRESENTATION_CONTEXT(2) 
PARAMETRIC_REPRESENTATION_CONTEXT() REPRESENTATION_CONTEXT('2D SPACE',''
  ) );
#3452 = PCURVE('',#2162,#3453);
#3453 = DEFINITIONAL_REPRESENTATION('',(#3454),#3458);
#3454 = LINE('',#3455,#3456);
#3455 = CARTESIAN_POINT('',(1.2,0.));
#3456 = VECTOR('',#3457,1.);
#3457 = DIRECTION('',(0.,1.));
#3458 = ( GEOMETRIC_REPRESENTATION_CONTEXT(2) 
PARAMETRIC_REPRESENTATION_CONTEXT() REPRESENTATION_CONTEXT('2D SPACE',''
  ) );
#3459 = ADVANCED_FACE('',(#3460),#1734,.F.);
#3460 = FACE_BOUND('',#3461,.F.);
#3461 = EDGE_LOOP('',(#3462,#3463,#3486,#3507));
#3462 = ORIENTED_EDGE('',*,*,#1718,.F.);
#3463 = ORIENTED_EDGE('',*,*,#3464,.T.);
#3464 = EDGE_CURVE('',#1697,#3465,#3467,.T.);
#3465 = VERTEX_POINT('',#3466);
#3466 = CARTESIAN_POINT('',(78.25,8.95,6.9));
#3467 = SURFACE_CURVE('',#3468,(#3472,#3479),.PCURVE_S1.);
#3468 = LINE('',#3469,#3470);
#3469 = CARTESIAN_POINT('',(55.95,8.95,6.9));
#3470 = VECTOR('',#3471,1.);
#3471 = DIRECTION('',(1.,0.,-0.));
#3472 = PCURVE('',#1734,#3473);
#3473 = DEFINITIONAL_REPRESENTATION('',(#3474),#3478);
#3474 = LINE('',#3475,#3476);
#3475 = CARTESIAN_POINT('',(3.51,22.));
#3476 = VECTOR('',#3477,1.);
#3477 = DIRECTION('',(0.,1.));
#3478 = ( GEOMETRIC_REPRESENTATION_CONTEXT(2) 
PARAMETRIC_REPRESENTATION_CONTEXT() REPRESENTATION_CONTEXT('2D SPACE',''
  ) );
#3479 = PCURVE('',#1604,#3480);
#3480 = DEFINITIONAL_REPRESENTATION('',(#3481),#3485);
#3481 = LINE('',#3482,#3483);
#3482 = CARTESIAN_POINT('',(22.,0.));
#3483 = VECTOR('',#3484,1.);
#3484 = DIRECTION('',(1.,0.));
#3485 = ( GEOMETRIC_REPRESENTATION_CONTEXT(2) 
PARAMETRIC_REPRESENTATION_CONTEXT() REPRESENTATION_CONTEXT('2D SPACE',''
  ) );
#3486 = ORIENTED_EDGE('',*,*,#3487,.F.);
#3487 = EDGE_CURVE('',#3104,#3465,#3488,.T.);
#3488 = SURFACE_CURVE('',#3489,(#3493,#3500),.PCURVE_S1.);
#3489 = LINE('',#3490,#3491);
#3490 = CARTESIAN_POINT('',(78.25,8.95,3.39));
#3491 = VECTOR('',#3492,1.);
#3492 = DIRECTION('',(0.,0.,1.));
#3493 = PCURVE('',#1734,#3494);
#3494 = DEFINITIONAL_REPRESENTATION('',(#3495),#3499);
#3495 = LINE('',#3496,#3497);
#3496 = CARTESIAN_POINT('',(0.,44.3));
#3497 = VECTOR('',#3498,1.);
#3498 = DIRECTION('',(1.,0.));
#3499 = ( GEOMETRIC_REPRESENTATION_CONTEXT(2) 
PARAMETRIC_REPRESENTATION_CONTEXT() REPRESENTATION_CONTEXT('2D SPACE',''
  ) );
#3500 = PCURVE('',#3119,#3501);
#3501 = DEFINITIONAL_REPRESENTATION('',(#3502),#3506);
#3502 = LINE('',#3503,#3504);
#3503 = CARTESIAN_POINT('',(0.,0.));
#3504 = VECTOR('',#3505,1.);
#3505 = DIRECTION('',(1.,0.));
#3506 = ( GEOMETRIC_REPRESENTATION_CONTEXT(2) 
PARAMETRIC_REPRESENTATION_CONTEXT() REPRESENTATION_CONTEXT('2D SPACE',''
  ) );
#3507 = ORIENTED_EDGE('',*,*,#3131,.T.);
#3508 = ADVANCED_FACE('',(#3509),#1604,.T.);
#3509 = FACE_BOUND('',#3510,.T.);
#3510 = EDGE_LOOP('',(#3511,#3534,#3535,#3558,#3586,#3607,#3608,#3609));
#3511 = ORIENTED_EDGE('',*,*,#3512,.F.);
#3512 = EDGE_CURVE('',#1562,#3513,#3515,.T.);
#3513 = VERTEX_POINT('',#3514);
#3514 = CARTESIAN_POINT('',(78.25,31.25,6.9));
#3515 = SURFACE_CURVE('',#3516,(#3520,#3527),.PCURVE_S1.);
#3516 = LINE('',#3517,#3518);
#3517 = CARTESIAN_POINT('',(11.95,31.25,6.9));
#3518 = VECTOR('',#3519,1.);
#3519 = DIRECTION('',(1.,0.,0.));
#3520 = PCURVE('',#1604,#3521);
#3521 = DEFINITIONAL_REPRESENTATION('',(#3522),#3526);
#3522 = LINE('',#3523,#3524);
#3523 = CARTESIAN_POINT('',(-22.,22.3));
#3524 = VECTOR('',#3525,1.);
#3525 = DIRECTION('',(1.,0.));
#3526 = ( GEOMETRIC_REPRESENTATION_CONTEXT(2) 
PARAMETRIC_REPRESENTATION_CONTEXT() REPRESENTATION_CONTEXT('2D SPACE',''
  ) );
#3527 = PCURVE('',#1577,#3528);
#3528 = DEFINITIONAL_REPRESENTATION('',(#3529),#3533);
#3529 = LINE('',#3530,#3531);
#3530 = CARTESIAN_POINT('',(3.51,-44.));
#3531 = VECTOR('',#3532,1.);
#3532 = DIRECTION('',(0.,1.));
#3533 = ( GEOMETRIC_REPRESENTATION_CONTEXT(2) 
PARAMETRIC_REPRESENTATION_CONTEXT() REPRESENTATION_CONTEXT('2D SPACE',''
  ) );
#3534 = ORIENTED_EDGE('',*,*,#1588,.F.);
#3535 = ORIENTED_EDGE('',*,*,#3536,.F.);
#3536 = EDGE_CURVE('',#3537,#1589,#3539,.T.);
#3537 = VERTEX_POINT('',#3538);
#3538 = CARTESIAN_POINT('',(77.45,30.45,6.9));
#3539 = SURFACE_CURVE('',#3540,(#3544,#3551),.PCURVE_S1.);
#3540 = LINE('',#3541,#3542);
#3541 = CARTESIAN_POINT('',(56.35,30.45,6.9));
#3542 = VECTOR('',#3543,1.);
#3543 = DIRECTION('',(-1.,-0.,0.));
#3544 = PCURVE('',#1604,#3545);
#3545 = DEFINITIONAL_REPRESENTATION('',(#3546),#3550);
#3546 = LINE('',#3547,#3548);
#3547 = CARTESIAN_POINT('',(22.4,21.5));
#3548 = VECTOR('',#3549,1.);
#3549 = DIRECTION('',(-1.,0.));
#3550 = ( GEOMETRIC_REPRESENTATION_CONTEXT(2) 
PARAMETRIC_REPRESENTATION_CONTEXT() REPRESENTATION_CONTEXT('2D SPACE',''
  ) );
#3551 = PCURVE('',#1631,#3552);
#3552 = DEFINITIONAL_REPRESENTATION('',(#3553),#3557);
#3553 = LINE('',#3554,#3555);
#3554 = CARTESIAN_POINT('',(3.52,-0.4));
#3555 = VECTOR('',#3556,1.);
#3556 = DIRECTION('',(0.,-1.));
#3557 = ( GEOMETRIC_REPRESENTATION_CONTEXT(2) 
PARAMETRIC_REPRESENTATION_CONTEXT() REPRESENTATION_CONTEXT('2D SPACE',''
  ) );
#3558 = ORIENTED_EDGE('',*,*,#3559,.F.);
#3559 = EDGE_CURVE('',#3560,#3537,#3562,.T.);
#3560 = VERTEX_POINT('',#3561);
#3561 = CARTESIAN_POINT('',(77.45,9.75,6.9));
#3562 = SURFACE_CURVE('',#3563,(#3567,#3574),.PCURVE_S1.);
#3563 = LINE('',#3564,#3565);
#3564 = CARTESIAN_POINT('',(77.45,9.35,6.9));
#3565 = VECTOR('',#3566,1.);
#3566 = DIRECTION('',(-0.,1.,0.));
#3567 = PCURVE('',#1604,#3568);
#3568 = DEFINITIONAL_REPRESENTATION('',(#3569),#3573);
#3569 = LINE('',#3570,#3571);
#3570 = CARTESIAN_POINT('',(43.5,0.4));
#3571 = VECTOR('',#3572,1.);
#3572 = DIRECTION('',(0.,1.));
#3573 = ( GEOMETRIC_REPRESENTATION_CONTEXT(2) 
PARAMETRIC_REPRESENTATION_CONTEXT() REPRESENTATION_CONTEXT('2D SPACE',''
  ) );
#3574 = PCURVE('',#3575,#3580);
#3575 = PLANE('',#3576);
#3576 = AXIS2_PLACEMENT_3D('',#3577,#3578,#3579);
#3577 = CARTESIAN_POINT('',(77.45,9.75,3.38));
#3578 = DIRECTION('',(1.,0.,-0.));
#3579 = DIRECTION('',(0.,0.,1.));
#3580 = DEFINITIONAL_REPRESENTATION('',(#3581),#3585);
#3581 = LINE('',#3582,#3583);
#3582 = CARTESIAN_POINT('',(3.52,0.4));
#3583 = VECTOR('',#3584,1.);
#3584 = DIRECTION('',(0.,-1.));
#3585 = ( GEOMETRIC_REPRESENTATION_CONTEXT(2) 
PARAMETRIC_REPRESENTATION_CONTEXT() REPRESENTATION_CONTEXT('2D SPACE',''
  ) );
#3586 = ORIENTED_EDGE('',*,*,#3587,.T.);
#3587 = EDGE_CURVE('',#3560,#1670,#3588,.T.);
#3588 = SURFACE_CURVE('',#3589,(#3593,#3600),.PCURVE_S1.);
#3589 = LINE('',#3590,#3591);
#3590 = CARTESIAN_POINT('',(56.35,9.75,6.9));
#3591 = VECTOR('',#3592,1.);
#3592 = DIRECTION('',(-1.,-0.,0.));
#3593 = PCURVE('',#1604,#3594);
#3594 = DEFINITIONAL_REPRESENTATION('',(#3595),#3599);
#3595 = LINE('',#3596,#3597);
#3596 = CARTESIAN_POINT('',(22.4,0.8));
#3597 = VECTOR('',#3598,1.);
#3598 = DIRECTION('',(-1.,0.));
#3599 = ( GEOMETRIC_REPRESENTATION_CONTEXT(2) 
PARAMETRIC_REPRESENTATION_CONTEXT() REPRESENTATION_CONTEXT('2D SPACE',''
  ) );
#3600 = PCURVE('',#1685,#3601);
#3601 = DEFINITIONAL_REPRESENTATION('',(#3602),#3606);
#3602 = LINE('',#3603,#3604);
#3603 = CARTESIAN_POINT('',(3.52,-0.4));
#3604 = VECTOR('',#3605,1.);
#3605 = DIRECTION('',(0.,-1.));
#3606 = ( GEOMETRIC_REPRESENTATION_CONTEXT(2) 
PARAMETRIC_REPRESENTATION_CONTEXT() REPRESENTATION_CONTEXT('2D SPACE',''
  ) );
#3607 = ORIENTED_EDGE('',*,*,#1696,.F.);
#3608 = ORIENTED_EDGE('',*,*,#3464,.T.);
#3609 = ORIENTED_EDGE('',*,*,#3610,.T.);
#3610 = EDGE_CURVE('',#3465,#3513,#3611,.T.);
#3611 = SURFACE_CURVE('',#3612,(#3616,#3623),.PCURVE_S1.);
#3612 = LINE('',#3613,#3614);
#3613 = CARTESIAN_POINT('',(78.25,8.95,6.9));
#3614 = VECTOR('',#3615,1.);
#3615 = DIRECTION('',(-0.,1.,0.));
#3616 = PCURVE('',#1604,#3617);
#3617 = DEFINITIONAL_REPRESENTATION('',(#3618),#3622);
#3618 = LINE('',#3619,#3620);
#3619 = CARTESIAN_POINT('',(44.3,0.));
#3620 = VECTOR('',#3621,1.);
#3621 = DIRECTION('',(0.,1.));
#3622 = ( GEOMETRIC_REPRESENTATION_CONTEXT(2) 
PARAMETRIC_REPRESENTATION_CONTEXT() REPRESENTATION_CONTEXT('2D SPACE',''
  ) );
#3623 = PCURVE('',#3119,#3624);
#3624 = DEFINITIONAL_REPRESENTATION('',(#3625),#3629);
#3625 = LINE('',#3626,#3627);
#3626 = CARTESIAN_POINT('',(3.51,0.));
#3627 = VECTOR('',#3628,1.);
#3628 = DIRECTION('',(0.,-1.));
#3629 = ( GEOMETRIC_REPRESENTATION_CONTEXT(2) 
PARAMETRIC_REPRESENTATION_CONTEXT() REPRESENTATION_CONTEXT('2D SPACE',''
  ) );
#3630 = ADVANCED_FACE('',(#3631),#1685,.T.);
#3631 = FACE_BOUND('',#3632,.T.);
#3632 = EDGE_LOOP('',(#3633,#3656,#3677,#3678));
#3633 = ORIENTED_EDGE('',*,*,#3634,.F.);
#3634 = EDGE_CURVE('',#3635,#3560,#3637,.T.);
#3635 = VERTEX_POINT('',#3636);
#3636 = CARTESIAN_POINT('',(77.45,9.75,3.4));
#3637 = SURFACE_CURVE('',#3638,(#3642,#3649),.PCURVE_S1.);
#3638 = LINE('',#3639,#3640);
#3639 = CARTESIAN_POINT('',(77.45,9.75,3.38));
#3640 = VECTOR('',#3641,1.);
#3641 = DIRECTION('',(0.,0.,1.));
#3642 = PCURVE('',#1685,#3643);
#3643 = DEFINITIONAL_REPRESENTATION('',(#3644),#3648);
#3644 = LINE('',#3645,#3646);
#3645 = CARTESIAN_POINT('',(0.,20.7));
#3646 = VECTOR('',#3647,1.);
#3647 = DIRECTION('',(1.,0.));
#3648 = ( GEOMETRIC_REPRESENTATION_CONTEXT(2) 
PARAMETRIC_REPRESENTATION_CONTEXT() REPRESENTATION_CONTEXT('2D SPACE',''
  ) );
#3649 = PCURVE('',#3575,#3650);
#3650 = DEFINITIONAL_REPRESENTATION('',(#3651),#3655);
#3651 = LINE('',#3652,#3653);
#3652 = CARTESIAN_POINT('',(0.,0.));
#3653 = VECTOR('',#3654,1.);
#3654 = DIRECTION('',(1.,0.));
#3655 = ( GEOMETRIC_REPRESENTATION_CONTEXT(2) 
PARAMETRIC_REPRESENTATION_CONTEXT() REPRESENTATION_CONTEXT('2D SPACE',''
  ) );
#3656 = ORIENTED_EDGE('',*,*,#3657,.T.);
#3657 = EDGE_CURVE('',#3635,#1643,#3658,.T.);
#3658 = SURFACE_CURVE('',#3659,(#3663,#3670),.PCURVE_S1.);
#3659 = LINE('',#3660,#3661);
#3660 = CARTESIAN_POINT('',(33.975,9.75,3.4));
#3661 = VECTOR('',#3662,1.);
#3662 = DIRECTION('',(-1.,-0.,0.));
#3663 = PCURVE('',#1685,#3664);
#3664 = DEFINITIONAL_REPRESENTATION('',(#3665),#3669);
#3665 = LINE('',#3666,#3667);
#3666 = CARTESIAN_POINT('',(2.E-02,-22.775));
#3667 = VECTOR('',#3668,1.);
#3668 = DIRECTION('',(0.,-1.));
#3669 = ( GEOMETRIC_REPRESENTATION_CONTEXT(2) 
PARAMETRIC_REPRESENTATION_CONTEXT() REPRESENTATION_CONTEXT('2D SPACE',''
  ) );
#3670 = PCURVE('',#1658,#3671);
#3671 = DEFINITIONAL_REPRESENTATION('',(#3672),#3676);
#3672 = LINE('',#3673,#3674);
#3673 = CARTESIAN_POINT('',(22.775,7.35));
#3674 = VECTOR('',#3675,1.);
#3675 = DIRECTION('',(-1.,0.));
#3676 = ( GEOMETRIC_REPRESENTATION_CONTEXT(2) 
PARAMETRIC_REPRESENTATION_CONTEXT() REPRESENTATION_CONTEXT('2D SPACE',''
  ) );
#3677 = ORIENTED_EDGE('',*,*,#1669,.F.);
#3678 = ORIENTED_EDGE('',*,*,#3587,.F.);
#3679 = ADVANCED_FACE('',(#3680),#1658,.T.);
#3680 = FACE_BOUND('',#3681,.T.);
#3681 = EDGE_LOOP('',(#3682,#3683,#3706,#3727));
#3682 = ORIENTED_EDGE('',*,*,#3657,.F.);
#3683 = ORIENTED_EDGE('',*,*,#3684,.T.);
#3684 = EDGE_CURVE('',#3635,#3685,#3687,.T.);
#3685 = VERTEX_POINT('',#3686);
#3686 = CARTESIAN_POINT('',(77.45,30.45,3.4));
#3687 = SURFACE_CURVE('',#3688,(#3692,#3699),.PCURVE_S1.);
#3688 = LINE('',#3689,#3690);
#3689 = CARTESIAN_POINT('',(77.45,6.075,3.4));
#3690 = VECTOR('',#3691,1.);
#3691 = DIRECTION('',(-0.,1.,0.));
#3692 = PCURVE('',#1658,#3693);
#3693 = DEFINITIONAL_REPRESENTATION('',(#3694),#3698);
#3694 = LINE('',#3695,#3696);
#3695 = CARTESIAN_POINT('',(66.25,3.675));
#3696 = VECTOR('',#3697,1.);
#3697 = DIRECTION('',(0.,1.));
#3698 = ( GEOMETRIC_REPRESENTATION_CONTEXT(2) 
PARAMETRIC_REPRESENTATION_CONTEXT() REPRESENTATION_CONTEXT('2D SPACE',''
  ) );
#3699 = PCURVE('',#3575,#3700);
#3700 = DEFINITIONAL_REPRESENTATION('',(#3701),#3705);
#3701 = LINE('',#3702,#3703);
#3702 = CARTESIAN_POINT('',(2.E-02,3.675));
#3703 = VECTOR('',#3704,1.);
#3704 = DIRECTION('',(0.,-1.));
#3705 = ( GEOMETRIC_REPRESENTATION_CONTEXT(2) 
PARAMETRIC_REPRESENTATION_CONTEXT() REPRESENTATION_CONTEXT('2D SPACE',''
  ) );
#3706 = ORIENTED_EDGE('',*,*,#3707,.T.);
#3707 = EDGE_CURVE('',#3685,#1616,#3708,.T.);
#3708 = SURFACE_CURVE('',#3709,(#3713,#3720),.PCURVE_S1.);
#3709 = LINE('',#3710,#3711);
#3710 = CARTESIAN_POINT('',(33.975,30.45,3.4));
#3711 = VECTOR('',#3712,1.);
#3712 = DIRECTION('',(-1.,-0.,0.));
#3713 = PCURVE('',#1658,#3714);
#3714 = DEFINITIONAL_REPRESENTATION('',(#3715),#3719);
#3715 = LINE('',#3716,#3717);
#3716 = CARTESIAN_POINT('',(22.775,28.05));
#3717 = VECTOR('',#3718,1.);
#3718 = DIRECTION('',(-1.,0.));
#3719 = ( GEOMETRIC_REPRESENTATION_CONTEXT(2) 
PARAMETRIC_REPRESENTATION_CONTEXT() REPRESENTATION_CONTEXT('2D SPACE',''
  ) );
#3720 = PCURVE('',#1631,#3721);
#3721 = DEFINITIONAL_REPRESENTATION('',(#3722),#3726);
#3722 = LINE('',#3723,#3724);
#3723 = CARTESIAN_POINT('',(2.E-02,-22.775));
#3724 = VECTOR('',#3725,1.);
#3725 = DIRECTION('',(0.,-1.));
#3726 = ( GEOMETRIC_REPRESENTATION_CONTEXT(2) 
PARAMETRIC_REPRESENTATION_CONTEXT() REPRESENTATION_CONTEXT('2D SPACE',''
  ) );
#3727 = ORIENTED_EDGE('',*,*,#1642,.F.);
#3728 = ADVANCED_FACE('',(#3729),#1631,.F.);
#3729 = FACE_BOUND('',#3730,.F.);
#3730 = EDGE_LOOP('',(#3731,#3752,#3753,#3754));
#3731 = ORIENTED_EDGE('',*,*,#3732,.F.);
#3732 = EDGE_CURVE('',#3685,#3537,#3733,.T.);
#3733 = SURFACE_CURVE('',#3734,(#3738,#3745),.PCURVE_S1.);
#3734 = LINE('',#3735,#3736);
#3735 = CARTESIAN_POINT('',(77.45,30.45,3.38));
#3736 = VECTOR('',#3737,1.);
#3737 = DIRECTION('',(0.,0.,1.));
#3738 = PCURVE('',#1631,#3739);
#3739 = DEFINITIONAL_REPRESENTATION('',(#3740),#3744);
#3740 = LINE('',#3741,#3742);
#3741 = CARTESIAN_POINT('',(0.,20.7));
#3742 = VECTOR('',#3743,1.);
#3743 = DIRECTION('',(1.,0.));
#3744 = ( GEOMETRIC_REPRESENTATION_CONTEXT(2) 
PARAMETRIC_REPRESENTATION_CONTEXT() REPRESENTATION_CONTEXT('2D SPACE',''
  ) );
#3745 = PCURVE('',#3575,#3746);
#3746 = DEFINITIONAL_REPRESENTATION('',(#3747),#3751);
#3747 = LINE('',#3748,#3749);
#3748 = CARTESIAN_POINT('',(0.,-20.7));
#3749 = VECTOR('',#3750,1.);
#3750 = DIRECTION('',(1.,0.));
#3751 = ( GEOMETRIC_REPRESENTATION_CONTEXT(2) 
PARAMETRIC_REPRESENTATION_CONTEXT() REPRESENTATION_CONTEXT('2D SPACE',''
  ) );
#3752 = ORIENTED_EDGE('',*,*,#3707,.T.);
#3753 = ORIENTED_EDGE('',*,*,#1615,.F.);
#3754 = ORIENTED_EDGE('',*,*,#3536,.F.);
#3755 = ADVANCED_FACE('',(#3756),#1577,.T.);
#3756 = FACE_BOUND('',#3757,.T.);
#3757 = EDGE_LOOP('',(#3758,#3779,#3780,#3781));
#3758 = ORIENTED_EDGE('',*,*,#3759,.F.);
#3759 = EDGE_CURVE('',#3081,#3513,#3760,.T.);
#3760 = SURFACE_CURVE('',#3761,(#3765,#3772),.PCURVE_S1.);
#3761 = LINE('',#3762,#3763);
#3762 = CARTESIAN_POINT('',(78.25,31.25,3.39));
#3763 = VECTOR('',#3764,1.);
#3764 = DIRECTION('',(0.,0.,1.));
#3765 = PCURVE('',#1577,#3766);
#3766 = DEFINITIONAL_REPRESENTATION('',(#3767),#3771);
#3767 = LINE('',#3768,#3769);
#3768 = CARTESIAN_POINT('',(0.,22.3));
#3769 = VECTOR('',#3770,1.);
#3770 = DIRECTION('',(1.,0.));
#3771 = ( GEOMETRIC_REPRESENTATION_CONTEXT(2) 
PARAMETRIC_REPRESENTATION_CONTEXT() REPRESENTATION_CONTEXT('2D SPACE',''
  ) );
#3772 = PCURVE('',#3119,#3773);
#3773 = DEFINITIONAL_REPRESENTATION('',(#3774),#3778);
#3774 = LINE('',#3775,#3776);
#3775 = CARTESIAN_POINT('',(0.,-22.3));
#3776 = VECTOR('',#3777,1.);
#3777 = DIRECTION('',(1.,0.));
#3778 = ( GEOMETRIC_REPRESENTATION_CONTEXT(2) 
PARAMETRIC_REPRESENTATION_CONTEXT() REPRESENTATION_CONTEXT('2D SPACE',''
  ) );
#3779 = ORIENTED_EDGE('',*,*,#3080,.F.);
#3780 = ORIENTED_EDGE('',*,*,#1561,.F.);
#3781 = ORIENTED_EDGE('',*,*,#3512,.T.);
#3782 = ADVANCED_FACE('',(#3783),#1528,.F.);
#3783 = FACE_BOUND('',#3784,.F.);
#3784 = EDGE_LOOP('',(#3785,#3786,#3809,#3830));
#3785 = ORIENTED_EDGE('',*,*,#1512,.F.);
#3786 = ORIENTED_EDGE('',*,*,#3787,.T.);
#3787 = EDGE_CURVE('',#1491,#3788,#3790,.T.);
#3788 = VERTEX_POINT('',#3789);
#3789 = CARTESIAN_POINT('',(78.25,31.55,6.9));
#3790 = SURFACE_CURVE('',#3791,(#3795,#3802),.PCURVE_S1.);
#3791 = LINE('',#3792,#3793);
#3792 = CARTESIAN_POINT('',(55.95,31.55,6.9));
#3793 = VECTOR('',#3794,1.);
#3794 = DIRECTION('',(1.,0.,-0.));
#3795 = PCURVE('',#1528,#3796);
#3796 = DEFINITIONAL_REPRESENTATION('',(#3797),#3801);
#3797 = LINE('',#3798,#3799);
#3798 = CARTESIAN_POINT('',(3.51,22.));
#3799 = VECTOR('',#3800,1.);
#3800 = DIRECTION('',(0.,1.));
#3801 = ( GEOMETRIC_REPRESENTATION_CONTEXT(2) 
PARAMETRIC_REPRESENTATION_CONTEXT() REPRESENTATION_CONTEXT('2D SPACE',''
  ) );
#3802 = PCURVE('',#1398,#3803);
#3803 = DEFINITIONAL_REPRESENTATION('',(#3804),#3808);
#3804 = LINE('',#3805,#3806);
#3805 = CARTESIAN_POINT('',(22.,0.));
#3806 = VECTOR('',#3807,1.);
#3807 = DIRECTION('',(1.,0.));
#3808 = ( GEOMETRIC_REPRESENTATION_CONTEXT(2) 
PARAMETRIC_REPRESENTATION_CONTEXT() REPRESENTATION_CONTEXT('2D SPACE',''
  ) );
#3809 = ORIENTED_EDGE('',*,*,#3810,.F.);
#3810 = EDGE_CURVE('',#3031,#3788,#3811,.T.);
#3811 = SURFACE_CURVE('',#3812,(#3816,#3823),.PCURVE_S1.);
#3812 = LINE('',#3813,#3814);
#3813 = CARTESIAN_POINT('',(78.25,31.55,3.39));
#3814 = VECTOR('',#3815,1.);
#3815 = DIRECTION('',(0.,0.,1.));
#3816 = PCURVE('',#1528,#3817);
#3817 = DEFINITIONAL_REPRESENTATION('',(#3818),#3822);
#3818 = LINE('',#3819,#3820);
#3819 = CARTESIAN_POINT('',(0.,44.3));
#3820 = VECTOR('',#3821,1.);
#3821 = DIRECTION('',(1.,0.));
#3822 = ( GEOMETRIC_REPRESENTATION_CONTEXT(2) 
PARAMETRIC_REPRESENTATION_CONTEXT() REPRESENTATION_CONTEXT('2D SPACE',''
  ) );
#3823 = PCURVE('',#3046,#3824);
#3824 = DEFINITIONAL_REPRESENTATION('',(#3825),#3829);
#3825 = LINE('',#3826,#3827);
#3826 = CARTESIAN_POINT('',(0.,0.));
#3827 = VECTOR('',#3828,1.);
#3828 = DIRECTION('',(1.,0.));
#3829 = ( GEOMETRIC_REPRESENTATION_CONTEXT(2) 
PARAMETRIC_REPRESENTATION_CONTEXT() REPRESENTATION_CONTEXT('2D SPACE',''
  ) );
#3830 = ORIENTED_EDGE('',*,*,#3058,.T.);
#3831 = ADVANCED_FACE('',(#3832),#1398,.T.);
#3832 = FACE_BOUND('',#3833,.T.);
#3833 = EDGE_LOOP('',(#3834,#3857,#3858,#3881,#3909,#3930,#3931,#3932));
#3834 = ORIENTED_EDGE('',*,*,#3835,.F.);
#3835 = EDGE_CURVE('',#1356,#3836,#3838,.T.);
#3836 = VERTEX_POINT('',#3837);
#3837 = CARTESIAN_POINT('',(78.25,53.85,6.9));
#3838 = SURFACE_CURVE('',#3839,(#3843,#3850),.PCURVE_S1.);
#3839 = LINE('',#3840,#3841);
#3840 = CARTESIAN_POINT('',(11.95,53.85,6.9));
#3841 = VECTOR('',#3842,1.);
#3842 = DIRECTION('',(1.,0.,0.));
#3843 = PCURVE('',#1398,#3844);
#3844 = DEFINITIONAL_REPRESENTATION('',(#3845),#3849);
#3845 = LINE('',#3846,#3847);
#3846 = CARTESIAN_POINT('',(-22.,22.3));
#3847 = VECTOR('',#3848,1.);
#3848 = DIRECTION('',(1.,0.));
#3849 = ( GEOMETRIC_REPRESENTATION_CONTEXT(2) 
PARAMETRIC_REPRESENTATION_CONTEXT() REPRESENTATION_CONTEXT('2D SPACE',''
  ) );
#3850 = PCURVE('',#1371,#3851);
#3851 = DEFINITIONAL_REPRESENTATION('',(#3852),#3856);
#3852 = LINE('',#3853,#3854);
#3853 = CARTESIAN_POINT('',(3.51,-44.));
#3854 = VECTOR('',#3855,1.);
#3855 = DIRECTION('',(0.,1.));
#3856 = ( GEOMETRIC_REPRESENTATION_CONTEXT(2) 
PARAMETRIC_REPRESENTATION_CONTEXT() REPRESENTATION_CONTEXT('2D SPACE',''
  ) );
#3857 = ORIENTED_EDGE('',*,*,#1382,.F.);
#3858 = ORIENTED_EDGE('',*,*,#3859,.F.);
#3859 = EDGE_CURVE('',#3860,#1383,#3862,.T.);
#3860 = VERTEX_POINT('',#3861);
#3861 = CARTESIAN_POINT('',(77.45,53.05,6.9));
#3862 = SURFACE_CURVE('',#3863,(#3867,#3874),.PCURVE_S1.);
#3863 = LINE('',#3864,#3865);
#3864 = CARTESIAN_POINT('',(56.35,53.05,6.9));
#3865 = VECTOR('',#3866,1.);
#3866 = DIRECTION('',(-1.,-0.,0.));
#3867 = PCURVE('',#1398,#3868);
#3868 = DEFINITIONAL_REPRESENTATION('',(#3869),#3873);
#3869 = LINE('',#3870,#3871);
#3870 = CARTESIAN_POINT('',(22.4,21.5));
#3871 = VECTOR('',#3872,1.);
#3872 = DIRECTION('',(-1.,0.));
#3873 = ( GEOMETRIC_REPRESENTATION_CONTEXT(2) 
PARAMETRIC_REPRESENTATION_CONTEXT() REPRESENTATION_CONTEXT('2D SPACE',''
  ) );
#3874 = PCURVE('',#1425,#3875);
#3875 = DEFINITIONAL_REPRESENTATION('',(#3876),#3880);
#3876 = LINE('',#3877,#3878);
#3877 = CARTESIAN_POINT('',(3.52,-0.4));
#3878 = VECTOR('',#3879,1.);
#3879 = DIRECTION('',(0.,-1.));
#3880 = ( GEOMETRIC_REPRESENTATION_CONTEXT(2) 
PARAMETRIC_REPRESENTATION_CONTEXT() REPRESENTATION_CONTEXT('2D SPACE',''
  ) );
#3881 = ORIENTED_EDGE('',*,*,#3882,.F.);
#3882 = EDGE_CURVE('',#3883,#3860,#3885,.T.);
#3883 = VERTEX_POINT('',#3884);
#3884 = CARTESIAN_POINT('',(77.45,32.35,6.9));
#3885 = SURFACE_CURVE('',#3886,(#3890,#3897),.PCURVE_S1.);
#3886 = LINE('',#3887,#3888);
#3887 = CARTESIAN_POINT('',(77.45,31.95,6.9));
#3888 = VECTOR('',#3889,1.);
#3889 = DIRECTION('',(-0.,1.,0.));
#3890 = PCURVE('',#1398,#3891);
#3891 = DEFINITIONAL_REPRESENTATION('',(#3892),#3896);
#3892 = LINE('',#3893,#3894);
#3893 = CARTESIAN_POINT('',(43.5,0.4));
#3894 = VECTOR('',#3895,1.);
#3895 = DIRECTION('',(0.,1.));
#3896 = ( GEOMETRIC_REPRESENTATION_CONTEXT(2) 
PARAMETRIC_REPRESENTATION_CONTEXT() REPRESENTATION_CONTEXT('2D SPACE',''
  ) );
#3897 = PCURVE('',#3898,#3903);
#3898 = PLANE('',#3899);
#3899 = AXIS2_PLACEMENT_3D('',#3900,#3901,#3902);
#3900 = CARTESIAN_POINT('',(77.45,32.35,3.38));
#3901 = DIRECTION('',(1.,0.,-0.));
#3902 = DIRECTION('',(0.,0.,1.));
#3903 = DEFINITIONAL_REPRESENTATION('',(#3904),#3908);
#3904 = LINE('',#3905,#3906);
#3905 = CARTESIAN_POINT('',(3.52,0.4));
#3906 = VECTOR('',#3907,1.);
#3907 = DIRECTION('',(0.,-1.));
#3908 = ( GEOMETRIC_REPRESENTATION_CONTEXT(2) 
PARAMETRIC_REPRESENTATION_CONTEXT() REPRESENTATION_CONTEXT('2D SPACE',''
  ) );
#3909 = ORIENTED_EDGE('',*,*,#3910,.T.);
#3910 = EDGE_CURVE('',#3883,#1464,#3911,.T.);
#3911 = SURFACE_CURVE('',#3912,(#3916,#3923),.PCURVE_S1.);
#3912 = LINE('',#3913,#3914);
#3913 = CARTESIAN_POINT('',(56.35,32.35,6.9));
#3914 = VECTOR('',#3915,1.);
#3915 = DIRECTION('',(-1.,-0.,0.));
#3916 = PCURVE('',#1398,#3917);
#3917 = DEFINITIONAL_REPRESENTATION('',(#3918),#3922);
#3918 = LINE('',#3919,#3920);
#3919 = CARTESIAN_POINT('',(22.4,0.8));
#3920 = VECTOR('',#3921,1.);
#3921 = DIRECTION('',(-1.,0.));
#3922 = ( GEOMETRIC_REPRESENTATION_CONTEXT(2) 
PARAMETRIC_REPRESENTATION_CONTEXT() REPRESENTATION_CONTEXT('2D SPACE',''
  ) );
#3923 = PCURVE('',#1479,#3924);
#3924 = DEFINITIONAL_REPRESENTATION('',(#3925),#3929);
#3925 = LINE('',#3926,#3927);
#3926 = CARTESIAN_POINT('',(3.52,-0.4));
#3927 = VECTOR('',#3928,1.);
#3928 = DIRECTION('',(0.,-1.));
#3929 = ( GEOMETRIC_REPRESENTATION_CONTEXT(2) 
PARAMETRIC_REPRESENTATION_CONTEXT() REPRESENTATION_CONTEXT('2D SPACE',''
  ) );
#3930 = ORIENTED_EDGE('',*,*,#1490,.F.);
#3931 = ORIENTED_EDGE('',*,*,#3787,.T.);
#3932 = ORIENTED_EDGE('',*,*,#3933,.T.);
#3933 = EDGE_CURVE('',#3788,#3836,#3934,.T.);
#3934 = SURFACE_CURVE('',#3935,(#3939,#3946),.PCURVE_S1.);
#3935 = LINE('',#3936,#3937);
#3936 = CARTESIAN_POINT('',(78.25,31.55,6.9));
#3937 = VECTOR('',#3938,1.);
#3938 = DIRECTION('',(-0.,1.,0.));
#3939 = PCURVE('',#1398,#3940);
#3940 = DEFINITIONAL_REPRESENTATION('',(#3941),#3945);
#3941 = LINE('',#3942,#3943);
#3942 = CARTESIAN_POINT('',(44.3,0.));
#3943 = VECTOR('',#3944,1.);
#3944 = DIRECTION('',(0.,1.));
#3945 = ( GEOMETRIC_REPRESENTATION_CONTEXT(2) 
PARAMETRIC_REPRESENTATION_CONTEXT() REPRESENTATION_CONTEXT('2D SPACE',''
  ) );
#3946 = PCURVE('',#3046,#3947);
#3947 = DEFINITIONAL_REPRESENTATION('',(#3948),#3952);
#3948 = LINE('',#3949,#3950);
#3949 = CARTESIAN_POINT('',(3.51,0.));
#3950 = VECTOR('',#3951,1.);
#3951 = DIRECTION('',(0.,-1.));
#3952 = ( GEOMETRIC_REPRESENTATION_CONTEXT(2) 
PARAMETRIC_REPRESENTATION_CONTEXT() REPRESENTATION_CONTEXT('2D SPACE',''
  ) );
#3953 = ADVANCED_FACE('',(#3954),#1479,.T.);
#3954 = FACE_BOUND('',#3955,.T.);
#3955 = EDGE_LOOP('',(#3956,#3979,#4000,#4001));
#3956 = ORIENTED_EDGE('',*,*,#3957,.F.);
#3957 = EDGE_CURVE('',#3958,#3883,#3960,.T.);
#3958 = VERTEX_POINT('',#3959);
#3959 = CARTESIAN_POINT('',(77.45,32.35,3.4));
#3960 = SURFACE_CURVE('',#3961,(#3965,#3972),.PCURVE_S1.);
#3961 = LINE('',#3962,#3963);
#3962 = CARTESIAN_POINT('',(77.45,32.35,3.38));
#3963 = VECTOR('',#3964,1.);
#3964 = DIRECTION('',(0.,0.,1.));
#3965 = PCURVE('',#1479,#3966);
#3966 = DEFINITIONAL_REPRESENTATION('',(#3967),#3971);
#3967 = LINE('',#3968,#3969);
#3968 = CARTESIAN_POINT('',(0.,20.7));
#3969 = VECTOR('',#3970,1.);
#3970 = DIRECTION('',(1.,0.));
#3971 = ( GEOMETRIC_REPRESENTATION_CONTEXT(2) 
PARAMETRIC_REPRESENTATION_CONTEXT() REPRESENTATION_CONTEXT('2D SPACE',''
  ) );
#3972 = PCURVE('',#3898,#3973);
#3973 = DEFINITIONAL_REPRESENTATION('',(#3974),#3978);
#3974 = LINE('',#3975,#3976);
#3975 = CARTESIAN_POINT('',(0.,0.));
#3976 = VECTOR('',#3977,1.);
#3977 = DIRECTION('',(1.,0.));
#3978 = ( GEOMETRIC_REPRESENTATION_CONTEXT(2) 
PARAMETRIC_REPRESENTATION_CONTEXT() REPRESENTATION_CONTEXT('2D SPACE',''
  ) );
#3979 = ORIENTED_EDGE('',*,*,#3980,.T.);
#3980 = EDGE_CURVE('',#3958,#1437,#3981,.T.);
#3981 = SURFACE_CURVE('',#3982,(#3986,#3993),.PCURVE_S1.);
#3982 = LINE('',#3983,#3984);
#3983 = CARTESIAN_POINT('',(33.975,32.35,3.4));
#3984 = VECTOR('',#3985,1.);
#3985 = DIRECTION('',(-1.,-0.,0.));
#3986 = PCURVE('',#1479,#3987);
#3987 = DEFINITIONAL_REPRESENTATION('',(#3988),#3992);
#3988 = LINE('',#3989,#3990);
#3989 = CARTESIAN_POINT('',(2.E-02,-22.775));
#3990 = VECTOR('',#3991,1.);
#3991 = DIRECTION('',(0.,-1.));
#3992 = ( GEOMETRIC_REPRESENTATION_CONTEXT(2) 
PARAMETRIC_REPRESENTATION_CONTEXT() REPRESENTATION_CONTEXT('2D SPACE',''
  ) );
#3993 = PCURVE('',#1452,#3994);
#3994 = DEFINITIONAL_REPRESENTATION('',(#3995),#3999);
#3995 = LINE('',#3996,#3997);
#3996 = CARTESIAN_POINT('',(22.775,29.95));
#3997 = VECTOR('',#3998,1.);
#3998 = DIRECTION('',(-1.,0.));
#3999 = ( GEOMETRIC_REPRESENTATION_CONTEXT(2) 
PARAMETRIC_REPRESENTATION_CONTEXT() REPRESENTATION_CONTEXT('2D SPACE',''
  ) );
#4000 = ORIENTED_EDGE('',*,*,#1463,.F.);
#4001 = ORIENTED_EDGE('',*,*,#3910,.F.);
#4002 = ADVANCED_FACE('',(#4003),#1452,.T.);
#4003 = FACE_BOUND('',#4004,.T.);
#4004 = EDGE_LOOP('',(#4005,#4006,#4029,#4050));
#4005 = ORIENTED_EDGE('',*,*,#3980,.F.);
#4006 = ORIENTED_EDGE('',*,*,#4007,.T.);
#4007 = EDGE_CURVE('',#3958,#4008,#4010,.T.);
#4008 = VERTEX_POINT('',#4009);
#4009 = CARTESIAN_POINT('',(77.45,53.05,3.4));
#4010 = SURFACE_CURVE('',#4011,(#4015,#4022),.PCURVE_S1.);
#4011 = LINE('',#4012,#4013);
#4012 = CARTESIAN_POINT('',(77.45,17.375,3.4));
#4013 = VECTOR('',#4014,1.);
#4014 = DIRECTION('',(-0.,1.,0.));
#4015 = PCURVE('',#1452,#4016);
#4016 = DEFINITIONAL_REPRESENTATION('',(#4017),#4021);
#4017 = LINE('',#4018,#4019);
#4018 = CARTESIAN_POINT('',(66.25,14.975));
#4019 = VECTOR('',#4020,1.);
#4020 = DIRECTION('',(0.,1.));
#4021 = ( GEOMETRIC_REPRESENTATION_CONTEXT(2) 
PARAMETRIC_REPRESENTATION_CONTEXT() REPRESENTATION_CONTEXT('2D SPACE',''
  ) );
#4022 = PCURVE('',#3898,#4023);
#4023 = DEFINITIONAL_REPRESENTATION('',(#4024),#4028);
#4024 = LINE('',#4025,#4026);
#4025 = CARTESIAN_POINT('',(2.E-02,14.975));
#4026 = VECTOR('',#4027,1.);
#4027 = DIRECTION('',(0.,-1.));
#4028 = ( GEOMETRIC_REPRESENTATION_CONTEXT(2) 
PARAMETRIC_REPRESENTATION_CONTEXT() REPRESENTATION_CONTEXT('2D SPACE',''
  ) );
#4029 = ORIENTED_EDGE('',*,*,#4030,.T.);
#4030 = EDGE_CURVE('',#4008,#1410,#4031,.T.);
#4031 = SURFACE_CURVE('',#4032,(#4036,#4043),.PCURVE_S1.);
#4032 = LINE('',#4033,#4034);
#4033 = CARTESIAN_POINT('',(33.975,53.05,3.4));
#4034 = VECTOR('',#4035,1.);
#4035 = DIRECTION('',(-1.,-0.,0.));
#4036 = PCURVE('',#1452,#4037);
#4037 = DEFINITIONAL_REPRESENTATION('',(#4038),#4042);
#4038 = LINE('',#4039,#4040);
#4039 = CARTESIAN_POINT('',(22.775,50.65));
#4040 = VECTOR('',#4041,1.);
#4041 = DIRECTION('',(-1.,0.));
#4042 = ( GEOMETRIC_REPRESENTATION_CONTEXT(2) 
PARAMETRIC_REPRESENTATION_CONTEXT() REPRESENTATION_CONTEXT('2D SPACE',''
  ) );
#4043 = PCURVE('',#1425,#4044);
#4044 = DEFINITIONAL_REPRESENTATION('',(#4045),#4049);
#4045 = LINE('',#4046,#4047);
#4046 = CARTESIAN_POINT('',(2.E-02,-22.775));
#4047 = VECTOR('',#4048,1.);
#4048 = DIRECTION('',(0.,-1.));
#4049 = ( GEOMETRIC_REPRESENTATION_CONTEXT(2) 
PARAMETRIC_REPRESENTATION_CONTEXT() REPRESENTATION_CONTEXT('2D SPACE',''
  ) );
#4050 = ORIENTED_EDGE('',*,*,#1436,.F.);
#4051 = ADVANCED_FACE('',(#4052),#1425,.F.);
#4052 = FACE_BOUND('',#4053,.F.);
#4053 = EDGE_LOOP('',(#4054,#4075,#4076,#4077));
#4054 = ORIENTED_EDGE('',*,*,#4055,.F.);
#4055 = EDGE_CURVE('',#4008,#3860,#4056,.T.);
#4056 = SURFACE_CURVE('',#4057,(#4061,#4068),.PCURVE_S1.);
#4057 = LINE('',#4058,#4059);
#4058 = CARTESIAN_POINT('',(77.45,53.05,3.38));
#4059 = VECTOR('',#4060,1.);
#4060 = DIRECTION('',(0.,0.,1.));
#4061 = PCURVE('',#1425,#4062);
#4062 = DEFINITIONAL_REPRESENTATION('',(#4063),#4067);
#4063 = LINE('',#4064,#4065);
#4064 = CARTESIAN_POINT('',(0.,20.7));
#4065 = VECTOR('',#4066,1.);
#4066 = DIRECTION('',(1.,0.));
#4067 = ( GEOMETRIC_REPRESENTATION_CONTEXT(2) 
PARAMETRIC_REPRESENTATION_CONTEXT() REPRESENTATION_CONTEXT('2D SPACE',''
  ) );
#4068 = PCURVE('',#3898,#4069);
#4069 = DEFINITIONAL_REPRESENTATION('',(#4070),#4074);
#4070 = LINE('',#4071,#4072);
#4071 = CARTESIAN_POINT('',(0.,-20.7));
#4072 = VECTOR('',#4073,1.);
#4073 = DIRECTION('',(1.,0.));
#4074 = ( GEOMETRIC_REPRESENTATION_CONTEXT(2) 
PARAMETRIC_REPRESENTATION_CONTEXT() REPRESENTATION_CONTEXT('2D SPACE',''
  ) );
#4075 = ORIENTED_EDGE('',*,*,#4030,.T.);
#4076 = ORIENTED_EDGE('',*,*,#1409,.F.);
#4077 = ORIENTED_EDGE('',*,*,#3859,.F.);
#4078 = ADVANCED_FACE('',(#4079),#1371,.T.);
#4079 = FACE_BOUND('',#4080,.T.);
#4080 = EDGE_LOOP('',(#4081,#4102,#4103,#4104));
#4081 = ORIENTED_EDGE('',*,*,#4082,.F.);
#4082 = EDGE_CURVE('',#3008,#3836,#4083,.T.);
#4083 = SURFACE_CURVE('',#4084,(#4088,#4095),.PCURVE_S1.);
#4084 = LINE('',#4085,#4086);
#4085 = CARTESIAN_POINT('',(78.25,53.85,3.39));
#4086 = VECTOR('',#4087,1.);
#4087 = DIRECTION('',(0.,0.,1.));
#4088 = PCURVE('',#1371,#4089);
#4089 = DEFINITIONAL_REPRESENTATION('',(#4090),#4094);
#4090 = LINE('',#4091,#4092);
#4091 = CARTESIAN_POINT('',(0.,22.3));
#4092 = VECTOR('',#4093,1.);
#4093 = DIRECTION('',(1.,0.));
#4094 = ( GEOMETRIC_REPRESENTATION_CONTEXT(2) 
PARAMETRIC_REPRESENTATION_CONTEXT() REPRESENTATION_CONTEXT('2D SPACE',''
  ) );
#4095 = PCURVE('',#3046,#4096);
#4096 = DEFINITIONAL_REPRESENTATION('',(#4097),#4101);
#4097 = LINE('',#4098,#4099);
#4098 = CARTESIAN_POINT('',(0.,-22.3));
#4099 = VECTOR('',#4100,1.);
#4100 = DIRECTION('',(1.,0.));
#4101 = ( GEOMETRIC_REPRESENTATION_CONTEXT(2) 
PARAMETRIC_REPRESENTATION_CONTEXT() REPRESENTATION_CONTEXT('2D SPACE',''
  ) );
#4102 = ORIENTED_EDGE('',*,*,#3007,.F.);
#4103 = ORIENTED_EDGE('',*,*,#1355,.F.);
#4104 = ORIENTED_EDGE('',*,*,#3835,.T.);
#4105 = ADVANCED_FACE('',(#4106),#1322,.F.);
#4106 = FACE_BOUND('',#4107,.F.);
#4107 = EDGE_LOOP('',(#4108,#4109,#4132,#4153));
#4108 = ORIENTED_EDGE('',*,*,#1306,.F.);
#4109 = ORIENTED_EDGE('',*,*,#4110,.T.);
#4110 = EDGE_CURVE('',#1285,#4111,#4113,.T.);
#4111 = VERTEX_POINT('',#4112);
#4112 = CARTESIAN_POINT('',(78.25,54.15,6.9));
#4113 = SURFACE_CURVE('',#4114,(#4118,#4125),.PCURVE_S1.);
#4114 = LINE('',#4115,#4116);
#4115 = CARTESIAN_POINT('',(55.95,54.15,6.9));
#4116 = VECTOR('',#4117,1.);
#4117 = DIRECTION('',(1.,0.,-0.));
#4118 = PCURVE('',#1322,#4119);
#4119 = DEFINITIONAL_REPRESENTATION('',(#4120),#4124);
#4120 = LINE('',#4121,#4122);
#4121 = CARTESIAN_POINT('',(3.51,22.));
#4122 = VECTOR('',#4123,1.);
#4123 = DIRECTION('',(0.,1.));
#4124 = ( GEOMETRIC_REPRESENTATION_CONTEXT(2) 
PARAMETRIC_REPRESENTATION_CONTEXT() REPRESENTATION_CONTEXT('2D SPACE',''
  ) );
#4125 = PCURVE('',#1192,#4126);
#4126 = DEFINITIONAL_REPRESENTATION('',(#4127),#4131);
#4127 = LINE('',#4128,#4129);
#4128 = CARTESIAN_POINT('',(22.,0.));
#4129 = VECTOR('',#4130,1.);
#4130 = DIRECTION('',(1.,0.));
#4131 = ( GEOMETRIC_REPRESENTATION_CONTEXT(2) 
PARAMETRIC_REPRESENTATION_CONTEXT() REPRESENTATION_CONTEXT('2D SPACE',''
  ) );
#4132 = ORIENTED_EDGE('',*,*,#4133,.F.);
#4133 = EDGE_CURVE('',#2958,#4111,#4134,.T.);
#4134 = SURFACE_CURVE('',#4135,(#4139,#4146),.PCURVE_S1.);
#4135 = LINE('',#4136,#4137);
#4136 = CARTESIAN_POINT('',(78.25,54.15,3.39));
#4137 = VECTOR('',#4138,1.);
#4138 = DIRECTION('',(0.,0.,1.));
#4139 = PCURVE('',#1322,#4140);
#4140 = DEFINITIONAL_REPRESENTATION('',(#4141),#4145);
#4141 = LINE('',#4142,#4143);
#4142 = CARTESIAN_POINT('',(0.,44.3));
#4143 = VECTOR('',#4144,1.);
#4144 = DIRECTION('',(1.,0.));
#4145 = ( GEOMETRIC_REPRESENTATION_CONTEXT(2) 
PARAMETRIC_REPRESENTATION_CONTEXT() REPRESENTATION_CONTEXT('2D SPACE',''
  ) );
#4146 = PCURVE('',#2973,#4147);
#4147 = DEFINITIONAL_REPRESENTATION('',(#4148),#4152);
#4148 = LINE('',#4149,#4150);
#4149 = CARTESIAN_POINT('',(0.,0.));
#4150 = VECTOR('',#4151,1.);
#4151 = DIRECTION('',(1.,0.));
#4152 = ( GEOMETRIC_REPRESENTATION_CONTEXT(2) 
PARAMETRIC_REPRESENTATION_CONTEXT() REPRESENTATION_CONTEXT('2D SPACE',''
  ) );
#4153 = ORIENTED_EDGE('',*,*,#2985,.T.);
#4154 = ADVANCED_FACE('',(#4155),#1192,.T.);
#4155 = FACE_BOUND('',#4156,.T.);
#4156 = EDGE_LOOP('',(#4157,#4180,#4181,#4204,#4232,#4253,#4254,#4255));
#4157 = ORIENTED_EDGE('',*,*,#4158,.F.);
#4158 = EDGE_CURVE('',#1150,#4159,#4161,.T.);
#4159 = VERTEX_POINT('',#4160);
#4160 = CARTESIAN_POINT('',(78.25,76.45,6.9));
#4161 = SURFACE_CURVE('',#4162,(#4166,#4173),.PCURVE_S1.);
#4162 = LINE('',#4163,#4164);
#4163 = CARTESIAN_POINT('',(11.95,76.45,6.9));
#4164 = VECTOR('',#4165,1.);
#4165 = DIRECTION('',(1.,0.,0.));
#4166 = PCURVE('',#1192,#4167);
#4167 = DEFINITIONAL_REPRESENTATION('',(#4168),#4172);
#4168 = LINE('',#4169,#4170);
#4169 = CARTESIAN_POINT('',(-22.,22.3));
#4170 = VECTOR('',#4171,1.);
#4171 = DIRECTION('',(1.,0.));
#4172 = ( GEOMETRIC_REPRESENTATION_CONTEXT(2) 
PARAMETRIC_REPRESENTATION_CONTEXT() REPRESENTATION_CONTEXT('2D SPACE',''
  ) );
#4173 = PCURVE('',#1165,#4174);
#4174 = DEFINITIONAL_REPRESENTATION('',(#4175),#4179);
#4175 = LINE('',#4176,#4177);
#4176 = CARTESIAN_POINT('',(3.51,-44.));
#4177 = VECTOR('',#4178,1.);
#4178 = DIRECTION('',(0.,1.));
#4179 = ( GEOMETRIC_REPRESENTATION_CONTEXT(2) 
PARAMETRIC_REPRESENTATION_CONTEXT() REPRESENTATION_CONTEXT('2D SPACE',''
  ) );
#4180 = ORIENTED_EDGE('',*,*,#1176,.F.);
#4181 = ORIENTED_EDGE('',*,*,#4182,.F.);
#4182 = EDGE_CURVE('',#4183,#1177,#4185,.T.);
#4183 = VERTEX_POINT('',#4184);
#4184 = CARTESIAN_POINT('',(77.45,75.65,6.9));
#4185 = SURFACE_CURVE('',#4186,(#4190,#4197),.PCURVE_S1.);
#4186 = LINE('',#4187,#4188);
#4187 = CARTESIAN_POINT('',(56.35,75.65,6.9));
#4188 = VECTOR('',#4189,1.);
#4189 = DIRECTION('',(-1.,-0.,0.));
#4190 = PCURVE('',#1192,#4191);
#4191 = DEFINITIONAL_REPRESENTATION('',(#4192),#4196);
#4192 = LINE('',#4193,#4194);
#4193 = CARTESIAN_POINT('',(22.4,21.5));
#4194 = VECTOR('',#4195,1.);
#4195 = DIRECTION('',(-1.,0.));
#4196 = ( GEOMETRIC_REPRESENTATION_CONTEXT(2) 
PARAMETRIC_REPRESENTATION_CONTEXT() REPRESENTATION_CONTEXT('2D SPACE',''
  ) );
#4197 = PCURVE('',#1219,#4198);
#4198 = DEFINITIONAL_REPRESENTATION('',(#4199),#4203);
#4199 = LINE('',#4200,#4201);
#4200 = CARTESIAN_POINT('',(3.52,-0.4));
#4201 = VECTOR('',#4202,1.);
#4202 = DIRECTION('',(0.,-1.));
#4203 = ( GEOMETRIC_REPRESENTATION_CONTEXT(2) 
PARAMETRIC_REPRESENTATION_CONTEXT() REPRESENTATION_CONTEXT('2D SPACE',''
  ) );
#4204 = ORIENTED_EDGE('',*,*,#4205,.F.);
#4205 = EDGE_CURVE('',#4206,#4183,#4208,.T.);
#4206 = VERTEX_POINT('',#4207);
#4207 = CARTESIAN_POINT('',(77.45,54.95,6.9));
#4208 = SURFACE_CURVE('',#4209,(#4213,#4220),.PCURVE_S1.);
#4209 = LINE('',#4210,#4211);
#4210 = CARTESIAN_POINT('',(77.45,54.55,6.9));
#4211 = VECTOR('',#4212,1.);
#4212 = DIRECTION('',(-0.,1.,0.));
#4213 = PCURVE('',#1192,#4214);
#4214 = DEFINITIONAL_REPRESENTATION('',(#4215),#4219);
#4215 = LINE('',#4216,#4217);
#4216 = CARTESIAN_POINT('',(43.5,0.4));
#4217 = VECTOR('',#4218,1.);
#4218 = DIRECTION('',(0.,1.));
#4219 = ( GEOMETRIC_REPRESENTATION_CONTEXT(2) 
PARAMETRIC_REPRESENTATION_CONTEXT() REPRESENTATION_CONTEXT('2D SPACE',''
  ) );
#4220 = PCURVE('',#4221,#4226);
#4221 = PLANE('',#4222);
#4222 = AXIS2_PLACEMENT_3D('',#4223,#4224,#4225);
#4223 = CARTESIAN_POINT('',(77.45,54.95,3.38));
#4224 = DIRECTION('',(1.,0.,-0.));
#4225 = DIRECTION('',(0.,0.,1.));
#4226 = DEFINITIONAL_REPRESENTATION('',(#4227),#4231);
#4227 = LINE('',#4228,#4229);
#4228 = CARTESIAN_POINT('',(3.52,0.4));
#4229 = VECTOR('',#4230,1.);
#4230 = DIRECTION('',(0.,-1.));
#4231 = ( GEOMETRIC_REPRESENTATION_CONTEXT(2) 
PARAMETRIC_REPRESENTATION_CONTEXT() REPRESENTATION_CONTEXT('2D SPACE',''
  ) );
#4232 = ORIENTED_EDGE('',*,*,#4233,.T.);
#4233 = EDGE_CURVE('',#4206,#1258,#4234,.T.);
#4234 = SURFACE_CURVE('',#4235,(#4239,#4246),.PCURVE_S1.);
#4235 = LINE('',#4236,#4237);
#4236 = CARTESIAN_POINT('',(56.35,54.95,6.9));
#4237 = VECTOR('',#4238,1.);
#4238 = DIRECTION('',(-1.,-0.,0.));
#4239 = PCURVE('',#1192,#4240);
#4240 = DEFINITIONAL_REPRESENTATION('',(#4241),#4245);
#4241 = LINE('',#4242,#4243);
#4242 = CARTESIAN_POINT('',(22.4,0.8));
#4243 = VECTOR('',#4244,1.);
#4244 = DIRECTION('',(-1.,0.));
#4245 = ( GEOMETRIC_REPRESENTATION_CONTEXT(2) 
PARAMETRIC_REPRESENTATION_CONTEXT() REPRESENTATION_CONTEXT('2D SPACE',''
  ) );
#4246 = PCURVE('',#1273,#4247);
#4247 = DEFINITIONAL_REPRESENTATION('',(#4248),#4252);
#4248 = LINE('',#4249,#4250);
#4249 = CARTESIAN_POINT('',(3.52,-0.4));
#4250 = VECTOR('',#4251,1.);
#4251 = DIRECTION('',(0.,-1.));
#4252 = ( GEOMETRIC_REPRESENTATION_CONTEXT(2) 
PARAMETRIC_REPRESENTATION_CONTEXT() REPRESENTATION_CONTEXT('2D SPACE',''
  ) );
#4253 = ORIENTED_EDGE('',*,*,#1284,.F.);
#4254 = ORIENTED_EDGE('',*,*,#4110,.T.);
#4255 = ORIENTED_EDGE('',*,*,#4256,.T.);
#4256 = EDGE_CURVE('',#4111,#4159,#4257,.T.);
#4257 = SURFACE_CURVE('',#4258,(#4262,#4269),.PCURVE_S1.);
#4258 = LINE('',#4259,#4260);
#4259 = CARTESIAN_POINT('',(78.25,54.15,6.9));
#4260 = VECTOR('',#4261,1.);
#4261 = DIRECTION('',(-0.,1.,0.));
#4262 = PCURVE('',#1192,#4263);
#4263 = DEFINITIONAL_REPRESENTATION('',(#4264),#4268);
#4264 = LINE('',#4265,#4266);
#4265 = CARTESIAN_POINT('',(44.3,0.));
#4266 = VECTOR('',#4267,1.);
#4267 = DIRECTION('',(0.,1.));
#4268 = ( GEOMETRIC_REPRESENTATION_CONTEXT(2) 
PARAMETRIC_REPRESENTATION_CONTEXT() REPRESENTATION_CONTEXT('2D SPACE',''
  ) );
#4269 = PCURVE('',#2973,#4270);
#4270 = DEFINITIONAL_REPRESENTATION('',(#4271),#4275);
#4271 = LINE('',#4272,#4273);
#4272 = CARTESIAN_POINT('',(3.51,0.));
#4273 = VECTOR('',#4274,1.);
#4274 = DIRECTION('',(0.,-1.));
#4275 = ( GEOMETRIC_REPRESENTATION_CONTEXT(2) 
PARAMETRIC_REPRESENTATION_CONTEXT() REPRESENTATION_CONTEXT('2D SPACE',''
  ) );
#4276 = ADVANCED_FACE('',(#4277),#1273,.T.);
#4277 = FACE_BOUND('',#4278,.T.);
#4278 = EDGE_LOOP('',(#4279,#4302,#4323,#4324));
#4279 = ORIENTED_EDGE('',*,*,#4280,.F.);
#4280 = EDGE_CURVE('',#4281,#4206,#4283,.T.);
#4281 = VERTEX_POINT('',#4282);
#4282 = CARTESIAN_POINT('',(77.45,54.95,3.4));
#4283 = SURFACE_CURVE('',#4284,(#4288,#4295),.PCURVE_S1.);
#4284 = LINE('',#4285,#4286);
#4285 = CARTESIAN_POINT('',(77.45,54.95,3.38));
#4286 = VECTOR('',#4287,1.);
#4287 = DIRECTION('',(0.,0.,1.));
#4288 = PCURVE('',#1273,#4289);
#4289 = DEFINITIONAL_REPRESENTATION('',(#4290),#4294);
#4290 = LINE('',#4291,#4292);
#4291 = CARTESIAN_POINT('',(0.,20.7));
#4292 = VECTOR('',#4293,1.);
#4293 = DIRECTION('',(1.,0.));
#4294 = ( GEOMETRIC_REPRESENTATION_CONTEXT(2) 
PARAMETRIC_REPRESENTATION_CONTEXT() REPRESENTATION_CONTEXT('2D SPACE',''
  ) );
#4295 = PCURVE('',#4221,#4296);
#4296 = DEFINITIONAL_REPRESENTATION('',(#4297),#4301);
#4297 = LINE('',#4298,#4299);
#4298 = CARTESIAN_POINT('',(0.,0.));
#4299 = VECTOR('',#4300,1.);
#4300 = DIRECTION('',(1.,0.));
#4301 = ( GEOMETRIC_REPRESENTATION_CONTEXT(2) 
PARAMETRIC_REPRESENTATION_CONTEXT() REPRESENTATION_CONTEXT('2D SPACE',''
  ) );
#4302 = ORIENTED_EDGE('',*,*,#4303,.T.);
#4303 = EDGE_CURVE('',#4281,#1231,#4304,.T.);
#4304 = SURFACE_CURVE('',#4305,(#4309,#4316),.PCURVE_S1.);
#4305 = LINE('',#4306,#4307);
#4306 = CARTESIAN_POINT('',(33.975,54.95,3.4));
#4307 = VECTOR('',#4308,1.);
#4308 = DIRECTION('',(-1.,-0.,0.));
#4309 = PCURVE('',#1273,#4310);
#4310 = DEFINITIONAL_REPRESENTATION('',(#4311),#4315);
#4311 = LINE('',#4312,#4313);
#4312 = CARTESIAN_POINT('',(2.E-02,-22.775));
#4313 = VECTOR('',#4314,1.);
#4314 = DIRECTION('',(0.,-1.));
#4315 = ( GEOMETRIC_REPRESENTATION_CONTEXT(2) 
PARAMETRIC_REPRESENTATION_CONTEXT() REPRESENTATION_CONTEXT('2D SPACE',''
  ) );
#4316 = PCURVE('',#1246,#4317);
#4317 = DEFINITIONAL_REPRESENTATION('',(#4318),#4322);
#4318 = LINE('',#4319,#4320);
#4319 = CARTESIAN_POINT('',(22.775,52.55));
#4320 = VECTOR('',#4321,1.);
#4321 = DIRECTION('',(-1.,0.));
#4322 = ( GEOMETRIC_REPRESENTATION_CONTEXT(2) 
PARAMETRIC_REPRESENTATION_CONTEXT() REPRESENTATION_CONTEXT('2D SPACE',''
  ) );
#4323 = ORIENTED_EDGE('',*,*,#1257,.F.);
#4324 = ORIENTED_EDGE('',*,*,#4233,.F.);
#4325 = ADVANCED_FACE('',(#4326),#1246,.T.);
#4326 = FACE_BOUND('',#4327,.T.);
#4327 = EDGE_LOOP('',(#4328,#4329,#4352,#4373));
#4328 = ORIENTED_EDGE('',*,*,#4303,.F.);
#4329 = ORIENTED_EDGE('',*,*,#4330,.T.);
#4330 = EDGE_CURVE('',#4281,#4331,#4333,.T.);
#4331 = VERTEX_POINT('',#4332);
#4332 = CARTESIAN_POINT('',(77.45,75.65,3.4));
#4333 = SURFACE_CURVE('',#4334,(#4338,#4345),.PCURVE_S1.);
#4334 = LINE('',#4335,#4336);
#4335 = CARTESIAN_POINT('',(77.45,28.675,3.4));
#4336 = VECTOR('',#4337,1.);
#4337 = DIRECTION('',(-0.,1.,0.));
#4338 = PCURVE('',#1246,#4339);
#4339 = DEFINITIONAL_REPRESENTATION('',(#4340),#4344);
#4340 = LINE('',#4341,#4342);
#4341 = CARTESIAN_POINT('',(66.25,26.275));
#4342 = VECTOR('',#4343,1.);
#4343 = DIRECTION('',(0.,1.));
#4344 = ( GEOMETRIC_REPRESENTATION_CONTEXT(2) 
PARAMETRIC_REPRESENTATION_CONTEXT() REPRESENTATION_CONTEXT('2D SPACE',''
  ) );
#4345 = PCURVE('',#4221,#4346);
#4346 = DEFINITIONAL_REPRESENTATION('',(#4347),#4351);
#4347 = LINE('',#4348,#4349);
#4348 = CARTESIAN_POINT('',(2.E-02,26.275));
#4349 = VECTOR('',#4350,1.);
#4350 = DIRECTION('',(0.,-1.));
#4351 = ( GEOMETRIC_REPRESENTATION_CONTEXT(2) 
PARAMETRIC_REPRESENTATION_CONTEXT() REPRESENTATION_CONTEXT('2D SPACE',''
  ) );
#4352 = ORIENTED_EDGE('',*,*,#4353,.T.);
#4353 = EDGE_CURVE('',#4331,#1204,#4354,.T.);
#4354 = SURFACE_CURVE('',#4355,(#4359,#4366),.PCURVE_S1.);
#4355 = LINE('',#4356,#4357);
#4356 = CARTESIAN_POINT('',(33.975,75.65,3.4));
#4357 = VECTOR('',#4358,1.);
#4358 = DIRECTION('',(-1.,-0.,0.));
#4359 = PCURVE('',#1246,#4360);
#4360 = DEFINITIONAL_REPRESENTATION('',(#4361),#4365);
#4361 = LINE('',#4362,#4363);
#4362 = CARTESIAN_POINT('',(22.775,73.25));
#4363 = VECTOR('',#4364,1.);
#4364 = DIRECTION('',(-1.,0.));
#4365 = ( GEOMETRIC_REPRESENTATION_CONTEXT(2) 
PARAMETRIC_REPRESENTATION_CONTEXT() REPRESENTATION_CONTEXT('2D SPACE',''
  ) );
#4366 = PCURVE('',#1219,#4367);
#4367 = DEFINITIONAL_REPRESENTATION('',(#4368),#4372);
#4368 = LINE('',#4369,#4370);
#4369 = CARTESIAN_POINT('',(2.E-02,-22.775));
#4370 = VECTOR('',#4371,1.);
#4371 = DIRECTION('',(0.,-1.));
#4372 = ( GEOMETRIC_REPRESENTATION_CONTEXT(2) 
PARAMETRIC_REPRESENTATION_CONTEXT() REPRESENTATION_CONTEXT('2D SPACE',''
  ) );
#4373 = ORIENTED_EDGE('',*,*,#1230,.F.);
#4374 = ADVANCED_FACE('',(#4375),#1219,.F.);
#4375 = FACE_BOUND('',#4376,.F.);
#4376 = EDGE_LOOP('',(#4377,#4398,#4399,#4400));
#4377 = ORIENTED_EDGE('',*,*,#4378,.F.);
#4378 = EDGE_CURVE('',#4331,#4183,#4379,.T.);
#4379 = SURFACE_CURVE('',#4380,(#4384,#4391),.PCURVE_S1.);
#4380 = LINE('',#4381,#4382);
#4381 = CARTESIAN_POINT('',(77.45,75.65,3.38));
#4382 = VECTOR('',#4383,1.);
#4383 = DIRECTION('',(0.,0.,1.));
#4384 = PCURVE('',#1219,#4385);
#4385 = DEFINITIONAL_REPRESENTATION('',(#4386),#4390);
#4386 = LINE('',#4387,#4388);
#4387 = CARTESIAN_POINT('',(0.,20.7));
#4388 = VECTOR('',#4389,1.);
#4389 = DIRECTION('',(1.,0.));
#4390 = ( GEOMETRIC_REPRESENTATION_CONTEXT(2) 
PARAMETRIC_REPRESENTATION_CONTEXT() REPRESENTATION_CONTEXT('2D SPACE',''
  ) );
#4391 = PCURVE('',#4221,#4392);
#4392 = DEFINITIONAL_REPRESENTATION('',(#4393),#4397);
#4393 = LINE('',#4394,#4395);
#4394 = CARTESIAN_POINT('',(0.,-20.7));
#4395 = VECTOR('',#4396,1.);
#4396 = DIRECTION('',(1.,0.));
#4397 = ( GEOMETRIC_REPRESENTATION_CONTEXT(2) 
PARAMETRIC_REPRESENTATION_CONTEXT() REPRESENTATION_CONTEXT('2D SPACE',''
  ) );
#4398 = ORIENTED_EDGE('',*,*,#4353,.T.);
#4399 = ORIENTED_EDGE('',*,*,#1203,.F.);
#4400 = ORIENTED_EDGE('',*,*,#4182,.F.);
#4401 = ADVANCED_FACE('',(#4402),#1165,.T.);
#4402 = FACE_BOUND('',#4403,.T.);
#4403 = EDGE_LOOP('',(#4404,#4425,#4426,#4427));
#4404 = ORIENTED_EDGE('',*,*,#4405,.F.);
#4405 = EDGE_CURVE('',#2935,#4159,#4406,.T.);
#4406 = SURFACE_CURVE('',#4407,(#4411,#4418),.PCURVE_S1.);
#4407 = LINE('',#4408,#4409);
#4408 = CARTESIAN_POINT('',(78.25,76.45,3.39));
#4409 = VECTOR('',#4410,1.);
#4410 = DIRECTION('',(0.,0.,1.));
#4411 = PCURVE('',#1165,#4412);
#4412 = DEFINITIONAL_REPRESENTATION('',(#4413),#4417);
#4413 = LINE('',#4414,#4415);
#4414 = CARTESIAN_POINT('',(0.,22.3));
#4415 = VECTOR('',#4416,1.);
#4416 = DIRECTION('',(1.,0.));
#4417 = ( GEOMETRIC_REPRESENTATION_CONTEXT(2) 
PARAMETRIC_REPRESENTATION_CONTEXT() REPRESENTATION_CONTEXT('2D SPACE',''
  ) );
#4418 = PCURVE('',#2973,#4419);
#4419 = DEFINITIONAL_REPRESENTATION('',(#4420),#4424);
#4420 = LINE('',#4421,#4422);
#4421 = CARTESIAN_POINT('',(0.,-22.3));
#4422 = VECTOR('',#4423,1.);
#4423 = DIRECTION('',(1.,0.));
#4424 = ( GEOMETRIC_REPRESENTATION_CONTEXT(2) 
PARAMETRIC_REPRESENTATION_CONTEXT() REPRESENTATION_CONTEXT('2D SPACE',''
  ) );
#4425 = ORIENTED_EDGE('',*,*,#2934,.F.);
#4426 = ORIENTED_EDGE('',*,*,#1149,.F.);
#4427 = ORIENTED_EDGE('',*,*,#4158,.T.);
#4428 = ADVANCED_FACE('',(#4429),#1116,.F.);
#4429 = FACE_BOUND('',#4430,.F.);
#4430 = EDGE_LOOP('',(#4431,#4432,#4455,#4476));
#4431 = ORIENTED_EDGE('',*,*,#1100,.F.);
#4432 = ORIENTED_EDGE('',*,*,#4433,.T.);
#4433 = EDGE_CURVE('',#1079,#4434,#4436,.T.);
#4434 = VERTEX_POINT('',#4435);
#4435 = CARTESIAN_POINT('',(78.25,76.75,6.9));
#4436 = SURFACE_CURVE('',#4437,(#4441,#4448),.PCURVE_S1.);
#4437 = LINE('',#4438,#4439);
#4438 = CARTESIAN_POINT('',(55.95,76.75,6.9));
#4439 = VECTOR('',#4440,1.);
#4440 = DIRECTION('',(1.,0.,-0.));
#4441 = PCURVE('',#1116,#4442);
#4442 = DEFINITIONAL_REPRESENTATION('',(#4443),#4447);
#4443 = LINE('',#4444,#4445);
#4444 = CARTESIAN_POINT('',(3.51,22.));
#4445 = VECTOR('',#4446,1.);
#4446 = DIRECTION('',(0.,1.));
#4447 = ( GEOMETRIC_REPRESENTATION_CONTEXT(2) 
PARAMETRIC_REPRESENTATION_CONTEXT() REPRESENTATION_CONTEXT('2D SPACE',''
  ) );
#4448 = PCURVE('',#986,#4449);
#4449 = DEFINITIONAL_REPRESENTATION('',(#4450),#4454);
#4450 = LINE('',#4451,#4452);
#4451 = CARTESIAN_POINT('',(22.,0.));
#4452 = VECTOR('',#4453,1.);
#4453 = DIRECTION('',(1.,0.));
#4454 = ( GEOMETRIC_REPRESENTATION_CONTEXT(2) 
PARAMETRIC_REPRESENTATION_CONTEXT() REPRESENTATION_CONTEXT('2D SPACE',''
  ) );
#4455 = ORIENTED_EDGE('',*,*,#4456,.F.);
#4456 = EDGE_CURVE('',#2885,#4434,#4457,.T.);
#4457 = SURFACE_CURVE('',#4458,(#4462,#4469),.PCURVE_S1.);
#4458 = LINE('',#4459,#4460);
#4459 = CARTESIAN_POINT('',(78.25,76.75,3.39));
#4460 = VECTOR('',#4461,1.);
#4461 = DIRECTION('',(0.,0.,1.));
#4462 = PCURVE('',#1116,#4463);
#4463 = DEFINITIONAL_REPRESENTATION('',(#4464),#4468);
#4464 = LINE('',#4465,#4466);
#4465 = CARTESIAN_POINT('',(0.,44.3));
#4466 = VECTOR('',#4467,1.);
#4467 = DIRECTION('',(1.,0.));
#4468 = ( GEOMETRIC_REPRESENTATION_CONTEXT(2) 
PARAMETRIC_REPRESENTATION_CONTEXT() REPRESENTATION_CONTEXT('2D SPACE',''
  ) );
#4469 = PCURVE('',#2900,#4470);
#4470 = DEFINITIONAL_REPRESENTATION('',(#4471),#4475);
#4471 = LINE('',#4472,#4473);
#4472 = CARTESIAN_POINT('',(0.,0.));
#4473 = VECTOR('',#4474,1.);
#4474 = DIRECTION('',(1.,0.));
#4475 = ( GEOMETRIC_REPRESENTATION_CONTEXT(2) 
PARAMETRIC_REPRESENTATION_CONTEXT() REPRESENTATION_CONTEXT('2D SPACE',''
  ) );
#4476 = ORIENTED_EDGE('',*,*,#2912,.T.);
#4477 = ADVANCED_FACE('',(#4478),#986,.T.);
#4478 = FACE_BOUND('',#4479,.T.);
#4479 = EDGE_LOOP('',(#4480,#4503,#4504,#4527,#4555,#4576,#4577,#4578));
#4480 = ORIENTED_EDGE('',*,*,#4481,.F.);
#4481 = EDGE_CURVE('',#944,#4482,#4484,.T.);
#4482 = VERTEX_POINT('',#4483);
#4483 = CARTESIAN_POINT('',(78.25,99.05,6.9));
#4484 = SURFACE_CURVE('',#4485,(#4489,#4496),.PCURVE_S1.);
#4485 = LINE('',#4486,#4487);
#4486 = CARTESIAN_POINT('',(11.95,99.05,6.9));
#4487 = VECTOR('',#4488,1.);
#4488 = DIRECTION('',(1.,0.,0.));
#4489 = PCURVE('',#986,#4490);
#4490 = DEFINITIONAL_REPRESENTATION('',(#4491),#4495);
#4491 = LINE('',#4492,#4493);
#4492 = CARTESIAN_POINT('',(-22.,22.3));
#4493 = VECTOR('',#4494,1.);
#4494 = DIRECTION('',(1.,0.));
#4495 = ( GEOMETRIC_REPRESENTATION_CONTEXT(2) 
PARAMETRIC_REPRESENTATION_CONTEXT() REPRESENTATION_CONTEXT('2D SPACE',''
  ) );
#4496 = PCURVE('',#959,#4497);
#4497 = DEFINITIONAL_REPRESENTATION('',(#4498),#4502);
#4498 = LINE('',#4499,#4500);
#4499 = CARTESIAN_POINT('',(3.51,-44.));
#4500 = VECTOR('',#4501,1.);
#4501 = DIRECTION('',(0.,1.));
#4502 = ( GEOMETRIC_REPRESENTATION_CONTEXT(2) 
PARAMETRIC_REPRESENTATION_CONTEXT() REPRESENTATION_CONTEXT('2D SPACE',''
  ) );
#4503 = ORIENTED_EDGE('',*,*,#970,.F.);
#4504 = ORIENTED_EDGE('',*,*,#4505,.F.);
#4505 = EDGE_CURVE('',#4506,#971,#4508,.T.);
#4506 = VERTEX_POINT('',#4507);
#4507 = CARTESIAN_POINT('',(77.45,98.25,6.9));
#4508 = SURFACE_CURVE('',#4509,(#4513,#4520),.PCURVE_S1.);
#4509 = LINE('',#4510,#4511);
#4510 = CARTESIAN_POINT('',(56.35,98.25,6.9));
#4511 = VECTOR('',#4512,1.);
#4512 = DIRECTION('',(-1.,-0.,0.));
#4513 = PCURVE('',#986,#4514);
#4514 = DEFINITIONAL_REPRESENTATION('',(#4515),#4519);
#4515 = LINE('',#4516,#4517);
#4516 = CARTESIAN_POINT('',(22.4,21.5));
#4517 = VECTOR('',#4518,1.);
#4518 = DIRECTION('',(-1.,0.));
#4519 = ( GEOMETRIC_REPRESENTATION_CONTEXT(2) 
PARAMETRIC_REPRESENTATION_CONTEXT() REPRESENTATION_CONTEXT('2D SPACE',''
  ) );
#4520 = PCURVE('',#1013,#4521);
#4521 = DEFINITIONAL_REPRESENTATION('',(#4522),#4526);
#4522 = LINE('',#4523,#4524);
#4523 = CARTESIAN_POINT('',(3.52,-0.4));
#4524 = VECTOR('',#4525,1.);
#4525 = DIRECTION('',(0.,-1.));
#4526 = ( GEOMETRIC_REPRESENTATION_CONTEXT(2) 
PARAMETRIC_REPRESENTATION_CONTEXT() REPRESENTATION_CONTEXT('2D SPACE',''
  ) );
#4527 = ORIENTED_EDGE('',*,*,#4528,.F.);
#4528 = EDGE_CURVE('',#4529,#4506,#4531,.T.);
#4529 = VERTEX_POINT('',#4530);
#4530 = CARTESIAN_POINT('',(77.45,77.55,6.9));
#4531 = SURFACE_CURVE('',#4532,(#4536,#4543),.PCURVE_S1.);
#4532 = LINE('',#4533,#4534);
#4533 = CARTESIAN_POINT('',(77.45,77.15,6.9));
#4534 = VECTOR('',#4535,1.);
#4535 = DIRECTION('',(-0.,1.,0.));
#4536 = PCURVE('',#986,#4537);
#4537 = DEFINITIONAL_REPRESENTATION('',(#4538),#4542);
#4538 = LINE('',#4539,#4540);
#4539 = CARTESIAN_POINT('',(43.5,0.4));
#4540 = VECTOR('',#4541,1.);
#4541 = DIRECTION('',(0.,1.));
#4542 = ( GEOMETRIC_REPRESENTATION_CONTEXT(2) 
PARAMETRIC_REPRESENTATION_CONTEXT() REPRESENTATION_CONTEXT('2D SPACE',''
  ) );
#4543 = PCURVE('',#4544,#4549);
#4544 = PLANE('',#4545);
#4545 = AXIS2_PLACEMENT_3D('',#4546,#4547,#4548);
#4546 = CARTESIAN_POINT('',(77.45,77.55,3.38));
#4547 = DIRECTION('',(1.,0.,-0.));
#4548 = DIRECTION('',(0.,0.,1.));
#4549 = DEFINITIONAL_REPRESENTATION('',(#4550),#4554);
#4550 = LINE('',#4551,#4552);
#4551 = CARTESIAN_POINT('',(3.52,0.4));
#4552 = VECTOR('',#4553,1.);
#4553 = DIRECTION('',(0.,-1.));
#4554 = ( GEOMETRIC_REPRESENTATION_CONTEXT(2) 
PARAMETRIC_REPRESENTATION_CONTEXT() REPRESENTATION_CONTEXT('2D SPACE',''
  ) );
#4555 = ORIENTED_EDGE('',*,*,#4556,.T.);
#4556 = EDGE_CURVE('',#4529,#1052,#4557,.T.);
#4557 = SURFACE_CURVE('',#4558,(#4562,#4569),.PCURVE_S1.);
#4558 = LINE('',#4559,#4560);
#4559 = CARTESIAN_POINT('',(56.35,77.55,6.9));
#4560 = VECTOR('',#4561,1.);
#4561 = DIRECTION('',(-1.,-0.,0.));
#4562 = PCURVE('',#986,#4563);
#4563 = DEFINITIONAL_REPRESENTATION('',(#4564),#4568);
#4564 = LINE('',#4565,#4566);
#4565 = CARTESIAN_POINT('',(22.4,0.8));
#4566 = VECTOR('',#4567,1.);
#4567 = DIRECTION('',(-1.,0.));
#4568 = ( GEOMETRIC_REPRESENTATION_CONTEXT(2) 
PARAMETRIC_REPRESENTATION_CONTEXT() REPRESENTATION_CONTEXT('2D SPACE',''
  ) );
#4569 = PCURVE('',#1067,#4570);
#4570 = DEFINITIONAL_REPRESENTATION('',(#4571),#4575);
#4571 = LINE('',#4572,#4573);
#4572 = CARTESIAN_POINT('',(3.52,-0.4));
#4573 = VECTOR('',#4574,1.);
#4574 = DIRECTION('',(0.,-1.));
#4575 = ( GEOMETRIC_REPRESENTATION_CONTEXT(2) 
PARAMETRIC_REPRESENTATION_CONTEXT() REPRESENTATION_CONTEXT('2D SPACE',''
  ) );
#4576 = ORIENTED_EDGE('',*,*,#1078,.F.);
#4577 = ORIENTED_EDGE('',*,*,#4433,.T.);
#4578 = ORIENTED_EDGE('',*,*,#4579,.T.);
#4579 = EDGE_CURVE('',#4434,#4482,#4580,.T.);
#4580 = SURFACE_CURVE('',#4581,(#4585,#4592),.PCURVE_S1.);
#4581 = LINE('',#4582,#4583);
#4582 = CARTESIAN_POINT('',(78.25,76.75,6.9));
#4583 = VECTOR('',#4584,1.);
#4584 = DIRECTION('',(-0.,1.,0.));
#4585 = PCURVE('',#986,#4586);
#4586 = DEFINITIONAL_REPRESENTATION('',(#4587),#4591);
#4587 = LINE('',#4588,#4589);
#4588 = CARTESIAN_POINT('',(44.3,0.));
#4589 = VECTOR('',#4590,1.);
#4590 = DIRECTION('',(0.,1.));
#4591 = ( GEOMETRIC_REPRESENTATION_CONTEXT(2) 
PARAMETRIC_REPRESENTATION_CONTEXT() REPRESENTATION_CONTEXT('2D SPACE',''
  ) );
#4592 = PCURVE('',#2900,#4593);
#4593 = DEFINITIONAL_REPRESENTATION('',(#4594),#4598);
#4594 = LINE('',#4595,#4596);
#4595 = CARTESIAN_POINT('',(3.51,0.));
#4596 = VECTOR('',#4597,1.);
#4597 = DIRECTION('',(0.,-1.));
#4598 = ( GEOMETRIC_REPRESENTATION_CONTEXT(2) 
PARAMETRIC_REPRESENTATION_CONTEXT() REPRESENTATION_CONTEXT('2D SPACE',''
  ) );
#4599 = ADVANCED_FACE('',(#4600),#1067,.T.);
#4600 = FACE_BOUND('',#4601,.T.);
#4601 = EDGE_LOOP('',(#4602,#4625,#4646,#4647));
#4602 = ORIENTED_EDGE('',*,*,#4603,.F.);
#4603 = EDGE_CURVE('',#4604,#4529,#4606,.T.);
#4604 = VERTEX_POINT('',#4605);
#4605 = CARTESIAN_POINT('',(77.45,77.55,3.4));
#4606 = SURFACE_CURVE('',#4607,(#4611,#4618),.PCURVE_S1.);
#4607 = LINE('',#4608,#4609);
#4608 = CARTESIAN_POINT('',(77.45,77.55,3.38));
#4609 = VECTOR('',#4610,1.);
#4610 = DIRECTION('',(0.,0.,1.));
#4611 = PCURVE('',#1067,#4612);
#4612 = DEFINITIONAL_REPRESENTATION('',(#4613),#4617);
#4613 = LINE('',#4614,#4615);
#4614 = CARTESIAN_POINT('',(0.,20.7));
#4615 = VECTOR('',#4616,1.);
#4616 = DIRECTION('',(1.,0.));
#4617 = ( GEOMETRIC_REPRESENTATION_CONTEXT(2) 
PARAMETRIC_REPRESENTATION_CONTEXT() REPRESENTATION_CONTEXT('2D SPACE',''
  ) );
#4618 = PCURVE('',#4544,#4619);
#4619 = DEFINITIONAL_REPRESENTATION('',(#4620),#4624);
#4620 = LINE('',#4621,#4622);
#4621 = CARTESIAN_POINT('',(0.,0.));
#4622 = VECTOR('',#4623,1.);
#4623 = DIRECTION('',(1.,0.));
#4624 = ( GEOMETRIC_REPRESENTATION_CONTEXT(2) 
PARAMETRIC_REPRESENTATION_CONTEXT() REPRESENTATION_CONTEXT('2D SPACE',''
  ) );
#4625 = ORIENTED_EDGE('',*,*,#4626,.T.);
#4626 = EDGE_CURVE('',#4604,#1025,#4627,.T.);
#4627 = SURFACE_CURVE('',#4628,(#4632,#4639),.PCURVE_S1.);
#4628 = LINE('',#4629,#4630);
#4629 = CARTESIAN_POINT('',(33.975,77.55,3.4));
#4630 = VECTOR('',#4631,1.);
#4631 = DIRECTION('',(-1.,-0.,0.));
#4632 = PCURVE('',#1067,#4633);
#4633 = DEFINITIONAL_REPRESENTATION('',(#4634),#4638);
#4634 = LINE('',#4635,#4636);
#4635 = CARTESIAN_POINT('',(2.E-02,-22.775));
#4636 = VECTOR('',#4637,1.);
#4637 = DIRECTION('',(0.,-1.));
#4638 = ( GEOMETRIC_REPRESENTATION_CONTEXT(2) 
PARAMETRIC_REPRESENTATION_CONTEXT() REPRESENTATION_CONTEXT('2D SPACE',''
  ) );
#4639 = PCURVE('',#1040,#4640);
#4640 = DEFINITIONAL_REPRESENTATION('',(#4641),#4645);
#4641 = LINE('',#4642,#4643);
#4642 = CARTESIAN_POINT('',(22.775,75.15));
#4643 = VECTOR('',#4644,1.);
#4644 = DIRECTION('',(-1.,0.));
#4645 = ( GEOMETRIC_REPRESENTATION_CONTEXT(2) 
PARAMETRIC_REPRESENTATION_CONTEXT() REPRESENTATION_CONTEXT('2D SPACE',''
  ) );
#4646 = ORIENTED_EDGE('',*,*,#1051,.F.);
#4647 = ORIENTED_EDGE('',*,*,#4556,.F.);
#4648 = ADVANCED_FACE('',(#4649),#1040,.T.);
#4649 = FACE_BOUND('',#4650,.T.);
#4650 = EDGE_LOOP('',(#4651,#4652,#4675,#4696));
#4651 = ORIENTED_EDGE('',*,*,#4626,.F.);
#4652 = ORIENTED_EDGE('',*,*,#4653,.T.);
#4653 = EDGE_CURVE('',#4604,#4654,#4656,.T.);
#4654 = VERTEX_POINT('',#4655);
#4655 = CARTESIAN_POINT('',(77.45,98.25,3.4));
#4656 = SURFACE_CURVE('',#4657,(#4661,#4668),.PCURVE_S1.);
#4657 = LINE('',#4658,#4659);
#4658 = CARTESIAN_POINT('',(77.45,39.975,3.4));
#4659 = VECTOR('',#4660,1.);
#4660 = DIRECTION('',(-0.,1.,0.));
#4661 = PCURVE('',#1040,#4662);
#4662 = DEFINITIONAL_REPRESENTATION('',(#4663),#4667);
#4663 = LINE('',#4664,#4665);
#4664 = CARTESIAN_POINT('',(66.25,37.575));
#4665 = VECTOR('',#4666,1.);
#4666 = DIRECTION('',(0.,1.));
#4667 = ( GEOMETRIC_REPRESENTATION_CONTEXT(2) 
PARAMETRIC_REPRESENTATION_CONTEXT() REPRESENTATION_CONTEXT('2D SPACE',''
  ) );
#4668 = PCURVE('',#4544,#4669);
#4669 = DEFINITIONAL_REPRESENTATION('',(#4670),#4674);
#4670 = LINE('',#4671,#4672);
#4671 = CARTESIAN_POINT('',(2.E-02,37.575));
#4672 = VECTOR('',#4673,1.);
#4673 = DIRECTION('',(0.,-1.));
#4674 = ( GEOMETRIC_REPRESENTATION_CONTEXT(2) 
PARAMETRIC_REPRESENTATION_CONTEXT() REPRESENTATION_CONTEXT('2D SPACE',''
  ) );
#4675 = ORIENTED_EDGE('',*,*,#4676,.T.);
#4676 = EDGE_CURVE('',#4654,#998,#4677,.T.);
#4677 = SURFACE_CURVE('',#4678,(#4682,#4689),.PCURVE_S1.);
#4678 = LINE('',#4679,#4680);
#4679 = CARTESIAN_POINT('',(33.975,98.25,3.4));
#4680 = VECTOR('',#4681,1.);
#4681 = DIRECTION('',(-1.,-0.,0.));
#4682 = PCURVE('',#1040,#4683);
#4683 = DEFINITIONAL_REPRESENTATION('',(#4684),#4688);
#4684 = LINE('',#4685,#4686);
#4685 = CARTESIAN_POINT('',(22.775,95.85));
#4686 = VECTOR('',#4687,1.);
#4687 = DIRECTION('',(-1.,0.));
#4688 = ( GEOMETRIC_REPRESENTATION_CONTEXT(2) 
PARAMETRIC_REPRESENTATION_CONTEXT() REPRESENTATION_CONTEXT('2D SPACE',''
  ) );
#4689 = PCURVE('',#1013,#4690);
#4690 = DEFINITIONAL_REPRESENTATION('',(#4691),#4695);
#4691 = LINE('',#4692,#4693);
#4692 = CARTESIAN_POINT('',(2.E-02,-22.775));
#4693 = VECTOR('',#4694,1.);
#4694 = DIRECTION('',(0.,-1.));
#4695 = ( GEOMETRIC_REPRESENTATION_CONTEXT(2) 
PARAMETRIC_REPRESENTATION_CONTEXT() REPRESENTATION_CONTEXT('2D SPACE',''
  ) );
#4696 = ORIENTED_EDGE('',*,*,#1024,.F.);
#4697 = ADVANCED_FACE('',(#4698),#1013,.F.);
#4698 = FACE_BOUND('',#4699,.F.);
#4699 = EDGE_LOOP('',(#4700,#4721,#4722,#4723));
#4700 = ORIENTED_EDGE('',*,*,#4701,.F.);
#4701 = EDGE_CURVE('',#4654,#4506,#4702,.T.);
#4702 = SURFACE_CURVE('',#4703,(#4707,#4714),.PCURVE_S1.);
#4703 = LINE('',#4704,#4705);
#4704 = CARTESIAN_POINT('',(77.45,98.25,3.38));
#4705 = VECTOR('',#4706,1.);
#4706 = DIRECTION('',(0.,0.,1.));
#4707 = PCURVE('',#1013,#4708);
#4708 = DEFINITIONAL_REPRESENTATION('',(#4709),#4713);
#4709 = LINE('',#4710,#4711);
#4710 = CARTESIAN_POINT('',(0.,20.7));
#4711 = VECTOR('',#4712,1.);
#4712 = DIRECTION('',(1.,0.));
#4713 = ( GEOMETRIC_REPRESENTATION_CONTEXT(2) 
PARAMETRIC_REPRESENTATION_CONTEXT() REPRESENTATION_CONTEXT('2D SPACE',''
  ) );
#4714 = PCURVE('',#4544,#4715);
#4715 = DEFINITIONAL_REPRESENTATION('',(#4716),#4720);
#4716 = LINE('',#4717,#4718);
#4717 = CARTESIAN_POINT('',(0.,-20.7));
#4718 = VECTOR('',#4719,1.);
#4719 = DIRECTION('',(1.,0.));
#4720 = ( GEOMETRIC_REPRESENTATION_CONTEXT(2) 
PARAMETRIC_REPRESENTATION_CONTEXT() REPRESENTATION_CONTEXT('2D SPACE',''
  ) );
#4721 = ORIENTED_EDGE('',*,*,#4676,.T.);
#4722 = ORIENTED_EDGE('',*,*,#997,.F.);
#4723 = ORIENTED_EDGE('',*,*,#4505,.F.);
#4724 = ADVANCED_FACE('',(#4725),#959,.T.);
#4725 = FACE_BOUND('',#4726,.T.);
#4726 = EDGE_LOOP('',(#4727,#4748,#4749,#4750));
#4727 = ORIENTED_EDGE('',*,*,#4728,.F.);
#4728 = EDGE_CURVE('',#2862,#4482,#4729,.T.);
#4729 = SURFACE_CURVE('',#4730,(#4734,#4741),.PCURVE_S1.);
#4730 = LINE('',#4731,#4732);
#4731 = CARTESIAN_POINT('',(78.25,99.05,3.39));
#4732 = VECTOR('',#4733,1.);
#4733 = DIRECTION('',(0.,0.,1.));
#4734 = PCURVE('',#959,#4735);
#4735 = DEFINITIONAL_REPRESENTATION('',(#4736),#4740);
#4736 = LINE('',#4737,#4738);
#4737 = CARTESIAN_POINT('',(0.,22.3));
#4738 = VECTOR('',#4739,1.);
#4739 = DIRECTION('',(1.,0.));
#4740 = ( GEOMETRIC_REPRESENTATION_CONTEXT(2) 
PARAMETRIC_REPRESENTATION_CONTEXT() REPRESENTATION_CONTEXT('2D SPACE',''
  ) );
#4741 = PCURVE('',#2900,#4742);
#4742 = DEFINITIONAL_REPRESENTATION('',(#4743),#4747);
#4743 = LINE('',#4744,#4745);
#4744 = CARTESIAN_POINT('',(0.,-22.3));
#4745 = VECTOR('',#4746,1.);
#4746 = DIRECTION('',(1.,0.));
#4747 = ( GEOMETRIC_REPRESENTATION_CONTEXT(2) 
PARAMETRIC_REPRESENTATION_CONTEXT() REPRESENTATION_CONTEXT('2D SPACE',''
  ) );
#4748 = ORIENTED_EDGE('',*,*,#2861,.F.);
#4749 = ORIENTED_EDGE('',*,*,#943,.F.);
#4750 = ORIENTED_EDGE('',*,*,#4481,.T.);
#4751 = ADVANCED_FACE('',(#4752),#910,.F.);
#4752 = FACE_BOUND('',#4753,.F.);
#4753 = EDGE_LOOP('',(#4754,#4755,#4778,#4799));
#4754 = ORIENTED_EDGE('',*,*,#894,.F.);
#4755 = ORIENTED_EDGE('',*,*,#4756,.T.);
#4756 = EDGE_CURVE('',#873,#4757,#4759,.T.);
#4757 = VERTEX_POINT('',#4758);
#4758 = CARTESIAN_POINT('',(78.25,99.35,6.9));
#4759 = SURFACE_CURVE('',#4760,(#4764,#4771),.PCURVE_S1.);
#4760 = LINE('',#4761,#4762);
#4761 = CARTESIAN_POINT('',(55.95,99.35,6.9));
#4762 = VECTOR('',#4763,1.);
#4763 = DIRECTION('',(1.,0.,-0.));
#4764 = PCURVE('',#910,#4765);
#4765 = DEFINITIONAL_REPRESENTATION('',(#4766),#4770);
#4766 = LINE('',#4767,#4768);
#4767 = CARTESIAN_POINT('',(3.51,22.));
#4768 = VECTOR('',#4769,1.);
#4769 = DIRECTION('',(0.,1.));
#4770 = ( GEOMETRIC_REPRESENTATION_CONTEXT(2) 
PARAMETRIC_REPRESENTATION_CONTEXT() REPRESENTATION_CONTEXT('2D SPACE',''
  ) );
#4771 = PCURVE('',#780,#4772);
#4772 = DEFINITIONAL_REPRESENTATION('',(#4773),#4777);
#4773 = LINE('',#4774,#4775);
#4774 = CARTESIAN_POINT('',(22.,0.));
#4775 = VECTOR('',#4776,1.);
#4776 = DIRECTION('',(1.,0.));
#4777 = ( GEOMETRIC_REPRESENTATION_CONTEXT(2) 
PARAMETRIC_REPRESENTATION_CONTEXT() REPRESENTATION_CONTEXT('2D SPACE',''
  ) );
#4778 = ORIENTED_EDGE('',*,*,#4779,.F.);
#4779 = EDGE_CURVE('',#2812,#4757,#4780,.T.);
#4780 = SURFACE_CURVE('',#4781,(#4785,#4792),.PCURVE_S1.);
#4781 = LINE('',#4782,#4783);
#4782 = CARTESIAN_POINT('',(78.25,99.35,3.39));
#4783 = VECTOR('',#4784,1.);
#4784 = DIRECTION('',(0.,0.,1.));
#4785 = PCURVE('',#910,#4786);
#4786 = DEFINITIONAL_REPRESENTATION('',(#4787),#4791);
#4787 = LINE('',#4788,#4789);
#4788 = CARTESIAN_POINT('',(0.,44.3));
#4789 = VECTOR('',#4790,1.);
#4790 = DIRECTION('',(1.,0.));
#4791 = ( GEOMETRIC_REPRESENTATION_CONTEXT(2) 
PARAMETRIC_REPRESENTATION_CONTEXT() REPRESENTATION_CONTEXT('2D SPACE',''
  ) );
#4792 = PCURVE('',#2827,#4793);
#4793 = DEFINITIONAL_REPRESENTATION('',(#4794),#4798);
#4794 = LINE('',#4795,#4796);
#4795 = CARTESIAN_POINT('',(0.,0.));
#4796 = VECTOR('',#4797,1.);
#4797 = DIRECTION('',(1.,0.));
#4798 = ( GEOMETRIC_REPRESENTATION_CONTEXT(2) 
PARAMETRIC_REPRESENTATION_CONTEXT() REPRESENTATION_CONTEXT('2D SPACE',''
  ) );
#4799 = ORIENTED_EDGE('',*,*,#2839,.T.);
#4800 = ADVANCED_FACE('',(#4801),#780,.T.);
#4801 = FACE_BOUND('',#4802,.T.);
#4802 = EDGE_LOOP('',(#4803,#4826,#4827,#4850,#4878,#4899,#4900,#4901));
#4803 = ORIENTED_EDGE('',*,*,#4804,.F.);
#4804 = EDGE_CURVE('',#738,#4805,#4807,.T.);
#4805 = VERTEX_POINT('',#4806);
#4806 = CARTESIAN_POINT('',(78.25,121.65,6.9));
#4807 = SURFACE_CURVE('',#4808,(#4812,#4819),.PCURVE_S1.);
#4808 = LINE('',#4809,#4810);
#4809 = CARTESIAN_POINT('',(11.95,121.65,6.9));
#4810 = VECTOR('',#4811,1.);
#4811 = DIRECTION('',(1.,0.,0.));
#4812 = PCURVE('',#780,#4813);
#4813 = DEFINITIONAL_REPRESENTATION('',(#4814),#4818);
#4814 = LINE('',#4815,#4816);
#4815 = CARTESIAN_POINT('',(-22.,22.3));
#4816 = VECTOR('',#4817,1.);
#4817 = DIRECTION('',(1.,0.));
#4818 = ( GEOMETRIC_REPRESENTATION_CONTEXT(2) 
PARAMETRIC_REPRESENTATION_CONTEXT() REPRESENTATION_CONTEXT('2D SPACE',''
  ) );
#4819 = PCURVE('',#753,#4820);
#4820 = DEFINITIONAL_REPRESENTATION('',(#4821),#4825);
#4821 = LINE('',#4822,#4823);
#4822 = CARTESIAN_POINT('',(3.51,-44.));
#4823 = VECTOR('',#4824,1.);
#4824 = DIRECTION('',(0.,1.));
#4825 = ( GEOMETRIC_REPRESENTATION_CONTEXT(2) 
PARAMETRIC_REPRESENTATION_CONTEXT() REPRESENTATION_CONTEXT('2D SPACE',''
  ) );
#4826 = ORIENTED_EDGE('',*,*,#764,.F.);
#4827 = ORIENTED_EDGE('',*,*,#4828,.F.);
#4828 = EDGE_CURVE('',#4829,#765,#4831,.T.);
#4829 = VERTEX_POINT('',#4830);
#4830 = CARTESIAN_POINT('',(77.45,120.85,6.9));
#4831 = SURFACE_CURVE('',#4832,(#4836,#4843),.PCURVE_S1.);
#4832 = LINE('',#4833,#4834);
#4833 = CARTESIAN_POINT('',(56.35,120.85,6.9));
#4834 = VECTOR('',#4835,1.);
#4835 = DIRECTION('',(-1.,-0.,0.));
#4836 = PCURVE('',#780,#4837);
#4837 = DEFINITIONAL_REPRESENTATION('',(#4838),#4842);
#4838 = LINE('',#4839,#4840);
#4839 = CARTESIAN_POINT('',(22.4,21.5));
#4840 = VECTOR('',#4841,1.);
#4841 = DIRECTION('',(-1.,0.));
#4842 = ( GEOMETRIC_REPRESENTATION_CONTEXT(2) 
PARAMETRIC_REPRESENTATION_CONTEXT() REPRESENTATION_CONTEXT('2D SPACE',''
  ) );
#4843 = PCURVE('',#807,#4844);
#4844 = DEFINITIONAL_REPRESENTATION('',(#4845),#4849);
#4845 = LINE('',#4846,#4847);
#4846 = CARTESIAN_POINT('',(3.52,-0.4));
#4847 = VECTOR('',#4848,1.);
#4848 = DIRECTION('',(0.,-1.));
#4849 = ( GEOMETRIC_REPRESENTATION_CONTEXT(2) 
PARAMETRIC_REPRESENTATION_CONTEXT() REPRESENTATION_CONTEXT('2D SPACE',''
  ) );
#4850 = ORIENTED_EDGE('',*,*,#4851,.F.);
#4851 = EDGE_CURVE('',#4852,#4829,#4854,.T.);
#4852 = VERTEX_POINT('',#4853);
#4853 = CARTESIAN_POINT('',(77.45,100.15,6.9));
#4854 = SURFACE_CURVE('',#4855,(#4859,#4866),.PCURVE_S1.);
#4855 = LINE('',#4856,#4857);
#4856 = CARTESIAN_POINT('',(77.45,99.75,6.9));
#4857 = VECTOR('',#4858,1.);
#4858 = DIRECTION('',(-0.,1.,0.));
#4859 = PCURVE('',#780,#4860);
#4860 = DEFINITIONAL_REPRESENTATION('',(#4861),#4865);
#4861 = LINE('',#4862,#4863);
#4862 = CARTESIAN_POINT('',(43.5,0.4));
#4863 = VECTOR('',#4864,1.);
#4864 = DIRECTION('',(0.,1.));
#4865 = ( GEOMETRIC_REPRESENTATION_CONTEXT(2) 
PARAMETRIC_REPRESENTATION_CONTEXT() REPRESENTATION_CONTEXT('2D SPACE',''
  ) );
#4866 = PCURVE('',#4867,#4872);
#4867 = PLANE('',#4868);
#4868 = AXIS2_PLACEMENT_3D('',#4869,#4870,#4871);
#4869 = CARTESIAN_POINT('',(77.45,100.15,3.38));
#4870 = DIRECTION('',(1.,0.,-0.));
#4871 = DIRECTION('',(0.,0.,1.));
#4872 = DEFINITIONAL_REPRESENTATION('',(#4873),#4877);
#4873 = LINE('',#4874,#4875);
#4874 = CARTESIAN_POINT('',(3.52,0.4));
#4875 = VECTOR('',#4876,1.);
#4876 = DIRECTION('',(0.,-1.));
#4877 = ( GEOMETRIC_REPRESENTATION_CONTEXT(2) 
PARAMETRIC_REPRESENTATION_CONTEXT() REPRESENTATION_CONTEXT('2D SPACE',''
  ) );
#4878 = ORIENTED_EDGE('',*,*,#4879,.T.);
#4879 = EDGE_CURVE('',#4852,#846,#4880,.T.);
#4880 = SURFACE_CURVE('',#4881,(#4885,#4892),.PCURVE_S1.);
#4881 = LINE('',#4882,#4883);
#4882 = CARTESIAN_POINT('',(56.35,100.15,6.9));
#4883 = VECTOR('',#4884,1.);
#4884 = DIRECTION('',(-1.,-0.,0.));
#4885 = PCURVE('',#780,#4886);
#4886 = DEFINITIONAL_REPRESENTATION('',(#4887),#4891);
#4887 = LINE('',#4888,#4889);
#4888 = CARTESIAN_POINT('',(22.4,0.8));
#4889 = VECTOR('',#4890,1.);
#4890 = DIRECTION('',(-1.,0.));
#4891 = ( GEOMETRIC_REPRESENTATION_CONTEXT(2) 
PARAMETRIC_REPRESENTATION_CONTEXT() REPRESENTATION_CONTEXT('2D SPACE',''
  ) );
#4892 = PCURVE('',#861,#4893);
#4893 = DEFINITIONAL_REPRESENTATION('',(#4894),#4898);
#4894 = LINE('',#4895,#4896);
#4895 = CARTESIAN_POINT('',(3.52,-0.4));
#4896 = VECTOR('',#4897,1.);
#4897 = DIRECTION('',(0.,-1.));
#4898 = ( GEOMETRIC_REPRESENTATION_CONTEXT(2) 
PARAMETRIC_REPRESENTATION_CONTEXT() REPRESENTATION_CONTEXT('2D SPACE',''
  ) );
#4899 = ORIENTED_EDGE('',*,*,#872,.F.);
#4900 = ORIENTED_EDGE('',*,*,#4756,.T.);
#4901 = ORIENTED_EDGE('',*,*,#4902,.T.);
#4902 = EDGE_CURVE('',#4757,#4805,#4903,.T.);
#4903 = SURFACE_CURVE('',#4904,(#4908,#4915),.PCURVE_S1.);
#4904 = LINE('',#4905,#4906);
#4905 = CARTESIAN_POINT('',(78.25,99.35,6.9));
#4906 = VECTOR('',#4907,1.);
#4907 = DIRECTION('',(-0.,1.,0.));
#4908 = PCURVE('',#780,#4909);
#4909 = DEFINITIONAL_REPRESENTATION('',(#4910),#4914);
#4910 = LINE('',#4911,#4912);
#4911 = CARTESIAN_POINT('',(44.3,0.));
#4912 = VECTOR('',#4913,1.);
#4913 = DIRECTION('',(0.,1.));
#4914 = ( GEOMETRIC_REPRESENTATION_CONTEXT(2) 
PARAMETRIC_REPRESENTATION_CONTEXT() REPRESENTATION_CONTEXT('2D SPACE',''
  ) );
#4915 = PCURVE('',#2827,#4916);
#4916 = DEFINITIONAL_REPRESENTATION('',(#4917),#4921);
#4917 = LINE('',#4918,#4919);
#4918 = CARTESIAN_POINT('',(3.51,0.));
#4919 = VECTOR('',#4920,1.);
#4920 = DIRECTION('',(0.,-1.));
#4921 = ( GEOMETRIC_REPRESENTATION_CONTEXT(2) 
PARAMETRIC_REPRESENTATION_CONTEXT() REPRESENTATION_CONTEXT('2D SPACE',''
  ) );
#4922 = ADVANCED_FACE('',(#4923),#861,.T.);
#4923 = FACE_BOUND('',#4924,.T.);
#4924 = EDGE_LOOP('',(#4925,#4948,#4969,#4970));
#4925 = ORIENTED_EDGE('',*,*,#4926,.F.);
#4926 = EDGE_CURVE('',#4927,#4852,#4929,.T.);
#4927 = VERTEX_POINT('',#4928);
#4928 = CARTESIAN_POINT('',(77.45,100.15,3.4));
#4929 = SURFACE_CURVE('',#4930,(#4934,#4941),.PCURVE_S1.);
#4930 = LINE('',#4931,#4932);
#4931 = CARTESIAN_POINT('',(77.45,100.15,3.38));
#4932 = VECTOR('',#4933,1.);
#4933 = DIRECTION('',(0.,0.,1.));
#4934 = PCURVE('',#861,#4935);
#4935 = DEFINITIONAL_REPRESENTATION('',(#4936),#4940);
#4936 = LINE('',#4937,#4938);
#4937 = CARTESIAN_POINT('',(0.,20.7));
#4938 = VECTOR('',#4939,1.);
#4939 = DIRECTION('',(1.,0.));
#4940 = ( GEOMETRIC_REPRESENTATION_CONTEXT(2) 
PARAMETRIC_REPRESENTATION_CONTEXT() REPRESENTATION_CONTEXT('2D SPACE',''
  ) );
#4941 = PCURVE('',#4867,#4942);
#4942 = DEFINITIONAL_REPRESENTATION('',(#4943),#4947);
#4943 = LINE('',#4944,#4945);
#4944 = CARTESIAN_POINT('',(0.,0.));
#4945 = VECTOR('',#4946,1.);
#4946 = DIRECTION('',(1.,0.));
#4947 = ( GEOMETRIC_REPRESENTATION_CONTEXT(2) 
PARAMETRIC_REPRESENTATION_CONTEXT() REPRESENTATION_CONTEXT('2D SPACE',''
  ) );
#4948 = ORIENTED_EDGE('',*,*,#4949,.T.);
#4949 = EDGE_CURVE('',#4927,#819,#4950,.T.);
#4950 = SURFACE_CURVE('',#4951,(#4955,#4962),.PCURVE_S1.);
#4951 = LINE('',#4952,#4953);
#4952 = CARTESIAN_POINT('',(33.975,100.15,3.4));
#4953 = VECTOR('',#4954,1.);
#4954 = DIRECTION('',(-1.,-0.,0.));
#4955 = PCURVE('',#861,#4956);
#4956 = DEFINITIONAL_REPRESENTATION('',(#4957),#4961);
#4957 = LINE('',#4958,#4959);
#4958 = CARTESIAN_POINT('',(2.E-02,-22.775));
#4959 = VECTOR('',#4960,1.);
#4960 = DIRECTION('',(0.,-1.));
#4961 = ( GEOMETRIC_REPRESENTATION_CONTEXT(2) 
PARAMETRIC_REPRESENTATION_CONTEXT() REPRESENTATION_CONTEXT('2D SPACE',''
  ) );
#4962 = PCURVE('',#834,#4963);
#4963 = DEFINITIONAL_REPRESENTATION('',(#4964),#4968);
#4964 = LINE('',#4965,#4966);
#4965 = CARTESIAN_POINT('',(22.775,97.75));
#4966 = VECTOR('',#4967,1.);
#4967 = DIRECTION('',(-1.,0.));
#4968 = ( GEOMETRIC_REPRESENTATION_CONTEXT(2) 
PARAMETRIC_REPRESENTATION_CONTEXT() REPRESENTATION_CONTEXT('2D SPACE',''
  ) );
#4969 = ORIENTED_EDGE('',*,*,#845,.F.);
#4970 = ORIENTED_EDGE('',*,*,#4879,.F.);
#4971 = ADVANCED_FACE('',(#4972),#834,.T.);
#4972 = FACE_BOUND('',#4973,.T.);
#4973 = EDGE_LOOP('',(#4974,#4975,#4998,#5019));
#4974 = ORIENTED_EDGE('',*,*,#4949,.F.);
#4975 = ORIENTED_EDGE('',*,*,#4976,.T.);
#4976 = EDGE_CURVE('',#4927,#4977,#4979,.T.);
#4977 = VERTEX_POINT('',#4978);
#4978 = CARTESIAN_POINT('',(77.45,120.85,3.4));
#4979 = SURFACE_CURVE('',#4980,(#4984,#4991),.PCURVE_S1.);
#4980 = LINE('',#4981,#4982);
#4981 = CARTESIAN_POINT('',(77.45,51.275,3.4));
#4982 = VECTOR('',#4983,1.);
#4983 = DIRECTION('',(-0.,1.,0.));
#4984 = PCURVE('',#834,#4985);
#4985 = DEFINITIONAL_REPRESENTATION('',(#4986),#4990);
#4986 = LINE('',#4987,#4988);
#4987 = CARTESIAN_POINT('',(66.25,48.875));
#4988 = VECTOR('',#4989,1.);
#4989 = DIRECTION('',(0.,1.));
#4990 = ( GEOMETRIC_REPRESENTATION_CONTEXT(2) 
PARAMETRIC_REPRESENTATION_CONTEXT() REPRESENTATION_CONTEXT('2D SPACE',''
  ) );
#4991 = PCURVE('',#4867,#4992);
#4992 = DEFINITIONAL_REPRESENTATION('',(#4993),#4997);
#4993 = LINE('',#4994,#4995);
#4994 = CARTESIAN_POINT('',(2.E-02,48.875));
#4995 = VECTOR('',#4996,1.);
#4996 = DIRECTION('',(0.,-1.));
#4997 = ( GEOMETRIC_REPRESENTATION_CONTEXT(2) 
PARAMETRIC_REPRESENTATION_CONTEXT() REPRESENTATION_CONTEXT('2D SPACE',''
  ) );
#4998 = ORIENTED_EDGE('',*,*,#4999,.T.);
#4999 = EDGE_CURVE('',#4977,#792,#5000,.T.);
#5000 = SURFACE_CURVE('',#5001,(#5005,#5012),.PCURVE_S1.);
#5001 = LINE('',#5002,#5003);
#5002 = CARTESIAN_POINT('',(33.975,120.85,3.4));
#5003 = VECTOR('',#5004,1.);
#5004 = DIRECTION('',(-1.,-0.,0.));
#5005 = PCURVE('',#834,#5006);
#5006 = DEFINITIONAL_REPRESENTATION('',(#5007),#5011);
#5007 = LINE('',#5008,#5009);
#5008 = CARTESIAN_POINT('',(22.775,118.45));
#5009 = VECTOR('',#5010,1.);
#5010 = DIRECTION('',(-1.,0.));
#5011 = ( GEOMETRIC_REPRESENTATION_CONTEXT(2) 
PARAMETRIC_REPRESENTATION_CONTEXT() REPRESENTATION_CONTEXT('2D SPACE',''
  ) );
#5012 = PCURVE('',#807,#5013);
#5013 = DEFINITIONAL_REPRESENTATION('',(#5014),#5018);
#5014 = LINE('',#5015,#5016);
#5015 = CARTESIAN_POINT('',(2.E-02,-22.775));
#5016 = VECTOR('',#5017,1.);
#5017 = DIRECTION('',(0.,-1.));
#5018 = ( GEOMETRIC_REPRESENTATION_CONTEXT(2) 
PARAMETRIC_REPRESENTATION_CONTEXT() REPRESENTATION_CONTEXT('2D SPACE',''
  ) );
#5019 = ORIENTED_EDGE('',*,*,#818,.F.);
#5020 = ADVANCED_FACE('',(#5021),#807,.F.);
#5021 = FACE_BOUND('',#5022,.F.);
#5022 = EDGE_LOOP('',(#5023,#5044,#5045,#5046));
#5023 = ORIENTED_EDGE('',*,*,#5024,.F.);
#5024 = EDGE_CURVE('',#4977,#4829,#5025,.T.);
#5025 = SURFACE_CURVE('',#5026,(#5030,#5037),.PCURVE_S1.);
#5026 = LINE('',#5027,#5028);
#5027 = CARTESIAN_POINT('',(77.45,120.85,3.38));
#5028 = VECTOR('',#5029,1.);
#5029 = DIRECTION('',(0.,0.,1.));
#5030 = PCURVE('',#807,#5031);
#5031 = DEFINITIONAL_REPRESENTATION('',(#5032),#5036);
#5032 = LINE('',#5033,#5034);
#5033 = CARTESIAN_POINT('',(0.,20.7));
#5034 = VECTOR('',#5035,1.);
#5035 = DIRECTION('',(1.,0.));
#5036 = ( GEOMETRIC_REPRESENTATION_CONTEXT(2) 
PARAMETRIC_REPRESENTATION_CONTEXT() REPRESENTATION_CONTEXT('2D SPACE',''
  ) );
#5037 = PCURVE('',#4867,#5038);
#5038 = DEFINITIONAL_REPRESENTATION('',(#5039),#5043);
#5039 = LINE('',#5040,#5041);
#5040 = CARTESIAN_POINT('',(0.,-20.7));
#5041 = VECTOR('',#5042,1.);
#5042 = DIRECTION('',(1.,0.));
#5043 = ( GEOMETRIC_REPRESENTATION_CONTEXT(2) 
PARAMETRIC_REPRESENTATION_CONTEXT() REPRESENTATION_CONTEXT('2D SPACE',''
  ) );
#5044 = ORIENTED_EDGE('',*,*,#4999,.T.);
#5045 = ORIENTED_EDGE('',*,*,#791,.F.);
#5046 = ORIENTED_EDGE('',*,*,#4828,.F.);
#5047 = ADVANCED_FACE('',(#5048),#753,.T.);
#5048 = FACE_BOUND('',#5049,.T.);
#5049 = EDGE_LOOP('',(#5050,#5071,#5072,#5073));
#5050 = ORIENTED_EDGE('',*,*,#5051,.F.);
#5051 = EDGE_CURVE('',#2789,#4805,#5052,.T.);
#5052 = SURFACE_CURVE('',#5053,(#5057,#5064),.PCURVE_S1.);
#5053 = LINE('',#5054,#5055);
#5054 = CARTESIAN_POINT('',(78.25,121.65,3.39));
#5055 = VECTOR('',#5056,1.);
#5056 = DIRECTION('',(0.,0.,1.));
#5057 = PCURVE('',#753,#5058);
#5058 = DEFINITIONAL_REPRESENTATION('',(#5059),#5063);
#5059 = LINE('',#5060,#5061);
#5060 = CARTESIAN_POINT('',(0.,22.3));
#5061 = VECTOR('',#5062,1.);
#5062 = DIRECTION('',(1.,0.));
#5063 = ( GEOMETRIC_REPRESENTATION_CONTEXT(2) 
PARAMETRIC_REPRESENTATION_CONTEXT() REPRESENTATION_CONTEXT('2D SPACE',''
  ) );
#5064 = PCURVE('',#2827,#5065);
#5065 = DEFINITIONAL_REPRESENTATION('',(#5066),#5070);
#5066 = LINE('',#5067,#5068);
#5067 = CARTESIAN_POINT('',(0.,-22.3));
#5068 = VECTOR('',#5069,1.);
#5069 = DIRECTION('',(1.,0.));
#5070 = ( GEOMETRIC_REPRESENTATION_CONTEXT(2) 
PARAMETRIC_REPRESENTATION_CONTEXT() REPRESENTATION_CONTEXT('2D SPACE',''
  ) );
#5071 = ORIENTED_EDGE('',*,*,#2788,.F.);
#5072 = ORIENTED_EDGE('',*,*,#737,.F.);
#5073 = ORIENTED_EDGE('',*,*,#4804,.T.);
#5074 = ADVANCED_FACE('',(#5075),#704,.F.);
#5075 = FACE_BOUND('',#5076,.F.);
#5076 = EDGE_LOOP('',(#5077,#5078,#5101,#5122));
#5077 = ORIENTED_EDGE('',*,*,#688,.F.);
#5078 = ORIENTED_EDGE('',*,*,#5079,.T.);
#5079 = EDGE_CURVE('',#667,#5080,#5082,.T.);
#5080 = VERTEX_POINT('',#5081);
#5081 = CARTESIAN_POINT('',(78.25,121.95,6.9));
#5082 = SURFACE_CURVE('',#5083,(#5087,#5094),.PCURVE_S1.);
#5083 = LINE('',#5084,#5085);
#5084 = CARTESIAN_POINT('',(55.95,121.95,6.9));
#5085 = VECTOR('',#5086,1.);
#5086 = DIRECTION('',(1.,0.,-0.));
#5087 = PCURVE('',#704,#5088);
#5088 = DEFINITIONAL_REPRESENTATION('',(#5089),#5093);
#5089 = LINE('',#5090,#5091);
#5090 = CARTESIAN_POINT('',(3.51,22.));
#5091 = VECTOR('',#5092,1.);
#5092 = DIRECTION('',(0.,1.));
#5093 = ( GEOMETRIC_REPRESENTATION_CONTEXT(2) 
PARAMETRIC_REPRESENTATION_CONTEXT() REPRESENTATION_CONTEXT('2D SPACE',''
  ) );
#5094 = PCURVE('',#574,#5095);
#5095 = DEFINITIONAL_REPRESENTATION('',(#5096),#5100);
#5096 = LINE('',#5097,#5098);
#5097 = CARTESIAN_POINT('',(22.,0.));
#5098 = VECTOR('',#5099,1.);
#5099 = DIRECTION('',(1.,0.));
#5100 = ( GEOMETRIC_REPRESENTATION_CONTEXT(2) 
PARAMETRIC_REPRESENTATION_CONTEXT() REPRESENTATION_CONTEXT('2D SPACE',''
  ) );
#5101 = ORIENTED_EDGE('',*,*,#5102,.F.);
#5102 = EDGE_CURVE('',#2739,#5080,#5103,.T.);
#5103 = SURFACE_CURVE('',#5104,(#5108,#5115),.PCURVE_S1.);
#5104 = LINE('',#5105,#5106);
#5105 = CARTESIAN_POINT('',(78.25,121.95,3.39));
#5106 = VECTOR('',#5107,1.);
#5107 = DIRECTION('',(0.,0.,1.));
#5108 = PCURVE('',#704,#5109);
#5109 = DEFINITIONAL_REPRESENTATION('',(#5110),#5114);
#5110 = LINE('',#5111,#5112);
#5111 = CARTESIAN_POINT('',(0.,44.3));
#5112 = VECTOR('',#5113,1.);
#5113 = DIRECTION('',(1.,0.));
#5114 = ( GEOMETRIC_REPRESENTATION_CONTEXT(2) 
PARAMETRIC_REPRESENTATION_CONTEXT() REPRESENTATION_CONTEXT('2D SPACE',''
  ) );
#5115 = PCURVE('',#2754,#5116);
#5116 = DEFINITIONAL_REPRESENTATION('',(#5117),#5121);
#5117 = LINE('',#5118,#5119);
#5118 = CARTESIAN_POINT('',(0.,0.));
#5119 = VECTOR('',#5120,1.);
#5120 = DIRECTION('',(1.,0.));
#5121 = ( GEOMETRIC_REPRESENTATION_CONTEXT(2) 
PARAMETRIC_REPRESENTATION_CONTEXT() REPRESENTATION_CONTEXT('2D SPACE',''
  ) );
#5122 = ORIENTED_EDGE('',*,*,#2766,.T.);
#5123 = ADVANCED_FACE('',(#5124),#574,.T.);
#5124 = FACE_BOUND('',#5125,.T.);
#5125 = EDGE_LOOP('',(#5126,#5149,#5150,#5173,#5201,#5222,#5223,#5224));
#5126 = ORIENTED_EDGE('',*,*,#5127,.F.);
#5127 = EDGE_CURVE('',#532,#5128,#5130,.T.);
#5128 = VERTEX_POINT('',#5129);
#5129 = CARTESIAN_POINT('',(78.25,144.25,6.9));
#5130 = SURFACE_CURVE('',#5131,(#5135,#5142),.PCURVE_S1.);
#5131 = LINE('',#5132,#5133);
#5132 = CARTESIAN_POINT('',(11.95,144.25,6.9));
#5133 = VECTOR('',#5134,1.);
#5134 = DIRECTION('',(1.,0.,0.));
#5135 = PCURVE('',#574,#5136);
#5136 = DEFINITIONAL_REPRESENTATION('',(#5137),#5141);
#5137 = LINE('',#5138,#5139);
#5138 = CARTESIAN_POINT('',(-22.,22.3));
#5139 = VECTOR('',#5140,1.);
#5140 = DIRECTION('',(1.,0.));
#5141 = ( GEOMETRIC_REPRESENTATION_CONTEXT(2) 
PARAMETRIC_REPRESENTATION_CONTEXT() REPRESENTATION_CONTEXT('2D SPACE',''
  ) );
#5142 = PCURVE('',#547,#5143);
#5143 = DEFINITIONAL_REPRESENTATION('',(#5144),#5148);
#5144 = LINE('',#5145,#5146);
#5145 = CARTESIAN_POINT('',(3.51,-44.));
#5146 = VECTOR('',#5147,1.);
#5147 = DIRECTION('',(0.,1.));
#5148 = ( GEOMETRIC_REPRESENTATION_CONTEXT(2) 
PARAMETRIC_REPRESENTATION_CONTEXT() REPRESENTATION_CONTEXT('2D SPACE',''
  ) );
#5149 = ORIENTED_EDGE('',*,*,#558,.F.);
#5150 = ORIENTED_EDGE('',*,*,#5151,.F.);
#5151 = EDGE_CURVE('',#5152,#559,#5154,.T.);
#5152 = VERTEX_POINT('',#5153);
#5153 = CARTESIAN_POINT('',(77.45,143.45,6.9));
#5154 = SURFACE_CURVE('',#5155,(#5159,#5166),.PCURVE_S1.);
#5155 = LINE('',#5156,#5157);
#5156 = CARTESIAN_POINT('',(56.35,143.45,6.9));
#5157 = VECTOR('',#5158,1.);
#5158 = DIRECTION('',(-1.,-0.,0.));
#5159 = PCURVE('',#574,#5160);
#5160 = DEFINITIONAL_REPRESENTATION('',(#5161),#5165);
#5161 = LINE('',#5162,#5163);
#5162 = CARTESIAN_POINT('',(22.4,21.5));
#5163 = VECTOR('',#5164,1.);
#5164 = DIRECTION('',(-1.,0.));
#5165 = ( GEOMETRIC_REPRESENTATION_CONTEXT(2) 
PARAMETRIC_REPRESENTATION_CONTEXT() REPRESENTATION_CONTEXT('2D SPACE',''
  ) );
#5166 = PCURVE('',#601,#5167);
#5167 = DEFINITIONAL_REPRESENTATION('',(#5168),#5172);
#5168 = LINE('',#5169,#5170);
#5169 = CARTESIAN_POINT('',(3.52,-0.4));
#5170 = VECTOR('',#5171,1.);
#5171 = DIRECTION('',(0.,-1.));
#5172 = ( GEOMETRIC_REPRESENTATION_CONTEXT(2) 
PARAMETRIC_REPRESENTATION_CONTEXT() REPRESENTATION_CONTEXT('2D SPACE',''
  ) );
#5173 = ORIENTED_EDGE('',*,*,#5174,.F.);
#5174 = EDGE_CURVE('',#5175,#5152,#5177,.T.);
#5175 = VERTEX_POINT('',#5176);
#5176 = CARTESIAN_POINT('',(77.45,122.75,6.9));
#5177 = SURFACE_CURVE('',#5178,(#5182,#5189),.PCURVE_S1.);
#5178 = LINE('',#5179,#5180);
#5179 = CARTESIAN_POINT('',(77.45,122.35,6.9));
#5180 = VECTOR('',#5181,1.);
#5181 = DIRECTION('',(-0.,1.,0.));
#5182 = PCURVE('',#574,#5183);
#5183 = DEFINITIONAL_REPRESENTATION('',(#5184),#5188);
#5184 = LINE('',#5185,#5186);
#5185 = CARTESIAN_POINT('',(43.5,0.4));
#5186 = VECTOR('',#5187,1.);
#5187 = DIRECTION('',(0.,1.));
#5188 = ( GEOMETRIC_REPRESENTATION_CONTEXT(2) 
PARAMETRIC_REPRESENTATION_CONTEXT() REPRESENTATION_CONTEXT('2D SPACE',''
  ) );
#5189 = PCURVE('',#5190,#5195);
#5190 = PLANE('',#5191);
#5191 = AXIS2_PLACEMENT_3D('',#5192,#5193,#5194);
#5192 = CARTESIAN_POINT('',(77.45,122.75,3.38));
#5193 = DIRECTION('',(1.,0.,-0.));
#5194 = DIRECTION('',(0.,0.,1.));
#5195 = DEFINITIONAL_REPRESENTATION('',(#5196),#5200);
#5196 = LINE('',#5197,#5198);
#5197 = CARTESIAN_POINT('',(3.52,0.4));
#5198 = VECTOR('',#5199,1.);
#5199 = DIRECTION('',(0.,-1.));
#5200 = ( GEOMETRIC_REPRESENTATION_CONTEXT(2) 
PARAMETRIC_REPRESENTATION_CONTEXT() REPRESENTATION_CONTEXT('2D SPACE',''
  ) );
#5201 = ORIENTED_EDGE('',*,*,#5202,.T.);
#5202 = EDGE_CURVE('',#5175,#640,#5203,.T.);
#5203 = SURFACE_CURVE('',#5204,(#5208,#5215),.PCURVE_S1.);
#5204 = LINE('',#5205,#5206);
#5205 = CARTESIAN_POINT('',(56.35,122.75,6.9));
#5206 = VECTOR('',#5207,1.);
#5207 = DIRECTION('',(-1.,-0.,0.));
#5208 = PCURVE('',#574,#5209);
#5209 = DEFINITIONAL_REPRESENTATION('',(#5210),#5214);
#5210 = LINE('',#5211,#5212);
#5211 = CARTESIAN_POINT('',(22.4,0.8));
#5212 = VECTOR('',#5213,1.);
#5213 = DIRECTION('',(-1.,0.));
#5214 = ( GEOMETRIC_REPRESENTATION_CONTEXT(2) 
PARAMETRIC_REPRESENTATION_CONTEXT() REPRESENTATION_CONTEXT('2D SPACE',''
  ) );
#5215 = PCURVE('',#655,#5216);
#5216 = DEFINITIONAL_REPRESENTATION('',(#5217),#5221);
#5217 = LINE('',#5218,#5219);
#5218 = CARTESIAN_POINT('',(3.52,-0.4));
#5219 = VECTOR('',#5220,1.);
#5220 = DIRECTION('',(0.,-1.));
#5221 = ( GEOMETRIC_REPRESENTATION_CONTEXT(2) 
PARAMETRIC_REPRESENTATION_CONTEXT() REPRESENTATION_CONTEXT('2D SPACE',''
  ) );
#5222 = ORIENTED_EDGE('',*,*,#666,.F.);
#5223 = ORIENTED_EDGE('',*,*,#5079,.T.);
#5224 = ORIENTED_EDGE('',*,*,#5225,.T.);
#5225 = EDGE_CURVE('',#5080,#5128,#5226,.T.);
#5226 = SURFACE_CURVE('',#5227,(#5231,#5238),.PCURVE_S1.);
#5227 = LINE('',#5228,#5229);
#5228 = CARTESIAN_POINT('',(78.25,121.95,6.9));
#5229 = VECTOR('',#5230,1.);
#5230 = DIRECTION('',(-0.,1.,0.));
#5231 = PCURVE('',#574,#5232);
#5232 = DEFINITIONAL_REPRESENTATION('',(#5233),#5237);
#5233 = LINE('',#5234,#5235);
#5234 = CARTESIAN_POINT('',(44.3,0.));
#5235 = VECTOR('',#5236,1.);
#5236 = DIRECTION('',(0.,1.));
#5237 = ( GEOMETRIC_REPRESENTATION_CONTEXT(2) 
PARAMETRIC_REPRESENTATION_CONTEXT() REPRESENTATION_CONTEXT('2D SPACE',''
  ) );
#5238 = PCURVE('',#2754,#5239);
#5239 = DEFINITIONAL_REPRESENTATION('',(#5240),#5244);
#5240 = LINE('',#5241,#5242);
#5241 = CARTESIAN_POINT('',(3.51,0.));
#5242 = VECTOR('',#5243,1.);
#5243 = DIRECTION('',(0.,-1.));
#5244 = ( GEOMETRIC_REPRESENTATION_CONTEXT(2) 
PARAMETRIC_REPRESENTATION_CONTEXT() REPRESENTATION_CONTEXT('2D SPACE',''
  ) );
#5245 = ADVANCED_FACE('',(#5246),#655,.T.);
#5246 = FACE_BOUND('',#5247,.T.);
#5247 = EDGE_LOOP('',(#5248,#5271,#5292,#5293));
#5248 = ORIENTED_EDGE('',*,*,#5249,.F.);
#5249 = EDGE_CURVE('',#5250,#5175,#5252,.T.);
#5250 = VERTEX_POINT('',#5251);
#5251 = CARTESIAN_POINT('',(77.45,122.75,3.4));
#5252 = SURFACE_CURVE('',#5253,(#5257,#5264),.PCURVE_S1.);
#5253 = LINE('',#5254,#5255);
#5254 = CARTESIAN_POINT('',(77.45,122.75,3.38));
#5255 = VECTOR('',#5256,1.);
#5256 = DIRECTION('',(0.,0.,1.));
#5257 = PCURVE('',#655,#5258);
#5258 = DEFINITIONAL_REPRESENTATION('',(#5259),#5263);
#5259 = LINE('',#5260,#5261);
#5260 = CARTESIAN_POINT('',(0.,20.7));
#5261 = VECTOR('',#5262,1.);
#5262 = DIRECTION('',(1.,0.));
#5263 = ( GEOMETRIC_REPRESENTATION_CONTEXT(2) 
PARAMETRIC_REPRESENTATION_CONTEXT() REPRESENTATION_CONTEXT('2D SPACE',''
  ) );
#5264 = PCURVE('',#5190,#5265);
#5265 = DEFINITIONAL_REPRESENTATION('',(#5266),#5270);
#5266 = LINE('',#5267,#5268);
#5267 = CARTESIAN_POINT('',(0.,0.));
#5268 = VECTOR('',#5269,1.);
#5269 = DIRECTION('',(1.,0.));
#5270 = ( GEOMETRIC_REPRESENTATION_CONTEXT(2) 
PARAMETRIC_REPRESENTATION_CONTEXT() REPRESENTATION_CONTEXT('2D SPACE',''
  ) );
#5271 = ORIENTED_EDGE('',*,*,#5272,.T.);
#5272 = EDGE_CURVE('',#5250,#613,#5273,.T.);
#5273 = SURFACE_CURVE('',#5274,(#5278,#5285),.PCURVE_S1.);
#5274 = LINE('',#5275,#5276);
#5275 = CARTESIAN_POINT('',(33.975,122.75,3.4));
#5276 = VECTOR('',#5277,1.);
#5277 = DIRECTION('',(-1.,-0.,0.));
#5278 = PCURVE('',#655,#5279);
#5279 = DEFINITIONAL_REPRESENTATION('',(#5280),#5284);
#5280 = LINE('',#5281,#5282);
#5281 = CARTESIAN_POINT('',(2.E-02,-22.775));
#5282 = VECTOR('',#5283,1.);
#5283 = DIRECTION('',(0.,-1.));
#5284 = ( GEOMETRIC_REPRESENTATION_CONTEXT(2) 
PARAMETRIC_REPRESENTATION_CONTEXT() REPRESENTATION_CONTEXT('2D SPACE',''
  ) );
#5285 = PCURVE('',#628,#5286);
#5286 = DEFINITIONAL_REPRESENTATION('',(#5287),#5291);
#5287 = LINE('',#5288,#5289);
#5288 = CARTESIAN_POINT('',(22.775,120.35));
#5289 = VECTOR('',#5290,1.);
#5290 = DIRECTION('',(-1.,0.));
#5291 = ( GEOMETRIC_REPRESENTATION_CONTEXT(2) 
PARAMETRIC_REPRESENTATION_CONTEXT() REPRESENTATION_CONTEXT('2D SPACE',''
  ) );
#5292 = ORIENTED_EDGE('',*,*,#639,.F.);
#5293 = ORIENTED_EDGE('',*,*,#5202,.F.);
#5294 = ADVANCED_FACE('',(#5295),#628,.T.);
#5295 = FACE_BOUND('',#5296,.T.);
#5296 = EDGE_LOOP('',(#5297,#5298,#5321,#5342));
#5297 = ORIENTED_EDGE('',*,*,#5272,.F.);
#5298 = ORIENTED_EDGE('',*,*,#5299,.T.);
#5299 = EDGE_CURVE('',#5250,#5300,#5302,.T.);
#5300 = VERTEX_POINT('',#5301);
#5301 = CARTESIAN_POINT('',(77.45,143.45,3.4));
#5302 = SURFACE_CURVE('',#5303,(#5307,#5314),.PCURVE_S1.);
#5303 = LINE('',#5304,#5305);
#5304 = CARTESIAN_POINT('',(77.45,62.575,3.4));
#5305 = VECTOR('',#5306,1.);
#5306 = DIRECTION('',(-0.,1.,0.));
#5307 = PCURVE('',#628,#5308);
#5308 = DEFINITIONAL_REPRESENTATION('',(#5309),#5313);
#5309 = LINE('',#5310,#5311);
#5310 = CARTESIAN_POINT('',(66.25,60.175));
#5311 = VECTOR('',#5312,1.);
#5312 = DIRECTION('',(0.,1.));
#5313 = ( GEOMETRIC_REPRESENTATION_CONTEXT(2) 
PARAMETRIC_REPRESENTATION_CONTEXT() REPRESENTATION_CONTEXT('2D SPACE',''
  ) );
#5314 = PCURVE('',#5190,#5315);
#5315 = DEFINITIONAL_REPRESENTATION('',(#5316),#5320);
#5316 = LINE('',#5317,#5318);
#5317 = CARTESIAN_POINT('',(2.E-02,60.175));
#5318 = VECTOR('',#5319,1.);
#5319 = DIRECTION('',(0.,-1.));
#5320 = ( GEOMETRIC_REPRESENTATION_CONTEXT(2) 
PARAMETRIC_REPRESENTATION_CONTEXT() REPRESENTATION_CONTEXT('2D SPACE',''
  ) );
#5321 = ORIENTED_EDGE('',*,*,#5322,.T.);
#5322 = EDGE_CURVE('',#5300,#586,#5323,.T.);
#5323 = SURFACE_CURVE('',#5324,(#5328,#5335),.PCURVE_S1.);
#5324 = LINE('',#5325,#5326);
#5325 = CARTESIAN_POINT('',(33.975,143.45,3.4));
#5326 = VECTOR('',#5327,1.);
#5327 = DIRECTION('',(-1.,-0.,0.));
#5328 = PCURVE('',#628,#5329);
#5329 = DEFINITIONAL_REPRESENTATION('',(#5330),#5334);
#5330 = LINE('',#5331,#5332);
#5331 = CARTESIAN_POINT('',(22.775,141.05));
#5332 = VECTOR('',#5333,1.);
#5333 = DIRECTION('',(-1.,0.));
#5334 = ( GEOMETRIC_REPRESENTATION_CONTEXT(2) 
PARAMETRIC_REPRESENTATION_CONTEXT() REPRESENTATION_CONTEXT('2D SPACE',''
  ) );
#5335 = PCURVE('',#601,#5336);
#5336 = DEFINITIONAL_REPRESENTATION('',(#5337),#5341);
#5337 = LINE('',#5338,#5339);
#5338 = CARTESIAN_POINT('',(2.E-02,-22.775));
#5339 = VECTOR('',#5340,1.);
#5340 = DIRECTION('',(0.,-1.));
#5341 = ( GEOMETRIC_REPRESENTATION_CONTEXT(2) 
PARAMETRIC_REPRESENTATION_CONTEXT() REPRESENTATION_CONTEXT('2D SPACE',''
  ) );
#5342 = ORIENTED_EDGE('',*,*,#612,.F.);
#5343 = ADVANCED_FACE('',(#5344),#601,.F.);
#5344 = FACE_BOUND('',#5345,.F.);
#5345 = EDGE_LOOP('',(#5346,#5367,#5368,#5369));
#5346 = ORIENTED_EDGE('',*,*,#5347,.F.);
#5347 = EDGE_CURVE('',#5300,#5152,#5348,.T.);
#5348 = SURFACE_CURVE('',#5349,(#5353,#5360),.PCURVE_S1.);
#5349 = LINE('',#5350,#5351);
#5350 = CARTESIAN_POINT('',(77.45,143.45,3.38));
#5351 = VECTOR('',#5352,1.);
#5352 = DIRECTION('',(0.,0.,1.));
#5353 = PCURVE('',#601,#5354);
#5354 = DEFINITIONAL_REPRESENTATION('',(#5355),#5359);
#5355 = LINE('',#5356,#5357);
#5356 = CARTESIAN_POINT('',(0.,20.7));
#5357 = VECTOR('',#5358,1.);
#5358 = DIRECTION('',(1.,0.));
#5359 = ( GEOMETRIC_REPRESENTATION_CONTEXT(2) 
PARAMETRIC_REPRESENTATION_CONTEXT() REPRESENTATION_CONTEXT('2D SPACE',''
  ) );
#5360 = PCURVE('',#5190,#5361);
#5361 = DEFINITIONAL_REPRESENTATION('',(#5362),#5366);
#5362 = LINE('',#5363,#5364);
#5363 = CARTESIAN_POINT('',(0.,-20.7));
#5364 = VECTOR('',#5365,1.);
#5365 = DIRECTION('',(1.,0.));
#5366 = ( GEOMETRIC_REPRESENTATION_CONTEXT(2) 
PARAMETRIC_REPRESENTATION_CONTEXT() REPRESENTATION_CONTEXT('2D SPACE',''
  ) );
#5367 = ORIENTED_EDGE('',*,*,#5322,.T.);
#5368 = ORIENTED_EDGE('',*,*,#585,.F.);
#5369 = ORIENTED_EDGE('',*,*,#5151,.F.);
#5370 = ADVANCED_FACE('',(#5371),#547,.T.);
#5371 = FACE_BOUND('',#5372,.T.);
#5372 = EDGE_LOOP('',(#5373,#5394,#5395,#5396));
#5373 = ORIENTED_EDGE('',*,*,#5374,.F.);
#5374 = EDGE_CURVE('',#2716,#5128,#5375,.T.);
#5375 = SURFACE_CURVE('',#5376,(#5380,#5387),.PCURVE_S1.);
#5376 = LINE('',#5377,#5378);
#5377 = CARTESIAN_POINT('',(78.25,144.25,3.39));
#5378 = VECTOR('',#5379,1.);
#5379 = DIRECTION('',(0.,0.,1.));
#5380 = PCURVE('',#547,#5381);
#5381 = DEFINITIONAL_REPRESENTATION('',(#5382),#5386);
#5382 = LINE('',#5383,#5384);
#5383 = CARTESIAN_POINT('',(0.,22.3));
#5384 = VECTOR('',#5385,1.);
#5385 = DIRECTION('',(1.,0.));
#5386 = ( GEOMETRIC_REPRESENTATION_CONTEXT(2) 
PARAMETRIC_REPRESENTATION_CONTEXT() REPRESENTATION_CONTEXT('2D SPACE',''
  ) );
#5387 = PCURVE('',#2754,#5388);
#5388 = DEFINITIONAL_REPRESENTATION('',(#5389),#5393);
#5389 = LINE('',#5390,#5391);
#5390 = CARTESIAN_POINT('',(0.,-22.3));
#5391 = VECTOR('',#5392,1.);
#5392 = DIRECTION('',(1.,0.));
#5393 = ( GEOMETRIC_REPRESENTATION_CONTEXT(2) 
PARAMETRIC_REPRESENTATION_CONTEXT() REPRESENTATION_CONTEXT('2D SPACE',''
  ) );
#5394 = ORIENTED_EDGE('',*,*,#2715,.F.);
#5395 = ORIENTED_EDGE('',*,*,#531,.F.);
#5396 = ORIENTED_EDGE('',*,*,#5127,.T.);
#5397 = ADVANCED_FACE('',(#5398),#498,.F.);
#5398 = FACE_BOUND('',#5399,.F.);
#5399 = EDGE_LOOP('',(#5400,#5401,#5424,#5445));
#5400 = ORIENTED_EDGE('',*,*,#482,.F.);
#5401 = ORIENTED_EDGE('',*,*,#5402,.T.);
#5402 = EDGE_CURVE('',#461,#5403,#5405,.T.);
#5403 = VERTEX_POINT('',#5404);
#5404 = CARTESIAN_POINT('',(78.25,144.55,6.9));
#5405 = SURFACE_CURVE('',#5406,(#5410,#5417),.PCURVE_S1.);
#5406 = LINE('',#5407,#5408);
#5407 = CARTESIAN_POINT('',(55.95,144.55,6.9));
#5408 = VECTOR('',#5409,1.);
#5409 = DIRECTION('',(1.,0.,-0.));
#5410 = PCURVE('',#498,#5411);
#5411 = DEFINITIONAL_REPRESENTATION('',(#5412),#5416);
#5412 = LINE('',#5413,#5414);
#5413 = CARTESIAN_POINT('',(3.51,22.));
#5414 = VECTOR('',#5415,1.);
#5415 = DIRECTION('',(0.,1.));
#5416 = ( GEOMETRIC_REPRESENTATION_CONTEXT(2) 
PARAMETRIC_REPRESENTATION_CONTEXT() REPRESENTATION_CONTEXT('2D SPACE',''
  ) );
#5417 = PCURVE('',#368,#5418);
#5418 = DEFINITIONAL_REPRESENTATION('',(#5419),#5423);
#5419 = LINE('',#5420,#5421);
#5420 = CARTESIAN_POINT('',(22.,0.));
#5421 = VECTOR('',#5422,1.);
#5422 = DIRECTION('',(1.,0.));
#5423 = ( GEOMETRIC_REPRESENTATION_CONTEXT(2) 
PARAMETRIC_REPRESENTATION_CONTEXT() REPRESENTATION_CONTEXT('2D SPACE',''
  ) );
#5424 = ORIENTED_EDGE('',*,*,#5425,.F.);
#5425 = EDGE_CURVE('',#2666,#5403,#5426,.T.);
#5426 = SURFACE_CURVE('',#5427,(#5431,#5438),.PCURVE_S1.);
#5427 = LINE('',#5428,#5429);
#5428 = CARTESIAN_POINT('',(78.25,144.55,3.39));
#5429 = VECTOR('',#5430,1.);
#5430 = DIRECTION('',(0.,0.,1.));
#5431 = PCURVE('',#498,#5432);
#5432 = DEFINITIONAL_REPRESENTATION('',(#5433),#5437);
#5433 = LINE('',#5434,#5435);
#5434 = CARTESIAN_POINT('',(0.,44.3));
#5435 = VECTOR('',#5436,1.);
#5436 = DIRECTION('',(1.,0.));
#5437 = ( GEOMETRIC_REPRESENTATION_CONTEXT(2) 
PARAMETRIC_REPRESENTATION_CONTEXT() REPRESENTATION_CONTEXT('2D SPACE',''
  ) );
#5438 = PCURVE('',#2681,#5439);
#5439 = DEFINITIONAL_REPRESENTATION('',(#5440),#5444);
#5440 = LINE('',#5441,#5442);
#5441 = CARTESIAN_POINT('',(0.,0.));
#5442 = VECTOR('',#5443,1.);
#5443 = DIRECTION('',(1.,0.));
#5444 = ( GEOMETRIC_REPRESENTATION_CONTEXT(2) 
PARAMETRIC_REPRESENTATION_CONTEXT() REPRESENTATION_CONTEXT('2D SPACE',''
  ) );
#5445 = ORIENTED_EDGE('',*,*,#2693,.T.);
#5446 = ADVANCED_FACE('',(#5447),#368,.T.);
#5447 = FACE_BOUND('',#5448,.T.);
#5448 = EDGE_LOOP('',(#5449,#5472,#5473,#5496,#5524,#5545,#5546,#5547));
#5449 = ORIENTED_EDGE('',*,*,#5450,.F.);
#5450 = EDGE_CURVE('',#326,#5451,#5453,.T.);
#5451 = VERTEX_POINT('',#5452);
#5452 = CARTESIAN_POINT('',(78.25,166.85,6.9));
#5453 = SURFACE_CURVE('',#5454,(#5458,#5465),.PCURVE_S1.);
#5454 = LINE('',#5455,#5456);
#5455 = CARTESIAN_POINT('',(43.3,166.85,6.9));
#5456 = VECTOR('',#5457,1.);
#5457 = DIRECTION('',(1.,0.,0.));
#5458 = PCURVE('',#368,#5459);
#5459 = DEFINITIONAL_REPRESENTATION('',(#5460),#5464);
#5460 = LINE('',#5461,#5462);
#5461 = CARTESIAN_POINT('',(9.35,22.3));
#5462 = VECTOR('',#5463,1.);
#5463 = DIRECTION('',(1.,0.));
#5464 = ( GEOMETRIC_REPRESENTATION_CONTEXT(2) 
PARAMETRIC_REPRESENTATION_CONTEXT() REPRESENTATION_CONTEXT('2D SPACE',''
  ) );
#5465 = PCURVE('',#341,#5466);
#5466 = DEFINITIONAL_REPRESENTATION('',(#5467),#5471);
#5467 = LINE('',#5468,#5469);
#5468 = CARTESIAN_POINT('',(3.51,-12.65));
#5469 = VECTOR('',#5470,1.);
#5470 = DIRECTION('',(0.,1.));
#5471 = ( GEOMETRIC_REPRESENTATION_CONTEXT(2) 
PARAMETRIC_REPRESENTATION_CONTEXT() REPRESENTATION_CONTEXT('2D SPACE',''
  ) );
#5472 = ORIENTED_EDGE('',*,*,#352,.F.);
#5473 = ORIENTED_EDGE('',*,*,#5474,.F.);
#5474 = EDGE_CURVE('',#5475,#353,#5477,.T.);
#5475 = VERTEX_POINT('',#5476);
#5476 = CARTESIAN_POINT('',(77.45,166.05,6.9));
#5477 = SURFACE_CURVE('',#5478,(#5482,#5489),.PCURVE_S1.);
#5478 = LINE('',#5479,#5480);
#5479 = CARTESIAN_POINT('',(56.35,166.05,6.9));
#5480 = VECTOR('',#5481,1.);
#5481 = DIRECTION('',(-1.,-0.,0.));
#5482 = PCURVE('',#368,#5483);
#5483 = DEFINITIONAL_REPRESENTATION('',(#5484),#5488);
#5484 = LINE('',#5485,#5486);
#5485 = CARTESIAN_POINT('',(22.4,21.5));
#5486 = VECTOR('',#5487,1.);
#5487 = DIRECTION('',(-1.,0.));
#5488 = ( GEOMETRIC_REPRESENTATION_CONTEXT(2) 
PARAMETRIC_REPRESENTATION_CONTEXT() REPRESENTATION_CONTEXT('2D SPACE',''
  ) );
#5489 = PCURVE('',#395,#5490);
#5490 = DEFINITIONAL_REPRESENTATION('',(#5491),#5495);
#5491 = LINE('',#5492,#5493);
#5492 = CARTESIAN_POINT('',(3.52,-0.4));
#5493 = VECTOR('',#5494,1.);
#5494 = DIRECTION('',(0.,-1.));
#5495 = ( GEOMETRIC_REPRESENTATION_CONTEXT(2) 
PARAMETRIC_REPRESENTATION_CONTEXT() REPRESENTATION_CONTEXT('2D SPACE',''
  ) );
#5496 = ORIENTED_EDGE('',*,*,#5497,.F.);
#5497 = EDGE_CURVE('',#5498,#5475,#5500,.T.);
#5498 = VERTEX_POINT('',#5499);
#5499 = CARTESIAN_POINT('',(77.45,145.35,6.9));
#5500 = SURFACE_CURVE('',#5501,(#5505,#5512),.PCURVE_S1.);
#5501 = LINE('',#5502,#5503);
#5502 = CARTESIAN_POINT('',(77.45,144.95,6.9));
#5503 = VECTOR('',#5504,1.);
#5504 = DIRECTION('',(-0.,1.,0.));
#5505 = PCURVE('',#368,#5506);
#5506 = DEFINITIONAL_REPRESENTATION('',(#5507),#5511);
#5507 = LINE('',#5508,#5509);
#5508 = CARTESIAN_POINT('',(43.5,0.4));
#5509 = VECTOR('',#5510,1.);
#5510 = DIRECTION('',(0.,1.));
#5511 = ( GEOMETRIC_REPRESENTATION_CONTEXT(2) 
PARAMETRIC_REPRESENTATION_CONTEXT() REPRESENTATION_CONTEXT('2D SPACE',''
  ) );
#5512 = PCURVE('',#5513,#5518);
#5513 = PLANE('',#5514);
#5514 = AXIS2_PLACEMENT_3D('',#5515,#5516,#5517);
#5515 = CARTESIAN_POINT('',(77.45,145.35,3.38));
#5516 = DIRECTION('',(1.,0.,-0.));
#5517 = DIRECTION('',(0.,0.,1.));
#5518 = DEFINITIONAL_REPRESENTATION('',(#5519),#5523);
#5519 = LINE('',#5520,#5521);
#5520 = CARTESIAN_POINT('',(3.52,0.4));
#5521 = VECTOR('',#5522,1.);
#5522 = DIRECTION('',(0.,-1.));
#5523 = ( GEOMETRIC_REPRESENTATION_CONTEXT(2) 
PARAMETRIC_REPRESENTATION_CONTEXT() REPRESENTATION_CONTEXT('2D SPACE',''
  ) );
#5524 = ORIENTED_EDGE('',*,*,#5525,.T.);
#5525 = EDGE_CURVE('',#5498,#434,#5526,.T.);
#5526 = SURFACE_CURVE('',#5527,(#5531,#5538),.PCURVE_S1.);
#5527 = LINE('',#5528,#5529);
#5528 = CARTESIAN_POINT('',(56.35,145.35,6.9));
#5529 = VECTOR('',#5530,1.);
#5530 = DIRECTION('',(-1.,-0.,0.));
#5531 = PCURVE('',#368,#5532);
#5532 = DEFINITIONAL_REPRESENTATION('',(#5533),#5537);
#5533 = LINE('',#5534,#5535);
#5534 = CARTESIAN_POINT('',(22.4,0.8));
#5535 = VECTOR('',#5536,1.);
#5536 = DIRECTION('',(-1.,0.));
#5537 = ( GEOMETRIC_REPRESENTATION_CONTEXT(2) 
PARAMETRIC_REPRESENTATION_CONTEXT() REPRESENTATION_CONTEXT('2D SPACE',''
  ) );
#5538 = PCURVE('',#449,#5539);
#5539 = DEFINITIONAL_REPRESENTATION('',(#5540),#5544);
#5540 = LINE('',#5541,#5542);
#5541 = CARTESIAN_POINT('',(3.52,-0.4));
#5542 = VECTOR('',#5543,1.);
#5543 = DIRECTION('',(0.,-1.));
#5544 = ( GEOMETRIC_REPRESENTATION_CONTEXT(2) 
PARAMETRIC_REPRESENTATION_CONTEXT() REPRESENTATION_CONTEXT('2D SPACE',''
  ) );
#5545 = ORIENTED_EDGE('',*,*,#460,.F.);
#5546 = ORIENTED_EDGE('',*,*,#5402,.T.);
#5547 = ORIENTED_EDGE('',*,*,#5548,.T.);
#5548 = EDGE_CURVE('',#5403,#5451,#5549,.T.);
#5549 = SURFACE_CURVE('',#5550,(#5554,#5561),.PCURVE_S1.);
#5550 = LINE('',#5551,#5552);
#5551 = CARTESIAN_POINT('',(78.25,144.55,6.9));
#5552 = VECTOR('',#5553,1.);
#5553 = DIRECTION('',(-0.,1.,0.));
#5554 = PCURVE('',#368,#5555);
#5555 = DEFINITIONAL_REPRESENTATION('',(#5556),#5560);
#5556 = LINE('',#5557,#5558);
#5557 = CARTESIAN_POINT('',(44.3,0.));
#5558 = VECTOR('',#5559,1.);
#5559 = DIRECTION('',(0.,1.));
#5560 = ( GEOMETRIC_REPRESENTATION_CONTEXT(2) 
PARAMETRIC_REPRESENTATION_CONTEXT() REPRESENTATION_CONTEXT('2D SPACE',''
  ) );
#5561 = PCURVE('',#2681,#5562);
#5562 = DEFINITIONAL_REPRESENTATION('',(#5563),#5567);
#5563 = LINE('',#5564,#5565);
#5564 = CARTESIAN_POINT('',(3.51,0.));
#5565 = VECTOR('',#5566,1.);
#5566 = DIRECTION('',(0.,-1.));
#5567 = ( GEOMETRIC_REPRESENTATION_CONTEXT(2) 
PARAMETRIC_REPRESENTATION_CONTEXT() REPRESENTATION_CONTEXT('2D SPACE',''
  ) );
#5568 = ADVANCED_FACE('',(#5569),#449,.T.);
#5569 = FACE_BOUND('',#5570,.T.);
#5570 = EDGE_LOOP('',(#5571,#5594,#5615,#5616));
#5571 = ORIENTED_EDGE('',*,*,#5572,.F.);
#5572 = EDGE_CURVE('',#5573,#5498,#5575,.T.);
#5573 = VERTEX_POINT('',#5574);
#5574 = CARTESIAN_POINT('',(77.45,145.35,3.4));
#5575 = SURFACE_CURVE('',#5576,(#5580,#5587),.PCURVE_S1.);
#5576 = LINE('',#5577,#5578);
#5577 = CARTESIAN_POINT('',(77.45,145.35,3.38));
#5578 = VECTOR('',#5579,1.);
#5579 = DIRECTION('',(0.,0.,1.));
#5580 = PCURVE('',#449,#5581);
#5581 = DEFINITIONAL_REPRESENTATION('',(#5582),#5586);
#5582 = LINE('',#5583,#5584);
#5583 = CARTESIAN_POINT('',(0.,20.7));
#5584 = VECTOR('',#5585,1.);
#5585 = DIRECTION('',(1.,0.));
#5586 = ( GEOMETRIC_REPRESENTATION_CONTEXT(2) 
PARAMETRIC_REPRESENTATION_CONTEXT() REPRESENTATION_CONTEXT('2D SPACE',''
  ) );
#5587 = PCURVE('',#5513,#5588);
#5588 = DEFINITIONAL_REPRESENTATION('',(#5589),#5593);
#5589 = LINE('',#5590,#5591);
#5590 = CARTESIAN_POINT('',(0.,0.));
#5591 = VECTOR('',#5592,1.);
#5592 = DIRECTION('',(1.,0.));
#5593 = ( GEOMETRIC_REPRESENTATION_CONTEXT(2) 
PARAMETRIC_REPRESENTATION_CONTEXT() REPRESENTATION_CONTEXT('2D SPACE',''
  ) );
#5594 = ORIENTED_EDGE('',*,*,#5595,.T.);
#5595 = EDGE_CURVE('',#5573,#407,#5596,.T.);
#5596 = SURFACE_CURVE('',#5597,(#5601,#5608),.PCURVE_S1.);
#5597 = LINE('',#5598,#5599);
#5598 = CARTESIAN_POINT('',(33.975,145.35,3.4));
#5599 = VECTOR('',#5600,1.);
#5600 = DIRECTION('',(-1.,-0.,0.));
#5601 = PCURVE('',#449,#5602);
#5602 = DEFINITIONAL_REPRESENTATION('',(#5603),#5607);
#5603 = LINE('',#5604,#5605);
#5604 = CARTESIAN_POINT('',(2.E-02,-22.775));
#5605 = VECTOR('',#5606,1.);
#5606 = DIRECTION('',(0.,-1.));
#5607 = ( GEOMETRIC_REPRESENTATION_CONTEXT(2) 
PARAMETRIC_REPRESENTATION_CONTEXT() REPRESENTATION_CONTEXT('2D SPACE',''
  ) );
#5608 = PCURVE('',#422,#5609);
#5609 = DEFINITIONAL_REPRESENTATION('',(#5610),#5614);
#5610 = LINE('',#5611,#5612);
#5611 = CARTESIAN_POINT('',(22.775,142.95));
#5612 = VECTOR('',#5613,1.);
#5613 = DIRECTION('',(-1.,0.));
#5614 = ( GEOMETRIC_REPRESENTATION_CONTEXT(2) 
PARAMETRIC_REPRESENTATION_CONTEXT() REPRESENTATION_CONTEXT('2D SPACE',''
  ) );
#5615 = ORIENTED_EDGE('',*,*,#433,.F.);
#5616 = ORIENTED_EDGE('',*,*,#5525,.F.);
#5617 = ADVANCED_FACE('',(#5618),#422,.T.);
#5618 = FACE_BOUND('',#5619,.T.);
#5619 = EDGE_LOOP('',(#5620,#5621,#5644,#5665));
#5620 = ORIENTED_EDGE('',*,*,#5595,.F.);
#5621 = ORIENTED_EDGE('',*,*,#5622,.T.);
#5622 = EDGE_CURVE('',#5573,#5623,#5625,.T.);
#5623 = VERTEX_POINT('',#5624);
#5624 = CARTESIAN_POINT('',(77.45,166.05,3.4));
#5625 = SURFACE_CURVE('',#5626,(#5630,#5637),.PCURVE_S1.);
#5626 = LINE('',#5627,#5628);
#5627 = CARTESIAN_POINT('',(77.45,73.875,3.4));
#5628 = VECTOR('',#5629,1.);
#5629 = DIRECTION('',(-0.,1.,0.));
#5630 = PCURVE('',#422,#5631);
#5631 = DEFINITIONAL_REPRESENTATION('',(#5632),#5636);
#5632 = LINE('',#5633,#5634);
#5633 = CARTESIAN_POINT('',(66.25,71.475));
#5634 = VECTOR('',#5635,1.);
#5635 = DIRECTION('',(0.,1.));
#5636 = ( GEOMETRIC_REPRESENTATION_CONTEXT(2) 
PARAMETRIC_REPRESENTATION_CONTEXT() REPRESENTATION_CONTEXT('2D SPACE',''
  ) );
#5637 = PCURVE('',#5513,#5638);
#5638 = DEFINITIONAL_REPRESENTATION('',(#5639),#5643);
#5639 = LINE('',#5640,#5641);
#5640 = CARTESIAN_POINT('',(2.E-02,71.475));
#5641 = VECTOR('',#5642,1.);
#5642 = DIRECTION('',(0.,-1.));
#5643 = ( GEOMETRIC_REPRESENTATION_CONTEXT(2) 
PARAMETRIC_REPRESENTATION_CONTEXT() REPRESENTATION_CONTEXT('2D SPACE',''
  ) );
#5644 = ORIENTED_EDGE('',*,*,#5645,.T.);
#5645 = EDGE_CURVE('',#5623,#380,#5646,.T.);
#5646 = SURFACE_CURVE('',#5647,(#5651,#5658),.PCURVE_S1.);
#5647 = LINE('',#5648,#5649);
#5648 = CARTESIAN_POINT('',(33.975,166.05,3.4));
#5649 = VECTOR('',#5650,1.);
#5650 = DIRECTION('',(-1.,-0.,0.));
#5651 = PCURVE('',#422,#5652);
#5652 = DEFINITIONAL_REPRESENTATION('',(#5653),#5657);
#5653 = LINE('',#5654,#5655);
#5654 = CARTESIAN_POINT('',(22.775,163.65));
#5655 = VECTOR('',#5656,1.);
#5656 = DIRECTION('',(-1.,0.));
#5657 = ( GEOMETRIC_REPRESENTATION_CONTEXT(2) 
PARAMETRIC_REPRESENTATION_CONTEXT() REPRESENTATION_CONTEXT('2D SPACE',''
  ) );
#5658 = PCURVE('',#395,#5659);
#5659 = DEFINITIONAL_REPRESENTATION('',(#5660),#5664);
#5660 = LINE('',#5661,#5662);
#5661 = CARTESIAN_POINT('',(2.E-02,-22.775));
#5662 = VECTOR('',#5663,1.);
#5663 = DIRECTION('',(0.,-1.));
#5664 = ( GEOMETRIC_REPRESENTATION_CONTEXT(2) 
PARAMETRIC_REPRESENTATION_CONTEXT() REPRESENTATION_CONTEXT('2D SPACE',''
  ) );
#5665 = ORIENTED_EDGE('',*,*,#406,.F.);
#5666 = ADVANCED_FACE('',(#5667),#395,.F.);
#5667 = FACE_BOUND('',#5668,.F.);
#5668 = EDGE_LOOP('',(#5669,#5690,#5691,#5692));
#5669 = ORIENTED_EDGE('',*,*,#5670,.F.);
#5670 = EDGE_CURVE('',#5623,#5475,#5671,.T.);
#5671 = SURFACE_CURVE('',#5672,(#5676,#5683),.PCURVE_S1.);
#5672 = LINE('',#5673,#5674);
#5673 = CARTESIAN_POINT('',(77.45,166.05,3.38));
#5674 = VECTOR('',#5675,1.);
#5675 = DIRECTION('',(0.,0.,1.));
#5676 = PCURVE('',#395,#5677);
#5677 = DEFINITIONAL_REPRESENTATION('',(#5678),#5682);
#5678 = LINE('',#5679,#5680);
#5679 = CARTESIAN_POINT('',(0.,20.7));
#5680 = VECTOR('',#5681,1.);
#5681 = DIRECTION('',(1.,0.));
#5682 = ( GEOMETRIC_REPRESENTATION_CONTEXT(2) 
PARAMETRIC_REPRESENTATION_CONTEXT() REPRESENTATION_CONTEXT('2D SPACE',''
  ) );
#5683 = PCURVE('',#5513,#5684);
#5684 = DEFINITIONAL_REPRESENTATION('',(#5685),#5689);
#5685 = LINE('',#5686,#5687);
#5686 = CARTESIAN_POINT('',(0.,-20.7));
#5687 = VECTOR('',#5688,1.);
#5688 = DIRECTION('',(1.,0.));
#5689 = ( GEOMETRIC_REPRESENTATION_CONTEXT(2) 
PARAMETRIC_REPRESENTATION_CONTEXT() REPRESENTATION_CONTEXT('2D SPACE',''
  ) );
#5690 = ORIENTED_EDGE('',*,*,#5645,.T.);
#5691 = ORIENTED_EDGE('',*,*,#379,.F.);
#5692 = ORIENTED_EDGE('',*,*,#5474,.F.);
#5693 = ADVANCED_FACE('',(#5694),#341,.T.);
#5694 = FACE_BOUND('',#5695,.T.);
#5695 = EDGE_LOOP('',(#5696,#5717,#5718,#5719));
#5696 = ORIENTED_EDGE('',*,*,#5697,.F.);
#5697 = EDGE_CURVE('',#2643,#5451,#5698,.T.);
#5698 = SURFACE_CURVE('',#5699,(#5703,#5710),.PCURVE_S1.);
#5699 = LINE('',#5700,#5701);
#5700 = CARTESIAN_POINT('',(78.25,166.85,3.39));
#5701 = VECTOR('',#5702,1.);
#5702 = DIRECTION('',(0.,0.,1.));
#5703 = PCURVE('',#341,#5704);
#5704 = DEFINITIONAL_REPRESENTATION('',(#5705),#5709);
#5705 = LINE('',#5706,#5707);
#5706 = CARTESIAN_POINT('',(0.,22.3));
#5707 = VECTOR('',#5708,1.);
#5708 = DIRECTION('',(1.,0.));
#5709 = ( GEOMETRIC_REPRESENTATION_CONTEXT(2) 
PARAMETRIC_REPRESENTATION_CONTEXT() REPRESENTATION_CONTEXT('2D SPACE',''
  ) );
#5710 = PCURVE('',#2681,#5711);
#5711 = DEFINITIONAL_REPRESENTATION('',(#5712),#5716);
#5712 = LINE('',#5713,#5714);
#5713 = CARTESIAN_POINT('',(0.,-22.3));
#5714 = VECTOR('',#5715,1.);
#5715 = DIRECTION('',(1.,0.));
#5716 = ( GEOMETRIC_REPRESENTATION_CONTEXT(2) 
PARAMETRIC_REPRESENTATION_CONTEXT() REPRESENTATION_CONTEXT('2D SPACE',''
  ) );
#5717 = ORIENTED_EDGE('',*,*,#2642,.F.);
#5718 = ORIENTED_EDGE('',*,*,#325,.F.);
#5719 = ORIENTED_EDGE('',*,*,#5450,.T.);
#5720 = ADVANCED_FACE('',(#5721),#243,.T.);
#5721 = FACE_BOUND('',#5722,.T.);
#5722 = EDGE_LOOP('',(#5723,#5724,#5774,#5801,#5830,#5851));
#5723 = ORIENTED_EDGE('',*,*,#1882,.T.);
#5724 = ORIENTED_EDGE('',*,*,#5725,.T.);
#5725 = EDGE_CURVE('',#1883,#5726,#5728,.T.);
#5726 = VERTEX_POINT('',#5727);
#5727 = CARTESIAN_POINT('',(78.334636981953,199.95,16.478388218136));
#5728 = SURFACE_CURVE('',#5729,(#5742,#5758),.PCURVE_S1.);
#5729 = B_SPLINE_CURVE_WITH_KNOTS('',6,(#5730,#5731,#5732,#5733,#5734,
    #5735,#5736,#5737,#5738,#5739,#5740,#5741),.UNSPECIFIED.,.F.,.F.,(7,
    5,7),(0.,0.665374356602,1.),.UNSPECIFIED.);
#5730 = CARTESIAN_POINT('',(78.314467412224,199.2,17.));
#5731 = CARTESIAN_POINT('',(78.314467412224,199.30192310247,17.));
#5732 = CARTESIAN_POINT('',(78.314863096598,199.40398385588,
    16.984417710179));
#5733 = CARTESIAN_POINT('',(78.315657164623,199.50395186054,
    16.953172486463));
#5734 = CARTESIAN_POINT('',(78.316941831197,199.59946431746,
    16.906191334436));
#5735 = CARTESIAN_POINT('',(78.318909510015,199.68783114474,
    16.84353970515));
#5736 = CARTESIAN_POINT('',(78.323275809673,199.80483938143,
    16.726531468466));
#5737 = CARTESIAN_POINT('',(78.324974270135,199.84134122492,
    16.683525326396));
#5738 = CARTESIAN_POINT('',(78.326936982351,199.8746143921,
    16.636870752934));
#5739 = CARTESIAN_POINT('',(78.329190116036,199.90412798737,
    16.58686476489));
#5740 = CARTESIAN_POINT('',(78.331753847878,199.92940001313,
    16.53388658774));
#5741 = CARTESIAN_POINT('',(78.334637065927,199.9500006,16.478386601688)
  );
#5742 = PCURVE('',#243,#5743);
#5743 = DEFINITIONAL_REPRESENTATION('',(#5744),#5757);
#5744 = B_SPLINE_CURVE_WITH_KNOTS('',6,(#5745,#5746,#5747,#5748,#5749,
    #5750,#5751,#5752,#5753,#5754,#5755,#5756),.UNSPECIFIED.,.F.,.F.,(7,
    5,7),(0.,0.665374356602,1.),.UNSPECIFIED.);
#5745 = CARTESIAN_POINT('',(6.28318530718,75.314467412224));
#5746 = CARTESIAN_POINT('',(6.155781429085,75.314467412224));
#5747 = CARTESIAN_POINT('',(6.028203701887,75.314863096598));
#5748 = CARTESIAN_POINT('',(5.899529737683,75.315657164623));
#5749 = CARTESIAN_POINT('',(5.768900096597,75.316941831197));
#5750 = CARTESIAN_POINT('',(5.635415367468,75.318909510015));
#5751 = CARTESIAN_POINT('',(5.428572073434,75.323275809673));
#5752 = CARTESIAN_POINT('',(5.358296626163,75.324974270135));
#5753 = CARTESIAN_POINT('',(5.287051955193,75.326936982351));
#5754 = CARTESIAN_POINT('',(5.214884978365,75.329190116036));
#5755 = CARTESIAN_POINT('',(5.141807949008,75.331753847878));
#5756 = CARTESIAN_POINT('',(5.067808026805,75.334637065927));
#5757 = ( GEOMETRIC_REPRESENTATION_CONTEXT(2) 
PARAMETRIC_REPRESENTATION_CONTEXT() REPRESENTATION_CONTEXT('2D SPACE',''
  ) );
#5758 = PCURVE('',#1972,#5759);
#5759 = DEFINITIONAL_REPRESENTATION('',(#5760),#5773);
#5760 = B_SPLINE_CURVE_WITH_KNOTS('',6,(#5761,#5762,#5763,#5764,#5765,
    #5766,#5767,#5768,#5769,#5770,#5771,#5772),.UNSPECIFIED.,.F.,.F.,(7,
    5,7),(0.,0.665374356602,1.),.UNSPECIFIED.);
#5761 = CARTESIAN_POINT('',(4.686995076608,5.75));
#5762 = CARTESIAN_POINT('',(4.686995076608,5.851923102476));
#5763 = CARTESIAN_POINT('',(4.686203516399,5.953983855888));
#5764 = CARTESIAN_POINT('',(4.684616297532,6.053951860544));
#5765 = CARTESIAN_POINT('',(4.682229598364,6.149464317469));
#5766 = CARTESIAN_POINT('',(4.679046488336,6.237831144749));
#5767 = CARTESIAN_POINT('',(4.673100399553,6.354839381432));
#5768 = CARTESIAN_POINT('',(4.67091474902,6.391341224921));
#5769 = CARTESIAN_POINT('',(4.668543437732,6.424614392102));
#5770 = CARTESIAN_POINT('',(4.666001458664,6.454127987377));
#5771 = CARTESIAN_POINT('',(4.663307971277,6.479400013133));
#5772 = CARTESIAN_POINT('',(4.660485750998,6.5000006));
#5773 = ( GEOMETRIC_REPRESENTATION_CONTEXT(2) 
PARAMETRIC_REPRESENTATION_CONTEXT() REPRESENTATION_CONTEXT('2D SPACE',''
  ) );
#5774 = ORIENTED_EDGE('',*,*,#5775,.T.);
#5775 = EDGE_CURVE('',#5726,#5776,#5778,.T.);
#5776 = VERTEX_POINT('',#5777);
#5777 = CARTESIAN_POINT('',(90.1,199.95,16.478388218141));
#5778 = SURFACE_CURVE('',#5779,(#5783,#5789),.PCURVE_S1.);
#5779 = LINE('',#5780,#5781);
#5780 = CARTESIAN_POINT('',(3.,199.95,16.478388218141));
#5781 = VECTOR('',#5782,1.);
#5782 = DIRECTION('',(1.,0.,-0.));
#5783 = PCURVE('',#243,#5784);
#5784 = DEFINITIONAL_REPRESENTATION('',(#5785),#5788);
#5785 = B_SPLINE_CURVE_WITH_KNOTS('',1,(#5786,#5787),.UNSPECIFIED.,.F.,
  .F.,(2,2),(71.369742314127,89.435089535933),.PIECEWISE_BEZIER_KNOTS.);
#5786 = CARTESIAN_POINT('',(5.067810182075,71.369742314127));
#5787 = CARTESIAN_POINT('',(5.067810182075,89.435089535933));
#5788 = ( GEOMETRIC_REPRESENTATION_CONTEXT(2) 
PARAMETRIC_REPRESENTATION_CONTEXT() REPRESENTATION_CONTEXT('2D SPACE',''
  ) );
#5789 = PCURVE('',#5790,#5795);
#5790 = PLANE('',#5791);
#5791 = AXIS2_PLACEMENT_3D('',#5792,#5793,#5794);
#5792 = CARTESIAN_POINT('',(98.,199.95,17.5));
#5793 = DIRECTION('',(0.,1.,0.));
#5794 = DIRECTION('',(0.,-0.,1.));
#5795 = DEFINITIONAL_REPRESENTATION('',(#5796),#5800);
#5796 = LINE('',#5797,#5798);
#5797 = CARTESIAN_POINT('',(-1.021611781859,-95.));
#5798 = VECTOR('',#5799,1.);
#5799 = DIRECTION('',(0.,1.));
#5800 = ( GEOMETRIC_REPRESENTATION_CONTEXT(2) 
PARAMETRIC_REPRESENTATION_CONTEXT() REPRESENTATION_CONTEXT('2D SPACE',''
  ) );
#5801 = ORIENTED_EDGE('',*,*,#5802,.F.);
#5802 = EDGE_CURVE('',#5803,#5776,#5805,.T.);
#5803 = VERTEX_POINT('',#5804);
#5804 = CARTESIAN_POINT('',(90.1,200.,16.2));
#5805 = SURFACE_CURVE('',#5806,(#5811,#5818),.PCURVE_S1.);
#5806 = CIRCLE('',#5807,0.8);
#5807 = AXIS2_PLACEMENT_3D('',#5808,#5809,#5810);
#5808 = CARTESIAN_POINT('',(90.1,199.2,16.2));
#5809 = DIRECTION('',(1.,0.,-0.));
#5810 = DIRECTION('',(0.,0.,1.));
#5811 = PCURVE('',#243,#5812);
#5812 = DEFINITIONAL_REPRESENTATION('',(#5813),#5817);
#5813 = LINE('',#5814,#5815);
#5814 = CARTESIAN_POINT('',(-4.138911435803E-13,87.1));
#5815 = VECTOR('',#5816,1.);
#5816 = DIRECTION('',(1.,-0.));
#5817 = ( GEOMETRIC_REPRESENTATION_CONTEXT(2) 
PARAMETRIC_REPRESENTATION_CONTEXT() REPRESENTATION_CONTEXT('2D SPACE',''
  ) );
#5818 = PCURVE('',#5819,#5824);
#5819 = PLANE('',#5820);
#5820 = AXIS2_PLACEMENT_3D('',#5821,#5822,#5823);
#5821 = CARTESIAN_POINT('',(90.1,190.4,-1.));
#5822 = DIRECTION('',(1.,0.,-0.));
#5823 = DIRECTION('',(0.,0.,1.));
#5824 = DEFINITIONAL_REPRESENTATION('',(#5825),#5829);
#5825 = CIRCLE('',#5826,0.8);
#5826 = AXIS2_PLACEMENT_2D('',#5827,#5828);
#5827 = CARTESIAN_POINT('',(17.2,-8.8));
#5828 = DIRECTION('',(1.,0.));
#5829 = ( GEOMETRIC_REPRESENTATION_CONTEXT(2) 
PARAMETRIC_REPRESENTATION_CONTEXT() REPRESENTATION_CONTEXT('2D SPACE',''
  ) );
#5830 = ORIENTED_EDGE('',*,*,#5831,.F.);
#5831 = EDGE_CURVE('',#199,#5803,#5832,.T.);
#5832 = SURFACE_CURVE('',#5833,(#5837,#5844),.PCURVE_S1.);
#5833 = LINE('',#5834,#5835);
#5834 = CARTESIAN_POINT('',(3.,200.,16.2));
#5835 = VECTOR('',#5836,1.);
#5836 = DIRECTION('',(1.,0.,-0.));
#5837 = PCURVE('',#243,#5838);
#5838 = DEFINITIONAL_REPRESENTATION('',(#5839),#5843);
#5839 = LINE('',#5840,#5841);
#5840 = CARTESIAN_POINT('',(4.712388980385,0.));
#5841 = VECTOR('',#5842,1.);
#5842 = DIRECTION('',(-0.,1.));
#5843 = ( GEOMETRIC_REPRESENTATION_CONTEXT(2) 
PARAMETRIC_REPRESENTATION_CONTEXT() REPRESENTATION_CONTEXT('2D SPACE',''
  ) );
#5844 = PCURVE('',#214,#5845);
#5845 = DEFINITIONAL_REPRESENTATION('',(#5846),#5850);
#5846 = LINE('',#5847,#5848);
#5847 = CARTESIAN_POINT('',(16.2,3.));
#5848 = VECTOR('',#5849,1.);
#5849 = DIRECTION('',(0.,1.));
#5850 = ( GEOMETRIC_REPRESENTATION_CONTEXT(2) 
PARAMETRIC_REPRESENTATION_CONTEXT() REPRESENTATION_CONTEXT('2D SPACE',''
  ) );
#5851 = ORIENTED_EDGE('',*,*,#226,.T.);
#5852 = ADVANCED_FACE('',(#5853),#214,.T.);
#5853 = FACE_BOUND('',#5854,.T.);
#5854 = EDGE_LOOP('',(#5855,#5856,#5857,#5880,#5908,#5936));
#5855 = ORIENTED_EDGE('',*,*,#198,.F.);
#5856 = ORIENTED_EDGE('',*,*,#5831,.T.);
#5857 = ORIENTED_EDGE('',*,*,#5858,.T.);
#5858 = EDGE_CURVE('',#5803,#5859,#5861,.T.);
#5859 = VERTEX_POINT('',#5860);
#5860 = CARTESIAN_POINT('',(90.1,200.,3.4));
#5861 = SURFACE_CURVE('',#5862,(#5866,#5873),.PCURVE_S1.);
#5862 = LINE('',#5863,#5864);
#5863 = CARTESIAN_POINT('',(90.1,200.,-0.5));
#5864 = VECTOR('',#5865,1.);
#5865 = DIRECTION('',(-0.,0.,-1.));
#5866 = PCURVE('',#214,#5867);
#5867 = DEFINITIONAL_REPRESENTATION('',(#5868),#5872);
#5868 = LINE('',#5869,#5870);
#5869 = CARTESIAN_POINT('',(-0.5,90.1));
#5870 = VECTOR('',#5871,1.);
#5871 = DIRECTION('',(-1.,0.));
#5872 = ( GEOMETRIC_REPRESENTATION_CONTEXT(2) 
PARAMETRIC_REPRESENTATION_CONTEXT() REPRESENTATION_CONTEXT('2D SPACE',''
  ) );
#5873 = PCURVE('',#5819,#5874);
#5874 = DEFINITIONAL_REPRESENTATION('',(#5875),#5879);
#5875 = LINE('',#5876,#5877);
#5876 = CARTESIAN_POINT('',(0.5,-9.6));
#5877 = VECTOR('',#5878,1.);
#5878 = DIRECTION('',(-1.,-0.));
#5879 = ( GEOMETRIC_REPRESENTATION_CONTEXT(2) 
PARAMETRIC_REPRESENTATION_CONTEXT() REPRESENTATION_CONTEXT('2D SPACE',''
  ) );
#5880 = ORIENTED_EDGE('',*,*,#5881,.T.);
#5881 = EDGE_CURVE('',#5859,#5882,#5884,.T.);
#5882 = VERTEX_POINT('',#5883);
#5883 = CARTESIAN_POINT('',(90.2,200.,3.4));
#5884 = SURFACE_CURVE('',#5885,(#5889,#5896),.PCURVE_S1.);
#5885 = LINE('',#5886,#5887);
#5886 = CARTESIAN_POINT('',(76.,200.,3.4));
#5887 = VECTOR('',#5888,1.);
#5888 = DIRECTION('',(1.,0.,-0.));
#5889 = PCURVE('',#214,#5890);
#5890 = DEFINITIONAL_REPRESENTATION('',(#5891),#5895);
#5891 = LINE('',#5892,#5893);
#5892 = CARTESIAN_POINT('',(3.4,76.));
#5893 = VECTOR('',#5894,1.);
#5894 = DIRECTION('',(0.,1.));
#5895 = ( GEOMETRIC_REPRESENTATION_CONTEXT(2) 
PARAMETRIC_REPRESENTATION_CONTEXT() REPRESENTATION_CONTEXT('2D SPACE',''
  ) );
#5896 = PCURVE('',#5897,#5902);
#5897 = PLANE('',#5898);
#5898 = AXIS2_PLACEMENT_3D('',#5899,#5900,#5901);
#5899 = CARTESIAN_POINT('',(11.2,2.4,3.4));
#5900 = DIRECTION('',(0.,0.,1.));
#5901 = DIRECTION('',(1.,0.,-0.));
#5902 = DEFINITIONAL_REPRESENTATION('',(#5903),#5907);
#5903 = LINE('',#5904,#5905);
#5904 = CARTESIAN_POINT('',(64.8,197.6));
#5905 = VECTOR('',#5906,1.);
#5906 = DIRECTION('',(1.,0.));
#5907 = ( GEOMETRIC_REPRESENTATION_CONTEXT(2) 
PARAMETRIC_REPRESENTATION_CONTEXT() REPRESENTATION_CONTEXT('2D SPACE',''
  ) );
#5908 = ORIENTED_EDGE('',*,*,#5909,.F.);
#5909 = EDGE_CURVE('',#5910,#5882,#5912,.T.);
#5910 = VERTEX_POINT('',#5911);
#5911 = CARTESIAN_POINT('',(90.2,200.,0.));
#5912 = SURFACE_CURVE('',#5913,(#5917,#5924),.PCURVE_S1.);
#5913 = LINE('',#5914,#5915);
#5914 = CARTESIAN_POINT('',(90.2,200.,0.));
#5915 = VECTOR('',#5916,1.);
#5916 = DIRECTION('',(0.,0.,1.));
#5917 = PCURVE('',#214,#5918);
#5918 = DEFINITIONAL_REPRESENTATION('',(#5919),#5923);
#5919 = LINE('',#5920,#5921);
#5920 = CARTESIAN_POINT('',(0.,90.2));
#5921 = VECTOR('',#5922,1.);
#5922 = DIRECTION('',(1.,0.));
#5923 = ( GEOMETRIC_REPRESENTATION_CONTEXT(2) 
PARAMETRIC_REPRESENTATION_CONTEXT() REPRESENTATION_CONTEXT('2D SPACE',''
  ) );
#5924 = PCURVE('',#5925,#5930);
#5925 = PLANE('',#5926);
#5926 = AXIS2_PLACEMENT_3D('',#5927,#5928,#5929);
#5927 = CARTESIAN_POINT('',(90.2,0.,0.));
#5928 = DIRECTION('',(1.,0.,-0.));
#5929 = DIRECTION('',(0.,0.,1.));
#5930 = DEFINITIONAL_REPRESENTATION('',(#5931),#5935);
#5931 = LINE('',#5932,#5933);
#5932 = CARTESIAN_POINT('',(0.,-200.));
#5933 = VECTOR('',#5934,1.);
#5934 = DIRECTION('',(1.,0.));
#5935 = ( GEOMETRIC_REPRESENTATION_CONTEXT(2) 
PARAMETRIC_REPRESENTATION_CONTEXT() REPRESENTATION_CONTEXT('2D SPACE',''
  ) );
#5936 = ORIENTED_EDGE('',*,*,#5937,.F.);
#5937 = EDGE_CURVE('',#171,#5910,#5938,.T.);
#5938 = SURFACE_CURVE('',#5939,(#5943,#5950),.PCURVE_S1.);
#5939 = LINE('',#5940,#5941);
#5940 = CARTESIAN_POINT('',(76.,200.,0.));
#5941 = VECTOR('',#5942,1.);
#5942 = DIRECTION('',(1.,0.,-0.));
#5943 = PCURVE('',#214,#5944);
#5944 = DEFINITIONAL_REPRESENTATION('',(#5945),#5949);
#5945 = LINE('',#5946,#5947);
#5946 = CARTESIAN_POINT('',(0.,76.));
#5947 = VECTOR('',#5948,1.);
#5948 = DIRECTION('',(0.,1.));
#5949 = ( GEOMETRIC_REPRESENTATION_CONTEXT(2) 
PARAMETRIC_REPRESENTATION_CONTEXT() REPRESENTATION_CONTEXT('2D SPACE',''
  ) );
#5950 = PCURVE('',#186,#5951);
#5951 = DEFINITIONAL_REPRESENTATION('',(#5952),#5956);
#5952 = LINE('',#5953,#5954);
#5953 = CARTESIAN_POINT('',(76.,200.));
#5954 = VECTOR('',#5955,1.);
#5955 = DIRECTION('',(1.,0.));
#5956 = ( GEOMETRIC_REPRESENTATION_CONTEXT(2) 
PARAMETRIC_REPRESENTATION_CONTEXT() REPRESENTATION_CONTEXT('2D SPACE',''
  ) );
#5957 = ADVANCED_FACE('',(#5958),#186,.F.);
#5958 = FACE_BOUND('',#5959,.F.);
#5959 = EDGE_LOOP('',(#5960,#5961,#5962,#5985,#6008,#6036,#6059,#6082,
    #6105,#6127,#6150,#6178,#6206,#6234,#6262,#6290,#6318,#6346,#6374,
    #6402,#6425,#6453,#6481,#6509,#6532,#6554,#6582,#6610,#6638,#6666,
    #6694,#6715));
#5960 = ORIENTED_EDGE('',*,*,#170,.T.);
#5961 = ORIENTED_EDGE('',*,*,#2301,.T.);
#5962 = ORIENTED_EDGE('',*,*,#5963,.T.);
#5963 = EDGE_CURVE('',#2274,#5964,#5966,.T.);
#5964 = VERTEX_POINT('',#5965);
#5965 = CARTESIAN_POINT('',(90.2,0.3,0.));
#5966 = SURFACE_CURVE('',#5967,(#5971,#5978),.PCURVE_S1.);
#5967 = LINE('',#5968,#5969);
#5968 = CARTESIAN_POINT('',(90.2,0.,0.));
#5969 = VECTOR('',#5970,1.);
#5970 = DIRECTION('',(-0.,1.,0.));
#5971 = PCURVE('',#186,#5972);
#5972 = DEFINITIONAL_REPRESENTATION('',(#5973),#5977);
#5973 = LINE('',#5974,#5975);
#5974 = CARTESIAN_POINT('',(90.2,0.));
#5975 = VECTOR('',#5976,1.);
#5976 = DIRECTION('',(0.,1.));
#5977 = ( GEOMETRIC_REPRESENTATION_CONTEXT(2) 
PARAMETRIC_REPRESENTATION_CONTEXT() REPRESENTATION_CONTEXT('2D SPACE',''
  ) );
#5978 = PCURVE('',#2289,#5979);
#5979 = DEFINITIONAL_REPRESENTATION('',(#5980),#5984);
#5980 = LINE('',#5981,#5982);
#5981 = CARTESIAN_POINT('',(0.,0.));
#5982 = VECTOR('',#5983,1.);
#5983 = DIRECTION('',(0.,-1.));
#5984 = ( GEOMETRIC_REPRESENTATION_CONTEXT(2) 
PARAMETRIC_REPRESENTATION_CONTEXT() REPRESENTATION_CONTEXT('2D SPACE',''
  ) );
#5985 = ORIENTED_EDGE('',*,*,#5986,.T.);
#5986 = EDGE_CURVE('',#5964,#5987,#5989,.T.);
#5987 = VERTEX_POINT('',#5988);
#5988 = CARTESIAN_POINT('',(98.,0.3,0.));
#5989 = SURFACE_CURVE('',#5990,(#5994,#6001),.PCURVE_S1.);
#5990 = LINE('',#5991,#5992);
#5991 = CARTESIAN_POINT('',(90.,0.3,0.));
#5992 = VECTOR('',#5993,1.);
#5993 = DIRECTION('',(1.,0.,-0.));
#5994 = PCURVE('',#186,#5995);
#5995 = DEFINITIONAL_REPRESENTATION('',(#5996),#6000);
#5996 = LINE('',#5997,#5998);
#5997 = CARTESIAN_POINT('',(90.,0.3));
#5998 = VECTOR('',#5999,1.);
#5999 = DIRECTION('',(1.,0.));
#6000 = ( GEOMETRIC_REPRESENTATION_CONTEXT(2) 
PARAMETRIC_REPRESENTATION_CONTEXT() REPRESENTATION_CONTEXT('2D SPACE',''
  ) );
#6001 = PCURVE('',#3260,#6002);
#6002 = DEFINITIONAL_REPRESENTATION('',(#6003),#6007);
#6003 = LINE('',#6004,#6005);
#6004 = CARTESIAN_POINT('',(0.,0.));
#6005 = VECTOR('',#6006,1.);
#6006 = DIRECTION('',(0.,1.));
#6007 = ( GEOMETRIC_REPRESENTATION_CONTEXT(2) 
PARAMETRIC_REPRESENTATION_CONTEXT() REPRESENTATION_CONTEXT('2D SPACE',''
  ) );
#6008 = ORIENTED_EDGE('',*,*,#6009,.T.);
#6009 = EDGE_CURVE('',#5987,#6010,#6012,.T.);
#6010 = VERTEX_POINT('',#6011);
#6011 = CARTESIAN_POINT('',(98.,2.8,0.));
#6012 = SURFACE_CURVE('',#6013,(#6017,#6024),.PCURVE_S1.);
#6013 = LINE('',#6014,#6015);
#6014 = CARTESIAN_POINT('',(98.,0.3,0.));
#6015 = VECTOR('',#6016,1.);
#6016 = DIRECTION('',(-0.,1.,0.));
#6017 = PCURVE('',#186,#6018);
#6018 = DEFINITIONAL_REPRESENTATION('',(#6019),#6023);
#6019 = LINE('',#6020,#6021);
#6020 = CARTESIAN_POINT('',(98.,0.3));
#6021 = VECTOR('',#6022,1.);
#6022 = DIRECTION('',(0.,1.));
#6023 = ( GEOMETRIC_REPRESENTATION_CONTEXT(2) 
PARAMETRIC_REPRESENTATION_CONTEXT() REPRESENTATION_CONTEXT('2D SPACE',''
  ) );
#6024 = PCURVE('',#6025,#6030);
#6025 = PLANE('',#6026);
#6026 = AXIS2_PLACEMENT_3D('',#6027,#6028,#6029);
#6027 = CARTESIAN_POINT('',(98.,0.3,0.));
#6028 = DIRECTION('',(1.,0.,-0.));
#6029 = DIRECTION('',(0.,0.,1.));
#6030 = DEFINITIONAL_REPRESENTATION('',(#6031),#6035);
#6031 = LINE('',#6032,#6033);
#6032 = CARTESIAN_POINT('',(0.,0.));
#6033 = VECTOR('',#6034,1.);
#6034 = DIRECTION('',(0.,-1.));
#6035 = ( GEOMETRIC_REPRESENTATION_CONTEXT(2) 
PARAMETRIC_REPRESENTATION_CONTEXT() REPRESENTATION_CONTEXT('2D SPACE',''
  ) );
#6036 = ORIENTED_EDGE('',*,*,#6037,.F.);
#6037 = EDGE_CURVE('',#6038,#6010,#6040,.T.);
#6038 = VERTEX_POINT('',#6039);
#6039 = CARTESIAN_POINT('',(90.2,2.8,0.));
#6040 = SURFACE_CURVE('',#6041,(#6045,#6052),.PCURVE_S1.);
#6041 = LINE('',#6042,#6043);
#6042 = CARTESIAN_POINT('',(90.,2.8,0.));
#6043 = VECTOR('',#6044,1.);
#6044 = DIRECTION('',(1.,0.,-0.));
#6045 = PCURVE('',#186,#6046);
#6046 = DEFINITIONAL_REPRESENTATION('',(#6047),#6051);
#6047 = LINE('',#6048,#6049);
#6048 = CARTESIAN_POINT('',(90.,2.8));
#6049 = VECTOR('',#6050,1.);
#6050 = DIRECTION('',(1.,0.));
#6051 = ( GEOMETRIC_REPRESENTATION_CONTEXT(2) 
PARAMETRIC_REPRESENTATION_CONTEXT() REPRESENTATION_CONTEXT('2D SPACE',''
  ) );
#6052 = PCURVE('',#3316,#6053);
#6053 = DEFINITIONAL_REPRESENTATION('',(#6054),#6058);
#6054 = LINE('',#6055,#6056);
#6055 = CARTESIAN_POINT('',(0.,0.));
#6056 = VECTOR('',#6057,1.);
#6057 = DIRECTION('',(0.,1.));
#6058 = ( GEOMETRIC_REPRESENTATION_CONTEXT(2) 
PARAMETRIC_REPRESENTATION_CONTEXT() REPRESENTATION_CONTEXT('2D SPACE',''
  ) );
#6059 = ORIENTED_EDGE('',*,*,#6060,.T.);
#6060 = EDGE_CURVE('',#6038,#6061,#6063,.T.);
#6061 = VERTEX_POINT('',#6062);
#6062 = CARTESIAN_POINT('',(90.2,3.05,0.));
#6063 = SURFACE_CURVE('',#6064,(#6068,#6075),.PCURVE_S1.);
#6064 = LINE('',#6065,#6066);
#6065 = CARTESIAN_POINT('',(90.2,0.,0.));
#6066 = VECTOR('',#6067,1.);
#6067 = DIRECTION('',(-0.,1.,0.));
#6068 = PCURVE('',#186,#6069);
#6069 = DEFINITIONAL_REPRESENTATION('',(#6070),#6074);
#6070 = LINE('',#6071,#6072);
#6071 = CARTESIAN_POINT('',(90.2,0.));
#6072 = VECTOR('',#6073,1.);
#6073 = DIRECTION('',(0.,1.));
#6074 = ( GEOMETRIC_REPRESENTATION_CONTEXT(2) 
PARAMETRIC_REPRESENTATION_CONTEXT() REPRESENTATION_CONTEXT('2D SPACE',''
  ) );
#6075 = PCURVE('',#3344,#6076);
#6076 = DEFINITIONAL_REPRESENTATION('',(#6077),#6081);
#6077 = LINE('',#6078,#6079);
#6078 = CARTESIAN_POINT('',(0.,0.));
#6079 = VECTOR('',#6080,1.);
#6080 = DIRECTION('',(0.,-1.));
#6081 = ( GEOMETRIC_REPRESENTATION_CONTEXT(2) 
PARAMETRIC_REPRESENTATION_CONTEXT() REPRESENTATION_CONTEXT('2D SPACE',''
  ) );
#6082 = ORIENTED_EDGE('',*,*,#6083,.T.);
#6083 = EDGE_CURVE('',#6061,#6084,#6086,.T.);
#6084 = VERTEX_POINT('',#6085);
#6085 = CARTESIAN_POINT('',(88.971146625158,3.05,0.));
#6086 = SURFACE_CURVE('',#6087,(#6091,#6098),.PCURVE_S1.);
#6087 = LINE('',#6088,#6089);
#6088 = CARTESIAN_POINT('',(49.,3.05,0.));
#6089 = VECTOR('',#6090,1.);
#6090 = DIRECTION('',(-1.,0.,0.));
#6091 = PCURVE('',#186,#6092);
#6092 = DEFINITIONAL_REPRESENTATION('',(#6093),#6097);
#6093 = LINE('',#6094,#6095);
#6094 = CARTESIAN_POINT('',(49.,3.05));
#6095 = VECTOR('',#6096,1.);
#6096 = DIRECTION('',(-1.,0.));
#6097 = ( GEOMETRIC_REPRESENTATION_CONTEXT(2) 
PARAMETRIC_REPRESENTATION_CONTEXT() REPRESENTATION_CONTEXT('2D SPACE',''
  ) );
#6098 = PCURVE('',#3372,#6099);
#6099 = DEFINITIONAL_REPRESENTATION('',(#6100),#6104);
#6100 = LINE('',#6101,#6102);
#6101 = CARTESIAN_POINT('',(-17.5,-49.));
#6102 = VECTOR('',#6103,1.);
#6103 = DIRECTION('',(0.,-1.));
#6104 = ( GEOMETRIC_REPRESENTATION_CONTEXT(2) 
PARAMETRIC_REPRESENTATION_CONTEXT() REPRESENTATION_CONTEXT('2D SPACE',''
  ) );
#6105 = ORIENTED_EDGE('',*,*,#6106,.T.);
#6106 = EDGE_CURVE('',#6084,#6107,#6109,.T.);
#6107 = VERTEX_POINT('',#6108);
#6108 = CARTESIAN_POINT('',(88.971146625158,6.55,0.));
#6109 = SURFACE_CURVE('',#6110,(#6114,#6121),.PCURVE_S1.);
#6110 = LINE('',#6111,#6112);
#6111 = CARTESIAN_POINT('',(88.971146625158,3.05,0.));
#6112 = VECTOR('',#6113,1.);
#6113 = DIRECTION('',(0.,1.,0.));
#6114 = PCURVE('',#186,#6115);
#6115 = DEFINITIONAL_REPRESENTATION('',(#6116),#6120);
#6116 = LINE('',#6117,#6118);
#6117 = CARTESIAN_POINT('',(88.971146625158,3.05));
#6118 = VECTOR('',#6119,1.);
#6119 = DIRECTION('',(0.,1.));
#6120 = ( GEOMETRIC_REPRESENTATION_CONTEXT(2) 
PARAMETRIC_REPRESENTATION_CONTEXT() REPRESENTATION_CONTEXT('2D SPACE',''
  ) );
#6121 = PCURVE('',#3400,#6122);
#6122 = DEFINITIONAL_REPRESENTATION('',(#6123),#6126);
#6123 = B_SPLINE_CURVE_WITH_KNOTS('',1,(#6124,#6125),.UNSPECIFIED.,.F.,
  .F.,(2,2),(-5.999999999062E-07,3.5000006),.PIECEWISE_BEZIER_KNOTS.);
#6124 = CARTESIAN_POINT('',(3.617906432204,-5.999999999062E-07));
#6125 = CARTESIAN_POINT('',(3.617906432204,3.5000006));
#6126 = ( GEOMETRIC_REPRESENTATION_CONTEXT(2) 
PARAMETRIC_REPRESENTATION_CONTEXT() REPRESENTATION_CONTEXT('2D SPACE',''
  ) );
#6127 = ORIENTED_EDGE('',*,*,#6128,.F.);
#6128 = EDGE_CURVE('',#6129,#6107,#6131,.T.);
#6129 = VERTEX_POINT('',#6130);
#6130 = CARTESIAN_POINT('',(90.2,6.55,0.));
#6131 = SURFACE_CURVE('',#6132,(#6136,#6143),.PCURVE_S1.);
#6132 = LINE('',#6133,#6134);
#6133 = CARTESIAN_POINT('',(49.,6.55,0.));
#6134 = VECTOR('',#6135,1.);
#6135 = DIRECTION('',(-1.,0.,0.));
#6136 = PCURVE('',#186,#6137);
#6137 = DEFINITIONAL_REPRESENTATION('',(#6138),#6142);
#6138 = LINE('',#6139,#6140);
#6139 = CARTESIAN_POINT('',(49.,6.55));
#6140 = VECTOR('',#6141,1.);
#6141 = DIRECTION('',(-1.,0.));
#6142 = ( GEOMETRIC_REPRESENTATION_CONTEXT(2) 
PARAMETRIC_REPRESENTATION_CONTEXT() REPRESENTATION_CONTEXT('2D SPACE',''
  ) );
#6143 = PCURVE('',#3427,#6144);
#6144 = DEFINITIONAL_REPRESENTATION('',(#6145),#6149);
#6145 = LINE('',#6146,#6147);
#6146 = CARTESIAN_POINT('',(-17.5,-49.));
#6147 = VECTOR('',#6148,1.);
#6148 = DIRECTION('',(0.,-1.));
#6149 = ( GEOMETRIC_REPRESENTATION_CONTEXT(2) 
PARAMETRIC_REPRESENTATION_CONTEXT() REPRESENTATION_CONTEXT('2D SPACE',''
  ) );
#6150 = ORIENTED_EDGE('',*,*,#6151,.T.);
#6151 = EDGE_CURVE('',#6129,#6152,#6154,.T.);
#6152 = VERTEX_POINT('',#6153);
#6153 = CARTESIAN_POINT('',(90.2,6.8,0.));
#6154 = SURFACE_CURVE('',#6155,(#6159,#6166),.PCURVE_S1.);
#6155 = LINE('',#6156,#6157);
#6156 = CARTESIAN_POINT('',(90.2,0.,0.));
#6157 = VECTOR('',#6158,1.);
#6158 = DIRECTION('',(-0.,1.,0.));
#6159 = PCURVE('',#186,#6160);
#6160 = DEFINITIONAL_REPRESENTATION('',(#6161),#6165);
#6161 = LINE('',#6162,#6163);
#6162 = CARTESIAN_POINT('',(90.2,0.));
#6163 = VECTOR('',#6164,1.);
#6164 = DIRECTION('',(0.,1.));
#6165 = ( GEOMETRIC_REPRESENTATION_CONTEXT(2) 
PARAMETRIC_REPRESENTATION_CONTEXT() REPRESENTATION_CONTEXT('2D SPACE',''
  ) );
#6166 = PCURVE('',#6167,#6172);
#6167 = PLANE('',#6168);
#6168 = AXIS2_PLACEMENT_3D('',#6169,#6170,#6171);
#6169 = CARTESIAN_POINT('',(90.2,0.,0.));
#6170 = DIRECTION('',(1.,0.,-0.));
#6171 = DIRECTION('',(0.,0.,1.));
#6172 = DEFINITIONAL_REPRESENTATION('',(#6173),#6177);
#6173 = LINE('',#6174,#6175);
#6174 = CARTESIAN_POINT('',(0.,0.));
#6175 = VECTOR('',#6176,1.);
#6176 = DIRECTION('',(0.,-1.));
#6177 = ( GEOMETRIC_REPRESENTATION_CONTEXT(2) 
PARAMETRIC_REPRESENTATION_CONTEXT() REPRESENTATION_CONTEXT('2D SPACE',''
  ) );
#6178 = ORIENTED_EDGE('',*,*,#6179,.T.);
#6179 = EDGE_CURVE('',#6152,#6180,#6182,.T.);
#6180 = VERTEX_POINT('',#6181);
#6181 = CARTESIAN_POINT('',(98.,6.8,0.));
#6182 = SURFACE_CURVE('',#6183,(#6187,#6194),.PCURVE_S1.);
#6183 = LINE('',#6184,#6185);
#6184 = CARTESIAN_POINT('',(90.,6.8,0.));
#6185 = VECTOR('',#6186,1.);
#6186 = DIRECTION('',(1.,0.,-0.));
#6187 = PCURVE('',#186,#6188);
#6188 = DEFINITIONAL_REPRESENTATION('',(#6189),#6193);
#6189 = LINE('',#6190,#6191);
#6190 = CARTESIAN_POINT('',(90.,6.8));
#6191 = VECTOR('',#6192,1.);
#6192 = DIRECTION('',(1.,0.));
#6193 = ( GEOMETRIC_REPRESENTATION_CONTEXT(2) 
PARAMETRIC_REPRESENTATION_CONTEXT() REPRESENTATION_CONTEXT('2D SPACE',''
  ) );
#6194 = PCURVE('',#6195,#6200);
#6195 = PLANE('',#6196);
#6196 = AXIS2_PLACEMENT_3D('',#6197,#6198,#6199);
#6197 = CARTESIAN_POINT('',(90.,6.8,0.));
#6198 = DIRECTION('',(-0.,1.,0.));
#6199 = DIRECTION('',(0.,0.,1.));
#6200 = DEFINITIONAL_REPRESENTATION('',(#6201),#6205);
#6201 = LINE('',#6202,#6203);
#6202 = CARTESIAN_POINT('',(0.,0.));
#6203 = VECTOR('',#6204,1.);
#6204 = DIRECTION('',(0.,1.));
#6205 = ( GEOMETRIC_REPRESENTATION_CONTEXT(2) 
PARAMETRIC_REPRESENTATION_CONTEXT() REPRESENTATION_CONTEXT('2D SPACE',''
  ) );
#6206 = ORIENTED_EDGE('',*,*,#6207,.T.);
#6207 = EDGE_CURVE('',#6180,#6208,#6210,.T.);
#6208 = VERTEX_POINT('',#6209);
#6209 = CARTESIAN_POINT('',(98.,9.3,0.));
#6210 = SURFACE_CURVE('',#6211,(#6215,#6222),.PCURVE_S1.);
#6211 = LINE('',#6212,#6213);
#6212 = CARTESIAN_POINT('',(98.,6.8,0.));
#6213 = VECTOR('',#6214,1.);
#6214 = DIRECTION('',(-0.,1.,0.));
#6215 = PCURVE('',#186,#6216);
#6216 = DEFINITIONAL_REPRESENTATION('',(#6217),#6221);
#6217 = LINE('',#6218,#6219);
#6218 = CARTESIAN_POINT('',(98.,6.8));
#6219 = VECTOR('',#6220,1.);
#6220 = DIRECTION('',(0.,1.));
#6221 = ( GEOMETRIC_REPRESENTATION_CONTEXT(2) 
PARAMETRIC_REPRESENTATION_CONTEXT() REPRESENTATION_CONTEXT('2D SPACE',''
  ) );
#6222 = PCURVE('',#6223,#6228);
#6223 = PLANE('',#6224);
#6224 = AXIS2_PLACEMENT_3D('',#6225,#6226,#6227);
#6225 = CARTESIAN_POINT('',(98.,6.8,0.));
#6226 = DIRECTION('',(1.,0.,-0.));
#6227 = DIRECTION('',(0.,0.,1.));
#6228 = DEFINITIONAL_REPRESENTATION('',(#6229),#6233);
#6229 = LINE('',#6230,#6231);
#6230 = CARTESIAN_POINT('',(0.,0.));
#6231 = VECTOR('',#6232,1.);
#6232 = DIRECTION('',(0.,-1.));
#6233 = ( GEOMETRIC_REPRESENTATION_CONTEXT(2) 
PARAMETRIC_REPRESENTATION_CONTEXT() REPRESENTATION_CONTEXT('2D SPACE',''
  ) );
#6234 = ORIENTED_EDGE('',*,*,#6235,.F.);
#6235 = EDGE_CURVE('',#6236,#6208,#6238,.T.);
#6236 = VERTEX_POINT('',#6237);
#6237 = CARTESIAN_POINT('',(90.2,9.3,0.));
#6238 = SURFACE_CURVE('',#6239,(#6243,#6250),.PCURVE_S1.);
#6239 = LINE('',#6240,#6241);
#6240 = CARTESIAN_POINT('',(90.,9.3,0.));
#6241 = VECTOR('',#6242,1.);
#6242 = DIRECTION('',(1.,0.,-0.));
#6243 = PCURVE('',#186,#6244);
#6244 = DEFINITIONAL_REPRESENTATION('',(#6245),#6249);
#6245 = LINE('',#6246,#6247);
#6246 = CARTESIAN_POINT('',(90.,9.3));
#6247 = VECTOR('',#6248,1.);
#6248 = DIRECTION('',(1.,0.));
#6249 = ( GEOMETRIC_REPRESENTATION_CONTEXT(2) 
PARAMETRIC_REPRESENTATION_CONTEXT() REPRESENTATION_CONTEXT('2D SPACE',''
  ) );
#6250 = PCURVE('',#6251,#6256);
#6251 = PLANE('',#6252);
#6252 = AXIS2_PLACEMENT_3D('',#6253,#6254,#6255);
#6253 = CARTESIAN_POINT('',(90.,9.3,0.));
#6254 = DIRECTION('',(-0.,1.,0.));
#6255 = DIRECTION('',(0.,0.,1.));
#6256 = DEFINITIONAL_REPRESENTATION('',(#6257),#6261);
#6257 = LINE('',#6258,#6259);
#6258 = CARTESIAN_POINT('',(0.,0.));
#6259 = VECTOR('',#6260,1.);
#6260 = DIRECTION('',(0.,1.));
#6261 = ( GEOMETRIC_REPRESENTATION_CONTEXT(2) 
PARAMETRIC_REPRESENTATION_CONTEXT() REPRESENTATION_CONTEXT('2D SPACE',''
  ) );
#6262 = ORIENTED_EDGE('',*,*,#6263,.T.);
#6263 = EDGE_CURVE('',#6236,#6264,#6266,.T.);
#6264 = VERTEX_POINT('',#6265);
#6265 = CARTESIAN_POINT('',(90.2,9.6,0.));
#6266 = SURFACE_CURVE('',#6267,(#6271,#6278),.PCURVE_S1.);
#6267 = LINE('',#6268,#6269);
#6268 = CARTESIAN_POINT('',(90.2,0.,0.));
#6269 = VECTOR('',#6270,1.);
#6270 = DIRECTION('',(-0.,1.,0.));
#6271 = PCURVE('',#186,#6272);
#6272 = DEFINITIONAL_REPRESENTATION('',(#6273),#6277);
#6273 = LINE('',#6274,#6275);
#6274 = CARTESIAN_POINT('',(90.2,0.));
#6275 = VECTOR('',#6276,1.);
#6276 = DIRECTION('',(0.,1.));
#6277 = ( GEOMETRIC_REPRESENTATION_CONTEXT(2) 
PARAMETRIC_REPRESENTATION_CONTEXT() REPRESENTATION_CONTEXT('2D SPACE',''
  ) );
#6278 = PCURVE('',#6279,#6284);
#6279 = PLANE('',#6280);
#6280 = AXIS2_PLACEMENT_3D('',#6281,#6282,#6283);
#6281 = CARTESIAN_POINT('',(90.2,0.,0.));
#6282 = DIRECTION('',(1.,0.,-0.));
#6283 = DIRECTION('',(0.,0.,1.));
#6284 = DEFINITIONAL_REPRESENTATION('',(#6285),#6289);
#6285 = LINE('',#6286,#6287);
#6286 = CARTESIAN_POINT('',(0.,0.));
#6287 = VECTOR('',#6288,1.);
#6288 = DIRECTION('',(0.,-1.));
#6289 = ( GEOMETRIC_REPRESENTATION_CONTEXT(2) 
PARAMETRIC_REPRESENTATION_CONTEXT() REPRESENTATION_CONTEXT('2D SPACE',''
  ) );
#6290 = ORIENTED_EDGE('',*,*,#6291,.F.);
#6291 = EDGE_CURVE('',#6292,#6264,#6294,.T.);
#6292 = VERTEX_POINT('',#6293);
#6293 = CARTESIAN_POINT('',(97.,9.6,-1.110223024625E-16));
#6294 = SURFACE_CURVE('',#6295,(#6299,#6306),.PCURVE_S1.);
#6295 = LINE('',#6296,#6297);
#6296 = CARTESIAN_POINT('',(45.05,9.6,0.));
#6297 = VECTOR('',#6298,1.);
#6298 = DIRECTION('',(-1.,-0.,0.));
#6299 = PCURVE('',#186,#6300);
#6300 = DEFINITIONAL_REPRESENTATION('',(#6301),#6305);
#6301 = LINE('',#6302,#6303);
#6302 = CARTESIAN_POINT('',(45.05,9.6));
#6303 = VECTOR('',#6304,1.);
#6304 = DIRECTION('',(-1.,0.));
#6305 = ( GEOMETRIC_REPRESENTATION_CONTEXT(2) 
PARAMETRIC_REPRESENTATION_CONTEXT() REPRESENTATION_CONTEXT('2D SPACE',''
  ) );
#6306 = PCURVE('',#6307,#6312);
#6307 = PLANE('',#6308);
#6308 = AXIS2_PLACEMENT_3D('',#6309,#6310,#6311);
#6309 = CARTESIAN_POINT('',(90.1,9.6,-1.));
#6310 = DIRECTION('',(-0.,1.,0.));
#6311 = DIRECTION('',(0.,0.,1.));
#6312 = DEFINITIONAL_REPRESENTATION('',(#6313),#6317);
#6313 = LINE('',#6314,#6315);
#6314 = CARTESIAN_POINT('',(1.,-45.05));
#6315 = VECTOR('',#6316,1.);
#6316 = DIRECTION('',(0.,-1.));
#6317 = ( GEOMETRIC_REPRESENTATION_CONTEXT(2) 
PARAMETRIC_REPRESENTATION_CONTEXT() REPRESENTATION_CONTEXT('2D SPACE',''
  ) );
#6318 = ORIENTED_EDGE('',*,*,#6319,.T.);
#6319 = EDGE_CURVE('',#6292,#6320,#6322,.T.);
#6320 = VERTEX_POINT('',#6321);
#6321 = CARTESIAN_POINT('',(97.,190.4,-1.110223024625E-16));
#6322 = SURFACE_CURVE('',#6323,(#6327,#6334),.PCURVE_S1.);
#6323 = LINE('',#6324,#6325);
#6324 = CARTESIAN_POINT('',(97.,3.,-1.110223024625E-16));
#6325 = VECTOR('',#6326,1.);
#6326 = DIRECTION('',(-0.,1.,0.));
#6327 = PCURVE('',#186,#6328);
#6328 = DEFINITIONAL_REPRESENTATION('',(#6329),#6333);
#6329 = LINE('',#6330,#6331);
#6330 = CARTESIAN_POINT('',(97.,3.));
#6331 = VECTOR('',#6332,1.);
#6332 = DIRECTION('',(0.,1.));
#6333 = ( GEOMETRIC_REPRESENTATION_CONTEXT(2) 
PARAMETRIC_REPRESENTATION_CONTEXT() REPRESENTATION_CONTEXT('2D SPACE',''
  ) );
#6334 = PCURVE('',#6335,#6340);
#6335 = CYLINDRICAL_SURFACE('',#6336,0.8);
#6336 = AXIS2_PLACEMENT_3D('',#6337,#6338,#6339);
#6337 = CARTESIAN_POINT('',(97.,3.,0.8));
#6338 = DIRECTION('',(-0.,1.,0.));
#6339 = DIRECTION('',(0.,0.,-1.));
#6340 = DEFINITIONAL_REPRESENTATION('',(#6341),#6345);
#6341 = LINE('',#6342,#6343);
#6342 = CARTESIAN_POINT('',(6.28318530718,0.));
#6343 = VECTOR('',#6344,1.);
#6344 = DIRECTION('',(-0.,1.));
#6345 = ( GEOMETRIC_REPRESENTATION_CONTEXT(2) 
PARAMETRIC_REPRESENTATION_CONTEXT() REPRESENTATION_CONTEXT('2D SPACE',''
  ) );
#6346 = ORIENTED_EDGE('',*,*,#6347,.T.);
#6347 = EDGE_CURVE('',#6320,#6348,#6350,.T.);
#6348 = VERTEX_POINT('',#6349);
#6349 = CARTESIAN_POINT('',(90.2,190.4,0.));
#6350 = SURFACE_CURVE('',#6351,(#6355,#6362),.PCURVE_S1.);
#6351 = LINE('',#6352,#6353);
#6352 = CARTESIAN_POINT('',(45.05,190.4,0.));
#6353 = VECTOR('',#6354,1.);
#6354 = DIRECTION('',(-1.,-0.,0.));
#6355 = PCURVE('',#186,#6356);
#6356 = DEFINITIONAL_REPRESENTATION('',(#6357),#6361);
#6357 = LINE('',#6358,#6359);
#6358 = CARTESIAN_POINT('',(45.05,190.4));
#6359 = VECTOR('',#6360,1.);
#6360 = DIRECTION('',(-1.,0.));
#6361 = ( GEOMETRIC_REPRESENTATION_CONTEXT(2) 
PARAMETRIC_REPRESENTATION_CONTEXT() REPRESENTATION_CONTEXT('2D SPACE',''
  ) );
#6362 = PCURVE('',#6363,#6368);
#6363 = PLANE('',#6364);
#6364 = AXIS2_PLACEMENT_3D('',#6365,#6366,#6367);
#6365 = CARTESIAN_POINT('',(90.1,190.4,-1.));
#6366 = DIRECTION('',(-0.,1.,0.));
#6367 = DIRECTION('',(0.,0.,1.));
#6368 = DEFINITIONAL_REPRESENTATION('',(#6369),#6373);
#6369 = LINE('',#6370,#6371);
#6370 = CARTESIAN_POINT('',(1.,-45.05));
#6371 = VECTOR('',#6372,1.);
#6372 = DIRECTION('',(0.,-1.));
#6373 = ( GEOMETRIC_REPRESENTATION_CONTEXT(2) 
PARAMETRIC_REPRESENTATION_CONTEXT() REPRESENTATION_CONTEXT('2D SPACE',''
  ) );
#6374 = ORIENTED_EDGE('',*,*,#6375,.T.);
#6375 = EDGE_CURVE('',#6348,#6376,#6378,.T.);
#6376 = VERTEX_POINT('',#6377);
#6377 = CARTESIAN_POINT('',(90.2,190.7,0.));
#6378 = SURFACE_CURVE('',#6379,(#6383,#6390),.PCURVE_S1.);
#6379 = LINE('',#6380,#6381);
#6380 = CARTESIAN_POINT('',(90.2,0.,0.));
#6381 = VECTOR('',#6382,1.);
#6382 = DIRECTION('',(-0.,1.,0.));
#6383 = PCURVE('',#186,#6384);
#6384 = DEFINITIONAL_REPRESENTATION('',(#6385),#6389);
#6385 = LINE('',#6386,#6387);
#6386 = CARTESIAN_POINT('',(90.2,0.));
#6387 = VECTOR('',#6388,1.);
#6388 = DIRECTION('',(0.,1.));
#6389 = ( GEOMETRIC_REPRESENTATION_CONTEXT(2) 
PARAMETRIC_REPRESENTATION_CONTEXT() REPRESENTATION_CONTEXT('2D SPACE',''
  ) );
#6390 = PCURVE('',#6391,#6396);
#6391 = PLANE('',#6392);
#6392 = AXIS2_PLACEMENT_3D('',#6393,#6394,#6395);
#6393 = CARTESIAN_POINT('',(90.2,0.,0.));
#6394 = DIRECTION('',(1.,0.,-0.));
#6395 = DIRECTION('',(0.,0.,1.));
#6396 = DEFINITIONAL_REPRESENTATION('',(#6397),#6401);
#6397 = LINE('',#6398,#6399);
#6398 = CARTESIAN_POINT('',(0.,0.));
#6399 = VECTOR('',#6400,1.);
#6400 = DIRECTION('',(0.,-1.));
#6401 = ( GEOMETRIC_REPRESENTATION_CONTEXT(2) 
PARAMETRIC_REPRESENTATION_CONTEXT() REPRESENTATION_CONTEXT('2D SPACE',''
  ) );
#6402 = ORIENTED_EDGE('',*,*,#6403,.T.);
#6403 = EDGE_CURVE('',#6376,#6404,#6406,.T.);
#6404 = VERTEX_POINT('',#6405);
#6405 = CARTESIAN_POINT('',(98.,190.7,0.));
#6406 = SURFACE_CURVE('',#6407,(#6411,#6418),.PCURVE_S1.);
#6407 = LINE('',#6408,#6409);
#6408 = CARTESIAN_POINT('',(90.,190.7,0.));
#6409 = VECTOR('',#6410,1.);
#6410 = DIRECTION('',(1.,0.,-0.));
#6411 = PCURVE('',#186,#6412);
#6412 = DEFINITIONAL_REPRESENTATION('',(#6413),#6417);
#6413 = LINE('',#6414,#6415);
#6414 = CARTESIAN_POINT('',(90.,190.7));
#6415 = VECTOR('',#6416,1.);
#6416 = DIRECTION('',(1.,0.));
#6417 = ( GEOMETRIC_REPRESENTATION_CONTEXT(2) 
PARAMETRIC_REPRESENTATION_CONTEXT() REPRESENTATION_CONTEXT('2D SPACE',''
  ) );
#6418 = PCURVE('',#2033,#6419);
#6419 = DEFINITIONAL_REPRESENTATION('',(#6420),#6424);
#6420 = LINE('',#6421,#6422);
#6421 = CARTESIAN_POINT('',(0.,0.));
#6422 = VECTOR('',#6423,1.);
#6423 = DIRECTION('',(0.,1.));
#6424 = ( GEOMETRIC_REPRESENTATION_CONTEXT(2) 
PARAMETRIC_REPRESENTATION_CONTEXT() REPRESENTATION_CONTEXT('2D SPACE',''
  ) );
#6425 = ORIENTED_EDGE('',*,*,#6426,.T.);
#6426 = EDGE_CURVE('',#6404,#6427,#6429,.T.);
#6427 = VERTEX_POINT('',#6428);
#6428 = CARTESIAN_POINT('',(98.,193.2,0.));
#6429 = SURFACE_CURVE('',#6430,(#6434,#6441),.PCURVE_S1.);
#6430 = LINE('',#6431,#6432);
#6431 = CARTESIAN_POINT('',(98.,190.7,0.));
#6432 = VECTOR('',#6433,1.);
#6433 = DIRECTION('',(-0.,1.,0.));
#6434 = PCURVE('',#186,#6435);
#6435 = DEFINITIONAL_REPRESENTATION('',(#6436),#6440);
#6436 = LINE('',#6437,#6438);
#6437 = CARTESIAN_POINT('',(98.,190.7));
#6438 = VECTOR('',#6439,1.);
#6439 = DIRECTION('',(0.,1.));
#6440 = ( GEOMETRIC_REPRESENTATION_CONTEXT(2) 
PARAMETRIC_REPRESENTATION_CONTEXT() REPRESENTATION_CONTEXT('2D SPACE',''
  ) );
#6441 = PCURVE('',#6442,#6447);
#6442 = PLANE('',#6443);
#6443 = AXIS2_PLACEMENT_3D('',#6444,#6445,#6446);
#6444 = CARTESIAN_POINT('',(98.,190.7,0.));
#6445 = DIRECTION('',(1.,0.,-0.));
#6446 = DIRECTION('',(0.,0.,1.));
#6447 = DEFINITIONAL_REPRESENTATION('',(#6448),#6452);
#6448 = LINE('',#6449,#6450);
#6449 = CARTESIAN_POINT('',(0.,0.));
#6450 = VECTOR('',#6451,1.);
#6451 = DIRECTION('',(0.,-1.));
#6452 = ( GEOMETRIC_REPRESENTATION_CONTEXT(2) 
PARAMETRIC_REPRESENTATION_CONTEXT() REPRESENTATION_CONTEXT('2D SPACE',''
  ) );
#6453 = ORIENTED_EDGE('',*,*,#6454,.F.);
#6454 = EDGE_CURVE('',#6455,#6427,#6457,.T.);
#6455 = VERTEX_POINT('',#6456);
#6456 = CARTESIAN_POINT('',(90.2,193.2,0.));
#6457 = SURFACE_CURVE('',#6458,(#6462,#6469),.PCURVE_S1.);
#6458 = LINE('',#6459,#6460);
#6459 = CARTESIAN_POINT('',(90.,193.2,0.));
#6460 = VECTOR('',#6461,1.);
#6461 = DIRECTION('',(1.,0.,-0.));
#6462 = PCURVE('',#186,#6463);
#6463 = DEFINITIONAL_REPRESENTATION('',(#6464),#6468);
#6464 = LINE('',#6465,#6466);
#6465 = CARTESIAN_POINT('',(90.,193.2));
#6466 = VECTOR('',#6467,1.);
#6467 = DIRECTION('',(1.,0.));
#6468 = ( GEOMETRIC_REPRESENTATION_CONTEXT(2) 
PARAMETRIC_REPRESENTATION_CONTEXT() REPRESENTATION_CONTEXT('2D SPACE',''
  ) );
#6469 = PCURVE('',#6470,#6475);
#6470 = PLANE('',#6471);
#6471 = AXIS2_PLACEMENT_3D('',#6472,#6473,#6474);
#6472 = CARTESIAN_POINT('',(90.,193.2,0.));
#6473 = DIRECTION('',(-0.,1.,0.));
#6474 = DIRECTION('',(0.,0.,1.));
#6475 = DEFINITIONAL_REPRESENTATION('',(#6476),#6480);
#6476 = LINE('',#6477,#6478);
#6477 = CARTESIAN_POINT('',(0.,0.));
#6478 = VECTOR('',#6479,1.);
#6479 = DIRECTION('',(0.,1.));
#6480 = ( GEOMETRIC_REPRESENTATION_CONTEXT(2) 
PARAMETRIC_REPRESENTATION_CONTEXT() REPRESENTATION_CONTEXT('2D SPACE',''
  ) );
#6481 = ORIENTED_EDGE('',*,*,#6482,.T.);
#6482 = EDGE_CURVE('',#6455,#6483,#6485,.T.);
#6483 = VERTEX_POINT('',#6484);
#6484 = CARTESIAN_POINT('',(90.2,193.45,0.));
#6485 = SURFACE_CURVE('',#6486,(#6490,#6497),.PCURVE_S1.);
#6486 = LINE('',#6487,#6488);
#6487 = CARTESIAN_POINT('',(90.2,0.,0.));
#6488 = VECTOR('',#6489,1.);
#6489 = DIRECTION('',(-0.,1.,0.));
#6490 = PCURVE('',#186,#6491);
#6491 = DEFINITIONAL_REPRESENTATION('',(#6492),#6496);
#6492 = LINE('',#6493,#6494);
#6493 = CARTESIAN_POINT('',(90.2,0.));
#6494 = VECTOR('',#6495,1.);
#6495 = DIRECTION('',(0.,1.));
#6496 = ( GEOMETRIC_REPRESENTATION_CONTEXT(2) 
PARAMETRIC_REPRESENTATION_CONTEXT() REPRESENTATION_CONTEXT('2D SPACE',''
  ) );
#6497 = PCURVE('',#6498,#6503);
#6498 = PLANE('',#6499);
#6499 = AXIS2_PLACEMENT_3D('',#6500,#6501,#6502);
#6500 = CARTESIAN_POINT('',(90.2,0.,0.));
#6501 = DIRECTION('',(1.,0.,-0.));
#6502 = DIRECTION('',(0.,0.,1.));
#6503 = DEFINITIONAL_REPRESENTATION('',(#6504),#6508);
#6504 = LINE('',#6505,#6506);
#6505 = CARTESIAN_POINT('',(0.,0.));
#6506 = VECTOR('',#6507,1.);
#6507 = DIRECTION('',(0.,-1.));
#6508 = ( GEOMETRIC_REPRESENTATION_CONTEXT(2) 
PARAMETRIC_REPRESENTATION_CONTEXT() REPRESENTATION_CONTEXT('2D SPACE',''
  ) );
#6509 = ORIENTED_EDGE('',*,*,#6510,.T.);
#6510 = EDGE_CURVE('',#6483,#6511,#6513,.T.);
#6511 = VERTEX_POINT('',#6512);
#6512 = CARTESIAN_POINT('',(88.971146625158,193.45,0.));
#6513 = SURFACE_CURVE('',#6514,(#6518,#6525),.PCURVE_S1.);
#6514 = LINE('',#6515,#6516);
#6515 = CARTESIAN_POINT('',(49.,193.45,0.));
#6516 = VECTOR('',#6517,1.);
#6517 = DIRECTION('',(-1.,0.,0.));
#6518 = PCURVE('',#186,#6519);
#6519 = DEFINITIONAL_REPRESENTATION('',(#6520),#6524);
#6520 = LINE('',#6521,#6522);
#6521 = CARTESIAN_POINT('',(49.,193.45));
#6522 = VECTOR('',#6523,1.);
#6523 = DIRECTION('',(-1.,0.));
#6524 = ( GEOMETRIC_REPRESENTATION_CONTEXT(2) 
PARAMETRIC_REPRESENTATION_CONTEXT() REPRESENTATION_CONTEXT('2D SPACE',''
  ) );
#6525 = PCURVE('',#1946,#6526);
#6526 = DEFINITIONAL_REPRESENTATION('',(#6527),#6531);
#6527 = LINE('',#6528,#6529);
#6528 = CARTESIAN_POINT('',(-17.5,-49.));
#6529 = VECTOR('',#6530,1.);
#6530 = DIRECTION('',(0.,-1.));
#6531 = ( GEOMETRIC_REPRESENTATION_CONTEXT(2) 
PARAMETRIC_REPRESENTATION_CONTEXT() REPRESENTATION_CONTEXT('2D SPACE',''
  ) );
#6532 = ORIENTED_EDGE('',*,*,#6533,.T.);
#6533 = EDGE_CURVE('',#6511,#6534,#6536,.T.);
#6534 = VERTEX_POINT('',#6535);
#6535 = CARTESIAN_POINT('',(88.971146625158,196.95,0.));
#6536 = SURFACE_CURVE('',#6537,(#6541,#6548),.PCURVE_S1.);
#6537 = LINE('',#6538,#6539);
#6538 = CARTESIAN_POINT('',(88.971146625158,193.45,0.));
#6539 = VECTOR('',#6540,1.);
#6540 = DIRECTION('',(0.,1.,0.));
#6541 = PCURVE('',#186,#6542);
#6542 = DEFINITIONAL_REPRESENTATION('',(#6543),#6547);
#6543 = LINE('',#6544,#6545);
#6544 = CARTESIAN_POINT('',(88.971146625158,193.45));
#6545 = VECTOR('',#6546,1.);
#6546 = DIRECTION('',(0.,1.));
#6547 = ( GEOMETRIC_REPRESENTATION_CONTEXT(2) 
PARAMETRIC_REPRESENTATION_CONTEXT() REPRESENTATION_CONTEXT('2D SPACE',''
  ) );
#6548 = PCURVE('',#1972,#6549);
#6549 = DEFINITIONAL_REPRESENTATION('',(#6550),#6553);
#6550 = B_SPLINE_CURVE_WITH_KNOTS('',1,(#6551,#6552),.UNSPECIFIED.,.F.,
  .F.,(2,2),(-5.999999928008E-07,3.5000006),.PIECEWISE_BEZIER_KNOTS.);
#6551 = CARTESIAN_POINT('',(3.617906432204,-5.999999928008E-07));
#6552 = CARTESIAN_POINT('',(3.617906432204,3.5000006));
#6553 = ( GEOMETRIC_REPRESENTATION_CONTEXT(2) 
PARAMETRIC_REPRESENTATION_CONTEXT() REPRESENTATION_CONTEXT('2D SPACE',''
  ) );
#6554 = ORIENTED_EDGE('',*,*,#6555,.F.);
#6555 = EDGE_CURVE('',#6556,#6534,#6558,.T.);
#6556 = VERTEX_POINT('',#6557);
#6557 = CARTESIAN_POINT('',(90.2,196.95,0.));
#6558 = SURFACE_CURVE('',#6559,(#6563,#6570),.PCURVE_S1.);
#6559 = LINE('',#6560,#6561);
#6560 = CARTESIAN_POINT('',(49.,196.95,0.));
#6561 = VECTOR('',#6562,1.);
#6562 = DIRECTION('',(-1.,0.,0.));
#6563 = PCURVE('',#186,#6564);
#6564 = DEFINITIONAL_REPRESENTATION('',(#6565),#6569);
#6565 = LINE('',#6566,#6567);
#6566 = CARTESIAN_POINT('',(49.,196.95));
#6567 = VECTOR('',#6568,1.);
#6568 = DIRECTION('',(-1.,0.));
#6569 = ( GEOMETRIC_REPRESENTATION_CONTEXT(2) 
PARAMETRIC_REPRESENTATION_CONTEXT() REPRESENTATION_CONTEXT('2D SPACE',''
  ) );
#6570 = PCURVE('',#6571,#6576);
#6571 = PLANE('',#6572);
#6572 = AXIS2_PLACEMENT_3D('',#6573,#6574,#6575);
#6573 = CARTESIAN_POINT('',(98.,196.95,17.5));
#6574 = DIRECTION('',(0.,1.,0.));
#6575 = DIRECTION('',(0.,-0.,1.));
#6576 = DEFINITIONAL_REPRESENTATION('',(#6577),#6581);
#6577 = LINE('',#6578,#6579);
#6578 = CARTESIAN_POINT('',(-17.5,-49.));
#6579 = VECTOR('',#6580,1.);
#6580 = DIRECTION('',(0.,-1.));
#6581 = ( GEOMETRIC_REPRESENTATION_CONTEXT(2) 
PARAMETRIC_REPRESENTATION_CONTEXT() REPRESENTATION_CONTEXT('2D SPACE',''
  ) );
#6582 = ORIENTED_EDGE('',*,*,#6583,.T.);
#6583 = EDGE_CURVE('',#6556,#6584,#6586,.T.);
#6584 = VERTEX_POINT('',#6585);
#6585 = CARTESIAN_POINT('',(90.2,197.2,0.));
#6586 = SURFACE_CURVE('',#6587,(#6591,#6598),.PCURVE_S1.);
#6587 = LINE('',#6588,#6589);
#6588 = CARTESIAN_POINT('',(90.2,0.,0.));
#6589 = VECTOR('',#6590,1.);
#6590 = DIRECTION('',(-0.,1.,0.));
#6591 = PCURVE('',#186,#6592);
#6592 = DEFINITIONAL_REPRESENTATION('',(#6593),#6597);
#6593 = LINE('',#6594,#6595);
#6594 = CARTESIAN_POINT('',(90.2,0.));
#6595 = VECTOR('',#6596,1.);
#6596 = DIRECTION('',(0.,1.));
#6597 = ( GEOMETRIC_REPRESENTATION_CONTEXT(2) 
PARAMETRIC_REPRESENTATION_CONTEXT() REPRESENTATION_CONTEXT('2D SPACE',''
  ) );
#6598 = PCURVE('',#6599,#6604);
#6599 = PLANE('',#6600);
#6600 = AXIS2_PLACEMENT_3D('',#6601,#6602,#6603);
#6601 = CARTESIAN_POINT('',(90.2,0.,0.));
#6602 = DIRECTION('',(1.,0.,-0.));
#6603 = DIRECTION('',(0.,0.,1.));
#6604 = DEFINITIONAL_REPRESENTATION('',(#6605),#6609);
#6605 = LINE('',#6606,#6607);
#6606 = CARTESIAN_POINT('',(0.,0.));
#6607 = VECTOR('',#6608,1.);
#6608 = DIRECTION('',(0.,-1.));
#6609 = ( GEOMETRIC_REPRESENTATION_CONTEXT(2) 
PARAMETRIC_REPRESENTATION_CONTEXT() REPRESENTATION_CONTEXT('2D SPACE',''
  ) );
#6610 = ORIENTED_EDGE('',*,*,#6611,.T.);
#6611 = EDGE_CURVE('',#6584,#6612,#6614,.T.);
#6612 = VERTEX_POINT('',#6613);
#6613 = CARTESIAN_POINT('',(98.,197.2,0.));
#6614 = SURFACE_CURVE('',#6615,(#6619,#6626),.PCURVE_S1.);
#6615 = LINE('',#6616,#6617);
#6616 = CARTESIAN_POINT('',(90.,197.2,0.));
#6617 = VECTOR('',#6618,1.);
#6618 = DIRECTION('',(1.,0.,-0.));
#6619 = PCURVE('',#186,#6620);
#6620 = DEFINITIONAL_REPRESENTATION('',(#6621),#6625);
#6621 = LINE('',#6622,#6623);
#6622 = CARTESIAN_POINT('',(90.,197.2));
#6623 = VECTOR('',#6624,1.);
#6624 = DIRECTION('',(1.,0.));
#6625 = ( GEOMETRIC_REPRESENTATION_CONTEXT(2) 
PARAMETRIC_REPRESENTATION_CONTEXT() REPRESENTATION_CONTEXT('2D SPACE',''
  ) );
#6626 = PCURVE('',#6627,#6632);
#6627 = PLANE('',#6628);
#6628 = AXIS2_PLACEMENT_3D('',#6629,#6630,#6631);
#6629 = CARTESIAN_POINT('',(90.,197.2,0.));
#6630 = DIRECTION('',(-0.,1.,0.));
#6631 = DIRECTION('',(0.,0.,1.));
#6632 = DEFINITIONAL_REPRESENTATION('',(#6633),#6637);
#6633 = LINE('',#6634,#6635);
#6634 = CARTESIAN_POINT('',(0.,0.));
#6635 = VECTOR('',#6636,1.);
#6636 = DIRECTION('',(0.,1.));
#6637 = ( GEOMETRIC_REPRESENTATION_CONTEXT(2) 
PARAMETRIC_REPRESENTATION_CONTEXT() REPRESENTATION_CONTEXT('2D SPACE',''
  ) );
#6638 = ORIENTED_EDGE('',*,*,#6639,.T.);
#6639 = EDGE_CURVE('',#6612,#6640,#6642,.T.);
#6640 = VERTEX_POINT('',#6641);
#6641 = CARTESIAN_POINT('',(98.,199.7,0.));
#6642 = SURFACE_CURVE('',#6643,(#6647,#6654),.PCURVE_S1.);
#6643 = LINE('',#6644,#6645);
#6644 = CARTESIAN_POINT('',(98.,197.2,0.));
#6645 = VECTOR('',#6646,1.);
#6646 = DIRECTION('',(-0.,1.,0.));
#6647 = PCURVE('',#186,#6648);
#6648 = DEFINITIONAL_REPRESENTATION('',(#6649),#6653);
#6649 = LINE('',#6650,#6651);
#6650 = CARTESIAN_POINT('',(98.,197.2));
#6651 = VECTOR('',#6652,1.);
#6652 = DIRECTION('',(0.,1.));
#6653 = ( GEOMETRIC_REPRESENTATION_CONTEXT(2) 
PARAMETRIC_REPRESENTATION_CONTEXT() REPRESENTATION_CONTEXT('2D SPACE',''
  ) );
#6654 = PCURVE('',#6655,#6660);
#6655 = PLANE('',#6656);
#6656 = AXIS2_PLACEMENT_3D('',#6657,#6658,#6659);
#6657 = CARTESIAN_POINT('',(98.,197.2,0.));
#6658 = DIRECTION('',(1.,0.,-0.));
#6659 = DIRECTION('',(0.,0.,1.));
#6660 = DEFINITIONAL_REPRESENTATION('',(#6661),#6665);
#6661 = LINE('',#6662,#6663);
#6662 = CARTESIAN_POINT('',(0.,0.));
#6663 = VECTOR('',#6664,1.);
#6664 = DIRECTION('',(0.,-1.));
#6665 = ( GEOMETRIC_REPRESENTATION_CONTEXT(2) 
PARAMETRIC_REPRESENTATION_CONTEXT() REPRESENTATION_CONTEXT('2D SPACE',''
  ) );
#6666 = ORIENTED_EDGE('',*,*,#6667,.F.);
#6667 = EDGE_CURVE('',#6668,#6640,#6670,.T.);
#6668 = VERTEX_POINT('',#6669);
#6669 = CARTESIAN_POINT('',(90.2,199.7,0.));
#6670 = SURFACE_CURVE('',#6671,(#6675,#6682),.PCURVE_S1.);
#6671 = LINE('',#6672,#6673);
#6672 = CARTESIAN_POINT('',(90.,199.7,0.));
#6673 = VECTOR('',#6674,1.);
#6674 = DIRECTION('',(1.,0.,-0.));
#6675 = PCURVE('',#186,#6676);
#6676 = DEFINITIONAL_REPRESENTATION('',(#6677),#6681);
#6677 = LINE('',#6678,#6679);
#6678 = CARTESIAN_POINT('',(90.,199.7));
#6679 = VECTOR('',#6680,1.);
#6680 = DIRECTION('',(1.,0.));
#6681 = ( GEOMETRIC_REPRESENTATION_CONTEXT(2) 
PARAMETRIC_REPRESENTATION_CONTEXT() REPRESENTATION_CONTEXT('2D SPACE',''
  ) );
#6682 = PCURVE('',#6683,#6688);
#6683 = PLANE('',#6684);
#6684 = AXIS2_PLACEMENT_3D('',#6685,#6686,#6687);
#6685 = CARTESIAN_POINT('',(90.,199.7,0.));
#6686 = DIRECTION('',(-0.,1.,0.));
#6687 = DIRECTION('',(0.,0.,1.));
#6688 = DEFINITIONAL_REPRESENTATION('',(#6689),#6693);
#6689 = LINE('',#6690,#6691);
#6690 = CARTESIAN_POINT('',(0.,0.));
#6691 = VECTOR('',#6692,1.);
#6692 = DIRECTION('',(0.,1.));
#6693 = ( GEOMETRIC_REPRESENTATION_CONTEXT(2) 
PARAMETRIC_REPRESENTATION_CONTEXT() REPRESENTATION_CONTEXT('2D SPACE',''
  ) );
#6694 = ORIENTED_EDGE('',*,*,#6695,.T.);
#6695 = EDGE_CURVE('',#6668,#5910,#6696,.T.);
#6696 = SURFACE_CURVE('',#6697,(#6701,#6708),.PCURVE_S1.);
#6697 = LINE('',#6698,#6699);
#6698 = CARTESIAN_POINT('',(90.2,0.,0.));
#6699 = VECTOR('',#6700,1.);
#6700 = DIRECTION('',(-0.,1.,0.));
#6701 = PCURVE('',#186,#6702);
#6702 = DEFINITIONAL_REPRESENTATION('',(#6703),#6707);
#6703 = LINE('',#6704,#6705);
#6704 = CARTESIAN_POINT('',(90.2,0.));
#6705 = VECTOR('',#6706,1.);
#6706 = DIRECTION('',(0.,1.));
#6707 = ( GEOMETRIC_REPRESENTATION_CONTEXT(2) 
PARAMETRIC_REPRESENTATION_CONTEXT() REPRESENTATION_CONTEXT('2D SPACE',''
  ) );
#6708 = PCURVE('',#5925,#6709);
#6709 = DEFINITIONAL_REPRESENTATION('',(#6710),#6714);
#6710 = LINE('',#6711,#6712);
#6711 = CARTESIAN_POINT('',(0.,0.));
#6712 = VECTOR('',#6713,1.);
#6713 = DIRECTION('',(0.,-1.));
#6714 = ( GEOMETRIC_REPRESENTATION_CONTEXT(2) 
PARAMETRIC_REPRESENTATION_CONTEXT() REPRESENTATION_CONTEXT('2D SPACE',''
  ) );
#6715 = ORIENTED_EDGE('',*,*,#5937,.F.);
#6716 = ADVANCED_FACE('',(#6717),#1972,.F.);
#6717 = FACE_BOUND('',#6718,.F.);
#6718 = EDGE_LOOP('',(#6719,#6720,#6721,#6745,#6767,#6789,#6790));
#6719 = ORIENTED_EDGE('',*,*,#1958,.T.);
#6720 = ORIENTED_EDGE('',*,*,#5725,.T.);
#6721 = ORIENTED_EDGE('',*,*,#6722,.F.);
#6722 = EDGE_CURVE('',#6723,#5726,#6725,.T.);
#6723 = VERTEX_POINT('',#6724);
#6724 = CARTESIAN_POINT('',(84.253720748348,199.95,3.4));
#6725 = SURFACE_CURVE('',#6726,(#6731,#6738),.PCURVE_S1.);
#6726 = CIRCLE('',#6727,19.691881404894);
#6727 = AXIS2_PLACEMENT_3D('',#6728,#6729,#6730);
#6728 = CARTESIAN_POINT('',(98.,199.95,17.5));
#6729 = DIRECTION('',(0.,1.,0.));
#6730 = DIRECTION('',(0.,-0.,1.));
#6731 = PCURVE('',#1972,#6732);
#6732 = DEFINITIONAL_REPRESENTATION('',(#6733),#6737);
#6733 = LINE('',#6734,#6735);
#6734 = CARTESIAN_POINT('',(0.,6.5));
#6735 = VECTOR('',#6736,1.);
#6736 = DIRECTION('',(1.,0.));
#6737 = ( GEOMETRIC_REPRESENTATION_CONTEXT(2) 
PARAMETRIC_REPRESENTATION_CONTEXT() REPRESENTATION_CONTEXT('2D SPACE',''
  ) );
#6738 = PCURVE('',#5790,#6739);
#6739 = DEFINITIONAL_REPRESENTATION('',(#6740),#6744);
#6740 = CIRCLE('',#6741,19.691881404894);
#6741 = AXIS2_PLACEMENT_2D('',#6742,#6743);
#6742 = CARTESIAN_POINT('',(0.,0.));
#6743 = DIRECTION('',(1.,0.));
#6744 = ( GEOMETRIC_REPRESENTATION_CONTEXT(2) 
PARAMETRIC_REPRESENTATION_CONTEXT() REPRESENTATION_CONTEXT('2D SPACE',''
  ) );
#6745 = ORIENTED_EDGE('',*,*,#6746,.F.);
#6746 = EDGE_CURVE('',#6747,#6723,#6749,.T.);
#6747 = VERTEX_POINT('',#6748);
#6748 = CARTESIAN_POINT('',(84.253720748347,196.95,3.400000000001));
#6749 = SURFACE_CURVE('',#6750,(#6754,#6760),.PCURVE_S1.);
#6750 = LINE('',#6751,#6752);
#6751 = CARTESIAN_POINT('',(84.253720748348,195.35,3.4));
#6752 = VECTOR('',#6753,1.);
#6753 = DIRECTION('',(0.,1.,0.));
#6754 = PCURVE('',#1972,#6755);
#6755 = DEFINITIONAL_REPRESENTATION('',(#6756),#6759);
#6756 = B_SPLINE_CURVE_WITH_KNOTS('',1,(#6757,#6758),.UNSPECIFIED.,.F.,
  .F.,(2,2),(-5.999999928008E-07,4.600000600002),
  .PIECEWISE_BEZIER_KNOTS.);
#6757 = CARTESIAN_POINT('',(3.914288878537,1.8999994));
#6758 = CARTESIAN_POINT('',(3.914288878537,6.500000600002));
#6759 = ( GEOMETRIC_REPRESENTATION_CONTEXT(2) 
PARAMETRIC_REPRESENTATION_CONTEXT() REPRESENTATION_CONTEXT('2D SPACE',''
  ) );
#6760 = PCURVE('',#5897,#6761);
#6761 = DEFINITIONAL_REPRESENTATION('',(#6762),#6766);
#6762 = LINE('',#6763,#6764);
#6763 = CARTESIAN_POINT('',(73.053720748348,192.95));
#6764 = VECTOR('',#6765,1.);
#6765 = DIRECTION('',(0.,1.));
#6766 = ( GEOMETRIC_REPRESENTATION_CONTEXT(2) 
PARAMETRIC_REPRESENTATION_CONTEXT() REPRESENTATION_CONTEXT('2D SPACE',''
  ) );
#6767 = ORIENTED_EDGE('',*,*,#6768,.F.);
#6768 = EDGE_CURVE('',#6534,#6747,#6769,.T.);
#6769 = SURFACE_CURVE('',#6770,(#6775,#6782),.PCURVE_S1.);
#6770 = CIRCLE('',#6771,19.691881404894);
#6771 = AXIS2_PLACEMENT_3D('',#6772,#6773,#6774);
#6772 = CARTESIAN_POINT('',(98.,196.95,17.5));
#6773 = DIRECTION('',(0.,1.,0.));
#6774 = DIRECTION('',(0.,-0.,1.));
#6775 = PCURVE('',#1972,#6776);
#6776 = DEFINITIONAL_REPRESENTATION('',(#6777),#6781);
#6777 = LINE('',#6778,#6779);
#6778 = CARTESIAN_POINT('',(0.,3.5));
#6779 = VECTOR('',#6780,1.);
#6780 = DIRECTION('',(1.,0.));
#6781 = ( GEOMETRIC_REPRESENTATION_CONTEXT(2) 
PARAMETRIC_REPRESENTATION_CONTEXT() REPRESENTATION_CONTEXT('2D SPACE',''
  ) );
#6782 = PCURVE('',#6571,#6783);
#6783 = DEFINITIONAL_REPRESENTATION('',(#6784),#6788);
#6784 = CIRCLE('',#6785,19.691881404894);
#6785 = AXIS2_PLACEMENT_2D('',#6786,#6787);
#6786 = CARTESIAN_POINT('',(0.,0.));
#6787 = DIRECTION('',(1.,0.));
#6788 = ( GEOMETRIC_REPRESENTATION_CONTEXT(2) 
PARAMETRIC_REPRESENTATION_CONTEXT() REPRESENTATION_CONTEXT('2D SPACE',''
  ) );
#6789 = ORIENTED_EDGE('',*,*,#6533,.F.);
#6790 = ORIENTED_EDGE('',*,*,#6791,.T.);
#6791 = EDGE_CURVE('',#6511,#1931,#6792,.T.);
#6792 = SURFACE_CURVE('',#6793,(#6798,#6805),.PCURVE_S1.);
#6793 = CIRCLE('',#6794,19.691881404894);
#6794 = AXIS2_PLACEMENT_3D('',#6795,#6796,#6797);
#6795 = CARTESIAN_POINT('',(98.,193.45,17.5));
#6796 = DIRECTION('',(0.,1.,0.));
#6797 = DIRECTION('',(0.,-0.,1.));
#6798 = PCURVE('',#1972,#6799);
#6799 = DEFINITIONAL_REPRESENTATION('',(#6800),#6804);
#6800 = LINE('',#6801,#6802);
#6801 = CARTESIAN_POINT('',(0.,0.));
#6802 = VECTOR('',#6803,1.);
#6803 = DIRECTION('',(1.,0.));
#6804 = ( GEOMETRIC_REPRESENTATION_CONTEXT(2) 
PARAMETRIC_REPRESENTATION_CONTEXT() REPRESENTATION_CONTEXT('2D SPACE',''
  ) );
#6805 = PCURVE('',#1946,#6806);
#6806 = DEFINITIONAL_REPRESENTATION('',(#6807),#6811);
#6807 = CIRCLE('',#6808,19.691881404894);
#6808 = AXIS2_PLACEMENT_2D('',#6809,#6810);
#6809 = CARTESIAN_POINT('',(0.,0.));
#6810 = DIRECTION('',(1.,0.));
#6811 = ( GEOMETRIC_REPRESENTATION_CONTEXT(2) 
PARAMETRIC_REPRESENTATION_CONTEXT() REPRESENTATION_CONTEXT('2D SPACE',''
  ) );
#6812 = ADVANCED_FACE('',(#6813),#1946,.T.);
#6813 = FACE_BOUND('',#6814,.T.);
#6814 = EDGE_LOOP('',(#6815,#6816,#6817,#6818,#6819,#6842,#6870,#6898));
#6815 = ORIENTED_EDGE('',*,*,#6510,.T.);
#6816 = ORIENTED_EDGE('',*,*,#6791,.T.);
#6817 = ORIENTED_EDGE('',*,*,#1930,.F.);
#6818 = ORIENTED_EDGE('',*,*,#2096,.T.);
#6819 = ORIENTED_EDGE('',*,*,#6820,.F.);
#6820 = EDGE_CURVE('',#6821,#1990,#6823,.T.);
#6821 = VERTEX_POINT('',#6822);
#6822 = CARTESIAN_POINT('',(90.1,193.45,17.5));
#6823 = SURFACE_CURVE('',#6824,(#6828,#6835),.PCURVE_S1.);
#6824 = LINE('',#6825,#6826);
#6825 = CARTESIAN_POINT('',(94.,193.45,17.5));
#6826 = VECTOR('',#6827,1.);
#6827 = DIRECTION('',(-1.,0.,0.));
#6828 = PCURVE('',#1946,#6829);
#6829 = DEFINITIONAL_REPRESENTATION('',(#6830),#6834);
#6830 = LINE('',#6831,#6832);
#6831 = CARTESIAN_POINT('',(0.,-4.));
#6832 = VECTOR('',#6833,1.);
#6833 = DIRECTION('',(0.,-1.));
#6834 = ( GEOMETRIC_REPRESENTATION_CONTEXT(2) 
PARAMETRIC_REPRESENTATION_CONTEXT() REPRESENTATION_CONTEXT('2D SPACE',''
  ) );
#6835 = PCURVE('',#2005,#6836);
#6836 = DEFINITIONAL_REPRESENTATION('',(#6837),#6841);
#6837 = LINE('',#6838,#6839);
#6838 = CARTESIAN_POINT('',(4.,2.65));
#6839 = VECTOR('',#6840,1.);
#6840 = DIRECTION('',(-1.,0.));
#6841 = ( GEOMETRIC_REPRESENTATION_CONTEXT(2) 
PARAMETRIC_REPRESENTATION_CONTEXT() REPRESENTATION_CONTEXT('2D SPACE',''
  ) );
#6842 = ORIENTED_EDGE('',*,*,#6843,.F.);
#6843 = EDGE_CURVE('',#6844,#6821,#6846,.T.);
#6844 = VERTEX_POINT('',#6845);
#6845 = CARTESIAN_POINT('',(90.1,193.45,3.4));
#6846 = SURFACE_CURVE('',#6847,(#6851,#6858),.PCURVE_S1.);
#6847 = LINE('',#6848,#6849);
#6848 = CARTESIAN_POINT('',(90.1,193.45,8.25));
#6849 = VECTOR('',#6850,1.);
#6850 = DIRECTION('',(0.,-0.,1.));
#6851 = PCURVE('',#1946,#6852);
#6852 = DEFINITIONAL_REPRESENTATION('',(#6853),#6857);
#6853 = LINE('',#6854,#6855);
#6854 = CARTESIAN_POINT('',(-9.25,-7.9));
#6855 = VECTOR('',#6856,1.);
#6856 = DIRECTION('',(1.,0.));
#6857 = ( GEOMETRIC_REPRESENTATION_CONTEXT(2) 
PARAMETRIC_REPRESENTATION_CONTEXT() REPRESENTATION_CONTEXT('2D SPACE',''
  ) );
#6858 = PCURVE('',#6859,#6864);
#6859 = PLANE('',#6860);
#6860 = AXIS2_PLACEMENT_3D('',#6861,#6862,#6863);
#6861 = CARTESIAN_POINT('',(90.1,190.4,-1.));
#6862 = DIRECTION('',(1.,0.,-0.));
#6863 = DIRECTION('',(0.,0.,1.));
#6864 = DEFINITIONAL_REPRESENTATION('',(#6865),#6869);
#6865 = LINE('',#6866,#6867);
#6866 = CARTESIAN_POINT('',(9.25,-3.05));
#6867 = VECTOR('',#6868,1.);
#6868 = DIRECTION('',(1.,0.));
#6869 = ( GEOMETRIC_REPRESENTATION_CONTEXT(2) 
PARAMETRIC_REPRESENTATION_CONTEXT() REPRESENTATION_CONTEXT('2D SPACE',''
  ) );
#6870 = ORIENTED_EDGE('',*,*,#6871,.F.);
#6871 = EDGE_CURVE('',#6872,#6844,#6874,.T.);
#6872 = VERTEX_POINT('',#6873);
#6873 = CARTESIAN_POINT('',(90.2,193.45,3.4));
#6874 = SURFACE_CURVE('',#6875,(#6879,#6886),.PCURVE_S1.);
#6875 = LINE('',#6876,#6877);
#6876 = CARTESIAN_POINT('',(54.6,193.45,3.4));
#6877 = VECTOR('',#6878,1.);
#6878 = DIRECTION('',(-1.,0.,0.));
#6879 = PCURVE('',#1946,#6880);
#6880 = DEFINITIONAL_REPRESENTATION('',(#6881),#6885);
#6881 = LINE('',#6882,#6883);
#6882 = CARTESIAN_POINT('',(-14.1,-43.4));
#6883 = VECTOR('',#6884,1.);
#6884 = DIRECTION('',(0.,-1.));
#6885 = ( GEOMETRIC_REPRESENTATION_CONTEXT(2) 
PARAMETRIC_REPRESENTATION_CONTEXT() REPRESENTATION_CONTEXT('2D SPACE',''
  ) );
#6886 = PCURVE('',#6887,#6892);
#6887 = PLANE('',#6888);
#6888 = AXIS2_PLACEMENT_3D('',#6889,#6890,#6891);
#6889 = CARTESIAN_POINT('',(11.2,2.4,3.4));
#6890 = DIRECTION('',(0.,0.,1.));
#6891 = DIRECTION('',(1.,0.,-0.));
#6892 = DEFINITIONAL_REPRESENTATION('',(#6893),#6897);
#6893 = LINE('',#6894,#6895);
#6894 = CARTESIAN_POINT('',(43.4,191.05));
#6895 = VECTOR('',#6896,1.);
#6896 = DIRECTION('',(-1.,0.));
#6897 = ( GEOMETRIC_REPRESENTATION_CONTEXT(2) 
PARAMETRIC_REPRESENTATION_CONTEXT() REPRESENTATION_CONTEXT('2D SPACE',''
  ) );
#6898 = ORIENTED_EDGE('',*,*,#6899,.F.);
#6899 = EDGE_CURVE('',#6483,#6872,#6900,.T.);
#6900 = SURFACE_CURVE('',#6901,(#6905,#6912),.PCURVE_S1.);
#6901 = LINE('',#6902,#6903);
#6902 = CARTESIAN_POINT('',(90.2,193.45,8.75));
#6903 = VECTOR('',#6904,1.);
#6904 = DIRECTION('',(0.,-0.,1.));
#6905 = PCURVE('',#1946,#6906);
#6906 = DEFINITIONAL_REPRESENTATION('',(#6907),#6911);
#6907 = LINE('',#6908,#6909);
#6908 = CARTESIAN_POINT('',(-8.75,-7.8));
#6909 = VECTOR('',#6910,1.);
#6910 = DIRECTION('',(1.,0.));
#6911 = ( GEOMETRIC_REPRESENTATION_CONTEXT(2) 
PARAMETRIC_REPRESENTATION_CONTEXT() REPRESENTATION_CONTEXT('2D SPACE',''
  ) );
#6912 = PCURVE('',#6498,#6913);
#6913 = DEFINITIONAL_REPRESENTATION('',(#6914),#6918);
#6914 = LINE('',#6915,#6916);
#6915 = CARTESIAN_POINT('',(8.75,-193.45));
#6916 = VECTOR('',#6917,1.);
#6917 = DIRECTION('',(1.,0.));
#6918 = ( GEOMETRIC_REPRESENTATION_CONTEXT(2) 
PARAMETRIC_REPRESENTATION_CONTEXT() REPRESENTATION_CONTEXT('2D SPACE',''
  ) );
#6919 = ADVANCED_FACE('',(#6920),#2005,.T.);
#6920 = FACE_BOUND('',#6921,.T.);
#6921 = EDGE_LOOP('',(#6922,#6923,#6946,#6974,#7001,#7029,#7052,#7073));
#6922 = ORIENTED_EDGE('',*,*,#1987,.F.);
#6923 = ORIENTED_EDGE('',*,*,#6924,.T.);
#6924 = EDGE_CURVE('',#1988,#6925,#6927,.T.);
#6925 = VERTEX_POINT('',#6926);
#6926 = CARTESIAN_POINT('',(93.9,190.7,17.5));
#6927 = SURFACE_CURVE('',#6928,(#6932,#6939),.PCURVE_S1.);
#6928 = LINE('',#6929,#6930);
#6929 = CARTESIAN_POINT('',(90.,190.7,17.5));
#6930 = VECTOR('',#6931,1.);
#6931 = DIRECTION('',(1.,0.,-0.));
#6932 = PCURVE('',#2005,#6933);
#6933 = DEFINITIONAL_REPRESENTATION('',(#6934),#6938);
#6934 = LINE('',#6935,#6936);
#6935 = CARTESIAN_POINT('',(0.,-0.1));
#6936 = VECTOR('',#6937,1.);
#6937 = DIRECTION('',(1.,0.));
#6938 = ( GEOMETRIC_REPRESENTATION_CONTEXT(2) 
PARAMETRIC_REPRESENTATION_CONTEXT() REPRESENTATION_CONTEXT('2D SPACE',''
  ) );
#6939 = PCURVE('',#2033,#6940);
#6940 = DEFINITIONAL_REPRESENTATION('',(#6941),#6945);
#6941 = LINE('',#6942,#6943);
#6942 = CARTESIAN_POINT('',(17.5,0.));
#6943 = VECTOR('',#6944,1.);
#6944 = DIRECTION('',(0.,1.));
#6945 = ( GEOMETRIC_REPRESENTATION_CONTEXT(2) 
PARAMETRIC_REPRESENTATION_CONTEXT() REPRESENTATION_CONTEXT('2D SPACE',''
  ) );
#6946 = ORIENTED_EDGE('',*,*,#6947,.F.);
#6947 = EDGE_CURVE('',#6948,#6925,#6950,.T.);
#6948 = VERTEX_POINT('',#6949);
#6949 = CARTESIAN_POINT('',(93.5,191.1,17.5));
#6950 = SURFACE_CURVE('',#6951,(#6956,#6963),.PCURVE_S1.);
#6951 = CIRCLE('',#6952,0.4);
#6952 = AXIS2_PLACEMENT_3D('',#6953,#6954,#6955);
#6953 = CARTESIAN_POINT('',(93.9,191.1,17.5));
#6954 = DIRECTION('',(0.,0.,1.));
#6955 = DIRECTION('',(0.,-1.,0.));
#6956 = PCURVE('',#2005,#6957);
#6957 = DEFINITIONAL_REPRESENTATION('',(#6958),#6962);
#6958 = CIRCLE('',#6959,0.4);
#6959 = AXIS2_PLACEMENT_2D('',#6960,#6961);
#6960 = CARTESIAN_POINT('',(3.9,0.3));
#6961 = DIRECTION('',(0.,-1.));
#6962 = ( GEOMETRIC_REPRESENTATION_CONTEXT(2) 
PARAMETRIC_REPRESENTATION_CONTEXT() REPRESENTATION_CONTEXT('2D SPACE',''
  ) );
#6963 = PCURVE('',#6964,#6969);
#6964 = TOROIDAL_SURFACE('',#6965,4.1,0.4);
#6965 = AXIS2_PLACEMENT_3D('',#6966,#6967,#6968);
#6966 = CARTESIAN_POINT('',(98.,191.1,17.5));
#6967 = DIRECTION('',(-0.,-1.,-0.));
#6968 = DIRECTION('',(0.,-0.,1.));
#6969 = DEFINITIONAL_REPRESENTATION('',(#6970),#6973);
#6970 = B_SPLINE_CURVE_WITH_KNOTS('',1,(#6971,#6972),.UNSPECIFIED.,.F.,
  .F.,(2,2),(4.712388980385,6.28318530718),.PIECEWISE_BEZIER_KNOTS.);
#6971 = CARTESIAN_POINT('',(7.853981633974,0.));
#6972 = CARTESIAN_POINT('',(7.853981633974,1.570796326795));
#6973 = ( GEOMETRIC_REPRESENTATION_CONTEXT(2) 
PARAMETRIC_REPRESENTATION_CONTEXT() REPRESENTATION_CONTEXT('2D SPACE',''
  ) );
#6974 = ORIENTED_EDGE('',*,*,#6975,.T.);
#6975 = EDGE_CURVE('',#6948,#6976,#6978,.T.);
#6976 = VERTEX_POINT('',#6977);
#6977 = CARTESIAN_POINT('',(93.5,192.8,17.5));
#6978 = SURFACE_CURVE('',#6979,(#6983,#6990),.PCURVE_S1.);
#6979 = LINE('',#6980,#6981);
#6980 = CARTESIAN_POINT('',(93.5,190.7,17.5));
#6981 = VECTOR('',#6982,1.);
#6982 = DIRECTION('',(0.,1.,0.));
#6983 = PCURVE('',#2005,#6984);
#6984 = DEFINITIONAL_REPRESENTATION('',(#6985),#6989);
#6985 = LINE('',#6986,#6987);
#6986 = CARTESIAN_POINT('',(3.5,-0.1));
#6987 = VECTOR('',#6988,1.);
#6988 = DIRECTION('',(0.,1.));
#6989 = ( GEOMETRIC_REPRESENTATION_CONTEXT(2) 
PARAMETRIC_REPRESENTATION_CONTEXT() REPRESENTATION_CONTEXT('2D SPACE',''
  ) );
#6990 = PCURVE('',#6991,#6996);
#6991 = CYLINDRICAL_SURFACE('',#6992,4.5);
#6992 = AXIS2_PLACEMENT_3D('',#6993,#6994,#6995);
#6993 = CARTESIAN_POINT('',(98.,190.7,17.5));
#6994 = DIRECTION('',(0.,1.,0.));
#6995 = DIRECTION('',(0.,-0.,1.));
#6996 = DEFINITIONAL_REPRESENTATION('',(#6997),#7000);
#6997 = B_SPLINE_CURVE_WITH_KNOTS('',1,(#6998,#6999),.UNSPECIFIED.,.F.,
  .F.,(2,2),(0.4,2.1),.PIECEWISE_BEZIER_KNOTS.);
#6998 = CARTESIAN_POINT('',(-1.570796326795,0.4));
#6999 = CARTESIAN_POINT('',(-1.570796326795,2.1));
#7000 = ( GEOMETRIC_REPRESENTATION_CONTEXT(2) 
PARAMETRIC_REPRESENTATION_CONTEXT() REPRESENTATION_CONTEXT('2D SPACE',''
  ) );
#7001 = ORIENTED_EDGE('',*,*,#7002,.F.);
#7002 = EDGE_CURVE('',#7003,#6976,#7005,.T.);
#7003 = VERTEX_POINT('',#7004);
#7004 = CARTESIAN_POINT('',(93.9,193.2,17.5));
#7005 = SURFACE_CURVE('',#7006,(#7011,#7018),.PCURVE_S1.);
#7006 = CIRCLE('',#7007,0.4);
#7007 = AXIS2_PLACEMENT_3D('',#7008,#7009,#7010);
#7008 = CARTESIAN_POINT('',(93.9,192.8,17.5));
#7009 = DIRECTION('',(0.,0.,1.));
#7010 = DIRECTION('',(0.,-1.,0.));
#7011 = PCURVE('',#2005,#7012);
#7012 = DEFINITIONAL_REPRESENTATION('',(#7013),#7017);
#7013 = CIRCLE('',#7014,0.4);
#7014 = AXIS2_PLACEMENT_2D('',#7015,#7016);
#7015 = CARTESIAN_POINT('',(3.9,2.));
#7016 = DIRECTION('',(0.,-1.));
#7017 = ( GEOMETRIC_REPRESENTATION_CONTEXT(2) 
PARAMETRIC_REPRESENTATION_CONTEXT() REPRESENTATION_CONTEXT('2D SPACE',''
  ) );
#7018 = PCURVE('',#7019,#7024);
#7019 = TOROIDAL_SURFACE('',#7020,4.1,0.4);
#7020 = AXIS2_PLACEMENT_3D('',#7021,#7022,#7023);
#7021 = CARTESIAN_POINT('',(98.,192.8,17.5));
#7022 = DIRECTION('',(0.,1.,0.));
#7023 = DIRECTION('',(0.,-0.,1.));
#7024 = DEFINITIONAL_REPRESENTATION('',(#7025),#7028);
#7025 = B_SPLINE_CURVE_WITH_KNOTS('',1,(#7026,#7027),.UNSPECIFIED.,.F.,
  .F.,(2,2),(3.14159265359,4.712388980385),.PIECEWISE_BEZIER_KNOTS.);
#7026 = CARTESIAN_POINT('',(-1.570796326795,1.570796326795));
#7027 = CARTESIAN_POINT('',(-1.570796326795,0.));
#7028 = ( GEOMETRIC_REPRESENTATION_CONTEXT(2) 
PARAMETRIC_REPRESENTATION_CONTEXT() REPRESENTATION_CONTEXT('2D SPACE',''
  ) );
#7029 = ORIENTED_EDGE('',*,*,#7030,.F.);
#7030 = EDGE_CURVE('',#7031,#7003,#7033,.T.);
#7031 = VERTEX_POINT('',#7032);
#7032 = CARTESIAN_POINT('',(90.1,193.2,17.5));
#7033 = SURFACE_CURVE('',#7034,(#7038,#7045),.PCURVE_S1.);
#7034 = LINE('',#7035,#7036);
#7035 = CARTESIAN_POINT('',(90.,193.2,17.5));
#7036 = VECTOR('',#7037,1.);
#7037 = DIRECTION('',(1.,0.,-0.));
#7038 = PCURVE('',#2005,#7039);
#7039 = DEFINITIONAL_REPRESENTATION('',(#7040),#7044);
#7040 = LINE('',#7041,#7042);
#7041 = CARTESIAN_POINT('',(0.,2.4));
#7042 = VECTOR('',#7043,1.);
#7043 = DIRECTION('',(1.,0.));
#7044 = ( GEOMETRIC_REPRESENTATION_CONTEXT(2) 
PARAMETRIC_REPRESENTATION_CONTEXT() REPRESENTATION_CONTEXT('2D SPACE',''
  ) );
#7045 = PCURVE('',#6470,#7046);
#7046 = DEFINITIONAL_REPRESENTATION('',(#7047),#7051);
#7047 = LINE('',#7048,#7049);
#7048 = CARTESIAN_POINT('',(17.5,0.));
#7049 = VECTOR('',#7050,1.);
#7050 = DIRECTION('',(0.,1.));
#7051 = ( GEOMETRIC_REPRESENTATION_CONTEXT(2) 
PARAMETRIC_REPRESENTATION_CONTEXT() REPRESENTATION_CONTEXT('2D SPACE',''
  ) );
#7052 = ORIENTED_EDGE('',*,*,#7053,.T.);
#7053 = EDGE_CURVE('',#7031,#6821,#7054,.T.);
#7054 = SURFACE_CURVE('',#7055,(#7059,#7066),.PCURVE_S1.);
#7055 = LINE('',#7056,#7057);
#7056 = CARTESIAN_POINT('',(90.1,190.6,17.5));
#7057 = VECTOR('',#7058,1.);
#7058 = DIRECTION('',(-0.,1.,0.));
#7059 = PCURVE('',#2005,#7060);
#7060 = DEFINITIONAL_REPRESENTATION('',(#7061),#7065);
#7061 = LINE('',#7062,#7063);
#7062 = CARTESIAN_POINT('',(9.999999999999E-02,-0.2));
#7063 = VECTOR('',#7064,1.);
#7064 = DIRECTION('',(0.,1.));
#7065 = ( GEOMETRIC_REPRESENTATION_CONTEXT(2) 
PARAMETRIC_REPRESENTATION_CONTEXT() REPRESENTATION_CONTEXT('2D SPACE',''
  ) );
#7066 = PCURVE('',#6859,#7067);
#7067 = DEFINITIONAL_REPRESENTATION('',(#7068),#7072);
#7068 = LINE('',#7069,#7070);
#7069 = CARTESIAN_POINT('',(18.5,-0.2));
#7070 = VECTOR('',#7071,1.);
#7071 = DIRECTION('',(0.,-1.));
#7072 = ( GEOMETRIC_REPRESENTATION_CONTEXT(2) 
PARAMETRIC_REPRESENTATION_CONTEXT() REPRESENTATION_CONTEXT('2D SPACE',''
  ) );
#7073 = ORIENTED_EDGE('',*,*,#6820,.T.);
#7074 = ADVANCED_FACE('',(#7075),#2033,.F.);
#7075 = FACE_BOUND('',#7076,.F.);
#7076 = EDGE_LOOP('',(#7077,#7078,#7101,#7129,#7157,#7178,#7179,#7180,
    #7208));
#7077 = ORIENTED_EDGE('',*,*,#6403,.F.);
#7078 = ORIENTED_EDGE('',*,*,#7079,.T.);
#7079 = EDGE_CURVE('',#6376,#7080,#7082,.T.);
#7080 = VERTEX_POINT('',#7081);
#7081 = CARTESIAN_POINT('',(90.2,190.7,3.4));
#7082 = SURFACE_CURVE('',#7083,(#7087,#7094),.PCURVE_S1.);
#7083 = LINE('',#7084,#7085);
#7084 = CARTESIAN_POINT('',(90.2,190.7,0.));
#7085 = VECTOR('',#7086,1.);
#7086 = DIRECTION('',(0.,0.,1.));
#7087 = PCURVE('',#2033,#7088);
#7088 = DEFINITIONAL_REPRESENTATION('',(#7089),#7093);
#7089 = LINE('',#7090,#7091);
#7090 = CARTESIAN_POINT('',(0.,0.2));
#7091 = VECTOR('',#7092,1.);
#7092 = DIRECTION('',(1.,0.));
#7093 = ( GEOMETRIC_REPRESENTATION_CONTEXT(2) 
PARAMETRIC_REPRESENTATION_CONTEXT() REPRESENTATION_CONTEXT('2D SPACE',''
  ) );
#7094 = PCURVE('',#6391,#7095);
#7095 = DEFINITIONAL_REPRESENTATION('',(#7096),#7100);
#7096 = LINE('',#7097,#7098);
#7097 = CARTESIAN_POINT('',(0.,-190.7));
#7098 = VECTOR('',#7099,1.);
#7099 = DIRECTION('',(1.,0.));
#7100 = ( GEOMETRIC_REPRESENTATION_CONTEXT(2) 
PARAMETRIC_REPRESENTATION_CONTEXT() REPRESENTATION_CONTEXT('2D SPACE',''
  ) );
#7101 = ORIENTED_EDGE('',*,*,#7102,.T.);
#7102 = EDGE_CURVE('',#7080,#7103,#7105,.T.);
#7103 = VERTEX_POINT('',#7104);
#7104 = CARTESIAN_POINT('',(90.1,190.7,3.4));
#7105 = SURFACE_CURVE('',#7106,(#7110,#7117),.PCURVE_S1.);
#7106 = LINE('',#7107,#7108);
#7107 = CARTESIAN_POINT('',(50.6,190.7,3.4));
#7108 = VECTOR('',#7109,1.);
#7109 = DIRECTION('',(-1.,-0.,0.));
#7110 = PCURVE('',#2033,#7111);
#7111 = DEFINITIONAL_REPRESENTATION('',(#7112),#7116);
#7112 = LINE('',#7113,#7114);
#7113 = CARTESIAN_POINT('',(3.4,-39.4));
#7114 = VECTOR('',#7115,1.);
#7115 = DIRECTION('',(0.,-1.));
#7116 = ( GEOMETRIC_REPRESENTATION_CONTEXT(2) 
PARAMETRIC_REPRESENTATION_CONTEXT() REPRESENTATION_CONTEXT('2D SPACE',''
  ) );
#7117 = PCURVE('',#7118,#7123);
#7118 = PLANE('',#7119);
#7119 = AXIS2_PLACEMENT_3D('',#7120,#7121,#7122);
#7120 = CARTESIAN_POINT('',(11.2,2.4,3.4));
#7121 = DIRECTION('',(0.,0.,1.));
#7122 = DIRECTION('',(1.,0.,-0.));
#7123 = DEFINITIONAL_REPRESENTATION('',(#7124),#7128);
#7124 = LINE('',#7125,#7126);
#7125 = CARTESIAN_POINT('',(39.4,188.3));
#7126 = VECTOR('',#7127,1.);
#7127 = DIRECTION('',(-1.,0.));
#7128 = ( GEOMETRIC_REPRESENTATION_CONTEXT(2) 
PARAMETRIC_REPRESENTATION_CONTEXT() REPRESENTATION_CONTEXT('2D SPACE',''
  ) );
#7129 = ORIENTED_EDGE('',*,*,#7130,.T.);
#7130 = EDGE_CURVE('',#7103,#7131,#7133,.T.);
#7131 = VERTEX_POINT('',#7132);
#7132 = CARTESIAN_POINT('',(90.1,190.7,11.5));
#7133 = SURFACE_CURVE('',#7134,(#7138,#7145),.PCURVE_S1.);
#7134 = LINE('',#7135,#7136);
#7135 = CARTESIAN_POINT('',(90.1,190.7,-0.5));
#7136 = VECTOR('',#7137,1.);
#7137 = DIRECTION('',(0.,0.,1.));
#7138 = PCURVE('',#2033,#7139);
#7139 = DEFINITIONAL_REPRESENTATION('',(#7140),#7144);
#7140 = LINE('',#7141,#7142);
#7141 = CARTESIAN_POINT('',(-0.5,9.999999999999E-02));
#7142 = VECTOR('',#7143,1.);
#7143 = DIRECTION('',(1.,0.));
#7144 = ( GEOMETRIC_REPRESENTATION_CONTEXT(2) 
PARAMETRIC_REPRESENTATION_CONTEXT() REPRESENTATION_CONTEXT('2D SPACE',''
  ) );
#7145 = PCURVE('',#7146,#7151);
#7146 = PLANE('',#7147);
#7147 = AXIS2_PLACEMENT_3D('',#7148,#7149,#7150);
#7148 = CARTESIAN_POINT('',(90.1,190.4,-1.));
#7149 = DIRECTION('',(1.,0.,-0.));
#7150 = DIRECTION('',(0.,0.,1.));
#7151 = DEFINITIONAL_REPRESENTATION('',(#7152),#7156);
#7152 = LINE('',#7153,#7154);
#7153 = CARTESIAN_POINT('',(0.5,-0.3));
#7154 = VECTOR('',#7155,1.);
#7155 = DIRECTION('',(1.,0.));
#7156 = ( GEOMETRIC_REPRESENTATION_CONTEXT(2) 
PARAMETRIC_REPRESENTATION_CONTEXT() REPRESENTATION_CONTEXT('2D SPACE',''
  ) );
#7157 = ORIENTED_EDGE('',*,*,#7158,.T.);
#7158 = EDGE_CURVE('',#7131,#2018,#7159,.T.);
#7159 = SURFACE_CURVE('',#7160,(#7164,#7171),.PCURVE_S1.);
#7160 = LINE('',#7161,#7162);
#7161 = CARTESIAN_POINT('',(44.5,190.7,11.5));
#7162 = VECTOR('',#7163,1.);
#7163 = DIRECTION('',(-1.,-0.,0.));
#7164 = PCURVE('',#2033,#7165);
#7165 = DEFINITIONAL_REPRESENTATION('',(#7166),#7170);
#7166 = LINE('',#7167,#7168);
#7167 = CARTESIAN_POINT('',(11.5,-45.5));
#7168 = VECTOR('',#7169,1.);
#7169 = DIRECTION('',(0.,-1.));
#7170 = ( GEOMETRIC_REPRESENTATION_CONTEXT(2) 
PARAMETRIC_REPRESENTATION_CONTEXT() REPRESENTATION_CONTEXT('2D SPACE',''
  ) );
#7171 = PCURVE('',#2061,#7172);
#7172 = DEFINITIONAL_REPRESENTATION('',(#7173),#7177);
#7173 = LINE('',#7174,#7175);
#7174 = CARTESIAN_POINT('',(45.5,191.7));
#7175 = VECTOR('',#7176,1.);
#7176 = DIRECTION('',(-1.,0.));
#7177 = ( GEOMETRIC_REPRESENTATION_CONTEXT(2) 
PARAMETRIC_REPRESENTATION_CONTEXT() REPRESENTATION_CONTEXT('2D SPACE',''
  ) );
#7178 = ORIENTED_EDGE('',*,*,#2017,.T.);
#7179 = ORIENTED_EDGE('',*,*,#6924,.T.);
#7180 = ORIENTED_EDGE('',*,*,#7181,.F.);
#7181 = EDGE_CURVE('',#7182,#6925,#7184,.T.);
#7182 = VERTEX_POINT('',#7183);
#7183 = CARTESIAN_POINT('',(98.,190.7,13.4));
#7184 = SURFACE_CURVE('',#7185,(#7190,#7201),.PCURVE_S1.);
#7185 = CIRCLE('',#7186,4.1);
#7186 = AXIS2_PLACEMENT_3D('',#7187,#7188,#7189);
#7187 = CARTESIAN_POINT('',(98.,190.7,17.5));
#7188 = DIRECTION('',(0.,-1.,0.));
#7189 = DIRECTION('',(2.079637275395E-14,0.,-1.));
#7190 = PCURVE('',#2033,#7191);
#7191 = DEFINITIONAL_REPRESENTATION('',(#7192),#7200);
#7192 = ( BOUNDED_CURVE() B_SPLINE_CURVE(2,(#7193,#7194,#7195,#7196,
#7197,#7198,#7199),.UNSPECIFIED.,.T.,.F.) B_SPLINE_CURVE_WITH_KNOTS((1,2
    ,2,2,2,1),(-2.094395102393,0.,2.094395102393,4.188790204786,
6.28318530718,8.377580409573),.UNSPECIFIED.) CURVE() 
GEOMETRIC_REPRESENTATION_ITEM() RATIONAL_B_SPLINE_CURVE((1.,0.5,1.,0.5,
1.,0.5,1.)) REPRESENTATION_ITEM('') );
#7193 = CARTESIAN_POINT('',(13.4,8.));
#7194 = CARTESIAN_POINT('',(13.4,15.101408311032));
#7195 = CARTESIAN_POINT('',(19.55,11.550704155516));
#7196 = CARTESIAN_POINT('',(25.7,8.));
#7197 = CARTESIAN_POINT('',(19.55,4.449295844484));
#7198 = CARTESIAN_POINT('',(13.4,0.898591688968));
#7199 = CARTESIAN_POINT('',(13.4,8.));
#7200 = ( GEOMETRIC_REPRESENTATION_CONTEXT(2) 
PARAMETRIC_REPRESENTATION_CONTEXT() REPRESENTATION_CONTEXT('2D SPACE',''
  ) );
#7201 = PCURVE('',#6964,#7202);
#7202 = DEFINITIONAL_REPRESENTATION('',(#7203),#7207);
#7203 = LINE('',#7204,#7205);
#7204 = CARTESIAN_POINT('',(3.14159265359,1.570796326795));
#7205 = VECTOR('',#7206,1.);
#7206 = DIRECTION('',(1.,-0.));
#7207 = ( GEOMETRIC_REPRESENTATION_CONTEXT(2) 
PARAMETRIC_REPRESENTATION_CONTEXT() REPRESENTATION_CONTEXT('2D SPACE',''
  ) );
#7208 = ORIENTED_EDGE('',*,*,#7209,.F.);
#7209 = EDGE_CURVE('',#6404,#7182,#7210,.T.);
#7210 = SURFACE_CURVE('',#7211,(#7215,#7222),.PCURVE_S1.);
#7211 = LINE('',#7212,#7213);
#7212 = CARTESIAN_POINT('',(98.,190.7,0.));
#7213 = VECTOR('',#7214,1.);
#7214 = DIRECTION('',(0.,0.,1.));
#7215 = PCURVE('',#2033,#7216);
#7216 = DEFINITIONAL_REPRESENTATION('',(#7217),#7221);
#7217 = LINE('',#7218,#7219);
#7218 = CARTESIAN_POINT('',(0.,8.));
#7219 = VECTOR('',#7220,1.);
#7220 = DIRECTION('',(1.,0.));
#7221 = ( GEOMETRIC_REPRESENTATION_CONTEXT(2) 
PARAMETRIC_REPRESENTATION_CONTEXT() REPRESENTATION_CONTEXT('2D SPACE',''
  ) );
#7222 = PCURVE('',#6442,#7223);
#7223 = DEFINITIONAL_REPRESENTATION('',(#7224),#7228);
#7224 = LINE('',#7225,#7226);
#7225 = CARTESIAN_POINT('',(0.,0.));
#7226 = VECTOR('',#7227,1.);
#7227 = DIRECTION('',(1.,0.));
#7228 = ( GEOMETRIC_REPRESENTATION_CONTEXT(2) 
PARAMETRIC_REPRESENTATION_CONTEXT() REPRESENTATION_CONTEXT('2D SPACE',''
  ) );
#7229 = ADVANCED_FACE('',(#7230),#2061,.T.);
#7230 = FACE_BOUND('',#7231,.T.);
#7231 = EDGE_LOOP('',(#7232,#7257,#7285,#7308,#7329,#7330,#7331,#7332,
    #7355,#7378,#7406,#7429));
#7232 = ORIENTED_EDGE('',*,*,#7233,.F.);
#7233 = EDGE_CURVE('',#7234,#7236,#7238,.T.);
#7234 = VERTEX_POINT('',#7235);
#7235 = CARTESIAN_POINT('',(97.8,9.6,11.5));
#7236 = VERTEX_POINT('',#7237);
#7237 = CARTESIAN_POINT('',(90.1,9.6,11.5));
#7238 = SURFACE_CURVE('',#7239,(#7243,#7250),.PCURVE_S1.);
#7239 = LINE('',#7240,#7241);
#7240 = CARTESIAN_POINT('',(44.55,9.6,11.5));
#7241 = VECTOR('',#7242,1.);
#7242 = DIRECTION('',(-1.,-0.,0.));
#7243 = PCURVE('',#2061,#7244);
#7244 = DEFINITIONAL_REPRESENTATION('',(#7245),#7249);
#7245 = LINE('',#7246,#7247);
#7246 = CARTESIAN_POINT('',(45.55,10.6));
#7247 = VECTOR('',#7248,1.);
#7248 = DIRECTION('',(-1.,0.));
#7249 = ( GEOMETRIC_REPRESENTATION_CONTEXT(2) 
PARAMETRIC_REPRESENTATION_CONTEXT() REPRESENTATION_CONTEXT('2D SPACE',''
  ) );
#7250 = PCURVE('',#6307,#7251);
#7251 = DEFINITIONAL_REPRESENTATION('',(#7252),#7256);
#7252 = LINE('',#7253,#7254);
#7253 = CARTESIAN_POINT('',(12.5,-45.55));
#7254 = VECTOR('',#7255,1.);
#7255 = DIRECTION('',(0.,-1.));
#7256 = ( GEOMETRIC_REPRESENTATION_CONTEXT(2) 
PARAMETRIC_REPRESENTATION_CONTEXT() REPRESENTATION_CONTEXT('2D SPACE',''
  ) );
#7257 = ORIENTED_EDGE('',*,*,#7258,.T.);
#7258 = EDGE_CURVE('',#7234,#7259,#7261,.T.);
#7259 = VERTEX_POINT('',#7260);
#7260 = CARTESIAN_POINT('',(97.8,190.4,11.5));
#7261 = SURFACE_CURVE('',#7262,(#7266,#7273),.PCURVE_S1.);
#7262 = LINE('',#7263,#7264);
#7263 = CARTESIAN_POINT('',(97.8,9.2,11.5));
#7264 = VECTOR('',#7265,1.);
#7265 = DIRECTION('',(0.,1.,0.));
#7266 = PCURVE('',#2061,#7267);
#7267 = DEFINITIONAL_REPRESENTATION('',(#7268),#7272);
#7268 = LINE('',#7269,#7270);
#7269 = CARTESIAN_POINT('',(98.8,10.2));
#7270 = VECTOR('',#7271,1.);
#7271 = DIRECTION('',(0.,1.));
#7272 = ( GEOMETRIC_REPRESENTATION_CONTEXT(2) 
PARAMETRIC_REPRESENTATION_CONTEXT() REPRESENTATION_CONTEXT('2D SPACE',''
  ) );
#7273 = PCURVE('',#7274,#7279);
#7274 = PLANE('',#7275);
#7275 = AXIS2_PLACEMENT_3D('',#7276,#7277,#7278);
#7276 = CARTESIAN_POINT('',(97.8,0.,0.));
#7277 = DIRECTION('',(1.,0.,-0.));
#7278 = DIRECTION('',(0.,0.,1.));
#7279 = DEFINITIONAL_REPRESENTATION('',(#7280),#7284);
#7280 = LINE('',#7281,#7282);
#7281 = CARTESIAN_POINT('',(11.5,-9.2));
#7282 = VECTOR('',#7283,1.);
#7283 = DIRECTION('',(0.,-1.));
#7284 = ( GEOMETRIC_REPRESENTATION_CONTEXT(2) 
PARAMETRIC_REPRESENTATION_CONTEXT() REPRESENTATION_CONTEXT('2D SPACE',''
  ) );
#7285 = ORIENTED_EDGE('',*,*,#7286,.T.);
#7286 = EDGE_CURVE('',#7259,#7287,#7289,.T.);
#7287 = VERTEX_POINT('',#7288);
#7288 = CARTESIAN_POINT('',(90.1,190.4,11.5));
#7289 = SURFACE_CURVE('',#7290,(#7294,#7301),.PCURVE_S1.);
#7290 = LINE('',#7291,#7292);
#7291 = CARTESIAN_POINT('',(44.55,190.4,11.5));
#7292 = VECTOR('',#7293,1.);
#7293 = DIRECTION('',(-1.,-0.,0.));
#7294 = PCURVE('',#2061,#7295);
#7295 = DEFINITIONAL_REPRESENTATION('',(#7296),#7300);
#7296 = LINE('',#7297,#7298);
#7297 = CARTESIAN_POINT('',(45.55,191.4));
#7298 = VECTOR('',#7299,1.);
#7299 = DIRECTION('',(-1.,0.));
#7300 = ( GEOMETRIC_REPRESENTATION_CONTEXT(2) 
PARAMETRIC_REPRESENTATION_CONTEXT() REPRESENTATION_CONTEXT('2D SPACE',''
  ) );
#7301 = PCURVE('',#6363,#7302);
#7302 = DEFINITIONAL_REPRESENTATION('',(#7303),#7307);
#7303 = LINE('',#7304,#7305);
#7304 = CARTESIAN_POINT('',(12.5,-45.55));
#7305 = VECTOR('',#7306,1.);
#7306 = DIRECTION('',(0.,-1.));
#7307 = ( GEOMETRIC_REPRESENTATION_CONTEXT(2) 
PARAMETRIC_REPRESENTATION_CONTEXT() REPRESENTATION_CONTEXT('2D SPACE',''
  ) );
#7308 = ORIENTED_EDGE('',*,*,#7309,.T.);
#7309 = EDGE_CURVE('',#7287,#7131,#7310,.T.);
#7310 = SURFACE_CURVE('',#7311,(#7315,#7322),.PCURVE_S1.);
#7311 = LINE('',#7312,#7313);
#7312 = CARTESIAN_POINT('',(90.1,94.7,11.5));
#7313 = VECTOR('',#7314,1.);
#7314 = DIRECTION('',(-0.,1.,0.));
#7315 = PCURVE('',#2061,#7316);
#7316 = DEFINITIONAL_REPRESENTATION('',(#7317),#7321);
#7317 = LINE('',#7318,#7319);
#7318 = CARTESIAN_POINT('',(91.1,95.7));
#7319 = VECTOR('',#7320,1.);
#7320 = DIRECTION('',(0.,1.));
#7321 = ( GEOMETRIC_REPRESENTATION_CONTEXT(2) 
PARAMETRIC_REPRESENTATION_CONTEXT() REPRESENTATION_CONTEXT('2D SPACE',''
  ) );
#7322 = PCURVE('',#7146,#7323);
#7323 = DEFINITIONAL_REPRESENTATION('',(#7324),#7328);
#7324 = LINE('',#7325,#7326);
#7325 = CARTESIAN_POINT('',(12.5,95.7));
#7326 = VECTOR('',#7327,1.);
#7327 = DIRECTION('',(0.,-1.));
#7328 = ( GEOMETRIC_REPRESENTATION_CONTEXT(2) 
PARAMETRIC_REPRESENTATION_CONTEXT() REPRESENTATION_CONTEXT('2D SPACE',''
  ) );
#7329 = ORIENTED_EDGE('',*,*,#7158,.T.);
#7330 = ORIENTED_EDGE('',*,*,#2045,.F.);
#7331 = ORIENTED_EDGE('',*,*,#2123,.F.);
#7332 = ORIENTED_EDGE('',*,*,#7333,.F.);
#7333 = EDGE_CURVE('',#7334,#2124,#7336,.T.);
#7334 = VERTEX_POINT('',#7335);
#7335 = CARTESIAN_POINT('',(89.5,6.55,11.5));
#7336 = SURFACE_CURVE('',#7337,(#7341,#7348),.PCURVE_S1.);
#7337 = LINE('',#7338,#7339);
#7338 = CARTESIAN_POINT('',(89.5,0.7,11.5));
#7339 = VECTOR('',#7340,1.);
#7340 = DIRECTION('',(-0.,1.,0.));
#7341 = PCURVE('',#2061,#7342);
#7342 = DEFINITIONAL_REPRESENTATION('',(#7343),#7347);
#7343 = LINE('',#7344,#7345);
#7344 = CARTESIAN_POINT('',(90.5,1.7));
#7345 = VECTOR('',#7346,1.);
#7346 = DIRECTION('',(0.,1.));
#7347 = ( GEOMETRIC_REPRESENTATION_CONTEXT(2) 
PARAMETRIC_REPRESENTATION_CONTEXT() REPRESENTATION_CONTEXT('2D SPACE',''
  ) );
#7348 = PCURVE('',#2162,#7349);
#7349 = DEFINITIONAL_REPRESENTATION('',(#7350),#7354);
#7350 = LINE('',#7351,#7352);
#7351 = CARTESIAN_POINT('',(9.3,1.7));
#7352 = VECTOR('',#7353,1.);
#7353 = DIRECTION('',(0.,-1.));
#7354 = ( GEOMETRIC_REPRESENTATION_CONTEXT(2) 
PARAMETRIC_REPRESENTATION_CONTEXT() REPRESENTATION_CONTEXT('2D SPACE',''
  ) );
#7355 = ORIENTED_EDGE('',*,*,#7356,.F.);
#7356 = EDGE_CURVE('',#7357,#7334,#7359,.T.);
#7357 = VERTEX_POINT('',#7358);
#7358 = CARTESIAN_POINT('',(90.,6.55,11.5));
#7359 = SURFACE_CURVE('',#7360,(#7364,#7371),.PCURVE_S1.);
#7360 = LINE('',#7361,#7362);
#7361 = CARTESIAN_POINT('',(48.5,6.55,11.5));
#7362 = VECTOR('',#7363,1.);
#7363 = DIRECTION('',(-1.,0.,0.));
#7364 = PCURVE('',#2061,#7365);
#7365 = DEFINITIONAL_REPRESENTATION('',(#7366),#7370);
#7366 = LINE('',#7367,#7368);
#7367 = CARTESIAN_POINT('',(49.5,7.55));
#7368 = VECTOR('',#7369,1.);
#7369 = DIRECTION('',(-1.,0.));
#7370 = ( GEOMETRIC_REPRESENTATION_CONTEXT(2) 
PARAMETRIC_REPRESENTATION_CONTEXT() REPRESENTATION_CONTEXT('2D SPACE',''
  ) );
#7371 = PCURVE('',#3427,#7372);
#7372 = DEFINITIONAL_REPRESENTATION('',(#7373),#7377);
#7373 = LINE('',#7374,#7375);
#7374 = CARTESIAN_POINT('',(-6.,-49.5));
#7375 = VECTOR('',#7376,1.);
#7376 = DIRECTION('',(0.,-1.));
#7377 = ( GEOMETRIC_REPRESENTATION_CONTEXT(2) 
PARAMETRIC_REPRESENTATION_CONTEXT() REPRESENTATION_CONTEXT('2D SPACE',''
  ) );
#7378 = ORIENTED_EDGE('',*,*,#7379,.T.);
#7379 = EDGE_CURVE('',#7357,#7380,#7382,.T.);
#7380 = VERTEX_POINT('',#7381);
#7381 = CARTESIAN_POINT('',(90.,9.3,11.5));
#7382 = SURFACE_CURVE('',#7383,(#7387,#7394),.PCURVE_S1.);
#7383 = LINE('',#7384,#7385);
#7384 = CARTESIAN_POINT('',(90.,4.9,11.5));
#7385 = VECTOR('',#7386,1.);
#7386 = DIRECTION('',(0.,1.,0.));
#7387 = PCURVE('',#2061,#7388);
#7388 = DEFINITIONAL_REPRESENTATION('',(#7389),#7393);
#7389 = LINE('',#7390,#7391);
#7390 = CARTESIAN_POINT('',(91.,5.9));
#7391 = VECTOR('',#7392,1.);
#7392 = DIRECTION('',(0.,1.));
#7393 = ( GEOMETRIC_REPRESENTATION_CONTEXT(2) 
PARAMETRIC_REPRESENTATION_CONTEXT() REPRESENTATION_CONTEXT('2D SPACE',''
  ) );
#7394 = PCURVE('',#7395,#7400);
#7395 = PLANE('',#7396);
#7396 = AXIS2_PLACEMENT_3D('',#7397,#7398,#7399);
#7397 = CARTESIAN_POINT('',(90.,6.8,0.));
#7398 = DIRECTION('',(1.,0.,-0.));
#7399 = DIRECTION('',(0.,0.,1.));
#7400 = DEFINITIONAL_REPRESENTATION('',(#7401),#7405);
#7401 = LINE('',#7402,#7403);
#7402 = CARTESIAN_POINT('',(11.5,1.9));
#7403 = VECTOR('',#7404,1.);
#7404 = DIRECTION('',(0.,-1.));
#7405 = ( GEOMETRIC_REPRESENTATION_CONTEXT(2) 
PARAMETRIC_REPRESENTATION_CONTEXT() REPRESENTATION_CONTEXT('2D SPACE',''
  ) );
#7406 = ORIENTED_EDGE('',*,*,#7407,.F.);
#7407 = EDGE_CURVE('',#7408,#7380,#7410,.T.);
#7408 = VERTEX_POINT('',#7409);
#7409 = CARTESIAN_POINT('',(90.1,9.3,11.5));
#7410 = SURFACE_CURVE('',#7411,(#7415,#7422),.PCURVE_S1.);
#7411 = LINE('',#7412,#7413);
#7412 = CARTESIAN_POINT('',(44.5,9.3,11.5));
#7413 = VECTOR('',#7414,1.);
#7414 = DIRECTION('',(-1.,-0.,0.));
#7415 = PCURVE('',#2061,#7416);
#7416 = DEFINITIONAL_REPRESENTATION('',(#7417),#7421);
#7417 = LINE('',#7418,#7419);
#7418 = CARTESIAN_POINT('',(45.5,10.3));
#7419 = VECTOR('',#7420,1.);
#7420 = DIRECTION('',(-1.,0.));
#7421 = ( GEOMETRIC_REPRESENTATION_CONTEXT(2) 
PARAMETRIC_REPRESENTATION_CONTEXT() REPRESENTATION_CONTEXT('2D SPACE',''
  ) );
#7422 = PCURVE('',#6251,#7423);
#7423 = DEFINITIONAL_REPRESENTATION('',(#7424),#7428);
#7424 = LINE('',#7425,#7426);
#7425 = CARTESIAN_POINT('',(11.5,-45.5));
#7426 = VECTOR('',#7427,1.);
#7427 = DIRECTION('',(0.,-1.));
#7428 = ( GEOMETRIC_REPRESENTATION_CONTEXT(2) 
PARAMETRIC_REPRESENTATION_CONTEXT() REPRESENTATION_CONTEXT('2D SPACE',''
  ) );
#7429 = ORIENTED_EDGE('',*,*,#7430,.T.);
#7430 = EDGE_CURVE('',#7408,#7236,#7431,.T.);
#7431 = SURFACE_CURVE('',#7432,(#7436,#7443),.PCURVE_S1.);
#7432 = LINE('',#7433,#7434);
#7433 = CARTESIAN_POINT('',(90.1,-0.55,11.5));
#7434 = VECTOR('',#7435,1.);
#7435 = DIRECTION('',(-0.,1.,0.));
#7436 = PCURVE('',#2061,#7437);
#7437 = DEFINITIONAL_REPRESENTATION('',(#7438),#7442);
#7438 = LINE('',#7439,#7440);
#7439 = CARTESIAN_POINT('',(91.1,0.45));
#7440 = VECTOR('',#7441,1.);
#7441 = DIRECTION('',(0.,1.));
#7442 = ( GEOMETRIC_REPRESENTATION_CONTEXT(2) 
PARAMETRIC_REPRESENTATION_CONTEXT() REPRESENTATION_CONTEXT('2D SPACE',''
  ) );
#7443 = PCURVE('',#7444,#7449);
#7444 = PLANE('',#7445);
#7445 = AXIS2_PLACEMENT_3D('',#7446,#7447,#7448);
#7446 = CARTESIAN_POINT('',(90.1,-0.1,-1.));
#7447 = DIRECTION('',(1.,0.,-0.));
#7448 = DIRECTION('',(0.,0.,1.));
#7449 = DEFINITIONAL_REPRESENTATION('',(#7450),#7454);
#7450 = LINE('',#7451,#7452);
#7451 = CARTESIAN_POINT('',(12.5,0.45));
#7452 = VECTOR('',#7453,1.);
#7453 = DIRECTION('',(0.,-1.));
#7454 = ( GEOMETRIC_REPRESENTATION_CONTEXT(2) 
PARAMETRIC_REPRESENTATION_CONTEXT() REPRESENTATION_CONTEXT('2D SPACE',''
  ) );
#7455 = ADVANCED_FACE('',(#7456),#2162,.F.);
#7456 = FACE_BOUND('',#7457,.F.);
#7457 = EDGE_LOOP('',(#7458,#7479,#7480,#7481));
#7458 = ORIENTED_EDGE('',*,*,#7459,.F.);
#7459 = EDGE_CURVE('',#3412,#7334,#7460,.T.);
#7460 = SURFACE_CURVE('',#7461,(#7465,#7472),.PCURVE_S1.);
#7461 = LINE('',#7462,#7463);
#7462 = CARTESIAN_POINT('',(89.5,6.55,9.85));
#7463 = VECTOR('',#7464,1.);
#7464 = DIRECTION('',(0.,-0.,1.));
#7465 = PCURVE('',#2162,#7466);
#7466 = DEFINITIONAL_REPRESENTATION('',(#7467),#7471);
#7467 = LINE('',#7468,#7469);
#7468 = CARTESIAN_POINT('',(7.65,-4.15));
#7469 = VECTOR('',#7470,1.);
#7470 = DIRECTION('',(1.,0.));
#7471 = ( GEOMETRIC_REPRESENTATION_CONTEXT(2) 
PARAMETRIC_REPRESENTATION_CONTEXT() REPRESENTATION_CONTEXT('2D SPACE',''
  ) );
#7472 = PCURVE('',#3427,#7473);
#7473 = DEFINITIONAL_REPRESENTATION('',(#7474),#7478);
#7474 = LINE('',#7475,#7476);
#7475 = CARTESIAN_POINT('',(-7.65,-8.5));
#7476 = VECTOR('',#7477,1.);
#7477 = DIRECTION('',(1.,0.));
#7478 = ( GEOMETRIC_REPRESENTATION_CONTEXT(2) 
PARAMETRIC_REPRESENTATION_CONTEXT() REPRESENTATION_CONTEXT('2D SPACE',''
  ) );
#7479 = ORIENTED_EDGE('',*,*,#3439,.F.);
#7480 = ORIENTED_EDGE('',*,*,#2146,.T.);
#7481 = ORIENTED_EDGE('',*,*,#7333,.F.);
#7482 = ADVANCED_FACE('',(#7483),#2289,.T.);
#7483 = FACE_BOUND('',#7484,.T.);
#7484 = EDGE_LOOP('',(#7485,#7486,#7487,#7488));
#7485 = ORIENTED_EDGE('',*,*,#3221,.F.);
#7486 = ORIENTED_EDGE('',*,*,#2273,.F.);
#7487 = ORIENTED_EDGE('',*,*,#5963,.T.);
#7488 = ORIENTED_EDGE('',*,*,#7489,.T.);
#7489 = EDGE_CURVE('',#5964,#3222,#7490,.T.);
#7490 = SURFACE_CURVE('',#7491,(#7495,#7502),.PCURVE_S1.);
#7491 = LINE('',#7492,#7493);
#7492 = CARTESIAN_POINT('',(90.2,0.3,0.));
#7493 = VECTOR('',#7494,1.);
#7494 = DIRECTION('',(0.,0.,1.));
#7495 = PCURVE('',#2289,#7496);
#7496 = DEFINITIONAL_REPRESENTATION('',(#7497),#7501);
#7497 = LINE('',#7498,#7499);
#7498 = CARTESIAN_POINT('',(0.,-0.3));
#7499 = VECTOR('',#7500,1.);
#7500 = DIRECTION('',(1.,0.));
#7501 = ( GEOMETRIC_REPRESENTATION_CONTEXT(2) 
PARAMETRIC_REPRESENTATION_CONTEXT() REPRESENTATION_CONTEXT('2D SPACE',''
  ) );
#7502 = PCURVE('',#3260,#7503);
#7503 = DEFINITIONAL_REPRESENTATION('',(#7504),#7508);
#7504 = LINE('',#7505,#7506);
#7505 = CARTESIAN_POINT('',(0.,0.2));
#7506 = VECTOR('',#7507,1.);
#7507 = DIRECTION('',(1.,0.));
#7508 = ( GEOMETRIC_REPRESENTATION_CONTEXT(2) 
PARAMETRIC_REPRESENTATION_CONTEXT() REPRESENTATION_CONTEXT('2D SPACE',''
  ) );
#7509 = ADVANCED_FACE('',(#7510),#2238,.T.);
#7510 = FACE_BOUND('',#7511,.T.);
#7511 = EDGE_LOOP('',(#7512,#7513,#7514,#7515));
#7512 = ORIENTED_EDGE('',*,*,#2327,.F.);
#7513 = ORIENTED_EDGE('',*,*,#2222,.T.);
#7514 = ORIENTED_EDGE('',*,*,#3199,.F.);
#7515 = ORIENTED_EDGE('',*,*,#7516,.F.);
#7516 = EDGE_CURVE('',#2328,#3177,#7517,.T.);
#7517 = SURFACE_CURVE('',#7518,(#7522,#7529),.PCURVE_S1.);
#7518 = LINE('',#7519,#7520);
#7519 = CARTESIAN_POINT('',(90.1,5.E-02,8.25));
#7520 = VECTOR('',#7521,1.);
#7521 = DIRECTION('',(-0.,0.,-1.));
#7522 = PCURVE('',#2238,#7523);
#7523 = DEFINITIONAL_REPRESENTATION('',(#7524),#7528);
#7524 = LINE('',#7525,#7526);
#7525 = CARTESIAN_POINT('',(9.25,-0.15));
#7526 = VECTOR('',#7527,1.);
#7527 = DIRECTION('',(-1.,-0.));
#7528 = ( GEOMETRIC_REPRESENTATION_CONTEXT(2) 
PARAMETRIC_REPRESENTATION_CONTEXT() REPRESENTATION_CONTEXT('2D SPACE',''
  ) );
#7529 = PCURVE('',#2370,#7530);
#7530 = DEFINITIONAL_REPRESENTATION('',(#7531),#7535);
#7531 = LINE('',#7532,#7533);
#7532 = CARTESIAN_POINT('',(-9.25,-7.9));
#7533 = VECTOR('',#7534,1.);
#7534 = DIRECTION('',(-1.,0.));
#7535 = ( GEOMETRIC_REPRESENTATION_CONTEXT(2) 
PARAMETRIC_REPRESENTATION_CONTEXT() REPRESENTATION_CONTEXT('2D SPACE',''
  ) );
#7536 = ADVANCED_FACE('',(#7537),#2416,.F.);
#7537 = FACE_BOUND('',#7538,.F.);
#7538 = EDGE_LOOP('',(#7539,#7540,#7541,#7563,#7564,#7565,#7566));
#7539 = ORIENTED_EDGE('',*,*,#2615,.F.);
#7540 = ORIENTED_EDGE('',*,*,#3154,.F.);
#7541 = ORIENTED_EDGE('',*,*,#7542,.T.);
#7542 = EDGE_CURVE('',#3155,#2356,#7543,.T.);
#7543 = SURFACE_CURVE('',#7544,(#7549,#7556),.PCURVE_S1.);
#7544 = CIRCLE('',#7545,19.691881404894);
#7545 = AXIS2_PLACEMENT_3D('',#7546,#7547,#7548);
#7546 = CARTESIAN_POINT('',(98.,5.E-02,17.5));
#7547 = DIRECTION('',(0.,1.,0.));
#7548 = DIRECTION('',(0.,-0.,1.));
#7549 = PCURVE('',#2416,#7550);
#7550 = DEFINITIONAL_REPRESENTATION('',(#7551),#7555);
#7551 = LINE('',#7552,#7553);
#7552 = CARTESIAN_POINT('',(0.,0.));
#7553 = VECTOR('',#7554,1.);
#7554 = DIRECTION('',(1.,0.));
#7555 = ( GEOMETRIC_REPRESENTATION_CONTEXT(2) 
PARAMETRIC_REPRESENTATION_CONTEXT() REPRESENTATION_CONTEXT('2D SPACE',''
  ) );
#7556 = PCURVE('',#2370,#7557);
#7557 = DEFINITIONAL_REPRESENTATION('',(#7558),#7562);
#7558 = CIRCLE('',#7559,19.691881404894);
#7559 = AXIS2_PLACEMENT_2D('',#7560,#7561);
#7560 = CARTESIAN_POINT('',(0.,0.));
#7561 = DIRECTION('',(1.,0.));
#7562 = ( GEOMETRIC_REPRESENTATION_CONTEXT(2) 
PARAMETRIC_REPRESENTATION_CONTEXT() REPRESENTATION_CONTEXT('2D SPACE',''
  ) );
#7563 = ORIENTED_EDGE('',*,*,#2382,.F.);
#7564 = ORIENTED_EDGE('',*,*,#2486,.T.);
#7565 = ORIENTED_EDGE('',*,*,#2561,.T.);
#7566 = ORIENTED_EDGE('',*,*,#2534,.T.);
#7567 = ADVANCED_FACE('',(#7568),#2370,.T.);
#7568 = FACE_BOUND('',#7569,.T.);
#7569 = EDGE_LOOP('',(#7570,#7571,#7572,#7573));
#7570 = ORIENTED_EDGE('',*,*,#3176,.F.);
#7571 = ORIENTED_EDGE('',*,*,#7542,.T.);
#7572 = ORIENTED_EDGE('',*,*,#2355,.F.);
#7573 = ORIENTED_EDGE('',*,*,#7516,.T.);
#7574 = ADVANCED_FACE('',(#7575),#3427,.F.);
#7575 = FACE_BOUND('',#7576,.F.);
#7576 = EDGE_LOOP('',(#7577,#7578,#7600,#7601,#7602,#7603,#7626,#7654,
    #7682,#7710));
#7577 = ORIENTED_EDGE('',*,*,#6128,.T.);
#7578 = ORIENTED_EDGE('',*,*,#7579,.T.);
#7579 = EDGE_CURVE('',#6107,#3385,#7580,.T.);
#7580 = SURFACE_CURVE('',#7581,(#7586,#7593),.PCURVE_S1.);
#7581 = CIRCLE('',#7582,19.691881404894);
#7582 = AXIS2_PLACEMENT_3D('',#7583,#7584,#7585);
#7583 = CARTESIAN_POINT('',(98.,6.55,17.5));
#7584 = DIRECTION('',(0.,1.,0.));
#7585 = DIRECTION('',(0.,-0.,1.));
#7586 = PCURVE('',#3427,#7587);
#7587 = DEFINITIONAL_REPRESENTATION('',(#7588),#7592);
#7588 = CIRCLE('',#7589,19.691881404894);
#7589 = AXIS2_PLACEMENT_2D('',#7590,#7591);
#7590 = CARTESIAN_POINT('',(0.,0.));
#7591 = DIRECTION('',(1.,0.));
#7592 = ( GEOMETRIC_REPRESENTATION_CONTEXT(2) 
PARAMETRIC_REPRESENTATION_CONTEXT() REPRESENTATION_CONTEXT('2D SPACE',''
  ) );
#7593 = PCURVE('',#3400,#7594);
#7594 = DEFINITIONAL_REPRESENTATION('',(#7595),#7599);
#7595 = LINE('',#7596,#7597);
#7596 = CARTESIAN_POINT('',(0.,3.5));
#7597 = VECTOR('',#7598,1.);
#7598 = DIRECTION('',(1.,0.));
#7599 = ( GEOMETRIC_REPRESENTATION_CONTEXT(2) 
PARAMETRIC_REPRESENTATION_CONTEXT() REPRESENTATION_CONTEXT('2D SPACE',''
  ) );
#7600 = ORIENTED_EDGE('',*,*,#3411,.F.);
#7601 = ORIENTED_EDGE('',*,*,#7459,.T.);
#7602 = ORIENTED_EDGE('',*,*,#7356,.F.);
#7603 = ORIENTED_EDGE('',*,*,#7604,.T.);
#7604 = EDGE_CURVE('',#7357,#7605,#7607,.T.);
#7605 = VERTEX_POINT('',#7606);
#7606 = CARTESIAN_POINT('',(90.,6.55,17.5));
#7607 = SURFACE_CURVE('',#7608,(#7612,#7619),.PCURVE_S1.);
#7608 = LINE('',#7609,#7610);
#7609 = CARTESIAN_POINT('',(90.,6.55,8.75));
#7610 = VECTOR('',#7611,1.);
#7611 = DIRECTION('',(0.,-0.,1.));
#7612 = PCURVE('',#3427,#7613);
#7613 = DEFINITIONAL_REPRESENTATION('',(#7614),#7618);
#7614 = LINE('',#7615,#7616);
#7615 = CARTESIAN_POINT('',(-8.75,-8.));
#7616 = VECTOR('',#7617,1.);
#7617 = DIRECTION('',(1.,0.));
#7618 = ( GEOMETRIC_REPRESENTATION_CONTEXT(2) 
PARAMETRIC_REPRESENTATION_CONTEXT() REPRESENTATION_CONTEXT('2D SPACE',''
  ) );
#7619 = PCURVE('',#7395,#7620);
#7620 = DEFINITIONAL_REPRESENTATION('',(#7621),#7625);
#7621 = LINE('',#7622,#7623);
#7622 = CARTESIAN_POINT('',(8.75,0.25));
#7623 = VECTOR('',#7624,1.);
#7624 = DIRECTION('',(1.,0.));
#7625 = ( GEOMETRIC_REPRESENTATION_CONTEXT(2) 
PARAMETRIC_REPRESENTATION_CONTEXT() REPRESENTATION_CONTEXT('2D SPACE',''
  ) );
#7626 = ORIENTED_EDGE('',*,*,#7627,.F.);
#7627 = EDGE_CURVE('',#7628,#7605,#7630,.T.);
#7628 = VERTEX_POINT('',#7629);
#7629 = CARTESIAN_POINT('',(90.1,6.55,17.5));
#7630 = SURFACE_CURVE('',#7631,(#7635,#7642),.PCURVE_S1.);
#7631 = LINE('',#7632,#7633);
#7632 = CARTESIAN_POINT('',(94.,6.55,17.5));
#7633 = VECTOR('',#7634,1.);
#7634 = DIRECTION('',(-1.,0.,0.));
#7635 = PCURVE('',#3427,#7636);
#7636 = DEFINITIONAL_REPRESENTATION('',(#7637),#7641);
#7637 = LINE('',#7638,#7639);
#7638 = CARTESIAN_POINT('',(0.,-4.));
#7639 = VECTOR('',#7640,1.);
#7640 = DIRECTION('',(0.,-1.));
#7641 = ( GEOMETRIC_REPRESENTATION_CONTEXT(2) 
PARAMETRIC_REPRESENTATION_CONTEXT() REPRESENTATION_CONTEXT('2D SPACE',''
  ) );
#7642 = PCURVE('',#7643,#7648);
#7643 = PLANE('',#7644);
#7644 = AXIS2_PLACEMENT_3D('',#7645,#7646,#7647);
#7645 = CARTESIAN_POINT('',(90.,6.8,17.5));
#7646 = DIRECTION('',(0.,0.,1.));
#7647 = DIRECTION('',(1.,0.,-0.));
#7648 = DEFINITIONAL_REPRESENTATION('',(#7649),#7653);
#7649 = LINE('',#7650,#7651);
#7650 = CARTESIAN_POINT('',(4.,-0.25));
#7651 = VECTOR('',#7652,1.);
#7652 = DIRECTION('',(-1.,0.));
#7653 = ( GEOMETRIC_REPRESENTATION_CONTEXT(2) 
PARAMETRIC_REPRESENTATION_CONTEXT() REPRESENTATION_CONTEXT('2D SPACE',''
  ) );
#7654 = ORIENTED_EDGE('',*,*,#7655,.F.);
#7655 = EDGE_CURVE('',#7656,#7628,#7658,.T.);
#7656 = VERTEX_POINT('',#7657);
#7657 = CARTESIAN_POINT('',(90.1,6.55,3.4));
#7658 = SURFACE_CURVE('',#7659,(#7663,#7670),.PCURVE_S1.);
#7659 = LINE('',#7660,#7661);
#7660 = CARTESIAN_POINT('',(90.1,6.55,8.25));
#7661 = VECTOR('',#7662,1.);
#7662 = DIRECTION('',(0.,-0.,1.));
#7663 = PCURVE('',#3427,#7664);
#7664 = DEFINITIONAL_REPRESENTATION('',(#7665),#7669);
#7665 = LINE('',#7666,#7667);
#7666 = CARTESIAN_POINT('',(-9.25,-7.9));
#7667 = VECTOR('',#7668,1.);
#7668 = DIRECTION('',(1.,0.));
#7669 = ( GEOMETRIC_REPRESENTATION_CONTEXT(2) 
PARAMETRIC_REPRESENTATION_CONTEXT() REPRESENTATION_CONTEXT('2D SPACE',''
  ) );
#7670 = PCURVE('',#7671,#7676);
#7671 = PLANE('',#7672);
#7672 = AXIS2_PLACEMENT_3D('',#7673,#7674,#7675);
#7673 = CARTESIAN_POINT('',(90.1,-0.1,-1.));
#7674 = DIRECTION('',(1.,0.,-0.));
#7675 = DIRECTION('',(0.,0.,1.));
#7676 = DEFINITIONAL_REPRESENTATION('',(#7677),#7681);
#7677 = LINE('',#7678,#7679);
#7678 = CARTESIAN_POINT('',(9.25,-6.65));
#7679 = VECTOR('',#7680,1.);
#7680 = DIRECTION('',(1.,0.));
#7681 = ( GEOMETRIC_REPRESENTATION_CONTEXT(2) 
PARAMETRIC_REPRESENTATION_CONTEXT() REPRESENTATION_CONTEXT('2D SPACE',''
  ) );
#7682 = ORIENTED_EDGE('',*,*,#7683,.F.);
#7683 = EDGE_CURVE('',#7684,#7656,#7686,.T.);
#7684 = VERTEX_POINT('',#7685);
#7685 = CARTESIAN_POINT('',(90.2,6.55,3.4));
#7686 = SURFACE_CURVE('',#7687,(#7691,#7698),.PCURVE_S1.);
#7687 = LINE('',#7688,#7689);
#7688 = CARTESIAN_POINT('',(54.6,6.55,3.4));
#7689 = VECTOR('',#7690,1.);
#7690 = DIRECTION('',(-1.,0.,0.));
#7691 = PCURVE('',#3427,#7692);
#7692 = DEFINITIONAL_REPRESENTATION('',(#7693),#7697);
#7693 = LINE('',#7694,#7695);
#7694 = CARTESIAN_POINT('',(-14.1,-43.4));
#7695 = VECTOR('',#7696,1.);
#7696 = DIRECTION('',(0.,-1.));
#7697 = ( GEOMETRIC_REPRESENTATION_CONTEXT(2) 
PARAMETRIC_REPRESENTATION_CONTEXT() REPRESENTATION_CONTEXT('2D SPACE',''
  ) );
#7698 = PCURVE('',#7699,#7704);
#7699 = PLANE('',#7700);
#7700 = AXIS2_PLACEMENT_3D('',#7701,#7702,#7703);
#7701 = CARTESIAN_POINT('',(11.2,2.4,3.4));
#7702 = DIRECTION('',(0.,0.,1.));
#7703 = DIRECTION('',(1.,0.,-0.));
#7704 = DEFINITIONAL_REPRESENTATION('',(#7705),#7709);
#7705 = LINE('',#7706,#7707);
#7706 = CARTESIAN_POINT('',(43.4,4.15));
#7707 = VECTOR('',#7708,1.);
#7708 = DIRECTION('',(-1.,0.));
#7709 = ( GEOMETRIC_REPRESENTATION_CONTEXT(2) 
PARAMETRIC_REPRESENTATION_CONTEXT() REPRESENTATION_CONTEXT('2D SPACE',''
  ) );
#7710 = ORIENTED_EDGE('',*,*,#7711,.F.);
#7711 = EDGE_CURVE('',#6129,#7684,#7712,.T.);
#7712 = SURFACE_CURVE('',#7713,(#7717,#7724),.PCURVE_S1.);
#7713 = LINE('',#7714,#7715);
#7714 = CARTESIAN_POINT('',(90.2,6.55,8.75));
#7715 = VECTOR('',#7716,1.);
#7716 = DIRECTION('',(0.,-0.,1.));
#7717 = PCURVE('',#3427,#7718);
#7718 = DEFINITIONAL_REPRESENTATION('',(#7719),#7723);
#7719 = LINE('',#7720,#7721);
#7720 = CARTESIAN_POINT('',(-8.75,-7.8));
#7721 = VECTOR('',#7722,1.);
#7722 = DIRECTION('',(1.,0.));
#7723 = ( GEOMETRIC_REPRESENTATION_CONTEXT(2) 
PARAMETRIC_REPRESENTATION_CONTEXT() REPRESENTATION_CONTEXT('2D SPACE',''
  ) );
#7724 = PCURVE('',#6167,#7725);
#7725 = DEFINITIONAL_REPRESENTATION('',(#7726),#7730);
#7726 = LINE('',#7727,#7728);
#7727 = CARTESIAN_POINT('',(8.75,-6.55));
#7728 = VECTOR('',#7729,1.);
#7729 = DIRECTION('',(1.,0.));
#7730 = ( GEOMETRIC_REPRESENTATION_CONTEXT(2) 
PARAMETRIC_REPRESENTATION_CONTEXT() REPRESENTATION_CONTEXT('2D SPACE',''
  ) );
#7731 = ADVANCED_FACE('',(#7732),#3400,.F.);
#7732 = FACE_BOUND('',#7733,.F.);
#7733 = EDGE_LOOP('',(#7734,#7735,#7736,#7758));
#7734 = ORIENTED_EDGE('',*,*,#7579,.F.);
#7735 = ORIENTED_EDGE('',*,*,#6106,.F.);
#7736 = ORIENTED_EDGE('',*,*,#7737,.T.);
#7737 = EDGE_CURVE('',#6084,#3357,#7738,.T.);
#7738 = SURFACE_CURVE('',#7739,(#7744,#7751),.PCURVE_S1.);
#7739 = CIRCLE('',#7740,19.691881404894);
#7740 = AXIS2_PLACEMENT_3D('',#7741,#7742,#7743);
#7741 = CARTESIAN_POINT('',(98.,3.05,17.5));
#7742 = DIRECTION('',(0.,1.,0.));
#7743 = DIRECTION('',(0.,-0.,1.));
#7744 = PCURVE('',#3400,#7745);
#7745 = DEFINITIONAL_REPRESENTATION('',(#7746),#7750);
#7746 = LINE('',#7747,#7748);
#7747 = CARTESIAN_POINT('',(0.,0.));
#7748 = VECTOR('',#7749,1.);
#7749 = DIRECTION('',(1.,0.));
#7750 = ( GEOMETRIC_REPRESENTATION_CONTEXT(2) 
PARAMETRIC_REPRESENTATION_CONTEXT() REPRESENTATION_CONTEXT('2D SPACE',''
  ) );
#7751 = PCURVE('',#3372,#7752);
#7752 = DEFINITIONAL_REPRESENTATION('',(#7753),#7757);
#7753 = CIRCLE('',#7754,19.691881404894);
#7754 = AXIS2_PLACEMENT_2D('',#7755,#7756);
#7755 = CARTESIAN_POINT('',(0.,0.));
#7756 = DIRECTION('',(1.,0.));
#7757 = ( GEOMETRIC_REPRESENTATION_CONTEXT(2) 
PARAMETRIC_REPRESENTATION_CONTEXT() REPRESENTATION_CONTEXT('2D SPACE',''
  ) );
#7758 = ORIENTED_EDGE('',*,*,#3384,.T.);
#7759 = ADVANCED_FACE('',(#7760),#3372,.T.);
#7760 = FACE_BOUND('',#7761,.T.);
#7761 = EDGE_LOOP('',(#7762,#7763,#7764,#7785));
#7762 = ORIENTED_EDGE('',*,*,#7737,.T.);
#7763 = ORIENTED_EDGE('',*,*,#3356,.F.);
#7764 = ORIENTED_EDGE('',*,*,#7765,.F.);
#7765 = EDGE_CURVE('',#6061,#3329,#7766,.T.);
#7766 = SURFACE_CURVE('',#7767,(#7771,#7778),.PCURVE_S1.);
#7767 = LINE('',#7768,#7769);
#7768 = CARTESIAN_POINT('',(90.2,3.05,8.75));
#7769 = VECTOR('',#7770,1.);
#7770 = DIRECTION('',(0.,-0.,1.));
#7771 = PCURVE('',#3372,#7772);
#7772 = DEFINITIONAL_REPRESENTATION('',(#7773),#7777);
#7773 = LINE('',#7774,#7775);
#7774 = CARTESIAN_POINT('',(-8.75,-7.8));
#7775 = VECTOR('',#7776,1.);
#7776 = DIRECTION('',(1.,0.));
#7777 = ( GEOMETRIC_REPRESENTATION_CONTEXT(2) 
PARAMETRIC_REPRESENTATION_CONTEXT() REPRESENTATION_CONTEXT('2D SPACE',''
  ) );
#7778 = PCURVE('',#3344,#7779);
#7779 = DEFINITIONAL_REPRESENTATION('',(#7780),#7784);
#7780 = LINE('',#7781,#7782);
#7781 = CARTESIAN_POINT('',(8.75,-3.05));
#7782 = VECTOR('',#7783,1.);
#7783 = DIRECTION('',(1.,0.));
#7784 = ( GEOMETRIC_REPRESENTATION_CONTEXT(2) 
PARAMETRIC_REPRESENTATION_CONTEXT() REPRESENTATION_CONTEXT('2D SPACE',''
  ) );
#7785 = ORIENTED_EDGE('',*,*,#6083,.T.);
#7786 = ADVANCED_FACE('',(#7787),#3344,.T.);
#7787 = FACE_BOUND('',#7788,.T.);
#7788 = EDGE_LOOP('',(#7789,#7790,#7811,#7812));
#7789 = ORIENTED_EDGE('',*,*,#3328,.F.);
#7790 = ORIENTED_EDGE('',*,*,#7791,.F.);
#7791 = EDGE_CURVE('',#6038,#3301,#7792,.T.);
#7792 = SURFACE_CURVE('',#7793,(#7797,#7804),.PCURVE_S1.);
#7793 = LINE('',#7794,#7795);
#7794 = CARTESIAN_POINT('',(90.2,2.8,0.));
#7795 = VECTOR('',#7796,1.);
#7796 = DIRECTION('',(0.,0.,1.));
#7797 = PCURVE('',#3344,#7798);
#7798 = DEFINITIONAL_REPRESENTATION('',(#7799),#7803);
#7799 = LINE('',#7800,#7801);
#7800 = CARTESIAN_POINT('',(0.,-2.8));
#7801 = VECTOR('',#7802,1.);
#7802 = DIRECTION('',(1.,0.));
#7803 = ( GEOMETRIC_REPRESENTATION_CONTEXT(2) 
PARAMETRIC_REPRESENTATION_CONTEXT() REPRESENTATION_CONTEXT('2D SPACE',''
  ) );
#7804 = PCURVE('',#3316,#7805);
#7805 = DEFINITIONAL_REPRESENTATION('',(#7806),#7810);
#7806 = LINE('',#7807,#7808);
#7807 = CARTESIAN_POINT('',(0.,0.2));
#7808 = VECTOR('',#7809,1.);
#7809 = DIRECTION('',(1.,0.));
#7810 = ( GEOMETRIC_REPRESENTATION_CONTEXT(2) 
PARAMETRIC_REPRESENTATION_CONTEXT() REPRESENTATION_CONTEXT('2D SPACE',''
  ) );
#7811 = ORIENTED_EDGE('',*,*,#6060,.T.);
#7812 = ORIENTED_EDGE('',*,*,#7765,.T.);
#7813 = ADVANCED_FACE('',(#7814,#7920),#3316,.T.);
#7814 = FACE_BOUND('',#7815,.T.);
#7815 = EDGE_LOOP('',(#7816,#7817,#7818,#7819,#7842,#7870,#7899));
#7816 = ORIENTED_EDGE('',*,*,#6037,.F.);
#7817 = ORIENTED_EDGE('',*,*,#7791,.T.);
#7818 = ORIENTED_EDGE('',*,*,#3300,.T.);
#7819 = ORIENTED_EDGE('',*,*,#7820,.T.);
#7820 = EDGE_CURVE('',#3273,#7821,#7823,.T.);
#7821 = VERTEX_POINT('',#7822);
#7822 = CARTESIAN_POINT('',(90.,2.8,17.5));
#7823 = SURFACE_CURVE('',#7824,(#7828,#7835),.PCURVE_S1.);
#7824 = LINE('',#7825,#7826);
#7825 = CARTESIAN_POINT('',(90.,2.8,0.));
#7826 = VECTOR('',#7827,1.);
#7827 = DIRECTION('',(0.,0.,1.));
#7828 = PCURVE('',#3316,#7829);
#7829 = DEFINITIONAL_REPRESENTATION('',(#7830),#7834);
#7830 = LINE('',#7831,#7832);
#7831 = CARTESIAN_POINT('',(0.,0.));
#7832 = VECTOR('',#7833,1.);
#7833 = DIRECTION('',(1.,0.));
#7834 = ( GEOMETRIC_REPRESENTATION_CONTEXT(2) 
PARAMETRIC_REPRESENTATION_CONTEXT() REPRESENTATION_CONTEXT('2D SPACE',''
  ) );
#7835 = PCURVE('',#3288,#7836);
#7836 = DEFINITIONAL_REPRESENTATION('',(#7837),#7841);
#7837 = LINE('',#7838,#7839);
#7838 = CARTESIAN_POINT('',(0.,-2.5));
#7839 = VECTOR('',#7840,1.);
#7840 = DIRECTION('',(1.,0.));
#7841 = ( GEOMETRIC_REPRESENTATION_CONTEXT(2) 
PARAMETRIC_REPRESENTATION_CONTEXT() REPRESENTATION_CONTEXT('2D SPACE',''
  ) );
#7842 = ORIENTED_EDGE('',*,*,#7843,.T.);
#7843 = EDGE_CURVE('',#7821,#7844,#7846,.T.);
#7844 = VERTEX_POINT('',#7845);
#7845 = CARTESIAN_POINT('',(93.9,2.8,17.5));
#7846 = SURFACE_CURVE('',#7847,(#7851,#7858),.PCURVE_S1.);
#7847 = LINE('',#7848,#7849);
#7848 = CARTESIAN_POINT('',(90.,2.8,17.5));
#7849 = VECTOR('',#7850,1.);
#7850 = DIRECTION('',(1.,0.,-0.));
#7851 = PCURVE('',#3316,#7852);
#7852 = DEFINITIONAL_REPRESENTATION('',(#7853),#7857);
#7853 = LINE('',#7854,#7855);
#7854 = CARTESIAN_POINT('',(17.5,0.));
#7855 = VECTOR('',#7856,1.);
#7856 = DIRECTION('',(0.,1.));
#7857 = ( GEOMETRIC_REPRESENTATION_CONTEXT(2) 
PARAMETRIC_REPRESENTATION_CONTEXT() REPRESENTATION_CONTEXT('2D SPACE',''
  ) );
#7858 = PCURVE('',#7859,#7864);
#7859 = PLANE('',#7860);
#7860 = AXIS2_PLACEMENT_3D('',#7861,#7862,#7863);
#7861 = CARTESIAN_POINT('',(90.,0.3,17.5));
#7862 = DIRECTION('',(0.,0.,1.));
#7863 = DIRECTION('',(1.,0.,-0.));
#7864 = DEFINITIONAL_REPRESENTATION('',(#7865),#7869);
#7865 = LINE('',#7866,#7867);
#7866 = CARTESIAN_POINT('',(0.,2.5));
#7867 = VECTOR('',#7868,1.);
#7868 = DIRECTION('',(1.,0.));
#7869 = ( GEOMETRIC_REPRESENTATION_CONTEXT(2) 
PARAMETRIC_REPRESENTATION_CONTEXT() REPRESENTATION_CONTEXT('2D SPACE',''
  ) );
#7870 = ORIENTED_EDGE('',*,*,#7871,.T.);
#7871 = EDGE_CURVE('',#7844,#7872,#7874,.T.);
#7872 = VERTEX_POINT('',#7873);
#7873 = CARTESIAN_POINT('',(98.,2.8,13.4));
#7874 = SURFACE_CURVE('',#7875,(#7880,#7887),.PCURVE_S1.);
#7875 = CIRCLE('',#7876,4.1);
#7876 = AXIS2_PLACEMENT_3D('',#7877,#7878,#7879);
#7877 = CARTESIAN_POINT('',(98.,2.8,17.5));
#7878 = DIRECTION('',(0.,1.,0.));
#7879 = DIRECTION('',(-1.,0.,-3.119455913093E-14));
#7880 = PCURVE('',#3316,#7881);
#7881 = DEFINITIONAL_REPRESENTATION('',(#7882),#7886);
#7882 = CIRCLE('',#7883,4.1);
#7883 = AXIS2_PLACEMENT_2D('',#7884,#7885);
#7884 = CARTESIAN_POINT('',(17.5,8.));
#7885 = DIRECTION('',(-3.119455913093E-14,-1.));
#7886 = ( GEOMETRIC_REPRESENTATION_CONTEXT(2) 
PARAMETRIC_REPRESENTATION_CONTEXT() REPRESENTATION_CONTEXT('2D SPACE',''
  ) );
#7887 = PCURVE('',#7888,#7893);
#7888 = TOROIDAL_SURFACE('',#7889,4.1,0.4);
#7889 = AXIS2_PLACEMENT_3D('',#7890,#7891,#7892);
#7890 = CARTESIAN_POINT('',(98.,2.4,17.5));
#7891 = DIRECTION('',(0.,1.,0.));
#7892 = DIRECTION('',(0.,-0.,1.));
#7893 = DEFINITIONAL_REPRESENTATION('',(#7894),#7898);
#7894 = LINE('',#7895,#7896);
#7895 = CARTESIAN_POINT('',(-1.570796326795,1.570796326795));
#7896 = VECTOR('',#7897,1.);
#7897 = DIRECTION('',(1.,0.));
#7898 = ( GEOMETRIC_REPRESENTATION_CONTEXT(2) 
PARAMETRIC_REPRESENTATION_CONTEXT() REPRESENTATION_CONTEXT('2D SPACE',''
  ) );
#7899 = ORIENTED_EDGE('',*,*,#7900,.F.);
#7900 = EDGE_CURVE('',#6010,#7872,#7901,.T.);
#7901 = SURFACE_CURVE('',#7902,(#7906,#7913),.PCURVE_S1.);
#7902 = LINE('',#7903,#7904);
#7903 = CARTESIAN_POINT('',(98.,2.8,0.));
#7904 = VECTOR('',#7905,1.);
#7905 = DIRECTION('',(0.,0.,1.));
#7906 = PCURVE('',#3316,#7907);
#7907 = DEFINITIONAL_REPRESENTATION('',(#7908),#7912);
#7908 = LINE('',#7909,#7910);
#7909 = CARTESIAN_POINT('',(0.,8.));
#7910 = VECTOR('',#7911,1.);
#7911 = DIRECTION('',(1.,0.));
#7912 = ( GEOMETRIC_REPRESENTATION_CONTEXT(2) 
PARAMETRIC_REPRESENTATION_CONTEXT() REPRESENTATION_CONTEXT('2D SPACE',''
  ) );
#7913 = PCURVE('',#6025,#7914);
#7914 = DEFINITIONAL_REPRESENTATION('',(#7915),#7919);
#7915 = LINE('',#7916,#7917);
#7916 = CARTESIAN_POINT('',(0.,-2.5));
#7917 = VECTOR('',#7918,1.);
#7918 = DIRECTION('',(1.,0.));
#7919 = ( GEOMETRIC_REPRESENTATION_CONTEXT(2) 
PARAMETRIC_REPRESENTATION_CONTEXT() REPRESENTATION_CONTEXT('2D SPACE',''
  ) );
#7920 = FACE_BOUND('',#7921,.T.);
#7921 = EDGE_LOOP('',(#7922));
#7922 = ORIENTED_EDGE('',*,*,#7923,.F.);
#7923 = EDGE_CURVE('',#7924,#7924,#7926,.T.);
#7924 = VERTEX_POINT('',#7925);
#7925 = CARTESIAN_POINT('',(98.,2.8,19.5));
#7926 = SURFACE_CURVE('',#7927,(#7932,#7939),.PCURVE_S1.);
#7927 = CIRCLE('',#7928,2.);
#7928 = AXIS2_PLACEMENT_3D('',#7929,#7930,#7931);
#7929 = CARTESIAN_POINT('',(98.,2.8,17.5));
#7930 = DIRECTION('',(0.,1.,0.));
#7931 = DIRECTION('',(0.,-0.,1.));
#7932 = PCURVE('',#3316,#7933);
#7933 = DEFINITIONAL_REPRESENTATION('',(#7934),#7938);
#7934 = CIRCLE('',#7935,2.);
#7935 = AXIS2_PLACEMENT_2D('',#7936,#7937);
#7936 = CARTESIAN_POINT('',(17.5,8.));
#7937 = DIRECTION('',(1.,0.));
#7938 = ( GEOMETRIC_REPRESENTATION_CONTEXT(2) 
PARAMETRIC_REPRESENTATION_CONTEXT() REPRESENTATION_CONTEXT('2D SPACE',''
  ) );
#7939 = PCURVE('',#7940,#7945);
#7940 = CYLINDRICAL_SURFACE('',#7941,2.);
#7941 = AXIS2_PLACEMENT_3D('',#7942,#7943,#7944);
#7942 = CARTESIAN_POINT('',(98.,0.3,17.5));
#7943 = DIRECTION('',(0.,1.,0.));
#7944 = DIRECTION('',(0.,-0.,1.));
#7945 = DEFINITIONAL_REPRESENTATION('',(#7946),#7950);
#7946 = LINE('',#7947,#7948);
#7947 = CARTESIAN_POINT('',(0.,2.5));
#7948 = VECTOR('',#7949,1.);
#7949 = DIRECTION('',(1.,0.));
#7950 = ( GEOMETRIC_REPRESENTATION_CONTEXT(2) 
PARAMETRIC_REPRESENTATION_CONTEXT() REPRESENTATION_CONTEXT('2D SPACE',''
  ) );
#7951 = ADVANCED_FACE('',(#7952),#3288,.F.);
#7952 = FACE_BOUND('',#7953,.F.);
#7953 = EDGE_LOOP('',(#7954,#7977,#7978,#7979));
#7954 = ORIENTED_EDGE('',*,*,#7955,.F.);
#7955 = EDGE_CURVE('',#3245,#7956,#7958,.T.);
#7956 = VERTEX_POINT('',#7957);
#7957 = CARTESIAN_POINT('',(90.,0.3,17.5));
#7958 = SURFACE_CURVE('',#7959,(#7963,#7970),.PCURVE_S1.);
#7959 = LINE('',#7960,#7961);
#7960 = CARTESIAN_POINT('',(90.,0.3,0.));
#7961 = VECTOR('',#7962,1.);
#7962 = DIRECTION('',(0.,0.,1.));
#7963 = PCURVE('',#3288,#7964);
#7964 = DEFINITIONAL_REPRESENTATION('',(#7965),#7969);
#7965 = LINE('',#7966,#7967);
#7966 = CARTESIAN_POINT('',(0.,0.));
#7967 = VECTOR('',#7968,1.);
#7968 = DIRECTION('',(1.,0.));
#7969 = ( GEOMETRIC_REPRESENTATION_CONTEXT(2) 
PARAMETRIC_REPRESENTATION_CONTEXT() REPRESENTATION_CONTEXT('2D SPACE',''
  ) );
#7970 = PCURVE('',#3260,#7971);
#7971 = DEFINITIONAL_REPRESENTATION('',(#7972),#7976);
#7972 = LINE('',#7973,#7974);
#7973 = CARTESIAN_POINT('',(0.,0.));
#7974 = VECTOR('',#7975,1.);
#7975 = DIRECTION('',(1.,0.));
#7976 = ( GEOMETRIC_REPRESENTATION_CONTEXT(2) 
PARAMETRIC_REPRESENTATION_CONTEXT() REPRESENTATION_CONTEXT('2D SPACE',''
  ) );
#7977 = ORIENTED_EDGE('',*,*,#3272,.T.);
#7978 = ORIENTED_EDGE('',*,*,#7820,.T.);
#7979 = ORIENTED_EDGE('',*,*,#7980,.F.);
#7980 = EDGE_CURVE('',#7956,#7821,#7981,.T.);
#7981 = SURFACE_CURVE('',#7982,(#7986,#7993),.PCURVE_S1.);
#7982 = LINE('',#7983,#7984);
#7983 = CARTESIAN_POINT('',(90.,0.3,17.5));
#7984 = VECTOR('',#7985,1.);
#7985 = DIRECTION('',(-0.,1.,0.));
#7986 = PCURVE('',#3288,#7987);
#7987 = DEFINITIONAL_REPRESENTATION('',(#7988),#7992);
#7988 = LINE('',#7989,#7990);
#7989 = CARTESIAN_POINT('',(17.5,0.));
#7990 = VECTOR('',#7991,1.);
#7991 = DIRECTION('',(0.,-1.));
#7992 = ( GEOMETRIC_REPRESENTATION_CONTEXT(2) 
PARAMETRIC_REPRESENTATION_CONTEXT() REPRESENTATION_CONTEXT('2D SPACE',''
  ) );
#7993 = PCURVE('',#7859,#7994);
#7994 = DEFINITIONAL_REPRESENTATION('',(#7995),#7999);
#7995 = LINE('',#7996,#7997);
#7996 = CARTESIAN_POINT('',(0.,0.));
#7997 = VECTOR('',#7998,1.);
#7998 = DIRECTION('',(0.,1.));
#7999 = ( GEOMETRIC_REPRESENTATION_CONTEXT(2) 
PARAMETRIC_REPRESENTATION_CONTEXT() REPRESENTATION_CONTEXT('2D SPACE',''
  ) );
#8000 = ADVANCED_FACE('',(#8001),#3260,.F.);
#8001 = FACE_BOUND('',#8002,.F.);
#8002 = EDGE_LOOP('',(#8003,#8004,#8005,#8006,#8007,#8030,#8063));
#8003 = ORIENTED_EDGE('',*,*,#5986,.F.);
#8004 = ORIENTED_EDGE('',*,*,#7489,.T.);
#8005 = ORIENTED_EDGE('',*,*,#3244,.T.);
#8006 = ORIENTED_EDGE('',*,*,#7955,.T.);
#8007 = ORIENTED_EDGE('',*,*,#8008,.T.);
#8008 = EDGE_CURVE('',#7956,#8009,#8011,.T.);
#8009 = VERTEX_POINT('',#8010);
#8010 = CARTESIAN_POINT('',(93.9,0.3,17.5));
#8011 = SURFACE_CURVE('',#8012,(#8016,#8023),.PCURVE_S1.);
#8012 = LINE('',#8013,#8014);
#8013 = CARTESIAN_POINT('',(90.,0.3,17.5));
#8014 = VECTOR('',#8015,1.);
#8015 = DIRECTION('',(1.,0.,-0.));
#8016 = PCURVE('',#3260,#8017);
#8017 = DEFINITIONAL_REPRESENTATION('',(#8018),#8022);
#8018 = LINE('',#8019,#8020);
#8019 = CARTESIAN_POINT('',(17.5,0.));
#8020 = VECTOR('',#8021,1.);
#8021 = DIRECTION('',(0.,1.));
#8022 = ( GEOMETRIC_REPRESENTATION_CONTEXT(2) 
PARAMETRIC_REPRESENTATION_CONTEXT() REPRESENTATION_CONTEXT('2D SPACE',''
  ) );
#8023 = PCURVE('',#7859,#8024);
#8024 = DEFINITIONAL_REPRESENTATION('',(#8025),#8029);
#8025 = LINE('',#8026,#8027);
#8026 = CARTESIAN_POINT('',(0.,0.));
#8027 = VECTOR('',#8028,1.);
#8028 = DIRECTION('',(1.,0.));
#8029 = ( GEOMETRIC_REPRESENTATION_CONTEXT(2) 
PARAMETRIC_REPRESENTATION_CONTEXT() REPRESENTATION_CONTEXT('2D SPACE',''
  ) );
#8030 = ORIENTED_EDGE('',*,*,#8031,.F.);
#8031 = EDGE_CURVE('',#8032,#8009,#8034,.T.);
#8032 = VERTEX_POINT('',#8033);
#8033 = CARTESIAN_POINT('',(98.,0.3,13.4));
#8034 = SURFACE_CURVE('',#8035,(#8040,#8051),.PCURVE_S1.);
#8035 = CIRCLE('',#8036,4.1);
#8036 = AXIS2_PLACEMENT_3D('',#8037,#8038,#8039);
#8037 = CARTESIAN_POINT('',(98.,0.3,17.5));
#8038 = DIRECTION('',(0.,-1.,0.));
#8039 = DIRECTION('',(2.079637275395E-14,0.,-1.));
#8040 = PCURVE('',#3260,#8041);
#8041 = DEFINITIONAL_REPRESENTATION('',(#8042),#8050);
#8042 = ( BOUNDED_CURVE() B_SPLINE_CURVE(2,(#8043,#8044,#8045,#8046,
#8047,#8048,#8049),.UNSPECIFIED.,.T.,.F.) B_SPLINE_CURVE_WITH_KNOTS((1,2
    ,2,2,2,1),(-2.094395102393,0.,2.094395102393,4.188790204786,
6.28318530718,8.377580409573),.UNSPECIFIED.) CURVE() 
GEOMETRIC_REPRESENTATION_ITEM() RATIONAL_B_SPLINE_CURVE((1.,0.5,1.,0.5,
1.,0.5,1.)) REPRESENTATION_ITEM('') );
#8043 = CARTESIAN_POINT('',(13.4,8.));
#8044 = CARTESIAN_POINT('',(13.4,15.101408311032));
#8045 = CARTESIAN_POINT('',(19.55,11.550704155516));
#8046 = CARTESIAN_POINT('',(25.7,8.));
#8047 = CARTESIAN_POINT('',(19.55,4.449295844484));
#8048 = CARTESIAN_POINT('',(13.4,0.898591688968));
#8049 = CARTESIAN_POINT('',(13.4,8.));
#8050 = ( GEOMETRIC_REPRESENTATION_CONTEXT(2) 
PARAMETRIC_REPRESENTATION_CONTEXT() REPRESENTATION_CONTEXT('2D SPACE',''
  ) );
#8051 = PCURVE('',#8052,#8057);
#8052 = TOROIDAL_SURFACE('',#8053,4.1,0.4);
#8053 = AXIS2_PLACEMENT_3D('',#8054,#8055,#8056);
#8054 = CARTESIAN_POINT('',(98.,0.7,17.5));
#8055 = DIRECTION('',(-0.,-1.,-0.));
#8056 = DIRECTION('',(0.,-0.,1.));
#8057 = DEFINITIONAL_REPRESENTATION('',(#8058),#8062);
#8058 = LINE('',#8059,#8060);
#8059 = CARTESIAN_POINT('',(3.14159265359,1.570796326795));
#8060 = VECTOR('',#8061,1.);
#8061 = DIRECTION('',(1.,-0.));
#8062 = ( GEOMETRIC_REPRESENTATION_CONTEXT(2) 
PARAMETRIC_REPRESENTATION_CONTEXT() REPRESENTATION_CONTEXT('2D SPACE',''
  ) );
#8063 = ORIENTED_EDGE('',*,*,#8064,.F.);
#8064 = EDGE_CURVE('',#5987,#8032,#8065,.T.);
#8065 = SURFACE_CURVE('',#8066,(#8070,#8077),.PCURVE_S1.);
#8066 = LINE('',#8067,#8068);
#8067 = CARTESIAN_POINT('',(98.,0.3,0.));
#8068 = VECTOR('',#8069,1.);
#8069 = DIRECTION('',(0.,0.,1.));
#8070 = PCURVE('',#3260,#8071);
#8071 = DEFINITIONAL_REPRESENTATION('',(#8072),#8076);
#8072 = LINE('',#8073,#8074);
#8073 = CARTESIAN_POINT('',(0.,8.));
#8074 = VECTOR('',#8075,1.);
#8075 = DIRECTION('',(1.,0.));
#8076 = ( GEOMETRIC_REPRESENTATION_CONTEXT(2) 
PARAMETRIC_REPRESENTATION_CONTEXT() REPRESENTATION_CONTEXT('2D SPACE',''
  ) );
#8077 = PCURVE('',#6025,#8078);
#8078 = DEFINITIONAL_REPRESENTATION('',(#8079),#8083);
#8079 = LINE('',#8080,#8081);
#8080 = CARTESIAN_POINT('',(0.,0.));
#8081 = VECTOR('',#8082,1.);
#8082 = DIRECTION('',(1.,0.));
#8083 = ( GEOMETRIC_REPRESENTATION_CONTEXT(2) 
PARAMETRIC_REPRESENTATION_CONTEXT() REPRESENTATION_CONTEXT('2D SPACE',''
  ) );
#8084 = ADVANCED_FACE('',(#8085),#3119,.T.);
#8085 = FACE_BOUND('',#8086,.T.);
#8086 = EDGE_LOOP('',(#8087,#8088,#8089,#8090));
#8087 = ORIENTED_EDGE('',*,*,#3487,.F.);
#8088 = ORIENTED_EDGE('',*,*,#3103,.T.);
#8089 = ORIENTED_EDGE('',*,*,#3759,.T.);
#8090 = ORIENTED_EDGE('',*,*,#3610,.F.);
#8091 = ADVANCED_FACE('',(#8092),#3046,.T.);
#8092 = FACE_BOUND('',#8093,.T.);
#8093 = EDGE_LOOP('',(#8094,#8095,#8096,#8097));
#8094 = ORIENTED_EDGE('',*,*,#3810,.F.);
#8095 = ORIENTED_EDGE('',*,*,#3030,.T.);
#8096 = ORIENTED_EDGE('',*,*,#4082,.T.);
#8097 = ORIENTED_EDGE('',*,*,#3933,.F.);
#8098 = ADVANCED_FACE('',(#8099),#2973,.T.);
#8099 = FACE_BOUND('',#8100,.T.);
#8100 = EDGE_LOOP('',(#8101,#8102,#8103,#8104));
#8101 = ORIENTED_EDGE('',*,*,#4133,.F.);
#8102 = ORIENTED_EDGE('',*,*,#2957,.T.);
#8103 = ORIENTED_EDGE('',*,*,#4405,.T.);
#8104 = ORIENTED_EDGE('',*,*,#4256,.F.);
#8105 = ADVANCED_FACE('',(#8106),#2900,.T.);
#8106 = FACE_BOUND('',#8107,.T.);
#8107 = EDGE_LOOP('',(#8108,#8109,#8110,#8111));
#8108 = ORIENTED_EDGE('',*,*,#4456,.F.);
#8109 = ORIENTED_EDGE('',*,*,#2884,.T.);
#8110 = ORIENTED_EDGE('',*,*,#4728,.T.);
#8111 = ORIENTED_EDGE('',*,*,#4579,.F.);
#8112 = ADVANCED_FACE('',(#8113),#2827,.T.);
#8113 = FACE_BOUND('',#8114,.T.);
#8114 = EDGE_LOOP('',(#8115,#8116,#8117,#8118));
#8115 = ORIENTED_EDGE('',*,*,#4779,.F.);
#8116 = ORIENTED_EDGE('',*,*,#2811,.T.);
#8117 = ORIENTED_EDGE('',*,*,#5051,.T.);
#8118 = ORIENTED_EDGE('',*,*,#4902,.F.);
#8119 = ADVANCED_FACE('',(#8120),#2754,.T.);
#8120 = FACE_BOUND('',#8121,.T.);
#8121 = EDGE_LOOP('',(#8122,#8123,#8124,#8125));
#8122 = ORIENTED_EDGE('',*,*,#5102,.F.);
#8123 = ORIENTED_EDGE('',*,*,#2738,.T.);
#8124 = ORIENTED_EDGE('',*,*,#5374,.T.);
#8125 = ORIENTED_EDGE('',*,*,#5225,.F.);
#8126 = ADVANCED_FACE('',(#8127),#2681,.T.);
#8127 = FACE_BOUND('',#8128,.T.);
#8128 = EDGE_LOOP('',(#8129,#8130,#8131,#8132));
#8129 = ORIENTED_EDGE('',*,*,#5425,.F.);
#8130 = ORIENTED_EDGE('',*,*,#2665,.T.);
#8131 = ORIENTED_EDGE('',*,*,#5697,.T.);
#8132 = ORIENTED_EDGE('',*,*,#5548,.F.);
#8133 = ADVANCED_FACE('',(#8134),#3575,.F.);
#8134 = FACE_BOUND('',#8135,.F.);
#8135 = EDGE_LOOP('',(#8136,#8137,#8138,#8139));
#8136 = ORIENTED_EDGE('',*,*,#3634,.F.);
#8137 = ORIENTED_EDGE('',*,*,#3684,.T.);
#8138 = ORIENTED_EDGE('',*,*,#3732,.T.);
#8139 = ORIENTED_EDGE('',*,*,#3559,.F.);
#8140 = ADVANCED_FACE('',(#8141),#3898,.F.);
#8141 = FACE_BOUND('',#8142,.F.);
#8142 = EDGE_LOOP('',(#8143,#8144,#8145,#8146));
#8143 = ORIENTED_EDGE('',*,*,#3957,.F.);
#8144 = ORIENTED_EDGE('',*,*,#4007,.T.);
#8145 = ORIENTED_EDGE('',*,*,#4055,.T.);
#8146 = ORIENTED_EDGE('',*,*,#3882,.F.);
#8147 = ADVANCED_FACE('',(#8148),#4221,.F.);
#8148 = FACE_BOUND('',#8149,.F.);
#8149 = EDGE_LOOP('',(#8150,#8151,#8152,#8153));
#8150 = ORIENTED_EDGE('',*,*,#4280,.F.);
#8151 = ORIENTED_EDGE('',*,*,#4330,.T.);
#8152 = ORIENTED_EDGE('',*,*,#4378,.T.);
#8153 = ORIENTED_EDGE('',*,*,#4205,.F.);
#8154 = ADVANCED_FACE('',(#8155),#4544,.F.);
#8155 = FACE_BOUND('',#8156,.F.);
#8156 = EDGE_LOOP('',(#8157,#8158,#8159,#8160));
#8157 = ORIENTED_EDGE('',*,*,#4603,.F.);
#8158 = ORIENTED_EDGE('',*,*,#4653,.T.);
#8159 = ORIENTED_EDGE('',*,*,#4701,.T.);
#8160 = ORIENTED_EDGE('',*,*,#4528,.F.);
#8161 = ADVANCED_FACE('',(#8162),#4867,.F.);
#8162 = FACE_BOUND('',#8163,.F.);
#8163 = EDGE_LOOP('',(#8164,#8165,#8166,#8167));
#8164 = ORIENTED_EDGE('',*,*,#4926,.F.);
#8165 = ORIENTED_EDGE('',*,*,#4976,.T.);
#8166 = ORIENTED_EDGE('',*,*,#5024,.T.);
#8167 = ORIENTED_EDGE('',*,*,#4851,.F.);
#8168 = ADVANCED_FACE('',(#8169),#5190,.F.);
#8169 = FACE_BOUND('',#8170,.F.);
#8170 = EDGE_LOOP('',(#8171,#8172,#8173,#8174));
#8171 = ORIENTED_EDGE('',*,*,#5249,.F.);
#8172 = ORIENTED_EDGE('',*,*,#5299,.T.);
#8173 = ORIENTED_EDGE('',*,*,#5347,.T.);
#8174 = ORIENTED_EDGE('',*,*,#5174,.F.);
#8175 = ADVANCED_FACE('',(#8176),#5513,.F.);
#8176 = FACE_BOUND('',#8177,.F.);
#8177 = EDGE_LOOP('',(#8178,#8179,#8180,#8181));
#8178 = ORIENTED_EDGE('',*,*,#5572,.F.);
#8179 = ORIENTED_EDGE('',*,*,#5622,.T.);
#8180 = ORIENTED_EDGE('',*,*,#5670,.T.);
#8181 = ORIENTED_EDGE('',*,*,#5497,.F.);
#8182 = ADVANCED_FACE('',(#8183),#5819,.T.);
#8183 = FACE_BOUND('',#8184,.T.);
#8184 = EDGE_LOOP('',(#8185,#8186,#8187,#8210));
#8185 = ORIENTED_EDGE('',*,*,#5858,.F.);
#8186 = ORIENTED_EDGE('',*,*,#5802,.T.);
#8187 = ORIENTED_EDGE('',*,*,#8188,.T.);
#8188 = EDGE_CURVE('',#5776,#8189,#8191,.T.);
#8189 = VERTEX_POINT('',#8190);
#8190 = CARTESIAN_POINT('',(90.1,199.95,3.4));
#8191 = SURFACE_CURVE('',#8192,(#8196,#8203),.PCURVE_S1.);
#8192 = LINE('',#8193,#8194);
#8193 = CARTESIAN_POINT('',(90.1,199.95,8.25));
#8194 = VECTOR('',#8195,1.);
#8195 = DIRECTION('',(-0.,0.,-1.));
#8196 = PCURVE('',#5819,#8197);
#8197 = DEFINITIONAL_REPRESENTATION('',(#8198),#8202);
#8198 = LINE('',#8199,#8200);
#8199 = CARTESIAN_POINT('',(9.25,-9.55));
#8200 = VECTOR('',#8201,1.);
#8201 = DIRECTION('',(-1.,-0.));
#8202 = ( GEOMETRIC_REPRESENTATION_CONTEXT(2) 
PARAMETRIC_REPRESENTATION_CONTEXT() REPRESENTATION_CONTEXT('2D SPACE',''
  ) );
#8203 = PCURVE('',#5790,#8204);
#8204 = DEFINITIONAL_REPRESENTATION('',(#8205),#8209);
#8205 = LINE('',#8206,#8207);
#8206 = CARTESIAN_POINT('',(-9.25,-7.9));
#8207 = VECTOR('',#8208,1.);
#8208 = DIRECTION('',(-1.,0.));
#8209 = ( GEOMETRIC_REPRESENTATION_CONTEXT(2) 
PARAMETRIC_REPRESENTATION_CONTEXT() REPRESENTATION_CONTEXT('2D SPACE',''
  ) );
#8210 = ORIENTED_EDGE('',*,*,#8211,.F.);
#8211 = EDGE_CURVE('',#5859,#8189,#8212,.T.);
#8212 = SURFACE_CURVE('',#8213,(#8217,#8224),.PCURVE_S1.);
#8213 = LINE('',#8214,#8215);
#8214 = CARTESIAN_POINT('',(90.1,96.4,3.4));
#8215 = VECTOR('',#8216,1.);
#8216 = DIRECTION('',(0.,-1.,0.));
#8217 = PCURVE('',#5819,#8218);
#8218 = DEFINITIONAL_REPRESENTATION('',(#8219),#8223);
#8219 = LINE('',#8220,#8221);
#8220 = CARTESIAN_POINT('',(4.4,94.));
#8221 = VECTOR('',#8222,1.);
#8222 = DIRECTION('',(0.,1.));
#8223 = ( GEOMETRIC_REPRESENTATION_CONTEXT(2) 
PARAMETRIC_REPRESENTATION_CONTEXT() REPRESENTATION_CONTEXT('2D SPACE',''
  ) );
#8224 = PCURVE('',#5897,#8225);
#8225 = DEFINITIONAL_REPRESENTATION('',(#8226),#8230);
#8226 = LINE('',#8227,#8228);
#8227 = CARTESIAN_POINT('',(78.9,94.));
#8228 = VECTOR('',#8229,1.);
#8229 = DIRECTION('',(0.,-1.));
#8230 = ( GEOMETRIC_REPRESENTATION_CONTEXT(2) 
PARAMETRIC_REPRESENTATION_CONTEXT() REPRESENTATION_CONTEXT('2D SPACE',''
  ) );
#8231 = ADVANCED_FACE('',(#8232),#5790,.F.);
#8232 = FACE_BOUND('',#8233,.F.);
#8233 = EDGE_LOOP('',(#8234,#8235,#8236,#8257));
#8234 = ORIENTED_EDGE('',*,*,#5775,.T.);
#8235 = ORIENTED_EDGE('',*,*,#8188,.T.);
#8236 = ORIENTED_EDGE('',*,*,#8237,.F.);
#8237 = EDGE_CURVE('',#6723,#8189,#8238,.T.);
#8238 = SURFACE_CURVE('',#8239,(#8243,#8250),.PCURVE_S1.);
#8239 = LINE('',#8240,#8241);
#8240 = CARTESIAN_POINT('',(54.6,199.95,3.4));
#8241 = VECTOR('',#8242,1.);
#8242 = DIRECTION('',(1.,0.,0.));
#8243 = PCURVE('',#5790,#8244);
#8244 = DEFINITIONAL_REPRESENTATION('',(#8245),#8249);
#8245 = LINE('',#8246,#8247);
#8246 = CARTESIAN_POINT('',(-14.1,-43.4));
#8247 = VECTOR('',#8248,1.);
#8248 = DIRECTION('',(0.,1.));
#8249 = ( GEOMETRIC_REPRESENTATION_CONTEXT(2) 
PARAMETRIC_REPRESENTATION_CONTEXT() REPRESENTATION_CONTEXT('2D SPACE',''
  ) );
#8250 = PCURVE('',#5897,#8251);
#8251 = DEFINITIONAL_REPRESENTATION('',(#8252),#8256);
#8252 = LINE('',#8253,#8254);
#8253 = CARTESIAN_POINT('',(43.4,197.55));
#8254 = VECTOR('',#8255,1.);
#8255 = DIRECTION('',(1.,0.));
#8256 = ( GEOMETRIC_REPRESENTATION_CONTEXT(2) 
PARAMETRIC_REPRESENTATION_CONTEXT() REPRESENTATION_CONTEXT('2D SPACE',''
  ) );
#8257 = ORIENTED_EDGE('',*,*,#6722,.T.);
#8258 = ADVANCED_FACE('',(#8259),#5925,.T.);
#8259 = FACE_BOUND('',#8260,.T.);
#8260 = EDGE_LOOP('',(#8261,#8284,#8305,#8306));
#8261 = ORIENTED_EDGE('',*,*,#8262,.F.);
#8262 = EDGE_CURVE('',#8263,#5882,#8265,.T.);
#8263 = VERTEX_POINT('',#8264);
#8264 = CARTESIAN_POINT('',(90.2,199.7,3.4));
#8265 = SURFACE_CURVE('',#8266,(#8270,#8277),.PCURVE_S1.);
#8266 = LINE('',#8267,#8268);
#8267 = CARTESIAN_POINT('',(90.2,0.,3.4));
#8268 = VECTOR('',#8269,1.);
#8269 = DIRECTION('',(-0.,1.,0.));
#8270 = PCURVE('',#5925,#8271);
#8271 = DEFINITIONAL_REPRESENTATION('',(#8272),#8276);
#8272 = LINE('',#8273,#8274);
#8273 = CARTESIAN_POINT('',(3.4,0.));
#8274 = VECTOR('',#8275,1.);
#8275 = DIRECTION('',(0.,-1.));
#8276 = ( GEOMETRIC_REPRESENTATION_CONTEXT(2) 
PARAMETRIC_REPRESENTATION_CONTEXT() REPRESENTATION_CONTEXT('2D SPACE',''
  ) );
#8277 = PCURVE('',#5897,#8278);
#8278 = DEFINITIONAL_REPRESENTATION('',(#8279),#8283);
#8279 = LINE('',#8280,#8281);
#8280 = CARTESIAN_POINT('',(79.,-2.4));
#8281 = VECTOR('',#8282,1.);
#8282 = DIRECTION('',(0.,1.));
#8283 = ( GEOMETRIC_REPRESENTATION_CONTEXT(2) 
PARAMETRIC_REPRESENTATION_CONTEXT() REPRESENTATION_CONTEXT('2D SPACE',''
  ) );
#8284 = ORIENTED_EDGE('',*,*,#8285,.F.);
#8285 = EDGE_CURVE('',#6668,#8263,#8286,.T.);
#8286 = SURFACE_CURVE('',#8287,(#8291,#8298),.PCURVE_S1.);
#8287 = LINE('',#8288,#8289);
#8288 = CARTESIAN_POINT('',(90.2,199.7,0.));
#8289 = VECTOR('',#8290,1.);
#8290 = DIRECTION('',(0.,0.,1.));
#8291 = PCURVE('',#5925,#8292);
#8292 = DEFINITIONAL_REPRESENTATION('',(#8293),#8297);
#8293 = LINE('',#8294,#8295);
#8294 = CARTESIAN_POINT('',(0.,-199.7));
#8295 = VECTOR('',#8296,1.);
#8296 = DIRECTION('',(1.,0.));
#8297 = ( GEOMETRIC_REPRESENTATION_CONTEXT(2) 
PARAMETRIC_REPRESENTATION_CONTEXT() REPRESENTATION_CONTEXT('2D SPACE',''
  ) );
#8298 = PCURVE('',#6683,#8299);
#8299 = DEFINITIONAL_REPRESENTATION('',(#8300),#8304);
#8300 = LINE('',#8301,#8302);
#8301 = CARTESIAN_POINT('',(0.,0.2));
#8302 = VECTOR('',#8303,1.);
#8303 = DIRECTION('',(1.,0.));
#8304 = ( GEOMETRIC_REPRESENTATION_CONTEXT(2) 
PARAMETRIC_REPRESENTATION_CONTEXT() REPRESENTATION_CONTEXT('2D SPACE',''
  ) );
#8305 = ORIENTED_EDGE('',*,*,#6695,.T.);
#8306 = ORIENTED_EDGE('',*,*,#5909,.T.);
#8307 = ADVANCED_FACE('',(#8308),#5897,.T.);
#8308 = FACE_BOUND('',#8309,.T.);
#8309 = EDGE_LOOP('',(#8310,#8311,#8312,#8313,#8314,#8337,#8360,#8383,
    #8411,#8432));
#8310 = ORIENTED_EDGE('',*,*,#5881,.F.);
#8311 = ORIENTED_EDGE('',*,*,#8211,.T.);
#8312 = ORIENTED_EDGE('',*,*,#8237,.F.);
#8313 = ORIENTED_EDGE('',*,*,#6746,.F.);
#8314 = ORIENTED_EDGE('',*,*,#8315,.F.);
#8315 = EDGE_CURVE('',#8316,#6747,#8318,.T.);
#8316 = VERTEX_POINT('',#8317);
#8317 = CARTESIAN_POINT('',(90.2,196.95,3.4));
#8318 = SURFACE_CURVE('',#8319,(#8323,#8330),.PCURVE_S1.);
#8319 = LINE('',#8320,#8321);
#8320 = CARTESIAN_POINT('',(54.6,196.95,3.4));
#8321 = VECTOR('',#8322,1.);
#8322 = DIRECTION('',(-1.,0.,0.));
#8323 = PCURVE('',#5897,#8324);
#8324 = DEFINITIONAL_REPRESENTATION('',(#8325),#8329);
#8325 = LINE('',#8326,#8327);
#8326 = CARTESIAN_POINT('',(43.4,194.55));
#8327 = VECTOR('',#8328,1.);
#8328 = DIRECTION('',(-1.,0.));
#8329 = ( GEOMETRIC_REPRESENTATION_CONTEXT(2) 
PARAMETRIC_REPRESENTATION_CONTEXT() REPRESENTATION_CONTEXT('2D SPACE',''
  ) );
#8330 = PCURVE('',#6571,#8331);
#8331 = DEFINITIONAL_REPRESENTATION('',(#8332),#8336);
#8332 = LINE('',#8333,#8334);
#8333 = CARTESIAN_POINT('',(-14.1,-43.4));
#8334 = VECTOR('',#8335,1.);
#8335 = DIRECTION('',(0.,-1.));
#8336 = ( GEOMETRIC_REPRESENTATION_CONTEXT(2) 
PARAMETRIC_REPRESENTATION_CONTEXT() REPRESENTATION_CONTEXT('2D SPACE',''
  ) );
#8337 = ORIENTED_EDGE('',*,*,#8338,.T.);
#8338 = EDGE_CURVE('',#8316,#8339,#8341,.T.);
#8339 = VERTEX_POINT('',#8340);
#8340 = CARTESIAN_POINT('',(90.2,197.2,3.4));
#8341 = SURFACE_CURVE('',#8342,(#8346,#8353),.PCURVE_S1.);
#8342 = LINE('',#8343,#8344);
#8343 = CARTESIAN_POINT('',(90.2,0.,3.4));
#8344 = VECTOR('',#8345,1.);
#8345 = DIRECTION('',(-0.,1.,0.));
#8346 = PCURVE('',#5897,#8347);
#8347 = DEFINITIONAL_REPRESENTATION('',(#8348),#8352);
#8348 = LINE('',#8349,#8350);
#8349 = CARTESIAN_POINT('',(79.,-2.4));
#8350 = VECTOR('',#8351,1.);
#8351 = DIRECTION('',(0.,1.));
#8352 = ( GEOMETRIC_REPRESENTATION_CONTEXT(2) 
PARAMETRIC_REPRESENTATION_CONTEXT() REPRESENTATION_CONTEXT('2D SPACE',''
  ) );
#8353 = PCURVE('',#6599,#8354);
#8354 = DEFINITIONAL_REPRESENTATION('',(#8355),#8359);
#8355 = LINE('',#8356,#8357);
#8356 = CARTESIAN_POINT('',(3.4,0.));
#8357 = VECTOR('',#8358,1.);
#8358 = DIRECTION('',(0.,-1.));
#8359 = ( GEOMETRIC_REPRESENTATION_CONTEXT(2) 
PARAMETRIC_REPRESENTATION_CONTEXT() REPRESENTATION_CONTEXT('2D SPACE',''
  ) );
#8360 = ORIENTED_EDGE('',*,*,#8361,.T.);
#8361 = EDGE_CURVE('',#8339,#8362,#8364,.T.);
#8362 = VERTEX_POINT('',#8363);
#8363 = CARTESIAN_POINT('',(90.,197.2,3.4));
#8364 = SURFACE_CURVE('',#8365,(#8369,#8376),.PCURVE_S1.);
#8365 = LINE('',#8366,#8367);
#8366 = CARTESIAN_POINT('',(50.6,197.2,3.4));
#8367 = VECTOR('',#8368,1.);
#8368 = DIRECTION('',(-1.,-0.,0.));
#8369 = PCURVE('',#5897,#8370);
#8370 = DEFINITIONAL_REPRESENTATION('',(#8371),#8375);
#8371 = LINE('',#8372,#8373);
#8372 = CARTESIAN_POINT('',(39.4,194.8));
#8373 = VECTOR('',#8374,1.);
#8374 = DIRECTION('',(-1.,0.));
#8375 = ( GEOMETRIC_REPRESENTATION_CONTEXT(2) 
PARAMETRIC_REPRESENTATION_CONTEXT() REPRESENTATION_CONTEXT('2D SPACE',''
  ) );
#8376 = PCURVE('',#6627,#8377);
#8377 = DEFINITIONAL_REPRESENTATION('',(#8378),#8382);
#8378 = LINE('',#8379,#8380);
#8379 = CARTESIAN_POINT('',(3.4,-39.4));
#8380 = VECTOR('',#8381,1.);
#8381 = DIRECTION('',(0.,-1.));
#8382 = ( GEOMETRIC_REPRESENTATION_CONTEXT(2) 
PARAMETRIC_REPRESENTATION_CONTEXT() REPRESENTATION_CONTEXT('2D SPACE',''
  ) );
#8383 = ORIENTED_EDGE('',*,*,#8384,.T.);
#8384 = EDGE_CURVE('',#8362,#8385,#8387,.T.);
#8385 = VERTEX_POINT('',#8386);
#8386 = CARTESIAN_POINT('',(90.,199.7,3.4));
#8387 = SURFACE_CURVE('',#8388,(#8392,#8399),.PCURVE_S1.);
#8388 = LINE('',#8389,#8390);
#8389 = CARTESIAN_POINT('',(90.,99.8,3.4));
#8390 = VECTOR('',#8391,1.);
#8391 = DIRECTION('',(-0.,1.,0.));
#8392 = PCURVE('',#5897,#8393);
#8393 = DEFINITIONAL_REPRESENTATION('',(#8394),#8398);
#8394 = LINE('',#8395,#8396);
#8395 = CARTESIAN_POINT('',(78.8,97.4));
#8396 = VECTOR('',#8397,1.);
#8397 = DIRECTION('',(0.,1.));
#8398 = ( GEOMETRIC_REPRESENTATION_CONTEXT(2) 
PARAMETRIC_REPRESENTATION_CONTEXT() REPRESENTATION_CONTEXT('2D SPACE',''
  ) );
#8399 = PCURVE('',#8400,#8405);
#8400 = PLANE('',#8401);
#8401 = AXIS2_PLACEMENT_3D('',#8402,#8403,#8404);
#8402 = CARTESIAN_POINT('',(90.,197.2,0.));
#8403 = DIRECTION('',(1.,0.,-0.));
#8404 = DIRECTION('',(0.,0.,1.));
#8405 = DEFINITIONAL_REPRESENTATION('',(#8406),#8410);
#8406 = LINE('',#8407,#8408);
#8407 = CARTESIAN_POINT('',(3.4,97.4));
#8408 = VECTOR('',#8409,1.);
#8409 = DIRECTION('',(0.,-1.));
#8410 = ( GEOMETRIC_REPRESENTATION_CONTEXT(2) 
PARAMETRIC_REPRESENTATION_CONTEXT() REPRESENTATION_CONTEXT('2D SPACE',''
  ) );
#8411 = ORIENTED_EDGE('',*,*,#8412,.F.);
#8412 = EDGE_CURVE('',#8263,#8385,#8413,.T.);
#8413 = SURFACE_CURVE('',#8414,(#8418,#8425),.PCURVE_S1.);
#8414 = LINE('',#8415,#8416);
#8415 = CARTESIAN_POINT('',(50.6,199.7,3.4));
#8416 = VECTOR('',#8417,1.);
#8417 = DIRECTION('',(-1.,-0.,0.));
#8418 = PCURVE('',#5897,#8419);
#8419 = DEFINITIONAL_REPRESENTATION('',(#8420),#8424);
#8420 = LINE('',#8421,#8422);
#8421 = CARTESIAN_POINT('',(39.4,197.3));
#8422 = VECTOR('',#8423,1.);
#8423 = DIRECTION('',(-1.,0.));
#8424 = ( GEOMETRIC_REPRESENTATION_CONTEXT(2) 
PARAMETRIC_REPRESENTATION_CONTEXT() REPRESENTATION_CONTEXT('2D SPACE',''
  ) );
#8425 = PCURVE('',#6683,#8426);
#8426 = DEFINITIONAL_REPRESENTATION('',(#8427),#8431);
#8427 = LINE('',#8428,#8429);
#8428 = CARTESIAN_POINT('',(3.4,-39.4));
#8429 = VECTOR('',#8430,1.);
#8430 = DIRECTION('',(0.,-1.));
#8431 = ( GEOMETRIC_REPRESENTATION_CONTEXT(2) 
PARAMETRIC_REPRESENTATION_CONTEXT() REPRESENTATION_CONTEXT('2D SPACE',''
  ) );
#8432 = ORIENTED_EDGE('',*,*,#8262,.T.);
#8433 = ADVANCED_FACE('',(#8434),#6683,.T.);
#8434 = FACE_BOUND('',#8435,.T.);
#8435 = EDGE_LOOP('',(#8436,#8437,#8438,#8439,#8462,#8490,#8519));
#8436 = ORIENTED_EDGE('',*,*,#6667,.F.);
#8437 = ORIENTED_EDGE('',*,*,#8285,.T.);
#8438 = ORIENTED_EDGE('',*,*,#8412,.T.);
#8439 = ORIENTED_EDGE('',*,*,#8440,.T.);
#8440 = EDGE_CURVE('',#8385,#8441,#8443,.T.);
#8441 = VERTEX_POINT('',#8442);
#8442 = CARTESIAN_POINT('',(90.,199.7,17.5));
#8443 = SURFACE_CURVE('',#8444,(#8448,#8455),.PCURVE_S1.);
#8444 = LINE('',#8445,#8446);
#8445 = CARTESIAN_POINT('',(90.,199.7,0.));
#8446 = VECTOR('',#8447,1.);
#8447 = DIRECTION('',(0.,0.,1.));
#8448 = PCURVE('',#6683,#8449);
#8449 = DEFINITIONAL_REPRESENTATION('',(#8450),#8454);
#8450 = LINE('',#8451,#8452);
#8451 = CARTESIAN_POINT('',(0.,0.));
#8452 = VECTOR('',#8453,1.);
#8453 = DIRECTION('',(1.,0.));
#8454 = ( GEOMETRIC_REPRESENTATION_CONTEXT(2) 
PARAMETRIC_REPRESENTATION_CONTEXT() REPRESENTATION_CONTEXT('2D SPACE',''
  ) );
#8455 = PCURVE('',#8400,#8456);
#8456 = DEFINITIONAL_REPRESENTATION('',(#8457),#8461);
#8457 = LINE('',#8458,#8459);
#8458 = CARTESIAN_POINT('',(0.,-2.5));
#8459 = VECTOR('',#8460,1.);
#8460 = DIRECTION('',(1.,0.));
#8461 = ( GEOMETRIC_REPRESENTATION_CONTEXT(2) 
PARAMETRIC_REPRESENTATION_CONTEXT() REPRESENTATION_CONTEXT('2D SPACE',''
  ) );
#8462 = ORIENTED_EDGE('',*,*,#8463,.T.);
#8463 = EDGE_CURVE('',#8441,#8464,#8466,.T.);
#8464 = VERTEX_POINT('',#8465);
#8465 = CARTESIAN_POINT('',(93.9,199.7,17.5));
#8466 = SURFACE_CURVE('',#8467,(#8471,#8478),.PCURVE_S1.);
#8467 = LINE('',#8468,#8469);
#8468 = CARTESIAN_POINT('',(90.,199.7,17.5));
#8469 = VECTOR('',#8470,1.);
#8470 = DIRECTION('',(1.,0.,-0.));
#8471 = PCURVE('',#6683,#8472);
#8472 = DEFINITIONAL_REPRESENTATION('',(#8473),#8477);
#8473 = LINE('',#8474,#8475);
#8474 = CARTESIAN_POINT('',(17.5,0.));
#8475 = VECTOR('',#8476,1.);
#8476 = DIRECTION('',(0.,1.));
#8477 = ( GEOMETRIC_REPRESENTATION_CONTEXT(2) 
PARAMETRIC_REPRESENTATION_CONTEXT() REPRESENTATION_CONTEXT('2D SPACE',''
  ) );
#8478 = PCURVE('',#8479,#8484);
#8479 = PLANE('',#8480);
#8480 = AXIS2_PLACEMENT_3D('',#8481,#8482,#8483);
#8481 = CARTESIAN_POINT('',(90.,197.2,17.5));
#8482 = DIRECTION('',(0.,0.,1.));
#8483 = DIRECTION('',(1.,0.,-0.));
#8484 = DEFINITIONAL_REPRESENTATION('',(#8485),#8489);
#8485 = LINE('',#8486,#8487);
#8486 = CARTESIAN_POINT('',(0.,2.5));
#8487 = VECTOR('',#8488,1.);
#8488 = DIRECTION('',(1.,0.));
#8489 = ( GEOMETRIC_REPRESENTATION_CONTEXT(2) 
PARAMETRIC_REPRESENTATION_CONTEXT() REPRESENTATION_CONTEXT('2D SPACE',''
  ) );
#8490 = ORIENTED_EDGE('',*,*,#8491,.T.);
#8491 = EDGE_CURVE('',#8464,#8492,#8494,.T.);
#8492 = VERTEX_POINT('',#8493);
#8493 = CARTESIAN_POINT('',(98.,199.7,13.4));
#8494 = SURFACE_CURVE('',#8495,(#8500,#8507),.PCURVE_S1.);
#8495 = CIRCLE('',#8496,4.1);
#8496 = AXIS2_PLACEMENT_3D('',#8497,#8498,#8499);
#8497 = CARTESIAN_POINT('',(98.,199.7,17.5));
#8498 = DIRECTION('',(0.,1.,0.));
#8499 = DIRECTION('',(-1.,0.,-3.119455913093E-14));
#8500 = PCURVE('',#6683,#8501);
#8501 = DEFINITIONAL_REPRESENTATION('',(#8502),#8506);
#8502 = CIRCLE('',#8503,4.1);
#8503 = AXIS2_PLACEMENT_2D('',#8504,#8505);
#8504 = CARTESIAN_POINT('',(17.5,8.));
#8505 = DIRECTION('',(-3.119455913093E-14,-1.));
#8506 = ( GEOMETRIC_REPRESENTATION_CONTEXT(2) 
PARAMETRIC_REPRESENTATION_CONTEXT() REPRESENTATION_CONTEXT('2D SPACE',''
  ) );
#8507 = PCURVE('',#8508,#8513);
#8508 = TOROIDAL_SURFACE('',#8509,4.1,0.4);
#8509 = AXIS2_PLACEMENT_3D('',#8510,#8511,#8512);
#8510 = CARTESIAN_POINT('',(98.,199.3,17.5));
#8511 = DIRECTION('',(0.,1.,0.));
#8512 = DIRECTION('',(0.,-0.,1.));
#8513 = DEFINITIONAL_REPRESENTATION('',(#8514),#8518);
#8514 = LINE('',#8515,#8516);
#8515 = CARTESIAN_POINT('',(-1.570796326795,1.570796326795));
#8516 = VECTOR('',#8517,1.);
#8517 = DIRECTION('',(1.,0.));
#8518 = ( GEOMETRIC_REPRESENTATION_CONTEXT(2) 
PARAMETRIC_REPRESENTATION_CONTEXT() REPRESENTATION_CONTEXT('2D SPACE',''
  ) );
#8519 = ORIENTED_EDGE('',*,*,#8520,.F.);
#8520 = EDGE_CURVE('',#6640,#8492,#8521,.T.);
#8521 = SURFACE_CURVE('',#8522,(#8526,#8533),.PCURVE_S1.);
#8522 = LINE('',#8523,#8524);
#8523 = CARTESIAN_POINT('',(98.,199.7,0.));
#8524 = VECTOR('',#8525,1.);
#8525 = DIRECTION('',(0.,0.,1.));
#8526 = PCURVE('',#6683,#8527);
#8527 = DEFINITIONAL_REPRESENTATION('',(#8528),#8532);
#8528 = LINE('',#8529,#8530);
#8529 = CARTESIAN_POINT('',(0.,8.));
#8530 = VECTOR('',#8531,1.);
#8531 = DIRECTION('',(1.,0.));
#8532 = ( GEOMETRIC_REPRESENTATION_CONTEXT(2) 
PARAMETRIC_REPRESENTATION_CONTEXT() REPRESENTATION_CONTEXT('2D SPACE',''
  ) );
#8533 = PCURVE('',#6655,#8534);
#8534 = DEFINITIONAL_REPRESENTATION('',(#8535),#8539);
#8535 = LINE('',#8536,#8537);
#8536 = CARTESIAN_POINT('',(0.,-2.5));
#8537 = VECTOR('',#8538,1.);
#8538 = DIRECTION('',(1.,0.));
#8539 = ( GEOMETRIC_REPRESENTATION_CONTEXT(2) 
PARAMETRIC_REPRESENTATION_CONTEXT() REPRESENTATION_CONTEXT('2D SPACE',''
  ) );
#8540 = ADVANCED_FACE('',(#8541),#6655,.T.);
#8541 = FACE_BOUND('',#8542,.T.);
#8542 = EDGE_LOOP('',(#8543,#8566,#8567,#8568,#8591,#8618));
#8543 = ORIENTED_EDGE('',*,*,#8544,.F.);
#8544 = EDGE_CURVE('',#6612,#8545,#8547,.T.);
#8545 = VERTEX_POINT('',#8546);
#8546 = CARTESIAN_POINT('',(98.,197.2,13.4));
#8547 = SURFACE_CURVE('',#8548,(#8552,#8559),.PCURVE_S1.);
#8548 = LINE('',#8549,#8550);
#8549 = CARTESIAN_POINT('',(98.,197.2,0.));
#8550 = VECTOR('',#8551,1.);
#8551 = DIRECTION('',(0.,0.,1.));
#8552 = PCURVE('',#6655,#8553);
#8553 = DEFINITIONAL_REPRESENTATION('',(#8554),#8558);
#8554 = LINE('',#8555,#8556);
#8555 = CARTESIAN_POINT('',(0.,0.));
#8556 = VECTOR('',#8557,1.);
#8557 = DIRECTION('',(1.,0.));
#8558 = ( GEOMETRIC_REPRESENTATION_CONTEXT(2) 
PARAMETRIC_REPRESENTATION_CONTEXT() REPRESENTATION_CONTEXT('2D SPACE',''
  ) );
#8559 = PCURVE('',#6627,#8560);
#8560 = DEFINITIONAL_REPRESENTATION('',(#8561),#8565);
#8561 = LINE('',#8562,#8563);
#8562 = CARTESIAN_POINT('',(0.,8.));
#8563 = VECTOR('',#8564,1.);
#8564 = DIRECTION('',(1.,0.));
#8565 = ( GEOMETRIC_REPRESENTATION_CONTEXT(2) 
PARAMETRIC_REPRESENTATION_CONTEXT() REPRESENTATION_CONTEXT('2D SPACE',''
  ) );
#8566 = ORIENTED_EDGE('',*,*,#6639,.T.);
#8567 = ORIENTED_EDGE('',*,*,#8520,.T.);
#8568 = ORIENTED_EDGE('',*,*,#8569,.F.);
#8569 = EDGE_CURVE('',#8570,#8492,#8572,.T.);
#8570 = VERTEX_POINT('',#8571);
#8571 = CARTESIAN_POINT('',(98.,199.3,13.));
#8572 = SURFACE_CURVE('',#8573,(#8578,#8585),.PCURVE_S1.);
#8573 = CIRCLE('',#8574,0.4);
#8574 = AXIS2_PLACEMENT_3D('',#8575,#8576,#8577);
#8575 = CARTESIAN_POINT('',(98.,199.3,13.4));
#8576 = DIRECTION('',(1.,0.,-0.));
#8577 = DIRECTION('',(0.,0.,1.));
#8578 = PCURVE('',#6655,#8579);
#8579 = DEFINITIONAL_REPRESENTATION('',(#8580),#8584);
#8580 = CIRCLE('',#8581,0.4);
#8581 = AXIS2_PLACEMENT_2D('',#8582,#8583);
#8582 = CARTESIAN_POINT('',(13.4,-2.1));
#8583 = DIRECTION('',(1.,0.));
#8584 = ( GEOMETRIC_REPRESENTATION_CONTEXT(2) 
PARAMETRIC_REPRESENTATION_CONTEXT() REPRESENTATION_CONTEXT('2D SPACE',''
  ) );
#8585 = PCURVE('',#8508,#8586);
#8586 = DEFINITIONAL_REPRESENTATION('',(#8587),#8590);
#8587 = B_SPLINE_CURVE_WITH_KNOTS('',1,(#8588,#8589),.UNSPECIFIED.,.F.,
  .F.,(2,2),(3.14159265359,4.712388980385),.PIECEWISE_BEZIER_KNOTS.);
#8588 = CARTESIAN_POINT('',(3.141592653589,0.));
#8589 = CARTESIAN_POINT('',(3.141592653589,1.570796326795));
#8590 = ( GEOMETRIC_REPRESENTATION_CONTEXT(2) 
PARAMETRIC_REPRESENTATION_CONTEXT() REPRESENTATION_CONTEXT('2D SPACE',''
  ) );
#8591 = ORIENTED_EDGE('',*,*,#8592,.F.);
#8592 = EDGE_CURVE('',#8593,#8570,#8595,.T.);
#8593 = VERTEX_POINT('',#8594);
#8594 = CARTESIAN_POINT('',(98.,197.6,13.));
#8595 = SURFACE_CURVE('',#8596,(#8600,#8607),.PCURVE_S1.);
#8596 = LINE('',#8597,#8598);
#8597 = CARTESIAN_POINT('',(98.,197.2,13.));
#8598 = VECTOR('',#8599,1.);
#8599 = DIRECTION('',(0.,1.,0.));
#8600 = PCURVE('',#6655,#8601);
#8601 = DEFINITIONAL_REPRESENTATION('',(#8602),#8606);
#8602 = LINE('',#8603,#8604);
#8603 = CARTESIAN_POINT('',(13.,0.));
#8604 = VECTOR('',#8605,1.);
#8605 = DIRECTION('',(0.,-1.));
#8606 = ( GEOMETRIC_REPRESENTATION_CONTEXT(2) 
PARAMETRIC_REPRESENTATION_CONTEXT() REPRESENTATION_CONTEXT('2D SPACE',''
  ) );
#8607 = PCURVE('',#8608,#8613);
#8608 = CYLINDRICAL_SURFACE('',#8609,4.5);
#8609 = AXIS2_PLACEMENT_3D('',#8610,#8611,#8612);
#8610 = CARTESIAN_POINT('',(98.,197.2,17.5));
#8611 = DIRECTION('',(0.,1.,0.));
#8612 = DIRECTION('',(0.,-0.,1.));
#8613 = DEFINITIONAL_REPRESENTATION('',(#8614),#8617);
#8614 = B_SPLINE_CURVE_WITH_KNOTS('',1,(#8615,#8616),.UNSPECIFIED.,.F.,
  .F.,(2,2),(0.4,2.1),.PIECEWISE_BEZIER_KNOTS.);
#8615 = CARTESIAN_POINT('',(3.141592653589,0.4));
#8616 = CARTESIAN_POINT('',(3.141592653589,2.1));
#8617 = ( GEOMETRIC_REPRESENTATION_CONTEXT(2) 
PARAMETRIC_REPRESENTATION_CONTEXT() REPRESENTATION_CONTEXT('2D SPACE',''
  ) );
#8618 = ORIENTED_EDGE('',*,*,#8619,.F.);
#8619 = EDGE_CURVE('',#8545,#8593,#8620,.T.);
#8620 = SURFACE_CURVE('',#8621,(#8626,#8633),.PCURVE_S1.);
#8621 = CIRCLE('',#8622,0.4);
#8622 = AXIS2_PLACEMENT_3D('',#8623,#8624,#8625);
#8623 = CARTESIAN_POINT('',(98.,197.6,13.4));
#8624 = DIRECTION('',(1.,0.,-0.));
#8625 = DIRECTION('',(0.,0.,1.));
#8626 = PCURVE('',#6655,#8627);
#8627 = DEFINITIONAL_REPRESENTATION('',(#8628),#8632);
#8628 = CIRCLE('',#8629,0.4);
#8629 = AXIS2_PLACEMENT_2D('',#8630,#8631);
#8630 = CARTESIAN_POINT('',(13.4,-0.4));
#8631 = DIRECTION('',(1.,0.));
#8632 = ( GEOMETRIC_REPRESENTATION_CONTEXT(2) 
PARAMETRIC_REPRESENTATION_CONTEXT() REPRESENTATION_CONTEXT('2D SPACE',''
  ) );
#8633 = PCURVE('',#8634,#8639);
#8634 = TOROIDAL_SURFACE('',#8635,4.1,0.4);
#8635 = AXIS2_PLACEMENT_3D('',#8636,#8637,#8638);
#8636 = CARTESIAN_POINT('',(98.,197.6,17.5));
#8637 = DIRECTION('',(-0.,-1.,-0.));
#8638 = DIRECTION('',(0.,-0.,1.));
#8639 = DEFINITIONAL_REPRESENTATION('',(#8640),#8643);
#8640 = B_SPLINE_CURVE_WITH_KNOTS('',1,(#8641,#8642),.UNSPECIFIED.,.F.,
  .F.,(2,2),(1.570796326795,3.14159265359),.PIECEWISE_BEZIER_KNOTS.);
#8641 = CARTESIAN_POINT('',(3.14159265359,1.570796326795));
#8642 = CARTESIAN_POINT('',(3.14159265359,0.));
#8643 = ( GEOMETRIC_REPRESENTATION_CONTEXT(2) 
PARAMETRIC_REPRESENTATION_CONTEXT() REPRESENTATION_CONTEXT('2D SPACE',''
  ) );
#8644 = ADVANCED_FACE('',(#8645,#8743),#6627,.F.);
#8645 = FACE_BOUND('',#8646,.F.);
#8646 = EDGE_LOOP('',(#8647,#8648,#8669,#8670,#8693,#8716,#8742));
#8647 = ORIENTED_EDGE('',*,*,#6611,.F.);
#8648 = ORIENTED_EDGE('',*,*,#8649,.T.);
#8649 = EDGE_CURVE('',#6584,#8339,#8650,.T.);
#8650 = SURFACE_CURVE('',#8651,(#8655,#8662),.PCURVE_S1.);
#8651 = LINE('',#8652,#8653);
#8652 = CARTESIAN_POINT('',(90.2,197.2,0.));
#8653 = VECTOR('',#8654,1.);
#8654 = DIRECTION('',(0.,0.,1.));
#8655 = PCURVE('',#6627,#8656);
#8656 = DEFINITIONAL_REPRESENTATION('',(#8657),#8661);
#8657 = LINE('',#8658,#8659);
#8658 = CARTESIAN_POINT('',(0.,0.2));
#8659 = VECTOR('',#8660,1.);
#8660 = DIRECTION('',(1.,0.));
#8661 = ( GEOMETRIC_REPRESENTATION_CONTEXT(2) 
PARAMETRIC_REPRESENTATION_CONTEXT() REPRESENTATION_CONTEXT('2D SPACE',''
  ) );
#8662 = PCURVE('',#6599,#8663);
#8663 = DEFINITIONAL_REPRESENTATION('',(#8664),#8668);
#8664 = LINE('',#8665,#8666);
#8665 = CARTESIAN_POINT('',(0.,-197.2));
#8666 = VECTOR('',#8667,1.);
#8667 = DIRECTION('',(1.,0.));
#8668 = ( GEOMETRIC_REPRESENTATION_CONTEXT(2) 
PARAMETRIC_REPRESENTATION_CONTEXT() REPRESENTATION_CONTEXT('2D SPACE',''
  ) );
#8669 = ORIENTED_EDGE('',*,*,#8361,.T.);
#8670 = ORIENTED_EDGE('',*,*,#8671,.T.);
#8671 = EDGE_CURVE('',#8362,#8672,#8674,.T.);
#8672 = VERTEX_POINT('',#8673);
#8673 = CARTESIAN_POINT('',(90.,197.2,17.5));
#8674 = SURFACE_CURVE('',#8675,(#8679,#8686),.PCURVE_S1.);
#8675 = LINE('',#8676,#8677);
#8676 = CARTESIAN_POINT('',(90.,197.2,0.));
#8677 = VECTOR('',#8678,1.);
#8678 = DIRECTION('',(0.,0.,1.));
#8679 = PCURVE('',#6627,#8680);
#8680 = DEFINITIONAL_REPRESENTATION('',(#8681),#8685);
#8681 = LINE('',#8682,#8683);
#8682 = CARTESIAN_POINT('',(0.,0.));
#8683 = VECTOR('',#8684,1.);
#8684 = DIRECTION('',(1.,0.));
#8685 = ( GEOMETRIC_REPRESENTATION_CONTEXT(2) 
PARAMETRIC_REPRESENTATION_CONTEXT() REPRESENTATION_CONTEXT('2D SPACE',''
  ) );
#8686 = PCURVE('',#8400,#8687);
#8687 = DEFINITIONAL_REPRESENTATION('',(#8688),#8692);
#8688 = LINE('',#8689,#8690);
#8689 = CARTESIAN_POINT('',(0.,0.));
#8690 = VECTOR('',#8691,1.);
#8691 = DIRECTION('',(1.,0.));
#8692 = ( GEOMETRIC_REPRESENTATION_CONTEXT(2) 
PARAMETRIC_REPRESENTATION_CONTEXT() REPRESENTATION_CONTEXT('2D SPACE',''
  ) );
#8693 = ORIENTED_EDGE('',*,*,#8694,.T.);
#8694 = EDGE_CURVE('',#8672,#8695,#8697,.T.);
#8695 = VERTEX_POINT('',#8696);
#8696 = CARTESIAN_POINT('',(93.9,197.2,17.5));
#8697 = SURFACE_CURVE('',#8698,(#8702,#8709),.PCURVE_S1.);
#8698 = LINE('',#8699,#8700);
#8699 = CARTESIAN_POINT('',(90.,197.2,17.5));
#8700 = VECTOR('',#8701,1.);
#8701 = DIRECTION('',(1.,0.,-0.));
#8702 = PCURVE('',#6627,#8703);
#8703 = DEFINITIONAL_REPRESENTATION('',(#8704),#8708);
#8704 = LINE('',#8705,#8706);
#8705 = CARTESIAN_POINT('',(17.5,0.));
#8706 = VECTOR('',#8707,1.);
#8707 = DIRECTION('',(0.,1.));
#8708 = ( GEOMETRIC_REPRESENTATION_CONTEXT(2) 
PARAMETRIC_REPRESENTATION_CONTEXT() REPRESENTATION_CONTEXT('2D SPACE',''
  ) );
#8709 = PCURVE('',#8479,#8710);
#8710 = DEFINITIONAL_REPRESENTATION('',(#8711),#8715);
#8711 = LINE('',#8712,#8713);
#8712 = CARTESIAN_POINT('',(0.,0.));
#8713 = VECTOR('',#8714,1.);
#8714 = DIRECTION('',(1.,0.));
#8715 = ( GEOMETRIC_REPRESENTATION_CONTEXT(2) 
PARAMETRIC_REPRESENTATION_CONTEXT() REPRESENTATION_CONTEXT('2D SPACE',''
  ) );
#8716 = ORIENTED_EDGE('',*,*,#8717,.F.);
#8717 = EDGE_CURVE('',#8545,#8695,#8718,.T.);
#8718 = SURFACE_CURVE('',#8719,(#8724,#8735),.PCURVE_S1.);
#8719 = CIRCLE('',#8720,4.1);
#8720 = AXIS2_PLACEMENT_3D('',#8721,#8722,#8723);
#8721 = CARTESIAN_POINT('',(98.,197.2,17.5));
#8722 = DIRECTION('',(0.,-1.,0.));
#8723 = DIRECTION('',(2.079637275395E-14,0.,-1.));
#8724 = PCURVE('',#6627,#8725);
#8725 = DEFINITIONAL_REPRESENTATION('',(#8726),#8734);
#8726 = ( BOUNDED_CURVE() B_SPLINE_CURVE(2,(#8727,#8728,#8729,#8730,
#8731,#8732,#8733),.UNSPECIFIED.,.T.,.F.) B_SPLINE_CURVE_WITH_KNOTS((1,2
    ,2,2,2,1),(-2.094395102393,0.,2.094395102393,4.188790204786,
6.28318530718,8.377580409573),.UNSPECIFIED.) CURVE() 
GEOMETRIC_REPRESENTATION_ITEM() RATIONAL_B_SPLINE_CURVE((1.,0.5,1.,0.5,
1.,0.5,1.)) REPRESENTATION_ITEM('') );
#8727 = CARTESIAN_POINT('',(13.4,8.));
#8728 = CARTESIAN_POINT('',(13.4,15.101408311032));
#8729 = CARTESIAN_POINT('',(19.55,11.550704155516));
#8730 = CARTESIAN_POINT('',(25.7,8.));
#8731 = CARTESIAN_POINT('',(19.55,4.449295844484));
#8732 = CARTESIAN_POINT('',(13.4,0.898591688968));
#8733 = CARTESIAN_POINT('',(13.4,8.));
#8734 = ( GEOMETRIC_REPRESENTATION_CONTEXT(2) 
PARAMETRIC_REPRESENTATION_CONTEXT() REPRESENTATION_CONTEXT('2D SPACE',''
  ) );
#8735 = PCURVE('',#8634,#8736);
#8736 = DEFINITIONAL_REPRESENTATION('',(#8737),#8741);
#8737 = LINE('',#8738,#8739);
#8738 = CARTESIAN_POINT('',(3.14159265359,1.570796326795));
#8739 = VECTOR('',#8740,1.);
#8740 = DIRECTION('',(1.,-0.));
#8741 = ( GEOMETRIC_REPRESENTATION_CONTEXT(2) 
PARAMETRIC_REPRESENTATION_CONTEXT() REPRESENTATION_CONTEXT('2D SPACE',''
  ) );
#8742 = ORIENTED_EDGE('',*,*,#8544,.F.);
#8743 = FACE_BOUND('',#8744,.F.);
#8744 = EDGE_LOOP('',(#8745));
#8745 = ORIENTED_EDGE('',*,*,#8746,.F.);
#8746 = EDGE_CURVE('',#8747,#8747,#8749,.T.);
#8747 = VERTEX_POINT('',#8748);
#8748 = CARTESIAN_POINT('',(98.,197.2,19.5));
#8749 = SURFACE_CURVE('',#8750,(#8755,#8762),.PCURVE_S1.);
#8750 = CIRCLE('',#8751,2.);
#8751 = AXIS2_PLACEMENT_3D('',#8752,#8753,#8754);
#8752 = CARTESIAN_POINT('',(98.,197.2,17.5));
#8753 = DIRECTION('',(0.,1.,0.));
#8754 = DIRECTION('',(0.,-0.,1.));
#8755 = PCURVE('',#6627,#8756);
#8756 = DEFINITIONAL_REPRESENTATION('',(#8757),#8761);
#8757 = CIRCLE('',#8758,2.);
#8758 = AXIS2_PLACEMENT_2D('',#8759,#8760);
#8759 = CARTESIAN_POINT('',(17.5,8.));
#8760 = DIRECTION('',(1.,0.));
#8761 = ( GEOMETRIC_REPRESENTATION_CONTEXT(2) 
PARAMETRIC_REPRESENTATION_CONTEXT() REPRESENTATION_CONTEXT('2D SPACE',''
  ) );
#8762 = PCURVE('',#8763,#8768);
#8763 = CYLINDRICAL_SURFACE('',#8764,2.);
#8764 = AXIS2_PLACEMENT_3D('',#8765,#8766,#8767);
#8765 = CARTESIAN_POINT('',(98.,190.7,17.5));
#8766 = DIRECTION('',(0.,1.,0.));
#8767 = DIRECTION('',(0.,-0.,1.));
#8768 = DEFINITIONAL_REPRESENTATION('',(#8769),#8773);
#8769 = LINE('',#8770,#8771);
#8770 = CARTESIAN_POINT('',(0.,6.5));
#8771 = VECTOR('',#8772,1.);
#8772 = DIRECTION('',(1.,0.));
#8773 = ( GEOMETRIC_REPRESENTATION_CONTEXT(2) 
PARAMETRIC_REPRESENTATION_CONTEXT() REPRESENTATION_CONTEXT('2D SPACE',''
  ) );
#8774 = ADVANCED_FACE('',(#8775),#6599,.T.);
#8775 = FACE_BOUND('',#8776,.T.);
#8776 = EDGE_LOOP('',(#8777,#8778,#8799,#8800));
#8777 = ORIENTED_EDGE('',*,*,#8338,.F.);
#8778 = ORIENTED_EDGE('',*,*,#8779,.F.);
#8779 = EDGE_CURVE('',#6556,#8316,#8780,.T.);
#8780 = SURFACE_CURVE('',#8781,(#8785,#8792),.PCURVE_S1.);
#8781 = LINE('',#8782,#8783);
#8782 = CARTESIAN_POINT('',(90.2,196.95,8.75));
#8783 = VECTOR('',#8784,1.);
#8784 = DIRECTION('',(0.,-0.,1.));
#8785 = PCURVE('',#6599,#8786);
#8786 = DEFINITIONAL_REPRESENTATION('',(#8787),#8791);
#8787 = LINE('',#8788,#8789);
#8788 = CARTESIAN_POINT('',(8.75,-196.95));
#8789 = VECTOR('',#8790,1.);
#8790 = DIRECTION('',(1.,0.));
#8791 = ( GEOMETRIC_REPRESENTATION_CONTEXT(2) 
PARAMETRIC_REPRESENTATION_CONTEXT() REPRESENTATION_CONTEXT('2D SPACE',''
  ) );
#8792 = PCURVE('',#6571,#8793);
#8793 = DEFINITIONAL_REPRESENTATION('',(#8794),#8798);
#8794 = LINE('',#8795,#8796);
#8795 = CARTESIAN_POINT('',(-8.75,-7.8));
#8796 = VECTOR('',#8797,1.);
#8797 = DIRECTION('',(1.,0.));
#8798 = ( GEOMETRIC_REPRESENTATION_CONTEXT(2) 
PARAMETRIC_REPRESENTATION_CONTEXT() REPRESENTATION_CONTEXT('2D SPACE',''
  ) );
#8799 = ORIENTED_EDGE('',*,*,#6583,.T.);
#8800 = ORIENTED_EDGE('',*,*,#8649,.T.);
#8801 = ADVANCED_FACE('',(#8802),#6571,.F.);
#8802 = FACE_BOUND('',#8803,.F.);
#8803 = EDGE_LOOP('',(#8804,#8805,#8806,#8807));
#8804 = ORIENTED_EDGE('',*,*,#6768,.T.);
#8805 = ORIENTED_EDGE('',*,*,#8315,.F.);
#8806 = ORIENTED_EDGE('',*,*,#8779,.F.);
#8807 = ORIENTED_EDGE('',*,*,#6555,.T.);
#8808 = ADVANCED_FACE('',(#8809),#6498,.T.);
#8809 = FACE_BOUND('',#8810,.T.);
#8810 = EDGE_LOOP('',(#8811,#8834,#8855,#8856));
#8811 = ORIENTED_EDGE('',*,*,#8812,.F.);
#8812 = EDGE_CURVE('',#8813,#6872,#8815,.T.);
#8813 = VERTEX_POINT('',#8814);
#8814 = CARTESIAN_POINT('',(90.2,193.2,3.4));
#8815 = SURFACE_CURVE('',#8816,(#8820,#8827),.PCURVE_S1.);
#8816 = LINE('',#8817,#8818);
#8817 = CARTESIAN_POINT('',(90.2,0.,3.4));
#8818 = VECTOR('',#8819,1.);
#8819 = DIRECTION('',(-0.,1.,0.));
#8820 = PCURVE('',#6498,#8821);
#8821 = DEFINITIONAL_REPRESENTATION('',(#8822),#8826);
#8822 = LINE('',#8823,#8824);
#8823 = CARTESIAN_POINT('',(3.4,0.));
#8824 = VECTOR('',#8825,1.);
#8825 = DIRECTION('',(0.,-1.));
#8826 = ( GEOMETRIC_REPRESENTATION_CONTEXT(2) 
PARAMETRIC_REPRESENTATION_CONTEXT() REPRESENTATION_CONTEXT('2D SPACE',''
  ) );
#8827 = PCURVE('',#6887,#8828);
#8828 = DEFINITIONAL_REPRESENTATION('',(#8829),#8833);
#8829 = LINE('',#8830,#8831);
#8830 = CARTESIAN_POINT('',(79.,-2.4));
#8831 = VECTOR('',#8832,1.);
#8832 = DIRECTION('',(0.,1.));
#8833 = ( GEOMETRIC_REPRESENTATION_CONTEXT(2) 
PARAMETRIC_REPRESENTATION_CONTEXT() REPRESENTATION_CONTEXT('2D SPACE',''
  ) );
#8834 = ORIENTED_EDGE('',*,*,#8835,.F.);
#8835 = EDGE_CURVE('',#6455,#8813,#8836,.T.);
#8836 = SURFACE_CURVE('',#8837,(#8841,#8848),.PCURVE_S1.);
#8837 = LINE('',#8838,#8839);
#8838 = CARTESIAN_POINT('',(90.2,193.2,0.));
#8839 = VECTOR('',#8840,1.);
#8840 = DIRECTION('',(0.,0.,1.));
#8841 = PCURVE('',#6498,#8842);
#8842 = DEFINITIONAL_REPRESENTATION('',(#8843),#8847);
#8843 = LINE('',#8844,#8845);
#8844 = CARTESIAN_POINT('',(0.,-193.2));
#8845 = VECTOR('',#8846,1.);
#8846 = DIRECTION('',(1.,0.));
#8847 = ( GEOMETRIC_REPRESENTATION_CONTEXT(2) 
PARAMETRIC_REPRESENTATION_CONTEXT() REPRESENTATION_CONTEXT('2D SPACE',''
  ) );
#8848 = PCURVE('',#6470,#8849);
#8849 = DEFINITIONAL_REPRESENTATION('',(#8850),#8854);
#8850 = LINE('',#8851,#8852);
#8851 = CARTESIAN_POINT('',(0.,0.2));
#8852 = VECTOR('',#8853,1.);
#8853 = DIRECTION('',(1.,0.));
#8854 = ( GEOMETRIC_REPRESENTATION_CONTEXT(2) 
PARAMETRIC_REPRESENTATION_CONTEXT() REPRESENTATION_CONTEXT('2D SPACE',''
  ) );
#8855 = ORIENTED_EDGE('',*,*,#6482,.T.);
#8856 = ORIENTED_EDGE('',*,*,#6899,.T.);
#8857 = ADVANCED_FACE('',(#8858,#8952),#6470,.T.);
#8858 = FACE_BOUND('',#8859,.T.);
#8859 = EDGE_LOOP('',(#8860,#8861,#8862,#8885,#8906,#8907,#8931));
#8860 = ORIENTED_EDGE('',*,*,#6454,.F.);
#8861 = ORIENTED_EDGE('',*,*,#8835,.T.);
#8862 = ORIENTED_EDGE('',*,*,#8863,.T.);
#8863 = EDGE_CURVE('',#8813,#8864,#8866,.T.);
#8864 = VERTEX_POINT('',#8865);
#8865 = CARTESIAN_POINT('',(90.1,193.2,3.4));
#8866 = SURFACE_CURVE('',#8867,(#8871,#8878),.PCURVE_S1.);
#8867 = LINE('',#8868,#8869);
#8868 = CARTESIAN_POINT('',(50.6,193.2,3.4));
#8869 = VECTOR('',#8870,1.);
#8870 = DIRECTION('',(-1.,-0.,0.));
#8871 = PCURVE('',#6470,#8872);
#8872 = DEFINITIONAL_REPRESENTATION('',(#8873),#8877);
#8873 = LINE('',#8874,#8875);
#8874 = CARTESIAN_POINT('',(3.4,-39.4));
#8875 = VECTOR('',#8876,1.);
#8876 = DIRECTION('',(0.,-1.));
#8877 = ( GEOMETRIC_REPRESENTATION_CONTEXT(2) 
PARAMETRIC_REPRESENTATION_CONTEXT() REPRESENTATION_CONTEXT('2D SPACE',''
  ) );
#8878 = PCURVE('',#6887,#8879);
#8879 = DEFINITIONAL_REPRESENTATION('',(#8880),#8884);
#8880 = LINE('',#8881,#8882);
#8881 = CARTESIAN_POINT('',(39.4,190.8));
#8882 = VECTOR('',#8883,1.);
#8883 = DIRECTION('',(-1.,0.));
#8884 = ( GEOMETRIC_REPRESENTATION_CONTEXT(2) 
PARAMETRIC_REPRESENTATION_CONTEXT() REPRESENTATION_CONTEXT('2D SPACE',''
  ) );
#8885 = ORIENTED_EDGE('',*,*,#8886,.T.);
#8886 = EDGE_CURVE('',#8864,#7031,#8887,.T.);
#8887 = SURFACE_CURVE('',#8888,(#8892,#8899),.PCURVE_S1.);
#8888 = LINE('',#8889,#8890);
#8889 = CARTESIAN_POINT('',(90.1,193.2,-0.5));
#8890 = VECTOR('',#8891,1.);
#8891 = DIRECTION('',(0.,0.,1.));
#8892 = PCURVE('',#6470,#8893);
#8893 = DEFINITIONAL_REPRESENTATION('',(#8894),#8898);
#8894 = LINE('',#8895,#8896);
#8895 = CARTESIAN_POINT('',(-0.5,9.999999999999E-02));
#8896 = VECTOR('',#8897,1.);
#8897 = DIRECTION('',(1.,0.));
#8898 = ( GEOMETRIC_REPRESENTATION_CONTEXT(2) 
PARAMETRIC_REPRESENTATION_CONTEXT() REPRESENTATION_CONTEXT('2D SPACE',''
  ) );
#8899 = PCURVE('',#6859,#8900);
#8900 = DEFINITIONAL_REPRESENTATION('',(#8901),#8905);
#8901 = LINE('',#8902,#8903);
#8902 = CARTESIAN_POINT('',(0.5,-2.8));
#8903 = VECTOR('',#8904,1.);
#8904 = DIRECTION('',(1.,0.));
#8905 = ( GEOMETRIC_REPRESENTATION_CONTEXT(2) 
PARAMETRIC_REPRESENTATION_CONTEXT() REPRESENTATION_CONTEXT('2D SPACE',''
  ) );
#8906 = ORIENTED_EDGE('',*,*,#7030,.T.);
#8907 = ORIENTED_EDGE('',*,*,#8908,.T.);
#8908 = EDGE_CURVE('',#7003,#8909,#8911,.T.);
#8909 = VERTEX_POINT('',#8910);
#8910 = CARTESIAN_POINT('',(98.,193.2,13.4));
#8911 = SURFACE_CURVE('',#8912,(#8917,#8924),.PCURVE_S1.);
#8912 = CIRCLE('',#8913,4.1);
#8913 = AXIS2_PLACEMENT_3D('',#8914,#8915,#8916);
#8914 = CARTESIAN_POINT('',(98.,193.2,17.5));
#8915 = DIRECTION('',(0.,1.,0.));
#8916 = DIRECTION('',(-1.,0.,-3.119455913093E-14));
#8917 = PCURVE('',#6470,#8918);
#8918 = DEFINITIONAL_REPRESENTATION('',(#8919),#8923);
#8919 = CIRCLE('',#8920,4.1);
#8920 = AXIS2_PLACEMENT_2D('',#8921,#8922);
#8921 = CARTESIAN_POINT('',(17.5,8.));
#8922 = DIRECTION('',(-3.119455913093E-14,-1.));
#8923 = ( GEOMETRIC_REPRESENTATION_CONTEXT(2) 
PARAMETRIC_REPRESENTATION_CONTEXT() REPRESENTATION_CONTEXT('2D SPACE',''
  ) );
#8924 = PCURVE('',#7019,#8925);
#8925 = DEFINITIONAL_REPRESENTATION('',(#8926),#8930);
#8926 = LINE('',#8927,#8928);
#8927 = CARTESIAN_POINT('',(-1.570796326795,1.570796326795));
#8928 = VECTOR('',#8929,1.);
#8929 = DIRECTION('',(1.,0.));
#8930 = ( GEOMETRIC_REPRESENTATION_CONTEXT(2) 
PARAMETRIC_REPRESENTATION_CONTEXT() REPRESENTATION_CONTEXT('2D SPACE',''
  ) );
#8931 = ORIENTED_EDGE('',*,*,#8932,.F.);
#8932 = EDGE_CURVE('',#6427,#8909,#8933,.T.);
#8933 = SURFACE_CURVE('',#8934,(#8938,#8945),.PCURVE_S1.);
#8934 = LINE('',#8935,#8936);
#8935 = CARTESIAN_POINT('',(98.,193.2,0.));
#8936 = VECTOR('',#8937,1.);
#8937 = DIRECTION('',(0.,0.,1.));
#8938 = PCURVE('',#6470,#8939);
#8939 = DEFINITIONAL_REPRESENTATION('',(#8940),#8944);
#8940 = LINE('',#8941,#8942);
#8941 = CARTESIAN_POINT('',(0.,8.));
#8942 = VECTOR('',#8943,1.);
#8943 = DIRECTION('',(1.,0.));
#8944 = ( GEOMETRIC_REPRESENTATION_CONTEXT(2) 
PARAMETRIC_REPRESENTATION_CONTEXT() REPRESENTATION_CONTEXT('2D SPACE',''
  ) );
#8945 = PCURVE('',#6442,#8946);
#8946 = DEFINITIONAL_REPRESENTATION('',(#8947),#8951);
#8947 = LINE('',#8948,#8949);
#8948 = CARTESIAN_POINT('',(0.,-2.5));
#8949 = VECTOR('',#8950,1.);
#8950 = DIRECTION('',(1.,0.));
#8951 = ( GEOMETRIC_REPRESENTATION_CONTEXT(2) 
PARAMETRIC_REPRESENTATION_CONTEXT() REPRESENTATION_CONTEXT('2D SPACE',''
  ) );
#8952 = FACE_BOUND('',#8953,.T.);
#8953 = EDGE_LOOP('',(#8954));
#8954 = ORIENTED_EDGE('',*,*,#8955,.F.);
#8955 = EDGE_CURVE('',#8956,#8956,#8958,.T.);
#8956 = VERTEX_POINT('',#8957);
#8957 = CARTESIAN_POINT('',(98.,193.2,19.5));
#8958 = SURFACE_CURVE('',#8959,(#8964,#8971),.PCURVE_S1.);
#8959 = CIRCLE('',#8960,2.);
#8960 = AXIS2_PLACEMENT_3D('',#8961,#8962,#8963);
#8961 = CARTESIAN_POINT('',(98.,193.2,17.5));
#8962 = DIRECTION('',(0.,1.,0.));
#8963 = DIRECTION('',(0.,-0.,1.));
#8964 = PCURVE('',#6470,#8965);
#8965 = DEFINITIONAL_REPRESENTATION('',(#8966),#8970);
#8966 = CIRCLE('',#8967,2.);
#8967 = AXIS2_PLACEMENT_2D('',#8968,#8969);
#8968 = CARTESIAN_POINT('',(17.5,8.));
#8969 = DIRECTION('',(1.,0.));
#8970 = ( GEOMETRIC_REPRESENTATION_CONTEXT(2) 
PARAMETRIC_REPRESENTATION_CONTEXT() REPRESENTATION_CONTEXT('2D SPACE',''
  ) );
#8971 = PCURVE('',#8763,#8972);
#8972 = DEFINITIONAL_REPRESENTATION('',(#8973),#8977);
#8973 = LINE('',#8974,#8975);
#8974 = CARTESIAN_POINT('',(0.,2.5));
#8975 = VECTOR('',#8976,1.);
#8976 = DIRECTION('',(1.,0.));
#8977 = ( GEOMETRIC_REPRESENTATION_CONTEXT(2) 
PARAMETRIC_REPRESENTATION_CONTEXT() REPRESENTATION_CONTEXT('2D SPACE',''
  ) );
#8978 = ADVANCED_FACE('',(#8979),#6442,.T.);
#8979 = FACE_BOUND('',#8980,.T.);
#8980 = EDGE_LOOP('',(#8981,#8982,#8983,#8984,#9007,#9029));
#8981 = ORIENTED_EDGE('',*,*,#7209,.F.);
#8982 = ORIENTED_EDGE('',*,*,#6426,.T.);
#8983 = ORIENTED_EDGE('',*,*,#8932,.T.);
#8984 = ORIENTED_EDGE('',*,*,#8985,.F.);
#8985 = EDGE_CURVE('',#8986,#8909,#8988,.T.);
#8986 = VERTEX_POINT('',#8987);
#8987 = CARTESIAN_POINT('',(98.,192.8,13.));
#8988 = SURFACE_CURVE('',#8989,(#8994,#9001),.PCURVE_S1.);
#8989 = CIRCLE('',#8990,0.4);
#8990 = AXIS2_PLACEMENT_3D('',#8991,#8992,#8993);
#8991 = CARTESIAN_POINT('',(98.,192.8,13.4));
#8992 = DIRECTION('',(1.,0.,-0.));
#8993 = DIRECTION('',(0.,0.,1.));
#8994 = PCURVE('',#6442,#8995);
#8995 = DEFINITIONAL_REPRESENTATION('',(#8996),#9000);
#8996 = CIRCLE('',#8997,0.4);
#8997 = AXIS2_PLACEMENT_2D('',#8998,#8999);
#8998 = CARTESIAN_POINT('',(13.4,-2.1));
#8999 = DIRECTION('',(1.,0.));
#9000 = ( GEOMETRIC_REPRESENTATION_CONTEXT(2) 
PARAMETRIC_REPRESENTATION_CONTEXT() REPRESENTATION_CONTEXT('2D SPACE',''
  ) );
#9001 = PCURVE('',#7019,#9002);
#9002 = DEFINITIONAL_REPRESENTATION('',(#9003),#9006);
#9003 = B_SPLINE_CURVE_WITH_KNOTS('',1,(#9004,#9005),.UNSPECIFIED.,.F.,
  .F.,(2,2),(3.14159265359,4.712388980385),.PIECEWISE_BEZIER_KNOTS.);
#9004 = CARTESIAN_POINT('',(3.141592653589,0.));
#9005 = CARTESIAN_POINT('',(3.141592653589,1.570796326795));
#9006 = ( GEOMETRIC_REPRESENTATION_CONTEXT(2) 
PARAMETRIC_REPRESENTATION_CONTEXT() REPRESENTATION_CONTEXT('2D SPACE',''
  ) );
#9007 = ORIENTED_EDGE('',*,*,#9008,.F.);
#9008 = EDGE_CURVE('',#9009,#8986,#9011,.T.);
#9009 = VERTEX_POINT('',#9010);
#9010 = CARTESIAN_POINT('',(98.,191.1,13.));
#9011 = SURFACE_CURVE('',#9012,(#9016,#9023),.PCURVE_S1.);
#9012 = LINE('',#9013,#9014);
#9013 = CARTESIAN_POINT('',(98.,190.7,13.));
#9014 = VECTOR('',#9015,1.);
#9015 = DIRECTION('',(0.,1.,0.));
#9016 = PCURVE('',#6442,#9017);
#9017 = DEFINITIONAL_REPRESENTATION('',(#9018),#9022);
#9018 = LINE('',#9019,#9020);
#9019 = CARTESIAN_POINT('',(13.,0.));
#9020 = VECTOR('',#9021,1.);
#9021 = DIRECTION('',(0.,-1.));
#9022 = ( GEOMETRIC_REPRESENTATION_CONTEXT(2) 
PARAMETRIC_REPRESENTATION_CONTEXT() REPRESENTATION_CONTEXT('2D SPACE',''
  ) );
#9023 = PCURVE('',#6991,#9024);
#9024 = DEFINITIONAL_REPRESENTATION('',(#9025),#9028);
#9025 = B_SPLINE_CURVE_WITH_KNOTS('',1,(#9026,#9027),.UNSPECIFIED.,.F.,
  .F.,(2,2),(0.4,2.1),.PIECEWISE_BEZIER_KNOTS.);
#9026 = CARTESIAN_POINT('',(3.141592653589,0.4));
#9027 = CARTESIAN_POINT('',(3.141592653589,2.1));
#9028 = ( GEOMETRIC_REPRESENTATION_CONTEXT(2) 
PARAMETRIC_REPRESENTATION_CONTEXT() REPRESENTATION_CONTEXT('2D SPACE',''
  ) );
#9029 = ORIENTED_EDGE('',*,*,#9030,.F.);
#9030 = EDGE_CURVE('',#7182,#9009,#9031,.T.);
#9031 = SURFACE_CURVE('',#9032,(#9037,#9044),.PCURVE_S1.);
#9032 = CIRCLE('',#9033,0.4);
#9033 = AXIS2_PLACEMENT_3D('',#9034,#9035,#9036);
#9034 = CARTESIAN_POINT('',(98.,191.1,13.4));
#9035 = DIRECTION('',(1.,0.,-0.));
#9036 = DIRECTION('',(0.,0.,1.));
#9037 = PCURVE('',#6442,#9038);
#9038 = DEFINITIONAL_REPRESENTATION('',(#9039),#9043);
#9039 = CIRCLE('',#9040,0.4);
#9040 = AXIS2_PLACEMENT_2D('',#9041,#9042);
#9041 = CARTESIAN_POINT('',(13.4,-0.4));
#9042 = DIRECTION('',(1.,0.));
#9043 = ( GEOMETRIC_REPRESENTATION_CONTEXT(2) 
PARAMETRIC_REPRESENTATION_CONTEXT() REPRESENTATION_CONTEXT('2D SPACE',''
  ) );
#9044 = PCURVE('',#6964,#9045);
#9045 = DEFINITIONAL_REPRESENTATION('',(#9046),#9049);
#9046 = B_SPLINE_CURVE_WITH_KNOTS('',1,(#9047,#9048),.UNSPECIFIED.,.F.,
  .F.,(2,2),(1.570796326795,3.14159265359),.PIECEWISE_BEZIER_KNOTS.);
#9047 = CARTESIAN_POINT('',(3.14159265359,1.570796326795));
#9048 = CARTESIAN_POINT('',(3.14159265359,0.));
#9049 = ( GEOMETRIC_REPRESENTATION_CONTEXT(2) 
PARAMETRIC_REPRESENTATION_CONTEXT() REPRESENTATION_CONTEXT('2D SPACE',''
  ) );
#9050 = ADVANCED_FACE('',(#9051),#6391,.T.);
#9051 = FACE_BOUND('',#9052,.T.);
#9052 = EDGE_LOOP('',(#9053,#9076,#9097,#9098));
#9053 = ORIENTED_EDGE('',*,*,#9054,.F.);
#9054 = EDGE_CURVE('',#9055,#7080,#9057,.T.);
#9055 = VERTEX_POINT('',#9056);
#9056 = CARTESIAN_POINT('',(90.2,190.4,3.4));
#9057 = SURFACE_CURVE('',#9058,(#9062,#9069),.PCURVE_S1.);
#9058 = LINE('',#9059,#9060);
#9059 = CARTESIAN_POINT('',(90.2,0.,3.4));
#9060 = VECTOR('',#9061,1.);
#9061 = DIRECTION('',(-0.,1.,0.));
#9062 = PCURVE('',#6391,#9063);
#9063 = DEFINITIONAL_REPRESENTATION('',(#9064),#9068);
#9064 = LINE('',#9065,#9066);
#9065 = CARTESIAN_POINT('',(3.4,0.));
#9066 = VECTOR('',#9067,1.);
#9067 = DIRECTION('',(0.,-1.));
#9068 = ( GEOMETRIC_REPRESENTATION_CONTEXT(2) 
PARAMETRIC_REPRESENTATION_CONTEXT() REPRESENTATION_CONTEXT('2D SPACE',''
  ) );
#9069 = PCURVE('',#7118,#9070);
#9070 = DEFINITIONAL_REPRESENTATION('',(#9071),#9075);
#9071 = LINE('',#9072,#9073);
#9072 = CARTESIAN_POINT('',(79.,-2.4));
#9073 = VECTOR('',#9074,1.);
#9074 = DIRECTION('',(0.,1.));
#9075 = ( GEOMETRIC_REPRESENTATION_CONTEXT(2) 
PARAMETRIC_REPRESENTATION_CONTEXT() REPRESENTATION_CONTEXT('2D SPACE',''
  ) );
#9076 = ORIENTED_EDGE('',*,*,#9077,.T.);
#9077 = EDGE_CURVE('',#9055,#6348,#9078,.T.);
#9078 = SURFACE_CURVE('',#9079,(#9083,#9090),.PCURVE_S1.);
#9079 = LINE('',#9080,#9081);
#9080 = CARTESIAN_POINT('',(90.2,190.4,-0.5));
#9081 = VECTOR('',#9082,1.);
#9082 = DIRECTION('',(-0.,0.,-1.));
#9083 = PCURVE('',#6391,#9084);
#9084 = DEFINITIONAL_REPRESENTATION('',(#9085),#9089);
#9085 = LINE('',#9086,#9087);
#9086 = CARTESIAN_POINT('',(-0.5,-190.4));
#9087 = VECTOR('',#9088,1.);
#9088 = DIRECTION('',(-1.,-0.));
#9089 = ( GEOMETRIC_REPRESENTATION_CONTEXT(2) 
PARAMETRIC_REPRESENTATION_CONTEXT() REPRESENTATION_CONTEXT('2D SPACE',''
  ) );
#9090 = PCURVE('',#6363,#9091);
#9091 = DEFINITIONAL_REPRESENTATION('',(#9092),#9096);
#9092 = LINE('',#9093,#9094);
#9093 = CARTESIAN_POINT('',(0.5,0.1));
#9094 = VECTOR('',#9095,1.);
#9095 = DIRECTION('',(-1.,0.));
#9096 = ( GEOMETRIC_REPRESENTATION_CONTEXT(2) 
PARAMETRIC_REPRESENTATION_CONTEXT() REPRESENTATION_CONTEXT('2D SPACE',''
  ) );
#9097 = ORIENTED_EDGE('',*,*,#6375,.T.);
#9098 = ORIENTED_EDGE('',*,*,#7079,.T.);
#9099 = ADVANCED_FACE('',(#9100),#6363,.T.);
#9100 = FACE_BOUND('',#9101,.T.);
#9101 = EDGE_LOOP('',(#9102,#9126,#9127,#9128,#9151,#9172,#9173));
#9102 = ORIENTED_EDGE('',*,*,#9103,.T.);
#9103 = EDGE_CURVE('',#9104,#6320,#9106,.T.);
#9104 = VERTEX_POINT('',#9105);
#9105 = CARTESIAN_POINT('',(97.8,190.4,0.8));
#9106 = SURFACE_CURVE('',#9107,(#9112,#9119),.PCURVE_S1.);
#9107 = CIRCLE('',#9108,0.8);
#9108 = AXIS2_PLACEMENT_3D('',#9109,#9110,#9111);
#9109 = CARTESIAN_POINT('',(97.,190.4,0.8));
#9110 = DIRECTION('',(0.,1.,0.));
#9111 = DIRECTION('',(0.,0.,-1.));
#9112 = PCURVE('',#6363,#9113);
#9113 = DEFINITIONAL_REPRESENTATION('',(#9114),#9118);
#9114 = CIRCLE('',#9115,0.8);
#9115 = AXIS2_PLACEMENT_2D('',#9116,#9117);
#9116 = CARTESIAN_POINT('',(1.8,6.9));
#9117 = DIRECTION('',(-1.,0.));
#9118 = ( GEOMETRIC_REPRESENTATION_CONTEXT(2) 
PARAMETRIC_REPRESENTATION_CONTEXT() REPRESENTATION_CONTEXT('2D SPACE',''
  ) );
#9119 = PCURVE('',#6335,#9120);
#9120 = DEFINITIONAL_REPRESENTATION('',(#9121),#9125);
#9121 = LINE('',#9122,#9123);
#9122 = CARTESIAN_POINT('',(-4.138911435803E-13,187.4));
#9123 = VECTOR('',#9124,1.);
#9124 = DIRECTION('',(1.,-0.));
#9125 = ( GEOMETRIC_REPRESENTATION_CONTEXT(2) 
PARAMETRIC_REPRESENTATION_CONTEXT() REPRESENTATION_CONTEXT('2D SPACE',''
  ) );
#9126 = ORIENTED_EDGE('',*,*,#6347,.T.);
#9127 = ORIENTED_EDGE('',*,*,#9077,.F.);
#9128 = ORIENTED_EDGE('',*,*,#9129,.F.);
#9129 = EDGE_CURVE('',#9130,#9055,#9132,.T.);
#9130 = VERTEX_POINT('',#9131);
#9131 = CARTESIAN_POINT('',(90.1,190.4,3.4));
#9132 = SURFACE_CURVE('',#9133,(#9137,#9144),.PCURVE_S1.);
#9133 = LINE('',#9134,#9135);
#9134 = CARTESIAN_POINT('',(50.65,190.4,3.4));
#9135 = VECTOR('',#9136,1.);
#9136 = DIRECTION('',(1.,0.,-0.));
#9137 = PCURVE('',#6363,#9138);
#9138 = DEFINITIONAL_REPRESENTATION('',(#9139),#9143);
#9139 = LINE('',#9140,#9141);
#9140 = CARTESIAN_POINT('',(4.4,-39.45));
#9141 = VECTOR('',#9142,1.);
#9142 = DIRECTION('',(0.,1.));
#9143 = ( GEOMETRIC_REPRESENTATION_CONTEXT(2) 
PARAMETRIC_REPRESENTATION_CONTEXT() REPRESENTATION_CONTEXT('2D SPACE',''
  ) );
#9144 = PCURVE('',#7118,#9145);
#9145 = DEFINITIONAL_REPRESENTATION('',(#9146),#9150);
#9146 = LINE('',#9147,#9148);
#9147 = CARTESIAN_POINT('',(39.45,188.));
#9148 = VECTOR('',#9149,1.);
#9149 = DIRECTION('',(1.,0.));
#9150 = ( GEOMETRIC_REPRESENTATION_CONTEXT(2) 
PARAMETRIC_REPRESENTATION_CONTEXT() REPRESENTATION_CONTEXT('2D SPACE',''
  ) );
#9151 = ORIENTED_EDGE('',*,*,#9152,.T.);
#9152 = EDGE_CURVE('',#9130,#7287,#9153,.T.);
#9153 = SURFACE_CURVE('',#9154,(#9158,#9165),.PCURVE_S1.);
#9154 = LINE('',#9155,#9156);
#9155 = CARTESIAN_POINT('',(90.1,190.4,-1.));
#9156 = VECTOR('',#9157,1.);
#9157 = DIRECTION('',(0.,0.,1.));
#9158 = PCURVE('',#6363,#9159);
#9159 = DEFINITIONAL_REPRESENTATION('',(#9160),#9164);
#9160 = LINE('',#9161,#9162);
#9161 = CARTESIAN_POINT('',(0.,0.));
#9162 = VECTOR('',#9163,1.);
#9163 = DIRECTION('',(1.,0.));
#9164 = ( GEOMETRIC_REPRESENTATION_CONTEXT(2) 
PARAMETRIC_REPRESENTATION_CONTEXT() REPRESENTATION_CONTEXT('2D SPACE',''
  ) );
#9165 = PCURVE('',#7146,#9166);
#9166 = DEFINITIONAL_REPRESENTATION('',(#9167),#9171);
#9167 = LINE('',#9168,#9169);
#9168 = CARTESIAN_POINT('',(0.,0.));
#9169 = VECTOR('',#9170,1.);
#9170 = DIRECTION('',(1.,0.));
#9171 = ( GEOMETRIC_REPRESENTATION_CONTEXT(2) 
PARAMETRIC_REPRESENTATION_CONTEXT() REPRESENTATION_CONTEXT('2D SPACE',''
  ) );
#9172 = ORIENTED_EDGE('',*,*,#7286,.F.);
#9173 = ORIENTED_EDGE('',*,*,#9174,.F.);
#9174 = EDGE_CURVE('',#9104,#7259,#9175,.T.);
#9175 = SURFACE_CURVE('',#9176,(#9180,#9187),.PCURVE_S1.);
#9176 = LINE('',#9177,#9178);
#9177 = CARTESIAN_POINT('',(97.8,190.4,-0.5));
#9178 = VECTOR('',#9179,1.);
#9179 = DIRECTION('',(0.,0.,1.));
#9180 = PCURVE('',#6363,#9181);
#9181 = DEFINITIONAL_REPRESENTATION('',(#9182),#9186);
#9182 = LINE('',#9183,#9184);
#9183 = CARTESIAN_POINT('',(0.5,7.7));
#9184 = VECTOR('',#9185,1.);
#9185 = DIRECTION('',(1.,0.));
#9186 = ( GEOMETRIC_REPRESENTATION_CONTEXT(2) 
PARAMETRIC_REPRESENTATION_CONTEXT() REPRESENTATION_CONTEXT('2D SPACE',''
  ) );
#9187 = PCURVE('',#7274,#9188);
#9188 = DEFINITIONAL_REPRESENTATION('',(#9189),#9193);
#9189 = LINE('',#9190,#9191);
#9190 = CARTESIAN_POINT('',(-0.5,-190.4));
#9191 = VECTOR('',#9192,1.);
#9192 = DIRECTION('',(1.,0.));
#9193 = ( GEOMETRIC_REPRESENTATION_CONTEXT(2) 
PARAMETRIC_REPRESENTATION_CONTEXT() REPRESENTATION_CONTEXT('2D SPACE',''
  ) );
#9194 = ADVANCED_FACE('',(#9195),#6335,.T.);
#9195 = FACE_BOUND('',#9196,.T.);
#9196 = EDGE_LOOP('',(#9197,#9198,#9221,#9243));
#9197 = ORIENTED_EDGE('',*,*,#9103,.F.);
#9198 = ORIENTED_EDGE('',*,*,#9199,.F.);
#9199 = EDGE_CURVE('',#9200,#9104,#9202,.T.);
#9200 = VERTEX_POINT('',#9201);
#9201 = CARTESIAN_POINT('',(97.8,9.6,0.8));
#9202 = SURFACE_CURVE('',#9203,(#9207,#9214),.PCURVE_S1.);
#9203 = LINE('',#9204,#9205);
#9204 = CARTESIAN_POINT('',(97.8,3.,0.8));
#9205 = VECTOR('',#9206,1.);
#9206 = DIRECTION('',(-0.,1.,0.));
#9207 = PCURVE('',#6335,#9208);
#9208 = DEFINITIONAL_REPRESENTATION('',(#9209),#9213);
#9209 = LINE('',#9210,#9211);
#9210 = CARTESIAN_POINT('',(4.712388980385,0.));
#9211 = VECTOR('',#9212,1.);
#9212 = DIRECTION('',(-0.,1.));
#9213 = ( GEOMETRIC_REPRESENTATION_CONTEXT(2) 
PARAMETRIC_REPRESENTATION_CONTEXT() REPRESENTATION_CONTEXT('2D SPACE',''
  ) );
#9214 = PCURVE('',#7274,#9215);
#9215 = DEFINITIONAL_REPRESENTATION('',(#9216),#9220);
#9216 = LINE('',#9217,#9218);
#9217 = CARTESIAN_POINT('',(0.8,-3.));
#9218 = VECTOR('',#9219,1.);
#9219 = DIRECTION('',(0.,-1.));
#9220 = ( GEOMETRIC_REPRESENTATION_CONTEXT(2) 
PARAMETRIC_REPRESENTATION_CONTEXT() REPRESENTATION_CONTEXT('2D SPACE',''
  ) );
#9221 = ORIENTED_EDGE('',*,*,#9222,.T.);
#9222 = EDGE_CURVE('',#9200,#6292,#9223,.T.);
#9223 = SURFACE_CURVE('',#9224,(#9229,#9236),.PCURVE_S1.);
#9224 = CIRCLE('',#9225,0.8);
#9225 = AXIS2_PLACEMENT_3D('',#9226,#9227,#9228);
#9226 = CARTESIAN_POINT('',(97.,9.6,0.8));
#9227 = DIRECTION('',(0.,1.,0.));
#9228 = DIRECTION('',(0.,0.,-1.));
#9229 = PCURVE('',#6335,#9230);
#9230 = DEFINITIONAL_REPRESENTATION('',(#9231),#9235);
#9231 = LINE('',#9232,#9233);
#9232 = CARTESIAN_POINT('',(-4.138911435803E-13,6.6));
#9233 = VECTOR('',#9234,1.);
#9234 = DIRECTION('',(1.,-0.));
#9235 = ( GEOMETRIC_REPRESENTATION_CONTEXT(2) 
PARAMETRIC_REPRESENTATION_CONTEXT() REPRESENTATION_CONTEXT('2D SPACE',''
  ) );
#9236 = PCURVE('',#6307,#9237);
#9237 = DEFINITIONAL_REPRESENTATION('',(#9238),#9242);
#9238 = CIRCLE('',#9239,0.8);
#9239 = AXIS2_PLACEMENT_2D('',#9240,#9241);
#9240 = CARTESIAN_POINT('',(1.8,6.9));
#9241 = DIRECTION('',(-1.,0.));
#9242 = ( GEOMETRIC_REPRESENTATION_CONTEXT(2) 
PARAMETRIC_REPRESENTATION_CONTEXT() REPRESENTATION_CONTEXT('2D SPACE',''
  ) );
#9243 = ORIENTED_EDGE('',*,*,#6319,.T.);
#9244 = ADVANCED_FACE('',(#9245),#6307,.F.);
#9245 = FACE_BOUND('',#9246,.F.);
#9246 = EDGE_LOOP('',(#9247,#9248,#9249,#9272,#9300,#9321,#9322));
#9247 = ORIENTED_EDGE('',*,*,#9222,.T.);
#9248 = ORIENTED_EDGE('',*,*,#6291,.T.);
#9249 = ORIENTED_EDGE('',*,*,#9250,.F.);
#9250 = EDGE_CURVE('',#9251,#6264,#9253,.T.);
#9251 = VERTEX_POINT('',#9252);
#9252 = CARTESIAN_POINT('',(90.2,9.6,3.4));
#9253 = SURFACE_CURVE('',#9254,(#9258,#9265),.PCURVE_S1.);
#9254 = LINE('',#9255,#9256);
#9255 = CARTESIAN_POINT('',(90.2,9.6,-0.5));
#9256 = VECTOR('',#9257,1.);
#9257 = DIRECTION('',(-0.,0.,-1.));
#9258 = PCURVE('',#6307,#9259);
#9259 = DEFINITIONAL_REPRESENTATION('',(#9260),#9264);
#9260 = LINE('',#9261,#9262);
#9261 = CARTESIAN_POINT('',(0.5,0.1));
#9262 = VECTOR('',#9263,1.);
#9263 = DIRECTION('',(-1.,0.));
#9264 = ( GEOMETRIC_REPRESENTATION_CONTEXT(2) 
PARAMETRIC_REPRESENTATION_CONTEXT() REPRESENTATION_CONTEXT('2D SPACE',''
  ) );
#9265 = PCURVE('',#6279,#9266);
#9266 = DEFINITIONAL_REPRESENTATION('',(#9267),#9271);
#9267 = LINE('',#9268,#9269);
#9268 = CARTESIAN_POINT('',(-0.5,-9.6));
#9269 = VECTOR('',#9270,1.);
#9270 = DIRECTION('',(-1.,-0.));
#9271 = ( GEOMETRIC_REPRESENTATION_CONTEXT(2) 
PARAMETRIC_REPRESENTATION_CONTEXT() REPRESENTATION_CONTEXT('2D SPACE',''
  ) );
#9272 = ORIENTED_EDGE('',*,*,#9273,.F.);
#9273 = EDGE_CURVE('',#9274,#9251,#9276,.T.);
#9274 = VERTEX_POINT('',#9275);
#9275 = CARTESIAN_POINT('',(90.1,9.6,3.4));
#9276 = SURFACE_CURVE('',#9277,(#9281,#9288),.PCURVE_S1.);
#9277 = LINE('',#9278,#9279);
#9278 = CARTESIAN_POINT('',(50.65,9.6,3.4));
#9279 = VECTOR('',#9280,1.);
#9280 = DIRECTION('',(1.,0.,-0.));
#9281 = PCURVE('',#6307,#9282);
#9282 = DEFINITIONAL_REPRESENTATION('',(#9283),#9287);
#9283 = LINE('',#9284,#9285);
#9284 = CARTESIAN_POINT('',(4.4,-39.45));
#9285 = VECTOR('',#9286,1.);
#9286 = DIRECTION('',(0.,1.));
#9287 = ( GEOMETRIC_REPRESENTATION_CONTEXT(2) 
PARAMETRIC_REPRESENTATION_CONTEXT() REPRESENTATION_CONTEXT('2D SPACE',''
  ) );
#9288 = PCURVE('',#9289,#9294);
#9289 = PLANE('',#9290);
#9290 = AXIS2_PLACEMENT_3D('',#9291,#9292,#9293);
#9291 = CARTESIAN_POINT('',(11.2,2.4,3.4));
#9292 = DIRECTION('',(0.,0.,1.));
#9293 = DIRECTION('',(1.,0.,-0.));
#9294 = DEFINITIONAL_REPRESENTATION('',(#9295),#9299);
#9295 = LINE('',#9296,#9297);
#9296 = CARTESIAN_POINT('',(39.45,7.2));
#9297 = VECTOR('',#9298,1.);
#9298 = DIRECTION('',(1.,0.));
#9299 = ( GEOMETRIC_REPRESENTATION_CONTEXT(2) 
PARAMETRIC_REPRESENTATION_CONTEXT() REPRESENTATION_CONTEXT('2D SPACE',''
  ) );
#9300 = ORIENTED_EDGE('',*,*,#9301,.T.);
#9301 = EDGE_CURVE('',#9274,#7236,#9302,.T.);
#9302 = SURFACE_CURVE('',#9303,(#9307,#9314),.PCURVE_S1.);
#9303 = LINE('',#9304,#9305);
#9304 = CARTESIAN_POINT('',(90.1,9.6,-1.));
#9305 = VECTOR('',#9306,1.);
#9306 = DIRECTION('',(0.,0.,1.));
#9307 = PCURVE('',#6307,#9308);
#9308 = DEFINITIONAL_REPRESENTATION('',(#9309),#9313);
#9309 = LINE('',#9310,#9311);
#9310 = CARTESIAN_POINT('',(0.,0.));
#9311 = VECTOR('',#9312,1.);
#9312 = DIRECTION('',(1.,0.));
#9313 = ( GEOMETRIC_REPRESENTATION_CONTEXT(2) 
PARAMETRIC_REPRESENTATION_CONTEXT() REPRESENTATION_CONTEXT('2D SPACE',''
  ) );
#9314 = PCURVE('',#7444,#9315);
#9315 = DEFINITIONAL_REPRESENTATION('',(#9316),#9320);
#9316 = LINE('',#9317,#9318);
#9317 = CARTESIAN_POINT('',(0.,-9.7));
#9318 = VECTOR('',#9319,1.);
#9319 = DIRECTION('',(1.,0.));
#9320 = ( GEOMETRIC_REPRESENTATION_CONTEXT(2) 
PARAMETRIC_REPRESENTATION_CONTEXT() REPRESENTATION_CONTEXT('2D SPACE',''
  ) );
#9321 = ORIENTED_EDGE('',*,*,#7233,.F.);
#9322 = ORIENTED_EDGE('',*,*,#9323,.F.);
#9323 = EDGE_CURVE('',#9200,#7234,#9324,.T.);
#9324 = SURFACE_CURVE('',#9325,(#9329,#9336),.PCURVE_S1.);
#9325 = LINE('',#9326,#9327);
#9326 = CARTESIAN_POINT('',(97.8,9.6,-0.5));
#9327 = VECTOR('',#9328,1.);
#9328 = DIRECTION('',(0.,0.,1.));
#9329 = PCURVE('',#6307,#9330);
#9330 = DEFINITIONAL_REPRESENTATION('',(#9331),#9335);
#9331 = LINE('',#9332,#9333);
#9332 = CARTESIAN_POINT('',(0.5,7.7));
#9333 = VECTOR('',#9334,1.);
#9334 = DIRECTION('',(1.,0.));
#9335 = ( GEOMETRIC_REPRESENTATION_CONTEXT(2) 
PARAMETRIC_REPRESENTATION_CONTEXT() REPRESENTATION_CONTEXT('2D SPACE',''
  ) );
#9336 = PCURVE('',#7274,#9337);
#9337 = DEFINITIONAL_REPRESENTATION('',(#9338),#9342);
#9338 = LINE('',#9339,#9340);
#9339 = CARTESIAN_POINT('',(-0.5,-9.6));
#9340 = VECTOR('',#9341,1.);
#9341 = DIRECTION('',(1.,0.));
#9342 = ( GEOMETRIC_REPRESENTATION_CONTEXT(2) 
PARAMETRIC_REPRESENTATION_CONTEXT() REPRESENTATION_CONTEXT('2D SPACE',''
  ) );
#9343 = ADVANCED_FACE('',(#9344),#6279,.T.);
#9344 = FACE_BOUND('',#9345,.T.);
#9345 = EDGE_LOOP('',(#9346,#9369,#9390,#9391));
#9346 = ORIENTED_EDGE('',*,*,#9347,.F.);
#9347 = EDGE_CURVE('',#9348,#9251,#9350,.T.);
#9348 = VERTEX_POINT('',#9349);
#9349 = CARTESIAN_POINT('',(90.2,9.3,3.4));
#9350 = SURFACE_CURVE('',#9351,(#9355,#9362),.PCURVE_S1.);
#9351 = LINE('',#9352,#9353);
#9352 = CARTESIAN_POINT('',(90.2,0.,3.4));
#9353 = VECTOR('',#9354,1.);
#9354 = DIRECTION('',(-0.,1.,0.));
#9355 = PCURVE('',#6279,#9356);
#9356 = DEFINITIONAL_REPRESENTATION('',(#9357),#9361);
#9357 = LINE('',#9358,#9359);
#9358 = CARTESIAN_POINT('',(3.4,0.));
#9359 = VECTOR('',#9360,1.);
#9360 = DIRECTION('',(0.,-1.));
#9361 = ( GEOMETRIC_REPRESENTATION_CONTEXT(2) 
PARAMETRIC_REPRESENTATION_CONTEXT() REPRESENTATION_CONTEXT('2D SPACE',''
  ) );
#9362 = PCURVE('',#9289,#9363);
#9363 = DEFINITIONAL_REPRESENTATION('',(#9364),#9368);
#9364 = LINE('',#9365,#9366);
#9365 = CARTESIAN_POINT('',(79.,-2.4));
#9366 = VECTOR('',#9367,1.);
#9367 = DIRECTION('',(0.,1.));
#9368 = ( GEOMETRIC_REPRESENTATION_CONTEXT(2) 
PARAMETRIC_REPRESENTATION_CONTEXT() REPRESENTATION_CONTEXT('2D SPACE',''
  ) );
#9369 = ORIENTED_EDGE('',*,*,#9370,.F.);
#9370 = EDGE_CURVE('',#6236,#9348,#9371,.T.);
#9371 = SURFACE_CURVE('',#9372,(#9376,#9383),.PCURVE_S1.);
#9372 = LINE('',#9373,#9374);
#9373 = CARTESIAN_POINT('',(90.2,9.3,0.));
#9374 = VECTOR('',#9375,1.);
#9375 = DIRECTION('',(0.,0.,1.));
#9376 = PCURVE('',#6279,#9377);
#9377 = DEFINITIONAL_REPRESENTATION('',(#9378),#9382);
#9378 = LINE('',#9379,#9380);
#9379 = CARTESIAN_POINT('',(0.,-9.3));
#9380 = VECTOR('',#9381,1.);
#9381 = DIRECTION('',(1.,0.));
#9382 = ( GEOMETRIC_REPRESENTATION_CONTEXT(2) 
PARAMETRIC_REPRESENTATION_CONTEXT() REPRESENTATION_CONTEXT('2D SPACE',''
  ) );
#9383 = PCURVE('',#6251,#9384);
#9384 = DEFINITIONAL_REPRESENTATION('',(#9385),#9389);
#9385 = LINE('',#9386,#9387);
#9386 = CARTESIAN_POINT('',(0.,0.2));
#9387 = VECTOR('',#9388,1.);
#9388 = DIRECTION('',(1.,0.));
#9389 = ( GEOMETRIC_REPRESENTATION_CONTEXT(2) 
PARAMETRIC_REPRESENTATION_CONTEXT() REPRESENTATION_CONTEXT('2D SPACE',''
  ) );
#9390 = ORIENTED_EDGE('',*,*,#6263,.T.);
#9391 = ORIENTED_EDGE('',*,*,#9250,.F.);
#9392 = ADVANCED_FACE('',(#9393),#6251,.T.);
#9393 = FACE_BOUND('',#9394,.T.);
#9394 = EDGE_LOOP('',(#9395,#9396,#9397,#9420,#9441,#9442,#9465,#9488,
    #9517));
#9395 = ORIENTED_EDGE('',*,*,#6235,.F.);
#9396 = ORIENTED_EDGE('',*,*,#9370,.T.);
#9397 = ORIENTED_EDGE('',*,*,#9398,.T.);
#9398 = EDGE_CURVE('',#9348,#9399,#9401,.T.);
#9399 = VERTEX_POINT('',#9400);
#9400 = CARTESIAN_POINT('',(90.1,9.3,3.4));
#9401 = SURFACE_CURVE('',#9402,(#9406,#9413),.PCURVE_S1.);
#9402 = LINE('',#9403,#9404);
#9403 = CARTESIAN_POINT('',(50.6,9.3,3.4));
#9404 = VECTOR('',#9405,1.);
#9405 = DIRECTION('',(-1.,-0.,0.));
#9406 = PCURVE('',#6251,#9407);
#9407 = DEFINITIONAL_REPRESENTATION('',(#9408),#9412);
#9408 = LINE('',#9409,#9410);
#9409 = CARTESIAN_POINT('',(3.4,-39.4));
#9410 = VECTOR('',#9411,1.);
#9411 = DIRECTION('',(0.,-1.));
#9412 = ( GEOMETRIC_REPRESENTATION_CONTEXT(2) 
PARAMETRIC_REPRESENTATION_CONTEXT() REPRESENTATION_CONTEXT('2D SPACE',''
  ) );
#9413 = PCURVE('',#9289,#9414);
#9414 = DEFINITIONAL_REPRESENTATION('',(#9415),#9419);
#9415 = LINE('',#9416,#9417);
#9416 = CARTESIAN_POINT('',(39.4,6.9));
#9417 = VECTOR('',#9418,1.);
#9418 = DIRECTION('',(-1.,0.));
#9419 = ( GEOMETRIC_REPRESENTATION_CONTEXT(2) 
PARAMETRIC_REPRESENTATION_CONTEXT() REPRESENTATION_CONTEXT('2D SPACE',''
  ) );
#9420 = ORIENTED_EDGE('',*,*,#9421,.T.);
#9421 = EDGE_CURVE('',#9399,#7408,#9422,.T.);
#9422 = SURFACE_CURVE('',#9423,(#9427,#9434),.PCURVE_S1.);
#9423 = LINE('',#9424,#9425);
#9424 = CARTESIAN_POINT('',(90.1,9.3,-0.5));
#9425 = VECTOR('',#9426,1.);
#9426 = DIRECTION('',(0.,0.,1.));
#9427 = PCURVE('',#6251,#9428);
#9428 = DEFINITIONAL_REPRESENTATION('',(#9429),#9433);
#9429 = LINE('',#9430,#9431);
#9430 = CARTESIAN_POINT('',(-0.5,9.999999999999E-02));
#9431 = VECTOR('',#9432,1.);
#9432 = DIRECTION('',(1.,0.));
#9433 = ( GEOMETRIC_REPRESENTATION_CONTEXT(2) 
PARAMETRIC_REPRESENTATION_CONTEXT() REPRESENTATION_CONTEXT('2D SPACE',''
  ) );
#9434 = PCURVE('',#7444,#9435);
#9435 = DEFINITIONAL_REPRESENTATION('',(#9436),#9440);
#9436 = LINE('',#9437,#9438);
#9437 = CARTESIAN_POINT('',(0.5,-9.4));
#9438 = VECTOR('',#9439,1.);
#9439 = DIRECTION('',(1.,0.));
#9440 = ( GEOMETRIC_REPRESENTATION_CONTEXT(2) 
PARAMETRIC_REPRESENTATION_CONTEXT() REPRESENTATION_CONTEXT('2D SPACE',''
  ) );
#9441 = ORIENTED_EDGE('',*,*,#7407,.T.);
#9442 = ORIENTED_EDGE('',*,*,#9443,.T.);
#9443 = EDGE_CURVE('',#7380,#9444,#9446,.T.);
#9444 = VERTEX_POINT('',#9445);
#9445 = CARTESIAN_POINT('',(90.,9.3,17.5));
#9446 = SURFACE_CURVE('',#9447,(#9451,#9458),.PCURVE_S1.);
#9447 = LINE('',#9448,#9449);
#9448 = CARTESIAN_POINT('',(90.,9.3,0.));
#9449 = VECTOR('',#9450,1.);
#9450 = DIRECTION('',(0.,0.,1.));
#9451 = PCURVE('',#6251,#9452);
#9452 = DEFINITIONAL_REPRESENTATION('',(#9453),#9457);
#9453 = LINE('',#9454,#9455);
#9454 = CARTESIAN_POINT('',(0.,0.));
#9455 = VECTOR('',#9456,1.);
#9456 = DIRECTION('',(1.,0.));
#9457 = ( GEOMETRIC_REPRESENTATION_CONTEXT(2) 
PARAMETRIC_REPRESENTATION_CONTEXT() REPRESENTATION_CONTEXT('2D SPACE',''
  ) );
#9458 = PCURVE('',#7395,#9459);
#9459 = DEFINITIONAL_REPRESENTATION('',(#9460),#9464);
#9460 = LINE('',#9461,#9462);
#9461 = CARTESIAN_POINT('',(0.,-2.5));
#9462 = VECTOR('',#9463,1.);
#9463 = DIRECTION('',(1.,0.));
#9464 = ( GEOMETRIC_REPRESENTATION_CONTEXT(2) 
PARAMETRIC_REPRESENTATION_CONTEXT() REPRESENTATION_CONTEXT('2D SPACE',''
  ) );
#9465 = ORIENTED_EDGE('',*,*,#9466,.T.);
#9466 = EDGE_CURVE('',#9444,#9467,#9469,.T.);
#9467 = VERTEX_POINT('',#9468);
#9468 = CARTESIAN_POINT('',(93.9,9.3,17.5));
#9469 = SURFACE_CURVE('',#9470,(#9474,#9481),.PCURVE_S1.);
#9470 = LINE('',#9471,#9472);
#9471 = CARTESIAN_POINT('',(90.,9.3,17.5));
#9472 = VECTOR('',#9473,1.);
#9473 = DIRECTION('',(1.,0.,-0.));
#9474 = PCURVE('',#6251,#9475);
#9475 = DEFINITIONAL_REPRESENTATION('',(#9476),#9480);
#9476 = LINE('',#9477,#9478);
#9477 = CARTESIAN_POINT('',(17.5,0.));
#9478 = VECTOR('',#9479,1.);
#9479 = DIRECTION('',(0.,1.));
#9480 = ( GEOMETRIC_REPRESENTATION_CONTEXT(2) 
PARAMETRIC_REPRESENTATION_CONTEXT() REPRESENTATION_CONTEXT('2D SPACE',''
  ) );
#9481 = PCURVE('',#7643,#9482);
#9482 = DEFINITIONAL_REPRESENTATION('',(#9483),#9487);
#9483 = LINE('',#9484,#9485);
#9484 = CARTESIAN_POINT('',(0.,2.5));
#9485 = VECTOR('',#9486,1.);
#9486 = DIRECTION('',(1.,0.));
#9487 = ( GEOMETRIC_REPRESENTATION_CONTEXT(2) 
PARAMETRIC_REPRESENTATION_CONTEXT() REPRESENTATION_CONTEXT('2D SPACE',''
  ) );
#9488 = ORIENTED_EDGE('',*,*,#9489,.T.);
#9489 = EDGE_CURVE('',#9467,#9490,#9492,.T.);
#9490 = VERTEX_POINT('',#9491);
#9491 = CARTESIAN_POINT('',(98.,9.3,13.4));
#9492 = SURFACE_CURVE('',#9493,(#9498,#9505),.PCURVE_S1.);
#9493 = CIRCLE('',#9494,4.1);
#9494 = AXIS2_PLACEMENT_3D('',#9495,#9496,#9497);
#9495 = CARTESIAN_POINT('',(98.,9.3,17.5));
#9496 = DIRECTION('',(0.,1.,0.));
#9497 = DIRECTION('',(-1.,0.,-3.119455913093E-14));
#9498 = PCURVE('',#6251,#9499);
#9499 = DEFINITIONAL_REPRESENTATION('',(#9500),#9504);
#9500 = CIRCLE('',#9501,4.1);
#9501 = AXIS2_PLACEMENT_2D('',#9502,#9503);
#9502 = CARTESIAN_POINT('',(17.5,8.));
#9503 = DIRECTION('',(-3.119455913093E-14,-1.));
#9504 = ( GEOMETRIC_REPRESENTATION_CONTEXT(2) 
PARAMETRIC_REPRESENTATION_CONTEXT() REPRESENTATION_CONTEXT('2D SPACE',''
  ) );
#9505 = PCURVE('',#9506,#9511);
#9506 = TOROIDAL_SURFACE('',#9507,4.1,0.4);
#9507 = AXIS2_PLACEMENT_3D('',#9508,#9509,#9510);
#9508 = CARTESIAN_POINT('',(98.,8.9,17.5));
#9509 = DIRECTION('',(0.,1.,0.));
#9510 = DIRECTION('',(0.,-0.,1.));
#9511 = DEFINITIONAL_REPRESENTATION('',(#9512),#9516);
#9512 = LINE('',#9513,#9514);
#9513 = CARTESIAN_POINT('',(-1.570796326795,1.570796326795));
#9514 = VECTOR('',#9515,1.);
#9515 = DIRECTION('',(1.,0.));
#9516 = ( GEOMETRIC_REPRESENTATION_CONTEXT(2) 
PARAMETRIC_REPRESENTATION_CONTEXT() REPRESENTATION_CONTEXT('2D SPACE',''
  ) );
#9517 = ORIENTED_EDGE('',*,*,#9518,.F.);
#9518 = EDGE_CURVE('',#6208,#9490,#9519,.T.);
#9519 = SURFACE_CURVE('',#9520,(#9524,#9531),.PCURVE_S1.);
#9520 = LINE('',#9521,#9522);
#9521 = CARTESIAN_POINT('',(98.,9.3,0.));
#9522 = VECTOR('',#9523,1.);
#9523 = DIRECTION('',(0.,0.,1.));
#9524 = PCURVE('',#6251,#9525);
#9525 = DEFINITIONAL_REPRESENTATION('',(#9526),#9530);
#9526 = LINE('',#9527,#9528);
#9527 = CARTESIAN_POINT('',(0.,8.));
#9528 = VECTOR('',#9529,1.);
#9529 = DIRECTION('',(1.,0.));
#9530 = ( GEOMETRIC_REPRESENTATION_CONTEXT(2) 
PARAMETRIC_REPRESENTATION_CONTEXT() REPRESENTATION_CONTEXT('2D SPACE',''
  ) );
#9531 = PCURVE('',#6223,#9532);
#9532 = DEFINITIONAL_REPRESENTATION('',(#9533),#9537);
#9533 = LINE('',#9534,#9535);
#9534 = CARTESIAN_POINT('',(0.,-2.5));
#9535 = VECTOR('',#9536,1.);
#9536 = DIRECTION('',(1.,0.));
#9537 = ( GEOMETRIC_REPRESENTATION_CONTEXT(2) 
PARAMETRIC_REPRESENTATION_CONTEXT() REPRESENTATION_CONTEXT('2D SPACE',''
  ) );
#9538 = ADVANCED_FACE('',(#9539),#6223,.T.);
#9539 = FACE_BOUND('',#9540,.T.);
#9540 = EDGE_LOOP('',(#9541,#9564,#9565,#9566,#9589,#9616));
#9541 = ORIENTED_EDGE('',*,*,#9542,.F.);
#9542 = EDGE_CURVE('',#6180,#9543,#9545,.T.);
#9543 = VERTEX_POINT('',#9544);
#9544 = CARTESIAN_POINT('',(98.,6.8,13.4));
#9545 = SURFACE_CURVE('',#9546,(#9550,#9557),.PCURVE_S1.);
#9546 = LINE('',#9547,#9548);
#9547 = CARTESIAN_POINT('',(98.,6.8,0.));
#9548 = VECTOR('',#9549,1.);
#9549 = DIRECTION('',(0.,0.,1.));
#9550 = PCURVE('',#6223,#9551);
#9551 = DEFINITIONAL_REPRESENTATION('',(#9552),#9556);
#9552 = LINE('',#9553,#9554);
#9553 = CARTESIAN_POINT('',(0.,0.));
#9554 = VECTOR('',#9555,1.);
#9555 = DIRECTION('',(1.,0.));
#9556 = ( GEOMETRIC_REPRESENTATION_CONTEXT(2) 
PARAMETRIC_REPRESENTATION_CONTEXT() REPRESENTATION_CONTEXT('2D SPACE',''
  ) );
#9557 = PCURVE('',#6195,#9558);
#9558 = DEFINITIONAL_REPRESENTATION('',(#9559),#9563);
#9559 = LINE('',#9560,#9561);
#9560 = CARTESIAN_POINT('',(0.,8.));
#9561 = VECTOR('',#9562,1.);
#9562 = DIRECTION('',(1.,0.));
#9563 = ( GEOMETRIC_REPRESENTATION_CONTEXT(2) 
PARAMETRIC_REPRESENTATION_CONTEXT() REPRESENTATION_CONTEXT('2D SPACE',''
  ) );
#9564 = ORIENTED_EDGE('',*,*,#6207,.T.);
#9565 = ORIENTED_EDGE('',*,*,#9518,.T.);
#9566 = ORIENTED_EDGE('',*,*,#9567,.F.);
#9567 = EDGE_CURVE('',#9568,#9490,#9570,.T.);
#9568 = VERTEX_POINT('',#9569);
#9569 = CARTESIAN_POINT('',(98.,8.9,13.));
#9570 = SURFACE_CURVE('',#9571,(#9576,#9583),.PCURVE_S1.);
#9571 = CIRCLE('',#9572,0.4);
#9572 = AXIS2_PLACEMENT_3D('',#9573,#9574,#9575);
#9573 = CARTESIAN_POINT('',(98.,8.9,13.4));
#9574 = DIRECTION('',(1.,0.,-0.));
#9575 = DIRECTION('',(0.,0.,1.));
#9576 = PCURVE('',#6223,#9577);
#9577 = DEFINITIONAL_REPRESENTATION('',(#9578),#9582);
#9578 = CIRCLE('',#9579,0.4);
#9579 = AXIS2_PLACEMENT_2D('',#9580,#9581);
#9580 = CARTESIAN_POINT('',(13.4,-2.1));
#9581 = DIRECTION('',(1.,0.));
#9582 = ( GEOMETRIC_REPRESENTATION_CONTEXT(2) 
PARAMETRIC_REPRESENTATION_CONTEXT() REPRESENTATION_CONTEXT('2D SPACE',''
  ) );
#9583 = PCURVE('',#9506,#9584);
#9584 = DEFINITIONAL_REPRESENTATION('',(#9585),#9588);
#9585 = B_SPLINE_CURVE_WITH_KNOTS('',1,(#9586,#9587),.UNSPECIFIED.,.F.,
  .F.,(2,2),(3.14159265359,4.712388980385),.PIECEWISE_BEZIER_KNOTS.);
#9586 = CARTESIAN_POINT('',(3.141592653589,0.));
#9587 = CARTESIAN_POINT('',(3.141592653589,1.570796326795));
#9588 = ( GEOMETRIC_REPRESENTATION_CONTEXT(2) 
PARAMETRIC_REPRESENTATION_CONTEXT() REPRESENTATION_CONTEXT('2D SPACE',''
  ) );
#9589 = ORIENTED_EDGE('',*,*,#9590,.F.);
#9590 = EDGE_CURVE('',#9591,#9568,#9593,.T.);
#9591 = VERTEX_POINT('',#9592);
#9592 = CARTESIAN_POINT('',(98.,7.2,13.));
#9593 = SURFACE_CURVE('',#9594,(#9598,#9605),.PCURVE_S1.);
#9594 = LINE('',#9595,#9596);
#9595 = CARTESIAN_POINT('',(98.,6.8,13.));
#9596 = VECTOR('',#9597,1.);
#9597 = DIRECTION('',(0.,1.,0.));
#9598 = PCURVE('',#6223,#9599);
#9599 = DEFINITIONAL_REPRESENTATION('',(#9600),#9604);
#9600 = LINE('',#9601,#9602);
#9601 = CARTESIAN_POINT('',(13.,0.));
#9602 = VECTOR('',#9603,1.);
#9603 = DIRECTION('',(0.,-1.));
#9604 = ( GEOMETRIC_REPRESENTATION_CONTEXT(2) 
PARAMETRIC_REPRESENTATION_CONTEXT() REPRESENTATION_CONTEXT('2D SPACE',''
  ) );
#9605 = PCURVE('',#9606,#9611);
#9606 = CYLINDRICAL_SURFACE('',#9607,4.5);
#9607 = AXIS2_PLACEMENT_3D('',#9608,#9609,#9610);
#9608 = CARTESIAN_POINT('',(98.,6.8,17.5));
#9609 = DIRECTION('',(0.,1.,0.));
#9610 = DIRECTION('',(0.,-0.,1.));
#9611 = DEFINITIONAL_REPRESENTATION('',(#9612),#9615);
#9612 = B_SPLINE_CURVE_WITH_KNOTS('',1,(#9613,#9614),.UNSPECIFIED.,.F.,
  .F.,(2,2),(0.4,2.1),.PIECEWISE_BEZIER_KNOTS.);
#9613 = CARTESIAN_POINT('',(3.141592653589,0.4));
#9614 = CARTESIAN_POINT('',(3.141592653589,2.1));
#9615 = ( GEOMETRIC_REPRESENTATION_CONTEXT(2) 
PARAMETRIC_REPRESENTATION_CONTEXT() REPRESENTATION_CONTEXT('2D SPACE',''
  ) );
#9616 = ORIENTED_EDGE('',*,*,#9617,.F.);
#9617 = EDGE_CURVE('',#9543,#9591,#9618,.T.);
#9618 = SURFACE_CURVE('',#9619,(#9624,#9631),.PCURVE_S1.);
#9619 = CIRCLE('',#9620,0.4);
#9620 = AXIS2_PLACEMENT_3D('',#9621,#9622,#9623);
#9621 = CARTESIAN_POINT('',(98.,7.2,13.4));
#9622 = DIRECTION('',(1.,0.,-0.));
#9623 = DIRECTION('',(0.,0.,1.));
#9624 = PCURVE('',#6223,#9625);
#9625 = DEFINITIONAL_REPRESENTATION('',(#9626),#9630);
#9626 = CIRCLE('',#9627,0.4);
#9627 = AXIS2_PLACEMENT_2D('',#9628,#9629);
#9628 = CARTESIAN_POINT('',(13.4,-0.4));
#9629 = DIRECTION('',(1.,0.));
#9630 = ( GEOMETRIC_REPRESENTATION_CONTEXT(2) 
PARAMETRIC_REPRESENTATION_CONTEXT() REPRESENTATION_CONTEXT('2D SPACE',''
  ) );
#9631 = PCURVE('',#9632,#9637);
#9632 = TOROIDAL_SURFACE('',#9633,4.1,0.4);
#9633 = AXIS2_PLACEMENT_3D('',#9634,#9635,#9636);
#9634 = CARTESIAN_POINT('',(98.,7.2,17.5));
#9635 = DIRECTION('',(-0.,-1.,-0.));
#9636 = DIRECTION('',(0.,-0.,1.));
#9637 = DEFINITIONAL_REPRESENTATION('',(#9638),#9641);
#9638 = B_SPLINE_CURVE_WITH_KNOTS('',1,(#9639,#9640),.UNSPECIFIED.,.F.,
  .F.,(2,2),(1.570796326795,3.14159265359),.PIECEWISE_BEZIER_KNOTS.);
#9639 = CARTESIAN_POINT('',(3.14159265359,1.570796326795));
#9640 = CARTESIAN_POINT('',(3.14159265359,0.));
#9641 = ( GEOMETRIC_REPRESENTATION_CONTEXT(2) 
PARAMETRIC_REPRESENTATION_CONTEXT() REPRESENTATION_CONTEXT('2D SPACE',''
  ) );
#9642 = ADVANCED_FACE('',(#9643,#9765),#6195,.F.);
#9643 = FACE_BOUND('',#9644,.F.);
#9644 = EDGE_LOOP('',(#9645,#9646,#9669,#9692,#9715,#9738,#9764));
#9645 = ORIENTED_EDGE('',*,*,#6179,.F.);
#9646 = ORIENTED_EDGE('',*,*,#9647,.T.);
#9647 = EDGE_CURVE('',#6152,#9648,#9650,.T.);
#9648 = VERTEX_POINT('',#9649);
#9649 = CARTESIAN_POINT('',(90.2,6.8,3.4));
#9650 = SURFACE_CURVE('',#9651,(#9655,#9662),.PCURVE_S1.);
#9651 = LINE('',#9652,#9653);
#9652 = CARTESIAN_POINT('',(90.2,6.8,0.));
#9653 = VECTOR('',#9654,1.);
#9654 = DIRECTION('',(0.,0.,1.));
#9655 = PCURVE('',#6195,#9656);
#9656 = DEFINITIONAL_REPRESENTATION('',(#9657),#9661);
#9657 = LINE('',#9658,#9659);
#9658 = CARTESIAN_POINT('',(0.,0.2));
#9659 = VECTOR('',#9660,1.);
#9660 = DIRECTION('',(1.,0.));
#9661 = ( GEOMETRIC_REPRESENTATION_CONTEXT(2) 
PARAMETRIC_REPRESENTATION_CONTEXT() REPRESENTATION_CONTEXT('2D SPACE',''
  ) );
#9662 = PCURVE('',#6167,#9663);
#9663 = DEFINITIONAL_REPRESENTATION('',(#9664),#9668);
#9664 = LINE('',#9665,#9666);
#9665 = CARTESIAN_POINT('',(0.,-6.8));
#9666 = VECTOR('',#9667,1.);
#9667 = DIRECTION('',(1.,0.));
#9668 = ( GEOMETRIC_REPRESENTATION_CONTEXT(2) 
PARAMETRIC_REPRESENTATION_CONTEXT() REPRESENTATION_CONTEXT('2D SPACE',''
  ) );
#9669 = ORIENTED_EDGE('',*,*,#9670,.T.);
#9670 = EDGE_CURVE('',#9648,#9671,#9673,.T.);
#9671 = VERTEX_POINT('',#9672);
#9672 = CARTESIAN_POINT('',(90.1,6.8,3.4));
#9673 = SURFACE_CURVE('',#9674,(#9678,#9685),.PCURVE_S1.);
#9674 = LINE('',#9675,#9676);
#9675 = CARTESIAN_POINT('',(50.6,6.8,3.4));
#9676 = VECTOR('',#9677,1.);
#9677 = DIRECTION('',(-1.,-0.,0.));
#9678 = PCURVE('',#6195,#9679);
#9679 = DEFINITIONAL_REPRESENTATION('',(#9680),#9684);
#9680 = LINE('',#9681,#9682);
#9681 = CARTESIAN_POINT('',(3.4,-39.4));
#9682 = VECTOR('',#9683,1.);
#9683 = DIRECTION('',(0.,-1.));
#9684 = ( GEOMETRIC_REPRESENTATION_CONTEXT(2) 
PARAMETRIC_REPRESENTATION_CONTEXT() REPRESENTATION_CONTEXT('2D SPACE',''
  ) );
#9685 = PCURVE('',#7699,#9686);
#9686 = DEFINITIONAL_REPRESENTATION('',(#9687),#9691);
#9687 = LINE('',#9688,#9689);
#9688 = CARTESIAN_POINT('',(39.4,4.4));
#9689 = VECTOR('',#9690,1.);
#9690 = DIRECTION('',(-1.,0.));
#9691 = ( GEOMETRIC_REPRESENTATION_CONTEXT(2) 
PARAMETRIC_REPRESENTATION_CONTEXT() REPRESENTATION_CONTEXT('2D SPACE',''
  ) );
#9692 = ORIENTED_EDGE('',*,*,#9693,.T.);
#9693 = EDGE_CURVE('',#9671,#9694,#9696,.T.);
#9694 = VERTEX_POINT('',#9695);
#9695 = CARTESIAN_POINT('',(90.1,6.8,17.5));
#9696 = SURFACE_CURVE('',#9697,(#9701,#9708),.PCURVE_S1.);
#9697 = LINE('',#9698,#9699);
#9698 = CARTESIAN_POINT('',(90.1,6.8,-0.5));
#9699 = VECTOR('',#9700,1.);
#9700 = DIRECTION('',(0.,0.,1.));
#9701 = PCURVE('',#6195,#9702);
#9702 = DEFINITIONAL_REPRESENTATION('',(#9703),#9707);
#9703 = LINE('',#9704,#9705);
#9704 = CARTESIAN_POINT('',(-0.5,9.999999999999E-02));
#9705 = VECTOR('',#9706,1.);
#9706 = DIRECTION('',(1.,0.));
#9707 = ( GEOMETRIC_REPRESENTATION_CONTEXT(2) 
PARAMETRIC_REPRESENTATION_CONTEXT() REPRESENTATION_CONTEXT('2D SPACE',''
  ) );
#9708 = PCURVE('',#7671,#9709);
#9709 = DEFINITIONAL_REPRESENTATION('',(#9710),#9714);
#9710 = LINE('',#9711,#9712);
#9711 = CARTESIAN_POINT('',(0.5,-6.9));
#9712 = VECTOR('',#9713,1.);
#9713 = DIRECTION('',(1.,0.));
#9714 = ( GEOMETRIC_REPRESENTATION_CONTEXT(2) 
PARAMETRIC_REPRESENTATION_CONTEXT() REPRESENTATION_CONTEXT('2D SPACE',''
  ) );
#9715 = ORIENTED_EDGE('',*,*,#9716,.T.);
#9716 = EDGE_CURVE('',#9694,#9717,#9719,.T.);
#9717 = VERTEX_POINT('',#9718);
#9718 = CARTESIAN_POINT('',(93.9,6.8,17.5));
#9719 = SURFACE_CURVE('',#9720,(#9724,#9731),.PCURVE_S1.);
#9720 = LINE('',#9721,#9722);
#9721 = CARTESIAN_POINT('',(90.,6.8,17.5));
#9722 = VECTOR('',#9723,1.);
#9723 = DIRECTION('',(1.,0.,-0.));
#9724 = PCURVE('',#6195,#9725);
#9725 = DEFINITIONAL_REPRESENTATION('',(#9726),#9730);
#9726 = LINE('',#9727,#9728);
#9727 = CARTESIAN_POINT('',(17.5,0.));
#9728 = VECTOR('',#9729,1.);
#9729 = DIRECTION('',(0.,1.));
#9730 = ( GEOMETRIC_REPRESENTATION_CONTEXT(2) 
PARAMETRIC_REPRESENTATION_CONTEXT() REPRESENTATION_CONTEXT('2D SPACE',''
  ) );
#9731 = PCURVE('',#7643,#9732);
#9732 = DEFINITIONAL_REPRESENTATION('',(#9733),#9737);
#9733 = LINE('',#9734,#9735);
#9734 = CARTESIAN_POINT('',(0.,0.));
#9735 = VECTOR('',#9736,1.);
#9736 = DIRECTION('',(1.,0.));
#9737 = ( GEOMETRIC_REPRESENTATION_CONTEXT(2) 
PARAMETRIC_REPRESENTATION_CONTEXT() REPRESENTATION_CONTEXT('2D SPACE',''
  ) );
#9738 = ORIENTED_EDGE('',*,*,#9739,.F.);
#9739 = EDGE_CURVE('',#9543,#9717,#9740,.T.);
#9740 = SURFACE_CURVE('',#9741,(#9746,#9757),.PCURVE_S1.);
#9741 = CIRCLE('',#9742,4.1);
#9742 = AXIS2_PLACEMENT_3D('',#9743,#9744,#9745);
#9743 = CARTESIAN_POINT('',(98.,6.8,17.5));
#9744 = DIRECTION('',(0.,-1.,0.));
#9745 = DIRECTION('',(2.079637275395E-14,0.,-1.));
#9746 = PCURVE('',#6195,#9747);
#9747 = DEFINITIONAL_REPRESENTATION('',(#9748),#9756);
#9748 = ( BOUNDED_CURVE() B_SPLINE_CURVE(2,(#9749,#9750,#9751,#9752,
#9753,#9754,#9755),.UNSPECIFIED.,.T.,.F.) B_SPLINE_CURVE_WITH_KNOTS((1,2
    ,2,2,2,1),(-2.094395102393,0.,2.094395102393,4.188790204786,
6.28318530718,8.377580409573),.UNSPECIFIED.) CURVE() 
GEOMETRIC_REPRESENTATION_ITEM() RATIONAL_B_SPLINE_CURVE((1.,0.5,1.,0.5,
1.,0.5,1.)) REPRESENTATION_ITEM('') );
#9749 = CARTESIAN_POINT('',(13.4,8.));
#9750 = CARTESIAN_POINT('',(13.4,15.101408311032));
#9751 = CARTESIAN_POINT('',(19.55,11.550704155516));
#9752 = CARTESIAN_POINT('',(25.7,8.));
#9753 = CARTESIAN_POINT('',(19.55,4.449295844484));
#9754 = CARTESIAN_POINT('',(13.4,0.898591688968));
#9755 = CARTESIAN_POINT('',(13.4,8.));
#9756 = ( GEOMETRIC_REPRESENTATION_CONTEXT(2) 
PARAMETRIC_REPRESENTATION_CONTEXT() REPRESENTATION_CONTEXT('2D SPACE',''
  ) );
#9757 = PCURVE('',#9632,#9758);
#9758 = DEFINITIONAL_REPRESENTATION('',(#9759),#9763);
#9759 = LINE('',#9760,#9761);
#9760 = CARTESIAN_POINT('',(3.14159265359,1.570796326795));
#9761 = VECTOR('',#9762,1.);
#9762 = DIRECTION('',(1.,-0.));
#9763 = ( GEOMETRIC_REPRESENTATION_CONTEXT(2) 
PARAMETRIC_REPRESENTATION_CONTEXT() REPRESENTATION_CONTEXT('2D SPACE',''
  ) );
#9764 = ORIENTED_EDGE('',*,*,#9542,.F.);
#9765 = FACE_BOUND('',#9766,.F.);
#9766 = EDGE_LOOP('',(#9767));
#9767 = ORIENTED_EDGE('',*,*,#9768,.F.);
#9768 = EDGE_CURVE('',#9769,#9769,#9771,.T.);
#9769 = VERTEX_POINT('',#9770);
#9770 = CARTESIAN_POINT('',(98.,6.8,19.5));
#9771 = SURFACE_CURVE('',#9772,(#9777,#9784),.PCURVE_S1.);
#9772 = CIRCLE('',#9773,2.);
#9773 = AXIS2_PLACEMENT_3D('',#9774,#9775,#9776);
#9774 = CARTESIAN_POINT('',(98.,6.8,17.5));
#9775 = DIRECTION('',(0.,1.,0.));
#9776 = DIRECTION('',(0.,-0.,1.));
#9777 = PCURVE('',#6195,#9778);
#9778 = DEFINITIONAL_REPRESENTATION('',(#9779),#9783);
#9779 = CIRCLE('',#9780,2.);
#9780 = AXIS2_PLACEMENT_2D('',#9781,#9782);
#9781 = CARTESIAN_POINT('',(17.5,8.));
#9782 = DIRECTION('',(1.,0.));
#9783 = ( GEOMETRIC_REPRESENTATION_CONTEXT(2) 
PARAMETRIC_REPRESENTATION_CONTEXT() REPRESENTATION_CONTEXT('2D SPACE',''
  ) );
#9784 = PCURVE('',#7940,#9785);
#9785 = DEFINITIONAL_REPRESENTATION('',(#9786),#9790);
#9786 = LINE('',#9787,#9788);
#9787 = CARTESIAN_POINT('',(0.,6.5));
#9788 = VECTOR('',#9789,1.);
#9789 = DIRECTION('',(1.,0.));
#9790 = ( GEOMETRIC_REPRESENTATION_CONTEXT(2) 
PARAMETRIC_REPRESENTATION_CONTEXT() REPRESENTATION_CONTEXT('2D SPACE',''
  ) );
#9791 = ADVANCED_FACE('',(#9792),#6167,.T.);
#9792 = FACE_BOUND('',#9793,.T.);
#9793 = EDGE_LOOP('',(#9794,#9815,#9816,#9817));
#9794 = ORIENTED_EDGE('',*,*,#9795,.F.);
#9795 = EDGE_CURVE('',#7684,#9648,#9796,.T.);
#9796 = SURFACE_CURVE('',#9797,(#9801,#9808),.PCURVE_S1.);
#9797 = LINE('',#9798,#9799);
#9798 = CARTESIAN_POINT('',(90.2,0.,3.4));
#9799 = VECTOR('',#9800,1.);
#9800 = DIRECTION('',(-0.,1.,0.));
#9801 = PCURVE('',#6167,#9802);
#9802 = DEFINITIONAL_REPRESENTATION('',(#9803),#9807);
#9803 = LINE('',#9804,#9805);
#9804 = CARTESIAN_POINT('',(3.4,0.));
#9805 = VECTOR('',#9806,1.);
#9806 = DIRECTION('',(0.,-1.));
#9807 = ( GEOMETRIC_REPRESENTATION_CONTEXT(2) 
PARAMETRIC_REPRESENTATION_CONTEXT() REPRESENTATION_CONTEXT('2D SPACE',''
  ) );
#9808 = PCURVE('',#7699,#9809);
#9809 = DEFINITIONAL_REPRESENTATION('',(#9810),#9814);
#9810 = LINE('',#9811,#9812);
#9811 = CARTESIAN_POINT('',(79.,-2.4));
#9812 = VECTOR('',#9813,1.);
#9813 = DIRECTION('',(0.,1.));
#9814 = ( GEOMETRIC_REPRESENTATION_CONTEXT(2) 
PARAMETRIC_REPRESENTATION_CONTEXT() REPRESENTATION_CONTEXT('2D SPACE',''
  ) );
#9815 = ORIENTED_EDGE('',*,*,#7711,.F.);
#9816 = ORIENTED_EDGE('',*,*,#6151,.T.);
#9817 = ORIENTED_EDGE('',*,*,#9647,.T.);
#9818 = ADVANCED_FACE('',(#9819),#6025,.T.);
#9819 = FACE_BOUND('',#9820,.T.);
#9820 = EDGE_LOOP('',(#9821,#9822,#9823,#9824,#9847,#9874));
#9821 = ORIENTED_EDGE('',*,*,#8064,.F.);
#9822 = ORIENTED_EDGE('',*,*,#6009,.T.);
#9823 = ORIENTED_EDGE('',*,*,#7900,.T.);
#9824 = ORIENTED_EDGE('',*,*,#9825,.F.);
#9825 = EDGE_CURVE('',#9826,#7872,#9828,.T.);
#9826 = VERTEX_POINT('',#9827);
#9827 = CARTESIAN_POINT('',(98.,2.4,13.));
#9828 = SURFACE_CURVE('',#9829,(#9834,#9841),.PCURVE_S1.);
#9829 = CIRCLE('',#9830,0.4);
#9830 = AXIS2_PLACEMENT_3D('',#9831,#9832,#9833);
#9831 = CARTESIAN_POINT('',(98.,2.4,13.4));
#9832 = DIRECTION('',(1.,0.,-0.));
#9833 = DIRECTION('',(0.,0.,1.));
#9834 = PCURVE('',#6025,#9835);
#9835 = DEFINITIONAL_REPRESENTATION('',(#9836),#9840);
#9836 = CIRCLE('',#9837,0.4);
#9837 = AXIS2_PLACEMENT_2D('',#9838,#9839);
#9838 = CARTESIAN_POINT('',(13.4,-2.1));
#9839 = DIRECTION('',(1.,0.));
#9840 = ( GEOMETRIC_REPRESENTATION_CONTEXT(2) 
PARAMETRIC_REPRESENTATION_CONTEXT() REPRESENTATION_CONTEXT('2D SPACE',''
  ) );
#9841 = PCURVE('',#7888,#9842);
#9842 = DEFINITIONAL_REPRESENTATION('',(#9843),#9846);
#9843 = B_SPLINE_CURVE_WITH_KNOTS('',1,(#9844,#9845),.UNSPECIFIED.,.F.,
  .F.,(2,2),(3.14159265359,4.712388980385),.PIECEWISE_BEZIER_KNOTS.);
#9844 = CARTESIAN_POINT('',(3.141592653589,0.));
#9845 = CARTESIAN_POINT('',(3.141592653589,1.570796326795));
#9846 = ( GEOMETRIC_REPRESENTATION_CONTEXT(2) 
PARAMETRIC_REPRESENTATION_CONTEXT() REPRESENTATION_CONTEXT('2D SPACE',''
  ) );
#9847 = ORIENTED_EDGE('',*,*,#9848,.F.);
#9848 = EDGE_CURVE('',#9849,#9826,#9851,.T.);
#9849 = VERTEX_POINT('',#9850);
#9850 = CARTESIAN_POINT('',(98.,0.7,13.));
#9851 = SURFACE_CURVE('',#9852,(#9856,#9863),.PCURVE_S1.);
#9852 = LINE('',#9853,#9854);
#9853 = CARTESIAN_POINT('',(98.,0.3,13.));
#9854 = VECTOR('',#9855,1.);
#9855 = DIRECTION('',(0.,1.,0.));
#9856 = PCURVE('',#6025,#9857);
#9857 = DEFINITIONAL_REPRESENTATION('',(#9858),#9862);
#9858 = LINE('',#9859,#9860);
#9859 = CARTESIAN_POINT('',(13.,0.));
#9860 = VECTOR('',#9861,1.);
#9861 = DIRECTION('',(0.,-1.));
#9862 = ( GEOMETRIC_REPRESENTATION_CONTEXT(2) 
PARAMETRIC_REPRESENTATION_CONTEXT() REPRESENTATION_CONTEXT('2D SPACE',''
  ) );
#9863 = PCURVE('',#9864,#9869);
#9864 = CYLINDRICAL_SURFACE('',#9865,4.5);
#9865 = AXIS2_PLACEMENT_3D('',#9866,#9867,#9868);
#9866 = CARTESIAN_POINT('',(98.,0.3,17.5));
#9867 = DIRECTION('',(0.,1.,0.));
#9868 = DIRECTION('',(0.,-0.,1.));
#9869 = DEFINITIONAL_REPRESENTATION('',(#9870),#9873);
#9870 = B_SPLINE_CURVE_WITH_KNOTS('',1,(#9871,#9872),.UNSPECIFIED.,.F.,
  .F.,(2,2),(0.4,2.1),.PIECEWISE_BEZIER_KNOTS.);
#9871 = CARTESIAN_POINT('',(3.141592653589,0.4));
#9872 = CARTESIAN_POINT('',(3.141592653589,2.1));
#9873 = ( GEOMETRIC_REPRESENTATION_CONTEXT(2) 
PARAMETRIC_REPRESENTATION_CONTEXT() REPRESENTATION_CONTEXT('2D SPACE',''
  ) );
#9874 = ORIENTED_EDGE('',*,*,#9875,.F.);
#9875 = EDGE_CURVE('',#8032,#9849,#9876,.T.);
#9876 = SURFACE_CURVE('',#9877,(#9882,#9889),.PCURVE_S1.);
#9877 = CIRCLE('',#9878,0.4);
#9878 = AXIS2_PLACEMENT_3D('',#9879,#9880,#9881);
#9879 = CARTESIAN_POINT('',(98.,0.7,13.4));
#9880 = DIRECTION('',(1.,0.,-0.));
#9881 = DIRECTION('',(0.,0.,1.));
#9882 = PCURVE('',#6025,#9883);
#9883 = DEFINITIONAL_REPRESENTATION('',(#9884),#9888);
#9884 = CIRCLE('',#9885,0.4);
#9885 = AXIS2_PLACEMENT_2D('',#9886,#9887);
#9886 = CARTESIAN_POINT('',(13.4,-0.4));
#9887 = DIRECTION('',(1.,0.));
#9888 = ( GEOMETRIC_REPRESENTATION_CONTEXT(2) 
PARAMETRIC_REPRESENTATION_CONTEXT() REPRESENTATION_CONTEXT('2D SPACE',''
  ) );
#9889 = PCURVE('',#8052,#9890);
#9890 = DEFINITIONAL_REPRESENTATION('',(#9891),#9894);
#9891 = B_SPLINE_CURVE_WITH_KNOTS('',1,(#9892,#9893),.UNSPECIFIED.,.F.,
  .F.,(2,2),(1.570796326795,3.14159265359),.PIECEWISE_BEZIER_KNOTS.);
#9892 = CARTESIAN_POINT('',(3.14159265359,1.570796326795));
#9893 = CARTESIAN_POINT('',(3.14159265359,0.));
#9894 = ( GEOMETRIC_REPRESENTATION_CONTEXT(2) 
PARAMETRIC_REPRESENTATION_CONTEXT() REPRESENTATION_CONTEXT('2D SPACE',''
  ) );
#9895 = ADVANCED_FACE('',(#9896),#6859,.T.);
#9896 = FACE_BOUND('',#9897,.T.);
#9897 = EDGE_LOOP('',(#9898,#9899,#9920,#9921));
#9898 = ORIENTED_EDGE('',*,*,#8886,.F.);
#9899 = ORIENTED_EDGE('',*,*,#9900,.F.);
#9900 = EDGE_CURVE('',#6844,#8864,#9901,.T.);
#9901 = SURFACE_CURVE('',#9902,(#9906,#9913),.PCURVE_S1.);
#9902 = LINE('',#9903,#9904);
#9903 = CARTESIAN_POINT('',(90.1,96.4,3.4));
#9904 = VECTOR('',#9905,1.);
#9905 = DIRECTION('',(0.,-1.,0.));
#9906 = PCURVE('',#6859,#9907);
#9907 = DEFINITIONAL_REPRESENTATION('',(#9908),#9912);
#9908 = LINE('',#9909,#9910);
#9909 = CARTESIAN_POINT('',(4.4,94.));
#9910 = VECTOR('',#9911,1.);
#9911 = DIRECTION('',(0.,1.));
#9912 = ( GEOMETRIC_REPRESENTATION_CONTEXT(2) 
PARAMETRIC_REPRESENTATION_CONTEXT() REPRESENTATION_CONTEXT('2D SPACE',''
  ) );
#9913 = PCURVE('',#6887,#9914);
#9914 = DEFINITIONAL_REPRESENTATION('',(#9915),#9919);
#9915 = LINE('',#9916,#9917);
#9916 = CARTESIAN_POINT('',(78.9,94.));
#9917 = VECTOR('',#9918,1.);
#9918 = DIRECTION('',(0.,-1.));
#9919 = ( GEOMETRIC_REPRESENTATION_CONTEXT(2) 
PARAMETRIC_REPRESENTATION_CONTEXT() REPRESENTATION_CONTEXT('2D SPACE',''
  ) );
#9920 = ORIENTED_EDGE('',*,*,#6843,.T.);
#9921 = ORIENTED_EDGE('',*,*,#7053,.F.);
#9922 = ADVANCED_FACE('',(#9923),#6887,.T.);
#9923 = FACE_BOUND('',#9924,.T.);
#9924 = EDGE_LOOP('',(#9925,#9926,#9927,#9928));
#9925 = ORIENTED_EDGE('',*,*,#8812,.T.);
#9926 = ORIENTED_EDGE('',*,*,#6871,.T.);
#9927 = ORIENTED_EDGE('',*,*,#9900,.T.);
#9928 = ORIENTED_EDGE('',*,*,#8863,.F.);
#9929 = ADVANCED_FACE('',(#9930),#6964,.T.);
#9930 = FACE_BOUND('',#9931,.T.);
#9931 = EDGE_LOOP('',(#9932,#9933,#9934,#9935));
#9932 = ORIENTED_EDGE('',*,*,#6947,.T.);
#9933 = ORIENTED_EDGE('',*,*,#7181,.F.);
#9934 = ORIENTED_EDGE('',*,*,#9030,.T.);
#9935 = ORIENTED_EDGE('',*,*,#9936,.F.);
#9936 = EDGE_CURVE('',#6948,#9009,#9937,.T.);
#9937 = SURFACE_CURVE('',#9938,(#9943,#9950),.PCURVE_S1.);
#9938 = CIRCLE('',#9939,4.5);
#9939 = AXIS2_PLACEMENT_3D('',#9940,#9941,#9942);
#9940 = CARTESIAN_POINT('',(98.,191.1,17.5));
#9941 = DIRECTION('',(0.,1.,-0.));
#9942 = DIRECTION('',(-1.,0.,0.));
#9943 = PCURVE('',#6964,#9944);
#9944 = DEFINITIONAL_REPRESENTATION('',(#9945),#9949);
#9945 = LINE('',#9946,#9947);
#9946 = CARTESIAN_POINT('',(7.853981633974,0.));
#9947 = VECTOR('',#9948,1.);
#9948 = DIRECTION('',(-1.,0.));
#9949 = ( GEOMETRIC_REPRESENTATION_CONTEXT(2) 
PARAMETRIC_REPRESENTATION_CONTEXT() REPRESENTATION_CONTEXT('2D SPACE',''
  ) );
#9950 = PCURVE('',#6991,#9951);
#9951 = DEFINITIONAL_REPRESENTATION('',(#9952),#9956);
#9952 = LINE('',#9953,#9954);
#9953 = CARTESIAN_POINT('',(-1.570796326795,0.4));
#9954 = VECTOR('',#9955,1.);
#9955 = DIRECTION('',(1.,0.));
#9956 = ( GEOMETRIC_REPRESENTATION_CONTEXT(2) 
PARAMETRIC_REPRESENTATION_CONTEXT() REPRESENTATION_CONTEXT('2D SPACE',''
  ) );
#9957 = ADVANCED_FACE('',(#9958),#6991,.T.);
#9958 = FACE_BOUND('',#9959,.T.);
#9959 = EDGE_LOOP('',(#9960,#9961,#9962,#9984));
#9960 = ORIENTED_EDGE('',*,*,#9936,.T.);
#9961 = ORIENTED_EDGE('',*,*,#9008,.T.);
#9962 = ORIENTED_EDGE('',*,*,#9963,.F.);
#9963 = EDGE_CURVE('',#6976,#8986,#9964,.T.);
#9964 = SURFACE_CURVE('',#9965,(#9970,#9977),.PCURVE_S1.);
#9965 = CIRCLE('',#9966,4.5);
#9966 = AXIS2_PLACEMENT_3D('',#9967,#9968,#9969);
#9967 = CARTESIAN_POINT('',(98.,192.8,17.5));
#9968 = DIRECTION('',(0.,1.,-0.));
#9969 = DIRECTION('',(-1.,0.,0.));
#9970 = PCURVE('',#6991,#9971);
#9971 = DEFINITIONAL_REPRESENTATION('',(#9972),#9976);
#9972 = LINE('',#9973,#9974);
#9973 = CARTESIAN_POINT('',(-1.570796326795,2.1));
#9974 = VECTOR('',#9975,1.);
#9975 = DIRECTION('',(1.,0.));
#9976 = ( GEOMETRIC_REPRESENTATION_CONTEXT(2) 
PARAMETRIC_REPRESENTATION_CONTEXT() REPRESENTATION_CONTEXT('2D SPACE',''
  ) );
#9977 = PCURVE('',#7019,#9978);
#9978 = DEFINITIONAL_REPRESENTATION('',(#9979),#9983);
#9979 = LINE('',#9980,#9981);
#9980 = CARTESIAN_POINT('',(-1.570796326795,0.));
#9981 = VECTOR('',#9982,1.);
#9982 = DIRECTION('',(1.,0.));
#9983 = ( GEOMETRIC_REPRESENTATION_CONTEXT(2) 
PARAMETRIC_REPRESENTATION_CONTEXT() REPRESENTATION_CONTEXT('2D SPACE',''
  ) );
#9984 = ORIENTED_EDGE('',*,*,#6975,.F.);
#9985 = ADVANCED_FACE('',(#9986),#7019,.T.);
#9986 = FACE_BOUND('',#9987,.T.);
#9987 = EDGE_LOOP('',(#9988,#9989,#9990,#9991));
#9988 = ORIENTED_EDGE('',*,*,#9963,.T.);
#9989 = ORIENTED_EDGE('',*,*,#8985,.T.);
#9990 = ORIENTED_EDGE('',*,*,#8908,.F.);
#9991 = ORIENTED_EDGE('',*,*,#7002,.T.);
#9992 = ADVANCED_FACE('',(#9993),#7118,.T.);
#9993 = FACE_BOUND('',#9994,.T.);
#9994 = EDGE_LOOP('',(#9995,#9996,#9997,#10018));
#9995 = ORIENTED_EDGE('',*,*,#9054,.T.);
#9996 = ORIENTED_EDGE('',*,*,#7102,.T.);
#9997 = ORIENTED_EDGE('',*,*,#9998,.T.);
#9998 = EDGE_CURVE('',#7103,#9130,#9999,.T.);
#9999 = SURFACE_CURVE('',#10000,(#10004,#10011),.PCURVE_S1.);
#10000 = LINE('',#10001,#10002);
#10001 = CARTESIAN_POINT('',(90.1,96.4,3.4));
#10002 = VECTOR('',#10003,1.);
#10003 = DIRECTION('',(0.,-1.,0.));
#10004 = PCURVE('',#7118,#10005);
#10005 = DEFINITIONAL_REPRESENTATION('',(#10006),#10010);
#10006 = LINE('',#10007,#10008);
#10007 = CARTESIAN_POINT('',(78.9,94.));
#10008 = VECTOR('',#10009,1.);
#10009 = DIRECTION('',(0.,-1.));
#10010 = ( GEOMETRIC_REPRESENTATION_CONTEXT(2) 
PARAMETRIC_REPRESENTATION_CONTEXT() REPRESENTATION_CONTEXT('2D SPACE',''
  ) );
#10011 = PCURVE('',#7146,#10012);
#10012 = DEFINITIONAL_REPRESENTATION('',(#10013),#10017);
#10013 = LINE('',#10014,#10015);
#10014 = CARTESIAN_POINT('',(4.4,94.));
#10015 = VECTOR('',#10016,1.);
#10016 = DIRECTION('',(0.,1.));
#10017 = ( GEOMETRIC_REPRESENTATION_CONTEXT(2) 
PARAMETRIC_REPRESENTATION_CONTEXT() REPRESENTATION_CONTEXT('2D SPACE',''
  ) );
#10018 = ORIENTED_EDGE('',*,*,#9129,.T.);
#10019 = ADVANCED_FACE('',(#10020),#7146,.T.);
#10020 = FACE_BOUND('',#10021,.T.);
#10021 = EDGE_LOOP('',(#10022,#10023,#10024,#10025));
#10022 = ORIENTED_EDGE('',*,*,#9152,.F.);
#10023 = ORIENTED_EDGE('',*,*,#9998,.F.);
#10024 = ORIENTED_EDGE('',*,*,#7130,.T.);
#10025 = ORIENTED_EDGE('',*,*,#7309,.F.);
#10026 = ADVANCED_FACE('',(#10027),#7274,.T.);
#10027 = FACE_BOUND('',#10028,.T.);
#10028 = EDGE_LOOP('',(#10029,#10030,#10031,#10032));
#10029 = ORIENTED_EDGE('',*,*,#9323,.F.);
#10030 = ORIENTED_EDGE('',*,*,#9199,.T.);
#10031 = ORIENTED_EDGE('',*,*,#9174,.T.);
#10032 = ORIENTED_EDGE('',*,*,#7258,.F.);
#10033 = ADVANCED_FACE('',(#10034),#7395,.F.);
#10034 = FACE_BOUND('',#10035,.F.);
#10035 = EDGE_LOOP('',(#10036,#10057,#10058,#10059));
#10036 = ORIENTED_EDGE('',*,*,#10037,.F.);
#10037 = EDGE_CURVE('',#7605,#9444,#10038,.T.);
#10038 = SURFACE_CURVE('',#10039,(#10043,#10050),.PCURVE_S1.);
#10039 = LINE('',#10040,#10041);
#10040 = CARTESIAN_POINT('',(90.,4.9,17.5));
#10041 = VECTOR('',#10042,1.);
#10042 = DIRECTION('',(0.,1.,0.));
#10043 = PCURVE('',#7395,#10044);
#10044 = DEFINITIONAL_REPRESENTATION('',(#10045),#10049);
#10045 = LINE('',#10046,#10047);
#10046 = CARTESIAN_POINT('',(17.5,1.9));
#10047 = VECTOR('',#10048,1.);
#10048 = DIRECTION('',(0.,-1.));
#10049 = ( GEOMETRIC_REPRESENTATION_CONTEXT(2) 
PARAMETRIC_REPRESENTATION_CONTEXT() REPRESENTATION_CONTEXT('2D SPACE',''
  ) );
#10050 = PCURVE('',#7643,#10051);
#10051 = DEFINITIONAL_REPRESENTATION('',(#10052),#10056);
#10052 = LINE('',#10053,#10054);
#10053 = CARTESIAN_POINT('',(0.,-1.9));
#10054 = VECTOR('',#10055,1.);
#10055 = DIRECTION('',(0.,1.));
#10056 = ( GEOMETRIC_REPRESENTATION_CONTEXT(2) 
PARAMETRIC_REPRESENTATION_CONTEXT() REPRESENTATION_CONTEXT('2D SPACE',''
  ) );
#10057 = ORIENTED_EDGE('',*,*,#7604,.F.);
#10058 = ORIENTED_EDGE('',*,*,#7379,.T.);
#10059 = ORIENTED_EDGE('',*,*,#9443,.T.);
#10060 = ADVANCED_FACE('',(#10061),#7444,.T.);
#10061 = FACE_BOUND('',#10062,.T.);
#10062 = EDGE_LOOP('',(#10063,#10084,#10085,#10086));
#10063 = ORIENTED_EDGE('',*,*,#10064,.F.);
#10064 = EDGE_CURVE('',#9274,#9399,#10065,.T.);
#10065 = SURFACE_CURVE('',#10066,(#10070,#10077),.PCURVE_S1.);
#10066 = LINE('',#10067,#10068);
#10067 = CARTESIAN_POINT('',(90.1,1.15,3.4));
#10068 = VECTOR('',#10069,1.);
#10069 = DIRECTION('',(0.,-1.,0.));
#10070 = PCURVE('',#7444,#10071);
#10071 = DEFINITIONAL_REPRESENTATION('',(#10072),#10076);
#10072 = LINE('',#10073,#10074);
#10073 = CARTESIAN_POINT('',(4.4,-1.25));
#10074 = VECTOR('',#10075,1.);
#10075 = DIRECTION('',(0.,1.));
#10076 = ( GEOMETRIC_REPRESENTATION_CONTEXT(2) 
PARAMETRIC_REPRESENTATION_CONTEXT() REPRESENTATION_CONTEXT('2D SPACE',''
  ) );
#10077 = PCURVE('',#9289,#10078);
#10078 = DEFINITIONAL_REPRESENTATION('',(#10079),#10083);
#10079 = LINE('',#10080,#10081);
#10080 = CARTESIAN_POINT('',(78.9,-1.25));
#10081 = VECTOR('',#10082,1.);
#10082 = DIRECTION('',(0.,-1.));
#10083 = ( GEOMETRIC_REPRESENTATION_CONTEXT(2) 
PARAMETRIC_REPRESENTATION_CONTEXT() REPRESENTATION_CONTEXT('2D SPACE',''
  ) );
#10084 = ORIENTED_EDGE('',*,*,#9301,.T.);
#10085 = ORIENTED_EDGE('',*,*,#7430,.F.);
#10086 = ORIENTED_EDGE('',*,*,#9421,.F.);
#10087 = ADVANCED_FACE('',(#10088),#7643,.T.);
#10088 = FACE_BOUND('',#10089,.T.);
#10089 = EDGE_LOOP('',(#10090,#10091,#10092,#10113,#10114,#10137,#10159,
    #10180));
#10090 = ORIENTED_EDGE('',*,*,#10037,.F.);
#10091 = ORIENTED_EDGE('',*,*,#7627,.F.);
#10092 = ORIENTED_EDGE('',*,*,#10093,.T.);
#10093 = EDGE_CURVE('',#7628,#9694,#10094,.T.);
#10094 = SURFACE_CURVE('',#10095,(#10099,#10106),.PCURVE_S1.);
#10095 = LINE('',#10096,#10097);
#10096 = CARTESIAN_POINT('',(90.1,2.4,17.5));
#10097 = VECTOR('',#10098,1.);
#10098 = DIRECTION('',(-0.,1.,0.));
#10099 = PCURVE('',#7643,#10100);
#10100 = DEFINITIONAL_REPRESENTATION('',(#10101),#10105);
#10101 = LINE('',#10102,#10103);
#10102 = CARTESIAN_POINT('',(9.999999999999E-02,-4.4));
#10103 = VECTOR('',#10104,1.);
#10104 = DIRECTION('',(0.,1.));
#10105 = ( GEOMETRIC_REPRESENTATION_CONTEXT(2) 
PARAMETRIC_REPRESENTATION_CONTEXT() REPRESENTATION_CONTEXT('2D SPACE',''
  ) );
#10106 = PCURVE('',#7671,#10107);
#10107 = DEFINITIONAL_REPRESENTATION('',(#10108),#10112);
#10108 = LINE('',#10109,#10110);
#10109 = CARTESIAN_POINT('',(18.5,-2.5));
#10110 = VECTOR('',#10111,1.);
#10111 = DIRECTION('',(0.,-1.));
#10112 = ( GEOMETRIC_REPRESENTATION_CONTEXT(2) 
PARAMETRIC_REPRESENTATION_CONTEXT() REPRESENTATION_CONTEXT('2D SPACE',''
  ) );
#10113 = ORIENTED_EDGE('',*,*,#9716,.T.);
#10114 = ORIENTED_EDGE('',*,*,#10115,.F.);
#10115 = EDGE_CURVE('',#10116,#9717,#10118,.T.);
#10116 = VERTEX_POINT('',#10117);
#10117 = CARTESIAN_POINT('',(93.5,7.2,17.5));
#10118 = SURFACE_CURVE('',#10119,(#10124,#10131),.PCURVE_S1.);
#10119 = CIRCLE('',#10120,0.4);
#10120 = AXIS2_PLACEMENT_3D('',#10121,#10122,#10123);
#10121 = CARTESIAN_POINT('',(93.9,7.2,17.5));
#10122 = DIRECTION('',(0.,0.,1.));
#10123 = DIRECTION('',(0.,-1.,0.));
#10124 = PCURVE('',#7643,#10125);
#10125 = DEFINITIONAL_REPRESENTATION('',(#10126),#10130);
#10126 = CIRCLE('',#10127,0.4);
#10127 = AXIS2_PLACEMENT_2D('',#10128,#10129);
#10128 = CARTESIAN_POINT('',(3.9,0.4));
#10129 = DIRECTION('',(0.,-1.));
#10130 = ( GEOMETRIC_REPRESENTATION_CONTEXT(2) 
PARAMETRIC_REPRESENTATION_CONTEXT() REPRESENTATION_CONTEXT('2D SPACE',''
  ) );
#10131 = PCURVE('',#9632,#10132);
#10132 = DEFINITIONAL_REPRESENTATION('',(#10133),#10136);
#10133 = B_SPLINE_CURVE_WITH_KNOTS('',1,(#10134,#10135),.UNSPECIFIED.,
  .F.,.F.,(2,2),(4.712388980385,6.28318530718),
  .PIECEWISE_BEZIER_KNOTS.);
#10134 = CARTESIAN_POINT('',(7.853981633974,0.));
#10135 = CARTESIAN_POINT('',(7.853981633974,1.570796326795));
#10136 = ( GEOMETRIC_REPRESENTATION_CONTEXT(2) 
PARAMETRIC_REPRESENTATION_CONTEXT() REPRESENTATION_CONTEXT('2D SPACE',''
  ) );
#10137 = ORIENTED_EDGE('',*,*,#10138,.T.);
#10138 = EDGE_CURVE('',#10116,#10139,#10141,.T.);
#10139 = VERTEX_POINT('',#10140);
#10140 = CARTESIAN_POINT('',(93.5,8.9,17.5));
#10141 = SURFACE_CURVE('',#10142,(#10146,#10153),.PCURVE_S1.);
#10142 = LINE('',#10143,#10144);
#10143 = CARTESIAN_POINT('',(93.5,6.8,17.5));
#10144 = VECTOR('',#10145,1.);
#10145 = DIRECTION('',(0.,1.,0.));
#10146 = PCURVE('',#7643,#10147);
#10147 = DEFINITIONAL_REPRESENTATION('',(#10148),#10152);
#10148 = LINE('',#10149,#10150);
#10149 = CARTESIAN_POINT('',(3.5,0.));
#10150 = VECTOR('',#10151,1.);
#10151 = DIRECTION('',(0.,1.));
#10152 = ( GEOMETRIC_REPRESENTATION_CONTEXT(2) 
PARAMETRIC_REPRESENTATION_CONTEXT() REPRESENTATION_CONTEXT('2D SPACE',''
  ) );
#10153 = PCURVE('',#9606,#10154);
#10154 = DEFINITIONAL_REPRESENTATION('',(#10155),#10158);
#10155 = B_SPLINE_CURVE_WITH_KNOTS('',1,(#10156,#10157),.UNSPECIFIED.,
  .F.,.F.,(2,2),(0.4,2.1),.PIECEWISE_BEZIER_KNOTS.);
#10156 = CARTESIAN_POINT('',(-1.570796326795,0.4));
#10157 = CARTESIAN_POINT('',(-1.570796326795,2.1));
#10158 = ( GEOMETRIC_REPRESENTATION_CONTEXT(2) 
PARAMETRIC_REPRESENTATION_CONTEXT() REPRESENTATION_CONTEXT('2D SPACE',''
  ) );
#10159 = ORIENTED_EDGE('',*,*,#10160,.F.);
#10160 = EDGE_CURVE('',#9467,#10139,#10161,.T.);
#10161 = SURFACE_CURVE('',#10162,(#10167,#10174),.PCURVE_S1.);
#10162 = CIRCLE('',#10163,0.4);
#10163 = AXIS2_PLACEMENT_3D('',#10164,#10165,#10166);
#10164 = CARTESIAN_POINT('',(93.9,8.9,17.5));
#10165 = DIRECTION('',(0.,0.,1.));
#10166 = DIRECTION('',(0.,-1.,0.));
#10167 = PCURVE('',#7643,#10168);
#10168 = DEFINITIONAL_REPRESENTATION('',(#10169),#10173);
#10169 = CIRCLE('',#10170,0.4);
#10170 = AXIS2_PLACEMENT_2D('',#10171,#10172);
#10171 = CARTESIAN_POINT('',(3.9,2.1));
#10172 = DIRECTION('',(0.,-1.));
#10173 = ( GEOMETRIC_REPRESENTATION_CONTEXT(2) 
PARAMETRIC_REPRESENTATION_CONTEXT() REPRESENTATION_CONTEXT('2D SPACE',''
  ) );
#10174 = PCURVE('',#9506,#10175);
#10175 = DEFINITIONAL_REPRESENTATION('',(#10176),#10179);
#10176 = B_SPLINE_CURVE_WITH_KNOTS('',1,(#10177,#10178),.UNSPECIFIED.,
  .F.,.F.,(2,2),(3.14159265359,4.712388980385),
  .PIECEWISE_BEZIER_KNOTS.);
#10177 = CARTESIAN_POINT('',(-1.570796326795,1.570796326795));
#10178 = CARTESIAN_POINT('',(-1.570796326795,0.));
#10179 = ( GEOMETRIC_REPRESENTATION_CONTEXT(2) 
PARAMETRIC_REPRESENTATION_CONTEXT() REPRESENTATION_CONTEXT('2D SPACE',''
  ) );
#10180 = ORIENTED_EDGE('',*,*,#9466,.F.);
#10181 = ADVANCED_FACE('',(#10182),#7671,.T.);
#10182 = FACE_BOUND('',#10183,.T.);
#10183 = EDGE_LOOP('',(#10184,#10205,#10206,#10207));
#10184 = ORIENTED_EDGE('',*,*,#10185,.F.);
#10185 = EDGE_CURVE('',#9671,#7656,#10186,.T.);
#10186 = SURFACE_CURVE('',#10187,(#10191,#10198),.PCURVE_S1.);
#10187 = LINE('',#10188,#10189);
#10188 = CARTESIAN_POINT('',(90.1,1.15,3.4));
#10189 = VECTOR('',#10190,1.);
#10190 = DIRECTION('',(0.,-1.,0.));
#10191 = PCURVE('',#7671,#10192);
#10192 = DEFINITIONAL_REPRESENTATION('',(#10193),#10197);
#10193 = LINE('',#10194,#10195);
#10194 = CARTESIAN_POINT('',(4.4,-1.25));
#10195 = VECTOR('',#10196,1.);
#10196 = DIRECTION('',(0.,1.));
#10197 = ( GEOMETRIC_REPRESENTATION_CONTEXT(2) 
PARAMETRIC_REPRESENTATION_CONTEXT() REPRESENTATION_CONTEXT('2D SPACE',''
  ) );
#10198 = PCURVE('',#7699,#10199);
#10199 = DEFINITIONAL_REPRESENTATION('',(#10200),#10204);
#10200 = LINE('',#10201,#10202);
#10201 = CARTESIAN_POINT('',(78.9,-1.25));
#10202 = VECTOR('',#10203,1.);
#10203 = DIRECTION('',(0.,-1.));
#10204 = ( GEOMETRIC_REPRESENTATION_CONTEXT(2) 
PARAMETRIC_REPRESENTATION_CONTEXT() REPRESENTATION_CONTEXT('2D SPACE',''
  ) );
#10205 = ORIENTED_EDGE('',*,*,#9693,.T.);
#10206 = ORIENTED_EDGE('',*,*,#10093,.F.);
#10207 = ORIENTED_EDGE('',*,*,#7655,.F.);
#10208 = ADVANCED_FACE('',(#10209),#7699,.T.);
#10209 = FACE_BOUND('',#10210,.T.);
#10210 = EDGE_LOOP('',(#10211,#10212,#10213,#10214));
#10211 = ORIENTED_EDGE('',*,*,#10185,.T.);
#10212 = ORIENTED_EDGE('',*,*,#7683,.F.);
#10213 = ORIENTED_EDGE('',*,*,#9795,.T.);
#10214 = ORIENTED_EDGE('',*,*,#9670,.T.);
#10215 = ADVANCED_FACE('',(#10216),#7859,.T.);
#10216 = FACE_BOUND('',#10217,.T.);
#10217 = EDGE_LOOP('',(#10218,#10219,#10220,#10221,#10244,#10266));
#10218 = ORIENTED_EDGE('',*,*,#7843,.F.);
#10219 = ORIENTED_EDGE('',*,*,#7980,.F.);
#10220 = ORIENTED_EDGE('',*,*,#8008,.T.);
#10221 = ORIENTED_EDGE('',*,*,#10222,.F.);
#10222 = EDGE_CURVE('',#10223,#8009,#10225,.T.);
#10223 = VERTEX_POINT('',#10224);
#10224 = CARTESIAN_POINT('',(93.5,0.7,17.5));
#10225 = SURFACE_CURVE('',#10226,(#10231,#10238),.PCURVE_S1.);
#10226 = CIRCLE('',#10227,0.4);
#10227 = AXIS2_PLACEMENT_3D('',#10228,#10229,#10230);
#10228 = CARTESIAN_POINT('',(93.9,0.7,17.5));
#10229 = DIRECTION('',(0.,0.,1.));
#10230 = DIRECTION('',(0.,-1.,0.));
#10231 = PCURVE('',#7859,#10232);
#10232 = DEFINITIONAL_REPRESENTATION('',(#10233),#10237);
#10233 = CIRCLE('',#10234,0.4);
#10234 = AXIS2_PLACEMENT_2D('',#10235,#10236);
#10235 = CARTESIAN_POINT('',(3.9,0.4));
#10236 = DIRECTION('',(0.,-1.));
#10237 = ( GEOMETRIC_REPRESENTATION_CONTEXT(2) 
PARAMETRIC_REPRESENTATION_CONTEXT() REPRESENTATION_CONTEXT('2D SPACE',''
  ) );
#10238 = PCURVE('',#8052,#10239);
#10239 = DEFINITIONAL_REPRESENTATION('',(#10240),#10243);
#10240 = B_SPLINE_CURVE_WITH_KNOTS('',1,(#10241,#10242),.UNSPECIFIED.,
  .F.,.F.,(2,2),(4.712388980385,6.28318530718),
  .PIECEWISE_BEZIER_KNOTS.);
#10241 = CARTESIAN_POINT('',(7.853981633974,0.));
#10242 = CARTESIAN_POINT('',(7.853981633974,1.570796326795));
#10243 = ( GEOMETRIC_REPRESENTATION_CONTEXT(2) 
PARAMETRIC_REPRESENTATION_CONTEXT() REPRESENTATION_CONTEXT('2D SPACE',''
  ) );
#10244 = ORIENTED_EDGE('',*,*,#10245,.T.);
#10245 = EDGE_CURVE('',#10223,#10246,#10248,.T.);
#10246 = VERTEX_POINT('',#10247);
#10247 = CARTESIAN_POINT('',(93.5,2.4,17.5));
#10248 = SURFACE_CURVE('',#10249,(#10253,#10260),.PCURVE_S1.);
#10249 = LINE('',#10250,#10251);
#10250 = CARTESIAN_POINT('',(93.5,0.3,17.5));
#10251 = VECTOR('',#10252,1.);
#10252 = DIRECTION('',(0.,1.,0.));
#10253 = PCURVE('',#7859,#10254);
#10254 = DEFINITIONAL_REPRESENTATION('',(#10255),#10259);
#10255 = LINE('',#10256,#10257);
#10256 = CARTESIAN_POINT('',(3.5,0.));
#10257 = VECTOR('',#10258,1.);
#10258 = DIRECTION('',(0.,1.));
#10259 = ( GEOMETRIC_REPRESENTATION_CONTEXT(2) 
PARAMETRIC_REPRESENTATION_CONTEXT() REPRESENTATION_CONTEXT('2D SPACE',''
  ) );
#10260 = PCURVE('',#9864,#10261);
#10261 = DEFINITIONAL_REPRESENTATION('',(#10262),#10265);
#10262 = B_SPLINE_CURVE_WITH_KNOTS('',1,(#10263,#10264),.UNSPECIFIED.,
  .F.,.F.,(2,2),(0.4,2.1),.PIECEWISE_BEZIER_KNOTS.);
#10263 = CARTESIAN_POINT('',(-1.570796326795,0.4));
#10264 = CARTESIAN_POINT('',(-1.570796326795,2.1));
#10265 = ( GEOMETRIC_REPRESENTATION_CONTEXT(2) 
PARAMETRIC_REPRESENTATION_CONTEXT() REPRESENTATION_CONTEXT('2D SPACE',''
  ) );
#10266 = ORIENTED_EDGE('',*,*,#10267,.F.);
#10267 = EDGE_CURVE('',#7844,#10246,#10268,.T.);
#10268 = SURFACE_CURVE('',#10269,(#10274,#10281),.PCURVE_S1.);
#10269 = CIRCLE('',#10270,0.4);
#10270 = AXIS2_PLACEMENT_3D('',#10271,#10272,#10273);
#10271 = CARTESIAN_POINT('',(93.9,2.4,17.5));
#10272 = DIRECTION('',(0.,0.,1.));
#10273 = DIRECTION('',(0.,-1.,0.));
#10274 = PCURVE('',#7859,#10275);
#10275 = DEFINITIONAL_REPRESENTATION('',(#10276),#10280);
#10276 = CIRCLE('',#10277,0.4);
#10277 = AXIS2_PLACEMENT_2D('',#10278,#10279);
#10278 = CARTESIAN_POINT('',(3.9,2.1));
#10279 = DIRECTION('',(0.,-1.));
#10280 = ( GEOMETRIC_REPRESENTATION_CONTEXT(2) 
PARAMETRIC_REPRESENTATION_CONTEXT() REPRESENTATION_CONTEXT('2D SPACE',''
  ) );
#10281 = PCURVE('',#7888,#10282);
#10282 = DEFINITIONAL_REPRESENTATION('',(#10283),#10286);
#10283 = B_SPLINE_CURVE_WITH_KNOTS('',1,(#10284,#10285),.UNSPECIFIED.,
  .F.,.F.,(2,2),(3.14159265359,4.712388980385),
  .PIECEWISE_BEZIER_KNOTS.);
#10284 = CARTESIAN_POINT('',(-1.570796326795,1.570796326795));
#10285 = CARTESIAN_POINT('',(-1.570796326795,0.));
#10286 = ( GEOMETRIC_REPRESENTATION_CONTEXT(2) 
PARAMETRIC_REPRESENTATION_CONTEXT() REPRESENTATION_CONTEXT('2D SPACE',''
  ) );
#10287 = ADVANCED_FACE('',(#10288),#7888,.T.);
#10288 = FACE_BOUND('',#10289,.T.);
#10289 = EDGE_LOOP('',(#10290,#10291,#10292,#10314));
#10290 = ORIENTED_EDGE('',*,*,#7871,.F.);
#10291 = ORIENTED_EDGE('',*,*,#10267,.T.);
#10292 = ORIENTED_EDGE('',*,*,#10293,.F.);
#10293 = EDGE_CURVE('',#9826,#10246,#10294,.T.);
#10294 = SURFACE_CURVE('',#10295,(#10300,#10307),.PCURVE_S1.);
#10295 = CIRCLE('',#10296,4.5);
#10296 = AXIS2_PLACEMENT_3D('',#10297,#10298,#10299);
#10297 = CARTESIAN_POINT('',(98.,2.4,17.5));
#10298 = DIRECTION('',(0.,-1.,0.));
#10299 = DIRECTION('',(0.,0.,-1.));
#10300 = PCURVE('',#7888,#10301);
#10301 = DEFINITIONAL_REPRESENTATION('',(#10302),#10306);
#10302 = LINE('',#10303,#10304);
#10303 = CARTESIAN_POINT('',(3.141592653589,0.));
#10304 = VECTOR('',#10305,1.);
#10305 = DIRECTION('',(-1.,-0.));
#10306 = ( GEOMETRIC_REPRESENTATION_CONTEXT(2) 
PARAMETRIC_REPRESENTATION_CONTEXT() REPRESENTATION_CONTEXT('2D SPACE',''
  ) );
#10307 = PCURVE('',#9864,#10308);
#10308 = DEFINITIONAL_REPRESENTATION('',(#10309),#10313);
#10309 = LINE('',#10310,#10311);
#10310 = CARTESIAN_POINT('',(3.141592653589,2.1));
#10311 = VECTOR('',#10312,1.);
#10312 = DIRECTION('',(-1.,-0.));
#10313 = ( GEOMETRIC_REPRESENTATION_CONTEXT(2) 
PARAMETRIC_REPRESENTATION_CONTEXT() REPRESENTATION_CONTEXT('2D SPACE',''
  ) );
#10314 = ORIENTED_EDGE('',*,*,#9825,.T.);
#10315 = ADVANCED_FACE('',(#10316),#7940,.T.);
#10316 = FACE_BOUND('',#10317,.T.);
#10317 = EDGE_LOOP('',(#10318,#10319,#10340,#10341));
#10318 = ORIENTED_EDGE('',*,*,#9768,.F.);
#10319 = ORIENTED_EDGE('',*,*,#10320,.F.);
#10320 = EDGE_CURVE('',#7924,#9769,#10321,.T.);
#10321 = SEAM_CURVE('',#10322,(#10326,#10333),.PCURVE_S1.);
#10322 = LINE('',#10323,#10324);
#10323 = CARTESIAN_POINT('',(98.,0.3,19.5));
#10324 = VECTOR('',#10325,1.);
#10325 = DIRECTION('',(0.,1.,0.));
#10326 = PCURVE('',#7940,#10327);
#10327 = DEFINITIONAL_REPRESENTATION('',(#10328),#10332);
#10328 = LINE('',#10329,#10330);
#10329 = CARTESIAN_POINT('',(0.,-0.));
#10330 = VECTOR('',#10331,1.);
#10331 = DIRECTION('',(0.,1.));
#10332 = ( GEOMETRIC_REPRESENTATION_CONTEXT(2) 
PARAMETRIC_REPRESENTATION_CONTEXT() REPRESENTATION_CONTEXT('2D SPACE',''
  ) );
#10333 = PCURVE('',#7940,#10334);
#10334 = DEFINITIONAL_REPRESENTATION('',(#10335),#10339);
#10335 = LINE('',#10336,#10337);
#10336 = CARTESIAN_POINT('',(6.28318530718,-0.));
#10337 = VECTOR('',#10338,1.);
#10338 = DIRECTION('',(0.,1.));
#10339 = ( GEOMETRIC_REPRESENTATION_CONTEXT(2) 
PARAMETRIC_REPRESENTATION_CONTEXT() REPRESENTATION_CONTEXT('2D SPACE',''
  ) );
#10340 = ORIENTED_EDGE('',*,*,#7923,.T.);
#10341 = ORIENTED_EDGE('',*,*,#10320,.T.);
#10342 = ADVANCED_FACE('',(#10343),#8052,.T.);
#10343 = FACE_BOUND('',#10344,.T.);
#10344 = EDGE_LOOP('',(#10345,#10346,#10368,#10369));
#10345 = ORIENTED_EDGE('',*,*,#9875,.T.);
#10346 = ORIENTED_EDGE('',*,*,#10347,.T.);
#10347 = EDGE_CURVE('',#9849,#10223,#10348,.T.);
#10348 = SURFACE_CURVE('',#10349,(#10354,#10361),.PCURVE_S1.);
#10349 = CIRCLE('',#10350,4.5);
#10350 = AXIS2_PLACEMENT_3D('',#10351,#10352,#10353);
#10351 = CARTESIAN_POINT('',(98.,0.7,17.5));
#10352 = DIRECTION('',(0.,-1.,0.));
#10353 = DIRECTION('',(0.,0.,-1.));
#10354 = PCURVE('',#8052,#10355);
#10355 = DEFINITIONAL_REPRESENTATION('',(#10356),#10360);
#10356 = LINE('',#10357,#10358);
#10357 = CARTESIAN_POINT('',(3.14159265359,0.));
#10358 = VECTOR('',#10359,1.);
#10359 = DIRECTION('',(1.,-0.));
#10360 = ( GEOMETRIC_REPRESENTATION_CONTEXT(2) 
PARAMETRIC_REPRESENTATION_CONTEXT() REPRESENTATION_CONTEXT('2D SPACE',''
  ) );
#10361 = PCURVE('',#9864,#10362);
#10362 = DEFINITIONAL_REPRESENTATION('',(#10363),#10367);
#10363 = LINE('',#10364,#10365);
#10364 = CARTESIAN_POINT('',(3.141592653589,0.4));
#10365 = VECTOR('',#10366,1.);
#10366 = DIRECTION('',(-1.,-0.));
#10367 = ( GEOMETRIC_REPRESENTATION_CONTEXT(2) 
PARAMETRIC_REPRESENTATION_CONTEXT() REPRESENTATION_CONTEXT('2D SPACE',''
  ) );
#10368 = ORIENTED_EDGE('',*,*,#10222,.T.);
#10369 = ORIENTED_EDGE('',*,*,#8031,.F.);
#10370 = ADVANCED_FACE('',(#10371),#8400,.F.);
#10371 = FACE_BOUND('',#10372,.F.);
#10372 = EDGE_LOOP('',(#10373,#10374,#10375,#10376));
#10373 = ORIENTED_EDGE('',*,*,#8671,.F.);
#10374 = ORIENTED_EDGE('',*,*,#8384,.T.);
#10375 = ORIENTED_EDGE('',*,*,#8440,.T.);
#10376 = ORIENTED_EDGE('',*,*,#10377,.F.);
#10377 = EDGE_CURVE('',#8672,#8441,#10378,.T.);
#10378 = SURFACE_CURVE('',#10379,(#10383,#10390),.PCURVE_S1.);
#10379 = LINE('',#10380,#10381);
#10380 = CARTESIAN_POINT('',(90.,197.2,17.5));
#10381 = VECTOR('',#10382,1.);
#10382 = DIRECTION('',(-0.,1.,0.));
#10383 = PCURVE('',#8400,#10384);
#10384 = DEFINITIONAL_REPRESENTATION('',(#10385),#10389);
#10385 = LINE('',#10386,#10387);
#10386 = CARTESIAN_POINT('',(17.5,0.));
#10387 = VECTOR('',#10388,1.);
#10388 = DIRECTION('',(0.,-1.));
#10389 = ( GEOMETRIC_REPRESENTATION_CONTEXT(2) 
PARAMETRIC_REPRESENTATION_CONTEXT() REPRESENTATION_CONTEXT('2D SPACE',''
  ) );
#10390 = PCURVE('',#8479,#10391);
#10391 = DEFINITIONAL_REPRESENTATION('',(#10392),#10396);
#10392 = LINE('',#10393,#10394);
#10393 = CARTESIAN_POINT('',(0.,0.));
#10394 = VECTOR('',#10395,1.);
#10395 = DIRECTION('',(0.,1.));
#10396 = ( GEOMETRIC_REPRESENTATION_CONTEXT(2) 
PARAMETRIC_REPRESENTATION_CONTEXT() REPRESENTATION_CONTEXT('2D SPACE',''
  ) );
#10397 = ADVANCED_FACE('',(#10398),#8479,.T.);
#10398 = FACE_BOUND('',#10399,.T.);
#10399 = EDGE_LOOP('',(#10400,#10401,#10402,#10403,#10426,#10448));
#10400 = ORIENTED_EDGE('',*,*,#8463,.F.);
#10401 = ORIENTED_EDGE('',*,*,#10377,.F.);
#10402 = ORIENTED_EDGE('',*,*,#8694,.T.);
#10403 = ORIENTED_EDGE('',*,*,#10404,.F.);
#10404 = EDGE_CURVE('',#10405,#8695,#10407,.T.);
#10405 = VERTEX_POINT('',#10406);
#10406 = CARTESIAN_POINT('',(93.5,197.6,17.5));
#10407 = SURFACE_CURVE('',#10408,(#10413,#10420),.PCURVE_S1.);
#10408 = CIRCLE('',#10409,0.4);
#10409 = AXIS2_PLACEMENT_3D('',#10410,#10411,#10412);
#10410 = CARTESIAN_POINT('',(93.9,197.6,17.5));
#10411 = DIRECTION('',(0.,0.,1.));
#10412 = DIRECTION('',(0.,-1.,0.));
#10413 = PCURVE('',#8479,#10414);
#10414 = DEFINITIONAL_REPRESENTATION('',(#10415),#10419);
#10415 = CIRCLE('',#10416,0.4);
#10416 = AXIS2_PLACEMENT_2D('',#10417,#10418);
#10417 = CARTESIAN_POINT('',(3.9,0.4));
#10418 = DIRECTION('',(0.,-1.));
#10419 = ( GEOMETRIC_REPRESENTATION_CONTEXT(2) 
PARAMETRIC_REPRESENTATION_CONTEXT() REPRESENTATION_CONTEXT('2D SPACE',''
  ) );
#10420 = PCURVE('',#8634,#10421);
#10421 = DEFINITIONAL_REPRESENTATION('',(#10422),#10425);
#10422 = B_SPLINE_CURVE_WITH_KNOTS('',1,(#10423,#10424),.UNSPECIFIED.,
  .F.,.F.,(2,2),(4.712388980385,6.28318530718),
  .PIECEWISE_BEZIER_KNOTS.);
#10423 = CARTESIAN_POINT('',(7.853981633974,0.));
#10424 = CARTESIAN_POINT('',(7.853981633974,1.570796326795));
#10425 = ( GEOMETRIC_REPRESENTATION_CONTEXT(2) 
PARAMETRIC_REPRESENTATION_CONTEXT() REPRESENTATION_CONTEXT('2D SPACE',''
  ) );
#10426 = ORIENTED_EDGE('',*,*,#10427,.T.);
#10427 = EDGE_CURVE('',#10405,#10428,#10430,.T.);
#10428 = VERTEX_POINT('',#10429);
#10429 = CARTESIAN_POINT('',(93.5,199.3,17.5));
#10430 = SURFACE_CURVE('',#10431,(#10435,#10442),.PCURVE_S1.);
#10431 = LINE('',#10432,#10433);
#10432 = CARTESIAN_POINT('',(93.5,197.2,17.5));
#10433 = VECTOR('',#10434,1.);
#10434 = DIRECTION('',(0.,1.,0.));
#10435 = PCURVE('',#8479,#10436);
#10436 = DEFINITIONAL_REPRESENTATION('',(#10437),#10441);
#10437 = LINE('',#10438,#10439);
#10438 = CARTESIAN_POINT('',(3.5,0.));
#10439 = VECTOR('',#10440,1.);
#10440 = DIRECTION('',(0.,1.));
#10441 = ( GEOMETRIC_REPRESENTATION_CONTEXT(2) 
PARAMETRIC_REPRESENTATION_CONTEXT() REPRESENTATION_CONTEXT('2D SPACE',''
  ) );
#10442 = PCURVE('',#8608,#10443);
#10443 = DEFINITIONAL_REPRESENTATION('',(#10444),#10447);
#10444 = B_SPLINE_CURVE_WITH_KNOTS('',1,(#10445,#10446),.UNSPECIFIED.,
  .F.,.F.,(2,2),(0.4,2.1),.PIECEWISE_BEZIER_KNOTS.);
#10445 = CARTESIAN_POINT('',(-1.570796326795,0.4));
#10446 = CARTESIAN_POINT('',(-1.570796326795,2.1));
#10447 = ( GEOMETRIC_REPRESENTATION_CONTEXT(2) 
PARAMETRIC_REPRESENTATION_CONTEXT() REPRESENTATION_CONTEXT('2D SPACE',''
  ) );
#10448 = ORIENTED_EDGE('',*,*,#10449,.F.);
#10449 = EDGE_CURVE('',#8464,#10428,#10450,.T.);
#10450 = SURFACE_CURVE('',#10451,(#10456,#10463),.PCURVE_S1.);
#10451 = CIRCLE('',#10452,0.4);
#10452 = AXIS2_PLACEMENT_3D('',#10453,#10454,#10455);
#10453 = CARTESIAN_POINT('',(93.9,199.3,17.5));
#10454 = DIRECTION('',(0.,0.,1.));
#10455 = DIRECTION('',(0.,-1.,0.));
#10456 = PCURVE('',#8479,#10457);
#10457 = DEFINITIONAL_REPRESENTATION('',(#10458),#10462);
#10458 = CIRCLE('',#10459,0.4);
#10459 = AXIS2_PLACEMENT_2D('',#10460,#10461);
#10460 = CARTESIAN_POINT('',(3.9,2.1));
#10461 = DIRECTION('',(0.,-1.));
#10462 = ( GEOMETRIC_REPRESENTATION_CONTEXT(2) 
PARAMETRIC_REPRESENTATION_CONTEXT() REPRESENTATION_CONTEXT('2D SPACE',''
  ) );
#10463 = PCURVE('',#8508,#10464);
#10464 = DEFINITIONAL_REPRESENTATION('',(#10465),#10468);
#10465 = B_SPLINE_CURVE_WITH_KNOTS('',1,(#10466,#10467),.UNSPECIFIED.,
  .F.,.F.,(2,2),(3.14159265359,4.712388980385),
  .PIECEWISE_BEZIER_KNOTS.);
#10466 = CARTESIAN_POINT('',(-1.570796326795,1.570796326795));
#10467 = CARTESIAN_POINT('',(-1.570796326795,0.));
#10468 = ( GEOMETRIC_REPRESENTATION_CONTEXT(2) 
PARAMETRIC_REPRESENTATION_CONTEXT() REPRESENTATION_CONTEXT('2D SPACE',''
  ) );
#10469 = ADVANCED_FACE('',(#10470),#8508,.T.);
#10470 = FACE_BOUND('',#10471,.T.);
#10471 = EDGE_LOOP('',(#10472,#10473,#10474,#10496));
#10472 = ORIENTED_EDGE('',*,*,#8491,.F.);
#10473 = ORIENTED_EDGE('',*,*,#10449,.T.);
#10474 = ORIENTED_EDGE('',*,*,#10475,.F.);
#10475 = EDGE_CURVE('',#8570,#10428,#10476,.T.);
#10476 = SURFACE_CURVE('',#10477,(#10482,#10489),.PCURVE_S1.);
#10477 = CIRCLE('',#10478,4.5);
#10478 = AXIS2_PLACEMENT_3D('',#10479,#10480,#10481);
#10479 = CARTESIAN_POINT('',(98.,199.3,17.5));
#10480 = DIRECTION('',(0.,-1.,0.));
#10481 = DIRECTION('',(0.,0.,-1.));
#10482 = PCURVE('',#8508,#10483);
#10483 = DEFINITIONAL_REPRESENTATION('',(#10484),#10488);
#10484 = LINE('',#10485,#10486);
#10485 = CARTESIAN_POINT('',(3.141592653589,0.));
#10486 = VECTOR('',#10487,1.);
#10487 = DIRECTION('',(-1.,-0.));
#10488 = ( GEOMETRIC_REPRESENTATION_CONTEXT(2) 
PARAMETRIC_REPRESENTATION_CONTEXT() REPRESENTATION_CONTEXT('2D SPACE',''
  ) );
#10489 = PCURVE('',#8608,#10490);
#10490 = DEFINITIONAL_REPRESENTATION('',(#10491),#10495);
#10491 = LINE('',#10492,#10493);
#10492 = CARTESIAN_POINT('',(3.141592653589,2.1));
#10493 = VECTOR('',#10494,1.);
#10494 = DIRECTION('',(-1.,-0.));
#10495 = ( GEOMETRIC_REPRESENTATION_CONTEXT(2) 
PARAMETRIC_REPRESENTATION_CONTEXT() REPRESENTATION_CONTEXT('2D SPACE',''
  ) );
#10496 = ORIENTED_EDGE('',*,*,#8569,.T.);
#10497 = ADVANCED_FACE('',(#10498),#8608,.T.);
#10498 = FACE_BOUND('',#10499,.T.);
#10499 = EDGE_LOOP('',(#10500,#10501,#10502,#10524));
#10500 = ORIENTED_EDGE('',*,*,#10475,.T.);
#10501 = ORIENTED_EDGE('',*,*,#10427,.F.);
#10502 = ORIENTED_EDGE('',*,*,#10503,.F.);
#10503 = EDGE_CURVE('',#8593,#10405,#10504,.T.);
#10504 = SURFACE_CURVE('',#10505,(#10510,#10517),.PCURVE_S1.);
#10505 = CIRCLE('',#10506,4.5);
#10506 = AXIS2_PLACEMENT_3D('',#10507,#10508,#10509);
#10507 = CARTESIAN_POINT('',(98.,197.6,17.5));
#10508 = DIRECTION('',(0.,-1.,0.));
#10509 = DIRECTION('',(0.,0.,-1.));
#10510 = PCURVE('',#8608,#10511);
#10511 = DEFINITIONAL_REPRESENTATION('',(#10512),#10516);
#10512 = LINE('',#10513,#10514);
#10513 = CARTESIAN_POINT('',(3.141592653589,0.4));
#10514 = VECTOR('',#10515,1.);
#10515 = DIRECTION('',(-1.,-0.));
#10516 = ( GEOMETRIC_REPRESENTATION_CONTEXT(2) 
PARAMETRIC_REPRESENTATION_CONTEXT() REPRESENTATION_CONTEXT('2D SPACE',''
  ) );
#10517 = PCURVE('',#8634,#10518);
#10518 = DEFINITIONAL_REPRESENTATION('',(#10519),#10523);
#10519 = LINE('',#10520,#10521);
#10520 = CARTESIAN_POINT('',(3.14159265359,0.));
#10521 = VECTOR('',#10522,1.);
#10522 = DIRECTION('',(1.,-0.));
#10523 = ( GEOMETRIC_REPRESENTATION_CONTEXT(2) 
PARAMETRIC_REPRESENTATION_CONTEXT() REPRESENTATION_CONTEXT('2D SPACE',''
  ) );
#10524 = ORIENTED_EDGE('',*,*,#8592,.T.);
#10525 = ADVANCED_FACE('',(#10526),#8634,.T.);
#10526 = FACE_BOUND('',#10527,.T.);
#10527 = EDGE_LOOP('',(#10528,#10529,#10530,#10531));
#10528 = ORIENTED_EDGE('',*,*,#8619,.T.);
#10529 = ORIENTED_EDGE('',*,*,#10503,.T.);
#10530 = ORIENTED_EDGE('',*,*,#10404,.T.);
#10531 = ORIENTED_EDGE('',*,*,#8717,.F.);
#10532 = ADVANCED_FACE('',(#10533),#8763,.T.);
#10533 = FACE_BOUND('',#10534,.T.);
#10534 = EDGE_LOOP('',(#10535,#10536,#10557,#10558));
#10535 = ORIENTED_EDGE('',*,*,#8746,.F.);
#10536 = ORIENTED_EDGE('',*,*,#10537,.F.);
#10537 = EDGE_CURVE('',#8956,#8747,#10538,.T.);
#10538 = SEAM_CURVE('',#10539,(#10543,#10550),.PCURVE_S1.);
#10539 = LINE('',#10540,#10541);
#10540 = CARTESIAN_POINT('',(98.,190.7,19.5));
#10541 = VECTOR('',#10542,1.);
#10542 = DIRECTION('',(0.,1.,0.));
#10543 = PCURVE('',#8763,#10544);
#10544 = DEFINITIONAL_REPRESENTATION('',(#10545),#10549);
#10545 = LINE('',#10546,#10547);
#10546 = CARTESIAN_POINT('',(0.,-0.));
#10547 = VECTOR('',#10548,1.);
#10548 = DIRECTION('',(0.,1.));
#10549 = ( GEOMETRIC_REPRESENTATION_CONTEXT(2) 
PARAMETRIC_REPRESENTATION_CONTEXT() REPRESENTATION_CONTEXT('2D SPACE',''
  ) );
#10550 = PCURVE('',#8763,#10551);
#10551 = DEFINITIONAL_REPRESENTATION('',(#10552),#10556);
#10552 = LINE('',#10553,#10554);
#10553 = CARTESIAN_POINT('',(6.28318530718,-0.));
#10554 = VECTOR('',#10555,1.);
#10555 = DIRECTION('',(0.,1.));
#10556 = ( GEOMETRIC_REPRESENTATION_CONTEXT(2) 
PARAMETRIC_REPRESENTATION_CONTEXT() REPRESENTATION_CONTEXT('2D SPACE',''
  ) );
#10557 = ORIENTED_EDGE('',*,*,#8955,.T.);
#10558 = ORIENTED_EDGE('',*,*,#10537,.T.);
#10559 = ADVANCED_FACE('',(#10560),#9289,.T.);
#10560 = FACE_BOUND('',#10561,.T.);
#10561 = EDGE_LOOP('',(#10562,#10563,#10564,#10565));
#10562 = ORIENTED_EDGE('',*,*,#10064,.T.);
#10563 = ORIENTED_EDGE('',*,*,#9398,.F.);
#10564 = ORIENTED_EDGE('',*,*,#9347,.T.);
#10565 = ORIENTED_EDGE('',*,*,#9273,.F.);
#10566 = ADVANCED_FACE('',(#10567),#9506,.T.);
#10567 = FACE_BOUND('',#10568,.T.);
#10568 = EDGE_LOOP('',(#10569,#10570,#10571,#10593));
#10569 = ORIENTED_EDGE('',*,*,#9489,.F.);
#10570 = ORIENTED_EDGE('',*,*,#10160,.T.);
#10571 = ORIENTED_EDGE('',*,*,#10572,.F.);
#10572 = EDGE_CURVE('',#9568,#10139,#10573,.T.);
#10573 = SURFACE_CURVE('',#10574,(#10579,#10586),.PCURVE_S1.);
#10574 = CIRCLE('',#10575,4.5);
#10575 = AXIS2_PLACEMENT_3D('',#10576,#10577,#10578);
#10576 = CARTESIAN_POINT('',(98.,8.9,17.5));
#10577 = DIRECTION('',(0.,-1.,0.));
#10578 = DIRECTION('',(0.,0.,-1.));
#10579 = PCURVE('',#9506,#10580);
#10580 = DEFINITIONAL_REPRESENTATION('',(#10581),#10585);
#10581 = LINE('',#10582,#10583);
#10582 = CARTESIAN_POINT('',(3.141592653589,0.));
#10583 = VECTOR('',#10584,1.);
#10584 = DIRECTION('',(-1.,-0.));
#10585 = ( GEOMETRIC_REPRESENTATION_CONTEXT(2) 
PARAMETRIC_REPRESENTATION_CONTEXT() REPRESENTATION_CONTEXT('2D SPACE',''
  ) );
#10586 = PCURVE('',#9606,#10587);
#10587 = DEFINITIONAL_REPRESENTATION('',(#10588),#10592);
#10588 = LINE('',#10589,#10590);
#10589 = CARTESIAN_POINT('',(3.141592653589,2.1));
#10590 = VECTOR('',#10591,1.);
#10591 = DIRECTION('',(-1.,-0.));
#10592 = ( GEOMETRIC_REPRESENTATION_CONTEXT(2) 
PARAMETRIC_REPRESENTATION_CONTEXT() REPRESENTATION_CONTEXT('2D SPACE',''
  ) );
#10593 = ORIENTED_EDGE('',*,*,#9567,.T.);
#10594 = ADVANCED_FACE('',(#10595),#9606,.T.);
#10595 = FACE_BOUND('',#10596,.T.);
#10596 = EDGE_LOOP('',(#10597,#10598,#10599,#10621));
#10597 = ORIENTED_EDGE('',*,*,#10572,.T.);
#10598 = ORIENTED_EDGE('',*,*,#10138,.F.);
#10599 = ORIENTED_EDGE('',*,*,#10600,.F.);
#10600 = EDGE_CURVE('',#9591,#10116,#10601,.T.);
#10601 = SURFACE_CURVE('',#10602,(#10607,#10614),.PCURVE_S1.);
#10602 = CIRCLE('',#10603,4.5);
#10603 = AXIS2_PLACEMENT_3D('',#10604,#10605,#10606);
#10604 = CARTESIAN_POINT('',(98.,7.2,17.5));
#10605 = DIRECTION('',(0.,-1.,0.));
#10606 = DIRECTION('',(0.,0.,-1.));
#10607 = PCURVE('',#9606,#10608);
#10608 = DEFINITIONAL_REPRESENTATION('',(#10609),#10613);
#10609 = LINE('',#10610,#10611);
#10610 = CARTESIAN_POINT('',(3.141592653589,0.4));
#10611 = VECTOR('',#10612,1.);
#10612 = DIRECTION('',(-1.,-0.));
#10613 = ( GEOMETRIC_REPRESENTATION_CONTEXT(2) 
PARAMETRIC_REPRESENTATION_CONTEXT() REPRESENTATION_CONTEXT('2D SPACE',''
  ) );
#10614 = PCURVE('',#9632,#10615);
#10615 = DEFINITIONAL_REPRESENTATION('',(#10616),#10620);
#10616 = LINE('',#10617,#10618);
#10617 = CARTESIAN_POINT('',(3.14159265359,0.));
#10618 = VECTOR('',#10619,1.);
#10619 = DIRECTION('',(1.,-0.));
#10620 = ( GEOMETRIC_REPRESENTATION_CONTEXT(2) 
PARAMETRIC_REPRESENTATION_CONTEXT() REPRESENTATION_CONTEXT('2D SPACE',''
  ) );
#10621 = ORIENTED_EDGE('',*,*,#9590,.T.);
#10622 = ADVANCED_FACE('',(#10623),#9632,.T.);
#10623 = FACE_BOUND('',#10624,.T.);
#10624 = EDGE_LOOP('',(#10625,#10626,#10627,#10628));
#10625 = ORIENTED_EDGE('',*,*,#9617,.T.);
#10626 = ORIENTED_EDGE('',*,*,#10600,.T.);
#10627 = ORIENTED_EDGE('',*,*,#10115,.T.);
#10628 = ORIENTED_EDGE('',*,*,#9739,.F.);
#10629 = ADVANCED_FACE('',(#10630),#9864,.T.);
#10630 = FACE_BOUND('',#10631,.T.);
#10631 = EDGE_LOOP('',(#10632,#10633,#10634,#10635));
#10632 = ORIENTED_EDGE('',*,*,#10293,.T.);
#10633 = ORIENTED_EDGE('',*,*,#10245,.F.);
#10634 = ORIENTED_EDGE('',*,*,#10347,.F.);
#10635 = ORIENTED_EDGE('',*,*,#9848,.T.);
#10636 = ( GEOMETRIC_REPRESENTATION_CONTEXT(3) 
GLOBAL_UNCERTAINTY_ASSIGNED_CONTEXT((#10640)) 
GLOBAL_UNIT_ASSIGNED_CONTEXT((#10637,#10638,#10639)) 
REPRESENTATION_CONTEXT('Context #1',
  '3D Context with UNIT and UNCERTAINTY') );
#10637 = ( LENGTH_UNIT() NAMED_UNIT(*) SI_UNIT(.MILLI.,.METRE.) );
#10638 = ( NAMED_UNIT(*) PLANE_ANGLE_UNIT() SI_UNIT($,.RADIAN.) );
#10639 = ( NAMED_UNIT(*) SI_UNIT($,.STERADIAN.) SOLID_ANGLE_UNIT() );
#10640 = UNCERTAINTY_MEASURE_WITH_UNIT(LENGTH_MEASURE(1.E-07),#10637,
  'distance_accuracy_value','confusion accuracy');
#10641 = PRODUCT_RELATED_PRODUCT_CATEGORY('part',$,(#7));
ENDSEC;
END-ISO-10303-21;
