; HEADER_BLOCK_START
; generated by ElegooSlicer 1.5.3.5 on 2026-09-28 at 18:16:04
; total layer number: 93
; filament_density: 1.25
; filament_diameter: 1.75
; max_z_height: 18.60
; HEADER_BLOCK_END

; filament: 1
; HEADER_BLOCK_END

; external perimeters extrusion width = 0.42mm
; perimeters extrusion width = 0.45mm
; infill extrusion width = 0.45mm
; solid infill extrusion width = 0.42mm
; top infill extrusion width = 0.42mm
; first layer extrusion width = 0.50mm

; external perimeters extrusion width = 0.42mm
; perimeters extrusion width = 0.45mm
; infill extrusion width = 0.45mm
; solid infill extrusion width = 0.42mm
; top infill extrusion width = 0.42mm
; first layer extrusion width = 0.50mm

; EXECUTABLE_BLOCK_START
M73 P0 R76
M106 S0
M106 P2 S0
;TYPE:Custom
;===== CC2_START_GCODE ================
;===== date: 2026-01-16-001 =====================

G90
M104 S140
M140 S60
M190 S60 A
M106 S0
BED_MESH_CALIBRATE mesh_min=62.15,63.3 mesh_max=193.85,191 ALGORITHM=bicubic PROBE_COUNT=7,7 ADAPTIVE=0 ADAPTIVE_MARGIN=0 FROM_SLICER=1
M204 S5000 ;Call exterior wall print acceleration
G28
M109 S210
M6211 A1 L200 T0 Q210 R210 S210
T0


G180 S7
G1 X127 Y-1.2 F20000
G1 Z0.5 F900
M73 P2 R75
M109 S210
M83
G92 E0 ;Reset Extruder
G1 E6 F251.567 
M106 S200
G1 X87 E20 F1200 
G1 F6000
G1 X82 E0.8

M106 S0
G180 S8
G1 F20000
G92 E0 ;Reset Extruder
SET_PRINT_STATS_INFO TOTAL_LAYER=93 CURRENT_LAYER=0
;LAYER_COUNT:93
;LAYER:0
G90
G21
M83 ; use relative distances for extrusion
; filament start gcode
M106 P3 S200


M106 P2 S0
;LAYER_CHANGE
;Z:0.2
;HEIGHT:0.2
;BEFORE_LAYER_CHANGE
;0.2
G92 E0

G1 E-.8 F1800
M73 L1
;LAYER:1
SET_PRINT_STATS_INFO TOTAL_LAYER=93 CURRENT_LAYER=1
;_SET_FAN_SPEED_CHANGING_LAYER
SET_VELOCITY_LIMIT ACCEL=500
G1 X64.171 Y187.479 F30000
G1 Z.6
G1 Z.2
G1 E.8 F1800
;TYPE:Inner wall
;WIDTH:0.5
G1 F3000
G1 X64.171 Y129.521 E2.09394
G1 X191.829 Y129.521 E4.61211
G1 X191.829 Y187.479 E2.09394
G1 X64.211 Y187.479 E4.61067
G1 X63.714 Y187.936 F30000
G1 F3000
G1 X63.714 Y129.064 E2.12696
G1 X192.286 Y129.064 E4.64514
M73 P2 R74
G1 X192.286 Y187.936 E2.12696
G1 X63.754 Y187.936 E4.6437
G1 X63.257 Y188.393 F30000
G1 F3000
G1 X63.257 Y128.607 E2.15999
G1 X192.743 Y128.607 E4.67817
G1 X192.743 Y188.393 E2.15999
G1 X63.297 Y188.393 E4.67672
G1 X62.8 Y188.85 F30000
;TYPE:Outer wall
G1 F3000
G1 X62.8 Y128.15 E2.19302
G1 X193.2 Y128.15 E4.7112
G1 X193.2 Y188.85 E2.19302
G1 X62.84 Y188.85 E4.70975
M73 P3 R74
G1 E-.728 F1800
;WIPE_START
G1 F30000
G1 X62.839 Y187.65 E-.072
;WIPE_END
G1 X69.792 Y184.501 Z.6
G1 X190.673 Y129.75 Z.6
G1 Z.2
G1 E.8 F1800
;TYPE:Bottom surface
;WIDTH:0.501403
G1 F6300
G1 X191.395 Y130.471 E.03697
G1 X191.395 Y131.119 E.0235
G1 X190.231 Y129.955 E.05965
G1 X189.582 Y129.955 E.0235
G1 X191.395 Y131.768 E.09289
G1 X191.395 Y132.416 E.0235
G1 X188.934 Y129.955 E.12612
G1 X188.285 Y129.955 E.0235
G1 X191.395 Y133.065 E.15935
G1 X191.395 Y133.713 E.0235
G1 X187.637 Y129.955 E.19258
G1 X186.989 Y129.955 E.0235
G1 X191.395 Y134.361 E.22581
G1 X191.395 Y135.01 E.0235
G1 X186.34 Y129.955 E.25904
G1 X185.692 Y129.955 E.0235
G1 X191.395 Y135.658 E.29227
G1 X191.395 Y136.307 E.0235
G1 X185.043 Y129.955 E.3255
G1 X184.395 Y129.955 E.0235
G1 X191.395 Y136.955 E.35873
G1 X191.395 Y137.603 E.0235
G1 X183.747 Y129.955 E.39196
G1 X183.098 Y129.955 E.0235
G1 X191.395 Y138.252 E.42519
G1 X191.395 Y138.9 E.0235
G1 X182.45 Y129.955 E.45842
G1 X181.801 Y129.955 E.0235
G1 X191.395 Y139.549 E.49165
G1 X191.395 Y140.197 E.0235
G1 X181.153 Y129.955 E.52488
G1 X180.505 Y129.955 E.0235
G1 X191.395 Y140.845 E.55811
G1 X191.395 Y141.494 E.0235
G1 X179.856 Y129.955 E.59134
G1 X179.208 Y129.955 E.0235
G1 X191.395 Y142.142 E.62457
G1 X191.395 Y142.791 E.0235
G1 X178.559 Y129.955 E.65781
G1 X177.911 Y129.955 E.0235
G1 X191.395 Y143.439 E.69104
G1 X191.395 Y144.087 E.0235
G1 X177.263 Y129.955 E.72427
G1 X176.614 Y129.955 E.0235
G1 X191.395 Y144.736 E.7575
G1 X191.395 Y145.384 E.0235
G1 X175.966 Y129.955 E.79073
G1 X175.318 Y129.955 E.0235
G1 X191.395 Y146.032 E.82396
G1 X191.395 Y146.681 E.0235
G1 X174.669 Y129.955 E.85719
G1 X174.021 Y129.955 E.0235
G1 X191.395 Y147.329 E.89042
G1 X191.395 Y147.978 E.0235
G1 X173.372 Y129.955 E.92365
G1 X172.724 Y129.955 E.0235
G1 X191.395 Y148.626 E.95688
G1 X191.395 Y149.274 E.0235
G1 X172.076 Y129.955 E.99011
G1 X171.427 Y129.955 E.0235
G1 X191.395 Y149.923 E1.02334
G1 X191.395 Y150.571 E.0235
G1 X170.779 Y129.955 E1.05657
G1 X170.13 Y129.955 E.0235
G1 X191.395 Y151.22 E1.0898
G1 X191.395 Y151.868 E.0235
G1 X169.482 Y129.955 E1.12303
G1 X168.834 Y129.955 E.0235
G1 X191.395 Y152.516 E1.15626
G1 X191.395 Y153.165 E.0235
G1 X168.185 Y129.955 E1.1895
G1 X167.537 Y129.955 E.0235
G1 X191.395 Y153.813 E1.22273
G1 X191.395 Y154.462 E.0235
G1 X166.888 Y129.955 E1.25596
G1 X166.24 Y129.955 E.0235
G1 X191.395 Y155.11 E1.28919
G1 X191.395 Y155.758 E.0235
G1 X165.592 Y129.955 E1.32242
G1 X164.943 Y129.955 E.0235
G1 X191.395 Y156.407 E1.35565
G1 X191.395 Y157.055 E.0235
G1 X164.295 Y129.955 E1.38888
G1 X163.646 Y129.955 E.0235
G1 X191.395 Y157.704 E1.42211
G1 X191.395 Y158.352 E.0235
G1 X162.998 Y129.955 E1.45534
G1 X162.35 Y129.955 E.0235
G1 X191.395 Y159 E1.48857
G1 X191.395 Y159.649 E.0235
G1 X161.701 Y129.955 E1.5218
G1 X161.053 Y129.955 E.0235
G1 X191.395 Y160.297 E1.55503
G1 X191.395 Y160.946 E.0235
G1 X160.404 Y129.955 E1.58826
G1 X159.756 Y129.955 E.0235
G1 X191.395 Y161.594 E1.62149
G1 X191.395 Y162.242 E.0235
G1 X159.108 Y129.955 E1.65472
G1 X158.459 Y129.955 E.0235
G1 X191.395 Y162.891 E1.68795
G1 X191.395 Y163.539 E.0235
G1 X157.811 Y129.955 E1.72119
G1 X157.163 Y129.955 E.0235
G1 X191.395 Y164.187 E1.75442
G1 X191.395 Y164.836 E.0235
G1 X156.514 Y129.955 E1.78765
G1 X155.866 Y129.955 E.0235
G1 X191.395 Y165.484 E1.82088
G1 X191.395 Y166.133 E.0235
G1 X155.217 Y129.955 E1.85411
G1 X154.569 Y129.955 E.0235
G1 X191.395 Y166.781 E1.88734
G1 X191.395 Y167.429 E.0235
G1 X153.921 Y129.955 E1.92057
G1 X153.272 Y129.955 E.0235
G1 X191.395 Y168.078 E1.9538
G1 X191.395 Y168.726 E.0235
G1 X152.624 Y129.955 E1.98703
G1 X151.975 Y129.955 E.0235
G1 X191.395 Y169.375 E2.02026
G1 X191.395 Y170.023 E.0235
G1 X151.327 Y129.955 E2.05349
G1 X150.679 Y129.955 E.0235
G1 X191.395 Y170.671 E2.08672
G1 X191.395 Y171.32 E.0235
G1 X150.03 Y129.955 E2.11995
G1 X149.382 Y129.955 E.0235
G1 X191.395 Y171.968 E2.15318
G1 X191.395 Y172.617 E.0235
G1 X148.733 Y129.955 E2.18641
G1 X148.085 Y129.955 E.0235
G1 X191.395 Y173.265 E2.21964
G1 X191.395 Y173.913 E.0235
G1 X147.437 Y129.955 E2.25287
G1 X146.788 Y129.955 E.0235
G1 X191.395 Y174.562 E2.28611
G1 X191.395 Y175.21 E.0235
M73 P3 R73
G1 X146.14 Y129.955 E2.31934
G1 X145.491 Y129.955 E.0235
G1 X191.395 Y175.859 E2.35257
G1 X191.395 Y176.507 E.0235
G1 X144.843 Y129.955 E2.3858
G1 X144.195 Y129.955 E.0235
G1 X191.395 Y177.155 E2.41903
G1 X191.395 Y177.804 E.0235
G1 X143.546 Y129.955 E2.45226
G1 X142.898 Y129.955 E.0235
G1 X191.395 Y178.452 E2.48549
G1 X191.395 Y179.101 E.0235
G1 X142.249 Y129.955 E2.51872
G1 X141.601 Y129.955 E.0235
M73 P4 R73
G1 X191.395 Y179.749 E2.55195
G1 X191.395 Y180.397 E.0235
G1 X140.953 Y129.955 E2.58518
G1 X140.304 Y129.955 E.0235
G1 X191.395 Y181.046 E2.61841
G1 X191.395 Y181.694 E.0235
G1 X139.656 Y129.955 E2.65164
G1 X139.008 Y129.955 E.0235
G1 X191.395 Y182.342 E2.68487
G1 X191.395 Y182.991 E.0235
G1 X138.359 Y129.955 E2.7181
G1 X137.711 Y129.955 E.0235
G1 X191.395 Y183.639 E2.75133
G1 X191.395 Y184.288 E.0235
G1 X137.062 Y129.955 E2.78456
G1 X136.414 Y129.955 E.0235
G1 X191.395 Y184.936 E2.8178
G1 X191.395 Y185.584 E.0235
G1 X135.766 Y129.955 E2.85103
G1 X135.117 Y129.955 E.0235
G1 X191.395 Y186.233 E2.88426
G1 X191.395 Y186.881 E.0235
G1 X134.469 Y129.955 E2.91749
G1 X133.82 Y129.955 E.0235
G1 X190.909 Y187.045 E2.92586
G1 X190.261 Y187.045 E.0235
G1 X133.172 Y129.955 E2.92586
G1 X132.524 Y129.955 E.0235
G1 X189.613 Y187.045 E2.92586
G1 X188.964 Y187.045 E.0235
G1 X131.875 Y129.955 E2.92586
G1 X131.227 Y129.955 E.0235
G1 X188.316 Y187.045 E2.92586
G1 X187.667 Y187.045 E.0235
G1 X130.578 Y129.955 E2.92586
G1 X129.93 Y129.955 E.0235
G1 X187.019 Y187.045 E2.92586
G1 X186.371 Y187.045 E.0235
G1 X129.282 Y129.955 E2.92586
G1 X128.633 Y129.955 E.0235
G1 X185.722 Y187.045 E2.92586
G1 X185.074 Y187.045 E.0235
G1 X127.985 Y129.955 E2.92586
G1 X127.336 Y129.955 E.0235
G1 X184.426 Y187.045 E2.92586
G1 X183.777 Y187.045 E.0235
G1 X126.688 Y129.955 E2.92586
G1 X126.04 Y129.955 E.0235
G1 X183.129 Y187.045 E2.92586
G1 X182.48 Y187.045 E.0235
G1 X125.391 Y129.955 E2.92586
G1 X124.743 Y129.955 E.0235
G1 X181.832 Y187.045 E2.92586
G1 X181.184 Y187.045 E.0235
G1 X124.094 Y129.955 E2.92586
G1 X123.446 Y129.955 E.0235
G1 X180.535 Y187.045 E2.92586
G1 X179.887 Y187.045 E.0235
G1 X122.798 Y129.955 E2.92586
G1 X122.149 Y129.955 E.0235
G1 X179.238 Y187.045 E2.92586
G1 X178.59 Y187.045 E.0235
G1 X121.501 Y129.955 E2.92586
G1 X120.853 Y129.955 E.0235
G1 X177.942 Y187.045 E2.92586
G1 X177.293 Y187.045 E.0235
G1 X120.204 Y129.955 E2.92586
G1 X119.556 Y129.955 E.0235
G1 X176.645 Y187.045 E2.92586
G1 X175.996 Y187.045 E.0235
G1 X118.907 Y129.955 E2.92586
G1 X118.259 Y129.955 E.0235
G1 X175.348 Y187.045 E2.92586
G1 X174.7 Y187.045 E.0235
G1 X117.611 Y129.955 E2.92586
G1 X116.962 Y129.955 E.0235
G1 X174.051 Y187.045 E2.92586
G1 X173.403 Y187.045 E.0235
G1 X116.314 Y129.955 E2.92586
G1 X115.665 Y129.955 E.0235
G1 X172.754 Y187.045 E2.92586
G1 X172.106 Y187.045 E.0235
G1 X115.017 Y129.955 E2.92586
G1 X114.369 Y129.955 E.0235
G1 X171.458 Y187.045 E2.92586
G1 X170.809 Y187.045 E.0235
G1 X113.72 Y129.955 E2.92586
G1 X113.072 Y129.955 E.0235
G1 X170.161 Y187.045 E2.92586
G1 X169.512 Y187.045 E.0235
G1 X112.423 Y129.955 E2.92586
G1 X111.775 Y129.955 E.0235
G1 X168.864 Y187.045 E2.92586
G1 X168.216 Y187.045 E.0235
M73 P5 R73
G1 X111.127 Y129.955 E2.92586
G1 X110.478 Y129.955 E.0235
G1 X167.567 Y187.045 E2.92586
G1 X166.919 Y187.045 E.0235
G1 X109.83 Y129.955 E2.92586
G1 X109.181 Y129.955 E.0235
G1 X166.271 Y187.045 E2.92586
G1 X165.622 Y187.045 E.0235
G1 X108.533 Y129.955 E2.92586
G1 X107.885 Y129.955 E.0235
G1 X164.974 Y187.045 E2.92586
G1 X164.325 Y187.045 E.0235
G1 X107.236 Y129.955 E2.92586
G1 X106.588 Y129.955 E.0235
G1 X163.677 Y187.045 E2.92586
G1 X163.029 Y187.045 E.0235
M73 P5 R72
G1 X105.939 Y129.955 E2.92586
G1 X105.291 Y129.955 E.0235
G1 X162.38 Y187.045 E2.92586
G1 X161.732 Y187.045 E.0235
G1 X104.643 Y129.955 E2.92586
G1 X103.994 Y129.955 E.0235
G1 X161.083 Y187.045 E2.92586
G1 X160.435 Y187.045 E.0235
G1 X103.346 Y129.955 E2.92586
G1 X102.698 Y129.955 E.0235
G1 X159.787 Y187.045 E2.92586
G1 X159.138 Y187.045 E.0235
G1 X102.049 Y129.955 E2.92586
G1 X101.401 Y129.955 E.0235
G1 X158.49 Y187.045 E2.92586
G1 X157.841 Y187.045 E.0235
G1 X100.752 Y129.955 E2.92586
G1 X100.104 Y129.955 E.0235
G1 X157.193 Y187.045 E2.92586
G1 X156.545 Y187.045 E.0235
G1 X99.456 Y129.955 E2.92586
G1 X98.807 Y129.955 E.0235
G1 X155.896 Y187.045 E2.92586
G1 X155.248 Y187.045 E.0235
G1 X98.159 Y129.955 E2.92586
G1 X97.51 Y129.955 E.0235
G1 X154.599 Y187.045 E2.92586
G1 X153.951 Y187.045 E.0235
G1 X96.862 Y129.955 E2.92586
G1 X96.214 Y129.955 E.0235
G1 X153.303 Y187.045 E2.92586
G1 X152.654 Y187.045 E.0235
G1 X95.565 Y129.955 E2.92586
G1 X94.917 Y129.955 E.0235
G1 X152.006 Y187.045 E2.92586
G1 X151.357 Y187.045 E.0235
G1 X94.268 Y129.955 E2.92586
G1 X93.62 Y129.955 E.0235
G1 X150.709 Y187.045 E2.92586
G1 X150.061 Y187.045 E.0235
G1 X92.972 Y129.955 E2.92586
G1 X92.323 Y129.955 E.0235
G1 X149.412 Y187.045 E2.92586
G1 X148.764 Y187.045 E.0235
G1 X91.675 Y129.955 E2.92586
G1 X91.026 Y129.955 E.0235
G1 X148.116 Y187.045 E2.92586
G1 X147.467 Y187.045 E.0235
G1 X90.378 Y129.955 E2.92586
G1 X89.73 Y129.955 E.0235
G1 X146.819 Y187.045 E2.92586
G1 X146.17 Y187.045 E.0235
G1 X89.081 Y129.955 E2.92586
G1 X88.433 Y129.955 E.0235
G1 X145.522 Y187.045 E2.92586
G1 X144.874 Y187.045 E.0235
G1 X87.784 Y129.955 E2.92586
G1 X87.136 Y129.955 E.0235
G1 X144.225 Y187.045 E2.92586
G1 X143.577 Y187.045 E.0235
G1 X86.488 Y129.955 E2.92586
G1 X85.839 Y129.955 E.0235
G1 X142.928 Y187.045 E2.92586
G1 X142.28 Y187.045 E.0235
G1 X85.191 Y129.955 E2.92586
G1 X84.543 Y129.955 E.0235
G1 X141.632 Y187.045 E2.92586
G1 X140.983 Y187.045 E.0235
G1 X83.894 Y129.955 E2.92586
G1 X83.246 Y129.955 E.0235
G1 X140.335 Y187.045 E2.92586
G1 X139.686 Y187.045 E.0235
G1 X82.597 Y129.955 E2.92586
G1 X81.949 Y129.955 E.0235
G1 X139.038 Y187.045 E2.92586
G1 X138.39 Y187.045 E.0235
G1 X81.301 Y129.955 E2.92586
G1 X80.652 Y129.955 E.0235
M73 P6 R72
G1 X137.741 Y187.045 E2.92586
G1 X137.093 Y187.045 E.0235
G1 X80.004 Y129.955 E2.92586
G1 X79.355 Y129.955 E.0235
G1 X136.444 Y187.045 E2.92586
G1 X135.796 Y187.045 E.0235
G1 X78.707 Y129.955 E2.92586
G1 X78.059 Y129.955 E.0235
G1 X135.148 Y187.045 E2.92586
G1 X134.499 Y187.045 E.0235
G1 X77.41 Y129.955 E2.92586
G1 X76.762 Y129.955 E.0235
G1 X133.851 Y187.045 E2.92586
G1 X133.202 Y187.045 E.0235
G1 X76.113 Y129.955 E2.92586
G1 X75.465 Y129.955 E.0235
G1 X132.554 Y187.045 E2.92586
G1 X131.906 Y187.045 E.0235
G1 X74.817 Y129.955 E2.92586
G1 X74.168 Y129.955 E.0235
G1 X131.257 Y187.045 E2.92586
G1 X130.609 Y187.045 E.0235
G1 X73.52 Y129.955 E2.92586
G1 X72.871 Y129.955 E.0235
G1 X129.961 Y187.045 E2.92586
G1 X129.312 Y187.045 E.0235
G1 X72.223 Y129.955 E2.92586
G1 X71.575 Y129.955 E.0235
G1 X128.664 Y187.045 E2.92586
G1 X128.015 Y187.045 E.0235
G1 X70.926 Y129.955 E2.92586
G1 X70.278 Y129.955 E.0235
G1 X127.367 Y187.045 E2.92586
G1 X126.719 Y187.045 E.0235
G1 X69.629 Y129.955 E2.92586
G1 X68.981 Y129.955 E.0235
G1 X126.07 Y187.045 E2.92586
G1 X125.422 Y187.045 E.0235
G1 X68.333 Y129.955 E2.92586
G1 X67.684 Y129.955 E.0235
G1 X124.773 Y187.045 E2.92586
G1 X124.125 Y187.045 E.0235
G1 X67.036 Y129.955 E2.92586
G1 X66.388 Y129.955 E.0235
M73 P6 R71
G1 X123.477 Y187.045 E2.92586
G1 X122.828 Y187.045 E.0235
G1 X65.739 Y129.955 E2.92586
G1 X65.091 Y129.955 E.0235
G1 X122.18 Y187.045 E2.92586
G1 X121.531 Y187.045 E.0235
G1 X64.605 Y130.119 E2.9175
G1 X64.605 Y130.767 E.0235
G1 X120.883 Y187.045 E2.88427
G1 X120.235 Y187.045 E.0235
G1 X64.605 Y131.415 E2.85104
G1 X64.605 Y132.064 E.0235
G1 X119.586 Y187.045 E2.81781
G1 X118.938 Y187.045 E.0235
G1 X64.605 Y132.712 E2.78457
G1 X64.605 Y133.361 E.0235
G1 X118.289 Y187.045 E2.75134
G1 X117.641 Y187.045 E.0235
G1 X64.605 Y134.009 E2.71811
G1 X64.605 Y134.657 E.0235
G1 X116.993 Y187.045 E2.68488
G1 X116.344 Y187.045 E.0235
G1 X64.605 Y135.306 E2.65165
G1 X64.605 Y135.954 E.0235
G1 X115.696 Y187.045 E2.61842
G1 X115.047 Y187.045 E.0235
G1 X64.605 Y136.603 E2.58519
G1 X64.605 Y137.251 E.0235
G1 X114.399 Y187.045 E2.55196
G1 X113.751 Y187.045 E.0235
G1 X64.605 Y137.899 E2.51873
G1 X64.605 Y138.548 E.0235
G1 X113.102 Y187.045 E2.4855
G1 X112.454 Y187.045 E.0235
G1 X64.605 Y139.196 E2.45227
G1 X64.605 Y139.844 E.0235
G1 X111.806 Y187.045 E2.41904
G1 X111.157 Y187.045 E.0235
G1 X64.605 Y140.493 E2.38581
G1 X64.605 Y141.141 E.0235
G1 X110.509 Y187.045 E2.35258
G1 X109.86 Y187.045 E.0235
G1 X64.605 Y141.79 E2.31935
G1 X64.605 Y142.438 E.0235
G1 X109.212 Y187.045 E2.28612
G1 X108.564 Y187.045 E.0235
G1 X64.605 Y143.086 E2.25288
G1 X64.605 Y143.735 E.0235
G1 X107.915 Y187.045 E2.21965
G1 X107.267 Y187.045 E.0235
G1 X64.605 Y144.383 E2.18642
G1 X64.605 Y145.032 E.0235
G1 X106.618 Y187.045 E2.15319
G1 X105.97 Y187.045 E.0235
M73 P7 R71
G1 X64.605 Y145.68 E2.11996
G1 X64.605 Y146.328 E.0235
G1 X105.322 Y187.045 E2.08673
G1 X104.673 Y187.045 E.0235
G1 X64.605 Y146.977 E2.0535
G1 X64.605 Y147.625 E.0235
G1 X104.025 Y187.045 E2.02027
G1 X103.376 Y187.045 E.0235
G1 X64.605 Y148.274 E1.98704
G1 X64.605 Y148.922 E.0235
G1 X102.728 Y187.045 E1.95381
G1 X102.08 Y187.045 E.0235
G1 X64.605 Y149.57 E1.92058
G1 X64.605 Y150.219 E.0235
G1 X101.431 Y187.045 E1.88735
G1 X100.783 Y187.045 E.0235
G1 X64.605 Y150.867 E1.85412
G1 X64.605 Y151.516 E.0235
G1 X100.134 Y187.045 E1.82089
G1 X99.486 Y187.045 E.0235
G1 X64.605 Y152.164 E1.78766
G1 X64.605 Y152.812 E.0235
G1 X98.838 Y187.045 E1.75443
G1 X98.189 Y187.045 E.0235
G1 X64.605 Y153.461 E1.72119
G1 X64.605 Y154.109 E.0235
G1 X97.541 Y187.045 E1.68796
G1 X96.892 Y187.045 E.0235
G1 X64.605 Y154.758 E1.65473
G1 X64.605 Y155.406 E.0235
G1 X96.244 Y187.045 E1.6215
G1 X95.596 Y187.045 E.0235
G1 X64.605 Y156.054 E1.58827
G1 X64.605 Y156.703 E.0235
G1 X94.947 Y187.045 E1.55504
G1 X94.299 Y187.045 E.0235
G1 X64.605 Y157.351 E1.52181
G1 X64.605 Y157.999 E.0235
G1 X93.651 Y187.045 E1.48858
G1 X93.002 Y187.045 E.0235
G1 X64.605 Y158.648 E1.45535
G1 X64.605 Y159.296 E.0235
G1 X92.354 Y187.045 E1.42212
G1 X91.705 Y187.045 E.0235
G1 X64.605 Y159.945 E1.38889
G1 X64.605 Y160.593 E.0235
G1 X91.057 Y187.045 E1.35566
G1 X90.409 Y187.045 E.0235
G1 X64.605 Y161.241 E1.32243
G1 X64.605 Y161.89 E.0235
G1 X89.76 Y187.045 E1.2892
G1 X89.112 Y187.045 E.0235
G1 X64.605 Y162.538 E1.25597
G1 X64.605 Y163.187 E.0235
G1 X88.463 Y187.045 E1.22274
G1 X87.815 Y187.045 E.0235
G1 X64.605 Y163.835 E1.18951
G1 X64.605 Y164.483 E.0235
G1 X87.167 Y187.045 E1.15627
G1 X86.518 Y187.045 E.0235
G1 X64.605 Y165.132 E1.12304
G1 X64.605 Y165.78 E.0235
G1 X85.87 Y187.045 E1.08981
G1 X85.221 Y187.045 E.0235
G1 X64.605 Y166.429 E1.05658
G1 X64.605 Y167.077 E.0235
G1 X84.573 Y187.045 E1.02335
G1 X83.925 Y187.045 E.0235
G1 X64.605 Y167.725 E.99012
G1 X64.605 Y168.374 E.0235
G1 X83.276 Y187.045 E.95689
G1 X82.628 Y187.045 E.0235
G1 X64.605 Y169.022 E.92366
G1 X64.605 Y169.671 E.0235
G1 X81.979 Y187.045 E.89043
G1 X81.331 Y187.045 E.0235
G1 X64.605 Y170.319 E.8572
G1 X64.605 Y170.967 E.0235
G1 X80.683 Y187.045 E.82397
G1 X80.034 Y187.045 E.0235
G1 X64.605 Y171.616 E.79074
G1 X64.605 Y172.264 E.0235
G1 X79.386 Y187.045 E.75751
G1 X78.737 Y187.045 E.0235
G1 X64.605 Y172.913 E.72428
G1 X64.605 Y173.561 E.0235
G1 X78.089 Y187.045 E.69105
G1 X77.441 Y187.045 E.0235
G1 X64.605 Y174.209 E.65782
G1 X64.605 Y174.858 E.0235
G1 X76.792 Y187.045 E.62458
G1 X76.144 Y187.045 E.0235
G1 X64.605 Y175.506 E.59135
G1 X64.605 Y176.154 E.0235
G1 X75.496 Y187.045 E.55812
G1 X74.847 Y187.045 E.0235
G1 X64.605 Y176.803 E.52489
G1 X64.605 Y177.451 E.0235
G1 X74.199 Y187.045 E.49166
G1 X73.55 Y187.045 E.0235
G1 X64.605 Y178.1 E.45843
G1 X64.605 Y178.748 E.0235
G1 X72.902 Y187.045 E.4252
G1 X72.254 Y187.045 E.0235
G1 X64.605 Y179.396 E.39197
G1 X64.605 Y180.045 E.0235
G1 X71.605 Y187.045 E.35874
G1 X70.957 Y187.045 E.0235
G1 X64.605 Y180.693 E.32551
G1 X64.605 Y181.342 E.0235
G1 X70.308 Y187.045 E.29228
G1 X69.66 Y187.045 E.0235
G1 X64.605 Y181.99 E.25905
G1 X64.605 Y182.638 E.0235
G1 X69.012 Y187.045 E.22582
G1 X68.363 Y187.045 E.0235
G1 X64.605 Y183.287 E.19259
G1 X64.605 Y183.935 E.0235
G1 X67.715 Y187.045 E.15936
G1 X67.066 Y187.045 E.0235
G1 X64.605 Y184.584 E.12613
G1 X64.605 Y185.232 E.0235
G1 X66.418 Y187.045 E.09289
G1 X65.77 Y187.045 E.0235
G1 X64.605 Y185.88 E.05966
G1 X64.605 Y186.529 E.0235
G1 X65.327 Y187.25 E.03698
G1 E-.728 F1800
;WIPE_START
G1 F30000
G1 X64.605 Y186.529 E-.06122
G1 X64.605 Y186.349 E-.01078
;WIPE_END
G1 X64.554 Y178.717 Z.6
G1 X64.171 Y121.779 Z.6
G1 Z.2
G1 E.8 F1800
;TYPE:Inner wall
;WIDTH:0.5
G1 F3000
G1 X64.171 Y63.821 E2.09394
G1 X191.829 Y63.821 E4.61211
G1 X191.829 Y121.779 E2.09394
M73 P7 R70
G1 X64.211 Y121.779 E4.61067
G1 X63.714 Y122.236 F30000
G1 F3000
G1 X63.714 Y63.364 E2.12696
G1 X192.286 Y63.364 E4.64514
G1 X192.286 Y122.236 E2.12696
G1 X63.754 Y122.236 E4.6437
G1 X63.257 Y122.693 F30000
M73 P8 R70
G1 F3000
G1 X63.257 Y62.907 E2.15999
G1 X192.743 Y62.907 E4.67817
G1 X192.743 Y122.693 E2.15999
G1 X63.297 Y122.693 E4.67672
G1 X62.8 Y123.15 F30000
;TYPE:Outer wall
G1 F3000
G1 X62.8 Y62.45 E2.19302
G1 X193.2 Y62.45 E4.7112
G1 X193.2 Y123.15 E2.19302
G1 X62.84 Y123.15 E4.70975
G1 E-.728 F1800
;WIPE_START
G1 F30000
G1 X62.839 Y121.95 E-.072
;WIPE_END
G1 X69.792 Y118.801 Z.6
G1 X190.673 Y64.05 Z.6
G1 Z.2
G1 E.8 F1800
;TYPE:Bottom surface
;WIDTH:0.501403
G1 F6300
G1 X191.395 Y64.771 E.03697
G1 X191.395 Y65.419 E.0235
G1 X190.231 Y64.255 E.05965
G1 X189.582 Y64.255 E.0235
G1 X191.395 Y66.068 E.09289
G1 X191.395 Y66.716 E.0235
G1 X188.934 Y64.255 E.12612
G1 X188.285 Y64.255 E.0235
G1 X191.395 Y67.365 E.15935
G1 X191.395 Y68.013 E.0235
G1 X187.637 Y64.255 E.19258
G1 X186.989 Y64.255 E.0235
G1 X191.395 Y68.661 E.22581
G1 X191.395 Y69.31 E.0235
G1 X186.34 Y64.255 E.25904
G1 X185.692 Y64.255 E.0235
G1 X191.395 Y69.958 E.29227
G1 X191.395 Y70.607 E.0235
G1 X185.043 Y64.255 E.3255
G1 X184.395 Y64.255 E.0235
G1 X191.395 Y71.255 E.35873
G1 X191.395 Y71.903 E.0235
G1 X183.747 Y64.255 E.39196
G1 X183.098 Y64.255 E.0235
G1 X191.395 Y72.552 E.42519
G1 X191.395 Y73.2 E.0235
G1 X182.45 Y64.255 E.45842
G1 X181.801 Y64.255 E.0235
G1 X191.395 Y73.849 E.49165
G1 X191.395 Y74.497 E.0235
G1 X181.153 Y64.255 E.52488
G1 X180.505 Y64.255 E.0235
G1 X191.395 Y75.145 E.55811
G1 X191.395 Y75.794 E.0235
G1 X179.856 Y64.255 E.59134
G1 X179.208 Y64.255 E.0235
G1 X191.395 Y76.442 E.62457
G1 X191.395 Y77.091 E.0235
G1 X178.559 Y64.255 E.65781
G1 X177.911 Y64.255 E.0235
G1 X191.395 Y77.739 E.69104
G1 X191.395 Y78.387 E.0235
G1 X177.263 Y64.255 E.72427
G1 X176.614 Y64.255 E.0235
G1 X191.395 Y79.036 E.7575
G1 X191.395 Y79.684 E.0235
G1 X175.966 Y64.255 E.79073
G1 X175.318 Y64.255 E.0235
G1 X191.395 Y80.332 E.82396
G1 X191.395 Y80.981 E.0235
G1 X174.669 Y64.255 E.85719
G1 X174.021 Y64.255 E.0235
G1 X191.395 Y81.629 E.89042
G1 X191.395 Y82.278 E.0235
G1 X173.372 Y64.255 E.92365
G1 X172.724 Y64.255 E.0235
G1 X191.395 Y82.926 E.95688
G1 X191.395 Y83.574 E.0235
G1 X172.076 Y64.255 E.99011
G1 X171.427 Y64.255 E.0235
G1 X191.395 Y84.223 E1.02334
G1 X191.395 Y84.871 E.0235
G1 X170.779 Y64.255 E1.05657
G1 X170.13 Y64.255 E.0235
G1 X191.395 Y85.52 E1.0898
G1 X191.395 Y86.168 E.0235
G1 X169.482 Y64.255 E1.12303
G1 X168.834 Y64.255 E.0235
G1 X191.395 Y86.816 E1.15626
G1 X191.395 Y87.465 E.0235
G1 X168.185 Y64.255 E1.1895
G1 X167.537 Y64.255 E.0235
G1 X191.395 Y88.113 E1.22273
G1 X191.395 Y88.762 E.0235
G1 X166.888 Y64.255 E1.25596
G1 X166.24 Y64.255 E.0235
G1 X191.395 Y89.41 E1.28919
G1 X191.395 Y90.058 E.0235
G1 X165.592 Y64.255 E1.32242
G1 X164.943 Y64.255 E.0235
G1 X191.395 Y90.707 E1.35565
G1 X191.395 Y91.355 E.0235
G1 X164.295 Y64.255 E1.38888
G1 X163.646 Y64.255 E.0235
G1 X191.395 Y92.004 E1.42211
G1 X191.395 Y92.652 E.0235
G1 X162.998 Y64.255 E1.45534
G1 X162.35 Y64.255 E.0235
G1 X191.395 Y93.3 E1.48857
G1 X191.395 Y93.949 E.0235
G1 X161.701 Y64.255 E1.5218
G1 X161.053 Y64.255 E.0235
G1 X191.395 Y94.597 E1.55503
G1 X191.395 Y95.246 E.0235
G1 X160.404 Y64.255 E1.58826
G1 X159.756 Y64.255 E.0235
G1 X191.395 Y95.894 E1.62149
G1 X191.395 Y96.542 E.0235
G1 X159.108 Y64.255 E1.65472
G1 X158.459 Y64.255 E.0235
G1 X191.395 Y97.191 E1.68795
G1 X191.395 Y97.839 E.0235
G1 X157.811 Y64.255 E1.72119
G1 X157.163 Y64.255 E.0235
G1 X191.395 Y98.487 E1.75442
G1 X191.395 Y99.136 E.0235
G1 X156.514 Y64.255 E1.78765
G1 X155.866 Y64.255 E.0235
G1 X191.395 Y99.784 E1.82088
G1 X191.395 Y100.433 E.0235
G1 X155.217 Y64.255 E1.85411
G1 X154.569 Y64.255 E.0235
G1 X191.395 Y101.081 E1.88734
G1 X191.395 Y101.729 E.0235
G1 X153.921 Y64.255 E1.92057
G1 X153.272 Y64.255 E.0235
M73 P9 R70
G1 X191.395 Y102.378 E1.9538
G1 X191.395 Y103.026 E.0235
G1 X152.624 Y64.255 E1.98703
G1 X151.975 Y64.255 E.0235
G1 X191.395 Y103.675 E2.02026
G1 X191.395 Y104.323 E.0235
G1 X151.327 Y64.255 E2.05349
G1 X150.679 Y64.255 E.0235
M73 P9 R69
G1 X191.395 Y104.971 E2.08672
G1 X191.395 Y105.62 E.0235
G1 X150.03 Y64.255 E2.11995
G1 X149.382 Y64.255 E.0235
G1 X191.395 Y106.268 E2.15318
G1 X191.395 Y106.917 E.0235
G1 X148.733 Y64.255 E2.18641
G1 X148.085 Y64.255 E.0235
G1 X191.395 Y107.565 E2.21964
G1 X191.395 Y108.213 E.0235
G1 X147.437 Y64.255 E2.25287
G1 X146.788 Y64.255 E.0235
G1 X191.395 Y108.862 E2.28611
G1 X191.395 Y109.51 E.0235
G1 X146.14 Y64.255 E2.31934
G1 X145.491 Y64.255 E.0235
G1 X191.395 Y110.159 E2.35257
G1 X191.395 Y110.807 E.0235
G1 X144.843 Y64.255 E2.3858
G1 X144.195 Y64.255 E.0235
G1 X191.395 Y111.455 E2.41903
G1 X191.395 Y112.104 E.0235
G1 X143.546 Y64.255 E2.45226
G1 X142.898 Y64.255 E.0235
G1 X191.395 Y112.752 E2.48549
G1 X191.395 Y113.401 E.0235
G1 X142.249 Y64.255 E2.51872
G1 X141.601 Y64.255 E.0235
G1 X191.395 Y114.049 E2.55195
G1 X191.395 Y114.697 E.0235
G1 X140.953 Y64.255 E2.58518
G1 X140.304 Y64.255 E.0235
G1 X191.395 Y115.346 E2.61841
G1 X191.395 Y115.994 E.0235
G1 X139.656 Y64.255 E2.65164
G1 X139.008 Y64.255 E.0235
G1 X191.395 Y116.642 E2.68487
G1 X191.395 Y117.291 E.0235
G1 X138.359 Y64.255 E2.7181
G1 X137.711 Y64.255 E.0235
G1 X191.395 Y117.939 E2.75133
G1 X191.395 Y118.588 E.0235
G1 X137.062 Y64.255 E2.78456
G1 X136.414 Y64.255 E.0235
G1 X191.395 Y119.236 E2.8178
G1 X191.395 Y119.884 E.0235
G1 X135.766 Y64.255 E2.85103
G1 X135.117 Y64.255 E.0235
G1 X191.395 Y120.533 E2.88426
G1 X191.395 Y121.181 E.0235
G1 X134.469 Y64.255 E2.91749
G1 X133.82 Y64.255 E.0235
G1 X190.909 Y121.345 E2.92586
G1 X190.261 Y121.345 E.0235
G1 X133.172 Y64.255 E2.92586
G1 X132.524 Y64.255 E.0235
G1 X189.613 Y121.345 E2.92586
G1 X188.964 Y121.345 E.0235
G1 X131.875 Y64.255 E2.92586
G1 X131.227 Y64.255 E.0235
G1 X188.316 Y121.345 E2.92586
G1 X187.667 Y121.345 E.0235
G1 X130.578 Y64.255 E2.92586
G1 X129.93 Y64.255 E.0235
G1 X187.019 Y121.345 E2.92586
G1 X186.371 Y121.345 E.0235
G1 X129.282 Y64.255 E2.92586
G1 X128.633 Y64.255 E.0235
G1 X185.722 Y121.345 E2.92586
G1 X185.074 Y121.345 E.0235
G1 X127.985 Y64.255 E2.92586
G1 X127.336 Y64.255 E.0235
G1 X184.426 Y121.345 E2.92586
G1 X183.777 Y121.345 E.0235
G1 X126.688 Y64.255 E2.92586
G1 X126.04 Y64.255 E.0235
G1 X183.129 Y121.345 E2.92586
G1 X182.48 Y121.345 E.0235
G1 X125.391 Y64.255 E2.92586
G1 X124.743 Y64.255 E.0235
G1 X181.832 Y121.345 E2.92586
G1 X181.184 Y121.345 E.0235
G1 X124.094 Y64.255 E2.92586
G1 X123.446 Y64.255 E.0235
G1 X180.535 Y121.345 E2.92586
G1 X179.887 Y121.345 E.0235
G1 X122.798 Y64.255 E2.92586
G1 X122.149 Y64.255 E.0235
G1 X179.238 Y121.345 E2.92586
G1 X178.59 Y121.345 E.0235
G1 X121.501 Y64.255 E2.92586
G1 X120.853 Y64.255 E.0235
G1 X177.942 Y121.345 E2.92586
G1 X177.293 Y121.345 E.0235
M73 P10 R69
G1 X120.204 Y64.255 E2.92586
G1 X119.556 Y64.255 E.0235
G1 X176.645 Y121.345 E2.92586
G1 X175.996 Y121.345 E.0235
G1 X118.907 Y64.255 E2.92586
G1 X118.259 Y64.255 E.0235
G1 X175.348 Y121.345 E2.92586
G1 X174.7 Y121.345 E.0235
G1 X117.611 Y64.255 E2.92586
G1 X116.962 Y64.255 E.0235
G1 X174.051 Y121.345 E2.92586
G1 X173.403 Y121.345 E.0235
G1 X116.314 Y64.255 E2.92586
G1 X115.665 Y64.255 E.0235
G1 X172.754 Y121.345 E2.92586
G1 X172.106 Y121.345 E.0235
G1 X115.017 Y64.255 E2.92586
G1 X114.369 Y64.255 E.0235
G1 X171.458 Y121.345 E2.92586
G1 X170.809 Y121.345 E.0235
G1 X113.72 Y64.255 E2.92586
G1 X113.072 Y64.255 E.0235
G1 X170.161 Y121.345 E2.92586
G1 X169.512 Y121.345 E.0235
G1 X112.423 Y64.255 E2.92586
G1 X111.775 Y64.255 E.0235
G1 X168.864 Y121.345 E2.92586
G1 X168.216 Y121.345 E.0235
G1 X111.127 Y64.255 E2.92586
G1 X110.478 Y64.255 E.0235
G1 X167.567 Y121.345 E2.92586
G1 X166.919 Y121.345 E.0235
G1 X109.83 Y64.255 E2.92586
G1 X109.181 Y64.255 E.0235
M73 P10 R68
G1 X166.271 Y121.345 E2.92586
G1 X165.622 Y121.345 E.0235
G1 X108.533 Y64.255 E2.92586
G1 X107.885 Y64.255 E.0235
G1 X164.974 Y121.345 E2.92586
G1 X164.325 Y121.345 E.0235
G1 X107.236 Y64.255 E2.92586
G1 X106.588 Y64.255 E.0235
G1 X163.677 Y121.345 E2.92586
G1 X163.029 Y121.345 E.0235
G1 X105.939 Y64.255 E2.92586
G1 X105.291 Y64.255 E.0235
G1 X162.38 Y121.345 E2.92586
G1 X161.732 Y121.345 E.0235
G1 X104.643 Y64.255 E2.92586
G1 X103.994 Y64.255 E.0235
G1 X161.083 Y121.345 E2.92586
G1 X160.435 Y121.345 E.0235
G1 X103.346 Y64.255 E2.92586
G1 X102.698 Y64.255 E.0235
G1 X159.787 Y121.345 E2.92586
G1 X159.138 Y121.345 E.0235
G1 X102.049 Y64.255 E2.92586
G1 X101.401 Y64.255 E.0235
G1 X158.49 Y121.345 E2.92586
G1 X157.841 Y121.345 E.0235
G1 X100.752 Y64.255 E2.92586
G1 X100.104 Y64.255 E.0235
G1 X157.193 Y121.345 E2.92586
G1 X156.545 Y121.345 E.0235
G1 X99.456 Y64.255 E2.92586
G1 X98.807 Y64.255 E.0235
G1 X155.896 Y121.345 E2.92586
G1 X155.248 Y121.345 E.0235
G1 X98.159 Y64.255 E2.92586
G1 X97.51 Y64.255 E.0235
G1 X154.599 Y121.345 E2.92586
G1 X153.951 Y121.345 E.0235
G1 X96.862 Y64.255 E2.92586
G1 X96.214 Y64.255 E.0235
G1 X153.303 Y121.345 E2.92586
G1 X152.654 Y121.345 E.0235
G1 X95.565 Y64.255 E2.92586
G1 X94.917 Y64.255 E.0235
G1 X152.006 Y121.345 E2.92586
G1 X151.357 Y121.345 E.0235
G1 X94.268 Y64.255 E2.92586
G1 X93.62 Y64.255 E.0235
G1 X150.709 Y121.345 E2.92586
G1 X150.061 Y121.345 E.0235
G1 X92.972 Y64.255 E2.92586
G1 X92.323 Y64.255 E.0235
G1 X149.412 Y121.345 E2.92586
G1 X148.764 Y121.345 E.0235
G1 X91.675 Y64.255 E2.92586
G1 X91.026 Y64.255 E.0235
G1 X148.116 Y121.345 E2.92586
G1 X147.467 Y121.345 E.0235
M73 P11 R68
G1 X90.378 Y64.255 E2.92586
G1 X89.73 Y64.255 E.0235
G1 X146.819 Y121.345 E2.92586
G1 X146.17 Y121.345 E.0235
G1 X89.081 Y64.255 E2.92586
G1 X88.433 Y64.255 E.0235
G1 X145.522 Y121.345 E2.92586
G1 X144.874 Y121.345 E.0235
G1 X87.784 Y64.255 E2.92586
G1 X87.136 Y64.255 E.0235
G1 X144.225 Y121.345 E2.92586
G1 X143.577 Y121.345 E.0235
G1 X86.488 Y64.255 E2.92586
G1 X85.839 Y64.255 E.0235
G1 X142.928 Y121.345 E2.92586
G1 X142.28 Y121.345 E.0235
G1 X85.191 Y64.255 E2.92586
G1 X84.543 Y64.255 E.0235
G1 X141.632 Y121.345 E2.92586
G1 X140.983 Y121.345 E.0235
G1 X83.894 Y64.255 E2.92586
G1 X83.246 Y64.255 E.0235
G1 X140.335 Y121.345 E2.92586
G1 X139.686 Y121.345 E.0235
G1 X82.597 Y64.255 E2.92586
G1 X81.949 Y64.255 E.0235
G1 X139.038 Y121.345 E2.92586
G1 X138.39 Y121.345 E.0235
G1 X81.301 Y64.255 E2.92586
G1 X80.652 Y64.255 E.0235
G1 X137.741 Y121.345 E2.92586
G1 X137.093 Y121.345 E.0235
G1 X80.004 Y64.255 E2.92586
G1 X79.355 Y64.255 E.0235
G1 X136.444 Y121.345 E2.92586
G1 X135.796 Y121.345 E.0235
G1 X78.707 Y64.255 E2.92586
G1 X78.059 Y64.255 E.0235
G1 X135.148 Y121.345 E2.92586
G1 X134.499 Y121.345 E.0235
G1 X77.41 Y64.255 E2.92586
G1 X76.762 Y64.255 E.0235
G1 X133.851 Y121.345 E2.92586
G1 X133.202 Y121.345 E.0235
G1 X76.113 Y64.255 E2.92586
G1 X75.465 Y64.255 E.0235
G1 X132.554 Y121.345 E2.92586
G1 X131.906 Y121.345 E.0235
G1 X74.817 Y64.255 E2.92586
G1 X74.168 Y64.255 E.0235
G1 X131.257 Y121.345 E2.92586
G1 X130.609 Y121.345 E.0235
G1 X73.52 Y64.255 E2.92586
G1 X72.871 Y64.255 E.0235
G1 X129.961 Y121.345 E2.92586
G1 X129.312 Y121.345 E.0235
G1 X72.223 Y64.255 E2.92586
G1 X71.575 Y64.255 E.0235
G1 X128.664 Y121.345 E2.92586
G1 X128.015 Y121.345 E.0235
G1 X70.926 Y64.255 E2.92586
G1 X70.278 Y64.255 E.0235
M73 P11 R67
G1 X127.367 Y121.345 E2.92586
G1 X126.719 Y121.345 E.0235
G1 X69.629 Y64.255 E2.92586
G1 X68.981 Y64.255 E.0235
G1 X126.07 Y121.345 E2.92586
G1 X125.422 Y121.345 E.0235
G1 X68.333 Y64.255 E2.92586
G1 X67.684 Y64.255 E.0235
G1 X124.773 Y121.345 E2.92586
G1 X124.125 Y121.345 E.0235
G1 X67.036 Y64.255 E2.92586
G1 X66.388 Y64.255 E.0235
G1 X123.477 Y121.345 E2.92586
G1 X122.828 Y121.345 E.0235
G1 X65.739 Y64.255 E2.92586
G1 X65.091 Y64.255 E.0235
G1 X122.18 Y121.345 E2.92586
G1 X121.531 Y121.345 E.0235
G1 X64.605 Y64.419 E2.9175
G1 X64.605 Y65.067 E.0235
G1 X120.883 Y121.345 E2.88427
G1 X120.235 Y121.345 E.0235
G1 X64.605 Y65.715 E2.85104
G1 X64.605 Y66.364 E.0235
G1 X119.586 Y121.345 E2.81781
G1 X118.938 Y121.345 E.0235
G1 X64.605 Y67.012 E2.78457
G1 X64.605 Y67.661 E.0235
G1 X118.289 Y121.345 E2.75134
G1 X117.641 Y121.345 E.0235
G1 X64.605 Y68.309 E2.71811
G1 X64.605 Y68.957 E.0235
M73 P12 R67
G1 X116.993 Y121.345 E2.68488
G1 X116.344 Y121.345 E.0235
G1 X64.605 Y69.606 E2.65165
G1 X64.605 Y70.254 E.0235
G1 X115.696 Y121.345 E2.61842
G1 X115.047 Y121.345 E.0235
G1 X64.605 Y70.903 E2.58519
G1 X64.605 Y71.551 E.0235
G1 X114.399 Y121.345 E2.55196
G1 X113.751 Y121.345 E.0235
G1 X64.605 Y72.199 E2.51873
G1 X64.605 Y72.848 E.0235
G1 X113.102 Y121.345 E2.4855
G1 X112.454 Y121.345 E.0235
G1 X64.605 Y73.496 E2.45227
G1 X64.605 Y74.144 E.0235
G1 X111.806 Y121.345 E2.41904
G1 X111.157 Y121.345 E.0235
G1 X64.605 Y74.793 E2.38581
G1 X64.605 Y75.441 E.0235
G1 X110.509 Y121.345 E2.35258
G1 X109.86 Y121.345 E.0235
G1 X64.605 Y76.09 E2.31935
G1 X64.605 Y76.738 E.0235
G1 X109.212 Y121.345 E2.28612
G1 X108.564 Y121.345 E.0235
G1 X64.605 Y77.386 E2.25288
G1 X64.605 Y78.035 E.0235
G1 X107.915 Y121.345 E2.21965
G1 X107.267 Y121.345 E.0235
G1 X64.605 Y78.683 E2.18642
G1 X64.605 Y79.332 E.0235
G1 X106.618 Y121.345 E2.15319
G1 X105.97 Y121.345 E.0235
G1 X64.605 Y79.98 E2.11996
G1 X64.605 Y80.628 E.0235
G1 X105.322 Y121.345 E2.08673
G1 X104.673 Y121.345 E.0235
G1 X64.605 Y81.277 E2.0535
G1 X64.605 Y81.925 E.0235
G1 X104.025 Y121.345 E2.02027
G1 X103.376 Y121.345 E.0235
G1 X64.605 Y82.574 E1.98704
G1 X64.605 Y83.222 E.0235
G1 X102.728 Y121.345 E1.95381
G1 X102.08 Y121.345 E.0235
G1 X64.605 Y83.87 E1.92058
G1 X64.605 Y84.519 E.0235
G1 X101.431 Y121.345 E1.88735
G1 X100.783 Y121.345 E.0235
G1 X64.605 Y85.167 E1.85412
G1 X64.605 Y85.816 E.0235
G1 X100.134 Y121.345 E1.82089
G1 X99.486 Y121.345 E.0235
G1 X64.605 Y86.464 E1.78766
G1 X64.605 Y87.112 E.0235
G1 X98.838 Y121.345 E1.75443
G1 X98.189 Y121.345 E.0235
G1 X64.605 Y87.761 E1.72119
G1 X64.605 Y88.409 E.0235
G1 X97.541 Y121.345 E1.68796
G1 X96.892 Y121.345 E.0235
G1 X64.605 Y89.058 E1.65473
G1 X64.605 Y89.706 E.0235
G1 X96.244 Y121.345 E1.6215
G1 X95.596 Y121.345 E.0235
G1 X64.605 Y90.354 E1.58827
G1 X64.605 Y91.003 E.0235
G1 X94.947 Y121.345 E1.55504
G1 X94.299 Y121.345 E.0235
G1 X64.605 Y91.651 E1.52181
G1 X64.605 Y92.299 E.0235
G1 X93.651 Y121.345 E1.48858
G1 X93.002 Y121.345 E.0235
G1 X64.605 Y92.948 E1.45535
G1 X64.605 Y93.596 E.0235
G1 X92.354 Y121.345 E1.42212
G1 X91.705 Y121.345 E.0235
G1 X64.605 Y94.245 E1.38889
G1 X64.605 Y94.893 E.0235
G1 X91.057 Y121.345 E1.35566
G1 X90.409 Y121.345 E.0235
G1 X64.605 Y95.541 E1.32243
G1 X64.605 Y96.19 E.0235
G1 X89.76 Y121.345 E1.2892
G1 X89.112 Y121.345 E.0235
G1 X64.605 Y96.838 E1.25597
G1 X64.605 Y97.487 E.0235
G1 X88.463 Y121.345 E1.22274
G1 X87.815 Y121.345 E.0235
G1 X64.605 Y98.135 E1.18951
G1 X64.605 Y98.783 E.0235
G1 X87.167 Y121.345 E1.15627
G1 X86.518 Y121.345 E.0235
G1 X64.605 Y99.432 E1.12304
G1 X64.605 Y100.08 E.0235
G1 X85.87 Y121.345 E1.08981
G1 X85.221 Y121.345 E.0235
G1 X64.605 Y100.729 E1.05658
G1 X64.605 Y101.377 E.0235
G1 X84.573 Y121.345 E1.02335
G1 X83.925 Y121.345 E.0235
G1 X64.605 Y102.025 E.99012
G1 X64.605 Y102.674 E.0235
G1 X83.276 Y121.345 E.95689
G1 X82.628 Y121.345 E.0235
G1 X64.605 Y103.322 E.92366
G1 X64.605 Y103.971 E.0235
G1 X81.979 Y121.345 E.89043
G1 X81.331 Y121.345 E.0235
G1 X64.605 Y104.619 E.8572
G1 X64.605 Y105.267 E.0235
G1 X80.683 Y121.345 E.82397
G1 X80.034 Y121.345 E.0235
G1 X64.605 Y105.916 E.79074
G1 X64.605 Y106.564 E.0235
G1 X79.386 Y121.345 E.75751
G1 X78.737 Y121.345 E.0235
G1 X64.605 Y107.213 E.72428
G1 X64.605 Y107.861 E.0235
G1 X78.089 Y121.345 E.69105
G1 X77.441 Y121.345 E.0235
G1 X64.605 Y108.509 E.65782
G1 X64.605 Y109.158 E.0235
G1 X76.792 Y121.345 E.62458
G1 X76.144 Y121.345 E.0235
G1 X64.605 Y109.806 E.59135
G1 X64.605 Y110.454 E.0235
G1 X75.496 Y121.345 E.55812
G1 X74.847 Y121.345 E.0235
G1 X64.605 Y111.103 E.52489
G1 X64.605 Y111.751 E.0235
G1 X74.199 Y121.345 E.49166
G1 X73.55 Y121.345 E.0235
G1 X64.605 Y112.4 E.45843
G1 X64.605 Y113.048 E.0235
G1 X72.902 Y121.345 E.4252
G1 X72.254 Y121.345 E.0235
G1 X64.605 Y113.696 E.39197
G1 X64.605 Y114.345 E.0235
G1 X71.605 Y121.345 E.35874
G1 X70.957 Y121.345 E.0235
G1 X64.605 Y114.993 E.32551
G1 X64.605 Y115.642 E.0235
M73 P12 R66
G1 X70.308 Y121.345 E.29228
G1 X69.66 Y121.345 E.0235
G1 X64.605 Y116.29 E.25905
G1 X64.605 Y116.938 E.0235
G1 X69.012 Y121.345 E.22582
G1 X68.363 Y121.345 E.0235
G1 X64.605 Y117.587 E.19259
G1 X64.605 Y118.235 E.0235
G1 X67.715 Y121.345 E.15936
G1 X67.066 Y121.345 E.0235
G1 X64.605 Y118.884 E.12613
G1 X64.605 Y119.532 E.0235
G1 X66.418 Y121.345 E.09289
G1 X65.77 Y121.345 E.0235
G1 X64.605 Y120.18 E.05966
G1 X64.605 Y120.829 E.0235
G1 X65.327 Y121.55 E.03698
M73 P13 R66
M106 S127
;LAYER_CHANGE
;Z:0.4
;HEIGHT:0.2
;BEFORE_LAYER_CHANGE
;0.4
G92 E0

G1 E-.728 F1800
;WIPE_START
G1 F30000
G1 X64.605 Y120.829 E-.06122
G1 X64.605 Y120.649 E-.01078
;WIPE_END
M73 L2
;LAYER:2
SET_PRINT_STATS_INFO TOTAL_LAYER=93 CURRENT_LAYER=2
;_SET_FAN_SPEED_CHANGING_LAYER
SET_VELOCITY_LIMIT ACCEL=10000
M140 S60 ; set bed temperature

G1 X64.134 Y121.594 Z0.457143
G1 X63.1013 Y121.815 Z0.514286
G1 X62.2849 Y121.145 Z0.571429
G1 X62.2996 Y120.089 Z0.628571
G1 X63.1344 Y119.442 Z0.685714
G1 X64.1606 Y119.691 Z0.742857
G1 X64.6055 Y120.649 Z0.8
G1 X63.666 Y187.984 Z.8
G1 Z.4
G1 E.8 F1800
;TYPE:Inner wall
;WIDTH:0.45
G1 F6000
G1 X63.666 Y129.016 E1.89738
G1 X192.334 Y129.016 E4.14009
G1 X192.334 Y187.984 E1.89738
G1 X63.706 Y187.984 E4.13881
G1 X63.259 Y188.391 F30000
G1 F6000
G1 X63.259 Y128.609 E1.92358
G1 X192.741 Y128.609 E4.16629
G1 X192.741 Y188.391 E1.92358
G1 X63.299 Y188.391 E4.165
G1 X62.852 Y188.798 F30000
G1 F6000
G1 X62.852 Y128.202 E1.94977
G1 X193.148 Y128.202 E4.19249
G1 X193.148 Y188.798 E1.94977
G1 X62.892 Y188.798 E4.1912
SET_VELOCITY_LIMIT ACCEL=5000
G1 X62.46 Y189.19 F30000
;TYPE:Outer wall
;WIDTH:0.42
G1 F3060
G1 X62.46 Y127.81 E1.82946
G1 X193.54 Y127.81 E3.90689
G1 X193.54 Y189.19 E1.82946
G1 X62.5 Y189.19 E3.9057
G1 E-.728 F1800
;WIPE_START
G1 F30000
G1 X62.499 Y187.99 E-.072
;WIPE_END
G1 X62.707 Y180.36 Z.8
G1 X64.095 Y129.376 Z.8
G1 Z.4
G1 E.8 F1800
SET_VELOCITY_LIMIT ACCEL=10000
;TYPE:Internal solid infill
;WIDTH:0.442592
G1 F15000
G1 X64.02 Y129.42 E.00273
G1 X64.1 Y129.454 E.00275
G1 E-.78958 F1800
;WIPE_START
G1 F30000
G1 X64.02 Y129.42 E-.00523
G1 X64.095 Y129.376 E-.00519
;WIPE_END
G1 X71.026 Y132.571 Z.8
G1 X190.425 Y187.592 Z.8
G1 Z.4
G1 E.8 F1800
;WIDTH:0.419999
G1 F15000
G1 X191.942 Y187.592 E.0452
G1 X191.942 Y186.075 E.0452
G1 X190.453 Y187.563 E.06274
G1 E-.728 F1800
;WIPE_START
G1 F30000
G1 X191.302 Y186.715 E-.072
;WIPE_END
G1 X191.529 Y187.092 Z.8
G1 Z.4
G1 E.8 F1800
;WIDTH:0.554284
G1 F12960.227
G1 X191.466 Y187.092 E.00258
G1 X191.434 Y187.147 E.00258
G1 X191.466 Y187.203 E.00258
G1 X191.529 Y187.203 E.00258
G1 X191.541 Y187.182 E.00097
G1 E-.78322 F1800
;WIPE_START
G1 F30000
G1 X191.529 Y187.203 E-.00144
G1 X191.466 Y187.203 E-.00384
G1 X191.434 Y187.147 E-.00384
G1 X191.466 Y187.092 E-.00384
G1 X191.529 Y187.092 E-.00384
;WIPE_END
G1 X192.17 Y185.58 Z.8
G1 Z.4
G1 E.8 F1800
;WIDTH:0.419999
G1 F15000
G1 X190.1 Y187.651 E.08728
G1 X189.566 Y187.651 E.01589
G1 X192.001 Y185.216 E.10261
G1 X192.001 Y184.683 E.01589
G1 X189.033 Y187.651 E.12508
G1 X188.5 Y187.651 E.01589
G1 X192.001 Y184.15 E.14756
G1 X192.001 Y183.616 E.01589
G1 X187.966 Y187.651 E.17004
G1 X187.433 Y187.651 E.01589
G1 X192.001 Y183.083 E.19252
G1 X192.001 Y182.55 E.01589
G1 X186.9 Y187.651 E.215
G1 X186.367 Y187.651 E.01589
G1 X192.001 Y182.017 E.23747
G1 X192.001 Y181.483 E.01589
G1 X185.833 Y187.651 E.25995
G1 X185.3 Y187.651 E.01589
G1 X192.001 Y180.95 E.28243
G1 X192.001 Y180.417 E.01589
G1 X184.767 Y187.651 E.30491
G1 X184.234 Y187.651 E.01589
G1 X192.001 Y179.884 E.32739
G1 X192.001 Y179.35 E.01589
G1 X183.7 Y187.651 E.34986
G1 X183.167 Y187.651 E.01589
G1 X192.001 Y178.817 E.37234
G1 X192.001 Y178.284 E.01589
G1 X182.634 Y187.651 E.39482
G1 X182.1 Y187.651 E.01589
G1 X192.001 Y177.75 E.4173
G1 X192.001 Y177.217 E.01589
G1 X181.567 Y187.651 E.43978
G1 X181.034 Y187.651 E.01589
G1 X192.001 Y176.684 E.46225
G1 X192.001 Y176.151 E.01589
G1 X180.501 Y187.651 E.48473
G1 X179.967 Y187.651 E.01589
G1 X192.001 Y175.617 E.50721
G1 X192.001 Y175.084 E.01589
G1 X179.434 Y187.651 E.52969
G1 X178.901 Y187.651 E.01589
G1 X192.001 Y174.551 E.55217
G1 X192.001 Y174.018 E.01589
G1 X178.368 Y187.651 E.57464
G1 X177.834 Y187.651 E.01589
G1 X192.001 Y173.484 E.59712
G1 X192.001 Y172.951 E.01589
G1 X177.301 Y187.651 E.6196
G1 X176.768 Y187.651 E.01589
G1 X192.001 Y172.418 E.64208
G1 X192.001 Y171.884 E.01589
G1 X176.234 Y187.651 E.66456
G1 X175.701 Y187.651 E.01589
G1 X192.001 Y171.351 E.68703
G1 X192.001 Y170.818 E.01589
G1 X175.168 Y187.651 E.70951
G1 X174.635 Y187.651 E.01589
G1 X192.001 Y170.285 E.73199
G1 X192.001 Y169.751 E.01589
G1 X174.101 Y187.651 E.75447
G1 X173.568 Y187.651 E.01589
G1 X192.001 Y169.218 E.77694
G1 X192.001 Y168.685 E.01589
G1 X173.035 Y187.651 E.79942
G1 X172.502 Y187.651 E.01589
G1 X192.001 Y168.152 E.8219
G1 X192.001 Y167.618 E.01589
G1 X171.968 Y187.651 E.84438
G1 X171.435 Y187.651 E.01589
G1 X192.001 Y167.085 E.86686
G1 X192.001 Y166.552 E.01589
G1 X170.902 Y187.651 E.88933
G1 X170.369 Y187.651 E.01589
G1 X192.001 Y166.019 E.91181
G1 X192.001 Y165.485 E.01589
G1 X169.835 Y187.651 E.93429
G1 X169.302 Y187.651 E.01589
G1 X192.001 Y164.952 E.95677
G1 X192.001 Y164.419 E.01589
G1 X168.769 Y187.651 E.97925
G1 X168.235 Y187.651 E.01589
G1 X192.001 Y163.885 E1.00172
G1 X192.001 Y163.352 E.01589
G1 X167.702 Y187.651 E1.0242
G1 X167.169 Y187.651 E.01589
G1 X192.001 Y162.819 E1.04668
G1 X192.001 Y162.286 E.01589
G1 X166.636 Y187.651 E1.06916
G1 X166.102 Y187.651 E.01589
G1 X192.001 Y161.752 E1.09164
G1 X192.001 Y161.219 E.01589
G1 X165.569 Y187.651 E1.11411
G1 X165.036 Y187.651 E.01589
G1 X192.001 Y160.686 E1.13659
G1 X192.001 Y160.153 E.01589
G1 X164.503 Y187.651 E1.15907
G1 X163.969 Y187.651 E.01589
G1 X192.001 Y159.619 E1.18155
G1 X192.001 Y159.086 E.01589
G1 X163.436 Y187.651 E1.20403
G1 X162.903 Y187.651 E.01589
G1 X192.001 Y158.553 E1.2265
G1 X192.001 Y158.019 E.01589
G1 X162.369 Y187.651 E1.24898
G1 X161.836 Y187.651 E.01589
G1 X192.001 Y157.486 E1.27146
G1 X192.001 Y156.953 E.01589
G1 X161.303 Y187.651 E1.29394
G1 X160.77 Y187.651 E.01589
G1 X192.001 Y156.42 E1.31642
G1 X192.001 Y155.886 E.01589
G1 X160.236 Y187.651 E1.33889
G1 X159.703 Y187.651 E.01589
G1 X192.001 Y155.353 E1.36137
G1 X192.001 Y154.82 E.01589
G1 X159.17 Y187.651 E1.38385
G1 X158.637 Y187.651 E.01589
G1 X192.001 Y154.287 E1.40633
G1 X192.001 Y153.753 E.01589
G1 X158.103 Y187.651 E1.42881
G1 X157.57 Y187.651 E.01589
G1 X192.001 Y153.22 E1.45128
G1 X192.001 Y152.687 E.01589
G1 X157.037 Y187.651 E1.47376
G1 X156.503 Y187.651 E.01589
G1 X192.001 Y152.153 E1.49624
G1 X192.001 Y151.62 E.01589
G1 X155.97 Y187.651 E1.51872
G1 X155.437 Y187.651 E.01589
G1 X192.001 Y151.087 E1.54119
G1 X192.001 Y150.554 E.01589
G1 X154.904 Y187.651 E1.56367
G1 X154.37 Y187.651 E.01589
G1 X192.001 Y150.02 E1.58615
G1 X192.001 Y149.487 E.01589
G1 X153.837 Y187.651 E1.60863
G1 X153.304 Y187.651 E.01589
G1 X192.001 Y148.954 E1.63111
G1 X192.001 Y148.421 E.01589
G1 X152.771 Y187.651 E1.65358
G1 X152.237 Y187.651 E.01589
G1 X192.001 Y147.887 E1.67606
G1 X192.001 Y147.354 E.01589
G1 X151.704 Y187.651 E1.69854
G1 X151.171 Y187.651 E.01589
G1 X192.001 Y146.821 E1.72102
G1 X192.001 Y146.288 E.01589
G1 X150.638 Y187.651 E1.7435
G1 X150.104 Y187.651 E.01589
G1 X192.001 Y145.754 E1.76597
G1 X192.001 Y145.221 E.01589
G1 X149.571 Y187.651 E1.78845
G1 X149.038 Y187.651 E.01589
G1 X192.001 Y144.688 E1.81093
G1 X192.001 Y144.154 E.01589
G1 X148.504 Y187.651 E1.83341
G1 X147.971 Y187.651 E.01589
G1 X192.001 Y143.621 E1.85589
G1 X192.001 Y143.088 E.01589
G1 X147.438 Y187.651 E1.87836
G1 X146.905 Y187.651 E.01589
G1 X192.001 Y142.555 E1.90084
G1 X192.001 Y142.021 E.01589
G1 X146.371 Y187.651 E1.92332
G1 X145.838 Y187.651 E.01589
G1 X192.001 Y141.488 E1.9458
G1 X192.001 Y140.955 E.01589
G1 X145.305 Y187.651 E1.96828
G1 X144.772 Y187.651 E.01589
G1 X192.001 Y140.422 E1.99075
G1 X192.001 Y139.888 E.01589
G1 X144.238 Y187.651 E2.01323
G1 X143.705 Y187.651 E.01589
G1 X192.001 Y139.355 E2.03571
G1 X192.001 Y138.822 E.01589
G1 X143.172 Y187.651 E2.05819
G1 X142.638 Y187.651 E.01589
G1 X192.001 Y138.288 E2.08067
G1 X192.001 Y137.755 E.01589
G1 X142.105 Y187.651 E2.10314
G1 X141.572 Y187.651 E.01589
G1 X192.001 Y137.222 E2.12562
G1 X192.001 Y136.689 E.01589
G1 X141.039 Y187.651 E2.1481
G1 X140.505 Y187.651 E.01589
G1 X192.001 Y136.155 E2.17058
G1 X192.001 Y135.622 E.01589
G1 X139.972 Y187.651 E2.19306
G1 X139.439 Y187.651 E.01589
G1 X192.001 Y135.089 E2.21553
G1 X192.001 Y134.556 E.01589
G1 X138.906 Y187.651 E2.23801
G1 X138.372 Y187.651 E.01589
G1 X192.001 Y134.022 E2.26049
G1 X192.001 Y133.489 E.01589
G1 X137.839 Y187.651 E2.28297
G1 X137.306 Y187.651 E.01589
G1 X192.001 Y132.956 E2.30544
G1 X192.001 Y132.423 E.01589
G1 X136.772 Y187.651 E2.32792
G1 X136.239 Y187.651 E.01589
G1 X192.001 Y131.889 E2.3504
G1 X192.001 Y131.356 E.01589
G1 X135.706 Y187.651 E2.37288
G1 X135.173 Y187.651 E.01589
G1 X192.001 Y130.823 E2.39536
G1 X192.001 Y130.289 E.01589
G1 X134.639 Y187.651 E2.41783
G1 X134.106 Y187.651 E.01589
G1 X192.001 Y129.756 E2.44031
G1 X192.001 Y129.35 E.01212
G1 X191.874 Y129.35 E.00377
G1 X133.573 Y187.651 E2.45745
G1 X133.04 Y187.651 E.01589
G1 X191.341 Y129.35 E2.45745
G1 X190.807 Y129.35 E.01589
G1 X132.506 Y187.651 E2.45745
G1 X131.973 Y187.651 E.01589
G1 X190.274 Y129.35 E2.45745
G1 X189.741 Y129.35 E.01589
G1 X131.44 Y187.651 E2.45745
G1 X130.907 Y187.651 E.01589
G1 X189.208 Y129.35 E2.45745
G1 X188.674 Y129.35 E.01589
G1 X130.373 Y187.651 E2.45745
G1 X129.84 Y187.651 E.01589
G1 X188.141 Y129.35 E2.45745
G1 X187.608 Y129.35 E.01589
G1 X129.307 Y187.651 E2.45745
G1 X128.773 Y187.651 E.01589
G1 X187.074 Y129.35 E2.45745
G1 X186.541 Y129.35 E.01589
M73 P14 R66
G1 X128.24 Y187.651 E2.45745
G1 X127.707 Y187.651 E.01589
G1 X186.008 Y129.35 E2.45745
G1 X185.475 Y129.35 E.01589
G1 X127.174 Y187.651 E2.45745
G1 X126.64 Y187.651 E.01589
G1 X184.941 Y129.35 E2.45745
G1 X184.408 Y129.35 E.01589
G1 X126.107 Y187.651 E2.45745
G1 X125.574 Y187.651 E.01589
G1 X183.875 Y129.35 E2.45745
G1 X183.342 Y129.35 E.01589
G1 X125.041 Y187.651 E2.45745
G1 X124.507 Y187.651 E.01589
G1 X182.808 Y129.35 E2.45745
G1 X182.275 Y129.35 E.01589
G1 X123.974 Y187.651 E2.45745
G1 X123.441 Y187.651 E.01589
G1 X181.742 Y129.35 E2.45745
G1 X181.208 Y129.35 E.01589
G1 X122.907 Y187.651 E2.45745
G1 X122.374 Y187.651 E.01589
G1 X180.675 Y129.35 E2.45745
G1 X180.142 Y129.35 E.01589
G1 X121.841 Y187.651 E2.45745
G1 X121.308 Y187.651 E.01589
G1 X179.609 Y129.35 E2.45745
G1 X179.075 Y129.35 E.01589
G1 X120.774 Y187.651 E2.45745
G1 X120.241 Y187.651 E.01589
G1 X178.542 Y129.35 E2.45745
G1 X178.009 Y129.35 E.01589
G1 X119.708 Y187.651 E2.45745
G1 X119.175 Y187.651 E.01589
G1 X177.476 Y129.35 E2.45745
G1 X176.942 Y129.35 E.01589
G1 X118.641 Y187.651 E2.45745
G1 X118.108 Y187.651 E.01589
G1 X176.409 Y129.35 E2.45745
G1 X175.876 Y129.35 E.01589
G1 X117.575 Y187.651 E2.45745
G1 X117.041 Y187.651 E.01589
G1 X175.342 Y129.35 E2.45745
G1 X174.809 Y129.35 E.01589
G1 X116.508 Y187.651 E2.45745
G1 X115.975 Y187.651 E.01589
G1 X174.276 Y129.35 E2.45745
G1 X173.743 Y129.35 E.01589
G1 X115.442 Y187.651 E2.45745
G1 X114.908 Y187.651 E.01589
G1 X173.209 Y129.35 E2.45745
G1 X172.676 Y129.35 E.01589
G1 X114.375 Y187.651 E2.45745
G1 X113.842 Y187.651 E.01589
G1 X172.143 Y129.35 E2.45745
G1 X171.61 Y129.35 E.01589
G1 X113.309 Y187.651 E2.45745
G1 X112.775 Y187.651 E.01589
G1 X171.076 Y129.35 E2.45745
G1 X170.543 Y129.35 E.01589
G1 X112.242 Y187.651 E2.45745
G1 X111.709 Y187.651 E.01589
G1 X170.01 Y129.35 E2.45745
G1 X169.477 Y129.35 E.01589
G1 X111.176 Y187.651 E2.45745
G1 X110.642 Y187.651 E.01589
M73 P14 R65
G1 X168.943 Y129.35 E2.45745
G1 X168.41 Y129.35 E.01589
G1 X110.109 Y187.651 E2.45745
G1 X109.576 Y187.651 E.01589
G1 X167.877 Y129.35 E2.45745
G1 X167.343 Y129.35 E.01589
G1 X109.042 Y187.651 E2.45745
G1 X108.509 Y187.651 E.01589
G1 X166.81 Y129.35 E2.45745
G1 X166.277 Y129.35 E.01589
G1 X107.976 Y187.651 E2.45745
G1 X107.443 Y187.651 E.01589
G1 X165.744 Y129.35 E2.45745
G1 X165.21 Y129.35 E.01589
G1 X106.909 Y187.651 E2.45745
G1 X106.376 Y187.651 E.01589
G1 X164.677 Y129.35 E2.45745
G1 X164.144 Y129.35 E.01589
G1 X105.843 Y187.651 E2.45745
G1 X105.31 Y187.651 E.01589
G1 X163.611 Y129.35 E2.45745
G1 X163.077 Y129.35 E.01589
G1 X104.776 Y187.651 E2.45745
G1 X104.243 Y187.651 E.01589
G1 X162.544 Y129.35 E2.45745
G1 X162.011 Y129.35 E.01589
G1 X103.71 Y187.651 E2.45745
G1 X103.176 Y187.651 E.01589
G1 X161.477 Y129.35 E2.45745
G1 X160.944 Y129.35 E.01589
G1 X102.643 Y187.651 E2.45745
G1 X102.11 Y187.651 E.01589
G1 X160.411 Y129.35 E2.45745
G1 X159.878 Y129.35 E.01589
G1 X101.577 Y187.651 E2.45745
G1 X101.043 Y187.651 E.01589
G1 X159.344 Y129.35 E2.45745
G1 X158.811 Y129.35 E.01589
G1 X100.51 Y187.651 E2.45745
G1 X99.977 Y187.651 E.01589
G1 X158.278 Y129.35 E2.45745
G1 X157.745 Y129.35 E.01589
G1 X99.444 Y187.651 E2.45745
G1 X98.91 Y187.651 E.01589
G1 X157.211 Y129.35 E2.45745
G1 X156.678 Y129.35 E.01589
G1 X98.377 Y187.651 E2.45745
G1 X97.844 Y187.651 E.01589
G1 X156.145 Y129.35 E2.45745
G1 X155.611 Y129.35 E.01589
G1 X97.31 Y187.651 E2.45745
G1 X96.777 Y187.651 E.01589
G1 X155.078 Y129.35 E2.45745
G1 X154.545 Y129.35 E.01589
G1 X96.244 Y187.651 E2.45745
G1 X95.711 Y187.651 E.01589
G1 X154.012 Y129.35 E2.45745
G1 X153.478 Y129.35 E.01589
G1 X95.177 Y187.651 E2.45745
G1 X94.644 Y187.651 E.01589
G1 X152.945 Y129.35 E2.45745
G1 X152.412 Y129.35 E.01589
G1 X94.111 Y187.651 E2.45745
G1 X93.578 Y187.651 E.01589
G1 X151.879 Y129.35 E2.45745
G1 X151.345 Y129.35 E.01589
G1 X93.044 Y187.651 E2.45745
G1 X92.511 Y187.651 E.01589
G1 X150.812 Y129.35 E2.45745
G1 X150.279 Y129.35 E.01589
G1 X91.978 Y187.651 E2.45745
G1 X91.445 Y187.651 E.01589
G1 X149.746 Y129.35 E2.45745
G1 X149.212 Y129.35 E.01589
G1 X90.911 Y187.651 E2.45745
G1 X90.378 Y187.651 E.01589
G1 X148.679 Y129.35 E2.45745
G1 X148.146 Y129.35 E.01589
G1 X89.845 Y187.651 E2.45745
G1 X89.311 Y187.651 E.01589
G1 X147.612 Y129.35 E2.45745
G1 X147.079 Y129.35 E.01589
G1 X88.778 Y187.651 E2.45745
G1 X88.245 Y187.651 E.01589
G1 X146.546 Y129.35 E2.45745
G1 X146.013 Y129.35 E.01589
G1 X87.712 Y187.651 E2.45745
G1 X87.178 Y187.651 E.01589
G1 X145.479 Y129.35 E2.45745
G1 X144.946 Y129.35 E.01589
G1 X86.645 Y187.651 E2.45745
G1 X86.112 Y187.651 E.01589
G1 X144.413 Y129.35 E2.45745
G1 X143.88 Y129.35 E.01589
G1 X85.579 Y187.651 E2.45745
G1 X85.045 Y187.651 E.01589
G1 X143.346 Y129.35 E2.45745
G1 X142.813 Y129.35 E.01589
G1 X84.512 Y187.651 E2.45745
G1 X83.979 Y187.651 E.01589
G1 X142.28 Y129.35 E2.45745
G1 X141.746 Y129.35 E.01589
G1 X83.445 Y187.651 E2.45745
G1 X82.912 Y187.651 E.01589
G1 X141.213 Y129.35 E2.45745
G1 X140.68 Y129.35 E.01589
G1 X82.379 Y187.651 E2.45745
G1 X81.846 Y187.651 E.01589
G1 X140.147 Y129.35 E2.45745
G1 X139.613 Y129.35 E.01589
G1 X81.312 Y187.651 E2.45745
G1 X80.779 Y187.651 E.01589
G1 X139.08 Y129.35 E2.45745
G1 X138.547 Y129.35 E.01589
G1 X80.246 Y187.651 E2.45745
G1 X79.713 Y187.651 E.01589
G1 X138.014 Y129.35 E2.45745
G1 X137.48 Y129.35 E.01589
G1 X79.179 Y187.651 E2.45745
G1 X78.646 Y187.651 E.01589
G1 X136.947 Y129.35 E2.45745
G1 X136.414 Y129.35 E.01589
G1 X78.113 Y187.651 E2.45745
G1 X77.579 Y187.651 E.01589
G1 X135.88 Y129.35 E2.45745
G1 X135.347 Y129.35 E.01589
G1 X77.046 Y187.651 E2.45745
G1 X76.513 Y187.651 E.01589
G1 X134.814 Y129.35 E2.45745
G1 X134.281 Y129.35 E.01589
G1 X75.98 Y187.651 E2.45745
G1 X75.446 Y187.651 E.01589
G1 X133.747 Y129.35 E2.45745
G1 X133.214 Y129.35 E.01589
G1 X74.913 Y187.651 E2.45745
G1 X74.38 Y187.651 E.01589
G1 X132.681 Y129.35 E2.45745
G1 X132.148 Y129.35 E.01589
G1 X73.847 Y187.651 E2.45745
G1 X73.313 Y187.651 E.01589
G1 X131.614 Y129.35 E2.45745
G1 X131.081 Y129.35 E.01589
G1 X72.78 Y187.651 E2.45745
G1 X72.247 Y187.651 E.01589
G1 X130.548 Y129.35 E2.45745
G1 X130.015 Y129.35 E.01589
G1 X71.714 Y187.651 E2.45745
G1 X71.18 Y187.651 E.01589
G1 X129.481 Y129.35 E2.45745
G1 X128.948 Y129.35 E.01589
G1 X70.647 Y187.651 E2.45745
G1 X70.114 Y187.651 E.01589
G1 X128.415 Y129.35 E2.45745
G1 X127.881 Y129.35 E.01589
G1 X69.58 Y187.651 E2.45745
G1 X69.047 Y187.651 E.01589
G1 X127.348 Y129.35 E2.45745
G1 X126.815 Y129.35 E.01589
G1 X68.514 Y187.651 E2.45745
G1 X67.981 Y187.651 E.01589
G1 X126.282 Y129.35 E2.45745
G1 X125.748 Y129.35 E.01589
G1 X67.447 Y187.651 E2.45745
G1 X66.914 Y187.651 E.01589
G1 X125.215 Y129.35 E2.45745
G1 X124.682 Y129.35 E.01589
G1 X66.381 Y187.651 E2.45745
G1 X65.848 Y187.651 E.01589
G1 X124.149 Y129.35 E2.45745
G1 X123.615 Y129.35 E.01589
G1 X65.314 Y187.651 E2.45745
G1 X64.781 Y187.651 E.01589
G1 X123.082 Y129.35 E2.45745
G1 X122.549 Y129.35 E.01589
G1 X64.248 Y187.651 E2.45745
G1 X64 Y187.651 E.0074
G1 X64 Y187.365 E.0085
G1 X122.015 Y129.35 E2.44544
G1 X121.482 Y129.35 E.01589
G1 X64 Y186.832 E2.42296
G1 X64 Y186.299 E.01589
G1 X120.949 Y129.35 E2.40048
G1 X120.416 Y129.35 E.01589
G1 X64 Y185.766 E2.378
G1 X64 Y185.232 E.01589
G1 X119.882 Y129.35 E2.35553
G1 X119.349 Y129.35 E.01589
M73 P15 R65
G1 X64 Y184.699 E2.33305
G1 X64 Y184.166 E.01589
G1 X118.816 Y129.35 E2.31057
G1 X118.283 Y129.35 E.01589
G1 X64 Y183.633 E2.28809
G1 X64 Y183.099 E.01589
G1 X117.749 Y129.35 E2.26561
G1 X117.216 Y129.35 E.01589
G1 X64 Y182.566 E2.24314
G1 X64 Y182.033 E.01589
G1 X116.683 Y129.35 E2.22066
G1 X116.149 Y129.35 E.01589
G1 X64 Y181.499 E2.19818
G1 X64 Y180.966 E.01589
G1 X115.616 Y129.35 E2.1757
G1 X115.083 Y129.35 E.01589
G1 X64 Y180.433 E2.15322
G1 X64 Y179.9 E.01589
G1 X114.55 Y129.35 E2.13075
G1 X114.016 Y129.35 E.01589
G1 X64 Y179.366 E2.10827
G1 X64 Y178.833 E.01589
G1 X113.483 Y129.35 E2.08579
G1 X112.95 Y129.35 E.01589
G1 X64 Y178.3 E2.06331
G1 X64 Y177.767 E.01589
G1 X112.417 Y129.35 E2.04083
G1 X111.883 Y129.35 E.01589
G1 X64 Y177.233 E2.01836
G1 X64 Y176.7 E.01589
G1 X111.35 Y129.35 E1.99588
G1 X110.817 Y129.35 E.01589
G1 X64 Y176.167 E1.9734
G1 X64 Y175.634 E.01589
G1 X110.284 Y129.35 E1.95092
G1 X109.75 Y129.35 E.01589
G1 X64 Y175.1 E1.92844
G1 X64 Y174.567 E.01589
G1 X109.217 Y129.35 E1.90597
G1 X108.684 Y129.35 E.01589
G1 X64 Y174.034 E1.88349
G1 X64 Y173.5 E.01589
G1 X108.15 Y129.35 E1.86101
G1 X107.617 Y129.35 E.01589
G1 X64 Y172.967 E1.83853
G1 X64 Y172.434 E.01589
G1 X107.084 Y129.35 E1.81606
G1 X106.551 Y129.35 E.01589
G1 X64 Y171.901 E1.79358
G1 X64 Y171.367 E.01589
G1 X106.017 Y129.35 E1.7711
G1 X105.484 Y129.35 E.01589
G1 X64 Y170.834 E1.74862
G1 X64 Y170.301 E.01589
G1 X104.951 Y129.35 E1.72614
G1 X104.418 Y129.35 E.01589
G1 X64 Y169.768 E1.70367
G1 X64 Y169.234 E.01589
G1 X103.884 Y129.35 E1.68119
G1 X103.351 Y129.35 E.01589
G1 X64 Y168.701 E1.65871
G1 X64 Y168.168 E.01589
G1 X102.818 Y129.35 E1.63623
G1 X102.284 Y129.35 E.01589
G1 X64 Y167.634 E1.61375
G1 X64 Y167.101 E.01589
G1 X101.751 Y129.35 E1.59128
G1 X101.218 Y129.35 E.01589
G1 X64 Y166.568 E1.5688
G1 X64 Y166.035 E.01589
G1 X100.685 Y129.35 E1.54632
G1 X100.151 Y129.35 E.01589
G1 X64 Y165.501 E1.52384
G1 X64 Y164.968 E.01589
G1 X99.618 Y129.35 E1.50136
G1 X99.085 Y129.35 E.01589
G1 X64 Y164.435 E1.47889
G1 X64 Y163.902 E.01589
G1 X98.552 Y129.35 E1.45641
G1 X98.018 Y129.35 E.01589
G1 X64 Y163.368 E1.43393
G1 X64 Y162.835 E.01589
G1 X97.485 Y129.35 E1.41145
G1 X96.952 Y129.35 E.01589
G1 X64 Y162.302 E1.38897
G1 X64 Y161.768 E.01589
G1 X96.418 Y129.35 E1.3665
G1 X95.885 Y129.35 E.01589
G1 X64 Y161.235 E1.34402
G1 X64 Y160.702 E.01589
G1 X95.352 Y129.35 E1.32154
G1 X94.819 Y129.35 E.01589
G1 X64 Y160.169 E1.29906
G1 X64 Y159.635 E.01589
G1 X94.285 Y129.35 E1.27658
G1 X93.752 Y129.35 E.01589
G1 X64 Y159.102 E1.25411
G1 X64 Y158.569 E.01589
G1 X93.219 Y129.35 E1.23163
G1 X92.686 Y129.35 E.01589
G1 X64 Y158.036 E1.20915
G1 X64 Y157.502 E.01589
G1 X92.152 Y129.35 E1.18667
G1 X91.619 Y129.35 E.01589
G1 X64 Y156.969 E1.16419
G1 X64 Y156.436 E.01589
G1 X91.086 Y129.35 E1.14172
G1 X90.553 Y129.35 E.01589
G1 X64 Y155.903 E1.11924
G1 X64 Y155.369 E.01589
G1 X90.019 Y129.35 E1.09676
G1 X89.486 Y129.35 E.01589
G1 X64 Y154.836 E1.07428
G1 X64 Y154.303 E.01589
G1 X88.953 Y129.35 E1.05181
G1 X88.419 Y129.35 E.01589
G1 X64 Y153.769 E1.02933
G1 X64 Y153.236 E.01589
G1 X87.886 Y129.35 E1.00685
G1 X87.353 Y129.35 E.01589
G1 X64 Y152.703 E.98437
G1 X64 Y152.17 E.01589
G1 X86.82 Y129.35 E.96189
G1 X86.286 Y129.35 E.01589
G1 X64 Y151.636 E.93942
G1 X64 Y151.103 E.01589
G1 X85.753 Y129.35 E.91694
G1 X85.22 Y129.35 E.01589
G1 X64 Y150.57 E.89446
G1 X64 Y150.037 E.01589
G1 X84.687 Y129.35 E.87198
G1 X84.153 Y129.35 E.01589
G1 X64 Y149.503 E.8495
G1 X64 Y148.97 E.01589
G1 X83.62 Y129.35 E.82703
G1 X83.087 Y129.35 E.01589
G1 X64 Y148.437 E.80455
G1 X64 Y147.903 E.01589
G1 X82.553 Y129.35 E.78207
G1 X82.02 Y129.35 E.01589
G1 X64 Y147.37 E.75959
G1 X64 Y146.837 E.01589
G1 X81.487 Y129.35 E.73711
G1 X80.954 Y129.35 E.01589
G1 X64 Y146.304 E.71464
G1 X64 Y145.77 E.01589
G1 X80.42 Y129.35 E.69216
G1 X79.887 Y129.35 E.01589
G1 X64 Y145.237 E.66968
G1 X64 Y144.704 E.01589
G1 X79.354 Y129.35 E.6472
G1 X78.821 Y129.35 E.01589
G1 X64 Y144.171 E.62472
G1 X64 Y143.637 E.01589
G1 X78.287 Y129.35 E.60225
G1 X77.754 Y129.35 E.01589
G1 X64 Y143.104 E.57977
G1 X64 Y142.571 E.01589
G1 X77.221 Y129.35 E.55729
G1 X76.687 Y129.35 E.01589
G1 X64 Y142.037 E.53481
G1 X64 Y141.504 E.01589
G1 X76.154 Y129.35 E.51233
G1 X75.621 Y129.35 E.01589
G1 X64 Y140.971 E.48986
G1 X64 Y140.438 E.01589
G1 X75.088 Y129.35 E.46738
G1 X74.554 Y129.35 E.01589
G1 X64 Y139.904 E.4449
G1 X64 Y139.371 E.01589
G1 X74.021 Y129.35 E.42242
G1 X73.488 Y129.35 E.01589
G1 X64 Y138.838 E.39994
G1 X64 Y138.305 E.01589
G1 X72.955 Y129.35 E.37747
G1 X72.421 Y129.35 E.01589
G1 X64 Y137.771 E.35499
G1 X64 Y137.238 E.01589
G1 X71.888 Y129.35 E.33251
G1 X71.355 Y129.35 E.01589
G1 X64 Y136.705 E.31003
G1 X64 Y136.172 E.01589
G1 X70.822 Y129.35 E.28756
G1 X70.288 Y129.35 E.01589
G1 X64 Y135.638 E.26508
G1 X64 Y135.105 E.01589
G1 X69.755 Y129.35 E.2426
G1 X69.222 Y129.35 E.01589
G1 X64 Y134.572 E.22012
G1 X64 Y134.038 E.01589
G1 X68.688 Y129.35 E.19764
G1 X68.155 Y129.35 E.01589
G1 X64 Y133.505 E.17517
G1 X64 Y132.972 E.01589
G1 X67.622 Y129.35 E.15269
G1 X67.089 Y129.35 E.01589
G1 X64 Y132.439 E.13021
G1 X64 Y131.905 E.01589
G1 X66.555 Y129.35 E.10773
G1 X66.022 Y129.35 E.01589
G1 X64 Y131.372 E.08525
G1 X64 Y130.839 E.01589
G1 X65.489 Y129.35 E.06278
G1 X64.956 Y129.35 E.01589
G1 X63.83 Y130.475 E.04745
G1 E-.728 F1800
;WIPE_START
G1 F30000
G1 X64.678 Y129.627 E-.072
;WIPE_END
G1 X63.666 Y122.284 Z.8
G1 Z.4
G1 E.8 F1800
;TYPE:Inner wall
;WIDTH:0.45
G1 F6000
G1 X63.666 Y63.316 E1.89738
G1 X192.334 Y63.316 E4.14009
G1 X192.334 Y122.284 E1.89738
G1 X63.706 Y122.284 E4.13881
G1 X63.259 Y122.691 F30000
G1 F6000
G1 X63.259 Y62.909 E1.92358
G1 X192.741 Y62.909 E4.16629
G1 X192.741 Y122.691 E1.92358
M73 P15 R64
G1 X63.299 Y122.691 E4.165
G1 X62.852 Y123.098 F30000
G1 F6000
G1 X62.852 Y62.502 E1.94977
G1 X193.148 Y62.502 E4.19249
G1 X193.148 Y123.098 E1.94977
G1 X62.892 Y123.098 E4.1912
SET_VELOCITY_LIMIT ACCEL=5000
G1 X62.46 Y123.49 F30000
;TYPE:Outer wall
;WIDTH:0.42
G1 F3060
G1 X62.46 Y62.11 E1.82946
G1 X193.54 Y62.11 E3.90689
G1 X193.54 Y123.49 E1.82946
G1 X62.5 Y123.49 E3.9057
G1 E-.728 F1800
;WIPE_START
G1 F30000
G1 X62.499 Y122.29 E-.072
;WIPE_END
G1 X62.707 Y114.66 Z.8
G1 X64.095 Y63.676 Z.8
G1 Z.4
G1 E.8 F1800
SET_VELOCITY_LIMIT ACCEL=10000
;TYPE:Internal solid infill
;WIDTH:0.442592
G1 F15000
G1 X64.02 Y63.72 E.00273
G1 X64.1 Y63.754 E.00275
G1 E-.78958 F1800
;WIPE_START
G1 F30000
G1 X64.02 Y63.72 E-.00523
G1 X64.095 Y63.676 E-.00519
;WIPE_END
G1 X71.026 Y66.871 Z.8
G1 X190.425 Y121.892 Z.8
G1 Z.4
G1 E.8 F1800
;WIDTH:0.419999
G1 F15000
G1 X191.942 Y121.892 E.0452
G1 X191.942 Y120.375 E.0452
G1 X190.453 Y121.863 E.06274
G1 E-.728 F1800
;WIPE_START
G1 F30000
G1 X191.302 Y121.015 E-.072
;WIPE_END
G1 X191.529 Y121.392 Z.8
G1 Z.4
G1 E.8 F1800
;WIDTH:0.554284
G1 F12960.227
G1 X191.466 Y121.392 E.00258
G1 X191.434 Y121.447 E.00258
G1 X191.466 Y121.503 E.00258
G1 X191.529 Y121.503 E.00258
G1 X191.541 Y121.482 E.00097
G1 E-.78322 F1800
;WIPE_START
G1 F30000
G1 X191.529 Y121.503 E-.00144
G1 X191.466 Y121.503 E-.00384
G1 X191.434 Y121.447 E-.00384
G1 X191.466 Y121.392 E-.00384
G1 X191.529 Y121.392 E-.00384
;WIPE_END
G1 X192.17 Y119.88 Z.8
G1 Z.4
G1 E.8 F1800
;WIDTH:0.419999
G1 F15000
G1 X190.1 Y121.95 E.08728
G1 X189.566 Y121.95 E.01589
G1 X192.001 Y119.516 E.10261
G1 X192.001 Y118.983 E.01589
G1 X189.033 Y121.95 E.12508
G1 X188.5 Y121.95 E.01589
G1 X192.001 Y118.45 E.14756
G1 X192.001 Y117.916 E.01589
G1 X187.966 Y121.951 E.17004
G1 X187.433 Y121.951 E.01589
G1 X192.001 Y117.383 E.19252
G1 X192.001 Y116.85 E.01589
G1 X186.9 Y121.951 E.215
G1 X186.367 Y121.95 E.01589
G1 X192.001 Y116.317 E.23747
G1 X192.001 Y115.783 E.01589
G1 X185.833 Y121.95 E.25995
G1 X185.3 Y121.95 E.01589
G1 X192.001 Y115.25 E.28243
G1 X192.001 Y114.717 E.01589
G1 X184.767 Y121.95 E.30491
G1 X184.234 Y121.95 E.01589
G1 X192.001 Y114.184 E.32739
G1 X192.001 Y113.65 E.01589
G1 X183.7 Y121.951 E.34986
G1 X183.167 Y121.951 E.01589
G1 X192.001 Y113.117 E.37234
G1 X192.001 Y112.584 E.01589
G1 X182.634 Y121.951 E.39482
G1 X182.1 Y121.95 E.01589
G1 X192.001 Y112.05 E.4173
G1 X192.001 Y111.517 E.01589
G1 X181.567 Y121.95 E.43978
G1 X181.034 Y121.95 E.01589
G1 X192.001 Y110.984 E.46225
G1 X192.001 Y110.451 E.01589
G1 X180.501 Y121.95 E.48473
G1 X179.967 Y121.95 E.01589
G1 X192.001 Y109.917 E.50721
G1 X192.001 Y109.384 E.01589
G1 X179.434 Y121.951 E.52969
G1 X178.901 Y121.951 E.01589
G1 X192.001 Y108.851 E.55217
G1 X192.001 Y108.318 E.01589
G1 X178.368 Y121.95 E.57464
G1 X177.834 Y121.95 E.01589
G1 X192.001 Y107.784 E.59712
G1 X192.001 Y107.251 E.01589
G1 X177.301 Y121.95 E.6196
G1 X176.768 Y121.95 E.01589
G1 X192.001 Y106.718 E.64208
G1 X192.001 Y106.184 E.01589
G1 X176.234 Y121.95 E.66456
G1 X175.701 Y121.95 E.01589
G1 X192.001 Y105.651 E.68703
G1 X192.001 Y105.118 E.01589
G1 X175.168 Y121.951 E.70951
G1 X174.635 Y121.951 E.01589
G1 X192.001 Y104.585 E.73199
G1 X192.001 Y104.051 E.01589
G1 X174.101 Y121.95 E.75447
G1 X173.568 Y121.95 E.01589
G1 X192.001 Y103.518 E.77694
G1 X192.001 Y102.985 E.01589
G1 X173.035 Y121.95 E.79942
G1 X172.502 Y121.95 E.01589
G1 X192.001 Y102.452 E.8219
G1 X192.001 Y101.918 E.01589
G1 X171.968 Y121.95 E.84438
G1 X171.435 Y121.95 E.01589
G1 X192.001 Y101.385 E.86686
G1 X192.001 Y100.852 E.01589
G1 X170.902 Y121.951 E.88933
G1 X170.369 Y121.951 E.01589
G1 X192.001 Y100.319 E.91181
G1 X192.001 Y99.785 E.01589
G1 X169.835 Y121.95 E.93429
G1 X169.302 Y121.95 E.01589
G1 X192.001 Y99.252 E.95677
G1 X192.001 Y98.719 E.01589
G1 X168.769 Y121.95 E.97925
G1 X168.235 Y121.95 E.01589
G1 X192.001 Y98.185 E1.00172
G1 X192.001 Y97.652 E.01589
G1 X167.702 Y121.95 E1.0242
G1 X167.169 Y121.95 E.01589
G1 X192.001 Y97.119 E1.04668
G1 X192.001 Y96.586 E.01589
G1 X166.636 Y121.951 E1.06916
G1 X166.102 Y121.951 E.01589
G1 X192.001 Y96.052 E1.09164
G1 X192.001 Y95.519 E.01589
M73 P16 R64
G1 X165.569 Y121.95 E1.11411
G1 X165.036 Y121.95 E.01589
G1 X192.001 Y94.986 E1.13659
G1 X192.001 Y94.453 E.01589
G1 X164.503 Y121.95 E1.15907
G1 X163.969 Y121.95 E.01589
G1 X192.001 Y93.919 E1.18155
G1 X192.001 Y93.386 E.01589
G1 X163.436 Y121.95 E1.20403
G1 X162.903 Y121.95 E.01589
G1 X192.001 Y92.853 E1.2265
G1 X192.001 Y92.319 E.01589
G1 X162.369 Y121.951 E1.24898
G1 X161.836 Y121.951 E.01589
G1 X192.001 Y91.786 E1.27146
G1 X192.001 Y91.253 E.01589
G1 X161.303 Y121.95 E1.29394
G1 X160.77 Y121.95 E.01589
G1 X192.001 Y90.72 E1.31642
G1 X192.001 Y90.186 E.01589
G1 X160.236 Y121.95 E1.33889
G1 X159.703 Y121.95 E.01589
G1 X192.001 Y89.653 E1.36137
G1 X192.001 Y89.12 E.01589
G1 X159.17 Y121.95 E1.38385
G1 X158.637 Y121.95 E.01589
G1 X192.001 Y88.587 E1.40633
G1 X192.001 Y88.053 E.01589
G1 X158.103 Y121.951 E1.42881
G1 X157.57 Y121.951 E.01589
G1 X192.001 Y87.52 E1.45128
G1 X192.001 Y86.987 E.01589
G1 X157.037 Y121.95 E1.47376
G1 X156.503 Y121.95 E.01589
G1 X192.001 Y86.453 E1.49624
G1 X192.001 Y85.92 E.01589
G1 X155.97 Y121.95 E1.51872
G1 X155.437 Y121.95 E.01589
G1 X192.001 Y85.387 E1.54119
G1 X192.001 Y84.854 E.01589
G1 X154.904 Y121.95 E1.56367
G1 X154.37 Y121.951 E.01589
G1 X192.001 Y84.32 E1.58615
G1 X192.001 Y83.787 E.01589
G1 X153.837 Y121.951 E1.60863
G1 X153.304 Y121.951 E.01589
G1 X192.001 Y83.254 E1.63111
G1 X192.001 Y82.721 E.01589
G1 X152.771 Y121.95 E1.65358
G1 X152.237 Y121.95 E.01589
G1 X192.001 Y82.187 E1.67606
G1 X192.001 Y81.654 E.01589
G1 X151.704 Y121.95 E1.69854
G1 X151.171 Y121.95 E.01589
G1 X192.001 Y81.121 E1.72102
G1 X192.001 Y80.588 E.01589
G1 X150.638 Y121.95 E1.7435
G1 X150.104 Y121.951 E.01589
G1 X192.001 Y80.054 E1.76597
G1 X192.001 Y79.521 E.01589
G1 X149.571 Y121.951 E1.78845
G1 X149.038 Y121.95 E.01589
G1 X192.001 Y78.988 E1.81093
G1 X192.001 Y78.454 E.01589
G1 X148.504 Y121.95 E1.83341
G1 X147.971 Y121.95 E.01589
G1 X192.001 Y77.921 E1.85589
G1 X192.001 Y77.388 E.01589
G1 X147.438 Y121.95 E1.87836
G1 X146.905 Y121.95 E.01589
G1 X192.001 Y76.855 E1.90084
G1 X192.001 Y76.321 E.01589
G1 X146.371 Y121.95 E1.92332
G1 X145.838 Y121.951 E.01589
G1 X192.001 Y75.788 E1.9458
G1 X192.001 Y75.255 E.01589
G1 X145.305 Y121.951 E1.96828
G1 X144.772 Y121.95 E.01589
G1 X192.001 Y74.722 E1.99075
G1 X192.001 Y74.188 E.01589
G1 X144.238 Y121.95 E2.01323
G1 X143.705 Y121.95 E.01589
G1 X192.001 Y73.655 E2.03571
G1 X192.001 Y73.122 E.01589
G1 X143.172 Y121.95 E2.05819
G1 X142.638 Y121.95 E.01589
G1 X192.001 Y72.588 E2.08067
G1 X192.001 Y72.055 E.01589
G1 X142.105 Y121.95 E2.10314
G1 X141.572 Y121.951 E.01589
G1 X192.001 Y71.522 E2.12562
G1 X192.001 Y70.989 E.01589
G1 X141.039 Y121.951 E2.1481
G1 X140.505 Y121.95 E.01589
G1 X192.001 Y70.455 E2.17058
G1 X192.001 Y69.922 E.01589
G1 X139.972 Y121.95 E2.19306
G1 X139.439 Y121.95 E.01589
G1 X192.001 Y69.389 E2.21553
G1 X192.001 Y68.856 E.01589
G1 X138.906 Y121.95 E2.23801
G1 X138.372 Y121.95 E.01589
G1 X192.001 Y68.322 E2.26049
G1 X192.001 Y67.789 E.01589
G1 X137.839 Y121.95 E2.28297
G1 X137.306 Y121.951 E.01589
G1 X192.001 Y67.256 E2.30544
G1 X192.001 Y66.723 E.01589
G1 X136.772 Y121.951 E2.32792
G1 X136.239 Y121.95 E.01589
G1 X192.001 Y66.189 E2.3504
G1 X192.001 Y65.656 E.01589
G1 X135.706 Y121.95 E2.37288
G1 X135.173 Y121.95 E.01589
G1 X192.001 Y65.123 E2.39536
G1 X192.001 Y64.589 E.01589
G1 X134.639 Y121.95 E2.41783
G1 X134.106 Y121.95 E.01589
G1 X192.001 Y64.056 E2.44031
G1 X192.001 Y63.65 E.01212
G1 X191.874 Y63.65 E.00377
G1 X133.573 Y121.95 E2.45745
G1 X133.04 Y121.951 E.01589
G1 X191.341 Y63.65 E2.45745
G1 X190.807 Y63.65 E.01589
G1 X132.506 Y121.951 E2.45745
G1 X131.973 Y121.95 E.01589
G1 X190.274 Y63.65 E2.45745
G1 X189.741 Y63.65 E.01589
G1 X131.44 Y121.95 E2.45745
G1 X130.907 Y121.95 E.01589
G1 X189.208 Y63.65 E2.45745
G1 X188.674 Y63.65 E.01589
G1 X130.373 Y121.95 E2.45745
G1 X129.84 Y121.95 E.01589
G1 X188.141 Y63.65 E2.45745
G1 X187.608 Y63.65 E.01589
G1 X129.307 Y121.95 E2.45745
G1 X128.773 Y121.951 E.01589
G1 X187.074 Y63.65 E2.45745
G1 X186.541 Y63.65 E.01589
G1 X128.24 Y121.951 E2.45745
G1 X127.707 Y121.95 E.01589
G1 X186.008 Y63.65 E2.45745
G1 X185.475 Y63.65 E.01589
G1 X127.174 Y121.95 E2.45745
G1 X126.64 Y121.95 E.01589
G1 X184.941 Y63.65 E2.45745
G1 X184.408 Y63.65 E.01589
G1 X126.107 Y121.95 E2.45745
G1 X125.574 Y121.95 E.01589
G1 X183.875 Y63.65 E2.45745
G1 X183.342 Y63.65 E.01589
G1 X125.041 Y121.95 E2.45745
G1 X124.507 Y121.951 E.01589
G1 X182.808 Y63.65 E2.45745
G1 X182.275 Y63.65 E.01589
G1 X123.974 Y121.95 E2.45745
G1 X123.441 Y121.95 E.01589
G1 X181.742 Y63.65 E2.45745
G1 X181.208 Y63.65 E.01589
G1 X122.907 Y121.95 E2.45745
G1 X122.374 Y121.95 E.01589
G1 X180.675 Y63.65 E2.45745
G1 X180.142 Y63.65 E.01589
G1 X121.841 Y121.95 E2.45745
G1 X121.308 Y121.95 E.01589
G1 X179.609 Y63.65 E2.45745
G1 X179.075 Y63.65 E.01589
G1 X120.774 Y121.95 E2.45745
G1 X120.241 Y121.951 E.01589
G1 X178.542 Y63.65 E2.45745
G1 X178.009 Y63.65 E.01589
G1 X119.708 Y121.95 E2.45745
G1 X119.175 Y121.95 E.01589
G1 X177.476 Y63.65 E2.45745
G1 X176.942 Y63.65 E.01589
G1 X118.641 Y121.95 E2.45745
G1 X118.108 Y121.95 E.01589
G1 X176.409 Y63.65 E2.45745
G1 X175.876 Y63.65 E.01589
G1 X117.575 Y121.95 E2.45745
G1 X117.041 Y121.95 E.01589
G1 X175.343 Y63.65 E2.45745
G1 X174.809 Y63.65 E.01589
G1 X116.508 Y121.951 E2.45745
G1 X115.975 Y121.951 E.01589
G1 X174.276 Y63.65 E2.45745
G1 X173.743 Y63.65 E.01589
G1 X115.442 Y121.95 E2.45745
G1 X114.908 Y121.95 E.01589
G1 X173.209 Y63.65 E2.45745
G1 X172.676 Y63.65 E.01589
G1 X114.375 Y121.95 E2.45745
G1 X113.842 Y121.95 E.01589
G1 X172.143 Y63.65 E2.45745
G1 X171.61 Y63.65 E.01589
G1 X113.309 Y121.95 E2.45745
G1 X112.775 Y121.95 E.01589
G1 X171.076 Y63.65 E2.45745
G1 X170.543 Y63.65 E.01589
G1 X112.242 Y121.951 E2.45745
G1 X111.709 Y121.951 E.01589
G1 X170.01 Y63.65 E2.45745
G1 X169.477 Y63.65 E.01589
G1 X111.176 Y121.95 E2.45745
G1 X110.642 Y121.95 E.01589
G1 X168.943 Y63.65 E2.45745
G1 X168.41 Y63.65 E.01589
G1 X110.109 Y121.95 E2.45745
G1 X109.576 Y121.95 E.01589
G1 X167.877 Y63.65 E2.45745
G1 X167.343 Y63.65 E.01589
G1 X109.042 Y121.95 E2.45745
G1 X108.509 Y121.95 E.01589
G1 X166.81 Y63.65 E2.45745
G1 X166.277 Y63.65 E.01589
G1 X107.976 Y121.951 E2.45745
G1 X107.443 Y121.951 E.01589
G1 X165.744 Y63.65 E2.45745
G1 X165.21 Y63.65 E.01589
G1 X106.909 Y121.95 E2.45745
G1 X106.376 Y121.95 E.01589
G1 X164.677 Y63.65 E2.45745
G1 X164.144 Y63.65 E.01589
G1 X105.843 Y121.95 E2.45745
G1 X105.31 Y121.95 E.01589
G1 X163.611 Y63.65 E2.45745
G1 X163.077 Y63.65 E.01589
G1 X104.776 Y121.95 E2.45745
G1 X104.243 Y121.95 E.01589
G1 X162.544 Y63.65 E2.45745
G1 X162.011 Y63.65 E.01589
G1 X103.71 Y121.951 E2.45745
G1 X103.176 Y121.951 E.01589
G1 X161.477 Y63.65 E2.45745
G1 X160.944 Y63.65 E.01589
G1 X102.643 Y121.95 E2.45745
G1 X102.11 Y121.95 E.01589
G1 X160.411 Y63.65 E2.45745
G1 X159.878 Y63.65 E.01589
G1 X101.577 Y121.95 E2.45745
G1 X101.043 Y121.95 E.01589
G1 X159.344 Y63.65 E2.45745
G1 X158.811 Y63.65 E.01589
G1 X100.51 Y121.95 E2.45745
G1 X99.977 Y121.95 E.01589
G1 X158.278 Y63.65 E2.45745
G1 X157.745 Y63.65 E.01589
M73 P16 R63
G1 X99.444 Y121.951 E2.45745
G1 X98.91 Y121.951 E.01589
G1 X157.211 Y63.65 E2.45745
G1 X156.678 Y63.65 E.01589
G1 X98.377 Y121.95 E2.45745
G1 X97.844 Y121.95 E.01589
G1 X156.145 Y63.65 E2.45745
G1 X155.611 Y63.65 E.01589
G1 X97.31 Y121.95 E2.45745
G1 X96.777 Y121.95 E.01589
G1 X155.078 Y63.65 E2.45745
G1 X154.545 Y63.65 E.01589
G1 X96.244 Y121.95 E2.45745
G1 X95.711 Y121.95 E.01589
G1 X154.012 Y63.65 E2.45745
G1 X153.478 Y63.65 E.01589
G1 X95.177 Y121.951 E2.45745
G1 X94.644 Y121.95 E.01589
G1 X152.945 Y63.65 E2.45745
G1 X152.412 Y63.65 E.01589
G1 X94.111 Y121.95 E2.45745
G1 X93.578 Y121.95 E.01589
G1 X151.879 Y63.65 E2.45745
G1 X151.345 Y63.65 E.01589
G1 X93.044 Y121.95 E2.45745
G1 X92.511 Y121.95 E.01589
G1 X150.812 Y63.65 E2.45745
G1 X150.279 Y63.65 E.01589
G1 X91.978 Y121.95 E2.45745
G1 X91.445 Y121.95 E.01589
G1 X149.746 Y63.65 E2.45745
G1 X149.212 Y63.65 E.01589
G1 X90.911 Y121.951 E2.45745
G1 X90.378 Y121.95 E.01589
G1 X148.679 Y63.65 E2.45745
G1 X148.146 Y63.65 E.01589
M73 P17 R63
G1 X89.845 Y121.95 E2.45745
G1 X89.311 Y121.95 E.01589
G1 X147.612 Y63.65 E2.45745
G1 X147.079 Y63.65 E.01589
G1 X88.778 Y121.95 E2.45745
G1 X88.245 Y121.95 E.01589
G1 X146.546 Y63.65 E2.45745
G1 X146.013 Y63.65 E.01589
G1 X87.712 Y121.95 E2.45745
G1 X87.178 Y121.95 E.01589
G1 X145.479 Y63.65 E2.45745
G1 X144.946 Y63.65 E.01589
G1 X86.645 Y121.951 E2.45745
G1 X86.112 Y121.95 E.01589
G1 X144.413 Y63.65 E2.45745
G1 X143.88 Y63.65 E.01589
G1 X85.579 Y121.95 E2.45745
G1 X85.045 Y121.95 E.01589
G1 X143.346 Y63.65 E2.45745
G1 X142.813 Y63.65 E.01589
G1 X84.512 Y121.95 E2.45745
G1 X83.979 Y121.95 E.01589
G1 X142.28 Y63.65 E2.45745
G1 X141.746 Y63.65 E.01589
G1 X83.445 Y121.95 E2.45745
G1 X82.912 Y121.951 E.01589
G1 X141.213 Y63.65 E2.45745
G1 X140.68 Y63.65 E.01589
G1 X82.379 Y121.951 E2.45745
G1 X81.846 Y121.95 E.01589
G1 X140.147 Y63.65 E2.45745
G1 X139.613 Y63.65 E.01589
G1 X81.312 Y121.95 E2.45745
G1 X80.779 Y121.95 E.01589
G1 X139.08 Y63.65 E2.45745
G1 X138.547 Y63.65 E.01589
G1 X80.246 Y121.95 E2.45745
G1 X79.713 Y121.95 E.01589
G1 X138.014 Y63.65 E2.45745
G1 X137.48 Y63.65 E.01589
G1 X79.179 Y121.95 E2.45745
G1 X78.646 Y121.951 E.01589
G1 X136.947 Y63.65 E2.45745
G1 X136.414 Y63.65 E.01589
G1 X78.113 Y121.951 E2.45745
G1 X77.579 Y121.95 E.01589
G1 X135.88 Y63.65 E2.45745
G1 X135.347 Y63.65 E.01589
G1 X77.046 Y121.95 E2.45745
G1 X76.513 Y121.95 E.01589
G1 X134.814 Y63.65 E2.45745
G1 X134.281 Y63.65 E.01589
G1 X75.98 Y121.95 E2.45745
G1 X75.446 Y121.95 E.01589
G1 X133.747 Y63.65 E2.45745
G1 X133.214 Y63.65 E.01589
G1 X74.913 Y121.95 E2.45745
G1 X74.38 Y121.951 E.01589
G1 X132.681 Y63.65 E2.45745
G1 X132.148 Y63.65 E.01589
G1 X73.847 Y121.951 E2.45745
G1 X73.313 Y121.95 E.01589
G1 X131.614 Y63.65 E2.45745
G1 X131.081 Y63.65 E.01589
G1 X72.78 Y121.95 E2.45745
G1 X72.247 Y121.95 E.01589
G1 X130.548 Y63.65 E2.45745
G1 X130.015 Y63.65 E.01589
G1 X71.714 Y121.95 E2.45745
G1 X71.18 Y121.95 E.01589
G1 X129.481 Y63.65 E2.45745
G1 X128.948 Y63.65 E.01589
G1 X70.647 Y121.95 E2.45745
G1 X70.114 Y121.951 E.01589
G1 X128.415 Y63.65 E2.45745
G1 X127.881 Y63.65 E.01589
G1 X69.58 Y121.951 E2.45745
G1 X69.047 Y121.95 E.01589
G1 X127.348 Y63.65 E2.45745
G1 X126.815 Y63.65 E.01589
G1 X68.514 Y121.95 E2.45745
G1 X67.981 Y121.95 E.01589
G1 X126.282 Y63.65 E2.45745
G1 X125.748 Y63.65 E.01589
G1 X67.447 Y121.95 E2.45745
G1 X66.914 Y121.95 E.01589
G1 X125.215 Y63.65 E2.45745
G1 X124.682 Y63.65 E.01589
G1 X66.381 Y121.95 E2.45745
G1 X65.848 Y121.951 E.01589
G1 X124.149 Y63.65 E2.45745
G1 X123.615 Y63.65 E.01589
G1 X65.314 Y121.95 E2.45745
G1 X64.781 Y121.95 E.01589
G1 X123.082 Y63.65 E2.45745
G1 X122.549 Y63.65 E.01589
G1 X64.248 Y121.95 E2.45745
G1 X64 Y121.95 E.0074
G1 X64 Y121.665 E.0085
G1 X122.015 Y63.65 E2.44544
G1 X121.482 Y63.65 E.01589
G1 X64 Y121.132 E2.42296
G1 X64 Y120.599 E.01589
G1 X120.949 Y63.65 E2.40048
G1 X120.416 Y63.65 E.01589
G1 X64 Y120.066 E2.378
G1 X64 Y119.532 E.01589
G1 X119.882 Y63.65 E2.35553
G1 X119.349 Y63.65 E.01589
G1 X64 Y118.999 E2.33305
G1 X64 Y118.466 E.01589
G1 X118.816 Y63.65 E2.31057
G1 X118.283 Y63.65 E.01589
G1 X64 Y117.933 E2.28809
G1 X64 Y117.399 E.01589
G1 X117.749 Y63.65 E2.26561
G1 X117.216 Y63.65 E.01589
G1 X64 Y116.866 E2.24314
G1 X64 Y116.333 E.01589
G1 X116.683 Y63.65 E2.22066
G1 X116.149 Y63.65 E.01589
G1 X64 Y115.799 E2.19818
G1 X64 Y115.266 E.01589
G1 X115.616 Y63.65 E2.1757
G1 X115.083 Y63.65 E.01589
G1 X64 Y114.733 E2.15322
G1 X64 Y114.2 E.01589
G1 X114.55 Y63.65 E2.13075
G1 X114.016 Y63.65 E.01589
G1 X64 Y113.666 E2.10827
G1 X64 Y113.133 E.01589
G1 X113.483 Y63.65 E2.08579
G1 X112.95 Y63.65 E.01589
G1 X64 Y112.6 E2.06331
G1 X64 Y112.067 E.01589
G1 X112.417 Y63.65 E2.04083
G1 X111.883 Y63.65 E.01589
G1 X64 Y111.533 E2.01836
G1 X64 Y111 E.01589
G1 X111.35 Y63.65 E1.99588
G1 X110.817 Y63.65 E.01589
G1 X64 Y110.467 E1.9734
G1 X64 Y109.934 E.01589
G1 X110.284 Y63.65 E1.95092
G1 X109.75 Y63.65 E.01589
G1 X64 Y109.4 E1.92844
G1 X64 Y108.867 E.01589
G1 X109.217 Y63.65 E1.90597
G1 X108.684 Y63.65 E.01589
G1 X64 Y108.334 E1.88349
G1 X64 Y107.8 E.01589
G1 X108.15 Y63.65 E1.86101
G1 X107.617 Y63.65 E.01589
G1 X64 Y107.267 E1.83853
G1 X64 Y106.734 E.01589
G1 X107.084 Y63.65 E1.81606
G1 X106.551 Y63.65 E.01589
G1 X64 Y106.201 E1.79358
G1 X64 Y105.667 E.01589
G1 X106.017 Y63.65 E1.7711
G1 X105.484 Y63.65 E.01589
G1 X64 Y105.134 E1.74862
G1 X64 Y104.601 E.01589
G1 X104.951 Y63.65 E1.72614
G1 X104.418 Y63.65 E.01589
G1 X64 Y104.068 E1.70367
G1 X64 Y103.534 E.01589
G1 X103.884 Y63.65 E1.68119
G1 X103.351 Y63.65 E.01589
G1 X64 Y103.001 E1.65871
G1 X64 Y102.468 E.01589
G1 X102.818 Y63.65 E1.63623
G1 X102.284 Y63.65 E.01589
G1 X64 Y101.934 E1.61375
G1 X64 Y101.401 E.01589
G1 X101.751 Y63.65 E1.59128
G1 X101.218 Y63.65 E.01589
G1 X64 Y100.868 E1.5688
G1 X64 Y100.335 E.01589
G1 X100.685 Y63.65 E1.54632
G1 X100.151 Y63.65 E.01589
G1 X64 Y99.801 E1.52384
G1 X64 Y99.268 E.01589
G1 X99.618 Y63.65 E1.50136
G1 X99.085 Y63.65 E.01589
G1 X64 Y98.735 E1.47889
G1 X64 Y98.202 E.01589
G1 X98.552 Y63.65 E1.45641
G1 X98.018 Y63.65 E.01589
G1 X64 Y97.668 E1.43393
G1 X64 Y97.135 E.01589
G1 X97.485 Y63.65 E1.41145
G1 X96.952 Y63.65 E.01589
G1 X64 Y96.602 E1.38897
G1 X64 Y96.068 E.01589
G1 X96.418 Y63.65 E1.3665
G1 X95.885 Y63.65 E.01589
G1 X64 Y95.535 E1.34402
G1 X64 Y95.002 E.01589
G1 X95.352 Y63.65 E1.32154
G1 X94.819 Y63.65 E.01589
G1 X64 Y94.469 E1.29906
G1 X64 Y93.935 E.01589
G1 X94.285 Y63.65 E1.27658
G1 X93.752 Y63.65 E.01589
G1 X64 Y93.402 E1.25411
G1 X64 Y92.869 E.01589
G1 X93.219 Y63.65 E1.23163
G1 X92.686 Y63.65 E.01589
G1 X64 Y92.336 E1.20915
G1 X64 Y91.802 E.01589
G1 X92.152 Y63.65 E1.18667
G1 X91.619 Y63.65 E.01589
G1 X64 Y91.269 E1.16419
G1 X64 Y90.736 E.01589
G1 X91.086 Y63.65 E1.14172
G1 X90.553 Y63.65 E.01589
G1 X64 Y90.203 E1.11924
G1 X64 Y89.669 E.01589
G1 X90.019 Y63.65 E1.09676
G1 X89.486 Y63.65 E.01589
G1 X64 Y89.136 E1.07428
G1 X64 Y88.603 E.01589
G1 X88.953 Y63.65 E1.05181
G1 X88.419 Y63.65 E.01589
G1 X64 Y88.069 E1.02933
G1 X64 Y87.536 E.01589
G1 X87.886 Y63.65 E1.00685
G1 X87.353 Y63.65 E.01589
G1 X64 Y87.003 E.98437
G1 X64 Y86.47 E.01589
G1 X86.82 Y63.65 E.96189
G1 X86.286 Y63.65 E.01589
G1 X64 Y85.936 E.93942
G1 X64 Y85.403 E.01589
G1 X85.753 Y63.65 E.91694
G1 X85.22 Y63.65 E.01589
G1 X64 Y84.87 E.89446
G1 X64 Y84.337 E.01589
G1 X84.687 Y63.65 E.87198
G1 X84.153 Y63.65 E.01589
G1 X64 Y83.803 E.8495
G1 X64 Y83.27 E.01589
G1 X83.62 Y63.65 E.82703
G1 X83.087 Y63.65 E.01589
G1 X64 Y82.737 E.80455
G1 X64 Y82.203 E.01589
G1 X82.553 Y63.65 E.78207
G1 X82.02 Y63.65 E.01589
G1 X64 Y81.67 E.75959
G1 X64 Y81.137 E.01589
G1 X81.487 Y63.65 E.73711
G1 X80.954 Y63.65 E.01589
G1 X64 Y80.604 E.71464
G1 X64 Y80.07 E.01589
G1 X80.42 Y63.65 E.69216
G1 X79.887 Y63.65 E.01589
G1 X64 Y79.537 E.66968
G1 X64 Y79.004 E.01589
G1 X79.354 Y63.65 E.6472
G1 X78.821 Y63.65 E.01589
G1 X64 Y78.471 E.62472
G1 X64 Y77.937 E.01589
G1 X78.287 Y63.65 E.60225
G1 X77.754 Y63.65 E.01589
G1 X64 Y77.404 E.57977
G1 X64 Y76.871 E.01589
G1 X77.221 Y63.65 E.55729
G1 X76.687 Y63.65 E.01589
G1 X64 Y76.337 E.53481
G1 X64 Y75.804 E.01589
G1 X76.154 Y63.65 E.51233
G1 X75.621 Y63.65 E.01589
G1 X64 Y75.271 E.48986
G1 X64 Y74.738 E.01589
G1 X75.088 Y63.65 E.46738
G1 X74.554 Y63.65 E.01589
G1 X64 Y74.204 E.4449
G1 X64 Y73.671 E.01589
G1 X74.021 Y63.65 E.42242
G1 X73.488 Y63.65 E.01589
G1 X64 Y73.138 E.39994
G1 X64 Y72.605 E.01589
G1 X72.955 Y63.65 E.37747
G1 X72.421 Y63.65 E.01589
G1 X64 Y72.071 E.35499
G1 X64 Y71.538 E.01589
G1 X71.888 Y63.65 E.33251
G1 X71.355 Y63.65 E.01589
G1 X64 Y71.005 E.31003
G1 X64 Y70.472 E.01589
G1 X70.822 Y63.65 E.28756
G1 X70.288 Y63.65 E.01589
G1 X64 Y69.938 E.26508
G1 X64 Y69.405 E.01589
G1 X69.755 Y63.65 E.2426
G1 X69.222 Y63.65 E.01589
G1 X64 Y68.872 E.22012
G1 X64 Y68.338 E.01589
G1 X68.688 Y63.65 E.19764
G1 X68.155 Y63.65 E.01589
G1 X64 Y67.805 E.17517
G1 X64 Y67.272 E.01589
G1 X67.622 Y63.65 E.15269
G1 X67.089 Y63.65 E.01589
G1 X64 Y66.739 E.13021
G1 X64 Y66.205 E.01589
G1 X66.555 Y63.65 E.10773
G1 X66.022 Y63.65 E.01589
G1 X64 Y65.672 E.08525
G1 X64 Y65.139 E.01589
G1 X65.489 Y63.65 E.06278
G1 X64.956 Y63.65 E.01589
G1 X63.83 Y64.775 E.04745
;LAYER_CHANGE
;Z:0.6
;HEIGHT:0.2
;BEFORE_LAYER_CHANGE
;0.6
G92 E0

G1 E-.728 F1800
;WIPE_START
G1 F30000
G1 X64.678 Y63.927 E-.072
;WIPE_END
M73 L3
;LAYER:3
SET_PRINT_STATS_INFO TOTAL_LAYER=93 CURRENT_LAYER=3
;_SET_FAN_SPEED_CHANGING_LAYER

G1 X64.2116 Y64.874 Z0.657143
G1 X63.1799 Y65.0996 Z0.714286
G1 X62.3603 Y64.4338 Z0.771429
G1 X62.3698 Y63.3778 Z0.828571
G1 X63.2014 Y62.7268 Z0.885714
G1 X64.2288 Y62.9711 Z0.942857
G1 X64.6784 Y63.9267 Z1
G1 X63.566 Y186.804 Z1
G1 Z.6
G1 E.8 F1800
;TYPE:Inner wall
;WIDTH:0.45
G1 F6000
G1 X63.566 Y128.916 E1.86265
G1 X192.434 Y128.916 E4.14653
G1 X192.434 Y188.084 E1.90381
G1 X92.046 Y188.084 E3.23015
G1 X92.046 Y186.804 E.04117
G1 X63.606 Y186.804 E.91509
G1 X63.159 Y187.211 F30000
G1 F6000
G1 X63.159 Y128.509 E1.88884
G1 X192.841 Y128.509 E4.17273
G1 X192.841 Y188.491 E1.93001
M73 P18 R63
G1 X91.639 Y188.491 E3.25635
G1 X91.639 Y187.211 E.04117
G1 X63.199 Y187.211 E.91509
G1 E-.728 F1800
;WIPE_START
G1 F30000
G1 X63.198 Y186.011 E-.072
;WIPE_END
G1 X62.752 Y188.898 Z1
G1 Z.6
G1 E.8 F1800
G1 F6000
G1 X62.752 Y128.102 E1.95621
G1 X193.248 Y128.102 E4.19892
G1 X193.248 Y188.898 E1.95621
G1 X91.232 Y188.898 E3.28255
G1 X91.232 Y187.618 E.04117
G1 X63.368 Y187.618 E.89654
G1 X63.368 Y188.898 E.04117
G1 X62.792 Y188.898 E.01855
SET_VELOCITY_LIMIT ACCEL=5000
G1 X62.36 Y189.29 F30000
;TYPE:Outer wall
;WIDTH:0.42
G1 F3600
G1 X62.36 Y127.71 E1.83542
G1 X193.64 Y127.71 E3.91285
M73 P18 R62
G1 X193.64 Y189.29 E1.83542
G1 X62.4 Y189.29 E3.91166
G1 E-.728 F1800
;WIPE_START
G1 F30000
G1 X62.399 Y188.09 E-.072
;WIPE_END
G1 X63.06 Y188.694 Z1
G1 Z.6
G1 E.8 F1800
SET_VELOCITY_LIMIT ACCEL=10000
;TYPE:Gap infill
;WIDTH:0.252228
G1 F15000
G1 X63.06 Y187.415 E.02117
G1 E-.728 F1800
;WIPE_START
G1 F30000
G1 X63.06 Y188.615 E-.072
;WIPE_END
G1 X63.995 Y186.358 Z1
G1 Z.6
G1 E.8 F1800
;TYPE:Internal solid infill
;WIDTH:0.442592
G1 F15000
G1 X63.92 Y186.401 E.00273
G1 X64 Y186.436 E.00275
G1 E-.78958 F1800
;WIPE_START
G1 F30000
G1 X63.92 Y186.401 E-.00523
G1 X63.995 Y186.358 E-.00519
;WIPE_END
G1 X71.615 Y186.782 Z1
G1 X90.266 Y187.821 Z1
G1 Z.6
G1 E.8 F1800
SET_VELOCITY_LIMIT ACCEL=2000
;TYPE:Top surface
;WIDTH:0.420225
G1 F12000
G1 X91.029 Y188.584 E.03507
G1 X91.013 Y189.102 F30000
G1 F12000
G1 X89.732 Y187.821 E.05889
G1 X89.199 Y187.821 F30000
G1 F12000
G1 X90.48 Y189.102 E.05889
G1 X89.946 Y189.102 F30000
G1 F12000
G1 X88.665 Y187.821 E.05889
G1 X88.132 Y187.821 F30000
G1 F12000
G1 X89.413 Y189.102 E.05889
G1 X88.879 Y189.102 F30000
G1 F12000
G1 X87.598 Y187.821 E.05889
G1 X87.064 Y187.821 F30000
G1 F12000
G1 X88.345 Y189.102 E.05889
G1 X87.812 Y189.102 F30000
G1 F12000
G1 X86.531 Y187.821 E.05889
G1 X85.997 Y187.821 F30000
G1 F12000
G1 X87.278 Y189.102 E.05889
G1 X86.745 Y189.102 F30000
G1 F12000
G1 X85.464 Y187.821 E.05889
G1 X84.93 Y187.821 F30000
G1 F12000
G1 X86.211 Y189.102 E.05889
G1 X85.677 Y189.102 F30000
G1 F12000
G1 X84.397 Y187.821 E.05889
G1 X83.863 Y187.821 F30000
G1 F12000
G1 X85.144 Y189.102 E.05889
G1 X84.61 Y189.102 F30000
G1 F12000
G1 X83.329 Y187.821 E.05889
G1 X82.796 Y187.821 F30000
G1 F12000
G1 X84.077 Y189.102 E.05889
G1 X83.543 Y189.102 F30000
G1 F12000
G1 X82.262 Y187.821 E.05889
G1 X81.729 Y187.821 F30000
G1 F12000
G1 X83.01 Y189.102 E.05889
G1 X82.476 Y189.102 F30000
G1 F12000
G1 X81.195 Y187.821 E.05889
G1 X80.661 Y187.821 F30000
G1 F12000
G1 X81.942 Y189.102 E.05889
G1 X81.409 Y189.102 F30000
G1 F12000
G1 X80.128 Y187.821 E.05889
G1 X79.594 Y187.821 F30000
G1 F12000
G1 X80.875 Y189.102 E.05889
G1 X80.342 Y189.102 F30000
G1 F12000
G1 X79.061 Y187.821 E.05889
G1 X78.527 Y187.821 F30000
G1 F12000
G1 X79.808 Y189.102 E.05889
G1 X79.274 Y189.102 F30000
G1 F12000
G1 X77.993 Y187.821 E.05889
G1 X77.46 Y187.821 F30000
G1 F12000
G1 X78.741 Y189.102 E.05889
G1 X78.207 Y189.102 F30000
G1 F12000
G1 X76.926 Y187.821 E.05889
G1 X76.393 Y187.821 F30000
G1 F12000
G1 X77.674 Y189.102 E.05889
G1 X77.14 Y189.102 F30000
G1 F12000
G1 X75.859 Y187.821 E.05889
G1 X75.325 Y187.821 F30000
G1 F12000
G1 X76.606 Y189.102 E.05889
G1 X76.073 Y189.102 F30000
G1 F12000
G1 X74.792 Y187.821 E.05889
G1 X74.258 Y187.821 F30000
G1 F12000
G1 X75.539 Y189.102 E.05889
G1 X75.006 Y189.102 F30000
G1 F12000
G1 X73.725 Y187.821 E.05889
G1 X73.191 Y187.821 F30000
G1 F12000
G1 X74.472 Y189.102 E.05889
G1 X73.939 Y189.102 F30000
G1 F12000
G1 X72.658 Y187.821 E.05889
G1 X72.124 Y187.821 F30000
G1 F12000
G1 X73.405 Y189.102 E.05889
G1 X72.871 Y189.102 F30000
G1 F12000
G1 X71.59 Y187.821 E.05889
G1 X71.057 Y187.821 F30000
G1 F12000
G1 X72.338 Y189.102 E.05889
G1 X71.804 Y189.102 F30000
G1 F12000
G1 X70.523 Y187.821 E.05889
G1 X69.99 Y187.821 F30000
G1 F12000
G1 X71.271 Y189.102 E.05889
G1 X70.737 Y189.102 F30000
G1 F12000
G1 X69.456 Y187.821 E.05889
G1 X68.922 Y187.821 F30000
G1 F12000
G1 X70.203 Y189.102 E.05889
G1 X69.67 Y189.102 F30000
G1 F12000
G1 X68.389 Y187.821 E.05889
G1 X67.855 Y187.821 F30000
G1 F12000
G1 X69.136 Y189.102 E.05889
G1 X68.603 Y189.102 F30000
G1 F12000
G1 X67.322 Y187.821 E.05889
G1 X66.788 Y187.821 F30000
G1 F12000
G1 X68.069 Y189.102 E.05889
G1 X67.535 Y189.102 F30000
G1 F12000
G1 X66.254 Y187.821 E.05889
G1 X65.721 Y187.821 F30000
G1 F12000
G1 X67.002 Y189.102 E.05889
G1 X66.468 Y189.102 F30000
G1 F12000
G1 X65.187 Y187.821 E.05889
G1 X64.654 Y187.821 F30000
G1 F12000
G1 X65.935 Y189.102 E.05889
G1 X65.401 Y189.102 F30000
G1 F12000
G1 X64.12 Y187.821 E.05889
G1 X63.587 Y187.821 F30000
G1 F12000
G1 X64.867 Y189.102 E.05889
G1 X64.334 Y189.102 F30000
G1 F12000
G1 X63.571 Y188.34 E.03506
G1 E-.73529 F1800
;WIPE_START
G1 F30000
G1 X64.334 Y189.102 E-.06471
;WIPE_END
G1 X71.956 Y188.706 Z1
G1 X92.473 Y187.638 Z1
G1 Z.6
G1 E.8 F1800
SET_VELOCITY_LIMIT ACCEL=10000
;TYPE:Internal solid infill
;WIDTH:0.440708
G1 F15000
G1 X92.398 Y187.681 E.00271
G1 X92.478 Y187.716 E.00273
G1 E-.78963 F1800
;WIPE_START
G1 F30000
G1 X92.398 Y187.681 E-.0052
G1 X92.473 Y187.638 E-.00517
;WIPE_END
G1 X99.039 Y183.746 Z1
G1 X190.871 Y129.308 Z1
G1 Z.6
G1 E.8 F1800
;WIDTH:0.419999
G1 F15000
G1 X192.042 Y130.479 E.04934
G1 X192.042 Y129.308 E.03489
G1 X190.911 Y129.308 E.03369
G1 E-.728 F1800
;WIPE_START
G1 F30000
G1 X192.042 Y129.308 E-.06783
G1 X192.042 Y129.378 E-.00417
;WIPE_END
G1 X191.718 Y129.618 Z1
G1 Z.6
G1 E.8 F1800
;WIDTH:0.351492
G1 F15000
G1 X191.66 Y129.651 E.00163
G1 X191.717 Y129.684 E.00159
G1 E-.79207 F1800
;WIPE_START
G1 F30000
G1 X191.66 Y129.651 E-.00392
G1 X191.718 Y129.618 E-.00401
;WIPE_END
G1 X192.27 Y130.974 Z1
G1 Z.6
G1 E.8 F1800
;WIDTH:0.419999
G1 F15000
G1 X190.546 Y129.25 E.07269
G1 X190.012 Y129.25 E.01589
G1 X192.101 Y131.338 E.08801
G1 X192.101 Y131.871 E.01589
G1 X189.479 Y129.25 E.11049
G1 X188.946 Y129.25 E.01589
G1 X192.101 Y132.404 E.13297
G1 X192.101 Y132.937 E.01589
G1 X188.413 Y129.25 E.15545
G1 X187.879 Y129.25 E.01589
G1 X192.101 Y133.471 E.17793
G1 X192.101 Y134.004 E.01589
G1 X187.346 Y129.25 E.2004
G1 X186.813 Y129.25 E.01589
G1 X192.101 Y134.537 E.22288
G1 X192.101 Y135.07 E.01589
G1 X186.28 Y129.25 E.24536
G1 X185.746 Y129.25 E.01589
G1 X192.101 Y135.604 E.26784
G1 X192.101 Y136.137 E.01589
G1 X185.213 Y129.25 E.29032
G1 X184.68 Y129.25 E.01589
G1 X192.101 Y136.67 E.31279
G1 X192.101 Y137.204 E.01589
G1 X184.146 Y129.25 E.33527
G1 X183.613 Y129.25 E.01589
G1 X192.101 Y137.737 E.35775
G1 X192.101 Y138.27 E.01589
G1 X183.08 Y129.25 E.38023
G1 X182.547 Y129.25 E.01589
G1 X192.101 Y138.803 E.40271
G1 X192.101 Y139.337 E.01589
G1 X182.013 Y129.25 E.42518
G1 X181.48 Y129.25 E.01589
G1 X192.101 Y139.87 E.44766
G1 X192.101 Y140.403 E.01589
G1 X180.947 Y129.25 E.47014
G1 X180.414 Y129.25 E.01589
G1 X192.101 Y140.936 E.49262
G1 X192.101 Y141.47 E.01589
G1 X179.88 Y129.25 E.5151
G1 X179.347 Y129.25 E.01589
G1 X192.101 Y142.003 E.53757
G1 X192.101 Y142.536 E.01589
G1 X178.814 Y129.25 E.56005
G1 X178.28 Y129.25 E.01589
G1 X192.101 Y143.07 E.58253
G1 X192.101 Y143.603 E.01589
G1 X177.747 Y129.25 E.60501
G1 X177.214 Y129.25 E.01589
G1 X192.101 Y144.136 E.62748
G1 X192.101 Y144.669 E.01589
G1 X176.681 Y129.25 E.64996
G1 X176.147 Y129.25 E.01589
G1 X192.101 Y145.203 E.67244
G1 X192.101 Y145.736 E.01589
G1 X175.614 Y129.25 E.69492
G1 X175.081 Y129.25 E.01589
G1 X192.101 Y146.269 E.7174
G1 X192.101 Y146.802 E.01589
G1 X174.548 Y129.25 E.73987
G1 X174.014 Y129.25 E.01589
G1 X192.101 Y147.336 E.76235
G1 X192.101 Y147.869 E.01589
G1 X173.481 Y129.25 E.78483
G1 X172.948 Y129.25 E.01589
G1 X192.101 Y148.402 E.80731
G1 X192.101 Y148.935 E.01589
G1 X172.415 Y129.25 E.82979
G1 X171.881 Y129.25 E.01589
G1 X192.101 Y149.469 E.85226
G1 X192.101 Y150.002 E.01589
G1 X171.348 Y129.25 E.87474
G1 X170.815 Y129.25 E.01589
G1 X192.101 Y150.535 E.89722
G1 X192.101 Y151.069 E.01589
G1 X170.281 Y129.25 E.9197
G1 X169.748 Y129.25 E.01589
G1 X192.101 Y151.602 E.94218
G1 X192.101 Y152.135 E.01589
G1 X169.215 Y129.25 E.96465
G1 X168.682 Y129.25 E.01589
G1 X192.101 Y152.668 E.98713
G1 X192.101 Y153.202 E.01589
G1 X168.148 Y129.25 E1.00961
G1 X167.615 Y129.25 E.01589
G1 X192.101 Y153.735 E1.03209
G1 X192.101 Y154.268 E.01589
G1 X167.082 Y129.25 E1.05457
G1 X166.549 Y129.25 E.01589
G1 X192.101 Y154.801 E1.07704
G1 X192.101 Y155.335 E.01589
G1 X166.015 Y129.25 E1.09952
G1 X165.482 Y129.25 E.01589
G1 X192.101 Y155.868 E1.122
G1 X192.101 Y156.401 E.01589
G1 X164.949 Y129.25 E1.14448
G1 X164.415 Y129.25 E.01589
G1 X192.101 Y156.935 E1.16696
G1 X192.101 Y157.468 E.01589
G1 X163.882 Y129.25 E1.18943
G1 X163.349 Y129.25 E.01589
G1 X192.101 Y158.001 E1.21191
G1 X192.101 Y158.534 E.01589
G1 X162.816 Y129.25 E1.23439
G1 X162.282 Y129.25 E.01589
G1 X192.101 Y159.068 E1.25687
G1 X192.101 Y159.601 E.01589
G1 X161.749 Y129.25 E1.27935
G1 X161.216 Y129.25 E.01589
G1 X192.101 Y160.134 E1.30182
G1 X192.101 Y160.667 E.01589
G1 X160.683 Y129.25 E1.3243
G1 X160.149 Y129.25 E.01589
G1 X192.101 Y161.201 E1.34678
G1 X192.101 Y161.734 E.01589
G1 X159.616 Y129.25 E1.36926
G1 X159.083 Y129.25 E.01589
G1 X192.101 Y162.267 E1.39173
G1 X192.101 Y162.801 E.01589
G1 X158.549 Y129.25 E1.41421
G1 X158.016 Y129.25 E.01589
G1 X192.101 Y163.334 E1.43669
G1 X192.101 Y163.867 E.01589
G1 X157.483 Y129.25 E1.45917
G1 X156.95 Y129.25 E.01589
G1 X192.101 Y164.4 E1.48165
G1 X192.101 Y164.934 E.01589
G1 X156.416 Y129.25 E1.50412
G1 X155.883 Y129.25 E.01589
G1 X192.101 Y165.467 E1.5266
G1 X192.101 Y166 E.01589
G1 X155.35 Y129.25 E1.54908
G1 X154.817 Y129.25 E.01589
G1 X192.101 Y166.533 E1.57156
G1 X192.101 Y167.067 E.01589
G1 X154.283 Y129.25 E1.59404
G1 X153.75 Y129.25 E.01589
G1 X192.101 Y167.6 E1.61651
G1 X192.101 Y168.133 E.01589
G1 X153.217 Y129.25 E1.63899
G1 X152.684 Y129.25 E.01589
G1 X192.101 Y168.666 E1.66147
G1 X192.101 Y169.2 E.01589
G1 X152.15 Y129.25 E1.68395
G1 X151.617 Y129.25 E.01589
G1 X192.101 Y169.733 E1.70643
G1 X192.101 Y170.266 E.01589
G1 X151.084 Y129.25 E1.7289
G1 X150.55 Y129.25 E.01589
G1 X192.101 Y170.8 E1.75138
G1 X192.101 Y171.333 E.01589
G1 X150.017 Y129.25 E1.77386
G1 X149.484 Y129.25 E.01589
G1 X192.101 Y171.866 E1.79634
G1 X192.101 Y172.399 E.01589
G1 X148.951 Y129.25 E1.81882
G1 X148.417 Y129.25 E.01589
G1 X192.101 Y172.933 E1.84129
G1 X192.101 Y173.466 E.01589
G1 X147.884 Y129.25 E1.86377
G1 X147.351 Y129.25 E.01589
G1 X192.101 Y173.999 E1.88625
G1 X192.101 Y174.532 E.01589
G1 X146.818 Y129.25 E1.90873
G1 X146.284 Y129.25 E.01589
G1 X192.101 Y175.066 E1.93121
G1 X192.101 Y175.599 E.01589
G1 X145.751 Y129.25 E1.95368
G1 X145.218 Y129.25 E.01589
G1 X192.101 Y176.132 E1.97616
G1 X192.101 Y176.666 E.01589
G1 X144.684 Y129.25 E1.99864
G1 X144.151 Y129.25 E.01589
G1 X192.101 Y177.199 E2.02112
G1 X192.101 Y177.732 E.01589
G1 X143.618 Y129.25 E2.0436
G1 X143.085 Y129.25 E.01589
G1 X192.101 Y178.265 E2.06607
G1 X192.101 Y178.799 E.01589
G1 X142.551 Y129.25 E2.08855
G1 X142.018 Y129.25 E.01589
G1 X192.101 Y179.332 E2.11103
G1 X192.101 Y179.865 E.01589
G1 X141.485 Y129.25 E2.13351
G1 X140.952 Y129.25 E.01589
G1 X192.101 Y180.398 E2.15598
G1 X192.101 Y180.932 E.01589
G1 X140.418 Y129.25 E2.17846
G1 X139.885 Y129.25 E.01589
G1 X192.101 Y181.465 E2.20094
G1 X192.101 Y181.998 E.01589
G1 X139.352 Y129.25 E2.22342
G1 X138.818 Y129.25 E.01589
G1 X192.101 Y182.532 E2.2459
G1 X192.101 Y183.065 E.01589
G1 X138.285 Y129.25 E2.26837
G1 X137.752 Y129.25 E.01589
G1 X192.101 Y183.598 E2.29085
G1 X192.101 Y184.131 E.01589
G1 X137.219 Y129.25 E2.31333
G1 X136.685 Y129.25 E.01589
G1 X192.101 Y184.665 E2.33581
G1 X192.101 Y185.198 E.01589
G1 X136.152 Y129.25 E2.35829
G1 X135.619 Y129.25 E.01589
G1 X192.101 Y185.731 E2.38076
G1 X192.101 Y186.264 E.01589
G1 X135.086 Y129.25 E2.40324
G1 X134.552 Y129.25 E.01589
G1 X192.101 Y186.798 E2.42572
G1 X192.101 Y187.331 E.01589
G1 X134.019 Y129.25 E2.4482
G1 X133.486 Y129.25 E.01589
G1 X191.987 Y187.751 E2.46588
G1 X191.454 Y187.751 E.01589
G1 X132.953 Y129.25 E2.46588
G1 X132.419 Y129.25 E.01589
G1 X190.92 Y187.751 E2.46588
G1 X190.387 Y187.751 E.01589
G1 X131.886 Y129.25 E2.46588
G1 X131.353 Y129.25 E.01589
G1 X189.854 Y187.751 E2.46588
G1 X189.32 Y187.751 E.01589
G1 X130.819 Y129.25 E2.46588
G1 X130.286 Y129.25 E.01589
G1 X188.787 Y187.751 E2.46588
G1 X188.254 Y187.751 E.01589
G1 X129.753 Y129.25 E2.46588
G1 X129.22 Y129.25 E.01589
G1 X187.721 Y187.751 E2.46588
G1 X187.187 Y187.751 E.01589
G1 X128.686 Y129.25 E2.46588
G1 X128.153 Y129.25 E.01589
G1 X186.654 Y187.751 E2.46588
G1 X186.121 Y187.751 E.01589
G1 X127.62 Y129.25 E2.46588
G1 X127.087 Y129.25 E.01589
G1 X185.588 Y187.751 E2.46588
G1 X185.054 Y187.751 E.01589
G1 X126.553 Y129.25 E2.46588
G1 X126.02 Y129.25 E.01589
G1 X184.521 Y187.751 E2.46588
G1 X183.988 Y187.751 E.01589
M73 P19 R62
G1 X125.487 Y129.25 E2.46588
G1 X124.953 Y129.25 E.01589
G1 X183.454 Y187.751 E2.46588
G1 X182.921 Y187.751 E.01589
G1 X124.42 Y129.25 E2.46588
G1 X123.887 Y129.25 E.01589
G1 X182.388 Y187.751 E2.46588
G1 X181.855 Y187.751 E.01589
G1 X123.354 Y129.25 E2.46588
G1 X122.82 Y129.25 E.01589
G1 X181.321 Y187.751 E2.46588
G1 X180.788 Y187.751 E.01589
G1 X122.287 Y129.25 E2.46588
G1 X121.754 Y129.25 E.01589
G1 X180.255 Y187.751 E2.46588
G1 X179.722 Y187.751 E.01589
G1 X121.221 Y129.25 E2.46588
G1 X120.687 Y129.25 E.01589
G1 X179.188 Y187.751 E2.46588
G1 X178.655 Y187.751 E.01589
G1 X120.154 Y129.25 E2.46588
G1 X119.621 Y129.25 E.01589
G1 X178.122 Y187.751 E2.46588
G1 X177.588 Y187.751 E.01589
G1 X119.087 Y129.25 E2.46588
G1 X118.554 Y129.25 E.01589
G1 X177.055 Y187.751 E2.46588
G1 X176.522 Y187.751 E.01589
G1 X118.021 Y129.25 E2.46588
G1 X117.488 Y129.25 E.01589
G1 X175.989 Y187.751 E2.46588
G1 X175.455 Y187.751 E.01589
G1 X116.954 Y129.25 E2.46588
G1 X116.421 Y129.25 E.01589
G1 X174.922 Y187.751 E2.46588
G1 X174.389 Y187.751 E.01589
G1 X115.888 Y129.25 E2.46588
G1 X115.355 Y129.25 E.01589
G1 X173.856 Y187.751 E2.46588
G1 X173.322 Y187.751 E.01589
G1 X114.821 Y129.25 E2.46588
G1 X114.288 Y129.25 E.01589
G1 X172.789 Y187.751 E2.46588
G1 X172.256 Y187.751 E.01589
G1 X113.755 Y129.25 E2.46588
G1 X113.222 Y129.25 E.01589
G1 X171.723 Y187.751 E2.46588
G1 X171.189 Y187.751 E.01589
G1 X112.688 Y129.25 E2.46588
G1 X112.155 Y129.25 E.01589
G1 X170.656 Y187.751 E2.46588
G1 X170.123 Y187.751 E.01589
G1 X111.622 Y129.25 E2.46588
G1 X111.088 Y129.25 E.01589
G1 X169.589 Y187.751 E2.46588
G1 X169.056 Y187.751 E.01589
G1 X110.555 Y129.25 E2.46588
G1 X110.022 Y129.25 E.01589
G1 X168.523 Y187.751 E2.46588
G1 X167.99 Y187.751 E.01589
G1 X109.489 Y129.25 E2.46588
G1 X108.955 Y129.25 E.01589
G1 X167.456 Y187.751 E2.46588
G1 X166.923 Y187.751 E.01589
G1 X108.422 Y129.25 E2.46588
G1 X107.889 Y129.25 E.01589
G1 X166.39 Y187.751 E2.46588
G1 X165.857 Y187.751 E.01589
G1 X107.356 Y129.25 E2.46588
G1 X106.822 Y129.25 E.01589
G1 X165.323 Y187.751 E2.46588
G1 X164.79 Y187.751 E.01589
G1 X106.289 Y129.25 E2.46588
G1 X105.756 Y129.25 E.01589
G1 X164.257 Y187.751 E2.46588
G1 X163.723 Y187.751 E.01589
G1 X105.222 Y129.25 E2.46588
G1 X104.689 Y129.25 E.01589
G1 X163.19 Y187.751 E2.46588
G1 X162.657 Y187.751 E.01589
G1 X104.156 Y129.25 E2.46588
G1 X103.623 Y129.25 E.01589
G1 X162.124 Y187.751 E2.46588
G1 X161.59 Y187.751 E.01589
G1 X103.089 Y129.25 E2.46588
G1 X102.556 Y129.25 E.01589
G1 X161.057 Y187.751 E2.46588
G1 X160.524 Y187.751 E.01589
G1 X102.023 Y129.25 E2.46588
G1 X101.49 Y129.25 E.01589
G1 X159.991 Y187.751 E2.46588
G1 X159.457 Y187.751 E.01589
G1 X100.956 Y129.25 E2.46588
G1 X100.423 Y129.25 E.01589
G1 X158.924 Y187.751 E2.46588
G1 X158.391 Y187.751 E.01589
G1 X99.89 Y129.25 E2.46588
G1 X99.356 Y129.25 E.01589
G1 X157.857 Y187.751 E2.46588
G1 X157.324 Y187.751 E.01589
G1 X98.823 Y129.25 E2.46588
G1 X98.29 Y129.25 E.01589
G1 X156.791 Y187.751 E2.46588
G1 X156.258 Y187.751 E.01589
G1 X97.757 Y129.25 E2.46588
G1 X97.223 Y129.25 E.01589
G1 X155.724 Y187.751 E2.46588
G1 X155.191 Y187.751 E.01589
G1 X96.69 Y129.25 E2.46588
G1 X96.157 Y129.25 E.01589
G1 X154.658 Y187.751 E2.46588
G1 X154.125 Y187.751 E.01589
G1 X95.624 Y129.25 E2.46588
G1 X95.09 Y129.25 E.01589
M73 P19 R61
G1 X153.591 Y187.751 E2.46588
G1 X153.058 Y187.751 E.01589
G1 X94.557 Y129.25 E2.46588
G1 X94.024 Y129.25 E.01589
G1 X152.525 Y187.751 E2.46588
G1 X151.992 Y187.751 E.01589
G1 X93.491 Y129.25 E2.46588
G1 X92.957 Y129.25 E.01589
G1 X151.458 Y187.751 E2.46588
G1 X150.925 Y187.751 E.01589
G1 X92.424 Y129.25 E2.46588
G1 X91.891 Y129.25 E.01589
G1 X150.392 Y187.751 E2.46588
G1 X149.858 Y187.751 E.01589
G1 X91.357 Y129.25 E2.46588
G1 X90.824 Y129.25 E.01589
G1 X149.325 Y187.751 E2.46588
G1 X148.792 Y187.751 E.01589
G1 X90.291 Y129.25 E2.46588
G1 X89.758 Y129.25 E.01589
G1 X148.259 Y187.751 E2.46588
G1 X147.725 Y187.751 E.01589
G1 X89.224 Y129.25 E2.46588
G1 X88.691 Y129.25 E.01589
G1 X147.192 Y187.751 E2.46588
G1 X146.659 Y187.751 E.01589
G1 X88.158 Y129.25 E2.46588
G1 X87.625 Y129.25 E.01589
G1 X146.126 Y187.751 E2.46588
G1 X145.592 Y187.751 E.01589
G1 X87.091 Y129.25 E2.46588
G1 X86.558 Y129.25 E.01589
G1 X145.059 Y187.751 E2.46588
G1 X144.526 Y187.751 E.01589
G1 X86.025 Y129.25 E2.46588
G1 X85.491 Y129.25 E.01589
G1 X143.992 Y187.751 E2.46588
G1 X143.459 Y187.751 E.01589
G1 X84.958 Y129.25 E2.46588
G1 X84.425 Y129.25 E.01589
G1 X142.926 Y187.751 E2.46588
G1 X142.393 Y187.751 E.01589
G1 X83.892 Y129.25 E2.46588
G1 X83.358 Y129.25 E.01589
G1 X141.859 Y187.751 E2.46588
G1 X141.326 Y187.751 E.01589
G1 X82.825 Y129.25 E2.46588
G1 X82.292 Y129.25 E.01589
G1 X140.793 Y187.751 E2.46588
G1 X140.26 Y187.751 E.01589
G1 X81.759 Y129.25 E2.46588
G1 X81.225 Y129.25 E.01589
G1 X139.726 Y187.751 E2.46588
G1 X139.193 Y187.751 E.01589
G1 X80.692 Y129.25 E2.46588
G1 X80.159 Y129.25 E.01589
G1 X138.66 Y187.751 E2.46588
G1 X138.126 Y187.751 E.01589
G1 X79.625 Y129.25 E2.46588
G1 X79.092 Y129.25 E.01589
G1 X137.593 Y187.751 E2.46588
G1 X137.06 Y187.751 E.01589
G1 X78.559 Y129.25 E2.46588
G1 X78.026 Y129.25 E.01589
G1 X136.527 Y187.751 E2.46588
G1 X135.993 Y187.751 E.01589
G1 X77.492 Y129.25 E2.46588
G1 X76.959 Y129.25 E.01589
G1 X135.46 Y187.751 E2.46588
G1 X134.927 Y187.751 E.01589
G1 X76.426 Y129.25 E2.46588
G1 X75.893 Y129.25 E.01589
G1 X134.394 Y187.751 E2.46588
G1 X133.86 Y187.751 E.01589
G1 X75.359 Y129.25 E2.46588
G1 X74.826 Y129.25 E.01589
G1 X133.327 Y187.751 E2.46588
G1 X132.794 Y187.751 E.01589
G1 X74.293 Y129.25 E2.46588
G1 X73.76 Y129.25 E.01589
G1 X132.261 Y187.751 E2.46588
G1 X131.727 Y187.751 E.01589
G1 X73.226 Y129.25 E2.46588
G1 X72.693 Y129.25 E.01589
G1 X131.194 Y187.751 E2.46588
G1 X130.661 Y187.751 E.01589
G1 X72.16 Y129.25 E2.46588
G1 X71.626 Y129.25 E.01589
G1 X130.127 Y187.751 E2.46588
G1 X129.594 Y187.751 E.01589
G1 X71.093 Y129.25 E2.46588
G1 X70.56 Y129.25 E.01589
G1 X129.061 Y187.751 E2.46588
G1 X128.528 Y187.751 E.01589
G1 X70.027 Y129.25 E2.46588
G1 X69.493 Y129.25 E.01589
G1 X127.994 Y187.751 E2.46588
G1 X127.461 Y187.751 E.01589
G1 X68.96 Y129.25 E2.46588
G1 X68.427 Y129.25 E.01589
G1 X126.928 Y187.751 E2.46588
G1 X126.395 Y187.751 E.01589
G1 X67.894 Y129.25 E2.46588
G1 X67.36 Y129.25 E.01589
G1 X125.861 Y187.751 E2.46588
G1 X125.328 Y187.751 E.01589
G1 X66.827 Y129.25 E2.46588
G1 X66.294 Y129.25 E.01589
G1 X124.795 Y187.751 E2.46588
G1 X124.261 Y187.751 E.01589
G1 X65.76 Y129.25 E2.46588
G1 X65.227 Y129.25 E.01589
G1 X123.728 Y187.751 E2.46588
G1 X123.195 Y187.751 E.01589
G1 X64.694 Y129.25 E2.46588
G1 X64.161 Y129.25 E.01589
G1 X122.662 Y187.751 E2.46588
G1 X122.128 Y187.751 E.01589
G1 X63.9 Y129.522 E2.45441
G1 X63.9 Y130.055 E.01589
G1 X121.595 Y187.751 E2.43193
G1 X121.062 Y187.751 E.01589
G1 X63.9 Y130.588 E2.40946
G1 X63.9 Y131.121 E.01589
G1 X120.529 Y187.751 E2.38698
G1 X119.995 Y187.751 E.01589
G1 X63.9 Y131.655 E2.3645
G1 X63.9 Y132.188 E.01589
G1 X119.462 Y187.751 E2.34202
G1 X118.929 Y187.751 E.01589
G1 X63.9 Y132.721 E2.31955
G1 X63.9 Y133.255 E.01589
G1 X118.395 Y187.751 E2.29707
G1 X117.862 Y187.751 E.01589
G1 X63.9 Y133.788 E2.27459
G1 X63.9 Y134.321 E.01589
G1 X117.329 Y187.751 E2.25211
G1 X116.796 Y187.751 E.01589
M73 P20 R61
G1 X63.9 Y134.854 E2.22963
G1 X63.9 Y135.388 E.01589
G1 X116.262 Y187.751 E2.20716
G1 X115.729 Y187.751 E.01589
G1 X63.9 Y135.921 E2.18468
G1 X63.9 Y136.454 E.01589
G1 X115.196 Y187.751 E2.1622
G1 X114.663 Y187.751 E.01589
G1 X63.9 Y136.987 E2.13972
G1 X63.9 Y137.521 E.01589
G1 X114.129 Y187.751 E2.11724
G1 X113.596 Y187.751 E.01589
G1 X63.9 Y138.054 E2.09477
G1 X63.9 Y138.587 E.01589
G1 X113.063 Y187.751 E2.07229
G1 X112.53 Y187.751 E.01589
G1 X63.9 Y139.12 E2.04981
G1 X63.9 Y139.654 E.01589
G1 X111.996 Y187.751 E2.02733
G1 X111.463 Y187.751 E.01589
G1 X63.9 Y140.187 E2.00485
G1 X63.9 Y140.72 E.01589
G1 X110.93 Y187.751 E1.98238
G1 X110.396 Y187.751 E.01589
G1 X63.9 Y141.254 E1.9599
G1 X63.9 Y141.787 E.01589
G1 X109.863 Y187.751 E1.93742
G1 X109.33 Y187.751 E.01589
G1 X63.9 Y142.32 E1.91494
G1 X63.9 Y142.853 E.01589
G1 X108.797 Y187.751 E1.89246
G1 X108.263 Y187.751 E.01589
G1 X63.9 Y143.387 E1.86999
G1 X63.9 Y143.92 E.01589
G1 X107.73 Y187.751 E1.84751
G1 X107.197 Y187.751 E.01589
G1 X63.9 Y144.453 E1.82503
G1 X63.9 Y144.986 E.01589
G1 X106.664 Y187.751 E1.80255
G1 X106.13 Y187.751 E.01589
G1 X63.9 Y145.52 E1.78007
G1 X63.9 Y146.053 E.01589
G1 X105.597 Y187.751 E1.7576
G1 X105.064 Y187.751 E.01589
G1 X63.9 Y146.586 E1.73512
G1 X63.9 Y147.12 E.01589
G1 X104.53 Y187.751 E1.71264
G1 X103.997 Y187.751 E.01589
G1 X63.9 Y147.653 E1.69016
G1 X63.9 Y148.186 E.01589
G1 X103.464 Y187.751 E1.66768
G1 X102.931 Y187.751 E.01589
G1 X63.9 Y148.719 E1.64521
G1 X63.9 Y149.253 E.01589
G1 X102.397 Y187.751 E1.62273
G1 X101.864 Y187.751 E.01589
G1 X63.9 Y149.786 E1.60025
G1 X63.9 Y150.319 E.01589
G1 X101.331 Y187.751 E1.57777
G1 X100.798 Y187.751 E.01589
G1 X63.9 Y150.852 E1.5553
G1 X63.9 Y151.386 E.01589
G1 X100.264 Y187.751 E1.53282
G1 X99.731 Y187.751 E.01589
G1 X63.9 Y151.919 E1.51034
G1 X63.9 Y152.452 E.01589
G1 X99.198 Y187.751 E1.48786
G1 X98.664 Y187.751 E.01589
G1 X63.9 Y152.986 E1.46538
G1 X63.9 Y153.519 E.01589
G1 X98.131 Y187.751 E1.44291
G1 X97.598 Y187.751 E.01589
G1 X63.9 Y154.052 E1.42043
G1 X63.9 Y154.585 E.01589
G1 X97.065 Y187.751 E1.39795
G1 X96.531 Y187.751 E.01589
G1 X63.9 Y155.119 E1.37547
G1 X63.9 Y155.652 E.01589
G1 X95.998 Y187.751 E1.35299
G1 X95.465 Y187.751 E.01589
G1 X63.9 Y156.185 E1.33052
G1 X63.9 Y156.718 E.01589
G1 X94.932 Y187.751 E1.30804
G1 X94.398 Y187.751 E.01589
G1 X63.9 Y157.252 E1.28556
G1 X63.9 Y157.785 E.01589
G1 X93.865 Y187.751 E1.26308
G1 X93.332 Y187.751 E.01589
G1 X63.9 Y158.318 E1.2406
G1 X63.9 Y158.851 E.01589
G1 X91.519 Y186.471 E1.1642
G1 X90.986 Y186.471 E.01589
G1 X63.9 Y159.385 E1.14172
G1 X63.9 Y159.918 E.01589
G1 X90.453 Y186.471 E1.11924
G1 X89.919 Y186.471 E.01589
G1 X63.9 Y160.451 E1.09676
G1 X63.9 Y160.985 E.01589
G1 X89.386 Y186.471 E1.07428
G1 X88.853 Y186.471 E.01589
G1 X63.9 Y161.518 E1.05181
G1 X63.9 Y162.051 E.01589
G1 X88.319 Y186.471 E1.02933
G1 X87.786 Y186.471 E.01589
G1 X63.9 Y162.584 E1.00685
G1 X63.9 Y163.118 E.01589
G1 X87.253 Y186.471 E.98437
G1 X86.72 Y186.471 E.01589
G1 X63.9 Y163.651 E.96189
G1 X63.9 Y164.184 E.01589
G1 X86.186 Y186.471 E.93942
G1 X85.653 Y186.471 E.01589
G1 X63.9 Y164.717 E.91694
G1 X63.9 Y165.251 E.01589
G1 X85.12 Y186.471 E.89446
G1 X84.587 Y186.471 E.01589
G1 X63.9 Y165.784 E.87198
G1 X63.9 Y166.317 E.01589
G1 X84.053 Y186.471 E.8495
G1 X83.52 Y186.471 E.01589
G1 X63.9 Y166.851 E.82703
G1 X63.9 Y167.384 E.01589
G1 X82.987 Y186.471 E.80455
G1 X82.453 Y186.471 E.01589
G1 X63.9 Y167.917 E.78207
G1 X63.9 Y168.45 E.01589
G1 X81.92 Y186.471 E.75959
G1 X81.387 Y186.471 E.01589
G1 X63.9 Y168.984 E.73711
G1 X63.9 Y169.517 E.01589
G1 X80.854 Y186.471 E.71464
G1 X80.32 Y186.471 E.01589
G1 X63.9 Y170.05 E.69216
G1 X63.9 Y170.583 E.01589
G1 X79.787 Y186.471 E.66968
G1 X79.254 Y186.471 E.01589
G1 X63.9 Y171.117 E.6472
G1 X63.9 Y171.65 E.01589
G1 X78.721 Y186.471 E.62472
G1 X78.187 Y186.471 E.01589
G1 X63.9 Y172.183 E.60225
G1 X63.9 Y172.717 E.01589
G1 X77.654 Y186.471 E.57977
G1 X77.121 Y186.471 E.01589
G1 X63.9 Y173.25 E.55729
G1 X63.9 Y173.783 E.01589
G1 X76.587 Y186.471 E.53481
G1 X76.054 Y186.471 E.01589
G1 X63.9 Y174.316 E.51234
G1 X63.9 Y174.85 E.01589
G1 X75.521 Y186.471 E.48986
G1 X74.988 Y186.471 E.01589
G1 X63.9 Y175.383 E.46738
G1 X63.9 Y175.916 E.01589
G1 X74.454 Y186.471 E.4449
G1 X73.921 Y186.471 E.01589
G1 X63.9 Y176.449 E.42242
G1 X63.9 Y176.983 E.01589
G1 X73.388 Y186.471 E.39995
G1 X72.855 Y186.471 E.01589
G1 X63.9 Y177.516 E.37747
G1 X63.9 Y178.049 E.01589
G1 X72.321 Y186.471 E.35499
G1 X71.788 Y186.471 E.01589
G1 X63.9 Y178.582 E.33251
G1 X63.9 Y179.116 E.01589
G1 X71.255 Y186.471 E.31003
G1 X70.722 Y186.471 E.01589
G1 X63.9 Y179.649 E.28756
G1 X63.9 Y180.182 E.01589
G1 X70.188 Y186.471 E.26508
G1 X69.655 Y186.471 E.01589
G1 X63.9 Y180.716 E.2426
G1 X63.9 Y181.249 E.01589
G1 X69.122 Y186.471 E.22012
G1 X68.588 Y186.471 E.01589
G1 X63.9 Y181.782 E.19764
G1 X63.9 Y182.315 E.01589
G1 X68.055 Y186.471 E.17517
G1 X67.522 Y186.471 E.01589
G1 X63.9 Y182.849 E.15269
G1 X63.9 Y183.382 E.01589
G1 X66.989 Y186.471 E.13021
G1 X66.455 Y186.471 E.01589
G1 X63.9 Y183.915 E.10773
G1 X63.9 Y184.448 E.01589
G1 X65.922 Y186.471 E.08525
G1 X65.389 Y186.471 E.01589
G1 X63.9 Y184.982 E.06278
G1 X63.9 Y185.515 E.01589
G1 X65.025 Y186.641 E.04745
G1 E-.728 F1800
;WIPE_START
G1 F30000
G1 X64.177 Y185.792 E-.072
;WIPE_END
G1 X64.105 Y178.16 Z1
G1 X63.566 Y121.104 Z1
G1 Z.6
G1 E.8 F1800
;TYPE:Inner wall
;WIDTH:0.45
G1 F6000
G1 X63.566 Y63.216 E1.86265
G1 X192.434 Y63.216 E4.14653
G1 X192.434 Y122.384 E1.90381
G1 X92.046 Y122.384 E3.23015
G1 X92.046 Y121.104 E.04117
G1 X63.606 Y121.104 E.91509
G1 X63.159 Y121.511 F30000
G1 F6000
G1 X63.159 Y62.809 E1.88884
G1 X192.841 Y62.809 E4.17273
G1 X192.841 Y122.791 E1.93001
G1 X91.639 Y122.791 E3.25635
G1 X91.639 Y121.511 E.04117
G1 X63.199 Y121.511 E.91509
G1 E-.728 F1800
;WIPE_START
G1 F30000
G1 X63.198 Y120.311 E-.072
;WIPE_END
G1 X62.752 Y123.198 Z1
G1 Z.6
G1 E.8 F1800
G1 F6000
G1 X62.752 Y62.402 E1.95621
G1 X193.248 Y62.402 E4.19892
G1 X193.248 Y123.198 E1.95621
G1 X91.232 Y123.198 E3.28255
G1 X91.232 Y121.918 E.04117
G1 X63.368 Y121.918 E.89654
G1 X63.368 Y123.198 E.04117
G1 X62.792 Y123.198 E.01855
SET_VELOCITY_LIMIT ACCEL=5000
G1 X62.36 Y123.59 F30000
;TYPE:Outer wall
;WIDTH:0.42
G1 F3600
G1 X62.36 Y62.01 E1.83542
G1 X193.64 Y62.01 E3.91285
G1 X193.64 Y123.59 E1.83542
G1 X62.4 Y123.59 E3.91166
G1 E-.728 F1800
M73 P20 R60
;WIPE_START
G1 F30000
G1 X62.399 Y122.39 E-.072
;WIPE_END
G1 X63.06 Y122.994 Z1
G1 Z.6
G1 E.8 F1800
SET_VELOCITY_LIMIT ACCEL=10000
;TYPE:Gap infill
;WIDTH:0.252228
G1 F15000
G1 X63.06 Y121.715 E.02117
G1 E-.728 F1800
;WIPE_START
G1 F30000
G1 X63.06 Y122.915 E-.072
;WIPE_END
G1 X63.995 Y120.658 Z1
G1 Z.6
G1 E.8 F1800
;TYPE:Internal solid infill
;WIDTH:0.442592
G1 F15000
G1 X63.92 Y120.701 E.00273
G1 X64 Y120.736 E.00275
G1 E-.78958 F1800
;WIPE_START
G1 F30000
G1 X63.92 Y120.701 E-.00523
G1 X63.995 Y120.658 E-.00519
;WIPE_END
G1 X71.615 Y121.082 Z1
G1 X90.266 Y122.121 Z1
G1 Z.6
G1 E.8 F1800
SET_VELOCITY_LIMIT ACCEL=2000
;TYPE:Top surface
;WIDTH:0.420225
G1 F12000
G1 X91.029 Y122.884 E.03507
G1 X91.013 Y123.402 F30000
G1 F12000
G1 X89.732 Y122.121 E.05889
G1 X89.199 Y122.121 F30000
G1 F12000
G1 X90.48 Y123.402 E.05889
G1 X89.946 Y123.402 F30000
G1 F12000
G1 X88.665 Y122.121 E.05889
G1 X88.132 Y122.121 F30000
G1 F12000
G1 X89.413 Y123.402 E.05889
G1 X88.879 Y123.402 F30000
G1 F12000
G1 X87.598 Y122.121 E.05889
G1 X87.064 Y122.121 F30000
G1 F12000
G1 X88.345 Y123.402 E.05889
G1 X87.812 Y123.402 F30000
G1 F12000
G1 X86.531 Y122.121 E.05889
G1 X85.997 Y122.121 F30000
G1 F12000
G1 X87.278 Y123.402 E.05889
G1 X86.745 Y123.402 F30000
G1 F12000
G1 X85.464 Y122.121 E.05889
G1 X84.93 Y122.121 F30000
G1 F12000
G1 X86.211 Y123.402 E.05889
G1 X85.677 Y123.402 F30000
G1 F12000
G1 X84.397 Y122.121 E.05889
G1 X83.863 Y122.121 F30000
G1 F12000
G1 X85.144 Y123.402 E.05889
G1 X84.61 Y123.402 F30000
G1 F12000
G1 X83.329 Y122.121 E.05889
G1 X82.796 Y122.121 F30000
G1 F12000
G1 X84.077 Y123.402 E.05889
G1 X83.543 Y123.402 F30000
G1 F12000
G1 X82.262 Y122.121 E.05889
G1 X81.729 Y122.121 F30000
G1 F12000
G1 X83.01 Y123.402 E.05889
G1 X82.476 Y123.402 F30000
G1 F12000
G1 X81.195 Y122.121 E.05889
G1 X80.661 Y122.121 F30000
G1 F12000
G1 X81.942 Y123.402 E.05889
G1 X81.409 Y123.402 F30000
G1 F12000
G1 X80.128 Y122.121 E.05889
G1 X79.594 Y122.121 F30000
G1 F12000
G1 X80.875 Y123.402 E.05889
G1 X80.342 Y123.402 F30000
G1 F12000
G1 X79.061 Y122.121 E.05889
G1 X78.527 Y122.121 F30000
G1 F12000
G1 X79.808 Y123.402 E.05889
G1 X79.274 Y123.402 F30000
G1 F12000
G1 X77.993 Y122.121 E.05889
G1 X77.46 Y122.121 F30000
G1 F12000
G1 X78.741 Y123.402 E.05889
G1 X78.207 Y123.402 F30000
G1 F12000
G1 X76.926 Y122.121 E.05889
G1 X76.393 Y122.121 F30000
G1 F12000
G1 X77.674 Y123.402 E.05889
G1 X77.14 Y123.402 F30000
G1 F12000
G1 X75.859 Y122.121 E.05889
G1 X75.325 Y122.121 F30000
G1 F12000
G1 X76.606 Y123.402 E.05889
G1 X76.073 Y123.402 F30000
G1 F12000
G1 X74.792 Y122.121 E.05889
G1 X74.258 Y122.121 F30000
G1 F12000
G1 X75.539 Y123.402 E.05889
G1 X75.006 Y123.402 F30000
G1 F12000
G1 X73.725 Y122.121 E.05889
G1 X73.191 Y122.121 F30000
G1 F12000
G1 X74.472 Y123.402 E.05889
G1 X73.939 Y123.402 F30000
G1 F12000
G1 X72.658 Y122.121 E.05889
G1 X72.124 Y122.121 F30000
G1 F12000
G1 X73.405 Y123.402 E.05889
G1 X72.871 Y123.402 F30000
G1 F12000
G1 X71.59 Y122.121 E.05889
G1 X71.057 Y122.121 F30000
G1 F12000
G1 X72.338 Y123.402 E.05889
G1 X71.804 Y123.402 F30000
G1 F12000
G1 X70.523 Y122.121 E.05889
G1 X69.99 Y122.121 F30000
G1 F12000
G1 X71.271 Y123.402 E.05889
G1 X70.737 Y123.402 F30000
G1 F12000
G1 X69.456 Y122.121 E.05889
G1 X68.922 Y122.121 F30000
G1 F12000
G1 X70.203 Y123.402 E.05889
G1 X69.67 Y123.402 F30000
G1 F12000
G1 X68.389 Y122.121 E.05889
G1 X67.855 Y122.121 F30000
G1 F12000
G1 X69.136 Y123.402 E.05889
G1 X68.603 Y123.402 F30000
G1 F12000
G1 X67.322 Y122.121 E.05889
G1 X66.788 Y122.121 F30000
G1 F12000
G1 X68.069 Y123.402 E.05889
G1 X67.535 Y123.402 F30000
G1 F12000
G1 X66.254 Y122.121 E.05889
G1 X65.721 Y122.121 F30000
G1 F12000
G1 X67.002 Y123.402 E.05889
G1 X66.468 Y123.402 F30000
G1 F12000
G1 X65.187 Y122.121 E.05889
G1 X64.654 Y122.121 F30000
G1 F12000
G1 X65.935 Y123.402 E.05889
G1 X65.401 Y123.402 F30000
G1 F12000
G1 X64.12 Y122.121 E.05889
G1 X63.587 Y122.121 F30000
G1 F12000
G1 X64.867 Y123.402 E.05889
G1 X64.334 Y123.402 F30000
G1 F12000
G1 X63.571 Y122.64 E.03506
G1 E-.73529 F1800
;WIPE_START
G1 F30000
G1 X64.334 Y123.402 E-.06471
;WIPE_END
G1 X71.956 Y123.006 Z1
G1 X92.473 Y121.938 Z1
G1 Z.6
G1 E.8 F1800
SET_VELOCITY_LIMIT ACCEL=10000
;TYPE:Internal solid infill
;WIDTH:0.440708
G1 F15000
G1 X92.398 Y121.981 E.00271
G1 X92.478 Y122.016 E.00273
G1 E-.78963 F1800
;WIPE_START
G1 F30000
G1 X92.398 Y121.981 E-.0052
G1 X92.473 Y121.938 E-.00517
;WIPE_END
G1 X99.039 Y118.046 Z1
G1 X190.871 Y63.608 Z1
G1 Z.6
G1 E.8 F1800
;WIDTH:0.419999
G1 F15000
G1 X192.042 Y64.779 E.04934
G1 X192.042 Y63.608 E.03489
G1 X190.911 Y63.608 E.03369
G1 E-.728 F1800
;WIPE_START
G1 F30000
G1 X192.042 Y63.608 E-.06783
G1 X192.042 Y63.678 E-.00417
;WIPE_END
G1 X191.718 Y63.918 Z1
G1 Z.6
G1 E.8 F1800
;WIDTH:0.351492
G1 F15000
G1 X191.66 Y63.951 E.00163
G1 X191.717 Y63.984 E.00159
G1 E-.79207 F1800
;WIPE_START
G1 F30000
G1 X191.66 Y63.951 E-.00392
G1 X191.718 Y63.918 E-.00401
;WIPE_END
G1 X192.27 Y65.274 Z1
G1 Z.6
G1 E.8 F1800
;WIDTH:0.419999
G1 F15000
G1 X190.546 Y63.55 E.07269
G1 X190.012 Y63.55 E.01589
G1 X192.101 Y65.638 E.08801
G1 X192.101 Y66.171 E.01589
G1 X189.479 Y63.55 E.11049
G1 X188.946 Y63.55 E.01589
G1 X192.101 Y66.704 E.13297
G1 X192.101 Y67.237 E.01589
G1 X188.413 Y63.55 E.15545
G1 X187.879 Y63.55 E.01589
G1 X192.101 Y67.771 E.17793
G1 X192.101 Y68.304 E.01589
G1 X187.346 Y63.55 E.2004
G1 X186.813 Y63.55 E.01589
G1 X192.101 Y68.837 E.22288
G1 X192.101 Y69.37 E.01589
G1 X186.28 Y63.55 E.24536
G1 X185.746 Y63.55 E.01589
G1 X192.101 Y69.904 E.26784
G1 X192.101 Y70.437 E.01589
G1 X185.213 Y63.55 E.29032
G1 X184.68 Y63.55 E.01589
G1 X192.101 Y70.97 E.31279
G1 X192.101 Y71.504 E.01589
G1 X184.146 Y63.55 E.33527
G1 X183.613 Y63.55 E.01589
G1 X192.101 Y72.037 E.35775
G1 X192.101 Y72.57 E.01589
G1 X183.08 Y63.55 E.38023
G1 X182.547 Y63.55 E.01589
G1 X192.101 Y73.103 E.40271
G1 X192.101 Y73.637 E.01589
G1 X182.013 Y63.55 E.42518
G1 X181.48 Y63.55 E.01589
G1 X192.101 Y74.17 E.44766
G1 X192.101 Y74.703 E.01589
G1 X180.947 Y63.55 E.47014
G1 X180.414 Y63.55 E.01589
G1 X192.101 Y75.236 E.49262
G1 X192.101 Y75.77 E.01589
G1 X179.88 Y63.55 E.5151
G1 X179.347 Y63.55 E.01589
G1 X192.101 Y76.303 E.53757
G1 X192.101 Y76.836 E.01589
G1 X178.814 Y63.55 E.56005
G1 X178.28 Y63.55 E.01589
G1 X192.101 Y77.37 E.58253
G1 X192.101 Y77.903 E.01589
G1 X177.747 Y63.55 E.60501
G1 X177.214 Y63.55 E.01589
G1 X192.101 Y78.436 E.62748
G1 X192.101 Y78.969 E.01589
G1 X176.681 Y63.55 E.64996
G1 X176.147 Y63.55 E.01589
G1 X192.101 Y79.503 E.67244
G1 X192.101 Y80.036 E.01589
G1 X175.614 Y63.55 E.69492
G1 X175.081 Y63.55 E.01589
G1 X192.101 Y80.569 E.7174
G1 X192.101 Y81.102 E.01589
G1 X174.548 Y63.55 E.73987
G1 X174.014 Y63.55 E.01589
G1 X192.101 Y81.636 E.76235
G1 X192.101 Y82.169 E.01589
G1 X173.481 Y63.55 E.78483
G1 X172.948 Y63.55 E.01589
G1 X192.101 Y82.702 E.80731
G1 X192.101 Y83.235 E.01589
M73 P21 R60
G1 X172.415 Y63.55 E.82979
G1 X171.881 Y63.55 E.01589
G1 X192.101 Y83.769 E.85226
G1 X192.101 Y84.302 E.01589
G1 X171.348 Y63.55 E.87474
G1 X170.815 Y63.55 E.01589
G1 X192.101 Y84.835 E.89722
G1 X192.101 Y85.369 E.01589
G1 X170.281 Y63.55 E.9197
G1 X169.748 Y63.55 E.01589
G1 X192.101 Y85.902 E.94218
G1 X192.101 Y86.435 E.01589
G1 X169.215 Y63.55 E.96465
G1 X168.682 Y63.55 E.01589
G1 X192.101 Y86.968 E.98713
G1 X192.101 Y87.502 E.01589
G1 X168.148 Y63.55 E1.00961
G1 X167.615 Y63.55 E.01589
G1 X192.101 Y88.035 E1.03209
G1 X192.101 Y88.568 E.01589
G1 X167.082 Y63.55 E1.05457
G1 X166.549 Y63.55 E.01589
G1 X192.101 Y89.101 E1.07704
G1 X192.101 Y89.635 E.01589
G1 X166.015 Y63.55 E1.09952
G1 X165.482 Y63.55 E.01589
G1 X192.101 Y90.168 E1.122
G1 X192.101 Y90.701 E.01589
G1 X164.949 Y63.55 E1.14448
G1 X164.415 Y63.55 E.01589
G1 X192.101 Y91.235 E1.16696
G1 X192.101 Y91.768 E.01589
G1 X163.882 Y63.55 E1.18943
G1 X163.349 Y63.55 E.01589
G1 X192.101 Y92.301 E1.21191
G1 X192.101 Y92.834 E.01589
G1 X162.816 Y63.55 E1.23439
G1 X162.282 Y63.55 E.01589
G1 X192.101 Y93.368 E1.25687
G1 X192.101 Y93.901 E.01589
G1 X161.749 Y63.55 E1.27935
G1 X161.216 Y63.55 E.01589
G1 X192.101 Y94.434 E1.30182
G1 X192.101 Y94.967 E.01589
G1 X160.683 Y63.55 E1.3243
G1 X160.149 Y63.55 E.01589
G1 X192.101 Y95.501 E1.34678
G1 X192.101 Y96.034 E.01589
G1 X159.616 Y63.55 E1.36926
G1 X159.083 Y63.55 E.01589
G1 X192.101 Y96.567 E1.39173
G1 X192.101 Y97.101 E.01589
G1 X158.549 Y63.55 E1.41421
G1 X158.016 Y63.55 E.01589
G1 X192.101 Y97.634 E1.43669
G1 X192.101 Y98.167 E.01589
G1 X157.483 Y63.55 E1.45917
G1 X156.95 Y63.55 E.01589
G1 X192.101 Y98.7 E1.48165
G1 X192.101 Y99.234 E.01589
G1 X156.416 Y63.55 E1.50412
G1 X155.883 Y63.55 E.01589
G1 X192.101 Y99.767 E1.5266
G1 X192.101 Y100.3 E.01589
G1 X155.35 Y63.55 E1.54908
G1 X154.817 Y63.55 E.01589
G1 X192.101 Y100.833 E1.57156
G1 X192.101 Y101.367 E.01589
G1 X154.283 Y63.55 E1.59404
G1 X153.75 Y63.55 E.01589
G1 X192.101 Y101.9 E1.61651
G1 X192.101 Y102.433 E.01589
G1 X153.217 Y63.55 E1.63899
G1 X152.684 Y63.55 E.01589
G1 X192.101 Y102.966 E1.66147
G1 X192.101 Y103.5 E.01589
G1 X152.15 Y63.55 E1.68395
G1 X151.617 Y63.55 E.01589
G1 X192.101 Y104.033 E1.70643
G1 X192.101 Y104.566 E.01589
G1 X151.084 Y63.55 E1.7289
G1 X150.55 Y63.55 E.01589
G1 X192.101 Y105.1 E1.75138
G1 X192.101 Y105.633 E.01589
G1 X150.017 Y63.55 E1.77386
G1 X149.484 Y63.55 E.01589
G1 X192.101 Y106.166 E1.79634
G1 X192.101 Y106.699 E.01589
G1 X148.951 Y63.55 E1.81882
G1 X148.417 Y63.55 E.01589
G1 X192.101 Y107.233 E1.84129
G1 X192.101 Y107.766 E.01589
G1 X147.884 Y63.55 E1.86377
G1 X147.351 Y63.55 E.01589
G1 X192.101 Y108.299 E1.88625
G1 X192.101 Y108.832 E.01589
G1 X146.818 Y63.55 E1.90873
G1 X146.284 Y63.55 E.01589
G1 X192.101 Y109.366 E1.93121
G1 X192.101 Y109.899 E.01589
G1 X145.751 Y63.55 E1.95368
G1 X145.218 Y63.55 E.01589
G1 X192.101 Y110.432 E1.97616
G1 X192.101 Y110.966 E.01589
G1 X144.684 Y63.55 E1.99864
G1 X144.151 Y63.55 E.01589
G1 X192.101 Y111.499 E2.02112
G1 X192.101 Y112.032 E.01589
G1 X143.618 Y63.55 E2.0436
G1 X143.085 Y63.55 E.01589
G1 X192.101 Y112.565 E2.06607
G1 X192.101 Y113.099 E.01589
G1 X142.551 Y63.55 E2.08855
G1 X142.018 Y63.55 E.01589
G1 X192.101 Y113.632 E2.11103
G1 X192.101 Y114.165 E.01589
G1 X141.485 Y63.55 E2.13351
G1 X140.952 Y63.55 E.01589
G1 X192.101 Y114.698 E2.15598
G1 X192.101 Y115.232 E.01589
G1 X140.418 Y63.55 E2.17846
G1 X139.885 Y63.55 E.01589
G1 X192.101 Y115.765 E2.20094
G1 X192.101 Y116.298 E.01589
G1 X139.352 Y63.55 E2.22342
G1 X138.818 Y63.55 E.01589
G1 X192.101 Y116.832 E2.2459
G1 X192.101 Y117.365 E.01589
G1 X138.285 Y63.55 E2.26837
G1 X137.752 Y63.55 E.01589
G1 X192.101 Y117.898 E2.29085
G1 X192.101 Y118.431 E.01589
G1 X137.219 Y63.55 E2.31333
G1 X136.685 Y63.55 E.01589
G1 X192.101 Y118.965 E2.33581
G1 X192.101 Y119.498 E.01589
G1 X136.152 Y63.55 E2.35829
G1 X135.619 Y63.55 E.01589
G1 X192.101 Y120.031 E2.38076
G1 X192.101 Y120.564 E.01589
G1 X135.086 Y63.55 E2.40324
G1 X134.552 Y63.55 E.01589
G1 X192.101 Y121.098 E2.42572
G1 X192.101 Y121.631 E.01589
G1 X134.019 Y63.55 E2.4482
G1 X133.486 Y63.55 E.01589
G1 X191.987 Y122.051 E2.46588
G1 X191.454 Y122.051 E.01589
G1 X132.953 Y63.55 E2.46588
G1 X132.419 Y63.55 E.01589
G1 X190.92 Y122.051 E2.46588
G1 X190.387 Y122.051 E.01589
G1 X131.886 Y63.55 E2.46588
G1 X131.353 Y63.55 E.01589
G1 X189.854 Y122.051 E2.46588
G1 X189.32 Y122.051 E.01589
G1 X130.819 Y63.55 E2.46588
G1 X130.286 Y63.55 E.01589
G1 X188.787 Y122.051 E2.46588
G1 X188.254 Y122.051 E.01589
G1 X129.753 Y63.55 E2.46588
G1 X129.22 Y63.55 E.01589
G1 X187.721 Y122.051 E2.46588
G1 X187.187 Y122.051 E.01589
G1 X128.686 Y63.55 E2.46588
G1 X128.153 Y63.55 E.01589
G1 X186.654 Y122.051 E2.46588
G1 X186.121 Y122.051 E.01589
G1 X127.62 Y63.55 E2.46588
G1 X127.087 Y63.55 E.01589
G1 X185.588 Y122.051 E2.46588
G1 X185.054 Y122.051 E.01589
G1 X126.553 Y63.55 E2.46588
G1 X126.02 Y63.55 E.01589
G1 X184.521 Y122.051 E2.46588
G1 X183.988 Y122.051 E.01589
G1 X125.487 Y63.55 E2.46588
G1 X124.953 Y63.55 E.01589
G1 X183.454 Y122.051 E2.46588
G1 X182.921 Y122.051 E.01589
G1 X124.42 Y63.55 E2.46588
G1 X123.887 Y63.55 E.01589
G1 X182.388 Y122.051 E2.46588
G1 X181.855 Y122.051 E.01589
G1 X123.354 Y63.55 E2.46588
G1 X122.82 Y63.55 E.01589
G1 X181.321 Y122.051 E2.46588
G1 X180.788 Y122.051 E.01589
G1 X122.287 Y63.55 E2.46588
G1 X121.754 Y63.55 E.01589
G1 X180.255 Y122.051 E2.46588
G1 X179.722 Y122.051 E.01589
G1 X121.221 Y63.55 E2.46588
G1 X120.687 Y63.55 E.01589
G1 X179.188 Y122.051 E2.46588
G1 X178.655 Y122.051 E.01589
G1 X120.154 Y63.55 E2.46588
G1 X119.621 Y63.55 E.01589
G1 X178.122 Y122.051 E2.46588
G1 X177.588 Y122.051 E.01589
G1 X119.087 Y63.55 E2.46588
G1 X118.554 Y63.55 E.01589
G1 X177.055 Y122.051 E2.46588
G1 X176.522 Y122.051 E.01589
G1 X118.021 Y63.55 E2.46588
G1 X117.488 Y63.55 E.01589
G1 X175.989 Y122.051 E2.46588
G1 X175.455 Y122.051 E.01589
G1 X116.954 Y63.55 E2.46588
G1 X116.421 Y63.55 E.01589
G1 X174.922 Y122.051 E2.46588
G1 X174.389 Y122.051 E.01589
G1 X115.888 Y63.55 E2.46588
G1 X115.355 Y63.55 E.01589
G1 X173.856 Y122.051 E2.46588
G1 X173.322 Y122.051 E.01589
G1 X114.821 Y63.55 E2.46588
G1 X114.288 Y63.55 E.01589
G1 X172.789 Y122.051 E2.46588
G1 X172.256 Y122.051 E.01589
G1 X113.755 Y63.55 E2.46588
G1 X113.222 Y63.55 E.01589
G1 X171.723 Y122.051 E2.46588
G1 X171.189 Y122.051 E.01589
G1 X112.688 Y63.55 E2.46588
G1 X112.155 Y63.55 E.01589
G1 X170.656 Y122.051 E2.46588
G1 X170.123 Y122.051 E.01589
G1 X111.622 Y63.55 E2.46588
G1 X111.088 Y63.55 E.01589
G1 X169.589 Y122.051 E2.46588
G1 X169.056 Y122.051 E.01589
G1 X110.555 Y63.55 E2.46588
G1 X110.022 Y63.55 E.01589
G1 X168.523 Y122.051 E2.46588
G1 X167.99 Y122.051 E.01589
G1 X109.489 Y63.55 E2.46588
G1 X108.955 Y63.55 E.01589
G1 X167.456 Y122.051 E2.46588
G1 X166.923 Y122.051 E.01589
G1 X108.422 Y63.55 E2.46588
G1 X107.889 Y63.55 E.01589
G1 X166.39 Y122.051 E2.46588
G1 X165.857 Y122.051 E.01589
G1 X107.356 Y63.55 E2.46588
G1 X106.822 Y63.55 E.01589
G1 X165.323 Y122.051 E2.46588
G1 X164.79 Y122.051 E.01589
G1 X106.289 Y63.55 E2.46588
G1 X105.756 Y63.55 E.01589
G1 X164.257 Y122.051 E2.46588
G1 X163.723 Y122.051 E.01589
G1 X105.222 Y63.55 E2.46588
G1 X104.689 Y63.55 E.01589
G1 X163.19 Y122.051 E2.46588
G1 X162.657 Y122.051 E.01589
G1 X104.156 Y63.55 E2.46588
G1 X103.623 Y63.55 E.01589
G1 X162.124 Y122.051 E2.46588
G1 X161.59 Y122.051 E.01589
G1 X103.089 Y63.55 E2.46588
G1 X102.556 Y63.55 E.01589
G1 X161.057 Y122.051 E2.46588
G1 X160.524 Y122.051 E.01589
G1 X102.023 Y63.55 E2.46588
G1 X101.49 Y63.55 E.01589
G1 X159.991 Y122.051 E2.46588
G1 X159.457 Y122.051 E.01589
G1 X100.956 Y63.55 E2.46588
G1 X100.423 Y63.55 E.01589
G1 X158.924 Y122.051 E2.46588
G1 X158.391 Y122.051 E.01589
G1 X99.89 Y63.55 E2.46588
G1 X99.356 Y63.55 E.01589
G1 X157.857 Y122.051 E2.46588
G1 X157.324 Y122.051 E.01589
G1 X98.823 Y63.55 E2.46588
G1 X98.29 Y63.55 E.01589
G1 X156.791 Y122.051 E2.46588
G1 X156.258 Y122.051 E.01589
G1 X97.757 Y63.55 E2.46588
G1 X97.223 Y63.55 E.01589
G1 X155.724 Y122.051 E2.46588
G1 X155.191 Y122.051 E.01589
G1 X96.69 Y63.55 E2.46588
G1 X96.157 Y63.55 E.01589
G1 X154.658 Y122.051 E2.46588
G1 X154.125 Y122.051 E.01589
G1 X95.624 Y63.55 E2.46588
G1 X95.09 Y63.55 E.01589
G1 X153.591 Y122.051 E2.46588
G1 X153.058 Y122.051 E.01589
G1 X94.557 Y63.55 E2.46588
G1 X94.024 Y63.55 E.01589
G1 X152.525 Y122.051 E2.46588
G1 X151.992 Y122.051 E.01589
M73 P22 R60
G1 X93.491 Y63.55 E2.46588
G1 X92.957 Y63.55 E.01589
G1 X151.458 Y122.051 E2.46588
G1 X150.925 Y122.051 E.01589
G1 X92.424 Y63.55 E2.46588
G1 X91.891 Y63.55 E.01589
G1 X150.392 Y122.051 E2.46588
G1 X149.858 Y122.051 E.01589
G1 X91.357 Y63.55 E2.46588
G1 X90.824 Y63.55 E.01589
G1 X149.325 Y122.051 E2.46588
G1 X148.792 Y122.051 E.01589
G1 X90.291 Y63.55 E2.46588
G1 X89.758 Y63.55 E.01589
M73 P22 R59
G1 X148.259 Y122.051 E2.46588
G1 X147.725 Y122.051 E.01589
G1 X89.224 Y63.55 E2.46588
G1 X88.691 Y63.55 E.01589
G1 X147.192 Y122.051 E2.46588
G1 X146.659 Y122.051 E.01589
G1 X88.158 Y63.55 E2.46588
G1 X87.625 Y63.55 E.01589
G1 X146.126 Y122.051 E2.46588
G1 X145.592 Y122.051 E.01589
G1 X87.091 Y63.55 E2.46588
G1 X86.558 Y63.55 E.01589
G1 X145.059 Y122.051 E2.46588
G1 X144.526 Y122.051 E.01589
G1 X86.025 Y63.55 E2.46588
G1 X85.491 Y63.55 E.01589
G1 X143.992 Y122.051 E2.46588
G1 X143.459 Y122.051 E.01589
G1 X84.958 Y63.55 E2.46588
G1 X84.425 Y63.55 E.01589
G1 X142.926 Y122.051 E2.46588
G1 X142.393 Y122.051 E.01589
G1 X83.892 Y63.55 E2.46588
G1 X83.358 Y63.55 E.01589
G1 X141.859 Y122.051 E2.46588
G1 X141.326 Y122.051 E.01589
G1 X82.825 Y63.55 E2.46588
G1 X82.292 Y63.55 E.01589
G1 X140.793 Y122.051 E2.46588
G1 X140.26 Y122.051 E.01589
G1 X81.759 Y63.55 E2.46588
G1 X81.225 Y63.55 E.01589
G1 X139.726 Y122.051 E2.46588
G1 X139.193 Y122.051 E.01589
G1 X80.692 Y63.55 E2.46588
G1 X80.159 Y63.55 E.01589
G1 X138.66 Y122.051 E2.46588
G1 X138.126 Y122.051 E.01589
G1 X79.626 Y63.55 E2.46588
G1 X79.092 Y63.55 E.01589
G1 X137.593 Y122.051 E2.46588
G1 X137.06 Y122.051 E.01589
G1 X78.559 Y63.55 E2.46588
G1 X78.026 Y63.55 E.01589
G1 X136.527 Y122.051 E2.46588
G1 X135.993 Y122.051 E.01589
G1 X77.492 Y63.55 E2.46588
G1 X76.959 Y63.55 E.01589
G1 X135.46 Y122.051 E2.46588
G1 X134.927 Y122.051 E.01589
G1 X76.426 Y63.55 E2.46588
G1 X75.893 Y63.55 E.01589
G1 X134.394 Y122.051 E2.46588
G1 X133.86 Y122.051 E.01589
G1 X75.359 Y63.55 E2.46588
G1 X74.826 Y63.55 E.01589
G1 X133.327 Y122.051 E2.46588
G1 X132.794 Y122.051 E.01589
G1 X74.293 Y63.55 E2.46588
G1 X73.76 Y63.55 E.01589
G1 X132.261 Y122.051 E2.46588
G1 X131.727 Y122.051 E.01589
G1 X73.226 Y63.55 E2.46588
G1 X72.693 Y63.55 E.01589
G1 X131.194 Y122.051 E2.46588
G1 X130.661 Y122.051 E.01589
G1 X72.16 Y63.55 E2.46588
G1 X71.626 Y63.55 E.01589
G1 X130.127 Y122.051 E2.46588
G1 X129.594 Y122.051 E.01589
G1 X71.093 Y63.55 E2.46588
G1 X70.56 Y63.55 E.01589
G1 X129.061 Y122.051 E2.46588
G1 X128.528 Y122.051 E.01589
G1 X70.027 Y63.55 E2.46588
G1 X69.493 Y63.55 E.01589
G1 X127.994 Y122.051 E2.46588
G1 X127.461 Y122.051 E.01589
G1 X68.96 Y63.55 E2.46588
G1 X68.427 Y63.55 E.01589
G1 X126.928 Y122.051 E2.46588
G1 X126.395 Y122.051 E.01589
G1 X67.894 Y63.55 E2.46588
G1 X67.36 Y63.55 E.01589
G1 X125.861 Y122.051 E2.46588
G1 X125.328 Y122.051 E.01589
G1 X66.827 Y63.55 E2.46588
G1 X66.294 Y63.55 E.01589
G1 X124.795 Y122.051 E2.46588
G1 X124.261 Y122.051 E.01589
G1 X65.76 Y63.55 E2.46588
G1 X65.227 Y63.55 E.01589
G1 X123.728 Y122.051 E2.46588
G1 X123.195 Y122.051 E.01589
G1 X64.694 Y63.55 E2.46588
G1 X64.161 Y63.55 E.01589
G1 X122.662 Y122.051 E2.46588
G1 X122.128 Y122.051 E.01589
G1 X63.9 Y63.822 E2.45441
G1 X63.9 Y64.355 E.01589
G1 X121.595 Y122.051 E2.43193
G1 X121.062 Y122.051 E.01589
G1 X63.9 Y64.888 E2.40946
G1 X63.9 Y65.421 E.01589
G1 X120.529 Y122.051 E2.38698
G1 X119.995 Y122.051 E.01589
G1 X63.9 Y65.955 E2.3645
G1 X63.9 Y66.488 E.01589
G1 X119.462 Y122.051 E2.34202
G1 X118.929 Y122.051 E.01589
G1 X63.9 Y67.021 E2.31955
G1 X63.9 Y67.555 E.01589
G1 X118.395 Y122.051 E2.29707
G1 X117.862 Y122.051 E.01589
G1 X63.9 Y68.088 E2.27459
G1 X63.9 Y68.621 E.01589
G1 X117.329 Y122.051 E2.25211
G1 X116.796 Y122.051 E.01589
G1 X63.9 Y69.154 E2.22963
G1 X63.9 Y69.688 E.01589
G1 X116.262 Y122.051 E2.20716
G1 X115.729 Y122.051 E.01589
G1 X63.9 Y70.221 E2.18468
G1 X63.9 Y70.754 E.01589
G1 X115.196 Y122.051 E2.1622
G1 X114.663 Y122.051 E.01589
G1 X63.9 Y71.287 E2.13972
G1 X63.9 Y71.821 E.01589
G1 X114.129 Y122.051 E2.11724
G1 X113.596 Y122.051 E.01589
G1 X63.9 Y72.354 E2.09477
G1 X63.9 Y72.887 E.01589
G1 X113.063 Y122.051 E2.07229
G1 X112.53 Y122.051 E.01589
G1 X63.9 Y73.42 E2.04981
G1 X63.9 Y73.954 E.01589
G1 X111.996 Y122.051 E2.02733
G1 X111.463 Y122.051 E.01589
G1 X63.9 Y74.487 E2.00485
G1 X63.9 Y75.02 E.01589
G1 X110.93 Y122.051 E1.98238
G1 X110.396 Y122.051 E.01589
G1 X63.9 Y75.554 E1.9599
G1 X63.9 Y76.087 E.01589
G1 X109.863 Y122.051 E1.93742
G1 X109.33 Y122.051 E.01589
G1 X63.9 Y76.62 E1.91494
G1 X63.9 Y77.153 E.01589
G1 X108.797 Y122.051 E1.89246
G1 X108.263 Y122.051 E.01589
G1 X63.9 Y77.687 E1.86999
G1 X63.9 Y78.22 E.01589
G1 X107.73 Y122.051 E1.84751
G1 X107.197 Y122.051 E.01589
G1 X63.9 Y78.753 E1.82503
G1 X63.9 Y79.286 E.01589
G1 X106.664 Y122.051 E1.80255
G1 X106.13 Y122.051 E.01589
G1 X63.9 Y79.82 E1.78007
G1 X63.9 Y80.353 E.01589
G1 X105.597 Y122.051 E1.7576
G1 X105.064 Y122.051 E.01589
G1 X63.9 Y80.886 E1.73512
G1 X63.9 Y81.42 E.01589
G1 X104.53 Y122.051 E1.71264
G1 X103.997 Y122.051 E.01589
G1 X63.9 Y81.953 E1.69016
G1 X63.9 Y82.486 E.01589
G1 X103.464 Y122.051 E1.66768
G1 X102.931 Y122.051 E.01589
G1 X63.9 Y83.019 E1.64521
G1 X63.9 Y83.553 E.01589
G1 X102.397 Y122.051 E1.62273
G1 X101.864 Y122.051 E.01589
G1 X63.9 Y84.086 E1.60025
G1 X63.9 Y84.619 E.01589
G1 X101.331 Y122.051 E1.57777
G1 X100.798 Y122.051 E.01589
G1 X63.9 Y85.152 E1.5553
G1 X63.9 Y85.686 E.01589
G1 X100.264 Y122.051 E1.53282
G1 X99.731 Y122.051 E.01589
G1 X63.9 Y86.219 E1.51034
G1 X63.9 Y86.752 E.01589
G1 X99.198 Y122.051 E1.48786
G1 X98.664 Y122.051 E.01589
G1 X63.9 Y87.286 E1.46538
G1 X63.9 Y87.819 E.01589
G1 X98.131 Y122.051 E1.44291
G1 X97.598 Y122.051 E.01589
G1 X63.9 Y88.352 E1.42043
G1 X63.9 Y88.885 E.01589
G1 X97.065 Y122.051 E1.39795
G1 X96.531 Y122.051 E.01589
G1 X63.9 Y89.419 E1.37547
G1 X63.9 Y89.952 E.01589
G1 X95.998 Y122.051 E1.35299
G1 X95.465 Y122.051 E.01589
G1 X63.9 Y90.485 E1.33052
G1 X63.9 Y91.018 E.01589
G1 X94.932 Y122.051 E1.30804
G1 X94.398 Y122.051 E.01589
G1 X63.9 Y91.552 E1.28556
G1 X63.9 Y92.085 E.01589
G1 X93.865 Y122.051 E1.26308
G1 X93.332 Y122.051 E.01589
G1 X63.9 Y92.618 E1.2406
G1 X63.9 Y93.151 E.01589
G1 X91.519 Y120.771 E1.1642
G1 X90.986 Y120.771 E.01589
G1 X63.9 Y93.685 E1.14172
G1 X63.9 Y94.218 E.01589
G1 X90.453 Y120.771 E1.11924
G1 X89.919 Y120.771 E.01589
G1 X63.9 Y94.751 E1.09676
G1 X63.9 Y95.285 E.01589
G1 X89.386 Y120.771 E1.07428
G1 X88.853 Y120.771 E.01589
G1 X63.9 Y95.818 E1.05181
G1 X63.9 Y96.351 E.01589
G1 X88.319 Y120.771 E1.02933
G1 X87.786 Y120.771 E.01589
G1 X63.9 Y96.884 E1.00685
G1 X63.9 Y97.418 E.01589
G1 X87.253 Y120.771 E.98437
G1 X86.72 Y120.771 E.01589
G1 X63.9 Y97.951 E.96189
G1 X63.9 Y98.484 E.01589
G1 X86.186 Y120.771 E.93942
G1 X85.653 Y120.771 E.01589
G1 X63.9 Y99.017 E.91694
G1 X63.9 Y99.551 E.01589
G1 X85.12 Y120.771 E.89446
G1 X84.587 Y120.771 E.01589
G1 X63.9 Y100.084 E.87198
G1 X63.9 Y100.617 E.01589
G1 X84.053 Y120.771 E.8495
G1 X83.52 Y120.771 E.01589
G1 X63.9 Y101.151 E.82703
G1 X63.9 Y101.684 E.01589
G1 X82.987 Y120.771 E.80455
G1 X82.453 Y120.771 E.01589
G1 X63.9 Y102.217 E.78207
G1 X63.9 Y102.75 E.01589
G1 X81.92 Y120.771 E.75959
G1 X81.387 Y120.771 E.01589
G1 X63.9 Y103.284 E.73711
G1 X63.9 Y103.817 E.01589
G1 X80.854 Y120.771 E.71464
G1 X80.32 Y120.771 E.01589
G1 X63.9 Y104.35 E.69216
G1 X63.9 Y104.883 E.01589
G1 X79.787 Y120.771 E.66968
G1 X79.254 Y120.771 E.01589
G1 X63.9 Y105.417 E.6472
G1 X63.9 Y105.95 E.01589
G1 X78.721 Y120.771 E.62472
G1 X78.187 Y120.771 E.01589
G1 X63.9 Y106.483 E.60225
G1 X63.9 Y107.017 E.01589
G1 X77.654 Y120.771 E.57977
G1 X77.121 Y120.771 E.01589
G1 X63.9 Y107.55 E.55729
G1 X63.9 Y108.083 E.01589
G1 X76.587 Y120.771 E.53481
G1 X76.054 Y120.771 E.01589
G1 X63.9 Y108.616 E.51234
G1 X63.9 Y109.15 E.01589
G1 X75.521 Y120.771 E.48986
G1 X74.988 Y120.771 E.01589
G1 X63.9 Y109.683 E.46738
G1 X63.9 Y110.216 E.01589
G1 X74.454 Y120.771 E.4449
G1 X73.921 Y120.771 E.01589
G1 X63.9 Y110.749 E.42242
G1 X63.9 Y111.283 E.01589
G1 X73.388 Y120.771 E.39995
G1 X72.855 Y120.771 E.01589
G1 X63.9 Y111.816 E.37747
G1 X63.9 Y112.349 E.01589
G1 X72.321 Y120.771 E.35499
G1 X71.788 Y120.771 E.01589
G1 X63.9 Y112.882 E.33251
G1 X63.9 Y113.416 E.01589
G1 X71.255 Y120.771 E.31003
G1 X70.722 Y120.771 E.01589
G1 X63.9 Y113.949 E.28756
G1 X63.9 Y114.482 E.01589
G1 X70.188 Y120.771 E.26508
G1 X69.655 Y120.771 E.01589
G1 X63.9 Y115.016 E.2426
G1 X63.9 Y115.549 E.01589
G1 X69.122 Y120.771 E.22012
G1 X68.588 Y120.771 E.01589
G1 X63.9 Y116.082 E.19764
G1 X63.9 Y116.615 E.01589
G1 X68.055 Y120.771 E.17517
G1 X67.522 Y120.771 E.01589
G1 X63.9 Y117.149 E.15269
G1 X63.9 Y117.682 E.01589
G1 X66.989 Y120.771 E.13021
G1 X66.455 Y120.771 E.01589
G1 X63.9 Y118.215 E.10773
G1 X63.9 Y118.748 E.01589
G1 X65.922 Y120.771 E.08525
G1 X65.389 Y120.771 E.01589
G1 X63.9 Y119.282 E.06278
G1 X63.9 Y119.815 E.01589
G1 X65.025 Y120.941 E.04745
;LAYER_CHANGE
;Z:0.8
;HEIGHT:0.2
;BEFORE_LAYER_CHANGE
;0.8
G92 E0

G1 E-.728 F1800
;WIPE_START
G1 F30000
G1 X64.177 Y120.092 E-.072
;WIPE_END
M73 L4
;LAYER:4
SET_PRINT_STATS_INFO TOTAL_LAYER=93 CURRENT_LAYER=4
;_SET_FAN_SPEED_CHANGING_LAYER

G1 X63.7098 Y121.039 Z0.857143
G1 X62.6781 Y121.265 Z0.914286
G1 X61.8586 Y120.599 Z0.971429
G1 X61.8682 Y119.543 Z1.02857
G1 X62.6999 Y118.892 Z1.08571
G1 X63.7272 Y119.137 Z1.14286
G1 X64.1767 Y120.092 Z1.2
G1 X63.566 Y186.784 Z1.2
G1 Z.8
G1 E.8 F1800
;TYPE:Inner wall
;WIDTH:0.45
G1 F6000
G1 X63.566 Y128.916 E1.86198
G1 X192.434 Y128.916 E4.14653
G1 X192.434 Y188.084 E1.90381
G1 X92.066 Y188.084 E3.22949
G1 X92.066 Y186.784 E.04183
G1 X63.606 Y186.784 E.91575
G1 X63.159 Y187.191 F30000
M73 P23 R59
G1 F6000
G1 X63.159 Y128.509 E1.88818
G1 X192.841 Y128.509 E4.17273
G1 X192.841 Y188.491 E1.93001
G1 X91.659 Y188.491 E3.25569
G1 X91.659 Y187.191 E.04183
G1 X63.199 Y187.191 E.91575
G1 X63.348 Y187.598 F30000
G1 F6000
G1 X63.348 Y188.898 E.04183
G1 X62.752 Y188.898 E.01917
G1 X62.752 Y128.102 E1.95621
G1 X193.248 Y128.102 E4.19892
G1 X193.248 Y188.898 E1.95621
G1 X91.252 Y188.898 E3.28189
G1 X91.252 Y187.598 E.04183
G1 X63.388 Y187.598 E.89658
SET_VELOCITY_LIMIT ACCEL=5000
G1 X63.74 Y187.99 F30000
;TYPE:Outer wall
;WIDTH:0.42
G1 F3600
G1 X63.74 Y189.29 E.03875
G1 X62.36 Y189.29 E.04113
G1 X62.36 Y127.71 E1.83542
G1 X193.64 Y127.71 E3.91285
G1 X193.64 Y189.29 E1.83542
G1 X90.86 Y189.29 E3.0634
G1 X90.86 Y187.99 E.03875
G1 X63.78 Y187.99 E.80713
G1 E-.728 F1800
;WIPE_START
G1 F30000
G1 X63.743 Y189.189 E-.072
;WIPE_END
G1 X63.05 Y187.394 Z1.2
G1 Z.8
G1 E.8 F1800
SET_VELOCITY_LIMIT ACCEL=10000
;TYPE:Gap infill
;WIDTH:0.231688
G1 F15000
G1 X63.05 Y188.694 E.0194
G1 E-.728 F1800
;WIPE_START
G1 F30000
G1 X63.05 Y187.494 E-.072
;WIPE_END
G1 X63.174 Y179.863 Z1.2
G1 X63.995 Y129.276 Z1.2
G1 Z.8
G1 E.8 F1800
;TYPE:Internal solid infill
;WIDTH:0.442594
G1 F15000
G1 X63.92 Y129.32 E.00273
G1 X64 Y129.354 E.00275
G1 E-.78958 F1800
;WIPE_START
G1 F30000
G1 X63.92 Y129.32 E-.00523
G1 X63.995 Y129.276 E-.00519
;WIPE_END
G1 X70.925 Y132.473 Z1.2
G1 X190.658 Y187.692 Z1.2
G1 Z.8
G1 E.8 F1800
;WIDTH:0.419999
G1 F15000
G1 X192.042 Y187.692 E.04123
G1 X192.042 Y186.308 E.04123
G1 X190.687 Y187.663 E.05712
G1 E-.728 F1800
;WIPE_START
G1 F30000
G1 X191.535 Y186.815 E-.072
;WIPE_END
G1 X191.664 Y187.24 Z1.2
G1 Z.8
G1 E.8 F1800
;WIDTH:0.476216
G1 F15000
G1 X191.609 Y187.24 E.00185
G1 X191.582 Y187.287 E.00185
G1 X191.609 Y187.333 E.00185
G1 X191.671 Y187.321 E.00214
G1 E-.7865 F1800
;WIPE_START
G1 F30000
G1 X191.609 Y187.333 E-.00375
G1 X191.582 Y187.287 E-.00325
G1 X191.609 Y187.24 E-.00325
G1 X191.664 Y187.24 E-.00325
;WIPE_END
G1 X192.27 Y185.813 Z1.2
G1 Z.8
G1 E.8 F1800
;WIDTH:0.419999
G1 F15000
G1 X190.333 Y187.751 E.08166
G1 X189.8 Y187.751 E.01589
G1 X192.101 Y185.45 E.09699
G1 X192.101 Y184.916 E.01589
G1 X189.266 Y187.751 E.11947
G1 X188.733 Y187.751 E.01589
G1 X192.101 Y184.383 E.14194
G1 X192.101 Y183.85 E.01589
G1 X188.2 Y187.751 E.16442
G1 X187.666 Y187.751 E.01589
G1 X192.101 Y183.316 E.1869
G1 X192.101 Y182.783 E.01589
M73 P23 R58
G1 X187.133 Y187.751 E.20938
G1 X186.6 Y187.751 E.01589
G1 X192.101 Y182.25 E.23186
G1 X192.101 Y181.717 E.01589
G1 X186.067 Y187.751 E.25433
G1 X185.533 Y187.751 E.01589
G1 X192.101 Y181.183 E.27681
G1 X192.101 Y180.65 E.01589
G1 X185 Y187.751 E.29929
G1 X184.467 Y187.751 E.01589
G1 X192.101 Y180.117 E.32177
G1 X192.101 Y179.584 E.01589
G1 X183.934 Y187.751 E.34425
G1 X183.4 Y187.751 E.01589
G1 X192.101 Y179.05 E.36672
G1 X192.101 Y178.517 E.01589
G1 X182.867 Y187.751 E.3892
G1 X182.334 Y187.751 E.01589
G1 X192.101 Y177.984 E.41168
G1 X192.101 Y177.45 E.01589
G1 X181.8 Y187.751 E.43416
G1 X181.267 Y187.751 E.01589
G1 X192.101 Y176.917 E.45664
G1 X192.101 Y176.384 E.01589
G1 X180.734 Y187.751 E.47911
G1 X180.201 Y187.751 E.01589
G1 X192.101 Y175.851 E.50159
G1 X192.101 Y175.317 E.01589
G1 X179.667 Y187.751 E.52407
G1 X179.134 Y187.751 E.01589
G1 X192.101 Y174.784 E.54655
G1 X192.101 Y174.251 E.01589
G1 X178.601 Y187.751 E.56903
G1 X178.068 Y187.751 E.01589
G1 X192.101 Y173.718 E.5915
G1 X192.101 Y173.184 E.01589
G1 X177.534 Y187.751 E.61398
G1 X177.001 Y187.751 E.01589
G1 X192.101 Y172.651 E.63646
G1 X192.101 Y172.118 E.01589
G1 X176.468 Y187.751 E.65894
G1 X175.934 Y187.751 E.01589
G1 X192.101 Y171.584 E.68142
G1 X192.101 Y171.051 E.01589
G1 X175.401 Y187.751 E.70389
G1 X174.868 Y187.751 E.01589
G1 X192.101 Y170.518 E.72637
G1 X192.101 Y169.985 E.01589
G1 X174.335 Y187.751 E.74885
G1 X173.801 Y187.751 E.01589
G1 X192.101 Y169.451 E.77133
G1 X192.101 Y168.918 E.01589
G1 X173.268 Y187.751 E.79381
G1 X172.735 Y187.751 E.01589
G1 X192.101 Y168.385 E.81628
G1 X192.101 Y167.852 E.01589
G1 X172.202 Y187.751 E.83876
G1 X171.668 Y187.751 E.01589
G1 X192.101 Y167.318 E.86124
G1 X192.101 Y166.785 E.01589
G1 X171.135 Y187.751 E.88372
G1 X170.602 Y187.751 E.01589
G1 X192.101 Y166.252 E.90619
G1 X192.101 Y165.719 E.01589
G1 X170.069 Y187.751 E.92867
G1 X169.535 Y187.751 E.01589
G1 X192.101 Y165.185 E.95115
G1 X192.101 Y164.652 E.01589
G1 X169.002 Y187.751 E.97363
G1 X168.469 Y187.751 E.01589
G1 X192.101 Y164.119 E.99611
G1 X192.101 Y163.585 E.01589
G1 X167.935 Y187.751 E1.01858
G1 X167.402 Y187.751 E.01589
G1 X192.101 Y163.052 E1.04106
G1 X192.101 Y162.519 E.01589
G1 X166.869 Y187.751 E1.06354
G1 X166.336 Y187.751 E.01589
G1 X192.101 Y161.986 E1.08602
G1 X192.101 Y161.452 E.01589
G1 X165.802 Y187.751 E1.1085
G1 X165.269 Y187.751 E.01589
G1 X192.101 Y160.919 E1.13097
G1 X192.101 Y160.386 E.01589
G1 X164.736 Y187.751 E1.15345
G1 X164.203 Y187.751 E.01589
G1 X192.101 Y159.853 E1.17593
G1 X192.101 Y159.319 E.01589
G1 X163.669 Y187.751 E1.19841
G1 X163.136 Y187.751 E.01589
G1 X192.101 Y158.786 E1.22089
G1 X192.101 Y158.253 E.01589
G1 X162.603 Y187.751 E1.24336
G1 X162.069 Y187.751 E.01589
G1 X192.101 Y157.719 E1.26584
G1 X192.101 Y157.186 E.01589
G1 X161.536 Y187.751 E1.28832
G1 X161.003 Y187.751 E.01589
G1 X192.101 Y156.653 E1.3108
G1 X192.101 Y156.12 E.01589
G1 X160.47 Y187.751 E1.33328
G1 X159.936 Y187.751 E.01589
G1 X192.101 Y155.586 E1.35575
G1 X192.101 Y155.053 E.01589
G1 X159.403 Y187.751 E1.37823
G1 X158.87 Y187.751 E.01589
G1 X192.101 Y154.52 E1.40071
G1 X192.101 Y153.987 E.01589
G1 X158.337 Y187.751 E1.42319
G1 X157.803 Y187.751 E.01589
G1 X192.101 Y153.453 E1.44567
G1 X192.101 Y152.92 E.01589
G1 X157.27 Y187.751 E1.46814
G1 X156.737 Y187.751 E.01589
G1 X192.101 Y152.387 E1.49062
G1 X192.101 Y151.853 E.01589
G1 X156.203 Y187.751 E1.5131
G1 X155.67 Y187.751 E.01589
G1 X192.101 Y151.32 E1.53558
G1 X192.101 Y150.787 E.01589
G1 X155.137 Y187.751 E1.55806
G1 X154.604 Y187.751 E.01589
G1 X192.101 Y150.254 E1.58053
G1 X192.101 Y149.72 E.01589
G1 X154.07 Y187.751 E1.60301
G1 X153.537 Y187.751 E.01589
G1 X192.101 Y149.187 E1.62549
G1 X192.101 Y148.654 E.01589
G1 X153.004 Y187.751 E1.64797
G1 X152.471 Y187.751 E.01589
G1 X192.101 Y148.121 E1.67044
G1 X192.101 Y147.587 E.01589
G1 X151.937 Y187.751 E1.69292
G1 X151.404 Y187.751 E.01589
G1 X192.101 Y147.054 E1.7154
G1 X192.101 Y146.521 E.01589
G1 X150.871 Y187.751 E1.73788
G1 X150.338 Y187.751 E.01589
G1 X192.101 Y145.988 E1.76036
G1 X192.101 Y145.454 E.01589
G1 X149.804 Y187.751 E1.78283
G1 X149.271 Y187.751 E.01589
G1 X192.101 Y144.921 E1.80531
G1 X192.101 Y144.388 E.01589
G1 X148.738 Y187.751 E1.82779
G1 X148.204 Y187.751 E.01589
G1 X192.101 Y143.854 E1.85027
G1 X192.101 Y143.321 E.01589
G1 X147.671 Y187.751 E1.87275
G1 X147.138 Y187.751 E.01589
G1 X192.101 Y142.788 E1.89522
G1 X192.101 Y142.255 E.01589
G1 X146.605 Y187.751 E1.9177
G1 X146.071 Y187.751 E.01589
G1 X192.101 Y141.721 E1.94018
G1 X192.101 Y141.188 E.01589
G1 X145.538 Y187.751 E1.96266
G1 X145.005 Y187.751 E.01589
G1 X192.101 Y140.655 E1.98514
G1 X192.101 Y140.122 E.01589
G1 X144.472 Y187.751 E2.00761
G1 X143.938 Y187.751 E.01589
G1 X192.101 Y139.588 E2.03009
G1 X192.101 Y139.055 E.01589
G1 X143.405 Y187.751 E2.05257
G1 X142.872 Y187.751 E.01589
G1 X192.101 Y138.522 E2.07505
G1 X192.101 Y137.988 E.01589
G1 X142.338 Y187.751 E2.09753
G1 X141.805 Y187.751 E.01589
G1 X192.101 Y137.455 E2.12
G1 X192.101 Y136.922 E.01589
G1 X141.272 Y187.751 E2.14248
G1 X140.739 Y187.751 E.01589
G1 X192.101 Y136.389 E2.16496
G1 X192.101 Y135.855 E.01589
G1 X140.205 Y187.751 E2.18744
G1 X139.672 Y187.751 E.01589
G1 X192.101 Y135.322 E2.20992
G1 X192.101 Y134.789 E.01589
G1 X139.139 Y187.751 E2.23239
G1 X138.606 Y187.751 E.01589
G1 X192.101 Y134.256 E2.25487
G1 X192.101 Y133.722 E.01589
G1 X138.072 Y187.751 E2.27735
G1 X137.539 Y187.751 E.01589
G1 X192.101 Y133.189 E2.29983
G1 X192.101 Y132.656 E.01589
G1 X137.006 Y187.751 E2.32231
G1 X136.472 Y187.751 E.01589
G1 X192.101 Y132.123 E2.34478
G1 X192.101 Y131.589 E.01589
G1 X135.939 Y187.751 E2.36726
G1 X135.406 Y187.751 E.01589
G1 X192.101 Y131.056 E2.38974
G1 X192.101 Y130.523 E.01589
G1 X134.873 Y187.751 E2.41222
G1 X134.339 Y187.751 E.01589
G1 X192.101 Y129.989 E2.43469
G1 X192.101 Y129.456 E.01589
G1 X133.806 Y187.751 E2.45717
G1 X133.273 Y187.751 E.01589
G1 X191.774 Y129.25 E2.46588
G1 X191.241 Y129.25 E.01589
G1 X132.74 Y187.751 E2.46588
G1 X132.206 Y187.751 E.01589
G1 X190.707 Y129.25 E2.46588
G1 X190.174 Y129.25 E.01589
G1 X131.673 Y187.751 E2.46588
G1 X131.14 Y187.751 E.01589
G1 X189.641 Y129.25 E2.46588
G1 X189.108 Y129.25 E.01589
G1 X130.607 Y187.751 E2.46588
G1 X130.073 Y187.751 E.01589
G1 X188.574 Y129.25 E2.46588
G1 X188.041 Y129.25 E.01589
G1 X129.54 Y187.751 E2.46588
G1 X129.007 Y187.751 E.01589
G1 X187.508 Y129.25 E2.46588
G1 X186.974 Y129.25 E.01589
G1 X128.473 Y187.751 E2.46588
G1 X127.94 Y187.751 E.01589
G1 X186.441 Y129.25 E2.46588
G1 X185.908 Y129.25 E.01589
G1 X127.407 Y187.751 E2.46588
G1 X126.874 Y187.751 E.01589
G1 X185.375 Y129.25 E2.46588
G1 X184.841 Y129.25 E.01589
G1 X126.34 Y187.751 E2.46588
G1 X125.807 Y187.751 E.01589
G1 X184.308 Y129.25 E2.46588
G1 X183.775 Y129.25 E.01589
G1 X125.274 Y187.751 E2.46588
G1 X124.741 Y187.751 E.01589
G1 X183.242 Y129.25 E2.46588
G1 X182.708 Y129.25 E.01589
G1 X124.207 Y187.751 E2.46588
G1 X123.674 Y187.751 E.01589
G1 X182.175 Y129.25 E2.46588
G1 X181.642 Y129.25 E.01589
G1 X123.141 Y187.751 E2.46588
G1 X122.607 Y187.751 E.01589
G1 X181.108 Y129.25 E2.46588
G1 X180.575 Y129.25 E.01589
G1 X122.074 Y187.751 E2.46588
G1 X121.541 Y187.751 E.01589
M73 P24 R58
G1 X180.042 Y129.25 E2.46588
G1 X179.509 Y129.25 E.01589
G1 X121.008 Y187.751 E2.46588
G1 X120.474 Y187.751 E.01589
G1 X178.975 Y129.25 E2.46588
G1 X178.442 Y129.25 E.01589
G1 X119.941 Y187.751 E2.46588
G1 X119.408 Y187.751 E.01589
G1 X177.909 Y129.25 E2.46588
G1 X177.376 Y129.25 E.01589
G1 X118.875 Y187.751 E2.46588
G1 X118.341 Y187.751 E.01589
G1 X176.842 Y129.25 E2.46588
G1 X176.309 Y129.25 E.01589
G1 X117.808 Y187.751 E2.46588
G1 X117.275 Y187.751 E.01589
G1 X175.776 Y129.25 E2.46588
G1 X175.242 Y129.25 E.01589
G1 X116.741 Y187.751 E2.46588
G1 X116.208 Y187.751 E.01589
G1 X174.709 Y129.25 E2.46588
G1 X174.176 Y129.25 E.01589
G1 X115.675 Y187.751 E2.46588
G1 X115.142 Y187.751 E.01589
G1 X173.643 Y129.25 E2.46588
G1 X173.109 Y129.25 E.01589
G1 X114.608 Y187.751 E2.46588
G1 X114.075 Y187.751 E.01589
G1 X172.576 Y129.25 E2.46588
G1 X172.043 Y129.25 E.01589
G1 X113.542 Y187.751 E2.46588
G1 X113.009 Y187.751 E.01589
G1 X171.51 Y129.25 E2.46588
G1 X170.976 Y129.25 E.01589
G1 X112.475 Y187.751 E2.46588
G1 X111.942 Y187.751 E.01589
G1 X170.443 Y129.25 E2.46588
G1 X169.91 Y129.25 E.01589
G1 X111.409 Y187.751 E2.46588
G1 X110.876 Y187.751 E.01589
G1 X169.377 Y129.25 E2.46588
G1 X168.843 Y129.25 E.01589
G1 X110.342 Y187.751 E2.46588
G1 X109.809 Y187.751 E.01589
G1 X168.31 Y129.25 E2.46588
G1 X167.777 Y129.25 E.01589
G1 X109.276 Y187.751 E2.46588
G1 X108.742 Y187.751 E.01589
G1 X167.243 Y129.25 E2.46588
G1 X166.71 Y129.25 E.01589
G1 X108.209 Y187.751 E2.46588
G1 X107.676 Y187.751 E.01589
G1 X166.177 Y129.25 E2.46588
G1 X165.644 Y129.25 E.01589
G1 X107.143 Y187.751 E2.46588
G1 X106.609 Y187.751 E.01589
G1 X165.11 Y129.25 E2.46588
G1 X164.577 Y129.25 E.01589
G1 X106.076 Y187.751 E2.46588
G1 X105.543 Y187.751 E.01589
G1 X164.044 Y129.25 E2.46588
G1 X163.511 Y129.25 E.01589
G1 X105.01 Y187.751 E2.46588
G1 X104.476 Y187.751 E.01589
G1 X162.977 Y129.25 E2.46588
G1 X162.444 Y129.25 E.01589
G1 X103.943 Y187.751 E2.46588
G1 X103.41 Y187.751 E.01589
G1 X161.911 Y129.25 E2.46588
G1 X161.377 Y129.25 E.01589
G1 X102.876 Y187.751 E2.46588
G1 X102.343 Y187.751 E.01589
G1 X160.844 Y129.25 E2.46588
G1 X160.311 Y129.25 E.01589
G1 X101.81 Y187.751 E2.46588
G1 X101.277 Y187.751 E.01589
G1 X159.778 Y129.25 E2.46588
G1 X159.244 Y129.25 E.01589
G1 X100.743 Y187.751 E2.46588
G1 X100.21 Y187.751 E.01589
G1 X158.711 Y129.25 E2.46588
G1 X158.178 Y129.25 E.01589
G1 X99.677 Y187.751 E2.46588
G1 X99.144 Y187.751 E.01589
G1 X157.645 Y129.25 E2.46588
G1 X157.111 Y129.25 E.01589
G1 X98.61 Y187.751 E2.46588
G1 X98.077 Y187.751 E.01589
G1 X156.578 Y129.25 E2.46588
G1 X156.045 Y129.25 E.01589
G1 X97.544 Y187.751 E2.46588
G1 X97.01 Y187.751 E.01589
G1 X155.511 Y129.25 E2.46588
G1 X154.978 Y129.25 E.01589
G1 X96.477 Y187.751 E2.46588
G1 X95.944 Y187.751 E.01589
G1 X154.445 Y129.25 E2.46588
G1 X153.912 Y129.25 E.01589
G1 X95.411 Y187.751 E2.46588
G1 X94.877 Y187.751 E.01589
G1 X153.378 Y129.25 E2.46588
G1 X152.845 Y129.25 E.01589
G1 X94.344 Y187.751 E2.46588
G1 X93.811 Y187.751 E.01589
G1 X152.312 Y129.25 E2.46588
G1 X151.779 Y129.25 E.01589
G1 X93.278 Y187.751 E2.46588
G1 X92.744 Y187.751 E.01589
G1 X151.245 Y129.25 E2.46588
G1 X150.712 Y129.25 E.01589
G1 X92.4 Y187.562 E2.45794
G1 X92.4 Y187.029 E.01589
G1 X150.179 Y129.25 E2.43546
G1 X149.646 Y129.25 E.01589
G1 X92.4 Y186.496 E2.41298
G1 X92.4 Y186.451 E.00134
G1 X91.911 Y186.451 E.01455
G1 X149.112 Y129.25 E2.41109
G1 X148.579 Y129.25 E.01589
G1 X91.378 Y186.451 E2.41109
G1 X90.845 Y186.451 E.01589
G1 X148.046 Y129.25 E2.41109
G1 X147.512 Y129.25 E.01589
G1 X90.311 Y186.451 E2.41109
G1 X89.778 Y186.451 E.01589
G1 X146.979 Y129.25 E2.41109
G1 X146.446 Y129.25 E.01589
G1 X89.245 Y186.451 E2.41109
G1 X88.712 Y186.451 E.01589
G1 X145.913 Y129.25 E2.41109
G1 X145.379 Y129.25 E.01589
G1 X88.178 Y186.451 E2.41109
G1 X87.645 Y186.451 E.01589
G1 X144.846 Y129.25 E2.41109
G1 X144.313 Y129.25 E.01589
G1 X87.112 Y186.451 E2.41109
G1 X86.579 Y186.451 E.01589
G1 X143.78 Y129.25 E2.41109
G1 X143.246 Y129.25 E.01589
G1 X86.045 Y186.451 E2.41109
G1 X85.512 Y186.451 E.01589
G1 X142.713 Y129.25 E2.41109
G1 X142.18 Y129.25 E.01589
G1 X84.979 Y186.451 E2.41109
G1 X84.445 Y186.451 E.01589
G1 X141.646 Y129.25 E2.41109
G1 X141.113 Y129.25 E.01589
G1 X83.912 Y186.451 E2.41109
G1 X83.379 Y186.451 E.01589
G1 X140.58 Y129.25 E2.41109
G1 X140.047 Y129.25 E.01589
G1 X82.846 Y186.451 E2.41109
G1 X82.312 Y186.451 E.01589
G1 X139.513 Y129.25 E2.41109
G1 X138.98 Y129.25 E.01589
G1 X81.779 Y186.451 E2.41109
G1 X81.246 Y186.451 E.01589
G1 X138.447 Y129.25 E2.41109
G1 X137.914 Y129.25 E.01589
G1 X80.713 Y186.451 E2.41109
G1 X80.179 Y186.451 E.01589
G1 X137.38 Y129.25 E2.41109
G1 X136.847 Y129.25 E.01589
G1 X79.646 Y186.451 E2.41109
G1 X79.113 Y186.451 E.01589
G1 X136.314 Y129.25 E2.41109
G1 X135.78 Y129.25 E.01589
M73 P24 R57
G1 X78.579 Y186.451 E2.41109
G1 X78.046 Y186.451 E.01589
G1 X135.247 Y129.25 E2.41109
G1 X134.714 Y129.25 E.01589
G1 X77.513 Y186.451 E2.41109
G1 X76.98 Y186.451 E.01589
G1 X134.181 Y129.25 E2.41109
G1 X133.647 Y129.25 E.01589
G1 X76.446 Y186.451 E2.41109
G1 X75.913 Y186.451 E.01589
G1 X133.114 Y129.25 E2.41109
G1 X132.581 Y129.25 E.01589
G1 X75.38 Y186.451 E2.41109
G1 X74.847 Y186.451 E.01589
G1 X132.048 Y129.25 E2.41109
G1 X131.514 Y129.25 E.01589
G1 X74.313 Y186.451 E2.41109
G1 X73.78 Y186.451 E.01589
G1 X130.981 Y129.25 E2.41109
G1 X130.448 Y129.25 E.01589
G1 X73.247 Y186.451 E2.41109
G1 X72.714 Y186.451 E.01589
G1 X129.915 Y129.25 E2.41109
G1 X129.381 Y129.25 E.01589
G1 X72.18 Y186.451 E2.41109
G1 X71.647 Y186.451 E.01589
G1 X128.848 Y129.25 E2.41109
G1 X128.315 Y129.25 E.01589
G1 X71.114 Y186.451 E2.41109
G1 X70.58 Y186.451 E.01589
G1 X127.781 Y129.25 E2.41109
G1 X127.248 Y129.25 E.01589
G1 X70.047 Y186.451 E2.41109
G1 X69.514 Y186.451 E.01589
G1 X126.715 Y129.25 E2.41109
G1 X126.182 Y129.25 E.01589
G1 X68.981 Y186.451 E2.41109
G1 X68.447 Y186.451 E.01589
G1 X125.648 Y129.25 E2.41109
G1 X125.115 Y129.25 E.01589
G1 X67.914 Y186.451 E2.41109
G1 X67.381 Y186.451 E.01589
G1 X124.582 Y129.25 E2.41109
G1 X124.049 Y129.25 E.01589
G1 X66.848 Y186.451 E2.41109
G1 X66.314 Y186.45 E.01589
G1 X123.515 Y129.25 E2.41109
G1 X122.982 Y129.25 E.01589
G1 X65.781 Y186.451 E2.41109
G1 X65.248 Y186.451 E.01589
G1 X122.449 Y129.25 E2.41109
G1 X121.915 Y129.25 E.01589
G1 X64.714 Y186.451 E2.41109
G1 X64.181 Y186.451 E.01589
G1 X121.382 Y129.25 E2.41109
G1 X120.849 Y129.25 E.01589
G1 X63.9 Y186.199 E2.40048
G1 X63.9 Y185.666 E.01589
G1 X120.316 Y129.25 E2.378
G1 X119.782 Y129.25 E.01589
G1 X63.9 Y185.132 E2.35553
G1 X63.9 Y184.599 E.01589
G1 X119.249 Y129.25 E2.33305
G1 X118.716 Y129.25 E.01589
G1 X63.9 Y184.066 E2.31057
G1 X63.9 Y183.533 E.01589
G1 X118.183 Y129.25 E2.28809
G1 X117.649 Y129.25 E.01589
G1 X63.9 Y182.999 E2.26561
G1 X63.9 Y182.466 E.01589
G1 X117.116 Y129.25 E2.24314
G1 X116.583 Y129.25 E.01589
G1 X63.9 Y181.933 E2.22066
G1 X63.9 Y181.399 E.01589
G1 X116.049 Y129.25 E2.19818
G1 X115.516 Y129.25 E.01589
G1 X63.9 Y180.866 E2.1757
G1 X63.9 Y180.333 E.01589
G1 X114.983 Y129.25 E2.15322
G1 X114.45 Y129.25 E.01589
G1 X63.9 Y179.8 E2.13075
G1 X63.9 Y179.266 E.01589
G1 X113.916 Y129.25 E2.10827
G1 X113.383 Y129.25 E.01589
G1 X63.9 Y178.733 E2.08579
G1 X63.9 Y178.2 E.01589
G1 X112.85 Y129.25 E2.06331
G1 X112.317 Y129.25 E.01589
G1 X63.9 Y177.667 E2.04083
G1 X63.9 Y177.133 E.01589
G1 X111.783 Y129.25 E2.01836
G1 X111.25 Y129.25 E.01589
M73 P25 R57
G1 X63.9 Y176.6 E1.99588
G1 X63.9 Y176.067 E.01589
G1 X110.717 Y129.25 E1.9734
G1 X110.184 Y129.25 E.01589
G1 X63.9 Y175.534 E1.95092
G1 X63.9 Y175 E.01589
G1 X109.65 Y129.25 E1.92844
G1 X109.117 Y129.25 E.01589
G1 X63.9 Y174.467 E1.90597
G1 X63.9 Y173.934 E.01589
G1 X108.584 Y129.25 E1.88349
G1 X108.05 Y129.25 E.01589
G1 X63.9 Y173.4 E1.86101
G1 X63.9 Y172.867 E.01589
G1 X107.517 Y129.25 E1.83853
G1 X106.984 Y129.25 E.01589
G1 X63.9 Y172.334 E1.81606
G1 X63.9 Y171.801 E.01589
G1 X106.451 Y129.25 E1.79358
G1 X105.917 Y129.25 E.01589
G1 X63.9 Y171.267 E1.7711
G1 X63.9 Y170.734 E.01589
G1 X105.384 Y129.25 E1.74862
G1 X104.851 Y129.25 E.01589
G1 X63.9 Y170.201 E1.72614
G1 X63.9 Y169.668 E.01589
G1 X104.318 Y129.25 E1.70367
G1 X103.784 Y129.25 E.01589
G1 X63.9 Y169.134 E1.68119
G1 X63.9 Y168.601 E.01589
G1 X103.251 Y129.25 E1.65871
G1 X102.718 Y129.25 E.01589
G1 X63.9 Y168.068 E1.63623
G1 X63.9 Y167.534 E.01589
G1 X102.184 Y129.25 E1.61375
G1 X101.651 Y129.25 E.01589
G1 X63.9 Y167.001 E1.59128
G1 X63.9 Y166.468 E.01589
G1 X101.118 Y129.25 E1.5688
G1 X100.585 Y129.25 E.01589
G1 X63.9 Y165.935 E1.54632
G1 X63.9 Y165.401 E.01589
G1 X100.051 Y129.25 E1.52384
G1 X99.518 Y129.25 E.01589
G1 X63.9 Y164.868 E1.50136
G1 X63.9 Y164.335 E.01589
G1 X98.985 Y129.25 E1.47889
G1 X98.452 Y129.25 E.01589
G1 X63.9 Y163.802 E1.45641
G1 X63.9 Y163.268 E.01589
G1 X97.918 Y129.25 E1.43393
G1 X97.385 Y129.25 E.01589
G1 X63.9 Y162.735 E1.41145
G1 X63.9 Y162.202 E.01589
G1 X96.852 Y129.25 E1.38897
G1 X96.318 Y129.25 E.01589
G1 X63.9 Y161.668 E1.3665
G1 X63.9 Y161.135 E.01589
G1 X95.785 Y129.25 E1.34402
G1 X95.252 Y129.25 E.01589
G1 X63.9 Y160.602 E1.32154
G1 X63.9 Y160.069 E.01589
G1 X94.719 Y129.25 E1.29906
G1 X94.185 Y129.25 E.01589
G1 X63.9 Y159.535 E1.27658
G1 X63.9 Y159.002 E.01589
G1 X93.652 Y129.25 E1.25411
G1 X93.119 Y129.25 E.01589
G1 X63.9 Y158.469 E1.23163
G1 X63.9 Y157.936 E.01589
G1 X92.586 Y129.25 E1.20915
G1 X92.052 Y129.25 E.01589
G1 X63.9 Y157.402 E1.18667
G1 X63.9 Y156.869 E.01589
G1 X91.519 Y129.25 E1.16419
G1 X90.986 Y129.25 E.01589
G1 X63.9 Y156.336 E1.14172
G1 X63.9 Y155.803 E.01589
G1 X90.453 Y129.25 E1.11924
G1 X89.919 Y129.25 E.01589
G1 X63.9 Y155.269 E1.09676
G1 X63.9 Y154.736 E.01589
G1 X89.386 Y129.25 E1.07428
G1 X88.853 Y129.25 E.01589
G1 X63.9 Y154.203 E1.05181
G1 X63.9 Y153.669 E.01589
G1 X88.319 Y129.25 E1.02933
G1 X87.786 Y129.25 E.01589
G1 X63.9 Y153.136 E1.00685
G1 X63.9 Y152.603 E.01589
G1 X87.253 Y129.25 E.98437
G1 X86.72 Y129.25 E.01589
G1 X63.9 Y152.07 E.96189
G1 X63.9 Y151.536 E.01589
G1 X86.186 Y129.25 E.93942
G1 X85.653 Y129.25 E.01589
G1 X63.9 Y151.003 E.91694
G1 X63.9 Y150.47 E.01589
G1 X85.12 Y129.25 E.89446
G1 X84.587 Y129.25 E.01589
G1 X63.9 Y149.937 E.87198
G1 X63.9 Y149.403 E.01589
G1 X84.053 Y129.25 E.8495
G1 X83.52 Y129.25 E.01589
G1 X63.9 Y148.87 E.82703
G1 X63.9 Y148.337 E.01589
G1 X82.987 Y129.25 E.80455
G1 X82.453 Y129.25 E.01589
G1 X63.9 Y147.803 E.78207
G1 X63.9 Y147.27 E.01589
G1 X81.92 Y129.25 E.75959
G1 X81.387 Y129.25 E.01589
G1 X63.9 Y146.737 E.73711
G1 X63.9 Y146.204 E.01589
G1 X80.854 Y129.25 E.71464
G1 X80.32 Y129.25 E.01589
G1 X63.9 Y145.67 E.69216
G1 X63.9 Y145.137 E.01589
G1 X79.787 Y129.25 E.66968
G1 X79.254 Y129.25 E.01589
G1 X63.9 Y144.604 E.6472
G1 X63.9 Y144.071 E.01589
G1 X78.721 Y129.25 E.62472
G1 X78.187 Y129.25 E.01589
G1 X63.9 Y143.537 E.60225
G1 X63.9 Y143.004 E.01589
G1 X77.654 Y129.25 E.57977
G1 X77.121 Y129.25 E.01589
G1 X63.9 Y142.471 E.55729
G1 X63.9 Y141.937 E.01589
G1 X76.587 Y129.25 E.53481
G1 X76.054 Y129.25 E.01589
G1 X63.9 Y141.404 E.51233
G1 X63.9 Y140.871 E.01589
G1 X75.521 Y129.25 E.48986
G1 X74.988 Y129.25 E.01589
G1 X63.9 Y140.338 E.46738
G1 X63.9 Y139.804 E.01589
G1 X74.454 Y129.25 E.4449
G1 X73.921 Y129.25 E.01589
G1 X63.9 Y139.271 E.42242
G1 X63.9 Y138.738 E.01589
G1 X73.388 Y129.25 E.39994
G1 X72.855 Y129.25 E.01589
G1 X63.9 Y138.205 E.37747
G1 X63.9 Y137.671 E.01589
G1 X72.321 Y129.25 E.35499
G1 X71.788 Y129.25 E.01589
G1 X63.9 Y137.138 E.33251
G1 X63.9 Y136.605 E.01589
G1 X71.255 Y129.25 E.31003
G1 X70.722 Y129.25 E.01589
G1 X63.9 Y136.072 E.28756
G1 X63.9 Y135.538 E.01589
G1 X70.188 Y129.25 E.26508
G1 X69.655 Y129.25 E.01589
G1 X63.9 Y135.005 E.2426
G1 X63.9 Y134.472 E.01589
G1 X69.122 Y129.25 E.22012
G1 X68.588 Y129.25 E.01589
G1 X63.9 Y133.938 E.19764
G1 X63.9 Y133.405 E.01589
G1 X68.055 Y129.25 E.17517
G1 X67.522 Y129.25 E.01589
G1 X63.9 Y132.872 E.15269
G1 X63.9 Y132.339 E.01589
G1 X66.989 Y129.25 E.13021
G1 X66.455 Y129.25 E.01589
G1 X63.9 Y131.805 E.10773
G1 X63.9 Y131.272 E.01589
G1 X65.922 Y129.25 E.08525
G1 X65.389 Y129.25 E.01589
G1 X63.9 Y130.739 E.06278
G1 X63.9 Y130.206 E.01589
G1 X65.025 Y129.08 E.04745
G1 E-.728 F1800
;WIPE_START
G1 F30000
G1 X64.177 Y129.928 E-.072
;WIPE_END
G1 X63.651 Y122.314 Z1.2
G1 X63.566 Y121.084 Z1.2
G1 Z.8
G1 E.8 F1800
;TYPE:Inner wall
;WIDTH:0.45
G1 F6000
G1 X63.566 Y63.216 E1.86198
G1 X192.434 Y63.216 E4.14653
G1 X192.434 Y122.384 E1.90381
G1 X92.066 Y122.384 E3.22949
G1 X92.066 Y121.084 E.04183
G1 X63.606 Y121.084 E.91575
G1 X63.159 Y121.491 F30000
G1 F6000
G1 X63.159 Y62.809 E1.88818
G1 X192.841 Y62.809 E4.17273
G1 X192.841 Y122.791 E1.93001
G1 X91.659 Y122.791 E3.25569
G1 X91.659 Y121.491 E.04183
G1 X63.199 Y121.491 E.91575
G1 X63.348 Y121.898 F30000
G1 F6000
G1 X63.348 Y123.198 E.04183
G1 X62.752 Y123.198 E.01917
G1 X62.752 Y62.402 E1.95621
G1 X193.248 Y62.402 E4.19892
G1 X193.248 Y123.198 E1.95621
G1 X91.252 Y123.198 E3.28189
G1 X91.252 Y121.898 E.04183
G1 X63.388 Y121.898 E.89658
SET_VELOCITY_LIMIT ACCEL=5000
G1 X63.74 Y122.29 F30000
;TYPE:Outer wall
;WIDTH:0.42
G1 F3600
G1 X63.74 Y123.59 E.03875
G1 X62.36 Y123.59 E.04113
G1 X62.36 Y62.01 E1.83542
G1 X193.64 Y62.01 E3.91285
G1 X193.64 Y123.59 E1.83542
G1 X90.86 Y123.59 E3.0634
G1 X90.86 Y122.29 E.03875
G1 X63.78 Y122.29 E.80713
G1 E-.728 F1800
;WIPE_START
G1 F30000
G1 X63.743 Y123.489 E-.072
;WIPE_END
G1 X63.05 Y121.694 Z1.2
G1 Z.8
G1 E.8 F1800
SET_VELOCITY_LIMIT ACCEL=10000
;TYPE:Gap infill
;WIDTH:0.231688
G1 F15000
G1 X63.05 Y122.994 E.0194
G1 E-.728 F1800
;WIPE_START
G1 F30000
G1 X63.05 Y121.794 E-.072
;WIPE_END
G1 X63.174 Y114.163 Z1.2
G1 X63.995 Y63.576 Z1.2
G1 Z.8
G1 E.8 F1800
;TYPE:Internal solid infill
;WIDTH:0.442594
G1 F15000
G1 X63.92 Y63.62 E.00273
G1 X64 Y63.654 E.00275
G1 E-.78958 F1800
;WIPE_START
G1 F30000
G1 X63.92 Y63.62 E-.00523
G1 X63.995 Y63.576 E-.00519
;WIPE_END
G1 X70.925 Y66.773 Z1.2
G1 X190.658 Y121.992 Z1.2
G1 Z.8
G1 E.8 F1800
;WIDTH:0.419999
G1 F15000
G1 X192.042 Y121.992 E.04123
G1 X192.042 Y120.608 E.04123
G1 X190.687 Y121.963 E.05712
G1 E-.728 F1800
;WIPE_START
G1 F30000
G1 X191.535 Y121.115 E-.072
;WIPE_END
G1 X191.664 Y121.54 Z1.2
G1 Z.8
G1 E.8 F1800
;WIDTH:0.476216
G1 F15000
G1 X191.609 Y121.54 E.00185
G1 X191.582 Y121.587 E.00185
G1 X191.609 Y121.633 E.00185
G1 X191.671 Y121.621 E.00214
G1 E-.7865 F1800
;WIPE_START
G1 F30000
G1 X191.609 Y121.633 E-.00375
G1 X191.582 Y121.587 E-.00325
G1 X191.609 Y121.54 E-.00325
G1 X191.664 Y121.54 E-.00325
;WIPE_END
G1 X192.27 Y120.113 Z1.2
G1 Z.8
G1 E.8 F1800
;WIDTH:0.419999
G1 F15000
G1 X190.333 Y122.051 E.08166
G1 X189.8 Y122.051 E.01589
G1 X192.101 Y119.75 E.09699
G1 X192.101 Y119.216 E.01589
G1 X189.266 Y122.051 E.11947
G1 X188.733 Y122.051 E.01589
G1 X192.101 Y118.683 E.14194
G1 X192.101 Y118.15 E.01589
G1 X188.2 Y122.051 E.16442
G1 X187.666 Y122.051 E.01589
G1 X192.101 Y117.616 E.1869
G1 X192.101 Y117.083 E.01589
G1 X187.133 Y122.051 E.20938
G1 X186.6 Y122.051 E.01589
G1 X192.101 Y116.55 E.23186
G1 X192.101 Y116.017 E.01589
G1 X186.067 Y122.051 E.25433
G1 X185.533 Y122.051 E.01589
G1 X192.101 Y115.483 E.27681
G1 X192.101 Y114.95 E.01589
G1 X185 Y122.051 E.29929
G1 X184.467 Y122.051 E.01589
G1 X192.101 Y114.417 E.32177
G1 X192.101 Y113.884 E.01589
G1 X183.934 Y122.051 E.34425
G1 X183.4 Y122.051 E.01589
G1 X192.101 Y113.35 E.36672
G1 X192.101 Y112.817 E.01589
G1 X182.867 Y122.051 E.3892
G1 X182.334 Y122.051 E.01589
G1 X192.101 Y112.284 E.41168
G1 X192.101 Y111.75 E.01589
G1 X181.8 Y122.051 E.43416
G1 X181.267 Y122.051 E.01589
G1 X192.101 Y111.217 E.45664
G1 X192.101 Y110.684 E.01589
G1 X180.734 Y122.051 E.47911
G1 X180.201 Y122.051 E.01589
G1 X192.101 Y110.151 E.50159
G1 X192.101 Y109.617 E.01589
G1 X179.667 Y122.051 E.52407
G1 X179.134 Y122.051 E.01589
G1 X192.101 Y109.084 E.54655
G1 X192.101 Y108.551 E.01589
G1 X178.601 Y122.051 E.56903
G1 X178.068 Y122.051 E.01589
G1 X192.101 Y108.018 E.5915
G1 X192.101 Y107.484 E.01589
G1 X177.534 Y122.051 E.61398
G1 X177.001 Y122.051 E.01589
G1 X192.101 Y106.951 E.63646
G1 X192.101 Y106.418 E.01589
G1 X176.468 Y122.051 E.65894
G1 X175.934 Y122.051 E.01589
G1 X192.101 Y105.884 E.68142
G1 X192.101 Y105.351 E.01589
G1 X175.401 Y122.051 E.70389
G1 X174.868 Y122.051 E.01589
G1 X192.101 Y104.818 E.72637
G1 X192.101 Y104.285 E.01589
G1 X174.335 Y122.051 E.74885
G1 X173.801 Y122.051 E.01589
G1 X192.101 Y103.751 E.77133
G1 X192.101 Y103.218 E.01589
G1 X173.268 Y122.051 E.79381
G1 X172.735 Y122.051 E.01589
G1 X192.101 Y102.685 E.81628
G1 X192.101 Y102.152 E.01589
G1 X172.202 Y122.051 E.83876
G1 X171.668 Y122.051 E.01589
G1 X192.101 Y101.618 E.86124
G1 X192.101 Y101.085 E.01589
G1 X171.135 Y122.051 E.88372
G1 X170.602 Y122.051 E.01589
G1 X192.101 Y100.552 E.90619
G1 X192.101 Y100.019 E.01589
G1 X170.069 Y122.051 E.92867
G1 X169.535 Y122.051 E.01589
G1 X192.101 Y99.485 E.95115
G1 X192.101 Y98.952 E.01589
G1 X169.002 Y122.051 E.97363
G1 X168.469 Y122.051 E.01589
G1 X192.101 Y98.419 E.99611
G1 X192.101 Y97.885 E.01589
G1 X167.935 Y122.051 E1.01858
G1 X167.402 Y122.051 E.01589
G1 X192.101 Y97.352 E1.04106
G1 X192.101 Y96.819 E.01589
G1 X166.869 Y122.051 E1.06354
G1 X166.336 Y122.051 E.01589
G1 X192.101 Y96.286 E1.08602
G1 X192.101 Y95.752 E.01589
G1 X165.802 Y122.051 E1.1085
G1 X165.269 Y122.051 E.01589
G1 X192.101 Y95.219 E1.13097
G1 X192.101 Y94.686 E.01589
G1 X164.736 Y122.051 E1.15345
G1 X164.203 Y122.051 E.01589
G1 X192.101 Y94.153 E1.17593
G1 X192.101 Y93.619 E.01589
G1 X163.669 Y122.051 E1.19841
G1 X163.136 Y122.051 E.01589
G1 X192.101 Y93.086 E1.22089
G1 X192.101 Y92.553 E.01589
G1 X162.603 Y122.051 E1.24336
G1 X162.069 Y122.051 E.01589
G1 X192.101 Y92.019 E1.26584
G1 X192.101 Y91.486 E.01589
G1 X161.536 Y122.051 E1.28832
G1 X161.003 Y122.051 E.01589
G1 X192.101 Y90.953 E1.3108
G1 X192.101 Y90.42 E.01589
G1 X160.47 Y122.051 E1.33328
G1 X159.936 Y122.051 E.01589
G1 X192.101 Y89.886 E1.35575
G1 X192.101 Y89.353 E.01589
G1 X159.403 Y122.051 E1.37823
G1 X158.87 Y122.051 E.01589
G1 X192.101 Y88.82 E1.40071
G1 X192.101 Y88.287 E.01589
G1 X158.337 Y122.051 E1.42319
G1 X157.803 Y122.051 E.01589
G1 X192.101 Y87.753 E1.44567
G1 X192.101 Y87.22 E.01589
G1 X157.27 Y122.051 E1.46814
G1 X156.737 Y122.051 E.01589
G1 X192.101 Y86.687 E1.49062
G1 X192.101 Y86.153 E.01589
M73 P25 R56
G1 X156.203 Y122.051 E1.5131
G1 X155.67 Y122.051 E.01589
G1 X192.101 Y85.62 E1.53558
G1 X192.101 Y85.087 E.01589
G1 X155.137 Y122.051 E1.55806
G1 X154.604 Y122.051 E.01589
G1 X192.101 Y84.554 E1.58053
G1 X192.101 Y84.02 E.01589
G1 X154.07 Y122.051 E1.60301
G1 X153.537 Y122.051 E.01589
G1 X192.101 Y83.487 E1.62549
G1 X192.101 Y82.954 E.01589
G1 X153.004 Y122.051 E1.64797
G1 X152.471 Y122.051 E.01589
G1 X192.101 Y82.421 E1.67044
G1 X192.101 Y81.887 E.01589
M73 P26 R56
G1 X151.937 Y122.051 E1.69292
G1 X151.404 Y122.051 E.01589
G1 X192.101 Y81.354 E1.7154
G1 X192.101 Y80.821 E.01589
G1 X150.871 Y122.051 E1.73788
G1 X150.338 Y122.051 E.01589
G1 X192.101 Y80.288 E1.76036
G1 X192.101 Y79.754 E.01589
G1 X149.804 Y122.051 E1.78283
G1 X149.271 Y122.051 E.01589
G1 X192.101 Y79.221 E1.80531
G1 X192.101 Y78.688 E.01589
G1 X148.738 Y122.051 E1.82779
G1 X148.204 Y122.051 E.01589
G1 X192.101 Y78.154 E1.85027
G1 X192.101 Y77.621 E.01589
G1 X147.671 Y122.051 E1.87275
G1 X147.138 Y122.051 E.01589
G1 X192.101 Y77.088 E1.89522
G1 X192.101 Y76.555 E.01589
G1 X146.605 Y122.051 E1.9177
G1 X146.071 Y122.051 E.01589
G1 X192.101 Y76.021 E1.94018
G1 X192.101 Y75.488 E.01589
G1 X145.538 Y122.051 E1.96266
G1 X145.005 Y122.051 E.01589
G1 X192.101 Y74.955 E1.98514
G1 X192.101 Y74.422 E.01589
G1 X144.472 Y122.051 E2.00761
G1 X143.938 Y122.051 E.01589
G1 X192.101 Y73.888 E2.03009
G1 X192.101 Y73.355 E.01589
G1 X143.405 Y122.051 E2.05257
G1 X142.872 Y122.051 E.01589
G1 X192.101 Y72.822 E2.07505
G1 X192.101 Y72.288 E.01589
G1 X142.338 Y122.051 E2.09753
G1 X141.805 Y122.051 E.01589
G1 X192.101 Y71.755 E2.12
G1 X192.101 Y71.222 E.01589
G1 X141.272 Y122.051 E2.14248
G1 X140.739 Y122.051 E.01589
G1 X192.101 Y70.689 E2.16496
G1 X192.101 Y70.155 E.01589
G1 X140.205 Y122.051 E2.18744
G1 X139.672 Y122.051 E.01589
G1 X192.101 Y69.622 E2.20992
G1 X192.101 Y69.089 E.01589
G1 X139.139 Y122.051 E2.23239
G1 X138.606 Y122.051 E.01589
G1 X192.101 Y68.556 E2.25487
G1 X192.101 Y68.022 E.01589
G1 X138.072 Y122.051 E2.27735
G1 X137.539 Y122.051 E.01589
G1 X192.101 Y67.489 E2.29983
G1 X192.101 Y66.956 E.01589
G1 X137.006 Y122.051 E2.32231
G1 X136.472 Y122.051 E.01589
G1 X192.101 Y66.423 E2.34478
G1 X192.101 Y65.889 E.01589
G1 X135.939 Y122.051 E2.36726
G1 X135.406 Y122.051 E.01589
G1 X192.101 Y65.356 E2.38974
G1 X192.101 Y64.823 E.01589
G1 X134.873 Y122.051 E2.41222
G1 X134.339 Y122.051 E.01589
G1 X192.101 Y64.289 E2.43469
G1 X192.101 Y63.756 E.01589
G1 X133.806 Y122.051 E2.45717
G1 X133.273 Y122.051 E.01589
G1 X191.774 Y63.55 E2.46588
G1 X191.241 Y63.55 E.01589
G1 X132.74 Y122.051 E2.46588
G1 X132.206 Y122.051 E.01589
G1 X190.707 Y63.55 E2.46588
G1 X190.174 Y63.55 E.01589
G1 X131.673 Y122.051 E2.46588
G1 X131.14 Y122.051 E.01589
G1 X189.641 Y63.55 E2.46588
G1 X189.108 Y63.55 E.01589
G1 X130.607 Y122.051 E2.46588
G1 X130.073 Y122.051 E.01589
G1 X188.574 Y63.55 E2.46588
G1 X188.041 Y63.55 E.01589
G1 X129.54 Y122.051 E2.46588
G1 X129.007 Y122.051 E.01589
G1 X187.508 Y63.55 E2.46588
G1 X186.974 Y63.55 E.01589
G1 X128.473 Y122.051 E2.46588
G1 X127.94 Y122.051 E.01589
G1 X186.441 Y63.55 E2.46588
G1 X185.908 Y63.55 E.01589
G1 X127.407 Y122.051 E2.46588
G1 X126.874 Y122.051 E.01589
G1 X185.375 Y63.55 E2.46588
G1 X184.841 Y63.55 E.01589
G1 X126.34 Y122.051 E2.46588
G1 X125.807 Y122.051 E.01589
G1 X184.308 Y63.55 E2.46588
G1 X183.775 Y63.55 E.01589
G1 X125.274 Y122.051 E2.46588
G1 X124.741 Y122.051 E.01589
G1 X183.242 Y63.55 E2.46588
G1 X182.708 Y63.55 E.01589
G1 X124.207 Y122.051 E2.46588
G1 X123.674 Y122.051 E.01589
G1 X182.175 Y63.55 E2.46588
G1 X181.642 Y63.55 E.01589
G1 X123.141 Y122.051 E2.46588
G1 X122.607 Y122.051 E.01589
G1 X181.108 Y63.55 E2.46588
G1 X180.575 Y63.55 E.01589
G1 X122.074 Y122.051 E2.46588
G1 X121.541 Y122.051 E.01589
G1 X180.042 Y63.55 E2.46588
G1 X179.509 Y63.55 E.01589
G1 X121.008 Y122.051 E2.46588
G1 X120.474 Y122.051 E.01589
G1 X178.975 Y63.55 E2.46588
G1 X178.442 Y63.55 E.01589
G1 X119.941 Y122.051 E2.46588
G1 X119.408 Y122.051 E.01589
G1 X177.909 Y63.55 E2.46588
G1 X177.376 Y63.55 E.01589
G1 X118.875 Y122.051 E2.46588
G1 X118.341 Y122.051 E.01589
G1 X176.842 Y63.55 E2.46588
G1 X176.309 Y63.55 E.01589
G1 X117.808 Y122.051 E2.46588
G1 X117.275 Y122.051 E.01589
G1 X175.776 Y63.55 E2.46588
G1 X175.242 Y63.55 E.01589
G1 X116.741 Y122.051 E2.46588
G1 X116.208 Y122.051 E.01589
G1 X174.709 Y63.55 E2.46588
G1 X174.176 Y63.55 E.01589
G1 X115.675 Y122.051 E2.46588
G1 X115.142 Y122.051 E.01589
G1 X173.643 Y63.55 E2.46588
G1 X173.109 Y63.55 E.01589
G1 X114.608 Y122.051 E2.46588
G1 X114.075 Y122.051 E.01589
G1 X172.576 Y63.55 E2.46588
G1 X172.043 Y63.55 E.01589
G1 X113.542 Y122.051 E2.46588
G1 X113.009 Y122.051 E.01589
G1 X171.51 Y63.55 E2.46588
G1 X170.976 Y63.55 E.01589
G1 X112.475 Y122.051 E2.46588
G1 X111.942 Y122.051 E.01589
G1 X170.443 Y63.55 E2.46588
G1 X169.91 Y63.55 E.01589
G1 X111.409 Y122.051 E2.46588
G1 X110.876 Y122.051 E.01589
G1 X169.377 Y63.55 E2.46588
G1 X168.843 Y63.55 E.01589
G1 X110.342 Y122.051 E2.46588
G1 X109.809 Y122.051 E.01589
G1 X168.31 Y63.55 E2.46588
G1 X167.777 Y63.55 E.01589
G1 X109.276 Y122.051 E2.46588
G1 X108.742 Y122.051 E.01589
G1 X167.243 Y63.55 E2.46588
G1 X166.71 Y63.55 E.01589
G1 X108.209 Y122.051 E2.46588
G1 X107.676 Y122.051 E.01589
G1 X166.177 Y63.55 E2.46588
G1 X165.644 Y63.55 E.01589
G1 X107.143 Y122.051 E2.46588
G1 X106.609 Y122.051 E.01589
G1 X165.11 Y63.55 E2.46588
G1 X164.577 Y63.55 E.01589
G1 X106.076 Y122.051 E2.46588
G1 X105.543 Y122.051 E.01589
G1 X164.044 Y63.55 E2.46588
G1 X163.511 Y63.55 E.01589
G1 X105.01 Y122.051 E2.46588
G1 X104.476 Y122.051 E.01589
G1 X162.977 Y63.55 E2.46588
G1 X162.444 Y63.55 E.01589
G1 X103.943 Y122.051 E2.46588
G1 X103.41 Y122.051 E.01589
G1 X161.911 Y63.55 E2.46588
G1 X161.377 Y63.55 E.01589
G1 X102.876 Y122.051 E2.46588
G1 X102.343 Y122.051 E.01589
G1 X160.844 Y63.55 E2.46588
G1 X160.311 Y63.55 E.01589
G1 X101.81 Y122.051 E2.46588
G1 X101.277 Y122.051 E.01589
G1 X159.778 Y63.55 E2.46588
G1 X159.244 Y63.55 E.01589
G1 X100.743 Y122.051 E2.46588
G1 X100.21 Y122.051 E.01589
G1 X158.711 Y63.55 E2.46588
G1 X158.178 Y63.55 E.01589
G1 X99.677 Y122.051 E2.46588
G1 X99.144 Y122.051 E.01589
G1 X157.645 Y63.55 E2.46588
G1 X157.111 Y63.55 E.01589
G1 X98.61 Y122.051 E2.46588
G1 X98.077 Y122.051 E.01589
G1 X156.578 Y63.55 E2.46588
G1 X156.045 Y63.55 E.01589
G1 X97.544 Y122.051 E2.46588
G1 X97.01 Y122.051 E.01589
G1 X155.511 Y63.55 E2.46588
G1 X154.978 Y63.55 E.01589
G1 X96.477 Y122.051 E2.46588
G1 X95.944 Y122.051 E.01589
G1 X154.445 Y63.55 E2.46588
G1 X153.912 Y63.55 E.01589
G1 X95.411 Y122.051 E2.46588
G1 X94.877 Y122.051 E.01589
G1 X153.378 Y63.55 E2.46588
G1 X152.845 Y63.55 E.01589
G1 X94.344 Y122.051 E2.46588
G1 X93.811 Y122.051 E.01589
G1 X152.312 Y63.55 E2.46588
G1 X151.779 Y63.55 E.01589
G1 X93.278 Y122.051 E2.46588
G1 X92.744 Y122.051 E.01589
G1 X151.245 Y63.55 E2.46588
G1 X150.712 Y63.55 E.01589
G1 X92.4 Y121.862 E2.45794
G1 X92.4 Y121.329 E.01589
G1 X150.179 Y63.55 E2.43546
G1 X149.646 Y63.55 E.01589
G1 X92.4 Y120.796 E2.41298
G1 X92.4 Y120.75 E.00134
G1 X91.911 Y120.75 E.01455
G1 X149.112 Y63.55 E2.41109
G1 X148.579 Y63.55 E.01589
G1 X91.378 Y120.75 E2.41109
G1 X90.845 Y120.75 E.01589
G1 X148.046 Y63.55 E2.41109
G1 X147.512 Y63.55 E.01589
G1 X90.311 Y120.75 E2.41109
G1 X89.778 Y120.751 E.01589
G1 X146.979 Y63.55 E2.41109
G1 X146.446 Y63.55 E.01589
G1 X89.245 Y120.75 E2.41109
G1 X88.712 Y120.75 E.01589
G1 X145.913 Y63.55 E2.41109
G1 X145.379 Y63.55 E.01589
G1 X88.178 Y120.75 E2.41109
G1 X87.645 Y120.75 E.01589
G1 X144.846 Y63.55 E2.41109
G1 X144.313 Y63.55 E.01589
G1 X87.112 Y120.75 E2.41109
G1 X86.579 Y120.75 E.01589
G1 X143.78 Y63.55 E2.41109
G1 X143.246 Y63.55 E.01589
G1 X86.045 Y120.75 E2.41109
G1 X85.512 Y120.75 E.01589
G1 X142.713 Y63.55 E2.41109
G1 X142.18 Y63.55 E.01589
G1 X84.979 Y120.75 E2.41109
G1 X84.445 Y120.75 E.01589
G1 X141.646 Y63.55 E2.41109
G1 X141.113 Y63.55 E.01589
G1 X83.912 Y120.75 E2.41109
G1 X83.379 Y120.75 E.01589
M73 P27 R56
G1 X140.58 Y63.55 E2.41109
G1 X140.047 Y63.55 E.01589
G1 X82.846 Y120.75 E2.41109
G1 X82.312 Y120.75 E.01589
G1 X139.513 Y63.55 E2.41109
G1 X138.98 Y63.55 E.01589
G1 X81.779 Y120.75 E2.41109
G1 X81.246 Y120.75 E.01589
G1 X138.447 Y63.55 E2.41109
G1 X137.914 Y63.55 E.01589
G1 X80.713 Y120.75 E2.41109
G1 X80.179 Y120.75 E.01589
G1 X137.38 Y63.55 E2.41109
G1 X136.847 Y63.55 E.01589
G1 X79.646 Y120.75 E2.41109
G1 X79.113 Y120.75 E.01589
G1 X136.314 Y63.55 E2.41109
G1 X135.78 Y63.55 E.01589
G1 X78.579 Y120.75 E2.41109
G1 X78.046 Y120.75 E.01589
G1 X135.247 Y63.55 E2.41109
G1 X134.714 Y63.55 E.01589
G1 X77.513 Y120.75 E2.41109
G1 X76.98 Y120.75 E.01589
G1 X134.181 Y63.55 E2.41109
G1 X133.647 Y63.55 E.01589
G1 X76.446 Y120.75 E2.41109
G1 X75.913 Y120.75 E.01589
G1 X133.114 Y63.55 E2.41109
G1 X132.581 Y63.55 E.01589
G1 X75.38 Y120.75 E2.41109
G1 X74.847 Y120.75 E.01589
G1 X132.048 Y63.55 E2.41109
G1 X131.514 Y63.55 E.01589
G1 X74.313 Y120.75 E2.41109
G1 X73.78 Y120.75 E.01589
G1 X130.981 Y63.55 E2.41109
G1 X130.448 Y63.55 E.01589
G1 X73.247 Y120.75 E2.41109
G1 X72.714 Y120.75 E.01589
G1 X129.915 Y63.55 E2.41109
G1 X129.381 Y63.55 E.01589
G1 X72.18 Y120.75 E2.41109
G1 X71.647 Y120.75 E.01589
G1 X128.848 Y63.55 E2.41109
G1 X128.315 Y63.55 E.01589
G1 X71.114 Y120.75 E2.41109
G1 X70.58 Y120.75 E.01589
G1 X127.781 Y63.55 E2.41109
G1 X127.248 Y63.55 E.01589
G1 X70.047 Y120.75 E2.41109
G1 X69.514 Y120.75 E.01589
G1 X126.715 Y63.55 E2.41109
G1 X126.182 Y63.55 E.01589
G1 X68.981 Y120.75 E2.41109
G1 X68.447 Y120.75 E.01589
G1 X125.648 Y63.55 E2.41109
G1 X125.115 Y63.55 E.01589
G1 X67.914 Y120.75 E2.41109
G1 X67.381 Y120.75 E.01589
G1 X124.582 Y63.55 E2.41109
G1 X124.049 Y63.55 E.01589
G1 X66.848 Y120.75 E2.41109
G1 X66.314 Y120.75 E.01589
G1 X123.515 Y63.55 E2.41109
G1 X122.982 Y63.55 E.01589
M73 P27 R55
G1 X65.781 Y120.75 E2.41109
G1 X65.248 Y120.75 E.01589
G1 X122.449 Y63.55 E2.41109
G1 X121.915 Y63.55 E.01589
G1 X64.714 Y120.75 E2.41109
G1 X64.181 Y120.75 E.01589
G1 X121.382 Y63.55 E2.41109
G1 X120.849 Y63.55 E.01589
G1 X63.9 Y120.499 E2.40048
G1 X63.9 Y119.966 E.01589
G1 X120.316 Y63.55 E2.378
G1 X119.782 Y63.55 E.01589
G1 X63.9 Y119.432 E2.35553
G1 X63.9 Y118.899 E.01589
G1 X119.249 Y63.55 E2.33305
G1 X118.716 Y63.55 E.01589
G1 X63.9 Y118.366 E2.31057
G1 X63.9 Y117.833 E.01589
G1 X118.183 Y63.55 E2.28809
G1 X117.649 Y63.55 E.01589
G1 X63.9 Y117.299 E2.26561
G1 X63.9 Y116.766 E.01589
G1 X117.116 Y63.55 E2.24314
G1 X116.583 Y63.55 E.01589
G1 X63.9 Y116.233 E2.22066
G1 X63.9 Y115.699 E.01589
G1 X116.049 Y63.55 E2.19818
G1 X115.516 Y63.55 E.01589
G1 X63.9 Y115.166 E2.1757
G1 X63.9 Y114.633 E.01589
G1 X114.983 Y63.55 E2.15322
G1 X114.45 Y63.55 E.01589
G1 X63.9 Y114.1 E2.13075
G1 X63.9 Y113.566 E.01589
G1 X113.916 Y63.55 E2.10827
G1 X113.383 Y63.55 E.01589
G1 X63.9 Y113.033 E2.08579
G1 X63.9 Y112.5 E.01589
G1 X112.85 Y63.55 E2.06331
G1 X112.317 Y63.55 E.01589
G1 X63.9 Y111.967 E2.04083
G1 X63.9 Y111.433 E.01589
G1 X111.783 Y63.55 E2.01836
G1 X111.25 Y63.55 E.01589
G1 X63.9 Y110.9 E1.99588
G1 X63.9 Y110.367 E.01589
G1 X110.717 Y63.55 E1.9734
G1 X110.184 Y63.55 E.01589
G1 X63.9 Y109.833 E1.95092
G1 X63.9 Y109.3 E.01589
G1 X109.65 Y63.55 E1.92844
G1 X109.117 Y63.55 E.01589
G1 X63.9 Y108.767 E1.90597
G1 X63.9 Y108.234 E.01589
G1 X108.584 Y63.55 E1.88349
G1 X108.05 Y63.55 E.01589
G1 X63.9 Y107.7 E1.86101
G1 X63.9 Y107.167 E.01589
G1 X107.517 Y63.55 E1.83853
G1 X106.984 Y63.55 E.01589
G1 X63.9 Y106.634 E1.81606
G1 X63.9 Y106.101 E.01589
G1 X106.451 Y63.55 E1.79358
G1 X105.917 Y63.55 E.01589
G1 X63.9 Y105.567 E1.7711
G1 X63.9 Y105.034 E.01589
G1 X105.384 Y63.55 E1.74862
G1 X104.851 Y63.55 E.01589
G1 X63.9 Y104.501 E1.72614
G1 X63.9 Y103.968 E.01589
G1 X104.318 Y63.55 E1.70367
G1 X103.784 Y63.55 E.01589
G1 X63.9 Y103.434 E1.68119
G1 X63.9 Y102.901 E.01589
G1 X103.251 Y63.55 E1.65871
G1 X102.718 Y63.55 E.01589
G1 X63.9 Y102.368 E1.63623
G1 X63.9 Y101.834 E.01589
G1 X102.184 Y63.55 E1.61375
G1 X101.651 Y63.55 E.01589
G1 X63.9 Y101.301 E1.59128
G1 X63.9 Y100.768 E.01589
G1 X101.118 Y63.55 E1.5688
G1 X100.585 Y63.55 E.01589
G1 X63.9 Y100.235 E1.54632
G1 X63.9 Y99.701 E.01589
G1 X100.051 Y63.55 E1.52384
G1 X99.518 Y63.55 E.01589
G1 X63.9 Y99.168 E1.50136
G1 X63.9 Y98.635 E.01589
G1 X98.985 Y63.55 E1.47889
G1 X98.452 Y63.55 E.01589
G1 X63.9 Y98.102 E1.45641
G1 X63.9 Y97.568 E.01589
G1 X97.918 Y63.55 E1.43393
G1 X97.385 Y63.55 E.01589
G1 X63.9 Y97.035 E1.41145
G1 X63.9 Y96.502 E.01589
G1 X96.852 Y63.55 E1.38897
G1 X96.318 Y63.55 E.01589
G1 X63.9 Y95.968 E1.3665
G1 X63.9 Y95.435 E.01589
G1 X95.785 Y63.55 E1.34402
G1 X95.252 Y63.55 E.01589
G1 X63.9 Y94.902 E1.32154
G1 X63.9 Y94.369 E.01589
G1 X94.719 Y63.55 E1.29906
G1 X94.185 Y63.55 E.01589
G1 X63.9 Y93.835 E1.27658
G1 X63.9 Y93.302 E.01589
G1 X93.652 Y63.55 E1.25411
G1 X93.119 Y63.55 E.01589
G1 X63.9 Y92.769 E1.23163
G1 X63.9 Y92.236 E.01589
G1 X92.586 Y63.55 E1.20915
G1 X92.052 Y63.55 E.01589
G1 X63.9 Y91.702 E1.18667
G1 X63.9 Y91.169 E.01589
G1 X91.519 Y63.55 E1.16419
G1 X90.986 Y63.55 E.01589
G1 X63.9 Y90.636 E1.14172
G1 X63.9 Y90.103 E.01589
G1 X90.453 Y63.55 E1.11924
G1 X89.919 Y63.55 E.01589
G1 X63.9 Y89.569 E1.09676
G1 X63.9 Y89.036 E.01589
G1 X89.386 Y63.55 E1.07428
G1 X88.853 Y63.55 E.01589
G1 X63.9 Y88.503 E1.05181
G1 X63.9 Y87.969 E.01589
G1 X88.319 Y63.55 E1.02933
G1 X87.786 Y63.55 E.01589
G1 X63.9 Y87.436 E1.00685
G1 X63.9 Y86.903 E.01589
G1 X87.253 Y63.55 E.98437
G1 X86.72 Y63.55 E.01589
G1 X63.9 Y86.37 E.96189
G1 X63.9 Y85.836 E.01589
G1 X86.186 Y63.55 E.93942
G1 X85.653 Y63.55 E.01589
G1 X63.9 Y85.303 E.91694
G1 X63.9 Y84.77 E.01589
G1 X85.12 Y63.55 E.89446
G1 X84.587 Y63.55 E.01589
G1 X63.9 Y84.237 E.87198
G1 X63.9 Y83.703 E.01589
G1 X84.053 Y63.55 E.8495
G1 X83.52 Y63.55 E.01589
G1 X63.9 Y83.17 E.82703
G1 X63.9 Y82.637 E.01589
G1 X82.987 Y63.55 E.80455
G1 X82.453 Y63.55 E.01589
G1 X63.9 Y82.103 E.78207
G1 X63.9 Y81.57 E.01589
G1 X81.92 Y63.55 E.75959
G1 X81.387 Y63.55 E.01589
G1 X63.9 Y81.037 E.73711
G1 X63.9 Y80.504 E.01589
G1 X80.854 Y63.55 E.71464
G1 X80.32 Y63.55 E.01589
G1 X63.9 Y79.97 E.69216
G1 X63.9 Y79.437 E.01589
G1 X79.787 Y63.55 E.66968
G1 X79.254 Y63.55 E.01589
G1 X63.9 Y78.904 E.6472
G1 X63.9 Y78.371 E.01589
G1 X78.721 Y63.55 E.62472
G1 X78.187 Y63.55 E.01589
G1 X63.9 Y77.837 E.60225
G1 X63.9 Y77.304 E.01589
G1 X77.654 Y63.55 E.57977
G1 X77.121 Y63.55 E.01589
G1 X63.9 Y76.771 E.55729
G1 X63.9 Y76.237 E.01589
G1 X76.587 Y63.55 E.53481
G1 X76.054 Y63.55 E.01589
G1 X63.9 Y75.704 E.51233
G1 X63.9 Y75.171 E.01589
G1 X75.521 Y63.55 E.48986
G1 X74.988 Y63.55 E.01589
G1 X63.9 Y74.638 E.46738
G1 X63.9 Y74.104 E.01589
G1 X74.454 Y63.55 E.4449
G1 X73.921 Y63.55 E.01589
G1 X63.9 Y73.571 E.42242
G1 X63.9 Y73.038 E.01589
G1 X73.388 Y63.55 E.39994
G1 X72.855 Y63.55 E.01589
G1 X63.9 Y72.505 E.37747
G1 X63.9 Y71.971 E.01589
G1 X72.321 Y63.55 E.35499
G1 X71.788 Y63.55 E.01589
G1 X63.9 Y71.438 E.33251
G1 X63.9 Y70.905 E.01589
G1 X71.255 Y63.55 E.31003
G1 X70.722 Y63.55 E.01589
G1 X63.9 Y70.372 E.28756
G1 X63.9 Y69.838 E.01589
G1 X70.188 Y63.55 E.26508
G1 X69.655 Y63.55 E.01589
G1 X63.9 Y69.305 E.2426
G1 X63.9 Y68.772 E.01589
G1 X69.122 Y63.55 E.22012
G1 X68.588 Y63.55 E.01589
G1 X63.9 Y68.238 E.19764
G1 X63.9 Y67.705 E.01589
G1 X68.055 Y63.55 E.17517
G1 X67.522 Y63.55 E.01589
G1 X63.9 Y67.172 E.15269
G1 X63.9 Y66.639 E.01589
G1 X66.989 Y63.55 E.13021
G1 X66.455 Y63.55 E.01589
G1 X63.9 Y66.105 E.10773
G1 X63.9 Y65.572 E.01589
G1 X65.922 Y63.55 E.08525
G1 X65.389 Y63.55 E.01589
G1 X63.9 Y65.039 E.06278
G1 X63.9 Y64.506 E.01589
G1 X65.025 Y63.38 E.04745
;LAYER_CHANGE
;Z:1
;HEIGHT:0.2
;BEFORE_LAYER_CHANGE
;1
G92 E0

G1 E-.728 F1800
;WIPE_START
G1 F30000
G1 X64.177 Y64.228 E-.072
;WIPE_END
M73 L5
;LAYER:5
SET_PRINT_STATS_INFO TOTAL_LAYER=93 CURRENT_LAYER=5
;_SET_FAN_SPEED_CHANGING_LAYER

G1 X63.7121 Y65.1767 Z1.05714
G1 X62.681 Y65.4048 Z1.11429
G1 X61.8598 Y64.7408 Z1.17143
G1 X61.8669 Y63.6848 Z1.22857
G1 X62.6969 Y63.0319 Z1.28571
G1 X63.7249 Y63.2738 Z1.34286
G1 X64.1767 Y64.2283 Z1.4
G1 X63.348 Y187.598 Z1.4
G1 Z1
G1 E.8 F1800
;TYPE:Inner wall
;WIDTH:0.45
G1 F6000
G1 X63.348 Y188.898 E.04183
G1 X62.752 Y188.898 E.01917
G1 X62.752 Y128.102 E1.95621
G1 X63.568 Y128.102 E.02627
G1 X63.568 Y187.598 E1.91438
G1 X63.388 Y187.598 E.00581
SET_VELOCITY_LIMIT ACCEL=5000
G1 X63.74 Y187.99 F30000
;TYPE:Outer wall
;WIDTH:0.42
G1 F3600
G1 X63.74 Y189.29 E.03875
G1 X62.36 Y189.29 E.04113
G1 X62.36 Y127.71 E1.83542
G1 X193.64 Y127.71 E3.91285
G1 X193.64 Y189.29 E1.83542
G1 X90.86 Y189.29 E3.0634
G1 X90.86 Y187.99 E.03875
G1 X63.78 Y187.99 E.80713
G1 E-.728 F1800
;WIPE_START
G1 F30000
G1 X63.743 Y189.189 E-.072
;WIPE_END
G1 X63.074 Y187.347 Z1.4
G1 Z1
G1 E.8 F1800
SET_VELOCITY_LIMIT ACCEL=10000
;TYPE:Gap infill
;WIDTH:0.233529
G1 F15000
G1 X63.05 Y187.394 E.00079
G1 X63.05 Y188.694 E.01959
G1 E-.728 F1800
;WIPE_START
G1 F30000
G1 X63.05 Y187.494 E-.072
;WIPE_END
G1 X63.074 Y187.347 Z1.4
G1 Z1
G1 E.8 F1800
;WIDTH:0.302476
G1 F15000
G1 X63.097 Y187.3 E.00108
;WIDTH:0.349668
G1 X63.121 Y187.253 E.00128
;WIDTH:0.39686
G1 X63.144 Y187.206 E.00148
;WIDTH:0.452218
G1 X63.16 Y187.19 E.00073
G1 X63.16 Y128.306 E1.90502
G1 X63.765 Y128.11 F30000
;WIDTH:0.451382
G1 F15000
G1 X193.036 Y128.11 E4.17364
;WIDTH:0.492263
G1 F14749.079
G1 X193.205 Y128.145 E.00614
G1 X193.222 Y128.23 E.00307
;WIDTH:0.468902
G1 F15000
G1 X193.24 Y128.315 E.00291
;WIDTH:0.451382
G1 X193.24 Y188.685 E1.94913
;WIDTH:0.492263
G1 F14749.079
G1 X193.205 Y188.855 E.00614
G1 X193.12 Y188.872 E.00307
;WIDTH:0.468902
G1 F15000
G1 X193.036 Y188.89 E.00291
;WIDTH:0.451382
G1 X91.056 Y188.89 E3.2925
G1 E-.728 F1800
;WIPE_START
G1 F30000
G1 X92.256 Y188.89 E-.072
;WIPE_END
G1 X98.82 Y184.994 Z1.4
G1 X193.029 Y129.084 Z1.4
G1 Z1
G1 E.8 F1800
SET_VELOCITY_LIMIT ACCEL=2000
;TYPE:Top surface
;WIDTH:0.420071
G1 F12000
G1 X192.266 Y128.321 E.03504
G1 X191.733 Y128.321 F30000
G1 F12000
G1 X193.029 Y129.617 E.05955
G1 X193.029 Y130.15 F30000
G1 F12000
G1 X191.2 Y128.321 E.08406
G1 X190.666 Y128.321 F30000
G1 F12000
G1 X193.029 Y130.684 E.10857
G1 X193.029 Y131.217 F30000
G1 F12000
G1 X190.133 Y128.321 E.13308
G1 X189.599 Y128.321 F30000
G1 F12000
G1 X193.029 Y131.751 E.15759
G1 X193.029 Y132.284 F30000
G1 F12000
G1 X189.066 Y128.321 E.1821
G1 X188.533 Y128.321 F30000
G1 F12000
G1 X193.029 Y132.817 E.20661
G1 X193.029 Y133.351 F30000
G1 F12000
G1 X187.999 Y128.321 E.23112
G1 X187.466 Y128.321 F30000
M73 P28 R55
G1 F12000
G1 X193.029 Y133.884 E.25563
G1 X193.029 Y134.417 F30000
G1 F12000
G1 X186.933 Y128.321 E.28014
G1 X186.399 Y128.321 F30000
G1 F12000
G1 X193.029 Y134.951 E.30465
G1 X193.029 Y135.484 F30000
G1 F12000
G1 X185.866 Y128.321 E.32916
G1 X185.332 Y128.321 F30000
G1 F12000
G1 X193.029 Y136.018 E.35367
G1 X193.029 Y136.551 F30000
G1 F12000
G1 X184.799 Y128.321 E.37818
G1 X184.266 Y128.321 F30000
G1 F12000
G1 X193.029 Y137.084 E.40269
G1 X193.029 Y137.618 F30000
G1 F12000
G1 X183.732 Y128.321 E.4272
G1 X183.199 Y128.321 F30000
G1 F12000
G1 X193.029 Y138.151 E.45171
G1 X193.029 Y138.684 F30000
G1 F12000
G1 X182.666 Y128.321 E.47622
G1 X182.132 Y128.321 F30000
G1 F12000
G1 X193.029 Y139.218 E.50073
G1 X193.029 Y139.751 F30000
G1 F12000
G1 X181.599 Y128.321 E.52524
G1 X181.066 Y128.321 F30000
G1 F12000
G1 X193.029 Y140.284 E.54975
G1 X193.029 Y140.818 F30000
G1 F12000
G1 X180.532 Y128.321 E.57426
G1 X179.999 Y128.321 F30000
G1 F12000
G1 X193.029 Y141.351 E.59877
G1 X193.029 Y141.885 F30000
G1 F12000
G1 X179.465 Y128.321 E.62328
G1 X178.932 Y128.321 F30000
G1 F12000
G1 X193.029 Y142.418 E.64779
G1 X193.029 Y142.951 F30000
G1 F12000
G1 X178.399 Y128.321 E.6723
G1 X177.865 Y128.321 F30000
G1 F12000
G1 X193.029 Y143.485 E.69681
G1 X193.029 Y144.018 F30000
G1 F12000
G1 X177.332 Y128.321 E.72132
G1 X176.799 Y128.321 F30000
G1 F12000
G1 X193.029 Y144.551 E.74584
G1 X193.029 Y145.085 F30000
G1 F12000
G1 X176.265 Y128.321 E.77035
G1 X175.732 Y128.321 F30000
G1 F12000
G1 X193.029 Y145.618 E.79486
G1 X193.029 Y146.152 F30000
G1 F12000
G1 X175.198 Y128.321 E.81937
G1 X174.665 Y128.321 F30000
G1 F12000
G1 X193.029 Y146.685 E.84388
G1 X193.029 Y147.218 F30000
G1 F12000
G1 X174.132 Y128.321 E.86839
G1 X173.598 Y128.321 F30000
G1 F12000
G1 X193.029 Y147.752 E.8929
G1 X193.029 Y148.285 F30000
G1 F12000
G1 X173.065 Y128.321 E.91741
G1 X172.532 Y128.321 F30000
G1 F12000
G1 X193.029 Y148.818 E.94192
G1 X193.029 Y149.352 F30000
G1 F12000
G1 X171.998 Y128.321 E.96643
G1 X171.465 Y128.321 F30000
G1 F12000
G1 X193.029 Y149.885 E.99094
G1 X193.029 Y150.419 F30000
G1 F12000
G1 X170.931 Y128.321 E1.01545
G1 X170.398 Y128.321 F30000
G1 F12000
G1 X193.029 Y150.952 E1.03996
G1 X193.029 Y151.485 F30000
G1 F12000
G1 X169.865 Y128.321 E1.06447
G1 X169.331 Y128.321 F30000
G1 F12000
G1 X193.029 Y152.019 E1.08898
G1 X193.029 Y152.552 F30000
G1 F12000
G1 X168.798 Y128.321 E1.11349
G1 X168.265 Y128.321 F30000
G1 F12000
G1 X193.029 Y153.085 E1.138
G1 X193.029 Y153.619 F30000
G1 F12000
G1 X167.731 Y128.321 E1.16251
G1 X167.198 Y128.321 F30000
G1 F12000
G1 X193.029 Y154.152 E1.18702
G1 X193.029 Y154.686 F30000
G1 F12000
G1 X166.664 Y128.321 E1.21153
G1 X166.131 Y128.321 F30000
G1 F12000
G1 X193.029 Y155.219 E1.23604
G1 X193.029 Y155.752 F30000
G1 F12000
G1 X165.598 Y128.321 E1.26055
G1 X165.064 Y128.321 F30000
G1 F12000
G1 X193.029 Y156.286 E1.28506
G1 X193.029 Y156.819 F30000
G1 F12000
G1 X164.531 Y128.321 E1.30957
G1 X163.998 Y128.321 F30000
G1 F12000
G1 X193.029 Y157.352 E1.33408
G1 X193.029 Y157.886 F30000
G1 F12000
G1 X163.464 Y128.321 E1.35859
G1 X162.931 Y128.321 F30000
G1 F12000
G1 X193.029 Y158.419 E1.3831
G1 X193.029 Y158.953 F30000
G1 F12000
G1 X162.397 Y128.321 E1.40761
G1 X161.864 Y128.321 F30000
G1 F12000
G1 X193.029 Y159.486 E1.43212
G1 X193.029 Y160.019 F30000
G1 F12000
G1 X161.331 Y128.321 E1.45663
G1 X160.797 Y128.321 F30000
G1 F12000
G1 X193.029 Y160.553 E1.48114
G1 X193.029 Y161.086 F30000
G1 F12000
G1 X160.264 Y128.321 E1.50565
G1 X159.731 Y128.321 F30000
G1 F12000
G1 X193.029 Y161.619 E1.53017
G1 X193.029 Y162.153 F30000
G1 F12000
G1 X159.197 Y128.321 E1.55468
G1 X158.664 Y128.321 F30000
G1 F12000
G1 X193.029 Y162.686 E1.57919
G1 X193.029 Y163.219 F30000
G1 F12000
G1 X158.131 Y128.321 E1.6037
G1 X157.597 Y128.321 F30000
G1 F12000
G1 X193.029 Y163.753 E1.62821
G1 X193.029 Y164.286 F30000
G1 F12000
G1 X157.064 Y128.321 E1.65272
G1 X156.53 Y128.321 F30000
G1 F12000
G1 X193.029 Y164.82 E1.67723
G1 X193.029 Y165.353 F30000
G1 F12000
G1 X155.997 Y128.321 E1.70174
G1 X155.464 Y128.321 F30000
G1 F12000
G1 X193.029 Y165.886 E1.72625
G1 X193.029 Y166.42 F30000
G1 F12000
G1 X154.93 Y128.321 E1.75076
G1 X154.397 Y128.321 F30000
G1 F12000
G1 X193.029 Y166.953 E1.77527
G1 X193.029 Y167.486 F30000
G1 F12000
G1 X153.864 Y128.321 E1.79978
G1 X153.33 Y128.321 F30000
G1 F12000
G1 X193.029 Y168.02 E1.82429
G1 X193.029 Y168.553 F30000
G1 F12000
G1 X152.797 Y128.321 E1.8488
G1 X152.263 Y128.321 F30000
G1 F12000
G1 X193.029 Y169.087 E1.87331
G1 X193.029 Y169.62 F30000
G1 F12000
G1 X151.73 Y128.321 E1.89782
G1 X151.197 Y128.321 F30000
G1 F12000
G1 X193.029 Y170.153 E1.92233
G1 X193.029 Y170.687 F30000
G1 F12000
G1 X150.663 Y128.321 E1.94684
G1 X150.13 Y128.321 F30000
G1 F12000
G1 X193.029 Y171.22 E1.97135
G1 X193.029 Y171.753 F30000
G1 F12000
G1 X149.597 Y128.321 E1.99586
G1 X149.063 Y128.321 F30000
G1 F12000
G1 X193.029 Y172.287 E2.02037
G1 X193.029 Y172.82 F30000
G1 F12000
G1 X148.53 Y128.321 E2.04488
G1 X147.996 Y128.321 F30000
G1 F12000
G1 X193.029 Y173.354 E2.06939
G1 X193.029 Y173.887 F30000
G1 F12000
G1 X147.463 Y128.321 E2.0939
G1 X146.93 Y128.321 F30000
G1 F12000
G1 X193.029 Y174.42 E2.11841
G1 X193.029 Y174.954 F30000
G1 F12000
G1 X146.396 Y128.321 E2.14292
G1 X145.863 Y128.321 F30000
G1 F12000
G1 X193.029 Y175.487 E2.16743
G1 X193.029 Y176.02 F30000
G1 F12000
G1 X145.33 Y128.321 E2.19194
G1 X144.796 Y128.321 F30000
G1 F12000
G1 X193.029 Y176.554 E2.21645
G1 X193.029 Y177.087 F30000
G1 F12000
G1 X144.263 Y128.321 E2.24096
G1 X143.729 Y128.321 F30000
M73 P28 R54
G1 F12000
G1 X193.029 Y177.621 E2.26547
G1 X193.029 Y178.154 F30000
G1 F12000
G1 X143.196 Y128.321 E2.28998
G1 X142.663 Y128.321 F30000
G1 F12000
G1 X193.029 Y178.687 E2.3145
G1 X193.029 Y179.221 F30000
G1 F12000
G1 X142.129 Y128.321 E2.33901
G1 X141.596 Y128.321 F30000
G1 F12000
G1 X193.029 Y179.754 E2.36352
G1 X193.029 Y180.287 F30000
G1 F12000
G1 X141.063 Y128.321 E2.38803
G1 X140.529 Y128.321 F30000
G1 F12000
G1 X193.029 Y180.821 E2.41254
G1 X193.029 Y181.354 F30000
G1 F12000
G1 X139.996 Y128.321 E2.43705
G1 X139.462 Y128.321 F30000
G1 F12000
G1 X193.029 Y181.888 E2.46156
G1 X193.029 Y182.421 F30000
G1 F12000
G1 X138.929 Y128.321 E2.48607
G1 X138.396 Y128.321 F30000
G1 F12000
G1 X193.029 Y182.954 E2.51058
G1 X193.029 Y183.488 F30000
G1 F12000
G1 X137.862 Y128.321 E2.53509
G1 X137.329 Y128.321 F30000
G1 F12000
G1 X193.029 Y184.021 E2.5596
G1 X193.029 Y184.554 F30000
G1 F12000
G1 X136.796 Y128.321 E2.58411
G1 X136.262 Y128.321 F30000
G1 F12000
G1 X193.029 Y185.088 E2.60862
G1 X193.029 Y185.621 F30000
G1 F12000
G1 X135.729 Y128.321 E2.63313
G1 X135.196 Y128.321 F30000
G1 F12000
G1 X193.029 Y186.154 E2.65764
G1 X193.029 Y186.688 F30000
G1 F12000
G1 X134.662 Y128.321 E2.68215
G1 X134.129 Y128.321 F30000
G1 F12000
G1 X193.029 Y187.221 E2.70666
G1 X193.029 Y187.755 F30000
G1 F12000
G1 X133.595 Y128.321 E2.73117
G1 X133.062 Y128.321 F30000
G1 F12000
G1 X193.029 Y188.288 E2.75568
G1 X192.886 Y188.679 F30000
G1 F12000
G1 X132.529 Y128.321 E2.77364
G1 X131.995 Y128.321 F30000
G1 F12000
G1 X192.353 Y188.679 E2.77364
G1 X191.819 Y188.679 F30000
G1 F12000
G1 X131.462 Y128.321 E2.77364
G1 X130.929 Y128.321 F30000
G1 F12000
G1 X191.286 Y188.679 E2.77364
G1 X190.753 Y188.679 F30000
G1 F12000
G1 X130.395 Y128.321 E2.77364
G1 X129.862 Y128.321 F30000
G1 F12000
G1 X190.219 Y188.679 E2.77364
G1 X189.686 Y188.679 F30000
G1 F12000
G1 X129.328 Y128.321 E2.77364
G1 X128.795 Y128.321 F30000
G1 F12000
G1 X189.153 Y188.679 E2.77364
G1 X188.619 Y188.679 F30000
G1 F12000
G1 X128.262 Y128.321 E2.77364
G1 X127.728 Y128.321 F30000
G1 F12000
G1 X188.086 Y188.679 E2.77364
G1 X187.552 Y188.679 F30000
G1 F12000
G1 X127.195 Y128.321 E2.77364
G1 X126.662 Y128.321 F30000
G1 F12000
G1 X187.019 Y188.679 E2.77364
G1 X186.486 Y188.679 F30000
G1 F12000
G1 X126.128 Y128.321 E2.77364
G1 X125.595 Y128.321 F30000
G1 F12000
G1 X185.952 Y188.679 E2.77364
G1 X185.419 Y188.679 F30000
G1 F12000
G1 X125.061 Y128.321 E2.77364
G1 X124.528 Y128.321 F30000
G1 F12000
G1 X184.886 Y188.679 E2.77364
G1 X184.352 Y188.679 F30000
G1 F12000
G1 X123.995 Y128.321 E2.77364
G1 X123.461 Y128.321 F30000
G1 F12000
G1 X183.819 Y188.679 E2.77364
G1 X183.285 Y188.679 F30000
M73 P29 R54
G1 F12000
G1 X122.928 Y128.321 E2.77364
G1 X122.395 Y128.321 F30000
G1 F12000
G1 X182.752 Y188.679 E2.77364
G1 X182.219 Y188.679 F30000
G1 F12000
G1 X121.861 Y128.321 E2.77364
G1 X121.328 Y128.321 F30000
G1 F12000
G1 X181.685 Y188.679 E2.77364
G1 X181.152 Y188.679 F30000
G1 F12000
G1 X120.794 Y128.321 E2.77364
G1 X120.261 Y128.321 F30000
G1 F12000
G1 X180.619 Y188.679 E2.77364
G1 X180.085 Y188.679 F30000
G1 F12000
G1 X119.728 Y128.321 E2.77364
G1 X119.194 Y128.321 F30000
G1 F12000
G1 X179.552 Y188.679 E2.77364
G1 X179.018 Y188.679 F30000
G1 F12000
G1 X118.661 Y128.321 E2.77364
G1 X118.128 Y128.321 F30000
G1 F12000
G1 X178.485 Y188.679 E2.77364
G1 X177.952 Y188.679 F30000
G1 F12000
G1 X117.594 Y128.321 E2.77364
G1 X117.061 Y128.321 F30000
G1 F12000
G1 X177.418 Y188.679 E2.77364
G1 X176.885 Y188.679 F30000
G1 F12000
G1 X116.527 Y128.321 E2.77364
G1 X115.994 Y128.321 F30000
G1 F12000
G1 X176.352 Y188.679 E2.77364
G1 X175.818 Y188.679 F30000
G1 F12000
G1 X115.461 Y128.321 E2.77364
G1 X114.927 Y128.321 F30000
G1 F12000
G1 X175.285 Y188.679 E2.77364
G1 X174.752 Y188.679 F30000
G1 F12000
G1 X114.394 Y128.321 E2.77364
G1 X113.861 Y128.321 F30000
G1 F12000
G1 X174.218 Y188.679 E2.77364
G1 X173.685 Y188.679 F30000
G1 F12000
G1 X113.327 Y128.321 E2.77364
G1 X112.794 Y128.321 F30000
G1 F12000
G1 X173.151 Y188.679 E2.77364
G1 X172.618 Y188.679 F30000
G1 F12000
G1 X112.261 Y128.321 E2.77364
G1 X111.727 Y128.321 F30000
G1 F12000
G1 X172.085 Y188.679 E2.77364
G1 X171.551 Y188.679 F30000
G1 F12000
G1 X111.194 Y128.321 E2.77364
G1 X110.66 Y128.321 F30000
G1 F12000
G1 X171.018 Y188.679 E2.77364
G1 X170.485 Y188.679 F30000
G1 F12000
G1 X110.127 Y128.321 E2.77364
G1 X109.594 Y128.321 F30000
G1 F12000
G1 X169.951 Y188.679 E2.77364
G1 X169.418 Y188.679 F30000
G1 F12000
G1 X109.06 Y128.321 E2.77364
G1 X108.527 Y128.321 F30000
G1 F12000
G1 X168.884 Y188.679 E2.77364
G1 X168.351 Y188.679 F30000
G1 F12000
G1 X107.994 Y128.321 E2.77364
G1 X107.46 Y128.321 F30000
G1 F12000
G1 X167.818 Y188.679 E2.77364
G1 X167.284 Y188.679 F30000
G1 F12000
G1 X106.927 Y128.321 E2.77364
G1 X106.393 Y128.321 F30000
G1 F12000
G1 X166.751 Y188.679 E2.77364
G1 X166.218 Y188.679 F30000
G1 F12000
G1 X105.86 Y128.321 E2.77364
G1 X105.327 Y128.321 F30000
G1 F12000
G1 X165.684 Y188.679 E2.77364
G1 X165.151 Y188.679 F30000
G1 F12000
G1 X104.793 Y128.321 E2.77364
G1 X104.26 Y128.321 F30000
G1 F12000
G1 X164.617 Y188.679 E2.77364
G1 X164.084 Y188.679 F30000
G1 F12000
G1 X103.727 Y128.321 E2.77364
G1 X103.193 Y128.321 F30000
G1 F12000
G1 X163.551 Y188.679 E2.77364
G1 X163.017 Y188.679 F30000
G1 F12000
G1 X102.66 Y128.321 E2.77364
G1 X102.126 Y128.321 F30000
G1 F12000
G1 X162.484 Y188.679 E2.77364
G1 X161.951 Y188.679 F30000
G1 F12000
G1 X101.593 Y128.321 E2.77364
G1 X101.06 Y128.321 F30000
G1 F12000
G1 X161.417 Y188.679 E2.77364
G1 X160.884 Y188.679 F30000
G1 F12000
G1 X100.526 Y128.321 E2.77364
G1 X99.993 Y128.321 F30000
G1 F12000
G1 X160.35 Y188.679 E2.77364
G1 X159.817 Y188.679 F30000
G1 F12000
G1 X99.46 Y128.321 E2.77364
G1 X98.926 Y128.321 F30000
G1 F12000
G1 X159.284 Y188.679 E2.77364
G1 X158.75 Y188.679 F30000
G1 F12000
G1 X98.393 Y128.321 E2.77364
G1 X97.859 Y128.321 F30000
G1 F12000
G1 X158.217 Y188.679 E2.77364
G1 X157.684 Y188.679 F30000
G1 F12000
G1 X97.326 Y128.321 E2.77364
G1 X96.793 Y128.321 F30000
G1 F12000
G1 X157.15 Y188.679 E2.77364
G1 X156.617 Y188.679 F30000
G1 F12000
G1 X96.259 Y128.321 E2.77364
G1 X95.726 Y128.321 F30000
G1 F12000
G1 X156.083 Y188.679 E2.77364
G1 X155.55 Y188.679 F30000
G1 F12000
G1 X95.193 Y128.321 E2.77364
G1 X94.659 Y128.321 F30000
G1 F12000
G1 X155.017 Y188.679 E2.77364
G1 X154.483 Y188.679 F30000
G1 F12000
G1 X94.126 Y128.321 E2.77364
G1 X93.592 Y128.321 F30000
G1 F12000
G1 X153.95 Y188.679 E2.77364
G1 X153.417 Y188.679 F30000
G1 F12000
G1 X93.059 Y128.321 E2.77364
G1 X92.526 Y128.321 F30000
G1 F12000
G1 X152.883 Y188.679 E2.77364
G1 X152.35 Y188.679 F30000
G1 F12000
G1 X91.992 Y128.321 E2.77364
G1 X91.459 Y128.321 F30000
G1 F12000
G1 X151.817 Y188.679 E2.77364
G1 X151.283 Y188.679 F30000
G1 F12000
G1 X90.926 Y128.321 E2.77364
G1 X90.392 Y128.321 F30000
G1 F12000
G1 X150.75 Y188.679 E2.77364
G1 X150.216 Y188.679 F30000
G1 F12000
G1 X89.859 Y128.321 E2.77364
G1 X89.326 Y128.321 F30000
G1 F12000
G1 X149.683 Y188.679 E2.77364
G1 X149.15 Y188.679 F30000
G1 F12000
G1 X88.792 Y128.321 E2.77364
G1 X88.259 Y128.321 F30000
G1 F12000
G1 X148.616 Y188.679 E2.77364
G1 X148.083 Y188.679 F30000
G1 F12000
G1 X87.725 Y128.321 E2.77364
G1 X87.192 Y128.321 F30000
G1 F12000
G1 X147.55 Y188.679 E2.77364
G1 X147.016 Y188.679 F30000
G1 F12000
G1 X86.659 Y128.321 E2.77364
G1 X86.125 Y128.321 F30000
G1 F12000
G1 X146.483 Y188.679 E2.77364
G1 X145.949 Y188.679 F30000
G1 F12000
G1 X85.592 Y128.321 E2.77364
G1 X85.059 Y128.321 F30000
G1 F12000
G1 X145.416 Y188.679 E2.77364
G1 X144.883 Y188.679 F30000
M73 P29 R53
G1 F12000
G1 X84.525 Y128.321 E2.77364
G1 X83.992 Y128.321 F30000
G1 F12000
G1 X144.349 Y188.679 E2.77364
G1 X143.816 Y188.679 F30000
G1 F12000
G1 X83.458 Y128.321 E2.77364
G1 X82.925 Y128.321 F30000
G1 F12000
G1 X143.283 Y188.679 E2.77364
G1 X142.749 Y188.679 F30000
G1 F12000
G1 X82.392 Y128.321 E2.77364
G1 X81.858 Y128.321 F30000
G1 F12000
G1 X142.216 Y188.679 E2.77364
G1 X141.682 Y188.679 F30000
G1 F12000
G1 X81.325 Y128.321 E2.77364
G1 X80.792 Y128.321 F30000
G1 F12000
G1 X141.149 Y188.679 E2.77364
G1 X140.616 Y188.679 F30000
G1 F12000
G1 X80.258 Y128.321 E2.77364
G1 X79.725 Y128.321 F30000
G1 F12000
G1 X140.082 Y188.679 E2.77364
G1 X139.549 Y188.679 F30000
G1 F12000
G1 X79.191 Y128.321 E2.77364
G1 X78.658 Y128.321 F30000
G1 F12000
G1 X139.016 Y188.679 E2.77364
G1 X138.482 Y188.679 F30000
M73 P30 R53
G1 F12000
G1 X78.125 Y128.321 E2.77364
G1 X77.591 Y128.321 F30000
G1 F12000
G1 X137.949 Y188.679 E2.77364
G1 X137.415 Y188.679 F30000
G1 F12000
G1 X77.058 Y128.321 E2.77364
G1 X76.525 Y128.321 F30000
G1 F12000
G1 X136.882 Y188.679 E2.77364
G1 X136.349 Y188.679 F30000
G1 F12000
G1 X75.991 Y128.321 E2.77364
G1 X75.458 Y128.321 F30000
G1 F12000
G1 X135.815 Y188.679 E2.77364
G1 X135.282 Y188.679 F30000
G1 F12000
G1 X74.924 Y128.321 E2.77364
G1 X74.391 Y128.321 F30000
G1 F12000
G1 X134.749 Y188.679 E2.77364
G1 X134.215 Y188.679 F30000
G1 F12000
G1 X73.858 Y128.321 E2.77364
G1 X73.324 Y128.321 F30000
G1 F12000
G1 X133.682 Y188.679 E2.77364
G1 X133.148 Y188.679 F30000
G1 F12000
G1 X72.791 Y128.321 E2.77364
G1 X72.258 Y128.321 F30000
G1 F12000
G1 X132.615 Y188.679 E2.77364
G1 X132.082 Y188.679 F30000
G1 F12000
G1 X71.724 Y128.321 E2.77364
G1 X71.191 Y128.321 F30000
G1 F12000
G1 X131.548 Y188.679 E2.77364
G1 X131.015 Y188.679 F30000
G1 F12000
G1 X70.657 Y128.321 E2.77364
G1 X70.124 Y128.321 F30000
G1 F12000
G1 X130.482 Y188.679 E2.77364
G1 X129.948 Y188.679 F30000
G1 F12000
G1 X69.591 Y128.321 E2.77364
G1 X69.057 Y128.321 F30000
G1 F12000
G1 X129.415 Y188.679 E2.77364
G1 X128.882 Y188.679 F30000
G1 F12000
G1 X68.524 Y128.321 E2.77364
G1 X67.991 Y128.321 F30000
G1 F12000
G1 X128.348 Y188.679 E2.77364
G1 X127.815 Y188.679 F30000
G1 F12000
G1 X67.457 Y128.321 E2.77364
G1 X66.924 Y128.321 F30000
G1 F12000
G1 X127.281 Y188.679 E2.77364
G1 X126.748 Y188.679 F30000
G1 F12000
G1 X66.391 Y128.321 E2.77364
G1 X65.857 Y128.321 F30000
G1 F12000
G1 X126.215 Y188.679 E2.77364
G1 X125.681 Y188.679 F30000
G1 F12000
G1 X65.324 Y128.321 E2.77364
G1 X64.79 Y128.321 F30000
G1 F12000
G1 X125.148 Y188.679 E2.77364
G1 X124.615 Y188.679 F30000
G1 F12000
G1 X64.257 Y128.321 E2.77364
G1 X63.771 Y128.369 F30000
G1 F12000
G1 X124.081 Y188.679 E2.77145
G1 X123.548 Y188.679 F30000
G1 F12000
G1 X63.771 Y128.902 E2.74694
G1 X63.771 Y129.436 F30000
G1 F12000
G1 X123.014 Y188.679 E2.72243
G1 X122.481 Y188.679 F30000
G1 F12000
G1 X63.771 Y129.969 E2.69792
G1 X63.771 Y130.502 F30000
G1 F12000
G1 X121.948 Y188.679 E2.67341
G1 X121.414 Y188.679 F30000
G1 F12000
G1 X63.771 Y131.036 E2.6489
G1 X63.771 Y131.569 F30000
G1 F12000
G1 X120.881 Y188.679 E2.62439
G1 X120.348 Y188.679 F30000
G1 F12000
G1 X63.771 Y132.102 E2.59988
G1 X63.771 Y132.636 F30000
G1 F12000
G1 X119.814 Y188.679 E2.57537
G1 X119.281 Y188.679 F30000
G1 F12000
G1 X63.771 Y133.169 E2.55086
G1 X63.771 Y133.703 F30000
G1 F12000
G1 X118.747 Y188.679 E2.52635
G1 X118.214 Y188.679 F30000
G1 F12000
G1 X63.771 Y134.236 E2.50184
G1 X63.771 Y134.769 F30000
G1 F12000
G1 X117.681 Y188.679 E2.47733
G1 X117.147 Y188.679 F30000
G1 F12000
G1 X63.771 Y135.303 E2.45282
G1 X63.771 Y135.836 F30000
G1 F12000
G1 X116.614 Y188.679 E2.42831
G1 X116.081 Y188.679 F30000
G1 F12000
G1 X63.771 Y136.369 E2.4038
G1 X63.771 Y136.903 F30000
G1 F12000
G1 X115.547 Y188.679 E2.37929
G1 X115.014 Y188.679 F30000
G1 F12000
G1 X63.771 Y137.436 E2.35478
G1 X63.771 Y137.97 F30000
G1 F12000
G1 X114.48 Y188.679 E2.33027
G1 X113.947 Y188.679 F30000
G1 F12000
G1 X63.771 Y138.503 E2.30576
G1 X63.771 Y139.036 F30000
G1 F12000
G1 X113.414 Y188.679 E2.28125
G1 X112.88 Y188.679 F30000
G1 F12000
G1 X63.771 Y139.57 E2.25673
G1 X63.771 Y140.103 F30000
G1 F12000
G1 X112.347 Y188.679 E2.23222
G1 X111.814 Y188.679 F30000
G1 F12000
G1 X63.771 Y140.636 E2.20771
G1 X63.771 Y141.17 F30000
G1 F12000
G1 X111.28 Y188.679 E2.1832
G1 X110.747 Y188.679 F30000
G1 F12000
G1 X63.771 Y141.703 E2.15869
G1 X63.771 Y142.237 F30000
G1 F12000
G1 X110.213 Y188.679 E2.13418
G1 X109.68 Y188.679 F30000
G1 F12000
G1 X63.771 Y142.77 E2.10967
G1 X63.771 Y143.303 F30000
G1 F12000
G1 X109.147 Y188.679 E2.08516
G1 X108.613 Y188.679 F30000
G1 F12000
G1 X63.771 Y143.837 E2.06065
G1 X63.771 Y144.37 F30000
G1 F12000
G1 X108.08 Y188.679 E2.03614
G1 X107.547 Y188.679 F30000
G1 F12000
G1 X63.771 Y144.903 E2.01163
G1 X63.771 Y145.437 F30000
G1 F12000
G1 X107.013 Y188.679 E1.98712
G1 X106.48 Y188.679 F30000
G1 F12000
G1 X63.771 Y145.97 E1.96261
G1 X63.771 Y146.503 F30000
G1 F12000
G1 X105.947 Y188.679 E1.9381
G1 X105.413 Y188.679 F30000
G1 F12000
G1 X63.771 Y147.037 E1.91359
G1 X63.771 Y147.57 F30000
G1 F12000
G1 X104.88 Y188.679 E1.88908
G1 X104.346 Y188.679 F30000
G1 F12000
G1 X63.771 Y148.104 E1.86457
G1 X63.771 Y148.637 F30000
G1 F12000
G1 X103.813 Y188.679 E1.84006
G1 X103.28 Y188.679 F30000
G1 F12000
G1 X63.771 Y149.17 E1.81555
G1 X63.771 Y149.704 F30000
G1 F12000
G1 X102.746 Y188.679 E1.79104
G1 X102.213 Y188.679 F30000
G1 F12000
G1 X63.771 Y150.237 E1.76653
G1 X63.771 Y150.77 F30000
G1 F12000
G1 X101.68 Y188.679 E1.74202
G1 X101.146 Y188.679 F30000
G1 F12000
G1 X63.771 Y151.304 E1.71751
G1 X63.771 Y151.837 F30000
G1 F12000
G1 X100.613 Y188.679 E1.693
G1 X100.079 Y188.679 F30000
G1 F12000
G1 X63.771 Y152.371 E1.66849
G1 X63.771 Y152.904 F30000
G1 F12000
G1 X99.546 Y188.679 E1.64398
G1 X99.013 Y188.679 F30000
G1 F12000
G1 X63.771 Y153.437 E1.61947
G1 X63.771 Y153.971 F30000
G1 F12000
G1 X98.479 Y188.679 E1.59496
G1 X97.946 Y188.679 F30000
G1 F12000
G1 X63.771 Y154.504 E1.57045
G1 X63.771 Y155.037 F30000
G1 F12000
G1 X97.413 Y188.679 E1.54594
G1 X96.879 Y188.679 F30000
G1 F12000
G1 X63.771 Y155.571 E1.52143
G1 X63.771 Y156.104 F30000
G1 F12000
G1 X96.346 Y188.679 E1.49692
G1 X95.812 Y188.679 F30000
G1 F12000
G1 X63.771 Y156.638 E1.4724
G1 X63.771 Y157.171 F30000
G1 F12000
G1 X95.279 Y188.679 E1.44789
G1 X94.746 Y188.679 F30000
G1 F12000
G1 X63.771 Y157.704 E1.42338
G1 X63.771 Y158.238 F30000
G1 F12000
G1 X94.212 Y188.679 E1.39887
G1 X93.679 Y188.679 F30000
G1 F12000
G1 X63.771 Y158.771 E1.37436
G1 X63.771 Y159.304 F30000
G1 F12000
G1 X93.146 Y188.679 E1.34985
G1 X92.612 Y188.679 F30000
G1 F12000
G1 X63.771 Y159.838 E1.32534
G1 X63.771 Y160.371 F30000
G1 F12000
G1 X92.079 Y188.679 E1.30083
G1 X91.545 Y188.679 F30000
G1 F12000
G1 X91.048 Y188.181 E.02287
G1 X90.669 Y187.802 F30000
G1 F12000
G1 X63.771 Y160.905 E1.23604
G1 X63.771 Y161.438 F30000
G1 F12000
G1 X90.136 Y187.802 E1.21153
G1 X89.602 Y187.802 F30000
G1 F12000
G1 X63.771 Y161.971 E1.18702
G1 X63.771 Y162.505 F30000
G1 F12000
G1 X89.069 Y187.802 E1.16251
G1 X88.535 Y187.802 F30000
G1 F12000
G1 X63.771 Y163.038 E1.138
G1 X63.771 Y163.571 F30000
G1 F12000
G1 X88.002 Y187.802 E1.11349
G1 X87.469 Y187.802 F30000
G1 F12000
G1 X63.771 Y164.105 E1.08898
G1 X63.771 Y164.638 F30000
G1 F12000
G1 X86.935 Y187.802 E1.06447
G1 X86.402 Y187.802 F30000
G1 F12000
G1 X63.771 Y165.172 E1.03996
G1 X63.771 Y165.705 F30000
G1 F12000
G1 X85.869 Y187.802 E1.01545
G1 X85.335 Y187.802 F30000
G1 F12000
G1 X63.771 Y166.238 E.99094
G1 X63.771 Y166.772 F30000
G1 F12000
G1 X84.802 Y187.802 E.96643
G1 X84.268 Y187.802 F30000
G1 F12000
G1 X63.771 Y167.305 E.94192
G1 X63.771 Y167.838 F30000
G1 F12000
G1 X83.735 Y187.802 E.91741
G1 X83.202 Y187.802 F30000
G1 F12000
G1 X63.771 Y168.372 E.8929
G1 X63.771 Y168.905 F30000
G1 F12000
G1 X82.668 Y187.802 E.86839
G1 X82.135 Y187.802 F30000
G1 F12000
G1 X63.771 Y169.438 E.84388
G1 X63.771 Y169.972 F30000
G1 F12000
G1 X81.602 Y187.802 E.81937
G1 X81.068 Y187.802 F30000
M73 P31 R53
G1 F12000
G1 X63.771 Y170.505 E.79486
G1 X63.771 Y171.039 F30000
G1 F12000
G1 X80.535 Y187.802 E.77035
G1 X80.001 Y187.802 F30000
G1 F12000
G1 X63.771 Y171.572 E.74584
G1 X63.771 Y172.105 F30000
G1 F12000
G1 X79.468 Y187.802 E.72133
G1 X78.935 Y187.802 F30000
G1 F12000
G1 X63.771 Y172.639 E.69682
G1 X63.771 Y173.172 F30000
G1 F12000
G1 X78.401 Y187.802 E.67231
G1 X77.868 Y187.802 F30000
G1 F12000
G1 X63.771 Y173.705 E.6478
G1 X63.771 Y174.239 F30000
G1 F12000
G1 X77.335 Y187.802 E.62328
G1 X76.801 Y187.802 F30000
G1 F12000
G1 X63.771 Y174.772 E.59877
G1 X63.771 Y175.306 F30000
G1 F12000
G1 X76.268 Y187.802 E.57426
G1 X75.735 Y187.802 F30000
G1 F12000
G1 X63.771 Y175.839 E.54975
G1 X63.771 Y176.372 F30000
G1 F12000
G1 X75.201 Y187.802 E.52524
G1 X74.668 Y187.802 F30000
G1 F12000
G1 X63.771 Y176.906 E.50073
G1 X63.771 Y177.439 F30000
G1 F12000
G1 X74.134 Y187.802 E.47622
G1 X73.601 Y187.802 F30000
G1 F12000
G1 X63.771 Y177.972 E.45171
G1 X63.771 Y178.506 F30000
G1 F12000
G1 X73.068 Y187.802 E.4272
G1 X72.534 Y187.802 F30000
G1 F12000
G1 X63.771 Y179.039 E.40269
G1 X63.771 Y179.573 F30000
G1 F12000
G1 X72.001 Y187.802 E.37818
G1 X71.468 Y187.802 F30000
G1 F12000
G1 X63.771 Y180.106 E.35367
G1 X63.771 Y180.639 F30000
G1 F12000
G1 X70.934 Y187.802 E.32916
G1 X70.401 Y187.802 F30000
G1 F12000
G1 X63.771 Y181.173 E.30465
G1 X63.771 Y181.706 F30000
G1 F12000
G1 X69.867 Y187.802 E.28014
G1 X69.334 Y187.802 F30000
G1 F12000
G1 X63.771 Y182.239 E.25563
G1 X63.771 Y182.773 F30000
G1 F12000
G1 X68.801 Y187.802 E.23112
G1 X68.267 Y187.802 F30000
G1 F12000
G1 X63.771 Y183.306 E.20661
G1 X63.771 Y183.84 F30000
G1 F12000
G1 X67.734 Y187.802 E.1821
G1 X67.201 Y187.802 F30000
G1 F12000
G1 X63.771 Y184.373 E.15759
G1 X63.771 Y184.906 F30000
G1 F12000
G1 X66.667 Y187.802 E.13308
G1 X66.134 Y187.802 F30000
G1 F12000
G1 X63.771 Y185.44 E.10857
G1 X63.771 Y185.973 F30000
G1 F12000
G1 X65.6 Y187.802 E.08406
G1 X65.067 Y187.802 F30000
G1 F12000
G1 X63.771 Y186.506 E.05955
G1 X63.771 Y187.04 F30000
G1 F12000
G1 X64.534 Y187.802 E.03504
G1 E-.7353 F1800
;WIPE_START
G1 F30000
G1 X63.771 Y187.04 E-.0647
;WIPE_END
G1 X63.722 Y179.407 Z1.4
G1 X63.348 Y121.898 Z1.4
G1 Z1
G1 E.8 F1800
SET_VELOCITY_LIMIT ACCEL=10000
;TYPE:Inner wall
;WIDTH:0.45
G1 F6000
G1 X63.348 Y123.198 E.04183
G1 X62.752 Y123.198 E.01917
G1 X62.752 Y62.402 E1.95621
G1 X63.568 Y62.402 E.02627
G1 X63.568 Y121.898 E1.91438
G1 X63.388 Y121.898 E.00581
M73 P31 R52
SET_VELOCITY_LIMIT ACCEL=5000
G1 X63.74 Y122.29 F30000
;TYPE:Outer wall
;WIDTH:0.42
G1 F3600
G1 X63.74 Y123.59 E.03875
G1 X62.36 Y123.59 E.04113
G1 X62.36 Y62.01 E1.83542
G1 X193.64 Y62.01 E3.91285
G1 X193.64 Y123.59 E1.83542
G1 X90.86 Y123.59 E3.0634
G1 X90.86 Y122.29 E.03875
G1 X63.78 Y122.29 E.80713
G1 E-.728 F1800
;WIPE_START
G1 F30000
G1 X63.743 Y123.489 E-.072
;WIPE_END
G1 X63.074 Y121.647 Z1.4
G1 Z1
G1 E.8 F1800
SET_VELOCITY_LIMIT ACCEL=10000
;TYPE:Gap infill
;WIDTH:0.233529
G1 F15000
G1 X63.05 Y121.694 E.00079
G1 X63.05 Y122.994 E.01959
G1 E-.728 F1800
;WIPE_START
G1 F30000
G1 X63.05 Y121.794 E-.072
;WIPE_END
G1 X63.074 Y121.647 Z1.4
G1 Z1
G1 E.8 F1800
;WIDTH:0.302476
G1 F15000
G1 X63.097 Y121.6 E.00108
;WIDTH:0.349668
G1 X63.121 Y121.553 E.00128
;WIDTH:0.39686
G1 X63.144 Y121.506 E.00148
;WIDTH:0.452218
G1 X63.16 Y121.49 E.00073
G1 X63.16 Y62.606 E1.90502
G1 X63.765 Y62.41 F30000
;WIDTH:0.451382
G1 F15000
G1 X193.036 Y62.41 E4.17364
;WIDTH:0.492263
G1 F14749.079
G1 X193.205 Y62.445 E.00614
G1 X193.222 Y62.53 E.00307
;WIDTH:0.468902
G1 F15000
G1 X193.24 Y62.615 E.00291
;WIDTH:0.451382
G1 X193.24 Y122.985 E1.94913
;WIDTH:0.492263
G1 F14749.079
G1 X193.205 Y123.155 E.00614
G1 X193.12 Y123.172 E.00307
;WIDTH:0.468902
G1 F15000
G1 X193.036 Y123.19 E.00291
;WIDTH:0.451382
G1 X91.056 Y123.19 E3.2925
G1 E-.728 F1800
;WIPE_START
G1 F30000
G1 X92.256 Y123.19 E-.072
;WIPE_END
G1 X98.82 Y119.294 Z1.4
G1 X193.029 Y63.384 Z1.4
G1 Z1
G1 E.8 F1800
SET_VELOCITY_LIMIT ACCEL=2000
;TYPE:Top surface
;WIDTH:0.420071
G1 F12000
G1 X192.266 Y62.621 E.03504
G1 X191.733 Y62.621 F30000
G1 F12000
G1 X193.029 Y63.917 E.05955
G1 X193.029 Y64.45 F30000
G1 F12000
G1 X191.2 Y62.621 E.08406
G1 X190.666 Y62.621 F30000
G1 F12000
G1 X193.029 Y64.984 E.10857
G1 X193.029 Y65.517 F30000
G1 F12000
G1 X190.133 Y62.621 E.13308
G1 X189.599 Y62.621 F30000
G1 F12000
G1 X193.029 Y66.051 E.15759
G1 X193.029 Y66.584 F30000
G1 F12000
G1 X189.066 Y62.621 E.1821
G1 X188.533 Y62.621 F30000
G1 F12000
G1 X193.029 Y67.117 E.20661
G1 X193.029 Y67.651 F30000
G1 F12000
G1 X187.999 Y62.621 E.23112
G1 X187.466 Y62.621 F30000
G1 F12000
G1 X193.029 Y68.184 E.25563
G1 X193.029 Y68.717 F30000
G1 F12000
G1 X186.933 Y62.621 E.28014
G1 X186.399 Y62.621 F30000
G1 F12000
G1 X193.029 Y69.251 E.30465
G1 X193.029 Y69.784 F30000
G1 F12000
G1 X185.866 Y62.621 E.32916
G1 X185.332 Y62.621 F30000
G1 F12000
G1 X193.029 Y70.318 E.35367
G1 X193.029 Y70.851 F30000
G1 F12000
G1 X184.799 Y62.621 E.37818
G1 X184.266 Y62.621 F30000
G1 F12000
G1 X193.029 Y71.384 E.40269
G1 X193.029 Y71.918 F30000
G1 F12000
G1 X183.732 Y62.621 E.4272
G1 X183.199 Y62.621 F30000
G1 F12000
G1 X193.029 Y72.451 E.45171
G1 X193.029 Y72.984 F30000
G1 F12000
G1 X182.666 Y62.621 E.47622
G1 X182.132 Y62.621 F30000
G1 F12000
G1 X193.029 Y73.518 E.50073
G1 X193.029 Y74.051 F30000
G1 F12000
G1 X181.599 Y62.621 E.52524
G1 X181.066 Y62.621 F30000
G1 F12000
G1 X193.029 Y74.584 E.54975
G1 X193.029 Y75.118 F30000
G1 F12000
G1 X180.532 Y62.621 E.57426
G1 X179.999 Y62.621 F30000
G1 F12000
G1 X193.029 Y75.651 E.59877
G1 X193.029 Y76.185 F30000
G1 F12000
G1 X179.465 Y62.621 E.62328
G1 X178.932 Y62.621 F30000
G1 F12000
G1 X193.029 Y76.718 E.64779
G1 X193.029 Y77.251 F30000
G1 F12000
G1 X178.399 Y62.621 E.6723
G1 X177.865 Y62.621 F30000
G1 F12000
G1 X193.029 Y77.785 E.69681
G1 X193.029 Y78.318 F30000
G1 F12000
G1 X177.332 Y62.621 E.72132
G1 X176.799 Y62.621 F30000
G1 F12000
G1 X193.029 Y78.851 E.74584
G1 X193.029 Y79.385 F30000
G1 F12000
G1 X176.265 Y62.621 E.77035
G1 X175.732 Y62.621 F30000
G1 F12000
G1 X193.029 Y79.918 E.79486
G1 X193.029 Y80.452 F30000
G1 F12000
G1 X175.198 Y62.621 E.81937
G1 X174.665 Y62.621 F30000
G1 F12000
G1 X193.029 Y80.985 E.84388
G1 X193.029 Y81.518 F30000
G1 F12000
G1 X174.132 Y62.621 E.86839
G1 X173.598 Y62.621 F30000
G1 F12000
G1 X193.029 Y82.052 E.8929
G1 X193.029 Y82.585 F30000
G1 F12000
G1 X173.065 Y62.621 E.91741
G1 X172.532 Y62.621 F30000
G1 F12000
G1 X193.029 Y83.118 E.94192
G1 X193.029 Y83.652 F30000
G1 F12000
G1 X171.998 Y62.621 E.96643
G1 X171.465 Y62.621 F30000
G1 F12000
G1 X193.029 Y84.185 E.99094
G1 X193.029 Y84.719 F30000
G1 F12000
G1 X170.931 Y62.621 E1.01545
G1 X170.398 Y62.621 F30000
G1 F12000
G1 X193.029 Y85.252 E1.03996
G1 X193.029 Y85.785 F30000
G1 F12000
G1 X169.865 Y62.621 E1.06447
G1 X169.331 Y62.621 F30000
G1 F12000
G1 X193.029 Y86.319 E1.08898
G1 X193.029 Y86.852 F30000
G1 F12000
G1 X168.798 Y62.621 E1.11349
G1 X168.265 Y62.621 F30000
G1 F12000
G1 X193.029 Y87.385 E1.138
G1 X193.029 Y87.919 F30000
G1 F12000
G1 X167.731 Y62.621 E1.16251
G1 X167.198 Y62.621 F30000
G1 F12000
G1 X193.029 Y88.452 E1.18702
G1 X193.029 Y88.986 F30000
G1 F12000
G1 X166.664 Y62.621 E1.21153
G1 X166.131 Y62.621 F30000
G1 F12000
G1 X193.029 Y89.519 E1.23604
G1 X193.029 Y90.052 F30000
G1 F12000
G1 X165.598 Y62.621 E1.26055
G1 X165.064 Y62.621 F30000
G1 F12000
G1 X193.029 Y90.586 E1.28506
G1 X193.029 Y91.119 F30000
G1 F12000
G1 X164.531 Y62.621 E1.30957
G1 X163.998 Y62.621 F30000
G1 F12000
G1 X193.029 Y91.652 E1.33408
G1 X193.029 Y92.186 F30000
G1 F12000
G1 X163.464 Y62.621 E1.35859
G1 X162.931 Y62.621 F30000
G1 F12000
G1 X193.029 Y92.719 E1.3831
G1 X193.029 Y93.253 F30000
G1 F12000
G1 X162.397 Y62.621 E1.40761
G1 X161.864 Y62.621 F30000
G1 F12000
G1 X193.029 Y93.786 E1.43212
G1 X193.029 Y94.319 F30000
G1 F12000
G1 X161.331 Y62.621 E1.45663
G1 X160.797 Y62.621 F30000
G1 F12000
G1 X193.029 Y94.853 E1.48114
G1 X193.029 Y95.386 F30000
G1 F12000
G1 X160.264 Y62.621 E1.50565
G1 X159.731 Y62.621 F30000
G1 F12000
G1 X193.029 Y95.919 E1.53017
G1 X193.029 Y96.453 F30000
G1 F12000
G1 X159.197 Y62.621 E1.55468
G1 X158.664 Y62.621 F30000
G1 F12000
G1 X193.029 Y96.986 E1.57919
G1 X193.029 Y97.519 F30000
G1 F12000
G1 X158.131 Y62.621 E1.6037
G1 X157.597 Y62.621 F30000
G1 F12000
G1 X193.029 Y98.053 E1.62821
G1 X193.029 Y98.586 F30000
G1 F12000
G1 X157.064 Y62.621 E1.65272
G1 X156.53 Y62.621 F30000
G1 F12000
G1 X193.029 Y99.12 E1.67723
G1 X193.029 Y99.653 F30000
G1 F12000
G1 X155.997 Y62.621 E1.70174
G1 X155.464 Y62.621 F30000
G1 F12000
G1 X193.029 Y100.186 E1.72625
G1 X193.029 Y100.72 F30000
G1 F12000
G1 X154.93 Y62.621 E1.75076
G1 X154.397 Y62.621 F30000
G1 F12000
G1 X193.029 Y101.253 E1.77527
G1 X193.029 Y101.786 F30000
G1 F12000
G1 X153.864 Y62.621 E1.79978
G1 X153.33 Y62.621 F30000
G1 F12000
G1 X193.029 Y102.32 E1.82429
G1 X193.029 Y102.853 F30000
G1 F12000
G1 X152.797 Y62.621 E1.8488
G1 X152.263 Y62.621 F30000
G1 F12000
G1 X193.029 Y103.387 E1.87331
G1 X193.029 Y103.92 F30000
G1 F12000
G1 X151.73 Y62.621 E1.89782
G1 X151.197 Y62.621 F30000
G1 F12000
G1 X193.029 Y104.453 E1.92233
G1 X193.029 Y104.987 F30000
G1 F12000
G1 X150.663 Y62.621 E1.94684
G1 X150.13 Y62.621 F30000
G1 F12000
G1 X193.029 Y105.52 E1.97135
G1 X193.029 Y106.053 F30000
G1 F12000
G1 X149.597 Y62.621 E1.99586
G1 X149.063 Y62.621 F30000
G1 F12000
G1 X193.029 Y106.587 E2.02037
G1 X193.029 Y107.12 F30000
G1 F12000
G1 X148.53 Y62.621 E2.04488
G1 X147.996 Y62.621 F30000
G1 F12000
G1 X193.029 Y107.654 E2.06939
G1 X193.029 Y108.187 F30000
G1 F12000
G1 X147.463 Y62.621 E2.0939
G1 X146.93 Y62.621 F30000
G1 F12000
G1 X193.029 Y108.72 E2.11841
G1 X193.029 Y109.254 F30000
G1 F12000
G1 X146.396 Y62.621 E2.14292
G1 X145.863 Y62.621 F30000
G1 F12000
G1 X193.029 Y109.787 E2.16743
G1 X193.029 Y110.32 F30000
G1 F12000
G1 X145.33 Y62.621 E2.19194
G1 X144.796 Y62.621 F30000
G1 F12000
G1 X193.029 Y110.854 E2.21645
G1 X193.029 Y111.387 F30000
G1 F12000
G1 X144.263 Y62.621 E2.24096
G1 X143.729 Y62.621 F30000
G1 F12000
G1 X193.029 Y111.921 E2.26547
G1 X193.029 Y112.454 F30000
G1 F12000
G1 X143.196 Y62.621 E2.28998
G1 X142.663 Y62.621 F30000
G1 F12000
G1 X193.029 Y112.987 E2.3145
G1 X193.029 Y113.521 F30000
G1 F12000
G1 X142.129 Y62.621 E2.33901
G1 X141.596 Y62.621 F30000
G1 F12000
G1 X193.029 Y114.054 E2.36352
G1 X193.029 Y114.587 F30000
G1 F12000
G1 X141.063 Y62.621 E2.38803
G1 X140.529 Y62.621 F30000
G1 F12000
G1 X193.029 Y115.121 E2.41254
G1 X193.029 Y115.654 F30000
M73 P32 R52
G1 F12000
G1 X139.996 Y62.621 E2.43705
G1 X139.462 Y62.621 F30000
G1 F12000
G1 X193.029 Y116.188 E2.46156
G1 X193.029 Y116.721 F30000
G1 F12000
G1 X138.929 Y62.621 E2.48607
G1 X138.396 Y62.621 F30000
G1 F12000
G1 X193.029 Y117.254 E2.51058
G1 X193.029 Y117.788 F30000
G1 F12000
G1 X137.862 Y62.621 E2.53509
G1 X137.329 Y62.621 F30000
G1 F12000
G1 X193.029 Y118.321 E2.5596
G1 X193.029 Y118.854 F30000
G1 F12000
G1 X136.796 Y62.621 E2.58411
G1 X136.262 Y62.621 F30000
G1 F12000
G1 X193.029 Y119.388 E2.60862
G1 X193.029 Y119.921 F30000
G1 F12000
G1 X135.729 Y62.621 E2.63313
G1 X135.196 Y62.621 F30000
G1 F12000
G1 X193.029 Y120.454 E2.65764
G1 X193.029 Y120.988 F30000
G1 F12000
G1 X134.662 Y62.621 E2.68215
G1 X134.129 Y62.621 F30000
G1 F12000
G1 X193.029 Y121.521 E2.70666
G1 X193.029 Y122.055 F30000
G1 F12000
G1 X133.595 Y62.621 E2.73117
G1 X133.062 Y62.621 F30000
G1 F12000
G1 X193.029 Y122.588 E2.75568
G1 X192.886 Y122.979 F30000
G1 F12000
G1 X132.529 Y62.621 E2.77364
G1 X131.995 Y62.621 F30000
G1 F12000
G1 X192.353 Y122.979 E2.77364
G1 X191.819 Y122.979 F30000
G1 F12000
G1 X131.462 Y62.621 E2.77364
G1 X130.929 Y62.621 F30000
G1 F12000
G1 X191.286 Y122.979 E2.77364
G1 X190.753 Y122.979 F30000
G1 F12000
G1 X130.395 Y62.621 E2.77364
G1 X129.862 Y62.621 F30000
G1 F12000
G1 X190.219 Y122.979 E2.77364
G1 X189.686 Y122.979 F30000
G1 F12000
G1 X129.328 Y62.621 E2.77364
G1 X128.795 Y62.621 F30000
G1 F12000
G1 X189.153 Y122.979 E2.77364
G1 X188.619 Y122.979 F30000
G1 F12000
G1 X128.262 Y62.621 E2.77364
G1 X127.728 Y62.621 F30000
G1 F12000
G1 X188.086 Y122.979 E2.77364
G1 X187.552 Y122.979 F30000
G1 F12000
G1 X127.195 Y62.621 E2.77364
G1 X126.662 Y62.621 F30000
G1 F12000
G1 X187.019 Y122.979 E2.77364
G1 X186.486 Y122.979 F30000
G1 F12000
G1 X126.128 Y62.621 E2.77364
G1 X125.595 Y62.621 F30000
G1 F12000
G1 X185.952 Y122.979 E2.77364
G1 X185.419 Y122.979 F30000
G1 F12000
G1 X125.061 Y62.621 E2.77364
G1 X124.528 Y62.621 F30000
G1 F12000
G1 X184.886 Y122.979 E2.77364
G1 X184.352 Y122.979 F30000
G1 F12000
G1 X123.995 Y62.621 E2.77364
G1 X123.461 Y62.621 F30000
G1 F12000
G1 X183.819 Y122.979 E2.77364
G1 X183.285 Y122.979 F30000
G1 F12000
G1 X122.928 Y62.621 E2.77364
G1 X122.395 Y62.621 F30000
G1 F12000
G1 X182.752 Y122.979 E2.77364
G1 X182.219 Y122.979 F30000
G1 F12000
G1 X121.861 Y62.621 E2.77364
G1 X121.328 Y62.621 F30000
G1 F12000
G1 X181.685 Y122.979 E2.77364
G1 X181.152 Y122.979 F30000
G1 F12000
G1 X120.794 Y62.621 E2.77364
G1 X120.261 Y62.621 F30000
G1 F12000
G1 X180.619 Y122.979 E2.77364
G1 X180.085 Y122.979 F30000
G1 F12000
G1 X119.728 Y62.621 E2.77364
G1 X119.194 Y62.621 F30000
M73 P32 R51
G1 F12000
G1 X179.552 Y122.979 E2.77364
G1 X179.018 Y122.979 F30000
G1 F12000
G1 X118.661 Y62.621 E2.77364
G1 X118.128 Y62.621 F30000
G1 F12000
G1 X178.485 Y122.979 E2.77364
G1 X177.952 Y122.979 F30000
G1 F12000
G1 X117.594 Y62.621 E2.77364
G1 X117.061 Y62.621 F30000
G1 F12000
G1 X177.418 Y122.979 E2.77364
G1 X176.885 Y122.979 F30000
G1 F12000
G1 X116.527 Y62.621 E2.77364
G1 X115.994 Y62.621 F30000
G1 F12000
G1 X176.352 Y122.979 E2.77364
G1 X175.818 Y122.979 F30000
G1 F12000
G1 X115.461 Y62.621 E2.77364
G1 X114.927 Y62.621 F30000
G1 F12000
G1 X175.285 Y122.979 E2.77364
G1 X174.752 Y122.979 F30000
G1 F12000
G1 X114.394 Y62.621 E2.77364
G1 X113.861 Y62.621 F30000
G1 F12000
G1 X174.218 Y122.979 E2.77364
G1 X173.685 Y122.979 F30000
G1 F12000
G1 X113.327 Y62.621 E2.77364
G1 X112.794 Y62.621 F30000
G1 F12000
G1 X173.151 Y122.979 E2.77364
G1 X172.618 Y122.979 F30000
G1 F12000
G1 X112.261 Y62.621 E2.77364
G1 X111.727 Y62.621 F30000
G1 F12000
G1 X172.085 Y122.979 E2.77364
G1 X171.551 Y122.979 F30000
G1 F12000
G1 X111.194 Y62.621 E2.77364
G1 X110.66 Y62.621 F30000
G1 F12000
G1 X171.018 Y122.979 E2.77364
G1 X170.485 Y122.979 F30000
G1 F12000
G1 X110.127 Y62.621 E2.77364
G1 X109.594 Y62.621 F30000
G1 F12000
G1 X169.951 Y122.979 E2.77364
G1 X169.418 Y122.979 F30000
G1 F12000
G1 X109.06 Y62.621 E2.77364
G1 X108.527 Y62.621 F30000
G1 F12000
G1 X168.884 Y122.979 E2.77364
G1 X168.351 Y122.979 F30000
G1 F12000
G1 X107.994 Y62.621 E2.77364
G1 X107.46 Y62.621 F30000
G1 F12000
G1 X167.818 Y122.979 E2.77364
G1 X167.284 Y122.979 F30000
G1 F12000
G1 X106.927 Y62.621 E2.77364
G1 X106.393 Y62.621 F30000
G1 F12000
G1 X166.751 Y122.979 E2.77364
G1 X166.218 Y122.979 F30000
G1 F12000
G1 X105.86 Y62.621 E2.77364
G1 X105.327 Y62.621 F30000
G1 F12000
G1 X165.684 Y122.979 E2.77364
G1 X165.151 Y122.979 F30000
G1 F12000
G1 X104.793 Y62.621 E2.77364
G1 X104.26 Y62.621 F30000
G1 F12000
G1 X164.617 Y122.979 E2.77364
G1 X164.084 Y122.979 F30000
G1 F12000
G1 X103.727 Y62.621 E2.77364
G1 X103.193 Y62.621 F30000
G1 F12000
G1 X163.551 Y122.979 E2.77364
G1 X163.017 Y122.979 F30000
G1 F12000
G1 X102.66 Y62.621 E2.77364
G1 X102.126 Y62.621 F30000
G1 F12000
G1 X162.484 Y122.979 E2.77364
G1 X161.951 Y122.979 F30000
G1 F12000
G1 X101.593 Y62.621 E2.77364
G1 X101.06 Y62.621 F30000
G1 F12000
G1 X161.417 Y122.979 E2.77364
G1 X160.884 Y122.979 F30000
G1 F12000
G1 X100.526 Y62.621 E2.77364
G1 X99.993 Y62.621 F30000
G1 F12000
G1 X160.35 Y122.979 E2.77364
G1 X159.817 Y122.979 F30000
G1 F12000
G1 X99.46 Y62.621 E2.77364
G1 X98.926 Y62.621 F30000
G1 F12000
G1 X159.284 Y122.979 E2.77364
G1 X158.75 Y122.979 F30000
G1 F12000
G1 X98.393 Y62.621 E2.77364
G1 X97.859 Y62.621 F30000
G1 F12000
G1 X158.217 Y122.979 E2.77364
G1 X157.684 Y122.979 F30000
G1 F12000
G1 X97.326 Y62.621 E2.77364
G1 X96.793 Y62.621 F30000
G1 F12000
G1 X157.15 Y122.979 E2.77364
G1 X156.617 Y122.979 F30000
G1 F12000
G1 X96.259 Y62.621 E2.77364
G1 X95.726 Y62.621 F30000
G1 F12000
G1 X156.083 Y122.979 E2.77364
G1 X155.55 Y122.979 F30000
G1 F12000
G1 X95.193 Y62.621 E2.77364
G1 X94.659 Y62.621 F30000
M73 P33 R51
G1 F12000
G1 X155.017 Y122.979 E2.77364
G1 X154.483 Y122.979 F30000
G1 F12000
G1 X94.126 Y62.621 E2.77364
G1 X93.592 Y62.621 F30000
G1 F12000
G1 X153.95 Y122.979 E2.77364
G1 X153.417 Y122.979 F30000
G1 F12000
G1 X93.059 Y62.621 E2.77364
G1 X92.526 Y62.621 F30000
G1 F12000
G1 X152.883 Y122.979 E2.77364
G1 X152.35 Y122.979 F30000
G1 F12000
G1 X91.992 Y62.621 E2.77364
G1 X91.459 Y62.621 F30000
G1 F12000
G1 X151.817 Y122.979 E2.77364
G1 X151.283 Y122.979 F30000
G1 F12000
G1 X90.926 Y62.621 E2.77364
G1 X90.392 Y62.621 F30000
G1 F12000
G1 X150.75 Y122.979 E2.77364
G1 X150.216 Y122.979 F30000
G1 F12000
G1 X89.859 Y62.621 E2.77364
G1 X89.326 Y62.621 F30000
G1 F12000
G1 X149.683 Y122.979 E2.77364
G1 X149.15 Y122.979 F30000
G1 F12000
G1 X88.792 Y62.621 E2.77364
G1 X88.259 Y62.621 F30000
G1 F12000
G1 X148.616 Y122.979 E2.77364
G1 X148.083 Y122.979 F30000
G1 F12000
G1 X87.725 Y62.621 E2.77364
G1 X87.192 Y62.621 F30000
G1 F12000
G1 X147.55 Y122.979 E2.77364
G1 X147.016 Y122.979 F30000
G1 F12000
G1 X86.659 Y62.621 E2.77364
G1 X86.125 Y62.621 F30000
G1 F12000
G1 X146.483 Y122.979 E2.77364
G1 X145.949 Y122.979 F30000
G1 F12000
G1 X85.592 Y62.621 E2.77364
G1 X85.059 Y62.621 F30000
G1 F12000
G1 X145.416 Y122.979 E2.77364
G1 X144.883 Y122.979 F30000
G1 F12000
G1 X84.525 Y62.621 E2.77364
G1 X83.992 Y62.621 F30000
G1 F12000
G1 X144.349 Y122.979 E2.77364
G1 X143.816 Y122.979 F30000
G1 F12000
G1 X83.458 Y62.621 E2.77364
G1 X82.925 Y62.621 F30000
G1 F12000
G1 X143.283 Y122.979 E2.77364
G1 X142.749 Y122.979 F30000
G1 F12000
G1 X82.392 Y62.621 E2.77364
G1 X81.858 Y62.621 F30000
G1 F12000
G1 X142.216 Y122.979 E2.77364
G1 X141.682 Y122.979 F30000
G1 F12000
G1 X81.325 Y62.621 E2.77364
G1 X80.792 Y62.621 F30000
G1 F12000
G1 X141.149 Y122.979 E2.77364
G1 X140.616 Y122.979 F30000
G1 F12000
G1 X80.258 Y62.621 E2.77364
G1 X79.725 Y62.621 F30000
G1 F12000
G1 X140.082 Y122.979 E2.77364
G1 X139.549 Y122.979 F30000
G1 F12000
G1 X79.191 Y62.621 E2.77364
G1 X78.658 Y62.621 F30000
G1 F12000
G1 X139.016 Y122.979 E2.77364
G1 X138.482 Y122.979 F30000
G1 F12000
G1 X78.125 Y62.621 E2.77364
G1 X77.591 Y62.621 F30000
G1 F12000
G1 X137.949 Y122.979 E2.77364
G1 X137.415 Y122.979 F30000
G1 F12000
G1 X77.058 Y62.621 E2.77364
G1 X76.525 Y62.621 F30000
G1 F12000
G1 X136.882 Y122.979 E2.77364
G1 X136.349 Y122.979 F30000
G1 F12000
G1 X75.991 Y62.621 E2.77364
G1 X75.458 Y62.621 F30000
G1 F12000
G1 X135.815 Y122.979 E2.77364
G1 X135.282 Y122.979 F30000
G1 F12000
G1 X74.924 Y62.621 E2.77364
G1 X74.391 Y62.621 F30000
G1 F12000
G1 X134.749 Y122.979 E2.77364
G1 X134.215 Y122.979 F30000
G1 F12000
G1 X73.858 Y62.621 E2.77364
G1 X73.324 Y62.621 F30000
G1 F12000
G1 X133.682 Y122.979 E2.77364
G1 X133.148 Y122.979 F30000
G1 F12000
G1 X72.791 Y62.621 E2.77364
G1 X72.258 Y62.621 F30000
G1 F12000
G1 X132.615 Y122.979 E2.77364
G1 X132.082 Y122.979 F30000
G1 F12000
G1 X71.724 Y62.621 E2.77364
G1 X71.191 Y62.621 F30000
G1 F12000
G1 X131.548 Y122.979 E2.77364
G1 X131.015 Y122.979 F30000
G1 F12000
G1 X70.657 Y62.621 E2.77364
G1 X70.124 Y62.621 F30000
G1 F12000
G1 X130.482 Y122.979 E2.77364
G1 X129.948 Y122.979 F30000
G1 F12000
G1 X69.591 Y62.621 E2.77364
G1 X69.057 Y62.621 F30000
G1 F12000
G1 X129.415 Y122.979 E2.77364
G1 X128.882 Y122.979 F30000
G1 F12000
G1 X68.524 Y62.621 E2.77364
G1 X67.991 Y62.621 F30000
G1 F12000
G1 X128.348 Y122.979 E2.77364
G1 X127.815 Y122.979 F30000
G1 F12000
G1 X67.457 Y62.621 E2.77364
G1 X66.924 Y62.621 F30000
G1 F12000
G1 X127.281 Y122.979 E2.77364
G1 X126.748 Y122.979 F30000
G1 F12000
G1 X66.391 Y62.621 E2.77364
G1 X65.857 Y62.621 F30000
G1 F12000
G1 X126.215 Y122.979 E2.77364
G1 X125.681 Y122.979 F30000
G1 F12000
G1 X65.324 Y62.621 E2.77364
G1 X64.79 Y62.621 F30000
G1 F12000
G1 X125.148 Y122.979 E2.77364
G1 X124.615 Y122.979 F30000
G1 F12000
G1 X64.257 Y62.621 E2.77364
G1 X63.771 Y62.669 F30000
G1 F12000
G1 X124.081 Y122.979 E2.77145
G1 X123.548 Y122.979 F30000
G1 F12000
G1 X63.771 Y63.202 E2.74694
G1 X63.771 Y63.736 F30000
G1 F12000
G1 X123.014 Y122.979 E2.72243
G1 X122.481 Y122.979 F30000
G1 F12000
G1 X63.771 Y64.269 E2.69792
G1 X63.771 Y64.802 F30000
G1 F12000
G1 X121.948 Y122.979 E2.67341
G1 X121.414 Y122.979 F30000
M73 P33 R50
G1 F12000
G1 X63.771 Y65.336 E2.6489
G1 X63.771 Y65.869 F30000
G1 F12000
G1 X120.881 Y122.979 E2.62439
G1 X120.348 Y122.979 F30000
G1 F12000
G1 X63.771 Y66.402 E2.59988
G1 X63.771 Y66.936 F30000
G1 F12000
G1 X119.814 Y122.979 E2.57537
G1 X119.281 Y122.979 F30000
G1 F12000
G1 X63.771 Y67.469 E2.55086
G1 X63.771 Y68.003 F30000
G1 F12000
G1 X118.747 Y122.979 E2.52635
G1 X118.214 Y122.979 F30000
G1 F12000
G1 X63.771 Y68.536 E2.50184
G1 X63.771 Y69.069 F30000
G1 F12000
G1 X117.681 Y122.979 E2.47733
G1 X117.147 Y122.979 F30000
G1 F12000
G1 X63.771 Y69.603 E2.45282
G1 X63.771 Y70.136 F30000
G1 F12000
G1 X116.614 Y122.979 E2.42831
G1 X116.081 Y122.979 F30000
G1 F12000
G1 X63.771 Y70.669 E2.4038
G1 X63.771 Y71.203 F30000
G1 F12000
G1 X115.547 Y122.979 E2.37929
G1 X115.014 Y122.979 F30000
G1 F12000
G1 X63.771 Y71.736 E2.35478
G1 X63.771 Y72.27 F30000
G1 F12000
G1 X114.48 Y122.979 E2.33027
G1 X113.947 Y122.979 F30000
G1 F12000
G1 X63.771 Y72.803 E2.30576
G1 X63.771 Y73.336 F30000
G1 F12000
G1 X113.414 Y122.979 E2.28125
G1 X112.88 Y122.979 F30000
G1 F12000
G1 X63.771 Y73.87 E2.25673
G1 X63.771 Y74.403 F30000
G1 F12000
G1 X112.347 Y122.979 E2.23222
G1 X111.814 Y122.979 F30000
G1 F12000
G1 X63.771 Y74.936 E2.20771
G1 X63.771 Y75.47 F30000
G1 F12000
G1 X111.28 Y122.979 E2.1832
G1 X110.747 Y122.979 F30000
G1 F12000
G1 X63.771 Y76.003 E2.15869
G1 X63.771 Y76.537 F30000
G1 F12000
G1 X110.213 Y122.979 E2.13418
G1 X109.68 Y122.979 F30000
G1 F12000
G1 X63.771 Y77.07 E2.10967
G1 X63.771 Y77.603 F30000
G1 F12000
G1 X109.147 Y122.979 E2.08516
G1 X108.613 Y122.979 F30000
M73 P34 R50
G1 F12000
G1 X63.771 Y78.137 E2.06065
G1 X63.771 Y78.67 F30000
G1 F12000
G1 X108.08 Y122.979 E2.03614
G1 X107.547 Y122.979 F30000
G1 F12000
G1 X63.771 Y79.203 E2.01163
G1 X63.771 Y79.737 F30000
G1 F12000
G1 X107.013 Y122.979 E1.98712
G1 X106.48 Y122.979 F30000
G1 F12000
G1 X63.771 Y80.27 E1.96261
G1 X63.771 Y80.803 F30000
G1 F12000
G1 X105.947 Y122.979 E1.9381
G1 X105.413 Y122.979 F30000
G1 F12000
G1 X63.771 Y81.337 E1.91359
G1 X63.771 Y81.87 F30000
G1 F12000
G1 X104.88 Y122.979 E1.88908
G1 X104.346 Y122.979 F30000
G1 F12000
G1 X63.771 Y82.404 E1.86457
G1 X63.771 Y82.937 F30000
G1 F12000
G1 X103.813 Y122.979 E1.84006
G1 X103.28 Y122.979 F30000
G1 F12000
G1 X63.771 Y83.47 E1.81555
G1 X63.771 Y84.004 F30000
G1 F12000
G1 X102.746 Y122.979 E1.79104
G1 X102.213 Y122.979 F30000
G1 F12000
G1 X63.771 Y84.537 E1.76653
G1 X63.771 Y85.07 F30000
G1 F12000
G1 X101.68 Y122.979 E1.74202
G1 X101.146 Y122.979 F30000
G1 F12000
G1 X63.771 Y85.604 E1.71751
G1 X63.771 Y86.137 F30000
G1 F12000
G1 X100.613 Y122.979 E1.693
G1 X100.079 Y122.979 F30000
G1 F12000
G1 X63.771 Y86.671 E1.66849
G1 X63.771 Y87.204 F30000
G1 F12000
G1 X99.546 Y122.979 E1.64398
G1 X99.013 Y122.979 F30000
G1 F12000
G1 X63.771 Y87.737 E1.61947
G1 X63.771 Y88.271 F30000
G1 F12000
G1 X98.479 Y122.979 E1.59496
G1 X97.946 Y122.979 F30000
G1 F12000
G1 X63.771 Y88.804 E1.57045
G1 X63.771 Y89.337 F30000
G1 F12000
G1 X97.413 Y122.979 E1.54594
G1 X96.879 Y122.979 F30000
G1 F12000
G1 X63.771 Y89.871 E1.52143
G1 X63.771 Y90.404 F30000
G1 F12000
G1 X96.346 Y122.979 E1.49692
G1 X95.812 Y122.979 F30000
G1 F12000
G1 X63.771 Y90.938 E1.4724
G1 X63.771 Y91.471 F30000
G1 F12000
G1 X95.279 Y122.979 E1.44789
G1 X94.746 Y122.979 F30000
G1 F12000
G1 X63.771 Y92.004 E1.42338
G1 X63.771 Y92.538 F30000
G1 F12000
G1 X94.212 Y122.979 E1.39887
G1 X93.679 Y122.979 F30000
G1 F12000
G1 X63.771 Y93.071 E1.37436
G1 X63.771 Y93.604 F30000
G1 F12000
G1 X93.146 Y122.979 E1.34985
G1 X92.612 Y122.979 F30000
G1 F12000
G1 X63.771 Y94.138 E1.32534
G1 X63.771 Y94.671 F30000
G1 F12000
G1 X92.079 Y122.979 E1.30083
G1 X91.545 Y122.979 F30000
G1 F12000
G1 X91.048 Y122.481 E.02287
G1 X90.669 Y122.102 F30000
G1 F12000
G1 X63.771 Y95.205 E1.23604
G1 X63.771 Y95.738 F30000
G1 F12000
G1 X90.136 Y122.102 E1.21153
G1 X89.602 Y122.102 F30000
G1 F12000
G1 X63.771 Y96.271 E1.18702
G1 X63.771 Y96.805 F30000
G1 F12000
G1 X89.069 Y122.102 E1.16251
G1 X88.535 Y122.102 F30000
G1 F12000
G1 X63.771 Y97.338 E1.138
G1 X63.771 Y97.871 F30000
G1 F12000
G1 X88.002 Y122.102 E1.11349
G1 X87.469 Y122.102 F30000
G1 F12000
G1 X63.771 Y98.405 E1.08898
G1 X63.771 Y98.938 F30000
G1 F12000
G1 X86.935 Y122.102 E1.06447
G1 X86.402 Y122.102 F30000
G1 F12000
G1 X63.771 Y99.472 E1.03996
G1 X63.771 Y100.005 F30000
G1 F12000
G1 X85.869 Y122.102 E1.01545
G1 X85.335 Y122.102 F30000
G1 F12000
G1 X63.771 Y100.538 E.99094
G1 X63.771 Y101.072 F30000
G1 F12000
G1 X84.802 Y122.102 E.96643
G1 X84.268 Y122.102 F30000
G1 F12000
G1 X63.771 Y101.605 E.94192
G1 X63.771 Y102.138 F30000
G1 F12000
G1 X83.735 Y122.102 E.91741
G1 X83.202 Y122.102 F30000
G1 F12000
G1 X63.771 Y102.672 E.8929
G1 X63.771 Y103.205 F30000
G1 F12000
G1 X82.668 Y122.102 E.86839
G1 X82.135 Y122.102 F30000
G1 F12000
G1 X63.771 Y103.738 E.84388
G1 X63.771 Y104.272 F30000
G1 F12000
G1 X81.602 Y122.102 E.81937
G1 X81.068 Y122.102 F30000
G1 F12000
G1 X63.771 Y104.805 E.79486
G1 X63.771 Y105.339 F30000
G1 F12000
G1 X80.535 Y122.102 E.77035
G1 X80.001 Y122.102 F30000
G1 F12000
G1 X63.771 Y105.872 E.74584
G1 X63.771 Y106.405 F30000
G1 F12000
G1 X79.468 Y122.102 E.72133
G1 X78.935 Y122.102 F30000
G1 F12000
G1 X63.771 Y106.939 E.69682
G1 X63.771 Y107.472 F30000
G1 F12000
G1 X78.401 Y122.102 E.67231
G1 X77.868 Y122.102 F30000
G1 F12000
G1 X63.771 Y108.005 E.6478
G1 X63.771 Y108.539 F30000
G1 F12000
G1 X77.335 Y122.102 E.62328
G1 X76.801 Y122.102 F30000
G1 F12000
G1 X63.771 Y109.072 E.59877
G1 X63.771 Y109.606 F30000
G1 F12000
G1 X76.268 Y122.102 E.57426
G1 X75.735 Y122.102 F30000
G1 F12000
G1 X63.771 Y110.139 E.54975
G1 X63.771 Y110.672 F30000
G1 F12000
G1 X75.201 Y122.102 E.52524
G1 X74.668 Y122.102 F30000
G1 F12000
G1 X63.771 Y111.206 E.50073
G1 X63.771 Y111.739 F30000
G1 F12000
G1 X74.134 Y122.102 E.47622
G1 X73.601 Y122.102 F30000
G1 F12000
G1 X63.771 Y112.272 E.45171
G1 X63.771 Y112.806 F30000
G1 F12000
G1 X73.068 Y122.102 E.4272
G1 X72.534 Y122.102 F30000
G1 F12000
G1 X63.771 Y113.339 E.40269
G1 X63.771 Y113.873 F30000
G1 F12000
G1 X72.001 Y122.102 E.37818
G1 X71.468 Y122.102 F30000
G1 F12000
G1 X63.771 Y114.406 E.35367
G1 X63.771 Y114.939 F30000
G1 F12000
G1 X70.934 Y122.102 E.32916
G1 X70.401 Y122.102 F30000
G1 F12000
G1 X63.771 Y115.473 E.30465
G1 X63.771 Y116.006 F30000
G1 F12000
G1 X69.867 Y122.102 E.28014
G1 X69.334 Y122.102 F30000
G1 F12000
G1 X63.771 Y116.539 E.25563
G1 X63.771 Y117.073 F30000
G1 F12000
G1 X68.801 Y122.102 E.23112
G1 X68.267 Y122.102 F30000
G1 F12000
G1 X63.771 Y117.606 E.20661
G1 X63.771 Y118.14 F30000
G1 F12000
G1 X67.734 Y122.102 E.1821
G1 X67.201 Y122.102 F30000
G1 F12000
G1 X63.771 Y118.673 E.15759
G1 X63.771 Y119.206 F30000
G1 F12000
G1 X66.667 Y122.102 E.13308
G1 X66.134 Y122.102 F30000
G1 F12000
G1 X63.771 Y119.74 E.10857
G1 X63.771 Y120.273 F30000
G1 F12000
G1 X65.6 Y122.102 E.08406
G1 X65.067 Y122.102 F30000
G1 F12000
G1 X63.771 Y120.806 E.05955
G1 X63.771 Y121.34 F30000
G1 F12000
G1 X64.534 Y122.102 E.03504
M106 S212
;LAYER_CHANGE
;Z:1.2
;HEIGHT:0.2
;BEFORE_LAYER_CHANGE
;1.2
G92 E0

G1 E-.7353 F1800
;WIPE_START
G1 F30000
G1 X63.771 Y121.34 E-.0647
;WIPE_END
M73 L6
;LAYER:6
SET_PRINT_STATS_INFO TOTAL_LAYER=93 CURRENT_LAYER=6
;_SET_FAN_SPEED_CHANGING_LAYER

G1 X63.3071 Y122.288 Z1.25714
G1 X62.2761 Y122.517 Z1.31429
G1 X61.4546 Y121.853 Z1.37143
G1 X61.4612 Y120.797 Z1.42857
G1 X62.291 Y120.144 Z1.48571
G1 X63.319 Y120.385 Z1.54286
G1 X63.7713 Y121.34 Z1.6
G1 X63.348 Y188.898 Z1.6
G1 Z1.2
G1 E.8 F1800
SET_VELOCITY_LIMIT ACCEL=10000
;TYPE:Inner wall
;WIDTH:0.45
G1 F6000
G1 X62.752 Y188.898 E.01917
G1 X62.752 Y128.102 E1.95621
G1 X63.548 Y128.102 E.02561
G1 X63.548 Y187.598 E1.91438
G1 X63.348 Y187.598 E.00644
G1 X63.348 Y188.858 E.04054
SET_VELOCITY_LIMIT ACCEL=5000
G1 X63.74 Y189.29 F30000
;TYPE:Outer wall
;WIDTH:0.42
G1 F3600
G1 X62.36 Y189.29 E.04113
G1 X62.36 Y127.71 E1.83542
G1 X193.64 Y127.71 E3.91285
G1 X193.64 Y189.29 E1.83542
G1 X90.86 Y189.29 E3.0634
G1 X90.86 Y188.51 E.02325
G1 X192.86 Y188.51 E3.04015
G1 X192.86 Y128.49 E1.78892
G1 X63.94 Y128.49 E3.84251
G1 X63.94 Y187.99 E1.77342
G1 X63.74 Y187.99 E.00596
G1 X63.74 Y189.25 E.03755
G1 E-.728 F1800
;WIPE_START
G1 F30000
G1 X62.541 Y189.285 E-.072
;WIPE_END
G1 X63.05 Y188.694 Z1.6
G1 Z1.2
G1 E.8 F1800
SET_VELOCITY_LIMIT ACCEL=10000
;TYPE:Gap infill
;WIDTH:0.233529
G1 F15000
G1 X63.05 Y187.394 E.01959
G1 X63.074 Y187.347 E.00079
;WIDTH:0.302476
G1 X63.097 Y187.3 E.00108
;WIDTH:0.349668
G1 X63.121 Y187.253 E.00128
;WIDTH:0.39686
G1 X63.144 Y187.206 E.00148
;WIDTH:0.431684
G1 X63.15 Y128.306 E1.80993
G1 X63.744 Y128.1 F30000
;WIDTH:0.430842
G1 F15000
G1 X193.056 Y128.1 E3.96502
;WIDTH:0.469667
G1 X193.217 Y128.133 E.00554
G1 X193.233 Y128.214 E.00277
;WIDTH:0.447481
G1 X193.25 Y128.294 E.00262
;WIDTH:0.430842
G1 X193.25 Y188.706 E1.85238
;WIDTH:0.469667
G1 X193.217 Y188.867 E.00554
G1 X193.136 Y188.883 E.00277
;WIDTH:0.447481
G1 X193.056 Y188.9 E.00262
;WIDTH:0.430842
G1 X91.056 Y188.9 E3.12757
G1 E-.728 F1800
;WIPE_START
G1 F30000
G1 X92.256 Y188.9 E-.072
;WIPE_END
G1 X89.182 Y181.914 Z1.6
G1 X63.348 Y123.198 Z1.6
G1 Z1.2
G1 E.8 F1800
;TYPE:Inner wall
;WIDTH:0.45
G1 F6000
G1 X62.752 Y123.198 E.01917
G1 X62.752 Y62.402 E1.95621
G1 X63.548 Y62.402 E.02561
G1 X63.548 Y121.898 E1.91438
G1 X63.348 Y121.898 E.00644
G1 X63.348 Y123.158 E.04054
SET_VELOCITY_LIMIT ACCEL=5000
G1 X63.74 Y123.59 F30000
;TYPE:Outer wall
;WIDTH:0.42
G1 F3600
G1 X62.36 Y123.59 E.04113
G1 X62.36 Y62.01 E1.83542
G1 X193.64 Y62.01 E3.91285
G1 X193.64 Y123.59 E1.83542
G1 X90.86 Y123.59 E3.0634
G1 X90.86 Y122.81 E.02325
G1 X192.86 Y122.81 E3.04015
G1 X192.86 Y62.79 E1.78892
M73 P35 R50
G1 X63.94 Y62.79 E3.84251
M73 P35 R49
G1 X63.94 Y122.29 E1.77342
G1 X63.74 Y122.29 E.00596
G1 X63.74 Y123.55 E.03755
G1 E-.728 F1800
;WIPE_START
G1 F30000
G1 X62.541 Y123.585 E-.072
;WIPE_END
G1 X63.05 Y122.994 Z1.6
G1 Z1.2
G1 E.8 F1800
SET_VELOCITY_LIMIT ACCEL=10000
;TYPE:Gap infill
;WIDTH:0.233529
G1 F15000
G1 X63.05 Y121.694 E.01959
G1 X63.074 Y121.647 E.00079
;WIDTH:0.302476
G1 X63.097 Y121.6 E.00108
;WIDTH:0.349668
G1 X63.121 Y121.553 E.00128
;WIDTH:0.39686
G1 X63.144 Y121.506 E.00148
;WIDTH:0.431684
G1 X63.15 Y62.606 E1.80993
G1 X63.744 Y62.4 F30000
;WIDTH:0.430842
G1 F15000
G1 X193.056 Y62.4 E3.96502
;WIDTH:0.469667
G1 X193.217 Y62.433 E.00554
G1 X193.233 Y62.514 E.00277
;WIDTH:0.447481
G1 X193.25 Y62.594 E.00262
;WIDTH:0.430842
G1 X193.25 Y123.006 E1.85238
;WIDTH:0.469667
G1 X193.217 Y123.167 E.00554
G1 X193.136 Y123.183 E.00277
;WIDTH:0.447481
G1 X193.056 Y123.2 E.00262
;WIDTH:0.430842
G1 X91.056 Y123.2 E3.12757
;LAYER_CHANGE
;Z:1.4
;HEIGHT:0.2
;BEFORE_LAYER_CHANGE
;1.4
G92 E0

G1 E-.728 F1800
;WIPE_START
G1 F30000
G1 X92.256 Y123.2 E-.072
;WIPE_END
M73 L7
;LAYER:7
SET_PRINT_STATS_INFO TOTAL_LAYER=93 CURRENT_LAYER=7
;_SET_FAN_SPEED_CHANGING_LAYER

G1 X91.4534 Y123.886 Z1.45714
G1 X90.4164 Y123.687 Z1.51429
G1 X89.9259 Y122.752 Z1.57143
G1 X90.3512 Y121.785 Z1.62857
G1 X91.3721 Y121.515 Z1.68571
G1 X92.2198 Y122.145 Z1.74286
G1 X92.256 Y123.2 Z1.8
G1 X63.348 Y188.898 Z1.8
G1 Z1.4
G1 E.8 F1800
;TYPE:Inner wall
;WIDTH:0.45
G1 F6000
G1 X62.752 Y188.898 E.01917
G1 X62.752 Y128.102 E1.95621
G1 X63.548 Y128.102 E.02561
G1 X63.548 Y187.598 E1.91438
G1 X63.348 Y187.598 E.00644
G1 X63.348 Y188.858 E.04054
SET_VELOCITY_LIMIT ACCEL=5000
G1 X63.74 Y189.29 F30000
;TYPE:Outer wall
;WIDTH:0.42
G1 F3600
G1 X62.36 Y189.29 E.04113
G1 X62.36 Y127.71 E1.83542
G1 X193.64 Y127.71 E3.91285
G1 X193.64 Y189.29 E1.83542
G1 X90.86 Y189.29 E3.0634
G1 X90.86 Y188.51 E.02325
G1 X192.86 Y188.51 E3.04015
G1 X192.86 Y128.49 E1.78892
G1 X63.94 Y128.49 E3.84251
G1 X63.94 Y187.99 E1.77342
G1 X63.74 Y187.99 E.00596
G1 X63.74 Y189.25 E.03755
G1 E-.728 F1800
;WIPE_START
G1 F30000
G1 X62.541 Y189.285 E-.072
;WIPE_END
G1 X63.05 Y188.694 Z1.8
G1 Z1.4
G1 E.8 F1800
SET_VELOCITY_LIMIT ACCEL=10000
;TYPE:Gap infill
;WIDTH:0.233529
G1 F15000
G1 X63.05 Y187.394 E.01959
G1 X63.074 Y187.347 E.00079
;WIDTH:0.302476
G1 X63.097 Y187.3 E.00108
;WIDTH:0.349668
G1 X63.121 Y187.253 E.00128
;WIDTH:0.39686
G1 X63.144 Y187.206 E.00148
;WIDTH:0.431684
G1 X63.15 Y128.306 E1.80993
G1 X63.744 Y128.1 F30000
;WIDTH:0.430842
G1 F15000
G1 X193.056 Y128.1 E3.96502
;WIDTH:0.469667
G1 X193.217 Y128.133 E.00554
G1 X193.233 Y128.214 E.00277
;WIDTH:0.447481
G1 X193.25 Y128.294 E.00262
;WIDTH:0.430842
G1 X193.25 Y188.706 E1.85238
;WIDTH:0.469667
G1 X193.217 Y188.867 E.00554
G1 X193.136 Y188.883 E.00277
;WIDTH:0.447481
G1 X193.056 Y188.9 E.00262
;WIDTH:0.430842
G1 X91.056 Y188.9 E3.12757
G1 E-.728 F1800
;WIPE_START
G1 F30000
G1 X92.256 Y188.9 E-.072
;WIPE_END
G1 X89.182 Y181.914 Z1.8
G1 X63.348 Y123.198 Z1.8
G1 Z1.4
G1 E.8 F1800
;TYPE:Inner wall
;WIDTH:0.45
G1 F6000
G1 X62.752 Y123.198 E.01917
G1 X62.752 Y62.402 E1.95621
G1 X63.548 Y62.402 E.02561
G1 X63.548 Y121.898 E1.91438
G1 X63.348 Y121.898 E.00644
G1 X63.348 Y123.158 E.04054
SET_VELOCITY_LIMIT ACCEL=5000
G1 X63.74 Y123.59 F30000
;TYPE:Outer wall
;WIDTH:0.42
G1 F3600
G1 X62.36 Y123.59 E.04113
G1 X62.36 Y62.01 E1.83542
G1 X193.64 Y62.01 E3.91285
G1 X193.64 Y123.59 E1.83542
G1 X90.86 Y123.59 E3.0634
G1 X90.86 Y122.81 E.02325
G1 X192.86 Y122.81 E3.04015
G1 X192.86 Y62.79 E1.78892
G1 X63.94 Y62.79 E3.84251
G1 X63.94 Y122.29 E1.77342
G1 X63.74 Y122.29 E.00596
G1 X63.74 Y123.55 E.03755
G1 E-.728 F1800
;WIPE_START
G1 F30000
G1 X62.541 Y123.585 E-.072
;WIPE_END
G1 X63.05 Y122.994 Z1.8
G1 Z1.4
G1 E.8 F1800
SET_VELOCITY_LIMIT ACCEL=10000
;TYPE:Gap infill
;WIDTH:0.233529
G1 F15000
G1 X63.05 Y121.694 E.01959
G1 X63.074 Y121.647 E.00079
;WIDTH:0.302476
G1 X63.097 Y121.6 E.00108
;WIDTH:0.349668
G1 X63.121 Y121.553 E.00128
;WIDTH:0.39686
G1 X63.144 Y121.506 E.00148
;WIDTH:0.431684
G1 X63.15 Y62.606 E1.80993
G1 X63.744 Y62.4 F30000
;WIDTH:0.430842
G1 F15000
G1 X193.056 Y62.4 E3.96502
;WIDTH:0.469667
G1 X193.217 Y62.433 E.00554
G1 X193.233 Y62.514 E.00277
;WIDTH:0.447481
G1 X193.25 Y62.594 E.00262
;WIDTH:0.430842
G1 X193.25 Y123.006 E1.85238
;WIDTH:0.469667
G1 X193.217 Y123.167 E.00554
G1 X193.136 Y123.183 E.00277
;WIDTH:0.447481
G1 X193.056 Y123.2 E.00262
;WIDTH:0.430842
G1 X91.056 Y123.2 E3.12757
M106 S206
;LAYER_CHANGE
;Z:1.6
;HEIGHT:0.2
;BEFORE_LAYER_CHANGE
;1.6
G92 E0

G1 E-.728 F1800
;WIPE_START
G1 F30000
G1 X92.256 Y123.2 E-.072
;WIPE_END
M73 L8
;LAYER:8
SET_PRINT_STATS_INFO TOTAL_LAYER=93 CURRENT_LAYER=8
;_SET_FAN_SPEED_CHANGING_LAYER

G1 X91.4534 Y123.886 Z1.65714
G1 X90.4164 Y123.687 Z1.71429
G1 X89.9259 Y122.752 Z1.77143
G1 X90.3512 Y121.785 Z1.82857
G1 X91.3721 Y121.515 Z1.88571
G1 X92.2198 Y122.145 Z1.94286
G1 X92.256 Y123.2 Z2
G1 X63.348 Y188.898 Z2
G1 Z1.6
G1 E.8 F1800
;TYPE:Inner wall
;WIDTH:0.45
G1 F6000
G1 X62.752 Y188.898 E.01917
G1 X62.752 Y128.102 E1.95621
G1 X63.548 Y128.102 E.02561
G1 X63.548 Y187.598 E1.91438
G1 X63.348 Y187.598 E.00644
G1 X63.348 Y188.858 E.04054
SET_VELOCITY_LIMIT ACCEL=5000
G1 X63.74 Y189.29 F30000
;TYPE:Outer wall
;WIDTH:0.42
G1 F3600
G1 X62.36 Y189.29 E.04113
G1 X62.36 Y127.71 E1.83542
G1 X193.64 Y127.71 E3.91285
G1 X193.64 Y189.29 E1.83542
G1 X193.01 Y189.29 E.01878
G1 X91.49 Y189.29 E3.02584
M106 S255
G1 F3000
G1 X90.65 Y189.29 E.02504
G1 F2580
M73 P36 R49
G1 X90.45 Y189.29 E.00596
SET_VELOCITY_LIMIT ACCEL=2500
;TYPE:Overhang wall
;WIDTH:0.4
G1 F3000
G1 X64.96 Y189.29 E.71944
G1 X64.96 Y188.51 E.02202
G1 X90.45 Y188.51 E.71944
SET_VELOCITY_LIMIT ACCEL=5000
;TYPE:Outer wall
;WIDTH:0.42
G1 F2580
G1 X90.65 Y188.51 E.00596
M106 S206
G1 F3000
G1 X91.49 Y188.51 E.02504
G1 F3600
G1 X192.317 Y188.51 E3.00519
G1 X192.86 Y188.51 E.01618
G1 X192.86 Y187.967 E.01618
G1 X192.86 Y129.033 E1.75655
G1 X192.86 Y128.49 E.01618
G1 X192.317 Y128.49 E.01618
G1 X64.483 Y128.49 E3.81014
G1 X63.94 Y128.49 E.01618
G1 X63.94 Y129.033 E.01618
G1 X63.94 Y187.36 E1.73846
G1 X63.94 Y187.99 E.01878
G1 X63.74 Y187.99 E.00596
G1 X63.74 Y189.25 E.03755
G1 E-.728 F1800
;WIPE_START
G1 F30000
G1 X62.541 Y189.285 E-.072
;WIPE_END
G1 X63.05 Y188.694 Z2
G1 Z1.6
G1 E.8 F1800
SET_VELOCITY_LIMIT ACCEL=10000
;TYPE:Gap infill
;WIDTH:0.233529
G1 F15000
G1 X63.05 Y187.394 E.01959
G1 X63.074 Y187.347 E.00079
;WIDTH:0.302476
G1 X63.097 Y187.3 E.00108
;WIDTH:0.349668
G1 X63.121 Y187.253 E.00128
;WIDTH:0.39686
G1 X63.144 Y187.206 E.00148
;WIDTH:0.431684
G1 X63.15 Y128.306 E1.80993
G1 X63.744 Y128.1 F30000
;WIDTH:0.430842
G1 F15000
G1 X193.056 Y128.1 E3.96502
;WIDTH:0.469667
G1 X193.217 Y128.133 E.00554
G1 X193.233 Y128.214 E.00277
;WIDTH:0.447481
G1 X193.25 Y128.294 E.00262
;WIDTH:0.430842
G1 X193.25 Y188.706 E1.85238
;WIDTH:0.469667
G1 X193.217 Y188.867 E.00554
G1 X193.136 Y188.883 E.00277
;WIDTH:0.447481
G1 X193.056 Y188.9 E.00262
;WIDTH:0.430842
G1 X65.156 Y188.9 E3.92172
G1 E-.728 F1800
;WIPE_START
G1 F30000
G1 X66.356 Y188.9 E-.072
;WIPE_END

G1 X66.7702 Y187.929 Z1.65714
G1 X67.788 Y187.647 Z1.71429
G1 X68.6429 Y188.267 Z1.77143
G1 X68.6912 Y189.322 Z1.82857
G1 X67.8965 Y190.017 Z1.88571
G1 X66.8573 Y189.83 Z1.94286
G1 X66.356 Y188.9 Z2
G1 X63.348 Y123.198 Z2
G1 Z1.6
G1 E.8 F1800
;TYPE:Inner wall
;WIDTH:0.45
G1 F6000
G1 X62.752 Y123.198 E.01917
G1 X62.752 Y62.402 E1.95621
G1 X63.548 Y62.402 E.02561
G1 X63.548 Y121.898 E1.91438
G1 X63.348 Y121.898 E.00644
G1 X63.348 Y123.158 E.04054
SET_VELOCITY_LIMIT ACCEL=5000
G1 X63.74 Y123.59 F30000
;TYPE:Outer wall
;WIDTH:0.42
G1 F3600
G1 X62.36 Y123.59 E.04113
G1 X62.36 Y62.01 E1.83542
G1 X193.64 Y62.01 E3.91285
G1 X193.64 Y123.59 E1.83542
G1 X193.01 Y123.59 E.01878
G1 X91.49 Y123.59 E3.02584
M106 S255
G1 F3000
M73 P36 R48
G1 X90.65 Y123.59 E.02504
G1 F2580
G1 X90.45 Y123.59 E.00596
SET_VELOCITY_LIMIT ACCEL=2500
;TYPE:Overhang wall
;WIDTH:0.4
G1 F3000
G1 X64.96 Y123.59 E.71944
G1 X64.96 Y122.81 E.02202
G1 X90.45 Y122.81 E.71944
SET_VELOCITY_LIMIT ACCEL=5000
;TYPE:Outer wall
;WIDTH:0.42
G1 F2580
G1 X90.65 Y122.81 E.00596
M106 S206
G1 F3000
G1 X91.49 Y122.81 E.02504
G1 F3600
G1 X192.317 Y122.81 E3.00519
G1 X192.86 Y122.81 E.01618
G1 X192.86 Y122.267 E.01618
G1 X192.86 Y63.333 E1.75655
G1 X192.86 Y62.79 E.01618
G1 X192.317 Y62.79 E.01618
G1 X64.483 Y62.79 E3.81014
G1 X63.94 Y62.79 E.01618
G1 X63.94 Y63.333 E.01618
G1 X63.94 Y121.66 E1.73846
G1 X63.94 Y122.29 E.01878
G1 X63.74 Y122.29 E.00596
G1 X63.74 Y123.55 E.03755
G1 E-.728 F1800
;WIPE_START
G1 F30000
G1 X62.541 Y123.585 E-.072
;WIPE_END
G1 X63.05 Y122.994 Z2
G1 Z1.6
G1 E.8 F1800
SET_VELOCITY_LIMIT ACCEL=10000
;TYPE:Gap infill
;WIDTH:0.233529
G1 F15000
G1 X63.05 Y121.694 E.01959
G1 X63.074 Y121.647 E.00079
;WIDTH:0.302476
G1 X63.097 Y121.6 E.00108
;WIDTH:0.349668
G1 X63.121 Y121.553 E.00128
;WIDTH:0.39686
G1 X63.144 Y121.506 E.00148
;WIDTH:0.431684
G1 X63.15 Y62.606 E1.80993
G1 X63.744 Y62.4 F30000
;WIDTH:0.430842
G1 F15000
G1 X193.056 Y62.4 E3.96502
;WIDTH:0.469667
G1 X193.217 Y62.433 E.00554
G1 X193.233 Y62.514 E.00277
;WIDTH:0.447481
G1 X193.25 Y62.594 E.00262
;WIDTH:0.430842
G1 X193.25 Y123.006 E1.85238
;WIDTH:0.469667
G1 X193.217 Y123.167 E.00554
G1 X193.136 Y123.183 E.00277
;WIDTH:0.447481
G1 X193.056 Y123.2 E.00262
;WIDTH:0.430842
G1 X65.156 Y123.2 E3.92172
M106 S209
;LAYER_CHANGE
;Z:1.8
;HEIGHT:0.2
;BEFORE_LAYER_CHANGE
;1.8
G92 E0

G1 E-.728 F1800
;WIPE_START
G1 F30000
G1 X66.356 Y123.2 E-.072
;WIPE_END
M73 L9
;LAYER:9
SET_PRINT_STATS_INFO TOTAL_LAYER=93 CURRENT_LAYER=9
;_SET_FAN_SPEED_CHANGING_LAYER

G1 X65.8548 Y124.13 Z1.85714
G1 X64.8156 Y124.317 Z1.91429
G1 X64.0209 Y123.622 Z1.97143
G1 X64.0692 Y122.567 Z2.02857
G1 X64.9241 Y121.947 Z2.08571
G1 X65.9418 Y122.229 Z2.14286
G1 X66.356 Y123.2 Z2.2
G1 X63.348 Y188.898 Z2.2
G1 Z1.8
G1 E.8 F1800
;TYPE:Inner wall
;WIDTH:0.45
G1 F6000
G1 X62.752 Y188.898 E.01917
G1 X62.752 Y128.102 E1.95621
G1 X63.548 Y128.102 E.02561
G1 X63.548 Y187.598 E1.91438
G1 X63.348 Y187.598 E.00644
G1 X63.348 Y188.858 E.04054
SET_VELOCITY_LIMIT ACCEL=5000
G1 X63.74 Y189.29 F30000
;TYPE:Outer wall
;WIDTH:0.42
G1 F3600
G1 X62.36 Y189.29 E.04113
G1 X62.36 Y127.71 E1.83542
G1 X193.64 Y127.71 E3.91285
G1 X193.64 Y189.29 E1.83542
G1 X64.96 Y189.29 E3.83536
G1 X64.96 Y188.51 E.02325
G1 X192.86 Y188.51 E3.81211
G1 X192.86 Y128.49 E1.78892
G1 X63.94 Y128.49 E3.84251
G1 X63.94 Y187.99 E1.77342
G1 X63.74 Y187.99 E.00596
G1 X63.74 Y189.25 E.03755
G1 E-.728 F1800
;WIPE_START
G1 F30000
G1 X62.541 Y189.285 E-.072
;WIPE_END
G1 X63.05 Y188.694 Z2.2
G1 Z1.8
G1 E.8 F1800
SET_VELOCITY_LIMIT ACCEL=10000
;TYPE:Gap infill
;WIDTH:0.233529
G1 F15000
G1 X63.05 Y187.394 E.01959
G1 X63.074 Y187.347 E.00079
;WIDTH:0.302476
G1 X63.097 Y187.3 E.00108
;WIDTH:0.349668
G1 X63.121 Y187.253 E.00128
;WIDTH:0.39686
G1 X63.144 Y187.206 E.00148
;WIDTH:0.431684
G1 X63.15 Y128.306 E1.80993
G1 X63.744 Y128.1 F30000
;WIDTH:0.430842
G1 F15000
G1 X193.056 Y128.1 E3.96502
;WIDTH:0.469667
G1 X193.217 Y128.133 E.00554
G1 X193.233 Y128.214 E.00277
;WIDTH:0.447481
G1 X193.25 Y128.294 E.00262
;WIDTH:0.430842
G1 X193.25 Y188.706 E1.85238
;WIDTH:0.469667
G1 X193.217 Y188.867 E.00554
G1 X193.136 Y188.883 E.00277
;WIDTH:0.447481
G1 X193.056 Y188.9 E.00262
;WIDTH:0.430842
G1 X65.156 Y188.9 E3.92172
G1 E-.728 F1800
;WIPE_START
G1 F30000
G1 X66.356 Y188.9 E-.072
;WIPE_END

G1 X66.7702 Y187.929 Z1.85714
G1 X67.788 Y187.647 Z1.91429
G1 X68.6429 Y188.267 Z1.97143
G1 X68.6912 Y189.322 Z2.02857
G1 X67.8965 Y190.017 Z2.08571
G1 X66.8573 Y189.83 Z2.14286
G1 X66.356 Y188.9 Z2.2
G1 X63.348 Y123.198 Z2.2
G1 Z1.8
G1 E.8 F1800
;TYPE:Inner wall
;WIDTH:0.45
G1 F6000
G1 X62.752 Y123.198 E.01917
G1 X62.752 Y62.402 E1.95621
G1 X63.548 Y62.402 E.02561
G1 X63.548 Y121.898 E1.91438
G1 X63.348 Y121.898 E.00644
G1 X63.348 Y123.158 E.04054
SET_VELOCITY_LIMIT ACCEL=5000
G1 X63.74 Y123.59 F30000
;TYPE:Outer wall
;WIDTH:0.42
G1 F3600
G1 X62.36 Y123.59 E.04113
G1 X62.36 Y62.01 E1.83542
G1 X193.64 Y62.01 E3.91285
G1 X193.64 Y123.59 E1.83542
M73 P37 R48
G1 X64.96 Y123.59 E3.83536
G1 X64.96 Y122.81 E.02325
G1 X192.86 Y122.81 E3.81211
G1 X192.86 Y62.79 E1.78892
G1 X63.94 Y62.79 E3.84251
G1 X63.94 Y122.29 E1.77342
G1 X63.74 Y122.29 E.00596
G1 X63.74 Y123.55 E.03755
G1 E-.728 F1800
;WIPE_START
G1 F30000
G1 X62.541 Y123.585 E-.072
;WIPE_END
G1 X63.05 Y122.994 Z2.2
G1 Z1.8
G1 E.8 F1800
SET_VELOCITY_LIMIT ACCEL=10000
;TYPE:Gap infill
;WIDTH:0.233529
G1 F15000
G1 X63.05 Y121.694 E.01959
G1 X63.074 Y121.647 E.00079
;WIDTH:0.302476
G1 X63.097 Y121.6 E.00108
;WIDTH:0.349668
G1 X63.121 Y121.553 E.00128
;WIDTH:0.39686
G1 X63.144 Y121.506 E.00148
;WIDTH:0.431684
G1 X63.15 Y62.606 E1.80993
G1 X63.744 Y62.4 F30000
;WIDTH:0.430842
G1 F15000
G1 X193.056 Y62.4 E3.96502
;WIDTH:0.469667
G1 X193.217 Y62.433 E.00554
G1 X193.233 Y62.514 E.00277
;WIDTH:0.447481
G1 X193.25 Y62.594 E.00262
;WIDTH:0.430842
G1 X193.25 Y123.006 E1.85238
;WIDTH:0.469667
G1 X193.217 Y123.167 E.00554
G1 X193.136 Y123.183 E.00277
;WIDTH:0.447481
G1 X193.056 Y123.2 E.00262
;WIDTH:0.430842
G1 X65.156 Y123.2 E3.92172
;LAYER_CHANGE
;Z:2
;HEIGHT:0.2
;BEFORE_LAYER_CHANGE
;2
G92 E0

G1 E-.728 F1800
;WIPE_START
G1 F30000
G1 X66.356 Y123.2 E-.072
;WIPE_END
M73 L10
;LAYER:10
SET_PRINT_STATS_INFO TOTAL_LAYER=93 CURRENT_LAYER=10
;_SET_FAN_SPEED_CHANGING_LAYER

G1 X65.8548 Y124.13 Z2.05714
G1 X64.8156 Y124.317 Z2.11429
G1 X64.0209 Y123.622 Z2.17143
G1 X64.0692 Y122.567 Z2.22857
G1 X64.9241 Y121.947 Z2.28571
G1 X65.9418 Y122.229 Z2.34286
G1 X66.356 Y123.2 Z2.4
G1 X63.348 Y188.898 Z2.4
G1 Z2
G1 E.8 F1800
;TYPE:Inner wall
;WIDTH:0.45
G1 F6000
G1 X62.752 Y188.898 E.01917
G1 X62.752 Y128.102 E1.95621
G1 X63.548 Y128.102 E.02561
G1 X63.548 Y187.598 E1.91438
G1 X63.348 Y187.598 E.00644
G1 X63.348 Y188.858 E.04054
SET_VELOCITY_LIMIT ACCEL=5000
G1 X63.74 Y189.29 F30000
;TYPE:Outer wall
;WIDTH:0.42
G1 F3600
G1 X62.36 Y189.29 E.04113
G1 X62.36 Y127.71 E1.83542
G1 X193.64 Y127.71 E3.91285
G1 X193.64 Y189.29 E1.83542
G1 X64.96 Y189.29 E3.83536
G1 X64.96 Y188.51 E.02325
G1 X192.86 Y188.51 E3.81211
G1 X192.86 Y128.49 E1.78892
G1 X63.94 Y128.49 E3.84251
G1 X63.94 Y187.99 E1.77342
G1 X63.74 Y187.99 E.00596
G1 X63.74 Y189.25 E.03755
G1 E-.728 F1800
;WIPE_START
G1 F30000
G1 X62.541 Y189.285 E-.072
;WIPE_END
G1 X63.05 Y188.694 Z2.4
G1 Z2
G1 E.8 F1800
SET_VELOCITY_LIMIT ACCEL=10000
;TYPE:Gap infill
;WIDTH:0.233529
G1 F15000
G1 X63.05 Y187.394 E.01959
G1 X63.074 Y187.347 E.00079
;WIDTH:0.302476
G1 X63.097 Y187.3 E.00108
;WIDTH:0.349668
G1 X63.121 Y187.253 E.00128
;WIDTH:0.39686
G1 X63.144 Y187.206 E.00148
;WIDTH:0.431684
G1 X63.15 Y128.306 E1.80993
G1 X63.744 Y128.1 F30000
;WIDTH:0.430842
G1 F15000
G1 X193.056 Y128.1 E3.96502
;WIDTH:0.469667
G1 X193.217 Y128.133 E.00554
G1 X193.233 Y128.214 E.00277
;WIDTH:0.447481
G1 X193.25 Y128.294 E.00262
;WIDTH:0.430842
G1 X193.25 Y188.706 E1.85238
;WIDTH:0.469667
G1 X193.217 Y188.867 E.00554
G1 X193.136 Y188.883 E.00277
;WIDTH:0.447481
G1 X193.056 Y188.9 E.00262
;WIDTH:0.430842
G1 X65.156 Y188.9 E3.92172
G1 E-.728 F1800
;WIPE_START
G1 F30000
G1 X66.356 Y188.9 E-.072
;WIPE_END
G1 X66.007 Y181.276 Z2.4
G1 X63.348 Y123.198 Z2.4
G1 Z2
G1 E.8 F1800
;TYPE:Inner wall
;WIDTH:0.45
G1 F6000
G1 X62.752 Y123.198 E.01917
G1 X62.752 Y62.402 E1.95621
G1 X63.548 Y62.402 E.02561
G1 X63.548 Y121.898 E1.91438
G1 X63.348 Y121.898 E.00644
M73 P37 R47
G1 X63.348 Y123.158 E.04054
SET_VELOCITY_LIMIT ACCEL=5000
G1 X63.74 Y123.59 F30000
;TYPE:Outer wall
;WIDTH:0.42
G1 F3600
G1 X62.36 Y123.59 E.04113
G1 X62.36 Y62.01 E1.83542
G1 X193.64 Y62.01 E3.91285
G1 X193.64 Y123.59 E1.83542
G1 X64.96 Y123.59 E3.83536
G1 X64.96 Y122.81 E.02325
G1 X192.86 Y122.81 E3.81211
G1 X192.86 Y62.79 E1.78892
G1 X63.94 Y62.79 E3.84251
G1 X63.94 Y122.29 E1.77342
G1 X63.74 Y122.29 E.00596
G1 X63.74 Y123.55 E.03755
G1 E-.728 F1800
;WIPE_START
G1 F30000
G1 X62.541 Y123.585 E-.072
;WIPE_END
G1 X63.05 Y122.994 Z2.4
G1 Z2
G1 E.8 F1800
SET_VELOCITY_LIMIT ACCEL=10000
;TYPE:Gap infill
;WIDTH:0.233529
G1 F15000
G1 X63.05 Y121.694 E.01959
G1 X63.074 Y121.647 E.00079
;WIDTH:0.302476
G1 X63.097 Y121.6 E.00108
;WIDTH:0.349668
G1 X63.121 Y121.553 E.00128
;WIDTH:0.39686
G1 X63.144 Y121.506 E.00148
;WIDTH:0.431684
G1 X63.15 Y62.606 E1.80993
G1 X63.744 Y62.4 F30000
;WIDTH:0.430842
G1 F15000
G1 X193.056 Y62.4 E3.96502
;WIDTH:0.469667
G1 X193.217 Y62.433 E.00554
G1 X193.233 Y62.514 E.00277
;WIDTH:0.447481
G1 X193.25 Y62.594 E.00262
;WIDTH:0.430842
G1 X193.25 Y123.006 E1.85238
;WIDTH:0.469667
G1 X193.217 Y123.167 E.00554
G1 X193.136 Y123.183 E.00277
;WIDTH:0.447481
G1 X193.056 Y123.2 E.00262
;WIDTH:0.430842
G1 X65.156 Y123.2 E3.92172
;LAYER_CHANGE
;Z:2.2
;HEIGHT:0.2
;BEFORE_LAYER_CHANGE
;2.2
G92 E0

G1 E-.728 F1800
;WIPE_START
G1 F30000
G1 X66.356 Y123.2 E-.072
;WIPE_END
M73 L11
;LAYER:11
SET_PRINT_STATS_INFO TOTAL_LAYER=93 CURRENT_LAYER=11
;_SET_FAN_SPEED_CHANGING_LAYER

G1 X65.8548 Y124.13 Z2.25714
G1 X64.8156 Y124.317 Z2.31429
G1 X64.0209 Y123.622 Z2.37143
G1 X64.0692 Y122.567 Z2.42857
G1 X64.9241 Y121.947 Z2.48571
G1 X65.9418 Y122.229 Z2.54286
G1 X66.356 Y123.2 Z2.6
G1 X63.348 Y188.898 Z2.6
G1 Z2.2
G1 E.8 F1800
;TYPE:Inner wall
;WIDTH:0.45
G1 F6000
G1 X62.752 Y188.898 E.01917
G1 X62.752 Y128.102 E1.95621
G1 X63.548 Y128.102 E.02561
G1 X63.548 Y187.598 E1.91438
G1 X63.348 Y187.598 E.00644
M73 P38 R47
G1 X63.348 Y188.858 E.04054
SET_VELOCITY_LIMIT ACCEL=5000
G1 X63.74 Y189.29 F30000
;TYPE:Outer wall
;WIDTH:0.42
G1 F3600
G1 X62.36 Y189.29 E.04113
G1 X62.36 Y127.71 E1.83542
G1 X193.64 Y127.71 E3.91285
G1 X193.64 Y189.29 E1.83542
G1 X64.96 Y189.29 E3.83536
G1 X64.96 Y188.51 E.02325
G1 X192.86 Y188.51 E3.81211
G1 X192.86 Y128.49 E1.78892
G1 X63.94 Y128.49 E3.84251
G1 X63.94 Y187.99 E1.77342
G1 X63.74 Y187.99 E.00596
G1 X63.74 Y189.25 E.03755
G1 E-.728 F1800
;WIPE_START
G1 F30000
G1 X62.541 Y189.285 E-.072
;WIPE_END
G1 X63.05 Y188.694 Z2.6
G1 Z2.2
G1 E.8 F1800
SET_VELOCITY_LIMIT ACCEL=10000
;TYPE:Gap infill
;WIDTH:0.233529
G1 F15000
G1 X63.05 Y187.394 E.01959
G1 X63.074 Y187.347 E.00079
;WIDTH:0.302476
G1 X63.097 Y187.3 E.00108
;WIDTH:0.349668
G1 X63.121 Y187.253 E.00128
;WIDTH:0.39686
G1 X63.144 Y187.206 E.00148
;WIDTH:0.431684
G1 X63.15 Y128.306 E1.80993
G1 X63.744 Y128.1 F30000
;WIDTH:0.430842
G1 F15000
G1 X193.056 Y128.1 E3.96502
;WIDTH:0.469667
G1 X193.217 Y128.133 E.00554
G1 X193.233 Y128.214 E.00277
;WIDTH:0.447481
G1 X193.25 Y128.294 E.00262
;WIDTH:0.430842
G1 X193.25 Y188.706 E1.85238
;WIDTH:0.469667
G1 X193.217 Y188.867 E.00554
G1 X193.136 Y188.883 E.00277
;WIDTH:0.447481
G1 X193.056 Y188.9 E.00262
;WIDTH:0.430842
G1 X65.156 Y188.9 E3.92172
G1 E-.728 F1800
;WIPE_START
G1 F30000
G1 X66.356 Y188.9 E-.072
;WIPE_END
G1 X66.007 Y181.276 Z2.6
G1 X63.348 Y123.198 Z2.6
G1 Z2.2
G1 E.8 F1800
;TYPE:Inner wall
;WIDTH:0.45
G1 F6000
G1 X62.752 Y123.198 E.01917
G1 X62.752 Y62.402 E1.95621
G1 X63.548 Y62.402 E.02561
G1 X63.548 Y121.898 E1.91438
G1 X63.348 Y121.898 E.00644
G1 X63.348 Y123.158 E.04054
SET_VELOCITY_LIMIT ACCEL=5000
G1 X63.74 Y123.59 F30000
;TYPE:Outer wall
;WIDTH:0.42
G1 F3600
G1 X62.36 Y123.59 E.04113
G1 X62.36 Y62.01 E1.83542
G1 X193.64 Y62.01 E3.91285
G1 X193.64 Y123.59 E1.83542
G1 X64.96 Y123.59 E3.83536
G1 X64.96 Y122.81 E.02325
G1 X192.86 Y122.81 E3.81211
G1 X192.86 Y62.79 E1.78892
G1 X63.94 Y62.79 E3.84251
G1 X63.94 Y122.29 E1.77342
G1 X63.74 Y122.29 E.00596
G1 X63.74 Y123.55 E.03755
G1 E-.728 F1800
;WIPE_START
G1 F30000
G1 X62.541 Y123.585 E-.072
;WIPE_END
G1 X63.05 Y122.994 Z2.6
G1 Z2.2
G1 E.8 F1800
SET_VELOCITY_LIMIT ACCEL=10000
;TYPE:Gap infill
;WIDTH:0.233529
G1 F15000
G1 X63.05 Y121.694 E.01959
G1 X63.074 Y121.647 E.00079
;WIDTH:0.302476
G1 X63.097 Y121.6 E.00108
;WIDTH:0.349668
G1 X63.121 Y121.553 E.00128
;WIDTH:0.39686
G1 X63.144 Y121.506 E.00148
;WIDTH:0.431684
G1 X63.15 Y62.606 E1.80993
G1 X63.744 Y62.4 F30000
;WIDTH:0.430842
G1 F15000
G1 X193.056 Y62.4 E3.96502
;WIDTH:0.469667
G1 X193.217 Y62.433 E.00554
G1 X193.233 Y62.514 E.00277
;WIDTH:0.447481
G1 X193.25 Y62.594 E.00262
;WIDTH:0.430842
G1 X193.25 Y123.006 E1.85238
;WIDTH:0.469667
G1 X193.217 Y123.167 E.00554
G1 X193.136 Y123.183 E.00277
;WIDTH:0.447481
G1 X193.056 Y123.2 E.00262
;WIDTH:0.430842
G1 X65.156 Y123.2 E3.92172
;LAYER_CHANGE
;Z:2.4
;HEIGHT:0.2
;BEFORE_LAYER_CHANGE
;2.4
G92 E0

G1 E-.728 F1800
;WIPE_START
G1 F30000
G1 X66.356 Y123.2 E-.072
;WIPE_END
M73 L12
;LAYER:12
SET_PRINT_STATS_INFO TOTAL_LAYER=93 CURRENT_LAYER=12
;_SET_FAN_SPEED_CHANGING_LAYER

G1 X65.8548 Y124.13 Z2.45714
G1 X64.8156 Y124.317 Z2.51429
G1 X64.0209 Y123.622 Z2.57143
G1 X64.0692 Y122.567 Z2.62857
G1 X64.9241 Y121.947 Z2.68571
G1 X65.9418 Y122.229 Z2.74286
G1 X66.356 Y123.2 Z2.8
G1 X63.348 Y188.898 Z2.8
G1 Z2.4
G1 E.8 F1800
;TYPE:Inner wall
;WIDTH:0.45
G1 F6000
G1 X62.752 Y188.898 E.01917
G1 X62.752 Y128.102 E1.95621
G1 X63.548 Y128.102 E.02561
G1 X63.548 Y187.598 E1.91438
G1 X63.348 Y187.598 E.00644
G1 X63.348 Y188.858 E.04054
SET_VELOCITY_LIMIT ACCEL=5000
G1 X63.74 Y189.29 F30000
;TYPE:Outer wall
;WIDTH:0.42
G1 F3600
G1 X62.36 Y189.29 E.04113
G1 X62.36 Y127.71 E1.83542
G1 X193.64 Y127.71 E3.91285
G1 X193.64 Y189.29 E1.83542
G1 X64.96 Y189.29 E3.83536
G1 X64.96 Y188.51 E.02325
G1 X192.86 Y188.51 E3.81211
G1 X192.86 Y128.49 E1.78892
G1 X63.94 Y128.49 E3.84251
G1 X63.94 Y187.99 E1.77342
M73 P38 R46
G1 X63.74 Y187.99 E.00596
G1 X63.74 Y189.25 E.03755
G1 E-.728 F1800
;WIPE_START
G1 F30000
G1 X62.541 Y189.285 E-.072
;WIPE_END
G1 X63.05 Y188.694 Z2.8
G1 Z2.4
G1 E.8 F1800
SET_VELOCITY_LIMIT ACCEL=10000
;TYPE:Gap infill
;WIDTH:0.233529
G1 F15000
G1 X63.05 Y187.394 E.01959
G1 X63.074 Y187.347 E.00079
M73 P39 R46
;WIDTH:0.302476
G1 X63.097 Y187.3 E.00108
;WIDTH:0.349668
G1 X63.121 Y187.253 E.00128
;WIDTH:0.39686
G1 X63.144 Y187.206 E.00148
;WIDTH:0.431684
G1 X63.15 Y128.306 E1.80993
G1 X63.744 Y128.1 F30000
;WIDTH:0.430842
G1 F15000
G1 X193.056 Y128.1 E3.96502
;WIDTH:0.469667
G1 X193.217 Y128.133 E.00554
G1 X193.233 Y128.214 E.00277
;WIDTH:0.447481
G1 X193.25 Y128.294 E.00262
;WIDTH:0.430842
G1 X193.25 Y188.706 E1.85238
;WIDTH:0.469667
G1 X193.217 Y188.867 E.00554
G1 X193.136 Y188.883 E.00277
;WIDTH:0.447481
G1 X193.056 Y188.9 E.00262
;WIDTH:0.430842
G1 X65.156 Y188.9 E3.92172
G1 E-.728 F1800
;WIPE_START
G1 F30000
G1 X66.356 Y188.9 E-.072
;WIPE_END
G1 X66.007 Y181.276 Z2.8
G1 X63.348 Y123.198 Z2.8
G1 Z2.4
G1 E.8 F1800
;TYPE:Inner wall
;WIDTH:0.45
G1 F6000
G1 X62.752 Y123.198 E.01917
G1 X62.752 Y62.402 E1.95621
G1 X63.548 Y62.402 E.02561
G1 X63.548 Y121.898 E1.91438
G1 X63.348 Y121.898 E.00644
G1 X63.348 Y123.158 E.04054
SET_VELOCITY_LIMIT ACCEL=5000
G1 X63.74 Y123.59 F30000
;TYPE:Outer wall
;WIDTH:0.42
G1 F3600
G1 X62.36 Y123.59 E.04113
G1 X62.36 Y62.01 E1.83542
G1 X193.64 Y62.01 E3.91285
G1 X193.64 Y123.59 E1.83542
G1 X64.96 Y123.59 E3.83536
G1 X64.96 Y122.81 E.02325
G1 X192.86 Y122.81 E3.81211
G1 X192.86 Y62.79 E1.78892
G1 X63.94 Y62.79 E3.84251
G1 X63.94 Y122.29 E1.77342
G1 X63.74 Y122.29 E.00596
G1 X63.74 Y123.55 E.03755
G1 E-.728 F1800
;WIPE_START
G1 F30000
G1 X62.541 Y123.585 E-.072
;WIPE_END
G1 X63.05 Y122.994 Z2.8
G1 Z2.4
G1 E.8 F1800
SET_VELOCITY_LIMIT ACCEL=10000
;TYPE:Gap infill
;WIDTH:0.233529
G1 F15000
G1 X63.05 Y121.694 E.01959
G1 X63.074 Y121.647 E.00079
;WIDTH:0.302476
G1 X63.097 Y121.6 E.00108
;WIDTH:0.349668
G1 X63.121 Y121.553 E.00128
;WIDTH:0.39686
G1 X63.144 Y121.506 E.00148
;WIDTH:0.431684
G1 X63.15 Y62.606 E1.80993
G1 X63.744 Y62.4 F30000
;WIDTH:0.430842
G1 F15000
G1 X193.056 Y62.4 E3.96502
;WIDTH:0.469667
G1 X193.217 Y62.433 E.00554
G1 X193.233 Y62.514 E.00277
;WIDTH:0.447481
G1 X193.25 Y62.594 E.00262
;WIDTH:0.430842
G1 X193.25 Y123.006 E1.85238
;WIDTH:0.469667
G1 X193.217 Y123.167 E.00554
G1 X193.136 Y123.183 E.00277
;WIDTH:0.447481
G1 X193.056 Y123.2 E.00262
;WIDTH:0.430842
G1 X65.156 Y123.2 E3.92172
;LAYER_CHANGE
;Z:2.6
;HEIGHT:0.2
;BEFORE_LAYER_CHANGE
;2.6
G92 E0

G1 E-.728 F1800
;WIPE_START
G1 F30000
G1 X66.356 Y123.2 E-.072
;WIPE_END
M73 L13
;LAYER:13
SET_PRINT_STATS_INFO TOTAL_LAYER=93 CURRENT_LAYER=13
;_SET_FAN_SPEED_CHANGING_LAYER

G1 X65.8548 Y124.13 Z2.65714
G1 X64.8156 Y124.317 Z2.71429
G1 X64.0209 Y123.622 Z2.77143
G1 X64.0692 Y122.567 Z2.82857
G1 X64.9241 Y121.947 Z2.88571
G1 X65.9418 Y122.229 Z2.94286
G1 X66.356 Y123.2 Z3
G1 X63.348 Y188.898 Z3
G1 Z2.6
G1 E.8 F1800
;TYPE:Inner wall
;WIDTH:0.45
G1 F6000
G1 X62.752 Y188.898 E.01917
G1 X62.752 Y128.102 E1.95621
G1 X63.548 Y128.102 E.02561
G1 X63.548 Y187.598 E1.91438
G1 X63.348 Y187.598 E.00644
G1 X63.348 Y188.858 E.04054
SET_VELOCITY_LIMIT ACCEL=5000
G1 X63.74 Y189.29 F30000
;TYPE:Outer wall
;WIDTH:0.42
G1 F3600
G1 X62.36 Y189.29 E.04113
G1 X62.36 Y127.71 E1.83542
G1 X193.64 Y127.71 E3.91285
G1 X193.64 Y189.29 E1.83542
G1 X64.96 Y189.29 E3.83536
G1 X64.96 Y188.51 E.02325
G1 X192.86 Y188.51 E3.81211
G1 X192.86 Y128.49 E1.78892
G1 X63.94 Y128.49 E3.84251
G1 X63.94 Y187.99 E1.77342
G1 X63.74 Y187.99 E.00596
G1 X63.74 Y189.25 E.03755
G1 E-.728 F1800
;WIPE_START
G1 F30000
G1 X62.541 Y189.285 E-.072
;WIPE_END
G1 X63.05 Y188.694 Z3
G1 Z2.6
G1 E.8 F1800
SET_VELOCITY_LIMIT ACCEL=10000
;TYPE:Gap infill
;WIDTH:0.233529
G1 F15000
G1 X63.05 Y187.394 E.01959
G1 X63.074 Y187.347 E.00079
;WIDTH:0.302476
G1 X63.097 Y187.3 E.00108
;WIDTH:0.349668
G1 X63.121 Y187.253 E.00128
;WIDTH:0.39686
G1 X63.144 Y187.206 E.00148
;WIDTH:0.431684
G1 X63.15 Y128.306 E1.80993
G1 X63.744 Y128.1 F30000
;WIDTH:0.430842
G1 F15000
G1 X193.056 Y128.1 E3.96502
;WIDTH:0.469667
G1 X193.217 Y128.133 E.00554
G1 X193.233 Y128.214 E.00277
;WIDTH:0.447481
G1 X193.25 Y128.294 E.00262
;WIDTH:0.430842
G1 X193.25 Y188.706 E1.85238
;WIDTH:0.469667
G1 X193.217 Y188.867 E.00554
G1 X193.136 Y188.883 E.00277
;WIDTH:0.447481
G1 X193.056 Y188.9 E.00262
;WIDTH:0.430842
G1 X65.156 Y188.9 E3.92172
G1 E-.728 F1800
;WIPE_START
G1 F30000
G1 X66.356 Y188.9 E-.072
;WIPE_END
G1 X66.007 Y181.276 Z3
G1 X63.348 Y123.198 Z3
G1 Z2.6
G1 E.8 F1800
;TYPE:Inner wall
;WIDTH:0.45
G1 F6000
G1 X62.752 Y123.198 E.01917
G1 X62.752 Y62.402 E1.95621
G1 X63.548 Y62.402 E.02561
G1 X63.548 Y121.898 E1.91438
G1 X63.348 Y121.898 E.00644
G1 X63.348 Y123.158 E.04054
SET_VELOCITY_LIMIT ACCEL=5000
G1 X63.74 Y123.59 F30000
;TYPE:Outer wall
;WIDTH:0.42
G1 F3600
G1 X62.36 Y123.59 E.04113
G1 X62.36 Y62.01 E1.83542
G1 X193.64 Y62.01 E3.91285
G1 X193.64 Y123.59 E1.83542
G1 X64.96 Y123.59 E3.83536
G1 X64.96 Y122.81 E.02325
G1 X192.86 Y122.81 E3.81211
G1 X192.86 Y62.79 E1.78892
G1 X63.94 Y62.79 E3.84251
G1 X63.94 Y122.29 E1.77342
M73 P40 R46
G1 X63.74 Y122.29 E.00596
G1 X63.74 Y123.55 E.03755
G1 E-.728 F1800
;WIPE_START
G1 F30000
G1 X62.541 Y123.585 E-.072
;WIPE_END
G1 X63.05 Y122.994 Z3
G1 Z2.6
G1 E.8 F1800
SET_VELOCITY_LIMIT ACCEL=10000
;TYPE:Gap infill
;WIDTH:0.233529
G1 F15000
G1 X63.05 Y121.694 E.01959
G1 X63.074 Y121.647 E.00079
;WIDTH:0.302476
G1 X63.097 Y121.6 E.00108
;WIDTH:0.349668
G1 X63.121 Y121.553 E.00128
;WIDTH:0.39686
G1 X63.144 Y121.506 E.00148
;WIDTH:0.431684
G1 X63.15 Y62.606 E1.80993
G1 X63.744 Y62.4 F30000
;WIDTH:0.430842
G1 F15000
G1 X193.056 Y62.4 E3.96502
;WIDTH:0.469667
G1 X193.217 Y62.433 E.00554
G1 X193.233 Y62.514 E.00277
;WIDTH:0.447481
G1 X193.25 Y62.594 E.00262
;WIDTH:0.430842
G1 X193.25 Y123.006 E1.85238
;WIDTH:0.469667
G1 X193.217 Y123.167 E.00554
G1 X193.136 Y123.183 E.00277
;WIDTH:0.447481
G1 X193.056 Y123.2 E.00262
;WIDTH:0.430842
G1 X65.156 Y123.2 E3.92172
;LAYER_CHANGE
;Z:2.8
;HEIGHT:0.2
;BEFORE_LAYER_CHANGE
;2.8
G92 E0

G1 E-.728 F1800
;WIPE_START
G1 F30000
G1 X66.356 Y123.2 E-.072
;WIPE_END
M73 L14
;LAYER:14
SET_PRINT_STATS_INFO TOTAL_LAYER=93 CURRENT_LAYER=14
;_SET_FAN_SPEED_CHANGING_LAYER

G1 X65.8548 Y124.13 Z2.85714
G1 X64.8156 Y124.317 Z2.91429
G1 X64.0209 Y123.622 Z2.97143
G1 X64.0692 Y122.567 Z3.02857
G1 X64.9241 Y121.947 Z3.08571
G1 X65.9418 Y122.229 Z3.14286
G1 X66.356 Y123.2 Z3.2
G1 X63.348 Y188.898 Z3.2
G1 Z2.8
G1 E.8 F1800
;TYPE:Inner wall
;WIDTH:0.45
G1 F6000
G1 X62.752 Y188.898 E.01917
G1 X62.752 Y128.102 E1.95621
G1 X63.548 Y128.102 E.02561
G1 X63.548 Y187.598 E1.91438
G1 X63.348 Y187.598 E.00644
G1 X63.348 Y188.858 E.04054
SET_VELOCITY_LIMIT ACCEL=5000
G1 X63.74 Y189.29 F30000
;TYPE:Outer wall
;WIDTH:0.42
G1 F3600
G1 X62.36 Y189.29 E.04113
G1 X62.36 Y127.71 E1.83542
G1 X193.64 Y127.71 E3.91285
G1 X193.64 Y189.29 E1.83542
G1 X64.96 Y189.29 E3.83536
G1 X64.96 Y188.51 E.02325
M73 P40 R45
G1 X192.86 Y188.51 E3.81211
G1 X192.86 Y128.49 E1.78892
G1 X63.94 Y128.49 E3.84251
G1 X63.94 Y187.99 E1.77342
G1 X63.74 Y187.99 E.00596
G1 X63.74 Y189.25 E.03755
G1 E-.728 F1800
;WIPE_START
G1 F30000
G1 X62.541 Y189.285 E-.072
;WIPE_END
G1 X63.05 Y188.694 Z3.2
G1 Z2.8
G1 E.8 F1800
SET_VELOCITY_LIMIT ACCEL=10000
;TYPE:Gap infill
;WIDTH:0.233529
G1 F15000
G1 X63.05 Y187.394 E.01959
G1 X63.074 Y187.347 E.00079
;WIDTH:0.302476
G1 X63.097 Y187.3 E.00108
;WIDTH:0.349668
G1 X63.121 Y187.253 E.00128
;WIDTH:0.39686
G1 X63.144 Y187.206 E.00148
;WIDTH:0.431684
G1 X63.15 Y128.306 E1.80993
G1 X63.744 Y128.1 F30000
;WIDTH:0.430842
G1 F15000
G1 X193.056 Y128.1 E3.96502
;WIDTH:0.469667
G1 X193.217 Y128.133 E.00554
G1 X193.233 Y128.214 E.00277
;WIDTH:0.447481
G1 X193.25 Y128.294 E.00262
;WIDTH:0.430842
G1 X193.25 Y188.706 E1.85238
;WIDTH:0.469667
G1 X193.217 Y188.867 E.00554
G1 X193.136 Y188.883 E.00277
;WIDTH:0.447481
G1 X193.056 Y188.9 E.00262
;WIDTH:0.430842
G1 X65.156 Y188.9 E3.92172
G1 E-.728 F1800
;WIPE_START
G1 F30000
G1 X66.356 Y188.9 E-.072
;WIPE_END
G1 X66.007 Y181.276 Z3.2
G1 X63.348 Y123.198 Z3.2
G1 Z2.8
G1 E.8 F1800
;TYPE:Inner wall
;WIDTH:0.45
G1 F6000
G1 X62.752 Y123.198 E.01917
G1 X62.752 Y62.402 E1.95621
G1 X63.548 Y62.402 E.02561
G1 X63.548 Y121.898 E1.91438
G1 X63.348 Y121.898 E.00644
G1 X63.348 Y123.158 E.04054
SET_VELOCITY_LIMIT ACCEL=5000
G1 X63.74 Y123.59 F30000
;TYPE:Outer wall
;WIDTH:0.42
G1 F3600
G1 X62.36 Y123.59 E.04113
G1 X62.36 Y62.01 E1.83542
G1 X193.64 Y62.01 E3.91285
G1 X193.64 Y123.59 E1.83542
G1 X64.96 Y123.59 E3.83536
G1 X64.96 Y122.81 E.02325
G1 X192.86 Y122.81 E3.81211
G1 X192.86 Y62.79 E1.78892
G1 X63.94 Y62.79 E3.84251
G1 X63.94 Y122.29 E1.77342
G1 X63.74 Y122.29 E.00596
G1 X63.74 Y123.55 E.03755
G1 E-.728 F1800
;WIPE_START
G1 F30000
G1 X62.541 Y123.585 E-.072
;WIPE_END
G1 X63.05 Y122.994 Z3.2
G1 Z2.8
G1 E.8 F1800
SET_VELOCITY_LIMIT ACCEL=10000
;TYPE:Gap infill
;WIDTH:0.233529
G1 F15000
G1 X63.05 Y121.694 E.01959
G1 X63.074 Y121.647 E.00079
;WIDTH:0.302476
G1 X63.097 Y121.6 E.00108
;WIDTH:0.349668
G1 X63.121 Y121.553 E.00128
;WIDTH:0.39686
G1 X63.144 Y121.506 E.00148
;WIDTH:0.431684
G1 X63.15 Y62.606 E1.80993
G1 X63.744 Y62.4 F30000
;WIDTH:0.430842
G1 F15000
G1 X193.056 Y62.4 E3.96502
;WIDTH:0.469667
G1 X193.217 Y62.433 E.00554
G1 X193.233 Y62.514 E.00277
;WIDTH:0.447481
G1 X193.25 Y62.594 E.00262
;WIDTH:0.430842
G1 X193.25 Y123.006 E1.85238
;WIDTH:0.469667
G1 X193.217 Y123.167 E.00554
G1 X193.136 Y123.183 E.00277
;WIDTH:0.447481
G1 X193.056 Y123.2 E.00262
;WIDTH:0.430842
G1 X65.156 Y123.2 E3.92172
;LAYER_CHANGE
;Z:3
;HEIGHT:0.2
;BEFORE_LAYER_CHANGE
;3
G92 E0

G1 E-.728 F1800
;WIPE_START
G1 F30000
G1 X66.356 Y123.2 E-.072
;WIPE_END
M73 L15
;LAYER:15
SET_PRINT_STATS_INFO TOTAL_LAYER=93 CURRENT_LAYER=15
;_SET_FAN_SPEED_CHANGING_LAYER

G1 X65.8548 Y124.13 Z3.05714
G1 X64.8156 Y124.317 Z3.11429
G1 X64.0209 Y123.622 Z3.17143
G1 X64.0692 Y122.567 Z3.22857
G1 X64.9241 Y121.947 Z3.28571
G1 X65.9418 Y122.229 Z3.34286
G1 X66.356 Y123.2 Z3.4
G1 X63.348 Y188.898 Z3.4
G1 Z3
G1 E.8 F1800
;TYPE:Inner wall
;WIDTH:0.45
G1 F6000
G1 X62.752 Y188.898 E.01917
G1 X62.752 Y128.102 E1.95621
G1 X63.548 Y128.102 E.02561
G1 X63.548 Y187.598 E1.91438
G1 X63.348 Y187.598 E.00644
G1 X63.348 Y188.858 E.04054
SET_VELOCITY_LIMIT ACCEL=5000
G1 X63.74 Y189.29 F30000
;TYPE:Outer wall
;WIDTH:0.42
G1 F3600
G1 X62.36 Y189.29 E.04113
G1 X62.36 Y127.71 E1.83542
G1 X193.64 Y127.71 E3.91285
G1 X193.64 Y189.29 E1.83542
G1 X64.96 Y189.29 E3.83536
G1 X64.96 Y188.51 E.02325
G1 X192.86 Y188.51 E3.81211
G1 X192.86 Y128.49 E1.78892
M73 P41 R45
G1 X63.94 Y128.49 E3.84251
G1 X63.94 Y187.99 E1.77342
G1 X63.74 Y187.99 E.00596
G1 X63.74 Y189.25 E.03755
G1 E-.728 F1800
;WIPE_START
G1 F30000
G1 X62.541 Y189.285 E-.072
;WIPE_END
G1 X63.05 Y188.694 Z3.4
G1 Z3
G1 E.8 F1800
SET_VELOCITY_LIMIT ACCEL=10000
;TYPE:Gap infill
;WIDTH:0.233529
G1 F15000
G1 X63.05 Y187.394 E.01959
G1 X63.074 Y187.347 E.00079
;WIDTH:0.302476
G1 X63.097 Y187.3 E.00108
;WIDTH:0.349668
G1 X63.121 Y187.253 E.00128
;WIDTH:0.39686
G1 X63.144 Y187.206 E.00148
;WIDTH:0.431684
G1 X63.15 Y128.306 E1.80993
G1 X63.744 Y128.1 F30000
;WIDTH:0.430842
G1 F15000
G1 X193.056 Y128.1 E3.96502
;WIDTH:0.469667
G1 X193.217 Y128.133 E.00554
G1 X193.233 Y128.214 E.00277
;WIDTH:0.447481
G1 X193.25 Y128.294 E.00262
;WIDTH:0.430842
G1 X193.25 Y188.706 E1.85238
;WIDTH:0.469667
G1 X193.217 Y188.867 E.00554
G1 X193.136 Y188.883 E.00277
;WIDTH:0.447481
G1 X193.056 Y188.9 E.00262
;WIDTH:0.430842
G1 X65.156 Y188.9 E3.92172
G1 E-.728 F1800
;WIPE_START
G1 F30000
G1 X66.356 Y188.9 E-.072
;WIPE_END
G1 X66.007 Y181.276 Z3.4
G1 X63.348 Y123.198 Z3.4
G1 Z3
G1 E.8 F1800
;TYPE:Inner wall
;WIDTH:0.45
G1 F6000
G1 X62.752 Y123.198 E.01917
G1 X62.752 Y62.402 E1.95621
G1 X63.548 Y62.402 E.02561
G1 X63.548 Y121.898 E1.91438
G1 X63.348 Y121.898 E.00644
G1 X63.348 Y123.158 E.04054
SET_VELOCITY_LIMIT ACCEL=5000
G1 X63.74 Y123.59 F30000
;TYPE:Outer wall
;WIDTH:0.42
G1 F3600
G1 X62.36 Y123.59 E.04113
G1 X62.36 Y62.01 E1.83542
G1 X193.64 Y62.01 E3.91285
G1 X193.64 Y123.59 E1.83542
G1 X64.96 Y123.59 E3.83536
G1 X64.96 Y122.81 E.02325
G1 X192.86 Y122.81 E3.81211
G1 X192.86 Y62.79 E1.78892
G1 X63.94 Y62.79 E3.84251
G1 X63.94 Y122.29 E1.77342
G1 X63.74 Y122.29 E.00596
G1 X63.74 Y123.55 E.03755
G1 E-.728 F1800
;WIPE_START
G1 F30000
G1 X62.541 Y123.585 E-.072
;WIPE_END
G1 X63.05 Y122.994 Z3.4
G1 Z3
G1 E.8 F1800
SET_VELOCITY_LIMIT ACCEL=10000
;TYPE:Gap infill
;WIDTH:0.233529
G1 F15000
G1 X63.05 Y121.694 E.01959
G1 X63.074 Y121.647 E.00079
;WIDTH:0.302476
G1 X63.097 Y121.6 E.00108
;WIDTH:0.349668
G1 X63.121 Y121.553 E.00128
;WIDTH:0.39686
G1 X63.144 Y121.506 E.00148
;WIDTH:0.431684
G1 X63.15 Y62.606 E1.80993
G1 X63.744 Y62.4 F30000
;WIDTH:0.430842
G1 F15000
G1 X193.056 Y62.4 E3.96502
;WIDTH:0.469667
G1 X193.217 Y62.433 E.00554
G1 X193.233 Y62.514 E.00277
;WIDTH:0.447481
G1 X193.25 Y62.594 E.00262
;WIDTH:0.430842
G1 X193.25 Y123.006 E1.85238
;WIDTH:0.469667
G1 X193.217 Y123.167 E.00554
G1 X193.136 Y123.183 E.00277
;WIDTH:0.447481
G1 X193.056 Y123.2 E.00262
;WIDTH:0.430842
G1 X65.156 Y123.2 E3.92172
M106 S204
;LAYER_CHANGE
;Z:3.2
;HEIGHT:0.2
;BEFORE_LAYER_CHANGE
;3.2
G92 E0

G1 E-.728 F1800
;WIPE_START
G1 F30000
G1 X66.356 Y123.2 E-.072
;WIPE_END
M73 L16
;LAYER:16
SET_PRINT_STATS_INFO TOTAL_LAYER=93 CURRENT_LAYER=16
;_SET_FAN_SPEED_CHANGING_LAYER

G1 X65.924 Y124.164 Z3.25714
G1 X64.9012 Y124.427 Z3.31429
G1 X64.0579 Y123.791 Z3.37143
G1 X64.0291 Y122.735 Z3.42857
G1 X64.8365 Y122.055 Z3.48571
G1 X65.8721 Y122.261 Z3.54286
G1 X66.356 Y123.2 Z3.6
G1 X68.159 Y189.309 Z3.6
G1 Z3.2
G1 E.8 F1800
;TYPE:Inner wall
;WIDTH:0.45
G1 F6000
G1 X75.6 Y189.309 E.23943
M106 S255
G1 F3000
G1 X75.411 Y189.5 E.00865
G1 F1980
G1 X75.213 Y189.7 E.00906
SET_VELOCITY_LIMIT ACCEL=2500
;TYPE:Overhang wall
;WIDTH:0.4
G1 F3000
G1 X74.827 Y190.091 E.01552
G1 X68.159 Y190.091 E.18818
G1 X68.159 Y189.7 E.01103
SET_VELOCITY_LIMIT ACCEL=10000
;TYPE:Inner wall
;WIDTH:0.45
G1 F1980
G1 X68.159 Y189.5 E.00644
M106 S204
G1 F3000
G1 X68.159 Y189.349 E.00486
G1 X67.752 Y188.902 F30000
G1 F6000
G1 X76.148 Y188.902 E.27016
G1 X76.148 Y189.334 E.0139
M106 S255
G1 F3000
G1 X75.983 Y189.5 E.00753
G1 F1980
G1 X75.786 Y189.7 E.00903
SET_VELOCITY_LIMIT ACCEL=2500
;TYPE:Overhang wall
;WIDTH:0.4
G1 F3000
G1 X75.017 Y190.478 E.03087
G1 X74.968 Y190.498 E.00149
G1 X67.752 Y190.498 E.20366
G1 X67.752 Y189.7 E.02252
SET_VELOCITY_LIMIT ACCEL=10000
;TYPE:Inner wall
;WIDTH:0.45
G1 F1980
G1 X67.752 Y189.5 E.00644
M106 S204
G1 F3000
G1 X67.752 Y188.942 E.01795
G1 E-.728 F1800
;WIPE_START
G1 F30000
G1 X68.952 Y188.936 E-.072
;WIPE_END
G1 X63.548 Y185.259 Z3.6
G1 Z3.2
G1 E.8 F1800
G1 F6000
G1 X63.548 Y187.598 E.07526
G1 X63.348 Y187.598 E.00644
G1 X63.348 Y188.898 E.04183
G1 X62.752 Y188.898 E.01917
M73 P41 R44
G1 X62.752 Y128.102 E1.95621
G1 X63.548 Y128.102 E.02561
G1 X63.548 Y185.219 E1.83783
G1 E-.728 F1800
;WIPE_START
G1 F30000
G1 X63.548 Y186.419 E-.072
;WIPE_END
G1 X67.36 Y189.29 Z3.6
G1 Z3.2
G1 E.8 F1800
SET_VELOCITY_LIMIT ACCEL=5000
;TYPE:Outer wall
;WIDTH:0.42
G1 F3600
G1 X64.96 Y189.29 E.07153
G1 X64.96 Y188.51 E.02325
G1 X65.59 Y188.51 E.01878
G1 X192.317 Y188.51 E3.77715
G1 X192.86 Y188.51 E.01618
G1 X192.86 Y187.967 E.01618
G1 X192.86 Y129.033 E1.75655
G1 X192.86 Y128.49 E.01618
G1 X192.317 Y128.49 E.01618
G1 X64.483 Y128.49 E3.81014
G1 X63.94 Y128.49 E.01618
G1 X63.94 Y129.033 E.01618
G1 X63.94 Y187.36 E1.73846
G1 X63.94 Y187.99 E.01878
G1 X63.74 Y187.99 E.00596
G1 X63.74 Y189.29 E.03875
G1 X62.36 Y189.29 E.04113
G1 X62.36 Y127.71 E1.83542
G1 X193.64 Y127.71 E3.91285
G1 X193.64 Y189.29 E1.83542
G1 X76.54 Y189.29 E3.49021
G1 F3000
G1 X76.54 Y189.495 E.00611
M106 S255
G1 F2580
G1 X76.337 Y189.7 E.0086
SET_VELOCITY_LIMIT ACCEL=2500
;TYPE:Overhang wall
;WIDTH:0.4
G1 F3000
G1 X75.24 Y190.809 E.04403
G1 X75.046 Y190.89 E.00593
G1 X67.437 Y190.89 E.21477
G1 X67.36 Y190.813 E.00307
G1 X67.36 Y189.7 E.03141
SET_VELOCITY_LIMIT ACCEL=5000
;TYPE:Outer wall
;WIDTH:0.42
G1 F2580
G1 X67.36 Y189.5 E.00596
M106 S204
G1 F3000
G1 X67.36 Y189.33 E.00507
G1 X67.556 Y188.9 F30000
SET_VELOCITY_LIMIT ACCEL=10000
;TYPE:Gap infill
;WIDTH:0.430842
G1 F15000
G1 X65.156 Y188.9 E.07359
G1 E-.728 F1800
;WIPE_START
G1 F30000
G1 X66.356 Y188.9 E-.072
;WIPE_END
G1 X63.05 Y188.694 Z3.6
G1 Z3.2
G1 E.8 F1800
;WIDTH:0.233529
G1 F15000
G1 X63.05 Y187.394 E.01959
G1 X63.074 Y187.347 E.00079
;WIDTH:0.302476
G1 X63.097 Y187.3 E.00108
;WIDTH:0.349668
G1 X63.121 Y187.253 E.00128
;WIDTH:0.39686
G1 X63.144 Y187.206 E.00148
;WIDTH:0.431684
G1 X63.15 Y128.306 E1.80993
G1 X63.744 Y128.1 F30000
;WIDTH:0.430842
G1 F15000
G1 X193.056 Y128.1 E3.96502
;WIDTH:0.469667
G1 X193.217 Y128.133 E.00554
G1 X193.233 Y128.214 E.00277
;WIDTH:0.447481
G1 X193.25 Y128.294 E.00262
;WIDTH:0.430842
G1 X193.25 Y188.706 E1.85238
;WIDTH:0.469667
G1 X193.217 Y188.867 E.00554
G1 X193.136 Y188.883 E.00277
;WIDTH:0.447481
G1 X193.056 Y188.9 E.00262
;WIDTH:0.430842
G1 X76.344 Y188.9 E3.57867
G1 E-.728 F1800
;WIPE_START
G1 F30000
G1 X77.544 Y188.9 E-.072
;WIPE_END

G1 X76.5001 Y188.74 Z3.25714
G1 X75.9744 Y187.824 Z3.31429
G1 X76.3628 Y186.842 Z3.37143
G1 X77.3727 Y186.533 Z3.42857
G1 X78.2437 Y187.13 Z3.48571
G1 X78.3199 Y188.184 Z3.54286
G1 X77.544 Y188.9 Z3.6
G1 X74.927 Y189.7 Z3.6
G1 Z3.2
G1 E.8 F1800
;WIDTH:0.417526
G1 F15000
G1 X68.363 Y189.7 E.19436
G1 E-.728 F1800
;WIPE_START
G1 F30000
G1 X69.563 Y189.7 E-.072
;WIPE_END

G1 X70.0006 Y188.739 Z3.25714
G1 X71.0249 Y188.482 Z3.31429
G1 X71.8644 Y189.123 Z3.37143
G1 X71.8868 Y190.179 Z3.42857
G1 X71.0753 Y190.855 Z3.48571
G1 X70.041 Y190.642 Z3.54286
G1 X69.5627 Y189.7 Z3.6
G1 X68.159 Y123.609 Z3.6
G1 Z3.2
G1 E.8 F1800
;TYPE:Inner wall
;WIDTH:0.45
G1 F6000
G1 X75.6 Y123.609 E.23943
M106 S255
G1 F3000
G1 X75.411 Y123.8 E.00865
G1 F1980
G1 X75.213 Y124 E.00906
SET_VELOCITY_LIMIT ACCEL=2500
;TYPE:Overhang wall
;WIDTH:0.4
G1 F3000
G1 X74.827 Y124.391 E.01552
G1 X68.159 Y124.391 E.18818
G1 X68.159 Y124 E.01103
SET_VELOCITY_LIMIT ACCEL=10000
;TYPE:Inner wall
;WIDTH:0.45
G1 F1980
G1 X68.159 Y123.8 E.00644
M106 S204
G1 F3000
G1 X68.159 Y123.649 E.00486
G1 X67.752 Y123.202 F30000
G1 F6000
G1 X76.148 Y123.202 E.27016
G1 X76.148 Y123.634 E.0139
M106 S255
G1 F3000
G1 X75.983 Y123.8 E.00753
G1 F1980
G1 X75.786 Y124 E.00903
SET_VELOCITY_LIMIT ACCEL=2500
;TYPE:Overhang wall
;WIDTH:0.4
G1 F3000
G1 X75.017 Y124.778 E.03087
G1 X74.968 Y124.798 E.00149
G1 X67.752 Y124.798 E.20366
G1 X67.752 Y124 E.02252
SET_VELOCITY_LIMIT ACCEL=10000
;TYPE:Inner wall
;WIDTH:0.45
G1 F1980
G1 X67.752 Y123.8 E.00644
M106 S204
G1 F3000
G1 X67.752 Y123.242 E.01795
G1 E-.728 F1800
;WIPE_START
G1 F30000
G1 X68.952 Y123.236 E-.072
;WIPE_END
G1 X63.548 Y119.559 Z3.6
G1 Z3.2
G1 E.8 F1800
G1 F6000
G1 X63.548 Y121.898 E.07526
G1 X63.348 Y121.898 E.00644
G1 X63.348 Y123.198 E.04183
G1 X62.752 Y123.198 E.01917
G1 X62.752 Y62.402 E1.95621
G1 X63.548 Y62.402 E.02561
G1 X63.548 Y119.519 E1.83783
G1 E-.728 F1800
;WIPE_START
G1 F30000
G1 X63.548 Y120.719 E-.072
;WIPE_END
G1 X67.36 Y123.59 Z3.6
G1 Z3.2
G1 E.8 F1800
SET_VELOCITY_LIMIT ACCEL=5000
;TYPE:Outer wall
;WIDTH:0.42
G1 F3600
G1 X64.96 Y123.59 E.07153
G1 X64.96 Y122.81 E.02325
G1 X65.59 Y122.81 E.01878
G1 X192.317 Y122.81 E3.77715
G1 X192.86 Y122.81 E.01618
M73 P42 R44
G1 X192.86 Y122.267 E.01618
G1 X192.86 Y63.333 E1.75655
G1 X192.86 Y62.79 E.01618
G1 X192.317 Y62.79 E.01618
G1 X64.483 Y62.79 E3.81014
G1 X63.94 Y62.79 E.01618
G1 X63.94 Y63.333 E.01618
G1 X63.94 Y121.66 E1.73846
G1 X63.94 Y122.29 E.01878
G1 X63.74 Y122.29 E.00596
G1 X63.74 Y123.59 E.03875
G1 X62.36 Y123.59 E.04113
G1 X62.36 Y62.01 E1.83542
G1 X193.64 Y62.01 E3.91285
G1 X193.64 Y123.59 E1.83542
G1 X76.54 Y123.59 E3.49021
G1 F3000
G1 X76.54 Y123.795 E.00611
M106 S255
G1 F2580
G1 X76.337 Y124 E.0086
SET_VELOCITY_LIMIT ACCEL=2500
;TYPE:Overhang wall
;WIDTH:0.4
G1 F3000
G1 X75.24 Y125.109 E.04403
G1 X75.046 Y125.19 E.00593
G1 X67.437 Y125.19 E.21477
G1 X67.36 Y125.113 E.00307
G1 X67.36 Y124 E.03141
SET_VELOCITY_LIMIT ACCEL=5000
;TYPE:Outer wall
;WIDTH:0.42
G1 F2580
G1 X67.36 Y123.8 E.00596
M106 S204
G1 F3000
G1 X67.36 Y123.63 E.00507
G1 X67.556 Y123.2 F30000
SET_VELOCITY_LIMIT ACCEL=10000
;TYPE:Gap infill
;WIDTH:0.430842
G1 F15000
G1 X65.156 Y123.2 E.07359
G1 E-.728 F1800
;WIPE_START
G1 F30000
G1 X66.356 Y123.2 E-.072
;WIPE_END
G1 X63.05 Y122.994 Z3.6
G1 Z3.2
G1 E.8 F1800
;WIDTH:0.233529
G1 F15000
G1 X63.05 Y121.694 E.01959
G1 X63.074 Y121.647 E.00079
;WIDTH:0.302476
G1 X63.097 Y121.6 E.00108
;WIDTH:0.349668
G1 X63.121 Y121.553 E.00128
;WIDTH:0.39686
G1 X63.144 Y121.506 E.00148
;WIDTH:0.431684
G1 X63.15 Y62.606 E1.80993
G1 X63.744 Y62.4 F30000
;WIDTH:0.430842
G1 F15000
G1 X193.056 Y62.4 E3.96502
;WIDTH:0.469667
G1 X193.217 Y62.433 E.00554
G1 X193.233 Y62.514 E.00277
;WIDTH:0.447481
G1 X193.25 Y62.594 E.00262
;WIDTH:0.430842
G1 X193.25 Y123.006 E1.85238
;WIDTH:0.469667
G1 X193.217 Y123.167 E.00554
G1 X193.136 Y123.183 E.00277
;WIDTH:0.447481
G1 X193.056 Y123.2 E.00262
;WIDTH:0.430842
G1 X76.344 Y123.2 E3.57867
G1 E-.728 F1800
;WIPE_START
G1 F30000
G1 X77.544 Y123.2 E-.072
;WIPE_END

G1 X76.5001 Y123.04 Z3.25714
G1 X75.9744 Y122.124 Z3.31429
G1 X76.3628 Y121.142 Z3.37143
G1 X77.3727 Y120.833 Z3.42857
G1 X78.2437 Y121.43 Z3.48571
G1 X78.3199 Y122.484 Z3.54286
G1 X77.544 Y123.2 Z3.6
G1 X74.927 Y124 Z3.6
G1 Z3.2
G1 E.8 F1800
;WIDTH:0.417526
G1 F15000
G1 X68.363 Y124 E.19436
;LAYER_CHANGE
;Z:3.4
;HEIGHT:0.2
;BEFORE_LAYER_CHANGE
;3.4
G92 E0

G1 E-.728 F1800
;WIPE_START
G1 F30000
G1 X69.563 Y124 E-.072
;WIPE_END
M73 L17
;LAYER:17
SET_PRINT_STATS_INFO TOTAL_LAYER=93 CURRENT_LAYER=17
;_SET_FAN_SPEED_CHANGING_LAYER

G1 X69.0842 Y124.941 Z3.45714
G1 X68.0498 Y125.154 Z3.51429
G1 X67.2385 Y124.478 Z3.57143
G1 X67.2612 Y123.422 Z3.62857
G1 X68.1008 Y122.782 Z3.68571
G1 X69.1251 Y123.039 Z3.74286
G1 X69.5627 Y124 Z3.8
G1 X68.159 Y189.309 Z3.8
G1 Z3.4
G1 E.8 F1800
;TYPE:Inner wall
;WIDTH:0.45
G1 F6000
G1 X75.6 Y189.309 E.23941
G1 X74.785 Y190.133 E.0373
G1 X74.647 Y190.191 E.0048
G1 X68.159 Y190.191 E.20875
G1 X68.159 Y189.349 E.02708
G1 X67.752 Y188.902 F30000
G1 F6000
G1 X76.148 Y188.902 E.27015
G1 X76.148 Y189.334 E.01389
G1 X75.017 Y190.478 E.05177
G1 X74.728 Y190.598 E.01005
G1 X67.752 Y190.598 E.22447
G1 X67.752 Y188.942 E.05328
G1 E-.728 F1800
;WIPE_START
G1 F30000
G1 X68.952 Y188.936 E-.072
;WIPE_END
G1 X63.548 Y185.259 Z3.8
G1 Z3.4
G1 E.8 F1800
G1 F6000
G1 X63.548 Y187.598 E.07526
G1 X63.348 Y187.598 E.00644
G1 X63.348 Y188.898 E.04183
G1 X62.752 Y188.898 E.01917
G1 X62.752 Y128.102 E1.95621
G1 X63.548 Y128.102 E.02561
G1 X63.548 Y185.219 E1.83783
G1 E-.728 F1800
;WIPE_START
G1 F30000
G1 X63.548 Y186.419 E-.072
;WIPE_END
G1 X67.36 Y189.29 Z3.8
G1 Z3.4
G1 E.8 F1800
SET_VELOCITY_LIMIT ACCEL=5000
;TYPE:Outer wall
;WIDTH:0.42
G1 F3600
G1 X64.96 Y189.29 E.07153
G1 X64.96 Y188.51 E.02325
G1 X192.86 Y188.51 E3.81211
G1 X192.86 Y128.49 E1.78892
G1 X63.94 Y128.49 E3.84251
G1 X63.94 Y187.99 E1.77342
G1 X63.74 Y187.99 E.00596
G1 X63.74 Y189.29 E.03875
G1 X62.36 Y189.29 E.04113
G1 X62.36 Y127.71 E1.83542
G1 X193.64 Y127.71 E3.91285
G1 X193.64 Y189.29 E1.83542
G1 X76.54 Y189.29 E3.49021
G1 X76.54 Y189.495 E.0061
G1 X75.24 Y190.809 E.0551
G1 X74.807 Y190.99 E.014
G1 X67.537 Y190.99 E.21668
G1 X67.36 Y190.813 E.00746
G1 X67.36 Y189.33 E.0442
G1 X67.556 Y188.9 F30000
SET_VELOCITY_LIMIT ACCEL=10000
;TYPE:Gap infill
;WIDTH:0.430842
G1 F15000
G1 X65.156 Y188.9 E.07359
G1 E-.728 F1800
;WIPE_START
G1 F30000
G1 X66.356 Y188.9 E-.072
;WIPE_END
G1 X63.05 Y188.694 Z3.8
G1 Z3.4
G1 E.8 F1800
;WIDTH:0.233529
G1 F15000
G1 X63.05 Y187.394 E.01959
G1 X63.074 Y187.347 E.00079
;WIDTH:0.302476
G1 X63.097 Y187.3 E.00108
;WIDTH:0.349668
G1 X63.121 Y187.253 E.00128
;WIDTH:0.39686
G1 X63.144 Y187.206 E.00148
;WIDTH:0.431684
G1 X63.15 Y128.306 E1.80993
G1 X63.744 Y128.1 F30000
;WIDTH:0.430842
G1 F15000
G1 X193.056 Y128.1 E3.96502
;WIDTH:0.469667
G1 X193.217 Y128.133 E.00554
G1 X193.233 Y128.214 E.00277
;WIDTH:0.447481
G1 X193.25 Y128.294 E.00262
;WIDTH:0.430842
G1 X193.25 Y188.706 E1.85238
;WIDTH:0.469667
G1 X193.217 Y188.867 E.00554
G1 X193.136 Y188.883 E.00277
;WIDTH:0.447481
G1 X193.056 Y188.9 E.00262
;WIDTH:0.430842
G1 X76.344 Y188.9 E3.57867
G1 E-.728 F1800
;WIPE_START
G1 F30000
G1 X77.544 Y188.9 E-.072
;WIPE_END

G1 X76.4983 Y188.752 Z3.45714
G1 X75.9617 Y187.843 Z3.51429
G1 X76.3383 Y186.856 Z3.57143
G1 X77.3445 Y186.535 Z3.62857
G1 X78.2226 Y187.122 Z3.68571
G1 X78.3113 Y188.174 Z3.74286
G1 X77.544 Y188.9 Z3.8
G1 X74.877 Y189.75 Z3.8
G1 Z3.4
G1 E.8 F1800
;WIDTH:0.517526
G1 F13963.988
G1 X68.363 Y189.75 E.24439
G1 E-.728 F1800
;WIPE_START
G1 F30000
G1 X69.563 Y189.75 E-.072
;WIPE_END

G1 X70.0006 Y188.789 Z3.45714
G1 X71.025 Y188.532 Z3.51429
G1 X71.8644 Y189.173 Z3.57143
G1 X71.8868 Y190.229 Z3.62857
G1 X71.0753 Y190.905 Z3.68571
G1 X70.041 Y190.692 Z3.74286
G1 X69.5627 Y189.75 Z3.8
G1 X68.159 Y123.609 Z3.8
G1 Z3.4
G1 E.8 F1800
;TYPE:Inner wall
;WIDTH:0.45
G1 F6000
G1 X75.6 Y123.609 E.23941
G1 X74.785 Y124.433 E.0373
G1 X74.647 Y124.491 E.0048
G1 X68.159 Y124.491 E.20875
G1 X68.159 Y123.649 E.02708
G1 X67.752 Y123.202 F30000
G1 F6000
G1 X76.148 Y123.202 E.27015
G1 X76.148 Y123.634 E.01389
G1 X75.017 Y124.778 E.05177
G1 X74.728 Y124.898 E.01005
G1 X67.752 Y124.898 E.22447
G1 X67.752 Y123.242 E.05328
G1 E-.728 F1800
;WIPE_START
G1 F30000
G1 X68.952 Y123.236 E-.072
;WIPE_END
G1 X63.548 Y119.559 Z3.8
G1 Z3.4
G1 E.8 F1800
G1 F6000
G1 X63.548 Y121.898 E.07526
G1 X63.348 Y121.898 E.00644
G1 X63.348 Y123.198 E.04183
G1 X62.752 Y123.198 E.01917
G1 X62.752 Y62.402 E1.95621
G1 X63.548 Y62.402 E.02561
G1 X63.548 Y119.519 E1.83783
G1 E-.728 F1800
;WIPE_START
G1 F30000
G1 X63.548 Y120.719 E-.072
;WIPE_END
G1 X67.36 Y123.59 Z3.8
G1 Z3.4
G1 E.8 F1800
SET_VELOCITY_LIMIT ACCEL=5000
;TYPE:Outer wall
;WIDTH:0.42
G1 F3600
G1 X64.96 Y123.59 E.07153
G1 X64.96 Y122.81 E.02325
G1 X192.86 Y122.81 E3.81211
G1 X192.86 Y62.79 E1.78892
G1 X63.94 Y62.79 E3.84251
G1 X63.94 Y122.29 E1.77342
M73 P42 R43
G1 X63.74 Y122.29 E.00596
G1 X63.74 Y123.59 E.03875
G1 X62.36 Y123.59 E.04113
G1 X62.36 Y62.01 E1.83542
G1 X193.64 Y62.01 E3.91285
G1 X193.64 Y123.59 E1.83542
G1 X76.54 Y123.59 E3.49021
G1 X76.54 Y123.795 E.0061
M73 P43 R43
G1 X75.24 Y125.109 E.0551
G1 X74.807 Y125.29 E.014
G1 X67.537 Y125.29 E.21668
G1 X67.36 Y125.113 E.00746
G1 X67.36 Y123.63 E.0442
G1 X67.556 Y123.2 F30000
SET_VELOCITY_LIMIT ACCEL=10000
;TYPE:Gap infill
;WIDTH:0.430842
G1 F15000
G1 X65.156 Y123.2 E.07359
G1 E-.728 F1800
;WIPE_START
G1 F30000
G1 X66.356 Y123.2 E-.072
;WIPE_END
G1 X63.05 Y122.994 Z3.8
G1 Z3.4
G1 E.8 F1800
;WIDTH:0.233529
G1 F15000
G1 X63.05 Y121.694 E.01959
G1 X63.074 Y121.647 E.00079
;WIDTH:0.302476
G1 X63.097 Y121.6 E.00108
;WIDTH:0.349668
G1 X63.121 Y121.553 E.00128
;WIDTH:0.39686
G1 X63.144 Y121.506 E.00148
;WIDTH:0.431684
G1 X63.15 Y62.606 E1.80993
G1 X63.744 Y62.4 F30000
;WIDTH:0.430842
G1 F15000
G1 X193.056 Y62.4 E3.96502
;WIDTH:0.469667
G1 X193.217 Y62.433 E.00554
G1 X193.233 Y62.514 E.00277
;WIDTH:0.447481
G1 X193.25 Y62.594 E.00262
;WIDTH:0.430842
G1 X193.25 Y123.006 E1.85238
;WIDTH:0.469667
G1 X193.217 Y123.167 E.00554
G1 X193.136 Y123.183 E.00277
;WIDTH:0.447481
G1 X193.056 Y123.2 E.00262
;WIDTH:0.430842
G1 X76.344 Y123.2 E3.57867
G1 E-.728 F1800
;WIPE_START
G1 F30000
G1 X77.544 Y123.2 E-.072
;WIPE_END

G1 X76.4983 Y123.052 Z3.45714
G1 X75.9617 Y122.143 Z3.51429
G1 X76.3383 Y121.156 Z3.57143
G1 X77.3445 Y120.835 Z3.62857
G1 X78.2226 Y121.422 Z3.68571
G1 X78.3113 Y122.474 Z3.74286
G1 X77.544 Y123.2 Z3.8
G1 X74.877 Y124.05 Z3.8
G1 Z3.4
G1 E.8 F1800
;WIDTH:0.517526
G1 F13963.988
G1 X68.363 Y124.05 E.24439
;LAYER_CHANGE
;Z:3.6
;HEIGHT:0.2
;BEFORE_LAYER_CHANGE
;3.6
G92 E0

G1 E-.728 F1800
;WIPE_START
G1 F30000
G1 X69.563 Y124.05 E-.072
;WIPE_END
M73 L18
;LAYER:18
SET_PRINT_STATS_INFO TOTAL_LAYER=93 CURRENT_LAYER=18
;_SET_FAN_SPEED_CHANGING_LAYER

G1 X69.0841 Y124.991 Z3.65714
G1 X68.0498 Y125.204 Z3.71429
G1 X67.2385 Y124.528 Z3.77143
G1 X67.2612 Y123.472 Z3.82857
G1 X68.1008 Y122.832 Z3.88571
G1 X69.1251 Y123.089 Z3.94286
G1 X69.5627 Y124.05 Z4
G1 X68.159 Y189.309 Z4
G1 Z3.6
G1 E.8 F1800
;TYPE:Inner wall
;WIDTH:0.45
G1 F6000
G1 X75.6 Y189.309 E.23941
G1 X74.785 Y190.133 E.0373
G1 X74.647 Y190.191 E.0048
G1 X68.159 Y190.191 E.20875
G1 X68.159 Y189.349 E.02708
G1 X67.752 Y188.902 F30000
G1 F6000
G1 X76.148 Y188.902 E.27015
G1 X76.148 Y189.334 E.01389
G1 X75.017 Y190.478 E.05177
G1 X74.728 Y190.598 E.01005
G1 X67.752 Y190.598 E.22447
G1 X67.752 Y188.942 E.05328
G1 E-.728 F1800
;WIPE_START
G1 F30000
G1 X68.952 Y188.936 E-.072
;WIPE_END
G1 X63.548 Y185.259 Z4
G1 Z3.6
G1 E.8 F1800
G1 F6000
G1 X63.548 Y187.598 E.07526
G1 X63.348 Y187.598 E.00644
G1 X63.348 Y188.898 E.04183
G1 X62.752 Y188.898 E.01917
G1 X62.752 Y128.102 E1.95621
G1 X63.548 Y128.102 E.02561
G1 X63.548 Y185.219 E1.83783
G1 E-.728 F1800
;WIPE_START
G1 F30000
G1 X63.548 Y186.419 E-.072
;WIPE_END
G1 X67.36 Y189.29 Z4
G1 Z3.6
G1 E.8 F1800
SET_VELOCITY_LIMIT ACCEL=5000
;TYPE:Outer wall
;WIDTH:0.42
G1 F3600
G1 X64.96 Y189.29 E.07153
G1 X64.96 Y188.51 E.02325
G1 X192.86 Y188.51 E3.81211
G1 X192.86 Y128.49 E1.78892
G1 X63.94 Y128.49 E3.84251
G1 X63.94 Y187.99 E1.77342
G1 X63.74 Y187.99 E.00596
G1 X63.74 Y189.29 E.03875
G1 X62.36 Y189.29 E.04113
G1 X62.36 Y127.71 E1.83542
G1 X193.64 Y127.71 E3.91285
G1 X193.64 Y189.29 E1.83542
G1 X76.54 Y189.29 E3.49021
G1 X76.54 Y189.495 E.0061
G1 X75.24 Y190.809 E.0551
G1 X74.807 Y190.99 E.014
G1 X67.537 Y190.99 E.21668
G1 X67.36 Y190.813 E.00746
G1 X67.36 Y189.33 E.0442
G1 X67.556 Y188.9 F30000
SET_VELOCITY_LIMIT ACCEL=10000
;TYPE:Gap infill
;WIDTH:0.430842
G1 F15000
G1 X65.156 Y188.9 E.07359
G1 E-.728 F1800
;WIPE_START
G1 F30000
G1 X66.356 Y188.9 E-.072
;WIPE_END
G1 X63.05 Y188.694 Z4
G1 Z3.6
G1 E.8 F1800
;WIDTH:0.233529
G1 F15000
G1 X63.05 Y187.394 E.01959
G1 X63.074 Y187.347 E.00079
;WIDTH:0.302476
G1 X63.097 Y187.3 E.00108
;WIDTH:0.349668
G1 X63.121 Y187.253 E.00128
;WIDTH:0.39686
G1 X63.144 Y187.206 E.00148
;WIDTH:0.431684
G1 X63.15 Y128.306 E1.80993
G1 X63.744 Y128.1 F30000
;WIDTH:0.430842
G1 F15000
G1 X193.056 Y128.1 E3.96502
;WIDTH:0.469667
G1 X193.217 Y128.133 E.00554
G1 X193.233 Y128.214 E.00277
;WIDTH:0.447481
G1 X193.25 Y128.294 E.00262
;WIDTH:0.430842
G1 X193.25 Y188.706 E1.85238
;WIDTH:0.469667
G1 X193.217 Y188.867 E.00554
G1 X193.136 Y188.883 E.00277
;WIDTH:0.447481
G1 X193.056 Y188.9 E.00262
;WIDTH:0.430842
G1 X76.344 Y188.9 E3.57867
G1 E-.728 F1800
;WIPE_START
G1 F30000
G1 X77.544 Y188.9 E-.072
;WIPE_END

G1 X76.4983 Y188.752 Z3.65714
G1 X75.9617 Y187.843 Z3.71429
G1 X76.3383 Y186.856 Z3.77143
G1 X77.3445 Y186.535 Z3.82857
G1 X78.2226 Y187.122 Z3.88571
G1 X78.3113 Y188.174 Z3.94286
G1 X77.544 Y188.9 Z4
G1 X74.877 Y189.75 Z4
G1 Z3.6
G1 E.8 F1800
;WIDTH:0.517526
G1 F13963.988
G1 X68.363 Y189.75 E.24439
G1 E-.728 F1800
;WIPE_START
G1 F30000
G1 X69.563 Y189.75 E-.072
;WIPE_END

G1 X70.0006 Y188.789 Z3.65714
G1 X71.025 Y188.532 Z3.71429
G1 X71.8644 Y189.173 Z3.77143
G1 X71.8868 Y190.229 Z3.82857
G1 X71.0753 Y190.905 Z3.88571
G1 X70.041 Y190.692 Z3.94286
G1 X69.5627 Y189.75 Z4
G1 X68.159 Y123.609 Z4
G1 Z3.6
G1 E.8 F1800
;TYPE:Inner wall
;WIDTH:0.45
G1 F6000
G1 X75.6 Y123.609 E.23941
G1 X74.785 Y124.433 E.0373
G1 X74.647 Y124.491 E.0048
G1 X68.159 Y124.491 E.20875
G1 X68.159 Y123.649 E.02708
G1 X67.752 Y123.202 F30000
G1 F6000
G1 X76.148 Y123.202 E.27015
G1 X76.148 Y123.634 E.01389
G1 X75.017 Y124.778 E.05177
G1 X74.728 Y124.898 E.01005
G1 X67.752 Y124.898 E.22447
G1 X67.752 Y123.242 E.05328
G1 E-.728 F1800
;WIPE_START
G1 F30000
G1 X68.952 Y123.236 E-.072
;WIPE_END
G1 X63.548 Y119.559 Z4
G1 Z3.6
G1 E.8 F1800
G1 F6000
G1 X63.548 Y121.898 E.07526
G1 X63.348 Y121.898 E.00644
G1 X63.348 Y123.198 E.04183
G1 X62.752 Y123.198 E.01917
G1 X62.752 Y62.402 E1.95621
G1 X63.548 Y62.402 E.02561
G1 X63.548 Y119.519 E1.83783
G1 E-.728 F1800
;WIPE_START
G1 F30000
G1 X63.548 Y120.719 E-.072
;WIPE_END
G1 X67.36 Y123.59 Z4
G1 Z3.6
G1 E.8 F1800
SET_VELOCITY_LIMIT ACCEL=5000
;TYPE:Outer wall
;WIDTH:0.42
G1 F3600
G1 X64.96 Y123.59 E.07153
G1 X64.96 Y122.81 E.02325
G1 X192.86 Y122.81 E3.81211
G1 X192.86 Y62.79 E1.78892
G1 X63.94 Y62.79 E3.84251
G1 X63.94 Y122.29 E1.77342
G1 X63.74 Y122.29 E.00596
G1 X63.74 Y123.59 E.03875
G1 X62.36 Y123.59 E.04113
G1 X62.36 Y62.01 E1.83542
G1 X193.64 Y62.01 E3.91285
G1 X193.64 Y123.59 E1.83542
G1 X76.54 Y123.59 E3.49021
G1 X76.54 Y123.795 E.0061
G1 X75.24 Y125.109 E.0551
G1 X74.807 Y125.29 E.014
G1 X67.537 Y125.29 E.21668
G1 X67.36 Y125.113 E.00746
G1 X67.36 Y123.63 E.0442
G1 X67.556 Y123.2 F30000
SET_VELOCITY_LIMIT ACCEL=10000
;TYPE:Gap infill
;WIDTH:0.430842
G1 F15000
G1 X65.156 Y123.2 E.07359
G1 E-.728 F1800
;WIPE_START
G1 F30000
G1 X66.356 Y123.2 E-.072
;WIPE_END
G1 X63.05 Y122.994 Z4
G1 Z3.6
G1 E.8 F1800
;WIDTH:0.233529
G1 F15000
G1 X63.05 Y121.694 E.01959
G1 X63.074 Y121.647 E.00079
;WIDTH:0.302476
G1 X63.097 Y121.6 E.00108
;WIDTH:0.349668
G1 X63.121 Y121.553 E.00128
;WIDTH:0.39686
G1 X63.144 Y121.506 E.00148
;WIDTH:0.431684
G1 X63.15 Y62.606 E1.80993
G1 X63.744 Y62.4 F30000
;WIDTH:0.430842
G1 F15000
G1 X193.056 Y62.4 E3.96502
;WIDTH:0.469667
G1 X193.217 Y62.433 E.00554
G1 X193.233 Y62.514 E.00277
;WIDTH:0.447481
G1 X193.25 Y62.594 E.00262
;WIDTH:0.430842
G1 X193.25 Y123.006 E1.85238
;WIDTH:0.469667
G1 X193.217 Y123.167 E.00554
G1 X193.136 Y123.183 E.00277
;WIDTH:0.447481
G1 X193.056 Y123.2 E.00262
;WIDTH:0.430842
G1 X76.344 Y123.2 E3.57867
G1 E-.728 F1800
;WIPE_START
G1 F30000
G1 X77.544 Y123.2 E-.072
;WIPE_END

G1 X76.4983 Y123.052 Z3.65714
G1 X75.9617 Y122.143 Z3.71429
G1 X76.3383 Y121.156 Z3.77143
G1 X77.3445 Y120.835 Z3.82857
G1 X78.2226 Y121.422 Z3.88571
G1 X78.3113 Y122.474 Z3.94286
G1 X77.544 Y123.2 Z4
G1 X74.877 Y124.05 Z4
G1 Z3.6
G1 E.8 F1800
;WIDTH:0.517526
G1 F13963.988
G1 X68.363 Y124.05 E.24439
;LAYER_CHANGE
;Z:3.8
;HEIGHT:0.2
;BEFORE_LAYER_CHANGE
;3.8
G92 E0

G1 E-.728 F1800
;WIPE_START
G1 F30000
G1 X69.563 Y124.05 E-.072
;WIPE_END
M73 L19
;LAYER:19
SET_PRINT_STATS_INFO TOTAL_LAYER=93 CURRENT_LAYER=19
;_SET_FAN_SPEED_CHANGING_LAYER

G1 X69.0841 Y124.991 Z3.85714
G1 X68.0498 Y125.204 Z3.91429
G1 X67.2385 Y124.528 Z3.97143
G1 X67.2612 Y123.472 Z4.02857
G1 X68.1008 Y122.832 Z4.08571
G1 X69.1251 Y123.089 Z4.14286
G1 X69.5627 Y124.05 Z4.2
G1 X68.159 Y189.309 Z4.2
G1 Z3.8
G1 E.8 F1800
;TYPE:Inner wall
;WIDTH:0.45
G1 F6000
G1 X75.6 Y189.309 E.23941
G1 X74.785 Y190.133 E.0373
G1 X74.647 Y190.191 E.0048
G1 X68.159 Y190.191 E.20875
G1 X68.159 Y189.349 E.02708
G1 X67.752 Y188.902 F30000
G1 F6000
G1 X76.148 Y188.902 E.27015
G1 X76.148 Y189.334 E.01389
G1 X75.017 Y190.478 E.05177
G1 X74.728 Y190.598 E.01005
G1 X67.752 Y190.598 E.22447
G1 X67.752 Y188.942 E.05328
G1 E-.728 F1800
;WIPE_START
G1 F30000
G1 X68.952 Y188.936 E-.072
;WIPE_END
G1 X63.548 Y185.259 Z4.2
G1 Z3.8
G1 E.8 F1800
G1 F6000
G1 X63.548 Y187.598 E.07526
G1 X63.348 Y187.598 E.00644
G1 X63.348 Y188.898 E.04183
G1 X62.752 Y188.898 E.01917
G1 X62.752 Y128.102 E1.95621
G1 X63.548 Y128.102 E.02561
G1 X63.548 Y185.219 E1.83783
G1 E-.728 F1800
;WIPE_START
G1 F30000
G1 X63.548 Y186.419 E-.072
;WIPE_END
G1 X67.36 Y189.29 Z4.2
G1 Z3.8
G1 E.8 F1800
SET_VELOCITY_LIMIT ACCEL=5000
;TYPE:Outer wall
;WIDTH:0.42
G1 F3600
G1 X64.96 Y189.29 E.07153
G1 X64.96 Y188.51 E.02325
G1 X192.86 Y188.51 E3.81211
G1 X192.86 Y128.49 E1.78892
G1 X63.94 Y128.49 E3.84251
G1 X63.94 Y187.99 E1.77342
G1 X63.74 Y187.99 E.00596
M73 P44 R43
G1 X63.74 Y189.29 E.03875
G1 X62.36 Y189.29 E.04113
G1 X62.36 Y127.71 E1.83542
G1 X193.64 Y127.71 E3.91285
G1 X193.64 Y189.29 E1.83542
G1 X76.54 Y189.29 E3.49021
G1 X76.54 Y189.495 E.0061
M73 P44 R42
G1 X75.24 Y190.809 E.0551
G1 X74.807 Y190.99 E.01399
G1 X67.537 Y190.99 E.21668
G1 X67.36 Y190.813 E.00746
G1 X67.36 Y189.33 E.0442
G1 X67.556 Y188.9 F30000
SET_VELOCITY_LIMIT ACCEL=10000
;TYPE:Gap infill
;WIDTH:0.430842
G1 F15000
G1 X65.156 Y188.9 E.07359
G1 E-.728 F1800
;WIPE_START
G1 F30000
G1 X66.356 Y188.9 E-.072
;WIPE_END
G1 X63.05 Y188.694 Z4.2
G1 Z3.8
G1 E.8 F1800
;WIDTH:0.233529
G1 F15000
G1 X63.05 Y187.394 E.01959
G1 X63.074 Y187.347 E.00079
;WIDTH:0.302476
G1 X63.097 Y187.3 E.00108
;WIDTH:0.349668
G1 X63.121 Y187.253 E.00128
;WIDTH:0.39686
G1 X63.144 Y187.206 E.00148
;WIDTH:0.431684
G1 X63.15 Y128.306 E1.80993
G1 X63.744 Y128.1 F30000
;WIDTH:0.430842
G1 F15000
G1 X193.056 Y128.1 E3.96502
;WIDTH:0.469667
G1 X193.217 Y128.133 E.00554
G1 X193.233 Y128.214 E.00277
;WIDTH:0.447481
G1 X193.25 Y128.294 E.00262
;WIDTH:0.430842
G1 X193.25 Y188.706 E1.85238
;WIDTH:0.469667
G1 X193.217 Y188.867 E.00554
G1 X193.136 Y188.883 E.00277
;WIDTH:0.447481
G1 X193.056 Y188.9 E.00262
;WIDTH:0.430842
G1 X76.344 Y188.9 E3.57867
G1 E-.728 F1800
;WIPE_START
G1 F30000
G1 X77.544 Y188.9 E-.072
;WIPE_END
G1 X74.877 Y189.75 Z4.2
G1 Z3.8
G1 E.8 F1800
;WIDTH:0.517526
G1 F13963.988
G1 X68.363 Y189.75 E.24439
G1 E-.728 F1800
;WIPE_START
G1 F30000
G1 X69.563 Y189.75 E-.072
;WIPE_END
G1 X69.401 Y182.119 Z4.2
G1 X68.159 Y123.609 Z4.2
G1 Z3.8
G1 E.8 F1800
;TYPE:Inner wall
;WIDTH:0.45
G1 F6000
G1 X75.6 Y123.609 E.23941
G1 X74.785 Y124.433 E.0373
G1 X74.647 Y124.491 E.0048
G1 X68.159 Y124.491 E.20875
G1 X68.159 Y123.649 E.02708
G1 X67.752 Y123.202 F30000
G1 F6000
G1 X76.148 Y123.202 E.27015
G1 X76.148 Y123.634 E.01389
G1 X75.017 Y124.778 E.05177
G1 X74.728 Y124.898 E.01005
G1 X67.752 Y124.898 E.22447
G1 X67.752 Y123.242 E.05328
G1 E-.728 F1800
;WIPE_START
G1 F30000
G1 X68.952 Y123.236 E-.072
;WIPE_END
G1 X63.548 Y119.559 Z4.2
G1 Z3.8
G1 E.8 F1800
G1 F6000
G1 X63.548 Y121.898 E.07526
G1 X63.348 Y121.898 E.00644
G1 X63.348 Y123.198 E.04183
G1 X62.752 Y123.198 E.01917
G1 X62.752 Y62.402 E1.95621
G1 X63.548 Y62.402 E.02561
G1 X63.548 Y119.519 E1.83783
G1 E-.728 F1800
;WIPE_START
G1 F30000
G1 X63.548 Y120.719 E-.072
;WIPE_END
G1 X67.36 Y123.59 Z4.2
G1 Z3.8
G1 E.8 F1800
SET_VELOCITY_LIMIT ACCEL=5000
;TYPE:Outer wall
;WIDTH:0.42
G1 F3600
G1 X64.96 Y123.59 E.07153
G1 X64.96 Y122.81 E.02325
G1 X192.86 Y122.81 E3.81211
G1 X192.86 Y62.79 E1.78892
G1 X63.94 Y62.79 E3.84251
G1 X63.94 Y122.29 E1.77342
G1 X63.74 Y122.29 E.00596
G1 X63.74 Y123.59 E.03875
G1 X62.36 Y123.59 E.04113
G1 X62.36 Y62.01 E1.83542
G1 X193.64 Y62.01 E3.91285
G1 X193.64 Y123.59 E1.83542
G1 X76.54 Y123.59 E3.49021
G1 X76.54 Y123.795 E.0061
G1 X75.24 Y125.109 E.0551
G1 X74.807 Y125.29 E.01399
G1 X67.537 Y125.29 E.21668
G1 X67.36 Y125.113 E.00746
G1 X67.36 Y123.63 E.0442
G1 X67.556 Y123.2 F30000
SET_VELOCITY_LIMIT ACCEL=10000
;TYPE:Gap infill
;WIDTH:0.430842
G1 F15000
G1 X65.156 Y123.2 E.07359
G1 E-.728 F1800
;WIPE_START
G1 F30000
G1 X66.356 Y123.2 E-.072
;WIPE_END
G1 X63.05 Y122.994 Z4.2
G1 Z3.8
G1 E.8 F1800
;WIDTH:0.233529
G1 F15000
G1 X63.05 Y121.694 E.01959
G1 X63.074 Y121.647 E.00079
;WIDTH:0.302476
G1 X63.097 Y121.6 E.00108
;WIDTH:0.349668
G1 X63.121 Y121.553 E.00128
;WIDTH:0.39686
G1 X63.144 Y121.506 E.00148
;WIDTH:0.431684
G1 X63.15 Y62.606 E1.80993
G1 X63.744 Y62.4 F30000
;WIDTH:0.430842
G1 F15000
G1 X193.056 Y62.4 E3.96502
;WIDTH:0.469667
G1 X193.217 Y62.433 E.00554
G1 X193.233 Y62.514 E.00277
;WIDTH:0.447481
G1 X193.25 Y62.594 E.00262
;WIDTH:0.430842
G1 X193.25 Y123.006 E1.85238
;WIDTH:0.469667
G1 X193.217 Y123.167 E.00554
G1 X193.136 Y123.183 E.00277
;WIDTH:0.447481
G1 X193.056 Y123.2 E.00262
;WIDTH:0.430842
G1 X76.344 Y123.2 E3.57867
G1 E-.728 F1800
;WIPE_START
G1 F30000
G1 X77.544 Y123.2 E-.072
;WIPE_END
G1 X74.877 Y124.05 Z4.2
G1 Z3.8
G1 E.8 F1800
;WIDTH:0.517526
G1 F13963.988
G1 X68.363 Y124.05 E.24439
;LAYER_CHANGE
;Z:4
;HEIGHT:0.2
;BEFORE_LAYER_CHANGE
;4
G92 E0

G1 E-.728 F1800
;WIPE_START
G1 F30000
G1 X69.563 Y124.05 E-.072
;WIPE_END
M73 L20
;LAYER:20
SET_PRINT_STATS_INFO TOTAL_LAYER=93 CURRENT_LAYER=20
;_SET_FAN_SPEED_CHANGING_LAYER

G1 X69.0841 Y124.991 Z4.05714
G1 X68.0498 Y125.204 Z4.11429
G1 X67.2385 Y124.528 Z4.17143
G1 X67.2612 Y123.472 Z4.22857
G1 X68.1008 Y122.832 Z4.28571
G1 X69.1251 Y123.089 Z4.34286
G1 X69.5627 Y124.05 Z4.4
G1 X68.159 Y189.309 Z4.4
G1 Z4
G1 E.8 F1800
;TYPE:Inner wall
;WIDTH:0.45
G1 F6000
G1 X75.6 Y189.309 E.23941
G1 X74.785 Y190.133 E.0373
G1 X74.647 Y190.191 E.0048
G1 X68.159 Y190.191 E.20875
G1 X68.159 Y189.349 E.02708
G1 X67.752 Y188.902 F30000
G1 F6000
G1 X76.148 Y188.902 E.27015
G1 X76.148 Y189.334 E.01389
G1 X75.017 Y190.478 E.05177
G1 X74.728 Y190.598 E.01005
G1 X67.752 Y190.598 E.22447
G1 X67.752 Y188.942 E.05328
G1 E-.728 F1800
;WIPE_START
G1 F30000
G1 X68.952 Y188.936 E-.072
;WIPE_END
G1 X63.548 Y185.259 Z4.4
G1 Z4
G1 E.8 F1800
G1 F6000
G1 X63.548 Y187.598 E.07526
G1 X63.348 Y187.598 E.00644
G1 X63.348 Y188.898 E.04183
G1 X62.752 Y188.898 E.01917
G1 X62.752 Y128.102 E1.95621
G1 X63.548 Y128.102 E.02561
G1 X63.548 Y185.219 E1.83783
G1 E-.728 F1800
;WIPE_START
G1 F30000
G1 X63.548 Y186.419 E-.072
;WIPE_END
G1 X67.36 Y189.29 Z4.4
G1 Z4
G1 E.8 F1800
SET_VELOCITY_LIMIT ACCEL=5000
;TYPE:Outer wall
;WIDTH:0.42
G1 F3600
G1 X64.96 Y189.29 E.07153
G1 X64.96 Y188.51 E.02325
G1 X192.86 Y188.51 E3.81211
G1 X192.86 Y128.49 E1.78892
G1 X63.94 Y128.49 E3.84251
G1 X63.94 Y187.99 E1.77342
G1 X63.74 Y187.99 E.00596
G1 X63.74 Y189.29 E.03875
G1 X62.36 Y189.29 E.04113
G1 X62.36 Y127.71 E1.83542
G1 X193.64 Y127.71 E3.91285
G1 X193.64 Y189.29 E1.83542
G1 X76.54 Y189.29 E3.49021
G1 X76.54 Y189.495 E.0061
G1 X75.24 Y190.809 E.0551
G1 X74.807 Y190.99 E.01399
G1 X67.537 Y190.99 E.21668
G1 X67.36 Y190.813 E.00746
G1 X67.36 Y189.33 E.0442
G1 X67.556 Y188.9 F30000
SET_VELOCITY_LIMIT ACCEL=10000
;TYPE:Gap infill
;WIDTH:0.430842
G1 F15000
G1 X65.156 Y188.9 E.07359
G1 E-.728 F1800
;WIPE_START
G1 F30000
G1 X66.356 Y188.9 E-.072
;WIPE_END
G1 X63.05 Y188.694 Z4.4
G1 Z4
G1 E.8 F1800
;WIDTH:0.233529
G1 F15000
G1 X63.05 Y187.394 E.01959
G1 X63.074 Y187.347 E.00079
;WIDTH:0.302476
G1 X63.097 Y187.3 E.00108
;WIDTH:0.349668
G1 X63.121 Y187.253 E.00128
;WIDTH:0.39686
G1 X63.144 Y187.206 E.00148
;WIDTH:0.431684
G1 X63.15 Y128.306 E1.80993
G1 X63.744 Y128.1 F30000
;WIDTH:0.430842
G1 F15000
G1 X193.056 Y128.1 E3.96502
;WIDTH:0.469667
G1 X193.217 Y128.133 E.00554
G1 X193.233 Y128.214 E.00277
;WIDTH:0.447481
G1 X193.25 Y128.294 E.00262
;WIDTH:0.430842
G1 X193.25 Y188.706 E1.85238
;WIDTH:0.469667
G1 X193.217 Y188.867 E.00554
G1 X193.136 Y188.883 E.00277
;WIDTH:0.447481
G1 X193.056 Y188.9 E.00262
;WIDTH:0.430842
G1 X76.344 Y188.9 E3.57867
G1 E-.728 F1800
;WIPE_START
G1 F30000
G1 X77.544 Y188.9 E-.072
;WIPE_END
G1 X74.877 Y189.75 Z4.4
G1 Z4
G1 E.8 F1800
;WIDTH:0.517526
G1 F13963.988
G1 X68.363 Y189.75 E.24439
G1 E-.728 F1800
;WIPE_START
G1 F30000
G1 X69.563 Y189.75 E-.072
;WIPE_END
G1 X69.401 Y182.119 Z4.4
G1 X68.159 Y123.609 Z4.4
G1 Z4
G1 E.8 F1800
;TYPE:Inner wall
;WIDTH:0.45
G1 F6000
G1 X75.6 Y123.609 E.23941
G1 X74.785 Y124.433 E.0373
G1 X74.647 Y124.491 E.0048
G1 X68.159 Y124.491 E.20875
G1 X68.159 Y123.649 E.02708
G1 X67.752 Y123.202 F30000
G1 F6000
G1 X76.148 Y123.202 E.27015
G1 X76.148 Y123.634 E.01389
G1 X75.017 Y124.778 E.05177
G1 X74.728 Y124.898 E.01005
G1 X67.752 Y124.898 E.22447
G1 X67.752 Y123.242 E.05328
G1 E-.728 F1800
;WIPE_START
G1 F30000
G1 X68.952 Y123.236 E-.072
;WIPE_END
G1 X63.548 Y119.559 Z4.4
G1 Z4
G1 E.8 F1800
G1 F6000
G1 X63.548 Y121.898 E.07526
G1 X63.348 Y121.898 E.00644
G1 X63.348 Y123.198 E.04183
G1 X62.752 Y123.198 E.01917
G1 X62.752 Y62.402 E1.95621
G1 X63.548 Y62.402 E.02561
G1 X63.548 Y119.519 E1.83783
G1 E-.728 F1800
M73 P45 R42
;WIPE_START
G1 F30000
G1 X63.548 Y120.719 E-.072
;WIPE_END
G1 X67.36 Y123.59 Z4.4
G1 Z4
G1 E.8 F1800
SET_VELOCITY_LIMIT ACCEL=5000
;TYPE:Outer wall
;WIDTH:0.42
G1 F3600
G1 X64.96 Y123.59 E.07153
G1 X64.96 Y122.81 E.02325
G1 X192.86 Y122.81 E3.81211
G1 X192.86 Y62.79 E1.78892
G1 X63.94 Y62.79 E3.84251
G1 X63.94 Y122.29 E1.77342
G1 X63.74 Y122.29 E.00596
G1 X63.74 Y123.59 E.03875
G1 X62.36 Y123.59 E.04113
G1 X62.36 Y62.01 E1.83542
G1 X193.64 Y62.01 E3.91285
G1 X193.64 Y123.59 E1.83542
G1 X76.54 Y123.59 E3.49021
G1 X76.54 Y123.795 E.0061
G1 X75.24 Y125.109 E.0551
G1 X74.807 Y125.29 E.01399
G1 X67.537 Y125.29 E.21668
G1 X67.36 Y125.113 E.00746
G1 X67.36 Y123.63 E.0442
G1 X67.556 Y123.2 F30000
SET_VELOCITY_LIMIT ACCEL=10000
;TYPE:Gap infill
;WIDTH:0.430842
G1 F15000
G1 X65.156 Y123.2 E.07359
G1 E-.728 F1800
;WIPE_START
G1 F30000
G1 X66.356 Y123.2 E-.072
;WIPE_END
G1 X63.05 Y122.994 Z4.4
G1 Z4
G1 E.8 F1800
;WIDTH:0.233529
G1 F15000
G1 X63.05 Y121.694 E.01959
G1 X63.074 Y121.647 E.00079
;WIDTH:0.302476
G1 X63.097 Y121.6 E.00108
;WIDTH:0.349668
G1 X63.121 Y121.553 E.00128
;WIDTH:0.39686
G1 X63.144 Y121.506 E.00148
;WIDTH:0.431684
G1 X63.15 Y62.606 E1.80993
G1 X63.744 Y62.4 F30000
;WIDTH:0.430842
G1 F15000
G1 X193.056 Y62.4 E3.96502
;WIDTH:0.469667
G1 X193.217 Y62.433 E.00554
G1 X193.233 Y62.514 E.00277
;WIDTH:0.447481
G1 X193.25 Y62.594 E.00262
;WIDTH:0.430842
G1 X193.25 Y123.006 E1.85238
;WIDTH:0.469667
G1 X193.217 Y123.167 E.00554
G1 X193.136 Y123.183 E.00277
;WIDTH:0.447481
G1 X193.056 Y123.2 E.00262
;WIDTH:0.430842
G1 X76.344 Y123.2 E3.57867
G1 E-.728 F1800
;WIPE_START
G1 F30000
G1 X77.544 Y123.2 E-.072
;WIPE_END
G1 X74.877 Y124.05 Z4.4
G1 Z4
G1 E.8 F1800
;WIDTH:0.517526
G1 F13963.988
G1 X68.363 Y124.05 E.24439
;LAYER_CHANGE
;Z:4.2
;HEIGHT:0.2
;BEFORE_LAYER_CHANGE
;4.2
G92 E0

G1 E-.728 F1800
;WIPE_START
G1 F30000
G1 X69.563 Y124.05 E-.072
;WIPE_END
M73 L21
;LAYER:21
SET_PRINT_STATS_INFO TOTAL_LAYER=93 CURRENT_LAYER=21
;_SET_FAN_SPEED_CHANGING_LAYER

G1 X69.0841 Y124.991 Z4.25714
G1 X68.0498 Y125.204 Z4.31429
G1 X67.2385 Y124.528 Z4.37143
G1 X67.2612 Y123.472 Z4.42857
G1 X68.1008 Y122.832 Z4.48571
G1 X69.1251 Y123.089 Z4.54286
G1 X69.5627 Y124.05 Z4.6
G1 X68.159 Y189.309 Z4.6
G1 Z4.2
G1 E.8 F1800
;TYPE:Inner wall
;WIDTH:0.45
G1 F6000
G1 X75.6 Y189.309 E.23941
G1 X74.785 Y190.133 E.0373
G1 X74.647 Y190.191 E.0048
G1 X68.159 Y190.191 E.20875
G1 X68.159 Y189.349 E.02708
G1 X67.752 Y188.902 F30000
G1 F6000
G1 X76.148 Y188.902 E.27015
G1 X76.148 Y189.334 E.01389
G1 X75.017 Y190.478 E.05177
G1 X74.728 Y190.598 E.01005
G1 X67.752 Y190.598 E.22447
G1 X67.752 Y188.942 E.05328
G1 E-.728 F1800
;WIPE_START
G1 F30000
G1 X68.952 Y188.936 E-.072
;WIPE_END
G1 X63.548 Y185.259 Z4.6
G1 Z4.2
G1 E.8 F1800
G1 F6000
G1 X63.548 Y187.598 E.07526
G1 X63.348 Y187.598 E.00644
G1 X63.348 Y188.898 E.04183
G1 X62.752 Y188.898 E.01917
G1 X62.752 Y128.102 E1.95621
G1 X63.548 Y128.102 E.02561
G1 X63.548 Y185.219 E1.83783
G1 E-.728 F1800
;WIPE_START
G1 F30000
G1 X63.548 Y186.419 E-.072
;WIPE_END
G1 X67.36 Y189.29 Z4.6
G1 Z4.2
G1 E.8 F1800
SET_VELOCITY_LIMIT ACCEL=5000
;TYPE:Outer wall
;WIDTH:0.42
G1 F3600
G1 X64.96 Y189.29 E.07153
G1 X64.96 Y188.51 E.02325
G1 X192.86 Y188.51 E3.81211
G1 X192.86 Y128.49 E1.78892
G1 X63.94 Y128.49 E3.84251
M73 P45 R41
G1 X63.94 Y187.99 E1.77342
G1 X63.74 Y187.99 E.00596
G1 X63.74 Y189.29 E.03875
G1 X62.36 Y189.29 E.04113
G1 X62.36 Y127.71 E1.83542
G1 X193.64 Y127.71 E3.91285
G1 X193.64 Y189.29 E1.83542
G1 X76.54 Y189.29 E3.49021
G1 X76.54 Y189.495 E.0061
G1 X75.24 Y190.809 E.0551
G1 X74.807 Y190.99 E.01399
G1 X67.537 Y190.99 E.21668
G1 X67.36 Y190.813 E.00746
G1 X67.36 Y189.33 E.0442
G1 X67.556 Y188.9 F30000
SET_VELOCITY_LIMIT ACCEL=10000
;TYPE:Gap infill
;WIDTH:0.430842
G1 F15000
G1 X65.156 Y188.9 E.07359
G1 E-.728 F1800
;WIPE_START
G1 F30000
G1 X66.356 Y188.9 E-.072
;WIPE_END
G1 X63.05 Y188.694 Z4.6
G1 Z4.2
G1 E.8 F1800
;WIDTH:0.233529
G1 F15000
G1 X63.05 Y187.394 E.01959
G1 X63.074 Y187.347 E.00079
;WIDTH:0.302476
G1 X63.097 Y187.3 E.00108
;WIDTH:0.349668
G1 X63.121 Y187.253 E.00128
;WIDTH:0.39686
G1 X63.144 Y187.206 E.00148
;WIDTH:0.431684
G1 X63.15 Y128.306 E1.80993
G1 X63.744 Y128.1 F30000
;WIDTH:0.430842
G1 F15000
G1 X193.056 Y128.1 E3.96502
;WIDTH:0.469667
G1 X193.217 Y128.133 E.00554
G1 X193.233 Y128.214 E.00277
;WIDTH:0.447481
G1 X193.25 Y128.294 E.00262
;WIDTH:0.430842
G1 X193.25 Y188.706 E1.85238
;WIDTH:0.469667
G1 X193.217 Y188.867 E.00554
G1 X193.136 Y188.883 E.00277
;WIDTH:0.447481
G1 X193.056 Y188.9 E.00262
;WIDTH:0.430842
G1 X76.344 Y188.9 E3.57867
G1 E-.728 F1800
;WIPE_START
G1 F30000
G1 X77.544 Y188.9 E-.072
;WIPE_END
G1 X74.877 Y189.75 Z4.6
G1 Z4.2
G1 E.8 F1800
;WIDTH:0.517526
G1 F13963.988
G1 X68.363 Y189.75 E.24439
G1 E-.728 F1800
;WIPE_START
G1 F30000
G1 X69.563 Y189.75 E-.072
;WIPE_END
G1 X69.401 Y182.119 Z4.6
G1 X68.159 Y123.609 Z4.6
G1 Z4.2
G1 E.8 F1800
;TYPE:Inner wall
;WIDTH:0.45
G1 F6000
G1 X75.6 Y123.609 E.23941
G1 X74.785 Y124.433 E.0373
G1 X74.647 Y124.491 E.0048
G1 X68.159 Y124.491 E.20875
G1 X68.159 Y123.649 E.02708
G1 X67.752 Y123.202 F30000
G1 F6000
G1 X76.148 Y123.202 E.27015
G1 X76.148 Y123.634 E.01389
G1 X75.017 Y124.778 E.05177
G1 X74.728 Y124.898 E.01005
G1 X67.752 Y124.898 E.22447
G1 X67.752 Y123.242 E.05328
G1 E-.728 F1800
;WIPE_START
G1 F30000
G1 X68.952 Y123.236 E-.072
;WIPE_END
G1 X63.548 Y119.559 Z4.6
G1 Z4.2
G1 E.8 F1800
G1 F6000
G1 X63.548 Y121.898 E.07526
G1 X63.348 Y121.898 E.00644
G1 X63.348 Y123.198 E.04183
G1 X62.752 Y123.198 E.01917
G1 X62.752 Y62.402 E1.95621
G1 X63.548 Y62.402 E.02561
G1 X63.548 Y119.519 E1.83783
G1 E-.728 F1800
;WIPE_START
G1 F30000
G1 X63.548 Y120.719 E-.072
;WIPE_END
G1 X67.36 Y123.59 Z4.6
G1 Z4.2
G1 E.8 F1800
SET_VELOCITY_LIMIT ACCEL=5000
;TYPE:Outer wall
;WIDTH:0.42
G1 F3600
G1 X64.96 Y123.59 E.07153
G1 X64.96 Y122.81 E.02325
G1 X192.86 Y122.81 E3.81211
G1 X192.86 Y62.79 E1.78892
G1 X63.94 Y62.79 E3.84251
G1 X63.94 Y122.29 E1.77342
G1 X63.74 Y122.29 E.00596
G1 X63.74 Y123.59 E.03875
G1 X62.36 Y123.59 E.04113
G1 X62.36 Y62.01 E1.83542
G1 X193.64 Y62.01 E3.91285
G1 X193.64 Y123.59 E1.83542
G1 X76.54 Y123.59 E3.49021
M73 P46 R41
G1 X76.54 Y123.795 E.0061
G1 X75.24 Y125.109 E.0551
G1 X74.807 Y125.29 E.01399
G1 X67.537 Y125.29 E.21668
G1 X67.36 Y125.113 E.00746
G1 X67.36 Y123.63 E.0442
G1 X67.556 Y123.2 F30000
SET_VELOCITY_LIMIT ACCEL=10000
;TYPE:Gap infill
;WIDTH:0.430842
G1 F15000
G1 X65.156 Y123.2 E.07359
G1 E-.728 F1800
;WIPE_START
G1 F30000
G1 X66.356 Y123.2 E-.072
;WIPE_END
G1 X63.05 Y122.994 Z4.6
G1 Z4.2
G1 E.8 F1800
;WIDTH:0.233529
G1 F15000
G1 X63.05 Y121.694 E.01959
G1 X63.074 Y121.647 E.00079
;WIDTH:0.302476
G1 X63.097 Y121.6 E.00108
;WIDTH:0.349668
G1 X63.121 Y121.553 E.00128
;WIDTH:0.39686
G1 X63.144 Y121.506 E.00148
;WIDTH:0.431684
G1 X63.15 Y62.606 E1.80993
G1 X63.744 Y62.4 F30000
;WIDTH:0.430842
G1 F15000
G1 X193.056 Y62.4 E3.96502
;WIDTH:0.469667
G1 X193.217 Y62.433 E.00554
G1 X193.233 Y62.514 E.00277
;WIDTH:0.447481
G1 X193.25 Y62.594 E.00262
;WIDTH:0.430842
G1 X193.25 Y123.006 E1.85238
;WIDTH:0.469667
G1 X193.217 Y123.167 E.00554
G1 X193.136 Y123.183 E.00277
;WIDTH:0.447481
G1 X193.056 Y123.2 E.00262
;WIDTH:0.430842
G1 X76.344 Y123.2 E3.57867
G1 E-.728 F1800
;WIPE_START
G1 F30000
G1 X77.544 Y123.2 E-.072
;WIPE_END
G1 X74.877 Y124.05 Z4.6
G1 Z4.2
G1 E.8 F1800
;WIDTH:0.517526
G1 F13963.988
G1 X68.363 Y124.05 E.24439
;LAYER_CHANGE
;Z:4.4
;HEIGHT:0.2
;BEFORE_LAYER_CHANGE
;4.4
G92 E0

G1 E-.728 F1800
;WIPE_START
G1 F30000
G1 X69.563 Y124.05 E-.072
;WIPE_END
M73 L22
;LAYER:22
SET_PRINT_STATS_INFO TOTAL_LAYER=93 CURRENT_LAYER=22
;_SET_FAN_SPEED_CHANGING_LAYER

G1 X69.0841 Y124.991 Z4.45714
G1 X68.0498 Y125.204 Z4.51429
G1 X67.2385 Y124.528 Z4.57143
G1 X67.2612 Y123.472 Z4.62857
G1 X68.1008 Y122.832 Z4.68571
G1 X69.1251 Y123.089 Z4.74286
G1 X69.5627 Y124.05 Z4.8
G1 X68.159 Y189.309 Z4.8
G1 Z4.4
G1 E.8 F1800
;TYPE:Inner wall
;WIDTH:0.45
G1 F6000
G1 X75.6 Y189.309 E.23941
G1 X74.785 Y190.133 E.0373
G1 X74.647 Y190.191 E.0048
G1 X68.159 Y190.191 E.20875
G1 X68.159 Y189.349 E.02708
G1 X67.752 Y188.902 F30000
G1 F6000
G1 X76.148 Y188.902 E.27015
G1 X76.148 Y189.334 E.01389
G1 X75.017 Y190.478 E.05177
G1 X74.728 Y190.598 E.01005
G1 X67.752 Y190.598 E.22447
G1 X67.752 Y188.942 E.05328
G1 E-.728 F1800
;WIPE_START
G1 F30000
G1 X68.952 Y188.936 E-.072
;WIPE_END
G1 X63.548 Y185.259 Z4.8
G1 Z4.4
G1 E.8 F1800
G1 F6000
G1 X63.548 Y187.598 E.07526
G1 X63.348 Y187.598 E.00644
G1 X63.348 Y188.898 E.04183
G1 X62.752 Y188.898 E.01917
G1 X62.752 Y128.102 E1.95621
G1 X63.548 Y128.102 E.02561
G1 X63.548 Y185.219 E1.83783
G1 E-.728 F1800
;WIPE_START
G1 F30000
G1 X63.548 Y186.419 E-.072
;WIPE_END
G1 X67.36 Y189.29 Z4.8
G1 Z4.4
G1 E.8 F1800
SET_VELOCITY_LIMIT ACCEL=5000
;TYPE:Outer wall
;WIDTH:0.42
G1 F3600
G1 X64.96 Y189.29 E.07153
G1 X64.96 Y188.51 E.02325
G1 X192.86 Y188.51 E3.81211
G1 X192.86 Y128.49 E1.78892
G1 X63.94 Y128.49 E3.84251
G1 X63.94 Y187.99 E1.77342
G1 X63.74 Y187.99 E.00596
G1 X63.74 Y189.29 E.03875
G1 X62.36 Y189.29 E.04113
G1 X62.36 Y127.71 E1.83542
G1 X193.64 Y127.71 E3.91285
G1 X193.64 Y189.29 E1.83542
G1 X76.54 Y189.29 E3.49021
G1 X76.54 Y189.495 E.0061
G1 X75.24 Y190.809 E.0551
G1 X74.807 Y190.99 E.01399
G1 X67.537 Y190.99 E.21668
G1 X67.36 Y190.813 E.00746
G1 X67.36 Y189.33 E.0442
G1 X67.556 Y188.9 F30000
SET_VELOCITY_LIMIT ACCEL=10000
;TYPE:Gap infill
;WIDTH:0.430842
G1 F15000
G1 X65.156 Y188.9 E.07359
G1 E-.728 F1800
;WIPE_START
G1 F30000
G1 X66.356 Y188.9 E-.072
;WIPE_END
G1 X63.05 Y188.694 Z4.8
G1 Z4.4
G1 E.8 F1800
;WIDTH:0.233529
G1 F15000
G1 X63.05 Y187.394 E.01959
G1 X63.074 Y187.347 E.00079
;WIDTH:0.302476
G1 X63.097 Y187.3 E.00108
;WIDTH:0.349668
G1 X63.121 Y187.253 E.00128
;WIDTH:0.39686
G1 X63.144 Y187.206 E.00148
;WIDTH:0.431684
G1 X63.15 Y128.306 E1.80993
G1 X63.744 Y128.1 F30000
;WIDTH:0.430842
G1 F15000
G1 X193.056 Y128.1 E3.96502
;WIDTH:0.469667
G1 X193.217 Y128.133 E.00554
G1 X193.233 Y128.214 E.00277
;WIDTH:0.447481
G1 X193.25 Y128.294 E.00262
;WIDTH:0.430842
G1 X193.25 Y188.706 E1.85238
;WIDTH:0.469667
G1 X193.217 Y188.867 E.00554
G1 X193.136 Y188.883 E.00277
;WIDTH:0.447481
G1 X193.056 Y188.9 E.00262
;WIDTH:0.430842
G1 X76.344 Y188.9 E3.57867
G1 E-.728 F1800
;WIPE_START
G1 F30000
G1 X77.544 Y188.9 E-.072
;WIPE_END
G1 X74.877 Y189.75 Z4.8
G1 Z4.4
G1 E.8 F1800
;WIDTH:0.517526
G1 F13963.988
G1 X68.363 Y189.75 E.24439
G1 E-.728 F1800
;WIPE_START
G1 F30000
G1 X69.563 Y189.75 E-.072
;WIPE_END
G1 X69.401 Y182.119 Z4.8
G1 X68.159 Y123.609 Z4.8
G1 Z4.4
G1 E.8 F1800
;TYPE:Inner wall
;WIDTH:0.45
G1 F6000
G1 X75.6 Y123.609 E.23941
G1 X74.785 Y124.433 E.0373
G1 X74.647 Y124.491 E.0048
G1 X68.159 Y124.491 E.20875
G1 X68.159 Y123.649 E.02708
G1 X67.752 Y123.202 F30000
G1 F6000
G1 X76.148 Y123.202 E.27015
G1 X76.148 Y123.634 E.01389
G1 X75.017 Y124.778 E.05177
G1 X74.728 Y124.898 E.01005
G1 X67.752 Y124.898 E.22447
G1 X67.752 Y123.242 E.05328
G1 E-.728 F1800
;WIPE_START
G1 F30000
G1 X68.952 Y123.236 E-.072
;WIPE_END
G1 X63.548 Y119.559 Z4.8
G1 Z4.4
G1 E.8 F1800
G1 F6000
G1 X63.548 Y121.898 E.07526
G1 X63.348 Y121.898 E.00644
G1 X63.348 Y123.198 E.04183
G1 X62.752 Y123.198 E.01917
G1 X62.752 Y62.402 E1.95621
G1 X63.548 Y62.402 E.02561
G1 X63.548 Y119.519 E1.83783
G1 E-.728 F1800
;WIPE_START
G1 F30000
G1 X63.548 Y120.719 E-.072
;WIPE_END
G1 X67.36 Y123.59 Z4.8
G1 Z4.4
G1 E.8 F1800
SET_VELOCITY_LIMIT ACCEL=5000
;TYPE:Outer wall
;WIDTH:0.42
G1 F3600
G1 X64.96 Y123.59 E.07153
G1 X64.96 Y122.81 E.02325
G1 X192.86 Y122.81 E3.81211
G1 X192.86 Y62.79 E1.78892
G1 X63.94 Y62.79 E3.84251
G1 X63.94 Y122.29 E1.77342
G1 X63.74 Y122.29 E.00596
G1 X63.74 Y123.59 E.03875
G1 X62.36 Y123.59 E.04113
G1 X62.36 Y62.01 E1.83542
G1 X193.64 Y62.01 E3.91285
G1 X193.64 Y123.59 E1.83542
G1 X76.54 Y123.59 E3.49021
M73 P46 R40
G1 X76.54 Y123.795 E.0061
G1 X75.24 Y125.109 E.0551
G1 X74.807 Y125.29 E.01399
G1 X67.537 Y125.29 E.21668
G1 X67.36 Y125.113 E.00746
G1 X67.36 Y123.63 E.0442
G1 X67.556 Y123.2 F30000
SET_VELOCITY_LIMIT ACCEL=10000
;TYPE:Gap infill
;WIDTH:0.430842
G1 F15000
G1 X65.156 Y123.2 E.07359
G1 E-.728 F1800
;WIPE_START
G1 F30000
G1 X66.356 Y123.2 E-.072
;WIPE_END
G1 X63.05 Y122.994 Z4.8
G1 Z4.4
G1 E.8 F1800
;WIDTH:0.233529
G1 F15000
G1 X63.05 Y121.694 E.01959
G1 X63.074 Y121.647 E.00079
;WIDTH:0.302476
G1 X63.097 Y121.6 E.00108
;WIDTH:0.349668
G1 X63.121 Y121.553 E.00128
;WIDTH:0.39686
G1 X63.144 Y121.506 E.00148
;WIDTH:0.431684
G1 X63.15 Y62.606 E1.80993
G1 X63.744 Y62.4 F30000
;WIDTH:0.430842
G1 F15000
G1 X193.056 Y62.4 E3.96502
;WIDTH:0.469667
G1 X193.217 Y62.433 E.00554
G1 X193.233 Y62.514 E.00277
;WIDTH:0.447481
G1 X193.25 Y62.594 E.00262
;WIDTH:0.430842
G1 X193.25 Y123.006 E1.85238
;WIDTH:0.469667
G1 X193.217 Y123.167 E.00554
G1 X193.136 Y123.183 E.00277
;WIDTH:0.447481
G1 X193.056 Y123.2 E.00262
;WIDTH:0.430842
G1 X76.344 Y123.2 E3.57867
G1 E-.728 F1800
;WIPE_START
G1 F30000
G1 X77.544 Y123.2 E-.072
;WIPE_END
G1 X74.877 Y124.05 Z4.8
G1 Z4.4
G1 E.8 F1800
;WIDTH:0.517526
G1 F13963.988
G1 X68.363 Y124.05 E.24439
;LAYER_CHANGE
;Z:4.6
;HEIGHT:0.2
;BEFORE_LAYER_CHANGE
;4.6
G92 E0

G1 E-.728 F1800
;WIPE_START
G1 F30000
G1 X69.563 Y124.05 E-.072
;WIPE_END
M73 L23
;LAYER:23
SET_PRINT_STATS_INFO TOTAL_LAYER=93 CURRENT_LAYER=23
;_SET_FAN_SPEED_CHANGING_LAYER

G1 X69.0841 Y124.991 Z4.65714
G1 X68.0498 Y125.204 Z4.71429
G1 X67.2385 Y124.528 Z4.77143
G1 X67.2612 Y123.472 Z4.82857
G1 X68.1008 Y122.832 Z4.88571
G1 X69.1251 Y123.089 Z4.94286
G1 X69.5627 Y124.05 Z5
G1 X68.159 Y189.309 Z5
G1 Z4.6
G1 E.8 F1800
;TYPE:Inner wall
;WIDTH:0.45
G1 F6000
G1 X75.6 Y189.309 E.23941
G1 X74.785 Y190.133 E.0373
G1 X74.647 Y190.191 E.0048
G1 X68.159 Y190.191 E.20875
G1 X68.159 Y189.349 E.02708
G1 X67.752 Y188.902 F30000
G1 F6000
G1 X76.148 Y188.902 E.27015
G1 X76.148 Y189.334 E.01389
G1 X75.017 Y190.478 E.05177
G1 X74.728 Y190.598 E.01005
G1 X67.752 Y190.598 E.22447
G1 X67.752 Y188.942 E.05328
G1 E-.728 F1800
;WIPE_START
G1 F30000
G1 X68.952 Y188.936 E-.072
;WIPE_END
G1 X63.548 Y185.259 Z5
G1 Z4.6
G1 E.8 F1800
G1 F6000
G1 X63.548 Y187.598 E.07526
G1 X63.348 Y187.598 E.00644
G1 X63.348 Y188.898 E.04183
G1 X62.752 Y188.898 E.01917
G1 X62.752 Y128.102 E1.95621
G1 X63.548 Y128.102 E.02561
G1 X63.548 Y185.219 E1.83783
G1 E-.728 F1800
;WIPE_START
G1 F30000
G1 X63.548 Y186.419 E-.072
;WIPE_END
G1 X67.36 Y189.29 Z5
G1 Z4.6
G1 E.8 F1800
SET_VELOCITY_LIMIT ACCEL=5000
;TYPE:Outer wall
;WIDTH:0.42
G1 F3600
G1 X64.96 Y189.29 E.07153
G1 X64.96 Y188.51 E.02325
G1 X192.86 Y188.51 E3.81211
G1 X192.86 Y128.49 E1.78892
G1 X63.94 Y128.49 E3.84251
G1 X63.94 Y187.99 E1.77342
M73 P47 R40
G1 X63.74 Y187.99 E.00596
G1 X63.74 Y189.29 E.03875
G1 X62.36 Y189.29 E.04113
G1 X62.36 Y127.71 E1.83542
G1 X193.64 Y127.71 E3.91285
G1 X193.64 Y189.29 E1.83542
G1 X76.54 Y189.29 E3.49021
G1 X76.54 Y189.495 E.0061
G1 X75.24 Y190.809 E.0551
G1 X74.807 Y190.99 E.01399
G1 X67.537 Y190.99 E.21668
G1 X67.36 Y190.813 E.00746
G1 X67.36 Y189.33 E.0442
G1 X67.556 Y188.9 F30000
SET_VELOCITY_LIMIT ACCEL=10000
;TYPE:Gap infill
;WIDTH:0.430842
G1 F15000
G1 X65.156 Y188.9 E.07359
G1 E-.728 F1800
;WIPE_START
G1 F30000
G1 X66.356 Y188.9 E-.072
;WIPE_END
G1 X63.05 Y188.694 Z5
G1 Z4.6
G1 E.8 F1800
;WIDTH:0.233529
G1 F15000
G1 X63.05 Y187.394 E.01959
G1 X63.074 Y187.347 E.00079
;WIDTH:0.302476
G1 X63.097 Y187.3 E.00108
;WIDTH:0.349668
G1 X63.121 Y187.253 E.00128
;WIDTH:0.39686
G1 X63.144 Y187.206 E.00148
;WIDTH:0.431684
G1 X63.15 Y128.306 E1.80993
G1 X63.744 Y128.1 F30000
;WIDTH:0.430842
G1 F15000
G1 X193.056 Y128.1 E3.96502
;WIDTH:0.469667
G1 X193.217 Y128.133 E.00554
G1 X193.233 Y128.214 E.00277
;WIDTH:0.447481
G1 X193.25 Y128.294 E.00262
;WIDTH:0.430842
G1 X193.25 Y188.706 E1.85238
;WIDTH:0.469667
G1 X193.217 Y188.867 E.00554
G1 X193.136 Y188.883 E.00277
;WIDTH:0.447481
G1 X193.056 Y188.9 E.00262
;WIDTH:0.430842
G1 X76.344 Y188.9 E3.57867
G1 E-.728 F1800
;WIPE_START
G1 F30000
G1 X77.544 Y188.9 E-.072
;WIPE_END
G1 X74.877 Y189.75 Z5
G1 Z4.6
G1 E.8 F1800
;WIDTH:0.517526
G1 F13963.988
G1 X68.363 Y189.75 E.24439
G1 E-.728 F1800
;WIPE_START
G1 F30000
G1 X69.563 Y189.75 E-.072
;WIPE_END
G1 X69.401 Y182.119 Z5
G1 X68.159 Y123.609 Z5
G1 Z4.6
G1 E.8 F1800
;TYPE:Inner wall
;WIDTH:0.45
G1 F6000
G1 X75.6 Y123.609 E.23941
G1 X74.785 Y124.433 E.0373
G1 X74.647 Y124.491 E.0048
G1 X68.159 Y124.491 E.20875
G1 X68.159 Y123.649 E.02708
G1 X67.752 Y123.202 F30000
G1 F6000
G1 X76.148 Y123.202 E.27015
G1 X76.148 Y123.634 E.01389
G1 X75.017 Y124.778 E.05177
G1 X74.728 Y124.898 E.01005
G1 X67.752 Y124.898 E.22447
G1 X67.752 Y123.242 E.05328
G1 E-.728 F1800
;WIPE_START
G1 F30000
G1 X68.952 Y123.236 E-.072
;WIPE_END
G1 X63.548 Y119.559 Z5
G1 Z4.6
G1 E.8 F1800
G1 F6000
G1 X63.548 Y121.898 E.07526
G1 X63.348 Y121.898 E.00644
G1 X63.348 Y123.198 E.04183
G1 X62.752 Y123.198 E.01917
G1 X62.752 Y62.402 E1.95621
G1 X63.548 Y62.402 E.02561
G1 X63.548 Y119.519 E1.83783
G1 E-.728 F1800
;WIPE_START
G1 F30000
G1 X63.548 Y120.719 E-.072
;WIPE_END
G1 X67.36 Y123.59 Z5
G1 Z4.6
G1 E.8 F1800
SET_VELOCITY_LIMIT ACCEL=5000
;TYPE:Outer wall
;WIDTH:0.42
G1 F3600
G1 X64.96 Y123.59 E.07153
G1 X64.96 Y122.81 E.02325
G1 X192.86 Y122.81 E3.81211
G1 X192.86 Y62.79 E1.78892
G1 X63.94 Y62.79 E3.84251
G1 X63.94 Y122.29 E1.77342
G1 X63.74 Y122.29 E.00596
G1 X63.74 Y123.59 E.03875
G1 X62.36 Y123.59 E.04113
G1 X62.36 Y62.01 E1.83542
G1 X193.64 Y62.01 E3.91285
G1 X193.64 Y123.59 E1.83542
G1 X76.54 Y123.59 E3.49021
G1 X76.54 Y123.795 E.0061
G1 X75.24 Y125.109 E.0551
G1 X74.807 Y125.29 E.01399
G1 X67.537 Y125.29 E.21668
G1 X67.36 Y125.113 E.00746
G1 X67.36 Y123.63 E.0442
G1 X67.556 Y123.2 F30000
SET_VELOCITY_LIMIT ACCEL=10000
;TYPE:Gap infill
;WIDTH:0.430842
G1 F15000
G1 X65.156 Y123.2 E.07359
G1 E-.728 F1800
;WIPE_START
G1 F30000
G1 X66.356 Y123.2 E-.072
;WIPE_END
G1 X63.05 Y122.994 Z5
G1 Z4.6
G1 E.8 F1800
;WIDTH:0.233529
G1 F15000
G1 X63.05 Y121.694 E.01959
G1 X63.074 Y121.647 E.00079
;WIDTH:0.302476
G1 X63.097 Y121.6 E.00108
;WIDTH:0.349668
G1 X63.121 Y121.553 E.00128
;WIDTH:0.39686
G1 X63.144 Y121.506 E.00148
;WIDTH:0.431684
G1 X63.15 Y62.606 E1.80993
G1 X63.744 Y62.4 F30000
;WIDTH:0.430842
G1 F15000
G1 X193.056 Y62.4 E3.96502
;WIDTH:0.469667
G1 X193.217 Y62.433 E.00554
G1 X193.233 Y62.514 E.00277
;WIDTH:0.447481
G1 X193.25 Y62.594 E.00262
;WIDTH:0.430842
G1 X193.25 Y123.006 E1.85238
;WIDTH:0.469667
G1 X193.217 Y123.167 E.00554
G1 X193.136 Y123.183 E.00277
;WIDTH:0.447481
G1 X193.056 Y123.2 E.00262
;WIDTH:0.430842
G1 X76.344 Y123.2 E3.57867
G1 E-.728 F1800
;WIPE_START
G1 F30000
G1 X77.544 Y123.2 E-.072
;WIPE_END
G1 X74.877 Y124.05 Z5
G1 Z4.6
G1 E.8 F1800
;WIDTH:0.517526
G1 F13963.988
G1 X68.363 Y124.05 E.24439
;LAYER_CHANGE
;Z:4.8
;HEIGHT:0.2
;BEFORE_LAYER_CHANGE
;4.8
G92 E0

G1 E-.728 F1800
;WIPE_START
G1 F30000
G1 X69.563 Y124.05 E-.072
;WIPE_END
M73 L24
;LAYER:24
SET_PRINT_STATS_INFO TOTAL_LAYER=93 CURRENT_LAYER=24
;_SET_FAN_SPEED_CHANGING_LAYER

G1 X69.0841 Y124.991 Z4.85714
G1 X68.0498 Y125.204 Z4.91429
G1 X67.2385 Y124.528 Z4.97143
G1 X67.2612 Y123.472 Z5.02857
G1 X68.1008 Y122.832 Z5.08571
G1 X69.1251 Y123.089 Z5.14286
G1 X69.5627 Y124.05 Z5.2
G1 X68.159 Y189.309 Z5.2
G1 Z4.8
G1 E.8 F1800
;TYPE:Inner wall
;WIDTH:0.45
G1 F6000
G1 X75.6 Y189.309 E.23941
G1 X74.785 Y190.133 E.0373
G1 X74.647 Y190.191 E.0048
G1 X68.159 Y190.191 E.20875
G1 X68.159 Y189.349 E.02708
G1 X67.752 Y188.902 F30000
G1 F6000
G1 X76.148 Y188.902 E.27015
G1 X76.148 Y189.334 E.01389
G1 X75.017 Y190.478 E.05177
G1 X74.728 Y190.598 E.01005
G1 X67.752 Y190.598 E.22447
G1 X67.752 Y188.942 E.05328
G1 E-.728 F1800
;WIPE_START
G1 F30000
G1 X68.952 Y188.936 E-.072
;WIPE_END
G1 X63.548 Y185.259 Z5.2
G1 Z4.8
G1 E.8 F1800
G1 F6000
G1 X63.548 Y187.598 E.07526
G1 X63.348 Y187.598 E.00644
G1 X63.348 Y188.898 E.04183
G1 X62.752 Y188.898 E.01917
G1 X62.752 Y128.102 E1.95621
G1 X63.548 Y128.102 E.02561
G1 X63.548 Y185.219 E1.83783
G1 E-.728 F1800
;WIPE_START
G1 F30000
G1 X63.548 Y186.419 E-.072
;WIPE_END
G1 X67.36 Y189.29 Z5.2
G1 Z4.8
G1 E.8 F1800
SET_VELOCITY_LIMIT ACCEL=5000
;TYPE:Outer wall
;WIDTH:0.42
G1 F3600
G1 X64.96 Y189.29 E.07153
G1 X64.96 Y188.51 E.02325
G1 X192.86 Y188.51 E3.81211
G1 X192.86 Y128.49 E1.78892
G1 X63.94 Y128.49 E3.84251
G1 X63.94 Y187.99 E1.77342
G1 X63.74 Y187.99 E.00596
G1 X63.74 Y189.29 E.03875
G1 X62.36 Y189.29 E.04113
G1 X62.36 Y127.71 E1.83542
G1 X193.64 Y127.71 E3.91285
G1 X193.64 Y189.29 E1.83542
G1 X76.54 Y189.29 E3.49021
G1 X76.54 Y189.495 E.0061
G1 X75.24 Y190.809 E.0551
G1 X74.807 Y190.99 E.014
G1 X67.537 Y190.99 E.21668
G1 X67.36 Y190.813 E.00746
G1 X67.36 Y189.33 E.0442
G1 X67.556 Y188.9 F30000
SET_VELOCITY_LIMIT ACCEL=10000
;TYPE:Gap infill
;WIDTH:0.430842
G1 F15000
G1 X65.156 Y188.9 E.07359
G1 E-.728 F1800
;WIPE_START
G1 F30000
G1 X66.356 Y188.9 E-.072
;WIPE_END
G1 X63.05 Y188.694 Z5.2
G1 Z4.8
G1 E.8 F1800
;WIDTH:0.233529
G1 F15000
G1 X63.05 Y187.394 E.01959
G1 X63.074 Y187.347 E.00079
;WIDTH:0.302476
G1 X63.097 Y187.3 E.00108
;WIDTH:0.349668
G1 X63.121 Y187.253 E.00128
;WIDTH:0.39686
G1 X63.144 Y187.206 E.00148
;WIDTH:0.431684
G1 X63.15 Y128.306 E1.80993
G1 X63.744 Y128.1 F30000
;WIDTH:0.430842
G1 F15000
G1 X193.056 Y128.1 E3.96502
;WIDTH:0.469667
G1 X193.217 Y128.133 E.00554
G1 X193.233 Y128.214 E.00277
;WIDTH:0.447481
G1 X193.25 Y128.294 E.00262
;WIDTH:0.430842
G1 X193.25 Y188.706 E1.85238
;WIDTH:0.469667
G1 X193.217 Y188.867 E.00554
G1 X193.136 Y188.883 E.00277
;WIDTH:0.447481
G1 X193.056 Y188.9 E.00262
;WIDTH:0.430842
G1 X76.344 Y188.9 E3.57867
G1 E-.728 F1800
;WIPE_START
G1 F30000
G1 X77.544 Y188.9 E-.072
;WIPE_END
G1 X74.877 Y189.75 Z5.2
G1 Z4.8
G1 E.8 F1800
;WIDTH:0.517526
G1 F13963.988
G1 X68.363 Y189.75 E.24439
G1 E-.728 F1800
;WIPE_START
G1 F30000
G1 X69.563 Y189.75 E-.072
;WIPE_END
G1 X69.401 Y182.119 Z5.2
G1 X68.159 Y123.609 Z5.2
G1 Z4.8
G1 E.8 F1800
;TYPE:Inner wall
;WIDTH:0.45
G1 F6000
G1 X75.6 Y123.609 E.23941
G1 X74.785 Y124.433 E.0373
G1 X74.647 Y124.491 E.0048
G1 X68.159 Y124.491 E.20875
G1 X68.159 Y123.649 E.02708
M73 P48 R40
G1 X67.752 Y123.202 F30000
G1 F6000
G1 X76.148 Y123.202 E.27015
G1 X76.148 Y123.634 E.01389
G1 X75.017 Y124.778 E.05177
G1 X74.728 Y124.898 E.01005
G1 X67.752 Y124.898 E.22447
G1 X67.752 Y123.242 E.05328
G1 E-.728 F1800
;WIPE_START
G1 F30000
G1 X68.952 Y123.236 E-.072
;WIPE_END
G1 X63.548 Y119.559 Z5.2
G1 Z4.8
G1 E.8 F1800
G1 F6000
G1 X63.548 Y121.898 E.07526
G1 X63.348 Y121.898 E.00644
G1 X63.348 Y123.198 E.04183
G1 X62.752 Y123.198 E.01917
G1 X62.752 Y62.402 E1.95621
G1 X63.548 Y62.402 E.02561
G1 X63.548 Y119.519 E1.83783
G1 E-.728 F1800
;WIPE_START
G1 F30000
G1 X63.548 Y120.719 E-.072
;WIPE_END
G1 X67.36 Y123.59 Z5.2
G1 Z4.8
M73 P48 R39
G1 E.8 F1800
SET_VELOCITY_LIMIT ACCEL=5000
;TYPE:Outer wall
;WIDTH:0.42
G1 F3600
G1 X64.96 Y123.59 E.07153
G1 X64.96 Y122.81 E.02325
G1 X192.86 Y122.81 E3.81211
G1 X192.86 Y62.79 E1.78892
G1 X63.94 Y62.79 E3.84251
G1 X63.94 Y122.29 E1.77342
G1 X63.74 Y122.29 E.00596
G1 X63.74 Y123.59 E.03875
G1 X62.36 Y123.59 E.04113
G1 X62.36 Y62.01 E1.83542
G1 X193.64 Y62.01 E3.91285
G1 X193.64 Y123.59 E1.83542
G1 X76.54 Y123.59 E3.49021
G1 X76.54 Y123.795 E.0061
G1 X75.24 Y125.109 E.0551
G1 X74.807 Y125.29 E.014
G1 X67.537 Y125.29 E.21668
G1 X67.36 Y125.113 E.00746
G1 X67.36 Y123.63 E.0442
G1 X67.556 Y123.2 F30000
SET_VELOCITY_LIMIT ACCEL=10000
;TYPE:Gap infill
;WIDTH:0.430842
G1 F15000
G1 X65.156 Y123.2 E.07359
G1 E-.728 F1800
;WIPE_START
G1 F30000
G1 X66.356 Y123.2 E-.072
;WIPE_END
G1 X63.05 Y122.994 Z5.2
G1 Z4.8
G1 E.8 F1800
;WIDTH:0.233529
G1 F15000
G1 X63.05 Y121.694 E.01959
G1 X63.074 Y121.647 E.00079
;WIDTH:0.302476
G1 X63.097 Y121.6 E.00108
;WIDTH:0.349668
G1 X63.121 Y121.553 E.00128
;WIDTH:0.39686
G1 X63.144 Y121.506 E.00148
;WIDTH:0.431684
G1 X63.15 Y62.606 E1.80993
G1 X63.744 Y62.4 F30000
;WIDTH:0.430842
G1 F15000
G1 X193.056 Y62.4 E3.96502
;WIDTH:0.469667
G1 X193.217 Y62.433 E.00554
G1 X193.233 Y62.514 E.00277
;WIDTH:0.447481
G1 X193.25 Y62.594 E.00262
;WIDTH:0.430842
G1 X193.25 Y123.006 E1.85238
;WIDTH:0.469667
G1 X193.217 Y123.167 E.00554
G1 X193.136 Y123.183 E.00277
;WIDTH:0.447481
G1 X193.056 Y123.2 E.00262
;WIDTH:0.430842
G1 X76.344 Y123.2 E3.57867
G1 E-.728 F1800
;WIPE_START
G1 F30000
G1 X77.544 Y123.2 E-.072
;WIPE_END
G1 X74.877 Y124.05 Z5.2
G1 Z4.8
G1 E.8 F1800
;WIDTH:0.517526
G1 F13963.988
G1 X68.363 Y124.05 E.24439
;LAYER_CHANGE
;Z:5
;HEIGHT:0.2
;BEFORE_LAYER_CHANGE
;5
G92 E0

G1 E-.728 F1800
;WIPE_START
G1 F30000
G1 X69.563 Y124.05 E-.072
;WIPE_END
M73 L25
;LAYER:25
SET_PRINT_STATS_INFO TOTAL_LAYER=93 CURRENT_LAYER=25
;_SET_FAN_SPEED_CHANGING_LAYER

G1 X69.0841 Y124.991 Z5.05714
G1 X68.0498 Y125.204 Z5.11429
G1 X67.2385 Y124.528 Z5.17143
G1 X67.2612 Y123.472 Z5.22857
G1 X68.1008 Y122.832 Z5.28571
G1 X69.1251 Y123.089 Z5.34286
G1 X69.5627 Y124.05 Z5.4
G1 X68.159 Y189.309 Z5.4
G1 Z5
G1 E.8 F1800
;TYPE:Inner wall
;WIDTH:0.45
G1 F6000
G1 X75.6 Y189.309 E.23941
G1 X74.785 Y190.133 E.0373
G1 X74.647 Y190.191 E.0048
G1 X68.159 Y190.191 E.20875
G1 X68.159 Y189.349 E.02708
G1 X67.752 Y188.902 F30000
G1 F6000
G1 X76.148 Y188.902 E.27015
G1 X76.148 Y189.334 E.01389
G1 X75.017 Y190.478 E.05177
G1 X74.728 Y190.598 E.01005
G1 X67.752 Y190.598 E.22447
G1 X67.752 Y188.942 E.05328
G1 E-.728 F1800
;WIPE_START
G1 F30000
G1 X68.952 Y188.936 E-.072
;WIPE_END
G1 X63.548 Y185.259 Z5.4
G1 Z5
G1 E.8 F1800
G1 F6000
G1 X63.548 Y187.598 E.07526
G1 X63.348 Y187.598 E.00644
G1 X63.348 Y188.898 E.04183
G1 X62.752 Y188.898 E.01917
G1 X62.752 Y128.102 E1.95621
G1 X63.548 Y128.102 E.02561
G1 X63.548 Y185.219 E1.83783
G1 E-.728 F1800
;WIPE_START
G1 F30000
G1 X63.548 Y186.419 E-.072
;WIPE_END
G1 X67.36 Y189.29 Z5.4
G1 Z5
G1 E.8 F1800
SET_VELOCITY_LIMIT ACCEL=5000
;TYPE:Outer wall
;WIDTH:0.42
G1 F3600
G1 X64.96 Y189.29 E.07153
G1 X64.96 Y188.51 E.02325
G1 X192.86 Y188.51 E3.81211
G1 X192.86 Y128.49 E1.78892
G1 X63.94 Y128.49 E3.84251
G1 X63.94 Y187.99 E1.77342
G1 X63.74 Y187.99 E.00596
G1 X63.74 Y189.29 E.03875
G1 X62.36 Y189.29 E.04113
G1 X62.36 Y127.71 E1.83542
G1 X193.64 Y127.71 E3.91285
G1 X193.64 Y189.29 E1.83542
G1 X76.54 Y189.29 E3.49021
G1 X76.54 Y189.495 E.0061
G1 X75.24 Y190.809 E.0551
G1 X74.807 Y190.99 E.014
G1 X67.537 Y190.99 E.21668
G1 X67.36 Y190.813 E.00746
G1 X67.36 Y189.33 E.0442
G1 X67.556 Y188.9 F30000
SET_VELOCITY_LIMIT ACCEL=10000
;TYPE:Gap infill
;WIDTH:0.430842
G1 F15000
G1 X65.156 Y188.9 E.07359
G1 E-.728 F1800
;WIPE_START
G1 F30000
G1 X66.356 Y188.9 E-.072
;WIPE_END
G1 X63.05 Y188.694 Z5.4
G1 Z5
G1 E.8 F1800
;WIDTH:0.233529
G1 F15000
G1 X63.05 Y187.394 E.01959
G1 X63.074 Y187.347 E.00079
;WIDTH:0.302476
G1 X63.097 Y187.3 E.00108
;WIDTH:0.349668
G1 X63.121 Y187.253 E.00128
;WIDTH:0.39686
G1 X63.144 Y187.206 E.00148
;WIDTH:0.431684
G1 X63.15 Y128.306 E1.80993
G1 X63.744 Y128.1 F30000
;WIDTH:0.430842
G1 F15000
G1 X193.056 Y128.1 E3.96502
;WIDTH:0.469667
G1 X193.217 Y128.133 E.00554
G1 X193.233 Y128.214 E.00277
;WIDTH:0.447481
G1 X193.25 Y128.294 E.00262
;WIDTH:0.430842
G1 X193.25 Y188.706 E1.85238
;WIDTH:0.469667
G1 X193.217 Y188.867 E.00554
G1 X193.136 Y188.883 E.00277
;WIDTH:0.447481
G1 X193.056 Y188.9 E.00262
;WIDTH:0.430842
G1 X76.344 Y188.9 E3.57867
G1 E-.728 F1800
;WIPE_START
G1 F30000
G1 X77.544 Y188.9 E-.072
;WIPE_END
G1 X74.877 Y189.75 Z5.4
G1 Z5
G1 E.8 F1800
;WIDTH:0.517526
G1 F13963.988
G1 X68.363 Y189.75 E.24439
G1 E-.728 F1800
;WIPE_START
G1 F30000
G1 X69.563 Y189.75 E-.072
;WIPE_END
G1 X69.401 Y182.119 Z5.4
G1 X68.159 Y123.609 Z5.4
G1 Z5
G1 E.8 F1800
;TYPE:Inner wall
;WIDTH:0.45
G1 F6000
G1 X75.6 Y123.609 E.23941
G1 X74.785 Y124.433 E.0373
G1 X74.647 Y124.491 E.0048
G1 X68.159 Y124.491 E.20875
G1 X68.159 Y123.649 E.02708
G1 X67.752 Y123.202 F30000
G1 F6000
G1 X76.148 Y123.202 E.27015
G1 X76.148 Y123.634 E.01389
G1 X75.017 Y124.778 E.05177
G1 X74.728 Y124.898 E.01005
G1 X67.752 Y124.898 E.22447
G1 X67.752 Y123.242 E.05328
G1 E-.728 F1800
;WIPE_START
G1 F30000
G1 X68.952 Y123.236 E-.072
;WIPE_END
G1 X63.548 Y119.559 Z5.4
G1 Z5
G1 E.8 F1800
G1 F6000
G1 X63.548 Y121.898 E.07526
G1 X63.348 Y121.898 E.00644
G1 X63.348 Y123.198 E.04183
G1 X62.752 Y123.198 E.01917
G1 X62.752 Y62.402 E1.95621
G1 X63.548 Y62.402 E.02561
G1 X63.548 Y119.519 E1.83783
G1 E-.728 F1800
;WIPE_START
G1 F30000
G1 X63.548 Y120.719 E-.072
;WIPE_END
G1 X67.36 Y123.59 Z5.4
G1 Z5
G1 E.8 F1800
SET_VELOCITY_LIMIT ACCEL=5000
;TYPE:Outer wall
;WIDTH:0.42
G1 F3600
G1 X64.96 Y123.59 E.07153
G1 X64.96 Y122.81 E.02325
G1 X192.86 Y122.81 E3.81211
G1 X192.86 Y62.79 E1.78892
G1 X63.94 Y62.79 E3.84251
G1 X63.94 Y122.29 E1.77342
G1 X63.74 Y122.29 E.00596
G1 X63.74 Y123.59 E.03875
G1 X62.36 Y123.59 E.04113
G1 X62.36 Y62.01 E1.83542
G1 X193.64 Y62.01 E3.91285
G1 X193.64 Y123.59 E1.83542
M73 P49 R39
G1 X76.54 Y123.59 E3.49021
G1 X76.54 Y123.795 E.0061
G1 X75.24 Y125.109 E.0551
G1 X74.807 Y125.29 E.014
G1 X67.537 Y125.29 E.21668
G1 X67.36 Y125.113 E.00746
G1 X67.36 Y123.63 E.0442
G1 X67.556 Y123.2 F30000
SET_VELOCITY_LIMIT ACCEL=10000
;TYPE:Gap infill
;WIDTH:0.430842
G1 F15000
G1 X65.156 Y123.2 E.07359
G1 E-.728 F1800
;WIPE_START
G1 F30000
G1 X66.356 Y123.2 E-.072
;WIPE_END
G1 X63.05 Y122.994 Z5.4
G1 Z5
G1 E.8 F1800
;WIDTH:0.233529
G1 F15000
G1 X63.05 Y121.694 E.01959
G1 X63.074 Y121.647 E.00079
;WIDTH:0.302476
G1 X63.097 Y121.6 E.00108
;WIDTH:0.349668
G1 X63.121 Y121.553 E.00128
;WIDTH:0.39686
G1 X63.144 Y121.506 E.00148
;WIDTH:0.431684
G1 X63.15 Y62.606 E1.80993
G1 X63.744 Y62.4 F30000
;WIDTH:0.430842
G1 F15000
G1 X193.056 Y62.4 E3.96502
;WIDTH:0.469667
G1 X193.217 Y62.433 E.00554
G1 X193.233 Y62.514 E.00277
;WIDTH:0.447481
G1 X193.25 Y62.594 E.00262
;WIDTH:0.430842
G1 X193.25 Y123.006 E1.85238
;WIDTH:0.469667
G1 X193.217 Y123.167 E.00554
G1 X193.136 Y123.183 E.00277
;WIDTH:0.447481
G1 X193.056 Y123.2 E.00262
;WIDTH:0.430842
G1 X76.344 Y123.2 E3.57867
G1 E-.728 F1800
;WIPE_START
G1 F30000
G1 X77.544 Y123.2 E-.072
;WIPE_END
G1 X74.877 Y124.05 Z5.4
G1 Z5
G1 E.8 F1800
;WIDTH:0.517526
G1 F13963.988
G1 X68.363 Y124.05 E.24439
;LAYER_CHANGE
;Z:5.2
;HEIGHT:0.2
;BEFORE_LAYER_CHANGE
;5.2
G92 E0

G1 E-.728 F1800
;WIPE_START
G1 F30000
G1 X69.563 Y124.05 E-.072
;WIPE_END
M73 L26
;LAYER:26
SET_PRINT_STATS_INFO TOTAL_LAYER=93 CURRENT_LAYER=26
;_SET_FAN_SPEED_CHANGING_LAYER

G1 X69.0841 Y124.991 Z5.25714
G1 X68.0498 Y125.204 Z5.31429
G1 X67.2385 Y124.528 Z5.37143
G1 X67.2612 Y123.472 Z5.42857
G1 X68.1008 Y122.832 Z5.48571
G1 X69.1251 Y123.089 Z5.54286
G1 X69.5627 Y124.05 Z5.6
G1 X68.159 Y189.309 Z5.6
G1 Z5.2
G1 E.8 F1800
;TYPE:Inner wall
;WIDTH:0.45
G1 F6000
G1 X75.6 Y189.309 E.23941
G1 X74.785 Y190.133 E.0373
G1 X74.647 Y190.191 E.0048
G1 X68.159 Y190.191 E.20875
G1 X68.159 Y189.349 E.02708
G1 X67.752 Y188.902 F30000
G1 F6000
G1 X76.148 Y188.902 E.27015
G1 X76.148 Y189.334 E.01389
G1 X75.017 Y190.478 E.05177
G1 X74.728 Y190.598 E.01005
G1 X67.752 Y190.598 E.22447
G1 X67.752 Y188.942 E.05328
G1 E-.728 F1800
;WIPE_START
G1 F30000
G1 X68.952 Y188.936 E-.072
;WIPE_END
G1 X63.548 Y185.259 Z5.6
G1 Z5.2
G1 E.8 F1800
G1 F6000
G1 X63.548 Y187.598 E.07526
G1 X63.348 Y187.598 E.00644
G1 X63.348 Y188.898 E.04183
G1 X62.752 Y188.898 E.01917
G1 X62.752 Y128.102 E1.95621
G1 X63.548 Y128.102 E.02561
G1 X63.548 Y185.219 E1.83783
G1 E-.728 F1800
;WIPE_START
G1 F30000
G1 X63.548 Y186.419 E-.072
;WIPE_END
G1 X67.36 Y189.29 Z5.6
G1 Z5.2
G1 E.8 F1800
SET_VELOCITY_LIMIT ACCEL=5000
;TYPE:Outer wall
;WIDTH:0.42
G1 F3600
G1 X64.96 Y189.29 E.07153
G1 X64.96 Y188.51 E.02325
G1 X192.86 Y188.51 E3.81211
G1 X192.86 Y128.49 E1.78892
G1 X63.94 Y128.49 E3.84251
G1 X63.94 Y187.99 E1.77342
G1 X63.74 Y187.99 E.00596
G1 X63.74 Y189.29 E.03875
G1 X62.36 Y189.29 E.04113
G1 X62.36 Y127.71 E1.83542
G1 X193.64 Y127.71 E3.91285
M73 P49 R38
G1 X193.64 Y189.29 E1.83542
G1 X76.54 Y189.29 E3.49021
G1 X76.54 Y189.495 E.0061
G1 X75.24 Y190.809 E.0551
G1 X74.807 Y190.99 E.014
G1 X67.537 Y190.99 E.21668
G1 X67.36 Y190.813 E.00746
G1 X67.36 Y189.33 E.0442
G1 X67.556 Y188.9 F30000
SET_VELOCITY_LIMIT ACCEL=10000
;TYPE:Gap infill
;WIDTH:0.430842
G1 F15000
G1 X65.156 Y188.9 E.07359
G1 E-.728 F1800
;WIPE_START
G1 F30000
G1 X66.356 Y188.9 E-.072
;WIPE_END
G1 X63.05 Y188.694 Z5.6
G1 Z5.2
G1 E.8 F1800
;WIDTH:0.233529
G1 F15000
G1 X63.05 Y187.394 E.01959
G1 X63.074 Y187.347 E.00079
;WIDTH:0.302476
G1 X63.097 Y187.3 E.00108
;WIDTH:0.349668
G1 X63.121 Y187.253 E.00128
;WIDTH:0.39686
G1 X63.144 Y187.206 E.00148
;WIDTH:0.431684
G1 X63.15 Y128.306 E1.80993
G1 X63.744 Y128.1 F30000
;WIDTH:0.430842
G1 F15000
G1 X193.056 Y128.1 E3.96502
;WIDTH:0.469667
G1 X193.217 Y128.133 E.00554
G1 X193.233 Y128.214 E.00277
;WIDTH:0.447481
G1 X193.25 Y128.294 E.00262
;WIDTH:0.430842
G1 X193.25 Y188.706 E1.85238
;WIDTH:0.469667
G1 X193.217 Y188.867 E.00554
G1 X193.136 Y188.883 E.00277
;WIDTH:0.447481
G1 X193.056 Y188.9 E.00262
;WIDTH:0.430842
G1 X76.344 Y188.9 E3.57867
G1 E-.728 F1800
;WIPE_START
G1 F30000
G1 X77.544 Y188.9 E-.072
;WIPE_END
G1 X74.877 Y189.75 Z5.6
G1 Z5.2
G1 E.8 F1800
;WIDTH:0.517526
G1 F13963.988
G1 X68.363 Y189.75 E.24439
G1 E-.728 F1800
;WIPE_START
G1 F30000
G1 X69.563 Y189.75 E-.072
;WIPE_END
G1 X69.401 Y182.119 Z5.6
G1 X68.159 Y123.609 Z5.6
G1 Z5.2
G1 E.8 F1800
;TYPE:Inner wall
;WIDTH:0.45
G1 F6000
G1 X75.6 Y123.609 E.23941
G1 X74.785 Y124.433 E.0373
G1 X74.647 Y124.491 E.0048
G1 X68.159 Y124.491 E.20875
G1 X68.159 Y123.649 E.02708
G1 X67.752 Y123.202 F30000
G1 F6000
G1 X76.148 Y123.202 E.27015
G1 X76.148 Y123.634 E.01389
G1 X75.017 Y124.778 E.05177
G1 X74.728 Y124.898 E.01005
G1 X67.752 Y124.898 E.22447
G1 X67.752 Y123.242 E.05328
G1 E-.728 F1800
;WIPE_START
G1 F30000
G1 X68.952 Y123.236 E-.072
;WIPE_END
G1 X63.548 Y119.559 Z5.6
G1 Z5.2
G1 E.8 F1800
G1 F6000
G1 X63.548 Y121.898 E.07526
G1 X63.348 Y121.898 E.00644
G1 X63.348 Y123.198 E.04183
G1 X62.752 Y123.198 E.01917
G1 X62.752 Y62.402 E1.95621
G1 X63.548 Y62.402 E.02561
G1 X63.548 Y119.519 E1.83783
G1 E-.728 F1800
;WIPE_START
G1 F30000
G1 X63.548 Y120.719 E-.072
;WIPE_END
G1 X67.36 Y123.59 Z5.6
G1 Z5.2
G1 E.8 F1800
SET_VELOCITY_LIMIT ACCEL=5000
;TYPE:Outer wall
;WIDTH:0.42
G1 F3600
G1 X64.96 Y123.59 E.07153
G1 X64.96 Y122.81 E.02325
G1 X192.86 Y122.81 E3.81211
G1 X192.86 Y62.79 E1.78892
G1 X63.94 Y62.79 E3.84251
G1 X63.94 Y122.29 E1.77342
G1 X63.74 Y122.29 E.00596
G1 X63.74 Y123.59 E.03875
G1 X62.36 Y123.59 E.04113
G1 X62.36 Y62.01 E1.83542
G1 X193.64 Y62.01 E3.91285
G1 X193.64 Y123.59 E1.83542
G1 X76.54 Y123.59 E3.49021
G1 X76.54 Y123.795 E.0061
G1 X75.24 Y125.109 E.0551
G1 X74.807 Y125.29 E.014
G1 X67.537 Y125.29 E.21668
G1 X67.36 Y125.113 E.00746
G1 X67.36 Y123.63 E.0442
G1 X67.556 Y123.2 F30000
SET_VELOCITY_LIMIT ACCEL=10000
;TYPE:Gap infill
;WIDTH:0.430842
G1 F15000
G1 X65.156 Y123.2 E.07359
G1 E-.728 F1800
;WIPE_START
G1 F30000
G1 X66.356 Y123.2 E-.072
;WIPE_END
G1 X63.05 Y122.994 Z5.6
G1 Z5.2
G1 E.8 F1800
;WIDTH:0.233529
G1 F15000
G1 X63.05 Y121.694 E.01959
G1 X63.074 Y121.647 E.00079
;WIDTH:0.302476
G1 X63.097 Y121.6 E.00108
;WIDTH:0.349668
G1 X63.121 Y121.553 E.00128
;WIDTH:0.39686
G1 X63.144 Y121.506 E.00148
;WIDTH:0.431684
G1 X63.15 Y62.606 E1.80993
G1 X63.744 Y62.4 F30000
;WIDTH:0.430842
G1 F15000
G1 X193.056 Y62.4 E3.96502
;WIDTH:0.469667
G1 X193.217 Y62.433 E.00554
G1 X193.233 Y62.514 E.00277
;WIDTH:0.447481
G1 X193.25 Y62.594 E.00262
;WIDTH:0.430842
G1 X193.25 Y123.006 E1.85238
;WIDTH:0.469667
G1 X193.217 Y123.167 E.00554
G1 X193.136 Y123.183 E.00277
;WIDTH:0.447481
G1 X193.056 Y123.2 E.00262
;WIDTH:0.430842
G1 X76.344 Y123.2 E3.57867
G1 E-.728 F1800
;WIPE_START
G1 F30000
G1 X77.544 Y123.2 E-.072
;WIPE_END
G1 X74.877 Y124.05 Z5.6
G1 Z5.2
G1 E.8 F1800
;WIDTH:0.517526
G1 F13963.988
G1 X68.363 Y124.05 E.24439
;LAYER_CHANGE
;Z:5.4
;HEIGHT:0.2
;BEFORE_LAYER_CHANGE
;5.4
G92 E0

G1 E-.728 F1800
;WIPE_START
G1 F30000
G1 X69.563 Y124.05 E-.072
;WIPE_END
M73 L27
;LAYER:27
SET_PRINT_STATS_INFO TOTAL_LAYER=93 CURRENT_LAYER=27
;_SET_FAN_SPEED_CHANGING_LAYER

G1 X69.0841 Y124.991 Z5.45714
G1 X68.0498 Y125.204 Z5.51429
G1 X67.2385 Y124.528 Z5.57143
G1 X67.2612 Y123.472 Z5.62857
G1 X68.1008 Y122.832 Z5.68571
G1 X69.1251 Y123.089 Z5.74286
G1 X69.5627 Y124.05 Z5.8
G1 X68.159 Y189.309 Z5.8
G1 Z5.4
G1 E.8 F1800
;TYPE:Inner wall
;WIDTH:0.45
G1 F6000
G1 X75.6 Y189.309 E.23941
G1 X74.785 Y190.133 E.0373
G1 X74.647 Y190.191 E.0048
G1 X68.159 Y190.191 E.20875
G1 X68.159 Y189.349 E.02708
G1 X67.752 Y188.902 F30000
G1 F6000
G1 X76.148 Y188.902 E.27015
G1 X76.148 Y189.334 E.01389
G1 X75.017 Y190.478 E.05177
G1 X74.728 Y190.598 E.01005
G1 X67.752 Y190.598 E.22447
G1 X67.752 Y188.942 E.05328
G1 E-.728 F1800
;WIPE_START
G1 F30000
G1 X68.952 Y188.936 E-.072
;WIPE_END
G1 X63.548 Y185.259 Z5.8
G1 Z5.4
G1 E.8 F1800
G1 F6000
G1 X63.548 Y187.598 E.07526
G1 X63.348 Y187.598 E.00644
G1 X63.348 Y188.898 E.04183
G1 X62.752 Y188.898 E.01917
G1 X62.752 Y128.102 E1.95621
G1 X63.548 Y128.102 E.02561
G1 X63.548 Y185.219 E1.83783
G1 E-.728 F1800
;WIPE_START
G1 F30000
G1 X63.548 Y186.419 E-.072
;WIPE_END
G1 X67.36 Y189.29 Z5.8
G1 Z5.4
G1 E.8 F1800
SET_VELOCITY_LIMIT ACCEL=5000
;TYPE:Outer wall
;WIDTH:0.42
G1 F3600
G1 X64.96 Y189.29 E.07153
G1 X64.96 Y188.51 E.02325
G1 X192.86 Y188.51 E3.81211
G1 X192.86 Y128.49 E1.78892
G1 X63.94 Y128.49 E3.84251
M73 P50 R38
G1 X63.94 Y187.99 E1.77342
G1 X63.74 Y187.99 E.00596
G1 X63.74 Y189.29 E.03875
G1 X62.36 Y189.29 E.04113
G1 X62.36 Y127.71 E1.83542
G1 X193.64 Y127.71 E3.91285
G1 X193.64 Y189.29 E1.83542
G1 X76.54 Y189.29 E3.49021
G1 X76.54 Y189.495 E.0061
G1 X75.24 Y190.809 E.0551
G1 X74.807 Y190.99 E.014
G1 X67.537 Y190.99 E.21668
G1 X67.36 Y190.813 E.00746
G1 X67.36 Y189.33 E.0442
G1 X67.556 Y188.9 F30000
SET_VELOCITY_LIMIT ACCEL=10000
;TYPE:Gap infill
;WIDTH:0.430842
G1 F15000
G1 X65.156 Y188.9 E.07359
G1 E-.728 F1800
;WIPE_START
G1 F30000
G1 X66.356 Y188.9 E-.072
;WIPE_END
G1 X63.05 Y188.694 Z5.8
G1 Z5.4
G1 E.8 F1800
;WIDTH:0.233529
G1 F15000
G1 X63.05 Y187.394 E.01959
G1 X63.074 Y187.347 E.00079
;WIDTH:0.302476
G1 X63.097 Y187.3 E.00108
;WIDTH:0.349668
G1 X63.121 Y187.253 E.00128
;WIDTH:0.39686
G1 X63.144 Y187.206 E.00148
;WIDTH:0.431684
G1 X63.15 Y128.306 E1.80993
G1 X63.744 Y128.1 F30000
;WIDTH:0.430842
G1 F15000
G1 X193.056 Y128.1 E3.96502
;WIDTH:0.469667
G1 X193.217 Y128.133 E.00554
G1 X193.233 Y128.214 E.00277
;WIDTH:0.447481
G1 X193.25 Y128.294 E.00262
;WIDTH:0.430842
G1 X193.25 Y188.706 E1.85238
;WIDTH:0.469667
G1 X193.217 Y188.867 E.00554
G1 X193.136 Y188.883 E.00277
;WIDTH:0.447481
G1 X193.056 Y188.9 E.00262
;WIDTH:0.430842
G1 X76.344 Y188.9 E3.57867
G1 E-.728 F1800
;WIPE_START
G1 F30000
G1 X77.544 Y188.9 E-.072
;WIPE_END
G1 X74.877 Y189.75 Z5.8
G1 Z5.4
G1 E.8 F1800
;WIDTH:0.517526
G1 F13963.988
G1 X68.363 Y189.75 E.24439
G1 E-.728 F1800
;WIPE_START
G1 F30000
G1 X69.563 Y189.75 E-.072
;WIPE_END
G1 X69.401 Y182.119 Z5.8
G1 X68.159 Y123.609 Z5.8
G1 Z5.4
G1 E.8 F1800
;TYPE:Inner wall
;WIDTH:0.45
G1 F6000
G1 X75.6 Y123.609 E.23941
G1 X74.785 Y124.433 E.0373
G1 X74.647 Y124.491 E.0048
G1 X68.159 Y124.491 E.20875
G1 X68.159 Y123.649 E.02708
G1 X67.752 Y123.202 F30000
G1 F6000
G1 X76.148 Y123.202 E.27015
G1 X76.148 Y123.634 E.01389
G1 X75.017 Y124.778 E.05177
G1 X74.728 Y124.898 E.01005
G1 X67.752 Y124.898 E.22447
G1 X67.752 Y123.242 E.05328
G1 E-.728 F1800
;WIPE_START
G1 F30000
G1 X68.952 Y123.236 E-.072
;WIPE_END
G1 X63.548 Y119.559 Z5.8
G1 Z5.4
G1 E.8 F1800
G1 F6000
G1 X63.548 Y121.898 E.07526
G1 X63.348 Y121.898 E.00644
G1 X63.348 Y123.198 E.04183
G1 X62.752 Y123.198 E.01917
G1 X62.752 Y62.402 E1.95621
G1 X63.548 Y62.402 E.02561
G1 X63.548 Y119.519 E1.83783
G1 E-.728 F1800
;WIPE_START
G1 F30000
G1 X63.548 Y120.719 E-.072
;WIPE_END
G1 X67.36 Y123.59 Z5.8
G1 Z5.4
G1 E.8 F1800
SET_VELOCITY_LIMIT ACCEL=5000
;TYPE:Outer wall
;WIDTH:0.42
G1 F3600
G1 X64.96 Y123.59 E.07153
G1 X64.96 Y122.81 E.02325
G1 X192.86 Y122.81 E3.81211
G1 X192.86 Y62.79 E1.78892
G1 X63.94 Y62.79 E3.84251
G1 X63.94 Y122.29 E1.77342
G1 X63.74 Y122.29 E.00596
G1 X63.74 Y123.59 E.03875
G1 X62.36 Y123.59 E.04113
G1 X62.36 Y62.01 E1.83542
G1 X193.64 Y62.01 E3.91285
G1 X193.64 Y123.59 E1.83542
G1 X76.54 Y123.59 E3.49021
G1 X76.54 Y123.795 E.0061
G1 X75.24 Y125.109 E.0551
G1 X74.807 Y125.29 E.014
G1 X67.537 Y125.29 E.21668
G1 X67.36 Y125.113 E.00746
G1 X67.36 Y123.63 E.0442
G1 X67.556 Y123.2 F30000
SET_VELOCITY_LIMIT ACCEL=10000
;TYPE:Gap infill
;WIDTH:0.430842
G1 F15000
G1 X65.156 Y123.2 E.07359
G1 E-.728 F1800
;WIPE_START
G1 F30000
G1 X66.356 Y123.2 E-.072
;WIPE_END
G1 X63.05 Y122.994 Z5.8
G1 Z5.4
G1 E.8 F1800
;WIDTH:0.233529
G1 F15000
G1 X63.05 Y121.694 E.01959
G1 X63.074 Y121.647 E.00079
;WIDTH:0.302476
G1 X63.097 Y121.6 E.00108
;WIDTH:0.349668
G1 X63.121 Y121.553 E.00128
;WIDTH:0.39686
G1 X63.144 Y121.506 E.00148
;WIDTH:0.431684
G1 X63.15 Y62.606 E1.80993
G1 X63.744 Y62.4 F30000
;WIDTH:0.430842
G1 F15000
G1 X193.056 Y62.4 E3.96502
;WIDTH:0.469667
G1 X193.217 Y62.433 E.00554
G1 X193.233 Y62.514 E.00277
;WIDTH:0.447481
G1 X193.25 Y62.594 E.00262
;WIDTH:0.430842
G1 X193.25 Y123.006 E1.85238
;WIDTH:0.469667
G1 X193.217 Y123.167 E.00554
G1 X193.136 Y123.183 E.00277
;WIDTH:0.447481
G1 X193.056 Y123.2 E.00262
;WIDTH:0.430842
G1 X76.344 Y123.2 E3.57867
G1 E-.728 F1800
;WIPE_START
G1 F30000
G1 X77.544 Y123.2 E-.072
;WIPE_END
G1 X74.877 Y124.05 Z5.8
G1 Z5.4
G1 E.8 F1800
;WIDTH:0.517526
G1 F13963.988
G1 X68.363 Y124.05 E.24439
;LAYER_CHANGE
;Z:5.6
;HEIGHT:0.2
;BEFORE_LAYER_CHANGE
;5.6
G92 E0

G1 E-.728 F1800
M73 P50 R37
;WIPE_START
G1 F30000
G1 X69.563 Y124.05 E-.072
;WIPE_END
M73 L28
;LAYER:28
SET_PRINT_STATS_INFO TOTAL_LAYER=93 CURRENT_LAYER=28
;_SET_FAN_SPEED_CHANGING_LAYER

G1 X69.0841 Y124.991 Z5.65714
G1 X68.0498 Y125.204 Z5.71429
G1 X67.2385 Y124.528 Z5.77143
G1 X67.2612 Y123.472 Z5.82857
G1 X68.1008 Y122.832 Z5.88571
G1 X69.1251 Y123.089 Z5.94286
G1 X69.5627 Y124.05 Z6
G1 X68.159 Y189.309 Z6
G1 Z5.6
G1 E.8 F1800
;TYPE:Inner wall
;WIDTH:0.45
G1 F6000
G1 X75.6 Y189.309 E.23941
G1 X74.785 Y190.133 E.0373
G1 X74.647 Y190.191 E.0048
G1 X68.159 Y190.191 E.20875
G1 X68.159 Y189.349 E.02708
G1 X67.752 Y188.902 F30000
G1 F6000
G1 X76.148 Y188.902 E.27015
G1 X76.148 Y189.334 E.01389
G1 X75.017 Y190.478 E.05177
G1 X74.728 Y190.598 E.01005
G1 X67.752 Y190.598 E.22447
G1 X67.752 Y188.942 E.05328
G1 E-.728 F1800
;WIPE_START
G1 F30000
G1 X68.952 Y188.936 E-.072
;WIPE_END
G1 X63.548 Y185.259 Z6
G1 Z5.6
G1 E.8 F1800
G1 F6000
G1 X63.548 Y187.598 E.07526
G1 X63.348 Y187.598 E.00644
G1 X63.348 Y188.898 E.04183
G1 X62.752 Y188.898 E.01917
G1 X62.752 Y128.102 E1.95621
G1 X63.548 Y128.102 E.02561
G1 X63.548 Y185.219 E1.83783
G1 E-.728 F1800
;WIPE_START
G1 F30000
G1 X63.548 Y186.419 E-.072
;WIPE_END
G1 X67.36 Y189.29 Z6
G1 Z5.6
G1 E.8 F1800
SET_VELOCITY_LIMIT ACCEL=5000
;TYPE:Outer wall
;WIDTH:0.42
G1 F3600
G1 X64.96 Y189.29 E.07153
G1 X64.96 Y188.51 E.02325
G1 X192.86 Y188.51 E3.81211
G1 X192.86 Y128.49 E1.78892
G1 X63.94 Y128.49 E3.84251
G1 X63.94 Y187.99 E1.77342
G1 X63.74 Y187.99 E.00596
G1 X63.74 Y189.29 E.03875
G1 X62.36 Y189.29 E.04113
G1 X62.36 Y127.71 E1.83542
G1 X193.64 Y127.71 E3.91285
G1 X193.64 Y189.29 E1.83542
G1 X76.54 Y189.29 E3.49021
G1 X76.54 Y189.495 E.0061
G1 X75.24 Y190.809 E.0551
G1 X74.807 Y190.99 E.014
G1 X67.537 Y190.99 E.21668
G1 X67.36 Y190.813 E.00746
G1 X67.36 Y189.33 E.0442
G1 X67.556 Y188.9 F30000
SET_VELOCITY_LIMIT ACCEL=10000
;TYPE:Gap infill
;WIDTH:0.430842
G1 F15000
G1 X65.156 Y188.9 E.07359
G1 E-.728 F1800
;WIPE_START
G1 F30000
G1 X66.356 Y188.9 E-.072
;WIPE_END
G1 X63.05 Y188.694 Z6
G1 Z5.6
G1 E.8 F1800
;WIDTH:0.233529
G1 F15000
G1 X63.05 Y187.394 E.01959
G1 X63.074 Y187.347 E.00079
;WIDTH:0.302476
G1 X63.097 Y187.3 E.00108
;WIDTH:0.349668
G1 X63.121 Y187.253 E.00128
;WIDTH:0.39686
G1 X63.144 Y187.206 E.00148
;WIDTH:0.431684
G1 X63.15 Y128.306 E1.80993
G1 X63.744 Y128.1 F30000
;WIDTH:0.430842
G1 F15000
G1 X193.056 Y128.1 E3.96502
;WIDTH:0.469667
G1 X193.217 Y128.133 E.00554
G1 X193.233 Y128.214 E.00277
;WIDTH:0.447481
G1 X193.25 Y128.294 E.00262
;WIDTH:0.430842
G1 X193.25 Y188.706 E1.85238
;WIDTH:0.469667
G1 X193.217 Y188.867 E.00554
M73 P51 R37
G1 X193.136 Y188.883 E.00277
;WIDTH:0.447481
G1 X193.056 Y188.9 E.00262
;WIDTH:0.430842
G1 X76.344 Y188.9 E3.57867
G1 E-.728 F1800
;WIPE_START
G1 F30000
G1 X77.544 Y188.9 E-.072
;WIPE_END
G1 X74.877 Y189.75 Z6
G1 Z5.6
G1 E.8 F1800
;WIDTH:0.517526
G1 F13963.988
G1 X68.363 Y189.75 E.24439
G1 E-.728 F1800
;WIPE_START
G1 F30000
G1 X69.563 Y189.75 E-.072
;WIPE_END
G1 X69.401 Y182.119 Z6
G1 X68.159 Y123.609 Z6
G1 Z5.6
G1 E.8 F1800
;TYPE:Inner wall
;WIDTH:0.45
G1 F6000
G1 X75.6 Y123.609 E.23941
G1 X74.785 Y124.433 E.0373
G1 X74.647 Y124.491 E.0048
G1 X68.159 Y124.491 E.20875
G1 X68.159 Y123.649 E.02708
G1 X67.752 Y123.202 F30000
G1 F6000
G1 X76.148 Y123.202 E.27015
G1 X76.148 Y123.634 E.01389
G1 X75.017 Y124.778 E.05177
G1 X74.728 Y124.898 E.01005
G1 X67.752 Y124.898 E.22447
G1 X67.752 Y123.242 E.05328
G1 E-.728 F1800
;WIPE_START
G1 F30000
G1 X68.952 Y123.236 E-.072
;WIPE_END
G1 X63.548 Y119.559 Z6
G1 Z5.6
G1 E.8 F1800
G1 F6000
G1 X63.548 Y121.898 E.07526
G1 X63.348 Y121.898 E.00644
G1 X63.348 Y123.198 E.04183
G1 X62.752 Y123.198 E.01917
G1 X62.752 Y62.402 E1.95621
G1 X63.548 Y62.402 E.02561
G1 X63.548 Y119.519 E1.83783
G1 E-.728 F1800
;WIPE_START
G1 F30000
G1 X63.548 Y120.719 E-.072
;WIPE_END
G1 X67.36 Y123.59 Z6
G1 Z5.6
G1 E.8 F1800
SET_VELOCITY_LIMIT ACCEL=5000
;TYPE:Outer wall
;WIDTH:0.42
G1 F3600
G1 X64.96 Y123.59 E.07153
G1 X64.96 Y122.81 E.02325
G1 X192.86 Y122.81 E3.81211
G1 X192.86 Y62.79 E1.78892
G1 X63.94 Y62.79 E3.84251
G1 X63.94 Y122.29 E1.77342
G1 X63.74 Y122.29 E.00596
G1 X63.74 Y123.59 E.03875
G1 X62.36 Y123.59 E.04113
G1 X62.36 Y62.01 E1.83542
G1 X193.64 Y62.01 E3.91285
G1 X193.64 Y123.59 E1.83542
G1 X76.54 Y123.59 E3.49021
G1 X76.54 Y123.795 E.0061
G1 X75.24 Y125.109 E.0551
G1 X74.807 Y125.29 E.014
G1 X67.537 Y125.29 E.21668
G1 X67.36 Y125.113 E.00746
G1 X67.36 Y123.63 E.0442
G1 X67.556 Y123.2 F30000
SET_VELOCITY_LIMIT ACCEL=10000
;TYPE:Gap infill
;WIDTH:0.430842
G1 F15000
G1 X65.156 Y123.2 E.07359
G1 E-.728 F1800
;WIPE_START
G1 F30000
G1 X66.356 Y123.2 E-.072
;WIPE_END
G1 X63.05 Y122.994 Z6
G1 Z5.6
G1 E.8 F1800
;WIDTH:0.233529
G1 F15000
G1 X63.05 Y121.694 E.01959
G1 X63.074 Y121.647 E.00079
;WIDTH:0.302476
G1 X63.097 Y121.6 E.00108
;WIDTH:0.349668
G1 X63.121 Y121.553 E.00128
;WIDTH:0.39686
G1 X63.144 Y121.506 E.00148
;WIDTH:0.431684
G1 X63.15 Y62.606 E1.80993
G1 X63.744 Y62.4 F30000
;WIDTH:0.430842
G1 F15000
G1 X193.056 Y62.4 E3.96502
;WIDTH:0.469667
G1 X193.217 Y62.433 E.00554
G1 X193.233 Y62.514 E.00277
;WIDTH:0.447481
G1 X193.25 Y62.594 E.00262
;WIDTH:0.430842
G1 X193.25 Y123.006 E1.85238
;WIDTH:0.469667
G1 X193.217 Y123.167 E.00554
G1 X193.136 Y123.183 E.00277
;WIDTH:0.447481
G1 X193.056 Y123.2 E.00262
;WIDTH:0.430842
G1 X76.344 Y123.2 E3.57867
G1 E-.728 F1800
;WIPE_START
G1 F30000
G1 X77.544 Y123.2 E-.072
;WIPE_END
G1 X74.877 Y124.05 Z6
G1 Z5.6
G1 E.8 F1800
;WIDTH:0.517526
G1 F13963.988
G1 X68.363 Y124.05 E.24439
;LAYER_CHANGE
;Z:5.8
;HEIGHT:0.2
;BEFORE_LAYER_CHANGE
;5.8
G92 E0

G1 E-.728 F1800
;WIPE_START
G1 F30000
G1 X69.563 Y124.05 E-.072
;WIPE_END
M73 L29
;LAYER:29
SET_PRINT_STATS_INFO TOTAL_LAYER=93 CURRENT_LAYER=29
;_SET_FAN_SPEED_CHANGING_LAYER

G1 X69.0841 Y124.991 Z5.85714
G1 X68.0498 Y125.204 Z5.91429
G1 X67.2385 Y124.528 Z5.97143
G1 X67.2612 Y123.472 Z6.02857
G1 X68.1008 Y122.832 Z6.08571
G1 X69.1251 Y123.089 Z6.14286
G1 X69.5627 Y124.05 Z6.2
G1 X68.159 Y189.309 Z6.2
G1 Z5.8
G1 E.8 F1800
;TYPE:Inner wall
;WIDTH:0.45
G1 F6000
G1 X75.6 Y189.309 E.23941
G1 X74.785 Y190.133 E.0373
G1 X74.647 Y190.191 E.0048
G1 X68.159 Y190.191 E.20875
G1 X68.159 Y189.349 E.02708
G1 X67.752 Y188.902 F30000
G1 F6000
G1 X76.148 Y188.902 E.27015
G1 X76.148 Y189.334 E.01389
G1 X75.017 Y190.478 E.05177
G1 X74.728 Y190.598 E.01005
G1 X67.752 Y190.598 E.22447
G1 X67.752 Y188.942 E.05328
G1 E-.728 F1800
;WIPE_START
G1 F30000
G1 X68.952 Y188.936 E-.072
;WIPE_END
G1 X63.548 Y185.259 Z6.2
G1 Z5.8
G1 E.8 F1800
G1 F6000
G1 X63.548 Y187.598 E.07526
G1 X63.348 Y187.598 E.00644
G1 X63.348 Y188.898 E.04183
G1 X62.752 Y188.898 E.01917
G1 X62.752 Y128.102 E1.95621
G1 X63.548 Y128.102 E.02561
G1 X63.548 Y185.219 E1.83783
G1 E-.728 F1800
;WIPE_START
G1 F30000
G1 X63.548 Y186.419 E-.072
;WIPE_END
G1 X67.36 Y189.29 Z6.2
G1 Z5.8
G1 E.8 F1800
SET_VELOCITY_LIMIT ACCEL=5000
;TYPE:Outer wall
;WIDTH:0.42
G1 F3600
G1 X64.96 Y189.29 E.07153
G1 X64.96 Y188.51 E.02325
G1 X192.86 Y188.51 E3.81211
G1 X192.86 Y128.49 E1.78892
G1 X63.94 Y128.49 E3.84251
G1 X63.94 Y187.99 E1.77342
G1 X63.74 Y187.99 E.00596
G1 X63.74 Y189.29 E.03875
G1 X62.36 Y189.29 E.04113
G1 X62.36 Y127.71 E1.83542
G1 X193.64 Y127.71 E3.91285
G1 X193.64 Y189.29 E1.83542
G1 X76.54 Y189.29 E3.49021
G1 X76.54 Y189.495 E.0061
G1 X75.24 Y190.809 E.0551
G1 X74.807 Y190.99 E.014
G1 X67.537 Y190.99 E.21668
G1 X67.36 Y190.813 E.00746
G1 X67.36 Y189.33 E.0442
G1 X67.556 Y188.9 F30000
SET_VELOCITY_LIMIT ACCEL=10000
;TYPE:Gap infill
;WIDTH:0.430842
G1 F15000
G1 X65.156 Y188.9 E.07359
G1 E-.728 F1800
;WIPE_START
G1 F30000
G1 X66.356 Y188.9 E-.072
;WIPE_END
G1 X63.05 Y188.694 Z6.2
G1 Z5.8
G1 E.8 F1800
;WIDTH:0.233529
G1 F15000
G1 X63.05 Y187.394 E.01959
G1 X63.074 Y187.347 E.00079
;WIDTH:0.302476
G1 X63.097 Y187.3 E.00108
;WIDTH:0.349668
G1 X63.121 Y187.253 E.00128
;WIDTH:0.39686
G1 X63.144 Y187.206 E.00148
;WIDTH:0.431684
G1 X63.15 Y128.306 E1.80993
G1 X63.744 Y128.1 F30000
;WIDTH:0.430842
G1 F15000
G1 X193.056 Y128.1 E3.96502
;WIDTH:0.469667
G1 X193.217 Y128.133 E.00554
G1 X193.233 Y128.214 E.00277
;WIDTH:0.447481
G1 X193.25 Y128.294 E.00262
;WIDTH:0.430842
G1 X193.25 Y188.706 E1.85238
;WIDTH:0.469667
G1 X193.217 Y188.867 E.00554
G1 X193.136 Y188.883 E.00277
;WIDTH:0.447481
G1 X193.056 Y188.9 E.00262
;WIDTH:0.430842
G1 X76.344 Y188.9 E3.57867
G1 E-.728 F1800
;WIPE_START
G1 F30000
G1 X77.544 Y188.9 E-.072
;WIPE_END
G1 X74.877 Y189.75 Z6.2
G1 Z5.8
G1 E.8 F1800
;WIDTH:0.517526
G1 F13963.988
G1 X68.363 Y189.75 E.24439
G1 E-.728 F1800
;WIPE_START
G1 F30000
G1 X69.563 Y189.75 E-.072
;WIPE_END
G1 X69.401 Y182.119 Z6.2
G1 X68.159 Y123.609 Z6.2
G1 Z5.8
G1 E.8 F1800
;TYPE:Inner wall
;WIDTH:0.45
G1 F6000
G1 X75.6 Y123.609 E.23941
G1 X74.785 Y124.433 E.0373
G1 X74.647 Y124.491 E.0048
G1 X68.159 Y124.491 E.20875
G1 X68.159 Y123.649 E.02708
G1 X67.752 Y123.202 F30000
G1 F6000
G1 X76.148 Y123.202 E.27015
G1 X76.148 Y123.634 E.01389
G1 X75.017 Y124.778 E.05177
G1 X74.728 Y124.898 E.01005
G1 X67.752 Y124.898 E.22447
G1 X67.752 Y123.242 E.05328
G1 E-.728 F1800
;WIPE_START
G1 F30000
G1 X68.952 Y123.236 E-.072
;WIPE_END
G1 X63.548 Y119.559 Z6.2
G1 Z5.8
G1 E.8 F1800
G1 F6000
G1 X63.548 Y121.898 E.07526
G1 X63.348 Y121.898 E.00644
G1 X63.348 Y123.198 E.04183
G1 X62.752 Y123.198 E.01917
G1 X62.752 Y62.402 E1.95621
G1 X63.548 Y62.402 E.02561
G1 X63.548 Y119.519 E1.83783
G1 E-.728 F1800
;WIPE_START
G1 F30000
G1 X63.548 Y120.719 E-.072
;WIPE_END
G1 X67.36 Y123.59 Z6.2
G1 Z5.8
G1 E.8 F1800
SET_VELOCITY_LIMIT ACCEL=5000
;TYPE:Outer wall
;WIDTH:0.42
G1 F3600
G1 X64.96 Y123.59 E.07153
G1 X64.96 Y122.81 E.02325
G1 X192.86 Y122.81 E3.81211
G1 X192.86 Y62.79 E1.78892
G1 X63.94 Y62.79 E3.84251
G1 X63.94 Y122.29 E1.77342
M73 P51 R36
G1 X63.74 Y122.29 E.00596
G1 X63.74 Y123.59 E.03875
G1 X62.36 Y123.59 E.04113
G1 X62.36 Y62.01 E1.83542
G1 X193.64 Y62.01 E3.91285
G1 X193.64 Y123.59 E1.83542
M73 P52 R36
G1 X76.54 Y123.59 E3.49021
G1 X76.54 Y123.795 E.0061
G1 X75.24 Y125.109 E.0551
G1 X74.807 Y125.29 E.014
G1 X67.537 Y125.29 E.21668
G1 X67.36 Y125.113 E.00746
G1 X67.36 Y123.63 E.0442
G1 X67.556 Y123.2 F30000
SET_VELOCITY_LIMIT ACCEL=10000
;TYPE:Gap infill
;WIDTH:0.430842
G1 F15000
G1 X65.156 Y123.2 E.07359
G1 E-.728 F1800
;WIPE_START
G1 F30000
G1 X66.356 Y123.2 E-.072
;WIPE_END
G1 X63.05 Y122.994 Z6.2
G1 Z5.8
G1 E.8 F1800
;WIDTH:0.233529
G1 F15000
G1 X63.05 Y121.694 E.01959
G1 X63.074 Y121.647 E.00079
;WIDTH:0.302476
G1 X63.097 Y121.6 E.00108
;WIDTH:0.349668
G1 X63.121 Y121.553 E.00128
;WIDTH:0.39686
G1 X63.144 Y121.506 E.00148
;WIDTH:0.431684
G1 X63.15 Y62.606 E1.80993
G1 X63.744 Y62.4 F30000
;WIDTH:0.430842
G1 F15000
G1 X193.056 Y62.4 E3.96502
;WIDTH:0.469667
G1 X193.217 Y62.433 E.00554
G1 X193.233 Y62.514 E.00277
;WIDTH:0.447481
G1 X193.25 Y62.594 E.00262
;WIDTH:0.430842
G1 X193.25 Y123.006 E1.85238
;WIDTH:0.469667
G1 X193.217 Y123.167 E.00554
G1 X193.136 Y123.183 E.00277
;WIDTH:0.447481
G1 X193.056 Y123.2 E.00262
;WIDTH:0.430842
G1 X76.344 Y123.2 E3.57867
G1 E-.728 F1800
;WIPE_START
G1 F30000
G1 X77.544 Y123.2 E-.072
;WIPE_END
G1 X74.877 Y124.05 Z6.2
G1 Z5.8
G1 E.8 F1800
;WIDTH:0.517526
G1 F13963.988
G1 X68.363 Y124.05 E.24439
;LAYER_CHANGE
;Z:6
;HEIGHT:0.2
;BEFORE_LAYER_CHANGE
;6
G92 E0

G1 E-.728 F1800
;WIPE_START
G1 F30000
G1 X69.563 Y124.05 E-.072
;WIPE_END
M73 L30
;LAYER:30
SET_PRINT_STATS_INFO TOTAL_LAYER=93 CURRENT_LAYER=30
;_SET_FAN_SPEED_CHANGING_LAYER

G1 X69.0841 Y124.991 Z6.05714
G1 X68.0498 Y125.204 Z6.11429
G1 X67.2385 Y124.528 Z6.17143
G1 X67.2612 Y123.472 Z6.22857
G1 X68.1008 Y122.832 Z6.28571
G1 X69.1251 Y123.089 Z6.34286
G1 X69.5627 Y124.05 Z6.4
G1 X68.159 Y189.309 Z6.4
G1 Z6
G1 E.8 F1800
;TYPE:Inner wall
;WIDTH:0.45
G1 F6000
G1 X75.6 Y189.309 E.23941
G1 X74.785 Y190.133 E.0373
G1 X74.647 Y190.191 E.0048
G1 X68.159 Y190.191 E.20875
G1 X68.159 Y189.349 E.02708
G1 X67.752 Y188.902 F30000
G1 F6000
G1 X76.148 Y188.902 E.27015
G1 X76.148 Y189.334 E.01389
G1 X75.017 Y190.478 E.05177
G1 X74.728 Y190.598 E.01005
G1 X67.752 Y190.598 E.22447
G1 X67.752 Y188.942 E.05328
G1 E-.728 F1800
;WIPE_START
G1 F30000
G1 X68.952 Y188.936 E-.072
;WIPE_END
G1 X63.548 Y185.259 Z6.4
G1 Z6
G1 E.8 F1800
G1 F6000
G1 X63.548 Y187.598 E.07526
G1 X63.348 Y187.598 E.00644
G1 X63.348 Y188.898 E.04183
G1 X62.752 Y188.898 E.01917
G1 X62.752 Y128.102 E1.95621
G1 X63.548 Y128.102 E.02561
G1 X63.548 Y185.219 E1.83783
G1 E-.728 F1800
;WIPE_START
G1 F30000
G1 X63.548 Y186.419 E-.072
;WIPE_END
G1 X67.36 Y189.29 Z6.4
G1 Z6
G1 E.8 F1800
SET_VELOCITY_LIMIT ACCEL=5000
;TYPE:Outer wall
;WIDTH:0.42
G1 F3600
G1 X64.96 Y189.29 E.07153
G1 X64.96 Y188.51 E.02325
G1 X192.86 Y188.51 E3.81211
G1 X192.86 Y128.49 E1.78892
G1 X63.94 Y128.49 E3.84251
G1 X63.94 Y187.99 E1.77342
G1 X63.74 Y187.99 E.00596
G1 X63.74 Y189.29 E.03875
G1 X62.36 Y189.29 E.04113
G1 X62.36 Y127.71 E1.83542
G1 X193.64 Y127.71 E3.91285
G1 X193.64 Y189.29 E1.83542
G1 X76.54 Y189.29 E3.49021
G1 X76.54 Y189.495 E.0061
G1 X75.24 Y190.809 E.0551
G1 X74.807 Y190.99 E.014
G1 X67.537 Y190.99 E.21668
G1 X67.36 Y190.813 E.00746
G1 X67.36 Y189.33 E.0442
G1 X67.556 Y188.9 F30000
SET_VELOCITY_LIMIT ACCEL=10000
;TYPE:Gap infill
;WIDTH:0.430842
G1 F15000
G1 X65.156 Y188.9 E.07359
G1 E-.728 F1800
;WIPE_START
G1 F30000
G1 X66.356 Y188.9 E-.072
;WIPE_END
G1 X63.05 Y188.694 Z6.4
G1 Z6
G1 E.8 F1800
;WIDTH:0.233529
G1 F15000
G1 X63.05 Y187.394 E.01959
G1 X63.074 Y187.347 E.00079
;WIDTH:0.302476
G1 X63.097 Y187.3 E.00108
;WIDTH:0.349668
G1 X63.121 Y187.253 E.00128
;WIDTH:0.39686
G1 X63.144 Y187.206 E.00148
;WIDTH:0.431684
G1 X63.15 Y128.306 E1.80993
G1 X63.744 Y128.1 F30000
;WIDTH:0.430842
G1 F15000
G1 X193.056 Y128.1 E3.96502
;WIDTH:0.469667
G1 X193.217 Y128.133 E.00554
G1 X193.233 Y128.214 E.00277
;WIDTH:0.447481
G1 X193.25 Y128.294 E.00262
;WIDTH:0.430842
G1 X193.25 Y188.706 E1.85238
;WIDTH:0.469667
G1 X193.217 Y188.867 E.00554
G1 X193.136 Y188.883 E.00277
;WIDTH:0.447481
G1 X193.056 Y188.9 E.00262
;WIDTH:0.430842
G1 X76.344 Y188.9 E3.57867
G1 E-.728 F1800
;WIPE_START
G1 F30000
G1 X77.544 Y188.9 E-.072
;WIPE_END
G1 X74.877 Y189.75 Z6.4
G1 Z6
G1 E.8 F1800
;WIDTH:0.517526
G1 F13963.988
G1 X68.363 Y189.75 E.24439
G1 E-.728 F1800
;WIPE_START
G1 F30000
G1 X69.563 Y189.75 E-.072
;WIPE_END
G1 X69.401 Y182.119 Z6.4
G1 X68.159 Y123.609 Z6.4
G1 Z6
G1 E.8 F1800
;TYPE:Inner wall
;WIDTH:0.45
G1 F6000
G1 X75.6 Y123.609 E.23941
G1 X74.785 Y124.433 E.0373
G1 X74.647 Y124.491 E.0048
G1 X68.159 Y124.491 E.20875
G1 X68.159 Y123.649 E.02708
G1 X67.752 Y123.202 F30000
G1 F6000
G1 X76.148 Y123.202 E.27015
G1 X76.148 Y123.634 E.01389
G1 X75.017 Y124.778 E.05177
G1 X74.728 Y124.898 E.01005
G1 X67.752 Y124.898 E.22447
G1 X67.752 Y123.242 E.05328
G1 E-.728 F1800
;WIPE_START
G1 F30000
G1 X68.952 Y123.236 E-.072
;WIPE_END
G1 X63.548 Y119.559 Z6.4
G1 Z6
G1 E.8 F1800
G1 F6000
G1 X63.548 Y121.898 E.07526
G1 X63.348 Y121.898 E.00644
G1 X63.348 Y123.198 E.04183
G1 X62.752 Y123.198 E.01917
G1 X62.752 Y62.402 E1.95621
G1 X63.548 Y62.402 E.02561
G1 X63.548 Y119.519 E1.83783
G1 E-.728 F1800
;WIPE_START
G1 F30000
G1 X63.548 Y120.719 E-.072
;WIPE_END
G1 X67.36 Y123.59 Z6.4
G1 Z6
G1 E.8 F1800
SET_VELOCITY_LIMIT ACCEL=5000
;TYPE:Outer wall
;WIDTH:0.42
G1 F3600
G1 X64.96 Y123.59 E.07153
G1 X64.96 Y122.81 E.02325
G1 X192.86 Y122.81 E3.81211
G1 X192.86 Y62.79 E1.78892
G1 X63.94 Y62.79 E3.84251
G1 X63.94 Y122.29 E1.77342
G1 X63.74 Y122.29 E.00596
G1 X63.74 Y123.59 E.03875
G1 X62.36 Y123.59 E.04113
G1 X62.36 Y62.01 E1.83542
G1 X193.64 Y62.01 E3.91285
G1 X193.64 Y123.59 E1.83542
G1 X76.54 Y123.59 E3.49021
G1 X76.54 Y123.795 E.0061
G1 X75.24 Y125.109 E.0551
G1 X74.807 Y125.29 E.014
G1 X67.537 Y125.29 E.21668
G1 X67.36 Y125.113 E.00746
G1 X67.36 Y123.63 E.0442
G1 X67.556 Y123.2 F30000
SET_VELOCITY_LIMIT ACCEL=10000
;TYPE:Gap infill
;WIDTH:0.430842
G1 F15000
G1 X65.156 Y123.2 E.07359
G1 E-.728 F1800
;WIPE_START
G1 F30000
G1 X66.356 Y123.2 E-.072
;WIPE_END
G1 X63.05 Y122.994 Z6.4
G1 Z6
G1 E.8 F1800
;WIDTH:0.233529
G1 F15000
G1 X63.05 Y121.694 E.01959
G1 X63.074 Y121.647 E.00079
;WIDTH:0.302476
G1 X63.097 Y121.6 E.00108
;WIDTH:0.349668
G1 X63.121 Y121.553 E.00128
;WIDTH:0.39686
G1 X63.144 Y121.506 E.00148
;WIDTH:0.431684
G1 X63.15 Y62.606 E1.80993
G1 X63.744 Y62.4 F30000
;WIDTH:0.430842
G1 F15000
G1 X193.056 Y62.4 E3.96502
;WIDTH:0.469667
G1 X193.217 Y62.433 E.00554
G1 X193.233 Y62.514 E.00277
;WIDTH:0.447481
G1 X193.25 Y62.594 E.00262
;WIDTH:0.430842
G1 X193.25 Y123.006 E1.85238
;WIDTH:0.469667
G1 X193.217 Y123.167 E.00554
G1 X193.136 Y123.183 E.00277
;WIDTH:0.447481
G1 X193.056 Y123.2 E.00262
;WIDTH:0.430842
G1 X76.344 Y123.2 E3.57867
G1 E-.728 F1800
;WIPE_START
G1 F30000
G1 X77.544 Y123.2 E-.072
;WIPE_END
G1 X74.877 Y124.05 Z6.4
G1 Z6
G1 E.8 F1800
;WIDTH:0.517526
G1 F13963.988
G1 X68.363 Y124.05 E.24439
;LAYER_CHANGE
;Z:6.2
;HEIGHT:0.2
;BEFORE_LAYER_CHANGE
;6.2
G92 E0

G1 E-.728 F1800
;WIPE_START
G1 F30000
G1 X69.563 Y124.05 E-.072
;WIPE_END
M73 L31
;LAYER:31
SET_PRINT_STATS_INFO TOTAL_LAYER=93 CURRENT_LAYER=31
;_SET_FAN_SPEED_CHANGING_LAYER

G1 X69.0841 Y124.991 Z6.25714
G1 X68.0498 Y125.204 Z6.31429
G1 X67.2385 Y124.528 Z6.37143
G1 X67.2612 Y123.472 Z6.42857
G1 X68.1008 Y122.832 Z6.48571
G1 X69.1251 Y123.089 Z6.54286
G1 X69.5627 Y124.05 Z6.6
G1 X68.159 Y189.309 Z6.6
G1 Z6.2
G1 E.8 F1800
;TYPE:Inner wall
;WIDTH:0.45
G1 F6000
G1 X75.6 Y189.309 E.23941
G1 X74.785 Y190.133 E.0373
G1 X74.647 Y190.191 E.0048
G1 X68.159 Y190.191 E.20875
G1 X68.159 Y189.349 E.02708
G1 X67.752 Y188.902 F30000
G1 F6000
G1 X76.148 Y188.902 E.27015
G1 X76.148 Y189.334 E.01389
G1 X75.017 Y190.478 E.05177
G1 X74.728 Y190.598 E.01005
G1 X67.752 Y190.598 E.22447
G1 X67.752 Y188.942 E.05328
G1 E-.728 F1800
;WIPE_START
G1 F30000
G1 X68.952 Y188.936 E-.072
;WIPE_END
G1 X63.548 Y185.259 Z6.6
G1 Z6.2
G1 E.8 F1800
G1 F6000
G1 X63.548 Y187.598 E.07526
G1 X63.348 Y187.598 E.00644
G1 X63.348 Y188.898 E.04183
G1 X62.752 Y188.898 E.01917
G1 X62.752 Y128.102 E1.95621
G1 X63.548 Y128.102 E.02561
G1 X63.548 Y185.219 E1.83783
G1 E-.728 F1800
;WIPE_START
G1 F30000
G1 X63.548 Y186.419 E-.072
;WIPE_END
G1 X67.36 Y189.29 Z6.6
G1 Z6.2
G1 E.8 F1800
SET_VELOCITY_LIMIT ACCEL=5000
;TYPE:Outer wall
;WIDTH:0.42
G1 F3600
G1 X64.96 Y189.29 E.07153
G1 X64.96 Y188.51 E.02325
G1 X192.86 Y188.51 E3.81211
G1 X192.86 Y128.49 E1.78892
M73 P53 R36
G1 X63.94 Y128.49 E3.84251
G1 X63.94 Y187.99 E1.77342
G1 X63.74 Y187.99 E.00596
G1 X63.74 Y189.29 E.03875
G1 X62.36 Y189.29 E.04113
G1 X62.36 Y127.71 E1.83542
G1 X193.64 Y127.71 E3.91285
G1 X193.64 Y189.29 E1.83542
G1 X76.54 Y189.29 E3.49021
G1 X76.54 Y189.495 E.0061
M73 P53 R35
G1 X75.24 Y190.809 E.0551
G1 X74.807 Y190.99 E.014
G1 X67.537 Y190.99 E.21668
G1 X67.36 Y190.813 E.00746
G1 X67.36 Y189.33 E.0442
G1 X67.556 Y188.9 F30000
SET_VELOCITY_LIMIT ACCEL=10000
;TYPE:Gap infill
;WIDTH:0.430842
G1 F15000
G1 X65.156 Y188.9 E.07359
G1 E-.728 F1800
;WIPE_START
G1 F30000
G1 X66.356 Y188.9 E-.072
;WIPE_END
G1 X63.05 Y188.694 Z6.6
G1 Z6.2
G1 E.8 F1800
;WIDTH:0.233529
G1 F15000
G1 X63.05 Y187.394 E.01959
G1 X63.074 Y187.347 E.00079
;WIDTH:0.302476
G1 X63.097 Y187.3 E.00108
;WIDTH:0.349668
G1 X63.121 Y187.253 E.00128
;WIDTH:0.39686
G1 X63.144 Y187.206 E.00148
;WIDTH:0.431684
G1 X63.15 Y128.306 E1.80993
G1 X63.744 Y128.1 F30000
;WIDTH:0.430842
G1 F15000
G1 X193.056 Y128.1 E3.96502
;WIDTH:0.469667
G1 X193.217 Y128.133 E.00554
G1 X193.233 Y128.214 E.00277
;WIDTH:0.447481
G1 X193.25 Y128.294 E.00262
;WIDTH:0.430842
G1 X193.25 Y188.706 E1.85238
;WIDTH:0.469667
G1 X193.217 Y188.867 E.00554
G1 X193.136 Y188.883 E.00277
;WIDTH:0.447481
G1 X193.056 Y188.9 E.00262
;WIDTH:0.430842
G1 X76.344 Y188.9 E3.57867
G1 E-.728 F1800
;WIPE_START
G1 F30000
G1 X77.544 Y188.9 E-.072
;WIPE_END
G1 X74.877 Y189.75 Z6.6
G1 Z6.2
G1 E.8 F1800
;WIDTH:0.517526
G1 F13963.988
G1 X68.363 Y189.75 E.24439
G1 E-.728 F1800
;WIPE_START
G1 F30000
G1 X69.563 Y189.75 E-.072
;WIPE_END
G1 X69.401 Y182.119 Z6.6
G1 X68.159 Y123.609 Z6.6
G1 Z6.2
G1 E.8 F1800
;TYPE:Inner wall
;WIDTH:0.45
G1 F6000
G1 X75.6 Y123.609 E.23941
G1 X74.785 Y124.433 E.0373
G1 X74.647 Y124.491 E.0048
G1 X68.159 Y124.491 E.20875
G1 X68.159 Y123.649 E.02708
G1 X67.752 Y123.202 F30000
G1 F6000
G1 X76.148 Y123.202 E.27015
G1 X76.148 Y123.634 E.01389
G1 X75.017 Y124.778 E.05177
G1 X74.728 Y124.898 E.01005
G1 X67.752 Y124.898 E.22447
G1 X67.752 Y123.242 E.05328
G1 E-.728 F1800
;WIPE_START
G1 F30000
G1 X68.952 Y123.236 E-.072
;WIPE_END
G1 X63.548 Y119.559 Z6.6
G1 Z6.2
G1 E.8 F1800
G1 F6000
G1 X63.548 Y121.898 E.07526
G1 X63.348 Y121.898 E.00644
G1 X63.348 Y123.198 E.04183
G1 X62.752 Y123.198 E.01917
G1 X62.752 Y62.402 E1.95621
G1 X63.548 Y62.402 E.02561
G1 X63.548 Y119.519 E1.83783
G1 E-.728 F1800
;WIPE_START
G1 F30000
G1 X63.548 Y120.719 E-.072
;WIPE_END
G1 X67.36 Y123.59 Z6.6
G1 Z6.2
G1 E.8 F1800
SET_VELOCITY_LIMIT ACCEL=5000
;TYPE:Outer wall
;WIDTH:0.42
G1 F3600
G1 X64.96 Y123.59 E.07153
G1 X64.96 Y122.81 E.02325
G1 X192.86 Y122.81 E3.81211
G1 X192.86 Y62.79 E1.78892
G1 X63.94 Y62.79 E3.84251
G1 X63.94 Y122.29 E1.77342
G1 X63.74 Y122.29 E.00596
G1 X63.74 Y123.59 E.03875
G1 X62.36 Y123.59 E.04113
G1 X62.36 Y62.01 E1.83542
G1 X193.64 Y62.01 E3.91285
G1 X193.64 Y123.59 E1.83542
G1 X76.54 Y123.59 E3.49021
G1 X76.54 Y123.795 E.0061
G1 X75.24 Y125.109 E.0551
G1 X74.807 Y125.29 E.014
G1 X67.537 Y125.29 E.21668
G1 X67.36 Y125.113 E.00746
G1 X67.36 Y123.63 E.0442
G1 X67.556 Y123.2 F30000
SET_VELOCITY_LIMIT ACCEL=10000
;TYPE:Gap infill
;WIDTH:0.430842
G1 F15000
G1 X65.156 Y123.2 E.07359
G1 E-.728 F1800
;WIPE_START
G1 F30000
G1 X66.356 Y123.2 E-.072
;WIPE_END
G1 X63.05 Y122.994 Z6.6
G1 Z6.2
G1 E.8 F1800
;WIDTH:0.233529
G1 F15000
G1 X63.05 Y121.694 E.01959
G1 X63.074 Y121.647 E.00079
;WIDTH:0.302476
G1 X63.097 Y121.6 E.00108
;WIDTH:0.349668
G1 X63.121 Y121.553 E.00128
;WIDTH:0.39686
G1 X63.144 Y121.506 E.00148
;WIDTH:0.431684
G1 X63.15 Y62.606 E1.80993
G1 X63.744 Y62.4 F30000
;WIDTH:0.430842
G1 F15000
G1 X193.056 Y62.4 E3.96502
;WIDTH:0.469667
G1 X193.217 Y62.433 E.00554
G1 X193.233 Y62.514 E.00277
;WIDTH:0.447481
G1 X193.25 Y62.594 E.00262
;WIDTH:0.430842
G1 X193.25 Y123.006 E1.85238
;WIDTH:0.469667
G1 X193.217 Y123.167 E.00554
G1 X193.136 Y123.183 E.00277
;WIDTH:0.447481
G1 X193.056 Y123.2 E.00262
;WIDTH:0.430842
G1 X76.344 Y123.2 E3.57867
G1 E-.728 F1800
;WIPE_START
G1 F30000
G1 X77.544 Y123.2 E-.072
;WIPE_END
G1 X74.877 Y124.05 Z6.6
G1 Z6.2
G1 E.8 F1800
;WIDTH:0.517526
G1 F13963.988
G1 X68.363 Y124.05 E.24439
;LAYER_CHANGE
;Z:6.4
;HEIGHT:0.2
;BEFORE_LAYER_CHANGE
;6.4
G92 E0

G1 E-.728 F1800
;WIPE_START
G1 F30000
G1 X69.563 Y124.05 E-.072
;WIPE_END
M73 L32
;LAYER:32
SET_PRINT_STATS_INFO TOTAL_LAYER=93 CURRENT_LAYER=32
;_SET_FAN_SPEED_CHANGING_LAYER

G1 X69.0841 Y124.991 Z6.45714
G1 X68.0498 Y125.204 Z6.51429
G1 X67.2385 Y124.528 Z6.57143
G1 X67.2612 Y123.472 Z6.62857
G1 X68.1008 Y122.832 Z6.68571
G1 X69.1251 Y123.089 Z6.74286
G1 X69.5627 Y124.05 Z6.8
G1 X68.159 Y189.309 Z6.8
G1 Z6.4
G1 E.8 F1800
;TYPE:Inner wall
;WIDTH:0.45
G1 F6000
G1 X75.6 Y189.309 E.23941
G1 X74.785 Y190.133 E.0373
G1 X74.647 Y190.191 E.0048
G1 X68.159 Y190.191 E.20875
G1 X68.159 Y189.349 E.02708
G1 X67.752 Y188.902 F30000
G1 F6000
G1 X76.148 Y188.902 E.27015
G1 X76.148 Y189.334 E.01389
G1 X75.017 Y190.478 E.05177
G1 X74.728 Y190.598 E.01005
G1 X67.752 Y190.598 E.22447
G1 X67.752 Y188.942 E.05328
G1 E-.728 F1800
;WIPE_START
G1 F30000
G1 X68.952 Y188.936 E-.072
;WIPE_END
G1 X63.548 Y185.259 Z6.8
G1 Z6.4
G1 E.8 F1800
G1 F6000
G1 X63.548 Y187.598 E.07526
G1 X63.348 Y187.598 E.00644
G1 X63.348 Y188.898 E.04183
G1 X62.752 Y188.898 E.01917
G1 X62.752 Y128.102 E1.95621
G1 X63.548 Y128.102 E.02561
G1 X63.548 Y185.219 E1.83783
G1 E-.728 F1800
;WIPE_START
G1 F30000
G1 X63.548 Y186.419 E-.072
;WIPE_END
G1 X67.36 Y189.29 Z6.8
G1 Z6.4
G1 E.8 F1800
SET_VELOCITY_LIMIT ACCEL=5000
;TYPE:Outer wall
;WIDTH:0.42
G1 F3600
G1 X64.96 Y189.29 E.07153
G1 X64.96 Y188.51 E.02325
G1 X192.86 Y188.51 E3.81211
G1 X192.86 Y128.49 E1.78892
G1 X63.94 Y128.49 E3.84251
G1 X63.94 Y187.99 E1.77342
G1 X63.74 Y187.99 E.00596
G1 X63.74 Y189.29 E.03875
G1 X62.36 Y189.29 E.04113
G1 X62.36 Y127.71 E1.83542
G1 X193.64 Y127.71 E3.91285
G1 X193.64 Y189.29 E1.83542
G1 X76.54 Y189.29 E3.49021
G1 X76.54 Y189.495 E.0061
M73 P54 R35
G1 X75.24 Y190.809 E.0551
G1 X74.807 Y190.99 E.01399
G1 X67.537 Y190.99 E.21668
G1 X67.36 Y190.813 E.00746
G1 X67.36 Y189.33 E.0442
G1 X67.556 Y188.9 F30000
SET_VELOCITY_LIMIT ACCEL=10000
;TYPE:Gap infill
;WIDTH:0.430842
G1 F15000
G1 X65.156 Y188.9 E.07359
G1 E-.728 F1800
;WIPE_START
G1 F30000
G1 X66.356 Y188.9 E-.072
;WIPE_END
G1 X63.05 Y188.694 Z6.8
G1 Z6.4
G1 E.8 F1800
;WIDTH:0.233529
G1 F15000
G1 X63.05 Y187.394 E.01959
G1 X63.074 Y187.347 E.00079
;WIDTH:0.302476
G1 X63.097 Y187.3 E.00108
;WIDTH:0.349668
G1 X63.121 Y187.253 E.00128
;WIDTH:0.39686
G1 X63.144 Y187.206 E.00148
;WIDTH:0.431684
G1 X63.15 Y128.306 E1.80993
G1 X63.744 Y128.1 F30000
;WIDTH:0.430842
G1 F15000
G1 X193.056 Y128.1 E3.96502
;WIDTH:0.469667
G1 X193.217 Y128.133 E.00554
G1 X193.233 Y128.214 E.00277
;WIDTH:0.447481
G1 X193.25 Y128.294 E.00262
;WIDTH:0.430842
G1 X193.25 Y188.706 E1.85238
;WIDTH:0.469667
G1 X193.217 Y188.867 E.00554
G1 X193.136 Y188.883 E.00277
;WIDTH:0.447481
G1 X193.056 Y188.9 E.00262
;WIDTH:0.430842
G1 X76.344 Y188.9 E3.57867
G1 E-.728 F1800
;WIPE_START
G1 F30000
G1 X77.544 Y188.9 E-.072
;WIPE_END
G1 X74.877 Y189.75 Z6.8
G1 Z6.4
G1 E.8 F1800
;WIDTH:0.517526
G1 F13963.988
G1 X68.363 Y189.75 E.24439
G1 E-.728 F1800
;WIPE_START
G1 F30000
G1 X69.563 Y189.75 E-.072
;WIPE_END
G1 X69.401 Y182.119 Z6.8
G1 X68.159 Y123.609 Z6.8
G1 Z6.4
G1 E.8 F1800
;TYPE:Inner wall
;WIDTH:0.45
G1 F6000
G1 X75.6 Y123.609 E.23941
G1 X74.785 Y124.433 E.0373
G1 X74.647 Y124.491 E.0048
G1 X68.159 Y124.491 E.20875
G1 X68.159 Y123.649 E.02708
G1 X67.752 Y123.202 F30000
G1 F6000
G1 X76.148 Y123.202 E.27015
G1 X76.148 Y123.634 E.01389
G1 X75.017 Y124.778 E.05177
G1 X74.728 Y124.898 E.01005
G1 X67.752 Y124.898 E.22447
G1 X67.752 Y123.242 E.05328
G1 E-.728 F1800
;WIPE_START
G1 F30000
G1 X68.952 Y123.236 E-.072
;WIPE_END
G1 X63.548 Y119.559 Z6.8
G1 Z6.4
G1 E.8 F1800
G1 F6000
G1 X63.548 Y121.898 E.07526
G1 X63.348 Y121.898 E.00644
G1 X63.348 Y123.198 E.04183
G1 X62.752 Y123.198 E.01917
G1 X62.752 Y62.402 E1.95621
G1 X63.548 Y62.402 E.02561
G1 X63.548 Y119.519 E1.83783
G1 E-.728 F1800
;WIPE_START
G1 F30000
G1 X63.548 Y120.719 E-.072
;WIPE_END
G1 X67.36 Y123.59 Z6.8
G1 Z6.4
G1 E.8 F1800
SET_VELOCITY_LIMIT ACCEL=5000
;TYPE:Outer wall
;WIDTH:0.42
G1 F3600
G1 X64.96 Y123.59 E.07153
G1 X64.96 Y122.81 E.02325
G1 X192.86 Y122.81 E3.81211
G1 X192.86 Y62.79 E1.78892
G1 X63.94 Y62.79 E3.84251
G1 X63.94 Y122.29 E1.77342
G1 X63.74 Y122.29 E.00596
G1 X63.74 Y123.59 E.03875
G1 X62.36 Y123.59 E.04113
G1 X62.36 Y62.01 E1.83542
G1 X193.64 Y62.01 E3.91285
G1 X193.64 Y123.59 E1.83542
G1 X76.54 Y123.59 E3.49021
G1 X76.54 Y123.795 E.0061
G1 X75.24 Y125.109 E.0551
G1 X74.807 Y125.29 E.01399
G1 X67.537 Y125.29 E.21668
G1 X67.36 Y125.113 E.00746
G1 X67.36 Y123.63 E.0442
G1 X67.556 Y123.2 F30000
SET_VELOCITY_LIMIT ACCEL=10000
;TYPE:Gap infill
;WIDTH:0.430842
G1 F15000
G1 X65.156 Y123.2 E.07359
G1 E-.728 F1800
;WIPE_START
G1 F30000
G1 X66.356 Y123.2 E-.072
;WIPE_END
G1 X63.05 Y122.994 Z6.8
G1 Z6.4
G1 E.8 F1800
;WIDTH:0.233529
G1 F15000
G1 X63.05 Y121.694 E.01959
G1 X63.074 Y121.647 E.00079
;WIDTH:0.302476
G1 X63.097 Y121.6 E.00108
;WIDTH:0.349668
G1 X63.121 Y121.553 E.00128
;WIDTH:0.39686
G1 X63.144 Y121.506 E.00148
;WIDTH:0.431684
G1 X63.15 Y62.606 E1.80993
G1 X63.744 Y62.4 F30000
;WIDTH:0.430842
G1 F15000
G1 X193.056 Y62.4 E3.96502
;WIDTH:0.469667
G1 X193.217 Y62.433 E.00554
G1 X193.233 Y62.514 E.00277
;WIDTH:0.447481
G1 X193.25 Y62.594 E.00262
;WIDTH:0.430842
G1 X193.25 Y123.006 E1.85238
;WIDTH:0.469667
G1 X193.217 Y123.167 E.00554
G1 X193.136 Y123.183 E.00277
;WIDTH:0.447481
G1 X193.056 Y123.2 E.00262
;WIDTH:0.430842
G1 X76.344 Y123.2 E3.57867
G1 E-.728 F1800
;WIPE_START
G1 F30000
G1 X77.544 Y123.2 E-.072
;WIPE_END
G1 X74.877 Y124.05 Z6.8
G1 Z6.4
G1 E.8 F1800
;WIDTH:0.517526
G1 F13963.988
G1 X68.363 Y124.05 E.24439
;LAYER_CHANGE
;Z:6.6
;HEIGHT:0.2
;BEFORE_LAYER_CHANGE
;6.6
G92 E0

G1 E-.728 F1800
;WIPE_START
G1 F30000
G1 X69.563 Y124.05 E-.072
;WIPE_END
M73 L33
;LAYER:33
SET_PRINT_STATS_INFO TOTAL_LAYER=93 CURRENT_LAYER=33
;_SET_FAN_SPEED_CHANGING_LAYER

G1 X69.0841 Y124.991 Z6.65714
G1 X68.0498 Y125.204 Z6.71429
G1 X67.2385 Y124.528 Z6.77143
G1 X67.2612 Y123.472 Z6.82857
G1 X68.1008 Y122.832 Z6.88571
G1 X69.1251 Y123.089 Z6.94286
G1 X69.5627 Y124.05 Z7
G1 X68.159 Y189.309 Z7
G1 Z6.6
G1 E.8 F1800
;TYPE:Inner wall
;WIDTH:0.45
G1 F6000
G1 X75.6 Y189.309 E.23941
G1 X74.785 Y190.133 E.0373
G1 X74.647 Y190.191 E.0048
G1 X68.159 Y190.191 E.20875
G1 X68.159 Y189.349 E.02708
G1 X67.752 Y188.902 F30000
G1 F6000
G1 X76.148 Y188.902 E.27015
G1 X76.148 Y189.334 E.01389
G1 X75.017 Y190.478 E.05177
G1 X74.728 Y190.598 E.01005
G1 X67.752 Y190.598 E.22447
G1 X67.752 Y188.942 E.05328
G1 E-.728 F1800
;WIPE_START
G1 F30000
G1 X68.952 Y188.936 E-.072
;WIPE_END
G1 X63.548 Y185.259 Z7
G1 Z6.6
G1 E.8 F1800
G1 F6000
G1 X63.548 Y187.598 E.07526
G1 X63.348 Y187.598 E.00644
G1 X63.348 Y188.898 E.04183
G1 X62.752 Y188.898 E.01917
G1 X62.752 Y128.102 E1.95621
G1 X63.548 Y128.102 E.02561
G1 X63.548 Y185.219 E1.83783
G1 E-.728 F1800
;WIPE_START
G1 F30000
G1 X63.548 Y186.419 E-.072
;WIPE_END
G1 X67.36 Y189.29 Z7
G1 Z6.6
G1 E.8 F1800
SET_VELOCITY_LIMIT ACCEL=5000
;TYPE:Outer wall
;WIDTH:0.42
G1 F3600
G1 X64.96 Y189.29 E.07153
G1 X64.96 Y188.51 E.02325
G1 X192.86 Y188.51 E3.81211
G1 X192.86 Y128.49 E1.78892
G1 X63.94 Y128.49 E3.84251
M73 P54 R34
G1 X63.94 Y187.99 E1.77342
G1 X63.74 Y187.99 E.00596
G1 X63.74 Y189.29 E.03875
G1 X62.36 Y189.29 E.04113
G1 X62.36 Y127.71 E1.83542
G1 X193.64 Y127.71 E3.91285
G1 X193.64 Y189.29 E1.83542
G1 X76.54 Y189.29 E3.49021
G1 X76.54 Y189.495 E.0061
G1 X75.24 Y190.809 E.0551
G1 X74.807 Y190.99 E.014
G1 X67.537 Y190.99 E.21668
G1 X67.36 Y190.813 E.00746
G1 X67.36 Y189.33 E.0442
G1 X67.556 Y188.9 F30000
SET_VELOCITY_LIMIT ACCEL=10000
;TYPE:Gap infill
;WIDTH:0.430842
G1 F15000
G1 X65.156 Y188.9 E.07359
G1 E-.728 F1800
;WIPE_START
G1 F30000
G1 X66.356 Y188.9 E-.072
;WIPE_END
G1 X63.05 Y188.694 Z7
G1 Z6.6
G1 E.8 F1800
;WIDTH:0.233529
G1 F15000
G1 X63.05 Y187.394 E.01959
G1 X63.074 Y187.347 E.00079
;WIDTH:0.302476
G1 X63.097 Y187.3 E.00108
;WIDTH:0.349668
G1 X63.121 Y187.253 E.00128
;WIDTH:0.39686
G1 X63.144 Y187.206 E.00148
;WIDTH:0.431684
G1 X63.15 Y128.306 E1.80993
G1 X63.744 Y128.1 F30000
;WIDTH:0.430842
G1 F15000
G1 X193.056 Y128.1 E3.96502
;WIDTH:0.469667
G1 X193.217 Y128.133 E.00554
G1 X193.233 Y128.214 E.00277
;WIDTH:0.447481
G1 X193.25 Y128.294 E.00262
;WIDTH:0.430842
G1 X193.25 Y188.706 E1.85238
;WIDTH:0.469667
G1 X193.217 Y188.867 E.00554
G1 X193.136 Y188.883 E.00277
;WIDTH:0.447481
G1 X193.056 Y188.9 E.00262
;WIDTH:0.430842
G1 X76.344 Y188.9 E3.57867
G1 E-.728 F1800
;WIPE_START
G1 F30000
G1 X77.544 Y188.9 E-.072
;WIPE_END
G1 X74.877 Y189.75 Z7
G1 Z6.6
G1 E.8 F1800
;WIDTH:0.517526
G1 F13963.988
G1 X68.363 Y189.75 E.24439
G1 E-.728 F1800
;WIPE_START
G1 F30000
G1 X69.563 Y189.75 E-.072
;WIPE_END
G1 X69.401 Y182.119 Z7
G1 X68.159 Y123.609 Z7
G1 Z6.6
G1 E.8 F1800
;TYPE:Inner wall
;WIDTH:0.45
G1 F6000
G1 X75.6 Y123.609 E.23941
G1 X74.785 Y124.433 E.0373
G1 X74.647 Y124.491 E.0048
G1 X68.159 Y124.491 E.20875
G1 X68.159 Y123.649 E.02708
G1 X67.752 Y123.202 F30000
G1 F6000
G1 X76.148 Y123.202 E.27015
G1 X76.148 Y123.634 E.01389
G1 X75.017 Y124.778 E.05177
G1 X74.728 Y124.898 E.01005
G1 X67.752 Y124.898 E.22447
G1 X67.752 Y123.242 E.05328
G1 E-.728 F1800
;WIPE_START
G1 F30000
G1 X68.952 Y123.236 E-.072
;WIPE_END
G1 X63.548 Y119.559 Z7
G1 Z6.6
G1 E.8 F1800
G1 F6000
G1 X63.548 Y121.898 E.07526
G1 X63.348 Y121.898 E.00644
G1 X63.348 Y123.198 E.04183
G1 X62.752 Y123.198 E.01917
G1 X62.752 Y62.402 E1.95621
G1 X63.548 Y62.402 E.02561
G1 X63.548 Y119.519 E1.83783
G1 E-.728 F1800
;WIPE_START
G1 F30000
G1 X63.548 Y120.719 E-.072
;WIPE_END
G1 X67.36 Y123.59 Z7
G1 Z6.6
G1 E.8 F1800
SET_VELOCITY_LIMIT ACCEL=5000
;TYPE:Outer wall
;WIDTH:0.42
G1 F3600
G1 X64.96 Y123.59 E.07153
G1 X64.96 Y122.81 E.02325
G1 X192.86 Y122.81 E3.81211
G1 X192.86 Y62.79 E1.78892
G1 X63.94 Y62.79 E3.84251
G1 X63.94 Y122.29 E1.77342
G1 X63.74 Y122.29 E.00596
M73 P55 R34
G1 X63.74 Y123.59 E.03875
G1 X62.36 Y123.59 E.04113
G1 X62.36 Y62.01 E1.83542
G1 X193.64 Y62.01 E3.91285
G1 X193.64 Y123.59 E1.83542
G1 X76.54 Y123.59 E3.49021
G1 X76.54 Y123.795 E.0061
G1 X75.24 Y125.109 E.0551
G1 X74.807 Y125.29 E.014
G1 X67.537 Y125.29 E.21668
G1 X67.36 Y125.113 E.00746
G1 X67.36 Y123.63 E.0442
G1 X67.556 Y123.2 F30000
SET_VELOCITY_LIMIT ACCEL=10000
;TYPE:Gap infill
;WIDTH:0.430842
G1 F15000
G1 X65.156 Y123.2 E.07359
G1 E-.728 F1800
;WIPE_START
G1 F30000
G1 X66.356 Y123.2 E-.072
;WIPE_END
G1 X63.05 Y122.994 Z7
G1 Z6.6
G1 E.8 F1800
;WIDTH:0.233529
G1 F15000
G1 X63.05 Y121.694 E.01959
G1 X63.074 Y121.647 E.00079
;WIDTH:0.302476
G1 X63.097 Y121.6 E.00108
;WIDTH:0.349668
G1 X63.121 Y121.553 E.00128
;WIDTH:0.39686
G1 X63.144 Y121.506 E.00148
;WIDTH:0.431684
G1 X63.15 Y62.606 E1.80993
G1 X63.744 Y62.4 F30000
;WIDTH:0.430842
G1 F15000
G1 X193.056 Y62.4 E3.96502
;WIDTH:0.469667
G1 X193.217 Y62.433 E.00554
G1 X193.233 Y62.514 E.00277
;WIDTH:0.447481
G1 X193.25 Y62.594 E.00262
;WIDTH:0.430842
G1 X193.25 Y123.006 E1.85238
;WIDTH:0.469667
G1 X193.217 Y123.167 E.00554
G1 X193.136 Y123.183 E.00277
;WIDTH:0.447481
G1 X193.056 Y123.2 E.00262
;WIDTH:0.430842
G1 X76.344 Y123.2 E3.57867
G1 E-.728 F1800
;WIPE_START
G1 F30000
G1 X77.544 Y123.2 E-.072
;WIPE_END
G1 X74.877 Y124.05 Z7
G1 Z6.6
G1 E.8 F1800
;WIDTH:0.517526
G1 F13963.988
G1 X68.363 Y124.05 E.24439
;LAYER_CHANGE
;Z:6.8
;HEIGHT:0.2
;BEFORE_LAYER_CHANGE
;6.8
G92 E0

G1 E-.728 F1800
;WIPE_START
G1 F30000
G1 X69.563 Y124.05 E-.072
;WIPE_END
M73 L34
;LAYER:34
SET_PRINT_STATS_INFO TOTAL_LAYER=93 CURRENT_LAYER=34
;_SET_FAN_SPEED_CHANGING_LAYER

G1 X69.0841 Y124.991 Z6.85714
G1 X68.0498 Y125.204 Z6.91429
G1 X67.2385 Y124.528 Z6.97143
G1 X67.2612 Y123.472 Z7.02857
G1 X68.1008 Y122.832 Z7.08571
G1 X69.1251 Y123.089 Z7.14286
G1 X69.5627 Y124.05 Z7.2
G1 X68.159 Y189.309 Z7.2
G1 Z6.8
G1 E.8 F1800
;TYPE:Inner wall
;WIDTH:0.45
G1 F6000
G1 X75.6 Y189.309 E.23941
G1 X74.785 Y190.133 E.0373
G1 X74.647 Y190.191 E.0048
G1 X68.159 Y190.191 E.20875
G1 X68.159 Y189.349 E.02708
G1 X67.752 Y188.902 F30000
G1 F6000
G1 X76.148 Y188.902 E.27015
G1 X76.148 Y189.334 E.01389
G1 X75.017 Y190.478 E.05177
G1 X74.728 Y190.598 E.01005
G1 X67.752 Y190.598 E.22447
G1 X67.752 Y188.942 E.05328
G1 E-.728 F1800
;WIPE_START
G1 F30000
G1 X68.952 Y188.936 E-.072
;WIPE_END
G1 X63.548 Y185.259 Z7.2
G1 Z6.8
G1 E.8 F1800
G1 F6000
G1 X63.548 Y187.598 E.07526
G1 X63.348 Y187.598 E.00644
G1 X63.348 Y188.898 E.04183
G1 X62.752 Y188.898 E.01917
G1 X62.752 Y128.102 E1.95621
G1 X63.548 Y128.102 E.02561
G1 X63.548 Y185.219 E1.83783
G1 E-.728 F1800
;WIPE_START
G1 F30000
G1 X63.548 Y186.419 E-.072
;WIPE_END
G1 X67.36 Y189.29 Z7.2
G1 Z6.8
G1 E.8 F1800
SET_VELOCITY_LIMIT ACCEL=5000
;TYPE:Outer wall
;WIDTH:0.42
G1 F3600
G1 X64.96 Y189.29 E.07153
G1 X64.96 Y188.51 E.02325
G1 X192.86 Y188.51 E3.81211
G1 X192.86 Y128.49 E1.78892
G1 X63.94 Y128.49 E3.84251
G1 X63.94 Y187.99 E1.77342
G1 X63.74 Y187.99 E.00596
G1 X63.74 Y189.29 E.03875
G1 X62.36 Y189.29 E.04113
G1 X62.36 Y127.71 E1.83542
G1 X193.64 Y127.71 E3.91285
G1 X193.64 Y189.29 E1.83542
G1 X76.54 Y189.29 E3.49021
G1 X76.54 Y189.495 E.0061
G1 X75.24 Y190.809 E.0551
G1 X74.807 Y190.99 E.014
G1 X67.537 Y190.99 E.21668
G1 X67.36 Y190.813 E.00746
G1 X67.36 Y189.33 E.0442
G1 X67.556 Y188.9 F30000
SET_VELOCITY_LIMIT ACCEL=10000
;TYPE:Gap infill
;WIDTH:0.430842
G1 F15000
G1 X65.156 Y188.9 E.07359
G1 E-.728 F1800
;WIPE_START
G1 F30000
G1 X66.356 Y188.9 E-.072
;WIPE_END
G1 X63.05 Y188.694 Z7.2
G1 Z6.8
G1 E.8 F1800
;WIDTH:0.233529
G1 F15000
G1 X63.05 Y187.394 E.01959
G1 X63.074 Y187.347 E.00079
;WIDTH:0.302476
G1 X63.097 Y187.3 E.00108
;WIDTH:0.349668
G1 X63.121 Y187.253 E.00128
;WIDTH:0.39686
G1 X63.144 Y187.206 E.00148
;WIDTH:0.431684
G1 X63.15 Y128.306 E1.80993
G1 X63.744 Y128.1 F30000
;WIDTH:0.430842
G1 F15000
G1 X193.056 Y128.1 E3.96502
;WIDTH:0.469667
G1 X193.217 Y128.133 E.00554
G1 X193.233 Y128.214 E.00277
;WIDTH:0.447481
G1 X193.25 Y128.294 E.00262
;WIDTH:0.430842
G1 X193.25 Y188.706 E1.85238
;WIDTH:0.469667
G1 X193.217 Y188.867 E.00554
G1 X193.136 Y188.883 E.00277
;WIDTH:0.447481
G1 X193.056 Y188.9 E.00262
;WIDTH:0.430842
G1 X76.344 Y188.9 E3.57867
G1 E-.728 F1800
;WIPE_START
G1 F30000
G1 X77.544 Y188.9 E-.072
;WIPE_END
G1 X74.877 Y189.75 Z7.2
G1 Z6.8
G1 E.8 F1800
;WIDTH:0.517526
G1 F13963.988
G1 X68.363 Y189.75 E.24439
G1 E-.728 F1800
;WIPE_START
G1 F30000
G1 X69.563 Y189.75 E-.072
;WIPE_END
G1 X69.401 Y182.119 Z7.2
G1 X68.159 Y123.609 Z7.2
G1 Z6.8
G1 E.8 F1800
;TYPE:Inner wall
;WIDTH:0.45
G1 F6000
G1 X75.6 Y123.609 E.23941
G1 X74.785 Y124.433 E.0373
G1 X74.647 Y124.491 E.0048
G1 X68.159 Y124.491 E.20875
G1 X68.159 Y123.649 E.02708
G1 X67.752 Y123.202 F30000
G1 F6000
G1 X76.148 Y123.202 E.27015
G1 X76.148 Y123.634 E.01389
G1 X75.017 Y124.778 E.05177
G1 X74.728 Y124.898 E.01005
G1 X67.752 Y124.898 E.22447
G1 X67.752 Y123.242 E.05328
G1 E-.728 F1800
;WIPE_START
G1 F30000
G1 X68.952 Y123.236 E-.072
;WIPE_END
G1 X63.548 Y119.559 Z7.2
G1 Z6.8
G1 E.8 F1800
G1 F6000
G1 X63.548 Y121.898 E.07526
G1 X63.348 Y121.898 E.00644
G1 X63.348 Y123.198 E.04183
G1 X62.752 Y123.198 E.01917
G1 X62.752 Y62.402 E1.95621
G1 X63.548 Y62.402 E.02561
G1 X63.548 Y119.519 E1.83783
G1 E-.728 F1800
;WIPE_START
G1 F30000
G1 X63.548 Y120.719 E-.072
;WIPE_END
G1 X67.36 Y123.59 Z7.2
G1 Z6.8
G1 E.8 F1800
SET_VELOCITY_LIMIT ACCEL=5000
;TYPE:Outer wall
;WIDTH:0.42
G1 F3600
G1 X64.96 Y123.59 E.07153
G1 X64.96 Y122.81 E.02325
G1 X192.86 Y122.81 E3.81211
G1 X192.86 Y62.79 E1.78892
G1 X63.94 Y62.79 E3.84251
G1 X63.94 Y122.29 E1.77342
G1 X63.74 Y122.29 E.00596
G1 X63.74 Y123.59 E.03875
G1 X62.36 Y123.59 E.04113
G1 X62.36 Y62.01 E1.83542
G1 X193.64 Y62.01 E3.91285
G1 X193.64 Y123.59 E1.83542
G1 X76.54 Y123.59 E3.49021
M73 P55 R33
G1 X76.54 Y123.795 E.0061
G1 X75.24 Y125.109 E.0551
G1 X74.807 Y125.29 E.014
G1 X67.537 Y125.29 E.21668
G1 X67.36 Y125.113 E.00746
G1 X67.36 Y123.63 E.0442
G1 X67.556 Y123.2 F30000
SET_VELOCITY_LIMIT ACCEL=10000
;TYPE:Gap infill
;WIDTH:0.430842
G1 F15000
G1 X65.156 Y123.2 E.07359
G1 E-.728 F1800
;WIPE_START
G1 F30000
G1 X66.356 Y123.2 E-.072
;WIPE_END
G1 X63.05 Y122.994 Z7.2
G1 Z6.8
G1 E.8 F1800
;WIDTH:0.233529
G1 F15000
G1 X63.05 Y121.694 E.01959
G1 X63.074 Y121.647 E.00079
;WIDTH:0.302476
G1 X63.097 Y121.6 E.00108
;WIDTH:0.349668
G1 X63.121 Y121.553 E.00128
;WIDTH:0.39686
G1 X63.144 Y121.506 E.00148
;WIDTH:0.431684
G1 X63.15 Y62.606 E1.80993
G1 X63.744 Y62.4 F30000
;WIDTH:0.430842
G1 F15000
G1 X193.056 Y62.4 E3.96502
;WIDTH:0.469667
G1 X193.217 Y62.433 E.00554
G1 X193.233 Y62.514 E.00277
;WIDTH:0.447481
G1 X193.25 Y62.594 E.00262
;WIDTH:0.430842
G1 X193.25 Y123.006 E1.85238
;WIDTH:0.469667
G1 X193.217 Y123.167 E.00554
G1 X193.136 Y123.183 E.00277
;WIDTH:0.447481
G1 X193.056 Y123.2 E.00262
;WIDTH:0.430842
G1 X76.344 Y123.2 E3.57867
G1 E-.728 F1800
;WIPE_START
G1 F30000
G1 X77.544 Y123.2 E-.072
;WIPE_END
G1 X74.877 Y124.05 Z7.2
G1 Z6.8
G1 E.8 F1800
;WIDTH:0.517526
G1 F13963.988
G1 X68.363 Y124.05 E.24439
;LAYER_CHANGE
;Z:7
;HEIGHT:0.2
;BEFORE_LAYER_CHANGE
;7
G92 E0

G1 E-.728 F1800
;WIPE_START
G1 F30000
G1 X69.563 Y124.05 E-.072
;WIPE_END
M73 L35
;LAYER:35
SET_PRINT_STATS_INFO TOTAL_LAYER=93 CURRENT_LAYER=35
;_SET_FAN_SPEED_CHANGING_LAYER

G1 X69.0841 Y124.991 Z7.05714
G1 X68.0498 Y125.204 Z7.11429
G1 X67.2385 Y124.528 Z7.17143
G1 X67.2612 Y123.472 Z7.22857
G1 X68.1008 Y122.832 Z7.28571
G1 X69.1251 Y123.089 Z7.34286
G1 X69.5627 Y124.05 Z7.4
G1 X68.159 Y189.309 Z7.4
G1 Z7
G1 E.8 F1800
;TYPE:Inner wall
;WIDTH:0.45
G1 F6000
G1 X75.6 Y189.309 E.23941
G1 X74.785 Y190.133 E.0373
G1 X74.647 Y190.191 E.0048
G1 X68.159 Y190.191 E.20875
G1 X68.159 Y189.349 E.02708
G1 X67.752 Y188.902 F30000
G1 F6000
G1 X76.148 Y188.902 E.27015
G1 X76.148 Y189.334 E.01389
G1 X75.017 Y190.478 E.05177
G1 X74.728 Y190.598 E.01005
G1 X67.752 Y190.598 E.22447
G1 X67.752 Y188.942 E.05328
G1 E-.728 F1800
;WIPE_START
G1 F30000
G1 X68.952 Y188.936 E-.072
;WIPE_END
G1 X63.548 Y185.259 Z7.4
G1 Z7
G1 E.8 F1800
G1 F6000
G1 X63.548 Y187.598 E.07526
G1 X63.348 Y187.598 E.00644
G1 X63.348 Y188.898 E.04183
G1 X62.752 Y188.898 E.01917
G1 X62.752 Y128.102 E1.95621
G1 X63.548 Y128.102 E.02561
G1 X63.548 Y185.219 E1.83783
G1 E-.728 F1800
;WIPE_START
G1 F30000
G1 X63.548 Y186.419 E-.072
;WIPE_END
G1 X67.36 Y189.29 Z7.4
G1 Z7
M73 P56 R33
G1 E.8 F1800
SET_VELOCITY_LIMIT ACCEL=5000
;TYPE:Outer wall
;WIDTH:0.42
G1 F3600
G1 X64.96 Y189.29 E.07153
G1 X64.96 Y188.51 E.02325
G1 X192.86 Y188.51 E3.81211
G1 X192.86 Y128.49 E1.78892
G1 X63.94 Y128.49 E3.84251
G1 X63.94 Y187.99 E1.77342
G1 X63.74 Y187.99 E.00596
G1 X63.74 Y189.29 E.03875
G1 X62.36 Y189.29 E.04113
G1 X62.36 Y127.71 E1.83542
G1 X193.64 Y127.71 E3.91285
G1 X193.64 Y189.29 E1.83542
G1 X76.54 Y189.29 E3.49021
G1 X76.54 Y189.495 E.0061
G1 X75.24 Y190.809 E.0551
G1 X74.807 Y190.99 E.014
G1 X67.537 Y190.99 E.21668
G1 X67.36 Y190.813 E.00746
G1 X67.36 Y189.33 E.0442
G1 X67.556 Y188.9 F30000
SET_VELOCITY_LIMIT ACCEL=10000
;TYPE:Gap infill
;WIDTH:0.430842
G1 F15000
G1 X65.156 Y188.9 E.07359
G1 E-.728 F1800
;WIPE_START
G1 F30000
G1 X66.356 Y188.9 E-.072
;WIPE_END
G1 X63.05 Y188.694 Z7.4
G1 Z7
G1 E.8 F1800
;WIDTH:0.233529
G1 F15000
G1 X63.05 Y187.394 E.01959
G1 X63.074 Y187.347 E.00079
;WIDTH:0.302476
G1 X63.097 Y187.3 E.00108
;WIDTH:0.349668
G1 X63.121 Y187.253 E.00128
;WIDTH:0.39686
G1 X63.144 Y187.206 E.00148
;WIDTH:0.431684
G1 X63.15 Y128.306 E1.80993
G1 X63.744 Y128.1 F30000
;WIDTH:0.430842
G1 F15000
G1 X193.056 Y128.1 E3.96502
;WIDTH:0.469667
G1 X193.217 Y128.133 E.00554
G1 X193.233 Y128.214 E.00277
;WIDTH:0.447481
G1 X193.25 Y128.294 E.00262
;WIDTH:0.430842
G1 X193.25 Y188.706 E1.85238
;WIDTH:0.469667
G1 X193.217 Y188.867 E.00554
G1 X193.136 Y188.883 E.00277
;WIDTH:0.447481
G1 X193.056 Y188.9 E.00262
;WIDTH:0.430842
G1 X76.344 Y188.9 E3.57867
G1 E-.728 F1800
;WIPE_START
G1 F30000
G1 X77.544 Y188.9 E-.072
;WIPE_END
G1 X74.877 Y189.75 Z7.4
G1 Z7
G1 E.8 F1800
;WIDTH:0.517526
G1 F13963.988
G1 X68.363 Y189.75 E.24439
G1 E-.728 F1800
;WIPE_START
G1 F30000
G1 X69.563 Y189.75 E-.072
;WIPE_END
G1 X69.401 Y182.119 Z7.4
G1 X68.159 Y123.609 Z7.4
G1 Z7
G1 E.8 F1800
;TYPE:Inner wall
;WIDTH:0.45
G1 F6000
G1 X75.6 Y123.609 E.23941
G1 X74.785 Y124.433 E.0373
G1 X74.647 Y124.491 E.0048
G1 X68.159 Y124.491 E.20875
G1 X68.159 Y123.649 E.02708
G1 X67.752 Y123.202 F30000
G1 F6000
G1 X76.148 Y123.202 E.27015
G1 X76.148 Y123.634 E.01389
G1 X75.017 Y124.778 E.05177
G1 X74.728 Y124.898 E.01005
G1 X67.752 Y124.898 E.22447
G1 X67.752 Y123.242 E.05328
G1 E-.728 F1800
;WIPE_START
G1 F30000
G1 X68.952 Y123.236 E-.072
;WIPE_END
G1 X63.548 Y119.559 Z7.4
G1 Z7
G1 E.8 F1800
G1 F6000
G1 X63.548 Y121.898 E.07526
G1 X63.348 Y121.898 E.00644
G1 X63.348 Y123.198 E.04183
G1 X62.752 Y123.198 E.01917
G1 X62.752 Y62.402 E1.95621
G1 X63.548 Y62.402 E.02561
G1 X63.548 Y119.519 E1.83783
G1 E-.728 F1800
;WIPE_START
G1 F30000
G1 X63.548 Y120.719 E-.072
;WIPE_END
G1 X67.36 Y123.59 Z7.4
G1 Z7
G1 E.8 F1800
SET_VELOCITY_LIMIT ACCEL=5000
;TYPE:Outer wall
;WIDTH:0.42
G1 F3600
G1 X64.96 Y123.59 E.07153
G1 X64.96 Y122.81 E.02325
G1 X192.86 Y122.81 E3.81211
G1 X192.86 Y62.79 E1.78892
G1 X63.94 Y62.79 E3.84251
G1 X63.94 Y122.29 E1.77342
G1 X63.74 Y122.29 E.00596
G1 X63.74 Y123.59 E.03875
G1 X62.36 Y123.59 E.04113
G1 X62.36 Y62.01 E1.83542
G1 X193.64 Y62.01 E3.91285
G1 X193.64 Y123.59 E1.83542
G1 X76.54 Y123.59 E3.49021
G1 X76.54 Y123.795 E.0061
G1 X75.24 Y125.109 E.0551
G1 X74.807 Y125.29 E.014
G1 X67.537 Y125.29 E.21668
G1 X67.36 Y125.113 E.00746
G1 X67.36 Y123.63 E.0442
G1 X67.556 Y123.2 F30000
SET_VELOCITY_LIMIT ACCEL=10000
;TYPE:Gap infill
;WIDTH:0.430842
G1 F15000
G1 X65.156 Y123.2 E.07359
G1 E-.728 F1800
;WIPE_START
G1 F30000
G1 X66.356 Y123.2 E-.072
;WIPE_END
G1 X63.05 Y122.994 Z7.4
G1 Z7
G1 E.8 F1800
;WIDTH:0.233529
G1 F15000
G1 X63.05 Y121.694 E.01959
G1 X63.074 Y121.647 E.00079
;WIDTH:0.302476
G1 X63.097 Y121.6 E.00108
;WIDTH:0.349668
G1 X63.121 Y121.553 E.00128
;WIDTH:0.39686
G1 X63.144 Y121.506 E.00148
;WIDTH:0.431684
G1 X63.15 Y62.606 E1.80993
G1 X63.744 Y62.4 F30000
;WIDTH:0.430842
G1 F15000
G1 X193.056 Y62.4 E3.96502
;WIDTH:0.469667
G1 X193.217 Y62.433 E.00554
G1 X193.233 Y62.514 E.00277
;WIDTH:0.447481
G1 X193.25 Y62.594 E.00262
;WIDTH:0.430842
G1 X193.25 Y123.006 E1.85238
;WIDTH:0.469667
G1 X193.217 Y123.167 E.00554
G1 X193.136 Y123.183 E.00277
;WIDTH:0.447481
G1 X193.056 Y123.2 E.00262
;WIDTH:0.430842
G1 X76.344 Y123.2 E3.57867
G1 E-.728 F1800
;WIPE_START
G1 F30000
G1 X77.544 Y123.2 E-.072
;WIPE_END
G1 X74.877 Y124.05 Z7.4
G1 Z7
G1 E.8 F1800
;WIDTH:0.517526
G1 F13963.988
G1 X68.363 Y124.05 E.24439
;LAYER_CHANGE
;Z:7.2
;HEIGHT:0.2
;BEFORE_LAYER_CHANGE
;7.2
G92 E0

G1 E-.728 F1800
;WIPE_START
G1 F30000
G1 X69.563 Y124.05 E-.072
;WIPE_END
M73 L36
;LAYER:36
SET_PRINT_STATS_INFO TOTAL_LAYER=93 CURRENT_LAYER=36
;_SET_FAN_SPEED_CHANGING_LAYER

G1 X69.0841 Y124.991 Z7.25714
G1 X68.0498 Y125.204 Z7.31429
G1 X67.2385 Y124.528 Z7.37143
G1 X67.2612 Y123.472 Z7.42857
G1 X68.1008 Y122.832 Z7.48571
G1 X69.1251 Y123.089 Z7.54286
G1 X69.5627 Y124.05 Z7.6
G1 X68.159 Y189.309 Z7.6
G1 Z7.2
G1 E.8 F1800
;TYPE:Inner wall
;WIDTH:0.45
G1 F6000
G1 X75.6 Y189.309 E.23941
G1 X74.785 Y190.133 E.0373
G1 X74.647 Y190.191 E.0048
G1 X68.159 Y190.191 E.20875
G1 X68.159 Y189.349 E.02708
G1 X67.752 Y188.902 F30000
G1 F6000
G1 X76.148 Y188.902 E.27015
G1 X76.148 Y189.334 E.01389
G1 X75.017 Y190.478 E.05177
G1 X74.728 Y190.598 E.01005
G1 X67.752 Y190.598 E.22447
G1 X67.752 Y188.942 E.05328
G1 E-.728 F1800
;WIPE_START
G1 F30000
G1 X68.952 Y188.936 E-.072
;WIPE_END
G1 X63.548 Y185.259 Z7.6
G1 Z7.2
G1 E.8 F1800
G1 F6000
G1 X63.548 Y187.598 E.07526
G1 X63.348 Y187.598 E.00644
G1 X63.348 Y188.898 E.04183
G1 X62.752 Y188.898 E.01917
G1 X62.752 Y128.102 E1.95621
G1 X63.548 Y128.102 E.02561
G1 X63.548 Y185.219 E1.83783
G1 E-.728 F1800
;WIPE_START
G1 F30000
G1 X63.548 Y186.419 E-.072
;WIPE_END
G1 X67.36 Y189.29 Z7.6
G1 Z7.2
G1 E.8 F1800
SET_VELOCITY_LIMIT ACCEL=5000
;TYPE:Outer wall
;WIDTH:0.42
G1 F3600
G1 X64.96 Y189.29 E.07153
G1 X64.96 Y188.51 E.02325
G1 X192.86 Y188.51 E3.81211
G1 X192.86 Y128.49 E1.78892
G1 X63.94 Y128.49 E3.84251
G1 X63.94 Y187.99 E1.77342
G1 X63.74 Y187.99 E.00596
G1 X63.74 Y189.29 E.03875
G1 X62.36 Y189.29 E.04113
G1 X62.36 Y127.71 E1.83542
G1 X193.64 Y127.71 E3.91285
G1 X193.64 Y189.29 E1.83542
G1 X76.54 Y189.29 E3.49021
G1 X76.54 Y189.495 E.0061
M73 P57 R33
G1 X75.24 Y190.809 E.0551
G1 X74.807 Y190.99 E.014
G1 X67.537 Y190.99 E.21668
G1 X67.36 Y190.813 E.00746
G1 X67.36 Y189.33 E.0442
G1 X67.556 Y188.9 F30000
SET_VELOCITY_LIMIT ACCEL=10000
;TYPE:Gap infill
;WIDTH:0.430842
G1 F15000
G1 X65.156 Y188.9 E.07359
G1 E-.728 F1800
;WIPE_START
G1 F30000
G1 X66.356 Y188.9 E-.072
;WIPE_END
G1 X63.05 Y188.694 Z7.6
G1 Z7.2
G1 E.8 F1800
;WIDTH:0.233529
G1 F15000
G1 X63.05 Y187.394 E.01959
G1 X63.074 Y187.347 E.00079
;WIDTH:0.302476
G1 X63.097 Y187.3 E.00108
;WIDTH:0.349668
G1 X63.121 Y187.253 E.00128
;WIDTH:0.39686
G1 X63.144 Y187.206 E.00148
;WIDTH:0.431684
G1 X63.15 Y128.306 E1.80993
G1 X63.744 Y128.1 F30000
;WIDTH:0.430842
G1 F15000
G1 X193.056 Y128.1 E3.96502
;WIDTH:0.469667
G1 X193.217 Y128.133 E.00554
G1 X193.233 Y128.214 E.00277
;WIDTH:0.447481
G1 X193.25 Y128.294 E.00262
;WIDTH:0.430842
G1 X193.25 Y188.706 E1.85238
;WIDTH:0.469667
G1 X193.217 Y188.867 E.00554
G1 X193.136 Y188.883 E.00277
;WIDTH:0.447481
G1 X193.056 Y188.9 E.00262
;WIDTH:0.430842
G1 X76.344 Y188.9 E3.57867
G1 E-.728 F1800
;WIPE_START
G1 F30000
G1 X77.544 Y188.9 E-.072
;WIPE_END
G1 X74.877 Y189.75 Z7.6
G1 Z7.2
G1 E.8 F1800
;WIDTH:0.517526
G1 F13963.988
G1 X68.363 Y189.75 E.24439
G1 E-.728 F1800
;WIPE_START
G1 F30000
G1 X69.563 Y189.75 E-.072
;WIPE_END
G1 X69.401 Y182.119 Z7.6
G1 X68.159 Y123.609 Z7.6
G1 Z7.2
G1 E.8 F1800
;TYPE:Inner wall
;WIDTH:0.45
G1 F6000
G1 X75.6 Y123.609 E.23941
G1 X74.785 Y124.433 E.0373
G1 X74.647 Y124.491 E.0048
G1 X68.159 Y124.491 E.20875
G1 X68.159 Y123.649 E.02708
G1 X67.752 Y123.202 F30000
G1 F6000
G1 X76.148 Y123.202 E.27015
G1 X76.148 Y123.634 E.01389
G1 X75.017 Y124.778 E.05177
G1 X74.728 Y124.898 E.01005
G1 X67.752 Y124.898 E.22447
G1 X67.752 Y123.242 E.05328
G1 E-.728 F1800
;WIPE_START
G1 F30000
G1 X68.952 Y123.236 E-.072
;WIPE_END
G1 X63.548 Y119.559 Z7.6
G1 Z7.2
G1 E.8 F1800
G1 F6000
G1 X63.548 Y121.898 E.07526
G1 X63.348 Y121.898 E.00644
G1 X63.348 Y123.198 E.04183
G1 X62.752 Y123.198 E.01917
G1 X62.752 Y62.402 E1.95621
G1 X63.548 Y62.402 E.02561
G1 X63.548 Y119.519 E1.83783
G1 E-.728 F1800
;WIPE_START
G1 F30000
G1 X63.548 Y120.719 E-.072
;WIPE_END
G1 X67.36 Y123.59 Z7.6
G1 Z7.2
G1 E.8 F1800
M73 P57 R32
SET_VELOCITY_LIMIT ACCEL=5000
;TYPE:Outer wall
;WIDTH:0.42
G1 F3600
G1 X64.96 Y123.59 E.07153
G1 X64.96 Y122.81 E.02325
G1 X192.86 Y122.81 E3.81211
G1 X192.86 Y62.79 E1.78892
G1 X63.94 Y62.79 E3.84251
G1 X63.94 Y122.29 E1.77342
G1 X63.74 Y122.29 E.00596
G1 X63.74 Y123.59 E.03875
G1 X62.36 Y123.59 E.04113
G1 X62.36 Y62.01 E1.83542
G1 X193.64 Y62.01 E3.91285
G1 X193.64 Y123.59 E1.83542
G1 X76.54 Y123.59 E3.49021
G1 X76.54 Y123.795 E.0061
G1 X75.24 Y125.109 E.0551
G1 X74.807 Y125.29 E.014
G1 X67.537 Y125.29 E.21668
G1 X67.36 Y125.113 E.00746
G1 X67.36 Y123.63 E.0442
G1 X67.556 Y123.2 F30000
SET_VELOCITY_LIMIT ACCEL=10000
;TYPE:Gap infill
;WIDTH:0.430842
G1 F15000
G1 X65.156 Y123.2 E.07359
G1 E-.728 F1800
;WIPE_START
G1 F30000
G1 X66.356 Y123.2 E-.072
;WIPE_END
G1 X63.05 Y122.994 Z7.6
G1 Z7.2
G1 E.8 F1800
;WIDTH:0.233529
G1 F15000
G1 X63.05 Y121.694 E.01959
G1 X63.074 Y121.647 E.00079
;WIDTH:0.302476
G1 X63.097 Y121.6 E.00108
;WIDTH:0.349668
G1 X63.121 Y121.553 E.00128
;WIDTH:0.39686
G1 X63.144 Y121.506 E.00148
;WIDTH:0.431684
G1 X63.15 Y62.606 E1.80993
G1 X63.744 Y62.4 F30000
;WIDTH:0.430842
G1 F15000
G1 X193.056 Y62.4 E3.96502
;WIDTH:0.469667
G1 X193.217 Y62.433 E.00554
G1 X193.233 Y62.514 E.00277
;WIDTH:0.447481
G1 X193.25 Y62.594 E.00262
;WIDTH:0.430842
G1 X193.25 Y123.006 E1.85238
;WIDTH:0.469667
G1 X193.217 Y123.167 E.00554
G1 X193.136 Y123.183 E.00277
;WIDTH:0.447481
G1 X193.056 Y123.2 E.00262
;WIDTH:0.430842
G1 X76.344 Y123.2 E3.57867
G1 E-.728 F1800
;WIPE_START
G1 F30000
G1 X77.544 Y123.2 E-.072
;WIPE_END
G1 X74.877 Y124.05 Z7.6
G1 Z7.2
G1 E.8 F1800
;WIDTH:0.517526
G1 F13963.988
G1 X68.363 Y124.05 E.24439
;LAYER_CHANGE
;Z:7.4
;HEIGHT:0.2
;BEFORE_LAYER_CHANGE
;7.4
G92 E0

G1 E-.728 F1800
;WIPE_START
G1 F30000
G1 X69.563 Y124.05 E-.072
;WIPE_END
M73 L37
;LAYER:37
SET_PRINT_STATS_INFO TOTAL_LAYER=93 CURRENT_LAYER=37
;_SET_FAN_SPEED_CHANGING_LAYER

G1 X69.0841 Y124.991 Z7.45714
G1 X68.0498 Y125.204 Z7.51429
G1 X67.2385 Y124.528 Z7.57143
G1 X67.2612 Y123.472 Z7.62857
G1 X68.1008 Y122.832 Z7.68571
G1 X69.1251 Y123.089 Z7.74286
G1 X69.5627 Y124.05 Z7.8
G1 X68.159 Y189.309 Z7.8
G1 Z7.4
G1 E.8 F1800
;TYPE:Inner wall
;WIDTH:0.45
G1 F6000
G1 X75.6 Y189.309 E.23941
G1 X74.785 Y190.133 E.0373
G1 X74.647 Y190.191 E.0048
G1 X68.159 Y190.191 E.20875
G1 X68.159 Y189.349 E.02708
G1 X67.752 Y188.902 F30000
G1 F6000
G1 X76.148 Y188.902 E.27015
G1 X76.148 Y189.334 E.01389
G1 X75.017 Y190.478 E.05177
G1 X74.728 Y190.598 E.01005
G1 X67.752 Y190.598 E.22447
G1 X67.752 Y188.942 E.05328
G1 E-.728 F1800
;WIPE_START
G1 F30000
G1 X68.952 Y188.936 E-.072
;WIPE_END
G1 X63.548 Y185.259 Z7.8
G1 Z7.4
G1 E.8 F1800
G1 F6000
G1 X63.548 Y187.598 E.07526
G1 X63.348 Y187.598 E.00644
G1 X63.348 Y188.898 E.04183
G1 X62.752 Y188.898 E.01917
G1 X62.752 Y128.102 E1.95621
G1 X63.548 Y128.102 E.02561
G1 X63.548 Y185.219 E1.83783
G1 E-.728 F1800
;WIPE_START
G1 F30000
G1 X63.548 Y186.419 E-.072
;WIPE_END
G1 X67.36 Y189.29 Z7.8
G1 Z7.4
G1 E.8 F1800
SET_VELOCITY_LIMIT ACCEL=5000
;TYPE:Outer wall
;WIDTH:0.42
G1 F3600
G1 X64.96 Y189.29 E.07153
G1 X64.96 Y188.51 E.02325
G1 X192.86 Y188.51 E3.81211
G1 X192.86 Y128.49 E1.78892
G1 X63.94 Y128.49 E3.84251
G1 X63.94 Y187.99 E1.77342
G1 X63.74 Y187.99 E.00596
G1 X63.74 Y189.29 E.03875
G1 X62.36 Y189.29 E.04113
G1 X62.36 Y127.71 E1.83542
G1 X193.64 Y127.71 E3.91285
G1 X193.64 Y189.29 E1.83542
G1 X76.54 Y189.29 E3.49021
G1 X76.54 Y189.495 E.0061
G1 X75.24 Y190.809 E.0551
G1 X74.807 Y190.99 E.014
G1 X67.537 Y190.99 E.21668
G1 X67.36 Y190.813 E.00746
G1 X67.36 Y189.33 E.0442
G1 X67.556 Y188.9 F30000
SET_VELOCITY_LIMIT ACCEL=10000
;TYPE:Gap infill
;WIDTH:0.430842
G1 F15000
G1 X65.156 Y188.9 E.07359
G1 E-.728 F1800
;WIPE_START
G1 F30000
G1 X66.356 Y188.9 E-.072
;WIPE_END
G1 X63.05 Y188.694 Z7.8
G1 Z7.4
G1 E.8 F1800
;WIDTH:0.233529
G1 F15000
G1 X63.05 Y187.394 E.01959
G1 X63.074 Y187.347 E.00079
;WIDTH:0.302476
G1 X63.097 Y187.3 E.00108
;WIDTH:0.349668
G1 X63.121 Y187.253 E.00128
;WIDTH:0.39686
G1 X63.144 Y187.206 E.00148
;WIDTH:0.431684
G1 X63.15 Y128.306 E1.80993
G1 X63.744 Y128.1 F30000
;WIDTH:0.430842
G1 F15000
G1 X193.056 Y128.1 E3.96502
;WIDTH:0.469667
G1 X193.217 Y128.133 E.00554
G1 X193.233 Y128.214 E.00277
;WIDTH:0.447481
G1 X193.25 Y128.294 E.00262
;WIDTH:0.430842
G1 X193.25 Y188.706 E1.85238
;WIDTH:0.469667
G1 X193.217 Y188.867 E.00554
G1 X193.136 Y188.883 E.00277
;WIDTH:0.447481
G1 X193.056 Y188.9 E.00262
;WIDTH:0.430842
G1 X76.344 Y188.9 E3.57867
G1 E-.728 F1800
;WIPE_START
G1 F30000
G1 X77.544 Y188.9 E-.072
;WIPE_END
G1 X74.877 Y189.75 Z7.8
G1 Z7.4
G1 E.8 F1800
;WIDTH:0.517526
G1 F13963.988
G1 X68.363 Y189.75 E.24439
G1 E-.728 F1800
;WIPE_START
G1 F30000
G1 X69.563 Y189.75 E-.072
;WIPE_END
G1 X69.401 Y182.119 Z7.8
G1 X68.159 Y123.609 Z7.8
G1 Z7.4
G1 E.8 F1800
;TYPE:Inner wall
;WIDTH:0.45
G1 F6000
G1 X75.6 Y123.609 E.23941
G1 X74.785 Y124.433 E.0373
G1 X74.647 Y124.491 E.0048
G1 X68.159 Y124.491 E.20875
G1 X68.159 Y123.649 E.02708
G1 X67.752 Y123.202 F30000
G1 F6000
G1 X76.148 Y123.202 E.27015
G1 X76.148 Y123.634 E.01389
G1 X75.017 Y124.778 E.05177
G1 X74.728 Y124.898 E.01005
G1 X67.752 Y124.898 E.22447
G1 X67.752 Y123.242 E.05328
G1 E-.728 F1800
;WIPE_START
G1 F30000
G1 X68.952 Y123.236 E-.072
;WIPE_END
G1 X63.548 Y119.559 Z7.8
G1 Z7.4
G1 E.8 F1800
G1 F6000
G1 X63.548 Y121.898 E.07526
G1 X63.348 Y121.898 E.00644
G1 X63.348 Y123.198 E.04183
G1 X62.752 Y123.198 E.01917
G1 X62.752 Y62.402 E1.95621
G1 X63.548 Y62.402 E.02561
G1 X63.548 Y119.519 E1.83783
G1 E-.728 F1800
;WIPE_START
G1 F30000
G1 X63.548 Y120.719 E-.072
;WIPE_END
G1 X67.36 Y123.59 Z7.8
G1 Z7.4
G1 E.8 F1800
SET_VELOCITY_LIMIT ACCEL=5000
;TYPE:Outer wall
;WIDTH:0.42
G1 F3600
G1 X64.96 Y123.59 E.07153
G1 X64.96 Y122.81 E.02325
G1 X192.86 Y122.81 E3.81211
G1 X192.86 Y62.79 E1.78892
G1 X63.94 Y62.79 E3.84251
G1 X63.94 Y122.29 E1.77342
M73 P58 R32
G1 X63.74 Y122.29 E.00596
G1 X63.74 Y123.59 E.03875
G1 X62.36 Y123.59 E.04113
G1 X62.36 Y62.01 E1.83542
G1 X193.64 Y62.01 E3.91285
G1 X193.64 Y123.59 E1.83542
G1 X76.54 Y123.59 E3.49021
G1 X76.54 Y123.795 E.0061
G1 X75.24 Y125.109 E.0551
G1 X74.807 Y125.29 E.014
G1 X67.537 Y125.29 E.21668
G1 X67.36 Y125.113 E.00746
G1 X67.36 Y123.63 E.0442
G1 X67.556 Y123.2 F30000
SET_VELOCITY_LIMIT ACCEL=10000
;TYPE:Gap infill
;WIDTH:0.430842
G1 F15000
G1 X65.156 Y123.2 E.07359
G1 E-.728 F1800
;WIPE_START
G1 F30000
G1 X66.356 Y123.2 E-.072
;WIPE_END
G1 X63.05 Y122.994 Z7.8
G1 Z7.4
G1 E.8 F1800
;WIDTH:0.233529
G1 F15000
G1 X63.05 Y121.694 E.01959
G1 X63.074 Y121.647 E.00079
;WIDTH:0.302476
G1 X63.097 Y121.6 E.00108
;WIDTH:0.349668
G1 X63.121 Y121.553 E.00128
;WIDTH:0.39686
G1 X63.144 Y121.506 E.00148
;WIDTH:0.431684
G1 X63.15 Y62.606 E1.80993
G1 X63.744 Y62.4 F30000
;WIDTH:0.430842
G1 F15000
G1 X193.056 Y62.4 E3.96502
;WIDTH:0.469667
G1 X193.217 Y62.433 E.00554
G1 X193.233 Y62.514 E.00277
;WIDTH:0.447481
G1 X193.25 Y62.594 E.00262
;WIDTH:0.430842
G1 X193.25 Y123.006 E1.85238
;WIDTH:0.469667
G1 X193.217 Y123.167 E.00554
G1 X193.136 Y123.183 E.00277
;WIDTH:0.447481
G1 X193.056 Y123.2 E.00262
;WIDTH:0.430842
G1 X76.344 Y123.2 E3.57867
G1 E-.728 F1800
;WIPE_START
G1 F30000
G1 X77.544 Y123.2 E-.072
;WIPE_END
G1 X74.877 Y124.05 Z7.8
G1 Z7.4
G1 E.8 F1800
;WIDTH:0.517526
G1 F13963.988
G1 X68.363 Y124.05 E.24439
;LAYER_CHANGE
;Z:7.6
;HEIGHT:0.2
;BEFORE_LAYER_CHANGE
;7.6
G92 E0

G1 E-.728 F1800
;WIPE_START
G1 F30000
G1 X69.563 Y124.05 E-.072
;WIPE_END
M73 L38
;LAYER:38
SET_PRINT_STATS_INFO TOTAL_LAYER=93 CURRENT_LAYER=38
;_SET_FAN_SPEED_CHANGING_LAYER

G1 X69.0841 Y124.991 Z7.65714
G1 X68.0498 Y125.204 Z7.71429
G1 X67.2385 Y124.528 Z7.77143
G1 X67.2612 Y123.472 Z7.82857
G1 X68.1008 Y122.832 Z7.88571
G1 X69.1251 Y123.089 Z7.94286
G1 X69.5627 Y124.05 Z8
G1 X68.159 Y189.309 Z8
G1 Z7.6
G1 E.8 F1800
;TYPE:Inner wall
;WIDTH:0.45
G1 F6000
G1 X75.6 Y189.309 E.23941
G1 X74.785 Y190.133 E.0373
G1 X74.647 Y190.191 E.0048
G1 X68.159 Y190.191 E.20875
G1 X68.159 Y189.349 E.02708
G1 X67.752 Y188.902 F30000
G1 F6000
G1 X76.148 Y188.902 E.27015
G1 X76.148 Y189.334 E.01389
G1 X75.017 Y190.478 E.05177
G1 X74.728 Y190.598 E.01005
G1 X67.752 Y190.598 E.22447
G1 X67.752 Y188.942 E.05328
G1 E-.728 F1800
;WIPE_START
G1 F30000
G1 X68.952 Y188.936 E-.072
;WIPE_END
G1 X63.548 Y185.259 Z8
G1 Z7.6
G1 E.8 F1800
G1 F6000
G1 X63.548 Y187.598 E.07526
G1 X63.348 Y187.598 E.00644
G1 X63.348 Y188.898 E.04183
G1 X62.752 Y188.898 E.01917
G1 X62.752 Y128.102 E1.95621
G1 X63.548 Y128.102 E.02561
G1 X63.548 Y185.219 E1.83783
G1 E-.728 F1800
;WIPE_START
G1 F30000
G1 X63.548 Y186.419 E-.072
;WIPE_END
G1 X67.36 Y189.29 Z8
G1 Z7.6
G1 E.8 F1800
SET_VELOCITY_LIMIT ACCEL=5000
;TYPE:Outer wall
;WIDTH:0.42
G1 F3600
G1 X64.96 Y189.29 E.07153
G1 X64.96 Y188.51 E.02325
G1 X192.86 Y188.51 E3.81211
G1 X192.86 Y128.49 E1.78892
G1 X63.94 Y128.49 E3.84251
G1 X63.94 Y187.99 E1.77342
G1 X63.74 Y187.99 E.00596
G1 X63.74 Y189.29 E.03875
G1 X62.36 Y189.29 E.04113
G1 X62.36 Y127.71 E1.83542
G1 X193.64 Y127.71 E3.91285
M73 P58 R31
G1 X193.64 Y189.29 E1.83542
G1 X76.54 Y189.29 E3.49021
G1 X76.54 Y189.495 E.0061
G1 X75.24 Y190.809 E.0551
G1 X74.807 Y190.99 E.014
G1 X67.537 Y190.99 E.21668
G1 X67.36 Y190.813 E.00746
G1 X67.36 Y189.33 E.0442
G1 X67.556 Y188.9 F30000
SET_VELOCITY_LIMIT ACCEL=10000
;TYPE:Gap infill
;WIDTH:0.430842
G1 F15000
G1 X65.156 Y188.9 E.07359
G1 E-.728 F1800
;WIPE_START
G1 F30000
G1 X66.356 Y188.9 E-.072
;WIPE_END
G1 X63.05 Y188.694 Z8
G1 Z7.6
G1 E.8 F1800
;WIDTH:0.233529
G1 F15000
G1 X63.05 Y187.394 E.01959
G1 X63.074 Y187.347 E.00079
;WIDTH:0.302476
G1 X63.097 Y187.3 E.00108
;WIDTH:0.349668
G1 X63.121 Y187.253 E.00128
;WIDTH:0.39686
G1 X63.144 Y187.206 E.00148
;WIDTH:0.431684
G1 X63.15 Y128.306 E1.80993
G1 X63.744 Y128.1 F30000
;WIDTH:0.430842
G1 F15000
G1 X193.056 Y128.1 E3.96502
;WIDTH:0.469667
G1 X193.217 Y128.133 E.00554
G1 X193.233 Y128.214 E.00277
;WIDTH:0.447481
G1 X193.25 Y128.294 E.00262
;WIDTH:0.430842
G1 X193.25 Y188.706 E1.85238
;WIDTH:0.469667
G1 X193.217 Y188.867 E.00554
G1 X193.136 Y188.883 E.00277
;WIDTH:0.447481
G1 X193.056 Y188.9 E.00262
;WIDTH:0.430842
G1 X76.344 Y188.9 E3.57867
G1 E-.728 F1800
;WIPE_START
G1 F30000
G1 X77.544 Y188.9 E-.072
;WIPE_END
G1 X74.877 Y189.75 Z8
G1 Z7.6
G1 E.8 F1800
;WIDTH:0.517526
G1 F13963.988
G1 X68.363 Y189.75 E.24439
G1 E-.728 F1800
;WIPE_START
G1 F30000
G1 X69.563 Y189.75 E-.072
;WIPE_END
G1 X69.401 Y182.119 Z8
G1 X68.159 Y123.609 Z8
G1 Z7.6
G1 E.8 F1800
;TYPE:Inner wall
;WIDTH:0.45
G1 F6000
G1 X75.6 Y123.609 E.23941
G1 X74.785 Y124.433 E.0373
G1 X74.647 Y124.491 E.0048
G1 X68.159 Y124.491 E.20875
G1 X68.159 Y123.649 E.02708
G1 X67.752 Y123.202 F30000
G1 F6000
G1 X76.148 Y123.202 E.27015
G1 X76.148 Y123.634 E.01389
G1 X75.017 Y124.778 E.05177
G1 X74.728 Y124.898 E.01005
G1 X67.752 Y124.898 E.22447
G1 X67.752 Y123.242 E.05328
G1 E-.728 F1800
;WIPE_START
G1 F30000
G1 X68.952 Y123.236 E-.072
;WIPE_END
G1 X63.548 Y119.559 Z8
G1 Z7.6
G1 E.8 F1800
G1 F6000
G1 X63.548 Y121.898 E.07526
G1 X63.348 Y121.898 E.00644
G1 X63.348 Y123.198 E.04183
G1 X62.752 Y123.198 E.01917
G1 X62.752 Y62.402 E1.95621
G1 X63.548 Y62.402 E.02561
G1 X63.548 Y119.519 E1.83783
G1 E-.728 F1800
;WIPE_START
G1 F30000
G1 X63.548 Y120.719 E-.072
;WIPE_END
G1 X67.36 Y123.59 Z8
G1 Z7.6
G1 E.8 F1800
SET_VELOCITY_LIMIT ACCEL=5000
;TYPE:Outer wall
;WIDTH:0.42
G1 F3600
G1 X64.96 Y123.59 E.07153
G1 X64.96 Y122.81 E.02325
G1 X192.86 Y122.81 E3.81211
G1 X192.86 Y62.79 E1.78892
G1 X63.94 Y62.79 E3.84251
G1 X63.94 Y122.29 E1.77342
G1 X63.74 Y122.29 E.00596
G1 X63.74 Y123.59 E.03875
G1 X62.36 Y123.59 E.04113
G1 X62.36 Y62.01 E1.83542
G1 X193.64 Y62.01 E3.91285
G1 X193.64 Y123.59 E1.83542
G1 X76.54 Y123.59 E3.49021
G1 X76.54 Y123.795 E.0061
G1 X75.24 Y125.109 E.0551
G1 X74.807 Y125.29 E.014
G1 X67.537 Y125.29 E.21668
G1 X67.36 Y125.113 E.00746
G1 X67.36 Y123.63 E.0442
G1 X67.556 Y123.2 F30000
SET_VELOCITY_LIMIT ACCEL=10000
;TYPE:Gap infill
;WIDTH:0.430842
G1 F15000
G1 X65.156 Y123.2 E.07359
G1 E-.728 F1800
;WIPE_START
G1 F30000
G1 X66.356 Y123.2 E-.072
;WIPE_END
G1 X63.05 Y122.994 Z8
G1 Z7.6
G1 E.8 F1800
;WIDTH:0.233529
G1 F15000
G1 X63.05 Y121.694 E.01959
G1 X63.074 Y121.647 E.00079
;WIDTH:0.302476
G1 X63.097 Y121.6 E.00108
;WIDTH:0.349668
G1 X63.121 Y121.553 E.00128
;WIDTH:0.39686
G1 X63.144 Y121.506 E.00148
;WIDTH:0.431684
G1 X63.15 Y62.606 E1.80993
G1 X63.744 Y62.4 F30000
;WIDTH:0.430842
G1 F15000
G1 X193.056 Y62.4 E3.96502
;WIDTH:0.469667
G1 X193.217 Y62.433 E.00554
G1 X193.233 Y62.514 E.00277
;WIDTH:0.447481
G1 X193.25 Y62.594 E.00262
;WIDTH:0.430842
G1 X193.25 Y123.006 E1.85238
;WIDTH:0.469667
G1 X193.217 Y123.167 E.00554
G1 X193.136 Y123.183 E.00277
;WIDTH:0.447481
G1 X193.056 Y123.2 E.00262
;WIDTH:0.430842
G1 X76.344 Y123.2 E3.57867
G1 E-.728 F1800
;WIPE_START
G1 F30000
G1 X77.544 Y123.2 E-.072
;WIPE_END
G1 X74.877 Y124.05 Z8
G1 Z7.6
G1 E.8 F1800
;WIDTH:0.517526
G1 F13963.988
G1 X68.363 Y124.05 E.24439
;LAYER_CHANGE
;Z:7.8
;HEIGHT:0.2
;BEFORE_LAYER_CHANGE
;7.8
G92 E0

G1 E-.728 F1800
;WIPE_START
G1 F30000
G1 X69.563 Y124.05 E-.072
;WIPE_END
M73 L39
;LAYER:39
SET_PRINT_STATS_INFO TOTAL_LAYER=93 CURRENT_LAYER=39
;_SET_FAN_SPEED_CHANGING_LAYER

G1 X69.0841 Y124.991 Z7.85714
G1 X68.0498 Y125.204 Z7.91429
G1 X67.2385 Y124.528 Z7.97143
G1 X67.2612 Y123.472 Z8.02857
G1 X68.1008 Y122.832 Z8.08571
G1 X69.1251 Y123.089 Z8.14286
G1 X69.5627 Y124.05 Z8.2
G1 X68.159 Y189.309 Z8.2
G1 Z7.8
G1 E.8 F1800
;TYPE:Inner wall
;WIDTH:0.45
G1 F6000
G1 X75.6 Y189.309 E.23941
G1 X74.785 Y190.133 E.0373
G1 X74.647 Y190.191 E.0048
G1 X68.159 Y190.191 E.20875
G1 X68.159 Y189.349 E.02708
G1 X67.752 Y188.902 F30000
G1 F6000
G1 X76.148 Y188.902 E.27015
G1 X76.148 Y189.334 E.01389
G1 X75.017 Y190.478 E.05177
G1 X74.728 Y190.598 E.01005
G1 X67.752 Y190.598 E.22447
G1 X67.752 Y188.942 E.05328
G1 E-.728 F1800
;WIPE_START
G1 F30000
G1 X68.952 Y188.936 E-.072
;WIPE_END
G1 X63.548 Y185.259 Z8.2
G1 Z7.8
G1 E.8 F1800
M73 P59 R31
G1 F6000
G1 X63.548 Y187.598 E.07526
G1 X63.348 Y187.598 E.00644
G1 X63.348 Y188.898 E.04183
G1 X62.752 Y188.898 E.01917
G1 X62.752 Y128.102 E1.95621
G1 X63.548 Y128.102 E.02561
G1 X63.548 Y185.219 E1.83783
G1 E-.728 F1800
;WIPE_START
G1 F30000
G1 X63.548 Y186.419 E-.072
;WIPE_END
G1 X67.36 Y189.29 Z8.2
G1 Z7.8
G1 E.8 F1800
SET_VELOCITY_LIMIT ACCEL=5000
;TYPE:Outer wall
;WIDTH:0.42
G1 F3600
G1 X64.96 Y189.29 E.07153
G1 X64.96 Y188.51 E.02325
G1 X192.86 Y188.51 E3.81211
G1 X192.86 Y128.49 E1.78892
G1 X63.94 Y128.49 E3.84251
G1 X63.94 Y187.99 E1.77342
G1 X63.74 Y187.99 E.00596
G1 X63.74 Y189.29 E.03875
G1 X62.36 Y189.29 E.04113
G1 X62.36 Y127.71 E1.83542
G1 X193.64 Y127.71 E3.91285
G1 X193.64 Y189.29 E1.83542
G1 X76.54 Y189.29 E3.49021
G1 X76.54 Y189.495 E.0061
G1 X75.24 Y190.809 E.0551
G1 X74.807 Y190.99 E.014
G1 X67.537 Y190.99 E.21668
G1 X67.36 Y190.813 E.00746
G1 X67.36 Y189.33 E.0442
G1 X67.556 Y188.9 F30000
SET_VELOCITY_LIMIT ACCEL=10000
;TYPE:Gap infill
;WIDTH:0.430842
G1 F15000
G1 X65.156 Y188.9 E.07359
G1 E-.728 F1800
;WIPE_START
G1 F30000
G1 X66.356 Y188.9 E-.072
;WIPE_END
G1 X63.05 Y188.694 Z8.2
G1 Z7.8
G1 E.8 F1800
;WIDTH:0.233529
G1 F15000
G1 X63.05 Y187.394 E.01959
G1 X63.074 Y187.347 E.00079
;WIDTH:0.302476
G1 X63.097 Y187.3 E.00108
;WIDTH:0.349668
G1 X63.121 Y187.253 E.00128
;WIDTH:0.39686
G1 X63.144 Y187.206 E.00148
;WIDTH:0.431684
G1 X63.15 Y128.306 E1.80993
G1 X63.744 Y128.1 F30000
;WIDTH:0.430842
G1 F15000
G1 X193.056 Y128.1 E3.96502
;WIDTH:0.469667
G1 X193.217 Y128.133 E.00554
G1 X193.233 Y128.214 E.00277
;WIDTH:0.447481
G1 X193.25 Y128.294 E.00262
;WIDTH:0.430842
G1 X193.25 Y188.706 E1.85238
;WIDTH:0.469667
G1 X193.217 Y188.867 E.00554
G1 X193.136 Y188.883 E.00277
;WIDTH:0.447481
G1 X193.056 Y188.9 E.00262
;WIDTH:0.430842
G1 X76.344 Y188.9 E3.57867
G1 E-.728 F1800
;WIPE_START
G1 F30000
G1 X77.544 Y188.9 E-.072
;WIPE_END
G1 X74.877 Y189.75 Z8.2
G1 Z7.8
G1 E.8 F1800
;WIDTH:0.517526
G1 F13963.988
G1 X68.363 Y189.75 E.24439
G1 E-.728 F1800
;WIPE_START
G1 F30000
G1 X69.563 Y189.75 E-.072
;WIPE_END
G1 X69.401 Y182.119 Z8.2
G1 X68.159 Y123.609 Z8.2
G1 Z7.8
G1 E.8 F1800
;TYPE:Inner wall
;WIDTH:0.45
G1 F6000
G1 X75.6 Y123.609 E.23941
G1 X74.785 Y124.433 E.0373
G1 X74.647 Y124.491 E.0048
G1 X68.159 Y124.491 E.20875
G1 X68.159 Y123.649 E.02708
G1 X67.752 Y123.202 F30000
G1 F6000
G1 X76.148 Y123.202 E.27015
G1 X76.148 Y123.634 E.01389
G1 X75.017 Y124.778 E.05177
G1 X74.728 Y124.898 E.01005
G1 X67.752 Y124.898 E.22447
G1 X67.752 Y123.242 E.05328
G1 E-.728 F1800
;WIPE_START
G1 F30000
G1 X68.952 Y123.236 E-.072
;WIPE_END
G1 X63.548 Y119.559 Z8.2
G1 Z7.8
G1 E.8 F1800
G1 F6000
G1 X63.548 Y121.898 E.07526
G1 X63.348 Y121.898 E.00644
G1 X63.348 Y123.198 E.04183
G1 X62.752 Y123.198 E.01917
G1 X62.752 Y62.402 E1.95621
G1 X63.548 Y62.402 E.02561
G1 X63.548 Y119.519 E1.83783
G1 E-.728 F1800
;WIPE_START
G1 F30000
G1 X63.548 Y120.719 E-.072
;WIPE_END
G1 X67.36 Y123.59 Z8.2
G1 Z7.8
G1 E.8 F1800
SET_VELOCITY_LIMIT ACCEL=5000
;TYPE:Outer wall
;WIDTH:0.42
G1 F3600
G1 X64.96 Y123.59 E.07153
G1 X64.96 Y122.81 E.02325
G1 X192.86 Y122.81 E3.81211
G1 X192.86 Y62.79 E1.78892
G1 X63.94 Y62.79 E3.84251
G1 X63.94 Y122.29 E1.77342
G1 X63.74 Y122.29 E.00596
G1 X63.74 Y123.59 E.03875
G1 X62.36 Y123.59 E.04113
G1 X62.36 Y62.01 E1.83542
G1 X193.64 Y62.01 E3.91285
G1 X193.64 Y123.59 E1.83542
G1 X76.54 Y123.59 E3.49021
G1 X76.54 Y123.795 E.0061
G1 X75.24 Y125.109 E.0551
G1 X74.807 Y125.29 E.014
G1 X67.537 Y125.29 E.21668
G1 X67.36 Y125.113 E.00746
G1 X67.36 Y123.63 E.0442
G1 X67.556 Y123.2 F30000
SET_VELOCITY_LIMIT ACCEL=10000
;TYPE:Gap infill
;WIDTH:0.430842
G1 F15000
G1 X65.156 Y123.2 E.07359
G1 E-.728 F1800
;WIPE_START
G1 F30000
G1 X66.356 Y123.2 E-.072
;WIPE_END
G1 X63.05 Y122.994 Z8.2
G1 Z7.8
G1 E.8 F1800
;WIDTH:0.233529
G1 F15000
G1 X63.05 Y121.694 E.01959
G1 X63.074 Y121.647 E.00079
;WIDTH:0.302476
G1 X63.097 Y121.6 E.00108
;WIDTH:0.349668
G1 X63.121 Y121.553 E.00128
;WIDTH:0.39686
G1 X63.144 Y121.506 E.00148
;WIDTH:0.431684
G1 X63.15 Y62.606 E1.80993
G1 X63.744 Y62.4 F30000
;WIDTH:0.430842
G1 F15000
G1 X193.056 Y62.4 E3.96502
;WIDTH:0.469667
G1 X193.217 Y62.433 E.00554
G1 X193.233 Y62.514 E.00277
;WIDTH:0.447481
G1 X193.25 Y62.594 E.00262
;WIDTH:0.430842
G1 X193.25 Y123.006 E1.85238
;WIDTH:0.469667
G1 X193.217 Y123.167 E.00554
G1 X193.136 Y123.183 E.00277
;WIDTH:0.447481
G1 X193.056 Y123.2 E.00262
;WIDTH:0.430842
G1 X76.344 Y123.2 E3.57867
G1 E-.728 F1800
;WIPE_START
G1 F30000
G1 X77.544 Y123.2 E-.072
;WIPE_END
G1 X74.877 Y124.05 Z8.2
G1 Z7.8
G1 E.8 F1800
;WIDTH:0.517526
G1 F13963.988
G1 X68.363 Y124.05 E.24439
;LAYER_CHANGE
;Z:8
;HEIGHT:0.2
;BEFORE_LAYER_CHANGE
;8
G92 E0

G1 E-.728 F1800
M73 P59 R30
;WIPE_START
G1 F30000
G1 X69.563 Y124.05 E-.072
;WIPE_END
M73 L40
;LAYER:40
SET_PRINT_STATS_INFO TOTAL_LAYER=93 CURRENT_LAYER=40
;_SET_FAN_SPEED_CHANGING_LAYER

G1 X69.0841 Y124.991 Z8.05714
G1 X68.0498 Y125.204 Z8.11429
G1 X67.2385 Y124.528 Z8.17143
G1 X67.2612 Y123.472 Z8.22857
G1 X68.1008 Y122.832 Z8.28571
G1 X69.1251 Y123.089 Z8.34286
G1 X69.5627 Y124.05 Z8.4
G1 X68.159 Y189.309 Z8.4
G1 Z8
G1 E.8 F1800
;TYPE:Inner wall
;WIDTH:0.45
G1 F6000
G1 X75.6 Y189.309 E.23941
G1 X74.785 Y190.133 E.0373
G1 X74.647 Y190.191 E.0048
G1 X68.159 Y190.191 E.20875
G1 X68.159 Y189.349 E.02708
G1 X67.752 Y188.902 F30000
G1 F6000
G1 X76.148 Y188.902 E.27015
G1 X76.148 Y189.334 E.01389
G1 X75.017 Y190.478 E.05177
G1 X74.728 Y190.598 E.01005
G1 X67.752 Y190.598 E.22447
G1 X67.752 Y188.942 E.05328
G1 E-.728 F1800
;WIPE_START
G1 F30000
G1 X68.952 Y188.936 E-.072
;WIPE_END
G1 X63.548 Y185.259 Z8.4
G1 Z8
G1 E.8 F1800
G1 F6000
G1 X63.548 Y187.598 E.07526
G1 X63.348 Y187.598 E.00644
G1 X63.348 Y188.898 E.04183
G1 X62.752 Y188.898 E.01917
G1 X62.752 Y128.102 E1.95621
G1 X63.548 Y128.102 E.02561
G1 X63.548 Y185.219 E1.83783
G1 E-.728 F1800
;WIPE_START
G1 F30000
G1 X63.548 Y186.419 E-.072
;WIPE_END
G1 X67.36 Y189.29 Z8.4
G1 Z8
G1 E.8 F1800
SET_VELOCITY_LIMIT ACCEL=5000
;TYPE:Outer wall
;WIDTH:0.42
G1 F3600
G1 X64.96 Y189.29 E.07153
G1 X64.96 Y188.51 E.02325
G1 X192.86 Y188.51 E3.81211
G1 X192.86 Y128.49 E1.78892
G1 X63.94 Y128.49 E3.84251
G1 X63.94 Y187.99 E1.77342
G1 X63.74 Y187.99 E.00596
G1 X63.74 Y189.29 E.03875
G1 X62.36 Y189.29 E.04113
G1 X62.36 Y127.71 E1.83542
G1 X193.64 Y127.71 E3.91285
G1 X193.64 Y189.29 E1.83542
M73 P60 R30
G1 X76.54 Y189.29 E3.49021
G1 X76.54 Y189.495 E.0061
G1 X75.24 Y190.809 E.0551
G1 X74.807 Y190.99 E.01399
G1 X67.537 Y190.99 E.21668
G1 X67.36 Y190.813 E.00746
G1 X67.36 Y189.33 E.0442
G1 X67.556 Y188.9 F30000
SET_VELOCITY_LIMIT ACCEL=10000
;TYPE:Gap infill
;WIDTH:0.430842
G1 F15000
G1 X65.156 Y188.9 E.07359
G1 E-.728 F1800
;WIPE_START
G1 F30000
G1 X66.356 Y188.9 E-.072
;WIPE_END
G1 X63.05 Y188.694 Z8.4
G1 Z8
G1 E.8 F1800
;WIDTH:0.233529
G1 F15000
G1 X63.05 Y187.394 E.01959
G1 X63.074 Y187.347 E.00079
;WIDTH:0.302476
G1 X63.097 Y187.3 E.00108
;WIDTH:0.349668
G1 X63.121 Y187.253 E.00128
;WIDTH:0.39686
G1 X63.144 Y187.206 E.00148
;WIDTH:0.431684
G1 X63.15 Y128.306 E1.80993
G1 X63.744 Y128.1 F30000
;WIDTH:0.430842
G1 F15000
G1 X193.056 Y128.1 E3.96502
;WIDTH:0.469667
G1 X193.217 Y128.133 E.00554
G1 X193.233 Y128.214 E.00277
;WIDTH:0.447481
G1 X193.25 Y128.294 E.00262
;WIDTH:0.430842
G1 X193.25 Y188.706 E1.85238
;WIDTH:0.469667
G1 X193.217 Y188.867 E.00554
G1 X193.136 Y188.883 E.00277
;WIDTH:0.447481
G1 X193.056 Y188.9 E.00262
;WIDTH:0.430842
G1 X76.344 Y188.9 E3.57867
G1 E-.728 F1800
;WIPE_START
G1 F30000
G1 X77.544 Y188.9 E-.072
;WIPE_END
G1 X74.877 Y189.75 Z8.4
G1 Z8
G1 E.8 F1800
;WIDTH:0.517526
G1 F13963.988
G1 X68.363 Y189.75 E.24439
G1 E-.728 F1800
;WIPE_START
G1 F30000
G1 X69.563 Y189.75 E-.072
;WIPE_END
G1 X69.401 Y182.119 Z8.4
G1 X68.159 Y123.609 Z8.4
G1 Z8
G1 E.8 F1800
;TYPE:Inner wall
;WIDTH:0.45
G1 F6000
G1 X75.6 Y123.609 E.23941
G1 X74.785 Y124.433 E.0373
G1 X74.647 Y124.491 E.0048
G1 X68.159 Y124.491 E.20875
G1 X68.159 Y123.649 E.02708
G1 X67.752 Y123.202 F30000
G1 F6000
G1 X76.148 Y123.202 E.27015
G1 X76.148 Y123.634 E.01389
G1 X75.017 Y124.778 E.05177
G1 X74.728 Y124.898 E.01005
G1 X67.752 Y124.898 E.22447
G1 X67.752 Y123.242 E.05328
G1 E-.728 F1800
;WIPE_START
G1 F30000
G1 X68.952 Y123.236 E-.072
;WIPE_END
G1 X63.548 Y119.559 Z8.4
G1 Z8
G1 E.8 F1800
G1 F6000
G1 X63.548 Y121.898 E.07526
G1 X63.348 Y121.898 E.00644
G1 X63.348 Y123.198 E.04183
G1 X62.752 Y123.198 E.01917
G1 X62.752 Y62.402 E1.95621
G1 X63.548 Y62.402 E.02561
G1 X63.548 Y119.519 E1.83783
G1 E-.728 F1800
;WIPE_START
G1 F30000
G1 X63.548 Y120.719 E-.072
;WIPE_END
G1 X67.36 Y123.59 Z8.4
G1 Z8
G1 E.8 F1800
SET_VELOCITY_LIMIT ACCEL=5000
;TYPE:Outer wall
;WIDTH:0.42
G1 F3600
G1 X64.96 Y123.59 E.07153
G1 X64.96 Y122.81 E.02325
G1 X192.86 Y122.81 E3.81211
G1 X192.86 Y62.79 E1.78892
G1 X63.94 Y62.79 E3.84251
G1 X63.94 Y122.29 E1.77342
G1 X63.74 Y122.29 E.00596
G1 X63.74 Y123.59 E.03875
G1 X62.36 Y123.59 E.04113
G1 X62.36 Y62.01 E1.83542
G1 X193.64 Y62.01 E3.91285
G1 X193.64 Y123.59 E1.83542
G1 X76.54 Y123.59 E3.49021
G1 X76.54 Y123.795 E.0061
G1 X75.24 Y125.109 E.0551
G1 X74.807 Y125.29 E.01399
G1 X67.537 Y125.29 E.21668
G1 X67.36 Y125.113 E.00746
G1 X67.36 Y123.63 E.0442
G1 X67.556 Y123.2 F30000
SET_VELOCITY_LIMIT ACCEL=10000
;TYPE:Gap infill
;WIDTH:0.430842
G1 F15000
G1 X65.156 Y123.2 E.07359
G1 E-.728 F1800
;WIPE_START
G1 F30000
G1 X66.356 Y123.2 E-.072
;WIPE_END
G1 X63.05 Y122.994 Z8.4
G1 Z8
G1 E.8 F1800
;WIDTH:0.233529
G1 F15000
G1 X63.05 Y121.694 E.01959
G1 X63.074 Y121.647 E.00079
;WIDTH:0.302476
G1 X63.097 Y121.6 E.00108
;WIDTH:0.349668
G1 X63.121 Y121.553 E.00128
;WIDTH:0.39686
G1 X63.144 Y121.506 E.00148
;WIDTH:0.431684
G1 X63.15 Y62.606 E1.80993
G1 X63.744 Y62.4 F30000
;WIDTH:0.430842
G1 F15000
G1 X193.056 Y62.4 E3.96502
;WIDTH:0.469667
G1 X193.217 Y62.433 E.00554
G1 X193.233 Y62.514 E.00277
;WIDTH:0.447481
G1 X193.25 Y62.594 E.00262
;WIDTH:0.430842
G1 X193.25 Y123.006 E1.85238
;WIDTH:0.469667
G1 X193.217 Y123.167 E.00554
G1 X193.136 Y123.183 E.00277
;WIDTH:0.447481
G1 X193.056 Y123.2 E.00262
;WIDTH:0.430842
G1 X76.344 Y123.2 E3.57867
G1 E-.728 F1800
;WIPE_START
G1 F30000
G1 X77.544 Y123.2 E-.072
;WIPE_END
G1 X74.877 Y124.05 Z8.4
G1 Z8
G1 E.8 F1800
;WIDTH:0.517526
G1 F13963.988
G1 X68.363 Y124.05 E.24439
;LAYER_CHANGE
;Z:8.2
;HEIGHT:0.2
;BEFORE_LAYER_CHANGE
;8.2
G92 E0

G1 E-.728 F1800
;WIPE_START
G1 F30000
G1 X69.563 Y124.05 E-.072
;WIPE_END
M73 L41
;LAYER:41
SET_PRINT_STATS_INFO TOTAL_LAYER=93 CURRENT_LAYER=41
;_SET_FAN_SPEED_CHANGING_LAYER

G1 X69.0841 Y124.991 Z8.25714
G1 X68.0498 Y125.204 Z8.31429
G1 X67.2385 Y124.528 Z8.37143
G1 X67.2612 Y123.472 Z8.42857
G1 X68.1008 Y122.832 Z8.48571
G1 X69.1251 Y123.089 Z8.54286
G1 X69.5627 Y124.05 Z8.6
G1 X68.159 Y189.309 Z8.6
G1 Z8.2
G1 E.8 F1800
;TYPE:Inner wall
;WIDTH:0.45
G1 F6000
G1 X75.6 Y189.309 E.23941
G1 X74.785 Y190.133 E.0373
G1 X74.647 Y190.191 E.0048
G1 X68.159 Y190.191 E.20875
G1 X68.159 Y189.349 E.02708
G1 X67.752 Y188.902 F30000
G1 F6000
G1 X76.148 Y188.902 E.27015
G1 X76.148 Y189.334 E.01389
G1 X75.017 Y190.478 E.05177
G1 X74.728 Y190.598 E.01005
G1 X67.752 Y190.598 E.22447
G1 X67.752 Y188.942 E.05328
G1 E-.728 F1800
;WIPE_START
G1 F30000
G1 X68.952 Y188.936 E-.072
;WIPE_END
G1 X63.548 Y185.259 Z8.6
G1 Z8.2
G1 E.8 F1800
G1 F6000
G1 X63.548 Y187.598 E.07526
G1 X63.348 Y187.598 E.00644
G1 X63.348 Y188.898 E.04183
G1 X62.752 Y188.898 E.01917
G1 X62.752 Y128.102 E1.95621
G1 X63.548 Y128.102 E.02561
G1 X63.548 Y185.219 E1.83783
G1 E-.728 F1800
;WIPE_START
G1 F30000
G1 X63.548 Y186.419 E-.072
;WIPE_END
G1 X67.36 Y189.29 Z8.6
G1 Z8.2
G1 E.8 F1800
SET_VELOCITY_LIMIT ACCEL=5000
;TYPE:Outer wall
;WIDTH:0.42
G1 F3600
G1 X64.96 Y189.29 E.07153
G1 X64.96 Y188.51 E.02325
G1 X192.86 Y188.51 E3.81211
G1 X192.86 Y128.49 E1.78892
G1 X63.94 Y128.49 E3.84251
G1 X63.94 Y187.99 E1.77342
G1 X63.74 Y187.99 E.00596
G1 X63.74 Y189.29 E.03875
G1 X62.36 Y189.29 E.04113
G1 X62.36 Y127.71 E1.83542
G1 X193.64 Y127.71 E3.91285
G1 X193.64 Y189.29 E1.83542
G1 X76.54 Y189.29 E3.49021
G1 X76.54 Y189.495 E.0061
G1 X75.24 Y190.809 E.0551
G1 X74.807 Y190.99 E.014
G1 X67.537 Y190.99 E.21668
G1 X67.36 Y190.813 E.00746
G1 X67.36 Y189.33 E.0442
G1 X67.556 Y188.9 F30000
SET_VELOCITY_LIMIT ACCEL=10000
;TYPE:Gap infill
;WIDTH:0.430842
G1 F15000
G1 X65.156 Y188.9 E.07359
G1 E-.728 F1800
;WIPE_START
G1 F30000
G1 X66.356 Y188.9 E-.072
;WIPE_END
G1 X63.05 Y188.694 Z8.6
G1 Z8.2
G1 E.8 F1800
;WIDTH:0.233529
G1 F15000
G1 X63.05 Y187.394 E.01959
G1 X63.074 Y187.347 E.00079
;WIDTH:0.302476
G1 X63.097 Y187.3 E.00108
;WIDTH:0.349668
G1 X63.121 Y187.253 E.00128
;WIDTH:0.39686
G1 X63.144 Y187.206 E.00148
;WIDTH:0.431684
G1 X63.15 Y128.306 E1.80993
G1 X63.744 Y128.1 F30000
;WIDTH:0.430842
G1 F15000
G1 X193.056 Y128.1 E3.96502
;WIDTH:0.469667
G1 X193.217 Y128.133 E.00554
G1 X193.233 Y128.214 E.00277
;WIDTH:0.447481
G1 X193.25 Y128.294 E.00262
;WIDTH:0.430842
G1 X193.25 Y188.706 E1.85238
;WIDTH:0.469667
G1 X193.217 Y188.867 E.00554
G1 X193.136 Y188.883 E.00277
;WIDTH:0.447481
G1 X193.056 Y188.9 E.00262
;WIDTH:0.430842
G1 X76.344 Y188.9 E3.57867
G1 E-.728 F1800
;WIPE_START
G1 F30000
G1 X77.544 Y188.9 E-.072
;WIPE_END
G1 X74.877 Y189.75 Z8.6
G1 Z8.2
G1 E.8 F1800
;WIDTH:0.517526
G1 F13963.988
G1 X68.363 Y189.75 E.24439
G1 E-.728 F1800
;WIPE_START
G1 F30000
G1 X69.563 Y189.75 E-.072
;WIPE_END
G1 X69.401 Y182.119 Z8.6
G1 X68.159 Y123.609 Z8.6
G1 Z8.2
G1 E.8 F1800
;TYPE:Inner wall
;WIDTH:0.45
G1 F6000
G1 X75.6 Y123.609 E.23941
G1 X74.785 Y124.433 E.0373
G1 X74.647 Y124.491 E.0048
G1 X68.159 Y124.491 E.20875
G1 X68.159 Y123.649 E.02708
G1 X67.752 Y123.202 F30000
G1 F6000
G1 X76.148 Y123.202 E.27015
G1 X76.148 Y123.634 E.01389
G1 X75.017 Y124.778 E.05177
G1 X74.728 Y124.898 E.01005
G1 X67.752 Y124.898 E.22447
G1 X67.752 Y123.242 E.05328
G1 E-.728 F1800
;WIPE_START
G1 F30000
G1 X68.952 Y123.236 E-.072
;WIPE_END
G1 X63.548 Y119.559 Z8.6
G1 Z8.2
G1 E.8 F1800
G1 F6000
G1 X63.548 Y121.898 E.07526
G1 X63.348 Y121.898 E.00644
G1 X63.348 Y123.198 E.04183
G1 X62.752 Y123.198 E.01917
G1 X62.752 Y62.402 E1.95621
G1 X63.548 Y62.402 E.02561
G1 X63.548 Y119.519 E1.83783
G1 E-.728 F1800
;WIPE_START
G1 F30000
G1 X63.548 Y120.719 E-.072
;WIPE_END
G1 X67.36 Y123.59 Z8.6
G1 Z8.2
G1 E.8 F1800
SET_VELOCITY_LIMIT ACCEL=5000
;TYPE:Outer wall
;WIDTH:0.42
G1 F3600
G1 X64.96 Y123.59 E.07153
G1 X64.96 Y122.81 E.02325
G1 X192.86 Y122.81 E3.81211
G1 X192.86 Y62.79 E1.78892
G1 X63.94 Y62.79 E3.84251
G1 X63.94 Y122.29 E1.77342
M73 P61 R29
G1 X63.74 Y122.29 E.00596
G1 X63.74 Y123.59 E.03875
G1 X62.36 Y123.59 E.04113
G1 X62.36 Y62.01 E1.83542
G1 X193.64 Y62.01 E3.91285
G1 X193.64 Y123.59 E1.83542
G1 X76.54 Y123.59 E3.49021
G1 X76.54 Y123.795 E.0061
G1 X75.24 Y125.109 E.0551
G1 X74.807 Y125.29 E.014
G1 X67.537 Y125.29 E.21668
G1 X67.36 Y125.113 E.00746
G1 X67.36 Y123.63 E.0442
G1 X67.556 Y123.2 F30000
SET_VELOCITY_LIMIT ACCEL=10000
;TYPE:Gap infill
;WIDTH:0.430842
G1 F15000
G1 X65.156 Y123.2 E.07359
G1 E-.728 F1800
;WIPE_START
G1 F30000
G1 X66.356 Y123.2 E-.072
;WIPE_END
G1 X63.05 Y122.994 Z8.6
G1 Z8.2
G1 E.8 F1800
;WIDTH:0.233529
G1 F15000
G1 X63.05 Y121.694 E.01959
G1 X63.074 Y121.647 E.00079
;WIDTH:0.302476
G1 X63.097 Y121.6 E.00108
;WIDTH:0.349668
G1 X63.121 Y121.553 E.00128
;WIDTH:0.39686
G1 X63.144 Y121.506 E.00148
;WIDTH:0.431684
G1 X63.15 Y62.606 E1.80993
G1 X63.744 Y62.4 F30000
;WIDTH:0.430842
G1 F15000
G1 X193.056 Y62.4 E3.96502
;WIDTH:0.469667
G1 X193.217 Y62.433 E.00554
G1 X193.233 Y62.514 E.00277
;WIDTH:0.447481
G1 X193.25 Y62.594 E.00262
;WIDTH:0.430842
G1 X193.25 Y123.006 E1.85238
;WIDTH:0.469667
G1 X193.217 Y123.167 E.00554
G1 X193.136 Y123.183 E.00277
;WIDTH:0.447481
G1 X193.056 Y123.2 E.00262
;WIDTH:0.430842
G1 X76.344 Y123.2 E3.57867
G1 E-.728 F1800
;WIPE_START
G1 F30000
G1 X77.544 Y123.2 E-.072
;WIPE_END
G1 X74.877 Y124.05 Z8.6
G1 Z8.2
G1 E.8 F1800
;WIDTH:0.517526
G1 F13963.988
G1 X68.363 Y124.05 E.24439
;LAYER_CHANGE
;Z:8.4
;HEIGHT:0.2
;BEFORE_LAYER_CHANGE
;8.4
G92 E0

G1 E-.728 F1800
;WIPE_START
G1 F30000
G1 X69.563 Y124.05 E-.072
;WIPE_END
M73 L42
;LAYER:42
SET_PRINT_STATS_INFO TOTAL_LAYER=93 CURRENT_LAYER=42
;_SET_FAN_SPEED_CHANGING_LAYER

G1 X69.0841 Y124.991 Z8.45714
G1 X68.0498 Y125.204 Z8.51429
G1 X67.2385 Y124.528 Z8.57143
G1 X67.2612 Y123.472 Z8.62857
G1 X68.1008 Y122.832 Z8.68571
G1 X69.1251 Y123.089 Z8.74286
G1 X69.5627 Y124.05 Z8.8
G1 X68.159 Y189.309 Z8.8
G1 Z8.4
G1 E.8 F1800
;TYPE:Inner wall
;WIDTH:0.45
G1 F6000
G1 X75.6 Y189.309 E.23941
G1 X74.785 Y190.133 E.0373
G1 X74.647 Y190.191 E.0048
G1 X68.159 Y190.191 E.20875
G1 X68.159 Y189.349 E.02708
G1 X67.752 Y188.902 F30000
G1 F6000
G1 X76.148 Y188.902 E.27015
G1 X76.148 Y189.334 E.01389
G1 X75.017 Y190.478 E.05177
G1 X74.728 Y190.598 E.01005
G1 X67.752 Y190.598 E.22447
G1 X67.752 Y188.942 E.05328
G1 E-.728 F1800
;WIPE_START
G1 F30000
G1 X68.952 Y188.936 E-.072
;WIPE_END
G1 X63.548 Y185.259 Z8.8
G1 Z8.4
G1 E.8 F1800
G1 F6000
G1 X63.548 Y187.598 E.07526
G1 X63.348 Y187.598 E.00644
G1 X63.348 Y188.898 E.04183
G1 X62.752 Y188.898 E.01917
G1 X62.752 Y128.102 E1.95621
G1 X63.548 Y128.102 E.02561
G1 X63.548 Y185.219 E1.83783
G1 E-.728 F1800
;WIPE_START
G1 F30000
G1 X63.548 Y186.419 E-.072
;WIPE_END
G1 X67.36 Y189.29 Z8.8
G1 Z8.4
G1 E.8 F1800
SET_VELOCITY_LIMIT ACCEL=5000
;TYPE:Outer wall
;WIDTH:0.42
G1 F3600
G1 X64.96 Y189.29 E.07153
G1 X64.96 Y188.51 E.02325
G1 X192.86 Y188.51 E3.81211
G1 X192.86 Y128.49 E1.78892
G1 X63.94 Y128.49 E3.84251
G1 X63.94 Y187.99 E1.77342
G1 X63.74 Y187.99 E.00596
G1 X63.74 Y189.29 E.03875
G1 X62.36 Y189.29 E.04113
G1 X62.36 Y127.71 E1.83542
G1 X193.64 Y127.71 E3.91285
G1 X193.64 Y189.29 E1.83542
G1 X76.54 Y189.29 E3.49021
G1 X76.54 Y189.495 E.0061
G1 X75.24 Y190.809 E.0551
G1 X74.807 Y190.99 E.014
G1 X67.537 Y190.99 E.21668
G1 X67.36 Y190.813 E.00746
G1 X67.36 Y189.33 E.0442
G1 X67.556 Y188.9 F30000
SET_VELOCITY_LIMIT ACCEL=10000
;TYPE:Gap infill
;WIDTH:0.430842
G1 F15000
G1 X65.156 Y188.9 E.07359
G1 E-.728 F1800
;WIPE_START
G1 F30000
G1 X66.356 Y188.9 E-.072
;WIPE_END
G1 X63.05 Y188.694 Z8.8
G1 Z8.4
G1 E.8 F1800
;WIDTH:0.233529
G1 F15000
G1 X63.05 Y187.394 E.01959
G1 X63.074 Y187.347 E.00079
;WIDTH:0.302476
G1 X63.097 Y187.3 E.00108
;WIDTH:0.349668
G1 X63.121 Y187.253 E.00128
;WIDTH:0.39686
G1 X63.144 Y187.206 E.00148
;WIDTH:0.431684
G1 X63.15 Y128.306 E1.80993
G1 X63.744 Y128.1 F30000
;WIDTH:0.430842
G1 F15000
G1 X193.056 Y128.1 E3.96502
;WIDTH:0.469667
G1 X193.217 Y128.133 E.00554
G1 X193.233 Y128.214 E.00277
;WIDTH:0.447481
G1 X193.25 Y128.294 E.00262
;WIDTH:0.430842
G1 X193.25 Y188.706 E1.85238
;WIDTH:0.469667
G1 X193.217 Y188.867 E.00554
G1 X193.136 Y188.883 E.00277
;WIDTH:0.447481
G1 X193.056 Y188.9 E.00262
;WIDTH:0.430842
G1 X76.344 Y188.9 E3.57867
G1 E-.728 F1800
;WIPE_START
G1 F30000
G1 X77.544 Y188.9 E-.072
;WIPE_END
G1 X74.877 Y189.75 Z8.8
G1 Z8.4
G1 E.8 F1800
;WIDTH:0.517526
G1 F13963.988
G1 X68.363 Y189.75 E.24439
G1 E-.728 F1800
;WIPE_START
G1 F30000
G1 X69.563 Y189.75 E-.072
;WIPE_END
G1 X69.401 Y182.119 Z8.8
G1 X68.159 Y123.609 Z8.8
G1 Z8.4
G1 E.8 F1800
;TYPE:Inner wall
;WIDTH:0.45
G1 F6000
G1 X75.6 Y123.609 E.23941
G1 X74.785 Y124.433 E.0373
G1 X74.647 Y124.491 E.0048
G1 X68.159 Y124.491 E.20875
G1 X68.159 Y123.649 E.02708
G1 X67.752 Y123.202 F30000
G1 F6000
G1 X76.148 Y123.202 E.27015
G1 X76.148 Y123.634 E.01389
G1 X75.017 Y124.778 E.05177
G1 X74.728 Y124.898 E.01005
G1 X67.752 Y124.898 E.22447
G1 X67.752 Y123.242 E.05328
G1 E-.728 F1800
;WIPE_START
G1 F30000
G1 X68.952 Y123.236 E-.072
;WIPE_END
G1 X63.548 Y119.559 Z8.8
G1 Z8.4
G1 E.8 F1800
G1 F6000
G1 X63.548 Y121.898 E.07526
G1 X63.348 Y121.898 E.00644
G1 X63.348 Y123.198 E.04183
G1 X62.752 Y123.198 E.01917
G1 X62.752 Y62.402 E1.95621
G1 X63.548 Y62.402 E.02561
G1 X63.548 Y119.519 E1.83783
G1 E-.728 F1800
;WIPE_START
G1 F30000
G1 X63.548 Y120.719 E-.072
;WIPE_END
G1 X67.36 Y123.59 Z8.8
G1 Z8.4
G1 E.8 F1800
SET_VELOCITY_LIMIT ACCEL=5000
;TYPE:Outer wall
;WIDTH:0.42
G1 F3600
G1 X64.96 Y123.59 E.07153
G1 X64.96 Y122.81 E.02325
G1 X192.86 Y122.81 E3.81211
G1 X192.86 Y62.79 E1.78892
G1 X63.94 Y62.79 E3.84251
G1 X63.94 Y122.29 E1.77342
G1 X63.74 Y122.29 E.00596
G1 X63.74 Y123.59 E.03875
G1 X62.36 Y123.59 E.04113
G1 X62.36 Y62.01 E1.83542
G1 X193.64 Y62.01 E3.91285
G1 X193.64 Y123.59 E1.83542
G1 X76.54 Y123.59 E3.49021
G1 X76.54 Y123.795 E.0061
G1 X75.24 Y125.109 E.0551
G1 X74.807 Y125.29 E.014
G1 X67.537 Y125.29 E.21668
G1 X67.36 Y125.113 E.00746
G1 X67.36 Y123.63 E.0442
G1 X67.556 Y123.2 F30000
SET_VELOCITY_LIMIT ACCEL=10000
;TYPE:Gap infill
;WIDTH:0.430842
G1 F15000
G1 X65.156 Y123.2 E.07359
G1 E-.728 F1800
;WIPE_START
G1 F30000
G1 X66.356 Y123.2 E-.072
;WIPE_END
G1 X63.05 Y122.994 Z8.8
G1 Z8.4
G1 E.8 F1800
;WIDTH:0.233529
G1 F15000
G1 X63.05 Y121.694 E.01959
G1 X63.074 Y121.647 E.00079
;WIDTH:0.302476
G1 X63.097 Y121.6 E.00108
;WIDTH:0.349668
G1 X63.121 Y121.553 E.00128
;WIDTH:0.39686
G1 X63.144 Y121.506 E.00148
;WIDTH:0.431684
G1 X63.15 Y62.606 E1.80993
G1 X63.744 Y62.4 F30000
;WIDTH:0.430842
G1 F15000
G1 X193.056 Y62.4 E3.96502
;WIDTH:0.469667
G1 X193.217 Y62.433 E.00554
G1 X193.233 Y62.514 E.00277
;WIDTH:0.447481
G1 X193.25 Y62.594 E.00262
;WIDTH:0.430842
G1 X193.25 Y123.006 E1.85238
;WIDTH:0.469667
G1 X193.217 Y123.167 E.00554
G1 X193.136 Y123.183 E.00277
;WIDTH:0.447481
G1 X193.056 Y123.2 E.00262
;WIDTH:0.430842
G1 X76.344 Y123.2 E3.57867
G1 E-.728 F1800
M73 P62 R29
;WIPE_START
G1 F30000
G1 X77.544 Y123.2 E-.072
;WIPE_END
G1 X74.877 Y124.05 Z8.8
G1 Z8.4
G1 E.8 F1800
;WIDTH:0.517526
G1 F13963.988
G1 X68.363 Y124.05 E.24439
;LAYER_CHANGE
;Z:8.6
;HEIGHT:0.200001
;BEFORE_LAYER_CHANGE
;8.6
G92 E0

G1 E-.728 F1800
;WIPE_START
G1 F30000
G1 X69.563 Y124.05 E-.072
;WIPE_END
M73 L43
;LAYER:43
SET_PRINT_STATS_INFO TOTAL_LAYER=93 CURRENT_LAYER=43
;_SET_FAN_SPEED_CHANGING_LAYER

G1 X69.0841 Y124.991 Z8.65714
G1 X68.0498 Y125.204 Z8.71429
G1 X67.2385 Y124.528 Z8.77143
G1 X67.2612 Y123.472 Z8.82857
G1 X68.1008 Y122.832 Z8.88571
G1 X69.1251 Y123.089 Z8.94286
G1 X69.5627 Y124.05 Z9
G1 X68.159 Y189.309 Z9
G1 Z8.6
G1 E.8 F1800
;TYPE:Inner wall
;WIDTH:0.45
G1 F6000
G1 X75.6 Y189.309 E.23941
G1 X74.785 Y190.133 E.0373
G1 X74.647 Y190.191 E.0048
G1 X68.159 Y190.191 E.20875
G1 X68.159 Y189.349 E.02708
G1 X67.752 Y188.902 F30000
G1 F6000
G1 X76.148 Y188.902 E.27015
G1 X76.148 Y189.334 E.01389
G1 X75.017 Y190.478 E.05177
G1 X74.728 Y190.598 E.01005
G1 X67.752 Y190.598 E.22447
G1 X67.752 Y188.942 E.05328
G1 E-.728 F1800
;WIPE_START
G1 F30000
G1 X68.952 Y188.936 E-.072
;WIPE_END
G1 X63.548 Y185.259 Z9
G1 Z8.6
G1 E.8 F1800
G1 F6000
G1 X63.548 Y187.598 E.07526
G1 X63.348 Y187.598 E.00644
G1 X63.348 Y188.898 E.04183
G1 X62.752 Y188.898 E.01917
G1 X62.752 Y128.102 E1.95621
G1 X63.548 Y128.102 E.02561
G1 X63.548 Y185.219 E1.83783
G1 E-.728 F1800
;WIPE_START
G1 F30000
G1 X63.548 Y186.419 E-.072
;WIPE_END
G1 X67.36 Y189.29 Z9
G1 Z8.6
G1 E.8 F1800
SET_VELOCITY_LIMIT ACCEL=5000
;TYPE:Outer wall
;WIDTH:0.42
G1 F3600
G1 X64.96 Y189.29 E.07153
G1 X64.96 Y188.51 E.02325
G1 X192.86 Y188.51 E3.81211
G1 X192.86 Y128.49 E1.78892
G1 X63.94 Y128.49 E3.84251
G1 X63.94 Y187.99 E1.77342
G1 X63.74 Y187.99 E.00596
G1 X63.74 Y189.29 E.03875
G1 X62.36 Y189.29 E.04113
G1 X62.36 Y127.71 E1.83542
G1 X193.64 Y127.71 E3.91285
G1 X193.64 Y189.29 E1.83542
G1 X76.54 Y189.29 E3.49021
G1 X76.54 Y189.495 E.0061
M73 P62 R28
G1 X75.24 Y190.809 E.0551
G1 X74.807 Y190.99 E.014
G1 X67.537 Y190.99 E.21668
G1 X67.36 Y190.813 E.00746
G1 X67.36 Y189.33 E.0442
G1 X67.556 Y188.9 F30000
SET_VELOCITY_LIMIT ACCEL=10000
;TYPE:Gap infill
;WIDTH:0.430842
G1 F15000
G1 X65.156 Y188.9 E.07359
G1 E-.728 F1800
;WIPE_START
G1 F30000
G1 X66.356 Y188.9 E-.072
;WIPE_END
G1 X63.05 Y188.694 Z9
G1 Z8.6
G1 E.8 F1800
;WIDTH:0.233529
G1 F15000
G1 X63.05 Y187.394 E.01959
G1 X63.074 Y187.347 E.00079
;WIDTH:0.302476
G1 X63.097 Y187.3 E.00108
;WIDTH:0.349668
G1 X63.121 Y187.253 E.00128
;WIDTH:0.39686
G1 X63.144 Y187.206 E.00148
;WIDTH:0.431684
G1 X63.15 Y128.306 E1.80993
G1 X63.744 Y128.1 F30000
;WIDTH:0.430842
G1 F15000
G1 X193.056 Y128.1 E3.96502
;WIDTH:0.469667
G1 X193.217 Y128.133 E.00554
G1 X193.233 Y128.214 E.00277
;WIDTH:0.447481
G1 X193.25 Y128.294 E.00262
;WIDTH:0.430842
G1 X193.25 Y188.706 E1.85238
;WIDTH:0.469667
G1 X193.217 Y188.867 E.00554
G1 X193.136 Y188.883 E.00277
;WIDTH:0.447481
G1 X193.056 Y188.9 E.00262
;WIDTH:0.430842
G1 X76.344 Y188.9 E3.57867
G1 E-.728 F1800
;WIPE_START
G1 F30000
G1 X77.544 Y188.9 E-.072
;WIPE_END
G1 X74.877 Y189.75 Z9
G1 Z8.6
G1 E.8 F1800
;WIDTH:0.517526
G1 F13963.988
G1 X68.363 Y189.75 E.24439
G1 E-.728 F1800
;WIPE_START
G1 F30000
G1 X69.563 Y189.75 E-.072
;WIPE_END
G1 X69.401 Y182.119 Z9
G1 X68.159 Y123.609 Z9
G1 Z8.6
G1 E.8 F1800
;TYPE:Inner wall
;WIDTH:0.45
G1 F6000
G1 X75.6 Y123.609 E.23941
G1 X74.785 Y124.433 E.0373
G1 X74.647 Y124.491 E.0048
G1 X68.159 Y124.491 E.20875
G1 X68.159 Y123.649 E.02708
G1 X67.752 Y123.202 F30000
G1 F6000
G1 X76.148 Y123.202 E.27015
G1 X76.148 Y123.634 E.01389
G1 X75.017 Y124.778 E.05177
G1 X74.728 Y124.898 E.01005
G1 X67.752 Y124.898 E.22447
G1 X67.752 Y123.242 E.05328
G1 E-.728 F1800
;WIPE_START
G1 F30000
G1 X68.952 Y123.236 E-.072
;WIPE_END
G1 X63.548 Y119.559 Z9
G1 Z8.6
G1 E.8 F1800
G1 F6000
G1 X63.548 Y121.898 E.07526
G1 X63.348 Y121.898 E.00644
G1 X63.348 Y123.198 E.04183
G1 X62.752 Y123.198 E.01917
G1 X62.752 Y62.402 E1.95621
G1 X63.548 Y62.402 E.02561
G1 X63.548 Y119.519 E1.83783
G1 E-.728 F1800
;WIPE_START
G1 F30000
G1 X63.548 Y120.719 E-.072
;WIPE_END
G1 X67.36 Y123.59 Z9
G1 Z8.6
G1 E.8 F1800
SET_VELOCITY_LIMIT ACCEL=5000
;TYPE:Outer wall
;WIDTH:0.42
G1 F3600
G1 X64.96 Y123.59 E.07153
G1 X64.96 Y122.81 E.02325
G1 X192.86 Y122.81 E3.81211
G1 X192.86 Y62.79 E1.78892
G1 X63.94 Y62.79 E3.84251
G1 X63.94 Y122.29 E1.77342
G1 X63.74 Y122.29 E.00596
G1 X63.74 Y123.59 E.03875
G1 X62.36 Y123.59 E.04113
G1 X62.36 Y62.01 E1.83542
G1 X193.64 Y62.01 E3.91285
G1 X193.64 Y123.59 E1.83542
G1 X76.54 Y123.59 E3.49021
G1 X76.54 Y123.795 E.0061
G1 X75.24 Y125.109 E.0551
G1 X74.807 Y125.29 E.014
G1 X67.537 Y125.29 E.21668
G1 X67.36 Y125.113 E.00746
G1 X67.36 Y123.63 E.0442
G1 X67.556 Y123.2 F30000
SET_VELOCITY_LIMIT ACCEL=10000
;TYPE:Gap infill
;WIDTH:0.430842
G1 F15000
G1 X65.156 Y123.2 E.07359
G1 E-.728 F1800
;WIPE_START
G1 F30000
G1 X66.356 Y123.2 E-.072
;WIPE_END
G1 X63.05 Y122.994 Z9
G1 Z8.6
G1 E.8 F1800
;WIDTH:0.233529
G1 F15000
G1 X63.05 Y121.694 E.01959
G1 X63.074 Y121.647 E.00079
;WIDTH:0.302476
G1 X63.097 Y121.6 E.00108
;WIDTH:0.349668
G1 X63.121 Y121.553 E.00128
;WIDTH:0.39686
G1 X63.144 Y121.506 E.00148
;WIDTH:0.431684
G1 X63.15 Y62.606 E1.80993
G1 X63.744 Y62.4 F30000
;WIDTH:0.430842
G1 F15000
G1 X193.056 Y62.4 E3.96502
;WIDTH:0.469667
G1 X193.217 Y62.433 E.00554
G1 X193.233 Y62.514 E.00277
;WIDTH:0.447481
G1 X193.25 Y62.594 E.00262
;WIDTH:0.430842
G1 X193.25 Y123.006 E1.85238
;WIDTH:0.469667
G1 X193.217 Y123.167 E.00554
G1 X193.136 Y123.183 E.00277
;WIDTH:0.447481
G1 X193.056 Y123.2 E.00262
;WIDTH:0.430842
G1 X76.344 Y123.2 E3.57867
G1 E-.728 F1800
;WIPE_START
G1 F30000
G1 X77.544 Y123.2 E-.072
;WIPE_END
G1 X74.877 Y124.05 Z9
G1 Z8.6
G1 E.8 F1800
;WIDTH:0.517526
G1 F13963.988
G1 X68.363 Y124.05 E.24439
;LAYER_CHANGE
;Z:8.8
;HEIGHT:0.2
;BEFORE_LAYER_CHANGE
;8.8
G92 E0

G1 E-.728 F1800
;WIPE_START
G1 F30000
G1 X69.563 Y124.05 E-.072
;WIPE_END
M73 L44
;LAYER:44
SET_PRINT_STATS_INFO TOTAL_LAYER=93 CURRENT_LAYER=44
;_SET_FAN_SPEED_CHANGING_LAYER

G1 X69.0841 Y124.991 Z8.85714
G1 X68.0498 Y125.204 Z8.91429
G1 X67.2385 Y124.528 Z8.97143
G1 X67.2612 Y123.472 Z9.02857
G1 X68.1008 Y122.832 Z9.08571
G1 X69.1251 Y123.089 Z9.14286
G1 X69.5627 Y124.05 Z9.2
G1 X68.159 Y189.309 Z9.2
G1 Z8.8
G1 E.8 F1800
;TYPE:Inner wall
;WIDTH:0.45
G1 F6000
G1 X75.6 Y189.309 E.23941
G1 X74.785 Y190.133 E.0373
G1 X74.647 Y190.191 E.0048
G1 X68.159 Y190.191 E.20875
G1 X68.159 Y189.349 E.02708
G1 X67.752 Y188.902 F30000
G1 F6000
G1 X76.148 Y188.902 E.27015
G1 X76.148 Y189.334 E.01389
G1 X75.017 Y190.478 E.05177
G1 X74.728 Y190.598 E.01005
G1 X67.752 Y190.598 E.22447
G1 X67.752 Y188.942 E.05328
G1 E-.728 F1800
;WIPE_START
G1 F30000
G1 X68.952 Y188.936 E-.072
;WIPE_END
G1 X63.548 Y185.259 Z9.2
G1 Z8.8
G1 E.8 F1800
G1 F6000
G1 X63.548 Y187.598 E.07526
G1 X63.348 Y187.598 E.00644
G1 X63.348 Y188.898 E.04183
G1 X62.752 Y188.898 E.01917
G1 X62.752 Y128.102 E1.95621
G1 X63.548 Y128.102 E.02561
G1 X63.548 Y185.219 E1.83783
G1 E-.728 F1800
;WIPE_START
G1 F30000
G1 X63.548 Y186.419 E-.072
;WIPE_END
G1 X67.36 Y189.29 Z9.2
G1 Z8.8
G1 E.8 F1800
SET_VELOCITY_LIMIT ACCEL=5000
;TYPE:Outer wall
;WIDTH:0.42
G1 F3600
G1 X64.96 Y189.29 E.07153
G1 X64.96 Y188.51 E.02325
G1 X192.86 Y188.51 E3.81211
G1 X192.86 Y128.49 E1.78892
G1 X63.94 Y128.49 E3.84251
G1 X63.94 Y187.99 E1.77342
G1 X63.74 Y187.99 E.00596
G1 X63.74 Y189.29 E.03875
G1 X62.36 Y189.29 E.04113
G1 X62.36 Y127.71 E1.83542
G1 X193.64 Y127.71 E3.91285
G1 X193.64 Y189.29 E1.83542
M73 P63 R28
G1 X76.54 Y189.29 E3.49021
G1 X76.54 Y189.495 E.0061
G1 X75.24 Y190.809 E.0551
G1 X74.807 Y190.99 E.014
G1 X67.537 Y190.99 E.21668
G1 X67.36 Y190.813 E.00746
G1 X67.36 Y189.33 E.0442
G1 X67.556 Y188.9 F30000
SET_VELOCITY_LIMIT ACCEL=10000
;TYPE:Gap infill
;WIDTH:0.430842
G1 F15000
G1 X65.156 Y188.9 E.07359
G1 E-.728 F1800
;WIPE_START
G1 F30000
G1 X66.356 Y188.9 E-.072
;WIPE_END
G1 X63.05 Y188.694 Z9.2
G1 Z8.8
G1 E.8 F1800
;WIDTH:0.233529
G1 F15000
G1 X63.05 Y187.394 E.01959
G1 X63.074 Y187.347 E.00079
;WIDTH:0.302476
G1 X63.097 Y187.3 E.00108
;WIDTH:0.349668
G1 X63.121 Y187.253 E.00128
;WIDTH:0.39686
G1 X63.144 Y187.206 E.00148
;WIDTH:0.431684
G1 X63.15 Y128.306 E1.80993
G1 X63.744 Y128.1 F30000
;WIDTH:0.430842
G1 F15000
G1 X193.056 Y128.1 E3.96502
;WIDTH:0.469667
G1 X193.217 Y128.133 E.00554
G1 X193.233 Y128.214 E.00277
;WIDTH:0.447481
G1 X193.25 Y128.294 E.00262
;WIDTH:0.430842
G1 X193.25 Y188.706 E1.85238
;WIDTH:0.469667
G1 X193.217 Y188.867 E.00554
G1 X193.136 Y188.883 E.00277
;WIDTH:0.447481
G1 X193.056 Y188.9 E.00262
;WIDTH:0.430842
G1 X76.344 Y188.9 E3.57867
G1 E-.728 F1800
;WIPE_START
G1 F30000
G1 X77.544 Y188.9 E-.072
;WIPE_END
G1 X74.877 Y189.75 Z9.2
G1 Z8.8
G1 E.8 F1800
;WIDTH:0.517526
G1 F13963.988
G1 X68.363 Y189.75 E.24439
G1 E-.728 F1800
;WIPE_START
G1 F30000
G1 X69.563 Y189.75 E-.072
;WIPE_END
G1 X69.401 Y182.119 Z9.2
G1 X68.159 Y123.609 Z9.2
G1 Z8.8
G1 E.8 F1800
;TYPE:Inner wall
;WIDTH:0.45
G1 F6000
G1 X75.6 Y123.609 E.23941
G1 X74.785 Y124.433 E.0373
G1 X74.647 Y124.491 E.0048
G1 X68.159 Y124.491 E.20875
G1 X68.159 Y123.649 E.02708
G1 X67.752 Y123.202 F30000
G1 F6000
G1 X76.148 Y123.202 E.27015
G1 X76.148 Y123.634 E.01389
G1 X75.017 Y124.778 E.05177
G1 X74.728 Y124.898 E.01005
G1 X67.752 Y124.898 E.22447
G1 X67.752 Y123.242 E.05328
G1 E-.728 F1800
;WIPE_START
G1 F30000
G1 X68.952 Y123.236 E-.072
;WIPE_END
G1 X63.548 Y119.559 Z9.2
G1 Z8.8
G1 E.8 F1800
G1 F6000
G1 X63.548 Y121.898 E.07526
G1 X63.348 Y121.898 E.00644
G1 X63.348 Y123.198 E.04183
G1 X62.752 Y123.198 E.01917
G1 X62.752 Y62.402 E1.95621
G1 X63.548 Y62.402 E.02561
G1 X63.548 Y119.519 E1.83783
G1 E-.728 F1800
;WIPE_START
G1 F30000
G1 X63.548 Y120.719 E-.072
;WIPE_END
G1 X67.36 Y123.59 Z9.2
G1 Z8.8
G1 E.8 F1800
SET_VELOCITY_LIMIT ACCEL=5000
;TYPE:Outer wall
;WIDTH:0.42
G1 F3600
G1 X64.96 Y123.59 E.07153
G1 X64.96 Y122.81 E.02325
G1 X192.86 Y122.81 E3.81211
G1 X192.86 Y62.79 E1.78892
G1 X63.94 Y62.79 E3.84251
G1 X63.94 Y122.29 E1.77342
G1 X63.74 Y122.29 E.00596
G1 X63.74 Y123.59 E.03875
G1 X62.36 Y123.59 E.04113
G1 X62.36 Y62.01 E1.83542
G1 X193.64 Y62.01 E3.91285
G1 X193.64 Y123.59 E1.83542
G1 X76.54 Y123.59 E3.49021
G1 X76.54 Y123.795 E.0061
G1 X75.24 Y125.109 E.0551
G1 X74.807 Y125.29 E.014
G1 X67.537 Y125.29 E.21668
G1 X67.36 Y125.113 E.00746
G1 X67.36 Y123.63 E.0442
G1 X67.556 Y123.2 F30000
SET_VELOCITY_LIMIT ACCEL=10000
;TYPE:Gap infill
;WIDTH:0.430842
G1 F15000
G1 X65.156 Y123.2 E.07359
G1 E-.728 F1800
;WIPE_START
G1 F30000
G1 X66.356 Y123.2 E-.072
;WIPE_END
G1 X63.05 Y122.994 Z9.2
G1 Z8.8
G1 E.8 F1800
;WIDTH:0.233529
G1 F15000
G1 X63.05 Y121.694 E.01959
G1 X63.074 Y121.647 E.00079
;WIDTH:0.302476
G1 X63.097 Y121.6 E.00108
;WIDTH:0.349668
G1 X63.121 Y121.553 E.00128
;WIDTH:0.39686
G1 X63.144 Y121.506 E.00148
;WIDTH:0.431684
G1 X63.15 Y62.606 E1.80993
G1 X63.744 Y62.4 F30000
;WIDTH:0.430842
G1 F15000
G1 X193.056 Y62.4 E3.96502
;WIDTH:0.469667
G1 X193.217 Y62.433 E.00554
G1 X193.233 Y62.514 E.00277
;WIDTH:0.447481
G1 X193.25 Y62.594 E.00262
;WIDTH:0.430842
G1 X193.25 Y123.006 E1.85238
;WIDTH:0.469667
G1 X193.217 Y123.167 E.00554
G1 X193.136 Y123.183 E.00277
;WIDTH:0.447481
G1 X193.056 Y123.2 E.00262
;WIDTH:0.430842
G1 X76.344 Y123.2 E3.57867
G1 E-.728 F1800
;WIPE_START
G1 F30000
G1 X77.544 Y123.2 E-.072
;WIPE_END
G1 X74.877 Y124.05 Z9.2
G1 Z8.8
G1 E.8 F1800
;WIDTH:0.517526
G1 F13963.988
G1 X68.363 Y124.05 E.24439
;LAYER_CHANGE
;Z:9
;HEIGHT:0.2
;BEFORE_LAYER_CHANGE
;9
G92 E0

G1 E-.728 F1800
;WIPE_START
G1 F30000
G1 X69.563 Y124.05 E-.072
;WIPE_END
M73 L45
;LAYER:45
SET_PRINT_STATS_INFO TOTAL_LAYER=93 CURRENT_LAYER=45
;_SET_FAN_SPEED_CHANGING_LAYER

G1 X69.0841 Y124.991 Z9.05714
G1 X68.0498 Y125.204 Z9.11429
G1 X67.2385 Y124.528 Z9.17143
G1 X67.2612 Y123.472 Z9.22857
G1 X68.1008 Y122.832 Z9.28571
G1 X69.1251 Y123.089 Z9.34286
G1 X69.5627 Y124.05 Z9.4
G1 X68.159 Y189.309 Z9.4
G1 Z9
G1 E.8 F1800
;TYPE:Inner wall
;WIDTH:0.45
G1 F6000
G1 X75.6 Y189.309 E.23941
G1 X74.785 Y190.133 E.0373
G1 X74.647 Y190.191 E.0048
G1 X68.159 Y190.191 E.20875
G1 X68.159 Y189.349 E.02708
G1 X67.752 Y188.902 F30000
G1 F6000
G1 X76.148 Y188.902 E.27015
G1 X76.148 Y189.334 E.01389
G1 X75.017 Y190.478 E.05177
G1 X74.728 Y190.598 E.01005
G1 X67.752 Y190.598 E.22447
G1 X67.752 Y188.942 E.05328
G1 E-.728 F1800
;WIPE_START
G1 F30000
G1 X68.952 Y188.936 E-.072
;WIPE_END
G1 X63.548 Y185.259 Z9.4
G1 Z9
G1 E.8 F1800
G1 F6000
G1 X63.548 Y187.598 E.07526
G1 X63.348 Y187.598 E.00644
G1 X63.348 Y188.898 E.04183
G1 X62.752 Y188.898 E.01917
G1 X62.752 Y128.102 E1.95621
G1 X63.548 Y128.102 E.02561
G1 X63.548 Y185.219 E1.83783
G1 E-.728 F1800
;WIPE_START
G1 F30000
G1 X63.548 Y186.419 E-.072
;WIPE_END
G1 X67.36 Y189.29 Z9.4
G1 Z9
G1 E.8 F1800
SET_VELOCITY_LIMIT ACCEL=5000
;TYPE:Outer wall
;WIDTH:0.42
G1 F3600
G1 X64.96 Y189.29 E.07153
G1 X64.96 Y188.51 E.02325
G1 X192.86 Y188.51 E3.81211
G1 X192.86 Y128.49 E1.78892
G1 X63.94 Y128.49 E3.84251
M73 P63 R27
G1 X63.94 Y187.99 E1.77342
G1 X63.74 Y187.99 E.00596
G1 X63.74 Y189.29 E.03875
G1 X62.36 Y189.29 E.04113
G1 X62.36 Y127.71 E1.83542
G1 X193.64 Y127.71 E3.91285
G1 X193.64 Y189.29 E1.83542
G1 X76.54 Y189.29 E3.49021
G1 X76.54 Y189.495 E.0061
G1 X75.24 Y190.809 E.0551
G1 X74.807 Y190.99 E.014
G1 X67.537 Y190.99 E.21668
G1 X67.36 Y190.813 E.00746
G1 X67.36 Y189.33 E.0442
G1 X67.556 Y188.9 F30000
SET_VELOCITY_LIMIT ACCEL=10000
;TYPE:Gap infill
;WIDTH:0.430842
G1 F15000
G1 X65.156 Y188.9 E.07359
G1 E-.728 F1800
;WIPE_START
G1 F30000
G1 X66.356 Y188.9 E-.072
;WIPE_END
G1 X63.05 Y188.694 Z9.4
G1 Z9
G1 E.8 F1800
;WIDTH:0.233529
G1 F15000
G1 X63.05 Y187.394 E.01959
G1 X63.074 Y187.347 E.00079
;WIDTH:0.302476
G1 X63.097 Y187.3 E.00108
;WIDTH:0.349668
G1 X63.121 Y187.253 E.00128
;WIDTH:0.39686
G1 X63.144 Y187.206 E.00148
;WIDTH:0.431684
G1 X63.15 Y128.306 E1.80993
G1 X63.744 Y128.1 F30000
;WIDTH:0.430842
G1 F15000
G1 X193.056 Y128.1 E3.96502
;WIDTH:0.469667
G1 X193.217 Y128.133 E.00554
G1 X193.233 Y128.214 E.00277
;WIDTH:0.447481
G1 X193.25 Y128.294 E.00262
;WIDTH:0.430842
G1 X193.25 Y188.706 E1.85238
;WIDTH:0.469667
G1 X193.217 Y188.867 E.00554
G1 X193.136 Y188.883 E.00277
;WIDTH:0.447481
G1 X193.056 Y188.9 E.00262
;WIDTH:0.430842
G1 X76.344 Y188.9 E3.57867
G1 E-.728 F1800
;WIPE_START
G1 F30000
G1 X77.544 Y188.9 E-.072
;WIPE_END
G1 X74.877 Y189.75 Z9.4
G1 Z9
G1 E.8 F1800
;WIDTH:0.517526
G1 F13963.988
G1 X68.363 Y189.75 E.24439
G1 E-.728 F1800
;WIPE_START
G1 F30000
G1 X69.563 Y189.75 E-.072
;WIPE_END
G1 X69.401 Y182.119 Z9.4
G1 X68.159 Y123.609 Z9.4
G1 Z9
G1 E.8 F1800
;TYPE:Inner wall
;WIDTH:0.45
G1 F6000
G1 X75.6 Y123.609 E.23941
G1 X74.785 Y124.433 E.0373
G1 X74.647 Y124.491 E.0048
G1 X68.159 Y124.491 E.20875
G1 X68.159 Y123.649 E.02708
G1 X67.752 Y123.202 F30000
G1 F6000
G1 X76.148 Y123.202 E.27015
G1 X76.148 Y123.634 E.01389
G1 X75.017 Y124.778 E.05177
G1 X74.728 Y124.898 E.01005
G1 X67.752 Y124.898 E.22447
G1 X67.752 Y123.242 E.05328
G1 E-.728 F1800
;WIPE_START
G1 F30000
G1 X68.952 Y123.236 E-.072
;WIPE_END
G1 X63.548 Y119.559 Z9.4
G1 Z9
G1 E.8 F1800
G1 F6000
G1 X63.548 Y121.898 E.07526
G1 X63.348 Y121.898 E.00644
G1 X63.348 Y123.198 E.04183
G1 X62.752 Y123.198 E.01917
G1 X62.752 Y62.402 E1.95621
G1 X63.548 Y62.402 E.02561
G1 X63.548 Y119.519 E1.83783
G1 E-.728 F1800
;WIPE_START
G1 F30000
G1 X63.548 Y120.719 E-.072
;WIPE_END
G1 X67.36 Y123.59 Z9.4
G1 Z9
G1 E.8 F1800
SET_VELOCITY_LIMIT ACCEL=5000
;TYPE:Outer wall
;WIDTH:0.42
G1 F3600
G1 X64.96 Y123.59 E.07153
G1 X64.96 Y122.81 E.02325
G1 X192.86 Y122.81 E3.81211
G1 X192.86 Y62.79 E1.78892
M73 P64 R27
G1 X63.94 Y62.79 E3.84251
G1 X63.94 Y122.29 E1.77342
G1 X63.74 Y122.29 E.00596
G1 X63.74 Y123.59 E.03875
G1 X62.36 Y123.59 E.04113
G1 X62.36 Y62.01 E1.83542
G1 X193.64 Y62.01 E3.91285
G1 X193.64 Y123.59 E1.83542
G1 X76.54 Y123.59 E3.49021
G1 X76.54 Y123.795 E.0061
G1 X75.24 Y125.109 E.0551
G1 X74.807 Y125.29 E.014
G1 X67.537 Y125.29 E.21668
G1 X67.36 Y125.113 E.00746
G1 X67.36 Y123.63 E.0442
G1 X67.556 Y123.2 F30000
SET_VELOCITY_LIMIT ACCEL=10000
;TYPE:Gap infill
;WIDTH:0.430842
G1 F15000
G1 X65.156 Y123.2 E.07359
G1 E-.728 F1800
;WIPE_START
G1 F30000
G1 X66.356 Y123.2 E-.072
;WIPE_END
G1 X63.05 Y122.994 Z9.4
G1 Z9
G1 E.8 F1800
;WIDTH:0.233529
G1 F15000
G1 X63.05 Y121.694 E.01959
G1 X63.074 Y121.647 E.00079
;WIDTH:0.302476
G1 X63.097 Y121.6 E.00108
;WIDTH:0.349668
G1 X63.121 Y121.553 E.00128
;WIDTH:0.39686
G1 X63.144 Y121.506 E.00148
;WIDTH:0.431684
G1 X63.15 Y62.606 E1.80993
G1 X63.744 Y62.4 F30000
;WIDTH:0.430842
G1 F15000
G1 X193.056 Y62.4 E3.96502
;WIDTH:0.469667
G1 X193.217 Y62.433 E.00554
G1 X193.233 Y62.514 E.00277
;WIDTH:0.447481
G1 X193.25 Y62.594 E.00262
;WIDTH:0.430842
G1 X193.25 Y123.006 E1.85238
;WIDTH:0.469667
G1 X193.217 Y123.167 E.00554
G1 X193.136 Y123.183 E.00277
;WIDTH:0.447481
G1 X193.056 Y123.2 E.00262
;WIDTH:0.430842
G1 X76.344 Y123.2 E3.57867
G1 E-.728 F1800
;WIPE_START
G1 F30000
G1 X77.544 Y123.2 E-.072
;WIPE_END
G1 X74.877 Y124.05 Z9.4
G1 Z9
G1 E.8 F1800
;WIDTH:0.517526
G1 F13963.988
G1 X68.363 Y124.05 E.24439
;LAYER_CHANGE
;Z:9.2
;HEIGHT:0.2
;BEFORE_LAYER_CHANGE
;9.2
G92 E0

G1 E-.728 F1800
;WIPE_START
G1 F30000
G1 X69.563 Y124.05 E-.072
;WIPE_END
M73 L46
;LAYER:46
SET_PRINT_STATS_INFO TOTAL_LAYER=93 CURRENT_LAYER=46
;_SET_FAN_SPEED_CHANGING_LAYER

G1 X69.0841 Y124.991 Z9.25714
G1 X68.0498 Y125.204 Z9.31429
G1 X67.2385 Y124.528 Z9.37143
G1 X67.2612 Y123.472 Z9.42857
G1 X68.1008 Y122.832 Z9.48571
G1 X69.1251 Y123.089 Z9.54286
G1 X69.5627 Y124.05 Z9.6
G1 X68.159 Y189.309 Z9.6
G1 Z9.2
G1 E.8 F1800
;TYPE:Inner wall
;WIDTH:0.45
G1 F6000
G1 X75.6 Y189.309 E.23941
G1 X74.785 Y190.133 E.0373
G1 X74.647 Y190.191 E.0048
G1 X68.159 Y190.191 E.20875
G1 X68.159 Y189.349 E.02708
G1 X67.752 Y188.902 F30000
G1 F6000
G1 X76.148 Y188.902 E.27015
G1 X76.148 Y189.334 E.01389
G1 X75.017 Y190.478 E.05177
G1 X74.728 Y190.598 E.01005
G1 X67.752 Y190.598 E.22447
G1 X67.752 Y188.942 E.05328
G1 E-.728 F1800
;WIPE_START
G1 F30000
G1 X68.952 Y188.936 E-.072
;WIPE_END
G1 X63.548 Y185.259 Z9.6
G1 Z9.2
G1 E.8 F1800
G1 F6000
G1 X63.548 Y187.598 E.07526
G1 X63.348 Y187.598 E.00644
G1 X63.348 Y188.898 E.04183
G1 X62.752 Y188.898 E.01917
G1 X62.752 Y128.102 E1.95621
G1 X63.548 Y128.102 E.02561
G1 X63.548 Y185.219 E1.83783
G1 E-.728 F1800
;WIPE_START
G1 F30000
G1 X63.548 Y186.419 E-.072
;WIPE_END
G1 X67.36 Y189.29 Z9.6
G1 Z9.2
G1 E.8 F1800
SET_VELOCITY_LIMIT ACCEL=5000
;TYPE:Outer wall
;WIDTH:0.42
G1 F3600
G1 X64.96 Y189.29 E.07153
G1 X64.96 Y188.51 E.02325
G1 X192.86 Y188.51 E3.81211
G1 X192.86 Y128.49 E1.78892
G1 X63.94 Y128.49 E3.84251
G1 X63.94 Y187.99 E1.77342
G1 X63.74 Y187.99 E.00596
G1 X63.74 Y189.29 E.03875
G1 X62.36 Y189.29 E.04113
G1 X62.36 Y127.71 E1.83542
G1 X193.64 Y127.71 E3.91285
G1 X193.64 Y189.29 E1.83542
G1 X76.54 Y189.29 E3.49021
G1 X76.54 Y189.495 E.0061
G1 X75.24 Y190.809 E.0551
G1 X74.807 Y190.99 E.014
G1 X67.537 Y190.99 E.21668
G1 X67.36 Y190.813 E.00746
G1 X67.36 Y189.33 E.0442
G1 X67.556 Y188.9 F30000
SET_VELOCITY_LIMIT ACCEL=10000
;TYPE:Gap infill
;WIDTH:0.430842
G1 F15000
G1 X65.156 Y188.9 E.07359
G1 E-.728 F1800
;WIPE_START
G1 F30000
G1 X66.356 Y188.9 E-.072
;WIPE_END
G1 X63.05 Y188.694 Z9.6
G1 Z9.2
G1 E.8 F1800
;WIDTH:0.233529
G1 F15000
G1 X63.05 Y187.394 E.01959
G1 X63.074 Y187.347 E.00079
;WIDTH:0.302476
G1 X63.097 Y187.3 E.00108
;WIDTH:0.349668
G1 X63.121 Y187.253 E.00128
;WIDTH:0.39686
G1 X63.144 Y187.206 E.00148
;WIDTH:0.431684
G1 X63.15 Y128.306 E1.80993
G1 X63.744 Y128.1 F30000
;WIDTH:0.430842
G1 F15000
G1 X193.056 Y128.1 E3.96502
;WIDTH:0.469667
G1 X193.217 Y128.133 E.00554
G1 X193.233 Y128.214 E.00277
;WIDTH:0.447481
G1 X193.25 Y128.294 E.00262
;WIDTH:0.430842
G1 X193.25 Y188.706 E1.85238
;WIDTH:0.469667
G1 X193.217 Y188.867 E.00554
G1 X193.136 Y188.883 E.00277
;WIDTH:0.447481
G1 X193.056 Y188.9 E.00262
;WIDTH:0.430842
G1 X76.344 Y188.9 E3.57867
G1 E-.728 F1800
;WIPE_START
G1 F30000
G1 X77.544 Y188.9 E-.072
;WIPE_END
G1 X74.877 Y189.75 Z9.6
G1 Z9.2
G1 E.8 F1800
;WIDTH:0.517526
G1 F13963.988
G1 X68.363 Y189.75 E.24439
G1 E-.728 F1800
;WIPE_START
G1 F30000
G1 X69.563 Y189.75 E-.072
;WIPE_END
G1 X69.401 Y182.119 Z9.6
G1 X68.159 Y123.609 Z9.6
G1 Z9.2
G1 E.8 F1800
;TYPE:Inner wall
;WIDTH:0.45
G1 F6000
G1 X75.6 Y123.609 E.23941
G1 X74.785 Y124.433 E.0373
G1 X74.647 Y124.491 E.0048
G1 X68.159 Y124.491 E.20875
G1 X68.159 Y123.649 E.02708
G1 X67.752 Y123.202 F30000
G1 F6000
G1 X76.148 Y123.202 E.27015
G1 X76.148 Y123.634 E.01389
G1 X75.017 Y124.778 E.05177
G1 X74.728 Y124.898 E.01005
G1 X67.752 Y124.898 E.22447
G1 X67.752 Y123.242 E.05328
G1 E-.728 F1800
;WIPE_START
G1 F30000
G1 X68.952 Y123.236 E-.072
;WIPE_END
G1 X63.548 Y119.559 Z9.6
G1 Z9.2
G1 E.8 F1800
G1 F6000
G1 X63.548 Y121.898 E.07526
G1 X63.348 Y121.898 E.00644
G1 X63.348 Y123.198 E.04183
G1 X62.752 Y123.198 E.01917
G1 X62.752 Y62.402 E1.95621
G1 X63.548 Y62.402 E.02561
G1 X63.548 Y119.519 E1.83783
G1 E-.728 F1800
;WIPE_START
G1 F30000
G1 X63.548 Y120.719 E-.072
;WIPE_END
G1 X67.36 Y123.59 Z9.6
G1 Z9.2
G1 E.8 F1800
SET_VELOCITY_LIMIT ACCEL=5000
;TYPE:Outer wall
;WIDTH:0.42
G1 F3600
G1 X64.96 Y123.59 E.07153
G1 X64.96 Y122.81 E.02325
G1 X192.86 Y122.81 E3.81211
G1 X192.86 Y62.79 E1.78892
G1 X63.94 Y62.79 E3.84251
G1 X63.94 Y122.29 E1.77342
G1 X63.74 Y122.29 E.00596
G1 X63.74 Y123.59 E.03875
G1 X62.36 Y123.59 E.04113
G1 X62.36 Y62.01 E1.83542
G1 X193.64 Y62.01 E3.91285
G1 X193.64 Y123.59 E1.83542
G1 X76.54 Y123.59 E3.49021
M73 P64 R26
G1 X76.54 Y123.795 E.0061
G1 X75.24 Y125.109 E.0551
G1 X74.807 Y125.29 E.014
G1 X67.537 Y125.29 E.21668
G1 X67.36 Y125.113 E.00746
G1 X67.36 Y123.63 E.0442
G1 X67.556 Y123.2 F30000
SET_VELOCITY_LIMIT ACCEL=10000
;TYPE:Gap infill
;WIDTH:0.430842
G1 F15000
G1 X65.156 Y123.2 E.07359
G1 E-.728 F1800
;WIPE_START
G1 F30000
G1 X66.356 Y123.2 E-.072
;WIPE_END
G1 X63.05 Y122.994 Z9.6
G1 Z9.2
G1 E.8 F1800
;WIDTH:0.233529
G1 F15000
G1 X63.05 Y121.694 E.01959
G1 X63.074 Y121.647 E.00079
M73 P65 R26
;WIDTH:0.302476
G1 X63.097 Y121.6 E.00108
;WIDTH:0.349668
G1 X63.121 Y121.553 E.00128
;WIDTH:0.39686
G1 X63.144 Y121.506 E.00148
;WIDTH:0.431684
G1 X63.15 Y62.606 E1.80993
G1 X63.744 Y62.4 F30000
;WIDTH:0.430842
G1 F15000
G1 X193.056 Y62.4 E3.96502
;WIDTH:0.469667
G1 X193.217 Y62.433 E.00554
G1 X193.233 Y62.514 E.00277
;WIDTH:0.447481
G1 X193.25 Y62.594 E.00262
;WIDTH:0.430842
G1 X193.25 Y123.006 E1.85238
;WIDTH:0.469667
G1 X193.217 Y123.167 E.00554
G1 X193.136 Y123.183 E.00277
;WIDTH:0.447481
G1 X193.056 Y123.2 E.00262
;WIDTH:0.430842
G1 X76.344 Y123.2 E3.57867
G1 E-.728 F1800
;WIPE_START
G1 F30000
G1 X77.544 Y123.2 E-.072
;WIPE_END
G1 X74.877 Y124.05 Z9.6
G1 Z9.2
G1 E.8 F1800
;WIDTH:0.517526
G1 F13963.988
G1 X68.363 Y124.05 E.24439
;LAYER_CHANGE
;Z:9.4
;HEIGHT:0.2
;BEFORE_LAYER_CHANGE
;9.4
G92 E0

G1 E-.728 F1800
;WIPE_START
G1 F30000
G1 X69.563 Y124.05 E-.072
;WIPE_END
M73 L47
;LAYER:47
SET_PRINT_STATS_INFO TOTAL_LAYER=93 CURRENT_LAYER=47
;_SET_FAN_SPEED_CHANGING_LAYER

G1 X69.0841 Y124.991 Z9.45714
G1 X68.0498 Y125.204 Z9.51429
G1 X67.2385 Y124.528 Z9.57143
G1 X67.2612 Y123.472 Z9.62857
G1 X68.1008 Y122.832 Z9.68571
G1 X69.1251 Y123.089 Z9.74286
G1 X69.5627 Y124.05 Z9.8
G1 X68.159 Y189.309 Z9.8
G1 Z9.4
G1 E.8 F1800
;TYPE:Inner wall
;WIDTH:0.45
G1 F6000
G1 X75.6 Y189.309 E.23941
G1 X74.785 Y190.133 E.0373
G1 X74.647 Y190.191 E.0048
G1 X68.159 Y190.191 E.20875
G1 X68.159 Y189.349 E.02708
G1 X67.752 Y188.902 F30000
G1 F6000
G1 X76.148 Y188.902 E.27015
G1 X76.148 Y189.334 E.01389
G1 X75.017 Y190.478 E.05177
G1 X74.728 Y190.598 E.01005
G1 X67.752 Y190.598 E.22447
G1 X67.752 Y188.942 E.05328
G1 E-.728 F1800
;WIPE_START
G1 F30000
G1 X68.952 Y188.936 E-.072
;WIPE_END
G1 X63.548 Y185.259 Z9.8
G1 Z9.4
G1 E.8 F1800
G1 F6000
G1 X63.548 Y187.598 E.07526
G1 X63.348 Y187.598 E.00644
G1 X63.348 Y188.898 E.04183
G1 X62.752 Y188.898 E.01917
G1 X62.752 Y128.102 E1.95621
G1 X63.548 Y128.102 E.02561
G1 X63.548 Y185.219 E1.83783
G1 E-.728 F1800
;WIPE_START
G1 F30000
G1 X63.548 Y186.419 E-.072
;WIPE_END
G1 X67.36 Y189.29 Z9.8
G1 Z9.4
G1 E.8 F1800
SET_VELOCITY_LIMIT ACCEL=5000
;TYPE:Outer wall
;WIDTH:0.42
G1 F3600
G1 X64.96 Y189.29 E.07153
G1 X64.96 Y188.51 E.02325
G1 X192.86 Y188.51 E3.81211
G1 X192.86 Y128.49 E1.78892
G1 X63.94 Y128.49 E3.84251
G1 X63.94 Y187.99 E1.77342
G1 X63.74 Y187.99 E.00596
G1 X63.74 Y189.29 E.03875
G1 X62.36 Y189.29 E.04113
G1 X62.36 Y127.71 E1.83542
G1 X193.64 Y127.71 E3.91285
G1 X193.64 Y189.29 E1.83542
G1 X76.54 Y189.29 E3.49021
G1 X76.54 Y189.495 E.0061
G1 X75.24 Y190.809 E.0551
G1 X74.807 Y190.99 E.014
G1 X67.537 Y190.99 E.21668
G1 X67.36 Y190.813 E.00746
G1 X67.36 Y189.33 E.0442
G1 X67.556 Y188.9 F30000
SET_VELOCITY_LIMIT ACCEL=10000
;TYPE:Gap infill
;WIDTH:0.430842
G1 F15000
G1 X65.156 Y188.9 E.07359
G1 E-.728 F1800
;WIPE_START
G1 F30000
G1 X66.356 Y188.9 E-.072
;WIPE_END
G1 X63.05 Y188.694 Z9.8
G1 Z9.4
G1 E.8 F1800
;WIDTH:0.233529
G1 F15000
G1 X63.05 Y187.394 E.01959
G1 X63.074 Y187.347 E.00079
;WIDTH:0.302476
G1 X63.097 Y187.3 E.00108
;WIDTH:0.349668
G1 X63.121 Y187.253 E.00128
;WIDTH:0.39686
G1 X63.144 Y187.206 E.00148
;WIDTH:0.431684
G1 X63.15 Y128.306 E1.80993
G1 X63.744 Y128.1 F30000
;WIDTH:0.430842
G1 F15000
G1 X193.056 Y128.1 E3.96502
;WIDTH:0.469667
G1 X193.217 Y128.133 E.00554
G1 X193.233 Y128.214 E.00277
;WIDTH:0.447481
G1 X193.25 Y128.294 E.00262
;WIDTH:0.430842
G1 X193.25 Y188.706 E1.85238
;WIDTH:0.469667
G1 X193.217 Y188.867 E.00554
G1 X193.136 Y188.883 E.00277
;WIDTH:0.447481
G1 X193.056 Y188.9 E.00262
;WIDTH:0.430842
G1 X76.344 Y188.9 E3.57867
G1 E-.728 F1800
;WIPE_START
G1 F30000
G1 X77.544 Y188.9 E-.072
;WIPE_END
G1 X74.877 Y189.75 Z9.8
G1 Z9.4
G1 E.8 F1800
;WIDTH:0.517526
G1 F13963.988
G1 X68.363 Y189.75 E.24439
G1 E-.728 F1800
;WIPE_START
G1 F30000
G1 X69.563 Y189.75 E-.072
;WIPE_END
G1 X69.401 Y182.119 Z9.8
G1 X68.159 Y123.609 Z9.8
G1 Z9.4
G1 E.8 F1800
;TYPE:Inner wall
;WIDTH:0.45
G1 F6000
G1 X75.6 Y123.609 E.23941
G1 X74.785 Y124.433 E.0373
G1 X74.647 Y124.491 E.0048
G1 X68.159 Y124.491 E.20875
G1 X68.159 Y123.649 E.02708
G1 X67.752 Y123.202 F30000
G1 F6000
G1 X76.148 Y123.202 E.27015
G1 X76.148 Y123.634 E.01389
G1 X75.017 Y124.778 E.05177
G1 X74.728 Y124.898 E.01005
G1 X67.752 Y124.898 E.22447
G1 X67.752 Y123.242 E.05328
G1 E-.728 F1800
;WIPE_START
G1 F30000
G1 X68.952 Y123.236 E-.072
;WIPE_END
G1 X63.548 Y119.559 Z9.8
G1 Z9.4
G1 E.8 F1800
G1 F6000
G1 X63.548 Y121.898 E.07526
G1 X63.348 Y121.898 E.00644
G1 X63.348 Y123.198 E.04183
G1 X62.752 Y123.198 E.01917
G1 X62.752 Y62.402 E1.95621
G1 X63.548 Y62.402 E.02561
G1 X63.548 Y119.519 E1.83783
G1 E-.728 F1800
;WIPE_START
G1 F30000
G1 X63.548 Y120.719 E-.072
;WIPE_END
G1 X67.36 Y123.59 Z9.8
G1 Z9.4
G1 E.8 F1800
SET_VELOCITY_LIMIT ACCEL=5000
;TYPE:Outer wall
;WIDTH:0.42
G1 F3600
G1 X64.96 Y123.59 E.07153
G1 X64.96 Y122.81 E.02325
G1 X192.86 Y122.81 E3.81211
G1 X192.86 Y62.79 E1.78892
G1 X63.94 Y62.79 E3.84251
G1 X63.94 Y122.29 E1.77342
G1 X63.74 Y122.29 E.00596
G1 X63.74 Y123.59 E.03875
G1 X62.36 Y123.59 E.04113
G1 X62.36 Y62.01 E1.83542
G1 X193.64 Y62.01 E3.91285
G1 X193.64 Y123.59 E1.83542
G1 X76.54 Y123.59 E3.49021
G1 X76.54 Y123.795 E.0061
G1 X75.24 Y125.109 E.0551
G1 X74.807 Y125.29 E.014
G1 X67.537 Y125.29 E.21668
G1 X67.36 Y125.113 E.00746
G1 X67.36 Y123.63 E.0442
G1 X67.556 Y123.2 F30000
SET_VELOCITY_LIMIT ACCEL=10000
;TYPE:Gap infill
;WIDTH:0.430842
G1 F15000
G1 X65.156 Y123.2 E.07359
G1 E-.728 F1800
;WIPE_START
G1 F30000
G1 X66.356 Y123.2 E-.072
;WIPE_END
G1 X63.05 Y122.994 Z9.8
G1 Z9.4
G1 E.8 F1800
;WIDTH:0.233529
G1 F15000
G1 X63.05 Y121.694 E.01959
G1 X63.074 Y121.647 E.00079
;WIDTH:0.302476
G1 X63.097 Y121.6 E.00108
;WIDTH:0.349668
G1 X63.121 Y121.553 E.00128
;WIDTH:0.39686
G1 X63.144 Y121.506 E.00148
;WIDTH:0.431684
G1 X63.15 Y62.606 E1.80993
G1 X63.744 Y62.4 F30000
;WIDTH:0.430842
G1 F15000
G1 X193.056 Y62.4 E3.96502
;WIDTH:0.469667
G1 X193.217 Y62.433 E.00554
G1 X193.233 Y62.514 E.00277
;WIDTH:0.447481
G1 X193.25 Y62.594 E.00262
;WIDTH:0.430842
G1 X193.25 Y123.006 E1.85238
;WIDTH:0.469667
G1 X193.217 Y123.167 E.00554
G1 X193.136 Y123.183 E.00277
;WIDTH:0.447481
G1 X193.056 Y123.2 E.00262
;WIDTH:0.430842
G1 X76.344 Y123.2 E3.57867
G1 E-.728 F1800
;WIPE_START
G1 F30000
G1 X77.544 Y123.2 E-.072
;WIPE_END
G1 X74.877 Y124.05 Z9.8
G1 Z9.4
G1 E.8 F1800
;WIDTH:0.517526
G1 F13963.988
G1 X68.363 Y124.05 E.24439
;LAYER_CHANGE
;Z:9.6
;HEIGHT:0.200001
;BEFORE_LAYER_CHANGE
;9.6
G92 E0

G1 E-.728 F1800
;WIPE_START
G1 F30000
G1 X69.563 Y124.05 E-.072
;WIPE_END
M73 L48
;LAYER:48
SET_PRINT_STATS_INFO TOTAL_LAYER=93 CURRENT_LAYER=48
;_SET_FAN_SPEED_CHANGING_LAYER

G1 X69.0841 Y124.991 Z9.65714
G1 X68.0498 Y125.204 Z9.71429
G1 X67.2385 Y124.528 Z9.77143
G1 X67.2612 Y123.472 Z9.82857
G1 X68.1008 Y122.832 Z9.88571
G1 X69.1251 Y123.089 Z9.94286
G1 X69.5627 Y124.05 Z10
G1 X68.159 Y189.309 Z10
G1 Z9.6
G1 E.8 F1800
;TYPE:Inner wall
;WIDTH:0.45
G1 F6000
G1 X75.6 Y189.309 E.23941
G1 X74.785 Y190.133 E.0373
G1 X74.647 Y190.191 E.0048
G1 X68.159 Y190.191 E.20875
G1 X68.159 Y189.349 E.02708
G1 X67.752 Y188.902 F30000
G1 F6000
G1 X76.148 Y188.902 E.27015
G1 X76.148 Y189.334 E.01389
G1 X75.017 Y190.478 E.05177
G1 X74.728 Y190.598 E.01005
G1 X67.752 Y190.598 E.22447
G1 X67.752 Y188.942 E.05328
G1 E-.728 F1800
;WIPE_START
G1 F30000
G1 X68.952 Y188.936 E-.072
;WIPE_END
G1 X63.548 Y185.259 Z10
G1 Z9.6
G1 E.8 F1800
G1 F6000
G1 X63.548 Y187.598 E.07526
G1 X63.348 Y187.598 E.00644
G1 X63.348 Y188.898 E.04183
G1 X62.752 Y188.898 E.01917
G1 X62.752 Y128.102 E1.95621
G1 X63.548 Y128.102 E.02561
G1 X63.548 Y185.219 E1.83783
G1 E-.728 F1800
;WIPE_START
G1 F30000
G1 X63.548 Y186.419 E-.072
;WIPE_END
G1 X67.36 Y189.29 Z10
G1 Z9.6
G1 E.8 F1800
SET_VELOCITY_LIMIT ACCEL=5000
;TYPE:Outer wall
;WIDTH:0.42
G1 F3600
G1 X64.96 Y189.29 E.07153
G1 X64.96 Y188.51 E.02325
G1 X192.86 Y188.51 E3.81211
G1 X192.86 Y128.49 E1.78892
G1 X63.94 Y128.49 E3.84251
G1 X63.94 Y187.99 E1.77342
G1 X63.74 Y187.99 E.00596
G1 X63.74 Y189.29 E.03875
G1 X62.36 Y189.29 E.04113
G1 X62.36 Y127.71 E1.83542
G1 X193.64 Y127.71 E3.91285
M73 P66 R26
G1 X193.64 Y189.29 E1.83542
G1 X76.54 Y189.29 E3.49021
G1 X76.54 Y189.495 E.0061
G1 X75.24 Y190.809 E.0551
G1 X74.807 Y190.99 E.014
G1 X67.537 Y190.99 E.21668
G1 X67.36 Y190.813 E.00746
G1 X67.36 Y189.33 E.0442
G1 X67.556 Y188.9 F30000
SET_VELOCITY_LIMIT ACCEL=10000
;TYPE:Gap infill
;WIDTH:0.430842
G1 F15000
G1 X65.156 Y188.9 E.07359
G1 E-.728 F1800
;WIPE_START
G1 F30000
G1 X66.356 Y188.9 E-.072
;WIPE_END
G1 X63.05 Y188.694 Z10
G1 Z9.6
G1 E.8 F1800
;WIDTH:0.233529
G1 F15000
G1 X63.05 Y187.394 E.01959
G1 X63.074 Y187.347 E.00079
;WIDTH:0.302476
G1 X63.097 Y187.3 E.00108
;WIDTH:0.349668
G1 X63.121 Y187.253 E.00128
;WIDTH:0.39686
G1 X63.144 Y187.206 E.00148
;WIDTH:0.431684
G1 X63.15 Y128.306 E1.80993
G1 X63.744 Y128.1 F30000
;WIDTH:0.430842
G1 F15000
G1 X193.056 Y128.1 E3.96502
;WIDTH:0.469667
G1 X193.217 Y128.133 E.00554
G1 X193.233 Y128.214 E.00277
;WIDTH:0.447481
G1 X193.25 Y128.294 E.00262
;WIDTH:0.430842
G1 X193.25 Y188.706 E1.85238
;WIDTH:0.469667
G1 X193.217 Y188.867 E.00554
G1 X193.136 Y188.883 E.00277
;WIDTH:0.447481
G1 X193.056 Y188.9 E.00262
;WIDTH:0.430842
G1 X76.344 Y188.9 E3.57867
G1 E-.728 F1800
;WIPE_START
G1 F30000
G1 X77.544 Y188.9 E-.072
;WIPE_END
G1 X74.877 Y189.75 Z10
G1 Z9.6
G1 E.8 F1800
;WIDTH:0.517526
G1 F13963.988
G1 X68.363 Y189.75 E.24439
G1 E-.728 F1800
;WIPE_START
G1 F30000
G1 X69.563 Y189.75 E-.072
;WIPE_END
G1 X69.401 Y182.119 Z10
G1 X68.159 Y123.609 Z10
G1 Z9.6
G1 E.8 F1800
;TYPE:Inner wall
;WIDTH:0.45
G1 F6000
G1 X75.6 Y123.609 E.23941
G1 X74.785 Y124.433 E.0373
G1 X74.647 Y124.491 E.0048
G1 X68.159 Y124.491 E.20875
G1 X68.159 Y123.649 E.02708
G1 X67.752 Y123.202 F30000
G1 F6000
G1 X76.148 Y123.202 E.27015
G1 X76.148 Y123.634 E.01389
G1 X75.017 Y124.778 E.05177
G1 X74.728 Y124.898 E.01005
G1 X67.752 Y124.898 E.22447
G1 X67.752 Y123.242 E.05328
G1 E-.728 F1800
;WIPE_START
G1 F30000
G1 X68.952 Y123.236 E-.072
;WIPE_END
G1 X63.548 Y119.559 Z10
G1 Z9.6
G1 E.8 F1800
G1 F6000
G1 X63.548 Y121.898 E.07526
G1 X63.348 Y121.898 E.00644
G1 X63.348 Y123.198 E.04183
G1 X62.752 Y123.198 E.01917
G1 X62.752 Y62.402 E1.95621
G1 X63.548 Y62.402 E.02561
G1 X63.548 Y119.519 E1.83783
G1 E-.728 F1800
;WIPE_START
G1 F30000
G1 X63.548 Y120.719 E-.072
;WIPE_END
G1 X67.36 Y123.59 Z10
G1 Z9.6
G1 E.8 F1800
M73 P66 R25
SET_VELOCITY_LIMIT ACCEL=5000
;TYPE:Outer wall
;WIDTH:0.42
G1 F3600
G1 X64.96 Y123.59 E.07153
G1 X64.96 Y122.81 E.02325
G1 X192.86 Y122.81 E3.81211
G1 X192.86 Y62.79 E1.78892
G1 X63.94 Y62.79 E3.84251
G1 X63.94 Y122.29 E1.77342
G1 X63.74 Y122.29 E.00596
G1 X63.74 Y123.59 E.03875
G1 X62.36 Y123.59 E.04113
G1 X62.36 Y62.01 E1.83542
G1 X193.64 Y62.01 E3.91285
G1 X193.64 Y123.59 E1.83542
G1 X76.54 Y123.59 E3.49021
G1 X76.54 Y123.795 E.0061
G1 X75.24 Y125.109 E.0551
G1 X74.807 Y125.29 E.014
G1 X67.537 Y125.29 E.21668
G1 X67.36 Y125.113 E.00746
G1 X67.36 Y123.63 E.0442
G1 X67.556 Y123.2 F30000
SET_VELOCITY_LIMIT ACCEL=10000
;TYPE:Gap infill
;WIDTH:0.430842
G1 F15000
G1 X65.156 Y123.2 E.07359
G1 E-.728 F1800
;WIPE_START
G1 F30000
G1 X66.356 Y123.2 E-.072
;WIPE_END
G1 X63.05 Y122.994 Z10
G1 Z9.6
G1 E.8 F1800
;WIDTH:0.233529
G1 F15000
G1 X63.05 Y121.694 E.01959
G1 X63.074 Y121.647 E.00079
;WIDTH:0.302476
G1 X63.097 Y121.6 E.00108
;WIDTH:0.349668
G1 X63.121 Y121.553 E.00128
;WIDTH:0.39686
G1 X63.144 Y121.506 E.00148
;WIDTH:0.431684
G1 X63.15 Y62.606 E1.80993
G1 X63.744 Y62.4 F30000
;WIDTH:0.430842
G1 F15000
G1 X193.056 Y62.4 E3.96502
;WIDTH:0.469667
G1 X193.217 Y62.433 E.00554
G1 X193.233 Y62.514 E.00277
;WIDTH:0.447481
G1 X193.25 Y62.594 E.00262
;WIDTH:0.430842
G1 X193.25 Y123.006 E1.85238
;WIDTH:0.469667
G1 X193.217 Y123.167 E.00554
G1 X193.136 Y123.183 E.00277
;WIDTH:0.447481
G1 X193.056 Y123.2 E.00262
;WIDTH:0.430842
G1 X76.344 Y123.2 E3.57867
G1 E-.728 F1800
;WIPE_START
G1 F30000
G1 X77.544 Y123.2 E-.072
;WIPE_END
G1 X74.877 Y124.05 Z10
G1 Z9.6
G1 E.8 F1800
;WIDTH:0.517526
G1 F13963.988
G1 X68.363 Y124.05 E.24439
;LAYER_CHANGE
;Z:9.8
;HEIGHT:0.2
;BEFORE_LAYER_CHANGE
;9.8
G92 E0

G1 E-.728 F1800
;WIPE_START
G1 F30000
G1 X69.563 Y124.05 E-.072
;WIPE_END
M73 L49
;LAYER:49
SET_PRINT_STATS_INFO TOTAL_LAYER=93 CURRENT_LAYER=49
;_SET_FAN_SPEED_CHANGING_LAYER

G1 X69.0841 Y124.991 Z9.85714
G1 X68.0498 Y125.204 Z9.91429
G1 X67.2385 Y124.528 Z9.97143
G1 X67.2612 Y123.472 Z10.0286
G1 X68.1008 Y122.832 Z10.0857
G1 X69.1251 Y123.089 Z10.1429
G1 X69.5627 Y124.05 Z10.2
G1 X68.159 Y189.309 Z10.2
G1 Z9.8
G1 E.8 F1800
;TYPE:Inner wall
;WIDTH:0.45
G1 F6000
G1 X75.6 Y189.309 E.23941
G1 X74.785 Y190.133 E.0373
G1 X74.647 Y190.191 E.0048
G1 X68.159 Y190.191 E.20875
G1 X68.159 Y189.349 E.02708
G1 X67.752 Y188.902 F30000
G1 F6000
G1 X76.148 Y188.902 E.27015
G1 X76.148 Y189.334 E.01389
G1 X75.017 Y190.478 E.05177
G1 X74.728 Y190.598 E.01005
G1 X67.752 Y190.598 E.22447
G1 X67.752 Y188.942 E.05328
G1 E-.728 F1800
;WIPE_START
G1 F30000
G1 X68.952 Y188.936 E-.072
;WIPE_END
G1 X63.548 Y185.259 Z10.2
G1 Z9.8
G1 E.8 F1800
G1 F6000
G1 X63.548 Y187.598 E.07526
G1 X63.348 Y187.598 E.00644
G1 X63.348 Y188.898 E.04183
G1 X62.752 Y188.898 E.01917
G1 X62.752 Y128.102 E1.95621
G1 X63.548 Y128.102 E.02561
G1 X63.548 Y185.219 E1.83783
G1 E-.728 F1800
;WIPE_START
G1 F30000
G1 X63.548 Y186.419 E-.072
;WIPE_END
G1 X67.36 Y189.29 Z10.2
G1 Z9.8
G1 E.8 F1800
SET_VELOCITY_LIMIT ACCEL=5000
;TYPE:Outer wall
;WIDTH:0.42
G1 F3600
G1 X64.96 Y189.29 E.07153
G1 X64.96 Y188.51 E.02325
G1 X192.86 Y188.51 E3.81211
G1 X192.86 Y128.49 E1.78892
G1 X63.94 Y128.49 E3.84251
G1 X63.94 Y187.99 E1.77342
G1 X63.74 Y187.99 E.00596
G1 X63.74 Y189.29 E.03875
G1 X62.36 Y189.29 E.04113
G1 X62.36 Y127.71 E1.83542
G1 X193.64 Y127.71 E3.91285
G1 X193.64 Y189.29 E1.83542
G1 X76.54 Y189.29 E3.49021
G1 X76.54 Y189.495 E.0061
G1 X75.24 Y190.809 E.0551
G1 X74.807 Y190.99 E.01399
G1 X67.537 Y190.99 E.21668
G1 X67.36 Y190.813 E.00746
G1 X67.36 Y189.33 E.0442
G1 X67.556 Y188.9 F30000
SET_VELOCITY_LIMIT ACCEL=10000
;TYPE:Gap infill
;WIDTH:0.430842
G1 F15000
G1 X65.156 Y188.9 E.07359
G1 E-.728 F1800
;WIPE_START
G1 F30000
G1 X66.356 Y188.9 E-.072
;WIPE_END
G1 X63.05 Y188.694 Z10.2
G1 Z9.8
G1 E.8 F1800
;WIDTH:0.233529
G1 F15000
G1 X63.05 Y187.394 E.01959
G1 X63.074 Y187.347 E.00079
;WIDTH:0.302476
G1 X63.097 Y187.3 E.00108
;WIDTH:0.349668
G1 X63.121 Y187.253 E.00128
;WIDTH:0.39686
G1 X63.144 Y187.206 E.00148
;WIDTH:0.431684
G1 X63.15 Y128.306 E1.80993
G1 X63.744 Y128.1 F30000
;WIDTH:0.430842
G1 F15000
G1 X193.056 Y128.1 E3.96502
;WIDTH:0.469667
G1 X193.217 Y128.133 E.00554
G1 X193.233 Y128.214 E.00277
;WIDTH:0.447481
G1 X193.25 Y128.294 E.00262
;WIDTH:0.430842
G1 X193.25 Y188.706 E1.85238
;WIDTH:0.469667
G1 X193.217 Y188.867 E.00554
G1 X193.136 Y188.883 E.00277
;WIDTH:0.447481
G1 X193.056 Y188.9 E.00262
;WIDTH:0.430842
G1 X76.344 Y188.9 E3.57867
G1 E-.728 F1800
;WIPE_START
G1 F30000
G1 X77.544 Y188.9 E-.072
;WIPE_END
G1 X74.877 Y189.75 Z10.2
G1 Z9.8
G1 E.8 F1800
;WIDTH:0.517526
G1 F13963.988
G1 X68.363 Y189.75 E.24439
G1 E-.728 F1800
;WIPE_START
G1 F30000
G1 X69.563 Y189.75 E-.072
;WIPE_END
G1 X69.401 Y182.119 Z10.2
G1 X68.159 Y123.609 Z10.2
G1 Z9.8
G1 E.8 F1800
;TYPE:Inner wall
;WIDTH:0.45
G1 F6000
G1 X75.6 Y123.609 E.23941
G1 X74.785 Y124.433 E.0373
G1 X74.647 Y124.491 E.0048
G1 X68.159 Y124.491 E.20875
G1 X68.159 Y123.649 E.02708
G1 X67.752 Y123.202 F30000
G1 F6000
G1 X76.148 Y123.202 E.27015
G1 X76.148 Y123.634 E.01389
G1 X75.017 Y124.778 E.05177
G1 X74.728 Y124.898 E.01005
G1 X67.752 Y124.898 E.22447
G1 X67.752 Y123.242 E.05328
G1 E-.728 F1800
;WIPE_START
G1 F30000
G1 X68.952 Y123.236 E-.072
;WIPE_END
G1 X63.548 Y119.559 Z10.2
G1 Z9.8
G1 E.8 F1800
G1 F6000
G1 X63.548 Y121.898 E.07526
G1 X63.348 Y121.898 E.00644
G1 X63.348 Y123.198 E.04183
G1 X62.752 Y123.198 E.01917
G1 X62.752 Y62.402 E1.95621
G1 X63.548 Y62.402 E.02561
G1 X63.548 Y119.519 E1.83783
G1 E-.728 F1800
;WIPE_START
G1 F30000
G1 X63.548 Y120.719 E-.072
;WIPE_END
G1 X67.36 Y123.59 Z10.2
G1 Z9.8
G1 E.8 F1800
SET_VELOCITY_LIMIT ACCEL=5000
;TYPE:Outer wall
;WIDTH:0.42
G1 F3600
G1 X64.96 Y123.59 E.07153
G1 X64.96 Y122.81 E.02325
G1 X192.86 Y122.81 E3.81211
G1 X192.86 Y62.79 E1.78892
M73 P67 R25
G1 X63.94 Y62.79 E3.84251
G1 X63.94 Y122.29 E1.77342
G1 X63.74 Y122.29 E.00596
G1 X63.74 Y123.59 E.03875
G1 X62.36 Y123.59 E.04113
G1 X62.36 Y62.01 E1.83542
G1 X193.64 Y62.01 E3.91285
G1 X193.64 Y123.59 E1.83542
G1 X76.54 Y123.59 E3.49021
G1 X76.54 Y123.795 E.0061
G1 X75.24 Y125.109 E.0551
G1 X74.807 Y125.29 E.01399
G1 X67.537 Y125.29 E.21668
G1 X67.36 Y125.113 E.00746
G1 X67.36 Y123.63 E.0442
G1 X67.556 Y123.2 F30000
SET_VELOCITY_LIMIT ACCEL=10000
;TYPE:Gap infill
;WIDTH:0.430842
G1 F15000
G1 X65.156 Y123.2 E.07359
G1 E-.728 F1800
;WIPE_START
G1 F30000
G1 X66.356 Y123.2 E-.072
;WIPE_END
G1 X63.05 Y122.994 Z10.2
G1 Z9.8
G1 E.8 F1800
;WIDTH:0.233529
G1 F15000
G1 X63.05 Y121.694 E.01959
G1 X63.074 Y121.647 E.00079
;WIDTH:0.302476
G1 X63.097 Y121.6 E.00108
;WIDTH:0.349668
G1 X63.121 Y121.553 E.00128
;WIDTH:0.39686
G1 X63.144 Y121.506 E.00148
;WIDTH:0.431684
G1 X63.15 Y62.606 E1.80993
G1 X63.744 Y62.4 F30000
;WIDTH:0.430842
G1 F15000
G1 X193.056 Y62.4 E3.96502
;WIDTH:0.469667
G1 X193.217 Y62.433 E.00554
G1 X193.233 Y62.514 E.00277
;WIDTH:0.447481
G1 X193.25 Y62.594 E.00262
;WIDTH:0.430842
G1 X193.25 Y123.006 E1.85238
;WIDTH:0.469667
G1 X193.217 Y123.167 E.00554
G1 X193.136 Y123.183 E.00277
;WIDTH:0.447481
G1 X193.056 Y123.2 E.00262
;WIDTH:0.430842
G1 X76.344 Y123.2 E3.57867
G1 E-.728 F1800
;WIPE_START
G1 F30000
G1 X77.544 Y123.2 E-.072
;WIPE_END
G1 X74.877 Y124.05 Z10.2
G1 Z9.8
G1 E.8 F1800
;WIDTH:0.517526
G1 F13963.988
G1 X68.363 Y124.05 E.24439
;LAYER_CHANGE
;Z:10
;HEIGHT:0.2
;BEFORE_LAYER_CHANGE
;10
G92 E0

G1 E-.728 F1800
;WIPE_START
G1 F30000
G1 X69.563 Y124.05 E-.072
;WIPE_END
M73 L50
;LAYER:50
SET_PRINT_STATS_INFO TOTAL_LAYER=93 CURRENT_LAYER=50
;_SET_FAN_SPEED_CHANGING_LAYER

G1 X69.0841 Y124.991 Z10.0571
G1 X68.0498 Y125.204 Z10.1143
G1 X67.2385 Y124.528 Z10.1714
G1 X67.2612 Y123.472 Z10.2286
G1 X68.1008 Y122.832 Z10.2857
G1 X69.1251 Y123.089 Z10.3429
G1 X69.5627 Y124.05 Z10.4
G1 X68.159 Y189.309 Z10.4
G1 Z10
G1 E.8 F1800
;TYPE:Inner wall
;WIDTH:0.45
G1 F6000
G1 X75.6 Y189.309 E.23941
G1 X74.785 Y190.133 E.0373
G1 X74.647 Y190.191 E.0048
G1 X68.159 Y190.191 E.20875
G1 X68.159 Y189.349 E.02708
G1 X67.752 Y188.902 F30000
G1 F6000
G1 X76.148 Y188.902 E.27015
G1 X76.148 Y189.334 E.01389
G1 X75.017 Y190.478 E.05177
G1 X74.728 Y190.598 E.01005
G1 X67.752 Y190.598 E.22447
G1 X67.752 Y188.942 E.05328
G1 E-.728 F1800
;WIPE_START
G1 F30000
G1 X68.952 Y188.936 E-.072
;WIPE_END
G1 X63.548 Y185.259 Z10.4
G1 Z10
G1 E.8 F1800
G1 F6000
G1 X63.548 Y187.598 E.07526
G1 X63.348 Y187.598 E.00644
G1 X63.348 Y188.898 E.04183
G1 X62.752 Y188.898 E.01917
G1 X62.752 Y128.102 E1.95621
G1 X63.548 Y128.102 E.02561
G1 X63.548 Y185.219 E1.83783
G1 E-.728 F1800
;WIPE_START
G1 F30000
G1 X63.548 Y186.419 E-.072
;WIPE_END
G1 X67.36 Y189.29 Z10.4
G1 Z10
G1 E.8 F1800
SET_VELOCITY_LIMIT ACCEL=5000
;TYPE:Outer wall
;WIDTH:0.42
G1 F3600
G1 X64.96 Y189.29 E.07153
G1 X64.96 Y188.51 E.02325
G1 X192.86 Y188.51 E3.81211
G1 X192.86 Y128.49 E1.78892
G1 X63.94 Y128.49 E3.84251
G1 X63.94 Y187.99 E1.77342
G1 X63.74 Y187.99 E.00596
G1 X63.74 Y189.29 E.03875
G1 X62.36 Y189.29 E.04113
G1 X62.36 Y127.71 E1.83542
G1 X193.64 Y127.71 E3.91285
M73 P67 R24
G1 X193.64 Y189.29 E1.83542
G1 X76.54 Y189.29 E3.49021
G1 X76.54 Y189.495 E.0061
G1 X75.24 Y190.809 E.0551
G1 X74.807 Y190.99 E.014
G1 X67.537 Y190.99 E.21668
G1 X67.36 Y190.813 E.00746
G1 X67.36 Y189.33 E.0442
G1 X67.556 Y188.9 F30000
SET_VELOCITY_LIMIT ACCEL=10000
;TYPE:Gap infill
;WIDTH:0.430842
G1 F15000
G1 X65.156 Y188.9 E.07359
G1 E-.728 F1800
;WIPE_START
G1 F30000
G1 X66.356 Y188.9 E-.072
;WIPE_END
G1 X63.05 Y188.694 Z10.4
G1 Z10
G1 E.8 F1800
;WIDTH:0.233529
G1 F15000
G1 X63.05 Y187.394 E.01959
G1 X63.074 Y187.347 E.00079
;WIDTH:0.302476
G1 X63.097 Y187.3 E.00108
;WIDTH:0.349668
G1 X63.121 Y187.253 E.00128
;WIDTH:0.39686
G1 X63.144 Y187.206 E.00148
;WIDTH:0.431684
G1 X63.15 Y128.306 E1.80993
G1 X63.744 Y128.1 F30000
;WIDTH:0.430842
G1 F15000
G1 X193.056 Y128.1 E3.96502
;WIDTH:0.469667
G1 X193.217 Y128.133 E.00554
G1 X193.233 Y128.214 E.00277
;WIDTH:0.447481
G1 X193.25 Y128.294 E.00262
;WIDTH:0.430842
G1 X193.25 Y188.706 E1.85238
;WIDTH:0.469667
G1 X193.217 Y188.867 E.00554
G1 X193.136 Y188.883 E.00277
;WIDTH:0.447481
G1 X193.056 Y188.9 E.00262
;WIDTH:0.430842
G1 X76.344 Y188.9 E3.57867
G1 E-.728 F1800
;WIPE_START
G1 F30000
G1 X77.544 Y188.9 E-.072
;WIPE_END
G1 X74.877 Y189.75 Z10.4
G1 Z10
G1 E.8 F1800
;WIDTH:0.517526
G1 F13963.988
G1 X68.363 Y189.75 E.24439
G1 E-.728 F1800
;WIPE_START
G1 F30000
G1 X69.563 Y189.75 E-.072
;WIPE_END
G1 X69.401 Y182.119 Z10.4
G1 X68.159 Y123.609 Z10.4
G1 Z10
G1 E.8 F1800
;TYPE:Inner wall
;WIDTH:0.45
G1 F6000
G1 X75.6 Y123.609 E.23941
G1 X74.785 Y124.433 E.0373
G1 X74.647 Y124.491 E.0048
G1 X68.159 Y124.491 E.20875
G1 X68.159 Y123.649 E.02708
G1 X67.752 Y123.202 F30000
G1 F6000
G1 X76.148 Y123.202 E.27015
G1 X76.148 Y123.634 E.01389
G1 X75.017 Y124.778 E.05177
G1 X74.728 Y124.898 E.01005
G1 X67.752 Y124.898 E.22447
G1 X67.752 Y123.242 E.05328
G1 E-.728 F1800
;WIPE_START
G1 F30000
G1 X68.952 Y123.236 E-.072
;WIPE_END
G1 X63.548 Y119.559 Z10.4
G1 Z10
G1 E.8 F1800
G1 F6000
G1 X63.548 Y121.898 E.07526
G1 X63.348 Y121.898 E.00644
G1 X63.348 Y123.198 E.04183
G1 X62.752 Y123.198 E.01917
G1 X62.752 Y62.402 E1.95621
G1 X63.548 Y62.402 E.02561
G1 X63.548 Y119.519 E1.83783
G1 E-.728 F1800
;WIPE_START
G1 F30000
G1 X63.548 Y120.719 E-.072
;WIPE_END
G1 X67.36 Y123.59 Z10.4
G1 Z10
G1 E.8 F1800
SET_VELOCITY_LIMIT ACCEL=5000
;TYPE:Outer wall
;WIDTH:0.42
G1 F3600
G1 X64.96 Y123.59 E.07153
G1 X64.96 Y122.81 E.02325
G1 X192.86 Y122.81 E3.81211
G1 X192.86 Y62.79 E1.78892
G1 X63.94 Y62.79 E3.84251
G1 X63.94 Y122.29 E1.77342
G1 X63.74 Y122.29 E.00596
G1 X63.74 Y123.59 E.03875
G1 X62.36 Y123.59 E.04113
G1 X62.36 Y62.01 E1.83542
G1 X193.64 Y62.01 E3.91285
G1 X193.64 Y123.59 E1.83542
G1 X76.54 Y123.59 E3.49021
G1 X76.54 Y123.795 E.0061
M73 P68 R24
G1 X75.24 Y125.109 E.0551
G1 X74.807 Y125.29 E.014
G1 X67.537 Y125.29 E.21668
G1 X67.36 Y125.113 E.00746
G1 X67.36 Y123.63 E.0442
G1 X67.556 Y123.2 F30000
SET_VELOCITY_LIMIT ACCEL=10000
;TYPE:Gap infill
;WIDTH:0.430842
G1 F15000
G1 X65.156 Y123.2 E.07359
G1 E-.728 F1800
;WIPE_START
G1 F30000
G1 X66.356 Y123.2 E-.072
;WIPE_END
G1 X63.05 Y122.994 Z10.4
G1 Z10
G1 E.8 F1800
;WIDTH:0.233529
G1 F15000
G1 X63.05 Y121.694 E.01959
G1 X63.074 Y121.647 E.00079
;WIDTH:0.302476
G1 X63.097 Y121.6 E.00108
;WIDTH:0.349668
G1 X63.121 Y121.553 E.00128
;WIDTH:0.39686
G1 X63.144 Y121.506 E.00148
;WIDTH:0.431684
G1 X63.15 Y62.606 E1.80993
G1 X63.744 Y62.4 F30000
;WIDTH:0.430842
G1 F15000
G1 X193.056 Y62.4 E3.96502
;WIDTH:0.469667
G1 X193.217 Y62.433 E.00554
G1 X193.233 Y62.514 E.00277
;WIDTH:0.447481
G1 X193.25 Y62.594 E.00262
;WIDTH:0.430842
G1 X193.25 Y123.006 E1.85238
;WIDTH:0.469667
G1 X193.217 Y123.167 E.00554
G1 X193.136 Y123.183 E.00277
;WIDTH:0.447481
G1 X193.056 Y123.2 E.00262
;WIDTH:0.430842
G1 X76.344 Y123.2 E3.57867
G1 E-.728 F1800
;WIPE_START
G1 F30000
G1 X77.544 Y123.2 E-.072
;WIPE_END
G1 X74.877 Y124.05 Z10.4
G1 Z10
G1 E.8 F1800
;WIDTH:0.517526
G1 F13963.988
G1 X68.363 Y124.05 E.24439
;LAYER_CHANGE
;Z:10.2
;HEIGHT:0.2
;BEFORE_LAYER_CHANGE
;10.2
G92 E0

G1 E-.728 F1800
;WIPE_START
G1 F30000
G1 X69.563 Y124.05 E-.072
;WIPE_END
M73 L51
;LAYER:51
SET_PRINT_STATS_INFO TOTAL_LAYER=93 CURRENT_LAYER=51
;_SET_FAN_SPEED_CHANGING_LAYER

G1 X69.0841 Y124.991 Z10.2571
G1 X68.0498 Y125.204 Z10.3143
G1 X67.2385 Y124.528 Z10.3714
G1 X67.2612 Y123.472 Z10.4286
G1 X68.1008 Y122.832 Z10.4857
G1 X69.1251 Y123.089 Z10.5429
G1 X69.5627 Y124.05 Z10.6
G1 X68.159 Y189.309 Z10.6
G1 Z10.2
G1 E.8 F1800
;TYPE:Inner wall
;WIDTH:0.45
G1 F6000
G1 X75.6 Y189.309 E.23941
G1 X74.785 Y190.133 E.0373
G1 X74.647 Y190.191 E.0048
G1 X68.159 Y190.191 E.20875
G1 X68.159 Y189.349 E.02708
G1 X67.752 Y188.902 F30000
G1 F6000
G1 X76.148 Y188.902 E.27015
G1 X76.148 Y189.334 E.01389
G1 X75.017 Y190.478 E.05177
G1 X74.728 Y190.598 E.01005
G1 X67.752 Y190.598 E.22447
G1 X67.752 Y188.942 E.05328
G1 E-.728 F1800
;WIPE_START
G1 F30000
G1 X68.952 Y188.936 E-.072
;WIPE_END
G1 X63.548 Y185.259 Z10.6
G1 Z10.2
G1 E.8 F1800
G1 F6000
G1 X63.548 Y187.598 E.07526
G1 X63.348 Y187.598 E.00644
G1 X63.348 Y188.898 E.04183
G1 X62.752 Y188.898 E.01917
G1 X62.752 Y128.102 E1.95621
G1 X63.548 Y128.102 E.02561
G1 X63.548 Y185.219 E1.83783
G1 E-.728 F1800
;WIPE_START
G1 F30000
G1 X63.548 Y186.419 E-.072
;WIPE_END
G1 X67.36 Y189.29 Z10.6
G1 Z10.2
G1 E.8 F1800
SET_VELOCITY_LIMIT ACCEL=5000
;TYPE:Outer wall
;WIDTH:0.42
G1 F3600
G1 X64.96 Y189.29 E.07153
G1 X64.96 Y188.51 E.02325
G1 X192.86 Y188.51 E3.81211
G1 X192.86 Y128.49 E1.78892
G1 X63.94 Y128.49 E3.84251
G1 X63.94 Y187.99 E1.77342
G1 X63.74 Y187.99 E.00596
G1 X63.74 Y189.29 E.03875
G1 X62.36 Y189.29 E.04113
G1 X62.36 Y127.71 E1.83542
G1 X193.64 Y127.71 E3.91285
G1 X193.64 Y189.29 E1.83542
G1 X76.54 Y189.29 E3.49021
G1 X76.54 Y189.495 E.0061
G1 X75.24 Y190.809 E.0551
G1 X74.807 Y190.99 E.014
G1 X67.537 Y190.99 E.21668
G1 X67.36 Y190.813 E.00746
G1 X67.36 Y189.33 E.0442
G1 X67.556 Y188.9 F30000
SET_VELOCITY_LIMIT ACCEL=10000
;TYPE:Gap infill
;WIDTH:0.430842
G1 F15000
G1 X65.156 Y188.9 E.07359
G1 E-.728 F1800
;WIPE_START
G1 F30000
G1 X66.356 Y188.9 E-.072
;WIPE_END
G1 X63.05 Y188.694 Z10.6
G1 Z10.2
G1 E.8 F1800
;WIDTH:0.233529
G1 F15000
G1 X63.05 Y187.394 E.01959
G1 X63.074 Y187.347 E.00079
;WIDTH:0.302476
G1 X63.097 Y187.3 E.00108
;WIDTH:0.349668
G1 X63.121 Y187.253 E.00128
;WIDTH:0.39686
G1 X63.144 Y187.206 E.00148
;WIDTH:0.431684
G1 X63.15 Y128.306 E1.80993
G1 X63.744 Y128.1 F30000
;WIDTH:0.430842
G1 F15000
G1 X193.056 Y128.1 E3.96502
;WIDTH:0.469667
G1 X193.217 Y128.133 E.00554
G1 X193.233 Y128.214 E.00277
;WIDTH:0.447481
G1 X193.25 Y128.294 E.00262
;WIDTH:0.430842
G1 X193.25 Y188.706 E1.85238
;WIDTH:0.469667
G1 X193.217 Y188.867 E.00554
G1 X193.136 Y188.883 E.00277
;WIDTH:0.447481
G1 X193.056 Y188.9 E.00262
;WIDTH:0.430842
G1 X76.344 Y188.9 E3.57867
G1 E-.728 F1800
;WIPE_START
G1 F30000
G1 X77.544 Y188.9 E-.072
;WIPE_END
G1 X74.877 Y189.75 Z10.6
G1 Z10.2
G1 E.8 F1800
;WIDTH:0.517526
G1 F13963.988
G1 X68.363 Y189.75 E.24439
G1 E-.728 F1800
;WIPE_START
G1 F30000
G1 X69.563 Y189.75 E-.072
;WIPE_END
G1 X69.401 Y182.119 Z10.6
G1 X68.159 Y123.609 Z10.6
G1 Z10.2
G1 E.8 F1800
;TYPE:Inner wall
;WIDTH:0.45
G1 F6000
G1 X75.6 Y123.609 E.23941
G1 X74.785 Y124.433 E.0373
G1 X74.647 Y124.491 E.0048
G1 X68.159 Y124.491 E.20875
G1 X68.159 Y123.649 E.02708
G1 X67.752 Y123.202 F30000
G1 F6000
G1 X76.148 Y123.202 E.27015
G1 X76.148 Y123.634 E.01389
G1 X75.017 Y124.778 E.05177
G1 X74.728 Y124.898 E.01005
G1 X67.752 Y124.898 E.22447
G1 X67.752 Y123.242 E.05328
G1 E-.728 F1800
;WIPE_START
G1 F30000
G1 X68.952 Y123.236 E-.072
;WIPE_END
G1 X63.548 Y119.559 Z10.6
G1 Z10.2
G1 E.8 F1800
G1 F6000
G1 X63.548 Y121.898 E.07526
G1 X63.348 Y121.898 E.00644
G1 X63.348 Y123.198 E.04183
G1 X62.752 Y123.198 E.01917
G1 X62.752 Y62.402 E1.95621
G1 X63.548 Y62.402 E.02561
G1 X63.548 Y119.519 E1.83783
G1 E-.728 F1800
;WIPE_START
G1 F30000
G1 X63.548 Y120.719 E-.072
;WIPE_END
G1 X67.36 Y123.59 Z10.6
G1 Z10.2
G1 E.8 F1800
SET_VELOCITY_LIMIT ACCEL=5000
;TYPE:Outer wall
;WIDTH:0.42
G1 F3600
G1 X64.96 Y123.59 E.07153
G1 X64.96 Y122.81 E.02325
G1 X192.86 Y122.81 E3.81211
G1 X192.86 Y62.79 E1.78892
G1 X63.94 Y62.79 E3.84251
G1 X63.94 Y122.29 E1.77342
G1 X63.74 Y122.29 E.00596
G1 X63.74 Y123.59 E.03875
G1 X62.36 Y123.59 E.04113
G1 X62.36 Y62.01 E1.83542
G1 X193.64 Y62.01 E3.91285
G1 X193.64 Y123.59 E1.83542
G1 X76.54 Y123.59 E3.49021
G1 X76.54 Y123.795 E.0061
G1 X75.24 Y125.109 E.0551
G1 X74.807 Y125.29 E.014
G1 X67.537 Y125.29 E.21668
G1 X67.36 Y125.113 E.00746
G1 X67.36 Y123.63 E.0442
G1 X67.556 Y123.2 F30000
SET_VELOCITY_LIMIT ACCEL=10000
;TYPE:Gap infill
;WIDTH:0.430842
G1 F15000
G1 X65.156 Y123.2 E.07359
G1 E-.728 F1800
;WIPE_START
G1 F30000
G1 X66.356 Y123.2 E-.072
;WIPE_END
G1 X63.05 Y122.994 Z10.6
G1 Z10.2
G1 E.8 F1800
;WIDTH:0.233529
G1 F15000
G1 X63.05 Y121.694 E.01959
G1 X63.074 Y121.647 E.00079
;WIDTH:0.302476
G1 X63.097 Y121.6 E.00108
;WIDTH:0.349668
G1 X63.121 Y121.553 E.00128
;WIDTH:0.39686
G1 X63.144 Y121.506 E.00148
;WIDTH:0.431684
G1 X63.15 Y62.606 E1.80993
G1 X63.744 Y62.4 F30000
;WIDTH:0.430842
G1 F15000
G1 X193.056 Y62.4 E3.96502
;WIDTH:0.469667
G1 X193.217 Y62.433 E.00554
G1 X193.233 Y62.514 E.00277
;WIDTH:0.447481
G1 X193.25 Y62.594 E.00262
;WIDTH:0.430842
G1 X193.25 Y123.006 E1.85238
;WIDTH:0.469667
G1 X193.217 Y123.167 E.00554
G1 X193.136 Y123.183 E.00277
;WIDTH:0.447481
G1 X193.056 Y123.2 E.00262
;WIDTH:0.430842
G1 X76.344 Y123.2 E3.57867
G1 E-.728 F1800
;WIPE_START
G1 F30000
G1 X77.544 Y123.2 E-.072
;WIPE_END
G1 X74.877 Y124.05 Z10.6
G1 Z10.2
G1 E.8 F1800
;WIDTH:0.517526
G1 F13963.988
G1 X68.363 Y124.05 E.24439
;LAYER_CHANGE
;Z:10.4
;HEIGHT:0.2
;BEFORE_LAYER_CHANGE
;10.4
G92 E0

G1 E-.728 F1800
M73 P68 R23
;WIPE_START
G1 F30000
G1 X69.563 Y124.05 E-.072
;WIPE_END
M73 L52
;LAYER:52
SET_PRINT_STATS_INFO TOTAL_LAYER=93 CURRENT_LAYER=52
;_SET_FAN_SPEED_CHANGING_LAYER

G1 X69.0841 Y124.991 Z10.4571
G1 X68.0498 Y125.204 Z10.5143
G1 X67.2385 Y124.528 Z10.5714
G1 X67.2612 Y123.472 Z10.6286
G1 X68.1008 Y122.832 Z10.6857
G1 X69.1251 Y123.089 Z10.7429
G1 X69.5627 Y124.05 Z10.8
G1 X68.159 Y189.309 Z10.8
G1 Z10.4
G1 E.8 F1800
;TYPE:Inner wall
;WIDTH:0.45
G1 F6000
G1 X75.6 Y189.309 E.23941
G1 X74.785 Y190.133 E.0373
G1 X74.647 Y190.191 E.0048
G1 X68.159 Y190.191 E.20875
G1 X68.159 Y189.349 E.02708
G1 X67.752 Y188.902 F30000
G1 F6000
G1 X76.148 Y188.902 E.27015
G1 X76.148 Y189.334 E.01389
G1 X75.017 Y190.478 E.05177
G1 X74.728 Y190.598 E.01005
G1 X67.752 Y190.598 E.22447
G1 X67.752 Y188.942 E.05328
G1 E-.728 F1800
;WIPE_START
G1 F30000
G1 X68.952 Y188.936 E-.072
;WIPE_END
G1 X63.548 Y185.259 Z10.8
G1 Z10.4
G1 E.8 F1800
G1 F6000
G1 X63.548 Y187.598 E.07526
G1 X63.348 Y187.598 E.00644
G1 X63.348 Y188.898 E.04183
G1 X62.752 Y188.898 E.01917
G1 X62.752 Y128.102 E1.95621
G1 X63.548 Y128.102 E.02561
G1 X63.548 Y185.219 E1.83783
G1 E-.728 F1800
;WIPE_START
G1 F30000
G1 X63.548 Y186.419 E-.072
;WIPE_END
G1 X67.36 Y189.29 Z10.8
G1 Z10.4
G1 E.8 F1800
SET_VELOCITY_LIMIT ACCEL=5000
;TYPE:Outer wall
;WIDTH:0.42
G1 F3600
G1 X64.96 Y189.29 E.07153
G1 X64.96 Y188.51 E.02325
G1 X192.86 Y188.51 E3.81211
G1 X192.86 Y128.49 E1.78892
G1 X63.94 Y128.49 E3.84251
G1 X63.94 Y187.99 E1.77342
M73 P69 R23
G1 X63.74 Y187.99 E.00596
G1 X63.74 Y189.29 E.03875
G1 X62.36 Y189.29 E.04113
G1 X62.36 Y127.71 E1.83542
G1 X193.64 Y127.71 E3.91285
G1 X193.64 Y189.29 E1.83542
G1 X76.54 Y189.29 E3.49021
G1 X76.54 Y189.495 E.0061
G1 X75.24 Y190.809 E.0551
G1 X74.807 Y190.99 E.014
G1 X67.537 Y190.99 E.21668
G1 X67.36 Y190.813 E.00746
G1 X67.36 Y189.33 E.0442
G1 X67.556 Y188.9 F30000
SET_VELOCITY_LIMIT ACCEL=10000
;TYPE:Gap infill
;WIDTH:0.430842
G1 F15000
G1 X65.156 Y188.9 E.07359
G1 E-.728 F1800
;WIPE_START
G1 F30000
G1 X66.356 Y188.9 E-.072
;WIPE_END
G1 X63.05 Y188.694 Z10.8
G1 Z10.4
G1 E.8 F1800
;WIDTH:0.233529
G1 F15000
G1 X63.05 Y187.394 E.01959
G1 X63.074 Y187.347 E.00079
;WIDTH:0.302476
G1 X63.097 Y187.3 E.00108
;WIDTH:0.349668
G1 X63.121 Y187.253 E.00128
;WIDTH:0.39686
G1 X63.144 Y187.206 E.00148
;WIDTH:0.431684
G1 X63.15 Y128.306 E1.80993
G1 X63.744 Y128.1 F30000
;WIDTH:0.430842
G1 F15000
G1 X193.056 Y128.1 E3.96502
;WIDTH:0.469667
G1 X193.217 Y128.133 E.00554
G1 X193.233 Y128.214 E.00277
;WIDTH:0.447481
G1 X193.25 Y128.294 E.00262
;WIDTH:0.430842
G1 X193.25 Y188.706 E1.85238
;WIDTH:0.469667
G1 X193.217 Y188.867 E.00554
G1 X193.136 Y188.883 E.00277
;WIDTH:0.447481
G1 X193.056 Y188.9 E.00262
;WIDTH:0.430842
G1 X76.344 Y188.9 E3.57867
G1 E-.728 F1800
;WIPE_START
G1 F30000
G1 X77.544 Y188.9 E-.072
;WIPE_END
G1 X74.877 Y189.75 Z10.8
G1 Z10.4
G1 E.8 F1800
;WIDTH:0.517526
G1 F13963.988
G1 X68.363 Y189.75 E.24439
G1 E-.728 F1800
;WIPE_START
G1 F30000
G1 X69.563 Y189.75 E-.072
;WIPE_END
G1 X69.401 Y182.119 Z10.8
G1 X68.159 Y123.609 Z10.8
G1 Z10.4
G1 E.8 F1800
;TYPE:Inner wall
;WIDTH:0.45
G1 F6000
G1 X75.6 Y123.609 E.23941
G1 X74.785 Y124.433 E.0373
G1 X74.647 Y124.491 E.0048
G1 X68.159 Y124.491 E.20875
G1 X68.159 Y123.649 E.02708
G1 X67.752 Y123.202 F30000
G1 F6000
G1 X76.148 Y123.202 E.27015
G1 X76.148 Y123.634 E.01389
G1 X75.017 Y124.778 E.05177
G1 X74.728 Y124.898 E.01005
G1 X67.752 Y124.898 E.22447
G1 X67.752 Y123.242 E.05328
G1 E-.728 F1800
;WIPE_START
G1 F30000
G1 X68.952 Y123.236 E-.072
;WIPE_END
G1 X63.548 Y119.559 Z10.8
G1 Z10.4
G1 E.8 F1800
G1 F6000
G1 X63.548 Y121.898 E.07526
G1 X63.348 Y121.898 E.00644
G1 X63.348 Y123.198 E.04183
G1 X62.752 Y123.198 E.01917
G1 X62.752 Y62.402 E1.95621
G1 X63.548 Y62.402 E.02561
G1 X63.548 Y119.519 E1.83783
G1 E-.728 F1800
;WIPE_START
G1 F30000
G1 X63.548 Y120.719 E-.072
;WIPE_END
G1 X67.36 Y123.59 Z10.8
G1 Z10.4
G1 E.8 F1800
SET_VELOCITY_LIMIT ACCEL=5000
;TYPE:Outer wall
;WIDTH:0.42
G1 F3600
G1 X64.96 Y123.59 E.07153
G1 X64.96 Y122.81 E.02325
G1 X192.86 Y122.81 E3.81211
G1 X192.86 Y62.79 E1.78892
G1 X63.94 Y62.79 E3.84251
G1 X63.94 Y122.29 E1.77342
G1 X63.74 Y122.29 E.00596
G1 X63.74 Y123.59 E.03875
G1 X62.36 Y123.59 E.04113
G1 X62.36 Y62.01 E1.83542
G1 X193.64 Y62.01 E3.91285
G1 X193.64 Y123.59 E1.83542
G1 X76.54 Y123.59 E3.49021
G1 X76.54 Y123.795 E.0061
G1 X75.24 Y125.109 E.0551
G1 X74.807 Y125.29 E.014
G1 X67.537 Y125.29 E.21668
G1 X67.36 Y125.113 E.00746
G1 X67.36 Y123.63 E.0442
G1 X67.556 Y123.2 F30000
SET_VELOCITY_LIMIT ACCEL=10000
;TYPE:Gap infill
;WIDTH:0.430842
G1 F15000
G1 X65.156 Y123.2 E.07359
G1 E-.728 F1800
;WIPE_START
G1 F30000
G1 X66.356 Y123.2 E-.072
;WIPE_END
G1 X63.05 Y122.994 Z10.8
G1 Z10.4
G1 E.8 F1800
;WIDTH:0.233529
G1 F15000
G1 X63.05 Y121.694 E.01959
G1 X63.074 Y121.647 E.00079
;WIDTH:0.302476
G1 X63.097 Y121.6 E.00108
;WIDTH:0.349668
G1 X63.121 Y121.553 E.00128
;WIDTH:0.39686
G1 X63.144 Y121.506 E.00148
;WIDTH:0.431684
G1 X63.15 Y62.606 E1.80993
G1 X63.744 Y62.4 F30000
;WIDTH:0.430842
G1 F15000
G1 X193.056 Y62.4 E3.96502
;WIDTH:0.469667
G1 X193.217 Y62.433 E.00554
G1 X193.233 Y62.514 E.00277
;WIDTH:0.447481
G1 X193.25 Y62.594 E.00262
;WIDTH:0.430842
G1 X193.25 Y123.006 E1.85238
;WIDTH:0.469667
G1 X193.217 Y123.167 E.00554
G1 X193.136 Y123.183 E.00277
;WIDTH:0.447481
G1 X193.056 Y123.2 E.00262
;WIDTH:0.430842
G1 X76.344 Y123.2 E3.57867
G1 E-.728 F1800
;WIPE_START
G1 F30000
G1 X77.544 Y123.2 E-.072
;WIPE_END
G1 X74.877 Y124.05 Z10.8
G1 Z10.4
G1 E.8 F1800
;WIDTH:0.517526
G1 F13963.988
G1 X68.363 Y124.05 E.24439
;LAYER_CHANGE
;Z:10.6
;HEIGHT:0.200001
;BEFORE_LAYER_CHANGE
;10.6
G92 E0

G1 E-.728 F1800
;WIPE_START
G1 F30000
G1 X69.563 Y124.05 E-.072
;WIPE_END
M73 L53
;LAYER:53
SET_PRINT_STATS_INFO TOTAL_LAYER=93 CURRENT_LAYER=53
;_SET_FAN_SPEED_CHANGING_LAYER

G1 X69.0841 Y124.991 Z10.6571
G1 X68.0498 Y125.204 Z10.7143
G1 X67.2385 Y124.528 Z10.7714
G1 X67.2612 Y123.472 Z10.8286
G1 X68.1008 Y122.832 Z10.8857
G1 X69.1251 Y123.089 Z10.9429
G1 X69.5627 Y124.05 Z11
G1 X68.159 Y189.309 Z11
G1 Z10.6
G1 E.8 F1800
;TYPE:Inner wall
;WIDTH:0.45
G1 F6000
G1 X75.6 Y189.309 E.23941
G1 X74.785 Y190.133 E.0373
G1 X74.647 Y190.191 E.0048
G1 X68.159 Y190.191 E.20875
G1 X68.159 Y189.349 E.02708
G1 X67.752 Y188.902 F30000
G1 F6000
G1 X76.148 Y188.902 E.27015
G1 X76.148 Y189.334 E.01389
G1 X75.017 Y190.478 E.05177
G1 X74.728 Y190.598 E.01005
G1 X67.752 Y190.598 E.22447
G1 X67.752 Y188.942 E.05328
G1 E-.728 F1800
;WIPE_START
G1 F30000
G1 X68.952 Y188.936 E-.072
;WIPE_END
G1 X63.548 Y185.259 Z11
G1 Z10.6
G1 E.8 F1800
G1 F6000
G1 X63.548 Y187.598 E.07526
G1 X63.348 Y187.598 E.00644
G1 X63.348 Y188.898 E.04183
G1 X62.752 Y188.898 E.01917
G1 X62.752 Y128.102 E1.95621
G1 X63.548 Y128.102 E.02561
G1 X63.548 Y185.219 E1.83783
G1 E-.728 F1800
;WIPE_START
G1 F30000
G1 X63.548 Y186.419 E-.072
;WIPE_END
G1 X67.36 Y189.29 Z11
G1 Z10.6
G1 E.8 F1800
SET_VELOCITY_LIMIT ACCEL=5000
;TYPE:Outer wall
;WIDTH:0.42
G1 F3600
G1 X64.96 Y189.29 E.07153
G1 X64.96 Y188.51 E.02325
G1 X192.86 Y188.51 E3.81211
G1 X192.86 Y128.49 E1.78892
G1 X63.94 Y128.49 E3.84251
G1 X63.94 Y187.99 E1.77342
G1 X63.74 Y187.99 E.00596
G1 X63.74 Y189.29 E.03875
G1 X62.36 Y189.29 E.04113
G1 X62.36 Y127.71 E1.83542
G1 X193.64 Y127.71 E3.91285
G1 X193.64 Y189.29 E1.83542
G1 X76.54 Y189.29 E3.49021
G1 X76.54 Y189.495 E.0061
G1 X75.24 Y190.809 E.0551
G1 X74.807 Y190.99 E.014
G1 X67.537 Y190.99 E.21668
G1 X67.36 Y190.813 E.00746
G1 X67.36 Y189.33 E.0442
G1 X67.556 Y188.9 F30000
SET_VELOCITY_LIMIT ACCEL=10000
;TYPE:Gap infill
;WIDTH:0.430842
G1 F15000
G1 X65.156 Y188.9 E.07359
G1 E-.728 F1800
;WIPE_START
G1 F30000
G1 X66.356 Y188.9 E-.072
;WIPE_END
G1 X63.05 Y188.694 Z11
G1 Z10.6
G1 E.8 F1800
;WIDTH:0.233529
G1 F15000
G1 X63.05 Y187.394 E.01959
G1 X63.074 Y187.347 E.00079
;WIDTH:0.302476
G1 X63.097 Y187.3 E.00108
;WIDTH:0.349668
G1 X63.121 Y187.253 E.00128
;WIDTH:0.39686
G1 X63.144 Y187.206 E.00148
;WIDTH:0.431684
G1 X63.15 Y128.306 E1.80993
G1 X63.744 Y128.1 F30000
;WIDTH:0.430842
G1 F15000
G1 X193.056 Y128.1 E3.96502
;WIDTH:0.469667
G1 X193.217 Y128.133 E.00554
G1 X193.233 Y128.214 E.00277
;WIDTH:0.447481
G1 X193.25 Y128.294 E.00262
;WIDTH:0.430842
G1 X193.25 Y188.706 E1.85238
;WIDTH:0.469667
G1 X193.217 Y188.867 E.00554
G1 X193.136 Y188.883 E.00277
;WIDTH:0.447481
G1 X193.056 Y188.9 E.00262
;WIDTH:0.430842
G1 X76.344 Y188.9 E3.57867
G1 E-.728 F1800
;WIPE_START
G1 F30000
G1 X77.544 Y188.9 E-.072
;WIPE_END
G1 X74.877 Y189.75 Z11
G1 Z10.6
G1 E.8 F1800
;WIDTH:0.517526
G1 F13963.988
G1 X68.363 Y189.75 E.24439
G1 E-.728 F1800
;WIPE_START
G1 F30000
G1 X69.563 Y189.75 E-.072
;WIPE_END
G1 X69.401 Y182.119 Z11
G1 X68.159 Y123.609 Z11
G1 Z10.6
G1 E.8 F1800
;TYPE:Inner wall
;WIDTH:0.45
G1 F6000
G1 X75.6 Y123.609 E.23941
G1 X74.785 Y124.433 E.0373
G1 X74.647 Y124.491 E.0048
G1 X68.159 Y124.491 E.20875
G1 X68.159 Y123.649 E.02708
G1 X67.752 Y123.202 F30000
G1 F6000
G1 X76.148 Y123.202 E.27015
G1 X76.148 Y123.634 E.01389
G1 X75.017 Y124.778 E.05177
G1 X74.728 Y124.898 E.01005
G1 X67.752 Y124.898 E.22447
G1 X67.752 Y123.242 E.05328
G1 E-.728 F1800
;WIPE_START
G1 F30000
G1 X68.952 Y123.236 E-.072
;WIPE_END
G1 X63.548 Y119.559 Z11
G1 Z10.6
G1 E.8 F1800
G1 F6000
G1 X63.548 Y121.898 E.07526
G1 X63.348 Y121.898 E.00644
G1 X63.348 Y123.198 E.04183
G1 X62.752 Y123.198 E.01917
G1 X62.752 Y62.402 E1.95621
G1 X63.548 Y62.402 E.02561
M73 P70 R23
G1 X63.548 Y119.519 E1.83783
G1 E-.728 F1800
;WIPE_START
G1 F30000
G1 X63.548 Y120.719 E-.072
;WIPE_END
G1 X67.36 Y123.59 Z11
G1 Z10.6
G1 E.8 F1800
SET_VELOCITY_LIMIT ACCEL=5000
;TYPE:Outer wall
;WIDTH:0.42
G1 F3600
G1 X64.96 Y123.59 E.07153
G1 X64.96 Y122.81 E.02325
G1 X192.86 Y122.81 E3.81211
G1 X192.86 Y62.79 E1.78892
G1 X63.94 Y62.79 E3.84251
G1 X63.94 Y122.29 E1.77342
M73 P70 R22
G1 X63.74 Y122.29 E.00596
G1 X63.74 Y123.59 E.03875
G1 X62.36 Y123.59 E.04113
G1 X62.36 Y62.01 E1.83542
G1 X193.64 Y62.01 E3.91285
G1 X193.64 Y123.59 E1.83542
G1 X76.54 Y123.59 E3.49021
G1 X76.54 Y123.795 E.0061
G1 X75.24 Y125.109 E.0551
G1 X74.807 Y125.29 E.014
G1 X67.537 Y125.29 E.21668
G1 X67.36 Y125.113 E.00746
G1 X67.36 Y123.63 E.0442
G1 X67.556 Y123.2 F30000
SET_VELOCITY_LIMIT ACCEL=10000
;TYPE:Gap infill
;WIDTH:0.430842
G1 F15000
G1 X65.156 Y123.2 E.07359
G1 E-.728 F1800
;WIPE_START
G1 F30000
G1 X66.356 Y123.2 E-.072
;WIPE_END
G1 X63.05 Y122.994 Z11
G1 Z10.6
G1 E.8 F1800
;WIDTH:0.233529
G1 F15000
G1 X63.05 Y121.694 E.01959
G1 X63.074 Y121.647 E.00079
;WIDTH:0.302476
G1 X63.097 Y121.6 E.00108
;WIDTH:0.349668
G1 X63.121 Y121.553 E.00128
;WIDTH:0.39686
G1 X63.144 Y121.506 E.00148
;WIDTH:0.431684
G1 X63.15 Y62.606 E1.80993
G1 X63.744 Y62.4 F30000
;WIDTH:0.430842
G1 F15000
G1 X193.056 Y62.4 E3.96502
;WIDTH:0.469667
G1 X193.217 Y62.433 E.00554
G1 X193.233 Y62.514 E.00277
;WIDTH:0.447481
G1 X193.25 Y62.594 E.00262
;WIDTH:0.430842
G1 X193.25 Y123.006 E1.85238
;WIDTH:0.469667
G1 X193.217 Y123.167 E.00554
G1 X193.136 Y123.183 E.00277
;WIDTH:0.447481
G1 X193.056 Y123.2 E.00262
;WIDTH:0.430842
G1 X76.344 Y123.2 E3.57867
G1 E-.728 F1800
;WIPE_START
G1 F30000
G1 X77.544 Y123.2 E-.072
;WIPE_END
G1 X74.877 Y124.05 Z11
G1 Z10.6
G1 E.8 F1800
;WIDTH:0.517526
G1 F13963.988
G1 X68.363 Y124.05 E.24439
;LAYER_CHANGE
;Z:10.8
;HEIGHT:0.2
;BEFORE_LAYER_CHANGE
;10.8
G92 E0

G1 E-.728 F1800
;WIPE_START
G1 F30000
G1 X69.563 Y124.05 E-.072
;WIPE_END
M73 L54
;LAYER:54
SET_PRINT_STATS_INFO TOTAL_LAYER=93 CURRENT_LAYER=54
;_SET_FAN_SPEED_CHANGING_LAYER

G1 X69.0841 Y124.991 Z10.8571
G1 X68.0498 Y125.204 Z10.9143
G1 X67.2385 Y124.528 Z10.9714
G1 X67.2612 Y123.472 Z11.0286
G1 X68.1008 Y122.832 Z11.0857
G1 X69.1251 Y123.089 Z11.1429
G1 X69.5627 Y124.05 Z11.2
G1 X68.159 Y189.309 Z11.2
G1 Z10.8
G1 E.8 F1800
;TYPE:Inner wall
;WIDTH:0.45
G1 F6000
G1 X75.6 Y189.309 E.23941
G1 X74.785 Y190.133 E.0373
G1 X74.647 Y190.191 E.0048
G1 X68.159 Y190.191 E.20875
G1 X68.159 Y189.349 E.02708
G1 X67.752 Y188.902 F30000
G1 F6000
G1 X76.148 Y188.902 E.27015
G1 X76.148 Y189.334 E.01389
G1 X75.017 Y190.478 E.05177
G1 X74.728 Y190.598 E.01005
G1 X67.752 Y190.598 E.22447
G1 X67.752 Y188.942 E.05328
G1 E-.728 F1800
;WIPE_START
G1 F30000
G1 X68.952 Y188.936 E-.072
;WIPE_END
G1 X63.548 Y185.259 Z11.2
G1 Z10.8
G1 E.8 F1800
G1 F6000
G1 X63.548 Y187.598 E.07526
G1 X63.348 Y187.598 E.00644
G1 X63.348 Y188.898 E.04183
G1 X62.752 Y188.898 E.01917
G1 X62.752 Y128.102 E1.95621
G1 X63.548 Y128.102 E.02561
G1 X63.548 Y185.219 E1.83783
G1 E-.728 F1800
;WIPE_START
G1 F30000
G1 X63.548 Y186.419 E-.072
;WIPE_END
G1 X67.36 Y189.29 Z11.2
G1 Z10.8
G1 E.8 F1800
SET_VELOCITY_LIMIT ACCEL=5000
;TYPE:Outer wall
;WIDTH:0.42
G1 F3600
G1 X64.96 Y189.29 E.07153
G1 X64.96 Y188.51 E.02325
G1 X192.86 Y188.51 E3.81211
G1 X192.86 Y128.49 E1.78892
G1 X63.94 Y128.49 E3.84251
G1 X63.94 Y187.99 E1.77342
G1 X63.74 Y187.99 E.00596
G1 X63.74 Y189.29 E.03875
G1 X62.36 Y189.29 E.04113
G1 X62.36 Y127.71 E1.83542
G1 X193.64 Y127.71 E3.91285
G1 X193.64 Y189.29 E1.83542
G1 X76.54 Y189.29 E3.49021
G1 X76.54 Y189.495 E.0061
G1 X75.24 Y190.809 E.0551
G1 X74.807 Y190.99 E.014
G1 X67.537 Y190.99 E.21668
G1 X67.36 Y190.813 E.00746
G1 X67.36 Y189.33 E.0442
G1 X67.556 Y188.9 F30000
SET_VELOCITY_LIMIT ACCEL=10000
;TYPE:Gap infill
;WIDTH:0.430842
G1 F15000
G1 X65.156 Y188.9 E.07359
G1 E-.728 F1800
;WIPE_START
G1 F30000
G1 X66.356 Y188.9 E-.072
;WIPE_END
G1 X63.05 Y188.694 Z11.2
G1 Z10.8
G1 E.8 F1800
;WIDTH:0.233529
G1 F15000
G1 X63.05 Y187.394 E.01959
G1 X63.074 Y187.347 E.00079
;WIDTH:0.302476
G1 X63.097 Y187.3 E.00108
;WIDTH:0.349668
G1 X63.121 Y187.253 E.00128
;WIDTH:0.39686
G1 X63.144 Y187.206 E.00148
;WIDTH:0.431684
G1 X63.15 Y128.306 E1.80993
G1 X63.744 Y128.1 F30000
;WIDTH:0.430842
G1 F15000
G1 X193.056 Y128.1 E3.96502
;WIDTH:0.469667
G1 X193.217 Y128.133 E.00554
G1 X193.233 Y128.214 E.00277
;WIDTH:0.447481
G1 X193.25 Y128.294 E.00262
;WIDTH:0.430842
G1 X193.25 Y188.706 E1.85238
;WIDTH:0.469667
G1 X193.217 Y188.867 E.00554
G1 X193.136 Y188.883 E.00277
;WIDTH:0.447481
G1 X193.056 Y188.9 E.00262
;WIDTH:0.430842
G1 X76.344 Y188.9 E3.57867
G1 E-.728 F1800
;WIPE_START
G1 F30000
G1 X77.544 Y188.9 E-.072
;WIPE_END
G1 X74.877 Y189.75 Z11.2
G1 Z10.8
G1 E.8 F1800
;WIDTH:0.517526
G1 F13963.988
G1 X68.363 Y189.75 E.24439
G1 E-.728 F1800
;WIPE_START
G1 F30000
G1 X69.563 Y189.75 E-.072
;WIPE_END
G1 X69.401 Y182.119 Z11.2
G1 X68.159 Y123.609 Z11.2
G1 Z10.8
G1 E.8 F1800
;TYPE:Inner wall
;WIDTH:0.45
G1 F6000
G1 X75.6 Y123.609 E.23941
G1 X74.785 Y124.433 E.0373
G1 X74.647 Y124.491 E.0048
G1 X68.159 Y124.491 E.20875
G1 X68.159 Y123.649 E.02708
G1 X67.752 Y123.202 F30000
G1 F6000
G1 X76.148 Y123.202 E.27015
G1 X76.148 Y123.634 E.01389
G1 X75.017 Y124.778 E.05177
G1 X74.728 Y124.898 E.01005
G1 X67.752 Y124.898 E.22447
G1 X67.752 Y123.242 E.05328
G1 E-.728 F1800
;WIPE_START
G1 F30000
G1 X68.952 Y123.236 E-.072
;WIPE_END
G1 X63.548 Y119.559 Z11.2
G1 Z10.8
G1 E.8 F1800
G1 F6000
G1 X63.548 Y121.898 E.07526
G1 X63.348 Y121.898 E.00644
G1 X63.348 Y123.198 E.04183
G1 X62.752 Y123.198 E.01917
G1 X62.752 Y62.402 E1.95621
G1 X63.548 Y62.402 E.02561
G1 X63.548 Y119.519 E1.83783
G1 E-.728 F1800
;WIPE_START
G1 F30000
G1 X63.548 Y120.719 E-.072
;WIPE_END
G1 X67.36 Y123.59 Z11.2
G1 Z10.8
G1 E.8 F1800
SET_VELOCITY_LIMIT ACCEL=5000
;TYPE:Outer wall
;WIDTH:0.42
G1 F3600
G1 X64.96 Y123.59 E.07153
G1 X64.96 Y122.81 E.02325
G1 X192.86 Y122.81 E3.81211
G1 X192.86 Y62.79 E1.78892
G1 X63.94 Y62.79 E3.84251
G1 X63.94 Y122.29 E1.77342
G1 X63.74 Y122.29 E.00596
G1 X63.74 Y123.59 E.03875
G1 X62.36 Y123.59 E.04113
G1 X62.36 Y62.01 E1.83542
G1 X193.64 Y62.01 E3.91285
G1 X193.64 Y123.59 E1.83542
G1 X76.54 Y123.59 E3.49021
M73 P71 R22
G1 X76.54 Y123.795 E.0061
G1 X75.24 Y125.109 E.0551
G1 X74.807 Y125.29 E.014
G1 X67.537 Y125.29 E.21668
G1 X67.36 Y125.113 E.00746
G1 X67.36 Y123.63 E.0442
G1 X67.556 Y123.2 F30000
SET_VELOCITY_LIMIT ACCEL=10000
;TYPE:Gap infill
;WIDTH:0.430842
G1 F15000
G1 X65.156 Y123.2 E.07359
G1 E-.728 F1800
;WIPE_START
G1 F30000
G1 X66.356 Y123.2 E-.072
;WIPE_END
G1 X63.05 Y122.994 Z11.2
G1 Z10.8
G1 E.8 F1800
;WIDTH:0.233529
G1 F15000
G1 X63.05 Y121.694 E.01959
G1 X63.074 Y121.647 E.00079
;WIDTH:0.302476
G1 X63.097 Y121.6 E.00108
;WIDTH:0.349668
G1 X63.121 Y121.553 E.00128
;WIDTH:0.39686
G1 X63.144 Y121.506 E.00148
;WIDTH:0.431684
G1 X63.15 Y62.606 E1.80993
G1 X63.744 Y62.4 F30000
;WIDTH:0.430842
G1 F15000
G1 X193.056 Y62.4 E3.96502
;WIDTH:0.469667
G1 X193.217 Y62.433 E.00554
G1 X193.233 Y62.514 E.00277
;WIDTH:0.447481
G1 X193.25 Y62.594 E.00262
;WIDTH:0.430842
G1 X193.25 Y123.006 E1.85238
;WIDTH:0.469667
G1 X193.217 Y123.167 E.00554
G1 X193.136 Y123.183 E.00277
;WIDTH:0.447481
G1 X193.056 Y123.2 E.00262
;WIDTH:0.430842
G1 X76.344 Y123.2 E3.57867
G1 E-.728 F1800
;WIPE_START
G1 F30000
G1 X77.544 Y123.2 E-.072
;WIPE_END
G1 X74.877 Y124.05 Z11.2
G1 Z10.8
G1 E.8 F1800
;WIDTH:0.517526
G1 F13963.988
G1 X68.363 Y124.05 E.24439
;LAYER_CHANGE
;Z:11
;HEIGHT:0.2
;BEFORE_LAYER_CHANGE
;11
G92 E0

G1 E-.728 F1800
;WIPE_START
G1 F30000
G1 X69.563 Y124.05 E-.072
;WIPE_END
M73 L55
;LAYER:55
SET_PRINT_STATS_INFO TOTAL_LAYER=93 CURRENT_LAYER=55
;_SET_FAN_SPEED_CHANGING_LAYER

G1 X69.0841 Y124.991 Z11.0571
G1 X68.0498 Y125.204 Z11.1143
G1 X67.2385 Y124.528 Z11.1714
G1 X67.2612 Y123.472 Z11.2286
G1 X68.1008 Y122.832 Z11.2857
G1 X69.1251 Y123.089 Z11.3429
G1 X69.5627 Y124.05 Z11.4
G1 X68.159 Y189.309 Z11.4
G1 Z11
G1 E.8 F1800
;TYPE:Inner wall
;WIDTH:0.45
G1 F6000
G1 X75.6 Y189.309 E.23941
G1 X74.785 Y190.133 E.0373
G1 X74.647 Y190.191 E.0048
G1 X68.159 Y190.191 E.20875
G1 X68.159 Y189.349 E.02708
G1 X67.752 Y188.902 F30000
G1 F6000
G1 X76.148 Y188.902 E.27015
G1 X76.148 Y189.334 E.01389
G1 X75.017 Y190.478 E.05177
G1 X74.728 Y190.598 E.01005
G1 X67.752 Y190.598 E.22447
G1 X67.752 Y188.942 E.05328
G1 E-.728 F1800
;WIPE_START
G1 F30000
G1 X68.952 Y188.936 E-.072
;WIPE_END
G1 X63.548 Y185.259 Z11.4
G1 Z11
G1 E.8 F1800
G1 F6000
G1 X63.548 Y187.598 E.07526
G1 X63.348 Y187.598 E.00644
G1 X63.348 Y188.898 E.04183
G1 X62.752 Y188.898 E.01917
G1 X62.752 Y128.102 E1.95621
G1 X63.548 Y128.102 E.02561
G1 X63.548 Y185.219 E1.83783
G1 E-.728 F1800
;WIPE_START
G1 F30000
G1 X63.548 Y186.419 E-.072
;WIPE_END
G1 X67.36 Y189.29 Z11.4
G1 Z11
G1 E.8 F1800
SET_VELOCITY_LIMIT ACCEL=5000
;TYPE:Outer wall
;WIDTH:0.42
G1 F3600
G1 X64.96 Y189.29 E.07153
G1 X64.96 Y188.51 E.02325
G1 X192.86 Y188.51 E3.81211
G1 X192.86 Y128.49 E1.78892
G1 X63.94 Y128.49 E3.84251
G1 X63.94 Y187.99 E1.77342
G1 X63.74 Y187.99 E.00596
G1 X63.74 Y189.29 E.03875
G1 X62.36 Y189.29 E.04113
G1 X62.36 Y127.71 E1.83542
G1 X193.64 Y127.71 E3.91285
G1 X193.64 Y189.29 E1.83542
G1 X76.54 Y189.29 E3.49021
G1 X76.54 Y189.495 E.0061
M73 P71 R21
G1 X75.24 Y190.809 E.0551
G1 X74.807 Y190.99 E.014
G1 X67.537 Y190.99 E.21668
G1 X67.36 Y190.813 E.00746
G1 X67.36 Y189.33 E.0442
G1 X67.556 Y188.9 F30000
SET_VELOCITY_LIMIT ACCEL=10000
;TYPE:Gap infill
;WIDTH:0.430842
G1 F15000
G1 X65.156 Y188.9 E.07359
G1 E-.728 F1800
;WIPE_START
G1 F30000
G1 X66.356 Y188.9 E-.072
;WIPE_END
G1 X63.05 Y188.694 Z11.4
G1 Z11
G1 E.8 F1800
;WIDTH:0.233529
G1 F15000
G1 X63.05 Y187.394 E.01959
G1 X63.074 Y187.347 E.00079
;WIDTH:0.302476
G1 X63.097 Y187.3 E.00108
;WIDTH:0.349668
G1 X63.121 Y187.253 E.00128
;WIDTH:0.39686
G1 X63.144 Y187.206 E.00148
;WIDTH:0.431684
G1 X63.15 Y128.306 E1.80993
G1 X63.744 Y128.1 F30000
;WIDTH:0.430842
G1 F15000
G1 X193.056 Y128.1 E3.96502
;WIDTH:0.469667
G1 X193.217 Y128.133 E.00554
G1 X193.233 Y128.214 E.00277
;WIDTH:0.447481
G1 X193.25 Y128.294 E.00262
;WIDTH:0.430842
G1 X193.25 Y188.706 E1.85238
;WIDTH:0.469667
G1 X193.217 Y188.867 E.00554
G1 X193.136 Y188.883 E.00277
;WIDTH:0.447481
G1 X193.056 Y188.9 E.00262
;WIDTH:0.430842
G1 X76.344 Y188.9 E3.57867
G1 E-.728 F1800
;WIPE_START
G1 F30000
G1 X77.544 Y188.9 E-.072
;WIPE_END
G1 X74.877 Y189.75 Z11.4
G1 Z11
G1 E.8 F1800
;WIDTH:0.517526
G1 F13963.988
G1 X68.363 Y189.75 E.24439
G1 E-.728 F1800
;WIPE_START
G1 F30000
G1 X69.563 Y189.75 E-.072
;WIPE_END
G1 X69.401 Y182.119 Z11.4
G1 X68.159 Y123.609 Z11.4
G1 Z11
G1 E.8 F1800
;TYPE:Inner wall
;WIDTH:0.45
G1 F6000
G1 X75.6 Y123.609 E.23941
G1 X74.785 Y124.433 E.0373
G1 X74.647 Y124.491 E.0048
G1 X68.159 Y124.491 E.20875
G1 X68.159 Y123.649 E.02708
G1 X67.752 Y123.202 F30000
G1 F6000
G1 X76.148 Y123.202 E.27015
G1 X76.148 Y123.634 E.01389
G1 X75.017 Y124.778 E.05177
G1 X74.728 Y124.898 E.01005
G1 X67.752 Y124.898 E.22447
G1 X67.752 Y123.242 E.05328
G1 E-.728 F1800
;WIPE_START
G1 F30000
G1 X68.952 Y123.236 E-.072
;WIPE_END
G1 X63.548 Y119.559 Z11.4
G1 Z11
G1 E.8 F1800
G1 F6000
G1 X63.548 Y121.898 E.07526
G1 X63.348 Y121.898 E.00644
G1 X63.348 Y123.198 E.04183
G1 X62.752 Y123.198 E.01917
G1 X62.752 Y62.402 E1.95621
G1 X63.548 Y62.402 E.02561
G1 X63.548 Y119.519 E1.83783
G1 E-.728 F1800
;WIPE_START
G1 F30000
G1 X63.548 Y120.719 E-.072
;WIPE_END
G1 X67.36 Y123.59 Z11.4
G1 Z11
G1 E.8 F1800
SET_VELOCITY_LIMIT ACCEL=5000
;TYPE:Outer wall
;WIDTH:0.42
G1 F3600
G1 X64.96 Y123.59 E.07153
G1 X64.96 Y122.81 E.02325
G1 X192.86 Y122.81 E3.81211
G1 X192.86 Y62.79 E1.78892
G1 X63.94 Y62.79 E3.84251
G1 X63.94 Y122.29 E1.77342
G1 X63.74 Y122.29 E.00596
G1 X63.74 Y123.59 E.03875
G1 X62.36 Y123.59 E.04113
G1 X62.36 Y62.01 E1.83542
G1 X193.64 Y62.01 E3.91285
G1 X193.64 Y123.59 E1.83542
G1 X76.54 Y123.59 E3.49021
G1 X76.54 Y123.795 E.0061
G1 X75.24 Y125.109 E.0551
G1 X74.807 Y125.29 E.014
G1 X67.537 Y125.29 E.21668
G1 X67.36 Y125.113 E.00746
G1 X67.36 Y123.63 E.0442
G1 X67.556 Y123.2 F30000
SET_VELOCITY_LIMIT ACCEL=10000
;TYPE:Gap infill
;WIDTH:0.430842
G1 F15000
G1 X65.156 Y123.2 E.07359
G1 E-.728 F1800
;WIPE_START
G1 F30000
G1 X66.356 Y123.2 E-.072
;WIPE_END
G1 X63.05 Y122.994 Z11.4
G1 Z11
G1 E.8 F1800
;WIDTH:0.233529
G1 F15000
G1 X63.05 Y121.694 E.01959
G1 X63.074 Y121.647 E.00079
;WIDTH:0.302476
G1 X63.097 Y121.6 E.00108
;WIDTH:0.349668
G1 X63.121 Y121.553 E.00128
;WIDTH:0.39686
G1 X63.144 Y121.506 E.00148
;WIDTH:0.431684
G1 X63.15 Y62.606 E1.80993
G1 X63.744 Y62.4 F30000
;WIDTH:0.430842
G1 F15000
G1 X193.056 Y62.4 E3.96502
;WIDTH:0.469667
G1 X193.217 Y62.433 E.00554
G1 X193.233 Y62.514 E.00277
;WIDTH:0.447481
G1 X193.25 Y62.594 E.00262
;WIDTH:0.430842
G1 X193.25 Y123.006 E1.85238
;WIDTH:0.469667
G1 X193.217 Y123.167 E.00554
G1 X193.136 Y123.183 E.00277
;WIDTH:0.447481
G1 X193.056 Y123.2 E.00262
;WIDTH:0.430842
G1 X76.344 Y123.2 E3.57867
G1 E-.728 F1800
;WIPE_START
G1 F30000
G1 X77.544 Y123.2 E-.072
;WIPE_END
G1 X74.877 Y124.05 Z11.4
G1 Z11
G1 E.8 F1800
;WIDTH:0.517526
G1 F13963.988
G1 X68.363 Y124.05 E.24439
;LAYER_CHANGE
;Z:11.2
;HEIGHT:0.2
;BEFORE_LAYER_CHANGE
;11.2
G92 E0

G1 E-.728 F1800
;WIPE_START
G1 F30000
G1 X69.563 Y124.05 E-.072
;WIPE_END
M73 L56
;LAYER:56
SET_PRINT_STATS_INFO TOTAL_LAYER=93 CURRENT_LAYER=56
;_SET_FAN_SPEED_CHANGING_LAYER

G1 X69.0841 Y124.991 Z11.2571
G1 X68.0498 Y125.204 Z11.3143
G1 X67.2385 Y124.528 Z11.3714
G1 X67.2612 Y123.472 Z11.4286
G1 X68.1008 Y122.832 Z11.4857
G1 X69.1251 Y123.089 Z11.5429
G1 X69.5627 Y124.05 Z11.6
G1 X68.159 Y189.309 Z11.6
G1 Z11.2
G1 E.8 F1800
;TYPE:Inner wall
;WIDTH:0.45
G1 F6000
G1 X75.6 Y189.309 E.23941
G1 X74.785 Y190.133 E.0373
G1 X74.647 Y190.191 E.0048
G1 X68.159 Y190.191 E.20875
G1 X68.159 Y189.349 E.02708
G1 X67.752 Y188.902 F30000
G1 F6000
G1 X76.148 Y188.902 E.27015
G1 X76.148 Y189.334 E.01389
G1 X75.017 Y190.478 E.05177
G1 X74.728 Y190.598 E.01005
G1 X67.752 Y190.598 E.22447
G1 X67.752 Y188.942 E.05328
G1 E-.728 F1800
;WIPE_START
G1 F30000
G1 X68.952 Y188.936 E-.072
;WIPE_END
G1 X63.548 Y185.259 Z11.6
G1 Z11.2
G1 E.8 F1800
G1 F6000
G1 X63.548 Y187.598 E.07526
G1 X63.348 Y187.598 E.00644
G1 X63.348 Y188.898 E.04183
G1 X62.752 Y188.898 E.01917
G1 X62.752 Y128.102 E1.95621
G1 X63.548 Y128.102 E.02561
G1 X63.548 Y185.219 E1.83783
G1 E-.728 F1800
;WIPE_START
G1 F30000
G1 X63.548 Y186.419 E-.072
;WIPE_END
G1 X67.36 Y189.29 Z11.6
G1 Z11.2
G1 E.8 F1800
SET_VELOCITY_LIMIT ACCEL=5000
;TYPE:Outer wall
;WIDTH:0.42
G1 F3600
G1 X64.96 Y189.29 E.07153
G1 X64.96 Y188.51 E.02325
G1 X192.86 Y188.51 E3.81211
G1 X192.86 Y128.49 E1.78892
G1 X63.94 Y128.49 E3.84251
G1 X63.94 Y187.99 E1.77342
M73 P72 R21
G1 X63.74 Y187.99 E.00596
G1 X63.74 Y189.29 E.03875
G1 X62.36 Y189.29 E.04113
G1 X62.36 Y127.71 E1.83542
G1 X193.64 Y127.71 E3.91285
G1 X193.64 Y189.29 E1.83542
G1 X76.54 Y189.29 E3.49021
G1 X76.54 Y189.495 E.0061
G1 X75.24 Y190.809 E.0551
G1 X74.807 Y190.99 E.014
G1 X67.537 Y190.99 E.21668
G1 X67.36 Y190.813 E.00746
G1 X67.36 Y189.33 E.0442
G1 X67.556 Y188.9 F30000
SET_VELOCITY_LIMIT ACCEL=10000
;TYPE:Gap infill
;WIDTH:0.430842
G1 F15000
G1 X65.156 Y188.9 E.07359
G1 E-.728 F1800
;WIPE_START
G1 F30000
G1 X66.356 Y188.9 E-.072
;WIPE_END
G1 X63.05 Y188.694 Z11.6
G1 Z11.2
G1 E.8 F1800
;WIDTH:0.233529
G1 F15000
G1 X63.05 Y187.394 E.01959
G1 X63.074 Y187.347 E.00079
;WIDTH:0.302476
G1 X63.097 Y187.3 E.00108
;WIDTH:0.349668
G1 X63.121 Y187.253 E.00128
;WIDTH:0.39686
G1 X63.144 Y187.206 E.00148
;WIDTH:0.431684
G1 X63.15 Y128.306 E1.80993
G1 X63.744 Y128.1 F30000
;WIDTH:0.430842
G1 F15000
G1 X193.056 Y128.1 E3.96502
;WIDTH:0.469667
G1 X193.217 Y128.133 E.00554
G1 X193.233 Y128.214 E.00277
;WIDTH:0.447481
G1 X193.25 Y128.294 E.00262
;WIDTH:0.430842
G1 X193.25 Y188.706 E1.85238
;WIDTH:0.469667
G1 X193.217 Y188.867 E.00554
G1 X193.136 Y188.883 E.00277
;WIDTH:0.447481
G1 X193.056 Y188.9 E.00262
;WIDTH:0.430842
G1 X76.344 Y188.9 E3.57867
G1 E-.728 F1800
;WIPE_START
G1 F30000
G1 X77.544 Y188.9 E-.072
;WIPE_END
G1 X74.877 Y189.75 Z11.6
G1 Z11.2
G1 E.8 F1800
;WIDTH:0.517526
G1 F13963.988
G1 X68.363 Y189.75 E.24439
G1 E-.728 F1800
;WIPE_START
G1 F30000
G1 X69.563 Y189.75 E-.072
;WIPE_END
G1 X69.401 Y182.119 Z11.6
G1 X68.159 Y123.609 Z11.6
G1 Z11.2
G1 E.8 F1800
;TYPE:Inner wall
;WIDTH:0.45
G1 F6000
G1 X75.6 Y123.609 E.23941
G1 X74.785 Y124.433 E.0373
G1 X74.647 Y124.491 E.0048
G1 X68.159 Y124.491 E.20875
G1 X68.159 Y123.649 E.02708
G1 X67.752 Y123.202 F30000
G1 F6000
G1 X76.148 Y123.202 E.27015
G1 X76.148 Y123.634 E.01389
G1 X75.017 Y124.778 E.05177
G1 X74.728 Y124.898 E.01005
G1 X67.752 Y124.898 E.22447
G1 X67.752 Y123.242 E.05328
G1 E-.728 F1800
;WIPE_START
G1 F30000
G1 X68.952 Y123.236 E-.072
;WIPE_END
G1 X63.548 Y119.559 Z11.6
G1 Z11.2
G1 E.8 F1800
G1 F6000
G1 X63.548 Y121.898 E.07526
G1 X63.348 Y121.898 E.00644
G1 X63.348 Y123.198 E.04183
G1 X62.752 Y123.198 E.01917
G1 X62.752 Y62.402 E1.95621
G1 X63.548 Y62.402 E.02561
G1 X63.548 Y119.519 E1.83783
G1 E-.728 F1800
;WIPE_START
G1 F30000
G1 X63.548 Y120.719 E-.072
;WIPE_END
G1 X67.36 Y123.59 Z11.6
G1 Z11.2
G1 E.8 F1800
SET_VELOCITY_LIMIT ACCEL=5000
;TYPE:Outer wall
;WIDTH:0.42
G1 F3600
G1 X64.96 Y123.59 E.07153
G1 X64.96 Y122.81 E.02325
G1 X192.86 Y122.81 E3.81211
G1 X192.86 Y62.79 E1.78892
G1 X63.94 Y62.79 E3.84251
G1 X63.94 Y122.29 E1.77342
G1 X63.74 Y122.29 E.00596
G1 X63.74 Y123.59 E.03875
G1 X62.36 Y123.59 E.04113
G1 X62.36 Y62.01 E1.83542
G1 X193.64 Y62.01 E3.91285
G1 X193.64 Y123.59 E1.83542
G1 X76.54 Y123.59 E3.49021
G1 X76.54 Y123.795 E.0061
G1 X75.24 Y125.109 E.0551
G1 X74.807 Y125.29 E.014
G1 X67.537 Y125.29 E.21668
G1 X67.36 Y125.113 E.00746
G1 X67.36 Y123.63 E.0442
G1 X67.556 Y123.2 F30000
SET_VELOCITY_LIMIT ACCEL=10000
;TYPE:Gap infill
;WIDTH:0.430842
G1 F15000
G1 X65.156 Y123.2 E.07359
G1 E-.728 F1800
;WIPE_START
G1 F30000
G1 X66.356 Y123.2 E-.072
;WIPE_END
G1 X63.05 Y122.994 Z11.6
G1 Z11.2
G1 E.8 F1800
;WIDTH:0.233529
G1 F15000
G1 X63.05 Y121.694 E.01959
G1 X63.074 Y121.647 E.00079
;WIDTH:0.302476
G1 X63.097 Y121.6 E.00108
;WIDTH:0.349668
G1 X63.121 Y121.553 E.00128
;WIDTH:0.39686
G1 X63.144 Y121.506 E.00148
;WIDTH:0.431684
G1 X63.15 Y62.606 E1.80993
G1 X63.744 Y62.4 F30000
;WIDTH:0.430842
G1 F15000
G1 X193.056 Y62.4 E3.96502
;WIDTH:0.469667
G1 X193.217 Y62.433 E.00554
G1 X193.233 Y62.514 E.00277
;WIDTH:0.447481
G1 X193.25 Y62.594 E.00262
;WIDTH:0.430842
G1 X193.25 Y123.006 E1.85238
;WIDTH:0.469667
G1 X193.217 Y123.167 E.00554
G1 X193.136 Y123.183 E.00277
;WIDTH:0.447481
G1 X193.056 Y123.2 E.00262
;WIDTH:0.430842
G1 X76.344 Y123.2 E3.57867
G1 E-.728 F1800
;WIPE_START
G1 F30000
G1 X77.544 Y123.2 E-.072
;WIPE_END
G1 X74.877 Y124.05 Z11.6
G1 Z11.2
G1 E.8 F1800
;WIDTH:0.517526
G1 F13963.988
G1 X68.363 Y124.05 E.24439
;LAYER_CHANGE
;Z:11.4
;HEIGHT:0.2
;BEFORE_LAYER_CHANGE
;11.4
G92 E0

G1 E-.728 F1800
;WIPE_START
G1 F30000
G1 X69.563 Y124.05 E-.072
;WIPE_END
M73 L57
;LAYER:57
SET_PRINT_STATS_INFO TOTAL_LAYER=93 CURRENT_LAYER=57
;_SET_FAN_SPEED_CHANGING_LAYER

G1 X69.0841 Y124.991 Z11.4571
G1 X68.0498 Y125.204 Z11.5143
G1 X67.2385 Y124.528 Z11.5714
G1 X67.2612 Y123.472 Z11.6286
G1 X68.1008 Y122.832 Z11.6857
G1 X69.1251 Y123.089 Z11.7429
G1 X69.5627 Y124.05 Z11.8
G1 X68.159 Y189.309 Z11.8
G1 Z11.4
G1 E.8 F1800
;TYPE:Inner wall
;WIDTH:0.45
G1 F6000
G1 X75.6 Y189.309 E.23941
G1 X74.785 Y190.133 E.0373
G1 X74.647 Y190.191 E.0048
G1 X68.159 Y190.191 E.20875
G1 X68.159 Y189.349 E.02708
G1 X67.752 Y188.902 F30000
G1 F6000
G1 X76.148 Y188.902 E.27015
G1 X76.148 Y189.334 E.01389
G1 X75.017 Y190.478 E.05177
G1 X74.728 Y190.598 E.01005
G1 X67.752 Y190.598 E.22447
G1 X67.752 Y188.942 E.05328
G1 E-.728 F1800
;WIPE_START
G1 F30000
G1 X68.952 Y188.936 E-.072
;WIPE_END
G1 X63.548 Y185.259 Z11.8
G1 Z11.4
G1 E.8 F1800
G1 F6000
G1 X63.548 Y187.598 E.07526
G1 X63.348 Y187.598 E.00644
G1 X63.348 Y188.898 E.04183
G1 X62.752 Y188.898 E.01917
G1 X62.752 Y128.102 E1.95621
G1 X63.548 Y128.102 E.02561
G1 X63.548 Y185.219 E1.83783
G1 E-.728 F1800
;WIPE_START
G1 F30000
G1 X63.548 Y186.419 E-.072
;WIPE_END
G1 X67.36 Y189.29 Z11.8
G1 Z11.4
G1 E.8 F1800
SET_VELOCITY_LIMIT ACCEL=5000
;TYPE:Outer wall
;WIDTH:0.42
G1 F3600
G1 X64.96 Y189.29 E.07153
G1 X64.96 Y188.51 E.02325
G1 X192.86 Y188.51 E3.81211
G1 X192.86 Y128.49 E1.78892
G1 X63.94 Y128.49 E3.84251
M73 P72 R20
G1 X63.94 Y187.99 E1.77342
G1 X63.74 Y187.99 E.00596
G1 X63.74 Y189.29 E.03875
G1 X62.36 Y189.29 E.04113
G1 X62.36 Y127.71 E1.83542
G1 X193.64 Y127.71 E3.91285
G1 X193.64 Y189.29 E1.83542
G1 X76.54 Y189.29 E3.49021
G1 X76.54 Y189.495 E.0061
G1 X75.24 Y190.809 E.0551
G1 X74.807 Y190.99 E.014
G1 X67.537 Y190.99 E.21668
G1 X67.36 Y190.813 E.00746
G1 X67.36 Y189.33 E.0442
G1 X67.556 Y188.9 F30000
SET_VELOCITY_LIMIT ACCEL=10000
;TYPE:Gap infill
;WIDTH:0.430842
G1 F15000
G1 X65.156 Y188.9 E.07359
G1 E-.728 F1800
;WIPE_START
G1 F30000
G1 X66.356 Y188.9 E-.072
;WIPE_END
G1 X63.05 Y188.694 Z11.8
G1 Z11.4
G1 E.8 F1800
;WIDTH:0.233529
G1 F15000
G1 X63.05 Y187.394 E.01959
G1 X63.074 Y187.347 E.00079
;WIDTH:0.302476
G1 X63.097 Y187.3 E.00108
;WIDTH:0.349668
G1 X63.121 Y187.253 E.00128
;WIDTH:0.39686
G1 X63.144 Y187.206 E.00148
;WIDTH:0.431684
G1 X63.15 Y128.306 E1.80993
G1 X63.744 Y128.1 F30000
;WIDTH:0.430842
G1 F15000
G1 X193.056 Y128.1 E3.96502
;WIDTH:0.469667
G1 X193.217 Y128.133 E.00554
G1 X193.233 Y128.214 E.00277
;WIDTH:0.447481
G1 X193.25 Y128.294 E.00262
;WIDTH:0.430842
G1 X193.25 Y188.706 E1.85238
;WIDTH:0.469667
G1 X193.217 Y188.867 E.00554
G1 X193.136 Y188.883 E.00277
;WIDTH:0.447481
G1 X193.056 Y188.9 E.00262
;WIDTH:0.430842
G1 X76.344 Y188.9 E3.57867
G1 E-.728 F1800
;WIPE_START
G1 F30000
G1 X77.544 Y188.9 E-.072
;WIPE_END
G1 X74.877 Y189.75 Z11.8
G1 Z11.4
G1 E.8 F1800
;WIDTH:0.517526
G1 F13963.988
G1 X68.363 Y189.75 E.24439
G1 E-.728 F1800
;WIPE_START
G1 F30000
G1 X69.563 Y189.75 E-.072
;WIPE_END
G1 X69.401 Y182.119 Z11.8
M73 P73 R20
G1 X68.159 Y123.609 Z11.8
G1 Z11.4
G1 E.8 F1800
;TYPE:Inner wall
;WIDTH:0.45
G1 F6000
G1 X75.6 Y123.609 E.23941
G1 X74.785 Y124.433 E.0373
G1 X74.647 Y124.491 E.0048
G1 X68.159 Y124.491 E.20875
G1 X68.159 Y123.649 E.02708
G1 X67.752 Y123.202 F30000
G1 F6000
G1 X76.148 Y123.202 E.27015
G1 X76.148 Y123.634 E.01389
G1 X75.017 Y124.778 E.05177
G1 X74.728 Y124.898 E.01005
G1 X67.752 Y124.898 E.22447
G1 X67.752 Y123.242 E.05328
G1 E-.728 F1800
;WIPE_START
G1 F30000
G1 X68.952 Y123.236 E-.072
;WIPE_END
G1 X63.548 Y119.559 Z11.8
G1 Z11.4
G1 E.8 F1800
G1 F6000
G1 X63.548 Y121.898 E.07526
G1 X63.348 Y121.898 E.00644
G1 X63.348 Y123.198 E.04183
G1 X62.752 Y123.198 E.01917
G1 X62.752 Y62.402 E1.95621
G1 X63.548 Y62.402 E.02561
G1 X63.548 Y119.519 E1.83783
G1 E-.728 F1800
;WIPE_START
G1 F30000
G1 X63.548 Y120.719 E-.072
;WIPE_END
G1 X67.36 Y123.59 Z11.8
G1 Z11.4
G1 E.8 F1800
SET_VELOCITY_LIMIT ACCEL=5000
;TYPE:Outer wall
;WIDTH:0.42
G1 F3600
G1 X64.96 Y123.59 E.07153
G1 X64.96 Y122.81 E.02325
G1 X192.86 Y122.81 E3.81211
G1 X192.86 Y62.79 E1.78892
G1 X63.94 Y62.79 E3.84251
G1 X63.94 Y122.29 E1.77342
G1 X63.74 Y122.29 E.00596
G1 X63.74 Y123.59 E.03875
G1 X62.36 Y123.59 E.04113
G1 X62.36 Y62.01 E1.83542
G1 X193.64 Y62.01 E3.91285
G1 X193.64 Y123.59 E1.83542
G1 X76.54 Y123.59 E3.49021
G1 X76.54 Y123.795 E.0061
G1 X75.24 Y125.109 E.0551
G1 X74.807 Y125.29 E.014
G1 X67.537 Y125.29 E.21668
G1 X67.36 Y125.113 E.00746
G1 X67.36 Y123.63 E.0442
G1 X67.556 Y123.2 F30000
SET_VELOCITY_LIMIT ACCEL=10000
;TYPE:Gap infill
;WIDTH:0.430842
G1 F15000
G1 X65.156 Y123.2 E.07359
G1 E-.728 F1800
;WIPE_START
G1 F30000
G1 X66.356 Y123.2 E-.072
;WIPE_END
G1 X63.05 Y122.994 Z11.8
G1 Z11.4
G1 E.8 F1800
;WIDTH:0.233529
G1 F15000
G1 X63.05 Y121.694 E.01959
G1 X63.074 Y121.647 E.00079
;WIDTH:0.302476
G1 X63.097 Y121.6 E.00108
;WIDTH:0.349668
G1 X63.121 Y121.553 E.00128
;WIDTH:0.39686
G1 X63.144 Y121.506 E.00148
;WIDTH:0.431684
G1 X63.15 Y62.606 E1.80993
G1 X63.744 Y62.4 F30000
;WIDTH:0.430842
G1 F15000
G1 X193.056 Y62.4 E3.96502
;WIDTH:0.469667
G1 X193.217 Y62.433 E.00554
G1 X193.233 Y62.514 E.00277
;WIDTH:0.447481
G1 X193.25 Y62.594 E.00262
;WIDTH:0.430842
G1 X193.25 Y123.006 E1.85238
;WIDTH:0.469667
G1 X193.217 Y123.167 E.00554
G1 X193.136 Y123.183 E.00277
;WIDTH:0.447481
G1 X193.056 Y123.2 E.00262
;WIDTH:0.430842
G1 X76.344 Y123.2 E3.57867
G1 E-.728 F1800
;WIPE_START
G1 F30000
G1 X77.544 Y123.2 E-.072
;WIPE_END
G1 X74.877 Y124.05 Z11.8
G1 Z11.4
G1 E.8 F1800
;WIDTH:0.517526
G1 F13963.988
G1 X68.363 Y124.05 E.24439
;LAYER_CHANGE
;Z:11.6
;HEIGHT:0.200001
;BEFORE_LAYER_CHANGE
;11.6
G92 E0

G1 E-.728 F1800
;WIPE_START
G1 F30000
G1 X69.563 Y124.05 E-.072
;WIPE_END
M73 L58
;LAYER:58
SET_PRINT_STATS_INFO TOTAL_LAYER=93 CURRENT_LAYER=58
;_SET_FAN_SPEED_CHANGING_LAYER

G1 X69.0841 Y124.991 Z11.6571
G1 X68.0498 Y125.204 Z11.7143
G1 X67.2385 Y124.528 Z11.7714
G1 X67.2612 Y123.472 Z11.8286
G1 X68.1008 Y122.832 Z11.8857
G1 X69.1251 Y123.089 Z11.9429
G1 X69.5627 Y124.05 Z12
G1 X68.159 Y189.309 Z12
G1 Z11.6
G1 E.8 F1800
;TYPE:Inner wall
;WIDTH:0.45
G1 F6000
G1 X75.6 Y189.309 E.23941
G1 X74.785 Y190.133 E.0373
G1 X74.647 Y190.191 E.0048
G1 X68.159 Y190.191 E.20875
G1 X68.159 Y189.349 E.02708
G1 X67.752 Y188.902 F30000
G1 F6000
G1 X76.148 Y188.902 E.27015
G1 X76.148 Y189.334 E.01389
G1 X75.017 Y190.478 E.05177
G1 X74.728 Y190.598 E.01005
G1 X67.752 Y190.598 E.22447
G1 X67.752 Y188.942 E.05328
G1 E-.728 F1800
;WIPE_START
G1 F30000
G1 X68.952 Y188.936 E-.072
;WIPE_END
G1 X63.548 Y185.259 Z12
G1 Z11.6
G1 E.8 F1800
G1 F6000
G1 X63.548 Y187.598 E.07526
G1 X63.348 Y187.598 E.00644
G1 X63.348 Y188.898 E.04183
G1 X62.752 Y188.898 E.01917
G1 X62.752 Y128.102 E1.95621
G1 X63.548 Y128.102 E.02561
G1 X63.548 Y185.219 E1.83783
G1 E-.728 F1800
;WIPE_START
G1 F30000
G1 X63.548 Y186.419 E-.072
;WIPE_END
G1 X67.36 Y189.29 Z12
G1 Z11.6
G1 E.8 F1800
SET_VELOCITY_LIMIT ACCEL=5000
;TYPE:Outer wall
;WIDTH:0.42
G1 F3600
G1 X64.96 Y189.29 E.07153
G1 X64.96 Y188.51 E.02325
G1 X192.86 Y188.51 E3.81211
G1 X192.86 Y128.49 E1.78892
G1 X63.94 Y128.49 E3.84251
G1 X63.94 Y187.99 E1.77342
G1 X63.74 Y187.99 E.00596
G1 X63.74 Y189.29 E.03875
G1 X62.36 Y189.29 E.04113
G1 X62.36 Y127.71 E1.83542
G1 X193.64 Y127.71 E3.91285
G1 X193.64 Y189.29 E1.83542
G1 X76.54 Y189.29 E3.49021
G1 X76.54 Y189.495 E.0061
G1 X75.24 Y190.809 E.0551
G1 X74.807 Y190.99 E.014
G1 X67.537 Y190.99 E.21668
G1 X67.36 Y190.813 E.00746
G1 X67.36 Y189.33 E.0442
G1 X67.556 Y188.9 F30000
SET_VELOCITY_LIMIT ACCEL=10000
;TYPE:Gap infill
;WIDTH:0.430842
G1 F15000
G1 X65.156 Y188.9 E.07359
G1 E-.728 F1800
;WIPE_START
G1 F30000
G1 X66.356 Y188.9 E-.072
;WIPE_END
G1 X63.05 Y188.694 Z12
G1 Z11.6
G1 E.8 F1800
;WIDTH:0.233529
G1 F15000
G1 X63.05 Y187.394 E.01959
G1 X63.074 Y187.347 E.00079
;WIDTH:0.302476
G1 X63.097 Y187.3 E.00108
;WIDTH:0.349668
G1 X63.121 Y187.253 E.00128
;WIDTH:0.39686
G1 X63.144 Y187.206 E.00148
;WIDTH:0.431684
G1 X63.15 Y128.306 E1.80993
G1 X63.744 Y128.1 F30000
;WIDTH:0.430842
G1 F15000
G1 X193.056 Y128.1 E3.96502
;WIDTH:0.469667
G1 X193.217 Y128.133 E.00554
G1 X193.233 Y128.214 E.00277
;WIDTH:0.447481
G1 X193.25 Y128.294 E.00262
;WIDTH:0.430842
G1 X193.25 Y188.706 E1.85238
;WIDTH:0.469667
G1 X193.217 Y188.867 E.00554
G1 X193.136 Y188.883 E.00277
;WIDTH:0.447481
G1 X193.056 Y188.9 E.00262
;WIDTH:0.430842
G1 X76.344 Y188.9 E3.57867
G1 E-.728 F1800
;WIPE_START
G1 F30000
G1 X77.544 Y188.9 E-.072
;WIPE_END
G1 X74.877 Y189.75 Z12
G1 Z11.6
G1 E.8 F1800
;WIDTH:0.517526
G1 F13963.988
G1 X68.363 Y189.75 E.24439
G1 E-.728 F1800
;WIPE_START
G1 F30000
G1 X69.563 Y189.75 E-.072
;WIPE_END
G1 X69.401 Y182.119 Z12
G1 X68.159 Y123.609 Z12
G1 Z11.6
G1 E.8 F1800
;TYPE:Inner wall
;WIDTH:0.45
G1 F6000
G1 X75.6 Y123.609 E.23941
G1 X74.785 Y124.433 E.0373
G1 X74.647 Y124.491 E.0048
G1 X68.159 Y124.491 E.20875
G1 X68.159 Y123.649 E.02708
G1 X67.752 Y123.202 F30000
G1 F6000
G1 X76.148 Y123.202 E.27015
G1 X76.148 Y123.634 E.01389
G1 X75.017 Y124.778 E.05177
G1 X74.728 Y124.898 E.01005
G1 X67.752 Y124.898 E.22447
G1 X67.752 Y123.242 E.05328
G1 E-.728 F1800
;WIPE_START
G1 F30000
G1 X68.952 Y123.236 E-.072
;WIPE_END
G1 X63.548 Y119.559 Z12
G1 Z11.6
G1 E.8 F1800
G1 F6000
G1 X63.548 Y121.898 E.07526
G1 X63.348 Y121.898 E.00644
G1 X63.348 Y123.198 E.04183
G1 X62.752 Y123.198 E.01917
G1 X62.752 Y62.402 E1.95621
G1 X63.548 Y62.402 E.02561
G1 X63.548 Y119.519 E1.83783
G1 E-.728 F1800
;WIPE_START
G1 F30000
G1 X63.548 Y120.719 E-.072
;WIPE_END
G1 X67.36 Y123.59 Z12
G1 Z11.6
G1 E.8 F1800
SET_VELOCITY_LIMIT ACCEL=5000
;TYPE:Outer wall
;WIDTH:0.42
G1 F3600
G1 X64.96 Y123.59 E.07153
G1 X64.96 Y122.81 E.02325
G1 X192.86 Y122.81 E3.81211
G1 X192.86 Y62.79 E1.78892
G1 X63.94 Y62.79 E3.84251
G1 X63.94 Y122.29 E1.77342
G1 X63.74 Y122.29 E.00596
G1 X63.74 Y123.59 E.03875
G1 X62.36 Y123.59 E.04113
G1 X62.36 Y62.01 E1.83542
G1 X193.64 Y62.01 E3.91285
G1 X193.64 Y123.59 E1.83542
M73 P74 R20
G1 X76.54 Y123.59 E3.49021
M73 P74 R19
G1 X76.54 Y123.795 E.0061
G1 X75.24 Y125.109 E.0551
G1 X74.807 Y125.29 E.014
G1 X67.537 Y125.29 E.21668
G1 X67.36 Y125.113 E.00746
G1 X67.36 Y123.63 E.0442
G1 X67.556 Y123.2 F30000
SET_VELOCITY_LIMIT ACCEL=10000
;TYPE:Gap infill
;WIDTH:0.430842
G1 F15000
G1 X65.156 Y123.2 E.07359
G1 E-.728 F1800
;WIPE_START
G1 F30000
G1 X66.356 Y123.2 E-.072
;WIPE_END
G1 X63.05 Y122.994 Z12
G1 Z11.6
G1 E.8 F1800
;WIDTH:0.233529
G1 F15000
G1 X63.05 Y121.694 E.01959
G1 X63.074 Y121.647 E.00079
;WIDTH:0.302476
G1 X63.097 Y121.6 E.00108
;WIDTH:0.349668
G1 X63.121 Y121.553 E.00128
;WIDTH:0.39686
G1 X63.144 Y121.506 E.00148
;WIDTH:0.431684
G1 X63.15 Y62.606 E1.80993
G1 X63.744 Y62.4 F30000
;WIDTH:0.430842
G1 F15000
G1 X193.056 Y62.4 E3.96502
;WIDTH:0.469667
G1 X193.217 Y62.433 E.00554
G1 X193.233 Y62.514 E.00277
;WIDTH:0.447481
G1 X193.25 Y62.594 E.00262
;WIDTH:0.430842
G1 X193.25 Y123.006 E1.85238
;WIDTH:0.469667
G1 X193.217 Y123.167 E.00554
G1 X193.136 Y123.183 E.00277
;WIDTH:0.447481
G1 X193.056 Y123.2 E.00262
;WIDTH:0.430842
G1 X76.344 Y123.2 E3.57867
G1 E-.728 F1800
;WIPE_START
G1 F30000
G1 X77.544 Y123.2 E-.072
;WIPE_END
G1 X74.877 Y124.05 Z12
G1 Z11.6
G1 E.8 F1800
;WIDTH:0.517526
G1 F13963.988
G1 X68.363 Y124.05 E.24439
;LAYER_CHANGE
;Z:11.8
;HEIGHT:0.2
;BEFORE_LAYER_CHANGE
;11.8
G92 E0

G1 E-.728 F1800
;WIPE_START
G1 F30000
G1 X69.563 Y124.05 E-.072
;WIPE_END
M73 L59
;LAYER:59
SET_PRINT_STATS_INFO TOTAL_LAYER=93 CURRENT_LAYER=59
;_SET_FAN_SPEED_CHANGING_LAYER

G1 X69.0841 Y124.991 Z11.8571
G1 X68.0498 Y125.204 Z11.9143
G1 X67.2385 Y124.528 Z11.9714
G1 X67.2612 Y123.472 Z12.0286
G1 X68.1008 Y122.832 Z12.0857
G1 X69.1251 Y123.089 Z12.1429
G1 X69.5627 Y124.05 Z12.2
G1 X68.159 Y189.309 Z12.2
G1 Z11.8
G1 E.8 F1800
;TYPE:Inner wall
;WIDTH:0.45
G1 F6000
G1 X75.6 Y189.309 E.23941
G1 X74.785 Y190.133 E.0373
G1 X74.647 Y190.191 E.0048
G1 X68.159 Y190.191 E.20875
G1 X68.159 Y189.349 E.02708
G1 X67.752 Y188.902 F30000
G1 F6000
G1 X76.148 Y188.902 E.27015
G1 X76.148 Y189.334 E.01389
G1 X75.017 Y190.478 E.05177
G1 X74.728 Y190.598 E.01005
G1 X67.752 Y190.598 E.22447
G1 X67.752 Y188.942 E.05328
G1 E-.728 F1800
;WIPE_START
G1 F30000
G1 X68.952 Y188.936 E-.072
;WIPE_END
G1 X63.548 Y185.259 Z12.2
G1 Z11.8
G1 E.8 F1800
G1 F6000
G1 X63.548 Y187.598 E.07526
G1 X63.348 Y187.598 E.00644
G1 X63.348 Y188.898 E.04183
G1 X62.752 Y188.898 E.01917
G1 X62.752 Y128.102 E1.95621
G1 X63.548 Y128.102 E.02561
G1 X63.548 Y185.219 E1.83783
G1 E-.728 F1800
;WIPE_START
G1 F30000
G1 X63.548 Y186.419 E-.072
;WIPE_END
G1 X67.36 Y189.29 Z12.2
G1 Z11.8
G1 E.8 F1800
SET_VELOCITY_LIMIT ACCEL=5000
;TYPE:Outer wall
;WIDTH:0.42
G1 F3600
G1 X64.96 Y189.29 E.07153
G1 X64.96 Y188.51 E.02325
G1 X192.86 Y188.51 E3.81211
G1 X192.86 Y128.49 E1.78892
G1 X63.94 Y128.49 E3.84251
G1 X63.94 Y187.99 E1.77342
G1 X63.74 Y187.99 E.00596
G1 X63.74 Y189.29 E.03875
G1 X62.36 Y189.29 E.04113
G1 X62.36 Y127.71 E1.83542
G1 X193.64 Y127.71 E3.91285
G1 X193.64 Y189.29 E1.83542
G1 X76.54 Y189.29 E3.49021
G1 X76.54 Y189.495 E.0061
G1 X75.24 Y190.809 E.0551
G1 X74.807 Y190.99 E.014
G1 X67.537 Y190.99 E.21668
G1 X67.36 Y190.813 E.00746
G1 X67.36 Y189.33 E.0442
G1 X67.556 Y188.9 F30000
SET_VELOCITY_LIMIT ACCEL=10000
;TYPE:Gap infill
;WIDTH:0.430842
G1 F15000
G1 X65.156 Y188.9 E.07359
G1 E-.728 F1800
;WIPE_START
G1 F30000
G1 X66.356 Y188.9 E-.072
;WIPE_END
G1 X63.05 Y188.694 Z12.2
G1 Z11.8
G1 E.8 F1800
;WIDTH:0.233529
G1 F15000
G1 X63.05 Y187.394 E.01959
G1 X63.074 Y187.347 E.00079
;WIDTH:0.302476
G1 X63.097 Y187.3 E.00108
;WIDTH:0.349668
G1 X63.121 Y187.253 E.00128
;WIDTH:0.39686
G1 X63.144 Y187.206 E.00148
;WIDTH:0.431684
G1 X63.15 Y128.306 E1.80993
G1 X63.744 Y128.1 F30000
;WIDTH:0.430842
G1 F15000
G1 X193.056 Y128.1 E3.96502
;WIDTH:0.469667
G1 X193.217 Y128.133 E.00554
G1 X193.233 Y128.214 E.00277
;WIDTH:0.447481
G1 X193.25 Y128.294 E.00262
;WIDTH:0.430842
G1 X193.25 Y188.706 E1.85238
;WIDTH:0.469667
G1 X193.217 Y188.867 E.00554
G1 X193.136 Y188.883 E.00277
;WIDTH:0.447481
G1 X193.056 Y188.9 E.00262
;WIDTH:0.430842
G1 X76.344 Y188.9 E3.57867
G1 E-.728 F1800
;WIPE_START
G1 F30000
G1 X77.544 Y188.9 E-.072
;WIPE_END
G1 X74.877 Y189.75 Z12.2
G1 Z11.8
G1 E.8 F1800
;WIDTH:0.517526
G1 F13963.988
G1 X68.363 Y189.75 E.24439
G1 E-.728 F1800
;WIPE_START
G1 F30000
G1 X69.563 Y189.75 E-.072
;WIPE_END
G1 X69.401 Y182.119 Z12.2
G1 X68.159 Y123.609 Z12.2
G1 Z11.8
G1 E.8 F1800
;TYPE:Inner wall
;WIDTH:0.45
G1 F6000
G1 X75.6 Y123.609 E.23941
G1 X74.785 Y124.433 E.0373
G1 X74.647 Y124.491 E.0048
G1 X68.159 Y124.491 E.20875
G1 X68.159 Y123.649 E.02708
G1 X67.752 Y123.202 F30000
G1 F6000
G1 X76.148 Y123.202 E.27015
G1 X76.148 Y123.634 E.01389
G1 X75.017 Y124.778 E.05177
G1 X74.728 Y124.898 E.01005
G1 X67.752 Y124.898 E.22447
G1 X67.752 Y123.242 E.05328
G1 E-.728 F1800
;WIPE_START
G1 F30000
G1 X68.952 Y123.236 E-.072
;WIPE_END
G1 X63.548 Y119.559 Z12.2
G1 Z11.8
G1 E.8 F1800
G1 F6000
G1 X63.548 Y121.898 E.07526
G1 X63.348 Y121.898 E.00644
G1 X63.348 Y123.198 E.04183
G1 X62.752 Y123.198 E.01917
G1 X62.752 Y62.402 E1.95621
G1 X63.548 Y62.402 E.02561
G1 X63.548 Y119.519 E1.83783
G1 E-.728 F1800
;WIPE_START
G1 F30000
G1 X63.548 Y120.719 E-.072
;WIPE_END
G1 X67.36 Y123.59 Z12.2
G1 Z11.8
G1 E.8 F1800
SET_VELOCITY_LIMIT ACCEL=5000
;TYPE:Outer wall
;WIDTH:0.42
G1 F3600
G1 X64.96 Y123.59 E.07153
G1 X64.96 Y122.81 E.02325
G1 X192.86 Y122.81 E3.81211
G1 X192.86 Y62.79 E1.78892
G1 X63.94 Y62.79 E3.84251
G1 X63.94 Y122.29 E1.77342
G1 X63.74 Y122.29 E.00596
G1 X63.74 Y123.59 E.03875
G1 X62.36 Y123.59 E.04113
G1 X62.36 Y62.01 E1.83542
G1 X193.64 Y62.01 E3.91285
G1 X193.64 Y123.59 E1.83542
G1 X76.54 Y123.59 E3.49021
G1 X76.54 Y123.795 E.0061
G1 X75.24 Y125.109 E.0551
G1 X74.807 Y125.29 E.014
G1 X67.537 Y125.29 E.21668
G1 X67.36 Y125.113 E.00746
G1 X67.36 Y123.63 E.0442
G1 X67.556 Y123.2 F30000
SET_VELOCITY_LIMIT ACCEL=10000
;TYPE:Gap infill
;WIDTH:0.430842
G1 F15000
G1 X65.156 Y123.2 E.07359
G1 E-.728 F1800
;WIPE_START
G1 F30000
G1 X66.356 Y123.2 E-.072
;WIPE_END
G1 X63.05 Y122.994 Z12.2
G1 Z11.8
G1 E.8 F1800
;WIDTH:0.233529
G1 F15000
G1 X63.05 Y121.694 E.01959
G1 X63.074 Y121.647 E.00079
;WIDTH:0.302476
G1 X63.097 Y121.6 E.00108
;WIDTH:0.349668
G1 X63.121 Y121.553 E.00128
;WIDTH:0.39686
G1 X63.144 Y121.506 E.00148
;WIDTH:0.431684
G1 X63.15 Y62.606 E1.80993
G1 X63.744 Y62.4 F30000
;WIDTH:0.430842
G1 F15000
G1 X193.056 Y62.4 E3.96502
;WIDTH:0.469667
G1 X193.217 Y62.433 E.00554
G1 X193.233 Y62.514 E.00277
;WIDTH:0.447481
G1 X193.25 Y62.594 E.00262
;WIDTH:0.430842
G1 X193.25 Y123.006 E1.85238
;WIDTH:0.469667
G1 X193.217 Y123.167 E.00554
G1 X193.136 Y123.183 E.00277
;WIDTH:0.447481
G1 X193.056 Y123.2 E.00262
;WIDTH:0.430842
G1 X76.344 Y123.2 E3.57867
G1 E-.728 F1800
;WIPE_START
G1 F30000
G1 X77.544 Y123.2 E-.072
;WIPE_END
G1 X74.877 Y124.05 Z12.2
G1 Z11.8
G1 E.8 F1800
;WIDTH:0.517526
G1 F13963.988
G1 X68.363 Y124.05 E.24439
;LAYER_CHANGE
;Z:12
;HEIGHT:0.2
;BEFORE_LAYER_CHANGE
;12
G92 E0

G1 E-.728 F1800
;WIPE_START
G1 F30000
G1 X69.563 Y124.05 E-.072
;WIPE_END
M73 L60
;LAYER:60
SET_PRINT_STATS_INFO TOTAL_LAYER=93 CURRENT_LAYER=60
;_SET_FAN_SPEED_CHANGING_LAYER

G1 X69.0841 Y124.991 Z12.0571
G1 X68.0498 Y125.204 Z12.1143
G1 X67.2385 Y124.528 Z12.1714
G1 X67.2612 Y123.472 Z12.2286
G1 X68.1008 Y122.832 Z12.2857
G1 X69.1251 Y123.089 Z12.3429
G1 X69.5627 Y124.05 Z12.4
G1 X68.159 Y189.309 Z12.4
G1 Z12
G1 E.8 F1800
;TYPE:Inner wall
;WIDTH:0.45
G1 F6000
G1 X75.6 Y189.309 E.23941
G1 X74.785 Y190.133 E.0373
G1 X74.647 Y190.191 E.0048
G1 X68.159 Y190.191 E.20875
G1 X68.159 Y189.349 E.02708
G1 X67.752 Y188.902 F30000
G1 F6000
G1 X76.148 Y188.902 E.27015
G1 X76.148 Y189.334 E.01389
G1 X75.017 Y190.478 E.05177
G1 X74.728 Y190.598 E.01005
G1 X67.752 Y190.598 E.22447
G1 X67.752 Y188.942 E.05328
G1 E-.728 F1800
;WIPE_START
G1 F30000
G1 X68.952 Y188.936 E-.072
;WIPE_END
G1 X63.548 Y185.259 Z12.4
G1 Z12
G1 E.8 F1800
G1 F6000
G1 X63.548 Y187.598 E.07526
G1 X63.348 Y187.598 E.00644
G1 X63.348 Y188.898 E.04183
G1 X62.752 Y188.898 E.01917
G1 X62.752 Y128.102 E1.95621
G1 X63.548 Y128.102 E.02561
G1 X63.548 Y185.219 E1.83783
G1 E-.728 F1800
;WIPE_START
G1 F30000
G1 X63.548 Y186.419 E-.072
;WIPE_END
G1 X67.36 Y189.29 Z12.4
G1 Z12
G1 E.8 F1800
SET_VELOCITY_LIMIT ACCEL=5000
;TYPE:Outer wall
;WIDTH:0.42
G1 F3600
G1 X64.96 Y189.29 E.07153
G1 X64.96 Y188.51 E.02325
G1 X192.86 Y188.51 E3.81211
G1 X192.86 Y128.49 E1.78892
G1 X63.94 Y128.49 E3.84251
M73 P75 R19
G1 X63.94 Y187.99 E1.77342
G1 X63.74 Y187.99 E.00596
G1 X63.74 Y189.29 E.03875
G1 X62.36 Y189.29 E.04113
G1 X62.36 Y127.71 E1.83542
G1 X193.64 Y127.71 E3.91285
G1 X193.64 Y189.29 E1.83542
G1 X76.54 Y189.29 E3.49021
G1 X76.54 Y189.495 E.0061
G1 X75.24 Y190.809 E.0551
G1 X74.807 Y190.99 E.014
G1 X67.537 Y190.99 E.21668
G1 X67.36 Y190.813 E.00746
G1 X67.36 Y189.33 E.0442
G1 X67.556 Y188.9 F30000
SET_VELOCITY_LIMIT ACCEL=10000
;TYPE:Gap infill
;WIDTH:0.430842
G1 F15000
G1 X65.156 Y188.9 E.07359
G1 E-.728 F1800
;WIPE_START
G1 F30000
G1 X66.356 Y188.9 E-.072
;WIPE_END
G1 X63.05 Y188.694 Z12.4
G1 Z12
G1 E.8 F1800
;WIDTH:0.233529
G1 F15000
G1 X63.05 Y187.394 E.01959
G1 X63.074 Y187.347 E.00079
;WIDTH:0.302476
G1 X63.097 Y187.3 E.00108
;WIDTH:0.349668
G1 X63.121 Y187.253 E.00128
;WIDTH:0.39686
G1 X63.144 Y187.206 E.00148
;WIDTH:0.431684
G1 X63.15 Y128.306 E1.80993
G1 X63.744 Y128.1 F30000
;WIDTH:0.430842
G1 F15000
G1 X193.056 Y128.1 E3.96502
;WIDTH:0.469667
G1 X193.217 Y128.133 E.00554
G1 X193.233 Y128.214 E.00277
;WIDTH:0.447481
G1 X193.25 Y128.294 E.00262
;WIDTH:0.430842
G1 X193.25 Y188.706 E1.85238
;WIDTH:0.469667
G1 X193.217 Y188.867 E.00554
G1 X193.136 Y188.883 E.00277
;WIDTH:0.447481
G1 X193.056 Y188.9 E.00262
;WIDTH:0.430842
G1 X76.344 Y188.9 E3.57867
G1 E-.728 F1800
;WIPE_START
G1 F30000
G1 X77.544 Y188.9 E-.072
;WIPE_END
G1 X74.877 Y189.75 Z12.4
G1 Z12
G1 E.8 F1800
;WIDTH:0.517526
G1 F13963.988
G1 X68.363 Y189.75 E.24439
G1 E-.728 F1800
;WIPE_START
G1 F30000
G1 X69.563 Y189.75 E-.072
;WIPE_END
G1 X69.401 Y182.119 Z12.4
G1 X68.159 Y123.609 Z12.4
G1 Z12
G1 E.8 F1800
;TYPE:Inner wall
;WIDTH:0.45
G1 F6000
G1 X75.6 Y123.609 E.23941
G1 X74.785 Y124.433 E.0373
G1 X74.647 Y124.491 E.0048
G1 X68.159 Y124.491 E.20875
G1 X68.159 Y123.649 E.02708
G1 X67.752 Y123.202 F30000
G1 F6000
G1 X76.148 Y123.202 E.27015
G1 X76.148 Y123.634 E.01389
G1 X75.017 Y124.778 E.05177
G1 X74.728 Y124.898 E.01005
G1 X67.752 Y124.898 E.22447
G1 X67.752 Y123.242 E.05328
G1 E-.728 F1800
;WIPE_START
G1 F30000
G1 X68.952 Y123.236 E-.072
;WIPE_END
G1 X63.548 Y119.559 Z12.4
G1 Z12
G1 E.8 F1800
G1 F6000
G1 X63.548 Y121.898 E.07526
G1 X63.348 Y121.898 E.00644
G1 X63.348 Y123.198 E.04183
G1 X62.752 Y123.198 E.01917
G1 X62.752 Y62.402 E1.95621
G1 X63.548 Y62.402 E.02561
G1 X63.548 Y119.519 E1.83783
G1 E-.728 F1800
;WIPE_START
G1 F30000
G1 X63.548 Y120.719 E-.072
;WIPE_END
G1 X67.36 Y123.59 Z12.4
G1 Z12
G1 E.8 F1800
M73 P75 R18
SET_VELOCITY_LIMIT ACCEL=5000
;TYPE:Outer wall
;WIDTH:0.42
G1 F3600
G1 X64.96 Y123.59 E.07153
G1 X64.96 Y122.81 E.02325
G1 X192.86 Y122.81 E3.81211
G1 X192.86 Y62.79 E1.78892
G1 X63.94 Y62.79 E3.84251
G1 X63.94 Y122.29 E1.77342
G1 X63.74 Y122.29 E.00596
G1 X63.74 Y123.59 E.03875
G1 X62.36 Y123.59 E.04113
G1 X62.36 Y62.01 E1.83542
G1 X193.64 Y62.01 E3.91285
G1 X193.64 Y123.59 E1.83542
G1 X76.54 Y123.59 E3.49021
G1 X76.54 Y123.795 E.0061
G1 X75.24 Y125.109 E.0551
G1 X74.807 Y125.29 E.014
G1 X67.537 Y125.29 E.21668
G1 X67.36 Y125.113 E.00746
G1 X67.36 Y123.63 E.0442
G1 X67.556 Y123.2 F30000
SET_VELOCITY_LIMIT ACCEL=10000
;TYPE:Gap infill
;WIDTH:0.430842
G1 F15000
G1 X65.156 Y123.2 E.07359
G1 E-.728 F1800
;WIPE_START
G1 F30000
G1 X66.356 Y123.2 E-.072
;WIPE_END
G1 X63.05 Y122.994 Z12.4
G1 Z12
G1 E.8 F1800
;WIDTH:0.233529
G1 F15000
G1 X63.05 Y121.694 E.01959
G1 X63.074 Y121.647 E.00079
;WIDTH:0.302476
G1 X63.097 Y121.6 E.00108
;WIDTH:0.349668
G1 X63.121 Y121.553 E.00128
;WIDTH:0.39686
G1 X63.144 Y121.506 E.00148
;WIDTH:0.431684
G1 X63.15 Y62.606 E1.80993
G1 X63.744 Y62.4 F30000
;WIDTH:0.430842
G1 F15000
G1 X193.056 Y62.4 E3.96502
;WIDTH:0.469667
G1 X193.217 Y62.433 E.00554
G1 X193.233 Y62.514 E.00277
;WIDTH:0.447481
G1 X193.25 Y62.594 E.00262
;WIDTH:0.430842
G1 X193.25 Y123.006 E1.85238
;WIDTH:0.469667
G1 X193.217 Y123.167 E.00554
G1 X193.136 Y123.183 E.00277
;WIDTH:0.447481
G1 X193.056 Y123.2 E.00262
;WIDTH:0.430842
G1 X76.344 Y123.2 E3.57867
G1 E-.728 F1800
;WIPE_START
G1 F30000
G1 X77.544 Y123.2 E-.072
;WIPE_END
G1 X74.877 Y124.05 Z12.4
G1 Z12
G1 E.8 F1800
;WIDTH:0.517526
G1 F13963.988
G1 X68.363 Y124.05 E.24439
;LAYER_CHANGE
;Z:12.2
;HEIGHT:0.2
;BEFORE_LAYER_CHANGE
;12.2
G92 E0

G1 E-.728 F1800
;WIPE_START
G1 F30000
G1 X69.563 Y124.05 E-.072
;WIPE_END
M73 L61
;LAYER:61
SET_PRINT_STATS_INFO TOTAL_LAYER=93 CURRENT_LAYER=61
;_SET_FAN_SPEED_CHANGING_LAYER

G1 X69.0841 Y124.991 Z12.2571
G1 X68.0498 Y125.204 Z12.3143
G1 X67.2385 Y124.528 Z12.3714
G1 X67.2612 Y123.472 Z12.4286
G1 X68.1008 Y122.832 Z12.4857
G1 X69.1251 Y123.089 Z12.5429
G1 X69.5627 Y124.05 Z12.6
G1 X68.159 Y189.309 Z12.6
G1 Z12.2
G1 E.8 F1800
;TYPE:Inner wall
;WIDTH:0.45
G1 F6000
G1 X75.6 Y189.309 E.23941
G1 X74.785 Y190.133 E.0373
G1 X74.647 Y190.191 E.0048
G1 X68.159 Y190.191 E.20875
G1 X68.159 Y189.349 E.02708
G1 X67.752 Y188.902 F30000
G1 F6000
G1 X76.148 Y188.902 E.27015
G1 X76.148 Y189.334 E.01389
G1 X75.017 Y190.478 E.05177
G1 X74.728 Y190.598 E.01005
G1 X67.752 Y190.598 E.22447
G1 X67.752 Y188.942 E.05328
G1 E-.728 F1800
;WIPE_START
G1 F30000
G1 X68.952 Y188.936 E-.072
;WIPE_END
G1 X63.548 Y185.259 Z12.6
G1 Z12.2
G1 E.8 F1800
G1 F6000
G1 X63.548 Y187.598 E.07526
G1 X63.348 Y187.598 E.00644
G1 X63.348 Y188.898 E.04183
G1 X62.752 Y188.898 E.01917
G1 X62.752 Y128.102 E1.95621
G1 X63.548 Y128.102 E.02561
G1 X63.548 Y185.219 E1.83783
G1 E-.728 F1800
;WIPE_START
G1 F30000
G1 X63.548 Y186.419 E-.072
;WIPE_END
G1 X67.36 Y189.29 Z12.6
G1 Z12.2
G1 E.8 F1800
SET_VELOCITY_LIMIT ACCEL=5000
;TYPE:Outer wall
;WIDTH:0.42
G1 F3600
G1 X64.96 Y189.29 E.07153
G1 X64.96 Y188.51 E.02325
G1 X192.86 Y188.51 E3.81211
G1 X192.86 Y128.49 E1.78892
G1 X63.94 Y128.49 E3.84251
G1 X63.94 Y187.99 E1.77342
G1 X63.74 Y187.99 E.00596
G1 X63.74 Y189.29 E.03875
G1 X62.36 Y189.29 E.04113
G1 X62.36 Y127.71 E1.83542
G1 X193.64 Y127.71 E3.91285
G1 X193.64 Y189.29 E1.83542
G1 X76.54 Y189.29 E3.49021
G1 X76.54 Y189.495 E.0061
G1 X75.24 Y190.809 E.0551
G1 X74.807 Y190.99 E.014
G1 X67.537 Y190.99 E.21668
G1 X67.36 Y190.813 E.00746
G1 X67.36 Y189.33 E.0442
G1 X67.556 Y188.9 F30000
SET_VELOCITY_LIMIT ACCEL=10000
;TYPE:Gap infill
;WIDTH:0.430842
G1 F15000
G1 X65.156 Y188.9 E.07359
G1 E-.728 F1800
;WIPE_START
G1 F30000
G1 X66.356 Y188.9 E-.072
;WIPE_END
G1 X63.05 Y188.694 Z12.6
G1 Z12.2
G1 E.8 F1800
;WIDTH:0.233529
G1 F15000
G1 X63.05 Y187.394 E.01959
G1 X63.074 Y187.347 E.00079
;WIDTH:0.302476
G1 X63.097 Y187.3 E.00108
;WIDTH:0.349668
G1 X63.121 Y187.253 E.00128
;WIDTH:0.39686
G1 X63.144 Y187.206 E.00148
;WIDTH:0.431684
G1 X63.15 Y128.306 E1.80993
G1 X63.744 Y128.1 F30000
;WIDTH:0.430842
G1 F15000
G1 X193.056 Y128.1 E3.96502
;WIDTH:0.469667
G1 X193.217 Y128.133 E.00554
M73 P76 R18
G1 X193.233 Y128.214 E.00277
;WIDTH:0.447481
G1 X193.25 Y128.294 E.00262
;WIDTH:0.430842
G1 X193.25 Y188.706 E1.85238
;WIDTH:0.469667
G1 X193.217 Y188.867 E.00554
G1 X193.136 Y188.883 E.00277
;WIDTH:0.447481
G1 X193.056 Y188.9 E.00262
;WIDTH:0.430842
G1 X76.344 Y188.9 E3.57867
G1 E-.728 F1800
;WIPE_START
G1 F30000
G1 X77.544 Y188.9 E-.072
;WIPE_END
G1 X74.877 Y189.75 Z12.6
G1 Z12.2
G1 E.8 F1800
;WIDTH:0.517526
G1 F13963.988
G1 X68.363 Y189.75 E.24439
G1 E-.728 F1800
;WIPE_START
G1 F30000
G1 X69.563 Y189.75 E-.072
;WIPE_END
G1 X69.401 Y182.119 Z12.6
G1 X68.159 Y123.609 Z12.6
G1 Z12.2
G1 E.8 F1800
;TYPE:Inner wall
;WIDTH:0.45
G1 F6000
G1 X75.6 Y123.609 E.23941
G1 X74.785 Y124.433 E.0373
G1 X74.647 Y124.491 E.0048
G1 X68.159 Y124.491 E.20875
G1 X68.159 Y123.649 E.02708
G1 X67.752 Y123.202 F30000
G1 F6000
G1 X76.148 Y123.202 E.27015
G1 X76.148 Y123.634 E.01389
G1 X75.017 Y124.778 E.05177
G1 X74.728 Y124.898 E.01005
G1 X67.752 Y124.898 E.22447
G1 X67.752 Y123.242 E.05328
G1 E-.728 F1800
;WIPE_START
G1 F30000
G1 X68.952 Y123.236 E-.072
;WIPE_END
G1 X63.548 Y119.559 Z12.6
G1 Z12.2
G1 E.8 F1800
G1 F6000
G1 X63.548 Y121.898 E.07526
G1 X63.348 Y121.898 E.00644
G1 X63.348 Y123.198 E.04183
G1 X62.752 Y123.198 E.01917
G1 X62.752 Y62.402 E1.95621
G1 X63.548 Y62.402 E.02561
G1 X63.548 Y119.519 E1.83783
G1 E-.728 F1800
;WIPE_START
G1 F30000
G1 X63.548 Y120.719 E-.072
;WIPE_END
G1 X67.36 Y123.59 Z12.6
G1 Z12.2
G1 E.8 F1800
SET_VELOCITY_LIMIT ACCEL=5000
;TYPE:Outer wall
;WIDTH:0.42
G1 F3600
G1 X64.96 Y123.59 E.07153
G1 X64.96 Y122.81 E.02325
G1 X192.86 Y122.81 E3.81211
G1 X192.86 Y62.79 E1.78892
G1 X63.94 Y62.79 E3.84251
G1 X63.94 Y122.29 E1.77342
G1 X63.74 Y122.29 E.00596
G1 X63.74 Y123.59 E.03875
G1 X62.36 Y123.59 E.04113
G1 X62.36 Y62.01 E1.83542
G1 X193.64 Y62.01 E3.91285
G1 X193.64 Y123.59 E1.83542
G1 X76.54 Y123.59 E3.49021
G1 X76.54 Y123.795 E.0061
G1 X75.24 Y125.109 E.0551
G1 X74.807 Y125.29 E.014
G1 X67.537 Y125.29 E.21668
G1 X67.36 Y125.113 E.00746
G1 X67.36 Y123.63 E.0442
G1 X67.556 Y123.2 F30000
SET_VELOCITY_LIMIT ACCEL=10000
;TYPE:Gap infill
;WIDTH:0.430842
G1 F15000
G1 X65.156 Y123.2 E.07359
G1 E-.728 F1800
;WIPE_START
G1 F30000
G1 X66.356 Y123.2 E-.072
;WIPE_END
G1 X63.05 Y122.994 Z12.6
G1 Z12.2
G1 E.8 F1800
;WIDTH:0.233529
G1 F15000
G1 X63.05 Y121.694 E.01959
G1 X63.074 Y121.647 E.00079
;WIDTH:0.302476
G1 X63.097 Y121.6 E.00108
;WIDTH:0.349668
G1 X63.121 Y121.553 E.00128
;WIDTH:0.39686
G1 X63.144 Y121.506 E.00148
;WIDTH:0.431684
G1 X63.15 Y62.606 E1.80993
G1 X63.744 Y62.4 F30000
;WIDTH:0.430842
G1 F15000
G1 X193.056 Y62.4 E3.96502
;WIDTH:0.469667
G1 X193.217 Y62.433 E.00554
G1 X193.233 Y62.514 E.00277
;WIDTH:0.447481
G1 X193.25 Y62.594 E.00262
;WIDTH:0.430842
G1 X193.25 Y123.006 E1.85238
;WIDTH:0.469667
G1 X193.217 Y123.167 E.00554
G1 X193.136 Y123.183 E.00277
;WIDTH:0.447481
G1 X193.056 Y123.2 E.00262
;WIDTH:0.430842
G1 X76.344 Y123.2 E3.57867
G1 E-.728 F1800
;WIPE_START
G1 F30000
G1 X77.544 Y123.2 E-.072
;WIPE_END
G1 X74.877 Y124.05 Z12.6
G1 Z12.2
G1 E.8 F1800
;WIDTH:0.517526
G1 F13963.988
G1 X68.363 Y124.05 E.24439
;LAYER_CHANGE
;Z:12.4
;HEIGHT:0.2
;BEFORE_LAYER_CHANGE
;12.4
G92 E0

G1 E-.728 F1800
;WIPE_START
G1 F30000
G1 X69.563 Y124.05 E-.072
;WIPE_END
M73 L62
;LAYER:62
SET_PRINT_STATS_INFO TOTAL_LAYER=93 CURRENT_LAYER=62
;_SET_FAN_SPEED_CHANGING_LAYER

G1 X69.0841 Y124.991 Z12.4571
G1 X68.0498 Y125.204 Z12.5143
G1 X67.2385 Y124.528 Z12.5714
G1 X67.2612 Y123.472 Z12.6286
G1 X68.1008 Y122.832 Z12.6857
G1 X69.1251 Y123.089 Z12.7429
G1 X69.5627 Y124.05 Z12.8
G1 X68.159 Y189.309 Z12.8
G1 Z12.4
G1 E.8 F1800
;TYPE:Inner wall
;WIDTH:0.45
G1 F6000
G1 X75.6 Y189.309 E.23941
G1 X74.785 Y190.133 E.0373
G1 X74.647 Y190.191 E.0048
G1 X68.159 Y190.191 E.20875
G1 X68.159 Y189.349 E.02708
G1 X67.752 Y188.902 F30000
G1 F6000
G1 X76.148 Y188.902 E.27015
G1 X76.148 Y189.334 E.01389
G1 X75.017 Y190.478 E.05177
G1 X74.728 Y190.598 E.01005
G1 X67.752 Y190.598 E.22447
G1 X67.752 Y188.942 E.05328
G1 E-.728 F1800
;WIPE_START
G1 F30000
G1 X68.952 Y188.936 E-.072
;WIPE_END
G1 X63.548 Y185.259 Z12.8
G1 Z12.4
G1 E.8 F1800
G1 F6000
G1 X63.548 Y187.598 E.07526
G1 X63.348 Y187.598 E.00644
G1 X63.348 Y188.898 E.04183
G1 X62.752 Y188.898 E.01917
G1 X62.752 Y128.102 E1.95621
G1 X63.548 Y128.102 E.02561
G1 X63.548 Y185.219 E1.83783
G1 E-.728 F1800
;WIPE_START
G1 F30000
G1 X63.548 Y186.419 E-.072
;WIPE_END
G1 X67.36 Y189.29 Z12.8
G1 Z12.4
G1 E.8 F1800
SET_VELOCITY_LIMIT ACCEL=5000
;TYPE:Outer wall
;WIDTH:0.42
G1 F3600
G1 X64.96 Y189.29 E.07153
G1 X64.96 Y188.51 E.02325
G1 X192.86 Y188.51 E3.81211
G1 X192.86 Y128.49 E1.78892
G1 X63.94 Y128.49 E3.84251
G1 X63.94 Y187.99 E1.77342
G1 X63.74 Y187.99 E.00596
G1 X63.74 Y189.29 E.03875
G1 X62.36 Y189.29 E.04113
G1 X62.36 Y127.71 E1.83542
G1 X193.64 Y127.71 E3.91285
M73 P76 R17
G1 X193.64 Y189.29 E1.83542
G1 X76.54 Y189.29 E3.49021
G1 X76.54 Y189.495 E.0061
G1 X75.24 Y190.809 E.0551
G1 X74.807 Y190.99 E.014
G1 X67.537 Y190.99 E.21668
G1 X67.36 Y190.813 E.00746
G1 X67.36 Y189.33 E.0442
G1 X67.556 Y188.9 F30000
SET_VELOCITY_LIMIT ACCEL=10000
;TYPE:Gap infill
;WIDTH:0.430842
G1 F15000
G1 X65.156 Y188.9 E.07359
G1 E-.728 F1800
;WIPE_START
G1 F30000
G1 X66.356 Y188.9 E-.072
;WIPE_END
G1 X63.05 Y188.694 Z12.8
G1 Z12.4
G1 E.8 F1800
;WIDTH:0.233529
G1 F15000
G1 X63.05 Y187.394 E.01959
G1 X63.074 Y187.347 E.00079
;WIDTH:0.302476
G1 X63.097 Y187.3 E.00108
;WIDTH:0.349668
G1 X63.121 Y187.253 E.00128
;WIDTH:0.39686
G1 X63.144 Y187.206 E.00148
;WIDTH:0.431684
G1 X63.15 Y128.306 E1.80993
G1 X63.744 Y128.1 F30000
;WIDTH:0.430842
G1 F15000
G1 X193.056 Y128.1 E3.96502
;WIDTH:0.469667
G1 X193.217 Y128.133 E.00554
G1 X193.233 Y128.214 E.00277
;WIDTH:0.447481
G1 X193.25 Y128.294 E.00262
;WIDTH:0.430842
G1 X193.25 Y188.706 E1.85238
;WIDTH:0.469667
G1 X193.217 Y188.867 E.00554
G1 X193.136 Y188.883 E.00277
;WIDTH:0.447481
G1 X193.056 Y188.9 E.00262
;WIDTH:0.430842
G1 X76.344 Y188.9 E3.57867
G1 E-.728 F1800
;WIPE_START
G1 F30000
G1 X77.544 Y188.9 E-.072
;WIPE_END
G1 X74.877 Y189.75 Z12.8
G1 Z12.4
G1 E.8 F1800
;WIDTH:0.517526
G1 F13963.988
G1 X68.363 Y189.75 E.24439
G1 E-.728 F1800
;WIPE_START
G1 F30000
G1 X69.563 Y189.75 E-.072
;WIPE_END
G1 X69.401 Y182.119 Z12.8
G1 X68.159 Y123.609 Z12.8
G1 Z12.4
G1 E.8 F1800
;TYPE:Inner wall
;WIDTH:0.45
G1 F6000
G1 X75.6 Y123.609 E.23941
G1 X74.785 Y124.433 E.0373
G1 X74.647 Y124.491 E.0048
G1 X68.159 Y124.491 E.20875
G1 X68.159 Y123.649 E.02708
G1 X67.752 Y123.202 F30000
G1 F6000
G1 X76.148 Y123.202 E.27015
G1 X76.148 Y123.634 E.01389
G1 X75.017 Y124.778 E.05177
G1 X74.728 Y124.898 E.01005
G1 X67.752 Y124.898 E.22447
G1 X67.752 Y123.242 E.05328
G1 E-.728 F1800
;WIPE_START
G1 F30000
G1 X68.952 Y123.236 E-.072
;WIPE_END
G1 X63.548 Y119.559 Z12.8
G1 Z12.4
G1 E.8 F1800
G1 F6000
G1 X63.548 Y121.898 E.07526
G1 X63.348 Y121.898 E.00644
G1 X63.348 Y123.198 E.04183
G1 X62.752 Y123.198 E.01917
G1 X62.752 Y62.402 E1.95621
G1 X63.548 Y62.402 E.02561
G1 X63.548 Y119.519 E1.83783
G1 E-.728 F1800
;WIPE_START
G1 F30000
G1 X63.548 Y120.719 E-.072
;WIPE_END
G1 X67.36 Y123.59 Z12.8
G1 Z12.4
G1 E.8 F1800
SET_VELOCITY_LIMIT ACCEL=5000
;TYPE:Outer wall
;WIDTH:0.42
G1 F3600
G1 X64.96 Y123.59 E.07153
G1 X64.96 Y122.81 E.02325
G1 X192.86 Y122.81 E3.81211
G1 X192.86 Y62.79 E1.78892
G1 X63.94 Y62.79 E3.84251
G1 X63.94 Y122.29 E1.77342
G1 X63.74 Y122.29 E.00596
G1 X63.74 Y123.59 E.03875
G1 X62.36 Y123.59 E.04113
G1 X62.36 Y62.01 E1.83542
G1 X193.64 Y62.01 E3.91285
M73 P77 R17
G1 X193.64 Y123.59 E1.83542
G1 X76.54 Y123.59 E3.49021
G1 X76.54 Y123.795 E.0061
G1 X75.24 Y125.109 E.0551
G1 X74.807 Y125.29 E.014
G1 X67.537 Y125.29 E.21668
G1 X67.36 Y125.113 E.00746
G1 X67.36 Y123.63 E.0442
G1 X67.556 Y123.2 F30000
SET_VELOCITY_LIMIT ACCEL=10000
;TYPE:Gap infill
;WIDTH:0.430842
G1 F15000
G1 X65.156 Y123.2 E.07359
G1 E-.728 F1800
;WIPE_START
G1 F30000
G1 X66.356 Y123.2 E-.072
;WIPE_END
G1 X63.05 Y122.994 Z12.8
G1 Z12.4
G1 E.8 F1800
;WIDTH:0.233529
G1 F15000
G1 X63.05 Y121.694 E.01959
G1 X63.074 Y121.647 E.00079
;WIDTH:0.302476
G1 X63.097 Y121.6 E.00108
;WIDTH:0.349668
G1 X63.121 Y121.553 E.00128
;WIDTH:0.39686
G1 X63.144 Y121.506 E.00148
;WIDTH:0.431684
G1 X63.15 Y62.606 E1.80993
G1 X63.744 Y62.4 F30000
;WIDTH:0.430842
G1 F15000
G1 X193.056 Y62.4 E3.96502
;WIDTH:0.469667
G1 X193.217 Y62.433 E.00554
G1 X193.233 Y62.514 E.00277
;WIDTH:0.447481
G1 X193.25 Y62.594 E.00262
;WIDTH:0.430842
G1 X193.25 Y123.006 E1.85238
;WIDTH:0.469667
G1 X193.217 Y123.167 E.00554
G1 X193.136 Y123.183 E.00277
;WIDTH:0.447481
G1 X193.056 Y123.2 E.00262
;WIDTH:0.430842
G1 X76.344 Y123.2 E3.57867
G1 E-.728 F1800
;WIPE_START
G1 F30000
G1 X77.544 Y123.2 E-.072
;WIPE_END
G1 X74.877 Y124.05 Z12.8
G1 Z12.4
G1 E.8 F1800
;WIDTH:0.517526
G1 F13963.988
G1 X68.363 Y124.05 E.24439
;LAYER_CHANGE
;Z:12.6
;HEIGHT:0.200001
;BEFORE_LAYER_CHANGE
;12.6
G92 E0

G1 E-.728 F1800
;WIPE_START
G1 F30000
G1 X69.563 Y124.05 E-.072
;WIPE_END
M73 L63
;LAYER:63
SET_PRINT_STATS_INFO TOTAL_LAYER=93 CURRENT_LAYER=63
;_SET_FAN_SPEED_CHANGING_LAYER

G1 X69.0841 Y124.991 Z12.6571
G1 X68.0498 Y125.204 Z12.7143
G1 X67.2385 Y124.528 Z12.7714
G1 X67.2612 Y123.472 Z12.8286
G1 X68.1008 Y122.832 Z12.8857
G1 X69.1251 Y123.089 Z12.9429
G1 X69.5627 Y124.05 Z13
G1 X68.159 Y189.309 Z13
G1 Z12.6
G1 E.8 F1800
;TYPE:Inner wall
;WIDTH:0.45
G1 F6000
G1 X75.6 Y189.309 E.23941
G1 X74.827 Y190.091 E.03538
G1 X68.159 Y190.091 E.21453
G1 X68.159 Y189.349 E.02386
G1 X67.752 Y188.902 F30000
G1 F6000
G1 X76.148 Y188.902 E.27015
G1 X76.148 Y189.334 E.01389
G1 X75.017 Y190.478 E.05177
G1 X74.968 Y190.498 E.0017
G1 X67.752 Y190.498 E.23218
G1 X67.752 Y188.942 E.05006
G1 E-.728 F1800
;WIPE_START
G1 F30000
G1 X68.952 Y188.936 E-.072
;WIPE_END
G1 X63.548 Y185.259 Z13
G1 Z12.6
G1 E.8 F1800
G1 F6000
G1 X63.548 Y187.598 E.07526
G1 X63.348 Y187.598 E.00644
G1 X63.348 Y188.898 E.04183
G1 X62.752 Y188.898 E.01917
G1 X62.752 Y128.102 E1.95621
G1 X63.548 Y128.102 E.02561
G1 X63.548 Y185.219 E1.83783
G1 E-.728 F1800
;WIPE_START
G1 F30000
G1 X63.548 Y186.419 E-.072
;WIPE_END
G1 X67.36 Y189.29 Z13
G1 Z12.6
G1 E.8 F1800
SET_VELOCITY_LIMIT ACCEL=5000
;TYPE:Outer wall
;WIDTH:0.42
G1 F3600
G1 X64.96 Y189.29 E.07153
G1 X64.96 Y188.51 E.02325
G1 X192.86 Y188.51 E3.81211
G1 X192.86 Y128.49 E1.78892
G1 X63.94 Y128.49 E3.84251
G1 X63.94 Y187.99 E1.77342
G1 X63.74 Y187.99 E.00596
G1 X63.74 Y189.29 E.03875
G1 X62.36 Y189.29 E.04113
G1 X62.36 Y127.71 E1.83542
G1 X193.64 Y127.71 E3.91285
G1 X193.64 Y189.29 E1.83542
G1 X76.54 Y189.29 E3.49021
G1 X76.54 Y189.495 E.0061
G1 X75.24 Y190.809 E.0551
G1 X75.046 Y190.89 E.00626
G1 X67.437 Y190.89 E.2268
G1 X67.36 Y190.813 E.00324
G1 X67.36 Y189.33 E.0442
G1 X67.556 Y188.9 F30000
SET_VELOCITY_LIMIT ACCEL=10000
;TYPE:Gap infill
;WIDTH:0.430842
G1 F15000
G1 X65.156 Y188.9 E.07359
G1 E-.728 F1800
;WIPE_START
G1 F30000
G1 X66.356 Y188.9 E-.072
;WIPE_END
G1 X63.05 Y188.694 Z13
G1 Z12.6
G1 E.8 F1800
;WIDTH:0.233529
G1 F15000
G1 X63.05 Y187.394 E.01959
G1 X63.074 Y187.347 E.00079
;WIDTH:0.302476
G1 X63.097 Y187.3 E.00108
;WIDTH:0.349668
G1 X63.121 Y187.253 E.00128
;WIDTH:0.39686
G1 X63.144 Y187.206 E.00148
;WIDTH:0.431684
G1 X63.15 Y128.306 E1.80993
G1 X63.744 Y128.1 F30000
;WIDTH:0.430842
G1 F15000
G1 X193.056 Y128.1 E3.96502
;WIDTH:0.469667
G1 X193.217 Y128.133 E.00554
G1 X193.233 Y128.214 E.00277
;WIDTH:0.447481
G1 X193.25 Y128.294 E.00262
;WIDTH:0.430842
G1 X193.25 Y188.706 E1.85238
;WIDTH:0.469667
G1 X193.217 Y188.867 E.00554
G1 X193.136 Y188.883 E.00277
;WIDTH:0.447481
G1 X193.056 Y188.9 E.00262
;WIDTH:0.430842
G1 X76.344 Y188.9 E3.57867
G1 E-.728 F1800
;WIPE_START
G1 F30000
G1 X77.544 Y188.9 E-.072
;WIPE_END
G1 X74.927 Y189.7 Z13
G1 Z12.6
G1 E.8 F1800
;WIDTH:0.417526
G1 F15000
G1 X68.363 Y189.7 E.19436
G1 E-.728 F1800
;WIPE_START
G1 F30000
G1 X69.563 Y189.7 E-.072
;WIPE_END
G1 X69.401 Y182.069 Z13
G1 X68.159 Y123.609 Z13
G1 Z12.6
G1 E.8 F1800
;TYPE:Inner wall
;WIDTH:0.45
G1 F6000
G1 X75.6 Y123.609 E.23941
G1 X74.827 Y124.391 E.03538
G1 X68.159 Y124.391 E.21453
G1 X68.159 Y123.649 E.02386
G1 X67.752 Y123.202 F30000
G1 F6000
G1 X76.148 Y123.202 E.27015
G1 X76.148 Y123.634 E.01389
G1 X75.017 Y124.778 E.05177
G1 X74.968 Y124.798 E.0017
G1 X67.752 Y124.798 E.23218
G1 X67.752 Y123.242 E.05006
G1 E-.728 F1800
;WIPE_START
G1 F30000
G1 X68.952 Y123.236 E-.072
;WIPE_END
G1 X63.548 Y119.559 Z13
G1 Z12.6
G1 E.8 F1800
G1 F6000
G1 X63.548 Y121.898 E.07526
G1 X63.348 Y121.898 E.00644
G1 X63.348 Y123.198 E.04183
G1 X62.752 Y123.198 E.01917
G1 X62.752 Y62.402 E1.95621
G1 X63.548 Y62.402 E.02561
G1 X63.548 Y119.519 E1.83783
G1 E-.728 F1800
;WIPE_START
G1 F30000
G1 X63.548 Y120.719 E-.072
;WIPE_END
G1 X67.36 Y123.59 Z13
G1 Z12.6
G1 E.8 F1800
SET_VELOCITY_LIMIT ACCEL=5000
;TYPE:Outer wall
;WIDTH:0.42
G1 F3600
G1 X64.96 Y123.59 E.07153
G1 X64.96 Y122.81 E.02325
G1 X192.86 Y122.81 E3.81211
G1 X192.86 Y62.79 E1.78892
G1 X63.94 Y62.79 E3.84251
G1 X63.94 Y122.29 E1.77342
G1 X63.74 Y122.29 E.00596
G1 X63.74 Y123.59 E.03875
G1 X62.36 Y123.59 E.04113
G1 X62.36 Y62.01 E1.83542
G1 X193.64 Y62.01 E3.91285
G1 X193.64 Y123.59 E1.83542
G1 X76.54 Y123.59 E3.49021
G1 X76.54 Y123.795 E.0061
G1 X75.24 Y125.109 E.0551
G1 X75.046 Y125.19 E.00626
G1 X67.437 Y125.19 E.2268
G1 X67.36 Y125.113 E.00324
G1 X67.36 Y123.63 E.0442
G1 X67.556 Y123.2 F30000
SET_VELOCITY_LIMIT ACCEL=10000
;TYPE:Gap infill
;WIDTH:0.430842
G1 F15000
G1 X65.156 Y123.2 E.07359
G1 E-.728 F1800
;WIPE_START
G1 F30000
G1 X66.356 Y123.2 E-.072
;WIPE_END
G1 X63.05 Y122.994 Z13
G1 Z12.6
G1 E.8 F1800
;WIDTH:0.233529
G1 F15000
G1 X63.05 Y121.694 E.01959
G1 X63.074 Y121.647 E.00079
;WIDTH:0.302476
G1 X63.097 Y121.6 E.00108
;WIDTH:0.349668
G1 X63.121 Y121.553 E.00128
;WIDTH:0.39686
G1 X63.144 Y121.506 E.00148
;WIDTH:0.431684
G1 X63.15 Y62.606 E1.80993
G1 X63.744 Y62.4 F30000
;WIDTH:0.430842
G1 F15000
G1 X193.056 Y62.4 E3.96502
;WIDTH:0.469667
G1 X193.217 Y62.433 E.00554
G1 X193.233 Y62.514 E.00277
;WIDTH:0.447481
G1 X193.25 Y62.594 E.00262
;WIDTH:0.430842
G1 X193.25 Y123.006 E1.85238
;WIDTH:0.469667
G1 X193.217 Y123.167 E.00554
G1 X193.136 Y123.183 E.00277
;WIDTH:0.447481
G1 X193.056 Y123.2 E.00262
;WIDTH:0.430842
G1 X76.344 Y123.2 E3.57867
G1 E-.728 F1800
;WIPE_START
G1 F30000
G1 X77.544 Y123.2 E-.072
;WIPE_END
G1 X74.927 Y124 Z13
G1 Z12.6
G1 E.8 F1800
;WIDTH:0.417526
G1 F15000
G1 X68.363 Y124 E.19436
;LAYER_CHANGE
;Z:12.8
;HEIGHT:0.2
;BEFORE_LAYER_CHANGE
;12.8
G92 E0

G1 E-.728 F1800
;WIPE_START
G1 F30000
G1 X69.563 Y124 E-.072
;WIPE_END
M73 L64
;LAYER:64
SET_PRINT_STATS_INFO TOTAL_LAYER=93 CURRENT_LAYER=64
;_SET_FAN_SPEED_CHANGING_LAYER

G1 X69.0137 Y124.902 Z12.8571
M73 P77 R16
G1 X67.9661 Y125.035 Z12.9143
G1 X67.2088 Y124.299 Z12.9714
G1 X67.312 Y123.248 Z13.0286
G1 X68.198 Y122.674 Z13.0857
G1 X69.1997 Y123.008 Z13.1429
G1 X69.5627 Y124 Z13.2
G1 X63.548 Y185.259 Z13.2
G1 Z12.8
G1 E.8 F1800
;TYPE:Inner wall
;WIDTH:0.45
G1 F6000
G1 X63.548 Y187.598 E.07526
G1 X63.348 Y187.598 E.00644
G1 X63.348 Y188.898 E.04183
G1 X62.752 Y188.898 E.01917
G1 X62.752 Y128.102 E1.95621
G1 X63.548 Y128.102 E.02561
G1 X63.548 Y185.219 E1.83783
G1 E-.728 F1800
;WIPE_START
G1 F30000
G1 X63.548 Y186.419 E-.072
;WIPE_END
G1 X67.36 Y189.29 Z13.2
G1 Z12.8
G1 E.8 F1800
SET_VELOCITY_LIMIT ACCEL=5000
;TYPE:Outer wall
;WIDTH:0.42
G1 F3600
G1 X64.96 Y189.29 E.07153
G1 X64.96 Y188.51 E.02325
G1 X192.86 Y188.51 E3.81211
G1 X192.86 Y128.49 E1.78892
M73 P78 R16
G1 X63.94 Y128.49 E3.84251
G1 X63.94 Y187.99 E1.77342
G1 X63.74 Y187.99 E.00596
G1 X63.74 Y189.29 E.03875
G1 X62.36 Y189.29 E.04113
G1 X62.36 Y127.71 E1.83542
G1 X193.64 Y127.71 E3.91285
G1 X193.64 Y189.29 E1.83542
G1 X76.54 Y189.29 E3.49021
G1 X76.54 Y189.495 E.0061
G1 X75.358 Y190.69 E.0501
G1 X67.36 Y190.69 E.23838
G1 X67.36 Y189.33 E.04054
G1 X67.569 Y189.115 F30000
SET_VELOCITY_LIMIT ACCEL=10000
;TYPE:Gap infill
;WIDTH:0.129923
G1 F15000
G1 X67.578 Y189.089 E.00019
;WIDTH:0.152884
G1 X67.588 Y189.063 E.00024
;WIDTH:0.198807
G1 X67.598 Y189.038 E.00034
;WIDTH:0.24473
G1 X67.607 Y189.012 E.00043
;WIDTH:0.290653
G1 X67.617 Y188.987 E.00053
;WIDTH:0.336576
G1 X67.626 Y188.961 E.00063
;WIDTH:0.382498
G1 X67.636 Y188.936 E.00073
;WIDTH:0.428421
G1 X67.645 Y188.91 E.00083
;WIDTH:0.45131
G1 X76.255 Y188.91 E.27791
G1 X76.264 Y188.936 E.00088
;WIDTH:0.382498
G1 X76.274 Y188.961 E.00073
;WIDTH:0.336575
G1 X76.283 Y188.987 E.00063
;WIDTH:0.290653
G1 X76.293 Y189.012 E.00053
;WIDTH:0.24473
G1 X76.302 Y189.038 E.00043
;WIDTH:0.198807
G1 X76.312 Y189.063 E.00034
;WIDTH:0.152884
G1 X76.322 Y189.089 E.00024
;WIDTH:0.106962
G1 X76.331 Y189.115 E.00014
G1 X76.255 Y188.91 F30000
;WIDTH:0.43085
G1 F15000
G1 X193.056 Y188.9 E3.58148
;WIDTH:0.447481
G1 X193.136 Y188.883 E.00262
;WIDTH:0.469667
G1 X193.217 Y188.867 E.00277
G1 X193.25 Y188.706 E.00554
;WIDTH:0.430842
G1 X193.25 Y128.294 E1.85238
;WIDTH:0.447481
G1 X193.233 Y128.214 E.00262
;WIDTH:0.469667
G1 X193.217 Y128.133 E.00277
G1 X193.056 Y128.1 E.00554
;WIDTH:0.430842
G1 X63.744 Y128.1 E3.96502
G1 X63.15 Y128.306 F30000
;WIDTH:0.431684
G1 F15000
G1 X63.144 Y187.206 E1.80993
;WIDTH:0.39686
G1 X63.121 Y187.253 E.00148
;WIDTH:0.349668
G1 X63.097 Y187.3 E.00128
;WIDTH:0.302476
G1 X63.074 Y187.347 E.00108
;WIDTH:0.233529
G1 X63.05 Y187.394 E.00079
G1 X63.05 Y188.694 E.01959
G1 E-.728 F1800
;WIPE_START
G1 F30000
G1 X63.05 Y187.494 E-.072
;WIPE_END
G1 X65.156 Y188.9 Z13.2
G1 Z12.8
G1 E.8 F1800
;WIDTH:0.431584
G1 F15000
G1 X67.645 Y188.91 E.07647
G1 E-.728 F1800
;WIPE_START
G1 F30000
G1 X66.445 Y188.905 E-.072
;WIPE_END
G1 X73.949 Y190.3 Z13.2
G1 X75.036 Y190.502 Z13.2
G1 Z12.8
G1 E.8 F1800
SET_VELOCITY_LIMIT ACCEL=2000
;TYPE:Top surface
;WIDTH:0.42464
G1 F12000
G1 X76.352 Y189.186 E.0612
G1 X75.877 Y189.121 F30000
G1 F12000
G1 X74.496 Y190.502 E.06423
G1 X73.957 Y190.502 F30000
G1 F12000
G1 X75.338 Y189.121 E.06423
G1 X74.798 Y189.121 F30000
G1 F12000
G1 X73.417 Y190.502 E.06423
G1 X72.877 Y190.502 F30000
G1 F12000
G1 X74.258 Y189.121 E.06423
G1 X73.718 Y189.121 F30000
G1 F12000
G1 X72.337 Y190.502 E.06423
G1 X71.797 Y190.502 F30000
G1 F12000
G1 X73.178 Y189.121 E.06423
G1 X72.638 Y189.121 F30000
G1 F12000
G1 X71.257 Y190.502 E.06423
G1 X70.718 Y190.502 F30000
G1 F12000
G1 X72.099 Y189.121 E.06423
G1 X71.559 Y189.121 F30000
G1 F12000
G1 X70.178 Y190.502 E.06423
G1 X69.638 Y190.502 F30000
G1 F12000
G1 X71.019 Y189.121 E.06423
G1 X70.479 Y189.121 F30000
G1 F12000
G1 X69.098 Y190.502 E.06423
G1 X68.558 Y190.502 F30000
G1 F12000
G1 X69.939 Y189.121 E.06423
G1 X69.399 Y189.121 F30000
G1 F12000
G1 X68.018 Y190.502 E.06423
G1 X67.548 Y190.433 F30000
G1 F12000
G1 X68.86 Y189.121 E.06101
G1 X68.32 Y189.121 F30000
G1 F12000
G1 X67.548 Y189.893 E.0359
G1 E-.7345 F1800
;WIPE_START
G1 F30000
G1 X68.32 Y189.121 E-.0655
;WIPE_END
G1 X67.797 Y181.507 Z13.2
G1 X63.548 Y119.559 Z13.2
G1 Z12.8
G1 E.8 F1800
SET_VELOCITY_LIMIT ACCEL=10000
;TYPE:Inner wall
;WIDTH:0.45
G1 F6000
G1 X63.548 Y121.898 E.07526
G1 X63.348 Y121.898 E.00644
G1 X63.348 Y123.198 E.04183
G1 X62.752 Y123.198 E.01917
G1 X62.752 Y62.402 E1.95621
G1 X63.548 Y62.402 E.02561
G1 X63.548 Y119.519 E1.83783
G1 E-.728 F1800
;WIPE_START
G1 F30000
G1 X63.548 Y120.719 E-.072
;WIPE_END
G1 X67.36 Y123.59 Z13.2
G1 Z12.8
G1 E.8 F1800
SET_VELOCITY_LIMIT ACCEL=5000
;TYPE:Outer wall
;WIDTH:0.42
G1 F3600
G1 X64.96 Y123.59 E.07153
G1 X64.96 Y122.81 E.02325
G1 X192.86 Y122.81 E3.81211
G1 X192.86 Y62.79 E1.78892
G1 X63.94 Y62.79 E3.84251
G1 X63.94 Y122.29 E1.77342
G1 X63.74 Y122.29 E.00596
G1 X63.74 Y123.59 E.03875
G1 X62.36 Y123.59 E.04113
G1 X62.36 Y62.01 E1.83542
G1 X193.64 Y62.01 E3.91285
G1 X193.64 Y123.59 E1.83542
G1 X76.54 Y123.59 E3.49021
G1 X76.54 Y123.795 E.0061
G1 X75.358 Y124.99 E.0501
G1 X67.36 Y124.99 E.23838
G1 X67.36 Y123.63 E.04054
G1 X67.569 Y123.415 F30000
SET_VELOCITY_LIMIT ACCEL=10000
;TYPE:Gap infill
;WIDTH:0.129923
G1 F15000
G1 X67.578 Y123.389 E.00019
;WIDTH:0.152884
G1 X67.588 Y123.363 E.00024
;WIDTH:0.198807
G1 X67.598 Y123.338 E.00034
;WIDTH:0.24473
G1 X67.607 Y123.312 E.00043
;WIDTH:0.290653
G1 X67.617 Y123.287 E.00053
;WIDTH:0.336576
G1 X67.626 Y123.261 E.00063
;WIDTH:0.382498
G1 X67.636 Y123.236 E.00073
;WIDTH:0.428421
G1 X67.645 Y123.21 E.00083
;WIDTH:0.45131
G1 X76.255 Y123.21 E.27791
G1 X76.264 Y123.236 E.00088
;WIDTH:0.382498
G1 X76.274 Y123.261 E.00073
;WIDTH:0.336575
G1 X76.283 Y123.287 E.00063
;WIDTH:0.290653
G1 X76.293 Y123.312 E.00053
;WIDTH:0.24473
G1 X76.302 Y123.338 E.00043
;WIDTH:0.198807
G1 X76.312 Y123.363 E.00034
;WIDTH:0.152884
G1 X76.322 Y123.389 E.00024
;WIDTH:0.106962
G1 X76.331 Y123.415 E.00014
G1 X76.255 Y123.21 F30000
;WIDTH:0.43085
G1 F15000
G1 X193.056 Y123.2 E3.58148
;WIDTH:0.447481
G1 X193.136 Y123.183 E.00262
;WIDTH:0.469667
G1 X193.217 Y123.167 E.00277
G1 X193.25 Y123.006 E.00554
;WIDTH:0.430842
G1 X193.25 Y62.594 E1.85238
;WIDTH:0.447481
G1 X193.233 Y62.514 E.00262
;WIDTH:0.469667
G1 X193.217 Y62.433 E.00277
G1 X193.056 Y62.4 E.00554
;WIDTH:0.430842
G1 X63.744 Y62.4 E3.96502
G1 X63.15 Y62.606 F30000
;WIDTH:0.431684
G1 F15000
G1 X63.144 Y121.506 E1.80993
;WIDTH:0.39686
G1 X63.121 Y121.553 E.00148
;WIDTH:0.349668
G1 X63.097 Y121.6 E.00128
;WIDTH:0.302476
G1 X63.074 Y121.647 E.00108
;WIDTH:0.233529
G1 X63.05 Y121.694 E.00079
G1 X63.05 Y122.994 E.01959
G1 E-.728 F1800
;WIPE_START
G1 F30000
G1 X63.05 Y121.794 E-.072
;WIPE_END
G1 X65.156 Y123.2 Z13.2
G1 Z12.8
G1 E.8 F1800
;WIDTH:0.431584
G1 F15000
G1 X67.645 Y123.21 E.07647
G1 E-.728 F1800
;WIPE_START
G1 F30000
G1 X66.445 Y123.205 E-.072
;WIPE_END
G1 X73.949 Y124.6 Z13.2
G1 X75.036 Y124.802 Z13.2
G1 Z12.8
G1 E.8 F1800
SET_VELOCITY_LIMIT ACCEL=2000
;TYPE:Top surface
;WIDTH:0.42464
G1 F12000
G1 X76.352 Y123.486 E.0612
G1 X75.877 Y123.421 F30000
G1 F12000
G1 X74.496 Y124.802 E.06423
G1 X73.957 Y124.802 F30000
G1 F12000
G1 X75.338 Y123.421 E.06423
G1 X74.798 Y123.421 F30000
G1 F12000
G1 X73.417 Y124.802 E.06423
G1 X72.877 Y124.802 F30000
G1 F12000
G1 X74.258 Y123.421 E.06423
G1 X73.718 Y123.421 F30000
G1 F12000
G1 X72.337 Y124.802 E.06423
G1 X71.797 Y124.802 F30000
G1 F12000
G1 X73.178 Y123.421 E.06423
G1 X72.638 Y123.421 F30000
G1 F12000
G1 X71.257 Y124.802 E.06423
G1 X70.718 Y124.802 F30000
G1 F12000
G1 X72.099 Y123.421 E.06423
G1 X71.559 Y123.421 F30000
G1 F12000
G1 X70.178 Y124.802 E.06423
G1 X69.638 Y124.802 F30000
G1 F12000
G1 X71.019 Y123.421 E.06423
G1 X70.479 Y123.421 F30000
G1 F12000
G1 X69.098 Y124.802 E.06423
G1 X68.558 Y124.802 F30000
G1 F12000
G1 X69.939 Y123.421 E.06423
G1 X69.399 Y123.421 F30000
G1 F12000
G1 X68.018 Y124.802 E.06423
G1 X67.548 Y124.733 F30000
G1 F12000
G1 X68.86 Y123.421 E.06101
G1 X68.32 Y123.421 F30000
G1 F12000
G1 X67.548 Y124.193 E.0359
;LAYER_CHANGE
;Z:13
;HEIGHT:0.2
;BEFORE_LAYER_CHANGE
;13
G92 E0

G1 E-.7345 F1800
;WIPE_START
G1 F30000
G1 X68.32 Y123.421 E-.0655
;WIPE_END
M73 L65
;LAYER:65
SET_PRINT_STATS_INFO TOTAL_LAYER=93 CURRENT_LAYER=65
;_SET_FAN_SPEED_CHANGING_LAYER

G1 X67.3197 Y123.76 Z13.0571
G1 X66.4309 Y123.19 Z13.1143
G1 X66.3228 Y122.14 Z13.1714
G1 X67.0767 Y121.4 Z13.2286
G1 X68.1249 Y121.528 Z13.2857
G1 X68.6781 Y122.428 Z13.3429
G1 X68.3198 Y123.421 Z13.4
G1 X63.548 Y128.102 Z13.4
G1 Z13
G1 E.8 F1800
SET_VELOCITY_LIMIT ACCEL=10000
;TYPE:Inner wall
;WIDTH:0.45
G1 F6000
G1 X63.548 Y187.598 E1.91438
G1 X63.348 Y187.598 E.00644
G1 X63.348 Y188.898 E.04183
G1 X62.752 Y188.898 E.01917
G1 X62.752 Y128.102 E1.95621
G1 X63.508 Y128.102 E.02432
G1 E-.728 F1800
;WIPE_START
G1 F30000
G1 X63.509 Y129.302 E-.072
;WIPE_END
G1 X71.141 Y129.254 Z13.4
G1 X192.86 Y128.49 Z13.4
G1 Z13
G1 E.8 F1800
SET_VELOCITY_LIMIT ACCEL=5000
;TYPE:Outer wall
;WIDTH:0.42
G1 F3600
G1 X63.94 Y128.49 E3.84251
G1 X63.94 Y187.99 E1.77342
G1 X63.74 Y187.99 E.00596
G1 X63.74 Y189.29 E.03875
G1 X62.36 Y189.29 E.04113
G1 X62.36 Y127.71 E1.83542
G1 X193.64 Y127.71 E3.91285
G1 X193.64 Y189.29 E1.83542
G1 X64.96 Y189.29 E3.83536
G1 X64.96 Y188.51 E.02325
G1 X192.86 Y188.51 E3.81211
G1 X192.86 Y128.53 E1.78773
M73 P79 R16
G1 X193.25 Y128.294 F30000
SET_VELOCITY_LIMIT ACCEL=10000
;TYPE:Gap infill
;WIDTH:0.430842
G1 F15000
G1 X193.25 Y188.706 E1.85238
;WIDTH:0.469667
G1 X193.217 Y188.867 E.00554
G1 X193.136 Y188.883 E.00277
;WIDTH:0.447481
G1 X193.056 Y188.9 E.00262
;WIDTH:0.430842
G1 X65.156 Y188.9 E3.92172
G1 E-.728 F1800
;WIPE_START
G1 F30000
G1 X66.356 Y188.9 E-.072
;WIPE_END
G1 X63.05 Y188.694 Z13.4
G1 Z13
G1 E.8 F1800
;WIDTH:0.233529
G1 F15000
G1 X63.05 Y187.394 E.01959
G1 X63.074 Y187.347 E.00079
;WIDTH:0.302476
G1 X63.097 Y187.3 E.00108
;WIDTH:0.349668
G1 X63.121 Y187.253 E.00128
;WIDTH:0.39686
G1 X63.144 Y187.206 E.00148
;WIDTH:0.431684
G1 X63.15 Y128.306 E1.80993
G1 X63.744 Y128.1 F30000
;WIDTH:0.430842
G1 F15000
G1 X193.056 Y128.1 E3.96502
;WIDTH:0.469667
G1 X193.217 Y128.133 E.00554
G1 X193.233 Y128.214 E.00277
;WIDTH:0.447481
G1 X193.25 Y128.294 E.00262
G1 E-.79508 F1800
;WIPE_START
G1 F30000
G1 X193.233 Y128.214 E-.00492
;WIPE_END
G1 X186.427 Y124.76 Z13.4
G1 X63.548 Y62.402 Z13.4
G1 Z13
G1 E.8 F1800
;TYPE:Inner wall
;WIDTH:0.45
G1 F6000
G1 X63.548 Y121.898 E1.91438
G1 X63.348 Y121.898 E.00644
G1 X63.348 Y123.198 E.04183
G1 X62.752 Y123.198 E.01917
G1 X62.752 Y62.402 E1.95621
G1 X63.508 Y62.402 E.02432
G1 E-.728 F1800
;WIPE_START
G1 F30000
G1 X63.509 Y63.602 E-.072
;WIPE_END
G1 X71.141 Y63.554 Z13.4
G1 X192.86 Y62.79 Z13.4
G1 Z13
G1 E.8 F1800
SET_VELOCITY_LIMIT ACCEL=5000
;TYPE:Outer wall
;WIDTH:0.42
G1 F3600
G1 X63.94 Y62.79 E3.84251
G1 X63.94 Y122.29 E1.77342
G1 X63.74 Y122.29 E.00596
G1 X63.74 Y123.59 E.03875
G1 X62.36 Y123.59 E.04113
G1 X62.36 Y62.01 E1.83542
G1 X193.64 Y62.01 E3.91285
M73 P79 R15
G1 X193.64 Y123.59 E1.83542
G1 X64.96 Y123.59 E3.83536
G1 X64.96 Y122.81 E.02325
G1 X192.86 Y122.81 E3.81211
G1 X192.86 Y62.83 E1.78773
G1 X193.25 Y62.594 F30000
SET_VELOCITY_LIMIT ACCEL=10000
;TYPE:Gap infill
;WIDTH:0.430842
G1 F15000
G1 X193.25 Y123.006 E1.85238
;WIDTH:0.469667
G1 X193.217 Y123.167 E.00554
G1 X193.136 Y123.183 E.00277
;WIDTH:0.447481
G1 X193.056 Y123.2 E.00262
;WIDTH:0.430842
G1 X65.156 Y123.2 E3.92172
G1 E-.728 F1800
;WIPE_START
G1 F30000
G1 X66.356 Y123.2 E-.072
;WIPE_END
G1 X63.05 Y122.994 Z13.4
G1 Z13
G1 E.8 F1800
;WIDTH:0.233529
G1 F15000
G1 X63.05 Y121.694 E.01959
G1 X63.074 Y121.647 E.00079
;WIDTH:0.302476
G1 X63.097 Y121.6 E.00108
;WIDTH:0.349668
G1 X63.121 Y121.553 E.00128
;WIDTH:0.39686
G1 X63.144 Y121.506 E.00148
;WIDTH:0.431684
G1 X63.15 Y62.606 E1.80993
G1 X63.744 Y62.4 F30000
;WIDTH:0.430842
G1 F15000
G1 X193.056 Y62.4 E3.96502
;WIDTH:0.469667
G1 X193.217 Y62.433 E.00554
G1 X193.233 Y62.514 E.00277
;WIDTH:0.447481
G1 X193.25 Y62.594 E.00262
;LAYER_CHANGE
;Z:13.2
;HEIGHT:0.2
;BEFORE_LAYER_CHANGE
;13.2
G92 E0

G1 E-.79508 F1800
;WIPE_START
G1 F30000
G1 X193.233 Y62.514 E-.00492
;WIPE_END
M73 L66
;LAYER:66
SET_PRINT_STATS_INFO TOTAL_LAYER=93 CURRENT_LAYER=66
;_SET_FAN_SPEED_CHANGING_LAYER

G1 X192.178 Y62.5341 Z13.2571
G1 X191.503 Y61.7215 Z13.3143
G1 X191.718 Y60.6875 Z13.3714
G1 X192.66 Y60.2109 Z13.4286
G1 X193.621 Y60.6505 Z13.4857
G1 X193.876 Y61.6753 Z13.5429
G1 X193.233 Y62.5136 Z13.6
G1 X63.548 Y128.102 Z13.6
G1 Z13.2
G1 E.8 F1800
;TYPE:Inner wall
;WIDTH:0.45
G1 F6000
G1 X63.548 Y187.598 E1.91438
G1 X63.348 Y187.598 E.00644
G1 X63.348 Y188.898 E.04183
G1 X62.752 Y188.898 E.01917
G1 X62.752 Y128.102 E1.95621
G1 X63.508 Y128.102 E.02432
G1 E-.728 F1800
;WIPE_START
G1 F30000
G1 X63.509 Y129.302 E-.072
;WIPE_END
G1 X71.141 Y129.254 Z13.6
G1 X192.86 Y128.49 Z13.6
G1 Z13.2
G1 E.8 F1800
SET_VELOCITY_LIMIT ACCEL=5000
;TYPE:Outer wall
;WIDTH:0.42
G1 F3600
G1 X63.94 Y128.49 E3.84251
G1 X63.94 Y187.99 E1.77342
G1 X63.74 Y187.99 E.00596
G1 X63.74 Y189.29 E.03875
G1 X62.36 Y189.29 E.04113
G1 X62.36 Y127.71 E1.83542
G1 X193.64 Y127.71 E3.91285
G1 X193.64 Y189.29 E1.83542
G1 X64.96 Y189.29 E3.83536
G1 X64.96 Y188.51 E.02325
G1 X192.86 Y188.51 E3.81211
G1 X192.86 Y128.53 E1.78773
G1 X193.25 Y128.294 F30000
SET_VELOCITY_LIMIT ACCEL=10000
;TYPE:Gap infill
;WIDTH:0.430842
G1 F15000
G1 X193.25 Y188.706 E1.85238
;WIDTH:0.469667
G1 X193.217 Y188.867 E.00554
G1 X193.136 Y188.883 E.00277
;WIDTH:0.447481
G1 X193.056 Y188.9 E.00262
;WIDTH:0.430842
G1 X65.156 Y188.9 E3.92172
G1 E-.728 F1800
;WIPE_START
G1 F30000
G1 X66.356 Y188.9 E-.072
;WIPE_END
G1 X63.05 Y188.694 Z13.6
G1 Z13.2
G1 E.8 F1800
;WIDTH:0.233529
G1 F15000
G1 X63.05 Y187.394 E.01959
G1 X63.074 Y187.347 E.00079
;WIDTH:0.302476
G1 X63.097 Y187.3 E.00108
;WIDTH:0.349668
G1 X63.121 Y187.253 E.00128
;WIDTH:0.39686
G1 X63.144 Y187.206 E.00148
;WIDTH:0.431684
G1 X63.15 Y128.306 E1.80993
G1 X63.744 Y128.1 F30000
;WIDTH:0.430842
G1 F15000
G1 X193.056 Y128.1 E3.96502
;WIDTH:0.469667
G1 X193.217 Y128.133 E.00554
G1 X193.233 Y128.214 E.00277
;WIDTH:0.447481
G1 X193.25 Y128.294 E.00262
G1 E-.79508 F1800
;WIPE_START
G1 F30000
G1 X193.233 Y128.214 E-.00492
;WIPE_END
G1 X186.427 Y124.76 Z13.6
G1 X63.548 Y62.402 Z13.6
G1 Z13.2
G1 E.8 F1800
;TYPE:Inner wall
;WIDTH:0.45
G1 F6000
G1 X63.548 Y121.898 E1.91438
G1 X63.348 Y121.898 E.00644
G1 X63.348 Y123.198 E.04183
G1 X62.752 Y123.198 E.01917
G1 X62.752 Y62.402 E1.95621
G1 X63.508 Y62.402 E.02432
G1 E-.728 F1800
;WIPE_START
G1 F30000
G1 X63.509 Y63.602 E-.072
;WIPE_END
G1 X71.141 Y63.554 Z13.6
G1 X192.86 Y62.79 Z13.6
G1 Z13.2
G1 E.8 F1800
SET_VELOCITY_LIMIT ACCEL=5000
;TYPE:Outer wall
;WIDTH:0.42
G1 F3600
G1 X63.94 Y62.79 E3.84251
G1 X63.94 Y122.29 E1.77342
G1 X63.74 Y122.29 E.00596
G1 X63.74 Y123.59 E.03875
G1 X62.36 Y123.59 E.04113
G1 X62.36 Y62.01 E1.83542
G1 X193.64 Y62.01 E3.91285
G1 X193.64 Y123.59 E1.83542
M73 P80 R15
G1 X64.96 Y123.59 E3.83536
G1 X64.96 Y122.81 E.02325
G1 X192.86 Y122.81 E3.81211
G1 X192.86 Y62.83 E1.78773
G1 X193.25 Y62.594 F30000
SET_VELOCITY_LIMIT ACCEL=10000
;TYPE:Gap infill
;WIDTH:0.430842
G1 F15000
G1 X193.25 Y123.006 E1.85238
;WIDTH:0.469667
G1 X193.217 Y123.167 E.00554
G1 X193.136 Y123.183 E.00277
;WIDTH:0.447481
G1 X193.056 Y123.2 E.00262
;WIDTH:0.430842
G1 X65.156 Y123.2 E3.92172
G1 E-.728 F1800
;WIPE_START
G1 F30000
G1 X66.356 Y123.2 E-.072
;WIPE_END
G1 X63.05 Y122.994 Z13.6
G1 Z13.2
G1 E.8 F1800
;WIDTH:0.233529
G1 F15000
G1 X63.05 Y121.694 E.01959
G1 X63.074 Y121.647 E.00079
;WIDTH:0.302476
G1 X63.097 Y121.6 E.00108
;WIDTH:0.349668
G1 X63.121 Y121.553 E.00128
;WIDTH:0.39686
G1 X63.144 Y121.506 E.00148
;WIDTH:0.431684
G1 X63.15 Y62.606 E1.80993
G1 X63.744 Y62.4 F30000
;WIDTH:0.430842
G1 F15000
G1 X193.056 Y62.4 E3.96502
;WIDTH:0.469667
G1 X193.217 Y62.433 E.00554
G1 X193.233 Y62.514 E.00277
;WIDTH:0.447481
G1 X193.25 Y62.594 E.00262
;LAYER_CHANGE
;Z:13.4
;HEIGHT:0.2
;BEFORE_LAYER_CHANGE
;13.4
G92 E0

G1 E-.79508 F1800
;WIPE_START
G1 F30000
G1 X193.233 Y62.514 E-.00492
;WIPE_END
M73 L67
;LAYER:67
SET_PRINT_STATS_INFO TOTAL_LAYER=93 CURRENT_LAYER=67
;_SET_FAN_SPEED_CHANGING_LAYER

G1 X192.178 Y62.5341 Z13.4571
G1 X191.503 Y61.7215 Z13.5143
G1 X191.718 Y60.6875 Z13.5714
G1 X192.66 Y60.2109 Z13.6286
G1 X193.621 Y60.6505 Z13.6857
G1 X193.876 Y61.6753 Z13.7429
G1 X193.233 Y62.5136 Z13.8
G1 X63.548 Y128.102 Z13.8
G1 Z13.4
G1 E.8 F1800
;TYPE:Inner wall
;WIDTH:0.45
G1 F6000
G1 X63.548 Y187.598 E1.91438
G1 X63.348 Y187.598 E.00644
G1 X63.348 Y188.898 E.04183
G1 X62.752 Y188.898 E.01917
G1 X62.752 Y128.102 E1.95621
G1 X63.508 Y128.102 E.02432
G1 E-.728 F1800
;WIPE_START
G1 F30000
G1 X63.509 Y129.302 E-.072
;WIPE_END
G1 X71.141 Y129.254 Z13.8
G1 X192.86 Y128.49 Z13.8
G1 Z13.4
G1 E.8 F1800
SET_VELOCITY_LIMIT ACCEL=5000
;TYPE:Outer wall
;WIDTH:0.42
G1 F3600
G1 X63.94 Y128.49 E3.84251
G1 X63.94 Y187.99 E1.77342
G1 X63.74 Y187.99 E.00596
G1 X63.74 Y189.29 E.03875
G1 X62.36 Y189.29 E.04113
G1 X62.36 Y127.71 E1.83542
G1 X193.64 Y127.71 E3.91285
G1 X193.64 Y189.29 E1.83542
G1 X64.96 Y189.29 E3.83536
G1 X64.96 Y188.51 E.02325
G1 X192.86 Y188.51 E3.81211
G1 X192.86 Y128.53 E1.78773
G1 X193.25 Y128.294 F30000
SET_VELOCITY_LIMIT ACCEL=10000
;TYPE:Gap infill
;WIDTH:0.430842
G1 F15000
G1 X193.25 Y188.706 E1.85238
;WIDTH:0.469667
G1 X193.217 Y188.867 E.00554
G1 X193.136 Y188.883 E.00277
;WIDTH:0.447481
G1 X193.056 Y188.9 E.00262
;WIDTH:0.430842
G1 X65.156 Y188.9 E3.92172
G1 E-.728 F1800
M73 P80 R14
;WIPE_START
G1 F30000
G1 X66.356 Y188.9 E-.072
;WIPE_END
G1 X63.05 Y188.694 Z13.8
G1 Z13.4
G1 E.8 F1800
;WIDTH:0.233529
G1 F15000
G1 X63.05 Y187.394 E.01959
G1 X63.074 Y187.347 E.00079
;WIDTH:0.302476
G1 X63.097 Y187.3 E.00108
;WIDTH:0.349668
G1 X63.121 Y187.253 E.00128
;WIDTH:0.39686
G1 X63.144 Y187.206 E.00148
;WIDTH:0.431684
G1 X63.15 Y128.306 E1.80993
G1 X63.744 Y128.1 F30000
;WIDTH:0.430842
G1 F15000
G1 X193.056 Y128.1 E3.96502
;WIDTH:0.469667
G1 X193.217 Y128.133 E.00554
G1 X193.233 Y128.214 E.00277
;WIDTH:0.447481
G1 X193.25 Y128.294 E.00262
G1 E-.79508 F1800
;WIPE_START
G1 F30000
G1 X193.233 Y128.214 E-.00492
;WIPE_END
G1 X186.427 Y124.76 Z13.8
G1 X63.548 Y62.402 Z13.8
G1 Z13.4
G1 E.8 F1800
;TYPE:Inner wall
;WIDTH:0.45
G1 F6000
G1 X63.548 Y121.898 E1.91438
G1 X63.348 Y121.898 E.00644
G1 X63.348 Y123.198 E.04183
G1 X62.752 Y123.198 E.01917
G1 X62.752 Y62.402 E1.95621
G1 X63.508 Y62.402 E.02432
G1 E-.728 F1800
;WIPE_START
G1 F30000
G1 X63.509 Y63.602 E-.072
;WIPE_END
G1 X71.141 Y63.554 Z13.8
G1 X192.86 Y62.79 Z13.8
G1 Z13.4
G1 E.8 F1800
SET_VELOCITY_LIMIT ACCEL=5000
;TYPE:Outer wall
;WIDTH:0.42
G1 F3600
G1 X63.94 Y62.79 E3.84251
G1 X63.94 Y122.29 E1.77342
G1 X63.74 Y122.29 E.00596
G1 X63.74 Y123.59 E.03875
G1 X62.36 Y123.59 E.04113
G1 X62.36 Y62.01 E1.83542
G1 X193.64 Y62.01 E3.91285
G1 X193.64 Y123.59 E1.83542
G1 X64.96 Y123.59 E3.83536
G1 X64.96 Y122.81 E.02325
G1 X192.86 Y122.81 E3.81211
G1 X192.86 Y62.83 E1.78773
G1 X193.25 Y62.594 F30000
SET_VELOCITY_LIMIT ACCEL=10000
;TYPE:Gap infill
;WIDTH:0.430842
G1 F15000
G1 X193.25 Y123.006 E1.85238
;WIDTH:0.469667
G1 X193.217 Y123.167 E.00554
G1 X193.136 Y123.183 E.00277
;WIDTH:0.447481
G1 X193.056 Y123.2 E.00262
;WIDTH:0.430842
G1 X65.156 Y123.2 E3.92172
G1 E-.728 F1800
;WIPE_START
G1 F30000
G1 X66.356 Y123.2 E-.072
;WIPE_END
G1 X63.05 Y122.994 Z13.8
G1 Z13.4
G1 E.8 F1800
;WIDTH:0.233529
G1 F15000
G1 X63.05 Y121.694 E.01959
G1 X63.074 Y121.647 E.00079
;WIDTH:0.302476
G1 X63.097 Y121.6 E.00108
;WIDTH:0.349668
G1 X63.121 Y121.553 E.00128
;WIDTH:0.39686
G1 X63.144 Y121.506 E.00148
;WIDTH:0.431684
G1 X63.15 Y62.606 E1.80993
G1 X63.744 Y62.4 F30000
;WIDTH:0.430842
G1 F15000
G1 X193.056 Y62.4 E3.96502
;WIDTH:0.469667
G1 X193.217 Y62.433 E.00554
G1 X193.233 Y62.514 E.00277
;WIDTH:0.447481
G1 X193.25 Y62.594 E.00262
;LAYER_CHANGE
;Z:13.6
;HEIGHT:0.200001
;BEFORE_LAYER_CHANGE
;13.6
G92 E0

G1 E-.79508 F1800
;WIPE_START
G1 F30000
G1 X193.233 Y62.514 E-.00492
;WIPE_END
M73 L68
;LAYER:68
SET_PRINT_STATS_INFO TOTAL_LAYER=93 CURRENT_LAYER=68
;_SET_FAN_SPEED_CHANGING_LAYER

G1 X192.178 Y62.5341 Z13.6571
G1 X191.503 Y61.7215 Z13.7143
G1 X191.718 Y60.6875 Z13.7714
G1 X192.66 Y60.2109 Z13.8286
G1 X193.621 Y60.6505 Z13.8857
G1 X193.876 Y61.6753 Z13.9429
G1 X193.233 Y62.5136 Z14
G1 X63.548 Y128.102 Z14
G1 Z13.6
G1 E.8 F1800
;TYPE:Inner wall
;WIDTH:0.45
G1 F6000
G1 X63.548 Y156.752 E.92185
G1 X62.752 Y156.752 E.02561
G1 X62.752 Y128.102 E.92185
G1 X63.508 Y128.102 E.02432
G1 E-.728 F1800
;WIPE_START
G1 F30000
G1 X63.51 Y129.302 E-.072
;WIPE_END
G1 X63.519 Y136.935 Z14
G1 X63.548 Y160.248 Z14
G1 Z13.6
G1 E.8 F1800
G1 F6000
G1 X63.548 Y187.598 E.88002
G1 X63.348 Y187.598 E.00644
G1 X63.348 Y188.898 E.04183
G1 X62.752 Y188.898 E.01917
G1 X62.752 Y160.248 E.92185
G1 X63.508 Y160.248 E.02432
G1 E-.728 F1800
;WIPE_START
G1 F30000
G1 X63.51 Y161.448 E-.072
;WIPE_END
G1 X70.906 Y159.564 Z14
G1 X192.86 Y128.49 Z14
G1 Z13.6
G1 E.8 F1800
SET_VELOCITY_LIMIT ACCEL=5000
;TYPE:Outer wall
;WIDTH:0.42
G1 F3600
G1 X63.94 Y128.49 E3.84251
G1 X63.94 Y187.99 E1.77342
M73 P81 R14
G1 X63.74 Y187.99 E.00596
G1 X63.74 Y189.29 E.03875
G1 X62.36 Y189.29 E.04113
G1 X62.36 Y127.71 E1.83542
G1 X193.64 Y127.71 E3.91285
G1 X193.64 Y189.29 E1.83542
G1 X64.96 Y189.29 E3.83536
G1 X64.96 Y188.51 E.02325
G1 X192.86 Y188.51 E3.81211
G1 X192.86 Y128.53 E1.78773
G1 X193.25 Y128.294 F30000
SET_VELOCITY_LIMIT ACCEL=10000
;TYPE:Gap infill
;WIDTH:0.430842
G1 F15000
G1 X193.25 Y188.706 E1.85238
;WIDTH:0.469667
G1 X193.217 Y188.867 E.00554
G1 X193.136 Y188.883 E.00277
;WIDTH:0.447481
G1 X193.056 Y188.9 E.00262
;WIDTH:0.430842
G1 X65.156 Y188.9 E3.92172
G1 E-.728 F1800
;WIPE_START
G1 F30000
G1 X66.356 Y188.9 E-.072
;WIPE_END
G1 X63.05 Y188.694 Z14
G1 Z13.6
G1 E.8 F1800
;WIDTH:0.233529
G1 F15000
G1 X63.05 Y187.394 E.01959
G1 X63.074 Y187.347 E.00079
;WIDTH:0.302476
G1 X63.097 Y187.3 E.00108
;WIDTH:0.349668
G1 X63.121 Y187.253 E.00128
;WIDTH:0.39686
G1 X63.144 Y187.206 E.00148
;WIDTH:0.431683
G1 X63.15 Y160.452 E.82211
G1 E-.728 F1800
;WIPE_START
G1 F30000
G1 X63.15 Y161.652 E-.072
;WIPE_END
G1 X63.752 Y159.264 Z14
G1 Z13.6
G1 E.8 F1800
SET_VELOCITY_LIMIT ACCEL=2000
;TYPE:Top surface
;WIDTH:0.429263
G1 F12000
G1 X62.97 Y160.046 E.03681
G1 X62.548 Y159.922 F30000
G1 F12000
G1 X63.752 Y158.717 E.0567
G1 X63.752 Y158.171 F30000
G1 F12000
G1 X62.548 Y159.375 E.0567
G1 X62.548 Y158.829 F30000
G1 F12000
G1 X63.752 Y157.625 E.0567
G1 X63.752 Y157.078 F30000
G1 F12000
G1 X62.548 Y158.283 E.0567
G1 X62.548 Y157.736 F30000
G1 F12000
G1 X63.33 Y156.954 E.0368
G1 X63.15 Y156.548 F30000
SET_VELOCITY_LIMIT ACCEL=10000
;TYPE:Gap infill
;WIDTH:0.431684
G1 F15000
G1 X63.15 Y128.306 E.86786
G1 X63.744 Y128.1 F30000
;WIDTH:0.430842
G1 F15000
G1 X193.056 Y128.1 E3.96502
;WIDTH:0.469667
G1 X193.217 Y128.133 E.00554
G1 X193.233 Y128.214 E.00277
;WIDTH:0.447481
G1 X193.25 Y128.294 E.00262
G1 E-.79508 F1800
;WIPE_START
G1 F30000
G1 X193.233 Y128.214 E-.00492
;WIPE_END
G1 X186.427 Y124.76 Z14
G1 X63.548 Y62.402 Z14
G1 Z13.6
G1 E.8 F1800
;TYPE:Inner wall
;WIDTH:0.45
G1 F6000
G1 X63.548 Y91.052 E.92185
G1 X62.752 Y91.052 E.02561
G1 X62.752 Y62.402 E.92185
G1 X63.508 Y62.402 E.02432
G1 E-.728 F1800
;WIPE_START
G1 F30000
G1 X63.51 Y63.602 E-.072
;WIPE_END
G1 X63.519 Y71.235 Z14
G1 X63.548 Y94.548 Z14
G1 Z13.6
G1 E.8 F1800
G1 F6000
G1 X63.548 Y121.898 E.88002
G1 X63.348 Y121.898 E.00644
G1 X63.348 Y123.198 E.04183
G1 X62.752 Y123.198 E.01917
G1 X62.752 Y94.548 E.92185
G1 X63.508 Y94.548 E.02432
G1 E-.728 F1800
;WIPE_START
G1 F30000
G1 X63.51 Y95.748 E-.072
;WIPE_END
G1 X70.906 Y93.864 Z14
G1 X192.86 Y62.79 Z14
G1 Z13.6
G1 E.8 F1800
SET_VELOCITY_LIMIT ACCEL=5000
;TYPE:Outer wall
;WIDTH:0.42
G1 F3600
G1 X63.94 Y62.79 E3.84251
G1 X63.94 Y122.29 E1.77342
G1 X63.74 Y122.29 E.00596
G1 X63.74 Y123.59 E.03875
G1 X62.36 Y123.59 E.04113
G1 X62.36 Y62.01 E1.83542
G1 X193.64 Y62.01 E3.91285
G1 X193.64 Y123.59 E1.83542
G1 X64.96 Y123.59 E3.83536
G1 X64.96 Y122.81 E.02325
G1 X192.86 Y122.81 E3.81211
G1 X192.86 Y62.83 E1.78773
G1 X193.25 Y62.594 F30000
SET_VELOCITY_LIMIT ACCEL=10000
;TYPE:Gap infill
;WIDTH:0.430842
G1 F15000
G1 X193.25 Y123.006 E1.85238
;WIDTH:0.469667
G1 X193.217 Y123.167 E.00554
G1 X193.136 Y123.183 E.00277
;WIDTH:0.447481
G1 X193.056 Y123.2 E.00262
;WIDTH:0.430842
G1 X65.156 Y123.2 E3.92172
G1 E-.728 F1800
;WIPE_START
G1 F30000
G1 X66.356 Y123.2 E-.072
;WIPE_END
G1 X63.05 Y122.994 Z14
G1 Z13.6
G1 E.8 F1800
;WIDTH:0.233529
G1 F15000
G1 X63.05 Y121.694 E.01959
G1 X63.074 Y121.647 E.00079
;WIDTH:0.302476
G1 X63.097 Y121.6 E.00108
;WIDTH:0.349668
G1 X63.121 Y121.553 E.00128
;WIDTH:0.39686
G1 X63.144 Y121.506 E.00148
;WIDTH:0.431683
G1 X63.15 Y94.752 E.82211
G1 E-.728 F1800
;WIPE_START
G1 F30000
G1 X63.15 Y95.952 E-.072
;WIPE_END
G1 X63.752 Y93.564 Z14
G1 Z13.6
G1 E.8 F1800
SET_VELOCITY_LIMIT ACCEL=2000
;TYPE:Top surface
;WIDTH:0.429263
G1 F12000
G1 X62.97 Y94.346 E.03681
G1 X62.548 Y94.222 F30000
G1 F12000
G1 X63.752 Y93.017 E.0567
G1 X63.752 Y92.471 F30000
G1 F12000
G1 X62.548 Y93.675 E.0567
G1 X62.548 Y93.129 F30000
G1 F12000
G1 X63.752 Y91.925 E.0567
G1 X63.752 Y91.378 F30000
G1 F12000
G1 X62.548 Y92.583 E.0567
G1 X62.548 Y92.036 F30000
G1 F12000
G1 X63.33 Y91.254 E.0368
G1 X63.15 Y90.848 F30000
SET_VELOCITY_LIMIT ACCEL=10000
;TYPE:Gap infill
;WIDTH:0.431684
G1 F15000
G1 X63.15 Y62.606 E.86786
G1 X63.744 Y62.4 F30000
;WIDTH:0.430842
G1 F15000
G1 X193.056 Y62.4 E3.96502
;WIDTH:0.469667
G1 X193.217 Y62.433 E.00554
G1 X193.233 Y62.514 E.00277
;WIDTH:0.447481
G1 X193.25 Y62.594 E.00262
;LAYER_CHANGE
;Z:13.8
;HEIGHT:0.2
;BEFORE_LAYER_CHANGE
;13.8
G92 E0

G1 E-.79508 F1800
;WIPE_START
G1 F30000
G1 X193.233 Y62.514 E-.00492
;WIPE_END
M73 L69
;LAYER:69
SET_PRINT_STATS_INFO TOTAL_LAYER=93 CURRENT_LAYER=69
;_SET_FAN_SPEED_CHANGING_LAYER

G1 X192.178 Y62.5341 Z13.8571
G1 X191.503 Y61.7215 Z13.9143
G1 X191.718 Y60.6875 Z13.9714
G1 X192.66 Y60.2109 Z14.0286
G1 X193.621 Y60.6505 Z14.0857
G1 X193.876 Y61.6753 Z14.1429
G1 X193.233 Y62.5136 Z14.2
G1 X63.548 Y128.102 Z14.2
G1 Z13.8
G1 E.8 F1800
;TYPE:Inner wall
;WIDTH:0.45
G1 F6000
G1 X63.548 Y155.892 E.8942
G1 X62.752 Y155.892 E.02561
G1 X62.752 Y128.102 E.8942
G1 X63.508 Y128.102 E.02432
G1 E-.728 F1800
;WIPE_START
G1 F30000
G1 X63.51 Y129.302 E-.072
;WIPE_END
G1 X71.142 Y129.254 Z14.2
G1 X192.86 Y128.49 Z14.2
G1 Z13.8
G1 E.8 F1800
SET_VELOCITY_LIMIT ACCEL=5000
;TYPE:Outer wall
;WIDTH:0.42
G1 F3600
G1 X63.94 Y128.49 E3.84251
G1 X63.94 Y157.123 E.85342
G1 X62.36 Y157.123 E.04709
G1 X62.36 Y127.71 E.87667
G1 X193.64 Y127.71 E3.91285
G1 X193.64 Y189.29 E1.83542
M73 P81 R13
G1 X64.96 Y189.29 E3.83536
G1 X64.96 Y188.51 E.02325
G1 X192.86 Y188.51 E3.81211
G1 X192.86 Y128.53 E1.78773
G1 X193.25 Y128.294 F30000
SET_VELOCITY_LIMIT ACCEL=10000
;TYPE:Gap infill
;WIDTH:0.430842
G1 F15000
G1 X193.25 Y188.706 E1.85238
;WIDTH:0.469667
G1 X193.217 Y188.867 E.00554
G1 X193.136 Y188.883 E.00277
;WIDTH:0.447481
G1 X193.056 Y188.9 E.00262
;WIDTH:0.430842
G1 X65.156 Y188.9 E3.92172
G1 E-.728 F1800
M73 P82 R13
;WIPE_START
G1 F30000
G1 X66.356 Y188.9 E-.072
;WIPE_END
G1 X65.717 Y181.294 Z14.2
G1 X63.67 Y156.935 Z14.2
G1 Z13.8
G1 E.8 F1800
SET_VELOCITY_LIMIT ACCEL=2000
;TYPE:Top surface
;WIDTH:0.495415
G1 F12000
G1 X62.83 Y156.095 E.04633
G1 X62.548 Y156.453 F30000
G1 F12000
G1 X63.03 Y156.935 E.02661
G1 E-.75905 F1800
;WIPE_START
G1 F30000
G1 X62.548 Y156.453 E-.04095
;WIPE_END
G1 X63.15 Y155.689 Z14.2
G1 Z13.8
G1 E.8 F1800
SET_VELOCITY_LIMIT ACCEL=10000
;TYPE:Gap infill
;WIDTH:0.431684
G1 F15000
G1 X63.15 Y128.306 E.84145
G1 X63.744 Y128.1 F30000
;WIDTH:0.430842
G1 F15000
G1 X193.056 Y128.1 E3.96502
;WIDTH:0.469667
G1 X193.217 Y128.133 E.00554
G1 X193.233 Y128.214 E.00277
;WIDTH:0.447481
G1 X193.25 Y128.294 E.00262
G1 E-.79508 F1800
;WIPE_START
G1 F30000
G1 X193.233 Y128.214 E-.00492
;WIPE_END
G1 X186.318 Y131.444 Z14.2
G1 X63.348 Y188.898 Z14.2
G1 Z13.8
G1 E.8 F1800
;TYPE:Inner wall
;WIDTH:0.45
G1 F6000
G1 X62.752 Y188.898 E.01917
G1 X62.752 Y161.108 E.8942
G1 X63.548 Y161.108 E.02561
G1 X63.548 Y187.598 E.85237
G1 X63.348 Y187.598 E.00644
G1 X63.348 Y188.858 E.04054
SET_VELOCITY_LIMIT ACCEL=5000
G1 X63.74 Y189.29 F30000
;TYPE:Outer wall
;WIDTH:0.42
G1 F3600
G1 X62.36 Y189.29 E.04113
G1 X62.36 Y159.877 E.87667
G1 X63.94 Y159.877 E.04709
G1 X63.94 Y187.99 E.83792
G1 X63.74 Y187.99 E.00596
G1 X63.74 Y189.25 E.03755
G1 E-.728 F1800
;WIPE_START
G1 F30000
G1 X62.541 Y189.285 E-.072
;WIPE_END
G1 X63.05 Y188.694 Z14.2
G1 Z13.8
G1 E.8 F1800
SET_VELOCITY_LIMIT ACCEL=10000
;TYPE:Gap infill
;WIDTH:0.233529
G1 F15000
G1 X63.05 Y187.394 E.01959
G1 X63.074 Y187.347 E.00079
;WIDTH:0.302476
G1 X63.097 Y187.3 E.00108
;WIDTH:0.349668
G1 X63.121 Y187.253 E.00128
;WIDTH:0.39686
G1 X63.144 Y187.206 E.00148
;WIDTH:0.431683
G1 X63.15 Y161.311 E.7957
G1 X63.67 Y160.905 F30000
SET_VELOCITY_LIMIT ACCEL=2000
;TYPE:Top surface
;WIDTH:0.495415
G1 F12000
G1 X62.83 Y160.065 E.04633
G1 X62.548 Y160.422 F30000
G1 F12000
G1 X63.03 Y160.905 E.02661
G1 E-.75905 F1800
;WIPE_START
G1 F30000
G1 X62.548 Y160.422 E-.04095
;WIPE_END
G1 X62.626 Y152.79 Z14.2
G1 X63.548 Y62.402 Z14.2
G1 Z13.8
G1 E.8 F1800
SET_VELOCITY_LIMIT ACCEL=10000
;TYPE:Inner wall
;WIDTH:0.45
G1 F6000
G1 X63.548 Y90.192 E.8942
G1 X62.752 Y90.192 E.02561
G1 X62.752 Y62.402 E.8942
G1 X63.508 Y62.402 E.02432
G1 E-.728 F1800
;WIPE_START
G1 F30000
G1 X63.51 Y63.602 E-.072
;WIPE_END
G1 X71.142 Y63.554 Z14.2
G1 X192.86 Y62.79 Z14.2
G1 Z13.8
G1 E.8 F1800
SET_VELOCITY_LIMIT ACCEL=5000
;TYPE:Outer wall
;WIDTH:0.42
G1 F3600
G1 X63.94 Y62.79 E3.84251
G1 X63.94 Y91.423 E.85342
G1 X62.36 Y91.423 E.04709
G1 X62.36 Y62.01 E.87667
G1 X193.64 Y62.01 E3.91285
G1 X193.64 Y123.59 E1.83542
G1 X64.96 Y123.59 E3.83536
G1 X64.96 Y122.81 E.02325
G1 X192.86 Y122.81 E3.81211
G1 X192.86 Y62.83 E1.78773
G1 X193.25 Y62.594 F30000
SET_VELOCITY_LIMIT ACCEL=10000
;TYPE:Gap infill
;WIDTH:0.430842
G1 F15000
G1 X193.25 Y123.006 E1.85238
;WIDTH:0.469667
G1 X193.217 Y123.167 E.00554
G1 X193.136 Y123.183 E.00277
;WIDTH:0.447481
G1 X193.056 Y123.2 E.00262
;WIDTH:0.430842
G1 X65.156 Y123.2 E3.92172
G1 E-.728 F1800
;WIPE_START
G1 F30000
G1 X66.356 Y123.2 E-.072
;WIPE_END
G1 X65.717 Y115.594 Z14.2
G1 X63.67 Y91.235 Z14.2
G1 Z13.8
G1 E.8 F1800
SET_VELOCITY_LIMIT ACCEL=2000
;TYPE:Top surface
;WIDTH:0.495415
G1 F12000
G1 X62.83 Y90.395 E.04633
G1 X62.548 Y90.753 F30000
G1 F12000
G1 X63.03 Y91.235 E.02661
G1 E-.75905 F1800
;WIPE_START
G1 F30000
G1 X62.548 Y90.753 E-.04095
;WIPE_END
G1 X63.15 Y89.989 Z14.2
G1 Z13.8
G1 E.8 F1800
SET_VELOCITY_LIMIT ACCEL=10000
;TYPE:Gap infill
;WIDTH:0.431684
G1 F15000
G1 X63.15 Y62.606 E.84145
G1 X63.744 Y62.4 F30000
;WIDTH:0.430842
G1 F15000
G1 X193.056 Y62.4 E3.96502
;WIDTH:0.469667
G1 X193.217 Y62.433 E.00554
G1 X193.233 Y62.514 E.00277
;WIDTH:0.447481
G1 X193.25 Y62.594 E.00262
G1 E-.79508 F1800
;WIPE_START
G1 F30000
G1 X193.233 Y62.514 E-.00492
;WIPE_END
G1 X186.318 Y65.744 Z14.2
G1 X63.348 Y123.198 Z14.2
G1 Z13.8
G1 E.8 F1800
;TYPE:Inner wall
;WIDTH:0.45
G1 F6000
G1 X62.752 Y123.198 E.01917
G1 X62.752 Y95.408 E.8942
G1 X63.548 Y95.408 E.02561
G1 X63.548 Y121.898 E.85237
G1 X63.348 Y121.898 E.00644
G1 X63.348 Y123.158 E.04054
SET_VELOCITY_LIMIT ACCEL=5000
G1 X63.74 Y123.59 F30000
;TYPE:Outer wall
;WIDTH:0.42
G1 F3600
G1 X62.36 Y123.59 E.04113
G1 X62.36 Y94.177 E.87667
G1 X63.94 Y94.177 E.04709
G1 X63.94 Y122.29 E.83792
G1 X63.74 Y122.29 E.00596
G1 X63.74 Y123.55 E.03755
G1 E-.728 F1800
;WIPE_START
G1 F30000
G1 X62.541 Y123.585 E-.072
;WIPE_END
G1 X63.05 Y122.994 Z14.2
G1 Z13.8
G1 E.8 F1800
SET_VELOCITY_LIMIT ACCEL=10000
;TYPE:Gap infill
;WIDTH:0.233529
G1 F15000
G1 X63.05 Y121.694 E.01959
G1 X63.074 Y121.647 E.00079
;WIDTH:0.302476
G1 X63.097 Y121.6 E.00108
;WIDTH:0.349668
G1 X63.121 Y121.553 E.00128
;WIDTH:0.39686
G1 X63.144 Y121.506 E.00148
;WIDTH:0.431683
G1 X63.15 Y95.611 E.7957
G1 X63.67 Y95.205 F30000
SET_VELOCITY_LIMIT ACCEL=2000
;TYPE:Top surface
;WIDTH:0.495415
G1 F12000
G1 X62.83 Y94.365 E.04633
G1 X62.548 Y94.722 F30000
G1 F12000
G1 X63.03 Y95.205 E.02661
;LAYER_CHANGE
;Z:14
;HEIGHT:0.2
;BEFORE_LAYER_CHANGE
;14
G92 E0

G1 E-.75905 F1800
;WIPE_START
G1 F30000
G1 X62.548 Y94.722 E-.04095
;WIPE_END
M73 L70
;LAYER:70
SET_PRINT_STATS_INFO TOTAL_LAYER=93 CURRENT_LAYER=70
;_SET_FAN_SPEED_CHANGING_LAYER

G1 X62.1183 Y95.6871 Z14.0571
G1 X61.0962 Y95.9528 Z14.1143
G1 X60.2512 Y95.3194 Z14.1714
G1 X60.2196 Y94.2638 Z14.2286
G1 X61.0251 Y93.5809 Z14.2857
G1 X62.0613 Y93.785 Z14.3429
G1 X62.5478 Y94.7223 Z14.4
G1 X63.548 Y128.102 Z14.4
G1 Z14
G1 E.8 F1800
SET_VELOCITY_LIMIT ACCEL=10000
;TYPE:Inner wall
;WIDTH:0.45
G1 F6000
G1 X63.548 Y155.325 E.87595
G1 X62.752 Y155.325 E.02561
G1 X62.752 Y128.102 E.87595
G1 X63.508 Y128.102 E.02432
G1 E-.728 F1800
;WIPE_START
G1 F30000
G1 X63.51 Y129.302 E-.072
;WIPE_END
G1 X71.142 Y129.254 Z14.4
G1 X192.86 Y128.49 Z14.4
G1 Z14
G1 E.8 F1800
SET_VELOCITY_LIMIT ACCEL=5000
;TYPE:Outer wall
;WIDTH:0.42
G1 F3600
G1 X63.94 Y128.49 E3.84251
G1 X63.94 Y156.264 E.82781
G1 X62.36 Y156.264 E.04709
G1 X62.36 Y127.71 E.85106
G1 X193.64 Y127.71 E3.91285
G1 X193.64 Y189.29 E1.83542
G1 X64.96 Y189.29 E3.83536
G1 X64.96 Y188.51 E.02325
G1 X192.86 Y188.51 E3.81211
G1 X192.86 Y128.53 E1.78773
G1 X193.25 Y128.294 F30000
SET_VELOCITY_LIMIT ACCEL=10000
;TYPE:Gap infill
;WIDTH:0.430842
G1 F15000
G1 X193.25 Y188.706 E1.85238
;WIDTH:0.469667
G1 X193.217 Y188.867 E.00554
G1 X193.136 Y188.883 E.00277
;WIDTH:0.447481
G1 X193.056 Y188.9 E.00262
;WIDTH:0.430842
G1 X65.156 Y188.9 E3.92172
G1 E-.728 F1800
;WIPE_START
G1 F30000
G1 X66.356 Y188.9 E-.072
;WIPE_END
G1 X65.688 Y181.297 Z14.4
G1 X63.424 Y155.528 Z14.4
G1 Z14
G1 E.8 F1800
SET_VELOCITY_LIMIT ACCEL=2000
;TYPE:Top surface
;WIDTH:0.473778
G1 F12000
G1 X62.876 Y156.076 E.02877
G1 E-.75349 F1800
;WIPE_START
G1 F30000
G1 X63.424 Y155.528 E-.04651
;WIPE_END
G1 X63.15 Y155.122 Z14.4
G1 Z14
G1 E.8 F1800
SET_VELOCITY_LIMIT ACCEL=10000
;TYPE:Gap infill
;WIDTH:0.431684
G1 F15000
G1 X63.15 Y128.306 E.82403
G1 X63.744 Y128.1 F30000
;WIDTH:0.430842
G1 F15000
G1 X193.056 Y128.1 E3.96502
;WIDTH:0.469667
G1 X193.217 Y128.133 E.00554
G1 X193.233 Y128.214 E.00277
;WIDTH:0.447481
G1 X193.25 Y128.294 E.00262
G1 E-.79508 F1800
;WIPE_START
G1 F30000
G1 X193.233 Y128.214 E-.00492
;WIPE_END
G1 X186.318 Y131.444 Z14.4
G1 X63.348 Y188.898 Z14.4
G1 Z14
G1 E.8 F1800
;TYPE:Inner wall
;WIDTH:0.45
G1 F6000
G1 X62.752 Y188.898 E.01917
G1 X62.752 Y161.675 E.87595
G1 X63.548 Y161.675 E.02561
G1 X63.548 Y187.598 E.83412
G1 X63.348 Y187.598 E.00644
G1 X63.348 Y188.858 E.04054
SET_VELOCITY_LIMIT ACCEL=5000
G1 X63.74 Y189.29 F30000
;TYPE:Outer wall
;WIDTH:0.42
G1 F3600
G1 X62.36 Y189.29 E.04113
G1 X62.36 Y160.736 E.85106
G1 X63.94 Y160.736 E.04709
G1 X63.94 Y187.99 E.81231
G1 X63.74 Y187.99 E.00596
G1 X63.74 Y189.25 E.03755
G1 E-.728 F1800
;WIPE_START
G1 F30000
G1 X62.541 Y189.285 E-.072
;WIPE_END
G1 X63.05 Y188.694 Z14.4
G1 Z14
G1 E.8 F1800
SET_VELOCITY_LIMIT ACCEL=10000
;TYPE:Gap infill
;WIDTH:0.233529
G1 F15000
G1 X63.05 Y187.394 E.01959
G1 X63.074 Y187.347 E.00079
;WIDTH:0.302476
G1 X63.097 Y187.3 E.00108
;WIDTH:0.349668
G1 X63.121 Y187.253 E.00128
;WIDTH:0.39686
G1 X63.144 Y187.206 E.00148
;WIDTH:0.431683
G1 X63.15 Y161.878 E.77828
G1 E-.728 F1800
;WIPE_START
G1 F30000
G1 X63.15 Y163.078 E-.072
;WIPE_END
G1 X63.424 Y160.924 Z14.4
G1 Z14
G1 E.8 F1800
SET_VELOCITY_LIMIT ACCEL=2000
;TYPE:Top surface
;WIDTH:0.473778
G1 F12000
G1 X62.876 Y161.472 E.02877
G1 E-.75349 F1800
;WIPE_START
G1 F30000
G1 X63.424 Y160.924 E-.04651
;WIPE_END
G1 X63.434 Y153.292 Z14.4
G1 X63.548 Y62.402 Z14.4
G1 Z14
G1 E.8 F1800
SET_VELOCITY_LIMIT ACCEL=10000
;TYPE:Inner wall
;WIDTH:0.45
G1 F6000
G1 X63.548 Y89.625 E.87595
G1 X62.752 Y89.625 E.02561
G1 X62.752 Y62.402 E.87595
G1 X63.508 Y62.402 E.02432
G1 E-.728 F1800
;WIPE_START
G1 F30000
G1 X63.51 Y63.602 E-.072
;WIPE_END
G1 X71.142 Y63.554 Z14.4
G1 X192.86 Y62.79 Z14.4
G1 Z14
G1 E.8 F1800
SET_VELOCITY_LIMIT ACCEL=5000
;TYPE:Outer wall
;WIDTH:0.42
G1 F3600
G1 X63.94 Y62.79 E3.84251
G1 X63.94 Y90.564 E.82781
G1 X62.36 Y90.564 E.04709
G1 X62.36 Y62.01 E.85106
G1 X193.64 Y62.01 E3.91285
G1 X193.64 Y123.59 E1.83542
M73 P83 R13
G1 X64.96 Y123.59 E3.83536
G1 X64.96 Y122.81 E.02325
G1 X192.86 Y122.81 E3.81211
G1 X192.86 Y62.83 E1.78773
M73 P83 R12
G1 X193.25 Y62.594 F30000
SET_VELOCITY_LIMIT ACCEL=10000
;TYPE:Gap infill
;WIDTH:0.430842
G1 F15000
G1 X193.25 Y123.006 E1.85238
;WIDTH:0.469667
G1 X193.217 Y123.167 E.00554
G1 X193.136 Y123.183 E.00277
;WIDTH:0.447481
G1 X193.056 Y123.2 E.00262
;WIDTH:0.430842
G1 X65.156 Y123.2 E3.92172
G1 E-.728 F1800
;WIPE_START
G1 F30000
G1 X66.356 Y123.2 E-.072
;WIPE_END
G1 X65.688 Y115.597 Z14.4
G1 X63.424 Y89.828 Z14.4
G1 Z14
G1 E.8 F1800
SET_VELOCITY_LIMIT ACCEL=2000
;TYPE:Top surface
;WIDTH:0.473778
G1 F12000
G1 X62.876 Y90.376 E.02877
G1 E-.75349 F1800
;WIPE_START
G1 F30000
G1 X63.424 Y89.828 E-.04651
;WIPE_END
G1 X63.15 Y89.422 Z14.4
G1 Z14
G1 E.8 F1800
SET_VELOCITY_LIMIT ACCEL=10000
;TYPE:Gap infill
;WIDTH:0.431684
G1 F15000
G1 X63.15 Y62.606 E.82403
G1 X63.744 Y62.4 F30000
;WIDTH:0.430842
G1 F15000
G1 X193.056 Y62.4 E3.96502
;WIDTH:0.469667
G1 X193.217 Y62.433 E.00554
G1 X193.233 Y62.514 E.00277
;WIDTH:0.447481
G1 X193.25 Y62.594 E.00262
G1 E-.79508 F1800
;WIPE_START
G1 F30000
G1 X193.233 Y62.514 E-.00492
;WIPE_END
G1 X186.318 Y65.744 Z14.4
G1 X63.348 Y123.198 Z14.4
G1 Z14
G1 E.8 F1800
;TYPE:Inner wall
;WIDTH:0.45
G1 F6000
G1 X62.752 Y123.198 E.01917
G1 X62.752 Y95.975 E.87595
G1 X63.548 Y95.975 E.02561
G1 X63.548 Y121.898 E.83412
G1 X63.348 Y121.898 E.00644
G1 X63.348 Y123.158 E.04054
SET_VELOCITY_LIMIT ACCEL=5000
G1 X63.74 Y123.59 F30000
;TYPE:Outer wall
;WIDTH:0.42
G1 F3600
G1 X62.36 Y123.59 E.04113
G1 X62.36 Y95.036 E.85106
G1 X63.94 Y95.036 E.04709
G1 X63.94 Y122.29 E.81231
G1 X63.74 Y122.29 E.00596
G1 X63.74 Y123.55 E.03755
G1 E-.728 F1800
;WIPE_START
G1 F30000
G1 X62.541 Y123.585 E-.072
;WIPE_END
G1 X63.05 Y122.994 Z14.4
G1 Z14
G1 E.8 F1800
SET_VELOCITY_LIMIT ACCEL=10000
;TYPE:Gap infill
;WIDTH:0.233529
G1 F15000
G1 X63.05 Y121.694 E.01959
G1 X63.074 Y121.647 E.00079
;WIDTH:0.302476
G1 X63.097 Y121.6 E.00108
;WIDTH:0.349668
G1 X63.121 Y121.553 E.00128
;WIDTH:0.39686
G1 X63.144 Y121.506 E.00148
;WIDTH:0.431683
G1 X63.15 Y96.178 E.77828
G1 E-.728 F1800
;WIPE_START
G1 F30000
G1 X63.15 Y97.378 E-.072
;WIPE_END
G1 X63.424 Y95.224 Z14.4
G1 Z14
G1 E.8 F1800
SET_VELOCITY_LIMIT ACCEL=2000
;TYPE:Top surface
;WIDTH:0.473778
G1 F12000
G1 X62.876 Y95.772 E.02877
;LAYER_CHANGE
;Z:14.2
;HEIGHT:0.2
;BEFORE_LAYER_CHANGE
;14.2
G92 E0

G1 E-.75349 F1800
;WIPE_START
G1 F30000
G1 X63.424 Y95.224 E-.04651
;WIPE_END
M73 L71
;LAYER:71
SET_PRINT_STATS_INFO TOTAL_LAYER=93 CURRENT_LAYER=71
;_SET_FAN_SPEED_CHANGING_LAYER

G1 X62.9694 Y96.1771 Z14.2571
G1 X61.9407 Y96.416 Z14.3143
G1 X61.1126 Y95.7607 Z14.3714
G1 X61.1086 Y94.7047 Z14.4286
G1 X61.9318 Y94.0431 Z14.4857
G1 X62.9622 Y94.2742 Z14.5429
G1 X63.424 Y95.224 Z14.6
G1 X63.548 Y128.102 Z14.6
G1 Z14.2
G1 E.8 F1800
SET_VELOCITY_LIMIT ACCEL=10000
;TYPE:Inner wall
;WIDTH:0.45
G1 F6000
G1 X63.548 Y154.87 E.86129
G1 X62.752 Y154.87 E.02561
G1 X62.752 Y128.102 E.86129
G1 X63.508 Y128.102 E.02432
G1 E-.728 F1800
;WIPE_START
G1 F30000
G1 X63.51 Y129.302 E-.072
;WIPE_END
G1 X71.142 Y129.254 Z14.6
G1 X192.86 Y128.49 Z14.6
G1 Z14.2
G1 E.8 F1800
SET_VELOCITY_LIMIT ACCEL=5000
;TYPE:Outer wall
;WIDTH:0.42
G1 F3600
G1 X63.94 Y128.49 E3.84251
G1 X63.94 Y155.697 E.81091
G1 X62.36 Y155.697 E.04709
G1 X62.36 Y127.71 E.83415
G1 X193.64 Y127.71 E3.91285
G1 X193.64 Y189.29 E1.83542
G1 X64.96 Y189.29 E3.83536
G1 X64.96 Y188.51 E.02325
G1 X192.86 Y188.51 E3.81211
G1 X192.86 Y128.53 E1.78773
G1 X193.25 Y128.294 F30000
SET_VELOCITY_LIMIT ACCEL=10000
;TYPE:Gap infill
;WIDTH:0.447481
G1 F15000
G1 X193.233 Y128.214 E.00262
;WIDTH:0.469667
G1 X193.217 Y128.133 E.00277
G1 X193.056 Y128.1 E.00554
;WIDTH:0.430842
G1 X63.744 Y128.1 E3.96502
G1 X63.15 Y128.306 F30000
;WIDTH:0.431684
G1 F15000
G1 X63.15 Y154.666 E.81003
G1 X62.932 Y155.072 F30000
SET_VELOCITY_LIMIT ACCEL=2000
;TYPE:Top surface
;WIDTH:0.447461
G1 F12000
G1 X63.368 Y155.509 E.02151
G1 E-.76297 F1800
;WIPE_START
G1 F30000
G1 X62.932 Y155.072 E-.03703
;WIPE_END
G1 X63.432 Y162.688 Z14.6
G1 X65.156 Y188.9 Z14.6
G1 Z14.2
G1 E.8 F1800
SET_VELOCITY_LIMIT ACCEL=10000
;TYPE:Gap infill
;WIDTH:0.430842
G1 F15000
G1 X193.056 Y188.9 E3.92172
;WIDTH:0.447481
G1 X193.136 Y188.883 E.00262
;WIDTH:0.469667
G1 X193.217 Y188.867 E.00277
G1 X193.25 Y188.706 E.00554
;WIDTH:0.430842
G1 X193.25 Y128.294 E1.85238
G1 E-.728 F1800
;WIPE_START
G1 F30000
G1 X193.25 Y129.494 E-.072
;WIPE_END
G1 X186.309 Y132.668 Z14.6
G1 X63.348 Y188.898 Z14.6
G1 Z14.2
G1 E.8 F1800
;TYPE:Inner wall
;WIDTH:0.45
G1 F6000
G1 X62.752 Y188.898 E.01917
G1 X62.752 Y162.13 E.86129
G1 X63.548 Y162.13 E.02561
G1 X63.548 Y187.598 E.81946
G1 X63.348 Y187.598 E.00644
G1 X63.348 Y188.858 E.04054
SET_VELOCITY_LIMIT ACCEL=5000
G1 X63.74 Y189.29 F30000
;TYPE:Outer wall
;WIDTH:0.42
G1 F3600
G1 X62.36 Y189.29 E.04113
G1 X62.36 Y161.303 E.83415
G1 X63.94 Y161.303 E.04709
G1 X63.94 Y187.99 E.79541
G1 X63.74 Y187.99 E.00596
G1 X63.74 Y189.25 E.03755
G1 E-.728 F1800
;WIPE_START
G1 F30000
G1 X62.541 Y189.285 E-.072
;WIPE_END
G1 X63.05 Y188.694 Z14.6
G1 Z14.2
G1 E.8 F1800
SET_VELOCITY_LIMIT ACCEL=10000
;TYPE:Gap infill
;WIDTH:0.233529
G1 F15000
G1 X63.05 Y187.394 E.01959
G1 X63.074 Y187.347 E.00079
;WIDTH:0.302476
G1 X63.097 Y187.3 E.00108
;WIDTH:0.349668
G1 X63.121 Y187.253 E.00128
;WIDTH:0.39686
G1 X63.144 Y187.206 E.00148
;WIDTH:0.431683
G1 X63.15 Y162.334 E.76428
G1 E-.728 F1800
;WIPE_START
G1 F30000
G1 X63.15 Y163.534 E-.072
;WIPE_END
G1 X62.932 Y161.491 Z14.6
G1 Z14.2
G1 E.8 F1800
SET_VELOCITY_LIMIT ACCEL=2000
;TYPE:Top surface
;WIDTH:0.447462
G1 F12000
G1 X63.368 Y161.928 E.02151
G1 E-.76297 F1800
;WIPE_START
G1 F30000
G1 X62.932 Y161.491 E-.03703
;WIPE_END
G1 X62.979 Y153.859 Z14.6
G1 X63.548 Y62.402 Z14.6
G1 Z14.2
G1 E.8 F1800
SET_VELOCITY_LIMIT ACCEL=10000
;TYPE:Inner wall
;WIDTH:0.45
G1 F6000
G1 X63.548 Y89.17 E.86129
G1 X62.752 Y89.17 E.02561
G1 X62.752 Y62.402 E.86129
G1 X63.508 Y62.402 E.02432
G1 E-.728 F1800
;WIPE_START
G1 F30000
G1 X63.51 Y63.602 E-.072
;WIPE_END
G1 X71.142 Y63.554 Z14.6
G1 X192.86 Y62.79 Z14.6
G1 Z14.2
G1 E.8 F1800
SET_VELOCITY_LIMIT ACCEL=5000
;TYPE:Outer wall
;WIDTH:0.42
G1 F3600
G1 X63.94 Y62.79 E3.84251
G1 X63.94 Y89.997 E.81091
G1 X62.36 Y89.997 E.04709
G1 X62.36 Y62.01 E.83415
G1 X193.64 Y62.01 E3.91285
G1 X193.64 Y123.59 E1.83542
G1 X64.96 Y123.59 E3.83536
G1 X64.96 Y122.81 E.02325
G1 X192.86 Y122.81 E3.81211
G1 X192.86 Y62.83 E1.78773
G1 X193.25 Y62.594 F30000
SET_VELOCITY_LIMIT ACCEL=10000
;TYPE:Gap infill
;WIDTH:0.447481
G1 F15000
G1 X193.233 Y62.514 E.00262
;WIDTH:0.469667
G1 X193.217 Y62.433 E.00277
G1 X193.056 Y62.4 E.00554
;WIDTH:0.430842
G1 X63.744 Y62.4 E3.96502
G1 X63.15 Y62.606 F30000
;WIDTH:0.431684
G1 F15000
G1 X63.15 Y88.966 E.81003
G1 X62.932 Y89.372 F30000
SET_VELOCITY_LIMIT ACCEL=2000
;TYPE:Top surface
;WIDTH:0.447461
G1 F12000
G1 X63.368 Y89.809 E.02151
G1 E-.76297 F1800
;WIPE_START
G1 F30000
G1 X62.932 Y89.372 E-.03703
;WIPE_END
G1 X63.432 Y96.988 Z14.6
G1 X65.156 Y123.2 Z14.6
G1 Z14.2
G1 E.8 F1800
SET_VELOCITY_LIMIT ACCEL=10000
;TYPE:Gap infill
;WIDTH:0.430842
G1 F15000
G1 X193.056 Y123.2 E3.92172
;WIDTH:0.447481
G1 X193.136 Y123.183 E.00262
;WIDTH:0.469667
G1 X193.217 Y123.167 E.00277
G1 X193.25 Y123.006 E.00554
;WIDTH:0.430842
G1 X193.25 Y62.594 E1.85238
G1 E-.728 F1800
M73 P84 R12
;WIPE_START
G1 F30000
G1 X193.25 Y63.794 E-.072
;WIPE_END
G1 X186.309 Y66.968 Z14.6
G1 X63.348 Y123.198 Z14.6
G1 Z14.2
G1 E.8 F1800
;TYPE:Inner wall
;WIDTH:0.45
G1 F6000
G1 X62.752 Y123.198 E.01917
G1 X62.752 Y96.43 E.86129
G1 X63.548 Y96.43 E.02561
G1 X63.548 Y121.898 E.81946
G1 X63.348 Y121.898 E.00644
G1 X63.348 Y123.158 E.04054
SET_VELOCITY_LIMIT ACCEL=5000
G1 X63.74 Y123.59 F30000
;TYPE:Outer wall
;WIDTH:0.42
G1 F3600
G1 X62.36 Y123.59 E.04113
G1 X62.36 Y95.603 E.83415
G1 X63.94 Y95.603 E.04709
G1 X63.94 Y122.29 E.79541
G1 X63.74 Y122.29 E.00596
G1 X63.74 Y123.55 E.03755
G1 E-.728 F1800
;WIPE_START
G1 F30000
G1 X62.541 Y123.585 E-.072
;WIPE_END
G1 X63.05 Y122.994 Z14.6
G1 Z14.2
G1 E.8 F1800
SET_VELOCITY_LIMIT ACCEL=10000
;TYPE:Gap infill
;WIDTH:0.233529
G1 F15000
G1 X63.05 Y121.694 E.01959
G1 X63.074 Y121.647 E.00079
;WIDTH:0.302476
G1 X63.097 Y121.6 E.00108
;WIDTH:0.349668
G1 X63.121 Y121.553 E.00128
;WIDTH:0.39686
G1 X63.144 Y121.506 E.00148
;WIDTH:0.431683
G1 X63.15 Y96.634 E.76428
G1 E-.728 F1800
;WIPE_START
G1 F30000
G1 X63.15 Y97.834 E-.072
;WIPE_END
G1 X62.932 Y95.791 Z14.6
G1 Z14.2
G1 E.8 F1800
SET_VELOCITY_LIMIT ACCEL=2000
;TYPE:Top surface
;WIDTH:0.447462
G1 F12000
G1 X63.368 Y96.228 E.02151
;LAYER_CHANGE
;Z:14.4
;HEIGHT:0.2
;BEFORE_LAYER_CHANGE
;14.4
G92 E0

G1 E-.76297 F1800
;WIPE_START
G1 F30000
G1 X62.932 Y95.791 E-.03703
;WIPE_END
M73 L72
;LAYER:72
SET_PRINT_STATS_INFO TOTAL_LAYER=93 CURRENT_LAYER=72
;_SET_FAN_SPEED_CHANGING_LAYER

G1 X62.4917 Y96.7511 Z14.4571
G1 X61.4668 Y97.0057 Z14.5143
G1 X60.6288 Y96.3631 Z14.5714
G1 X60.6086 Y95.3073 Z14.6286
G1 X61.4216 Y94.6332 Z14.6857
G1 X62.4554 Y94.8485 Z14.7429
G1 X62.9317 Y95.7911 Z14.8
G1 X63.548 Y128.102 Z14.8
G1 Z14.4
G1 E.8 F1800
SET_VELOCITY_LIMIT ACCEL=10000
;TYPE:Inner wall
;WIDTH:0.45
G1 F6000
G1 X63.548 Y154.849 E.86063
G1 X62.752 Y154.849 E.02561
G1 X62.752 Y128.102 E.86063
G1 X63.508 Y128.102 E.02432
G1 E-.728 F1800
;WIPE_START
G1 F30000
G1 X63.51 Y129.302 E-.072
;WIPE_END
G1 X71.142 Y129.254 Z14.8
G1 X192.86 Y128.49 Z14.8
G1 Z14.4
G1 E.8 F1800
SET_VELOCITY_LIMIT ACCEL=5000
;TYPE:Outer wall
;WIDTH:0.42
G1 F3600
G1 X63.94 Y128.49 E3.84251
G1 X63.94 Y155.241 E.79733
G1 X62.36 Y155.241 E.04709
G1 X62.36 Y127.71 E.82058
G1 X193.64 Y127.71 E3.91285
G1 X193.64 Y189.29 E1.83542
G1 X64.96 Y189.29 E3.83536
G1 X64.96 Y188.51 E.02325
G1 X192.86 Y188.51 E3.81211
G1 X192.86 Y128.53 E1.78773
G1 X193.25 Y128.294 F30000
SET_VELOCITY_LIMIT ACCEL=10000
;TYPE:Gap infill
;WIDTH:0.447481
G1 F15000
G1 X193.233 Y128.214 E.00262
;WIDTH:0.469667
G1 X193.217 Y128.133 E.00277
G1 X193.056 Y128.1 E.00554
;WIDTH:0.430842
G1 X63.744 Y128.1 E3.96502
G1 X63.15 Y128.306 F30000
;WIDTH:0.431684
G1 F15000
G1 X63.15 Y154.646 E.8094
G1 E-.728 F1800
;WIPE_START
G1 F30000
G1 X63.15 Y153.446 E-.072
;WIPE_END
G1 X67.769 Y159.521 Z14.8
G1 X90.259 Y189.102 Z14.8
G1 Z14.4
G1 E.8 F1800
SET_VELOCITY_LIMIT ACCEL=2000
;TYPE:Top surface
;WIDTH:0.423326
G1 F12000
G1 X90.664 Y188.698 E.01875
G1 X90.126 Y188.698 F30000
G1 F12000
G1 X89.721 Y189.102 E.01875
G1 X89.183 Y189.102 F30000
G1 F12000
G1 X89.588 Y188.698 E.01875
G1 X89.05 Y188.698 F30000
G1 F12000
G1 X88.645 Y189.102 E.01875
G1 X88.108 Y189.102 F30000
G1 F12000
G1 X88.512 Y188.698 E.01875
G1 X87.974 Y188.698 F30000
G1 F12000
G1 X87.57 Y189.102 E.01875
G1 X87.032 Y189.102 F30000
G1 F12000
G1 X87.436 Y188.698 E.01875
G1 X86.898 Y188.698 F30000
G1 F12000
G1 X86.494 Y189.102 E.01875
G1 X85.956 Y189.102 F30000
G1 F12000
G1 X86.36 Y188.698 E.01875
G1 X85.822 Y188.698 F30000
G1 F12000
G1 X85.418 Y189.102 E.01875
G1 X84.88 Y189.102 F30000
G1 F12000
G1 X85.284 Y188.698 E.01875
G1 X84.746 Y188.698 F30000
G1 F12000
G1 X84.342 Y189.102 E.01875
G1 X83.804 Y189.102 F30000
G1 F12000
G1 X84.208 Y188.698 E.01875
G1 X83.67 Y188.698 F30000
G1 F12000
G1 X83.266 Y189.102 E.01875
G1 X82.728 Y189.102 F30000
G1 F12000
G1 X83.132 Y188.698 E.01875
G1 X82.594 Y188.698 F30000
G1 F12000
G1 X82.19 Y189.102 E.01875
G1 X81.652 Y189.102 F30000
G1 F12000
G1 X82.056 Y188.698 E.01875
G1 X81.518 Y188.698 F30000
G1 F12000
G1 X81.114 Y189.102 E.01875
G1 X80.576 Y189.102 F30000
G1 F12000
G1 X80.98 Y188.698 E.01875
G1 X80.442 Y188.698 F30000
G1 F12000
G1 X80.038 Y189.102 E.01875
G1 X79.5 Y189.102 F30000
G1 F12000
G1 X79.904 Y188.698 E.01875
G1 X79.366 Y188.698 F30000
G1 F12000
G1 X78.962 Y189.102 E.01875
G1 X78.424 Y189.102 F30000
G1 F12000
G1 X78.828 Y188.698 E.01875
G1 X78.29 Y188.698 F30000
G1 F12000
G1 X77.886 Y189.102 E.01875
G1 X77.348 Y189.102 F30000
G1 F12000
G1 X77.752 Y188.698 E.01875
G1 X77.214 Y188.698 F30000
G1 F12000
G1 X76.81 Y189.102 E.01875
G1 X76.272 Y189.102 F30000
G1 F12000
G1 X76.677 Y188.698 E.01875
G1 X76.139 Y188.698 F30000
G1 F12000
G1 X75.734 Y189.102 E.01875
G1 X75.196 Y189.102 F30000
G1 F12000
G1 X75.601 Y188.698 E.01875
G1 X75.063 Y188.698 F30000
G1 F12000
G1 X74.658 Y189.102 E.01875
G1 X74.12 Y189.102 F30000
G1 F12000
G1 X74.525 Y188.698 E.01875
G1 X73.987 Y188.698 F30000
G1 F12000
G1 X73.582 Y189.102 E.01875
G1 X73.044 Y189.102 F30000
G1 F12000
G1 X73.449 Y188.698 E.01875
G1 X72.911 Y188.698 F30000
G1 F12000
G1 X72.506 Y189.102 E.01875
G1 X71.968 Y189.102 F30000
G1 F12000
G1 X72.373 Y188.698 E.01875
G1 X71.835 Y188.698 F30000
G1 F12000
G1 X71.43 Y189.102 E.01875
G1 X70.892 Y189.102 F30000
G1 F12000
G1 X71.297 Y188.698 E.01875
G1 X70.759 Y188.698 F30000
G1 F12000
G1 X70.354 Y189.102 E.01875
G1 X69.816 Y189.102 F30000
G1 F12000
G1 X70.221 Y188.698 E.01875
G1 X69.683 Y188.698 F30000
G1 F12000
M73 P84 R11
G1 X69.278 Y189.102 E.01875
G1 X68.74 Y189.102 F30000
G1 F12000
G1 X69.145 Y188.698 E.01875
G1 X68.607 Y188.698 F30000
G1 F12000
G1 X68.202 Y189.102 E.01875
G1 X67.664 Y189.102 F30000
G1 F12000
G1 X68.069 Y188.698 E.01875
G1 X67.531 Y188.698 F30000
G1 F12000
G1 X67.126 Y189.102 E.01875
G1 X66.589 Y189.102 F30000
G1 F12000
G1 X66.993 Y188.698 E.01875
G1 X66.455 Y188.698 F30000
G1 F12000
G1 X66.051 Y189.102 E.01875
G1 X65.513 Y189.102 F30000
G1 F12000
G1 X65.917 Y188.698 E.01875
G1 E-.76568 F1800
;WIPE_START
G1 F30000
G1 X65.513 Y189.102 E-.03432
;WIPE_END
G1 X73.145 Y189.042 Z14.8
G1 X91.036 Y188.9 Z14.8
G1 Z14.4
G1 E.8 F1800
SET_VELOCITY_LIMIT ACCEL=10000
;TYPE:Gap infill
;WIDTH:0.430842
G1 F15000
G1 X193.056 Y188.9 E3.1282
;WIDTH:0.447481
G1 X193.136 Y188.883 E.00262
;WIDTH:0.469667
G1 X193.217 Y188.867 E.00277
G1 X193.25 Y188.706 E.00554
;WIDTH:0.430842
G1 X193.25 Y128.294 E1.85238
G1 E-.728 F1800
;WIPE_START
G1 F30000
G1 X193.25 Y129.494 E-.072
;WIPE_END
G1 X186.309 Y132.668 Z14.8
G1 X63.348 Y188.898 Z14.8
G1 Z14.4
G1 E.8 F1800
;TYPE:Inner wall
;WIDTH:0.45
G1 F6000
G1 X62.752 Y188.898 E.01917
G1 X62.752 Y162.151 E.86063
G1 X63.548 Y162.151 E.02561
G1 X63.548 Y187.598 E.8188
G1 X63.348 Y187.598 E.00644
G1 X63.348 Y188.858 E.04054
SET_VELOCITY_LIMIT ACCEL=5000
G1 X63.74 Y189.29 F30000
;TYPE:Outer wall
;WIDTH:0.42
G1 F3600
G1 X62.36 Y189.29 E.04113
G1 X62.36 Y161.759 E.82058
G1 X63.94 Y161.759 E.04709
G1 X63.94 Y187.99 E.78183
G1 X63.74 Y187.99 E.00596
G1 X63.74 Y189.25 E.03755
G1 E-.728 F1800
;WIPE_START
G1 F30000
G1 X62.541 Y189.285 E-.072
;WIPE_END
G1 X63.05 Y188.694 Z14.8
G1 Z14.4
G1 E.8 F1800
SET_VELOCITY_LIMIT ACCEL=10000
;TYPE:Gap infill
;WIDTH:0.233529
G1 F15000
G1 X63.05 Y187.394 E.01959
G1 X63.074 Y187.347 E.00079
;WIDTH:0.302476
G1 X63.097 Y187.3 E.00108
;WIDTH:0.349668
G1 X63.121 Y187.253 E.00128
;WIDTH:0.39686
G1 X63.144 Y187.206 E.00148
;WIDTH:0.431683
G1 X63.15 Y162.354 E.76365
G1 E-.728 F1800
;WIPE_START
G1 F30000
G1 X63.15 Y163.554 E-.072
;WIPE_END
G1 X63.18 Y155.922 Z14.8
G1 X63.548 Y62.402 Z14.8
G1 Z14.4
G1 E.8 F1800
;TYPE:Inner wall
;WIDTH:0.45
G1 F6000
G1 X63.548 Y89.149 E.86063
G1 X62.752 Y89.149 E.02561
G1 X62.752 Y62.402 E.86063
G1 X63.508 Y62.402 E.02432
G1 E-.728 F1800
;WIPE_START
G1 F30000
G1 X63.51 Y63.602 E-.072
;WIPE_END
G1 X71.142 Y63.554 Z14.8
G1 X192.86 Y62.79 Z14.8
G1 Z14.4
G1 E.8 F1800
SET_VELOCITY_LIMIT ACCEL=5000
;TYPE:Outer wall
;WIDTH:0.42
G1 F3600
G1 X63.94 Y62.79 E3.84251
G1 X63.94 Y89.541 E.79733
G1 X62.36 Y89.541 E.04709
G1 X62.36 Y62.01 E.82058
G1 X193.64 Y62.01 E3.91285
G1 X193.64 Y123.59 E1.83542
G1 X64.96 Y123.59 E3.83536
G1 X64.96 Y122.81 E.02325
G1 X192.86 Y122.81 E3.81211
G1 X192.86 Y62.83 E1.78773
G1 X193.25 Y62.594 F30000
SET_VELOCITY_LIMIT ACCEL=10000
;TYPE:Gap infill
;WIDTH:0.447481
G1 F15000
G1 X193.233 Y62.514 E.00262
;WIDTH:0.469667
G1 X193.217 Y62.433 E.00277
G1 X193.056 Y62.4 E.00554
;WIDTH:0.430842
G1 X63.744 Y62.4 E3.96502
G1 X63.15 Y62.606 F30000
;WIDTH:0.431684
G1 F15000
G1 X63.15 Y88.946 E.8094
G1 E-.728 F1800
;WIPE_START
G1 F30000
G1 X63.15 Y87.746 E-.072
;WIPE_END
G1 X67.769 Y93.821 Z14.8
G1 X90.259 Y123.402 Z14.8
G1 Z14.4
G1 E.8 F1800
SET_VELOCITY_LIMIT ACCEL=2000
;TYPE:Top surface
;WIDTH:0.423326
G1 F12000
G1 X90.664 Y122.998 E.01875
G1 X90.126 Y122.998 F30000
G1 F12000
G1 X89.721 Y123.402 E.01875
G1 X89.183 Y123.402 F30000
G1 F12000
G1 X89.588 Y122.998 E.01875
G1 X89.05 Y122.998 F30000
G1 F12000
G1 X88.645 Y123.402 E.01875
G1 X88.108 Y123.402 F30000
G1 F12000
G1 X88.512 Y122.998 E.01875
G1 X87.974 Y122.998 F30000
G1 F12000
G1 X87.57 Y123.402 E.01875
G1 X87.032 Y123.402 F30000
G1 F12000
G1 X87.436 Y122.998 E.01875
G1 X86.898 Y122.998 F30000
G1 F12000
G1 X86.494 Y123.402 E.01875
G1 X85.956 Y123.402 F30000
G1 F12000
G1 X86.36 Y122.998 E.01875
G1 X85.822 Y122.998 F30000
G1 F12000
G1 X85.418 Y123.402 E.01875
G1 X84.88 Y123.402 F30000
G1 F12000
G1 X85.284 Y122.998 E.01875
G1 X84.746 Y122.998 F30000
G1 F12000
G1 X84.342 Y123.402 E.01875
G1 X83.804 Y123.402 F30000
G1 F12000
G1 X84.208 Y122.998 E.01875
G1 X83.67 Y122.998 F30000
G1 F12000
G1 X83.266 Y123.402 E.01875
G1 X82.728 Y123.402 F30000
G1 F12000
G1 X83.132 Y122.998 E.01875
G1 X82.594 Y122.998 F30000
G1 F12000
G1 X82.19 Y123.402 E.01875
G1 X81.652 Y123.402 F30000
G1 F12000
G1 X82.056 Y122.998 E.01875
G1 X81.518 Y122.998 F30000
G1 F12000
G1 X81.114 Y123.402 E.01875
G1 X80.576 Y123.402 F30000
G1 F12000
G1 X80.98 Y122.998 E.01875
G1 X80.442 Y122.998 F30000
G1 F12000
G1 X80.038 Y123.402 E.01875
G1 X79.5 Y123.402 F30000
G1 F12000
G1 X79.904 Y122.998 E.01875
G1 X79.366 Y122.998 F30000
G1 F12000
G1 X78.962 Y123.402 E.01875
G1 X78.424 Y123.402 F30000
G1 F12000
G1 X78.828 Y122.998 E.01875
G1 X78.29 Y122.998 F30000
G1 F12000
G1 X77.886 Y123.402 E.01875
G1 X77.348 Y123.402 F30000
G1 F12000
G1 X77.752 Y122.998 E.01875
G1 X77.214 Y122.998 F30000
G1 F12000
G1 X76.81 Y123.402 E.01875
G1 X76.272 Y123.402 F30000
G1 F12000
G1 X76.677 Y122.998 E.01875
G1 X76.139 Y122.998 F30000
G1 F12000
G1 X75.734 Y123.402 E.01875
G1 X75.196 Y123.402 F30000
G1 F12000
G1 X75.601 Y122.998 E.01875
G1 X75.063 Y122.998 F30000
G1 F12000
G1 X74.658 Y123.402 E.01875
G1 X74.12 Y123.402 F30000
G1 F12000
G1 X74.525 Y122.998 E.01875
G1 X73.987 Y122.998 F30000
G1 F12000
G1 X73.582 Y123.402 E.01875
G1 X73.044 Y123.402 F30000
G1 F12000
G1 X73.449 Y122.998 E.01875
G1 X72.911 Y122.998 F30000
G1 F12000
G1 X72.506 Y123.402 E.01875
G1 X71.968 Y123.402 F30000
G1 F12000
G1 X72.373 Y122.998 E.01875
G1 X71.835 Y122.998 F30000
G1 F12000
G1 X71.43 Y123.402 E.01875
G1 X70.892 Y123.402 F30000
G1 F12000
G1 X71.297 Y122.998 E.01875
G1 X70.759 Y122.998 F30000
G1 F12000
G1 X70.354 Y123.402 E.01875
G1 X69.816 Y123.402 F30000
G1 F12000
G1 X70.221 Y122.998 E.01875
G1 X69.683 Y122.998 F30000
G1 F12000
G1 X69.278 Y123.402 E.01875
G1 X68.74 Y123.402 F30000
G1 F12000
G1 X69.145 Y122.998 E.01875
G1 X68.607 Y122.998 F30000
G1 F12000
G1 X68.202 Y123.402 E.01875
G1 X67.664 Y123.402 F30000
G1 F12000
G1 X68.069 Y122.998 E.01875
G1 X67.531 Y122.998 F30000
G1 F12000
G1 X67.126 Y123.402 E.01875
G1 X66.589 Y123.402 F30000
G1 F12000
G1 X66.993 Y122.998 E.01875
G1 X66.455 Y122.998 F30000
G1 F12000
G1 X66.051 Y123.402 E.01875
G1 X65.513 Y123.402 F30000
G1 F12000
G1 X65.917 Y122.998 E.01875
G1 E-.76568 F1800
;WIPE_START
G1 F30000
G1 X65.513 Y123.402 E-.03432
;WIPE_END
G1 X73.145 Y123.342 Z14.8
G1 X91.036 Y123.2 Z14.8
G1 Z14.4
G1 E.8 F1800
SET_VELOCITY_LIMIT ACCEL=10000
;TYPE:Gap infill
;WIDTH:0.430842
G1 F15000
G1 X193.056 Y123.2 E3.1282
;WIDTH:0.447481
G1 X193.136 Y123.183 E.00262
;WIDTH:0.469667
G1 X193.217 Y123.167 E.00277
G1 X193.25 Y123.006 E.00554
;WIDTH:0.430842
G1 X193.25 Y62.594 E1.85238
G1 E-.728 F1800
;WIPE_START
G1 F30000
G1 X193.25 Y63.794 E-.072
;WIPE_END
G1 X186.309 Y66.968 Z14.8
G1 X63.348 Y123.198 Z14.8
G1 Z14.4
G1 E.8 F1800
;TYPE:Inner wall
;WIDTH:0.45
G1 F6000
G1 X62.752 Y123.198 E.01917
G1 X62.752 Y96.451 E.86063
G1 X63.548 Y96.451 E.02561
G1 X63.548 Y121.898 E.8188
G1 X63.348 Y121.898 E.00644
G1 X63.348 Y123.158 E.04054
SET_VELOCITY_LIMIT ACCEL=5000
G1 X63.74 Y123.59 F30000
;TYPE:Outer wall
;WIDTH:0.42
G1 F3600
G1 X62.36 Y123.59 E.04113
G1 X62.36 Y96.059 E.82058
G1 X63.94 Y96.059 E.04709
G1 X63.94 Y122.29 E.78183
G1 X63.74 Y122.29 E.00596
G1 X63.74 Y123.55 E.03755
G1 E-.728 F1800
;WIPE_START
G1 F30000
G1 X62.541 Y123.585 E-.072
;WIPE_END
G1 X63.05 Y122.994 Z14.8
G1 Z14.4
G1 E.8 F1800
SET_VELOCITY_LIMIT ACCEL=10000
;TYPE:Gap infill
;WIDTH:0.233529
G1 F15000
G1 X63.05 Y121.694 E.01959
G1 X63.074 Y121.647 E.00079
;WIDTH:0.302476
G1 X63.097 Y121.6 E.00108
;WIDTH:0.349668
G1 X63.121 Y121.553 E.00128
;WIDTH:0.39686
G1 X63.144 Y121.506 E.00148
;WIDTH:0.431683
G1 X63.15 Y96.654 E.76365
M106 S209
;LAYER_CHANGE
;Z:14.6
;HEIGHT:0.200001
;BEFORE_LAYER_CHANGE
;14.6
G92 E0

G1 E-.728 F1800
;WIPE_START
G1 F30000
G1 X63.15 Y97.854 E-.072
;WIPE_END
M73 L73
;LAYER:73
SET_PRINT_STATS_INFO TOTAL_LAYER=93 CURRENT_LAYER=73
;_SET_FAN_SPEED_CHANGING_LAYER

G1 X62.7041 Y98.8118 Z14.6571
G1 X61.6777 Y99.0603 Z14.7143
G1 X60.8435 Y98.4128 Z14.7714
G1 X60.8296 Y97.3569 Z14.8286
G1 X61.6465 Y96.6876 Z14.8857
G1 X62.679 Y96.909 Z14.9429
G1 X63.1497 Y97.8544 Z15
G1 X63.548 Y128.102 Z15
G1 Z14.6
G1 E.8 F1800
;TYPE:Inner wall
;WIDTH:0.45
G1 F6000
G1 X63.548 Y154.468 E.84838
G1 X62.752 Y154.468 E.02561
G1 X62.752 Y128.102 E.84838
G1 X63.508 Y128.102 E.02432
G1 E-.728 F1800
;WIPE_START
G1 F30000
G1 X63.51 Y129.302 E-.072
;WIPE_END
G1 X71.142 Y129.254 Z15
G1 X192.86 Y128.49 Z15
G1 Z14.6
G1 E.8 F1800
SET_VELOCITY_LIMIT ACCEL=5000
;TYPE:Outer wall
;WIDTH:0.42
G1 F3600
G1 X63.94 Y128.49 E3.84251
G1 X63.94 Y154.86 E.78598
M73 P85 R11
G1 X62.36 Y154.86 E.04709
G1 X62.36 Y127.71 E.80923
G1 X193.64 Y127.71 E3.91285
G1 X193.64 Y189.29 E1.83542
G1 X90.86 Y189.29 E3.0634
G1 X90.86 Y188.51 E.02325
G1 X192.86 Y188.51 E3.04015
G1 X192.86 Y128.53 E1.78773
G1 X193.25 Y128.294 F30000
SET_VELOCITY_LIMIT ACCEL=10000
;TYPE:Gap infill
;WIDTH:0.447481
G1 F15000
G1 X193.233 Y128.214 E.00262
;WIDTH:0.469667
G1 X193.217 Y128.133 E.00277
G1 X193.056 Y128.1 E.00554
;WIDTH:0.430842
G1 X63.744 Y128.1 E3.96502
G1 X63.15 Y128.306 F30000
;WIDTH:0.431684
G1 F15000
G1 X63.15 Y154.265 E.7977
G1 E-.728 F1800
;WIPE_START
G1 F30000
G1 X63.15 Y153.065 E-.072
;WIPE_END
G1 X67.839 Y159.087 Z15
G1 X91.056 Y188.9 Z15
G1 Z14.6
G1 E.8 F1800
;WIDTH:0.430842
G1 F15000
G1 X193.056 Y188.9 E3.12757
;WIDTH:0.447481
G1 X193.136 Y188.883 E.00262
;WIDTH:0.469667
G1 X193.217 Y188.867 E.00277
G1 X193.25 Y188.706 E.00554
;WIDTH:0.430842
G1 X193.25 Y128.294 E1.85238
G1 E-.728 F1800
;WIPE_START
G1 F30000
G1 X193.25 Y129.494 E-.072
;WIPE_END
G1 X186.309 Y132.668 Z15
G1 X63.348 Y188.898 Z15
G1 Z14.6
G1 E.8 F1800
;TYPE:Inner wall
;WIDTH:0.45
G1 F6000
G1 X62.752 Y188.898 E.01917
G1 X62.752 Y162.532 E.84838
G1 X63.548 Y162.532 E.02561
G1 X63.548 Y187.598 E.80655
G1 X63.348 Y187.598 E.00644
G1 X63.348 Y188.858 E.04054
SET_VELOCITY_LIMIT ACCEL=5000
G1 X63.74 Y189.29 F30000
;TYPE:Outer wall
;WIDTH:0.42
G1 F3600
G1 X62.36 Y189.29 E.04113
G1 X62.36 Y162.14 E.80923
G1 X63.94 Y162.14 E.04709
G1 X63.94 Y187.99 E.77048
G1 X63.74 Y187.99 E.00596
G1 X63.74 Y189.25 E.03755
G1 E-.728 F1800
;WIPE_START
G1 F30000
G1 X62.541 Y189.285 E-.072
;WIPE_END
G1 X63.05 Y188.694 Z15
G1 Z14.6
G1 E.8 F1800
SET_VELOCITY_LIMIT ACCEL=10000
;TYPE:Gap infill
;WIDTH:0.233529
G1 F15000
G1 X63.05 Y187.394 E.01959
G1 X63.074 Y187.347 E.00079
;WIDTH:0.302476
G1 X63.097 Y187.3 E.00108
;WIDTH:0.349668
G1 X63.121 Y187.253 E.00128
;WIDTH:0.39686
G1 X63.144 Y187.206 E.00148
;WIDTH:0.431683
G1 X63.15 Y162.735 E.75195
G1 E-.728 F1800
;WIPE_START
G1 F30000
G1 X63.15 Y163.935 E-.072
;WIPE_END
G1 X63.18 Y156.303 Z15
G1 X63.548 Y62.402 Z15
G1 Z14.6
G1 E.8 F1800
;TYPE:Inner wall
;WIDTH:0.45
G1 F6000
G1 X63.548 Y88.768 E.84838
G1 X62.752 Y88.768 E.02561
G1 X62.752 Y62.402 E.84838
G1 X63.508 Y62.402 E.02432
G1 E-.728 F1800
;WIPE_START
G1 F30000
G1 X63.51 Y63.602 E-.072
;WIPE_END
G1 X71.142 Y63.554 Z15
G1 X192.86 Y62.79 Z15
G1 Z14.6
G1 E.8 F1800
SET_VELOCITY_LIMIT ACCEL=5000
;TYPE:Outer wall
;WIDTH:0.42
G1 F3600
G1 X63.94 Y62.79 E3.84251
G1 X63.94 Y89.16 E.78598
G1 X62.36 Y89.16 E.04709
G1 X62.36 Y62.01 E.80923
G1 X193.64 Y62.01 E3.91285
G1 X193.64 Y123.59 E1.83542
G1 X90.86 Y123.59 E3.0634
G1 X90.86 Y122.81 E.02325
G1 X192.86 Y122.81 E3.04015
G1 X192.86 Y62.83 E1.78773
G1 X193.25 Y62.594 F30000
SET_VELOCITY_LIMIT ACCEL=10000
;TYPE:Gap infill
;WIDTH:0.447481
G1 F15000
G1 X193.233 Y62.514 E.00262
;WIDTH:0.469667
G1 X193.217 Y62.433 E.00277
G1 X193.056 Y62.4 E.00554
;WIDTH:0.430842
G1 X63.744 Y62.4 E3.96502
G1 X63.15 Y62.606 F30000
;WIDTH:0.431684
G1 F15000
G1 X63.15 Y88.565 E.7977
G1 E-.728 F1800
;WIPE_START
G1 F30000
G1 X63.15 Y87.365 E-.072
;WIPE_END
G1 X67.839 Y93.387 Z15
G1 X91.056 Y123.2 Z15
G1 Z14.6
G1 E.8 F1800
;WIDTH:0.430842
G1 F15000
G1 X193.056 Y123.2 E3.12757
;WIDTH:0.447481
G1 X193.136 Y123.183 E.00262
;WIDTH:0.469667
G1 X193.217 Y123.167 E.00277
G1 X193.25 Y123.006 E.00554
;WIDTH:0.430842
G1 X193.25 Y62.594 E1.85238
G1 E-.728 F1800
;WIPE_START
G1 F30000
G1 X193.25 Y63.794 E-.072
;WIPE_END
G1 X186.309 Y66.968 Z15
G1 X63.348 Y123.198 Z15
G1 Z14.6
G1 E.8 F1800
;TYPE:Inner wall
;WIDTH:0.45
G1 F6000
G1 X62.752 Y123.198 E.01917
G1 X62.752 Y96.832 E.84838
G1 X63.548 Y96.832 E.02561
G1 X63.548 Y121.898 E.80655
G1 X63.348 Y121.898 E.00644
G1 X63.348 Y123.158 E.04054
SET_VELOCITY_LIMIT ACCEL=5000
G1 X63.74 Y123.59 F30000
;TYPE:Outer wall
;WIDTH:0.42
G1 F3600
G1 X62.36 Y123.59 E.04113
G1 X62.36 Y96.44 E.80923
G1 X63.94 Y96.44 E.04709
G1 X63.94 Y122.29 E.77048
G1 X63.74 Y122.29 E.00596
G1 X63.74 Y123.55 E.03755
G1 E-.728 F1800
;WIPE_START
G1 F30000
G1 X62.541 Y123.585 E-.072
;WIPE_END
G1 X63.05 Y122.994 Z15
G1 Z14.6
G1 E.8 F1800
SET_VELOCITY_LIMIT ACCEL=10000
;TYPE:Gap infill
;WIDTH:0.233529
G1 F15000
G1 X63.05 Y121.694 E.01959
G1 X63.074 Y121.647 E.00079
;WIDTH:0.302476
G1 X63.097 Y121.6 E.00108
;WIDTH:0.349668
G1 X63.121 Y121.553 E.00128
;WIDTH:0.39686
G1 X63.144 Y121.506 E.00148
;WIDTH:0.431683
G1 X63.15 Y97.035 E.75195
;LAYER_CHANGE
;Z:14.8
;HEIGHT:0.2
;BEFORE_LAYER_CHANGE
;14.8
G92 E0

G1 E-.728 F1800
;WIPE_START
G1 F30000
G1 X63.15 Y98.235 E-.072
;WIPE_END
M73 L74
;LAYER:74
SET_PRINT_STATS_INFO TOTAL_LAYER=93 CURRENT_LAYER=74
;_SET_FAN_SPEED_CHANGING_LAYER

G1 X62.7043 Y99.1926 Z14.8571
G1 X61.6779 Y99.4413 Z14.9143
G1 X60.8436 Y98.7939 Z14.9714
G1 X60.8295 Y97.738 Z15.0286
G1 X61.6463 Y97.0686 Z15.0857
G1 X62.6789 Y97.2899 Z15.1429
G1 X63.1497 Y98.2351 Z15.2
G1 X63.548 Y128.102 Z15.2
G1 Z14.8
G1 E.8 F1800
;TYPE:Inner wall
;WIDTH:0.45
G1 F6000
G1 X63.548 Y154.135 E.83765
G1 X62.752 Y154.135 E.02561
G1 X62.752 Y128.102 E.83765
G1 X63.508 Y128.102 E.02432
G1 E-.728 F1800
;WIPE_START
G1 F30000
G1 X63.51 Y129.302 E-.072
;WIPE_END
G1 X71.142 Y129.254 Z15.2
G1 X192.86 Y128.49 Z15.2
G1 Z14.8
G1 E.8 F1800
SET_VELOCITY_LIMIT ACCEL=5000
;TYPE:Outer wall
;WIDTH:0.42
G1 F3600
G1 X63.94 Y128.49 E3.84251
G1 X63.94 Y154.527 E.77604
M73 P85 R10
G1 X62.36 Y154.527 E.04709
G1 X62.36 Y127.71 E.79929
G1 X193.64 Y127.71 E3.91285
G1 X193.64 Y189.29 E1.83542
G1 X90.86 Y189.29 E3.0634
G1 X90.86 Y188.51 E.02325
G1 X192.86 Y188.51 E3.04015
G1 X192.86 Y128.53 E1.78773
G1 X193.25 Y128.294 F30000
SET_VELOCITY_LIMIT ACCEL=10000
;TYPE:Gap infill
;WIDTH:0.447481
G1 F15000
G1 X193.233 Y128.214 E.00262
;WIDTH:0.469667
G1 X193.217 Y128.133 E.00277
G1 X193.056 Y128.1 E.00554
;WIDTH:0.430842
G1 X63.744 Y128.1 E3.96502
G1 X63.15 Y128.306 F30000
;WIDTH:0.431684
G1 F15000
G1 X63.15 Y153.931 E.78745
G1 E-.728 F1800
;WIPE_START
G1 F30000
G1 X63.15 Y152.731 E-.072
;WIPE_END
G1 X67.812 Y158.774 Z15.2
G1 X91.056 Y188.9 Z15.2
G1 Z14.8
G1 E.8 F1800
;WIDTH:0.430842
G1 F15000
G1 X193.056 Y188.9 E3.12757
;WIDTH:0.447481
G1 X193.136 Y188.883 E.00262
;WIDTH:0.469667
G1 X193.217 Y188.867 E.00277
G1 X193.25 Y188.706 E.00554
;WIDTH:0.430842
G1 X193.25 Y128.294 E1.85238
G1 E-.728 F1800
;WIPE_START
G1 F30000
G1 X193.25 Y129.494 E-.072
;WIPE_END
G1 X186.309 Y132.668 Z15.2
G1 X63.348 Y188.898 Z15.2
G1 Z14.8
G1 E.8 F1800
;TYPE:Inner wall
;WIDTH:0.45
G1 F6000
G1 X62.752 Y188.898 E.01917
G1 X62.752 Y162.865 E.83765
G1 X63.548 Y162.865 E.02561
G1 X63.548 Y187.598 E.79582
G1 X63.348 Y187.598 E.00644
G1 X63.348 Y188.858 E.04054
SET_VELOCITY_LIMIT ACCEL=5000
G1 X63.74 Y189.29 F30000
;TYPE:Outer wall
;WIDTH:0.42
G1 F3600
G1 X62.36 Y189.29 E.04113
G1 X62.36 Y162.473 E.79929
G1 X63.94 Y162.473 E.04709
G1 X63.94 Y187.99 E.76054
G1 X63.74 Y187.99 E.00596
M73 P86 R10
G1 X63.74 Y189.25 E.03755
G1 E-.728 F1800
;WIPE_START
G1 F30000
G1 X62.541 Y189.285 E-.072
;WIPE_END
G1 X63.05 Y188.694 Z15.2
G1 Z14.8
G1 E.8 F1800
SET_VELOCITY_LIMIT ACCEL=10000
;TYPE:Gap infill
;WIDTH:0.233529
G1 F15000
G1 X63.05 Y187.394 E.01959
G1 X63.074 Y187.347 E.00079
;WIDTH:0.302476
G1 X63.097 Y187.3 E.00108
;WIDTH:0.349668
G1 X63.121 Y187.253 E.00128
;WIDTH:0.39686
G1 X63.144 Y187.206 E.00148
;WIDTH:0.431683
G1 X63.15 Y163.069 E.7417
G1 E-.728 F1800
;WIPE_START
G1 F30000
G1 X63.15 Y164.269 E-.072
;WIPE_END
G1 X63.18 Y156.636 Z15.2
G1 X63.548 Y62.402 Z15.2
G1 Z14.8
G1 E.8 F1800
;TYPE:Inner wall
;WIDTH:0.45
G1 F6000
G1 X63.548 Y88.435 E.83765
G1 X62.752 Y88.435 E.02561
G1 X62.752 Y62.402 E.83765
G1 X63.508 Y62.402 E.02432
G1 E-.728 F1800
;WIPE_START
G1 F30000
G1 X63.51 Y63.602 E-.072
;WIPE_END
G1 X71.142 Y63.554 Z15.2
G1 X192.86 Y62.79 Z15.2
G1 Z14.8
G1 E.8 F1800
SET_VELOCITY_LIMIT ACCEL=5000
;TYPE:Outer wall
;WIDTH:0.42
G1 F3600
G1 X63.94 Y62.79 E3.84251
G1 X63.94 Y88.827 E.77604
G1 X62.36 Y88.827 E.04709
G1 X62.36 Y62.01 E.79929
G1 X193.64 Y62.01 E3.91285
G1 X193.64 Y123.59 E1.83542
G1 X90.86 Y123.59 E3.0634
G1 X90.86 Y122.81 E.02325
G1 X192.86 Y122.81 E3.04015
G1 X192.86 Y62.83 E1.78773
G1 X193.25 Y62.594 F30000
SET_VELOCITY_LIMIT ACCEL=10000
;TYPE:Gap infill
;WIDTH:0.447481
G1 F15000
G1 X193.233 Y62.514 E.00262
;WIDTH:0.469667
G1 X193.217 Y62.433 E.00277
G1 X193.056 Y62.4 E.00554
;WIDTH:0.430842
G1 X63.744 Y62.4 E3.96502
G1 X63.15 Y62.606 F30000
;WIDTH:0.431684
G1 F15000
G1 X63.15 Y88.231 E.78745
G1 E-.728 F1800
;WIPE_START
G1 F30000
G1 X63.15 Y87.031 E-.072
;WIPE_END
G1 X67.812 Y93.074 Z15.2
G1 X91.056 Y123.2 Z15.2
G1 Z14.8
G1 E.8 F1800
;WIDTH:0.430842
G1 F15000
G1 X193.056 Y123.2 E3.12757
;WIDTH:0.447481
G1 X193.136 Y123.183 E.00262
;WIDTH:0.469667
G1 X193.217 Y123.167 E.00277
G1 X193.25 Y123.006 E.00554
;WIDTH:0.430842
G1 X193.25 Y62.594 E1.85238
G1 E-.728 F1800
;WIPE_START
G1 F30000
G1 X193.25 Y63.794 E-.072
;WIPE_END
G1 X186.309 Y66.968 Z15.2
G1 X63.348 Y123.198 Z15.2
G1 Z14.8
G1 E.8 F1800
;TYPE:Inner wall
;WIDTH:0.45
G1 F6000
G1 X62.752 Y123.198 E.01917
G1 X62.752 Y97.165 E.83765
G1 X63.548 Y97.165 E.02561
G1 X63.548 Y121.898 E.79582
G1 X63.348 Y121.898 E.00644
G1 X63.348 Y123.158 E.04054
SET_VELOCITY_LIMIT ACCEL=5000
G1 X63.74 Y123.59 F30000
;TYPE:Outer wall
;WIDTH:0.42
G1 F3600
G1 X62.36 Y123.59 E.04113
G1 X62.36 Y96.773 E.79929
G1 X63.94 Y96.773 E.04709
G1 X63.94 Y122.29 E.76054
G1 X63.74 Y122.29 E.00596
G1 X63.74 Y123.55 E.03755
G1 E-.728 F1800
;WIPE_START
G1 F30000
G1 X62.541 Y123.585 E-.072
;WIPE_END
G1 X63.05 Y122.994 Z15.2
G1 Z14.8
G1 E.8 F1800
SET_VELOCITY_LIMIT ACCEL=10000
;TYPE:Gap infill
;WIDTH:0.233529
G1 F15000
G1 X63.05 Y121.694 E.01959
G1 X63.074 Y121.647 E.00079
;WIDTH:0.302476
G1 X63.097 Y121.6 E.00108
;WIDTH:0.349668
G1 X63.121 Y121.553 E.00128
;WIDTH:0.39686
G1 X63.144 Y121.506 E.00148
;WIDTH:0.431683
G1 X63.15 Y97.369 E.7417
;LAYER_CHANGE
;Z:15
;HEIGHT:0.2
;BEFORE_LAYER_CHANGE
;15
G92 E0

G1 E-.728 F1800
;WIPE_START
G1 F30000
G1 X63.15 Y98.569 E-.072
;WIPE_END
M73 L75
;LAYER:75
SET_PRINT_STATS_INFO TOTAL_LAYER=93 CURRENT_LAYER=75
;_SET_FAN_SPEED_CHANGING_LAYER

G1 X62.7044 Y99.5262 Z15.0571
G1 X61.6781 Y99.775 Z15.1143
G1 X60.8436 Y99.1278 Z15.1714
G1 X60.8294 Y98.0719 Z15.2286
G1 X61.6461 Y97.4024 Z15.2857
G1 X62.6787 Y97.6234 Z15.3429
G1 X63.1497 Y98.5686 Z15.4
G1 X63.548 Y128.102 Z15.4
G1 Z15
G1 E.8 F1800
;TYPE:Inner wall
;WIDTH:0.45
G1 F6000
G1 X63.548 Y153.838 E.82811
G1 X62.752 Y153.838 E.02561
G1 X62.752 Y128.102 E.82811
G1 X63.508 Y128.102 E.02432
G1 E-.728 F1800
;WIPE_START
G1 F30000
G1 X63.51 Y129.302 E-.072
;WIPE_END
G1 X71.142 Y129.254 Z15.4
G1 X192.86 Y128.49 Z15.4
G1 Z15
G1 E.8 F1800
SET_VELOCITY_LIMIT ACCEL=5000
;TYPE:Outer wall
;WIDTH:0.42
G1 F3600
G1 X63.94 Y128.49 E3.84251
G1 X63.94 Y154.23 E.7672
G1 X62.36 Y154.23 E.04709
G1 X62.36 Y127.71 E.79045
G1 X193.64 Y127.71 E3.91285
G1 X193.64 Y189.29 E1.83542
G1 X90.86 Y189.29 E3.0634
G1 X90.86 Y188.51 E.02325
G1 X192.86 Y188.51 E3.04015
G1 X192.86 Y128.53 E1.78773
G1 X193.25 Y128.294 F30000
SET_VELOCITY_LIMIT ACCEL=10000
;TYPE:Gap infill
;WIDTH:0.447481
G1 F15000
G1 X193.233 Y128.214 E.00262
;WIDTH:0.469667
G1 X193.217 Y128.133 E.00277
G1 X193.056 Y128.1 E.00554
;WIDTH:0.430842
G1 X63.744 Y128.1 E3.96502
G1 X63.15 Y128.306 F30000
;WIDTH:0.431684
G1 F15000
G1 X63.15 Y153.635 E.77834
G1 E-.728 F1800
;WIPE_START
G1 F30000
G1 X63.15 Y152.435 E-.072
;WIPE_END
G1 X67.789 Y158.496 Z15.4
G1 X91.056 Y188.9 Z15.4
G1 Z15
G1 E.8 F1800
;WIDTH:0.430842
G1 F15000
G1 X193.056 Y188.9 E3.12757
;WIDTH:0.447481
G1 X193.136 Y188.883 E.00262
;WIDTH:0.469667
G1 X193.217 Y188.867 E.00277
G1 X193.25 Y188.706 E.00554
;WIDTH:0.430842
G1 X193.25 Y128.294 E1.85238
G1 E-.728 F1800
;WIPE_START
G1 F30000
G1 X193.25 Y129.494 E-.072
;WIPE_END
G1 X186.309 Y132.668 Z15.4
G1 X63.348 Y188.898 Z15.4
G1 Z15
G1 E.8 F1800
;TYPE:Inner wall
;WIDTH:0.45
G1 F6000
G1 X62.752 Y188.898 E.01917
G1 X62.752 Y163.162 E.82811
G1 X63.548 Y163.162 E.02561
G1 X63.548 Y187.598 E.78628
G1 X63.348 Y187.598 E.00644
G1 X63.348 Y188.858 E.04054
SET_VELOCITY_LIMIT ACCEL=5000
G1 X63.74 Y189.29 F30000
;TYPE:Outer wall
;WIDTH:0.42
G1 F3600
G1 X62.36 Y189.29 E.04113
G1 X62.36 Y162.77 E.79045
G1 X63.94 Y162.77 E.04709
G1 X63.94 Y187.99 E.7517
G1 X63.74 Y187.99 E.00596
G1 X63.74 Y189.25 E.03755
G1 E-.728 F1800
;WIPE_START
G1 F30000
G1 X62.541 Y189.285 E-.072
;WIPE_END
G1 X63.05 Y188.694 Z15.4
G1 Z15
G1 E.8 F1800
SET_VELOCITY_LIMIT ACCEL=10000
;TYPE:Gap infill
;WIDTH:0.233529
G1 F15000
G1 X63.05 Y187.394 E.01959
G1 X63.074 Y187.347 E.00079
;WIDTH:0.302476
G1 X63.097 Y187.3 E.00108
;WIDTH:0.349668
G1 X63.121 Y187.253 E.00128
;WIDTH:0.39686
G1 X63.144 Y187.206 E.00148
;WIDTH:0.431682
G1 X63.15 Y163.365 E.73259
G1 E-.728 F1800
;WIPE_START
G1 F30000
G1 X63.15 Y164.565 E-.072
;WIPE_END
G1 X63.179 Y156.933 Z15.4
G1 X63.548 Y62.402 Z15.4
G1 Z15
G1 E.8 F1800
;TYPE:Inner wall
;WIDTH:0.45
G1 F6000
G1 X63.548 Y88.138 E.82811
G1 X62.752 Y88.138 E.02561
G1 X62.752 Y62.402 E.82811
G1 X63.508 Y62.402 E.02432
G1 E-.728 F1800
;WIPE_START
G1 F30000
G1 X63.51 Y63.602 E-.072
;WIPE_END
G1 X71.142 Y63.554 Z15.4
G1 X192.86 Y62.79 Z15.4
G1 Z15
G1 E.8 F1800
SET_VELOCITY_LIMIT ACCEL=5000
;TYPE:Outer wall
;WIDTH:0.42
G1 F3600
G1 X63.94 Y62.79 E3.84251
G1 X63.94 Y88.53 E.7672
G1 X62.36 Y88.53 E.04709
G1 X62.36 Y62.01 E.79045
G1 X193.64 Y62.01 E3.91285
G1 X193.64 Y123.59 E1.83542
G1 X90.86 Y123.59 E3.0634
G1 X90.86 Y122.81 E.02325
G1 X192.86 Y122.81 E3.04015
G1 X192.86 Y62.83 E1.78773
G1 X193.25 Y62.594 F30000
SET_VELOCITY_LIMIT ACCEL=10000
;TYPE:Gap infill
;WIDTH:0.447481
G1 F15000
G1 X193.233 Y62.514 E.00262
;WIDTH:0.469667
G1 X193.217 Y62.433 E.00277
G1 X193.056 Y62.4 E.00554
;WIDTH:0.430842
G1 X63.744 Y62.4 E3.96502
G1 X63.15 Y62.606 F30000
M73 P87 R10
;WIDTH:0.431684
G1 F15000
G1 X63.15 Y87.935 E.77834
G1 E-.728 F1800
;WIPE_START
G1 F30000
G1 X63.15 Y86.735 E-.072
;WIPE_END
G1 X67.789 Y92.796 Z15.4
G1 X91.056 Y123.2 Z15.4
G1 Z15
G1 E.8 F1800
;WIDTH:0.430842
G1 F15000
G1 X193.056 Y123.2 E3.12757
;WIDTH:0.447481
G1 X193.136 Y123.183 E.00262
M73 P87 R9
;WIDTH:0.469667
G1 X193.217 Y123.167 E.00277
G1 X193.25 Y123.006 E.00554
;WIDTH:0.430842
G1 X193.25 Y62.594 E1.85238
G1 E-.728 F1800
;WIPE_START
G1 F30000
G1 X193.25 Y63.794 E-.072
;WIPE_END
G1 X186.309 Y66.968 Z15.4
G1 X63.348 Y123.198 Z15.4
G1 Z15
G1 E.8 F1800
;TYPE:Inner wall
;WIDTH:0.45
G1 F6000
G1 X62.752 Y123.198 E.01917
G1 X62.752 Y97.462 E.82811
G1 X63.548 Y97.462 E.02561
G1 X63.548 Y121.898 E.78628
G1 X63.348 Y121.898 E.00644
G1 X63.348 Y123.158 E.04054
SET_VELOCITY_LIMIT ACCEL=5000
G1 X63.74 Y123.59 F30000
;TYPE:Outer wall
;WIDTH:0.42
G1 F3600
G1 X62.36 Y123.59 E.04113
G1 X62.36 Y97.07 E.79045
G1 X63.94 Y97.07 E.04709
G1 X63.94 Y122.29 E.7517
G1 X63.74 Y122.29 E.00596
G1 X63.74 Y123.55 E.03755
G1 E-.728 F1800
;WIPE_START
G1 F30000
G1 X62.541 Y123.585 E-.072
;WIPE_END
G1 X63.05 Y122.994 Z15.4
G1 Z15
G1 E.8 F1800
SET_VELOCITY_LIMIT ACCEL=10000
;TYPE:Gap infill
;WIDTH:0.233529
G1 F15000
G1 X63.05 Y121.694 E.01959
G1 X63.074 Y121.647 E.00079
;WIDTH:0.302476
G1 X63.097 Y121.6 E.00108
;WIDTH:0.349668
G1 X63.121 Y121.553 E.00128
;WIDTH:0.39686
G1 X63.144 Y121.506 E.00148
;WIDTH:0.431682
G1 X63.15 Y97.665 E.73259
;LAYER_CHANGE
;Z:15.2
;HEIGHT:0.2
;BEFORE_LAYER_CHANGE
;15.2
G92 E0

G1 E-.728 F1800
;WIPE_START
G1 F30000
G1 X63.15 Y98.865 E-.072
;WIPE_END
M73 L76
;LAYER:76
SET_PRINT_STATS_INFO TOTAL_LAYER=93 CURRENT_LAYER=76
;_SET_FAN_SPEED_CHANGING_LAYER

G1 X62.7045 Y99.8229 Z15.2571
G1 X61.6783 Y100.072 Z15.3143
G1 X60.8437 Y99.4247 Z15.3714
G1 X60.8293 Y98.3688 Z15.4286
G1 X61.6459 Y97.6992 Z15.4857
G1 X62.6786 Y97.9201 Z15.5429
G1 X63.1497 Y98.8653 Z15.6
G1 X63.548 Y128.102 Z15.6
G1 Z15.2
G1 E.8 F1800
;TYPE:Inner wall
;WIDTH:0.45
G1 F6000
G1 X63.548 Y153.571 E.81951
G1 X62.752 Y153.571 E.02561
G1 X62.752 Y128.102 E.81951
G1 X63.508 Y128.102 E.02432
G1 E-.728 F1800
;WIPE_START
G1 F30000
G1 X63.51 Y129.302 E-.072
;WIPE_END
G1 X71.142 Y129.254 Z15.6
G1 X192.86 Y128.49 Z15.6
G1 Z15.2
G1 E.8 F1800
SET_VELOCITY_LIMIT ACCEL=5000
;TYPE:Outer wall
;WIDTH:0.42
G1 F3600
G1 X63.94 Y128.49 E3.84251
G1 X63.94 Y153.963 E.75924
G1 X62.36 Y153.963 E.04709
G1 X62.36 Y127.71 E.78249
G1 X193.64 Y127.71 E3.91285
G1 X193.64 Y189.29 E1.83542
G1 X90.86 Y189.29 E3.0634
G1 X90.86 Y188.51 E.02325
G1 X192.86 Y188.51 E3.04015
G1 X192.86 Y128.53 E1.78773
G1 X193.25 Y128.294 F30000
SET_VELOCITY_LIMIT ACCEL=10000
;TYPE:Gap infill
;WIDTH:0.447481
G1 F15000
G1 X193.233 Y128.214 E.00262
;WIDTH:0.469667
G1 X193.217 Y128.133 E.00277
G1 X193.056 Y128.1 E.00554
;WIDTH:0.430842
G1 X63.744 Y128.1 E3.96502
G1 X63.15 Y128.306 F30000
;WIDTH:0.431684
G1 F15000
G1 X63.15 Y153.368 E.77013
G1 E-.728 F1800
;WIPE_START
G1 F30000
G1 X63.15 Y152.168 E-.072
;WIPE_END
G1 X67.767 Y158.245 Z15.6
G1 X91.056 Y188.9 Z15.6
G1 Z15.2
G1 E.8 F1800
;WIDTH:0.430842
G1 F15000
G1 X193.056 Y188.9 E3.12757
;WIDTH:0.447481
G1 X193.136 Y188.883 E.00262
;WIDTH:0.469667
G1 X193.217 Y188.867 E.00277
G1 X193.25 Y188.706 E.00554
;WIDTH:0.430842
G1 X193.25 Y128.294 E1.85238
G1 E-.728 F1800
;WIPE_START
G1 F30000
G1 X193.25 Y129.494 E-.072
;WIPE_END
G1 X186.309 Y132.668 Z15.6
G1 X63.348 Y188.898 Z15.6
G1 Z15.2
G1 E.8 F1800
;TYPE:Inner wall
;WIDTH:0.45
G1 F6000
G1 X62.752 Y188.898 E.01917
G1 X62.752 Y163.429 E.81951
G1 X63.548 Y163.429 E.02561
G1 X63.548 Y187.598 E.77768
G1 X63.348 Y187.598 E.00644
G1 X63.348 Y188.858 E.04054
SET_VELOCITY_LIMIT ACCEL=5000
G1 X63.74 Y189.29 F30000
;TYPE:Outer wall
;WIDTH:0.42
G1 F3600
G1 X62.36 Y189.29 E.04113
G1 X62.36 Y163.037 E.78249
G1 X63.94 Y163.037 E.04709
G1 X63.94 Y187.99 E.74374
G1 X63.74 Y187.99 E.00596
G1 X63.74 Y189.25 E.03755
G1 E-.728 F1800
;WIPE_START
G1 F30000
G1 X62.541 Y189.285 E-.072
;WIPE_END
G1 X63.05 Y188.694 Z15.6
G1 Z15.2
G1 E.8 F1800
SET_VELOCITY_LIMIT ACCEL=10000
;TYPE:Gap infill
;WIDTH:0.233529
G1 F15000
G1 X63.05 Y187.394 E.01959
G1 X63.074 Y187.347 E.00079
;WIDTH:0.302476
G1 X63.097 Y187.3 E.00108
;WIDTH:0.349668
G1 X63.121 Y187.253 E.00128
;WIDTH:0.39686
G1 X63.144 Y187.206 E.00148
;WIDTH:0.431682
G1 X63.15 Y163.632 E.72438
G1 E-.728 F1800
;WIPE_START
G1 F30000
G1 X63.15 Y164.832 E-.072
;WIPE_END
G1 X63.179 Y157.2 Z15.6
G1 X63.548 Y62.402 Z15.6
G1 Z15.2
G1 E.8 F1800
;TYPE:Inner wall
;WIDTH:0.45
G1 F6000
G1 X63.548 Y87.871 E.81951
G1 X62.752 Y87.871 E.02561
G1 X62.752 Y62.402 E.81951
G1 X63.508 Y62.402 E.02432
G1 E-.728 F1800
;WIPE_START
G1 F30000
G1 X63.51 Y63.602 E-.072
;WIPE_END
G1 X71.142 Y63.554 Z15.6
G1 X192.86 Y62.79 Z15.6
G1 Z15.2
G1 E.8 F1800
SET_VELOCITY_LIMIT ACCEL=5000
;TYPE:Outer wall
;WIDTH:0.42
G1 F3600
G1 X63.94 Y62.79 E3.84251
G1 X63.94 Y88.263 E.75924
G1 X62.36 Y88.263 E.04709
G1 X62.36 Y62.01 E.78249
G1 X193.64 Y62.01 E3.91285
G1 X193.64 Y123.59 E1.83542
G1 X90.86 Y123.59 E3.0634
G1 X90.86 Y122.81 E.02325
G1 X192.86 Y122.81 E3.04015
G1 X192.86 Y62.83 E1.78773
G1 X193.25 Y62.594 F30000
SET_VELOCITY_LIMIT ACCEL=10000
;TYPE:Gap infill
;WIDTH:0.447481
G1 F15000
G1 X193.233 Y62.514 E.00262
;WIDTH:0.469667
G1 X193.217 Y62.433 E.00277
G1 X193.056 Y62.4 E.00554
;WIDTH:0.430842
G1 X63.744 Y62.4 E3.96502
G1 X63.15 Y62.606 F30000
;WIDTH:0.431684
G1 F15000
G1 X63.15 Y87.668 E.77013
G1 E-.728 F1800
;WIPE_START
G1 F30000
G1 X63.15 Y86.468 E-.072
;WIPE_END
G1 X67.767 Y92.545 Z15.6
G1 X91.056 Y123.2 Z15.6
G1 Z15.2
G1 E.8 F1800
;WIDTH:0.430842
G1 F15000
G1 X193.056 Y123.2 E3.12757
;WIDTH:0.447481
G1 X193.136 Y123.183 E.00262
;WIDTH:0.469667
G1 X193.217 Y123.167 E.00277
G1 X193.25 Y123.006 E.00554
;WIDTH:0.430842
G1 X193.25 Y62.594 E1.85238
G1 E-.728 F1800
;WIPE_START
G1 F30000
G1 X193.25 Y63.794 E-.072
;WIPE_END
G1 X186.309 Y66.968 Z15.6
G1 X63.348 Y123.198 Z15.6
G1 Z15.2
G1 E.8 F1800
;TYPE:Inner wall
;WIDTH:0.45
G1 F6000
G1 X62.752 Y123.198 E.01917
G1 X62.752 Y97.729 E.81951
G1 X63.548 Y97.729 E.02561
G1 X63.548 Y121.898 E.77768
G1 X63.348 Y121.898 E.00644
G1 X63.348 Y123.158 E.04054
SET_VELOCITY_LIMIT ACCEL=5000
G1 X63.74 Y123.59 F30000
;TYPE:Outer wall
;WIDTH:0.42
G1 F3600
G1 X62.36 Y123.59 E.04113
G1 X62.36 Y97.337 E.78249
G1 X63.94 Y97.337 E.04709
G1 X63.94 Y122.29 E.74374
G1 X63.74 Y122.29 E.00596
G1 X63.74 Y123.55 E.03755
G1 E-.728 F1800
;WIPE_START
G1 F30000
G1 X62.541 Y123.585 E-.072
;WIPE_END
G1 X63.05 Y122.994 Z15.6
G1 Z15.2
G1 E.8 F1800
SET_VELOCITY_LIMIT ACCEL=10000
;TYPE:Gap infill
;WIDTH:0.233529
G1 F15000
G1 X63.05 Y121.694 E.01959
G1 X63.074 Y121.647 E.00079
;WIDTH:0.302476
G1 X63.097 Y121.6 E.00108
;WIDTH:0.349668
G1 X63.121 Y121.553 E.00128
;WIDTH:0.39686
G1 X63.144 Y121.506 E.00148
;WIDTH:0.431682
G1 X63.15 Y97.932 E.72438
M106 S206
;LAYER_CHANGE
;Z:15.4
;HEIGHT:0.2
;BEFORE_LAYER_CHANGE
;15.4
G92 E0

G1 E-.728 F1800
;WIPE_START
G1 F30000
G1 X63.15 Y99.132 E-.072
;WIPE_END
M73 L77
;LAYER:77
SET_PRINT_STATS_INFO TOTAL_LAYER=93 CURRENT_LAYER=77
;_SET_FAN_SPEED_CHANGING_LAYER

G1 X62.7046 Y100.09 Z15.4571
G1 X61.6784 Y100.339 Z15.5143
G1 X60.8438 Y99.6921 Z15.5714
G1 X60.8293 Y98.6361 Z15.6286
G1 X61.6458 Y97.9664 Z15.6857
G1 X62.6785 Y98.1872 Z15.7429
G1 X63.1497 Y99.1323 Z15.8
G1 X63.548 Y128.102 Z15.8
G1 Z15.4
G1 E.8 F1800
;TYPE:Inner wall
;WIDTH:0.45
G1 F6000
G1 X63.548 Y153.328 E.8117
G1 X62.752 Y153.328 E.02561
G1 X62.752 Y128.102 E.8117
G1 X63.508 Y128.102 E.02432
G1 E-.728 F1800
;WIPE_START
G1 F30000
G1 X63.51 Y129.302 E-.072
;WIPE_END
G1 X63.518 Y136.935 Z15.8
G1 X63.548 Y163.672 Z15.8
G1 Z15.4
G1 E.8 F1800
G1 F6000
G1 X63.548 Y188.898 E.8117
G1 X62.752 Y188.898 E.02561
G1 X62.752 Y163.672 E.8117
G1 X63.508 Y163.672 E.02432
G1 E-.728 F1800
;WIPE_START
G1 F30000
G1 X63.51 Y164.872 E-.072
;WIPE_END
G1 X70.857 Y162.805 Z15.8
G1 X192.86 Y128.49 Z15.8
G1 Z15.4
G1 E.8 F1800
SET_VELOCITY_LIMIT ACCEL=5000
;TYPE:Outer wall
;WIDTH:0.42
G1 F3600
G1 X192.317 Y128.49 E.01618
G1 X64.483 Y128.49 E3.81014
G1 X63.94 Y128.49 E.01618
G1 X63.94 Y129.033 E.01618
G1 X63.94 Y153.09 E.71703
G1 X63.94 Y153.72 E.01878
G1 X62.36 Y153.72 E.04709
G1 X62.36 Y127.71 E.77524
G1 X193.64 Y127.71 E3.91285
G1 X193.64 Y189.29 E1.83542
G1 X193.01 Y189.29 E.01878
G1 X91.49 Y189.29 E3.02584
M106 S255
G1 F3000
M73 P88 R9
G1 X90.65 Y189.29 E.02504
G1 F2580
G1 X90.45 Y189.29 E.00596
SET_VELOCITY_LIMIT ACCEL=2500
;TYPE:Overhang wall
;WIDTH:0.4
G1 F3000
G1 X64.15 Y189.29 E.74231
SET_VELOCITY_LIMIT ACCEL=5000
;TYPE:Outer wall
;WIDTH:0.42
G1 F2580
G1 X63.95 Y189.29 E.00596
M106 S206
G1 F3000
G1 X62.36 Y189.29 E.04739
G1 F3600
G1 X62.36 Y163.28 E.77524
G1 X63.94 Y163.28 E.04709
G1 X63.94 Y163.91 E.01878
G1 X63.94 Y187.68 E.70847
G1 F3060
G1 X63.94 Y188.51 E.02474
M106 S255
G1 F2580
G1 X64.15 Y188.51 E.00626
SET_VELOCITY_LIMIT ACCEL=2500
;TYPE:Overhang wall
;WIDTH:0.4
G1 F3000
G1 X90.45 Y188.51 E.74231
SET_VELOCITY_LIMIT ACCEL=5000
;TYPE:Outer wall
;WIDTH:0.42
G1 F2580
G1 X90.65 Y188.51 E.00596
M106 S206
G1 F3000
G1 X91.49 Y188.51 E.02504
G1 F3600
G1 X192.317 Y188.51 E3.00519
G1 X192.86 Y188.51 E.01618
G1 X192.86 Y187.967 E.01618
G1 X192.86 Y129.1 E1.75455
G1 X192.86 Y128.53 E.01699
G1 X193.25 Y128.294 F30000
SET_VELOCITY_LIMIT ACCEL=10000
;TYPE:Gap infill
;WIDTH:0.469667
G1 F15000
G1 X193.217 Y128.133 E.00554
G1 X193.136 Y128.117 E.00277
;WIDTH:0.447482
G1 X193.056 Y128.1 E.00262
;WIDTH:0.430842
G1 X63.744 Y128.1 E3.96502
G1 X63.15 Y128.306 F30000
;WIDTH:0.431684
G1 F15000
G1 X63.15 Y153.125 E.76267
G1 E-.728 F1800
;WIPE_START
G1 F30000
G1 X63.15 Y151.925 E-.072
;WIPE_END
G1 X63.15 Y159.557 Z15.8
G1 X63.15 Y163.875 Z15.8
G1 Z15.4
G1 E.8 F1800
G1 F15000
G1 X63.15 Y188.694 E.76267
G1 X63.744 Y188.9 F30000
;WIDTH:0.430842
G1 F15000
G1 X193.056 Y188.9 E3.96502
;WIDTH:0.469667
G1 X193.217 Y188.867 E.00554
G1 X193.233 Y188.786 E.00277
;WIDTH:0.447482
G1 X193.25 Y188.706 E.00262
;WIDTH:0.430842
G1 X193.25 Y128.294 E1.85238
G1 E-.728 F1800
;WIPE_START
G1 F30000
G1 X193.25 Y129.494 E-.072
;WIPE_END
G1 X186.471 Y125.987 Z15.8
G1 X63.548 Y62.402 Z15.8
G1 Z15.4
G1 E.8 F1800
;TYPE:Inner wall
;WIDTH:0.45
G1 F6000
G1 X63.548 Y87.628 E.8117
G1 X62.752 Y87.628 E.02561
G1 X62.752 Y62.402 E.8117
G1 X63.508 Y62.402 E.02432
G1 E-.728 F1800
;WIPE_START
G1 F30000
G1 X63.51 Y63.602 E-.072
;WIPE_END
G1 X63.518 Y71.235 Z15.8
G1 X63.548 Y97.972 Z15.8
G1 Z15.4
G1 E.8 F1800
G1 F6000
G1 X63.548 Y123.198 E.8117
G1 X62.752 Y123.198 E.02561
G1 X62.752 Y97.972 E.8117
G1 X63.508 Y97.972 E.02432
G1 E-.728 F1800
;WIPE_START
G1 F30000
G1 X63.51 Y99.172 E-.072
;WIPE_END
G1 X70.857 Y97.105 Z15.8
G1 X192.86 Y62.79 Z15.8
G1 Z15.4
G1 E.8 F1800
SET_VELOCITY_LIMIT ACCEL=5000
;TYPE:Outer wall
;WIDTH:0.42
G1 F3600
G1 X192.317 Y62.79 E.01618
G1 X64.483 Y62.79 E3.81014
G1 X63.94 Y62.79 E.01618
G1 X63.94 Y63.333 E.01618
G1 X63.94 Y87.39 E.71703
G1 X63.94 Y88.02 E.01878
G1 X62.36 Y88.02 E.04709
G1 X62.36 Y62.01 E.77524
G1 X193.64 Y62.01 E3.91285
G1 X193.64 Y123.59 E1.83542
M73 P88 R8
G1 X193.01 Y123.59 E.01878
G1 X91.49 Y123.59 E3.02584
M106 S255
G1 F3000
G1 X90.65 Y123.59 E.02504
G1 F2580
G1 X90.45 Y123.59 E.00596
SET_VELOCITY_LIMIT ACCEL=2500
;TYPE:Overhang wall
;WIDTH:0.4
G1 F3000
G1 X64.15 Y123.59 E.74231
SET_VELOCITY_LIMIT ACCEL=5000
;TYPE:Outer wall
;WIDTH:0.42
G1 F2580
G1 X63.95 Y123.59 E.00596
M106 S206
G1 F3000
G1 X62.36 Y123.59 E.04739
G1 F3600
G1 X62.36 Y97.58 E.77524
G1 X63.94 Y97.58 E.04709
G1 X63.94 Y98.21 E.01878
G1 X63.94 Y121.98 E.70847
G1 F3060
G1 X63.94 Y122.81 E.02474
M106 S255
G1 F2580
G1 X64.15 Y122.81 E.00626
SET_VELOCITY_LIMIT ACCEL=2500
;TYPE:Overhang wall
;WIDTH:0.4
G1 F3000
G1 X90.45 Y122.81 E.74231
SET_VELOCITY_LIMIT ACCEL=5000
;TYPE:Outer wall
;WIDTH:0.42
G1 F2580
G1 X90.65 Y122.81 E.00596
M106 S206
G1 F3000
G1 X91.49 Y122.81 E.02504
G1 F3600
G1 X192.317 Y122.81 E3.00519
G1 X192.86 Y122.81 E.01618
G1 X192.86 Y122.267 E.01618
G1 X192.86 Y63.4 E1.75455
G1 X192.86 Y62.83 E.01699
G1 X193.25 Y62.594 F30000
SET_VELOCITY_LIMIT ACCEL=10000
;TYPE:Gap infill
;WIDTH:0.469667
G1 F15000
G1 X193.217 Y62.433 E.00554
G1 X193.136 Y62.417 E.00277
;WIDTH:0.447482
G1 X193.056 Y62.4 E.00262
;WIDTH:0.430842
G1 X63.744 Y62.4 E3.96502
G1 X63.15 Y62.606 F30000
;WIDTH:0.431684
G1 F15000
G1 X63.15 Y87.425 E.76267
G1 E-.728 F1800
;WIPE_START
G1 F30000
G1 X63.15 Y86.225 E-.072
;WIPE_END
G1 X63.15 Y93.857 Z15.8
G1 X63.15 Y98.175 Z15.8
G1 Z15.4
G1 E.8 F1800
G1 F15000
G1 X63.15 Y122.994 E.76267
G1 X63.744 Y123.2 F30000
;WIDTH:0.430842
G1 F15000
G1 X193.056 Y123.2 E3.96502
;WIDTH:0.469667
G1 X193.217 Y123.167 E.00554
G1 X193.233 Y123.086 E.00277
;WIDTH:0.447482
G1 X193.25 Y123.006 E.00262
;WIDTH:0.430842
G1 X193.25 Y62.594 E1.85238
M106 S209
;LAYER_CHANGE
;Z:15.6
;HEIGHT:0.200001
;BEFORE_LAYER_CHANGE
;15.6
G92 E0

G1 E-.728 F1800
;WIPE_START
G1 F30000
G1 X193.25 Y63.794 E-.072
;WIPE_END
M73 L78
;LAYER:78
SET_PRINT_STATS_INFO TOTAL_LAYER=93 CURRENT_LAYER=78
;_SET_FAN_SPEED_CHANGING_LAYER

G1 X192.206 Y63.9532 Z15.6571
G1 X191.431 Y63.2363 Z15.7143
G1 X191.508 Y62.1831 Z15.7714
G1 X192.379 Y61.5866 Z15.8286
G1 X193.389 Y61.8961 Z15.8857
G1 X193.776 Y62.8785 Z15.9429
G1 X193.25 Y63.794 Z16
G1 X62.752 Y153.106 Z16
G1 Z15.6
G1 E.8 F1800
;TYPE:Inner wall
;WIDTH:0.45
G1 F6000
G1 X62.752 Y128.102 E.80454
G1 X63.548 Y128.102 E.02561
G1 X63.548 Y153.106 E.80454
G1 X62.792 Y153.106 E.02432
G1 E-.728 F1800
;WIPE_START
G1 F30000
G1 X62.79 Y151.906 E-.072
;WIPE_END
G1 X62.946 Y159.537 Z16
G1 X63.548 Y188.898 Z16
G1 Z15.6
G1 E.8 F1800
G1 F6000
G1 X62.752 Y188.898 E.02561
G1 X62.752 Y163.894 E.80454
G1 X63.548 Y163.894 E.02561
G1 X63.548 Y188.858 E.80325
SET_VELOCITY_LIMIT ACCEL=5000
G1 X63.94 Y188.51 F30000
;TYPE:Outer wall
;WIDTH:0.42
G1 F3600
G1 X192.86 Y188.51 E3.84251
G1 X192.86 Y128.49 E1.78892
G1 X63.94 Y128.49 E3.84251
G1 X63.94 Y153.498 E.74537
G1 X62.36 Y153.498 E.04709
G1 X62.36 Y127.71 E.76862
G1 X193.64 Y127.71 E3.91285
G1 X193.64 Y189.29 E1.83542
G1 X62.36 Y189.29 E3.91285
G1 X62.36 Y163.502 E.76862
G1 X63.94 Y163.502 E.04709
G1 X63.94 Y188.47 E.74418
G1 X63.744 Y188.9 F30000
SET_VELOCITY_LIMIT ACCEL=10000
;TYPE:Gap infill
;WIDTH:0.430842
G1 F15000
G1 X193.056 Y188.9 E3.96502
;WIDTH:0.469667
G1 X193.217 Y188.867 E.00554
G1 X193.233 Y188.786 E.00277
;WIDTH:0.447482
G1 X193.25 Y188.706 E.00262
;WIDTH:0.430842
G1 X193.25 Y128.294 E1.85238
;WIDTH:0.469667
G1 X193.217 Y128.133 E.00554
G1 X193.136 Y128.117 E.00277
;WIDTH:0.447482
G1 X193.056 Y128.1 E.00262
;WIDTH:0.430842
G1 X63.744 Y128.1 E3.96502
G1 X63.15 Y128.306 F30000
;WIDTH:0.431684
G1 F15000
G1 X63.15 Y152.902 E.75583
G1 E-.728 F1800
;WIPE_START
G1 F30000
G1 X63.15 Y151.702 E-.072
;WIPE_END
G1 X63.15 Y159.335 Z16
G1 X63.15 Y164.098 Z16
G1 Z15.6
G1 E.8 F1800
G1 F15000
G1 X63.15 Y188.694 E.75583
G1 E-.728 F1800
;WIPE_START
G1 F30000
G1 X63.15 Y187.494 E-.072
;WIPE_END
G1 X63.12 Y179.862 Z16
G1 X62.752 Y87.406 Z16
G1 Z15.6
G1 E.8 F1800
;TYPE:Inner wall
;WIDTH:0.45
G1 F6000
G1 X62.752 Y62.402 E.80454
G1 X63.548 Y62.402 E.02561
G1 X63.548 Y87.406 E.80454
G1 X62.792 Y87.406 E.02432
G1 E-.728 F1800
;WIPE_START
G1 F30000
G1 X62.79 Y86.206 E-.072
;WIPE_END
G1 X62.946 Y93.837 Z16
G1 X63.548 Y123.198 Z16
G1 Z15.6
G1 E.8 F1800
G1 F6000
G1 X62.752 Y123.198 E.02561
G1 X62.752 Y98.194 E.80454
G1 X63.548 Y98.194 E.02561
G1 X63.548 Y123.158 E.80325
SET_VELOCITY_LIMIT ACCEL=5000
G1 X63.94 Y122.81 F30000
;TYPE:Outer wall
;WIDTH:0.42
G1 F3600
G1 X192.86 Y122.81 E3.84251
G1 X192.86 Y62.79 E1.78892
G1 X63.94 Y62.79 E3.84251
G1 X63.94 Y87.798 E.74537
M73 P89 R8
G1 X62.36 Y87.798 E.04709
G1 X62.36 Y62.01 E.76862
G1 X193.64 Y62.01 E3.91285
G1 X193.64 Y123.59 E1.83542
G1 X62.36 Y123.59 E3.91285
G1 X62.36 Y97.802 E.76862
G1 X63.94 Y97.802 E.04709
G1 X63.94 Y122.77 E.74418
G1 X63.744 Y123.2 F30000
SET_VELOCITY_LIMIT ACCEL=10000
;TYPE:Gap infill
;WIDTH:0.430842
G1 F15000
G1 X193.056 Y123.2 E3.96502
;WIDTH:0.469667
G1 X193.217 Y123.167 E.00554
G1 X193.233 Y123.086 E.00277
;WIDTH:0.447482
G1 X193.25 Y123.006 E.00262
;WIDTH:0.430842
G1 X193.25 Y62.594 E1.85238
;WIDTH:0.469667
G1 X193.217 Y62.433 E.00554
G1 X193.136 Y62.417 E.00277
;WIDTH:0.447482
G1 X193.056 Y62.4 E.00262
;WIDTH:0.430842
G1 X63.744 Y62.4 E3.96502
G1 X63.15 Y62.606 F30000
;WIDTH:0.431684
G1 F15000
G1 X63.15 Y87.202 E.75583
G1 E-.728 F1800
;WIPE_START
G1 F30000
G1 X63.15 Y86.002 E-.072
;WIPE_END
G1 X63.15 Y93.635 Z16
G1 X63.15 Y98.398 Z16
G1 Z15.6
G1 E.8 F1800
G1 F15000
G1 X63.15 Y122.994 E.75583
;LAYER_CHANGE
;Z:15.8
;HEIGHT:0.2
;BEFORE_LAYER_CHANGE
;15.8
G92 E0

G1 E-.728 F1800
;WIPE_START
G1 F30000
G1 X63.15 Y121.794 E-.072
;WIPE_END
M73 L79
;LAYER:79
SET_PRINT_STATS_INFO TOTAL_LAYER=93 CURRENT_LAYER=79
;_SET_FAN_SPEED_CHANGING_LAYER

G1 X62.6797 Y122.74 Z15.8571
G1 X61.6472 Y122.962 Z15.9143
G1 X60.83 Y122.293 Z15.9714
G1 X60.8435 Y121.237 Z16.0286
G1 X61.6775 Y120.589 Z16.0857
G1 X62.704 Y120.837 Z16.1429
G1 X63.15 Y121.794 Z16.2
G1 X62.752 Y152.9 Z16.2
G1 Z15.8
G1 E.8 F1800
;TYPE:Inner wall
;WIDTH:0.45
G1 F6000
G1 X62.752 Y128.102 E.79793
G1 X63.548 Y128.102 E.02561
G1 X63.548 Y152.9 E.79793
G1 X62.792 Y152.9 E.02432
G1 E-.728 F1800
;WIPE_START
G1 F30000
G1 X62.79 Y151.7 E-.072
;WIPE_END
G1 X62.946 Y159.331 Z16.2
G1 X63.548 Y188.898 Z16.2
G1 Z15.8
G1 E.8 F1800
G1 F6000
G1 X62.752 Y188.898 E.02561
G1 X62.752 Y164.1 E.79793
G1 X63.548 Y164.1 E.02561
G1 X63.548 Y188.858 E.79664
SET_VELOCITY_LIMIT ACCEL=5000
G1 X63.94 Y188.51 F30000
;TYPE:Outer wall
;WIDTH:0.42
G1 F3600
G1 X192.86 Y188.51 E3.84251
G1 X192.86 Y128.49 E1.78892
G1 X63.94 Y128.49 E3.84251
G1 X63.94 Y153.292 E.73925
G1 X62.36 Y153.292 E.04709
G1 X62.36 Y127.71 E.76249
G1 X193.64 Y127.71 E3.91285
G1 X193.64 Y189.29 E1.83542
G1 X62.36 Y189.29 E3.91285
G1 X62.36 Y163.708 E.76249
G1 X63.94 Y163.708 E.04709
G1 X63.94 Y188.47 E.73805
G1 X63.744 Y188.9 F30000
SET_VELOCITY_LIMIT ACCEL=10000
;TYPE:Gap infill
;WIDTH:0.430842
G1 F15000
G1 X193.056 Y188.9 E3.96502
;WIDTH:0.469667
G1 X193.217 Y188.867 E.00554
G1 X193.233 Y188.786 E.00277
;WIDTH:0.447482
G1 X193.25 Y188.706 E.00262
;WIDTH:0.430842
G1 X193.25 Y128.294 E1.85238
;WIDTH:0.469667
G1 X193.217 Y128.133 E.00554
G1 X193.136 Y128.117 E.00277
;WIDTH:0.447482
G1 X193.056 Y128.1 E.00262
;WIDTH:0.430842
G1 X63.744 Y128.1 E3.96502
G1 X63.15 Y128.306 F30000
;WIDTH:0.431684
G1 F15000
G1 X63.15 Y152.697 E.74952
G1 E-.728 F1800
;WIPE_START
G1 F30000
G1 X63.15 Y151.497 E-.072
;WIPE_END
G1 X63.15 Y159.129 Z16.2
G1 X63.15 Y164.303 Z16.2
G1 Z15.8
G1 E.8 F1800
G1 F15000
G1 X63.15 Y188.694 E.74952
G1 E-.728 F1800
;WIPE_START
G1 F30000
G1 X63.15 Y187.494 E-.072
;WIPE_END
G1 X63.12 Y179.862 Z16.2
G1 X62.752 Y87.2 Z16.2
G1 Z15.8
G1 E.8 F1800
;TYPE:Inner wall
;WIDTH:0.45
G1 F6000
G1 X62.752 Y62.402 E.79793
G1 X63.548 Y62.402 E.02561
G1 X63.548 Y87.2 E.79793
G1 X62.792 Y87.2 E.02432
G1 E-.728 F1800
;WIPE_START
G1 F30000
G1 X62.79 Y86 E-.072
;WIPE_END
G1 X62.946 Y93.631 Z16.2
G1 X63.548 Y123.198 Z16.2
G1 Z15.8
G1 E.8 F1800
G1 F6000
G1 X62.752 Y123.198 E.02561
G1 X62.752 Y98.4 E.79793
G1 X63.548 Y98.4 E.02561
G1 X63.548 Y123.158 E.79664
SET_VELOCITY_LIMIT ACCEL=5000
G1 X63.94 Y122.81 F30000
M73 P89 R7
;TYPE:Outer wall
;WIDTH:0.42
G1 F3600
G1 X192.86 Y122.81 E3.84251
G1 X192.86 Y62.79 E1.78892
G1 X63.94 Y62.79 E3.84251
G1 X63.94 Y87.592 E.73925
G1 X62.36 Y87.592 E.04709
G1 X62.36 Y62.01 E.76249
G1 X193.64 Y62.01 E3.91285
G1 X193.64 Y123.59 E1.83542
G1 X62.36 Y123.59 E3.91285
G1 X62.36 Y98.008 E.76249
G1 X63.94 Y98.008 E.04709
G1 X63.94 Y122.77 E.73805
G1 X63.744 Y123.2 F30000
SET_VELOCITY_LIMIT ACCEL=10000
;TYPE:Gap infill
;WIDTH:0.430842
G1 F15000
G1 X193.056 Y123.2 E3.96502
;WIDTH:0.469667
G1 X193.217 Y123.167 E.00554
G1 X193.233 Y123.086 E.00277
;WIDTH:0.447482
G1 X193.25 Y123.006 E.00262
;WIDTH:0.430842
G1 X193.25 Y62.594 E1.85238
;WIDTH:0.469667
G1 X193.217 Y62.433 E.00554
G1 X193.136 Y62.417 E.00277
;WIDTH:0.447482
G1 X193.056 Y62.4 E.00262
;WIDTH:0.430842
G1 X63.744 Y62.4 E3.96502
G1 X63.15 Y62.606 F30000
;WIDTH:0.431684
G1 F15000
G1 X63.15 Y86.997 E.74952
G1 E-.728 F1800
;WIPE_START
G1 F30000
G1 X63.15 Y85.797 E-.072
;WIPE_END
G1 X63.15 Y93.429 Z16.2
G1 X63.15 Y98.603 Z16.2
G1 Z15.8
G1 E.8 F1800
G1 F15000
G1 X63.15 Y122.994 E.74952
;LAYER_CHANGE
;Z:16
;HEIGHT:0.2
;BEFORE_LAYER_CHANGE
;16
G92 E0

G1 E-.728 F1800
;WIPE_START
G1 F30000
G1 X63.15 Y121.794 E-.072
;WIPE_END
M73 L80
;LAYER:80
SET_PRINT_STATS_INFO TOTAL_LAYER=93 CURRENT_LAYER=80
;_SET_FAN_SPEED_CHANGING_LAYER

G1 X62.6796 Y122.74 Z16.0571
G1 X61.6471 Y122.962 Z16.1143
G1 X60.83 Y122.293 Z16.1714
G1 X60.8436 Y121.237 Z16.2286
G1 X61.6776 Y120.589 Z16.2857
G1 X62.7041 Y120.837 Z16.3429
G1 X63.15 Y121.794 Z16.4
G1 X62.752 Y152.711 Z16.4
G1 Z16
G1 E.8 F1800
;TYPE:Inner wall
;WIDTH:0.45
G1 F6000
G1 X62.752 Y128.102 E.79184
G1 X63.548 Y128.102 E.02561
G1 X63.548 Y152.711 E.79184
G1 X62.792 Y152.711 E.02432
G1 E-.728 F1800
;WIPE_START
G1 F30000
G1 X62.79 Y151.511 E-.072
;WIPE_END
G1 X62.945 Y159.142 Z16.4
G1 X63.548 Y188.898 Z16.4
G1 Z16
G1 E.8 F1800
G1 F6000
G1 X62.752 Y188.898 E.02561
G1 X62.752 Y164.289 E.79184
G1 X63.548 Y164.289 E.02561
G1 X63.548 Y188.858 E.79055
SET_VELOCITY_LIMIT ACCEL=5000
G1 X63.94 Y188.51 F30000
;TYPE:Outer wall
;WIDTH:0.42
G1 F3600
G1 X192.86 Y188.51 E3.84251
G1 X192.86 Y128.49 E1.78892
M73 P90 R7
G1 X63.94 Y128.49 E3.84251
G1 X63.94 Y153.103 E.73361
G1 X62.36 Y153.103 E.04709
G1 X62.36 Y127.71 E.75685
G1 X193.64 Y127.71 E3.91285
G1 X193.64 Y189.29 E1.83542
G1 X62.36 Y189.29 E3.91285
G1 X62.36 Y163.897 E.75685
G1 X63.94 Y163.897 E.04709
G1 X63.94 Y188.47 E.73241
G1 X63.744 Y188.9 F30000
SET_VELOCITY_LIMIT ACCEL=10000
;TYPE:Gap infill
;WIDTH:0.430842
G1 F15000
G1 X193.056 Y188.9 E3.96502
;WIDTH:0.469667
G1 X193.217 Y188.867 E.00554
G1 X193.233 Y188.786 E.00277
;WIDTH:0.447482
G1 X193.25 Y188.706 E.00262
;WIDTH:0.430842
G1 X193.25 Y128.294 E1.85238
;WIDTH:0.469667
G1 X193.217 Y128.133 E.00554
G1 X193.136 Y128.117 E.00277
;WIDTH:0.447482
G1 X193.056 Y128.1 E.00262
;WIDTH:0.430842
G1 X63.744 Y128.1 E3.96502
G1 X63.15 Y128.306 F30000
;WIDTH:0.431684
G1 F15000
G1 X63.15 Y152.508 E.7437
G1 E-.728 F1800
;WIPE_START
G1 F30000
G1 X63.15 Y151.308 E-.072
;WIPE_END
G1 X63.15 Y158.94 Z16.4
G1 X63.15 Y164.492 Z16.4
G1 Z16
G1 E.8 F1800
G1 F15000
G1 X63.15 Y188.694 E.7437
G1 E-.728 F1800
;WIPE_START
G1 F30000
G1 X63.15 Y187.494 E-.072
;WIPE_END
G1 X63.12 Y179.862 Z16.4
G1 X62.752 Y87.011 Z16.4
G1 Z16
G1 E.8 F1800
;TYPE:Inner wall
;WIDTH:0.45
G1 F6000
G1 X62.752 Y62.402 E.79184
G1 X63.548 Y62.402 E.02561
G1 X63.548 Y87.011 E.79184
G1 X62.792 Y87.011 E.02432
G1 E-.728 F1800
;WIPE_START
G1 F30000
G1 X62.79 Y85.811 E-.072
;WIPE_END
G1 X62.945 Y93.442 Z16.4
G1 X63.548 Y123.198 Z16.4
G1 Z16
G1 E.8 F1800
G1 F6000
G1 X62.752 Y123.198 E.02561
G1 X62.752 Y98.589 E.79184
G1 X63.548 Y98.589 E.02561
G1 X63.548 Y123.158 E.79055
SET_VELOCITY_LIMIT ACCEL=5000
G1 X63.94 Y122.81 F30000
;TYPE:Outer wall
;WIDTH:0.42
G1 F3600
G1 X192.86 Y122.81 E3.84251
G1 X192.86 Y62.79 E1.78892
G1 X63.94 Y62.79 E3.84251
G1 X63.94 Y87.403 E.73361
G1 X62.36 Y87.403 E.04709
G1 X62.36 Y62.01 E.75685
G1 X193.64 Y62.01 E3.91285
G1 X193.64 Y123.59 E1.83542
G1 X62.36 Y123.59 E3.91285
G1 X62.36 Y98.197 E.75685
G1 X63.94 Y98.197 E.04709
G1 X63.94 Y122.77 E.73241
G1 X63.744 Y123.2 F30000
SET_VELOCITY_LIMIT ACCEL=10000
;TYPE:Gap infill
;WIDTH:0.430842
G1 F15000
G1 X193.056 Y123.2 E3.96502
;WIDTH:0.469667
G1 X193.217 Y123.167 E.00554
G1 X193.233 Y123.086 E.00277
;WIDTH:0.447482
G1 X193.25 Y123.006 E.00262
;WIDTH:0.430842
G1 X193.25 Y62.594 E1.85238
;WIDTH:0.469667
G1 X193.217 Y62.433 E.00554
G1 X193.136 Y62.417 E.00277
;WIDTH:0.447482
G1 X193.056 Y62.4 E.00262
;WIDTH:0.430842
G1 X63.744 Y62.4 E3.96502
G1 X63.15 Y62.606 F30000
;WIDTH:0.431684
G1 F15000
G1 X63.15 Y86.808 E.7437
G1 E-.728 F1800
;WIPE_START
G1 F30000
G1 X63.15 Y85.608 E-.072
;WIPE_END
G1 X63.15 Y93.24 Z16.4
G1 X63.15 Y98.792 Z16.4
G1 Z16
G1 E.8 F1800
G1 F15000
G1 X63.15 Y122.994 E.7437
;LAYER_CHANGE
;Z:16.2
;HEIGHT:0.200001
;BEFORE_LAYER_CHANGE
;16.2
G92 E0

G1 E-.728 F1800
;WIPE_START
G1 F30000
G1 X63.15 Y121.794 E-.072
;WIPE_END
M73 L81
;LAYER:81
SET_PRINT_STATS_INFO TOTAL_LAYER=93 CURRENT_LAYER=81
;_SET_FAN_SPEED_CHANGING_LAYER

G1 X62.6795 Y122.74 Z16.2571
G1 X61.647 Y122.961 Z16.3143
G1 X60.83 Y122.292 Z16.3714
G1 X60.8436 Y121.236 Z16.4286
G1 X61.6777 Y120.589 Z16.4857
G1 X62.7042 Y120.837 Z16.5429
G1 X63.15 Y121.794 Z16.6
G1 X62.752 Y152.538 Z16.6
G1 Z16.2
G1 E.8 F1800
;TYPE:Inner wall
;WIDTH:0.45
G1 F6000
G1 X62.752 Y128.102 E.78628
G1 X63.548 Y128.102 E.02561
G1 X63.548 Y152.538 E.78628
G1 X62.792 Y152.538 E.02432
G1 E-.728 F1800
;WIPE_START
G1 F30000
G1 X62.79 Y151.338 E-.072
;WIPE_END
G1 X62.944 Y158.969 Z16.6
G1 X63.548 Y188.898 Z16.6
G1 Z16.2
G1 E.8 F1800
G1 F6000
G1 X62.752 Y188.898 E.02561
G1 X62.752 Y164.462 E.78628
G1 X63.548 Y164.462 E.02561
G1 X63.548 Y188.858 E.78499
SET_VELOCITY_LIMIT ACCEL=5000
G1 X63.94 Y188.51 F30000
;TYPE:Outer wall
;WIDTH:0.42
G1 F3600
G1 X192.86 Y188.51 E3.84251
G1 X192.86 Y128.49 E1.78892
G1 X63.94 Y128.49 E3.84251
G1 X63.94 Y152.93 E.72846
G1 X62.36 Y152.93 E.04709
G1 X62.36 Y127.71 E.7517
G1 X193.64 Y127.71 E3.91285
G1 X193.64 Y189.29 E1.83542
G1 X62.36 Y189.29 E3.91285
G1 X62.36 Y164.07 E.7517
M73 P90 R6
G1 X63.94 Y164.07 E.04709
G1 X63.94 Y188.47 E.72726
G1 X63.744 Y188.9 F30000
SET_VELOCITY_LIMIT ACCEL=10000
;TYPE:Gap infill
;WIDTH:0.430842
G1 F15000
G1 X193.056 Y188.9 E3.96502
;WIDTH:0.469667
G1 X193.217 Y188.867 E.00554
G1 X193.233 Y188.786 E.00277
;WIDTH:0.447482
G1 X193.25 Y188.706 E.00262
;WIDTH:0.430842
G1 X193.25 Y128.294 E1.85238
;WIDTH:0.469667
G1 X193.217 Y128.133 E.00554
G1 X193.136 Y128.117 E.00277
;WIDTH:0.447482
G1 X193.056 Y128.1 E.00262
;WIDTH:0.430842
G1 X63.744 Y128.1 E3.96502
G1 X63.15 Y128.306 F30000
;WIDTH:0.431684
G1 F15000
G1 X63.15 Y152.335 E.73839
G1 E-.728 F1800
;WIPE_START
G1 F30000
G1 X63.15 Y151.135 E-.072
;WIPE_END
G1 X63.15 Y158.767 Z16.6
G1 X63.15 Y164.665 Z16.6
G1 Z16.2
G1 E.8 F1800
G1 F15000
G1 X63.15 Y188.694 E.73839
G1 E-.728 F1800
;WIPE_START
G1 F30000
G1 X63.15 Y187.494 E-.072
;WIPE_END
G1 X63.12 Y179.862 Z16.6
G1 X62.752 Y86.838 Z16.6
G1 Z16.2
G1 E.8 F1800
;TYPE:Inner wall
;WIDTH:0.45
G1 F6000
G1 X62.752 Y62.402 E.78628
G1 X63.548 Y62.402 E.02561
G1 X63.548 Y86.838 E.78628
G1 X62.792 Y86.838 E.02432
M73 P91 R6
G1 E-.728 F1800
;WIPE_START
G1 F30000
G1 X62.79 Y85.638 E-.072
;WIPE_END
G1 X62.944 Y93.269 Z16.6
G1 X63.548 Y123.198 Z16.6
G1 Z16.2
G1 E.8 F1800
G1 F6000
G1 X62.752 Y123.198 E.02561
G1 X62.752 Y98.762 E.78628
G1 X63.548 Y98.762 E.02561
G1 X63.548 Y123.158 E.78499
SET_VELOCITY_LIMIT ACCEL=5000
G1 X63.94 Y122.81 F30000
;TYPE:Outer wall
;WIDTH:0.42
G1 F3600
G1 X192.86 Y122.81 E3.84251
G1 X192.86 Y62.79 E1.78892
G1 X63.94 Y62.79 E3.84251
G1 X63.94 Y87.23 E.72846
G1 X62.36 Y87.23 E.04709
G1 X62.36 Y62.01 E.7517
G1 X193.64 Y62.01 E3.91285
G1 X193.64 Y123.59 E1.83542
G1 X62.36 Y123.59 E3.91285
G1 X62.36 Y98.37 E.7517
G1 X63.94 Y98.37 E.04709
G1 X63.94 Y122.77 E.72726
G1 X63.744 Y123.2 F30000
SET_VELOCITY_LIMIT ACCEL=10000
;TYPE:Gap infill
;WIDTH:0.430842
G1 F15000
G1 X193.056 Y123.2 E3.96502
;WIDTH:0.469667
G1 X193.217 Y123.167 E.00554
G1 X193.233 Y123.086 E.00277
;WIDTH:0.447482
G1 X193.25 Y123.006 E.00262
;WIDTH:0.430842
G1 X193.25 Y62.594 E1.85238
;WIDTH:0.469667
G1 X193.217 Y62.433 E.00554
G1 X193.136 Y62.417 E.00277
;WIDTH:0.447482
G1 X193.056 Y62.4 E.00262
;WIDTH:0.430842
G1 X63.744 Y62.4 E3.96502
G1 X63.15 Y62.606 F30000
;WIDTH:0.431684
G1 F15000
G1 X63.15 Y86.635 E.73839
G1 E-.728 F1800
;WIPE_START
G1 F30000
G1 X63.15 Y85.435 E-.072
;WIPE_END
G1 X63.15 Y93.067 Z16.6
G1 X63.15 Y98.965 Z16.6
G1 Z16.2
G1 E.8 F1800
G1 F15000
G1 X63.15 Y122.994 E.73839
;LAYER_CHANGE
;Z:16.4
;HEIGHT:0.199999
;BEFORE_LAYER_CHANGE
;16.4
G92 E0

G1 E-.728 F1800
;WIPE_START
G1 F30000
G1 X63.15 Y121.794 E-.072
;WIPE_END
M73 L82
;LAYER:82
SET_PRINT_STATS_INFO TOTAL_LAYER=93 CURRENT_LAYER=82
;_SET_FAN_SPEED_CHANGING_LAYER

G1 X62.6795 Y122.74 Z16.4571
G1 X61.6469 Y122.961 Z16.5143
G1 X60.8299 Y122.292 Z16.5714
G1 X60.8437 Y121.236 Z16.6286
G1 X61.6778 Y120.589 Z16.6857
G1 X62.7042 Y120.837 Z16.7429
G1 X63.15 Y121.794 Z16.8
G1 X62.752 Y152.377 Z16.8
G1 Z16.4
G1 E.8 F1800
;TYPE:Inner wall
;WIDTH:0.45
G1 F6000
G1 X62.752 Y128.102 E.78109
G1 X63.548 Y128.102 E.02561
G1 X63.548 Y152.377 E.78109
G1 X62.792 Y152.377 E.02432
G1 E-.728 F1800
;WIPE_START
G1 F30000
G1 X62.79 Y151.177 E-.072
;WIPE_END
G1 X62.943 Y158.808 Z16.8
G1 X63.548 Y188.898 Z16.8
G1 Z16.4
G1 E.8 F1800
G1 F6000
G1 X62.752 Y188.898 E.02561
G1 X62.752 Y164.623 E.78109
G1 X63.548 Y164.623 E.02561
G1 X63.548 Y188.858 E.7798
SET_VELOCITY_LIMIT ACCEL=5000
G1 X63.94 Y188.51 F30000
;TYPE:Outer wall
;WIDTH:0.42
G1 F3600
G1 X192.86 Y188.51 E3.84251
G1 X192.86 Y128.49 E1.78892
G1 X63.94 Y128.49 E3.84251
G1 X63.94 Y152.769 E.72365
G1 X62.36 Y152.769 E.04709
G1 X62.36 Y127.71 E.7469
G1 X193.64 Y127.71 E3.91285
G1 X193.64 Y189.29 E1.83542
G1 X62.36 Y189.29 E3.91285
G1 X62.36 Y164.231 E.7469
G1 X63.94 Y164.231 E.04709
G1 X63.94 Y188.47 E.72246
G1 X63.744 Y188.9 F30000
SET_VELOCITY_LIMIT ACCEL=10000
;TYPE:Gap infill
;WIDTH:0.430842
G1 F15000
G1 X193.056 Y188.9 E3.96502
;WIDTH:0.469667
G1 X193.217 Y188.867 E.00554
G1 X193.233 Y188.786 E.00277
;WIDTH:0.447482
G1 X193.25 Y188.706 E.00262
;WIDTH:0.430842
G1 X193.25 Y128.294 E1.85238
;WIDTH:0.469667
G1 X193.217 Y128.133 E.00554
G1 X193.136 Y128.117 E.00277
;WIDTH:0.447482
G1 X193.056 Y128.1 E.00262
;WIDTH:0.430842
G1 X63.744 Y128.1 E3.96502
G1 X63.15 Y128.306 F30000
;WIDTH:0.431684
G1 F15000
G1 X63.15 Y152.173 E.73343
G1 E-.728 F1800
;WIPE_START
G1 F30000
G1 X63.15 Y150.973 E-.072
;WIPE_END
G1 X63.15 Y158.606 Z16.8
G1 X63.15 Y164.827 Z16.8
G1 Z16.4
G1 E.8 F1800
G1 F15000
G1 X63.15 Y188.694 E.73343
G1 E-.728 F1800
;WIPE_START
G1 F30000
G1 X63.15 Y187.494 E-.072
;WIPE_END
G1 X63.12 Y179.862 Z16.8
G1 X62.752 Y86.677 Z16.8
G1 Z16.4
G1 E.8 F1800
;TYPE:Inner wall
;WIDTH:0.45
G1 F6000
G1 X62.752 Y62.402 E.78109
G1 X63.548 Y62.402 E.02561
G1 X63.548 Y86.677 E.78109
G1 X62.792 Y86.677 E.02432
G1 E-.728 F1800
;WIPE_START
G1 F30000
G1 X62.79 Y85.477 E-.072
;WIPE_END
G1 X62.943 Y93.108 Z16.8
G1 X63.548 Y123.198 Z16.8
G1 Z16.4
G1 E.8 F1800
G1 F6000
G1 X62.752 Y123.198 E.02561
G1 X62.752 Y98.923 E.78109
G1 X63.548 Y98.923 E.02561
G1 X63.548 Y123.158 E.7798
SET_VELOCITY_LIMIT ACCEL=5000
G1 X63.94 Y122.81 F30000
;TYPE:Outer wall
;WIDTH:0.42
G1 F3600
G1 X192.86 Y122.81 E3.84251
G1 X192.86 Y62.79 E1.78892
G1 X63.94 Y62.79 E3.84251
G1 X63.94 Y87.069 E.72365
G1 X62.36 Y87.069 E.04709
G1 X62.36 Y62.01 E.7469
G1 X193.64 Y62.01 E3.91285
G1 X193.64 Y123.59 E1.83542
G1 X62.36 Y123.59 E3.91285
G1 X62.36 Y98.531 E.7469
G1 X63.94 Y98.531 E.04709
G1 X63.94 Y122.77 E.72246
G1 X63.744 Y123.2 F30000
SET_VELOCITY_LIMIT ACCEL=10000
;TYPE:Gap infill
;WIDTH:0.430842
G1 F15000
G1 X193.056 Y123.2 E3.96502
;WIDTH:0.469667
G1 X193.217 Y123.167 E.00554
M73 P92 R6
G1 X193.233 Y123.086 E.00277
;WIDTH:0.447482
G1 X193.25 Y123.006 E.00262
;WIDTH:0.430842
G1 X193.25 Y62.594 E1.85238
;WIDTH:0.469667
G1 X193.217 Y62.433 E.00554
G1 X193.136 Y62.417 E.00277
;WIDTH:0.447482
G1 X193.056 Y62.4 E.00262
;WIDTH:0.430842
G1 X63.744 Y62.4 E3.96502
G1 X63.15 Y62.606 F30000
;WIDTH:0.431684
G1 F15000
G1 X63.15 Y86.473 E.73343
G1 E-.728 F1800
;WIPE_START
G1 F30000
G1 X63.15 Y85.273 E-.072
;WIPE_END
G1 X63.15 Y92.906 Z16.8
G1 X63.15 Y99.127 Z16.8
G1 Z16.4
G1 E.8 F1800
G1 F15000
G1 X63.15 Y122.994 E.73343
;LAYER_CHANGE
;Z:16.6
;HEIGHT:0.200001
;BEFORE_LAYER_CHANGE
;16.6
G92 E0

G1 E-.728 F1800
;WIPE_START
G1 F30000
G1 X63.15 Y121.794 E-.072
;WIPE_END
M73 L83
;LAYER:83
SET_PRINT_STATS_INFO TOTAL_LAYER=93 CURRENT_LAYER=83
;_SET_FAN_SPEED_CHANGING_LAYER

G1 X62.6794 Y122.74 Z16.6571
G1 X61.6469 Y122.961 Z16.7143
G1 X60.8299 Y122.292 Z16.7714
G1 X60.8437 Y121.236 Z16.8286
G1 X61.6779 Y120.589 Z16.8857
G1 X62.7043 Y120.837 Z16.9429
G1 X63.15 Y121.794 Z17
G1 X62.752 Y152.226 Z17
G1 Z16.6
G1 E.8 F1800
;TYPE:Inner wall
;WIDTH:0.45
G1 F6000
G1 X62.752 Y128.102 E.77622
G1 X63.548 Y128.102 E.02561
G1 X63.548 Y152.226 E.77622
G1 X62.792 Y152.226 E.02432
G1 E-.728 F1800
;WIPE_START
G1 F30000
G1 X62.79 Y151.026 E-.072
;WIPE_END
G1 X62.943 Y158.657 Z17
G1 X63.548 Y188.898 Z17
G1 Z16.6
G1 E.8 F1800
G1 F6000
G1 X62.752 Y188.898 E.02561
G1 X62.752 Y164.774 E.77622
G1 X63.548 Y164.774 E.02561
G1 X63.548 Y188.858 E.77494
SET_VELOCITY_LIMIT ACCEL=5000
G1 X63.94 Y188.51 F30000
;TYPE:Outer wall
;WIDTH:0.42
G1 F3600
G1 X192.86 Y188.51 E3.84251
G1 X192.86 Y128.49 E1.78892
G1 X63.94 Y128.49 E3.84251
G1 X63.94 Y152.618 E.71914
G1 X62.36 Y152.618 E.04709
G1 X62.36 Y127.71 E.74239
G1 X193.64 Y127.71 E3.91285
G1 X193.64 Y189.29 E1.83542
M73 P92 R5
G1 X62.36 Y189.29 E3.91285
G1 X62.36 Y164.382 E.74239
G1 X63.94 Y164.382 E.04709
G1 X63.94 Y188.47 E.71795
G1 X63.744 Y188.9 F30000
SET_VELOCITY_LIMIT ACCEL=10000
;TYPE:Gap infill
;WIDTH:0.430842
G1 F15000
G1 X193.056 Y188.9 E3.96502
;WIDTH:0.469667
G1 X193.217 Y188.867 E.00554
G1 X193.233 Y188.786 E.00277
;WIDTH:0.447482
G1 X193.25 Y188.706 E.00262
;WIDTH:0.430842
G1 X193.25 Y128.294 E1.85238
;WIDTH:0.469667
G1 X193.217 Y128.133 E.00554
G1 X193.136 Y128.117 E.00277
;WIDTH:0.447482
G1 X193.056 Y128.1 E.00262
;WIDTH:0.430842
G1 X63.744 Y128.1 E3.96502
G1 X63.15 Y128.306 F30000
;WIDTH:0.431684
G1 F15000
G1 X63.15 Y152.022 E.72879
G1 E-.728 F1800
;WIPE_START
G1 F30000
G1 X63.15 Y150.822 E-.072
;WIPE_END
G1 X63.15 Y158.455 Z17
G1 X63.15 Y164.978 Z17
G1 Z16.6
G1 E.8 F1800
G1 F15000
G1 X63.15 Y188.694 E.72879
G1 E-.728 F1800
;WIPE_START
G1 F30000
G1 X63.15 Y187.494 E-.072
;WIPE_END
G1 X63.12 Y179.862 Z17
G1 X62.752 Y86.526 Z17
G1 Z16.6
G1 E.8 F1800
;TYPE:Inner wall
;WIDTH:0.45
G1 F6000
G1 X62.752 Y62.402 E.77622
G1 X63.548 Y62.402 E.02561
G1 X63.548 Y86.526 E.77622
G1 X62.792 Y86.526 E.02432
G1 E-.728 F1800
;WIPE_START
G1 F30000
G1 X62.79 Y85.326 E-.072
;WIPE_END
G1 X62.943 Y92.957 Z17
G1 X63.548 Y123.198 Z17
G1 Z16.6
G1 E.8 F1800
G1 F6000
G1 X62.752 Y123.198 E.02561
G1 X62.752 Y99.074 E.77622
G1 X63.548 Y99.074 E.02561
G1 X63.548 Y123.158 E.77494
SET_VELOCITY_LIMIT ACCEL=5000
G1 X63.94 Y122.81 F30000
;TYPE:Outer wall
;WIDTH:0.42
G1 F3600
G1 X192.86 Y122.81 E3.84251
G1 X192.86 Y62.79 E1.78892
G1 X63.94 Y62.79 E3.84251
G1 X63.94 Y86.918 E.71914
G1 X62.36 Y86.918 E.04709
G1 X62.36 Y62.01 E.74239
G1 X193.64 Y62.01 E3.91285
G1 X193.64 Y123.59 E1.83542
G1 X62.36 Y123.59 E3.91285
G1 X62.36 Y98.682 E.74239
G1 X63.94 Y98.682 E.04709
G1 X63.94 Y122.77 E.71795
G1 X63.744 Y123.2 F30000
SET_VELOCITY_LIMIT ACCEL=10000
;TYPE:Gap infill
;WIDTH:0.430842
G1 F15000
G1 X193.056 Y123.2 E3.96502
;WIDTH:0.469667
G1 X193.217 Y123.167 E.00554
G1 X193.233 Y123.086 E.00277
;WIDTH:0.447482
G1 X193.25 Y123.006 E.00262
;WIDTH:0.430842
G1 X193.25 Y62.594 E1.85238
;WIDTH:0.469667
G1 X193.217 Y62.433 E.00554
G1 X193.136 Y62.417 E.00277
;WIDTH:0.447482
G1 X193.056 Y62.4 E.00262
;WIDTH:0.430842
G1 X63.744 Y62.4 E3.96502
G1 X63.15 Y62.606 F30000
;WIDTH:0.431684
G1 F15000
G1 X63.15 Y86.322 E.72879
G1 E-.728 F1800
;WIPE_START
G1 F30000
G1 X63.15 Y85.122 E-.072
;WIPE_END
G1 X63.15 Y92.755 Z17
G1 X63.15 Y99.278 Z17
G1 Z16.6
G1 E.8 F1800
G1 F15000
G1 X63.15 Y122.994 E.72879
;LAYER_CHANGE
;Z:16.8
;HEIGHT:0.199999
;BEFORE_LAYER_CHANGE
;16.8
G92 E0

G1 E-.728 F1800
;WIPE_START
G1 F30000
G1 X63.15 Y121.794 E-.072
;WIPE_END
M73 L84
;LAYER:84
SET_PRINT_STATS_INFO TOTAL_LAYER=93 CURRENT_LAYER=84
;_SET_FAN_SPEED_CHANGING_LAYER

G1 X62.6793 Y122.74 Z16.8571
G1 X61.6468 Y122.961 Z16.9143
G1 X60.8299 Y122.292 Z16.9714
G1 X60.8437 Y121.236 Z17.0286
G1 X61.678 Y120.588 Z17.0857
G1 X62.7043 Y120.837 Z17.1429
G1 X63.15 Y121.794 Z17.2
G1 X62.752 Y152.086 Z17.2
G1 Z16.8
G1 E.8 F1800
;TYPE:Inner wall
;WIDTH:0.45
G1 F6000
G1 X62.752 Y128.102 E.77172
G1 X63.548 Y128.102 E.02561
G1 X63.548 Y152.086 E.77172
G1 X62.792 Y152.086 E.02432
G1 E-.728 F1800
;WIPE_START
G1 F30000
G1 X62.79 Y150.886 E-.072
;WIPE_END
G1 X62.942 Y158.517 Z17.2
G1 X63.548 Y188.898 Z17.2
G1 Z16.8
G1 E.8 F1800
G1 F6000
G1 X62.752 Y188.898 E.02561
G1 X62.752 Y164.914 E.77172
G1 X63.548 Y164.914 E.02561
G1 X63.548 Y188.858 E.77044
SET_VELOCITY_LIMIT ACCEL=5000
G1 X63.94 Y188.51 F30000
;TYPE:Outer wall
;WIDTH:0.42
G1 F3600
G1 X192.86 Y188.51 E3.84251
G1 X192.86 Y128.49 E1.78892
G1 X63.94 Y128.49 E3.84251
G1 X63.94 Y152.478 E.71498
G1 X62.36 Y152.478 E.04709
G1 X62.36 Y127.71 E.73822
G1 X193.64 Y127.71 E3.91285
G1 X193.64 Y189.29 E1.83542
G1 X62.36 Y189.29 E3.91285
G1 X62.36 Y164.522 E.73822
M73 P93 R5
G1 X63.94 Y164.522 E.04709
G1 X63.94 Y188.47 E.71378
G1 X63.744 Y188.9 F30000
SET_VELOCITY_LIMIT ACCEL=10000
;TYPE:Gap infill
;WIDTH:0.430842
G1 F15000
G1 X193.056 Y188.9 E3.96502
;WIDTH:0.469667
G1 X193.217 Y188.867 E.00554
G1 X193.233 Y188.786 E.00277
;WIDTH:0.447482
G1 X193.25 Y188.706 E.00262
;WIDTH:0.430842
G1 X193.25 Y128.294 E1.85238
;WIDTH:0.469667
G1 X193.217 Y128.133 E.00554
G1 X193.136 Y128.117 E.00277
;WIDTH:0.447482
G1 X193.056 Y128.1 E.00262
;WIDTH:0.430842
G1 X63.744 Y128.1 E3.96502
G1 X63.15 Y128.306 F30000
;WIDTH:0.431684
G1 F15000
G1 X63.15 Y151.883 E.72449
G1 E-.728 F1800
;WIPE_START
G1 F30000
G1 X63.15 Y150.683 E-.072
;WIPE_END
G1 X63.15 Y158.315 Z17.2
G1 X63.15 Y165.117 Z17.2
G1 Z16.8
G1 E.8 F1800
G1 F15000
G1 X63.15 Y188.694 E.72449
G1 E-.728 F1800
;WIPE_START
G1 F30000
G1 X63.15 Y187.494 E-.072
;WIPE_END
G1 X63.12 Y179.862 Z17.2
G1 X62.752 Y86.386 Z17.2
G1 Z16.8
G1 E.8 F1800
;TYPE:Inner wall
;WIDTH:0.45
G1 F6000
G1 X62.752 Y62.402 E.77172
G1 X63.548 Y62.402 E.02561
G1 X63.548 Y86.386 E.77172
G1 X62.792 Y86.386 E.02432
G1 E-.728 F1800
;WIPE_START
G1 F30000
G1 X62.79 Y85.186 E-.072
;WIPE_END
G1 X62.942 Y92.817 Z17.2
G1 X63.548 Y123.198 Z17.2
G1 Z16.8
G1 E.8 F1800
G1 F6000
G1 X62.752 Y123.198 E.02561
G1 X62.752 Y99.214 E.77172
G1 X63.548 Y99.214 E.02561
G1 X63.548 Y123.158 E.77044
SET_VELOCITY_LIMIT ACCEL=5000
G1 X63.94 Y122.81 F30000
;TYPE:Outer wall
;WIDTH:0.42
G1 F3600
G1 X192.86 Y122.81 E3.84251
G1 X192.86 Y62.79 E1.78892
G1 X63.94 Y62.79 E3.84251
G1 X63.94 Y86.778 E.71498
G1 X62.36 Y86.778 E.04709
G1 X62.36 Y62.01 E.73822
G1 X193.64 Y62.01 E3.91285
G1 X193.64 Y123.59 E1.83542
G1 X62.36 Y123.59 E3.91285
G1 X62.36 Y98.822 E.73822
G1 X63.94 Y98.822 E.04709
G1 X63.94 Y122.77 E.71378
G1 X63.744 Y123.2 F30000
SET_VELOCITY_LIMIT ACCEL=10000
;TYPE:Gap infill
;WIDTH:0.430842
G1 F15000
G1 X193.056 Y123.2 E3.96502
;WIDTH:0.469667
G1 X193.217 Y123.167 E.00554
G1 X193.233 Y123.086 E.00277
;WIDTH:0.447482
G1 X193.25 Y123.006 E.00262
;WIDTH:0.430842
G1 X193.25 Y62.594 E1.85238
;WIDTH:0.469667
G1 X193.217 Y62.433 E.00554
G1 X193.136 Y62.417 E.00277
;WIDTH:0.447482
G1 X193.056 Y62.4 E.00262
;WIDTH:0.430842
G1 X63.744 Y62.4 E3.96502
G1 X63.15 Y62.606 F30000
;WIDTH:0.431684
G1 F15000
G1 X63.15 Y86.183 E.72449
G1 E-.728 F1800
;WIPE_START
G1 F30000
G1 X63.15 Y84.983 E-.072
;WIPE_END
G1 X63.15 Y92.615 Z17.2
G1 X63.15 Y99.417 Z17.2
G1 Z16.8
G1 E.8 F1800
G1 F15000
G1 X63.15 Y122.994 E.72449
;LAYER_CHANGE
;Z:17
;HEIGHT:0.200001
;BEFORE_LAYER_CHANGE
;17
G92 E0

G1 E-.728 F1800
;WIPE_START
G1 F30000
G1 X63.15 Y121.794 E-.072
;WIPE_END
M73 L85
;LAYER:85
SET_PRINT_STATS_INFO TOTAL_LAYER=93 CURRENT_LAYER=85
;_SET_FAN_SPEED_CHANGING_LAYER

G1 X62.6793 Y122.74 Z17.0571
G1 X61.6467 Y122.961 Z17.1143
G1 X60.8298 Y122.292 Z17.1714
G1 X60.8438 Y121.236 Z17.2286
G1 X61.678 Y120.588 Z17.2857
G1 X62.7044 Y120.837 Z17.3429
G1 X63.15 Y121.794 Z17.4
G1 X62.752 Y151.958 Z17.4
G1 Z17
G1 E.8 F1800
;TYPE:Inner wall
;WIDTH:0.45
G1 F6000
G1 X62.752 Y128.102 E.76761
G1 X63.548 Y128.102 E.02561
G1 X63.548 Y151.958 E.76761
G1 X62.792 Y151.958 E.02432
G1 E-.728 F1800
;WIPE_START
G1 F30000
G1 X62.79 Y150.758 E-.072
;WIPE_END
G1 X62.942 Y158.389 Z17.4
G1 X63.548 Y188.898 Z17.4
G1 Z17
G1 E.8 F1800
G1 F6000
G1 X62.752 Y188.898 E.02561
G1 X62.752 Y165.042 E.76761
G1 X63.548 Y165.042 E.02561
G1 X63.548 Y188.858 E.76632
SET_VELOCITY_LIMIT ACCEL=5000
G1 X63.94 Y188.51 F30000
;TYPE:Outer wall
;WIDTH:0.42
G1 F3600
G1 X192.86 Y188.51 E3.84251
G1 X192.86 Y128.49 E1.78892
G1 X63.94 Y128.49 E3.84251
M73 P93 R4
G1 X63.94 Y152.35 E.71116
G1 X62.36 Y152.35 E.04709
G1 X62.36 Y127.71 E.73441
G1 X193.64 Y127.71 E3.91285
G1 X193.64 Y189.29 E1.83542
G1 X62.36 Y189.29 E3.91285
G1 X62.36 Y164.65 E.73441
G1 X63.94 Y164.65 E.04709
G1 X63.94 Y188.47 E.70997
G1 X63.744 Y188.9 F30000
SET_VELOCITY_LIMIT ACCEL=10000
;TYPE:Gap infill
;WIDTH:0.430842
G1 F15000
G1 X193.056 Y188.9 E3.96502
;WIDTH:0.469667
G1 X193.217 Y188.867 E.00554
G1 X193.233 Y188.786 E.00277
;WIDTH:0.447482
G1 X193.25 Y188.706 E.00262
;WIDTH:0.430842
G1 X193.25 Y128.294 E1.85238
;WIDTH:0.469667
G1 X193.217 Y128.133 E.00554
G1 X193.136 Y128.117 E.00277
;WIDTH:0.447482
G1 X193.056 Y128.1 E.00262
;WIDTH:0.430842
G1 X63.744 Y128.1 E3.96502
G1 X63.15 Y128.306 F30000
;WIDTH:0.431684
G1 F15000
G1 X63.15 Y151.755 E.72056
G1 E-.728 F1800
;WIPE_START
G1 F30000
G1 X63.15 Y150.555 E-.072
;WIPE_END
G1 X63.15 Y158.187 Z17.4
G1 X63.15 Y165.245 Z17.4
G1 Z17
G1 E.8 F1800
G1 F15000
G1 X63.15 Y188.694 E.72056
G1 E-.728 F1800
;WIPE_START
G1 F30000
G1 X63.15 Y187.494 E-.072
;WIPE_END
G1 X63.12 Y179.862 Z17.4
G1 X62.752 Y86.258 Z17.4
G1 Z17
G1 E.8 F1800
;TYPE:Inner wall
;WIDTH:0.45
G1 F6000
G1 X62.752 Y62.402 E.76761
G1 X63.548 Y62.402 E.02561
G1 X63.548 Y86.258 E.76761
G1 X62.792 Y86.258 E.02432
G1 E-.728 F1800
;WIPE_START
G1 F30000
G1 X62.79 Y85.058 E-.072
;WIPE_END
G1 X62.942 Y92.689 Z17.4
G1 X63.548 Y123.198 Z17.4
G1 Z17
G1 E.8 F1800
G1 F6000
G1 X62.752 Y123.198 E.02561
G1 X62.752 Y99.342 E.76761
G1 X63.548 Y99.342 E.02561
G1 X63.548 Y123.158 E.76632
SET_VELOCITY_LIMIT ACCEL=5000
G1 X63.94 Y122.81 F30000
;TYPE:Outer wall
;WIDTH:0.42
G1 F3600
G1 X192.86 Y122.81 E3.84251
G1 X192.86 Y62.79 E1.78892
G1 X63.94 Y62.79 E3.84251
G1 X63.94 Y86.65 E.71116
G1 X62.36 Y86.65 E.04709
G1 X62.36 Y62.01 E.73441
G1 X193.64 Y62.01 E3.91285
G1 X193.64 Y123.59 E1.83542
G1 X62.36 Y123.59 E3.91285
M73 P94 R4
G1 X62.36 Y98.95 E.73441
G1 X63.94 Y98.95 E.04709
G1 X63.94 Y122.77 E.70997
G1 X63.744 Y123.2 F30000
SET_VELOCITY_LIMIT ACCEL=10000
;TYPE:Gap infill
;WIDTH:0.430842
G1 F15000
G1 X193.056 Y123.2 E3.96502
;WIDTH:0.469667
G1 X193.217 Y123.167 E.00554
G1 X193.233 Y123.086 E.00277
;WIDTH:0.447482
G1 X193.25 Y123.006 E.00262
;WIDTH:0.430842
G1 X193.25 Y62.594 E1.85238
;WIDTH:0.469667
G1 X193.217 Y62.433 E.00554
G1 X193.136 Y62.417 E.00277
;WIDTH:0.447482
G1 X193.056 Y62.4 E.00262
;WIDTH:0.430842
G1 X63.744 Y62.4 E3.96502
G1 X63.15 Y62.606 F30000
;WIDTH:0.431684
G1 F15000
G1 X63.15 Y86.055 E.72056
G1 E-.728 F1800
;WIPE_START
G1 F30000
G1 X63.15 Y84.855 E-.072
;WIPE_END
G1 X63.15 Y92.487 Z17.4
G1 X63.15 Y99.545 Z17.4
G1 Z17
G1 E.8 F1800
G1 F15000
G1 X63.15 Y122.994 E.72056
;LAYER_CHANGE
;Z:17.2
;HEIGHT:0.200001
;BEFORE_LAYER_CHANGE
;17.2
G92 E0

G1 E-.728 F1800
;WIPE_START
G1 F30000
G1 X63.15 Y121.794 E-.072
;WIPE_END
M73 L86
;LAYER:86
SET_PRINT_STATS_INFO TOTAL_LAYER=93 CURRENT_LAYER=86
;_SET_FAN_SPEED_CHANGING_LAYER

G1 X62.6792 Y122.74 Z17.2571
G1 X61.6467 Y122.961 Z17.3143
G1 X60.8298 Y122.292 Z17.3714
G1 X60.8438 Y121.236 Z17.4286
G1 X61.6781 Y120.588 Z17.4857
G1 X62.7044 Y120.837 Z17.5429
G1 X63.15 Y121.794 Z17.6
G1 X62.752 Y151.838 Z17.6
G1 Z17.2
G1 E.8 F1800
;TYPE:Inner wall
;WIDTH:0.45
G1 F6000
G1 X62.752 Y128.102 E.76373
G1 X63.548 Y128.102 E.02561
G1 X63.548 Y151.838 E.76373
G1 X62.792 Y151.838 E.02432
G1 E-.728 F1800
;WIPE_START
G1 F30000
G1 X62.79 Y150.638 E-.072
;WIPE_END
G1 X62.941 Y158.269 Z17.6
G1 X63.548 Y188.898 Z17.6
G1 Z17.2
G1 E.8 F1800
G1 F6000
G1 X62.752 Y188.898 E.02561
G1 X62.752 Y165.162 E.76373
G1 X63.548 Y165.162 E.02561
G1 X63.548 Y188.858 E.76244
SET_VELOCITY_LIMIT ACCEL=5000
G1 X63.94 Y188.51 F30000
;TYPE:Outer wall
;WIDTH:0.42
G1 F3600
G1 X192.86 Y188.51 E3.84251
G1 X192.86 Y128.49 E1.78892
G1 X63.94 Y128.49 E3.84251
G1 X63.94 Y152.23 E.70757
G1 X62.36 Y152.23 E.04709
G1 X62.36 Y127.71 E.73082
G1 X193.64 Y127.71 E3.91285
G1 X193.64 Y189.29 E1.83542
G1 X62.36 Y189.29 E3.91285
G1 X62.36 Y164.77 E.73082
G1 X63.94 Y164.77 E.04709
G1 X63.94 Y188.47 E.70638
G1 X63.744 Y188.9 F30000
SET_VELOCITY_LIMIT ACCEL=10000
;TYPE:Gap infill
;WIDTH:0.430842
G1 F15000
G1 X193.056 Y188.9 E3.96502
;WIDTH:0.469667
G1 X193.217 Y188.867 E.00554
G1 X193.233 Y188.786 E.00277
;WIDTH:0.447482
G1 X193.25 Y188.706 E.00262
;WIDTH:0.430842
G1 X193.25 Y128.294 E1.85238
;WIDTH:0.469667
G1 X193.217 Y128.133 E.00554
G1 X193.136 Y128.117 E.00277
;WIDTH:0.447482
G1 X193.056 Y128.1 E.00262
;WIDTH:0.430842
G1 X63.744 Y128.1 E3.96502
G1 X63.15 Y128.306 F30000
;WIDTH:0.431684
G1 F15000
G1 X63.15 Y151.634 E.71686
G1 E-.728 F1800
;WIPE_START
G1 F30000
G1 X63.15 Y150.434 E-.072
;WIPE_END
G1 X63.15 Y158.067 Z17.6
G1 X63.15 Y165.366 Z17.6
G1 Z17.2
G1 E.8 F1800
G1 F15000
G1 X63.15 Y188.694 E.71686
G1 E-.728 F1800
;WIPE_START
G1 F30000
G1 X63.15 Y187.494 E-.072
;WIPE_END
G1 X63.12 Y179.862 Z17.6
G1 X62.752 Y86.138 Z17.6
G1 Z17.2
G1 E.8 F1800
;TYPE:Inner wall
;WIDTH:0.45
G1 F6000
G1 X62.752 Y62.402 E.76373
G1 X63.548 Y62.402 E.02561
G1 X63.548 Y86.138 E.76373
G1 X62.792 Y86.138 E.02432
G1 E-.728 F1800
;WIPE_START
G1 F30000
G1 X62.79 Y84.938 E-.072
;WIPE_END
G1 X62.941 Y92.569 Z17.6
G1 X63.548 Y123.198 Z17.6
G1 Z17.2
G1 E.8 F1800
G1 F6000
G1 X62.752 Y123.198 E.02561
G1 X62.752 Y99.462 E.76373
G1 X63.548 Y99.462 E.02561
G1 X63.548 Y123.158 E.76244
SET_VELOCITY_LIMIT ACCEL=5000
G1 X63.94 Y122.81 F30000
;TYPE:Outer wall
;WIDTH:0.42
G1 F3600
G1 X192.86 Y122.81 E3.84251
G1 X192.86 Y62.79 E1.78892
G1 X63.94 Y62.79 E3.84251
G1 X63.94 Y86.53 E.70757
G1 X62.36 Y86.53 E.04709
G1 X62.36 Y62.01 E.73082
G1 X193.64 Y62.01 E3.91285
G1 X193.64 Y123.59 E1.83542
G1 X62.36 Y123.59 E3.91285
G1 X62.36 Y99.07 E.73082
G1 X63.94 Y99.07 E.04709
G1 X63.94 Y122.77 E.70638
G1 X63.744 Y123.2 F30000
SET_VELOCITY_LIMIT ACCEL=10000
;TYPE:Gap infill
;WIDTH:0.430842
G1 F15000
G1 X193.056 Y123.2 E3.96502
;WIDTH:0.469667
G1 X193.217 Y123.167 E.00554
G1 X193.233 Y123.086 E.00277
;WIDTH:0.447482
G1 X193.25 Y123.006 E.00262
;WIDTH:0.430842
G1 X193.25 Y62.594 E1.85238
;WIDTH:0.469667
G1 X193.217 Y62.433 E.00554
G1 X193.136 Y62.417 E.00277
;WIDTH:0.447482
G1 X193.056 Y62.4 E.00262
;WIDTH:0.430842
G1 X63.744 Y62.4 E3.96502
G1 X63.15 Y62.606 F30000
;WIDTH:0.431684
G1 F15000
G1 X63.15 Y85.934 E.71686
G1 E-.728 F1800
;WIPE_START
G1 F30000
G1 X63.15 Y84.734 E-.072
;WIPE_END
G1 X63.15 Y92.367 Z17.6
G1 X63.15 Y99.666 Z17.6
M73 P94 R3
G1 Z17.2
G1 E.8 F1800
G1 F15000
G1 X63.15 Y122.994 E.71686
;LAYER_CHANGE
;Z:17.4
;HEIGHT:0.199999
;BEFORE_LAYER_CHANGE
;17.4
G92 E0

G1 E-.728 F1800
;WIPE_START
G1 F30000
G1 X63.15 Y121.794 E-.072
;WIPE_END
M73 L87
;LAYER:87
SET_PRINT_STATS_INFO TOTAL_LAYER=93 CURRENT_LAYER=87
;_SET_FAN_SPEED_CHANGING_LAYER

G1 X62.6792 Y122.74 Z17.4571
G1 X61.6466 Y122.961 Z17.5143
G1 X60.8298 Y122.292 Z17.5714
G1 X60.8438 Y121.236 Z17.6286
G1 X61.6781 Y120.588 Z17.6857
G1 X62.7045 Y120.837 Z17.7429
G1 X63.15 Y121.794 Z17.8
G1 X62.752 Y151.725 Z17.8
G1 Z17.4
G1 E.8 F1800
;TYPE:Inner wall
;WIDTH:0.45
G1 F6000
G1 X62.752 Y128.102 E.76012
G1 X63.548 Y128.102 E.02561
G1 X63.548 Y151.725 E.76012
G1 X62.792 Y151.725 E.02432
G1 E-.728 F1800
;WIPE_START
G1 F30000
G1 X62.79 Y150.525 E-.072
;WIPE_END
G1 X62.941 Y158.156 Z17.8
G1 X63.548 Y188.898 Z17.8
G1 Z17.4
G1 E.8 F1800
G1 F6000
G1 X62.752 Y188.898 E.02561
G1 X62.752 Y165.275 E.76012
G1 X63.548 Y165.275 E.02561
G1 X63.548 Y188.858 E.75883
SET_VELOCITY_LIMIT ACCEL=5000
G1 X63.94 Y188.51 F30000
;TYPE:Outer wall
;WIDTH:0.42
G1 F3600
G1 X192.86 Y188.51 E3.84251
G1 X192.86 Y128.49 E1.78892
G1 X63.94 Y128.49 E3.84251
G1 X63.94 Y152.117 E.70422
G1 X62.36 Y152.117 E.04709
G1 X62.36 Y127.71 E.72747
G1 X193.64 Y127.71 E3.91285
G1 X193.64 Y189.29 E1.83542
M73 P95 R3
G1 X62.36 Y189.29 E3.91285
G1 X62.36 Y164.883 E.72747
G1 X63.94 Y164.883 E.04709
G1 X63.94 Y188.47 E.70303
G1 X63.744 Y188.9 F30000
SET_VELOCITY_LIMIT ACCEL=10000
;TYPE:Gap infill
;WIDTH:0.430842
G1 F15000
G1 X193.056 Y188.9 E3.96502
;WIDTH:0.469667
G1 X193.217 Y188.867 E.00554
G1 X193.233 Y188.786 E.00277
;WIDTH:0.447482
G1 X193.25 Y188.706 E.00262
;WIDTH:0.430842
G1 X193.25 Y128.294 E1.85238
;WIDTH:0.469667
G1 X193.217 Y128.133 E.00554
G1 X193.136 Y128.117 E.00277
;WIDTH:0.447482
G1 X193.056 Y128.1 E.00262
;WIDTH:0.430842
G1 X63.744 Y128.1 E3.96502
G1 X63.15 Y128.306 F30000
;WIDTH:0.431684
G1 F15000
G1 X63.15 Y151.522 E.71341
G1 E-.728 F1800
;WIPE_START
G1 F30000
G1 X63.15 Y150.322 E-.072
;WIPE_END
G1 X63.15 Y157.954 Z17.8
G1 X63.15 Y165.478 Z17.8
G1 Z17.4
G1 E.8 F1800
G1 F15000
G1 X63.15 Y188.694 E.71341
G1 E-.728 F1800
;WIPE_START
G1 F30000
G1 X63.15 Y187.494 E-.072
;WIPE_END
G1 X63.12 Y179.862 Z17.8
G1 X62.752 Y86.025 Z17.8
G1 Z17.4
G1 E.8 F1800
;TYPE:Inner wall
;WIDTH:0.45
G1 F6000
G1 X62.752 Y62.402 E.76012
G1 X63.548 Y62.402 E.02561
G1 X63.548 Y86.025 E.76012
G1 X62.792 Y86.025 E.02432
G1 E-.728 F1800
;WIPE_START
G1 F30000
G1 X62.79 Y84.825 E-.072
;WIPE_END
G1 X62.941 Y92.456 Z17.8
G1 X63.548 Y123.198 Z17.8
G1 Z17.4
G1 E.8 F1800
G1 F6000
G1 X62.752 Y123.198 E.02561
G1 X62.752 Y99.575 E.76012
G1 X63.548 Y99.575 E.02561
G1 X63.548 Y123.158 E.75883
SET_VELOCITY_LIMIT ACCEL=5000
G1 X63.94 Y122.81 F30000
;TYPE:Outer wall
;WIDTH:0.42
G1 F3600
G1 X192.86 Y122.81 E3.84251
G1 X192.86 Y62.79 E1.78892
G1 X63.94 Y62.79 E3.84251
G1 X63.94 Y86.417 E.70422
G1 X62.36 Y86.417 E.04709
G1 X62.36 Y62.01 E.72747
G1 X193.64 Y62.01 E3.91285
G1 X193.64 Y123.59 E1.83542
G1 X62.36 Y123.59 E3.91285
G1 X62.36 Y99.183 E.72747
G1 X63.94 Y99.183 E.04709
G1 X63.94 Y122.77 E.70303
G1 X63.744 Y123.2 F30000
SET_VELOCITY_LIMIT ACCEL=10000
;TYPE:Gap infill
;WIDTH:0.430842
G1 F15000
G1 X193.056 Y123.2 E3.96502
;WIDTH:0.469667
G1 X193.217 Y123.167 E.00554
G1 X193.233 Y123.086 E.00277
;WIDTH:0.447482
G1 X193.25 Y123.006 E.00262
;WIDTH:0.430842
G1 X193.25 Y62.594 E1.85238
;WIDTH:0.469667
G1 X193.217 Y62.433 E.00554
G1 X193.136 Y62.417 E.00277
;WIDTH:0.447482
G1 X193.056 Y62.4 E.00262
;WIDTH:0.430842
G1 X63.744 Y62.4 E3.96502
G1 X63.15 Y62.606 F30000
;WIDTH:0.431684
G1 F15000
G1 X63.15 Y85.822 E.71341
G1 E-.728 F1800
;WIPE_START
G1 F30000
G1 X63.15 Y84.622 E-.072
;WIPE_END
G1 X63.15 Y92.254 Z17.8
G1 X63.15 Y99.778 Z17.8
G1 Z17.4
G1 E.8 F1800
G1 F15000
G1 X63.15 Y122.994 E.71341
;LAYER_CHANGE
;Z:17.6
;HEIGHT:0.200001
;BEFORE_LAYER_CHANGE
;17.6
G92 E0

G1 E-.728 F1800
;WIPE_START
G1 F30000
G1 X63.15 Y121.794 E-.072
;WIPE_END
M73 L88
;LAYER:88
SET_PRINT_STATS_INFO TOTAL_LAYER=93 CURRENT_LAYER=88
;_SET_FAN_SPEED_CHANGING_LAYER

G1 X62.6792 Y122.74 Z17.6571
G1 X61.6465 Y122.961 Z17.7143
G1 X60.8298 Y122.291 Z17.7714
G1 X60.8438 Y121.236 Z17.8286
G1 X61.6782 Y120.588 Z17.8857
G1 X62.7045 Y120.837 Z17.9429
G1 X63.15 Y121.794 Z18
G1 X62.752 Y151.624 Z18
G1 Z17.6
G1 E.8 F1800
;TYPE:Inner wall
;WIDTH:0.45
G1 F6000
G1 X62.752 Y128.102 E.75686
G1 X63.548 Y128.102 E.02561
G1 X63.548 Y151.624 E.75686
G1 X62.792 Y151.624 E.02432
G1 E-.728 F1800
;WIPE_START
G1 F30000
G1 X62.79 Y150.424 E-.072
;WIPE_END
G1 X62.94 Y158.055 Z18
G1 X63.548 Y188.898 Z18
G1 Z17.6
G1 E.8 F1800
G1 F6000
G1 X62.752 Y188.898 E.02561
G1 X62.752 Y165.376 E.75686
G1 X63.548 Y165.376 E.02561
G1 X63.548 Y188.858 E.75557
SET_VELOCITY_LIMIT ACCEL=5000
G1 X63.94 Y188.51 F30000
;TYPE:Outer wall
;WIDTH:0.42
G1 F3600
G1 X192.86 Y188.51 E3.84251
G1 X192.86 Y128.49 E1.78892
G1 X63.94 Y128.49 E3.84251
G1 X63.94 Y152.016 E.70121
G1 X62.36 Y152.016 E.04709
G1 X62.36 Y127.71 E.72446
G1 X193.64 Y127.71 E3.91285
G1 X193.64 Y189.29 E1.83542
G1 X62.36 Y189.29 E3.91285
G1 X62.36 Y164.984 E.72446
G1 X63.94 Y164.984 E.04709
G1 X63.94 Y188.47 E.70001
G1 X63.744 Y188.9 F30000
SET_VELOCITY_LIMIT ACCEL=10000
;TYPE:Gap infill
;WIDTH:0.430842
G1 F15000
G1 X193.056 Y188.9 E3.96502
;WIDTH:0.469667
G1 X193.217 Y188.867 E.00554
G1 X193.233 Y188.786 E.00277
;WIDTH:0.447482
G1 X193.25 Y188.706 E.00262
;WIDTH:0.430842
G1 X193.25 Y128.294 E1.85238
;WIDTH:0.469667
G1 X193.217 Y128.133 E.00554
G1 X193.136 Y128.117 E.00277
;WIDTH:0.447482
G1 X193.056 Y128.1 E.00262
;WIDTH:0.430842
G1 X63.744 Y128.1 E3.96502
G1 X63.15 Y128.306 F30000
;WIDTH:0.431684
G1 F15000
G1 X63.15 Y151.421 E.7103
G1 E-.728 F1800
;WIPE_START
G1 F30000
G1 X63.15 Y150.221 E-.072
;WIPE_END
G1 X63.15 Y157.853 Z18
G1 X63.15 Y165.579 Z18
G1 Z17.6
G1 E.8 F1800
G1 F15000
G1 X63.15 Y188.694 E.7103
G1 E-.728 F1800
;WIPE_START
G1 F30000
G1 X63.15 Y187.494 E-.072
;WIPE_END
G1 X63.12 Y179.862 Z18
G1 X62.752 Y85.924 Z18
G1 Z17.6
G1 E.8 F1800
;TYPE:Inner wall
;WIDTH:0.45
G1 F6000
G1 X62.752 Y62.402 E.75686
G1 X63.548 Y62.402 E.02561
G1 X63.548 Y85.924 E.75686
G1 X62.792 Y85.924 E.02432
G1 E-.728 F1800
;WIPE_START
G1 F30000
G1 X62.79 Y84.724 E-.072
;WIPE_END
G1 X62.94 Y92.355 Z18
G1 X63.548 Y123.198 Z18
G1 Z17.6
G1 E.8 F1800
G1 F6000
G1 X62.752 Y123.198 E.02561
G1 X62.752 Y99.676 E.75686
G1 X63.548 Y99.676 E.02561
G1 X63.548 Y123.158 E.75557
SET_VELOCITY_LIMIT ACCEL=5000
G1 X63.94 Y122.81 F30000
;TYPE:Outer wall
;WIDTH:0.42
G1 F3600
G1 X192.86 Y122.81 E3.84251
G1 X192.86 Y62.79 E1.78892
G1 X63.94 Y62.79 E3.84251
G1 X63.94 Y86.316 E.70121
M73 P96 R3
G1 X62.36 Y86.316 E.04709
G1 X62.36 Y62.01 E.72446
G1 X193.64 Y62.01 E3.91285
G1 X193.64 Y123.59 E1.83542
G1 X62.36 Y123.59 E3.91285
G1 X62.36 Y99.284 E.72446
M73 P96 R2
G1 X63.94 Y99.284 E.04709
G1 X63.94 Y122.77 E.70001
G1 X63.744 Y123.2 F30000
SET_VELOCITY_LIMIT ACCEL=10000
;TYPE:Gap infill
;WIDTH:0.430842
G1 F15000
G1 X193.056 Y123.2 E3.96502
;WIDTH:0.469667
G1 X193.217 Y123.167 E.00554
G1 X193.233 Y123.086 E.00277
;WIDTH:0.447482
G1 X193.25 Y123.006 E.00262
;WIDTH:0.430842
G1 X193.25 Y62.594 E1.85238
;WIDTH:0.469667
G1 X193.217 Y62.433 E.00554
G1 X193.136 Y62.417 E.00277
;WIDTH:0.447482
G1 X193.056 Y62.4 E.00262
;WIDTH:0.430842
G1 X63.744 Y62.4 E3.96502
G1 X63.15 Y62.606 F30000
;WIDTH:0.431684
G1 F15000
G1 X63.15 Y85.721 E.7103
G1 E-.728 F1800
;WIPE_START
G1 F30000
G1 X63.15 Y84.521 E-.072
;WIPE_END
G1 X63.15 Y92.153 Z18
G1 X63.15 Y99.879 Z18
G1 Z17.6
G1 E.8 F1800
G1 F15000
G1 X63.15 Y122.994 E.7103
;LAYER_CHANGE
;Z:17.8
;HEIGHT:0.199999
;BEFORE_LAYER_CHANGE
;17.8
G92 E0

G1 E-.728 F1800
;WIPE_START
G1 F30000
G1 X63.15 Y121.794 E-.072
;WIPE_END
M73 L89
;LAYER:89
SET_PRINT_STATS_INFO TOTAL_LAYER=93 CURRENT_LAYER=89
;_SET_FAN_SPEED_CHANGING_LAYER

G1 X62.6791 Y122.74 Z17.8571
G1 X61.6465 Y122.961 Z17.9143
G1 X60.8297 Y122.291 Z17.9714
G1 X60.8439 Y121.235 Z18.0286
G1 X61.6782 Y120.588 Z18.0857
G1 X62.7046 Y120.837 Z18.1429
G1 X63.15 Y121.794 Z18.2
G1 X62.752 Y151.528 Z18.2
G1 Z17.8
G1 E.8 F1800
;TYPE:Inner wall
;WIDTH:0.45
G1 F6000
G1 X62.752 Y128.102 E.75378
G1 X63.548 Y128.102 E.02561
G1 X63.548 Y151.528 E.75378
G1 X62.792 Y151.528 E.02432
G1 E-.728 F1800
;WIPE_START
G1 F30000
G1 X62.79 Y150.328 E-.072
;WIPE_END
G1 X62.94 Y157.959 Z18.2
G1 X63.548 Y188.898 Z18.2
G1 Z17.8
G1 E.8 F1800
G1 F6000
G1 X62.752 Y188.898 E.02561
G1 X62.752 Y165.472 E.75378
G1 X63.548 Y165.472 E.02561
G1 X63.548 Y188.858 E.7525
SET_VELOCITY_LIMIT ACCEL=5000
G1 X63.94 Y188.51 F30000
;TYPE:Outer wall
;WIDTH:0.42
G1 F3600
G1 X192.86 Y188.51 E3.84251
G1 X192.86 Y128.49 E1.78892
G1 X63.94 Y128.49 E3.84251
G1 X63.94 Y151.921 E.69836
G1 X62.36 Y151.921 E.04709
G1 X62.36 Y127.71 E.7216
G1 X193.64 Y127.71 E3.91285
G1 X193.64 Y189.29 E1.83542
G1 X62.36 Y189.29 E3.91285
G1 X62.36 Y165.079 E.7216
G1 X63.94 Y165.079 E.04709
G1 X63.94 Y188.47 E.69716
G1 X63.744 Y188.9 F30000
SET_VELOCITY_LIMIT ACCEL=10000
;TYPE:Gap infill
;WIDTH:0.430842
G1 F15000
G1 X193.056 Y188.9 E3.96502
;WIDTH:0.469667
G1 X193.217 Y188.867 E.00554
G1 X193.233 Y188.786 E.00277
;WIDTH:0.447482
G1 X193.25 Y188.706 E.00262
;WIDTH:0.430842
G1 X193.25 Y128.294 E1.85238
;WIDTH:0.469667
G1 X193.217 Y128.133 E.00554
G1 X193.136 Y128.117 E.00277
;WIDTH:0.447482
G1 X193.056 Y128.1 E.00262
;WIDTH:0.430842
G1 X63.744 Y128.1 E3.96502
G1 X63.15 Y128.306 F30000
;WIDTH:0.431684
G1 F15000
G1 X63.15 Y151.325 E.70736
G1 E-.728 F1800
;WIPE_START
G1 F30000
G1 X63.15 Y150.125 E-.072
;WIPE_END
G1 X63.15 Y157.757 Z18.2
G1 X63.15 Y165.675 Z18.2
G1 Z17.8
G1 E.8 F1800
G1 F15000
G1 X63.15 Y188.694 E.70736
G1 E-.728 F1800
;WIPE_START
G1 F30000
G1 X63.15 Y187.494 E-.072
;WIPE_END
G1 X63.12 Y179.862 Z18.2
G1 X62.752 Y85.828 Z18.2
G1 Z17.8
G1 E.8 F1800
;TYPE:Inner wall
;WIDTH:0.45
G1 F6000
G1 X62.752 Y62.402 E.75378
G1 X63.548 Y62.402 E.02561
G1 X63.548 Y85.828 E.75378
G1 X62.792 Y85.828 E.02432
G1 E-.728 F1800
;WIPE_START
G1 F30000
G1 X62.79 Y84.628 E-.072
;WIPE_END
G1 X62.94 Y92.259 Z18.2
G1 X63.548 Y123.198 Z18.2
G1 Z17.8
G1 E.8 F1800
G1 F6000
G1 X62.752 Y123.198 E.02561
G1 X62.752 Y99.772 E.75378
G1 X63.548 Y99.772 E.02561
G1 X63.548 Y123.158 E.7525
SET_VELOCITY_LIMIT ACCEL=5000
G1 X63.94 Y122.81 F30000
;TYPE:Outer wall
;WIDTH:0.42
G1 F3600
G1 X192.86 Y122.81 E3.84251
G1 X192.86 Y62.79 E1.78892
G1 X63.94 Y62.79 E3.84251
G1 X63.94 Y86.221 E.69836
G1 X62.36 Y86.221 E.04709
G1 X62.36 Y62.01 E.7216
G1 X193.64 Y62.01 E3.91285
G1 X193.64 Y123.59 E1.83542
G1 X62.36 Y123.59 E3.91285
G1 X62.36 Y99.379 E.7216
G1 X63.94 Y99.379 E.04709
G1 X63.94 Y122.77 E.69716
G1 X63.744 Y123.2 F30000
SET_VELOCITY_LIMIT ACCEL=10000
;TYPE:Gap infill
;WIDTH:0.430842
G1 F15000
G1 X193.056 Y123.2 E3.96502
;WIDTH:0.469667
G1 X193.217 Y123.167 E.00554
G1 X193.233 Y123.086 E.00277
;WIDTH:0.447482
G1 X193.25 Y123.006 E.00262
;WIDTH:0.430842
G1 X193.25 Y62.594 E1.85238
;WIDTH:0.469667
G1 X193.217 Y62.433 E.00554
G1 X193.136 Y62.417 E.00277
;WIDTH:0.447482
G1 X193.056 Y62.4 E.00262
;WIDTH:0.430842
G1 X63.744 Y62.4 E3.96502
G1 X63.15 Y62.606 F30000
;WIDTH:0.431684
G1 F15000
G1 X63.15 Y85.625 E.70736
G1 E-.728 F1800
;WIPE_START
G1 F30000
G1 X63.15 Y84.425 E-.072
;WIPE_END
G1 X63.15 Y92.057 Z18.2
G1 X63.15 Y99.975 Z18.2
G1 Z17.8
G1 E.8 F1800
G1 F15000
G1 X63.15 Y122.994 E.70736
;LAYER_CHANGE
;Z:18
;HEIGHT:0.200001
;BEFORE_LAYER_CHANGE
;18
G92 E0

G1 E-.728 F1800
;WIPE_START
G1 F30000
G1 X63.15 Y121.794 E-.072
;WIPE_END
M73 L90
;LAYER:90
SET_PRINT_STATS_INFO TOTAL_LAYER=93 CURRENT_LAYER=90
;_SET_FAN_SPEED_CHANGING_LAYER

G1 X62.6791 Y122.74 Z18.0571
G1 X61.6464 Y122.961 Z18.1143
G1 X60.8297 Y122.291 Z18.1714
G1 X60.8439 Y121.235 Z18.2286
G1 X61.6783 Y120.588 Z18.2857
G1 X62.7046 Y120.837 Z18.3429
G1 X63.15 Y121.794 Z18.4
G1 X62.752 Y151.441 Z18.4
G1 Z18
G1 E.8 F1800
;TYPE:Inner wall
;WIDTH:0.45
G1 F6000
G1 X62.752 Y128.102 E.75096
G1 X63.548 Y128.102 E.02561
G1 X63.548 Y151.441 E.75096
G1 X62.792 Y151.441 E.02432
G1 E-.728 F1800
;WIPE_START
G1 F30000
G1 X62.79 Y150.241 E-.072
;WIPE_END
G1 X62.94 Y157.872 Z18.4
G1 X63.548 Y188.898 Z18.4
G1 Z18
G1 E.8 F1800
G1 F6000
G1 X62.752 Y188.898 E.02561
G1 X62.752 Y165.559 E.75096
G1 X63.548 Y165.559 E.02561
G1 X63.548 Y188.858 E.74968
SET_VELOCITY_LIMIT ACCEL=5000
G1 X63.94 Y188.51 F30000
;TYPE:Outer wall
;WIDTH:0.42
G1 F3600
G1 X192.86 Y188.51 E3.84251
G1 X192.86 Y128.49 E1.78892
G1 X63.94 Y128.49 E3.84251
M73 P97 R2
G1 X63.94 Y151.833 E.69574
G1 X62.36 Y151.833 E.04709
G1 X62.36 Y127.71 E.71899
G1 X193.64 Y127.71 E3.91285
G1 X193.64 Y189.29 E1.83542
G1 X62.36 Y189.29 E3.91285
G1 X62.36 Y165.167 E.71899
G1 X63.94 Y165.167 E.04709
G1 X63.94 Y188.47 E.69455
G1 X63.744 Y188.9 F30000
SET_VELOCITY_LIMIT ACCEL=10000
;TYPE:Gap infill
;WIDTH:0.430842
G1 F15000
G1 X193.056 Y188.9 E3.96502
;WIDTH:0.469667
G1 X193.217 Y188.867 E.00554
G1 X193.233 Y188.786 E.00277
;WIDTH:0.447482
G1 X193.25 Y188.706 E.00262
;WIDTH:0.430842
G1 X193.25 Y128.294 E1.85238
;WIDTH:0.469667
G1 X193.217 Y128.133 E.00554
G1 X193.136 Y128.117 E.00277
;WIDTH:0.447482
G1 X193.056 Y128.1 E.00262
;WIDTH:0.430842
G1 X63.744 Y128.1 E3.96502
G1 X63.15 Y128.306 F30000
;WIDTH:0.431684
G1 F15000
G1 X63.15 Y151.237 E.70467
G1 E-.728 F1800
;WIPE_START
G1 F30000
G1 X63.15 Y150.037 E-.072
;WIPE_END
G1 X63.15 Y157.67 Z18.4
G1 X63.15 Y165.763 Z18.4
G1 Z18
G1 E.8 F1800
G1 F15000
G1 X63.15 Y188.694 E.70467
G1 E-.728 F1800
;WIPE_START
G1 F30000
G1 X63.15 Y187.494 E-.072
;WIPE_END
G1 X63.12 Y179.862 Z18.4
G1 X62.752 Y85.741 Z18.4
G1 Z18
G1 E.8 F1800
;TYPE:Inner wall
;WIDTH:0.45
G1 F6000
G1 X62.752 Y62.402 E.75096
G1 X63.548 Y62.402 E.02561
G1 X63.548 Y85.741 E.75096
G1 X62.792 Y85.741 E.02432
G1 E-.728 F1800
;WIPE_START
G1 F30000
G1 X62.79 Y84.541 E-.072
;WIPE_END
G1 X62.94 Y92.172 Z18.4
G1 X63.548 Y123.198 Z18.4
G1 Z18
G1 E.8 F1800
G1 F6000
G1 X62.752 Y123.198 E.02561
G1 X62.752 Y99.859 E.75096
G1 X63.548 Y99.859 E.02561
G1 X63.548 Y123.158 E.74968
SET_VELOCITY_LIMIT ACCEL=5000
G1 X63.94 Y122.81 F30000
;TYPE:Outer wall
;WIDTH:0.42
G1 F3600
G1 X192.86 Y122.81 E3.84251
G1 X192.86 Y62.79 E1.78892
G1 X63.94 Y62.79 E3.84251
G1 X63.94 Y86.133 E.69574
G1 X62.36 Y86.133 E.04709
M73 P97 R1
G1 X62.36 Y62.01 E.71899
G1 X193.64 Y62.01 E3.91285
G1 X193.64 Y123.59 E1.83542
G1 X62.36 Y123.59 E3.91285
G1 X62.36 Y99.467 E.71899
G1 X63.94 Y99.467 E.04709
G1 X63.94 Y122.77 E.69455
G1 X63.744 Y123.2 F30000
SET_VELOCITY_LIMIT ACCEL=10000
;TYPE:Gap infill
;WIDTH:0.430842
G1 F15000
G1 X193.056 Y123.2 E3.96502
;WIDTH:0.469667
G1 X193.217 Y123.167 E.00554
G1 X193.233 Y123.086 E.00277
;WIDTH:0.447482
G1 X193.25 Y123.006 E.00262
;WIDTH:0.430842
G1 X193.25 Y62.594 E1.85238
;WIDTH:0.469667
G1 X193.217 Y62.433 E.00554
G1 X193.136 Y62.417 E.00277
;WIDTH:0.447482
G1 X193.056 Y62.4 E.00262
;WIDTH:0.430842
G1 X63.744 Y62.4 E3.96502
G1 X63.15 Y62.606 F30000
;WIDTH:0.431684
G1 F15000
G1 X63.15 Y85.537 E.70467
G1 E-.728 F1800
;WIPE_START
G1 F30000
G1 X63.15 Y84.337 E-.072
;WIPE_END
G1 X63.15 Y91.97 Z18.4
G1 X63.15 Y100.063 Z18.4
G1 Z18
G1 E.8 F1800
G1 F15000
G1 X63.15 Y122.994 E.70467
;LAYER_CHANGE
;Z:18.2
;HEIGHT:0.200001
;BEFORE_LAYER_CHANGE
;18.2
G92 E0

G1 E-.728 F1800
;WIPE_START
G1 F30000
G1 X63.15 Y121.794 E-.072
;WIPE_END
M73 L91
;LAYER:91
SET_PRINT_STATS_INFO TOTAL_LAYER=93 CURRENT_LAYER=91
;_SET_FAN_SPEED_CHANGING_LAYER

G1 X62.679 Y122.74 Z18.2571
G1 X61.6464 Y122.961 Z18.3143
G1 X60.8297 Y122.291 Z18.3714
G1 X60.8439 Y121.235 Z18.4286
G1 X61.6783 Y120.588 Z18.4857
G1 X62.7046 Y120.837 Z18.5429
G1 X63.15 Y121.794 Z18.6
G1 X62.752 Y151.362 Z18.6
G1 Z18.2
G1 E.8 F1800
;TYPE:Inner wall
;WIDTH:0.45
G1 F6000
G1 X62.752 Y128.102 E.74842
G1 X63.548 Y128.102 E.02561
G1 X63.548 Y151.362 E.74842
G1 X62.792 Y151.362 E.02432
G1 E-.728 F1800
;WIPE_START
G1 F30000
G1 X62.79 Y150.162 E-.072
;WIPE_END
G1 X62.939 Y157.793 Z18.6
G1 X63.548 Y188.898 Z18.6
G1 Z18.2
G1 E.8 F1800
G1 F6000
G1 X62.752 Y188.898 E.02561
G1 X62.752 Y165.638 E.74842
G1 X63.548 Y165.638 E.02561
G1 X63.548 Y188.858 E.74713
SET_VELOCITY_LIMIT ACCEL=5000
G1 X63.94 Y188.51 F30000
;TYPE:Outer wall
;WIDTH:0.42
G1 F3600
G1 X192.86 Y188.51 E3.84251
G1 X192.86 Y128.49 E1.78892
G1 X63.94 Y128.49 E3.84251
G1 X63.94 Y151.754 E.69339
G1 X62.36 Y151.754 E.04709
G1 X62.36 Y127.71 E.71664
G1 X193.64 Y127.71 E3.91285
G1 X193.64 Y189.29 E1.83542
G1 X62.36 Y189.29 E3.91285
G1 X62.36 Y165.246 E.71664
G1 X63.94 Y165.246 E.04709
G1 X63.94 Y188.47 E.6922
G1 X63.744 Y188.9 F30000
SET_VELOCITY_LIMIT ACCEL=10000
;TYPE:Gap infill
;WIDTH:0.430842
G1 F15000
G1 X193.056 Y188.9 E3.96502
;WIDTH:0.469667
G1 X193.217 Y188.867 E.00554
G1 X193.233 Y188.786 E.00277
;WIDTH:0.447482
G1 X193.25 Y188.706 E.00262
;WIDTH:0.430842
G1 X193.25 Y128.294 E1.85238
;WIDTH:0.469667
G1 X193.217 Y128.133 E.00554
G1 X193.136 Y128.117 E.00277
;WIDTH:0.447482
G1 X193.056 Y128.1 E.00262
;WIDTH:0.430842
G1 X63.744 Y128.1 E3.96502
G1 X63.15 Y128.306 F30000
;WIDTH:0.431684
G1 F15000
G1 X63.15 Y151.158 E.70224
G1 E-.728 F1800
;WIPE_START
G1 F30000
G1 X63.15 Y149.958 E-.072
;WIPE_END
G1 X63.15 Y157.591 Z18.6
G1 X63.15 Y165.842 Z18.6
G1 Z18.2
G1 E.8 F1800
G1 F15000
G1 X63.15 Y188.694 E.70224
G1 E-.728 F1800
;WIPE_START
G1 F30000
G1 X63.15 Y187.494 E-.072
;WIPE_END
G1 X63.12 Y179.862 Z18.6
G1 X62.752 Y85.662 Z18.6
G1 Z18.2
G1 E.8 F1800
;TYPE:Inner wall
;WIDTH:0.45
G1 F6000
G1 X62.752 Y62.402 E.74842
G1 X63.548 Y62.402 E.02561
G1 X63.548 Y85.662 E.74842
G1 X62.792 Y85.662 E.02432
G1 E-.728 F1800
;WIPE_START
G1 F30000
G1 X62.79 Y84.462 E-.072
;WIPE_END
G1 X62.939 Y92.093 Z18.6
G1 X63.548 Y123.198 Z18.6
G1 Z18.2
G1 E.8 F1800
G1 F6000
G1 X62.752 Y123.198 E.02561
G1 X62.752 Y99.938 E.74842
G1 X63.548 Y99.938 E.02561
G1 X63.548 Y123.158 E.74713
SET_VELOCITY_LIMIT ACCEL=5000
G1 X63.94 Y122.81 F30000
;TYPE:Outer wall
;WIDTH:0.42
G1 F3600
G1 X192.86 Y122.81 E3.84251
G1 X192.86 Y62.79 E1.78892
M73 P98 R1
G1 X63.94 Y62.79 E3.84251
G1 X63.94 Y86.054 E.69339
G1 X62.36 Y86.054 E.04709
G1 X62.36 Y62.01 E.71664
G1 X193.64 Y62.01 E3.91285
G1 X193.64 Y123.59 E1.83542
G1 X62.36 Y123.59 E3.91285
G1 X62.36 Y99.546 E.71664
G1 X63.94 Y99.546 E.04709
G1 X63.94 Y122.77 E.6922
G1 X63.744 Y123.2 F30000
SET_VELOCITY_LIMIT ACCEL=10000
;TYPE:Gap infill
;WIDTH:0.430842
G1 F15000
G1 X193.056 Y123.2 E3.96502
;WIDTH:0.469667
G1 X193.217 Y123.167 E.00554
G1 X193.233 Y123.086 E.00277
;WIDTH:0.447482
G1 X193.25 Y123.006 E.00262
;WIDTH:0.430842
G1 X193.25 Y62.594 E1.85238
;WIDTH:0.469667
G1 X193.217 Y62.433 E.00554
G1 X193.136 Y62.417 E.00277
;WIDTH:0.447482
G1 X193.056 Y62.4 E.00262
;WIDTH:0.430842
G1 X63.744 Y62.4 E3.96502
G1 X63.15 Y62.606 F30000
;WIDTH:0.431684
G1 F15000
G1 X63.15 Y85.458 E.70224
G1 E-.728 F1800
;WIPE_START
G1 F30000
G1 X63.15 Y84.258 E-.072
;WIPE_END
G1 X63.15 Y91.891 Z18.6
G1 X63.15 Y100.142 Z18.6
G1 Z18.2
G1 E.8 F1800
G1 F15000
G1 X63.15 Y122.994 E.70224
;LAYER_CHANGE
;Z:18.4
;HEIGHT:0.199999
;BEFORE_LAYER_CHANGE
;18.4
G92 E0

G1 E-.728 F1800
;WIPE_START
G1 F30000
G1 X63.15 Y121.794 E-.072
;WIPE_END
M73 L92
;LAYER:92
SET_PRINT_STATS_INFO TOTAL_LAYER=93 CURRENT_LAYER=92
;_SET_FAN_SPEED_CHANGING_LAYER

G1 X62.679 Y122.74 Z18.4571
G1 X61.6464 Y122.961 Z18.5143
G1 X60.8297 Y122.291 Z18.5714
G1 X60.8439 Y121.235 Z18.6286
G1 X61.6784 Y120.588 Z18.6857
G1 X62.7047 Y120.837 Z18.7429
G1 X63.15 Y121.794 Z18.8
G1 X62.752 Y151.287 Z18.8
G1 Z18.4
G1 E.8 F1800
;TYPE:Inner wall
;WIDTH:0.45
G1 F6000
G1 X62.752 Y128.102 E.74602
G1 X63.548 Y128.102 E.02561
G1 X63.548 Y151.287 E.74602
G1 X62.792 Y151.287 E.02432
G1 E-.728 F1800
;WIPE_START
G1 F30000
G1 X62.79 Y150.087 E-.072
;WIPE_END
G1 X62.939 Y157.718 Z18.8
G1 X63.548 Y188.898 Z18.8
G1 Z18.4
G1 E.8 F1800
G1 F6000
G1 X62.752 Y188.898 E.02561
G1 X62.752 Y165.713 E.74602
G1 X63.548 Y165.713 E.02561
G1 X63.548 Y188.858 E.74474
SET_VELOCITY_LIMIT ACCEL=5000
G1 X63.94 Y188.51 F30000
;TYPE:Outer wall
;WIDTH:0.42
G1 F3600
G1 X192.86 Y188.51 E3.84251
G1 X192.86 Y128.49 E1.78892
G1 X63.94 Y128.49 E3.84251
G1 X63.94 Y151.679 E.69117
G1 X62.36 Y151.679 E.04709
G1 X62.36 Y127.71 E.71442
G1 X193.64 Y127.71 E3.91285
G1 X193.64 Y189.29 E1.83542
G1 X62.36 Y189.29 E3.91285
G1 X62.36 Y165.321 E.71442
G1 X63.94 Y165.321 E.04709
G1 X63.94 Y188.47 E.68998
G1 X63.744 Y188.9 F30000
SET_VELOCITY_LIMIT ACCEL=10000
;TYPE:Gap infill
;WIDTH:0.430842
G1 F15000
G1 X193.056 Y188.9 E3.96502
;WIDTH:0.469667
G1 X193.217 Y188.867 E.00554
G1 X193.233 Y188.786 E.00277
;WIDTH:0.447482
G1 X193.25 Y188.706 E.00262
;WIDTH:0.430842
G1 X193.25 Y128.294 E1.85238
;WIDTH:0.469667
G1 X193.217 Y128.133 E.00554
G1 X193.136 Y128.117 E.00277
;WIDTH:0.447482
G1 X193.056 Y128.1 E.00262
;WIDTH:0.430842
G1 X63.744 Y128.1 E3.96502
G1 X63.15 Y128.306 F30000
;WIDTH:0.431684
G1 F15000
G1 X63.15 Y151.084 E.69995
G1 E-.728 F1800
;WIPE_START
G1 F30000
G1 X63.15 Y149.884 E-.072
;WIPE_END
G1 X63.15 Y157.516 Z18.8
G1 X63.15 Y165.916 Z18.8
G1 Z18.4
G1 E.8 F1800
G1 F15000
G1 X63.15 Y188.694 E.69995
G1 E-.728 F1800
;WIPE_START
G1 F30000
G1 X63.15 Y187.494 E-.072
;WIPE_END
G1 X63.12 Y179.862 Z18.8
G1 X62.752 Y85.587 Z18.8
G1 Z18.4
G1 E.8 F1800
;TYPE:Inner wall
;WIDTH:0.45
G1 F6000
G1 X62.752 Y62.402 E.74602
G1 X63.548 Y62.402 E.02561
G1 X63.548 Y85.587 E.74602
G1 X62.792 Y85.587 E.02432
G1 E-.728 F1800
;WIPE_START
G1 F30000
G1 X62.79 Y84.387 E-.072
;WIPE_END
G1 X62.939 Y92.018 Z18.8
G1 X63.548 Y123.198 Z18.8
G1 Z18.4
G1 E.8 F1800
G1 F6000
G1 X62.752 Y123.198 E.02561
G1 X62.752 Y100.013 E.74602
G1 X63.548 Y100.013 E.02561
G1 X63.548 Y123.158 E.74474
SET_VELOCITY_LIMIT ACCEL=5000
G1 X63.94 Y122.81 F30000
;TYPE:Outer wall
;WIDTH:0.42
G1 F3600
G1 X192.86 Y122.81 E3.84251
G1 X192.86 Y62.79 E1.78892
M73 P98 R0
G1 X63.94 Y62.79 E3.84251
G1 X63.94 Y85.979 E.69117
G1 X62.36 Y85.979 E.04709
G1 X62.36 Y62.01 E.71442
G1 X193.64 Y62.01 E3.91285
G1 X193.64 Y123.59 E1.83542
G1 X62.36 Y123.59 E3.91285
G1 X62.36 Y99.621 E.71442
G1 X63.94 Y99.621 E.04709
G1 X63.94 Y122.77 E.68998
G1 X63.744 Y123.2 F30000
SET_VELOCITY_LIMIT ACCEL=10000
;TYPE:Gap infill
;WIDTH:0.430842
G1 F15000
G1 X193.056 Y123.2 E3.96502
;WIDTH:0.469667
G1 X193.217 Y123.167 E.00554
G1 X193.233 Y123.086 E.00277
;WIDTH:0.447482
G1 X193.25 Y123.006 E.00262
;WIDTH:0.430842
G1 X193.25 Y62.594 E1.85238
;WIDTH:0.469667
G1 X193.217 Y62.433 E.00554
G1 X193.136 Y62.417 E.00277
;WIDTH:0.447482
G1 X193.056 Y62.4 E.00262
;WIDTH:0.430842
G1 X63.744 Y62.4 E3.96502
G1 X63.15 Y62.606 F30000
;WIDTH:0.431684
G1 F15000
G1 X63.15 Y85.384 E.69995
G1 E-.728 F1800
;WIPE_START
G1 F30000
G1 X63.15 Y84.184 E-.072
;WIPE_END
G1 X63.15 Y91.816 Z18.8
G1 X63.15 Y100.216 Z18.8
G1 Z18.4
G1 E.8 F1800
G1 F15000
G1 X63.15 Y122.994 E.69995
M106 S212
;LAYER_CHANGE
;Z:18.6
;HEIGHT:0.200001
;BEFORE_LAYER_CHANGE
;18.6
G92 E0

G1 E-.728 F1800
;WIPE_START
G1 F30000
G1 X63.15 Y121.794 E-.072
;WIPE_END
M73 L93
;LAYER:93
SET_PRINT_STATS_INFO TOTAL_LAYER=93 CURRENT_LAYER=93
;_SET_FAN_SPEED_CHANGING_LAYER

G1 X62.7031 Y122.751 Z18.6571
G1 X61.6764 Y122.998 Z18.7143
G1 X60.843 Y122.35 Z18.7714
G1 X60.8305 Y121.294 Z18.8286
G1 X61.6483 Y120.626 Z18.8857
G1 X62.6806 Y120.848 Z18.9429
G1 X63.15 Y121.794 Z19
G1 X63.94 Y188.51 Z19
G1 Z18.6
G1 E.8 F1800
M73 P99 R0
SET_VELOCITY_LIMIT ACCEL=5000
;TYPE:Outer wall
;WIDTH:0.42
G1 F3600
G1 X192.86 Y188.51 E3.84251
G1 X192.86 Y128.49 E1.78892
G1 X63.94 Y128.49 E3.84251
G1 X63.94 Y151.614 E.68923
G1 X62.36 Y151.614 E.04709
G1 X62.36 Y127.71 E.71248
G1 X193.64 Y127.71 E3.91285
G1 X193.64 Y189.29 E1.83542
G1 X62.36 Y189.29 E3.91285
G1 X62.36 Y165.386 E.71248
G1 X63.94 Y165.386 E.04709
G1 X63.94 Y188.47 E.68804
G1 X63.744 Y188.9 F30000
SET_VELOCITY_LIMIT ACCEL=10000
;TYPE:Gap infill
;WIDTH:0.430842
G1 F15000
G1 X193.056 Y188.9 E3.96502
;WIDTH:0.469667
G1 X193.217 Y188.867 E.00554
G1 X193.233 Y188.786 E.00277
;WIDTH:0.447482
G1 X193.25 Y188.706 E.00262
;WIDTH:0.430842
G1 X193.25 Y128.294 E1.85238
;WIDTH:0.469667
G1 X193.217 Y128.133 E.00554
G1 X193.136 Y128.117 E.00277
;WIDTH:0.447482
G1 X193.056 Y128.1 E.00262
;WIDTH:0.430842
G1 X63.744 Y128.1 E3.96502
G1 X63.751 Y128.859 F30000
SET_VELOCITY_LIMIT ACCEL=2000
;TYPE:Top surface
;WIDTH:0.421215
G1 F12000
G1 X62.791 Y127.899 E.04429
G1 X62.549 Y128.191 F30000
G1 F12000
G1 X63.751 Y129.394 E.05545
G1 X63.751 Y129.929 F30000
G1 F12000
G1 X62.549 Y128.726 E.05545
G1 X62.549 Y129.261 F30000
G1 F12000
G1 X63.751 Y130.464 E.05545
G1 X63.751 Y130.999 F30000
G1 F12000
G1 X62.549 Y129.796 E.05545
G1 X62.549 Y130.331 F30000
G1 F12000
G1 X63.751 Y131.534 E.05545
G1 X63.751 Y132.069 F30000
G1 F12000
G1 X62.549 Y130.866 E.05545
G1 X62.549 Y131.401 F30000
G1 F12000
G1 X63.751 Y132.604 E.05545
G1 X63.751 Y133.139 F30000
G1 F12000
G1 X62.549 Y131.936 E.05545
G1 X62.549 Y132.471 F30000
G1 F12000
G1 X63.751 Y133.674 E.05545
G1 X63.751 Y134.209 F30000
G1 F12000
G1 X62.549 Y133.006 E.05545
G1 X62.549 Y133.541 F30000
G1 F12000
G1 X63.751 Y134.744 E.05545
G1 X63.751 Y135.279 F30000
G1 F12000
G1 X62.549 Y134.076 E.05545
G1 X62.549 Y134.611 F30000
G1 F12000
G1 X63.751 Y135.814 E.05545
G1 X63.751 Y136.349 F30000
G1 F12000
G1 X62.549 Y135.146 E.05545
G1 X62.549 Y135.681 F30000
G1 F12000
G1 X63.751 Y136.884 E.05545
G1 X63.751 Y137.419 F30000
G1 F12000
G1 X62.549 Y136.216 E.05545
G1 X62.549 Y136.751 F30000
G1 F12000
G1 X63.751 Y137.954 E.05545
G1 X63.751 Y138.489 F30000
G1 F12000
G1 X62.549 Y137.286 E.05545
G1 X62.549 Y137.821 F30000
G1 F12000
G1 X63.751 Y139.024 E.05545
G1 X63.751 Y139.559 F30000
G1 F12000
G1 X62.549 Y138.356 E.05545
G1 X62.549 Y138.891 F30000
G1 F12000
G1 X63.751 Y140.094 E.05545
G1 X63.751 Y140.629 F30000
G1 F12000
G1 X62.549 Y139.426 E.05545
G1 X62.549 Y139.961 F30000
G1 F12000
G1 X63.751 Y141.164 E.05545
G1 X63.751 Y141.699 F30000
G1 F12000
G1 X62.549 Y140.496 E.05545
G1 X62.549 Y141.031 F30000
G1 F12000
G1 X63.751 Y142.234 E.05545
G1 X63.751 Y142.769 F30000
G1 F12000
G1 X62.549 Y141.566 E.05545
G1 X62.549 Y142.101 F30000
G1 F12000
G1 X63.751 Y143.304 E.05545
G1 X63.751 Y143.839 F30000
G1 F12000
G1 X62.549 Y142.636 E.05545
G1 X62.549 Y143.171 F30000
G1 F12000
G1 X63.751 Y144.374 E.05545
G1 X63.751 Y144.909 F30000
G1 F12000
G1 X62.549 Y143.706 E.05545
G1 X62.549 Y144.241 F30000
G1 F12000
G1 X63.751 Y145.444 E.05545
G1 X63.751 Y145.979 F30000
G1 F12000
G1 X62.549 Y144.776 E.05545
G1 X62.549 Y145.311 F30000
G1 F12000
G1 X63.751 Y146.514 E.05545
G1 X63.751 Y147.049 F30000
G1 F12000
G1 X62.549 Y145.846 E.05545
G1 X62.549 Y146.381 F30000
G1 F12000
G1 X63.751 Y147.584 E.05545
G1 X63.751 Y148.119 F30000
G1 F12000
G1 X62.549 Y146.916 E.05545
G1 X62.549 Y147.451 F30000
G1 F12000
G1 X63.751 Y148.654 E.05545
G1 X63.751 Y149.189 F30000
G1 F12000
G1 X62.549 Y147.986 E.05545
G1 X62.549 Y148.521 F30000
G1 F12000
G1 X63.751 Y149.724 E.05545
G1 X63.751 Y150.259 F30000
G1 F12000
G1 X62.549 Y149.056 E.05545
G1 X62.549 Y149.591 F30000
G1 F12000
G1 X63.751 Y150.794 E.05545
G1 X63.751 Y151.329 F30000
G1 F12000
G1 X62.549 Y150.126 E.05545
G1 X62.549 Y150.661 F30000
G1 F12000
G1 X63.313 Y151.426 E.03525
G1 E-.73511 F1800
;WIPE_START
G1 F30000
G1 X62.549 Y150.661 E-.06489
;WIPE_END
G1 X63.132 Y158.271 Z19
G1 X63.751 Y166.345 Z19
G1 Z18.6
G1 E.8 F1800
;WIDTH:0.424229
G1 F12000
G1 X62.98 Y165.574 E.03583
G1 X62.549 Y165.682 F30000
G1 F12000
G1 X63.751 Y166.885 E.05589
G1 X63.751 Y167.424 F30000
G1 F12000
G1 X62.549 Y166.221 E.05589
G1 X62.549 Y166.76 F30000
G1 F12000
G1 X63.751 Y167.963 E.05589
G1 X63.751 Y168.502 F30000
G1 F12000
G1 X62.549 Y167.3 E.05589
G1 X62.549 Y167.839 F30000
G1 F12000
G1 X63.751 Y169.042 E.05589
G1 X63.751 Y169.581 F30000
G1 F12000
G1 X62.549 Y168.378 E.05589
G1 X62.549 Y168.917 F30000
G1 F12000
G1 X63.751 Y170.12 E.05589
G1 X63.751 Y170.659 F30000
G1 F12000
G1 X62.549 Y169.457 E.05589
G1 X62.549 Y169.996 F30000
G1 F12000
G1 X63.751 Y171.199 E.05589
G1 X63.751 Y171.738 F30000
G1 F12000
G1 X62.549 Y170.535 E.05589
G1 X62.549 Y171.074 F30000
G1 F12000
G1 X63.751 Y172.277 E.05589
G1 X63.751 Y172.816 F30000
G1 F12000
G1 X62.549 Y171.614 E.05589
G1 X62.549 Y172.153 F30000
G1 F12000
G1 X63.751 Y173.356 E.05589
G1 X63.751 Y173.895 F30000
G1 F12000
G1 X62.549 Y172.692 E.05589
G1 X62.549 Y173.231 F30000
G1 F12000
G1 X63.751 Y174.434 E.05589
G1 X63.751 Y174.973 F30000
G1 F12000
G1 X62.549 Y173.771 E.05589
G1 X62.549 Y174.31 F30000
G1 F12000
G1 X63.751 Y175.513 E.05589
G1 X63.751 Y176.052 F30000
G1 F12000
G1 X62.549 Y174.849 E.05589
G1 X62.549 Y175.388 F30000
G1 F12000
G1 X63.751 Y176.591 E.05589
G1 X63.751 Y177.131 F30000
G1 F12000
G1 X62.549 Y175.928 E.05589
G1 X62.549 Y176.467 F30000
G1 F12000
G1 X63.751 Y177.67 E.05589
G1 X63.751 Y178.209 F30000
G1 F12000
G1 X62.549 Y177.006 E.05589
G1 X62.549 Y177.545 F30000
G1 F12000
G1 X63.751 Y178.748 E.05589
G1 X63.751 Y179.288 F30000
G1 F12000
G1 X62.549 Y178.085 E.05589
G1 X62.549 Y178.624 F30000
G1 F12000
G1 X63.751 Y179.827 E.05589
G1 X63.751 Y180.366 F30000
G1 F12000
G1 X62.549 Y179.163 E.05589
G1 X62.549 Y179.702 F30000
G1 F12000
G1 X63.751 Y180.905 E.05589
G1 X63.751 Y181.445 F30000
G1 F12000
G1 X62.549 Y180.242 E.05589
G1 X62.549 Y180.781 F30000
G1 F12000
G1 X63.751 Y181.984 E.05589
G1 X63.751 Y182.523 F30000
G1 F12000
G1 X62.549 Y181.32 E.05589
G1 X62.549 Y181.859 F30000
G1 F12000
G1 X63.751 Y183.062 E.05589
G1 X63.751 Y183.602 F30000
G1 F12000
G1 X62.549 Y182.399 E.05589
G1 X62.549 Y182.938 F30000
G1 F12000
G1 X63.751 Y184.141 E.05589
G1 X63.751 Y184.68 F30000
G1 F12000
G1 X62.549 Y183.477 E.05589
G1 X62.549 Y184.016 F30000
G1 F12000
G1 X63.751 Y185.219 E.05589
G1 X63.751 Y185.759 F30000
G1 F12000
G1 X62.549 Y184.556 E.05589
G1 X62.549 Y185.095 F30000
G1 F12000
G1 X63.751 Y186.298 E.05589
G1 X63.751 Y186.837 F30000
G1 F12000
G1 X62.549 Y185.634 E.05589
G1 X62.549 Y186.173 F30000
G1 F12000
G1 X63.751 Y187.376 E.05589
G1 X63.751 Y187.916 F30000
G1 F12000
G1 X62.549 Y186.713 E.05589
G1 X62.549 Y187.252 F30000
G1 F12000
G1 X63.751 Y188.455 E.05589
G1 X63.555 Y188.798 F30000
G1 F12000
G1 X62.549 Y187.791 E.04678
G1 X62.549 Y188.33 F30000
G1 F12000
G1 X63.32 Y189.101 E.03583
G1 E-.73457 F1800
;WIPE_START
G1 F30000
G1 X62.549 Y188.33 E-.06543
;WIPE_END
G1 X62.711 Y180.7 Z19
G1 X63.94 Y122.81 Z19
G1 Z18.6
G1 E.8 F1800
SET_VELOCITY_LIMIT ACCEL=5000
;TYPE:Outer wall
;WIDTH:0.42
G1 F3600
G1 X192.86 Y122.81 E3.84251
G1 X192.86 Y62.79 E1.78892
G1 X63.94 Y62.79 E3.84251
G1 X63.94 Y85.914 E.68923
G1 X62.36 Y85.914 E.04709
G1 X62.36 Y62.01 E.71248
G1 X193.64 Y62.01 E3.91285
G1 X193.64 Y123.59 E1.83542
G1 X62.36 Y123.59 E3.91285
G1 X62.36 Y99.686 E.71248
G1 X63.94 Y99.686 E.04709
G1 X63.94 Y122.77 E.68804
G1 X63.744 Y123.2 F30000
SET_VELOCITY_LIMIT ACCEL=10000
;TYPE:Gap infill
;WIDTH:0.430842
G1 F15000
G1 X193.056 Y123.2 E3.96502
;WIDTH:0.469667
G1 X193.217 Y123.167 E.00554
G1 X193.233 Y123.086 E.00277
;WIDTH:0.447482
G1 X193.25 Y123.006 E.00262
;WIDTH:0.430842
G1 X193.25 Y62.594 E1.85238
;WIDTH:0.469667
G1 X193.217 Y62.433 E.00554
G1 X193.136 Y62.417 E.00277
;WIDTH:0.447482
G1 X193.056 Y62.4 E.00262
;WIDTH:0.430842
G1 X63.744 Y62.4 E3.96502
G1 X63.751 Y63.159 F30000
SET_VELOCITY_LIMIT ACCEL=2000
;TYPE:Top surface
;WIDTH:0.421215
G1 F12000
G1 X62.791 Y62.199 E.04429
G1 X62.549 Y62.491 F30000
G1 F12000
G1 X63.751 Y63.694 E.05545
G1 X63.751 Y64.229 F30000
G1 F12000
G1 X62.549 Y63.026 E.05545
G1 X62.549 Y63.561 F30000
G1 F12000
G1 X63.751 Y64.764 E.05545
G1 X63.751 Y65.299 F30000
G1 F12000
G1 X62.549 Y64.096 E.05545
G1 X62.549 Y64.631 F30000
G1 F12000
G1 X63.751 Y65.834 E.05545
G1 X63.751 Y66.369 F30000
G1 F12000
G1 X62.549 Y65.166 E.05545
G1 X62.549 Y65.701 F30000
G1 F12000
G1 X63.751 Y66.904 E.05545
G1 X63.751 Y67.439 F30000
G1 F12000
G1 X62.549 Y66.236 E.05545
G1 X62.549 Y66.771 F30000
G1 F12000
G1 X63.751 Y67.974 E.05545
G1 X63.751 Y68.509 F30000
G1 F12000
G1 X62.549 Y67.306 E.05545
G1 X62.549 Y67.841 F30000
G1 F12000
G1 X63.751 Y69.044 E.05545
G1 X63.751 Y69.579 F30000
G1 F12000
G1 X62.549 Y68.376 E.05545
G1 X62.549 Y68.911 F30000
G1 F12000
G1 X63.751 Y70.114 E.05545
G1 X63.751 Y70.649 F30000
G1 F12000
G1 X62.549 Y69.446 E.05545
G1 X62.549 Y69.981 F30000
G1 F12000
G1 X63.751 Y71.184 E.05545
G1 X63.751 Y71.719 F30000
G1 F12000
G1 X62.549 Y70.516 E.05545
G1 X62.549 Y71.051 F30000
G1 F12000
G1 X63.751 Y72.254 E.05545
G1 X63.751 Y72.789 F30000
G1 F12000
G1 X62.549 Y71.586 E.05545
G1 X62.549 Y72.121 F30000
G1 F12000
G1 X63.751 Y73.324 E.05545
G1 X63.751 Y73.859 F30000
G1 F12000
G1 X62.549 Y72.656 E.05545
G1 X62.549 Y73.191 F30000
G1 F12000
G1 X63.751 Y74.394 E.05545
G1 X63.751 Y74.929 F30000
G1 F12000
G1 X62.549 Y73.726 E.05545
G1 X62.549 Y74.261 F30000
G1 F12000
G1 X63.751 Y75.464 E.05545
G1 X63.751 Y75.999 F30000
G1 F12000
G1 X62.549 Y74.796 E.05545
G1 X62.549 Y75.331 F30000
G1 F12000
G1 X63.751 Y76.534 E.05545
G1 X63.751 Y77.069 F30000
G1 F12000
G1 X62.549 Y75.866 E.05545
G1 X62.549 Y76.401 F30000
G1 F12000
G1 X63.751 Y77.604 E.05545
G1 X63.751 Y78.139 F30000
G1 F12000
G1 X62.549 Y76.936 E.05545
G1 X62.549 Y77.471 F30000
G1 F12000
G1 X63.751 Y78.674 E.05545
G1 X63.751 Y79.209 F30000
G1 F12000
G1 X62.549 Y78.006 E.05545
G1 X62.549 Y78.541 F30000
G1 F12000
G1 X63.751 Y79.744 E.05545
G1 X63.751 Y80.279 F30000
G1 F12000
G1 X62.549 Y79.076 E.05545
G1 X62.549 Y79.611 F30000
G1 F12000
G1 X63.751 Y80.814 E.05545
G1 X63.751 Y81.349 F30000
G1 F12000
G1 X62.549 Y80.146 E.05545
G1 X62.549 Y80.681 F30000
G1 F12000
G1 X63.751 Y81.884 E.05545
G1 X63.751 Y82.419 F30000
G1 F12000
G1 X62.549 Y81.216 E.05545
G1 X62.549 Y81.751 F30000
G1 F12000
G1 X63.751 Y82.954 E.05545
G1 X63.751 Y83.489 F30000
G1 F12000
G1 X62.549 Y82.286 E.05545
G1 X62.549 Y82.821 F30000
G1 F12000
G1 X63.751 Y84.024 E.05545
G1 X63.751 Y84.559 F30000
G1 F12000
G1 X62.549 Y83.356 E.05545
G1 X62.549 Y83.891 F30000
G1 F12000
G1 X63.751 Y85.094 E.05545
G1 X63.751 Y85.629 F30000
G1 F12000
G1 X62.549 Y84.426 E.05545
G1 X62.549 Y84.961 F30000
G1 F12000
G1 X63.313 Y85.726 E.03525
G1 E-.73511 F1800
;WIPE_START
G1 F30000
G1 X62.549 Y84.961 E-.06489
;WIPE_END
G1 X63.132 Y92.571 Z19
G1 X63.751 Y100.645 Z19
G1 Z18.6
G1 E.8 F1800
;WIDTH:0.424229
G1 F12000
G1 X62.98 Y99.874 E.03583
G1 X62.549 Y99.982 F30000
G1 F12000
G1 X63.751 Y101.185 E.05589
G1 X63.751 Y101.724 F30000
G1 F12000
G1 X62.549 Y100.521 E.05589
G1 X62.549 Y101.06 F30000
G1 F12000
G1 X63.751 Y102.263 E.05589
G1 X63.751 Y102.802 F30000
G1 F12000
G1 X62.549 Y101.6 E.05589
G1 X62.549 Y102.139 F30000
G1 F12000
G1 X63.751 Y103.342 E.05589
G1 X63.751 Y103.881 F30000
G1 F12000
G1 X62.549 Y102.678 E.05589
G1 X62.549 Y103.217 F30000
G1 F12000
G1 X63.751 Y104.42 E.05589
G1 X63.751 Y104.959 F30000
G1 F12000
G1 X62.549 Y103.757 E.05589
G1 X62.549 Y104.296 F30000
G1 F12000
G1 X63.751 Y105.499 E.05589
G1 X63.751 Y106.038 F30000
G1 F12000
G1 X62.549 Y104.835 E.05589
G1 X62.549 Y105.374 F30000
G1 F12000
G1 X63.751 Y106.577 E.05589
G1 X63.751 Y107.116 F30000
G1 F12000
G1 X62.549 Y105.914 E.05589
G1 X62.549 Y106.453 F30000
G1 F12000
G1 X63.751 Y107.656 E.05589
G1 X63.751 Y108.195 F30000
G1 F12000
G1 X62.549 Y106.992 E.05589
G1 X62.549 Y107.531 F30000
G1 F12000
G1 X63.751 Y108.734 E.05589
G1 X63.751 Y109.273 F30000
G1 F12000
G1 X62.549 Y108.071 E.05589
G1 X62.549 Y108.61 F30000
G1 F12000
G1 X63.751 Y109.813 E.05589
G1 X63.751 Y110.352 F30000
G1 F12000
G1 X62.549 Y109.149 E.05589
G1 X62.549 Y109.688 F30000
G1 F12000
G1 X63.751 Y110.891 E.05589
G1 X63.751 Y111.431 F30000
G1 F12000
G1 X62.549 Y110.228 E.05589
G1 X62.549 Y110.767 F30000
G1 F12000
G1 X63.751 Y111.97 E.05589
G1 X63.751 Y112.509 F30000
G1 F12000
G1 X62.549 Y111.306 E.05589
G1 X62.549 Y111.845 F30000
G1 F12000
G1 X63.751 Y113.048 E.05589
G1 X63.751 Y113.588 F30000
G1 F12000
G1 X62.549 Y112.385 E.05589
G1 X62.549 Y112.924 F30000
G1 F12000
G1 X63.751 Y114.127 E.05589
G1 X63.751 Y114.666 F30000
G1 F12000
G1 X62.549 Y113.463 E.05589
G1 X62.549 Y114.002 F30000
G1 F12000
G1 X63.751 Y115.205 E.05589
G1 X63.751 Y115.745 F30000
G1 F12000
G1 X62.549 Y114.542 E.05589
G1 X62.549 Y115.081 F30000
G1 F12000
G1 X63.751 Y116.284 E.05589
G1 X63.751 Y116.823 F30000
G1 F12000
G1 X62.549 Y115.62 E.05589
G1 X62.549 Y116.159 F30000
G1 F12000
G1 X63.751 Y117.362 E.05589
G1 X63.751 Y117.902 F30000
G1 F12000
G1 X62.549 Y116.699 E.05589
G1 X62.549 Y117.238 F30000
G1 F12000
G1 X63.751 Y118.441 E.05589
G1 X63.751 Y118.98 F30000
G1 F12000
G1 X62.549 Y117.777 E.05589
G1 X62.549 Y118.316 F30000
G1 F12000
G1 X63.751 Y119.519 E.05589
G1 X63.751 Y120.059 F30000
G1 F12000
G1 X62.549 Y118.856 E.05589
G1 X62.549 Y119.395 F30000
G1 F12000
G1 X63.751 Y120.598 E.05589
G1 X63.751 Y121.137 F30000
G1 F12000
G1 X62.549 Y119.934 E.05589
G1 X62.549 Y120.473 F30000
G1 F12000
G1 X63.751 Y121.676 E.05589
G1 X63.751 Y122.216 F30000
G1 F12000
G1 X62.549 Y121.013 E.05589
G1 X62.549 Y121.552 F30000
G1 F12000
G1 X63.751 Y122.755 E.05589
G1 X63.555 Y123.098 F30000
G1 F12000
G1 X62.549 Y122.091 E.04678
G1 X62.549 Y122.63 F30000
G1 F12000
G1 X63.32 Y123.401 E.03583
G1 E-.73457 F1800
;WIPE_START
G1 F30000
G1 X62.549 Y122.63 E-.06543
;WIPE_END
M106 S0
M106 P2 S0
;TYPE:Custom
; filament end gcode 
;===== CC2_END_GCODE ================
;===== date: 2026-01-16-001 =====================


M140 S0 ;Turn-off bed
M83
G92 E0 ; zero the extruder
G1 E-1.5 F1800
G2 I0 J1 Z19.1 F3000 ; lower z a little
M106 S0
M106 P2 S0
G90
G1 Z80 F20000 ; Move print head up 
G180 S9
M104 S0
M84
M73 P100 R0
; EXECUTABLE_BLOCK_END

; filament used [mm] = 13459.22
; filament used [cm3] = 32.37
; filament used [g] = 40.47
; filament cost = 0.81
; total filament used [g] = 40.47
; total filament cost = 0.81
; total layers count = 93
; estimated printing time (normal mode) = 1h 16m 58s
; estimated first layer printing time (normal mode) = 1m 50s

; CONFIG_BLOCK_START
; accel_to_decel_enable = 0
; accel_to_decel_factor = 50%
; activate_air_filtration = 0
; activate_air_filtration_during_print = 1
; activate_air_filtration_on_completion = 1
; activate_chamber_temp_control = 0
; adaptive_bed_mesh_margin = 0
; adaptive_pressure_advance = 0
; adaptive_pressure_advance_bridges = 0
; adaptive_pressure_advance_model = "0,0,0\n0,0,0"
; adaptive_pressure_advance_overhangs = 0
; additional_cooling_fan_speed = 0
; additional_fan_full_speed_layer = 0
; align_infill_direction_to_model = 0
; alternate_extra_wall = 0
; auxiliary_fan = 1
; bbl_calib_mark_logo = 1
; bed_custom_model = 
; bed_custom_texture = 
; bed_exclude_area = 246x0,256x0,256x20,246x20
; bed_mesh_max = 243,245
; bed_mesh_min = 10,10
; bed_mesh_probe_distance = 22,22
; bed_temperature_formula = by_highest_temp
; bed_texture_area = 0x-10,256x-10,256x256,0x256
; before_layer_change_gcode = ;BEFORE_LAYER_CHANGE\n;[layer_z]\nG92 E0\n
; best_object_pos = 0.5,0.5
; bottom_shell_layers = 4
; bottom_shell_thickness = 0.6
; bottom_solid_infill_flow_ratio = 1
; bottom_surface_density = 100%
; bottom_surface_filament_id = 0
; bottom_surface_pattern = monotonic
; bridge_acceleration = 50%
; bridge_angle = 0
; bridge_density = 100%
; bridge_flow = 1
; bridge_line_width = 100%
; bridge_no_support = 1
; bridge_speed = 50
; brim_ears_detection_length = 1
; brim_ears_max_angle = 125
; brim_flow_ratio = 1
; brim_object_gap = 0.1
; brim_type = no_brim
; brim_use_efc_outline = 0
; brim_width = 0
; calib_flowrate_topinfill_special_order = 0
; chamber_minimal_temperature = 0
; chamber_temperature = 0
; change_extrusion_role_gcode = 
; change_filament_gcode = \n;==========CC2_CHANGE_FILAMENT_GCODE==========\n;===== date: 2026-01-16-001 =====================\nM106 S0\nM106 P2 S0\nG1 Z{min(max_layer_z+3, printable_height+0.5)} F1200\nM6211 T[next_extruder] L[flush_length] M{old_filament_e_feedrate} N{new_filament_e_feedrate} Q[old_filament_temp] R[nozzle_temperature_range_high] S[new_filament_temp]\nT[next_extruder]\n
; close_additional_fan_first_x_layers = 1
; close_fan_the_first_x_layers = 1
; combine_brims = 0
; compatible_printers_condition = 
; complete_print_exhaust_fan_speed = 70
; cool_plate_temp = 35
; cool_plate_temp_initial_layer = 35
; cooling_tube_length = 5
; cooling_tube_retraction = 90
; counterbore_hole_bridging = none
; curr_bed_type = Textured PEI Plate
; default_acceleration = 10000
; default_bed_type = 4
; default_filament_colour = ""
; default_filament_profile = "Elegoo PLA @ECC2"
; default_jerk = 0
; default_junction_deviation = 0
; default_print_profile = 0.20mm Standard @Elegoo CC2 0.4 nozzle
; deretraction_speed = 30
; detect_narrow_internal_solid_infill = 1
; detect_overhang_wall = 1
; detect_thin_wall = 0
; different_settings_to_system = enable_prime_tower;;
; disable_m73 = 0
; dont_filter_internal_bridges = disabled
; dont_slow_down_outer_wall = 0
; draft_shield = disabled
; during_print_exhaust_fan_speed = 70
; elefant_foot_compensation = 0.1
; elefant_foot_compensation_layers = 1
; elefant_foot_layers_density = 100%
; emit_machine_limits_to_gcode = 1
; enable_arc_fitting = 0
; enable_extra_bridge_layer = disabled
; enable_filament_ramming = 0
; enable_long_retraction_when_cut = 0
; enable_overhang_bridge_fan = 1
; enable_overhang_speed = 1
; enable_power_loss_recovery = printer_configuration
; enable_pressure_advance = 0
; enable_prime_tower = 0
; enable_support = 0
; enable_tower_interface_cooldown_during_tower = 0
; enable_tower_interface_features = 0
; enable_wrapping_detection = 0
; enforce_support_layers = 0
; eng_plate_temp = 0
; eng_plate_temp_initial_layer = 0
; ensure_vertical_shell_thickness = ensure_all
; exclude_object = 0
; extra_loading_move = -2
; extra_perimeters_on_overhangs = 0
; extra_solid_infills = 
; extruder_ams_count = 
; extruder_clearance_height_to_lid = 90
; extruder_clearance_height_to_rod = 36
; extruder_clearance_radius = 65
; extruder_colour = #F2754E
; extruder_offset = 0x1.5
; extruder_printable_area = 
; extruder_printable_height = 0
; extruder_type = Direct Drive
; extrusion_rate_smoothing_external_perimeter_only = 0
; fan_cooling_layer_time = 80
; fan_kickstart = 0
; fan_max_speed = 100
; fan_min_speed = 50
; fan_speedup_overhangs = 1
; fan_speedup_time = 0.5
; filament_adaptive_volumetric_speed = 0
; filament_adhesiveness_category = 0
; filament_change_extrusion_role_gcode = ""
; filament_change_length = 10
; filament_colour = #F2754E
; filament_cooling_before_tower = 10
; filament_cooling_final_speed = 3.4
; filament_cooling_initial_speed = 2.2
; filament_cooling_moves = 4
; filament_cost = 20
; filament_density = 1.25
; filament_diameter = 1.75
; filament_end_gcode = "; filament end gcode \n"
; filament_extruder_variant = "Direct Drive Standard"
; filament_flow_ratio = 0.98
; filament_flush_temp = 0
; filament_flush_volumetric_speed = 0
; filament_ids = GPLAB00
; filament_is_support = 0
; filament_loading_speed = 28
; filament_loading_speed_start = 3
; filament_map = 1
; filament_map_mode = Auto For Flush
; filament_max_volumetric_speed = 21
; filament_minimal_purge_on_wipe_tower = 15
; filament_multitool_ramming = 0
; filament_multitool_ramming_flow = 10
; filament_multitool_ramming_volume = 10
; filament_notes = ""
; filament_printable = 3
; filament_ramming_parameters = "120 100 6.6 6.8 7.2 7.6 7.9 8.2 8.7 9.4 9.9 10.0| 0.05 6.6 0.45 6.8 0.95 7.8 1.45 8.3 1.95 9.7 2.45 10 2.95 7.6 3.45 7.6 3.95 7.6 4.45 7.6 4.95 7.6"
; filament_self_index = 1
; filament_settings_id = "Generic PLA @Elegoo Centauri"
; filament_shrink = 100%
; filament_shrinkage_compensation_z = 100%
; filament_soluble = 0
; filament_stamping_distance = 0
; filament_stamping_loading_speed = 0
; filament_start_gcode = "; filament start gcode\n{if  (bed_temperature[current_extruder] >55)||(bed_temperature_initial_layer[current_extruder] >55)}M106 P3 S200\n{elsif(bed_temperature[current_extruder] >50)||(bed_temperature_initial_layer[current_extruder] >50)}M106 P3 S150\n{elsif(bed_temperature[current_extruder] >45)||(bed_temperature_initial_layer[current_extruder] >45)}M106 P3 S50\n{endif}\n\n{if activate_air_filtration[current_extruder] && support_air_filtration}\nM106 P3 S{during_print_exhaust_fan_speed_num[current_extruder]} \n{endif}"
; filament_toolchange_delay = 0
; filament_tower_interface_pre_extrusion_dist = 10
; filament_tower_interface_pre_extrusion_length = 0
; filament_tower_interface_print_temp = -1
; filament_tower_interface_purge_volume = 20
; filament_tower_ironing_area = 4
; filament_type = PLA
; filament_unloading_speed = 90
; filament_unloading_speed_start = 100
; filament_vendor = Generic
; file_start_gcode = 
; filename_format = ECC2_{nozzle_diameter[0]}_{input_filename_base}_{filament_name}_{layer_height}_{print_time}.gcode
; fill_multiline = 1
; filter_out_gap_fill = 1
; first_layer_flow_ratio = 1
; first_layer_print_sequence = 0
; first_x_layer_fan_speed = 0
; flush_into_infill = 0
; flush_into_objects = 0
; flush_into_support = 1
; flush_multiplier = 1
; flush_volumes_matrix = 0,280,280,280,280,0,280,280,280,280,0,280,280,280,280,0
; flush_volumes_vector = 140,140,140,140,140,140,140,140
; full_fan_speed_layer = 0
; fuzzy_skin = disabled_fuzzy
; fuzzy_skin_first_layer = 0
; fuzzy_skin_layers_between_ripple_offset = 1
; fuzzy_skin_mode = displacement
; fuzzy_skin_noise_type = classic
; fuzzy_skin_octaves = 4
; fuzzy_skin_persistence = 0.5
; fuzzy_skin_point_distance = 0.3
; fuzzy_skin_ripple_offset = 50%
; fuzzy_skin_ripples_per_layer = 15
; fuzzy_skin_scale = 1
; fuzzy_skin_thickness = 0.2
; gap_fill_flow_ratio = 1
; gap_fill_target = everywhere
; gap_infill_speed = 250
; gcode_add_line_number = 0
; gcode_comments = 0
; gcode_flavor = klipper
; gcode_label_objects = 0
; grab_length = 0
; gyroid_optimized = 0
; has_scarf_joint_seam = 0
; head_wrap_detect_zone = 
; high_current_on_filament_swap = 0
; hole_to_polyhole = 0
; hole_to_polyhole_threshold = 0.01
; hole_to_polyhole_twisted = 1
; host_type = elegoolink
; hot_plate_temp = 60
; hot_plate_temp_initial_layer = 60
; idle_temperature = 0
; independent_support_layer_height = 0
; infill_anchor = 400%
; infill_anchor_max = 40
; infill_combination = 0
; infill_combination_max_layer_height = 100%
; infill_direction = 45
; infill_jerk = 9
; infill_lock_depth = 1
; infill_overhang_angle = 60
; infill_shift_step = 0.4
; infill_wall_overlap = 15%
; inherits_group = ;;
; initial_layer_acceleration = 500
; initial_layer_infill_speed = 105
; initial_layer_jerk = 9
; initial_layer_line_width = 0.5
; initial_layer_min_bead_width = 85%
; initial_layer_print_height = 0.2
; initial_layer_speed = 50
; initial_layer_travel_acceleration = 100%
; initial_layer_travel_jerk = 100%
; initial_layer_travel_speed = 100%
; inner_wall_acceleration = 0
; inner_wall_filament_id = 0
; inner_wall_flow_ratio = 1
; inner_wall_jerk = 9
; inner_wall_line_width = 0.45
; inner_wall_speed = 100
; input_shaping_damp_x = 0.1
; input_shaping_damp_y = 0.1
; input_shaping_emit = 0
; input_shaping_freq_x = 0
; input_shaping_freq_y = 0
; input_shaping_type = Default
; interface_shells = 0
; interlocking_beam = 0
; interlocking_beam_layer_count = 2
; interlocking_beam_width = 0.8
; interlocking_boundary_avoidance = 2
; interlocking_depth = 2
; interlocking_orientation = 22.5
; internal_bridge_angle = 0
; internal_bridge_density = 100%
; internal_bridge_fan_speed = -1
; internal_bridge_flow = 0.95
; internal_bridge_speed = 150%
; internal_solid_filament_id = 0
; internal_solid_infill_acceleration = 100%
; internal_solid_infill_flow_ratio = 1
; internal_solid_infill_line_width = 0.42
; internal_solid_infill_pattern = monotonic
; internal_solid_infill_speed = 250
; ironing_angle = 0
; ironing_angle_fixed = 0
; ironing_fan_speed = -1
; ironing_flow = 10%
; ironing_inset = 0
; ironing_pattern = rectilinear
; ironing_spacing = 0.15
; ironing_speed = 30
; ironing_type = no ironing
; is_infill_first = 0
; lateral_lattice_angle_1 = -45
; lateral_lattice_angle_2 = 45
; layer_change_gcode = M73 L{layer_num+1}\n;LAYER:{layer_num+1}\nSET_PRINT_STATS_INFO TOTAL_LAYER=[total_layer_count] CURRENT_LAYER={layer_num+1}
; layer_height = 0.2
; lightning_overhang_angle = 45
; lightning_prune_angle = 45
; lightning_straightening_angle = 45
; line_width = 0.42
; long_retractions_when_cut = 0
; long_retractions_when_ec = 0
; machine_end_gcode = ;===== CC2_END_GCODE ================\n;===== date: 2026-01-16-001 =====================\n\n\nM140 S0 ;Turn-off bed\nM83\nG92 E0 ; zero the extruder\nG1 E-1.5 F1800\nG2 I0 J1 Z{max_layer_z+0.5} F3000 ; lower z a little\nM106 S0\nM106 P2 S0\nG90\n{if max_layer_z > 75}G1 Z{min(max_layer_z+5, printable_height+0.5)} F20000{else}G1 Z80 F20000 {endif}; Move print head up \nG180 S9\nM104 S0\nM84\n
; machine_load_filament_time = 51
; machine_max_acceleration_e = 5000,5000
; machine_max_acceleration_extruding = 20000,20000
; machine_max_acceleration_retracting = 5000,5000
; machine_max_acceleration_travel = 20000,20000
; machine_max_acceleration_x = 20000,20000
; machine_max_acceleration_y = 20000,20000
; machine_max_acceleration_z = 500,500
; machine_max_jerk_e = 1,1
; machine_max_jerk_x = 9,9
; machine_max_jerk_y = 9,9
; machine_max_jerk_z = 3,3
; machine_max_junction_deviation = 0.01
; machine_max_speed_e = 30,30
; machine_max_speed_x = 500,200
; machine_max_speed_y = 500,200
; machine_max_speed_z = 20,20
; machine_min_extruding_rate = 0,0
; machine_min_travel_rate = 0,0
; machine_pause_gcode = M600
; machine_start_gcode = ;===== CC2_START_GCODE ================\n;===== date: 2026-01-16-001 =====================\n\nG90\nM104 S140\nM140 S[bed_temperature_initial_layer_single]\nM190 S[bed_temperature_initial_layer_single] A\nM106 S0\nBED_MESH_CALIBRATE mesh_min={adaptive_bed_mesh_min[0]},{adaptive_bed_mesh_min[1]} mesh_max={adaptive_bed_mesh_max[0]},{adaptive_bed_mesh_max[1]} ALGORITHM=[bed_mesh_algo] PROBE_COUNT={bed_mesh_probe_count[0]},{bed_mesh_probe_count[1]} ADAPTIVE=0 ADAPTIVE_MARGIN=0 FROM_SLICER=1\nM204 S{min(20000,max(1000,outer_wall_acceleration))} ;Call exterior wall print acceleration\nG28\nM109 S[nozzle_temperature_initial_layer]\nM6211 A1 L200 T[initial_no_support_extruder] Q[nozzle_temperature_initial_layer] R[nozzle_temperature_initial_layer] S[nozzle_temperature_initial_layer]\nT[initial_no_support_extruder]\n\n{if first_layer_print_min[1] > 0.5}\nG180 S7\nG1 X{print_bed_max[0]*0.5-1} Y-1.2 F20000\nG1 Z0.5 F900\nM109 S[nozzle_temperature_initial_layer]\nM83\nG92 E0 ;Reset Extruder\nG1 E6 F{min(1200, max(120, filament_max_volumetric_speed[initial_no_support_extruder]*60/2/2.5043))} \nM106 S200\nG1 X{print_bed_max[0]*0.5-41} E20 F{min(12000, max(1200, filament_max_volumetric_speed[initial_no_support_extruder]*60/2/2.5043))} \nG1 F6000\nG1 X{print_bed_max[0]*0.5-46} E0.8\n{else}\nG1 E30 F{min(1200, max(120, filament_max_volumetric_speed[initial_no_support_extruder]*60/2/2.5043))}\n{endif}\nM106 S0\nG180 S8\nG1 F20000\nG92 E0 ;Reset Extruder\nSET_PRINT_STATS_INFO TOTAL_LAYER=[total_layer_count] CURRENT_LAYER=0\n;LAYER_COUNT:[total_layer_count]\n;LAYER:0
; machine_tool_change_time = 0
; machine_unload_filament_time = 0
; make_overhang_printable = 0
; make_overhang_printable_angle = 55
; make_overhang_printable_hole_size = 0
; manual_filament_change = 0
; master_extruder_id = 1
; max_bridge_length = 10
; max_layer_height = 0.28
; max_resonance_avoidance_speed = 120
; max_travel_detour_distance = 0
; max_volumetric_extrusion_rate_slope = 0
; max_volumetric_extrusion_rate_slope_segment_length = 3
; min_bead_width = 85%
; min_feature_size = 25%
; min_layer_height = 0.08
; min_length_factor = 0.5
; min_resonance_avoidance_speed = 70
; min_skirt_length = 0
; min_width_top_surface = 50%
; minimum_sparse_infill_area = 15
; mmu_segmented_region_interlocking_depth = 0
; mmu_segmented_region_max_width = 0
; notes = 
; nozzle_diameter = 0.4
; nozzle_flush_dataset = 0
; nozzle_height = 2.5
; nozzle_hrc = 0
; nozzle_temperature = 210
; nozzle_temperature_initial_layer = 210
; nozzle_temperature_range_high = 240
; nozzle_temperature_range_low = 190
; nozzle_type = hardened_steel
; nozzle_volume = 107
; nozzle_volume_type = Standard
; only_one_wall_first_layer = 0
; only_one_wall_top = 1
; ooze_prevention = 0
; other_layers_print_sequence = 0
; other_layers_print_sequence_nums = 0
; outer_wall_acceleration = 5000
; outer_wall_filament_id = 0
; outer_wall_flow_ratio = 1
; outer_wall_jerk = 9
; outer_wall_line_width = 0.42
; outer_wall_speed = 60
; overhang_1_4_speed = 0
; overhang_2_4_speed = 50
; overhang_3_4_speed = 30
; overhang_4_4_speed = 10
; overhang_fan_speed = 100
; overhang_fan_threshold = 50%
; overhang_flow_ratio = 1
; overhang_reverse = 0
; overhang_reverse_internal_only = 0
; overhang_reverse_threshold = 50%
; parallel_printheads_bed_exclude_areas = 
; parallel_printheads_count = 1
; parking_pos_retraction = 90
; part_cooling_fan_min_pwm = 0
; physical_extruder_map = 0
; post_process = 
; precise_outer_wall = 0
; precise_z_height = 0
; preferred_orientation = 0
; preheat_steps = 1
; preheat_time = 30
; pressure_advance = 0.024
; prime_tower_brim_width = 3
; prime_tower_enable_framework = 0
; prime_tower_flat_ironing = 0
; prime_tower_infill_gap = 150%
; prime_tower_skip_points = 1
; prime_tower_width = 35
; prime_volume = 45
; print_compatible_printers = "Elegoo Centauri Carbon 2 0.4 nozzle"
; print_extruder_id = 1
; print_extruder_variant = "Direct Drive Standard"
; print_flow_ratio = 0.97
; print_order = default
; print_sequence = by layer
; print_settings_id = Tak v14 PLA - no supports
; printable_area = 0x0,256x0,256x256,0x256
; printable_height = 256
; printer_extruder_id = 1
; printer_extruder_variant = "Direct Drive Standard"
; printer_model = Elegoo Centauri Carbon 2
; printer_notes = 
; printer_settings_id = Elegoo Centauri Carbon 2 0.4 nozzle
; printer_structure = corexy
; printer_technology = FFF
; printer_variant = 0.4
; printing_by_object_gcode = 
; process_change_extrusion_role_gcode = 
; purge_in_prime_tower = 0
; raft_contact_distance = 0.1
; raft_expansion = 1.5
; raft_first_layer_density = 90%
; raft_first_layer_expansion = 2
; raft_layers = 0
; reduce_crossing_wall = 0
; reduce_fan_stop_start_freq = 1
; reduce_infill_retraction = 0
; relative_bridge_angle = 0
; required_nozzle_HRC = 3
; resolution = 0.012
; resonance_avoidance = 0
; retract_before_wipe = 0%
; retract_length_toolchange = 2
; retract_lift_above = 0
; retract_lift_below = 255
; retract_lift_enforce = All Surfaces
; retract_restart_extra = 0
; retract_restart_extra_toolchange = 0.5
; retract_when_changing_layer = 1
; retraction_distances_when_cut = 18
; retraction_distances_when_ec = 10
; retraction_length = 0.8
; retraction_minimum_travel = 0.8
; retraction_speed = 30
; role_based_wipe_speed = 0
; scan_first_layer = 1
; scarf_angle_threshold = 155
; scarf_joint_flow_ratio = 1
; scarf_joint_speed = 100%
; scarf_overhang_threshold = 40%
; seam_gap = 10%
; seam_position = aligned
; seam_slope_conditional = 1
; seam_slope_entire_loop = 0
; seam_slope_inner_walls = 1
; seam_slope_min_length = 0
; seam_slope_start_height = 0
; seam_slope_steps = 10
; seam_slope_type = none
; set_other_flow_ratios = 0
; silent_mode = 0
; single_extruder_multi_material = 1
; single_extruder_multi_material_priming = 0
; single_loop_draft_shield = 0
; skeleton_infill_density = 25%
; skeleton_infill_line_width = 100%
; skin_infill_density = 25%
; skin_infill_depth = 2
; skin_infill_line_width = 100%
; skirt_distance = 0
; skirt_height = 4
; skirt_loops = 0
; skirt_speed = 50
; skirt_start_angle = -135
; skirt_type = combined
; slice_closing_radius = 0.049
; slicing_mode = regular
; slow_down_for_layer_cooling = 1
; slow_down_layer_time = 4
; slow_down_layers = 0
; slow_down_min_speed = 20
; slowdown_for_curled_perimeters = 0
; small_area_infill_flow_compensation = 0
; small_area_infill_flow_compensation_model = 0,0;"\n0.2,0.4444";"\n0.4,0.6145";"\n0.6,0.7059";"\n0.8,0.7619";"\n1.5,0.8571";"\n2,0.8889";"\n3,0.9231";"\n5,0.9520";"\n10,1"
; small_perimeter_speed = 50%
; small_perimeter_threshold = 0
; solid_infill_direction = 45
; solid_infill_rotate_template = 
; sparse_infill_acceleration = 100%
; sparse_infill_density = 20%
; sparse_infill_filament_id = 0
; sparse_infill_flow_ratio = 1
; sparse_infill_line_width = 0.45
; sparse_infill_pattern = gyroid
; sparse_infill_rotate_template = 
; sparse_infill_speed = 200
; spiral_finishing_flow_ratio = 0
; spiral_mode = 0
; spiral_mode_max_xy_smoothing = 200%
; spiral_mode_smooth = 0
; spiral_starting_flow_ratio = 0
; staggered_inner_seams = 0
; standby_temperature_delta = -5
; start_end_points = 30x-3,54x245
; supertack_plate_temp = 35
; supertack_plate_temp_initial_layer = 35
; support_air_filtration = 0
; support_angle = 0
; support_base_pattern = rectilinear
; support_base_pattern_spacing = 1
; support_bottom_interface_spacing = 0.5
; support_bottom_z_distance = 0.2
; support_chamber_temp_control = 0
; support_critical_regions_only = 0
; support_expansion = 0
; support_filament = 0
; support_flow_ratio = 1
; support_interface_bottom_layers = 2
; support_interface_filament = 0
; support_interface_flow_ratio = 1
; support_interface_loop_pattern = 0
; support_interface_not_for_body = 1
; support_interface_pattern = auto
; support_interface_spacing = 0.5
; support_interface_speed = 80
; support_interface_top_layers = 2
; support_ironing = 0
; support_ironing_flow = 10%
; support_ironing_pattern = rectilinear
; support_ironing_spacing = 0.1
; support_line_width = 0.42
; support_material_interface_fan_speed = -1
; support_mms = 1
; support_multi_bed_types = 1
; support_object_first_layer_gap = 0.2
; support_object_skip_flush = 0
; support_object_xy_distance = 0.35
; support_on_build_plate_only = 1
; support_parallel_printheads = 0
; support_remove_small_overhang = 1
; support_speed = 150
; support_style = default
; support_threshold_angle = 30
; support_threshold_overlap = 50%
; support_top_z_distance = 0.2
; support_type = tree(auto)
; support_wan_network = 1
; symmetric_infill_y_axis = 0
; temperature_vitrification = 45
; template_custom_gcode = 
; textured_cool_plate_temp = 40
; textured_cool_plate_temp_initial_layer = 40
; textured_plate_temp = 60
; textured_plate_temp_initial_layer = 60
; thick_bridges = 0
; thick_internal_bridges = 1
; thumbnails = 144x144/PNG
; thumbnails_format = PNG
; time_cost = 0
; time_lapse_gcode = 
; timelapse_type = 0
; tool_change_on_wipe_tower = 0
; top_bottom_infill_wall_overlap = 5%
; top_shell_layers = 5
; top_shell_thickness = 1
; top_solid_infill_flow_ratio = 1.09
; top_surface_acceleration = 2000
; top_surface_density = 100%
; top_surface_filament_id = 0
; top_surface_jerk = 9
; top_surface_line_width = 0.42
; top_surface_pattern = monotonicline
; top_surface_speed = 200
; travel_acceleration = 0
; travel_jerk = 12
; travel_slope = 3
; travel_speed = 500
; travel_speed_z = 0
; tree_support_angle_slow = 30
; tree_support_auto_brim = 1
; tree_support_branch_angle = 45
; tree_support_branch_angle_organic = 45
; tree_support_branch_diameter = 2
; tree_support_branch_diameter_angle = 5
; tree_support_branch_diameter_organic = 2
; tree_support_branch_distance = 5
; tree_support_branch_distance_organic = 2
; tree_support_brim_width = 3
; tree_support_tip_diameter = 0.8
; tree_support_top_rate = 30%
; tree_support_wall_count = 0
; upward_compatible_machine = 
; use_3mf = 0
; use_firmware_retraction = 0
; use_relative_e_distances = 1
; volumetric_speed_coefficients = ""
; wall_direction = ccw
; wall_distribution_count = 1
; wall_generator = classic
; wall_loops = 4
; wall_maximum_deviation = 0.025
; wall_maximum_resolution = 0.5
; wall_sequence = inner wall/outer wall
; wall_transition_angle = 10
; wall_transition_filter_deviation = 25%
; wall_transition_length = 100%
; wipe = 1
; wipe_before_external_loop = 0
; wipe_distance = 1.2
; wipe_on_loops = 0
; wipe_speed = 100%
; wipe_tower_bridging = 10
; wipe_tower_cone_angle = 30
; wipe_tower_extra_flow = 100%
; wipe_tower_extra_rib_length = 0
; wipe_tower_extra_spacing = 100%
; wipe_tower_filament = 0
; wipe_tower_fillet_wall = 1
; wipe_tower_max_purge_speed = 90
; wipe_tower_no_sparse_layers = 0
; wipe_tower_rib_width = 8
; wipe_tower_rotation_angle = 0
; wipe_tower_type = type2
; wipe_tower_wall_type = rib
; wipe_tower_x = 15.000
; wipe_tower_x = 15
; wipe_tower_y = 220.000
; wipe_tower_y = 220
; wiping_volumes_extruders = 70,70,70,70,70,70,70,70,70,70
; wrapping_detection_gcode = 
; wrapping_detection_layers = 20
; wrapping_exclude_area = 
; xy_contour_compensation = 0
; xy_hole_compensation = 0
; z_hop = 0.4
; z_hop_types = Auto Lift
; z_offset = 0
; zaa_dont_alternate_fill_direction = 0
; zaa_enabled = 0
; zaa_min_z = 0.05
; zaa_minimize_perimeter_height = 35
; first_layer_bed_temperature = 60
; bed_shape = 0x0,256x0,256x256,0x256
; first_layer_temperature = 210
; first_layer_height = 0.200
; CONFIG_BLOCK_END


