; HEADER_BLOCK_START
; generated by ElegooSlicer 1.5.3.5 on 2026-09-30 at 00:24:09
; total layer number: 80
; filament_density: 1.25,1.25,1.25,1.25
; filament_diameter: 1.75,1.75,1.75,1.75
; max_z_height: 16.00
; HEADER_BLOCK_END

; filament: 1
; HEADER_BLOCK_END

; external perimeters extrusion width = 0.42mm
; perimeters extrusion width = 0.45mm
; infill extrusion width = 0.45mm
; solid infill extrusion width = 0.42mm
; top infill extrusion width = 0.42mm
; first layer extrusion width = 0.50mm

; external perimeters extrusion width = 0.42mm
; perimeters extrusion width = 0.45mm
; infill extrusion width = 0.45mm
; solid infill extrusion width = 0.42mm
; top infill extrusion width = 0.42mm
; first layer extrusion width = 0.50mm

; EXECUTABLE_BLOCK_START
M73 P0 R62
M106 S0
M106 P2 S0
;TYPE:Custom
;===== CC2_START_GCODE ================
;===== date: 2026-01-16-001 =====================

G90
M104 S140
M140 S60
M190 S60 A
M106 S0
BED_MESH_CALIBRATE mesh_min=10,10 mesh_max=193.2,137.75 ALGORITHM=bicubic PROBE_COUNT=10,7 ADAPTIVE=0 ADAPTIVE_MARGIN=0 FROM_SLICER=1
M204 S5000 ;Call exterior wall print acceleration
G28
M109 S210
M6211 A1 L200 T0 Q210 R210 S210
T0


G180 S7
G1 X127 Y-1.2 F20000
G1 Z0.5 F900
M73 P2 R61
M109 S210
M83
G92 E0 ;Reset Extruder
G1 E6 F251.567 
M106 S200
G1 X87 E20 F1200 
G1 F6000
M73 P2 R60
G1 X82 E0.8

M106 S0
G180 S8
G1 F20000
G92 E0 ;Reset Extruder
SET_PRINT_STATS_INFO TOTAL_LAYER=80 CURRENT_LAYER=0
;LAYER_COUNT:80
;LAYER:0
G90
G21
M83 ; use relative distances for extrusion
; filament start gcode
M106 P3 S200


T0
M106 P2 S0
;LAYER_CHANGE
;Z:0.2
;HEIGHT:0.2
;BEFORE_LAYER_CHANGE
;0.2
G92 E0

G1 E-.8 F1800
M73 L1
;LAYER:1
SET_PRINT_STATS_INFO TOTAL_LAYER=80 CURRENT_LAYER=1
;_SET_FAN_SPEED_CHANGING_LAYER
SET_VELOCITY_LIMIT ACCEL=500
G1 X171.55 Y36.371 F30000
G1 Z.6
G1 Z.2
G1 E.8 F1800
;TYPE:Inner wall
;WIDTH:0.5
G1 F3000
G1 X191.479 Y36.371 E.72
G1 X191.479 Y134.529 E3.54631
G1 X107.721 Y134.529 E3.02606
G1 X107.721 Y10.221 E4.49108
M73 P3 R60
G1 X170.179 Y10.221 E2.25652
G1 X170.179 Y36.371 E.94477
G1 X171.51 Y36.371 E.0481
G1 X171.55 Y35.914 F30000
G1 F3000
G1 X191.936 Y35.914 E.73652
G1 X191.936 Y134.986 E3.57934
G1 X107.264 Y134.986 E3.05909
G1 X107.264 Y9.764 E4.52411
G1 X170.636 Y9.764 E2.28954
G1 X170.636 Y35.914 E.94477
G1 X171.51 Y35.914 E.03158
G1 X171.55 Y35.457 F30000
G1 F3000
G1 X192.393 Y35.457 E.75303
G1 X192.393 Y135.443 E3.61237
G1 X106.807 Y135.443 E3.09211
G1 X106.807 Y9.307 E4.55714
G1 X171.093 Y9.307 E2.32257
G1 X171.093 Y35.457 E.94477
G1 X171.51 Y35.457 E.01507
G1 X171.55 Y35 F30000
;TYPE:Outer wall
G1 F3000
G1 X192.35 Y35 E.75148
G1 X192.35 Y23.7 E.40826
G1 X192.85 Y23.7 E.01806
G1 X192.85 Y135.9 E4.05365
G1 X106.35 Y135.9 E3.12514
G1 X106.35 Y8.85 E4.59017
G1 X171.55 Y8.85 E2.3556
G1 X171.55 Y34.96 E.94332
G1 E-.728 F1800
;WIPE_START
G1 F30000
G1 X172.75 Y34.962 E-.072
;WIPE_END
G1 X180.351 Y35.658 Z.6
G1 X190.639 Y36.6 Z.6
G1 Z.2
G1 E.8 F1800
;TYPE:Bottom surface
;WIDTH:0.501042
G1 F6300
G1 X191.045 Y37.005 E.02077
G1 X191.045 Y37.653 E.02346
G1 X190.197 Y36.805 E.04342
G1 X189.549 Y36.805 E.02346
G1 X191.045 Y38.301 E.0766
G1 X191.045 Y38.949 E.02346
G1 X188.901 Y36.805 E.10978
G1 X188.253 Y36.805 E.02346
G1 X191.045 Y39.597 E.14295
G1 X191.045 Y40.245 E.02346
G1 X187.605 Y36.805 E.17613
G1 X186.957 Y36.805 E.02346
G1 X191.045 Y40.893 E.20931
G1 X191.045 Y41.541 E.02346
G1 X186.309 Y36.805 E.24249
G1 X185.661 Y36.805 E.02346
G1 X191.045 Y42.189 E.27567
G1 X191.045 Y42.836 E.02346
G1 X185.014 Y36.805 E.30885
G1 X184.366 Y36.805 E.02346
G1 X191.045 Y43.484 E.34202
G1 X191.045 Y44.132 E.02346
G1 X183.718 Y36.805 E.3752
G1 X183.07 Y36.805 E.02346
G1 X191.045 Y44.78 E.40838
G1 X191.045 Y45.428 E.02346
G1 X182.422 Y36.805 E.44156
G1 X181.774 Y36.805 E.02346
G1 X191.045 Y46.076 E.47474
G1 X191.045 Y46.724 E.02346
G1 X181.126 Y36.805 E.50792
G1 X180.478 Y36.805 E.02346
M73 P4 R60
G1 X191.045 Y47.372 E.54109
G1 X191.045 Y48.019 E.02346
G1 X179.831 Y36.805 E.57427
G1 X179.183 Y36.805 E.02346
G1 X191.045 Y48.667 E.60745
G1 X191.045 Y49.315 E.02346
G1 X178.535 Y36.805 E.64063
G1 X177.887 Y36.805 E.02346
G1 X191.045 Y49.963 E.67381
G1 X191.045 Y50.611 E.02346
G1 X177.239 Y36.805 E.70699
G1 X176.591 Y36.805 E.02346
G1 X191.045 Y51.259 E.74016
G1 X191.045 Y51.907 E.02346
G1 X175.943 Y36.805 E.77334
G1 X175.295 Y36.805 E.02346
G1 X191.045 Y52.555 E.80652
G1 X191.045 Y53.203 E.02346
G1 X174.647 Y36.805 E.8397
G1 X174 Y36.805 E.02346
G1 X191.045 Y53.85 E.87288
G1 X191.045 Y54.498 E.02346
G1 X173.352 Y36.805 E.90606
G1 X172.704 Y36.805 E.02346
G1 X191.045 Y55.146 E.93923
G1 X191.045 Y55.794 E.02346
G1 X172.056 Y36.805 E.97241
G1 X171.408 Y36.805 E.02346
G1 X191.045 Y56.442 E1.00559
G1 X191.045 Y57.09 E.02346
G1 X170.555 Y36.6 E1.0493
G1 E-.728 F1800
;WIPE_START
G1 F30000
G1 X171.403 Y37.448 E-.072
;WIPE_END
G1 X170.978 Y29.828 Z.6
G1 X169.95 Y11.376 Z.6
G1 Z.2
G1 E.8 F1800
G1 F6300
G1 X169.23 Y10.655 E.0369
G1 X168.582 Y10.655 E.02346
G1 X169.745 Y11.818 E.05954
G1 X169.745 Y12.466 E.02346
G1 X167.934 Y10.655 E.09272
G1 X167.286 Y10.655 E.02346
G1 X169.745 Y13.114 E.1259
G1 X169.745 Y13.762 E.02346
G1 X166.638 Y10.655 E.15908
G1 X165.99 Y10.655 E.02346
G1 X169.745 Y14.41 E.19226
G1 X169.745 Y15.058 E.02346
G1 X165.342 Y10.655 E.22543
G1 X164.695 Y10.655 E.02346
G1 X169.745 Y15.705 E.25861
G1 X169.745 Y16.353 E.02346
G1 X164.047 Y10.655 E.29179
G1 X163.399 Y10.655 E.02346
G1 X169.745 Y17.001 E.32497
G1 X169.745 Y17.649 E.02346
G1 X162.751 Y10.655 E.35815
G1 X162.103 Y10.655 E.02346
G1 X169.745 Y18.297 E.39133
G1 X169.745 Y18.945 E.02346
G1 X161.455 Y10.655 E.4245
G1 X160.807 Y10.655 E.02346
G1 X169.745 Y19.593 E.45768
G1 X169.745 Y20.241 E.02346
G1 X160.159 Y10.655 E.49086
G1 X159.511 Y10.655 E.02346
G1 X169.745 Y20.889 E.52404
G1 X169.745 Y21.536 E.02346
G1 X158.864 Y10.655 E.55722
G1 X158.216 Y10.655 E.02346
G1 X169.745 Y22.184 E.5904
G1 X169.745 Y22.832 E.02346
G1 X157.568 Y10.655 E.62357
G1 X156.92 Y10.655 E.02346
G1 X169.745 Y23.48 E.65675
G1 X169.745 Y24.128 E.02346
G1 X156.272 Y10.655 E.68993
G1 X155.624 Y10.655 E.02346
G1 X169.745 Y24.776 E.72311
G1 X169.745 Y25.424 E.02346
G1 X154.976 Y10.655 E.75629
G1 X154.328 Y10.655 E.02346
G1 X169.745 Y26.072 E.78946
G1 X169.745 Y26.719 E.02346
G1 X153.681 Y10.655 E.82264
G1 X153.033 Y10.655 E.02346
G1 X169.745 Y27.367 E.85582
G1 X169.745 Y28.015 E.02346
G1 X152.385 Y10.655 E.889
G1 X151.737 Y10.655 E.02346
G1 X169.745 Y28.663 E.92218
G1 X169.745 Y29.311 E.02346
G1 X151.089 Y10.655 E.95536
G1 X150.441 Y10.655 E.02346
G1 X169.745 Y29.959 E.98853
G1 X169.745 Y30.607 E.02346
G1 X149.793 Y10.655 E1.02171
G1 X149.145 Y10.655 E.02346
G1 X169.745 Y31.255 E1.05489
G1 X169.745 Y31.903 E.02346
M73 P4 R59
G1 X148.497 Y10.655 E1.08807
G1 X147.85 Y10.655 E.02346
G1 X169.745 Y32.55 E1.12125
G1 X169.745 Y33.198 E.02346
G1 X147.202 Y10.655 E1.15443
G1 X146.554 Y10.655 E.02346
G1 X169.745 Y33.846 E1.1876
G1 X169.745 Y34.494 E.02346
G1 X145.906 Y10.655 E1.22078
G1 X145.258 Y10.655 E.02346
G1 X169.745 Y35.142 E1.25396
G1 X169.745 Y35.79 E.02346
G1 X144.61 Y10.655 E1.28714
G1 X143.962 Y10.655 E.02346
G1 X191.045 Y57.738 E2.4111
G1 X191.045 Y58.386 E.02346
G1 X143.314 Y10.655 E2.44428
G1 X142.667 Y10.655 E.02346
G1 X191.045 Y59.033 E2.47746
G1 X191.045 Y59.681 E.02346
G1 X142.019 Y10.655 E2.51063
G1 X141.371 Y10.655 E.02346
G1 X191.045 Y60.329 E2.54381
G1 X191.045 Y60.977 E.02346
G1 X140.723 Y10.655 E2.57699
G1 X140.075 Y10.655 E.02346
G1 X191.045 Y61.625 E2.61017
G1 X191.045 Y62.273 E.02346
G1 X139.427 Y10.655 E2.64335
G1 X138.779 Y10.655 E.02346
G1 X191.045 Y62.921 E2.67652
G1 X191.045 Y63.569 E.02346
G1 X138.131 Y10.655 E2.7097
G1 X137.483 Y10.655 E.02346
G1 X191.045 Y64.217 E2.74288
G1 X191.045 Y64.864 E.02346
G1 X136.836 Y10.655 E2.77606
G1 X136.188 Y10.655 E.02346
G1 X191.045 Y65.512 E2.80924
G1 X191.045 Y66.16 E.02346
G1 X135.54 Y10.655 E2.84242
G1 X134.892 Y10.655 E.02346
G1 X191.045 Y66.808 E2.87559
G1 X191.045 Y67.456 E.02346
G1 X134.244 Y10.655 E2.90877
G1 X133.596 Y10.655 E.02346
G1 X191.045 Y68.104 E2.94195
G1 X191.045 Y68.752 E.02346
M73 P5 R59
G1 X132.948 Y10.655 E2.97513
G1 X132.3 Y10.655 E.02346
G1 X191.045 Y69.4 E3.00831
G1 X191.045 Y70.047 E.02346
G1 X131.653 Y10.655 E3.04149
G1 X131.005 Y10.655 E.02346
G1 X191.045 Y70.695 E3.07466
G1 X191.045 Y71.343 E.02346
G1 X130.357 Y10.655 E3.10784
G1 X129.709 Y10.655 E.02346
G1 X191.045 Y71.991 E3.14102
G1 X191.045 Y72.639 E.02346
G1 X129.061 Y10.655 E3.1742
G1 X128.413 Y10.655 E.02346
G1 X191.045 Y73.287 E3.20738
G1 X191.045 Y73.935 E.02346
G1 X127.765 Y10.655 E3.24056
G1 X127.117 Y10.655 E.02346
G1 X191.045 Y74.583 E3.27373
G1 X191.045 Y75.231 E.02346
G1 X126.469 Y10.655 E3.30691
G1 X125.822 Y10.655 E.02346
G1 X191.045 Y75.878 E3.34009
G1 X191.045 Y76.526 E.02346
G1 X125.174 Y10.655 E3.37327
G1 X124.526 Y10.655 E.02346
G1 X191.045 Y77.174 E3.40645
G1 X191.045 Y77.822 E.02346
G1 X123.878 Y10.655 E3.43963
G1 X123.23 Y10.655 E.02346
G1 X191.045 Y78.47 E3.4728
G1 X191.045 Y79.118 E.02346
G1 X122.582 Y10.655 E3.50598
G1 X121.934 Y10.655 E.02346
G1 X191.045 Y79.766 E3.53916
G1 X191.045 Y80.414 E.02346
G1 X121.286 Y10.655 E3.57234
G1 X120.639 Y10.655 E.02346
G1 X191.045 Y81.061 E3.60552
G1 X191.045 Y81.709 E.02346
G1 X119.991 Y10.655 E3.6387
G1 X119.343 Y10.655 E.02346
G1 X191.045 Y82.357 E3.67187
G1 X191.045 Y83.005 E.02346
G1 X118.695 Y10.655 E3.70505
G1 X118.047 Y10.655 E.02346
G1 X191.045 Y83.653 E3.73823
G1 X191.045 Y84.301 E.02346
G1 X117.399 Y10.655 E3.77141
G1 X116.751 Y10.655 E.02346
G1 X191.045 Y84.949 E3.80459
G1 X191.045 Y85.597 E.02346
G1 X116.103 Y10.655 E3.83777
G1 X115.455 Y10.655 E.02346
G1 X191.045 Y86.245 E3.87094
G1 X191.045 Y86.892 E.02346
G1 X114.808 Y10.655 E3.90412
G1 X114.16 Y10.655 E.02346
G1 X191.045 Y87.54 E3.9373
G1 X191.045 Y88.188 E.02346
G1 X113.512 Y10.655 E3.97048
G1 X112.864 Y10.655 E.02346
G1 X191.045 Y88.836 E4.00366
G1 X191.045 Y89.484 E.02346
G1 X112.216 Y10.655 E4.03684
G1 X111.568 Y10.655 E.02346
M73 P6 R59
G1 X191.045 Y90.132 E4.07001
G1 X191.045 Y90.78 E.02346
G1 X110.92 Y10.655 E4.10319
G1 X110.272 Y10.655 E.02346
M73 P6 R58
G1 X191.045 Y91.428 E4.13637
G1 X191.045 Y92.075 E.02346
G1 X109.625 Y10.655 E4.16955
G1 X108.977 Y10.655 E.02346
G1 X191.045 Y92.723 E4.20273
G1 X191.045 Y93.371 E.02346
G1 X108.329 Y10.655 E4.23591
G1 X108.155 Y10.655 E.00628
G1 X108.155 Y11.13 E.01718
G1 X191.045 Y94.019 E4.24478
G1 X191.045 Y94.667 E.02346
G1 X108.155 Y11.778 E4.24478
G1 X108.155 Y12.426 E.02346
G1 X191.045 Y95.315 E4.24478
G1 X191.045 Y95.963 E.02346
G1 X108.155 Y13.074 E4.24478
G1 X108.155 Y13.722 E.02346
G1 X191.045 Y96.611 E4.24478
G1 X191.045 Y97.259 E.02346
G1 X108.155 Y14.369 E4.24478
G1 X108.155 Y15.017 E.02346
G1 X191.045 Y97.906 E4.24478
G1 X191.045 Y98.554 E.02346
G1 X108.155 Y15.665 E4.24478
G1 X108.155 Y16.313 E.02346
G1 X191.045 Y99.202 E4.24478
G1 X191.045 Y99.85 E.02346
G1 X108.155 Y16.961 E4.24478
G1 X108.155 Y17.609 E.02346
G1 X191.045 Y100.498 E4.24478
G1 X191.045 Y101.146 E.02346
G1 X108.155 Y18.257 E4.24478
G1 X108.155 Y18.905 E.02346
G1 X191.045 Y101.794 E4.24478
G1 X191.045 Y102.442 E.02346
G1 X108.155 Y19.552 E4.24478
G1 X108.155 Y20.2 E.02346
G1 X191.045 Y103.089 E4.24478
G1 X191.045 Y103.737 E.02346
G1 X108.155 Y20.848 E4.24478
G1 X108.155 Y21.496 E.02346
G1 X191.045 Y104.385 E4.24478
G1 X191.045 Y105.033 E.02346
G1 X108.155 Y22.144 E4.24478
G1 X108.155 Y22.792 E.02346
G1 X191.045 Y105.681 E4.24478
G1 X191.045 Y106.329 E.02346
G1 X108.155 Y23.44 E4.24478
G1 X108.155 Y24.088 E.02346
G1 X191.045 Y106.977 E4.24478
G1 X191.045 Y107.625 E.02346
G1 X108.155 Y24.736 E4.24478
G1 X108.155 Y25.383 E.02346
M73 P7 R58
G1 X191.045 Y108.273 E4.24478
G1 X191.045 Y108.92 E.02346
G1 X108.155 Y26.031 E4.24478
G1 X108.155 Y26.679 E.02346
G1 X191.045 Y109.568 E4.24478
G1 X191.045 Y110.216 E.02346
G1 X108.155 Y27.327 E4.24478
G1 X108.155 Y27.975 E.02346
G1 X191.045 Y110.864 E4.24478
G1 X191.045 Y111.512 E.02346
G1 X108.155 Y28.623 E4.24478
G1 X108.155 Y29.271 E.02346
G1 X191.045 Y112.16 E4.24478
G1 X191.045 Y112.808 E.02346
G1 X108.155 Y29.919 E4.24478
G1 X108.155 Y30.566 E.02346
G1 X191.045 Y113.456 E4.24478
G1 X191.045 Y114.103 E.02346
G1 X108.155 Y31.214 E4.24478
G1 X108.155 Y31.862 E.02346
G1 X191.045 Y114.751 E4.24478
G1 X191.045 Y115.399 E.02346
G1 X108.155 Y32.51 E4.24478
G1 X108.155 Y33.158 E.02346
G1 X191.045 Y116.047 E4.24478
G1 X191.045 Y116.695 E.02346
G1 X108.155 Y33.806 E4.24478
G1 X108.155 Y34.454 E.02346
G1 X191.045 Y117.343 E4.24478
G1 X191.045 Y117.991 E.02346
G1 X108.155 Y35.102 E4.24478
G1 X108.155 Y35.75 E.02346
G1 X191.045 Y118.639 E4.24478
G1 X191.045 Y119.287 E.02346
G1 X108.155 Y36.397 E4.24478
G1 X108.155 Y37.045 E.02346
G1 X191.045 Y119.934 E4.24478
G1 X191.045 Y120.582 E.02346
M73 P7 R57
G1 X108.155 Y37.693 E4.24478
G1 X108.155 Y38.341 E.02346
G1 X191.045 Y121.23 E4.24478
G1 X191.045 Y121.878 E.02346
G1 X108.155 Y38.989 E4.24478
G1 X108.155 Y39.637 E.02346
G1 X191.045 Y122.526 E4.24478
G1 X191.045 Y123.174 E.02346
G1 X108.155 Y40.285 E4.24478
G1 X108.155 Y40.933 E.02346
G1 X191.045 Y123.822 E4.24478
G1 X191.045 Y124.47 E.02346
G1 X108.155 Y41.58 E4.24478
G1 X108.155 Y42.228 E.02346
G1 X191.045 Y125.117 E4.24478
G1 X191.045 Y125.765 E.02346
G1 X108.155 Y42.876 E4.24478
G1 X108.155 Y43.524 E.02346
G1 X191.045 Y126.413 E4.24478
G1 X191.045 Y127.061 E.02346
M73 P8 R57
G1 X108.155 Y44.172 E4.24478
G1 X108.155 Y44.82 E.02346
G1 X191.045 Y127.709 E4.24478
G1 X191.045 Y128.357 E.02346
G1 X108.155 Y45.468 E4.24478
G1 X108.155 Y46.116 E.02346
G1 X191.045 Y129.005 E4.24478
G1 X191.045 Y129.653 E.02346
G1 X108.155 Y46.764 E4.24478
G1 X108.155 Y47.411 E.02346
G1 X191.045 Y130.301 E4.24478
G1 X191.045 Y130.948 E.02346
G1 X108.155 Y48.059 E4.24478
G1 X108.155 Y48.707 E.02346
G1 X191.045 Y131.596 E4.24478
G1 X191.045 Y132.244 E.02346
G1 X108.155 Y49.355 E4.24478
G1 X108.155 Y50.003 E.02346
G1 X191.045 Y132.892 E4.24478
G1 X191.045 Y133.54 E.02346
G1 X108.155 Y50.651 E4.24478
G1 X108.155 Y51.299 E.02346
G1 X190.951 Y134.095 E4.24
G1 X190.303 Y134.095 E.02346
G1 X108.155 Y51.947 E4.20683
G1 X108.155 Y52.594 E.02346
G1 X189.656 Y134.095 E4.17365
G1 X189.008 Y134.095 E.02346
G1 X108.155 Y53.242 E4.14047
G1 X108.155 Y53.89 E.02346
G1 X188.36 Y134.095 E4.10729
G1 X187.712 Y134.095 E.02346
G1 X108.155 Y54.538 E4.07411
G1 X108.155 Y55.186 E.02346
G1 X187.064 Y134.095 E4.04093
G1 X186.416 Y134.095 E.02346
G1 X108.155 Y55.834 E4.00776
G1 X108.155 Y56.482 E.02346
G1 X185.768 Y134.095 E3.97458
G1 X185.12 Y134.095 E.02346
G1 X108.155 Y57.13 E3.9414
G1 X108.155 Y57.778 E.02346
G1 X184.472 Y134.095 E3.90822
G1 X183.825 Y134.095 E.02346
G1 X108.155 Y58.425 E3.87504
G1 X108.155 Y59.073 E.02346
G1 X183.177 Y134.095 E3.84186
G1 X182.529 Y134.095 E.02346
G1 X108.155 Y59.721 E3.80869
G1 X108.155 Y60.369 E.02346
G1 X181.881 Y134.095 E3.77551
G1 X181.233 Y134.095 E.02346
G1 X108.155 Y61.017 E3.74233
G1 X108.155 Y61.665 E.02346
G1 X180.585 Y134.095 E3.70915
G1 X179.937 Y134.095 E.02346
G1 X108.155 Y62.313 E3.67597
G1 X108.155 Y62.961 E.02346
M73 P9 R57
G1 X179.289 Y134.095 E3.6428
G1 X178.642 Y134.095 E.02346
G1 X108.155 Y63.608 E3.60962
G1 X108.155 Y64.256 E.02346
G1 X177.994 Y134.095 E3.57644
G1 X177.346 Y134.095 E.02346
G1 X108.155 Y64.904 E3.54326
G1 X108.155 Y65.552 E.02346
G1 X176.698 Y134.095 E3.51008
G1 X176.05 Y134.095 E.02346
G1 X108.155 Y66.2 E3.4769
G1 X108.155 Y66.848 E.02346
G1 X175.402 Y134.095 E3.44373
G1 X174.754 Y134.095 E.02346
G1 X108.155 Y67.496 E3.41055
G1 X108.155 Y68.144 E.02346
M73 P9 R56
G1 X174.106 Y134.095 E3.37737
G1 X173.458 Y134.095 E.02346
G1 X108.155 Y68.792 E3.34419
G1 X108.155 Y69.439 E.02346
G1 X172.811 Y134.095 E3.31101
G1 X172.163 Y134.095 E.02346
G1 X108.155 Y70.087 E3.27783
G1 X108.155 Y70.735 E.02346
G1 X171.515 Y134.095 E3.24466
G1 X170.867 Y134.095 E.02346
G1 X108.155 Y71.383 E3.21148
G1 X108.155 Y72.031 E.02346
G1 X170.219 Y134.095 E3.1783
G1 X169.571 Y134.095 E.02346
G1 X108.155 Y72.679 E3.14512
G1 X108.155 Y73.327 E.02346
G1 X168.923 Y134.095 E3.11194
G1 X168.275 Y134.095 E.02346
G1 X108.155 Y73.975 E3.07876
G1 X108.155 Y74.622 E.02346
G1 X167.628 Y134.095 E3.04559
G1 X166.98 Y134.095 E.02346
G1 X108.155 Y75.27 E3.01241
G1 X108.155 Y75.918 E.02346
G1 X166.332 Y134.095 E2.97923
G1 X165.684 Y134.095 E.02346
G1 X108.155 Y76.566 E2.94605
G1 X108.155 Y77.214 E.02346
G1 X165.036 Y134.095 E2.91287
G1 X164.388 Y134.095 E.02346
G1 X108.155 Y77.862 E2.87969
G1 X108.155 Y78.51 E.02346
G1 X163.74 Y134.095 E2.84652
G1 X163.092 Y134.095 E.02346
G1 X108.155 Y79.158 E2.81334
G1 X108.155 Y79.806 E.02346
G1 X162.444 Y134.095 E2.78016
G1 X161.797 Y134.095 E.02346
G1 X108.155 Y80.453 E2.74698
G1 X108.155 Y81.101 E.02346
G1 X161.149 Y134.095 E2.7138
G1 X160.501 Y134.095 E.02346
G1 X108.155 Y81.749 E2.68062
G1 X108.155 Y82.397 E.02346
G1 X159.853 Y134.095 E2.64745
G1 X159.205 Y134.095 E.02346
G1 X108.155 Y83.045 E2.61427
G1 X108.155 Y83.693 E.02346
G1 X158.557 Y134.095 E2.58109
G1 X157.909 Y134.095 E.02346
G1 X108.155 Y84.341 E2.54791
G1 X108.155 Y84.989 E.02346
G1 X157.261 Y134.095 E2.51473
G1 X156.614 Y134.095 E.02346
G1 X108.155 Y85.636 E2.48155
G1 X108.155 Y86.284 E.02346
M73 P10 R56
G1 X155.966 Y134.095 E2.44838
G1 X155.318 Y134.095 E.02346
G1 X108.155 Y86.932 E2.4152
G1 X108.155 Y87.58 E.02346
G1 X154.67 Y134.095 E2.38202
G1 X154.022 Y134.095 E.02346
G1 X108.155 Y88.228 E2.34884
G1 X108.155 Y88.876 E.02346
G1 X153.374 Y134.095 E2.31566
G1 X152.726 Y134.095 E.02346
G1 X108.155 Y89.524 E2.28248
G1 X108.155 Y90.172 E.02346
G1 X152.078 Y134.095 E2.24931
G1 X151.43 Y134.095 E.02346
G1 X108.155 Y90.82 E2.21613
G1 X108.155 Y91.467 E.02346
G1 X150.783 Y134.095 E2.18295
G1 X150.135 Y134.095 E.02346
G1 X108.155 Y92.115 E2.14977
G1 X108.155 Y92.763 E.02346
G1 X149.487 Y134.095 E2.11659
G1 X148.839 Y134.095 E.02346
G1 X108.155 Y93.411 E2.08342
G1 X108.155 Y94.059 E.02346
G1 X148.191 Y134.095 E2.05024
G1 X147.543 Y134.095 E.02346
G1 X108.155 Y94.707 E2.01706
G1 X108.155 Y95.355 E.02346
G1 X146.895 Y134.095 E1.98388
G1 X146.247 Y134.095 E.02346
G1 X108.155 Y96.003 E1.9507
G1 X108.155 Y96.65 E.02346
G1 X145.6 Y134.095 E1.91752
G1 X144.952 Y134.095 E.02346
G1 X108.155 Y97.298 E1.88435
G1 X108.155 Y97.946 E.02346
G1 X144.304 Y134.095 E1.85117
G1 X143.656 Y134.095 E.02346
G1 X108.155 Y98.594 E1.81799
G1 X108.155 Y99.242 E.02346
G1 X143.008 Y134.095 E1.78481
G1 X142.36 Y134.095 E.02346
G1 X108.155 Y99.89 E1.75163
G1 X108.155 Y100.538 E.02346
G1 X141.712 Y134.095 E1.71845
G1 X141.064 Y134.095 E.02346
G1 X108.155 Y101.186 E1.68528
G1 X108.155 Y101.834 E.02346
G1 X140.416 Y134.095 E1.6521
G1 X139.769 Y134.095 E.02346
G1 X108.155 Y102.481 E1.61892
G1 X108.155 Y103.129 E.02346
G1 X139.121 Y134.095 E1.58574
G1 X138.473 Y134.095 E.02346
G1 X108.155 Y103.777 E1.55256
G1 X108.155 Y104.425 E.02346
G1 X137.825 Y134.095 E1.51938
G1 X137.177 Y134.095 E.02346
G1 X108.155 Y105.073 E1.48621
G1 X108.155 Y105.721 E.02346
G1 X136.529 Y134.095 E1.45303
G1 X135.881 Y134.095 E.02346
G1 X108.155 Y106.369 E1.41985
G1 X108.155 Y107.017 E.02346
G1 X135.233 Y134.095 E1.38667
G1 X134.586 Y134.095 E.02346
G1 X108.155 Y107.664 E1.35349
G1 X108.155 Y108.312 E.02346
G1 X133.938 Y134.095 E1.32031
G1 X133.29 Y134.095 E.02346
G1 X108.155 Y108.96 E1.28714
G1 X108.155 Y109.608 E.02346
G1 X132.642 Y134.095 E1.25396
G1 X131.994 Y134.095 E.02346
G1 X108.155 Y110.256 E1.22078
G1 X108.155 Y110.904 E.02346
G1 X131.346 Y134.095 E1.1876
G1 X130.698 Y134.095 E.02346
G1 X108.155 Y111.552 E1.15442
G1 X108.155 Y112.2 E.02346
G1 X130.05 Y134.095 E1.12124
G1 X129.402 Y134.095 E.02346
G1 X108.155 Y112.848 E1.08807
G1 X108.155 Y113.495 E.02346
G1 X128.755 Y134.095 E1.05489
G1 X128.107 Y134.095 E.02346
G1 X108.155 Y114.143 E1.02171
G1 X108.155 Y114.791 E.02346
G1 X127.459 Y134.095 E.98853
G1 X126.811 Y134.095 E.02346
G1 X108.155 Y115.439 E.95535
G1 X108.155 Y116.087 E.02346
G1 X126.163 Y134.095 E.92217
G1 X125.515 Y134.095 E.02346
G1 X108.155 Y116.735 E.889
G1 X108.155 Y117.383 E.02346
G1 X124.867 Y134.095 E.85582
G1 X124.219 Y134.095 E.02346
M73 P10 R55
G1 X108.155 Y118.031 E.82264
G1 X108.155 Y118.678 E.02346
G1 X123.572 Y134.095 E.78946
G1 X122.924 Y134.095 E.02346
G1 X108.155 Y119.326 E.75628
G1 X108.155 Y119.974 E.02346
G1 X122.276 Y134.095 E.7231
G1 X121.628 Y134.095 E.02346
G1 X108.155 Y120.622 E.68993
G1 X108.155 Y121.27 E.02346
G1 X120.98 Y134.095 E.65675
G1 X120.332 Y134.095 E.02346
G1 X108.155 Y121.918 E.62357
G1 X108.155 Y122.566 E.02346
G1 X119.684 Y134.095 E.59039
G1 X119.036 Y134.095 E.02346
G1 X108.155 Y123.214 E.55721
G1 X108.155 Y123.862 E.02346
G1 X118.388 Y134.095 E.52404
G1 X117.741 Y134.095 E.02346
G1 X108.155 Y124.509 E.49086
G1 X108.155 Y125.157 E.02346
G1 X117.093 Y134.095 E.45768
G1 X116.445 Y134.095 E.02346
G1 X108.155 Y125.805 E.4245
G1 X108.155 Y126.453 E.02346
G1 X115.797 Y134.095 E.39132
G1 X115.149 Y134.095 E.02346
G1 X108.155 Y127.101 E.35814
M73 P11 R55
G1 X108.155 Y127.749 E.02346
G1 X114.501 Y134.095 E.32497
G1 X113.853 Y134.095 E.02346
G1 X108.155 Y128.397 E.29179
G1 X108.155 Y129.045 E.02346
G1 X113.205 Y134.095 E.25861
G1 X112.558 Y134.095 E.02346
G1 X108.155 Y129.692 E.22543
G1 X108.155 Y130.34 E.02346
G1 X111.91 Y134.095 E.19225
G1 X111.262 Y134.095 E.02346
G1 X108.155 Y130.988 E.15907
G1 X108.155 Y131.636 E.02346
G1 X110.614 Y134.095 E.1259
G1 X109.966 Y134.095 E.02346
G1 X108.155 Y132.284 E.09272
G1 X108.155 Y132.932 E.02346
G1 X109.318 Y134.095 E.05954
G1 X108.67 Y134.095 E.02346
G1 X107.95 Y133.374 E.03689
G1 E-.728 F1800
;WIPE_START
G1 F30000
G1 X108.67 Y134.095 E-.06113
G1 X108.851 Y134.095 E-.01087
;WIPE_END
G1 X104.023 Y128.184 Z.6
G1 X29.021 Y36.371 Z.6
G1 Z.2
G1 E.8 F1800
;TYPE:Inner wall
;WIDTH:0.5
G1 F3000
G1 X29.021 Y10.221 E.94477
G1 X91.479 Y10.221 E2.25652
G1 X91.479 Y134.529 E4.49108
G1 X7.721 Y134.529 E3.02606
G1 X7.721 Y36.371 E3.54631
G1 X28.981 Y36.371 E.7681
G1 X28.564 Y35.914 F30000
G1 F3000
G1 X28.564 Y9.764 E.94477
G1 X91.936 Y9.764 E2.28954
G1 X91.936 Y134.986 E4.52411
G1 X7.264 Y134.986 E3.05909
G1 X7.264 Y35.914 E3.57934
G1 X28.524 Y35.914 E.7681
G1 X28.107 Y35.457 F30000
G1 F3000
G1 X28.107 Y9.307 E.94477
G1 X92.393 Y9.307 E2.32257
G1 X92.393 Y135.443 E4.55714
G1 X6.807 Y135.443 E3.09211
G1 X6.807 Y35.457 E3.61237
G1 X28.067 Y35.457 E.7681
G1 X27.65 Y35 F30000
;TYPE:Outer wall
G1 F3000
G1 X27.65 Y8.85 E.94477
G1 X92.85 Y8.85 E2.3556
G1 X92.85 Y135.9 E4.59017
G1 X6.35 Y135.9 E3.12514
G1 X6.35 Y23.7 E4.05365
G1 X6.85 Y23.7 E.01806
M73 P12 R55
G1 X6.85 Y35 E.40826
G1 X27.61 Y35 E.75003
G1 E-.728 F1800
;WIPE_START
G1 F30000
G1 X27.612 Y33.8 E-.072
;WIPE_END
G1 X34.765 Y31.137 Z.6
G1 X90.324 Y10.45 Z.6
G1 Z.2
G1 E.8 F1800
;TYPE:Bottom surface
;WIDTH:0.500865
G1 F6300
G1 X91.045 Y11.17 E.03686
G1 X91.045 Y11.818 E.02344
G1 X89.882 Y10.655 E.05949
G1 X89.235 Y10.655 E.02344
G1 X91.045 Y12.465 E.09264
G1 X91.045 Y13.113 E.02344
G1 X88.587 Y10.655 E.12579
G1 X87.94 Y10.655 E.02344
G1 X91.045 Y13.76 E.15895
G1 X91.045 Y14.408 E.02344
G1 X87.292 Y10.655 E.1921
G1 X86.644 Y10.655 E.02344
G1 X91.045 Y15.056 E.22525
G1 X91.045 Y15.703 E.02344
G1 X85.997 Y10.655 E.2584
G1 X85.349 Y10.655 E.02344
G1 X91.045 Y16.351 E.29156
G1 X91.045 Y16.999 E.02344
G1 X84.701 Y10.655 E.32471
G1 X84.054 Y10.655 E.02344
G1 X91.045 Y17.646 E.35786
G1 X91.045 Y18.294 E.02344
G1 X83.406 Y10.655 E.39101
G1 X82.759 Y10.655 E.02344
G1 X91.045 Y18.941 E.42417
G1 X91.045 Y19.589 E.02344
G1 X82.111 Y10.655 E.45732
G1 X81.463 Y10.655 E.02344
G1 X91.045 Y20.237 E.49047
G1 X91.045 Y20.884 E.02344
G1 X80.816 Y10.655 E.52362
G1 X80.168 Y10.655 E.02344
G1 X91.045 Y21.532 E.55678
G1 X91.045 Y22.18 E.02344
G1 X79.52 Y10.655 E.58993
G1 X78.873 Y10.655 E.02344
G1 X91.045 Y22.827 E.62308
G1 X91.045 Y23.475 E.02344
G1 X78.225 Y10.655 E.65623
G1 X77.577 Y10.655 E.02344
G1 X91.045 Y24.123 E.68939
G1 X91.045 Y24.77 E.02344
G1 X76.93 Y10.655 E.72254
G1 X76.282 Y10.655 E.02344
G1 X91.045 Y25.418 E.75569
G1 X91.045 Y26.065 E.02344
G1 X75.635 Y10.655 E.78885
G1 X74.987 Y10.655 E.02344
G1 X91.045 Y26.713 E.822
G1 X91.045 Y27.361 E.02344
G1 X74.339 Y10.655 E.85515
G1 X73.692 Y10.655 E.02344
G1 X91.045 Y28.008 E.8883
G1 X91.045 Y28.656 E.02344
G1 X73.044 Y10.655 E.92146
G1 X72.396 Y10.655 E.02344
G1 X91.045 Y29.304 E.95461
G1 X91.045 Y29.951 E.02344
G1 X71.749 Y10.655 E.98776
G1 X71.101 Y10.655 E.02344
G1 X91.045 Y30.599 E1.02091
G1 X91.045 Y31.246 E.02344
G1 X70.454 Y10.655 E1.05407
G1 X69.806 Y10.655 E.02344
G1 X91.045 Y31.894 E1.08722
G1 X91.045 Y32.542 E.02344
G1 X69.158 Y10.655 E1.12037
G1 X68.511 Y10.655 E.02344
G1 X91.045 Y33.189 E1.15352
G1 X91.045 Y33.837 E.02344
G1 X67.863 Y10.655 E1.18668
G1 X67.215 Y10.655 E.02344
G1 X91.045 Y34.485 E1.21983
G1 X91.045 Y35.132 E.02344
G1 X66.568 Y10.655 E1.25298
G1 X65.92 Y10.655 E.02344
M73 P12 R54
G1 X91.045 Y35.78 E1.28614
G1 X91.045 Y36.428 E.02344
G1 X65.272 Y10.655 E1.31929
G1 X64.625 Y10.655 E.02344
G1 X91.045 Y37.075 E1.35244
G1 X91.045 Y37.723 E.02344
G1 X63.977 Y10.655 E1.38559
G1 X63.33 Y10.655 E.02344
G1 X91.045 Y38.37 E1.41875
G1 X91.045 Y39.018 E.02344
G1 X62.682 Y10.655 E1.4519
G1 X62.034 Y10.655 E.02344
G1 X91.045 Y39.666 E1.48505
G1 X91.045 Y40.313 E.02344
G1 X61.387 Y10.655 E1.5182
G1 X60.739 Y10.655 E.02344
G1 X91.045 Y40.961 E1.55136
G1 X91.045 Y41.609 E.02344
G1 X60.091 Y10.655 E1.58451
G1 X59.444 Y10.655 E.02344
G1 X91.045 Y42.256 E1.61766
G1 X91.045 Y42.904 E.02344
G1 X58.796 Y10.655 E1.65081
G1 X58.149 Y10.655 E.02344
G1 X91.045 Y43.552 E1.68397
G1 X91.045 Y44.199 E.02344
G1 X57.501 Y10.655 E1.71712
G1 X56.853 Y10.655 E.02344
G1 X91.045 Y44.847 E1.75027
G1 X91.045 Y45.494 E.02344
G1 X56.206 Y10.655 E1.78343
G1 X55.558 Y10.655 E.02344
G1 X91.045 Y46.142 E1.81658
G1 X91.045 Y46.79 E.02344
G1 X54.91 Y10.655 E1.84973
G1 X54.263 Y10.655 E.02344
G1 X91.045 Y47.437 E1.88288
G1 X91.045 Y48.085 E.02344
G1 X53.615 Y10.655 E1.91604
G1 X52.967 Y10.655 E.02344
G1 X91.045 Y48.733 E1.94919
G1 X91.045 Y49.38 E.02344
G1 X52.32 Y10.655 E1.98234
G1 X51.672 Y10.655 E.02344
G1 X91.045 Y50.028 E2.01549
G1 X91.045 Y50.675 E.02344
G1 X51.025 Y10.655 E2.04865
G1 X50.377 Y10.655 E.02344
G1 X91.045 Y51.323 E2.0818
G1 X91.045 Y51.971 E.02344
G1 X49.729 Y10.655 E2.11495
G1 X49.082 Y10.655 E.02344
G1 X91.045 Y52.618 E2.1481
G1 X91.045 Y53.266 E.02344
G1 X48.434 Y10.655 E2.18126
G1 X47.786 Y10.655 E.02344
G1 X91.045 Y53.914 E2.21441
G1 X91.045 Y54.561 E.02344
G1 X47.139 Y10.655 E2.24756
G1 X46.491 Y10.655 E.02344
G1 X91.045 Y55.209 E2.28072
G1 X91.045 Y55.857 E.02344
M73 P13 R54
G1 X45.843 Y10.655 E2.31387
G1 X45.196 Y10.655 E.02344
G1 X91.045 Y56.504 E2.34702
G1 X91.045 Y57.152 E.02344
G1 X44.548 Y10.655 E2.38017
G1 X43.901 Y10.655 E.02344
G1 X91.045 Y57.799 E2.41333
G1 X91.045 Y58.447 E.02344
G1 X43.253 Y10.655 E2.44648
G1 X42.605 Y10.655 E.02344
G1 X91.045 Y59.095 E2.47963
G1 X91.045 Y59.742 E.02344
G1 X41.958 Y10.655 E2.51278
G1 X41.31 Y10.655 E.02344
G1 X91.045 Y60.39 E2.54594
G1 X91.045 Y61.038 E.02344
G1 X40.662 Y10.655 E2.57909
G1 X40.015 Y10.655 E.02344
G1 X91.045 Y61.685 E2.61224
G1 X91.045 Y62.333 E.02344
G1 X39.367 Y10.655 E2.64539
G1 X38.72 Y10.655 E.02344
G1 X91.045 Y62.98 E2.67855
G1 X91.045 Y63.628 E.02344
G1 X38.072 Y10.655 E2.7117
G1 X37.424 Y10.655 E.02344
G1 X91.045 Y64.276 E2.74485
G1 X91.045 Y64.923 E.02344
G1 X36.777 Y10.655 E2.77801
G1 X36.129 Y10.655 E.02344
G1 X91.045 Y65.571 E2.81116
G1 X91.045 Y66.219 E.02344
G1 X35.481 Y10.655 E2.84431
G1 X34.834 Y10.655 E.02344
G1 X91.045 Y66.866 E2.87746
G1 X91.045 Y67.514 E.02344
G1 X34.186 Y10.655 E2.91062
G1 X33.538 Y10.655 E.02344
G1 X91.045 Y68.162 E2.94377
G1 X91.045 Y68.809 E.02344
G1 X32.891 Y10.655 E2.97692
G1 X32.243 Y10.655 E.02344
G1 X91.045 Y69.457 E3.01007
G1 X91.045 Y70.104 E.02344
G1 X31.596 Y10.655 E3.04323
G1 X30.948 Y10.655 E.02344
G1 X91.045 Y70.752 E3.07638
G1 X91.045 Y71.4 E.02344
G1 X30.3 Y10.655 E3.10953
G1 X29.653 Y10.655 E.02344
G1 X91.045 Y72.047 E3.14268
G1 X91.045 Y72.695 E.02344
G1 X29.455 Y11.106 E3.15278
G1 X29.455 Y11.754 E.02344
G1 X91.045 Y73.343 E3.15278
G1 X91.045 Y73.99 E.02344
G1 X29.455 Y12.401 E3.15278
G1 X29.455 Y13.049 E.02344
G1 X91.045 Y74.638 E3.15278
G1 X91.045 Y75.285 E.02344
G1 X29.455 Y13.696 E3.15278
G1 X29.455 Y14.344 E.02344
G1 X91.045 Y75.933 E3.15278
G1 X91.045 Y76.581 E.02344
G1 X29.455 Y14.992 E3.15278
G1 X29.455 Y15.639 E.02344
G1 X91.045 Y77.228 E3.15278
G1 X91.045 Y77.876 E.02344
G1 X29.455 Y16.287 E3.15278
G1 X29.455 Y16.935 E.02344
G1 X91.045 Y78.524 E3.15278
G1 X91.045 Y79.171 E.02344
G1 X29.455 Y17.582 E3.15278
G1 X29.455 Y18.23 E.02344
G1 X91.045 Y79.819 E3.15278
G1 X91.045 Y80.467 E.02344
M73 P14 R54
G1 X29.455 Y18.877 E3.15278
G1 X29.455 Y19.525 E.02344
G1 X91.045 Y81.114 E3.15278
G1 X91.045 Y81.762 E.02344
M73 P14 R53
G1 X29.455 Y20.173 E3.15278
G1 X29.455 Y20.82 E.02344
G1 X91.045 Y82.409 E3.15278
G1 X91.045 Y83.057 E.02344
G1 X29.455 Y21.468 E3.15278
G1 X29.455 Y22.116 E.02344
G1 X91.045 Y83.705 E3.15278
G1 X91.045 Y84.352 E.02344
G1 X29.455 Y22.763 E3.15278
G1 X29.455 Y23.411 E.02344
G1 X91.045 Y85 E3.15278
G1 X91.045 Y85.648 E.02344
G1 X29.455 Y24.059 E3.15278
G1 X29.455 Y24.706 E.02344
G1 X91.045 Y86.295 E3.15278
G1 X91.045 Y86.943 E.02344
G1 X29.455 Y25.354 E3.15278
G1 X29.455 Y26.001 E.02344
G1 X91.045 Y87.59 E3.15278
G1 X91.045 Y88.238 E.02344
G1 X29.455 Y26.649 E3.15278
G1 X29.455 Y27.297 E.02344
G1 X91.045 Y88.886 E3.15278
G1 X91.045 Y89.533 E.02344
G1 X29.455 Y27.944 E3.15278
G1 X29.455 Y28.592 E.02344
G1 X91.045 Y90.181 E3.15278
G1 X91.045 Y90.829 E.02344
G1 X29.455 Y29.24 E3.15278
G1 X29.455 Y29.887 E.02344
G1 X91.045 Y91.476 E3.15278
G1 X91.045 Y92.124 E.02344
G1 X29.455 Y30.535 E3.15278
G1 X29.455 Y31.182 E.02344
G1 X91.045 Y92.772 E3.15278
G1 X91.045 Y93.419 E.02344
G1 X29.455 Y31.83 E3.15278
G1 X29.455 Y32.478 E.02344
G1 X91.045 Y94.067 E3.15278
G1 X91.045 Y94.714 E.02344
G1 X29.455 Y33.125 E3.15278
G1 X29.455 Y33.773 E.02344
G1 X91.045 Y95.362 E3.15278
G1 X91.045 Y96.01 E.02344
G1 X29.455 Y34.421 E3.15278
G1 X29.455 Y35.068 E.02344
G1 X91.045 Y96.657 E3.15278
G1 X91.045 Y97.305 E.02344
G1 X29.455 Y35.716 E3.15278
G1 X29.455 Y36.364 E.02344
G1 X91.045 Y97.953 E3.15278
G1 X91.045 Y98.6 E.02344
G1 X29.25 Y36.805 E3.16331
G1 X28.602 Y36.805 E.02344
G1 X91.045 Y99.248 E3.19646
G1 X91.045 Y99.895 E.02344
G1 X27.955 Y36.805 E3.22962
G1 X27.307 Y36.805 E.02344
G1 X91.045 Y100.543 E3.26277
G1 X91.045 Y101.191 E.02344
G1 X26.659 Y36.805 E3.29592
G1 X26.012 Y36.805 E.02344
G1 X91.045 Y101.838 E3.32907
G1 X91.045 Y102.486 E.02344
G1 X25.364 Y36.805 E3.36223
G1 X24.716 Y36.805 E.02344
G1 X91.045 Y103.134 E3.39538
G1 X91.045 Y103.781 E.02344
M73 P15 R53
G1 X24.069 Y36.805 E3.42853
G1 X23.421 Y36.805 E.02344
G1 X91.045 Y104.429 E3.46168
G1 X91.045 Y105.077 E.02344
G1 X22.773 Y36.805 E3.49484
G1 X22.126 Y36.805 E.02344
G1 X91.045 Y105.724 E3.52799
G1 X91.045 Y106.372 E.02344
G1 X21.478 Y36.805 E3.56114
G1 X20.831 Y36.805 E.02344
G1 X91.045 Y107.019 E3.59429
G1 X91.045 Y107.667 E.02344
G1 X20.183 Y36.805 E3.62745
G1 X19.535 Y36.805 E.02344
G1 X91.045 Y108.315 E3.6606
G1 X91.045 Y108.962 E.02344
G1 X18.888 Y36.805 E3.69375
G1 X18.24 Y36.805 E.02344
G1 X91.045 Y109.61 E3.72691
G1 X91.045 Y110.258 E.02344
G1 X17.592 Y36.805 E3.76006
G1 X16.945 Y36.805 E.02344
G1 X91.045 Y110.905 E3.79321
G1 X91.045 Y111.553 E.02344
G1 X16.297 Y36.805 E3.82636
G1 X15.65 Y36.805 E.02344
G1 X91.045 Y112.201 E3.85952
G1 X91.045 Y112.848 E.02344
G1 X15.002 Y36.805 E3.89267
G1 X14.354 Y36.805 E.02344
G1 X91.045 Y113.496 E3.92582
G1 X91.045 Y114.143 E.02344
G1 X13.707 Y36.805 E3.95897
G1 X13.059 Y36.805 E.02344
G1 X91.045 Y114.791 E3.99213
G1 X91.045 Y115.439 E.02344
G1 X12.411 Y36.805 E4.02528
G1 X11.764 Y36.805 E.02344
G1 X91.045 Y116.086 E4.05843
G1 X91.045 Y116.734 E.02344
M73 P15 R52
G1 X11.116 Y36.805 E4.09158
G1 X10.468 Y36.805 E.02344
G1 X91.045 Y117.382 E4.12474
G1 X91.045 Y118.029 E.02344
G1 X9.821 Y36.805 E4.15789
G1 X9.173 Y36.805 E.02344
G1 X91.045 Y118.677 E4.19104
G1 X91.045 Y119.324 E.02344
G1 X8.526 Y36.805 E4.2242
G1 X8.155 Y36.805 E.0134
G1 X8.155 Y37.083 E.01005
G1 X91.045 Y119.972 E4.24314
G1 X91.045 Y120.62 E.02344
G1 X8.155 Y37.731 E4.24314
G1 X8.155 Y38.378 E.02344
G1 X91.045 Y121.267 E4.24314
G1 X91.045 Y121.915 E.02344
G1 X8.155 Y39.026 E4.24314
G1 X8.155 Y39.674 E.02344
G1 X91.045 Y122.563 E4.24314
G1 X91.045 Y123.21 E.02344
M73 P16 R52
G1 X8.155 Y40.321 E4.24314
G1 X8.155 Y40.969 E.02344
G1 X91.045 Y123.858 E4.24314
G1 X91.045 Y124.506 E.02344
G1 X8.155 Y41.616 E4.24314
G1 X8.155 Y42.264 E.02344
G1 X91.045 Y125.153 E4.24314
G1 X91.045 Y125.801 E.02344
G1 X8.155 Y42.912 E4.24314
G1 X8.155 Y43.559 E.02344
G1 X91.045 Y126.448 E4.24314
G1 X91.045 Y127.096 E.02344
G1 X8.155 Y44.207 E4.24314
G1 X8.155 Y44.855 E.02344
G1 X91.045 Y127.744 E4.24314
G1 X91.045 Y128.391 E.02344
G1 X8.155 Y45.502 E4.24314
G1 X8.155 Y46.15 E.02344
G1 X91.045 Y129.039 E4.24314
G1 X91.045 Y129.687 E.02344
G1 X8.155 Y46.797 E4.24314
G1 X8.155 Y47.445 E.02344
G1 X91.045 Y130.334 E4.24314
G1 X91.045 Y130.982 E.02344
G1 X8.155 Y48.093 E4.24314
G1 X8.155 Y48.74 E.02344
G1 X91.045 Y131.629 E4.24314
G1 X91.045 Y132.277 E.02344
G1 X8.155 Y49.388 E4.24314
G1 X8.155 Y50.036 E.02344
G1 X91.045 Y132.925 E4.24314
G1 X91.045 Y133.572 E.02344
G1 X8.155 Y50.683 E4.24314
G1 X8.155 Y51.331 E.02344
G1 X90.919 Y134.095 E4.23672
G1 X90.271 Y134.095 E.02344
G1 X8.155 Y51.979 E4.20357
G1 X8.155 Y52.626 E.02344
G1 X89.624 Y134.095 E4.17041
G1 X88.976 Y134.095 E.02344
G1 X8.155 Y53.274 E4.13726
G1 X8.155 Y53.921 E.02344
G1 X88.329 Y134.095 E4.10411
G1 X87.681 Y134.095 E.02344
G1 X8.155 Y54.569 E4.07096
G1 X8.155 Y55.217 E.02344
G1 X87.033 Y134.095 E4.0378
G1 X86.386 Y134.095 E.02344
G1 X8.155 Y55.864 E4.00465
G1 X8.155 Y56.512 E.02344
G1 X85.738 Y134.095 E3.9715
G1 X85.09 Y134.095 E.02344
G1 X8.155 Y57.16 E3.93834
G1 X8.155 Y57.807 E.02344
G1 X84.443 Y134.095 E3.90519
G1 X83.795 Y134.095 E.02344
G1 X8.155 Y58.455 E3.87204
G1 X8.155 Y59.102 E.02344
M73 P17 R52
G1 X83.148 Y134.095 E3.83889
G1 X82.5 Y134.095 E.02344
G1 X8.155 Y59.75 E3.80573
G1 X8.155 Y60.398 E.02344
G1 X81.852 Y134.095 E3.77258
G1 X81.205 Y134.095 E.02344
G1 X8.155 Y61.045 E3.73943
G1 X8.155 Y61.693 E.02344
G1 X80.557 Y134.095 E3.70628
G1 X79.909 Y134.095 E.02344
G1 X8.155 Y62.341 E3.67312
G1 X8.155 Y62.988 E.02344
G1 X79.262 Y134.095 E3.63997
G1 X78.614 Y134.095 E.02344
M73 P17 R51
G1 X8.155 Y63.636 E3.60682
G1 X8.155 Y64.284 E.02344
G1 X77.966 Y134.095 E3.57367
G1 X77.319 Y134.095 E.02344
G1 X8.155 Y64.931 E3.54051
G1 X8.155 Y65.579 E.02344
G1 X76.671 Y134.095 E3.50736
G1 X76.024 Y134.095 E.02344
G1 X8.155 Y66.226 E3.47421
G1 X8.155 Y66.874 E.02344
G1 X75.376 Y134.095 E3.44105
G1 X74.728 Y134.095 E.02344
G1 X8.155 Y67.522 E3.4079
G1 X8.155 Y68.169 E.02344
G1 X74.081 Y134.095 E3.37475
G1 X73.433 Y134.095 E.02344
G1 X8.155 Y68.817 E3.3416
G1 X8.155 Y69.465 E.02344
G1 X72.785 Y134.095 E3.30844
G1 X72.138 Y134.095 E.02344
G1 X8.155 Y70.112 E3.27529
G1 X8.155 Y70.76 E.02344
G1 X71.49 Y134.095 E3.24214
G1 X70.842 Y134.095 E.02344
G1 X8.155 Y71.408 E3.20899
G1 X8.155 Y72.055 E.02344
G1 X70.195 Y134.095 E3.17583
G1 X69.547 Y134.095 E.02344
G1 X8.155 Y72.703 E3.14268
G1 X8.155 Y73.35 E.02344
G1 X68.9 Y134.095 E3.10953
G1 X68.252 Y134.095 E.02344
G1 X8.155 Y73.998 E3.07638
G1 X8.155 Y74.646 E.02344
G1 X67.604 Y134.095 E3.04322
G1 X66.957 Y134.095 E.02344
G1 X8.155 Y75.293 E3.01007
G1 X8.155 Y75.941 E.02344
G1 X66.309 Y134.095 E2.97692
G1 X65.661 Y134.095 E.02344
G1 X8.155 Y76.589 E2.94376
G1 X8.155 Y77.236 E.02344
G1 X65.014 Y134.095 E2.91061
G1 X64.366 Y134.095 E.02344
G1 X8.155 Y77.884 E2.87746
G1 X8.155 Y78.531 E.02344
G1 X63.719 Y134.095 E2.84431
G1 X63.071 Y134.095 E.02344
G1 X8.155 Y79.179 E2.81115
G1 X8.155 Y79.827 E.02344
G1 X62.423 Y134.095 E2.778
G1 X61.776 Y134.095 E.02344
G1 X8.155 Y80.474 E2.74485
G1 X8.155 Y81.122 E.02344
M73 P18 R51
G1 X61.128 Y134.095 E2.7117
G1 X60.48 Y134.095 E.02344
G1 X8.155 Y81.77 E2.67854
G1 X8.155 Y82.417 E.02344
G1 X59.833 Y134.095 E2.64539
G1 X59.185 Y134.095 E.02344
G1 X8.155 Y83.065 E2.61224
G1 X8.155 Y83.713 E.02344
G1 X58.537 Y134.095 E2.57909
G1 X57.89 Y134.095 E.02344
G1 X8.155 Y84.36 E2.54593
G1 X8.155 Y85.008 E.02344
G1 X57.242 Y134.095 E2.51278
G1 X56.595 Y134.095 E.02344
G1 X8.155 Y85.655 E2.47963
G1 X8.155 Y86.303 E.02344
G1 X55.947 Y134.095 E2.44647
G1 X55.299 Y134.095 E.02344
G1 X8.155 Y86.951 E2.41332
G1 X8.155 Y87.598 E.02344
G1 X54.652 Y134.095 E2.38017
G1 X54.004 Y134.095 E.02344
G1 X8.155 Y88.246 E2.34702
G1 X8.155 Y88.894 E.02344
G1 X53.356 Y134.095 E2.31386
G1 X52.709 Y134.095 E.02344
G1 X8.155 Y89.541 E2.28071
G1 X8.155 Y90.189 E.02344
G1 X52.061 Y134.095 E2.24756
G1 X51.414 Y134.095 E.02344
G1 X8.155 Y90.836 E2.21441
G1 X8.155 Y91.484 E.02344
G1 X50.766 Y134.095 E2.18125
G1 X50.118 Y134.095 E.02344
G1 X8.155 Y92.132 E2.1481
G1 X8.155 Y92.779 E.02344
G1 X49.471 Y134.095 E2.11495
G1 X48.823 Y134.095 E.02344
G1 X8.155 Y93.427 E2.0818
G1 X8.155 Y94.075 E.02344
G1 X48.175 Y134.095 E2.04864
G1 X47.528 Y134.095 E.02344
G1 X8.155 Y94.722 E2.01549
G1 X8.155 Y95.37 E.02344
G1 X46.88 Y134.095 E1.98234
G1 X46.232 Y134.095 E.02344
G1 X8.155 Y96.018 E1.94918
G1 X8.155 Y96.665 E.02344
G1 X45.585 Y134.095 E1.91603
G1 X44.937 Y134.095 E.02344
G1 X8.155 Y97.313 E1.88288
G1 X8.155 Y97.96 E.02344
G1 X44.29 Y134.095 E1.84973
G1 X43.642 Y134.095 E.02344
G1 X8.155 Y98.608 E1.81657
G1 X8.155 Y99.256 E.02344
G1 X42.994 Y134.095 E1.78342
G1 X42.347 Y134.095 E.02344
G1 X8.155 Y99.903 E1.75027
G1 X8.155 Y100.551 E.02344
G1 X41.699 Y134.095 E1.71712
G1 X41.051 Y134.095 E.02344
G1 X8.155 Y101.199 E1.68396
G1 X8.155 Y101.846 E.02344
G1 X40.404 Y134.095 E1.65081
G1 X39.756 Y134.095 E.02344
G1 X8.155 Y102.494 E1.61766
G1 X8.155 Y103.141 E.02344
G1 X39.109 Y134.095 E1.58451
G1 X38.461 Y134.095 E.02344
G1 X8.155 Y103.789 E1.55135
G1 X8.155 Y104.437 E.02344
G1 X37.813 Y134.095 E1.5182
G1 X37.166 Y134.095 E.02344
G1 X8.155 Y105.084 E1.48505
G1 X8.155 Y105.732 E.02344
G1 X36.518 Y134.095 E1.45189
G1 X35.87 Y134.095 E.02344
G1 X8.155 Y106.38 E1.41874
G1 X8.155 Y107.027 E.02344
G1 X35.223 Y134.095 E1.38559
M73 P18 R50
G1 X34.575 Y134.095 E.02344
G1 X8.155 Y107.675 E1.35244
G1 X8.155 Y108.323 E.02344
G1 X33.927 Y134.095 E1.31928
G1 X33.28 Y134.095 E.02344
G1 X8.155 Y108.97 E1.28613
G1 X8.155 Y109.618 E.02344
G1 X32.632 Y134.095 E1.25298
G1 X31.985 Y134.095 E.02344
G1 X8.155 Y110.265 E1.21983
G1 X8.155 Y110.913 E.02344
G1 X31.337 Y134.095 E1.18667
G1 X30.689 Y134.095 E.02344
G1 X8.155 Y111.561 E1.15352
G1 X8.155 Y112.208 E.02344
G1 X30.042 Y134.095 E1.12037
G1 X29.394 Y134.095 E.02344
G1 X8.155 Y112.856 E1.08722
G1 X8.155 Y113.504 E.02344
G1 X28.746 Y134.095 E1.05406
G1 X28.099 Y134.095 E.02344
G1 X8.155 Y114.151 E1.02091
G1 X8.155 Y114.799 E.02344
G1 X27.451 Y134.095 E.98776
G1 X26.804 Y134.095 E.02344
G1 X8.155 Y115.446 E.95461
G1 X8.155 Y116.094 E.02344
M73 P19 R50
G1 X26.156 Y134.095 E.92145
G1 X25.508 Y134.095 E.02344
G1 X8.155 Y116.742 E.8883
G1 X8.155 Y117.389 E.02344
G1 X24.861 Y134.095 E.85515
G1 X24.213 Y134.095 E.02344
G1 X8.155 Y118.037 E.82199
G1 X8.155 Y118.685 E.02344
G1 X23.565 Y134.095 E.78884
G1 X22.918 Y134.095 E.02344
G1 X8.155 Y119.332 E.75569
G1 X8.155 Y119.98 E.02344
G1 X22.27 Y134.095 E.72254
G1 X21.622 Y134.095 E.02344
G1 X8.155 Y120.628 E.68938
G1 X8.155 Y121.275 E.02344
G1 X20.975 Y134.095 E.65623
G1 X20.327 Y134.095 E.02344
G1 X8.155 Y121.923 E.62308
G1 X8.155 Y122.57 E.02344
G1 X19.68 Y134.095 E.58993
G1 X19.032 Y134.095 E.02344
G1 X8.155 Y123.218 E.55677
G1 X8.155 Y123.866 E.02344
G1 X18.384 Y134.095 E.52362
G1 X17.737 Y134.095 E.02344
G1 X8.155 Y124.513 E.49047
G1 X8.155 Y125.161 E.02344
G1 X17.089 Y134.095 E.45732
G1 X16.441 Y134.095 E.02344
G1 X8.155 Y125.809 E.42416
G1 X8.155 Y126.456 E.02344
G1 X15.794 Y134.095 E.39101
G1 X15.146 Y134.095 E.02344
G1 X8.155 Y127.104 E.35786
G1 X8.155 Y127.751 E.02344
G1 X14.499 Y134.095 E.3247
G1 X13.851 Y134.095 E.02344
G1 X8.155 Y128.399 E.29155
G1 X8.155 Y129.047 E.02344
G1 X13.203 Y134.095 E.2584
G1 X12.556 Y134.095 E.02344
G1 X8.155 Y129.694 E.22525
G1 X8.155 Y130.342 E.02344
G1 X11.908 Y134.095 E.19209
G1 X11.26 Y134.095 E.02344
G1 X8.155 Y130.99 E.15894
G1 X8.155 Y131.637 E.02344
G1 X10.613 Y134.095 E.12579
G1 X9.965 Y134.095 E.02344
G1 X8.155 Y132.285 E.09264
G1 X8.155 Y132.933 E.02344
G1 X9.317 Y134.095 E.05948
G1 X8.67 Y134.095 E.02344
G1 X7.95 Y133.374 E.03686
M106 S127
;LAYER_CHANGE
;Z:0.4
;HEIGHT:0.2
;BEFORE_LAYER_CHANGE
;0.4
G92 E0

G1 E-.728 F1800
;WIPE_START
G1 F30000
G1 X8.67 Y134.095 E-.0611
G1 X8.852 Y134.095 E-.0109
;WIPE_END
M73 L2
;LAYER:2
SET_PRINT_STATS_INFO TOTAL_LAYER=80 CURRENT_LAYER=2
;_SET_FAN_SPEED_CHANGING_LAYER
SET_VELOCITY_LIMIT ACCEL=10000
M140 S60 ; set bed temperature

G1 X9.903 Y133.996 Z0.457143
G1 X10.6353 Y134.757 Z0.514286
G1 X10.4971 Y135.804 Z0.571429
G1 X9.5923 Y136.349 Z0.628571
G1 X8.60237 Y135.981 Z0.685714
G1 X8.27269 Y134.978 Z0.742857
G1 X8.85153 Y134.095 Z0.8
G1 X171.69 Y36.066 Z.8
G1 Z.4
G1 E.8 F1800
;TYPE:Inner wall
;WIDTH:0.45
G1 F6000
G1 X191.784 Y36.066 E.64655
G1 X191.784 Y134.834 E3.17801
G1 X107.416 Y134.834 E2.71467
G1 X107.416 Y9.916 E4.01943
G1 X170.484 Y9.916 E2.0293
G1 X170.484 Y36.066 E.84142
G1 X171.65 Y36.066 E.03753
G1 X171.69 Y35.659 F30000
G1 F6000
G1 X192.191 Y35.659 E.65965
G1 X192.191 Y135.241 E3.20421
G1 X107.009 Y135.241 E2.74086
G1 X107.009 Y9.509 E4.04563
G1 X170.891 Y9.509 E2.0555
G1 X170.891 Y35.659 E.84142
G1 X171.65 Y35.659 E.02443
G1 X171.69 Y35.252 F30000
G1 F6000
G1 X192.598 Y35.252 E.67275
G1 X192.598 Y135.648 E3.2304
G1 X106.602 Y135.648 E2.76706
G1 X106.602 Y9.102 E4.07182
G1 X171.298 Y9.102 E2.0817
G1 X171.298 Y35.252 E.84142
G1 X171.65 Y35.252 E.01133
SET_VELOCITY_LIMIT ACCEL=5000
G1 X171.69 Y34.86 F30000
;TYPE:Outer wall
;WIDTH:0.42
G1 F3600
G1 X192.21 Y34.86 E.61161
G1 X192.21 Y23.56 E.3368
G1 X192.99 Y23.56 E.02325
G1 X192.99 Y136.04 E3.35251
G1 X106.21 Y136.04 E2.58651
G1 X106.21 Y8.71 E3.79512
G1 X171.69 Y8.71 E1.95166
G1 X171.69 Y34.82 E.77822
G1 E-.728 F1800
;WIPE_START
G1 F30000
G1 X172.89 Y34.822 E-.072
;WIPE_END
G1 X180.522 Y34.913 Z.8
G1 X192.6 Y35.056 Z.8
G1 Z.4
G1 E.8 F1800
SET_VELOCITY_LIMIT ACCEL=10000
;TYPE:Gap infill
;WIDTH:0.430842
G1 F15000
G1 X192.6 Y23.756 E.34648
G1 E-.728 F1800
;WIPE_START
G1 F30000
G1 X192.6 Y24.956 E-.072
;WIPE_END
G1 X185.08 Y23.653 Z.8
G1 X107.845 Y10.276 Z.8
G1 Z.4
G1 E.8 F1800
;TYPE:Internal solid infill
;WIDTH:0.442592
G1 F15000
G1 X107.77 Y10.32 E.00273
G1 X107.85 Y10.354 E.00275
G1 E-.78958 F1800
;WIPE_START
G1 F30000
G1 X107.77 Y10.32 E-.00523
G1 X107.845 Y10.276 E-.00519
;WIPE_END
G1 X112.156 Y16.574 Z.8
G1 X191.62 Y132.644 Z.8
G1 Z.4
G1 E.8 F1800
;WIDTH:0.419999
G1 F15000
G1 X189.764 Y134.501 E.07826
G1 X189.23 Y134.501 E.01589
G1 X191.45 Y132.28 E.09358
G1 X191.451 Y131.747 E.01589
G1 X188.697 Y134.501 E.11606
G1 X188.164 Y134.501 E.01589
G1 X191.451 Y131.214 E.13854
G1 X191.45 Y130.681 E.01589
G1 X187.631 Y134.501 E.16102
G1 X187.097 Y134.501 E.01589
G1 X191.45 Y130.147 E.18349
G1 X191.45 Y129.614 E.01589
G1 X186.564 Y134.501 E.20597
G1 X186.031 Y134.501 E.01589
G1 X191.45 Y129.081 E.22845
G1 X191.45 Y128.547 E.01589
G1 X185.497 Y134.501 E.25093
G1 X184.964 Y134.501 E.01589
G1 X191.45 Y128.014 E.27341
G1 X191.451 Y127.481 E.01589
G1 X184.431 Y134.501 E.29588
G1 X183.898 Y134.501 E.01589
G1 X191.451 Y126.948 E.31836
G1 X191.45 Y126.414 E.01589
G1 X183.364 Y134.501 E.34084
G1 X182.831 Y134.501 E.01589
G1 X191.45 Y125.881 E.36332
G1 X191.45 Y125.348 E.01589
G1 X182.298 Y134.501 E.3858
G1 X181.765 Y134.501 E.01589
G1 X191.45 Y124.815 E.40827
G1 X191.45 Y124.281 E.01589
G1 X181.231 Y134.501 E.43075
G1 X180.698 Y134.501 E.01589
G1 X191.45 Y123.748 E.45323
G1 X191.451 Y123.215 E.01589
G1 X180.165 Y134.501 E.47571
G1 X179.631 Y134.501 E.01589
G1 X191.451 Y122.681 E.49819
G1 X191.45 Y122.148 E.01589
G1 X179.098 Y134.501 E.52066
G1 X178.565 Y134.501 E.01589
G1 X191.45 Y121.615 E.54314
G1 X191.45 Y121.082 E.01589
G1 X178.032 Y134.501 E.56562
G1 X177.498 Y134.501 E.01589
G1 X191.45 Y120.548 E.5881
G1 X191.45 Y120.015 E.01589
G1 X176.965 Y134.501 E.61058
G1 X176.432 Y134.501 E.01589
G1 X191.45 Y119.482 E.63305
G1 X191.451 Y118.949 E.01589
G1 X175.899 Y134.501 E.65553
G1 X175.365 Y134.501 E.01589
G1 X191.451 Y118.415 E.67801
G1 X191.45 Y117.882 E.01589
G1 X174.832 Y134.501 E.70049
G1 X174.299 Y134.501 E.01589
G1 X191.45 Y117.349 E.72297
G1 X191.45 Y116.815 E.01589
G1 X173.765 Y134.501 E.74544
G1 X173.232 Y134.501 E.01589
G1 X191.45 Y116.282 E.76792
G1 X191.45 Y115.749 E.01589
G1 X172.699 Y134.501 E.7904
G1 X172.166 Y134.501 E.01589
G1 X191.45 Y115.216 E.81288
G1 X191.451 Y114.682 E.01589
G1 X171.632 Y134.501 E.83535
G1 X171.099 Y134.501 E.01589
G1 X191.451 Y114.149 E.85783
G1 X191.45 Y113.616 E.01589
G1 X170.566 Y134.501 E.88031
G1 X170.033 Y134.501 E.01589
G1 X191.45 Y113.083 E.90279
G1 X191.45 Y112.549 E.01589
G1 X169.499 Y134.501 E.92527
G1 X168.966 Y134.501 E.01589
G1 X191.45 Y112.016 E.94774
G1 X191.45 Y111.483 E.01589
G1 X168.433 Y134.501 E.97022
G1 X167.9 Y134.501 E.01589
G1 X191.45 Y110.95 E.9927
G1 X191.451 Y110.416 E.01589
G1 X167.366 Y134.501 E1.01518
G1 X166.833 Y134.501 E.01589
G1 X191.451 Y109.883 E1.03766
G1 X191.45 Y109.35 E.01589
G1 X166.3 Y134.501 E1.06013
G1 X165.766 Y134.501 E.01589
G1 X191.45 Y108.816 E1.08261
G1 X191.45 Y108.283 E.01589
G1 X165.233 Y134.501 E1.10509
G1 X164.7 Y134.501 E.01589
G1 X191.45 Y107.75 E1.12757
G1 X191.45 Y107.217 E.01589
G1 X164.167 Y134.501 E1.15005
G1 X163.633 Y134.501 E.01589
G1 X191.45 Y106.683 E1.17252
G1 X191.451 Y106.15 E.01589
M73 P20 R50
G1 X163.1 Y134.501 E1.195
G1 X162.567 Y134.501 E.01589
G1 X191.451 Y105.617 E1.21748
G1 X191.45 Y105.084 E.01589
G1 X162.034 Y134.501 E1.23996
G1 X161.5 Y134.501 E.01589
G1 X191.45 Y104.55 E1.26244
G1 X191.45 Y104.017 E.01589
G1 X160.967 Y134.501 E1.28491
G1 X160.434 Y134.501 E.01589
G1 X191.45 Y103.484 E1.30739
G1 X191.45 Y102.95 E.01589
G1 X159.9 Y134.501 E1.32987
G1 X159.367 Y134.501 E.01589
G1 X191.451 Y102.417 E1.35235
G1 X191.451 Y101.884 E.01589
G1 X158.834 Y134.501 E1.37483
G1 X158.301 Y134.501 E.01589
G1 X191.45 Y101.351 E1.3973
G1 X191.45 Y100.817 E.01589
G1 X157.767 Y134.501 E1.41978
G1 X157.234 Y134.501 E.01589
G1 X191.45 Y100.284 E1.44226
G1 X191.45 Y99.751 E.01589
G1 X156.701 Y134.501 E1.46474
G1 X156.168 Y134.501 E.01589
G1 X191.45 Y99.218 E1.48722
G1 X191.45 Y98.684 E.01589
G1 X155.634 Y134.501 E1.50969
G1 X155.101 Y134.501 E.01589
G1 X191.451 Y98.151 E1.53217
G1 X191.451 Y97.618 E.01589
G1 X154.568 Y134.501 E1.55465
G1 X154.034 Y134.501 E.01589
G1 X191.45 Y97.085 E1.57713
G1 X191.45 Y96.551 E.01589
G1 X153.501 Y134.501 E1.5996
G1 X152.968 Y134.501 E.01589
G1 X191.45 Y96.018 E1.62208
G1 X191.45 Y95.485 E.01589
G1 X152.435 Y134.501 E1.64456
G1 X151.901 Y134.501 E.01589
G1 X191.45 Y94.951 E1.66704
G1 X191.45 Y94.418 E.01589
G1 X151.368 Y134.501 E1.68952
G1 X150.835 Y134.501 E.01589
G1 X191.451 Y93.885 E1.71199
G1 X191.451 Y93.352 E.01589
G1 X150.302 Y134.501 E1.73447
G1 X149.768 Y134.501 E.01589
G1 X191.45 Y92.818 E1.75695
G1 X191.45 Y92.285 E.01589
G1 X149.235 Y134.501 E1.77943
G1 X148.702 Y134.501 E.01589
G1 X191.45 Y91.752 E1.80191
G1 X191.45 Y91.219 E.01589
G1 X148.169 Y134.501 E1.82438
G1 X147.635 Y134.501 E.01589
G1 X191.45 Y90.685 E1.84686
G1 X191.45 Y90.152 E.01589
G1 X147.102 Y134.501 E1.86934
G1 X146.569 Y134.501 E.01589
G1 X191.451 Y89.619 E1.89182
G1 X191.451 Y89.085 E.01589
G1 X146.035 Y134.501 E1.9143
G1 X145.502 Y134.501 E.01589
G1 X191.45 Y88.552 E1.93677
G1 X191.45 Y88.019 E.01589
G1 X144.969 Y134.501 E1.95925
G1 X144.436 Y134.501 E.01589
G1 X191.45 Y87.486 E1.98173
G1 X191.45 Y86.952 E.01589
G1 X143.902 Y134.501 E2.00421
G1 X143.369 Y134.501 E.01589
G1 X191.45 Y86.419 E2.02669
G1 X191.45 Y85.886 E.01589
G1 X142.836 Y134.501 E2.04916
G1 X142.303 Y134.501 E.01589
G1 X191.451 Y85.353 E2.07164
G1 X191.451 Y84.819 E.01589
G1 X141.769 Y134.501 E2.09412
G1 X141.236 Y134.501 E.01589
G1 X191.45 Y84.286 E2.1166
G1 X191.45 Y83.753 E.01589
G1 X140.703 Y134.501 E2.13908
G1 X140.169 Y134.501 E.01589
G1 X191.45 Y83.219 E2.16155
G1 X191.45 Y82.686 E.01589
G1 X139.636 Y134.501 E2.18403
G1 X139.103 Y134.501 E.01589
G1 X191.45 Y82.153 E2.20651
G1 X191.45 Y81.62 E.01589
G1 X138.57 Y134.501 E2.22899
G1 X138.036 Y134.501 E.01589
G1 X191.451 Y81.086 E2.25147
G1 X191.451 Y80.553 E.01589
G1 X137.503 Y134.501 E2.27394
G1 X136.97 Y134.501 E.01589
G1 X191.45 Y80.02 E2.29642
G1 X191.45 Y79.487 E.01589
G1 X136.437 Y134.501 E2.3189
G1 X135.903 Y134.501 E.01589
G1 X191.45 Y78.953 E2.34138
G1 X191.45 Y78.42 E.01589
G1 X135.37 Y134.501 E2.36385
G1 X134.837 Y134.501 E.01589
G1 X191.45 Y77.887 E2.38633
G1 X191.45 Y77.354 E.01589
G1 X134.303 Y134.501 E2.40881
G1 X133.77 Y134.501 E.01589
M73 P20 R49
G1 X191.451 Y76.82 E2.43129
G1 X191.451 Y76.287 E.01589
G1 X133.237 Y134.501 E2.45377
G1 X132.704 Y134.501 E.01589
G1 X191.45 Y75.754 E2.47624
G1 X191.45 Y75.22 E.01589
G1 X132.17 Y134.501 E2.49872
G1 X131.637 Y134.501 E.01589
G1 X191.45 Y74.687 E2.5212
G1 X191.45 Y74.154 E.01589
G1 X131.104 Y134.501 E2.54368
G1 X130.571 Y134.501 E.01589
G1 X191.45 Y73.621 E2.56616
G1 X191.451 Y73.087 E.01589
G1 X130.037 Y134.501 E2.58863
G1 X129.504 Y134.501 E.01589
G1 X191.451 Y72.554 E2.61111
G1 X191.45 Y72.021 E.01589
G1 X128.971 Y134.501 E2.63359
G1 X128.438 Y134.501 E.01589
G1 X191.45 Y71.488 E2.65607
G1 X191.45 Y70.954 E.01589
G1 X127.904 Y134.501 E2.67855
G1 X127.371 Y134.501 E.01589
G1 X191.45 Y70.421 E2.70102
G1 X191.45 Y69.888 E.01589
G1 X126.838 Y134.501 E2.7235
G1 X126.304 Y134.501 E.01589
G1 X191.45 Y69.354 E2.74598
G1 X191.451 Y68.821 E.01589
G1 X125.771 Y134.501 E2.76846
G1 X125.238 Y134.501 E.01589
G1 X191.451 Y68.288 E2.79094
G1 X191.45 Y67.755 E.01589
G1 X124.705 Y134.501 E2.81341
G1 X124.171 Y134.501 E.01589
G1 X191.45 Y67.221 E2.83589
G1 X191.45 Y66.688 E.01589
G1 X123.638 Y134.501 E2.85837
G1 X123.105 Y134.501 E.01589
G1 X191.45 Y66.155 E2.88085
G1 X191.45 Y65.622 E.01589
G1 X122.572 Y134.501 E2.90333
G1 X122.038 Y134.501 E.01589
G1 X191.45 Y65.088 E2.9258
G1 X191.451 Y64.555 E.01589
G1 X121.505 Y134.501 E2.94828
G1 X120.972 Y134.501 E.01589
G1 X191.451 Y64.022 E2.97076
G1 X191.45 Y63.488 E.01589
G1 X120.438 Y134.501 E2.99324
G1 X119.905 Y134.501 E.01589
G1 X191.45 Y62.955 E3.01572
G1 X191.45 Y62.422 E.01589
G1 X119.372 Y134.501 E3.03819
G1 X118.839 Y134.501 E.01589
G1 X191.45 Y61.889 E3.06067
G1 X191.45 Y61.355 E.01589
G1 X118.305 Y134.501 E3.08315
G1 X117.772 Y134.501 E.01589
G1 X191.45 Y60.822 E3.10563
G1 X191.451 Y60.289 E.01589
G1 X117.239 Y134.501 E3.1281
G1 X116.706 Y134.501 E.01589
G1 X191.451 Y59.756 E3.15058
G1 X191.45 Y59.222 E.01589
G1 X116.172 Y134.501 E3.17306
G1 X115.639 Y134.501 E.01589
G1 X191.45 Y58.689 E3.19554
G1 X191.45 Y58.156 E.01589
G1 X115.106 Y134.501 E3.21802
G1 X114.572 Y134.501 E.01589
G1 X191.45 Y57.623 E3.24049
G1 X191.45 Y57.089 E.01589
G1 X114.039 Y134.501 E3.26297
G1 X113.506 Y134.501 E.01589
G1 X191.45 Y56.556 E3.28545
G1 X191.451 Y56.023 E.01589
G1 X112.973 Y134.501 E3.30793
G1 X112.439 Y134.501 E.01589
G1 X191.451 Y55.489 E3.33041
G1 X191.45 Y54.956 E.01589
G1 X111.906 Y134.501 E3.35288
G1 X111.373 Y134.501 E.01589
G1 X191.45 Y54.423 E3.37536
G1 X191.45 Y53.89 E.01589
G1 X110.84 Y134.501 E3.39784
G1 X110.306 Y134.501 E.01589
G1 X191.45 Y53.356 E3.42032
G1 X191.45 Y52.823 E.01589
G1 X109.773 Y134.501 E3.4428
G1 X109.24 Y134.501 E.01589
G1 X191.45 Y52.29 E3.46527
G1 X191.451 Y51.757 E.01589
G1 X108.707 Y134.501 E3.48775
G1 X108.173 Y134.501 E.01589
G1 X191.451 Y51.223 E3.51023
G1 X191.45 Y50.69 E.01589
G1 X107.75 Y134.391 E3.52809
G1 X107.75 Y133.858 E.01589
G1 X191.45 Y50.157 E3.52809
G1 X191.45 Y49.623 E.01589
M73 P21 R49
G1 X107.75 Y133.324 E3.52809
G1 X107.75 Y132.791 E.01589
G1 X191.45 Y49.09 E3.52809
G1 X191.45 Y48.557 E.01589
G1 X107.75 Y132.258 E3.52809
G1 X107.75 Y131.725 E.01589
G1 X191.451 Y48.024 E3.52809
G1 X191.451 Y47.49 E.01589
G1 X107.75 Y131.191 E3.52809
G1 X107.75 Y130.658 E.01589
G1 X191.451 Y46.957 E3.52809
G1 X191.45 Y46.424 E.01589
G1 X107.75 Y130.125 E3.52809
G1 X107.75 Y129.592 E.01589
G1 X191.45 Y45.891 E3.52809
G1 X191.45 Y45.357 E.01589
G1 X107.75 Y129.058 E3.52809
G1 X107.75 Y128.525 E.01589
G1 X191.45 Y44.824 E3.52809
G1 X191.45 Y44.291 E.01589
G1 X107.75 Y127.992 E3.52809
G1 X107.75 Y127.458 E.01589
G1 X191.451 Y43.757 E3.52809
G1 X191.451 Y43.224 E.01589
G1 X107.75 Y126.925 E3.52809
G1 X107.75 Y126.392 E.01589
G1 X191.451 Y42.691 E3.52809
G1 X191.45 Y42.158 E.01589
G1 X107.75 Y125.859 E3.52809
G1 X107.75 Y125.325 E.01589
G1 X191.45 Y41.624 E3.52809
G1 X191.45 Y41.091 E.01589
G1 X107.75 Y124.792 E3.52809
G1 X107.75 Y124.259 E.01589
G1 X191.45 Y40.558 E3.52809
G1 X191.45 Y40.025 E.01589
G1 X107.75 Y123.726 E3.52809
G1 X107.75 Y123.192 E.01589
G1 X191.451 Y39.491 E3.52809
G1 X191.451 Y38.958 E.01589
G1 X107.75 Y122.659 E3.52809
G1 X107.75 Y122.126 E.01589
G1 X191.45 Y38.425 E3.52809
G1 X191.45 Y37.892 E.01589
G1 X107.75 Y121.592 E3.52809
G1 X107.75 Y121.059 E.01589
G1 X191.45 Y37.358 E3.52809
G1 X191.45 Y36.825 E.01589
G1 X107.75 Y120.526 E3.52809
G1 X107.75 Y119.993 E.01589
G1 X191.343 Y36.4 E3.52355
G1 X190.809 Y36.4 E.01589
G1 X107.75 Y119.459 E3.50107
G1 X107.75 Y118.926 E.01589
G1 X190.276 Y36.4 E3.47859
G1 X189.743 Y36.4 E.01589
G1 X107.75 Y118.393 E3.45611
G1 X107.75 Y117.86 E.01589
G1 X189.21 Y36.4 E3.43363
G1 X188.676 Y36.4 E.01589
G1 X107.75 Y117.326 E3.41116
G1 X107.75 Y116.793 E.01589
G1 X188.143 Y36.4 E3.38868
G1 X187.61 Y36.4 E.01589
G1 X107.75 Y116.26 E3.3662
G1 X107.75 Y115.727 E.01589
G1 X187.077 Y36.4 E3.34372
G1 X186.543 Y36.4 E.01589
G1 X107.75 Y115.193 E3.32125
G1 X107.75 Y114.66 E.01589
G1 X186.01 Y36.4 E3.29877
G1 X185.477 Y36.4 E.01589
G1 X107.75 Y114.127 E3.27629
G1 X107.75 Y113.593 E.01589
G1 X184.943 Y36.4 E3.25381
G1 X184.41 Y36.4 E.01589
G1 X107.75 Y113.06 E3.23133
G1 X107.75 Y112.527 E.01589
G1 X183.877 Y36.4 E3.20886
G1 X183.344 Y36.4 E.01589
G1 X107.75 Y111.994 E3.18638
G1 X107.75 Y111.46 E.01589
G1 X182.81 Y36.4 E3.1639
G1 X182.277 Y36.4 E.01589
G1 X107.75 Y110.927 E3.14142
G1 X107.75 Y110.394 E.01589
G1 X181.744 Y36.4 E3.11894
G1 X181.211 Y36.4 E.01589
G1 X107.75 Y109.861 E3.09647
G1 X107.75 Y109.327 E.01589
G1 X180.677 Y36.4 E3.07399
G1 X180.144 Y36.4 E.01589
G1 X107.75 Y108.794 E3.05151
G1 X107.75 Y108.261 E.01589
G1 X179.611 Y36.4 E3.02903
G1 X179.077 Y36.4 E.01589
G1 X107.75 Y107.727 E3.00655
G1 X107.75 Y107.194 E.01589
G1 X178.544 Y36.4 E2.98408
G1 X178.011 Y36.4 E.01589
G1 X107.75 Y106.661 E2.9616
G1 X107.75 Y106.128 E.01589
G1 X177.478 Y36.4 E2.93912
G1 X176.944 Y36.4 E.01589
G1 X107.75 Y105.594 E2.91664
G1 X107.75 Y105.061 E.01589
G1 X176.411 Y36.4 E2.89416
G1 X175.878 Y36.4 E.01589
G1 X107.75 Y104.528 E2.87169
G1 X107.75 Y103.995 E.01589
G1 X175.345 Y36.4 E2.84921
G1 X174.811 Y36.4 E.01589
G1 X107.75 Y103.461 E2.82673
G1 X107.75 Y102.928 E.01589
G1 X174.278 Y36.4 E2.80425
G1 X173.745 Y36.4 E.01589
G1 X107.75 Y102.395 E2.78177
G1 X107.75 Y101.861 E.01589
G1 X173.212 Y36.4 E2.7593
G1 X172.678 Y36.4 E.01589
G1 X107.75 Y101.328 E2.73682
G1 X107.75 Y100.795 E.01589
G1 X172.145 Y36.4 E2.71434
G1 X171.612 Y36.4 E.01589
G1 X107.75 Y100.262 E2.69186
G1 X107.75 Y99.728 E.01589
G1 X171.078 Y36.4 E2.66938
G1 X170.545 Y36.4 E.01589
G1 X107.75 Y99.195 E2.64691
G1 X107.75 Y98.662 E.01589
G1 X170.151 Y36.261 E2.63027
G1 X170.151 Y35.728 E.01589
G1 X107.75 Y98.129 E2.63027
G1 X107.75 Y97.595 E.01589
G1 X170.151 Y35.194 E2.63027
G1 X170.151 Y34.661 E.01589
G1 X107.75 Y97.062 E2.63027
G1 X107.75 Y96.529 E.01589
G1 X170.151 Y34.128 E2.63027
G1 X170.151 Y33.595 E.01589
G1 X107.75 Y95.996 E2.63027
G1 X107.75 Y95.462 E.01589
G1 X170.151 Y33.061 E2.63027
G1 X170.151 Y32.528 E.01589
G1 X107.75 Y94.929 E2.63027
G1 X107.75 Y94.396 E.01589
G1 X170.151 Y31.995 E2.63027
G1 X170.151 Y31.461 E.01589
G1 X107.75 Y93.862 E2.63027
G1 X107.75 Y93.329 E.01589
G1 X170.151 Y30.928 E2.63027
G1 X170.151 Y30.395 E.01589
G1 X107.75 Y92.796 E2.63027
G1 X107.75 Y92.263 E.01589
G1 X170.151 Y29.862 E2.63027
G1 X170.151 Y29.328 E.01589
G1 X107.75 Y91.729 E2.63027
G1 X107.75 Y91.196 E.01589
G1 X170.151 Y28.795 E2.63027
G1 X170.151 Y28.262 E.01589
G1 X107.75 Y90.663 E2.63027
G1 X107.75 Y90.13 E.01589
G1 X170.151 Y27.729 E2.63027
G1 X170.151 Y27.195 E.01589
G1 X107.75 Y89.596 E2.63027
G1 X107.75 Y89.063 E.01589
M73 P22 R48
G1 X170.151 Y26.662 E2.63027
G1 X170.151 Y26.129 E.01589
G1 X107.75 Y88.53 E2.63027
G1 X107.75 Y87.996 E.01589
G1 X170.151 Y25.595 E2.63027
G1 X170.151 Y25.062 E.01589
G1 X107.75 Y87.463 E2.63027
G1 X107.75 Y86.93 E.01589
G1 X170.151 Y24.529 E2.63027
G1 X170.151 Y23.996 E.01589
G1 X107.75 Y86.397 E2.63027
G1 X107.75 Y85.863 E.01589
G1 X170.151 Y23.462 E2.63027
G1 X170.151 Y22.929 E.01589
G1 X107.75 Y85.33 E2.63027
G1 X107.75 Y84.797 E.01589
G1 X170.151 Y22.396 E2.63027
G1 X170.151 Y21.863 E.01589
G1 X107.75 Y84.264 E2.63027
G1 X107.75 Y83.73 E.01589
G1 X170.151 Y21.329 E2.63027
G1 X170.151 Y20.796 E.01589
G1 X107.75 Y83.197 E2.63027
G1 X107.75 Y82.664 E.01589
G1 X170.151 Y20.263 E2.63027
G1 X170.151 Y19.73 E.01589
G1 X107.75 Y82.13 E2.63027
G1 X107.75 Y81.597 E.01589
G1 X170.151 Y19.196 E2.63027
G1 X170.151 Y18.663 E.01589
G1 X107.75 Y81.064 E2.63027
G1 X107.75 Y80.531 E.01589
G1 X170.151 Y18.13 E2.63027
G1 X170.151 Y17.596 E.01589
G1 X107.75 Y79.997 E2.63027
G1 X107.75 Y79.464 E.01589
G1 X170.151 Y17.063 E2.63027
G1 X170.151 Y16.53 E.01589
G1 X107.75 Y78.931 E2.63027
G1 X107.75 Y78.398 E.01589
G1 X170.151 Y15.997 E2.63027
G1 X170.151 Y15.463 E.01589
G1 X107.75 Y77.864 E2.63027
G1 X107.75 Y77.331 E.01589
G1 X170.151 Y14.93 E2.63027
G1 X170.151 Y14.397 E.01589
G1 X107.75 Y76.798 E2.63027
G1 X107.75 Y76.265 E.01589
G1 X170.151 Y13.864 E2.63027
G1 X170.151 Y13.33 E.01589
G1 X107.75 Y75.731 E2.63027
G1 X107.75 Y75.198 E.01589
G1 X170.151 Y12.797 E2.63027
G1 X170.151 Y12.264 E.01589
G1 X107.75 Y74.665 E2.63027
G1 X107.75 Y74.131 E.01589
G1 X170.151 Y11.73 E2.63027
G1 X170.151 Y11.197 E.01589
G1 X107.75 Y73.598 E2.63027
G1 X107.75 Y73.065 E.01589
G1 X170.151 Y10.664 E2.63027
G1 X170.151 Y10.25 E.01235
G1 X170.032 Y10.25 E.00354
G1 X107.75 Y72.532 E2.62526
G1 X107.75 Y71.998 E.01589
G1 X169.498 Y10.25 E2.60278
G1 X168.965 Y10.25 E.01589
G1 X107.75 Y71.465 E2.58031
G1 X107.75 Y70.932 E.01589
G1 X168.432 Y10.25 E2.55783
G1 X167.899 Y10.25 E.01589
G1 X107.75 Y70.399 E2.53535
G1 X107.75 Y69.865 E.01589
G1 X167.365 Y10.25 E2.51287
G1 X166.832 Y10.25 E.01589
G1 X107.75 Y69.332 E2.49039
G1 X107.75 Y68.799 E.01589
G1 X166.299 Y10.25 E2.46792
G1 X165.765 Y10.25 E.01589
G1 X107.75 Y68.265 E2.44544
G1 X107.75 Y67.732 E.01589
G1 X165.232 Y10.25 E2.42296
G1 X164.699 Y10.25 E.01589
G1 X107.75 Y67.199 E2.40048
G1 X107.75 Y66.666 E.01589
G1 X164.166 Y10.25 E2.378
G1 X163.632 Y10.25 E.01589
G1 X107.75 Y66.132 E2.35553
G1 X107.75 Y65.599 E.01589
G1 X163.099 Y10.25 E2.33305
G1 X162.566 Y10.25 E.01589
G1 X107.75 Y65.066 E2.31057
G1 X107.75 Y64.533 E.01589
G1 X162.033 Y10.25 E2.28809
G1 X161.499 Y10.25 E.01589
G1 X107.75 Y63.999 E2.26561
G1 X107.75 Y63.466 E.01589
G1 X160.966 Y10.25 E2.24314
G1 X160.433 Y10.25 E.01589
G1 X107.75 Y62.933 E2.22066
G1 X107.75 Y62.399 E.01589
G1 X159.9 Y10.25 E2.19818
G1 X159.366 Y10.25 E.01589
G1 X107.75 Y61.866 E2.1757
G1 X107.75 Y61.333 E.01589
G1 X158.833 Y10.25 E2.15323
G1 X158.3 Y10.25 E.01589
G1 X107.75 Y60.8 E2.13075
G1 X107.75 Y60.266 E.01589
G1 X157.766 Y10.25 E2.10827
G1 X157.233 Y10.25 E.01589
G1 X107.75 Y59.733 E2.08579
G1 X107.75 Y59.2 E.01589
G1 X156.7 Y10.25 E2.06331
G1 X156.167 Y10.25 E.01589
G1 X107.75 Y58.667 E2.04084
G1 X107.75 Y58.133 E.01589
G1 X155.633 Y10.25 E2.01836
G1 X155.1 Y10.25 E.01589
G1 X107.75 Y57.6 E1.99588
G1 X107.75 Y57.067 E.01589
G1 X154.567 Y10.25 E1.9734
G1 X154.034 Y10.25 E.01589
G1 X107.75 Y56.534 E1.95092
G1 X107.75 Y56 E.01589
G1 X153.5 Y10.25 E1.92845
G1 X152.967 Y10.25 E.01589
G1 X107.75 Y55.467 E1.90597
G1 X107.75 Y54.934 E.01589
G1 X152.434 Y10.25 E1.88349
G1 X151.9 Y10.25 E.01589
G1 X107.75 Y54.4 E1.86101
G1 X107.75 Y53.867 E.01589
G1 X151.367 Y10.25 E1.83853
G1 X150.834 Y10.25 E.01589
G1 X107.75 Y53.334 E1.81606
G1 X107.75 Y52.801 E.01589
G1 X150.301 Y10.25 E1.79358
G1 X149.767 Y10.25 E.01589
G1 X107.75 Y52.267 E1.7711
G1 X107.75 Y51.734 E.01589
G1 X149.234 Y10.25 E1.74862
G1 X148.701 Y10.25 E.01589
G1 X107.75 Y51.201 E1.72614
G1 X107.75 Y50.668 E.01589
G1 X148.168 Y10.25 E1.70367
G1 X147.634 Y10.25 E.01589
G1 X107.75 Y50.134 E1.68119
G1 X107.75 Y49.601 E.01589
G1 X147.101 Y10.25 E1.65871
G1 X146.568 Y10.25 E.01589
G1 X107.75 Y49.068 E1.63623
G1 X107.75 Y48.534 E.01589
G1 X146.034 Y10.25 E1.61375
G1 X145.501 Y10.25 E.01589
G1 X107.75 Y48.001 E1.59128
G1 X107.75 Y47.468 E.01589
G1 X144.968 Y10.25 E1.5688
G1 X144.435 Y10.25 E.01589
G1 X107.75 Y46.935 E1.54632
G1 X107.75 Y46.401 E.01589
G1 X143.901 Y10.25 E1.52384
G1 X143.368 Y10.25 E.01589
G1 X107.75 Y45.868 E1.50136
G1 X107.75 Y45.335 E.01589
G1 X142.835 Y10.25 E1.47889
G1 X142.302 Y10.25 E.01589
G1 X107.75 Y44.802 E1.45641
G1 X107.75 Y44.268 E.01589
G1 X141.768 Y10.25 E1.43393
G1 X141.235 Y10.25 E.01589
G1 X107.75 Y43.735 E1.41145
G1 X107.75 Y43.202 E.01589
G1 X140.702 Y10.25 E1.38898
G1 X140.169 Y10.25 E.01589
G1 X107.75 Y42.668 E1.3665
G1 X107.75 Y42.135 E.01589
G1 X139.635 Y10.25 E1.34402
G1 X139.102 Y10.25 E.01589
G1 X107.75 Y41.602 E1.32154
G1 X107.75 Y41.069 E.01589
G1 X138.569 Y10.25 E1.29906
G1 X138.035 Y10.25 E.01589
G1 X107.75 Y40.535 E1.27659
G1 X107.75 Y40.002 E.01589
G1 X137.502 Y10.25 E1.25411
G1 X136.969 Y10.25 E.01589
G1 X107.75 Y39.469 E1.23163
G1 X107.75 Y38.936 E.01589
G1 X136.436 Y10.25 E1.20915
G1 X135.902 Y10.25 E.01589
G1 X107.75 Y38.402 E1.18667
G1 X107.75 Y37.869 E.01589
G1 X135.369 Y10.25 E1.1642
G1 X134.836 Y10.25 E.01589
G1 X107.75 Y37.336 E1.14172
G1 X107.75 Y36.803 E.01589
G1 X134.303 Y10.25 E1.11924
G1 X133.769 Y10.25 E.01589
G1 X107.75 Y36.269 E1.09676
G1 X107.75 Y35.736 E.01589
G1 X133.236 Y10.25 E1.07428
G1 X132.703 Y10.25 E.01589
G1 X107.75 Y35.203 E1.05181
G1 X107.75 Y34.669 E.01589
G1 X132.169 Y10.25 E1.02933
G1 X131.636 Y10.25 E.01589
G1 X107.75 Y34.136 E1.00685
G1 X107.75 Y33.603 E.01589
G1 X131.103 Y10.25 E.98437
G1 X130.57 Y10.25 E.01589
G1 X107.75 Y33.07 E.96189
G1 X107.75 Y32.536 E.01589
G1 X130.036 Y10.25 E.93942
G1 X129.503 Y10.25 E.01589
G1 X107.75 Y32.003 E.91694
G1 X107.75 Y31.47 E.01589
G1 X128.97 Y10.25 E.89446
G1 X128.437 Y10.25 E.01589
G1 X107.75 Y30.937 E.87198
G1 X107.75 Y30.403 E.01589
G1 X127.903 Y10.25 E.8495
G1 X127.37 Y10.25 E.01589
G1 X107.75 Y29.87 E.82703
G1 X107.75 Y29.337 E.01589
G1 X126.837 Y10.25 E.80455
G1 X126.303 Y10.25 E.01589
G1 X107.75 Y28.803 E.78207
G1 X107.75 Y28.27 E.01589
G1 X125.77 Y10.25 E.75959
G1 X125.237 Y10.25 E.01589
G1 X107.75 Y27.737 E.73711
G1 X107.75 Y27.204 E.01589
G1 X124.704 Y10.25 E.71464
G1 X124.17 Y10.25 E.01589
G1 X107.75 Y26.67 E.69216
G1 X107.75 Y26.137 E.01589
G1 X123.637 Y10.25 E.66968
G1 X123.104 Y10.25 E.01589
G1 X107.75 Y25.604 E.6472
G1 X107.75 Y25.071 E.01589
G1 X122.571 Y10.25 E.62473
G1 X122.037 Y10.25 E.01589
G1 X107.75 Y24.537 E.60225
G1 X107.75 Y24.004 E.01589
G1 X121.504 Y10.25 E.57977
G1 X120.971 Y10.25 E.01589
G1 X107.75 Y23.471 E.55729
G1 X107.75 Y22.938 E.01589
G1 X120.438 Y10.25 E.53481
G1 X119.904 Y10.25 E.01589
G1 X107.75 Y22.404 E.51234
G1 X107.75 Y21.871 E.01589
G1 X119.371 Y10.25 E.48986
G1 X118.838 Y10.25 E.01589
G1 X107.75 Y21.338 E.46738
G1 X107.75 Y20.804 E.01589
G1 X118.304 Y10.25 E.4449
G1 X117.771 Y10.25 E.01589
G1 X107.75 Y20.271 E.42242
G1 X107.75 Y19.738 E.01589
G1 X117.238 Y10.25 E.39995
G1 X116.705 Y10.25 E.01589
G1 X107.75 Y19.205 E.37747
G1 X107.75 Y18.671 E.01589
G1 X116.171 Y10.25 E.35499
G1 X115.638 Y10.25 E.01589
G1 X107.75 Y18.138 E.33251
G1 X107.75 Y17.605 E.01589
G1 X115.105 Y10.25 E.31003
G1 X114.572 Y10.25 E.01589
G1 X107.75 Y17.072 E.28756
G1 X107.75 Y16.538 E.01589
G1 X114.038 Y10.25 E.26508
G1 X113.505 Y10.25 E.01589
G1 X107.75 Y16.005 E.2426
G1 X107.75 Y15.472 E.01589
G1 X112.972 Y10.25 E.22012
G1 X112.438 Y10.25 E.01589
G1 X107.75 Y14.938 E.19764
G1 X107.75 Y14.405 E.01589
G1 X111.905 Y10.25 E.17517
G1 X111.372 Y10.25 E.01589
G1 X107.75 Y13.872 E.15269
G1 X107.75 Y13.339 E.01589
G1 X110.839 Y10.25 E.13021
G1 X110.305 Y10.25 E.01589
G1 X107.75 Y12.805 E.10773
G1 X107.75 Y12.272 E.01589
G1 X109.772 Y10.25 E.08525
G1 X109.239 Y10.25 E.01589
G1 X107.75 Y11.739 E.06278
G1 X107.75 Y11.206 E.01589
G1 X108.875 Y10.08 E.04745
G1 E-.728 F1800
;WIPE_START
G1 F30000
G1 X108.027 Y10.928 E-.072
;WIPE_END
G1 X112.328 Y17.234 Z.8
G1 X191.392 Y133.139 Z.8
G1 Z.4
G1 E.8 F1800
G1 F15000
G1 X190.089 Y134.442 E.05491
G1 X191.392 Y134.442 E.03882
G1 X191.392 Y133.179 E.03763
M73 P23 R48
G1 E-.728 F1800
;WIPE_START
G1 F30000
G1 X191.392 Y134.379 E-.072
;WIPE_END
G1 X191.034 Y134.018 Z.8
G1 Z.4
G1 E.8 F1800
;WIDTH:0.42888
G1 F15000
G1 X190.962 Y134.06 E.00255
G1 X191.038 Y134.095 E.00256
G1 E-.78995 F1800
;WIPE_START
G1 F30000
G1 X190.962 Y134.06 E-.00504
G1 X191.034 Y134.018 E-.00501
;WIPE_END
G1 X184.5 Y130.075 Z.8
G1 X28.716 Y36.066 Z.8
G1 Z.4
G1 E.8 F1800
;TYPE:Inner wall
;WIDTH:0.45
G1 F6000
G1 X28.716 Y9.916 E.84142
G1 X91.784 Y9.916 E2.0293
G1 X91.784 Y134.834 E4.01943
G1 X7.416 Y134.834 E2.71467
G1 X7.416 Y36.066 E3.17801
G1 X28.676 Y36.066 E.68408
G1 X28.309 Y35.659 F30000
G1 F6000
G1 X28.309 Y9.509 E.84142
G1 X92.191 Y9.509 E2.0555
G1 X92.191 Y135.241 E4.04563
G1 X7.009 Y135.241 E2.74086
G1 X7.009 Y35.659 E3.20421
G1 X28.269 Y35.659 E.68408
G1 X27.902 Y35.252 F30000
G1 F6000
G1 X27.902 Y9.102 E.84142
G1 X92.598 Y9.102 E2.0817
G1 X92.598 Y135.648 E4.07182
G1 X6.602 Y135.648 E2.76706
G1 X6.602 Y35.252 E3.2304
G1 X27.862 Y35.252 E.68408
SET_VELOCITY_LIMIT ACCEL=5000
G1 X27.51 Y34.86 F30000
;TYPE:Outer wall
;WIDTH:0.42
G1 F3600
G1 X27.51 Y8.71 E.77941
G1 X92.99 Y8.71 E1.95166
G1 X92.99 Y136.04 E3.79512
G1 X6.21 Y136.04 E2.58651
G1 X6.21 Y23.56 E3.35251
G1 X6.99 Y23.56 E.02325
G1 X6.99 Y34.86 E.3368
G1 X27.47 Y34.86 E.61041
G1 E-.728 F1800
;WIPE_START
G1 F30000
G1 X27.472 Y33.66 E-.072
;WIPE_END
G1 X19.913 Y34.72 Z.8
G1 X7.828 Y36.415 Z.8
G1 Z.4
G1 E.8 F1800
SET_VELOCITY_LIMIT ACCEL=10000
;TYPE:Internal solid infill
;WIDTH:0.41297
G1 F15000
G1 X7.759 Y36.455 E.00234
G1 X7.831 Y36.489 E.00235
G1 E-.79037 F1800
;WIPE_START
G1 F30000
G1 X7.759 Y36.455 E-.00482
G1 X7.828 Y36.415 E-.00481
;WIPE_END
G1 X6.6 Y35.056 Z.8
G1 Z.4
G1 E.8 F1800
;TYPE:Gap infill
;WIDTH:0.430846
G1 F15000
G1 X6.6 Y23.756 E.34649
G1 E-.728 F1800
;WIPE_START
G1 F30000
G1 X6.6 Y24.956 E-.072
;WIPE_END
G1 X12.996 Y20.791 Z.8
G1 X29.145 Y10.276 Z.8
G1 Z.4
G1 E.8 F1800
;TYPE:Internal solid infill
;WIDTH:0.442592
G1 F15000
G1 X29.07 Y10.32 E.00273
G1 X29.15 Y10.354 E.00275
G1 E-.78958 F1800
;WIPE_START
G1 F30000
G1 X29.07 Y10.32 E-.00523
G1 X29.145 Y10.276 E-.00519
;WIPE_END
G1 X32.616 Y17.074 Z.8
G1 X91.62 Y132.613 Z.8
G1 Z.4
M73 P23 R47
G1 E.8 F1800
;WIDTH:0.419999
G1 F15000
G1 X89.733 Y134.501 E.07956
G1 X89.2 Y134.501 E.01589
G1 X91.45 Y132.25 E.09488
G1 X91.451 Y131.716 E.01589
G1 X88.666 Y134.501 E.11736
G1 X88.133 Y134.501 E.01589
G1 X91.451 Y131.183 E.13984
G1 X91.45 Y130.65 E.01589
G1 X87.6 Y134.501 E.16232
G1 X87.066 Y134.501 E.01589
G1 X91.45 Y130.116 E.18479
G1 X91.45 Y129.583 E.01589
G1 X86.533 Y134.501 E.20727
G1 X86 Y134.501 E.01589
G1 X91.45 Y129.05 E.22975
G1 X91.45 Y128.517 E.01589
G1 X85.467 Y134.501 E.25223
G1 X84.933 Y134.501 E.01589
G1 X91.45 Y127.983 E.27471
G1 X91.451 Y127.45 E.01589
G1 X84.4 Y134.501 E.29718
G1 X83.867 Y134.501 E.01589
G1 X91.451 Y126.917 E.31966
G1 X91.45 Y126.384 E.01589
G1 X83.334 Y134.501 E.34214
G1 X82.8 Y134.501 E.01589
G1 X91.45 Y125.85 E.36462
G1 X91.45 Y125.317 E.01589
G1 X82.267 Y134.501 E.3871
G1 X81.734 Y134.501 E.01589
G1 X91.45 Y124.784 E.40957
G1 X91.45 Y124.25 E.01589
G1 X81.2 Y134.501 E.43205
G1 X80.667 Y134.501 E.01589
G1 X91.45 Y123.717 E.45453
G1 X91.451 Y123.184 E.01589
G1 X80.134 Y134.501 E.47701
G1 X79.601 Y134.501 E.01589
G1 X91.451 Y122.651 E.49948
G1 X91.45 Y122.117 E.01589
G1 X79.067 Y134.501 E.52196
G1 X78.534 Y134.501 E.01589
G1 X91.45 Y121.584 E.54444
G1 X91.45 Y121.051 E.01589
G1 X78.001 Y134.501 E.56692
G1 X77.468 Y134.501 E.01589
G1 X91.45 Y120.518 E.5894
G1 X91.45 Y119.984 E.01589
G1 X76.934 Y134.501 E.61187
G1 X76.401 Y134.501 E.01589
G1 X91.45 Y119.451 E.63435
G1 X91.451 Y118.918 E.01589
G1 X75.868 Y134.501 E.65683
G1 X75.334 Y134.501 E.01589
G1 X91.451 Y118.384 E.67931
G1 X91.45 Y117.851 E.01589
G1 X74.801 Y134.501 E.70179
G1 X74.268 Y134.501 E.01589
G1 X91.45 Y117.318 E.72426
G1 X91.45 Y116.785 E.01589
G1 X73.735 Y134.501 E.74674
G1 X73.201 Y134.501 E.01589
G1 X91.45 Y116.251 E.76922
G1 X91.45 Y115.718 E.01589
G1 X72.668 Y134.501 E.7917
G1 X72.135 Y134.501 E.01589
G1 X91.45 Y115.185 E.81418
G1 X91.451 Y114.652 E.01589
G1 X71.602 Y134.501 E.83665
G1 X71.068 Y134.501 E.01589
G1 X91.451 Y114.118 E.85913
G1 X91.45 Y113.585 E.01589
G1 X70.535 Y134.501 E.88161
G1 X70.002 Y134.501 E.01589
G1 X91.45 Y113.052 E.90409
G1 X91.45 Y112.519 E.01589
G1 X69.469 Y134.501 E.92657
G1 X68.935 Y134.501 E.01589
G1 X91.45 Y111.985 E.94904
G1 X91.45 Y111.452 E.01589
G1 X68.402 Y134.501 E.97152
G1 X67.869 Y134.501 E.01589
G1 X91.45 Y110.919 E.994
G1 X91.451 Y110.385 E.01589
G1 X67.335 Y134.501 E1.01648
G1 X66.802 Y134.501 E.01589
G1 X91.451 Y109.852 E1.03896
G1 X91.45 Y109.319 E.01589
G1 X66.269 Y134.501 E1.06143
G1 X65.736 Y134.501 E.01589
G1 X91.45 Y108.786 E1.08391
G1 X91.45 Y108.252 E.01589
G1 X65.202 Y134.501 E1.10639
G1 X64.669 Y134.501 E.01589
G1 X91.45 Y107.719 E1.12887
G1 X91.45 Y107.186 E.01589
G1 X64.136 Y134.501 E1.15135
G1 X63.603 Y134.501 E.01589
G1 X91.45 Y106.653 E1.17382
G1 X91.451 Y106.119 E.01589
G1 X63.069 Y134.501 E1.1963
G1 X62.536 Y134.501 E.01589
G1 X91.451 Y105.586 E1.21878
G1 X91.45 Y105.053 E.01589
G1 X62.003 Y134.501 E1.24126
G1 X61.469 Y134.501 E.01589
G1 X91.45 Y104.519 E1.26373
G1 X91.45 Y103.986 E.01589
G1 X60.936 Y134.501 E1.28621
G1 X60.403 Y134.501 E.01589
G1 X91.45 Y103.453 E1.30869
G1 X91.45 Y102.92 E.01589
G1 X59.87 Y134.501 E1.33117
G1 X59.336 Y134.501 E.01589
G1 X91.451 Y102.386 E1.35365
G1 X91.451 Y101.853 E.01589
G1 X58.803 Y134.501 E1.37612
G1 X58.27 Y134.501 E.01589
G1 X91.451 Y101.32 E1.3986
G1 X91.45 Y100.787 E.01589
G1 X57.737 Y134.501 E1.42108
G1 X57.203 Y134.501 E.01589
G1 X91.45 Y100.253 E1.44356
G1 X91.45 Y99.72 E.01589
G1 X56.67 Y134.501 E1.46604
G1 X56.137 Y134.501 E.01589
G1 X91.45 Y99.187 E1.48851
G1 X91.45 Y98.653 E.01589
G1 X55.603 Y134.501 E1.51099
G1 X55.07 Y134.501 E.01589
G1 X91.451 Y98.12 E1.53347
G1 X91.451 Y97.587 E.01589
G1 X54.537 Y134.501 E1.55595
G1 X54.004 Y134.501 E.01589
G1 X91.451 Y97.054 E1.57843
G1 X91.45 Y96.52 E.01589
G1 X53.47 Y134.501 E1.6009
G1 X52.937 Y134.501 E.01589
G1 X91.45 Y95.987 E1.62338
G1 X91.45 Y95.454 E.01589
G1 X52.404 Y134.501 E1.64586
G1 X51.871 Y134.501 E.01589
G1 X91.45 Y94.921 E1.66834
G1 X91.45 Y94.387 E.01589
G1 X51.337 Y134.501 E1.69082
G1 X50.804 Y134.501 E.01589
G1 X91.451 Y93.854 E1.71329
G1 X91.451 Y93.321 E.01589
G1 X50.271 Y134.501 E1.73577
G1 X49.738 Y134.501 E.01589
G1 X91.451 Y92.788 E1.75825
G1 X91.45 Y92.254 E.01589
G1 X49.204 Y134.501 E1.78073
G1 X48.671 Y134.501 E.01589
G1 X91.45 Y91.721 E1.80321
G1 X91.45 Y91.188 E.01589
G1 X48.138 Y134.501 E1.82568
G1 X47.604 Y134.501 E.01589
G1 X91.45 Y90.654 E1.84816
G1 X91.45 Y90.121 E.01589
G1 X47.071 Y134.501 E1.87064
G1 X46.538 Y134.501 E.01589
G1 X91.451 Y89.588 E1.89312
G1 X91.451 Y89.055 E.01589
G1 X46.005 Y134.501 E1.9156
G1 X45.471 Y134.501 E.01589
G1 X91.451 Y88.521 E1.93807
G1 X91.45 Y87.988 E.01589
G1 X44.938 Y134.501 E1.96055
G1 X44.405 Y134.501 E.01589
G1 X91.45 Y87.455 E1.98303
G1 X91.45 Y86.922 E.01589
G1 X43.872 Y134.501 E2.00551
G1 X43.338 Y134.501 E.01589
M73 P24 R47
G1 X91.45 Y86.388 E2.02798
G1 X91.45 Y85.855 E.01589
G1 X42.805 Y134.501 E2.05046
G1 X42.272 Y134.501 E.01589
G1 X91.451 Y85.322 E2.07294
G1 X91.451 Y84.788 E.01589
G1 X41.738 Y134.501 E2.09542
G1 X41.205 Y134.501 E.01589
G1 X91.451 Y84.255 E2.1179
G1 X91.45 Y83.722 E.01589
G1 X40.672 Y134.501 E2.14037
G1 X40.139 Y134.501 E.01589
G1 X91.45 Y83.189 E2.16285
G1 X91.45 Y82.655 E.01589
G1 X39.605 Y134.501 E2.18533
G1 X39.072 Y134.501 E.01589
G1 X91.45 Y82.122 E2.20781
G1 X91.45 Y81.589 E.01589
G1 X38.539 Y134.501 E2.23029
G1 X38.006 Y134.501 E.01589
G1 X91.451 Y81.056 E2.25276
G1 X91.451 Y80.522 E.01589
G1 X37.472 Y134.501 E2.27524
G1 X36.939 Y134.501 E.01589
G1 X91.451 Y79.989 E2.29772
G1 X91.45 Y79.456 E.01589
G1 X36.406 Y134.501 E2.3202
G1 X35.872 Y134.501 E.01589
G1 X91.45 Y78.922 E2.34268
G1 X91.45 Y78.389 E.01589
G1 X35.339 Y134.501 E2.36515
G1 X34.806 Y134.501 E.01589
G1 X91.45 Y77.856 E2.38763
G1 X91.451 Y77.323 E.01589
G1 X34.273 Y134.501 E2.41011
G1 X33.739 Y134.501 E.01589
G1 X91.451 Y76.789 E2.43259
G1 X91.451 Y76.256 E.01589
G1 X33.206 Y134.501 E2.45507
G1 X32.673 Y134.501 E.01589
G1 X91.45 Y75.723 E2.47754
G1 X91.45 Y75.19 E.01589
G1 X32.14 Y134.501 E2.50002
G1 X31.606 Y134.501 E.01589
G1 X91.45 Y74.656 E2.5225
G1 X91.45 Y74.123 E.01589
G1 X31.073 Y134.501 E2.54498
G1 X30.54 Y134.501 E.01589
G1 X91.45 Y73.59 E2.56746
G1 X91.451 Y73.057 E.01589
G1 X30.007 Y134.501 E2.58993
G1 X29.473 Y134.501 E.01589
G1 X91.451 Y72.523 E2.61241
G1 X91.451 Y71.99 E.01589
G1 X28.94 Y134.501 E2.63489
G1 X28.407 Y134.501 E.01589
G1 X91.45 Y71.457 E2.65737
G1 X91.45 Y70.923 E.01589
G1 X27.873 Y134.501 E2.67985
G1 X27.34 Y134.501 E.01589
G1 X91.45 Y70.39 E2.70232
G1 X91.45 Y69.857 E.01589
G1 X26.807 Y134.501 E2.7248
G1 X26.274 Y134.501 E.01589
G1 X91.45 Y69.324 E2.74728
G1 X91.451 Y68.79 E.01589
G1 X25.74 Y134.501 E2.76976
G1 X25.207 Y134.501 E.01589
G1 X91.451 Y68.257 E2.79223
G1 X91.451 Y67.724 E.01589
G1 X24.674 Y134.501 E2.81471
G1 X24.141 Y134.501 E.01589
G1 X91.45 Y67.191 E2.83719
G1 X91.45 Y66.657 E.01589
G1 X23.607 Y134.501 E2.85967
G1 X23.074 Y134.501 E.01589
G1 X91.45 Y66.124 E2.88215
G1 X91.45 Y65.591 E.01589
G1 X22.541 Y134.501 E2.90462
G1 X22.007 Y134.501 E.01589
G1 X91.45 Y65.057 E2.9271
G1 X91.451 Y64.524 E.01589
G1 X21.474 Y134.501 E2.94958
G1 X20.941 Y134.501 E.01589
G1 X91.451 Y63.991 E2.97206
G1 X91.451 Y63.458 E.01589
G1 X20.408 Y134.501 E2.99454
G1 X19.874 Y134.501 E.01589
G1 X91.45 Y62.924 E3.01701
G1 X91.45 Y62.391 E.01589
G1 X19.341 Y134.501 E3.03949
G1 X18.808 Y134.501 E.01589
G1 X91.45 Y61.858 E3.06197
G1 X91.45 Y61.325 E.01589
G1 X18.275 Y134.501 E3.08445
G1 X17.741 Y134.501 E.01589
G1 X91.45 Y60.791 E3.10693
G1 X91.451 Y60.258 E.01589
G1 X17.208 Y134.501 E3.1294
G1 X16.675 Y134.501 E.01589
G1 X91.451 Y59.725 E3.15188
G1 X91.451 Y59.192 E.01589
G1 X16.141 Y134.501 E3.17436
G1 X15.608 Y134.501 E.01589
G1 X91.45 Y58.658 E3.19684
G1 X91.45 Y58.125 E.01589
G1 X15.075 Y134.501 E3.21932
G1 X14.542 Y134.501 E.01589
G1 X91.45 Y57.592 E3.24179
G1 X91.45 Y57.058 E.01589
G1 X14.008 Y134.501 E3.26427
G1 X13.475 Y134.501 E.01589
G1 X91.45 Y56.525 E3.28675
G1 X91.451 Y55.992 E.01589
G1 X12.942 Y134.501 E3.30923
G1 X12.409 Y134.501 E.01589
G1 X91.451 Y55.459 E3.33171
G1 X91.451 Y54.925 E.01589
G1 X11.875 Y134.501 E3.35418
G1 X11.342 Y134.501 E.01589
G1 X91.45 Y54.392 E3.37666
G1 X91.45 Y53.859 E.01589
G1 X10.809 Y134.501 E3.39914
G1 X10.276 Y134.501 E.01589
G1 X91.45 Y53.326 E3.42162
G1 X91.45 Y52.792 E.01589
G1 X9.742 Y134.501 E3.4441
G1 X9.209 Y134.501 E.01589
G1 X91.45 Y52.259 E3.46657
G1 X91.451 Y51.726 E.01589
G1 X8.676 Y134.501 E3.48905
G1 X8.142 Y134.501 E.01589
G1 X91.451 Y51.192 E3.51153
G1 X91.451 Y50.659 E.01589
G1 X7.75 Y134.36 E3.52809
G1 X7.75 Y133.827 E.01589
G1 X91.45 Y50.126 E3.52809
G1 X91.45 Y49.593 E.01589
G1 X7.75 Y133.294 E3.52809
G1 X7.75 Y132.76 E.01589
G1 X91.45 Y49.059 E3.52809
G1 X91.45 Y48.526 E.01589
G1 X7.75 Y132.227 E3.52809
G1 X7.75 Y131.694 E.01589
G1 X91.451 Y47.993 E3.52809
G1 X91.451 Y47.46 E.01589
G1 X7.75 Y131.161 E3.52809
G1 X7.75 Y130.627 E.01589
G1 X91.451 Y46.926 E3.52809
G1 X91.451 Y46.393 E.01589
G1 X7.75 Y130.094 E3.52809
G1 X7.75 Y129.561 E.01589
G1 X91.45 Y45.86 E3.52809
G1 X91.45 Y45.326 E.01589
G1 X7.75 Y129.027 E3.52809
G1 X7.75 Y128.494 E.01589
G1 X91.45 Y44.793 E3.52809
G1 X91.45 Y44.26 E.01589
G1 X7.75 Y127.961 E3.52809
G1 X7.75 Y127.428 E.01589
G1 X91.451 Y43.727 E3.52809
G1 X91.451 Y43.193 E.01589
G1 X7.75 Y126.894 E3.52809
G1 X7.75 Y126.361 E.01589
G1 X91.451 Y42.66 E3.52809
G1 X91.451 Y42.127 E.01589
G1 X7.75 Y125.828 E3.52809
G1 X7.75 Y125.295 E.01589
G1 X91.45 Y41.594 E3.52809
G1 X91.45 Y41.06 E.01589
G1 X7.75 Y124.761 E3.52809
G1 X7.75 Y124.228 E.01589
G1 X91.45 Y40.527 E3.52809
G1 X91.45 Y39.994 E.01589
G1 X7.75 Y123.695 E3.52809
G1 X7.75 Y123.161 E.01589
M73 P25 R47
G1 X91.451 Y39.461 E3.52809
G1 X91.451 Y38.927 E.01589
G1 X7.75 Y122.628 E3.52809
G1 X7.75 Y122.095 E.01589
G1 X91.451 Y38.394 E3.52809
G1 X91.451 Y37.861 E.01589
G1 X7.75 Y121.562 E3.52809
G1 X7.75 Y121.028 E.01589
G1 X91.45 Y37.327 E3.52809
G1 X91.45 Y36.794 E.01589
G1 X7.75 Y120.495 E3.52809
G1 X7.75 Y119.962 E.01589
G1 X91.45 Y36.261 E3.52809
G1 X91.45 Y35.728 E.01589
G1 X7.75 Y119.429 E3.52809
G1 X7.75 Y118.895 E.01589
G1 X91.451 Y35.194 E3.52809
G1 X91.451 Y34.661 E.01589
G1 X7.75 Y118.362 E3.52809
G1 X7.75 Y117.829 E.01589
G1 X91.451 Y34.128 E3.52809
G1 X91.451 Y33.595 E.01589
G1 X7.75 Y117.296 E3.52809
G1 X7.75 Y116.762 E.01589
G1 X91.45 Y33.061 E3.52809
G1 X91.45 Y32.528 E.01589
M73 P25 R46
G1 X7.75 Y116.229 E3.52809
G1 X7.75 Y115.696 E.01589
G1 X91.45 Y31.995 E3.52809
G1 X91.45 Y31.461 E.01589
G1 X7.75 Y115.162 E3.52809
G1 X7.75 Y114.629 E.01589
G1 X91.451 Y30.928 E3.52809
G1 X91.451 Y30.395 E.01589
G1 X7.75 Y114.096 E3.52809
G1 X7.75 Y113.563 E.01589
G1 X91.451 Y29.862 E3.52809
G1 X91.451 Y29.328 E.01589
G1 X7.75 Y113.029 E3.52809
G1 X7.75 Y112.496 E.01589
G1 X91.45 Y28.795 E3.52809
G1 X91.45 Y28.262 E.01589
G1 X7.75 Y111.963 E3.52809
G1 X7.75 Y111.43 E.01589
G1 X91.45 Y27.729 E3.52809
G1 X91.45 Y27.195 E.01589
G1 X7.75 Y110.896 E3.52809
G1 X7.75 Y110.363 E.01589
G1 X91.451 Y26.662 E3.52809
G1 X91.451 Y26.129 E.01589
G1 X7.75 Y109.83 E3.52809
G1 X7.75 Y109.296 E.01589
G1 X91.451 Y25.595 E3.52809
G1 X91.451 Y25.062 E.01589
G1 X7.75 Y108.763 E3.52809
G1 X7.75 Y108.23 E.01589
G1 X91.45 Y24.529 E3.52809
G1 X91.45 Y23.996 E.01589
G1 X7.75 Y107.697 E3.52809
G1 X7.75 Y107.163 E.01589
G1 X91.45 Y23.462 E3.52809
G1 X91.45 Y22.929 E.01589
G1 X7.75 Y106.63 E3.52809
G1 X7.75 Y106.097 E.01589
G1 X91.451 Y22.396 E3.52809
G1 X91.451 Y21.863 E.01589
G1 X7.75 Y105.564 E3.52809
G1 X7.75 Y105.03 E.01589
G1 X91.451 Y21.329 E3.52809
G1 X91.45 Y20.796 E.01589
G1 X7.75 Y104.497 E3.52809
G1 X7.75 Y103.964 E.01589
G1 X91.45 Y20.263 E3.52809
G1 X91.45 Y19.73 E.01589
G1 X7.75 Y103.43 E3.52809
G1 X7.75 Y102.897 E.01589
G1 X91.45 Y19.196 E3.52809
G1 X91.451 Y18.663 E.01589
G1 X7.75 Y102.364 E3.52809
G1 X7.75 Y101.831 E.01589
G1 X91.451 Y18.13 E3.52809
G1 X91.451 Y17.596 E.01589
G1 X7.75 Y101.297 E3.52809
G1 X7.75 Y100.764 E.01589
G1 X91.451 Y17.063 E3.52809
G1 X91.45 Y16.53 E.01589
G1 X7.75 Y100.231 E3.52809
G1 X7.75 Y99.698 E.01589
G1 X91.45 Y15.997 E3.52809
G1 X91.45 Y15.463 E.01589
G1 X7.75 Y99.164 E3.52809
G1 X7.75 Y98.631 E.01589
G1 X91.45 Y14.93 E3.52809
G1 X91.451 Y14.397 E.01589
G1 X7.75 Y98.098 E3.52809
G1 X7.75 Y97.565 E.01589
G1 X91.451 Y13.864 E3.52809
G1 X91.451 Y13.33 E.01589
G1 X7.75 Y97.031 E3.52809
G1 X7.75 Y96.498 E.01589
G1 X91.451 Y12.797 E3.52809
G1 X91.45 Y12.264 E.01589
G1 X7.75 Y95.965 E3.52809
G1 X7.75 Y95.431 E.01589
G1 X91.45 Y11.73 E3.52809
G1 X91.45 Y11.197 E.01589
G1 X7.75 Y94.898 E3.52809
G1 X7.75 Y94.365 E.01589
G1 X91.45 Y10.664 E3.52809
G1 X91.451 Y10.25 E.01235
G1 X91.332 Y10.25 E.00354
G1 X7.75 Y93.832 E3.52308
G1 X7.75 Y93.298 E.01589
G1 X90.798 Y10.25 E3.5006
G1 X90.265 Y10.25 E.01589
G1 X7.75 Y92.765 E3.47812
G1 X7.75 Y92.232 E.01589
G1 X89.732 Y10.25 E3.45565
G1 X89.199 Y10.25 E.01589
G1 X7.75 Y91.699 E3.43317
G1 X7.75 Y91.165 E.01589
G1 X88.665 Y10.25 E3.41069
G1 X88.132 Y10.25 E.01589
G1 X7.75 Y90.632 E3.38821
G1 X7.75 Y90.099 E.01589
G1 X87.599 Y10.25 E3.36574
G1 X87.065 Y10.25 E.01589
G1 X7.75 Y89.565 E3.34326
G1 X7.75 Y89.032 E.01589
G1 X86.532 Y10.25 E3.32078
G1 X85.999 Y10.25 E.01589
G1 X7.75 Y88.499 E3.2983
G1 X7.75 Y87.966 E.01589
G1 X85.466 Y10.25 E3.27582
G1 X84.932 Y10.25 E.01589
G1 X7.75 Y87.432 E3.25335
G1 X7.75 Y86.899 E.01589
G1 X84.399 Y10.25 E3.23087
G1 X83.866 Y10.25 E.01589
G1 X7.75 Y86.366 E3.20839
G1 X7.75 Y85.833 E.01589
G1 X83.333 Y10.25 E3.18591
G1 X82.799 Y10.25 E.01589
G1 X7.75 Y85.299 E3.16343
G1 X7.75 Y84.766 E.01589
G1 X82.266 Y10.25 E3.14096
G1 X81.733 Y10.25 E.01589
G1 X7.75 Y84.233 E3.11848
G1 X7.75 Y83.699 E.01589
G1 X81.2 Y10.25 E3.096
M73 P26 R46
G1 X80.666 Y10.25 E.01589
G1 X7.75 Y83.166 E3.07352
G1 X7.75 Y82.633 E.01589
G1 X80.133 Y10.25 E3.05104
G1 X79.6 Y10.25 E.01589
G1 X7.75 Y82.1 E3.02857
G1 X7.75 Y81.566 E.01589
G1 X79.066 Y10.25 E3.00609
G1 X78.533 Y10.25 E.01589
G1 X7.75 Y81.033 E2.98361
G1 X7.75 Y80.5 E.01589
G1 X78 Y10.25 E2.96113
G1 X77.467 Y10.25 E.01589
G1 X7.75 Y79.967 E2.93865
G1 X7.75 Y79.433 E.01589
G1 X76.933 Y10.25 E2.91618
G1 X76.4 Y10.25 E.01589
G1 X7.75 Y78.9 E2.8937
G1 X7.75 Y78.367 E.01589
G1 X75.867 Y10.25 E2.87122
G1 X75.334 Y10.25 E.01589
G1 X7.75 Y77.834 E2.84874
G1 X7.75 Y77.3 E.01589
G1 X74.8 Y10.25 E2.82626
G1 X74.267 Y10.25 E.01589
G1 X7.75 Y76.767 E2.80379
G1 X7.75 Y76.234 E.01589
G1 X73.734 Y10.25 E2.78131
G1 X73.2 Y10.25 E.01589
G1 X7.75 Y75.7 E2.75883
G1 X7.75 Y75.167 E.01589
G1 X72.667 Y10.25 E2.73635
G1 X72.134 Y10.25 E.01589
G1 X7.75 Y74.634 E2.71387
G1 X7.75 Y74.101 E.01589
G1 X71.601 Y10.25 E2.6914
G1 X71.067 Y10.25 E.01589
G1 X7.75 Y73.567 E2.66892
G1 X7.75 Y73.034 E.01589
G1 X70.534 Y10.25 E2.64644
G1 X70.001 Y10.25 E.01589
G1 X7.75 Y72.501 E2.62396
G1 X7.75 Y71.968 E.01589
G1 X69.468 Y10.25 E2.60149
G1 X68.934 Y10.25 E.01589
G1 X7.75 Y71.434 E2.57901
G1 X7.75 Y70.901 E.01589
G1 X68.401 Y10.25 E2.55653
G1 X67.868 Y10.25 E.01589
G1 X7.75 Y70.368 E2.53405
G1 X7.75 Y69.834 E.01589
G1 X67.334 Y10.25 E2.51157
G1 X66.801 Y10.25 E.01589
G1 X7.75 Y69.301 E2.4891
G1 X7.75 Y68.768 E.01589
G1 X66.268 Y10.25 E2.46662
G1 X65.735 Y10.25 E.01589
G1 X7.75 Y68.235 E2.44414
G1 X7.75 Y67.701 E.01589
G1 X65.201 Y10.25 E2.42166
G1 X64.668 Y10.25 E.01589
G1 X7.75 Y67.168 E2.39918
G1 X7.75 Y66.635 E.01589
G1 X64.135 Y10.25 E2.37671
G1 X63.602 Y10.25 E.01589
G1 X7.75 Y66.102 E2.35423
G1 X7.75 Y65.568 E.01589
G1 X63.068 Y10.25 E2.33175
G1 X62.535 Y10.25 E.01589
G1 X7.75 Y65.035 E2.30927
G1 X7.75 Y64.502 E.01589
G1 X62.002 Y10.25 E2.28679
G1 X61.469 Y10.25 E.01589
G1 X7.75 Y63.968 E2.26432
G1 X7.75 Y63.435 E.01589
G1 X60.935 Y10.25 E2.24184
G1 X60.402 Y10.25 E.01589
G1 X7.75 Y62.902 E2.21936
G1 X7.75 Y62.369 E.01589
G1 X59.869 Y10.25 E2.19688
G1 X59.335 Y10.25 E.01589
G1 X7.75 Y61.835 E2.1744
G1 X7.75 Y61.302 E.01589
G1 X58.802 Y10.25 E2.15193
G1 X58.269 Y10.25 E.01589
G1 X7.75 Y60.769 E2.12945
G1 X7.75 Y60.236 E.01589
G1 X57.736 Y10.25 E2.10697
G1 X57.202 Y10.25 E.01589
G1 X7.75 Y59.702 E2.08449
G1 X7.75 Y59.169 E.01589
G1 X56.669 Y10.25 E2.06201
G1 X56.136 Y10.25 E.01589
G1 X7.75 Y58.636 E2.03954
G1 X7.75 Y58.103 E.01589
G1 X55.603 Y10.25 E2.01706
G1 X55.069 Y10.25 E.01589
G1 X7.75 Y57.569 E1.99458
G1 X7.75 Y57.036 E.01589
G1 X28.386 Y36.4 E.86985
G1 X27.853 Y36.4 E.01589
G1 X7.75 Y56.503 E.84737
G1 X7.75 Y55.969 E.01589
G1 X27.319 Y36.4 E.82489
G1 X26.786 Y36.4 E.01589
G1 X7.75 Y55.436 E.80242
G1 X7.75 Y54.903 E.01589
G1 X26.253 Y36.4 E.77994
G1 X25.72 Y36.4 E.01589
G1 X7.75 Y54.37 E.75746
G1 X7.75 Y53.836 E.01589
G1 X25.186 Y36.4 E.73498
G1 X24.653 Y36.4 E.01589
G1 X7.75 Y53.303 E.7125
G1 X7.75 Y52.77 E.01589
G1 X24.12 Y36.4 E.69003
G1 X23.587 Y36.4 E.01589
G1 X7.75 Y52.237 E.66755
G1 X7.75 Y51.703 E.01589
G1 X23.053 Y36.4 E.64507
G1 X22.52 Y36.4 E.01589
G1 X7.75 Y51.17 E.62259
G1 X7.75 Y50.637 E.01589
G1 X21.987 Y36.4 E.60012
G1 X21.453 Y36.4 E.01589
G1 X7.75 Y50.103 E.57764
G1 X7.75 Y49.57 E.01589
G1 X20.92 Y36.4 E.55516
G1 X20.387 Y36.4 E.01589
G1 X7.75 Y49.037 E.53268
G1 X7.75 Y48.504 E.01589
G1 X19.854 Y36.4 E.5102
G1 X19.32 Y36.4 E.01589
G1 X7.75 Y47.97 E.48773
G1 X7.75 Y47.437 E.01589
G1 X18.787 Y36.4 E.46525
G1 X18.254 Y36.4 E.01589
G1 X7.75 Y46.904 E.44277
G1 X7.75 Y46.371 E.01589
G1 X17.721 Y36.4 E.42029
G1 X17.187 Y36.4 E.01589
G1 X7.75 Y45.837 E.39781
G1 X7.75 Y45.304 E.01589
G1 X16.654 Y36.4 E.37534
G1 X16.121 Y36.4 E.01589
G1 X7.75 Y44.771 E.35286
G1 X7.75 Y44.237 E.01589
G1 X15.587 Y36.4 E.33038
G1 X15.054 Y36.4 E.01589
G1 X7.75 Y43.704 E.3079
G1 X7.75 Y43.171 E.01589
G1 X14.521 Y36.4 E.28542
G1 X13.988 Y36.4 E.01589
G1 X7.75 Y42.638 E.26295
G1 X7.75 Y42.104 E.01589
G1 X13.454 Y36.4 E.24047
G1 X12.921 Y36.4 E.01589
G1 X7.75 Y41.571 E.21799
G1 X7.75 Y41.038 E.01589
G1 X12.388 Y36.4 E.19551
G1 X11.855 Y36.4 E.01589
G1 X7.75 Y40.505 E.17303
G1 X7.75 Y39.971 E.01589
G1 X11.321 Y36.4 E.15056
G1 X10.788 Y36.4 E.01589
G1 X7.75 Y39.438 E.12808
G1 X7.75 Y38.905 E.01589
G1 X10.255 Y36.4 E.1056
G1 X9.722 Y36.4 E.01589
G1 X7.75 Y38.372 E.08312
G1 X7.75 Y37.838 E.01589
G1 X9.188 Y36.4 E.06064
G1 X8.655 Y36.4 E.01589
G1 X7.58 Y37.475 E.04532
G1 E-.728 F1800
;WIPE_START
G1 F30000
G1 X8.428 Y36.626 E-.072
;WIPE_END
G1 X16.056 Y36.357 Z.8
G1 X28.88 Y35.906 Z.8
G1 Z.4
G1 E.8 F1800
G1 F15000
G1 X54.536 Y10.25 E1.08144
G1 X54.003 Y10.25 E.01589
G1 X29.05 Y35.203 E1.05181
G1 X29.05 Y34.669 E.01589
G1 X53.469 Y10.25 E1.02933
G1 X52.936 Y10.25 E.01589
G1 X29.05 Y34.136 E1.00685
G1 X29.05 Y33.603 E.01589
G1 X52.403 Y10.25 E.98437
G1 X51.87 Y10.25 E.01589
G1 X29.05 Y33.07 E.96189
G1 X29.05 Y32.536 E.01589
G1 X51.336 Y10.25 E.93942
G1 X50.803 Y10.25 E.01589
G1 X29.05 Y32.003 E.91694
G1 X29.05 Y31.47 E.01589
G1 X50.27 Y10.25 E.89446
G1 X49.737 Y10.25 E.01589
G1 X29.05 Y30.937 E.87198
G1 X29.05 Y30.403 E.01589
G1 X49.203 Y10.25 E.8495
G1 X48.67 Y10.25 E.01589
G1 X29.05 Y29.87 E.82703
G1 X29.05 Y29.337 E.01589
G1 X48.137 Y10.25 E.80455
G1 X47.603 Y10.25 E.01589
G1 X29.05 Y28.803 E.78207
G1 X29.05 Y28.27 E.01589
G1 X47.07 Y10.25 E.75959
G1 X46.537 Y10.25 E.01589
G1 X29.05 Y27.737 E.73711
G1 X29.05 Y27.204 E.01589
G1 X46.004 Y10.25 E.71464
G1 X45.47 Y10.25 E.01589
G1 X29.05 Y26.67 E.69216
G1 X29.05 Y26.137 E.01589
G1 X44.937 Y10.25 E.66968
G1 X44.404 Y10.25 E.01589
G1 X29.05 Y25.604 E.6472
G1 X29.05 Y25.071 E.01589
G1 X43.871 Y10.25 E.62472
G1 X43.337 Y10.25 E.01589
G1 X29.05 Y24.537 E.60225
G1 X29.05 Y24.004 E.01589
G1 X42.804 Y10.25 E.57977
G1 X42.271 Y10.25 E.01589
G1 X29.05 Y23.471 E.55729
G1 X29.05 Y22.937 E.01589
G1 X41.738 Y10.25 E.53481
G1 X41.204 Y10.25 E.01589
G1 X29.05 Y22.404 E.51234
G1 X29.05 Y21.871 E.01589
G1 X40.671 Y10.25 E.48986
G1 X40.138 Y10.25 E.01589
G1 X29.05 Y21.338 E.46738
G1 X29.05 Y20.804 E.01589
G1 X39.604 Y10.25 E.4449
G1 X39.071 Y10.25 E.01589
G1 X29.05 Y20.271 E.42242
G1 X29.05 Y19.738 E.01589
G1 X38.538 Y10.25 E.39995
G1 X38.005 Y10.25 E.01589
G1 X29.05 Y19.205 E.37747
G1 X29.05 Y18.671 E.01589
G1 X37.471 Y10.25 E.35499
G1 X36.938 Y10.25 E.01589
G1 X29.05 Y18.138 E.33251
G1 X29.05 Y17.605 E.01589
G1 X36.405 Y10.25 E.31003
G1 X35.872 Y10.25 E.01589
G1 X29.05 Y17.072 E.28756
G1 X29.05 Y16.538 E.01589
G1 X35.338 Y10.25 E.26508
G1 X34.805 Y10.25 E.01589
G1 X29.05 Y16.005 E.2426
G1 X29.05 Y15.472 E.01589
G1 X34.272 Y10.25 E.22012
G1 X33.738 Y10.25 E.01589
G1 X29.05 Y14.938 E.19764
G1 X29.05 Y14.405 E.01589
G1 X33.205 Y10.25 E.17517
G1 X32.672 Y10.25 E.01589
G1 X29.05 Y13.872 E.15269
G1 X29.05 Y13.339 E.01589
G1 X32.139 Y10.25 E.13021
G1 X31.605 Y10.25 E.01589
G1 X29.05 Y12.805 E.10773
G1 X29.05 Y12.272 E.01589
G1 X31.072 Y10.25 E.08525
G1 X30.539 Y10.25 E.01589
G1 X29.05 Y11.739 E.06278
G1 X29.05 Y11.206 E.01589
G1 X30.175 Y10.08 E.04745
G1 E-.728 F1800
;WIPE_START
G1 F30000
G1 X29.327 Y10.928 E-.072
;WIPE_END
G1 X32.783 Y17.733 Z.8
G1 X91.392 Y133.108 Z.8
G1 Z.4
G1 E.8 F1800
G1 F15000
G1 X90.058 Y134.442 E.0562
G1 X91.392 Y134.442 E.03974
G1 X91.392 Y133.148 E.03855
G1 E-.728 F1800
;WIPE_START
G1 F30000
G1 X91.392 Y134.348 E-.072
;WIPE_END
G1 X91.026 Y134.007 Z.8
G1 Z.4
G1 E.8 F1800
;WIDTH:0.44693
G1 F15000
G1 X90.976 Y134.007 E.00161
G1 X90.951 Y134.051 E.00161
G1 X90.976 Y134.095 E.00161
G1 X91.032 Y134.086 E.0018
;LAYER_CHANGE
;Z:0.6
;HEIGHT:0.2
;BEFORE_LAYER_CHANGE
;0.6
G92 E0

G1 E-.78752 F1800
;WIPE_START
G1 F30000
G1 X90.976 Y134.095 E-.00339
G1 X90.951 Y134.051 E-.00303
G1 X90.976 Y134.007 E-.00303
G1 X91.026 Y134.007 E-.00303
;WIPE_END
M73 L3
;LAYER:3
SET_PRINT_STATS_INFO TOTAL_LAYER=80 CURRENT_LAYER=3
;_SET_FAN_SPEED_CHANGING_LAYER

G1 X91.985 Y133.564 Z0.657143
G1 X92.9291 Y134.037 Z0.714286
G1 X93.1478 Y135.071 Z0.771429
G1 X92.4764 Y135.886 Z0.828571
G1 X91.4205 Y135.869 Z0.885714
G1 X90.7752 Y135.033 Z0.942857
G1 X91.0264 Y134.007 Z1
G1 X171.69 Y36.066 Z1
G1 Z.6
M73 P26 R45
G1 E.8 F1800
;TYPE:Inner wall
;WIDTH:0.45
G1 F6000
G1 X191.784 Y36.066 E.64655
G1 X191.784 Y134.834 E3.17801
G1 X107.416 Y134.834 E2.71467
G1 X107.416 Y9.916 E4.01943
G1 X170.484 Y9.916 E2.0293
G1 X170.484 Y36.066 E.84142
G1 X171.65 Y36.066 E.03753
G1 X171.69 Y35.659 F30000
G1 F6000
G1 X192.191 Y35.659 E.65965
G1 X192.191 Y135.241 E3.20421
G1 X107.009 Y135.241 E2.74086
G1 X107.009 Y9.509 E4.04563
G1 X170.891 Y9.509 E2.0555
G1 X170.891 Y35.659 E.84142
G1 X171.65 Y35.659 E.02443
M73 P27 R45
G1 X171.69 Y35.252 F30000
G1 F6000
G1 X192.598 Y35.252 E.67275
G1 X192.598 Y135.648 E3.2304
G1 X106.602 Y135.648 E2.76706
G1 X106.602 Y9.102 E4.07182
G1 X171.298 Y9.102 E2.0817
G1 X171.298 Y35.252 E.84142
G1 X171.65 Y35.252 E.01133
SET_VELOCITY_LIMIT ACCEL=5000
G1 X171.69 Y34.86 F30000
;TYPE:Outer wall
;WIDTH:0.42
G1 F3600
G1 X192.21 Y34.86 E.61161
G1 X192.21 Y23.56 E.3368
G1 X192.99 Y23.56 E.02325
G1 X192.99 Y136.04 E3.35251
G1 X106.21 Y136.04 E2.58651
G1 X106.21 Y8.71 E3.79512
G1 X171.69 Y8.71 E1.95166
G1 X171.69 Y34.82 E.77822
G1 E-.728 F1800
;WIPE_START
G1 F30000
G1 X172.89 Y34.822 E-.072
;WIPE_END
G1 X180.496 Y35.462 Z1
G1 X189.614 Y36.23 Z1
G1 Z.6
G1 E.8 F1800
SET_VELOCITY_LIMIT ACCEL=10000
;TYPE:Internal solid infill
;WIDTH:0.419999
G1 F15000
G1 X191.45 Y38.067 E.07742
G1 X191.45 Y38.6 E.01589
G1 X189.25 Y36.4 E.09275
G1 X188.717 Y36.4 E.01589
G1 X191.45 Y39.133 E.11523
G1 X191.45 Y39.666 E.01589
G1 X188.184 Y36.4 E.13771
G1 X187.65 Y36.4 E.01589
G1 X191.45 Y40.2 E.16018
G1 X191.45 Y40.733 E.01589
G1 X187.117 Y36.4 E.18266
G1 X186.584 Y36.4 E.01589
G1 X191.45 Y41.266 E.20514
G1 X191.45 Y41.8 E.01589
G1 X186.05 Y36.4 E.22762
G1 X185.517 Y36.4 E.01589
G1 X191.45 Y42.333 E.2501
G1 X191.45 Y42.866 E.01589
G1 X184.984 Y36.4 E.27257
G1 X184.451 Y36.4 E.01589
G1 X191.45 Y43.399 E.29505
G1 X191.45 Y43.933 E.01589
G1 X183.917 Y36.4 E.31753
G1 X183.384 Y36.4 E.01589
G1 X191.45 Y44.466 E.34001
G1 X191.45 Y44.999 E.01589
G1 X182.851 Y36.4 E.36249
G1 X182.318 Y36.4 E.01589
G1 X191.45 Y45.532 E.38496
G1 X191.45 Y46.066 E.01589
G1 X181.784 Y36.4 E.40744
G1 X181.251 Y36.4 E.01589
G1 X191.45 Y46.599 E.42992
G1 X191.45 Y47.132 E.01589
G1 X180.718 Y36.4 E.4524
G1 X180.184 Y36.4 E.01589
G1 X191.45 Y47.666 E.47488
G1 X191.45 Y48.199 E.01589
G1 X179.651 Y36.4 E.49735
G1 X179.118 Y36.4 E.01589
G1 X191.45 Y48.732 E.51983
G1 X191.45 Y49.265 E.01589
G1 X178.585 Y36.4 E.54231
G1 X178.051 Y36.4 E.01589
G1 X191.45 Y49.799 E.56479
G1 X191.45 Y50.332 E.01589
G1 X177.518 Y36.4 E.58726
G1 X176.985 Y36.4 E.01589
G1 X191.45 Y50.865 E.60974
G1 X191.45 Y51.398 E.01589
G1 X176.452 Y36.4 E.63222
G1 X175.918 Y36.4 E.01589
G1 X191.45 Y51.932 E.6547
G1 X191.45 Y52.465 E.01589
G1 X175.385 Y36.4 E.67718
G1 X174.852 Y36.4 E.01589
G1 X191.45 Y52.998 E.69965
G1 X191.45 Y53.531 E.01589
G1 X174.319 Y36.4 E.72213
G1 X173.785 Y36.4 E.01589
G1 X191.45 Y54.065 E.74461
G1 X191.45 Y54.598 E.01589
G1 X173.252 Y36.4 E.76709
G1 X172.719 Y36.4 E.01589
G1 X191.45 Y55.131 E.78957
G1 X191.45 Y55.665 E.01589
G1 X172.185 Y36.4 E.81204
G1 X171.652 Y36.4 E.01589
G1 X191.45 Y56.198 E.83452
G1 X191.45 Y56.731 E.01589
G1 X170.949 Y36.23 E.86415
G1 E-.728 F1800
;WIPE_START
G1 F30000
G1 X171.798 Y37.078 E-.072
;WIPE_END
G1 X171.346 Y29.459 Z1
G1 X170.32 Y12.137 Z1
G1 Z.6
G1 E.8 F1800
G1 F15000
G1 X168.433 Y10.25 E.07956
G1 X167.9 Y10.25 E.01589
G1 X170.151 Y12.5 E.09488
G1 X170.151 Y13.034 E.01589
G1 X167.366 Y10.25 E.11736
G1 X166.833 Y10.25 E.01589
G1 X170.151 Y13.567 E.13984
G1 X170.151 Y14.1 E.01589
G1 X166.3 Y10.25 E.16232
G1 X165.766 Y10.25 E.01589
G1 X170.151 Y14.634 E.18479
G1 X170.151 Y15.167 E.01589
G1 X165.233 Y10.25 E.20727
G1 X164.7 Y10.25 E.01589
G1 X170.151 Y15.7 E.22975
G1 X170.151 Y16.233 E.01589
G1 X164.167 Y10.25 E.25223
G1 X163.633 Y10.25 E.01589
G1 X170.151 Y16.767 E.27471
G1 X170.151 Y17.3 E.01589
G1 X163.1 Y10.25 E.29718
G1 X162.567 Y10.25 E.01589
G1 X170.151 Y17.833 E.31966
G1 X170.151 Y18.366 E.01589
G1 X162.034 Y10.25 E.34214
G1 X161.5 Y10.25 E.01589
G1 X170.151 Y18.9 E.36462
G1 X170.151 Y19.433 E.01589
G1 X160.967 Y10.25 E.38709
G1 X160.434 Y10.25 E.01589
G1 X170.151 Y19.966 E.40957
G1 X170.151 Y20.5 E.01589
G1 X159.9 Y10.25 E.43205
G1 X159.367 Y10.25 E.01589
G1 X170.151 Y21.033 E.45453
G1 X170.151 Y21.566 E.01589
G1 X158.834 Y10.25 E.47701
G1 X158.301 Y10.25 E.01589
G1 X170.151 Y22.099 E.49948
G1 X170.151 Y22.633 E.01589
G1 X157.767 Y10.25 E.52196
G1 X157.234 Y10.25 E.01589
G1 X170.151 Y23.166 E.54444
G1 X170.151 Y23.699 E.01589
G1 X156.701 Y10.25 E.56692
G1 X156.168 Y10.25 E.01589
G1 X170.151 Y24.232 E.5894
G1 X170.151 Y24.766 E.01589
G1 X155.634 Y10.25 E.61187
G1 X155.101 Y10.25 E.01589
G1 X170.151 Y25.299 E.63435
G1 X170.151 Y25.832 E.01589
G1 X154.568 Y10.25 E.65683
G1 X154.034 Y10.25 E.01589
G1 X170.151 Y26.366 E.67931
G1 X170.151 Y26.899 E.01589
G1 X153.501 Y10.25 E.70179
G1 X152.968 Y10.25 E.01589
G1 X170.151 Y27.432 E.72426
G1 X170.151 Y27.965 E.01589
G1 X152.435 Y10.25 E.74674
G1 X151.901 Y10.25 E.01589
G1 X170.151 Y28.499 E.76922
G1 X170.151 Y29.032 E.01589
G1 X151.368 Y10.25 E.7917
G1 X150.835 Y10.25 E.01589
G1 X170.151 Y29.565 E.81418
G1 X170.151 Y30.098 E.01589
G1 X150.302 Y10.25 E.83665
G1 X149.768 Y10.25 E.01589
G1 X170.151 Y30.632 E.85913
G1 X170.151 Y31.165 E.01589
G1 X149.235 Y10.25 E.88161
G1 X148.702 Y10.25 E.01589
G1 X170.151 Y31.698 E.90409
G1 X170.151 Y32.231 E.01589
G1 X148.169 Y10.25 E.92657
G1 X147.635 Y10.25 E.01589
G1 X170.151 Y32.765 E.94904
G1 X170.151 Y33.298 E.01589
G1 X147.102 Y10.25 E.97152
G1 X146.569 Y10.25 E.01589
G1 X170.151 Y33.831 E.994
G1 X170.151 Y34.365 E.01589
G1 X146.035 Y10.25 E1.01648
G1 X145.502 Y10.25 E.01589
G1 X170.151 Y34.898 E1.03896
G1 X170.151 Y35.431 E.01589
G1 X144.969 Y10.25 E1.06143
G1 X144.436 Y10.25 E.01589
G1 X170.151 Y35.964 E1.08391
G1 X170.151 Y36.4 E.01297
G1 X170.586 Y36.4 E.01297
G1 X191.45 Y57.264 E.87948
G1 X191.45 Y57.798 E.01589
G1 X143.902 Y10.25 E2.00421
G1 X143.369 Y10.25 E.01589
G1 X191.45 Y58.331 E2.02669
G1 X191.45 Y58.864 E.01589
G1 X142.836 Y10.25 E2.04916
G1 X142.303 Y10.25 E.01589
G1 X191.45 Y59.397 E2.07164
G1 X191.45 Y59.931 E.01589
G1 X141.769 Y10.25 E2.09412
G1 X141.236 Y10.25 E.01589
G1 X191.45 Y60.464 E2.1166
G1 X191.45 Y60.997 E.01589
G1 X140.703 Y10.25 E2.13908
G1 X140.169 Y10.25 E.01589
G1 X191.45 Y61.531 E2.16155
G1 X191.45 Y62.064 E.01589
G1 X139.636 Y10.25 E2.18403
G1 X139.103 Y10.25 E.01589
G1 X191.45 Y62.597 E2.20651
G1 X191.45 Y63.13 E.01589
G1 X138.57 Y10.25 E2.22899
G1 X138.036 Y10.25 E.01589
G1 X191.45 Y63.664 E2.25147
G1 X191.45 Y64.197 E.01589
G1 X137.503 Y10.25 E2.27394
G1 X136.97 Y10.25 E.01589
G1 X191.45 Y64.73 E2.29642
G1 X191.45 Y65.263 E.01589
G1 X136.437 Y10.25 E2.3189
G1 X135.903 Y10.25 E.01589
G1 X191.45 Y65.797 E2.34138
G1 X191.45 Y66.33 E.01589
G1 X135.37 Y10.25 E2.36386
G1 X134.837 Y10.25 E.01589
G1 X191.45 Y66.863 E2.38633
G1 X191.45 Y67.397 E.01589
G1 X134.303 Y10.25 E2.40881
G1 X133.77 Y10.25 E.01589
G1 X191.45 Y67.93 E2.43129
G1 X191.45 Y68.463 E.01589
G1 X133.237 Y10.25 E2.45377
G1 X132.704 Y10.25 E.01589
G1 X191.45 Y68.996 E2.47624
G1 X191.45 Y69.53 E.01589
G1 X132.17 Y10.25 E2.49872
G1 X131.637 Y10.25 E.01589
G1 X191.45 Y70.063 E2.5212
G1 X191.45 Y70.596 E.01589
G1 X131.104 Y10.25 E2.54368
G1 X130.571 Y10.25 E.01589
G1 X191.45 Y71.129 E2.56616
G1 X191.45 Y71.663 E.01589
G1 X130.037 Y10.25 E2.58863
G1 X129.504 Y10.25 E.01589
G1 X191.45 Y72.196 E2.61111
G1 X191.45 Y72.729 E.01589
G1 X128.971 Y10.25 E2.63359
G1 X128.438 Y10.25 E.01589
G1 X191.45 Y73.262 E2.65607
G1 X191.45 Y73.796 E.01589
G1 X127.904 Y10.25 E2.67855
G1 X127.371 Y10.25 E.01589
G1 X191.45 Y74.329 E2.70102
G1 X191.45 Y74.862 E.01589
G1 X126.838 Y10.25 E2.7235
G1 X126.304 Y10.25 E.01589
G1 X191.45 Y75.396 E2.74598
G1 X191.45 Y75.929 E.01589
G1 X125.771 Y10.25 E2.76846
G1 X125.238 Y10.25 E.01589
G1 X191.45 Y76.462 E2.79094
G1 X191.45 Y76.995 E.01589
G1 X124.705 Y10.25 E2.81341
G1 X124.171 Y10.25 E.01589
G1 X191.45 Y77.529 E2.83589
G1 X191.45 Y78.062 E.01589
G1 X123.638 Y10.25 E2.85837
G1 X123.105 Y10.25 E.01589
G1 X191.45 Y78.595 E2.88085
G1 X191.45 Y79.128 E.01589
G1 X122.572 Y10.25 E2.90333
G1 X122.038 Y10.25 E.01589
G1 X191.45 Y79.662 E2.9258
G1 X191.45 Y80.195 E.01589
G1 X121.505 Y10.25 E2.94828
G1 X120.972 Y10.25 E.01589
G1 X191.45 Y80.728 E2.97076
G1 X191.45 Y81.262 E.01589
M73 P28 R45
G1 X120.438 Y10.25 E2.99324
G1 X119.905 Y10.25 E.01589
G1 X191.45 Y81.795 E3.01572
G1 X191.45 Y82.328 E.01589
G1 X119.372 Y10.25 E3.03819
G1 X118.839 Y10.25 E.01589
G1 X191.45 Y82.861 E3.06067
G1 X191.45 Y83.395 E.01589
G1 X118.305 Y10.25 E3.08315
G1 X117.772 Y10.25 E.01589
G1 X191.45 Y83.928 E3.10563
G1 X191.45 Y84.461 E.01589
G1 X117.239 Y10.25 E3.12811
G1 X116.706 Y10.25 E.01589
G1 X191.45 Y84.994 E3.15058
G1 X191.45 Y85.528 E.01589
G1 X116.172 Y10.25 E3.17306
G1 X115.639 Y10.25 E.01589
G1 X191.45 Y86.061 E3.19554
G1 X191.451 Y86.594 E.01589
G1 X115.106 Y10.25 E3.21802
G1 X114.572 Y10.25 E.01589
G1 X191.451 Y87.128 E3.24049
G1 X191.451 Y87.661 E.01589
G1 X114.039 Y10.25 E3.26297
G1 X113.506 Y10.25 E.01589
G1 X191.451 Y88.194 E3.28545
G1 X191.451 Y88.727 E.01589
G1 X112.973 Y10.25 E3.30793
G1 X112.439 Y10.25 E.01589
G1 X191.451 Y89.261 E3.33041
G1 X191.451 Y89.794 E.01589
G1 X111.906 Y10.25 E3.35288
G1 X111.373 Y10.25 E.01589
G1 X191.451 Y90.327 E3.37536
G1 X191.451 Y90.86 E.01589
G1 X110.84 Y10.25 E3.39784
G1 X110.306 Y10.25 E.01589
G1 X191.451 Y91.394 E3.42032
G1 X191.451 Y91.927 E.01589
G1 X109.773 Y10.25 E3.4428
G1 X109.24 Y10.25 E.01589
G1 X191.451 Y92.46 E3.46527
G1 X191.451 Y92.993 E.01589
G1 X108.707 Y10.25 E3.48775
G1 X108.173 Y10.25 E.01589
G1 X191.451 Y93.527 E3.51023
G1 X191.451 Y94.06 E.01589
G1 X107.75 Y10.359 E3.52809
G1 X107.75 Y10.892 E.01589
G1 X191.45 Y94.593 E3.52809
G1 X191.45 Y95.127 E.01589
G1 X107.75 Y11.426 E3.52809
G1 X107.75 Y11.959 E.01589
G1 X191.45 Y95.66 E3.52809
G1 X191.45 Y96.193 E.01589
G1 X107.75 Y12.492 E3.52809
G1 X107.75 Y13.025 E.01589
M73 P28 R44
G1 X191.45 Y96.726 E3.52809
G1 X191.45 Y97.26 E.01589
G1 X107.75 Y13.559 E3.52809
G1 X107.75 Y14.092 E.01589
G1 X191.45 Y97.793 E3.52809
G1 X191.45 Y98.326 E.01589
G1 X107.75 Y14.625 E3.52809
G1 X107.75 Y15.158 E.01589
G1 X191.45 Y98.859 E3.52809
G1 X191.45 Y99.393 E.01589
G1 X107.75 Y15.692 E3.52809
G1 X107.75 Y16.225 E.01589
G1 X191.45 Y99.926 E3.52809
G1 X191.45 Y100.459 E.01589
G1 X107.75 Y16.758 E3.52809
G1 X107.75 Y17.292 E.01589
G1 X191.45 Y100.993 E3.52809
G1 X191.45 Y101.526 E.01589
G1 X107.75 Y17.825 E3.52809
G1 X107.75 Y18.358 E.01589
G1 X191.45 Y102.059 E3.52809
G1 X191.45 Y102.592 E.01589
G1 X107.75 Y18.891 E3.52809
G1 X107.75 Y19.425 E.01589
G1 X191.45 Y103.126 E3.52809
G1 X191.45 Y103.659 E.01589
G1 X107.75 Y19.958 E3.52809
G1 X107.75 Y20.491 E.01589
G1 X191.45 Y104.192 E3.52809
G1 X191.45 Y104.725 E.01589
G1 X107.75 Y21.024 E3.52809
G1 X107.75 Y21.558 E.01589
G1 X191.45 Y105.259 E3.52809
G1 X191.45 Y105.792 E.01589
G1 X107.75 Y22.091 E3.52809
G1 X107.75 Y22.624 E.01589
G1 X191.45 Y106.325 E3.52809
G1 X191.45 Y106.859 E.01589
G1 X107.75 Y23.158 E3.52809
G1 X107.75 Y23.691 E.01589
G1 X191.45 Y107.392 E3.52809
G1 X191.45 Y107.925 E.01589
G1 X107.75 Y24.224 E3.52809
G1 X107.75 Y24.757 E.01589
G1 X191.45 Y108.458 E3.52809
G1 X191.45 Y108.992 E.01589
G1 X107.75 Y25.291 E3.52809
G1 X107.75 Y25.824 E.01589
G1 X191.45 Y109.525 E3.52809
G1 X191.45 Y110.058 E.01589
G1 X107.75 Y26.357 E3.52809
G1 X107.75 Y26.89 E.01589
G1 X191.45 Y110.591 E3.52809
G1 X191.45 Y111.125 E.01589
G1 X107.75 Y27.424 E3.52809
G1 X107.75 Y27.957 E.01589
G1 X191.45 Y111.658 E3.52809
G1 X191.45 Y112.191 E.01589
G1 X107.75 Y28.49 E3.52809
G1 X107.75 Y29.023 E.01589
G1 X191.45 Y112.724 E3.52809
G1 X191.45 Y113.258 E.01589
G1 X107.75 Y29.557 E3.52809
G1 X107.75 Y30.09 E.01589
G1 X191.45 Y113.791 E3.52809
G1 X191.45 Y114.324 E.01589
G1 X107.75 Y30.623 E3.52809
G1 X107.75 Y31.157 E.01589
G1 X191.45 Y114.858 E3.52809
G1 X191.45 Y115.391 E.01589
G1 X107.75 Y31.69 E3.52809
G1 X107.75 Y32.223 E.01589
G1 X191.45 Y115.924 E3.52809
G1 X191.45 Y116.457 E.01589
G1 X107.75 Y32.756 E3.52809
G1 X107.75 Y33.29 E.01589
G1 X191.45 Y116.991 E3.52809
G1 X191.45 Y117.524 E.01589
G1 X107.75 Y33.823 E3.52809
G1 X107.75 Y34.356 E.01589
G1 X191.45 Y118.057 E3.52809
G1 X191.45 Y118.59 E.01589
G1 X107.75 Y34.889 E3.52809
G1 X107.75 Y35.423 E.01589
G1 X191.45 Y119.124 E3.52809
G1 X191.45 Y119.657 E.01589
G1 X107.75 Y35.956 E3.52809
G1 X107.75 Y36.489 E.01589
G1 X191.45 Y120.19 E3.52809
G1 X191.45 Y120.724 E.01589
G1 X107.75 Y37.023 E3.52809
G1 X107.75 Y37.556 E.01589
G1 X191.45 Y121.257 E3.52809
G1 X191.45 Y121.79 E.01589
M73 P29 R44
G1 X107.75 Y38.089 E3.52809
G1 X107.75 Y38.622 E.01589
G1 X191.45 Y122.323 E3.52809
G1 X191.45 Y122.857 E.01589
G1 X107.75 Y39.156 E3.52809
G1 X107.75 Y39.689 E.01589
G1 X191.45 Y123.39 E3.52809
G1 X191.45 Y123.923 E.01589
G1 X107.75 Y40.222 E3.52809
G1 X107.75 Y40.755 E.01589
G1 X191.45 Y124.456 E3.52809
G1 X191.45 Y124.99 E.01589
G1 X107.75 Y41.289 E3.52809
G1 X107.75 Y41.822 E.01589
G1 X191.45 Y125.523 E3.52809
G1 X191.45 Y126.056 E.01589
G1 X107.75 Y42.355 E3.52809
G1 X107.75 Y42.889 E.01589
G1 X191.45 Y126.59 E3.52809
G1 X191.45 Y127.123 E.01589
G1 X107.75 Y43.422 E3.52809
G1 X107.75 Y43.955 E.01589
G1 X191.45 Y127.656 E3.52809
G1 X191.45 Y128.189 E.01589
G1 X107.75 Y44.488 E3.52809
G1 X107.75 Y45.022 E.01589
G1 X191.45 Y128.723 E3.52809
G1 X191.45 Y129.256 E.01589
G1 X107.75 Y45.555 E3.52809
G1 X107.75 Y46.088 E.01589
G1 X191.45 Y129.789 E3.52809
G1 X191.45 Y130.322 E.01589
G1 X107.75 Y46.621 E3.52809
G1 X107.75 Y47.155 E.01589
G1 X191.45 Y130.856 E3.52809
G1 X191.45 Y131.389 E.01589
G1 X107.75 Y47.688 E3.52809
G1 X107.75 Y48.221 E.01589
G1 X191.45 Y131.922 E3.52809
G1 X191.45 Y132.455 E.01589
G1 X107.75 Y48.754 E3.52809
G1 X107.75 Y49.288 E.01589
G1 X191.45 Y132.989 E3.52809
G1 X191.45 Y133.522 E.01589
G1 X107.75 Y49.821 E3.52809
G1 X107.75 Y50.354 E.01589
G1 X191.45 Y134.055 E3.52809
G1 X191.45 Y134.501 E.01327
G1 X191.362 Y134.501 E.00262
G1 X107.75 Y50.888 E3.52438
G1 X107.75 Y51.421 E.01589
G1 X190.829 Y134.501 E3.5019
G1 X190.296 Y134.501 E.01589
G1 X107.75 Y51.954 E3.47942
G1 X107.75 Y52.487 E.01589
G1 X189.763 Y134.501 E3.45695
G1 X189.229 Y134.501 E.01589
G1 X107.75 Y53.021 E3.43447
G1 X107.75 Y53.554 E.01589
G1 X188.696 Y134.501 E3.41199
G1 X188.163 Y134.501 E.01589
G1 X107.75 Y54.087 E3.38951
G1 X107.75 Y54.62 E.01589
G1 X187.63 Y134.501 E3.36703
G1 X187.096 Y134.501 E.01589
G1 X107.75 Y55.154 E3.34456
G1 X107.75 Y55.687 E.01589
G1 X186.563 Y134.501 E3.32208
G1 X186.03 Y134.501 E.01589
G1 X107.75 Y56.22 E3.2996
G1 X107.75 Y56.754 E.01589
G1 X185.496 Y134.501 E3.27712
G1 X184.963 Y134.501 E.01589
G1 X107.75 Y57.287 E3.25464
G1 X107.75 Y57.82 E.01589
G1 X184.43 Y134.501 E3.23217
G1 X183.897 Y134.501 E.01589
G1 X107.75 Y58.353 E3.20969
G1 X107.75 Y58.887 E.01589
G1 X183.363 Y134.501 E3.18721
G1 X182.83 Y134.501 E.01589
G1 X107.75 Y59.42 E3.16473
G1 X107.75 Y59.953 E.01589
G1 X182.297 Y134.501 E3.14225
G1 X181.764 Y134.501 E.01589
G1 X107.75 Y60.486 E3.11978
G1 X107.75 Y61.02 E.01589
G1 X181.23 Y134.501 E3.0973
G1 X180.697 Y134.501 E.01589
G1 X107.75 Y61.553 E3.07482
G1 X107.75 Y62.086 E.01589
G1 X180.164 Y134.501 E3.05234
G1 X179.63 Y134.501 E.01589
G1 X107.75 Y62.62 E3.02986
G1 X107.75 Y63.153 E.01589
G1 X179.097 Y134.501 E3.00739
G1 X178.564 Y134.501 E.01589
G1 X107.75 Y63.686 E2.98491
G1 X107.75 Y64.219 E.01589
G1 X178.031 Y134.501 E2.96243
G1 X177.497 Y134.501 E.01589
G1 X107.75 Y64.753 E2.93995
G1 X107.75 Y65.286 E.01589
G1 X176.964 Y134.501 E2.91747
G1 X176.431 Y134.501 E.01589
G1 X107.75 Y65.819 E2.895
G1 X107.75 Y66.352 E.01589
G1 X175.898 Y134.501 E2.87252
G1 X175.364 Y134.501 E.01589
G1 X107.75 Y66.886 E2.85004
G1 X107.75 Y67.419 E.01589
G1 X174.831 Y134.501 E2.82756
G1 X174.298 Y134.501 E.01589
G1 X107.75 Y67.952 E2.80509
G1 X107.75 Y68.485 E.01589
G1 X173.765 Y134.501 E2.78261
G1 X173.231 Y134.501 E.01589
G1 X107.75 Y69.019 E2.76013
G1 X107.75 Y69.552 E.01589
G1 X172.698 Y134.501 E2.73765
G1 X172.165 Y134.501 E.01589
G1 X107.75 Y70.085 E2.71517
G1 X107.75 Y70.619 E.01589
G1 X171.631 Y134.501 E2.6927
G1 X171.098 Y134.501 E.01589
G1 X107.75 Y71.152 E2.67022
G1 X107.75 Y71.685 E.01589
G1 X170.565 Y134.501 E2.64774
G1 X170.032 Y134.501 E.01589
G1 X107.75 Y72.218 E2.62526
G1 X107.75 Y72.752 E.01589
G1 X169.498 Y134.501 E2.60278
G1 X168.965 Y134.501 E.01589
G1 X107.75 Y73.285 E2.58031
G1 X107.75 Y73.818 E.01589
G1 X168.432 Y134.501 E2.55783
G1 X167.899 Y134.501 E.01589
G1 X107.75 Y74.351 E2.53535
G1 X107.75 Y74.885 E.01589
G1 X167.365 Y134.501 E2.51287
G1 X166.832 Y134.501 E.01589
G1 X107.75 Y75.418 E2.49039
G1 X107.75 Y75.951 E.01589
G1 X166.299 Y134.501 E2.46792
G1 X165.765 Y134.501 E.01589
G1 X107.75 Y76.485 E2.44544
G1 X107.75 Y77.018 E.01589
G1 X165.232 Y134.501 E2.42296
G1 X164.699 Y134.501 E.01589
G1 X107.75 Y77.551 E2.40048
G1 X107.75 Y78.084 E.01589
G1 X164.166 Y134.501 E2.378
G1 X163.632 Y134.501 E.01589
G1 X107.75 Y78.618 E2.35553
G1 X107.75 Y79.151 E.01589
G1 X163.099 Y134.501 E2.33305
G1 X162.566 Y134.501 E.01589
G1 X107.75 Y79.684 E2.31057
G1 X107.75 Y80.217 E.01589
G1 X162.033 Y134.501 E2.28809
G1 X161.499 Y134.501 E.01589
M73 P29 R43
G1 X107.75 Y80.751 E2.26561
G1 X107.75 Y81.284 E.01589
G1 X160.966 Y134.501 E2.24314
G1 X160.433 Y134.501 E.01589
G1 X107.75 Y81.817 E2.22066
G1 X107.75 Y82.351 E.01589
G1 X159.899 Y134.501 E2.19818
G1 X159.366 Y134.501 E.01589
M73 P30 R43
G1 X107.75 Y82.884 E2.1757
G1 X107.75 Y83.417 E.01589
G1 X158.833 Y134.501 E2.15322
G1 X158.3 Y134.501 E.01589
G1 X107.75 Y83.95 E2.13075
G1 X107.75 Y84.484 E.01589
G1 X157.766 Y134.501 E2.10827
G1 X157.233 Y134.501 E.01589
G1 X107.75 Y85.017 E2.08579
G1 X107.75 Y85.55 E.01589
G1 X156.7 Y134.501 E2.06331
G1 X156.167 Y134.501 E.01589
G1 X107.75 Y86.083 E2.04084
G1 X107.75 Y86.617 E.01589
G1 X155.633 Y134.501 E2.01836
G1 X155.1 Y134.501 E.01589
G1 X107.75 Y87.15 E1.99588
G1 X107.75 Y87.683 E.01589
G1 X154.567 Y134.501 E1.9734
G1 X154.034 Y134.501 E.01589
G1 X107.75 Y88.216 E1.95092
G1 X107.75 Y88.75 E.01589
G1 X153.5 Y134.501 E1.92845
G1 X152.967 Y134.501 E.01589
G1 X107.75 Y89.283 E1.90597
G1 X107.75 Y89.816 E.01589
G1 X152.434 Y134.501 E1.88349
G1 X151.9 Y134.501 E.01589
G1 X107.75 Y90.35 E1.86101
G1 X107.75 Y90.883 E.01589
G1 X151.367 Y134.501 E1.83853
G1 X150.834 Y134.501 E.01589
G1 X107.75 Y91.416 E1.81606
G1 X107.75 Y91.949 E.01589
G1 X150.301 Y134.501 E1.79358
G1 X149.767 Y134.501 E.01589
G1 X107.75 Y92.483 E1.7711
G1 X107.75 Y93.016 E.01589
G1 X149.234 Y134.501 E1.74862
G1 X148.701 Y134.501 E.01589
G1 X107.75 Y93.549 E1.72614
G1 X107.75 Y94.082 E.01589
G1 X148.168 Y134.501 E1.70367
G1 X147.634 Y134.501 E.01589
G1 X107.75 Y94.616 E1.68119
G1 X107.75 Y95.149 E.01589
G1 X147.101 Y134.501 E1.65871
G1 X146.568 Y134.501 E.01589
G1 X107.75 Y95.682 E1.63623
G1 X107.75 Y96.216 E.01589
G1 X146.034 Y134.501 E1.61375
G1 X145.501 Y134.501 E.01589
G1 X107.75 Y96.749 E1.59128
G1 X107.75 Y97.282 E.01589
G1 X144.968 Y134.501 E1.5688
G1 X144.435 Y134.501 E.01589
G1 X107.75 Y97.815 E1.54632
G1 X107.75 Y98.349 E.01589
G1 X143.901 Y134.501 E1.52384
G1 X143.368 Y134.501 E.01589
G1 X107.75 Y98.882 E1.50136
G1 X107.75 Y99.415 E.01589
G1 X142.835 Y134.501 E1.47889
G1 X142.302 Y134.501 E.01589
G1 X107.75 Y99.948 E1.45641
G1 X107.75 Y100.482 E.01589
G1 X141.768 Y134.501 E1.43393
G1 X141.235 Y134.501 E.01589
G1 X107.75 Y101.015 E1.41145
G1 X107.75 Y101.548 E.01589
G1 X140.702 Y134.501 E1.38897
G1 X140.168 Y134.501 E.01589
G1 X107.75 Y102.082 E1.3665
G1 X107.75 Y102.615 E.01589
G1 X139.635 Y134.501 E1.34402
G1 X139.102 Y134.501 E.01589
G1 X107.75 Y103.148 E1.32154
G1 X107.75 Y103.681 E.01589
G1 X138.569 Y134.501 E1.29906
G1 X138.035 Y134.501 E.01589
G1 X107.75 Y104.215 E1.27658
G1 X107.75 Y104.748 E.01589
G1 X137.502 Y134.501 E1.25411
G1 X136.969 Y134.501 E.01589
G1 X107.75 Y105.281 E1.23163
G1 X107.75 Y105.814 E.01589
G1 X136.436 Y134.501 E1.20915
G1 X135.902 Y134.501 E.01589
G1 X107.75 Y106.348 E1.18667
G1 X107.75 Y106.881 E.01589
G1 X135.369 Y134.501 E1.1642
G1 X134.836 Y134.501 E.01589
G1 X107.75 Y107.414 E1.14172
G1 X107.75 Y107.947 E.01589
G1 X134.303 Y134.501 E1.11924
G1 X133.769 Y134.501 E.01589
G1 X107.75 Y108.481 E1.09676
G1 X107.75 Y109.014 E.01589
G1 X133.236 Y134.501 E1.07428
G1 X132.703 Y134.501 E.01589
G1 X107.75 Y109.547 E1.05181
G1 X107.75 Y110.081 E.01589
G1 X132.169 Y134.501 E1.02933
G1 X131.636 Y134.501 E.01589
G1 X107.75 Y110.614 E1.00685
G1 X107.75 Y111.147 E.01589
G1 X131.103 Y134.501 E.98437
G1 X130.57 Y134.501 E.01589
G1 X107.75 Y111.68 E.96189
G1 X107.75 Y112.214 E.01589
G1 X130.036 Y134.501 E.93942
G1 X129.503 Y134.501 E.01589
G1 X107.75 Y112.747 E.91694
G1 X107.75 Y113.28 E.01589
G1 X128.97 Y134.501 E.89446
G1 X128.437 Y134.501 E.01589
G1 X107.75 Y113.813 E.87198
G1 X107.75 Y114.347 E.01589
G1 X127.903 Y134.501 E.8495
G1 X127.37 Y134.501 E.01589
G1 X107.75 Y114.88 E.82703
G1 X107.75 Y115.413 E.01589
G1 X126.837 Y134.501 E.80455
G1 X126.303 Y134.501 E.01589
G1 X107.75 Y115.947 E.78207
G1 X107.75 Y116.48 E.01589
G1 X125.77 Y134.501 E.75959
G1 X125.237 Y134.501 E.01589
G1 X107.75 Y117.013 E.73711
G1 X107.75 Y117.546 E.01589
G1 X124.704 Y134.501 E.71464
G1 X124.17 Y134.501 E.01589
G1 X107.75 Y118.08 E.69216
G1 X107.75 Y118.613 E.01589
G1 X123.637 Y134.501 E.66968
G1 X123.104 Y134.501 E.01589
G1 X107.75 Y119.146 E.6472
G1 X107.75 Y119.679 E.01589
G1 X122.571 Y134.501 E.62472
G1 X122.037 Y134.501 E.01589
G1 X107.75 Y120.213 E.60225
G1 X107.75 Y120.746 E.01589
G1 X121.504 Y134.501 E.57977
G1 X120.971 Y134.501 E.01589
G1 X107.75 Y121.279 E.55729
G1 X107.75 Y121.813 E.01589
G1 X120.437 Y134.501 E.53481
G1 X119.904 Y134.501 E.01589
G1 X107.75 Y122.346 E.51233
G1 X107.75 Y122.879 E.01589
G1 X119.371 Y134.501 E.48986
G1 X118.838 Y134.501 E.01589
G1 X107.75 Y123.412 E.46738
G1 X107.75 Y123.946 E.01589
G1 X118.304 Y134.501 E.4449
G1 X117.771 Y134.501 E.01589
G1 X107.75 Y124.479 E.42242
G1 X107.75 Y125.012 E.01589
G1 X117.238 Y134.501 E.39995
G1 X116.705 Y134.501 E.01589
G1 X107.75 Y125.545 E.37747
G1 X107.75 Y126.079 E.01589
G1 X116.171 Y134.501 E.35499
G1 X115.638 Y134.501 E.01589
G1 X107.75 Y126.612 E.33251
G1 X107.75 Y127.145 E.01589
G1 X115.105 Y134.501 E.31003
G1 X114.572 Y134.501 E.01589
G1 X107.75 Y127.678 E.28756
G1 X107.75 Y128.212 E.01589
G1 X114.038 Y134.501 E.26508
G1 X113.505 Y134.501 E.01589
G1 X107.75 Y128.745 E.2426
G1 X107.75 Y129.278 E.01589
G1 X112.972 Y134.501 E.22012
G1 X112.438 Y134.501 E.01589
G1 X107.75 Y129.812 E.19764
G1 X107.75 Y130.345 E.01589
G1 X111.905 Y134.501 E.17517
G1 X111.372 Y134.501 E.01589
G1 X107.75 Y130.878 E.15269
G1 X107.75 Y131.411 E.01589
G1 X110.839 Y134.501 E.13021
G1 X110.305 Y134.501 E.01589
G1 X107.75 Y131.945 E.10773
G1 X107.75 Y132.478 E.01589
G1 X109.772 Y134.501 E.08525
G1 X109.239 Y134.501 E.01589
G1 X107.75 Y133.011 E.06278
G1 X107.75 Y133.544 E.01589
G1 X108.875 Y134.67 E.04745
G1 E-.728 F1800
;WIPE_START
G1 F30000
G1 X108.027 Y133.822 E-.072
;WIPE_END
G1 X107.845 Y134.387 Z1
G1 Z.6
G1 E.8 F1800
;WIDTH:0.442592
G1 F15000
G1 X107.77 Y134.43 E.00273
G1 X107.85 Y134.465 E.00275
G1 E-.78958 F1800
;WIPE_START
G1 F30000
G1 X107.77 Y134.43 E-.00523
G1 X107.845 Y134.387 E-.00519
;WIPE_END
G1 X112.754 Y128.543 Z1
G1 X190.109 Y36.458 Z1
G1 Z.6
G1 E.8 F1800
;WIDTH:0.419999
G1 F15000
G1 X191.392 Y37.741 E.05407
G1 X191.392 Y36.458 E.03824
G1 X190.149 Y36.458 E.03704
G1 E-.728 F1800
;WIPE_START
G1 F30000
G1 X191.349 Y36.458 E-.072
;WIPE_END
G1 X191.039 Y36.794 Z1
G1 Z.6
G1 E.8 F1800
;WIDTH:0.417306
G1 F15000
G1 X190.969 Y36.834 E.0024
G1 X191.043 Y36.869 E.00241
G1 E-.79026 F1800
;WIPE_START
G1 F30000
G1 X190.969 Y36.834 E-.00488
G1 X191.039 Y36.794 E-.00486
;WIPE_END
G1 X192.6 Y35.056 Z1
G1 Z.6
G1 E.8 F1800
;TYPE:Gap infill
;WIDTH:0.430842
G1 F15000
G1 X192.6 Y23.756 E.34648
G1 E-.728 F1800
;WIPE_START
G1 F30000
G1 X192.6 Y24.956 E-.072
;WIPE_END
G1 X186.031 Y21.07 Z1
G1 X170.092 Y11.642 Z1
G1 Z.6
G1 E.8 F1800
;TYPE:Internal solid infill
;WIDTH:0.419999
G1 F15000
G1 X170.092 Y10.308 E.03974
G1 X168.758 Y10.308 E.03974
G1 X170.063 Y11.613 E.05501
G1 E-.728 F1800
;WIPE_START
G1 F30000
G1 X169.215 Y10.765 E-.072
;WIPE_END
G1 X169.726 Y10.655 Z1
G1 Z.6
G1 E.8 F1800
;WIDTH:0.44693
G1 F15000
G1 X169.676 Y10.655 E.00161
G1 X169.651 Y10.699 E.00161
G1 X169.676 Y10.743 E.00161
G1 X169.732 Y10.734 E.0018
G1 E-.78752 F1800
;WIPE_START
G1 F30000
G1 X169.676 Y10.743 E-.00339
G1 X169.651 Y10.699 E-.00303
G1 X169.676 Y10.655 E-.00303
G1 X169.726 Y10.655 E-.00303
;WIPE_END
G1 X162.215 Y12.009 Z1
G1 X28.716 Y36.066 Z1
G1 Z.6
G1 E.8 F1800
;TYPE:Inner wall
;WIDTH:0.45
G1 F6000
G1 X28.716 Y9.916 E.84142
G1 X91.784 Y9.916 E2.0293
G1 X91.784 Y134.834 E4.01943
G1 X7.416 Y134.834 E2.71467
G1 X7.416 Y36.066 E3.17801
G1 X28.676 Y36.066 E.68408
G1 X28.309 Y35.659 F30000
G1 F6000
G1 X28.309 Y9.509 E.84142
G1 X92.191 Y9.509 E2.0555
G1 X92.191 Y135.241 E4.04563
G1 X7.009 Y135.241 E2.74086
G1 X7.009 Y35.659 E3.20421
G1 X28.269 Y35.659 E.68408
G1 X27.902 Y35.252 F30000
G1 F6000
G1 X27.902 Y9.102 E.84142
G1 X92.598 Y9.102 E2.0817
G1 X92.598 Y135.648 E4.07182
G1 X6.602 Y135.648 E2.76706
G1 X6.602 Y35.252 E3.2304
G1 X27.862 Y35.252 E.68408
SET_VELOCITY_LIMIT ACCEL=5000
G1 X27.51 Y34.86 F30000
;TYPE:Outer wall
;WIDTH:0.42
G1 F3600
G1 X27.51 Y8.71 E.77941
G1 X92.99 Y8.71 E1.95166
G1 X92.99 Y136.04 E3.79512
G1 X6.21 Y136.04 E2.58651
G1 X6.21 Y23.56 E3.35251
M73 P31 R43
G1 X6.99 Y23.56 E.02325
G1 X6.99 Y34.86 E.3368
G1 X27.47 Y34.86 E.61041
G1 E-.728 F1800
;WIPE_START
G1 F30000
G1 X27.472 Y33.66 E-.072
;WIPE_END
G1 X19.856 Y34.169 Z1
G1 X6.6 Y35.056 Z1
G1 Z.6
G1 E.8 F1800
SET_VELOCITY_LIMIT ACCEL=10000
;TYPE:Gap infill
;WIDTH:0.430846
G1 F15000
G1 X6.6 Y23.756 E.34649
G1 E-.728 F1800
;WIPE_START
G1 F30000
G1 X6.6 Y24.956 E-.072
;WIPE_END
G1 X14.14 Y23.769 Z1
G1 X91.392 Y11.611 Z1
G1 Z.6
G1 E.8 F1800
;TYPE:Internal solid infill
;WIDTH:0.419999
G1 F15000
G1 X91.392 Y10.308 E.03882
G1 X90.089 Y10.308 E.03882
G1 X91.363 Y11.583 E.05371
G1 E-.728 F1800
;WIPE_START
G1 F30000
G1 X90.515 Y10.734 E-.072
;WIPE_END
G1 X91.034 Y10.648 Z1
G1 Z.6
G1 E.8 F1800
;WIDTH:0.42888
G1 F15000
G1 X90.962 Y10.69 E.00255
G1 X91.038 Y10.724 E.00256
G1 E-.78995 F1800
;WIPE_START
G1 F30000
G1 X90.962 Y10.69 E-.00504
G1 X91.034 Y10.648 E-.00501
;WIPE_END
G1 X89.594 Y10.08 Z1
G1 Z.6
G1 E.8 F1800
;WIDTH:0.419999
G1 F15000
G1 X91.45 Y11.936 E.07826
G1 X91.45 Y12.47 E.01589
G1 X89.23 Y10.25 E.09358
G1 X88.697 Y10.25 E.01589
G1 X91.45 Y13.003 E.11606
G1 X91.45 Y13.536 E.01589
G1 X88.164 Y10.25 E.13854
G1 X87.631 Y10.25 E.01589
G1 X91.45 Y14.069 E.16102
G1 X91.45 Y14.603 E.01589
G1 X87.097 Y10.25 E.18349
G1 X86.564 Y10.25 E.01589
G1 X91.45 Y15.136 E.20597
G1 X91.45 Y15.669 E.01589
G1 X86.031 Y10.25 E.22845
G1 X85.497 Y10.25 E.01589
G1 X91.45 Y16.203 E.25093
G1 X91.45 Y16.736 E.01589
G1 X84.964 Y10.25 E.27341
G1 X84.431 Y10.25 E.01589
G1 X91.45 Y17.269 E.29588
G1 X91.45 Y17.802 E.01589
G1 X83.898 Y10.25 E.31836
G1 X83.364 Y10.25 E.01589
G1 X91.45 Y18.336 E.34084
G1 X91.45 Y18.869 E.01589
G1 X82.831 Y10.25 E.36332
G1 X82.298 Y10.25 E.01589
G1 X91.45 Y19.402 E.3858
G1 X91.45 Y19.935 E.01589
G1 X81.765 Y10.25 E.40827
G1 X81.231 Y10.25 E.01589
G1 X91.45 Y20.469 E.43075
G1 X91.45 Y21.002 E.01589
G1 X80.698 Y10.25 E.45323
G1 X80.165 Y10.25 E.01589
G1 X91.45 Y21.535 E.47571
G1 X91.45 Y22.069 E.01589
G1 X79.631 Y10.25 E.49819
G1 X79.098 Y10.25 E.01589
G1 X91.45 Y22.602 E.52066
G1 X91.45 Y23.135 E.01589
G1 X78.565 Y10.25 E.54314
G1 X78.032 Y10.25 E.01589
G1 X91.45 Y23.668 E.56562
G1 X91.45 Y24.202 E.01589
G1 X77.498 Y10.25 E.5881
G1 X76.965 Y10.25 E.01589
G1 X91.45 Y24.735 E.61058
G1 X91.45 Y25.268 E.01589
G1 X76.432 Y10.25 E.63305
G1 X75.899 Y10.25 E.01589
G1 X91.45 Y25.801 E.65553
G1 X91.45 Y26.335 E.01589
G1 X75.365 Y10.25 E.67801
G1 X74.832 Y10.25 E.01589
G1 X91.45 Y26.868 E.70049
G1 X91.45 Y27.401 E.01589
G1 X74.299 Y10.25 E.72297
G1 X73.765 Y10.25 E.01589
G1 X91.45 Y27.935 E.74544
G1 X91.45 Y28.468 E.01589
G1 X73.232 Y10.25 E.76792
G1 X72.699 Y10.25 E.01589
G1 X91.45 Y29.001 E.7904
G1 X91.45 Y29.534 E.01589
G1 X72.166 Y10.25 E.81288
G1 X71.632 Y10.25 E.01589
G1 X91.45 Y30.068 E.83535
G1 X91.45 Y30.601 E.01589
G1 X71.099 Y10.25 E.85783
G1 X70.566 Y10.25 E.01589
G1 X91.45 Y31.134 E.88031
G1 X91.45 Y31.667 E.01589
G1 X70.033 Y10.25 E.90279
G1 X69.499 Y10.25 E.01589
G1 X91.45 Y32.201 E.92527
G1 X91.45 Y32.734 E.01589
G1 X68.966 Y10.25 E.94774
G1 X68.433 Y10.25 E.01589
G1 X91.45 Y33.267 E.97022
G1 X91.45 Y33.8 E.01589
G1 X67.9 Y10.25 E.9927
G1 X67.366 Y10.25 E.01589
G1 X91.45 Y34.334 E1.01518
G1 X91.45 Y34.867 E.01589
G1 X66.833 Y10.25 E1.03766
G1 X66.3 Y10.25 E.01589
G1 X91.45 Y35.4 E1.06013
G1 X91.45 Y35.934 E.01589
G1 X65.766 Y10.25 E1.08261
G1 X65.233 Y10.25 E.01589
G1 X91.45 Y36.467 E1.10509
G1 X91.45 Y37 E.01589
G1 X64.7 Y10.25 E1.12757
G1 X64.167 Y10.25 E.01589
G1 X91.45 Y37.533 E1.15005
G1 X91.45 Y38.067 E.01589
G1 X63.633 Y10.25 E1.17252
G1 X63.1 Y10.25 E.01589
G1 X91.45 Y38.6 E1.195
G1 X91.45 Y39.133 E.01589
G1 X62.567 Y10.25 E1.21748
G1 X62.034 Y10.25 E.01589
G1 X91.45 Y39.666 E1.23996
G1 X91.45 Y40.2 E.01589
G1 X61.5 Y10.25 E1.26244
G1 X60.967 Y10.25 E.01589
G1 X91.45 Y40.733 E1.28491
G1 X91.45 Y41.266 E.01589
G1 X60.434 Y10.25 E1.30739
G1 X59.9 Y10.25 E.01589
G1 X91.45 Y41.8 E1.32987
G1 X91.45 Y42.333 E.01589
G1 X59.367 Y10.25 E1.35235
G1 X58.834 Y10.25 E.01589
G1 X91.45 Y42.866 E1.37483
G1 X91.45 Y43.399 E.01589
G1 X58.301 Y10.25 E1.3973
G1 X57.767 Y10.25 E.01589
G1 X91.45 Y43.933 E1.41978
G1 X91.45 Y44.466 E.01589
G1 X57.234 Y10.25 E1.44226
G1 X56.701 Y10.25 E.01589
G1 X91.45 Y44.999 E1.46474
G1 X91.45 Y45.532 E.01589
G1 X56.168 Y10.25 E1.48722
G1 X55.634 Y10.25 E.01589
G1 X91.45 Y46.066 E1.50969
G1 X91.45 Y46.599 E.01589
G1 X55.101 Y10.25 E1.53217
G1 X54.568 Y10.25 E.01589
G1 X91.45 Y47.132 E1.55465
G1 X91.45 Y47.666 E.01589
G1 X54.034 Y10.25 E1.57713
G1 X53.501 Y10.25 E.01589
G1 X91.45 Y48.199 E1.5996
G1 X91.45 Y48.732 E.01589
G1 X52.968 Y10.25 E1.62208
G1 X52.435 Y10.25 E.01589
G1 X91.45 Y49.265 E1.64456
G1 X91.45 Y49.799 E.01589
G1 X51.901 Y10.25 E1.66704
G1 X51.368 Y10.25 E.01589
G1 X91.45 Y50.332 E1.68952
G1 X91.45 Y50.865 E.01589
G1 X50.835 Y10.25 E1.71199
G1 X50.302 Y10.25 E.01589
G1 X91.45 Y51.398 E1.73447
G1 X91.45 Y51.932 E.01589
G1 X49.768 Y10.25 E1.75695
G1 X49.235 Y10.25 E.01589
G1 X91.45 Y52.465 E1.77943
G1 X91.45 Y52.998 E.01589
G1 X48.702 Y10.25 E1.80191
G1 X48.169 Y10.25 E.01589
G1 X91.45 Y53.531 E1.82438
G1 X91.45 Y54.065 E.01589
G1 X47.635 Y10.25 E1.84686
G1 X47.102 Y10.25 E.01589
G1 X91.45 Y54.598 E1.86934
G1 X91.45 Y55.131 E.01589
G1 X46.569 Y10.25 E1.89182
G1 X46.035 Y10.25 E.01589
G1 X91.45 Y55.665 E1.9143
G1 X91.45 Y56.198 E.01589
G1 X45.502 Y10.25 E1.93677
G1 X44.969 Y10.25 E.01589
G1 X91.45 Y56.731 E1.95925
G1 X91.45 Y57.264 E.01589
G1 X44.436 Y10.25 E1.98173
G1 X43.902 Y10.25 E.01589
G1 X91.45 Y57.798 E2.00421
G1 X91.45 Y58.331 E.01589
G1 X43.369 Y10.25 E2.02669
G1 X42.836 Y10.25 E.01589
G1 X91.45 Y58.864 E2.04916
G1 X91.45 Y59.397 E.01589
G1 X42.303 Y10.25 E2.07164
G1 X41.769 Y10.25 E.01589
G1 X91.45 Y59.931 E2.09412
G1 X91.45 Y60.464 E.01589
G1 X41.236 Y10.25 E2.1166
G1 X40.703 Y10.25 E.01589
G1 X91.45 Y60.997 E2.13908
G1 X91.45 Y61.531 E.01589
M73 P31 R42
G1 X40.169 Y10.25 E2.16155
G1 X39.636 Y10.25 E.01589
G1 X91.45 Y62.064 E2.18403
G1 X91.45 Y62.597 E.01589
G1 X39.103 Y10.25 E2.20651
G1 X38.57 Y10.25 E.01589
G1 X91.45 Y63.13 E2.22899
G1 X91.45 Y63.664 E.01589
G1 X38.036 Y10.25 E2.25147
G1 X37.503 Y10.25 E.01589
G1 X91.45 Y64.197 E2.27394
G1 X91.45 Y64.73 E.01589
G1 X36.97 Y10.25 E2.29642
G1 X36.437 Y10.25 E.01589
G1 X91.45 Y65.263 E2.3189
G1 X91.45 Y65.797 E.01589
G1 X35.903 Y10.25 E2.34138
G1 X35.37 Y10.25 E.01589
G1 X91.45 Y66.33 E2.36385
G1 X91.45 Y66.863 E.01589
G1 X34.837 Y10.25 E2.38633
G1 X34.303 Y10.25 E.01589
G1 X91.45 Y67.397 E2.40881
G1 X91.45 Y67.93 E.01589
G1 X33.77 Y10.25 E2.43129
G1 X33.237 Y10.25 E.01589
G1 X91.45 Y68.463 E2.45377
G1 X91.45 Y68.996 E.01589
G1 X32.704 Y10.25 E2.47624
G1 X32.17 Y10.25 E.01589
G1 X91.45 Y69.53 E2.49872
G1 X91.45 Y70.063 E.01589
G1 X31.637 Y10.25 E2.5212
G1 X31.104 Y10.25 E.01589
G1 X91.45 Y70.596 E2.54368
G1 X91.45 Y71.129 E.01589
G1 X30.571 Y10.25 E2.56616
G1 X30.037 Y10.25 E.01589
G1 X91.45 Y71.663 E2.58863
G1 X91.45 Y72.196 E.01589
G1 X29.504 Y10.25 E2.61111
G1 X29.05 Y10.25 E.01355
G1 X29.05 Y10.328 E.00235
G1 X91.45 Y72.729 E2.63027
G1 X91.451 Y73.262 E.01589
G1 X29.05 Y10.861 E2.63027
G1 X29.05 Y11.395 E.01589
G1 X91.451 Y73.796 E2.63027
G1 X91.451 Y74.329 E.01589
G1 X29.05 Y11.928 E2.63027
G1 X29.05 Y12.461 E.01589
G1 X91.451 Y74.862 E2.63027
G1 X91.451 Y75.396 E.01589
G1 X29.05 Y12.995 E2.63027
G1 X29.05 Y13.528 E.01589
G1 X91.451 Y75.929 E2.63027
G1 X91.451 Y76.462 E.01589
G1 X29.05 Y14.061 E2.63027
G1 X29.05 Y14.594 E.01589
G1 X91.451 Y76.995 E2.63027
G1 X91.451 Y77.529 E.01589
G1 X29.05 Y15.128 E2.63027
G1 X29.05 Y15.661 E.01589
G1 X91.451 Y78.062 E2.63027
G1 X91.451 Y78.595 E.01589
G1 X29.05 Y16.194 E2.63027
G1 X29.05 Y16.727 E.01589
G1 X91.451 Y79.128 E2.63027
G1 X91.451 Y79.662 E.01589
G1 X29.05 Y17.261 E2.63027
G1 X29.05 Y17.794 E.01589
G1 X91.451 Y80.195 E2.63027
G1 X91.451 Y80.728 E.01589
G1 X29.05 Y18.327 E2.63027
G1 X29.05 Y18.861 E.01589
G1 X91.451 Y81.262 E2.63027
G1 X91.451 Y81.795 E.01589
G1 X29.05 Y19.394 E2.63027
G1 X29.05 Y19.927 E.01589
G1 X91.451 Y82.328 E2.63027
G1 X91.451 Y82.861 E.01589
G1 X29.05 Y20.46 E2.63027
G1 X29.05 Y20.994 E.01589
G1 X91.451 Y83.395 E2.63027
G1 X91.451 Y83.928 E.01589
G1 X29.05 Y21.527 E2.63027
G1 X29.05 Y22.06 E.01589
G1 X91.451 Y84.461 E2.63027
G1 X91.451 Y84.994 E.01589
G1 X29.05 Y22.593 E2.63027
G1 X29.05 Y23.127 E.01589
M73 P32 R42
G1 X91.451 Y85.528 E2.63027
G1 X91.451 Y86.061 E.01589
G1 X29.05 Y23.66 E2.63027
G1 X29.05 Y24.193 E.01589
G1 X91.451 Y86.594 E2.63027
G1 X91.451 Y87.128 E.01589
G1 X29.05 Y24.727 E2.63027
G1 X29.05 Y25.26 E.01589
G1 X91.451 Y87.661 E2.63027
G1 X91.451 Y88.194 E.01589
G1 X29.05 Y25.793 E2.63027
G1 X29.05 Y26.326 E.01589
G1 X91.451 Y88.727 E2.63027
G1 X91.451 Y89.261 E.01589
G1 X29.05 Y26.86 E2.63027
G1 X29.05 Y27.393 E.01589
G1 X91.451 Y89.794 E2.63027
G1 X91.451 Y90.327 E.01589
G1 X29.05 Y27.926 E2.63027
G1 X29.05 Y28.459 E.01589
G1 X91.451 Y90.86 E2.63027
G1 X91.451 Y91.394 E.01589
G1 X29.05 Y28.993 E2.63027
G1 X29.05 Y29.526 E.01589
G1 X91.451 Y91.927 E2.63027
G1 X91.451 Y92.46 E.01589
G1 X29.05 Y30.059 E2.63027
G1 X29.05 Y30.592 E.01589
G1 X91.451 Y92.993 E2.63027
G1 X91.451 Y93.527 E.01589
G1 X29.05 Y31.126 E2.63027
G1 X29.05 Y31.659 E.01589
G1 X91.451 Y94.06 E2.63027
G1 X91.45 Y94.593 E.01589
G1 X29.05 Y32.192 E2.63027
G1 X29.05 Y32.726 E.01589
G1 X91.45 Y95.127 E2.63027
G1 X91.45 Y95.66 E.01589
G1 X29.05 Y33.259 E2.63027
G1 X29.05 Y33.792 E.01589
G1 X91.45 Y96.193 E2.63027
G1 X91.45 Y96.726 E.01589
G1 X29.05 Y34.325 E2.63027
G1 X29.05 Y34.859 E.01589
G1 X91.45 Y97.26 E2.63027
G1 X91.45 Y97.793 E.01589
G1 X29.05 Y35.392 E2.63027
G1 X29.05 Y35.925 E.01589
G1 X91.45 Y98.326 E2.63027
G1 X91.45 Y98.859 E.01589
G1 X28.991 Y36.4 E2.63276
G1 X28.457 Y36.4 E.01589
G1 X91.45 Y99.393 E2.65524
G1 X91.45 Y99.926 E.01589
G1 X27.924 Y36.4 E2.67771
G1 X27.391 Y36.4 E.01589
G1 X91.45 Y100.459 E2.70019
G1 X91.45 Y100.993 E.01589
G1 X26.857 Y36.4 E2.72267
G1 X26.324 Y36.4 E.01589
G1 X91.45 Y101.526 E2.74515
G1 X91.45 Y102.059 E.01589
G1 X25.791 Y36.4 E2.76762
G1 X25.258 Y36.4 E.01589
G1 X91.45 Y102.592 E2.7901
G1 X91.45 Y103.126 E.01589
G1 X24.724 Y36.4 E2.81258
G1 X24.191 Y36.4 E.01589
G1 X91.45 Y103.659 E2.83506
G1 X91.45 Y104.192 E.01589
G1 X23.658 Y36.4 E2.85754
G1 X23.125 Y36.4 E.01589
G1 X91.45 Y104.725 E2.88001
G1 X91.45 Y105.259 E.01589
G1 X22.591 Y36.4 E2.90249
G1 X22.058 Y36.4 E.01589
G1 X91.45 Y105.792 E2.92497
G1 X91.45 Y106.325 E.01589
G1 X21.525 Y36.4 E2.94745
G1 X20.991 Y36.4 E.01589
G1 X91.45 Y106.859 E2.96993
G1 X91.45 Y107.392 E.01589
G1 X20.458 Y36.4 E2.9924
G1 X19.925 Y36.4 E.01589
G1 X91.45 Y107.925 E3.01488
G1 X91.45 Y108.458 E.01589
G1 X19.392 Y36.4 E3.03736
G1 X18.858 Y36.4 E.01589
G1 X91.45 Y108.992 E3.05984
G1 X91.45 Y109.525 E.01589
G1 X18.325 Y36.4 E3.08232
G1 X17.792 Y36.4 E.01589
G1 X91.45 Y110.058 E3.10479
G1 X91.45 Y110.591 E.01589
G1 X17.259 Y36.4 E3.12727
G1 X16.725 Y36.4 E.01589
G1 X91.45 Y111.125 E3.14975
G1 X91.45 Y111.658 E.01589
G1 X16.192 Y36.4 E3.17223
G1 X15.659 Y36.4 E.01589
G1 X91.45 Y112.191 E3.19471
G1 X91.45 Y112.724 E.01589
G1 X15.126 Y36.4 E3.21718
G1 X14.592 Y36.4 E.01589
G1 X91.45 Y113.258 E3.23966
G1 X91.45 Y113.791 E.01589
G1 X14.059 Y36.4 E3.26214
G1 X13.526 Y36.4 E.01589
G1 X91.45 Y114.324 E3.28462
G1 X91.45 Y114.858 E.01589
G1 X12.992 Y36.4 E3.3071
G1 X12.459 Y36.4 E.01589
G1 X91.45 Y115.391 E3.32957
G1 X91.45 Y115.924 E.01589
G1 X11.926 Y36.4 E3.35205
G1 X11.393 Y36.4 E.01589
G1 X91.45 Y116.457 E3.37453
G1 X91.45 Y116.991 E.01589
G1 X10.859 Y36.4 E3.39701
G1 X10.326 Y36.4 E.01589
G1 X91.45 Y117.524 E3.41949
G1 X91.45 Y118.057 E.01589
G1 X9.793 Y36.4 E3.44196
G1 X9.26 Y36.4 E.01589
G1 X91.45 Y118.59 E3.46444
G1 X91.45 Y119.124 E.01589
G1 X8.726 Y36.4 E3.48692
G1 X8.193 Y36.4 E.01589
G1 X91.45 Y119.657 E3.5094
G1 X91.45 Y120.19 E.01589
G1 X7.75 Y36.489 E3.52809
G1 X7.75 Y37.023 E.01589
G1 X91.45 Y120.724 E3.52809
G1 X91.45 Y121.257 E.01589
G1 X7.75 Y37.556 E3.52809
G1 X7.75 Y38.089 E.01589
G1 X91.45 Y121.79 E3.52809
G1 X91.45 Y122.323 E.01589
G1 X7.75 Y38.622 E3.52809
G1 X7.75 Y39.156 E.01589
G1 X91.45 Y122.857 E3.52809
G1 X91.45 Y123.39 E.01589
G1 X7.75 Y39.689 E3.52809
G1 X7.75 Y40.222 E.01589
G1 X91.45 Y123.923 E3.52809
G1 X91.45 Y124.456 E.01589
G1 X7.75 Y40.755 E3.52809
G1 X7.75 Y41.289 E.01589
G1 X91.45 Y124.99 E3.52809
G1 X91.45 Y125.523 E.01589
G1 X7.75 Y41.822 E3.52809
G1 X7.75 Y42.355 E.01589
G1 X91.45 Y126.056 E3.52809
G1 X91.45 Y126.59 E.01589
G1 X7.75 Y42.889 E3.52809
G1 X7.75 Y43.422 E.01589
G1 X91.45 Y127.123 E3.52809
G1 X91.45 Y127.656 E.01589
G1 X7.75 Y43.955 E3.52809
G1 X7.75 Y44.488 E.01589
G1 X91.45 Y128.189 E3.52809
G1 X91.45 Y128.723 E.01589
G1 X7.75 Y45.022 E3.52809
G1 X7.75 Y45.555 E.01589
G1 X91.45 Y129.256 E3.52809
G1 X91.45 Y129.789 E.01589
G1 X7.75 Y46.088 E3.52809
G1 X7.75 Y46.621 E.01589
G1 X91.45 Y130.322 E3.52809
G1 X91.45 Y130.856 E.01589
M73 P33 R42
G1 X7.75 Y47.155 E3.52809
G1 X7.75 Y47.688 E.01589
G1 X91.45 Y131.389 E3.52809
G1 X91.45 Y131.922 E.01589
G1 X7.75 Y48.221 E3.52809
G1 X7.75 Y48.754 E.01589
G1 X91.45 Y132.455 E3.52809
G1 X91.45 Y132.989 E.01589
G1 X7.75 Y49.288 E3.52809
G1 X7.75 Y49.821 E.01589
G1 X91.45 Y133.522 E3.52809
G1 X91.45 Y134.055 E.01589
G1 X7.75 Y50.354 E3.52809
G1 X7.75 Y50.888 E.01589
G1 X91.362 Y134.501 E3.52438
G1 X90.829 Y134.501 E.01589
G1 X7.75 Y51.421 E3.5019
G1 X7.75 Y51.954 E.01589
G1 X90.296 Y134.501 E3.47942
G1 X89.763 Y134.501 E.01589
M73 P33 R41
G1 X7.75 Y52.487 E3.45695
G1 X7.75 Y53.021 E.01589
G1 X89.229 Y134.501 E3.43447
G1 X88.696 Y134.501 E.01589
G1 X7.75 Y53.554 E3.41199
G1 X7.75 Y54.087 E.01589
G1 X88.163 Y134.501 E3.38951
G1 X87.63 Y134.501 E.01589
G1 X7.75 Y54.62 E3.36703
G1 X7.75 Y55.154 E.01589
G1 X87.096 Y134.501 E3.34456
G1 X86.563 Y134.501 E.01589
G1 X7.75 Y55.687 E3.32208
G1 X7.75 Y56.22 E.01589
G1 X86.03 Y134.501 E3.2996
G1 X85.496 Y134.501 E.01589
G1 X7.75 Y56.754 E3.27712
G1 X7.75 Y57.287 E.01589
G1 X84.963 Y134.501 E3.25464
G1 X84.43 Y134.501 E.01589
G1 X7.75 Y57.82 E3.23217
G1 X7.75 Y58.353 E.01589
G1 X83.897 Y134.501 E3.20969
G1 X83.363 Y134.501 E.01589
G1 X7.75 Y58.887 E3.18721
G1 X7.75 Y59.42 E.01589
G1 X82.83 Y134.501 E3.16473
G1 X82.297 Y134.501 E.01589
G1 X7.75 Y59.953 E3.14225
G1 X7.75 Y60.486 E.01589
G1 X81.764 Y134.501 E3.11978
G1 X81.23 Y134.501 E.01589
G1 X7.75 Y61.02 E3.0973
G1 X7.75 Y61.553 E.01589
G1 X80.697 Y134.501 E3.07482
G1 X80.164 Y134.501 E.01589
G1 X7.75 Y62.086 E3.05234
G1 X7.75 Y62.62 E.01589
G1 X79.63 Y134.501 E3.02986
G1 X79.097 Y134.501 E.01589
G1 X7.75 Y63.153 E3.00739
G1 X7.75 Y63.686 E.01589
G1 X78.564 Y134.501 E2.98491
G1 X78.031 Y134.501 E.01589
G1 X7.75 Y64.219 E2.96243
G1 X7.75 Y64.753 E.01589
G1 X77.497 Y134.501 E2.93995
G1 X76.964 Y134.501 E.01589
G1 X7.75 Y65.286 E2.91748
G1 X7.75 Y65.819 E.01589
G1 X76.431 Y134.501 E2.895
G1 X75.898 Y134.501 E.01589
G1 X7.75 Y66.352 E2.87252
G1 X7.75 Y66.886 E.01589
G1 X75.364 Y134.501 E2.85004
G1 X74.831 Y134.501 E.01589
G1 X7.75 Y67.419 E2.82756
G1 X7.75 Y67.952 E.01589
G1 X74.298 Y134.501 E2.80509
G1 X73.765 Y134.501 E.01589
G1 X7.75 Y68.485 E2.78261
G1 X7.75 Y69.019 E.01589
G1 X73.231 Y134.501 E2.76013
G1 X72.698 Y134.501 E.01589
G1 X7.75 Y69.552 E2.73765
G1 X7.75 Y70.085 E.01589
G1 X72.165 Y134.501 E2.71517
G1 X71.631 Y134.501 E.01589
G1 X7.75 Y70.619 E2.6927
G1 X7.75 Y71.152 E.01589
G1 X71.098 Y134.501 E2.67022
G1 X70.565 Y134.501 E.01589
G1 X7.75 Y71.685 E2.64774
G1 X7.75 Y72.218 E.01589
G1 X70.032 Y134.501 E2.62526
G1 X69.498 Y134.501 E.01589
G1 X7.75 Y72.752 E2.60278
G1 X7.75 Y73.285 E.01589
G1 X68.965 Y134.501 E2.58031
G1 X68.432 Y134.501 E.01589
G1 X7.75 Y73.818 E2.55783
G1 X7.75 Y74.351 E.01589
G1 X67.899 Y134.501 E2.53535
G1 X67.365 Y134.501 E.01589
G1 X7.75 Y74.885 E2.51287
G1 X7.75 Y75.418 E.01589
G1 X66.832 Y134.501 E2.49039
G1 X66.299 Y134.501 E.01589
G1 X7.75 Y75.951 E2.46792
G1 X7.75 Y76.485 E.01589
G1 X65.765 Y134.501 E2.44544
G1 X65.232 Y134.501 E.01589
G1 X7.75 Y77.018 E2.42296
G1 X7.75 Y77.551 E.01589
G1 X64.699 Y134.501 E2.40048
G1 X64.166 Y134.501 E.01589
G1 X7.75 Y78.084 E2.378
G1 X7.75 Y78.618 E.01589
G1 X63.632 Y134.501 E2.35553
G1 X63.099 Y134.501 E.01589
G1 X7.75 Y79.151 E2.33305
G1 X7.75 Y79.684 E.01589
G1 X62.566 Y134.501 E2.31057
G1 X62.033 Y134.501 E.01589
G1 X7.75 Y80.217 E2.28809
G1 X7.75 Y80.751 E.01589
G1 X61.499 Y134.501 E2.26561
G1 X60.966 Y134.501 E.01589
G1 X7.75 Y81.284 E2.24314
G1 X7.75 Y81.817 E.01589
G1 X60.433 Y134.501 E2.22066
G1 X59.899 Y134.501 E.01589
G1 X7.75 Y82.351 E2.19818
G1 X7.75 Y82.884 E.01589
G1 X59.366 Y134.501 E2.1757
G1 X58.833 Y134.501 E.01589
G1 X7.75 Y83.417 E2.15323
G1 X7.75 Y83.95 E.01589
G1 X58.3 Y134.501 E2.13075
G1 X57.766 Y134.501 E.01589
G1 X7.75 Y84.484 E2.10827
G1 X7.75 Y85.017 E.01589
G1 X57.233 Y134.501 E2.08579
G1 X56.7 Y134.501 E.01589
G1 X7.75 Y85.55 E2.06331
G1 X7.75 Y86.083 E.01589
G1 X56.167 Y134.501 E2.04084
G1 X55.633 Y134.501 E.01589
G1 X7.75 Y86.617 E2.01836
G1 X7.75 Y87.15 E.01589
G1 X55.1 Y134.501 E1.99588
G1 X54.567 Y134.501 E.01589
G1 X7.75 Y87.683 E1.9734
G1 X7.75 Y88.216 E.01589
G1 X54.034 Y134.501 E1.95092
G1 X53.5 Y134.501 E.01589
G1 X7.75 Y88.75 E1.92845
G1 X7.75 Y89.283 E.01589
G1 X52.967 Y134.501 E1.90597
G1 X52.434 Y134.501 E.01589
G1 X7.75 Y89.816 E1.88349
G1 X7.75 Y90.35 E.01589
G1 X51.9 Y134.501 E1.86101
G1 X51.367 Y134.501 E.01589
G1 X7.75 Y90.883 E1.83853
G1 X7.75 Y91.416 E.01589
G1 X50.834 Y134.501 E1.81606
G1 X50.301 Y134.501 E.01589
G1 X7.75 Y91.949 E1.79358
G1 X7.75 Y92.483 E.01589
G1 X49.767 Y134.501 E1.7711
G1 X49.234 Y134.501 E.01589
G1 X7.75 Y93.016 E1.74862
G1 X7.75 Y93.549 E.01589
G1 X48.701 Y134.501 E1.72614
G1 X48.168 Y134.501 E.01589
G1 X7.75 Y94.082 E1.70367
G1 X7.75 Y94.616 E.01589
G1 X47.634 Y134.501 E1.68119
G1 X47.101 Y134.501 E.01589
G1 X7.75 Y95.149 E1.65871
G1 X7.75 Y95.682 E.01589
G1 X46.568 Y134.501 E1.63623
G1 X46.034 Y134.501 E.01589
G1 X7.75 Y96.216 E1.61375
G1 X7.75 Y96.749 E.01589
G1 X45.501 Y134.501 E1.59128
G1 X44.968 Y134.501 E.01589
G1 X7.75 Y97.282 E1.5688
G1 X7.75 Y97.815 E.01589
G1 X44.435 Y134.501 E1.54632
G1 X43.901 Y134.501 E.01589
G1 X7.75 Y98.349 E1.52384
G1 X7.75 Y98.882 E.01589
M73 P34 R41
G1 X43.368 Y134.501 E1.50136
G1 X42.835 Y134.501 E.01589
G1 X7.75 Y99.415 E1.47889
G1 X7.75 Y99.948 E.01589
G1 X42.302 Y134.501 E1.45641
G1 X41.768 Y134.501 E.01589
G1 X7.75 Y100.482 E1.43393
G1 X7.75 Y101.015 E.01589
G1 X41.235 Y134.501 E1.41145
G1 X40.702 Y134.501 E.01589
G1 X7.75 Y101.548 E1.38897
G1 X7.75 Y102.082 E.01589
G1 X40.168 Y134.501 E1.3665
G1 X39.635 Y134.501 E.01589
G1 X7.75 Y102.615 E1.34402
G1 X7.75 Y103.148 E.01589
G1 X39.102 Y134.501 E1.32154
G1 X38.569 Y134.501 E.01589
G1 X7.75 Y103.681 E1.29906
G1 X7.75 Y104.215 E.01589
G1 X38.035 Y134.501 E1.27659
G1 X37.502 Y134.501 E.01589
G1 X7.75 Y104.748 E1.25411
G1 X7.75 Y105.281 E.01589
G1 X36.969 Y134.501 E1.23163
G1 X36.436 Y134.501 E.01589
G1 X7.75 Y105.814 E1.20915
G1 X7.75 Y106.348 E.01589
G1 X35.902 Y134.501 E1.18667
G1 X35.369 Y134.501 E.01589
G1 X7.75 Y106.881 E1.1642
G1 X7.75 Y107.414 E.01589
G1 X34.836 Y134.501 E1.14172
G1 X34.303 Y134.501 E.01589
G1 X7.75 Y107.947 E1.11924
G1 X7.75 Y108.481 E.01589
G1 X33.769 Y134.501 E1.09676
G1 X33.236 Y134.501 E.01589
G1 X7.75 Y109.014 E1.07428
G1 X7.75 Y109.547 E.01589
G1 X32.703 Y134.501 E1.05181
G1 X32.169 Y134.501 E.01589
G1 X7.75 Y110.081 E1.02933
G1 X7.75 Y110.614 E.01589
G1 X31.636 Y134.501 E1.00685
G1 X31.103 Y134.501 E.01589
G1 X7.75 Y111.147 E.98437
G1 X7.75 Y111.68 E.01589
G1 X30.57 Y134.501 E.96189
G1 X30.036 Y134.501 E.01589
G1 X7.75 Y112.214 E.93942
G1 X7.75 Y112.747 E.01589
G1 X29.503 Y134.501 E.91694
G1 X28.97 Y134.501 E.01589
G1 X7.75 Y113.28 E.89446
G1 X7.75 Y113.813 E.01589
G1 X28.437 Y134.501 E.87198
G1 X27.903 Y134.501 E.01589
G1 X7.75 Y114.347 E.8495
G1 X7.75 Y114.88 E.01589
G1 X27.37 Y134.501 E.82703
G1 X26.837 Y134.501 E.01589
G1 X7.75 Y115.413 E.80455
G1 X7.75 Y115.947 E.01589
G1 X26.303 Y134.501 E.78207
G1 X25.77 Y134.501 E.01589
G1 X7.75 Y116.48 E.75959
G1 X7.75 Y117.013 E.01589
G1 X25.237 Y134.501 E.73711
G1 X24.704 Y134.501 E.01589
G1 X7.75 Y117.546 E.71464
G1 X7.75 Y118.08 E.01589
G1 X24.17 Y134.501 E.69216
G1 X23.637 Y134.501 E.01589
G1 X7.75 Y118.613 E.66968
G1 X7.75 Y119.146 E.01589
G1 X23.104 Y134.501 E.6472
G1 X22.571 Y134.501 E.01589
G1 X7.75 Y119.679 E.62472
G1 X7.75 Y120.213 E.01589
G1 X22.037 Y134.501 E.60225
G1 X21.504 Y134.501 E.01589
G1 X7.75 Y120.746 E.57977
G1 X7.75 Y121.279 E.01589
G1 X20.971 Y134.501 E.55729
G1 X20.437 Y134.501 E.01589
G1 X7.75 Y121.813 E.53481
G1 X7.75 Y122.346 E.01589
G1 X19.904 Y134.501 E.51234
G1 X19.371 Y134.501 E.01589
G1 X7.75 Y122.879 E.48986
G1 X7.75 Y123.412 E.01589
G1 X18.838 Y134.501 E.46738
G1 X18.304 Y134.501 E.01589
G1 X7.75 Y123.946 E.4449
G1 X7.75 Y124.479 E.01589
G1 X17.771 Y134.501 E.42242
G1 X17.238 Y134.501 E.01589
G1 X7.75 Y125.012 E.39995
G1 X7.75 Y125.545 E.01589
G1 X16.705 Y134.501 E.37747
G1 X16.171 Y134.501 E.01589
G1 X7.75 Y126.079 E.35499
G1 X7.75 Y126.612 E.01589
G1 X15.638 Y134.501 E.33251
G1 X15.105 Y134.501 E.01589
G1 X7.75 Y127.145 E.31003
G1 X7.75 Y127.678 E.01589
G1 X14.572 Y134.501 E.28756
G1 X14.038 Y134.501 E.01589
G1 X7.75 Y128.212 E.26508
G1 X7.75 Y128.745 E.01589
G1 X13.505 Y134.501 E.2426
G1 X12.972 Y134.501 E.01589
G1 X7.75 Y129.278 E.22012
G1 X7.75 Y129.812 E.01589
G1 X12.438 Y134.501 E.19764
G1 X11.905 Y134.501 E.01589
G1 X7.75 Y130.345 E.17517
G1 X7.75 Y130.878 E.01589
G1 X11.372 Y134.501 E.15269
G1 X10.839 Y134.501 E.01589
G1 X7.75 Y131.411 E.13021
G1 X7.75 Y131.945 E.01589
G1 X10.305 Y134.501 E.10773
G1 X9.772 Y134.501 E.01589
G1 X7.75 Y132.478 E.08525
G1 X7.75 Y133.011 E.01589
G1 X9.239 Y134.501 E.06278
G1 X8.706 Y134.501 E.01589
G1 X7.58 Y133.375 E.04745
G1 E-.728 F1800
;WIPE_START
G1 F30000
G1 X8.428 Y134.223 E-.072
;WIPE_END
G1 X7.845 Y134.387 Z1
G1 Z.6
G1 E.8 F1800
;WIDTH:0.442592
G1 F15000
G1 X7.77 Y134.43 E.00273
G1 X7.85 Y134.465 E.00275
;LAYER_CHANGE
;Z:0.8
;HEIGHT:0.2
;BEFORE_LAYER_CHANGE
;0.8
G92 E0

G1 E-.78958 F1800
;WIPE_START
G1 F30000
G1 X7.77 Y134.43 E-.00523
G1 X7.845 Y134.387 E-.00519
;WIPE_END
M73 L4
;LAYER:4
SET_PRINT_STATS_INFO TOTAL_LAYER=80 CURRENT_LAYER=4
;_SET_FAN_SPEED_CHANGING_LAYER

G1 X8.89584 Y134.287 Z0.857143
G1 X9.62987 Y135.046 Z0.914286
G1 X9.49394 Y136.093 Z0.971429
G1 X8.59041 Y136.64 Z1.02857
G1 X7.59966 Y136.274 Z1.08571
G1 X7.26774 Y135.272 Z1.14286
G1 X7.84459 Y134.387 Z1.2
G1 X171.69 Y35.252 Z1.2
G1 Z.8
G1 E.8 F1800
;TYPE:Inner wall
;WIDTH:0.45
G1 F6000
G1 X192.598 Y35.252 E.67275
G1 X192.598 Y35.668 E.0134
G1 X171.418 Y35.668 E.68148
G1 X171.418 Y134.832 E3.19074
G1 X192.598 Y134.832 E.68148
G1 X192.598 Y135.648 E.02627
G1 X106.602 Y135.648 E2.76706
G1 X106.602 Y134.832 E.02627
G1 X127.782 Y134.832 E.68148
G1 X127.782 Y35.232 E3.2048
G1 X128.218 Y35.232 E.01406
G1 X128.218 Y134.832 E3.2048
G1 X149.382 Y134.832 E.68096
G1 X149.382 Y35.232 E3.2048
G1 X149.818 Y35.232 E.01406
G1 X149.818 Y134.832 E3.2048
G1 X170.982 Y134.832 E.68096
G1 X170.982 Y35.668 E3.19074
G1 X170.882 Y35.668 E.00322
G1 X170.882 Y9.102 E.85482
G1 X171.298 Y9.102 E.0134
G1 X171.298 Y35.252 E.84142
G1 X171.65 Y35.252 E.01133
SET_VELOCITY_LIMIT ACCEL=5000
G1 X171.69 Y34.86 F30000
;TYPE:Outer wall
;WIDTH:0.42
G1 F3600
G1 X192.21 Y34.86 E.61161
G1 X192.21 Y23.56 E.3368
G1 X192.99 Y23.56 E.02325
G1 X192.99 Y136.04 E3.35251
G1 X106.21 Y136.04 E2.58651
G1 X106.21 Y8.71 E3.79512
G1 X171.69 Y8.71 E1.95166
G1 X171.69 Y34.82 E.77822
G1 E-.728 F1800
;WIPE_START
G1 F30000
G1 X172.89 Y34.822 E-.072
;WIPE_END
G1 X180.522 Y34.913 Z1.2
G1 X192.6 Y35.056 Z1.2
G1 Z.8
G1 E.8 F1800
SET_VELOCITY_LIMIT ACCEL=10000
;TYPE:Gap infill
;WIDTH:0.430842
G1 F15000
G1 X192.6 Y23.756 E.34648
G1 E-.728 F1800
;WIPE_START
G1 F30000
G1 X192.6 Y24.956 E-.072
;WIPE_END
G1 X192.593 Y32.588 Z1.2
G1 X192.59 Y35.865 Z1.2
G1 Z.8
G1 E.8 F1800
;WIDTH:0.451382
G1 F15000
G1 X192.59 Y134.635 E3.18891
G1 X192.394 Y135.24 F30000
;WIDTH:0.452224
G1 F15000
G1 X106.806 Y135.24 E2.76901
G1 X106.61 Y134.635 F30000
M73 P34 R40
;WIDTH:0.451386
G1 F15000
G1 X106.61 Y9.315 E4.04615
;WIDTH:0.492266
G1 F14748.999
G1 X106.645 Y9.145 E.00614
G1 X106.73 Y9.128 E.00307
;WIDTH:0.468903
G1 F15000
G1 X106.815 Y9.11 E.00291
;WIDTH:0.451382
G1 X170.685 Y9.11 E2.06214
G1 E-.728 F1800
;WIPE_START
G1 F30000
G1 X169.485 Y9.11 E-.072
;WIPE_END
G1 X170.863 Y16.617 Z1.2
G1 X192.379 Y133.866 Z1.2
G1 Z.8
G1 E.8 F1800
SET_VELOCITY_LIMIT ACCEL=2000
;TYPE:Top surface
;WIDTH:0.420434
G1 F12000
G1 X191.616 Y134.629 E.03511
G1 X191.082 Y134.629 F30000
G1 F12000
G1 X192.379 Y133.332 E.05966
G1 X192.379 Y132.798 F30000
G1 F12000
G1 X190.548 Y134.629 E.08422
G1 X190.014 Y134.629 F30000
G1 F12000
G1 X192.379 Y132.264 E.10878
G1 X192.379 Y131.73 F30000
G1 F12000
G1 X189.48 Y134.629 E.13334
G1 X188.946 Y134.629 F30000
G1 F12000
G1 X192.379 Y131.196 E.15789
G1 X192.379 Y130.662 F30000
G1 F12000
G1 X188.412 Y134.629 E.18245
G1 X187.878 Y134.629 F30000
G1 F12000
G1 X192.379 Y130.128 E.20701
G1 X192.379 Y129.594 F30000
G1 F12000
G1 X187.344 Y134.629 E.23157
G1 X186.811 Y134.629 F30000
G1 F12000
G1 X192.379 Y129.061 E.25612
G1 X192.379 Y128.527 F30000
G1 F12000
G1 X186.277 Y134.629 E.28068
G1 X185.743 Y134.629 F30000
G1 F12000
G1 X192.379 Y127.993 E.30524
G1 X192.379 Y127.459 F30000
G1 F12000
G1 X185.209 Y134.629 E.3298
G1 X184.675 Y134.629 F30000
G1 F12000
G1 X192.379 Y126.925 E.35435
G1 X192.379 Y126.391 F30000
G1 F12000
G1 X184.141 Y134.629 E.37891
G1 X183.607 Y134.629 F30000
G1 F12000
G1 X192.379 Y125.857 E.40347
G1 X192.379 Y125.323 F30000
G1 F12000
G1 X183.073 Y134.629 E.42803
G1 X182.54 Y134.629 F30000
G1 F12000
G1 X192.379 Y124.79 E.45258
G1 X192.379 Y124.256 F30000
G1 F12000
G1 X182.006 Y134.629 E.47714
G1 X181.472 Y134.629 F30000
G1 F12000
G1 X192.379 Y123.722 E.5017
G1 X192.379 Y123.188 F30000
G1 F12000
G1 X180.938 Y134.629 E.52626
G1 X180.404 Y134.629 F30000
G1 F12000
G1 X192.379 Y122.654 E.55081
G1 X192.379 Y122.12 F30000
G1 F12000
G1 X179.87 Y134.629 E.57537
G1 X179.336 Y134.629 F30000
G1 F12000
G1 X192.379 Y121.586 E.59993
G1 X192.379 Y121.052 F30000
G1 F12000
G1 X178.802 Y134.629 E.62449
G1 X178.268 Y134.629 F30000
G1 F12000
G1 X192.379 Y120.518 E.64904
G1 X192.379 Y119.985 F30000
G1 F12000
G1 X177.735 Y134.629 E.6736
G1 X177.201 Y134.629 F30000
G1 F12000
G1 X192.379 Y119.451 E.69816
G1 X192.379 Y118.917 F30000
G1 F12000
G1 X176.667 Y134.629 E.72272
G1 X176.133 Y134.629 F30000
G1 F12000
G1 X192.379 Y118.383 E.74727
G1 X192.379 Y117.849 F30000
G1 F12000
G1 X175.599 Y134.629 E.77183
G1 X175.065 Y134.629 F30000
G1 F12000
G1 X192.379 Y117.315 E.79639
G1 X192.379 Y116.781 F30000
G1 F12000
G1 X174.531 Y134.629 E.82095
G1 X173.997 Y134.629 F30000
G1 F12000
G1 X192.379 Y116.247 E.8455
G1 X192.379 Y115.713 F30000
G1 F12000
G1 X173.463 Y134.629 E.87006
G1 X172.93 Y134.629 F30000
G1 F12000
G1 X192.379 Y115.18 E.89462
G1 X192.379 Y114.646 F30000
G1 F12000
G1 X172.396 Y134.629 E.91918
G1 X171.862 Y134.629 F30000
G1 F12000
G1 X192.379 Y114.112 E.94373
G1 X192.379 Y113.578 F30000
G1 F12000
G1 X171.621 Y134.335 E.9548
G1 X171.621 Y133.802 F30000
G1 F12000
G1 X192.379 Y113.044 E.9548
G1 X192.379 Y112.51 F30000
G1 F12000
G1 X171.621 Y133.268 E.9548
G1 X171.621 Y132.734 F30000
G1 F12000
G1 X192.379 Y111.976 E.9548
G1 X192.379 Y111.442 F30000
G1 F12000
G1 X171.621 Y132.2 E.9548
G1 X171.621 Y131.666 F30000
M73 P35 R40
G1 F12000
G1 X192.379 Y110.908 E.9548
G1 X192.379 Y110.375 F30000
G1 F12000
G1 X171.621 Y131.132 E.9548
G1 X171.621 Y130.598 F30000
G1 F12000
G1 X192.379 Y109.841 E.9548
G1 X192.379 Y109.307 F30000
G1 F12000
G1 X171.621 Y130.064 E.9548
G1 X171.621 Y129.53 F30000
G1 F12000
G1 X192.379 Y108.773 E.9548
G1 X192.379 Y108.239 F30000
G1 F12000
G1 X171.621 Y128.997 E.9548
G1 X171.621 Y128.463 F30000
G1 F12000
G1 X192.379 Y107.705 E.9548
G1 X192.379 Y107.171 F30000
G1 F12000
G1 X171.621 Y127.929 E.9548
G1 X171.621 Y127.395 F30000
G1 F12000
G1 X192.379 Y106.637 E.9548
G1 X192.379 Y106.104 F30000
G1 F12000
G1 X171.621 Y126.861 E.9548
G1 X171.621 Y126.327 F30000
G1 F12000
G1 X192.379 Y105.57 E.9548
G1 X192.379 Y105.036 F30000
G1 F12000
G1 X171.621 Y125.793 E.9548
G1 X171.621 Y125.259 F30000
G1 F12000
G1 X192.379 Y104.502 E.9548
G1 X192.379 Y103.968 F30000
G1 F12000
G1 X171.621 Y124.725 E.9548
G1 X171.621 Y124.192 F30000
G1 F12000
G1 X192.379 Y103.434 E.9548
G1 X192.379 Y102.9 F30000
G1 F12000
G1 X171.621 Y123.658 E.9548
G1 X171.621 Y123.124 F30000
G1 F12000
G1 X192.379 Y102.366 E.9548
G1 X192.379 Y101.832 F30000
G1 F12000
G1 X171.621 Y122.59 E.9548
G1 X171.621 Y122.056 F30000
G1 F12000
G1 X192.379 Y101.299 E.9548
G1 X192.379 Y100.765 F30000
G1 F12000
G1 X171.621 Y121.522 E.9548
G1 X171.621 Y120.988 F30000
G1 F12000
G1 X192.379 Y100.231 E.9548
G1 X192.379 Y99.697 F30000
G1 F12000
G1 X171.621 Y120.454 E.9548
G1 X171.621 Y119.921 F30000
G1 F12000
G1 X192.379 Y99.163 E.9548
G1 X192.379 Y98.629 F30000
G1 F12000
G1 X171.621 Y119.387 E.9548
G1 X171.621 Y118.853 F30000
G1 F12000
G1 X192.379 Y98.095 E.9548
G1 X192.379 Y97.561 F30000
G1 F12000
G1 X171.621 Y118.319 E.9548
G1 X171.621 Y117.785 F30000
G1 F12000
G1 X192.379 Y97.027 E.9548
G1 X192.379 Y96.494 F30000
G1 F12000
G1 X171.621 Y117.251 E.9548
G1 X171.621 Y116.717 F30000
G1 F12000
G1 X192.379 Y95.96 E.9548
G1 X192.379 Y95.426 F30000
G1 F12000
G1 X171.621 Y116.183 E.9548
G1 X171.621 Y115.649 F30000
G1 F12000
G1 X192.379 Y94.892 E.9548
G1 X192.379 Y94.358 F30000
G1 F12000
G1 X171.621 Y115.116 E.9548
G1 X171.621 Y114.582 F30000
G1 F12000
G1 X192.379 Y93.824 E.9548
G1 X192.379 Y93.29 F30000
G1 F12000
G1 X171.621 Y114.048 E.9548
G1 X171.621 Y113.514 F30000
G1 F12000
G1 X192.379 Y92.756 E.9548
G1 X192.379 Y92.223 F30000
G1 F12000
G1 X171.621 Y112.98 E.9548
G1 X171.621 Y112.446 F30000
G1 F12000
G1 X192.379 Y91.689 E.9548
G1 X192.379 Y91.155 F30000
G1 F12000
G1 X171.621 Y111.912 E.9548
G1 X171.621 Y111.378 F30000
G1 F12000
G1 X192.379 Y90.621 E.9548
G1 X192.379 Y90.087 F30000
G1 F12000
G1 X171.621 Y110.844 E.9548
G1 X171.621 Y110.311 F30000
G1 F12000
G1 X192.379 Y89.553 E.9548
G1 X192.379 Y89.019 F30000
G1 F12000
G1 X171.621 Y109.777 E.9548
G1 X171.621 Y109.243 F30000
G1 F12000
G1 X192.379 Y88.485 E.9548
G1 X192.379 Y87.951 F30000
G1 F12000
G1 X171.621 Y108.709 E.9548
G1 X171.621 Y108.175 F30000
G1 F12000
G1 X192.379 Y87.418 E.9548
G1 X192.379 Y86.884 F30000
G1 F12000
G1 X171.621 Y107.641 E.9548
G1 X171.621 Y107.107 F30000
G1 F12000
G1 X192.379 Y86.35 E.9548
G1 X192.379 Y85.816 F30000
G1 F12000
G1 X171.621 Y106.573 E.9548
G1 X171.621 Y106.04 F30000
G1 F12000
G1 X192.379 Y85.282 E.9548
G1 X192.379 Y84.748 F30000
G1 F12000
G1 X171.621 Y105.506 E.9548
G1 X171.621 Y104.972 F30000
G1 F12000
G1 X192.379 Y84.214 E.9548
G1 X192.379 Y83.68 F30000
G1 F12000
G1 X171.621 Y104.438 E.9548
G1 X171.621 Y103.904 F30000
G1 F12000
G1 X192.379 Y83.146 E.9548
G1 X192.379 Y82.613 F30000
G1 F12000
G1 X171.621 Y103.37 E.9548
G1 X171.621 Y102.836 F30000
G1 F12000
G1 X192.379 Y82.079 E.9548
G1 X192.379 Y81.545 F30000
G1 F12000
G1 X171.621 Y102.302 E.9548
G1 X171.621 Y101.768 F30000
G1 F12000
G1 X192.379 Y81.011 E.9548
G1 X192.379 Y80.477 F30000
G1 F12000
G1 X171.621 Y101.235 E.9548
G1 X171.621 Y100.701 F30000
G1 F12000
G1 X192.379 Y79.943 E.9548
G1 X192.379 Y79.409 F30000
G1 F12000
G1 X171.621 Y100.167 E.9548
G1 X171.621 Y99.633 F30000
G1 F12000
G1 X192.379 Y78.875 E.9548
G1 X192.379 Y78.341 F30000
G1 F12000
G1 X171.621 Y99.099 E.9548
G1 X171.621 Y98.565 F30000
G1 F12000
G1 X192.379 Y77.808 E.9548
G1 X192.379 Y77.274 F30000
G1 F12000
G1 X171.621 Y98.031 E.9548
G1 X171.621 Y97.497 F30000
G1 F12000
G1 X192.379 Y76.74 E.9548
G1 X192.379 Y76.206 F30000
G1 F12000
G1 X171.621 Y96.963 E.9548
G1 X171.621 Y96.43 F30000
G1 F12000
G1 X192.379 Y75.672 E.9548
G1 X192.379 Y75.138 F30000
G1 F12000
G1 X171.621 Y95.896 E.9548
G1 X171.621 Y95.362 F30000
G1 F12000
G1 X192.379 Y74.604 E.9548
G1 X192.379 Y74.07 F30000
G1 F12000
G1 X171.621 Y94.828 E.9548
G1 X171.621 Y94.294 F30000
G1 F12000
G1 X192.379 Y73.537 E.9548
G1 X192.379 Y73.003 F30000
G1 F12000
G1 X171.621 Y93.76 E.9548
G1 X171.621 Y93.226 F30000
G1 F12000
G1 X192.379 Y72.469 E.9548
G1 X192.379 Y71.935 F30000
G1 F12000
G1 X171.621 Y92.692 E.9548
G1 X171.621 Y92.158 F30000
G1 F12000
G1 X192.379 Y71.401 E.9548
G1 X192.379 Y70.867 F30000
G1 F12000
G1 X171.621 Y91.625 E.9548
G1 X171.621 Y91.091 F30000
G1 F12000
G1 X192.379 Y70.333 E.9548
G1 X192.379 Y69.799 F30000
G1 F12000
G1 X171.621 Y90.557 E.9548
G1 X171.621 Y90.023 F30000
G1 F12000
G1 X192.379 Y69.265 E.9548
G1 X192.379 Y68.732 F30000
G1 F12000
G1 X171.621 Y89.489 E.9548
G1 X171.621 Y88.955 F30000
G1 F12000
G1 X192.379 Y68.198 E.9548
G1 X192.379 Y67.664 F30000
G1 F12000
G1 X171.621 Y88.421 E.9548
G1 X171.621 Y87.887 F30000
G1 F12000
G1 X192.379 Y67.13 E.9548
G1 X192.379 Y66.596 F30000
G1 F12000
G1 X171.621 Y87.354 E.9548
G1 X171.621 Y86.82 F30000
G1 F12000
G1 X192.379 Y66.062 E.9548
G1 X192.379 Y65.528 F30000
G1 F12000
G1 X171.621 Y86.286 E.9548
G1 X171.621 Y85.752 F30000
G1 F12000
G1 X192.379 Y64.994 E.9548
G1 X192.379 Y64.46 F30000
G1 F12000
G1 X171.621 Y85.218 E.9548
G1 X171.621 Y84.684 F30000
G1 F12000
G1 X192.379 Y63.927 E.9548
G1 X192.379 Y63.393 F30000
G1 F12000
G1 X171.621 Y84.15 E.9548
G1 X171.621 Y83.616 F30000
G1 F12000
G1 X192.379 Y62.859 E.9548
G1 X192.379 Y62.325 F30000
G1 F12000
G1 X171.621 Y83.082 E.9548
G1 X171.621 Y82.549 F30000
G1 F12000
G1 X192.379 Y61.791 E.9548
G1 X192.379 Y61.257 F30000
G1 F12000
G1 X171.621 Y82.015 E.9548
G1 X171.621 Y81.481 F30000
G1 F12000
G1 X192.379 Y60.723 E.9548
G1 X192.379 Y60.189 F30000
G1 F12000
G1 X171.621 Y80.947 E.9548
G1 X171.621 Y80.413 F30000
G1 F12000
G1 X192.379 Y59.656 E.9548
G1 X192.379 Y59.122 F30000
G1 F12000
G1 X171.621 Y79.879 E.9548
G1 X171.621 Y79.345 F30000
G1 F12000
G1 X192.379 Y58.588 E.9548
G1 X192.379 Y58.054 F30000
G1 F12000
G1 X171.621 Y78.811 E.9548
G1 X171.621 Y78.277 F30000
G1 F12000
G1 X192.379 Y57.52 E.9548
G1 X192.379 Y56.986 F30000
G1 F12000
G1 X171.621 Y77.744 E.9548
G1 X171.621 Y77.21 F30000
G1 F12000
G1 X192.379 Y56.452 E.9548
G1 X192.379 Y55.918 F30000
G1 F12000
G1 X171.621 Y76.676 E.9548
G1 X171.621 Y76.142 F30000
G1 F12000
G1 X192.379 Y55.384 E.9548
G1 X192.379 Y54.851 F30000
G1 F12000
G1 X171.621 Y75.608 E.9548
G1 X171.621 Y75.074 F30000
G1 F12000
G1 X192.379 Y54.317 E.9548
G1 X192.379 Y53.783 F30000
G1 F12000
G1 X171.621 Y74.54 E.9548
G1 X171.621 Y74.006 F30000
G1 F12000
G1 X192.379 Y53.249 E.9548
G1 X192.379 Y52.715 F30000
G1 F12000
G1 X171.621 Y73.473 E.9548
G1 X171.621 Y72.939 F30000
G1 F12000
G1 X192.379 Y52.181 E.9548
G1 X192.379 Y51.647 F30000
G1 F12000
G1 X171.621 Y72.405 E.9548
G1 X171.621 Y71.871 F30000
G1 F12000
G1 X192.379 Y51.113 E.9548
G1 X192.379 Y50.579 F30000
G1 F12000
G1 X171.621 Y71.337 E.9548
G1 X171.621 Y70.803 F30000
G1 F12000
G1 X192.379 Y50.046 E.9548
G1 X192.379 Y49.512 F30000
G1 F12000
G1 X171.621 Y70.269 E.9548
G1 X171.621 Y69.735 F30000
G1 F12000
G1 X192.379 Y48.978 E.9548
G1 X192.379 Y48.444 F30000
G1 F12000
G1 X171.621 Y69.201 E.9548
G1 X171.621 Y68.668 F30000
G1 F12000
G1 X192.379 Y47.91 E.9548
G1 X192.379 Y47.376 F30000
G1 F12000
G1 X171.621 Y68.134 E.9548
G1 X171.621 Y67.6 F30000
G1 F12000
G1 X192.379 Y46.842 E.9548
G1 X192.379 Y46.308 F30000
G1 F12000
G1 X171.621 Y67.066 E.9548
G1 X171.621 Y66.532 F30000
G1 F12000
G1 X192.379 Y45.774 E.9548
G1 X192.379 Y45.241 F30000
G1 F12000
G1 X171.621 Y65.998 E.9548
G1 X171.621 Y65.464 F30000
G1 F12000
G1 X192.379 Y44.707 E.9548
G1 X192.379 Y44.173 F30000
G1 F12000
G1 X171.621 Y64.93 E.9548
G1 X171.621 Y64.396 F30000
G1 F12000
G1 X192.379 Y43.639 E.9548
G1 X192.379 Y43.105 F30000
G1 F12000
G1 X171.621 Y63.863 E.9548
G1 X171.621 Y63.329 F30000
G1 F12000
G1 X192.379 Y42.571 E.9548
G1 X192.379 Y42.037 F30000
G1 F12000
G1 X171.621 Y62.795 E.9548
G1 X171.621 Y62.261 F30000
G1 F12000
G1 X192.379 Y41.503 E.9548
G1 X192.379 Y40.97 F30000
G1 F12000
G1 X171.621 Y61.727 E.9548
G1 X171.621 Y61.193 F30000
G1 F12000
G1 X192.379 Y40.436 E.9548
G1 X192.379 Y39.902 F30000
G1 F12000
G1 X171.621 Y60.659 E.9548
G1 X171.621 Y60.125 F30000
G1 F12000
G1 X192.379 Y39.368 E.9548
G1 X192.379 Y38.834 F30000
G1 F12000
G1 X171.621 Y59.591 E.9548
G1 X171.621 Y59.058 F30000
G1 F12000
G1 X192.379 Y38.3 E.9548
G1 X192.379 Y37.766 F30000
G1 F12000
G1 X171.621 Y58.524 E.9548
G1 X171.621 Y57.99 F30000
G1 F12000
G1 X192.379 Y37.232 E.9548
G1 X192.379 Y36.698 F30000
G1 F12000
G1 X171.621 Y57.456 E.9548
G1 X171.621 Y56.922 F30000
G1 F12000
G1 X192.379 Y36.165 E.9548
G1 X192.138 Y35.871 F30000
M73 P36 R40
G1 F12000
G1 X171.621 Y56.388 E.94373
G1 X171.621 Y55.854 F30000
G1 F12000
G1 X191.604 Y35.871 E.91918
G1 X191.07 Y35.871 F30000
G1 F12000
G1 X171.621 Y55.32 E.89462
G1 X171.621 Y54.787 F30000
G1 F12000
G1 X190.537 Y35.871 E.87006
G1 X190.003 Y35.871 F30000
G1 F12000
G1 X171.621 Y54.253 E.8455
G1 X171.621 Y53.719 F30000
G1 F12000
G1 X189.469 Y35.871 E.82094
G1 X188.935 Y35.871 F30000
G1 F12000
G1 X171.621 Y53.185 E.79639
G1 X171.621 Y52.651 F30000
G1 F12000
G1 X188.401 Y35.871 E.77183
G1 X187.867 Y35.871 F30000
G1 F12000
G1 X171.621 Y52.117 E.74727
G1 X171.621 Y51.583 F30000
G1 F12000
G1 X187.333 Y35.871 E.72271
G1 X186.799 Y35.871 F30000
G1 F12000
G1 X171.621 Y51.049 E.69816
G1 X171.621 Y50.515 F30000
G1 F12000
G1 X186.265 Y35.871 E.6736
G1 X185.732 Y35.871 F30000
G1 F12000
G1 X171.621 Y49.982 E.64904
G1 X171.621 Y49.448 F30000
G1 F12000
G1 X185.198 Y35.871 E.62448
G1 X184.664 Y35.871 F30000
G1 F12000
G1 X171.621 Y48.914 E.59993
G1 X171.621 Y48.38 F30000
G1 F12000
G1 X184.13 Y35.871 E.57537
G1 X183.596 Y35.871 F30000
G1 F12000
G1 X171.621 Y47.846 E.55081
G1 X171.621 Y47.312 F30000
G1 F12000
G1 X183.062 Y35.871 E.52625
G1 X182.528 Y35.871 F30000
G1 F12000
G1 X171.621 Y46.778 E.5017
G1 X171.621 Y46.244 F30000
G1 F12000
G1 X181.994 Y35.871 E.47714
G1 X181.46 Y35.871 F30000
G1 F12000
G1 X171.621 Y45.71 E.45258
G1 X171.621 Y45.177 F30000
G1 F12000
G1 X180.927 Y35.871 E.42802
G1 X180.393 Y35.871 F30000
G1 F12000
G1 X171.621 Y44.643 E.40347
G1 X171.621 Y44.109 F30000
G1 F12000
G1 X179.859 Y35.871 E.37891
G1 X179.325 Y35.871 F30000
G1 F12000
G1 X171.621 Y43.575 E.35435
G1 X171.621 Y43.041 F30000
G1 F12000
G1 X178.791 Y35.871 E.32979
G1 X178.257 Y35.871 F30000
G1 F12000
G1 X171.621 Y42.507 E.30524
G1 X171.621 Y41.973 F30000
G1 F12000
G1 X177.723 Y35.871 E.28068
G1 X177.189 Y35.871 F30000
G1 F12000
G1 X171.621 Y41.439 E.25612
G1 X171.621 Y40.906 F30000
G1 F12000
G1 X176.656 Y35.871 E.23156
G1 X176.122 Y35.871 F30000
G1 F12000
G1 X171.621 Y40.372 E.20701
G1 X171.621 Y39.838 F30000
G1 F12000
G1 X175.588 Y35.871 E.18245
G1 X175.054 Y35.871 F30000
G1 F12000
G1 X171.621 Y39.304 E.15789
G1 X171.621 Y38.77 F30000
G1 F12000
G1 X174.52 Y35.871 E.13333
G1 X173.986 Y35.871 F30000
G1 F12000
G1 X171.621 Y38.236 E.10878
G1 X171.621 Y37.702 F30000
G1 F12000
G1 X173.452 Y35.871 E.08422
G1 X172.918 Y35.871 F30000
G1 F12000
G1 X171.621 Y37.168 E.05966
G1 X171.621 Y36.634 F30000
G1 F12000
G1 X172.384 Y35.871 E.0351
G1 E-.73524 F1800
;WIPE_START
G1 F30000
G1 X171.621 Y36.634 E-.06476
;WIPE_END
G1 X169.882 Y44.066 Z1.2
G1 X148.682 Y134.629 Z1.2
G1 Z.8
G1 E.8 F1800
;WIDTH:0.420057
G1 F12000
G1 X149.179 Y134.132 E.02281
G1 X149.179 Y133.599 F30000
G1 F12000
G1 X148.149 Y134.629 E.04732
G1 X147.616 Y134.629 F30000
G1 F12000
G1 X149.179 Y133.066 E.07183
G1 X149.179 Y132.532 F30000
G1 F12000
G1 X147.082 Y134.629 E.09634
G1 X146.549 Y134.629 F30000
G1 F12000
G1 X149.179 Y131.999 E.12085
G1 X149.179 Y131.466 F30000
G1 F12000
G1 X146.016 Y134.629 E.14536
G1 X145.482 Y134.629 F30000
G1 F12000
G1 X149.179 Y130.932 E.16987
G1 X149.179 Y130.399 F30000
G1 F12000
G1 X144.949 Y134.629 E.19437
G1 X144.415 Y134.629 F30000
G1 F12000
G1 X149.179 Y129.865 E.21888
G1 X149.179 Y129.332 F30000
G1 F12000
G1 X143.882 Y134.629 E.24339
G1 X143.349 Y134.629 F30000
G1 F12000
G1 X149.179 Y128.799 E.2679
G1 X149.179 Y128.265 F30000
G1 F12000
G1 X142.815 Y134.629 E.29241
G1 X142.282 Y134.629 F30000
G1 F12000
G1 X149.179 Y127.732 E.31692
G1 X149.179 Y127.199 F30000
G1 F12000
G1 X141.749 Y134.629 E.34142
G1 X141.215 Y134.629 F30000
G1 F12000
G1 X149.179 Y126.665 E.36593
G1 X149.179 Y126.132 F30000
G1 F12000
G1 X140.682 Y134.629 E.39044
G1 X140.149 Y134.629 F30000
G1 F12000
G1 X149.179 Y125.599 E.41495
G1 X149.179 Y125.065 F30000
G1 F12000
G1 X139.615 Y134.629 E.43946
G1 X139.082 Y134.629 F30000
G1 F12000
G1 X149.179 Y124.532 E.46397
G1 X149.179 Y123.999 F30000
G1 F12000
G1 X138.549 Y134.629 E.48848
G1 X138.015 Y134.629 F30000
G1 F12000
G1 X149.179 Y123.465 E.51298
G1 X149.179 Y122.932 F30000
G1 F12000
G1 X137.482 Y134.629 E.53749
G1 X136.949 Y134.629 F30000
G1 F12000
G1 X149.179 Y122.399 E.562
G1 X149.179 Y121.865 F30000
G1 F12000
G1 X136.415 Y134.629 E.58651
G1 X135.882 Y134.629 F30000
G1 F12000
G1 X149.179 Y121.332 E.61102
G1 X149.179 Y120.798 F30000
G1 F12000
G1 X135.348 Y134.629 E.63553
G1 X134.815 Y134.629 F30000
G1 F12000
G1 X149.179 Y120.265 E.66004
G1 X149.179 Y119.732 F30000
G1 F12000
G1 X134.282 Y134.629 E.68454
G1 X133.748 Y134.629 F30000
G1 F12000
G1 X149.179 Y119.198 E.70905
G1 X149.179 Y118.665 F30000
M73 P36 R39
G1 F12000
G1 X133.215 Y134.629 E.73356
G1 X132.682 Y134.629 F30000
G1 F12000
G1 X149.179 Y118.132 E.75807
G1 X149.179 Y117.598 F30000
G1 F12000
G1 X132.148 Y134.629 E.78258
G1 X131.615 Y134.629 F30000
G1 F12000
G1 X149.179 Y117.065 E.80709
G1 X149.179 Y116.532 F30000
G1 F12000
G1 X131.082 Y134.629 E.83159
G1 X130.548 Y134.629 F30000
G1 F12000
G1 X149.179 Y115.998 E.8561
G1 X149.179 Y115.465 F30000
G1 F12000
G1 X130.015 Y134.629 E.88061
G1 X129.482 Y134.629 F30000
G1 F12000
G1 X149.179 Y114.932 E.90512
G1 X149.179 Y114.398 F30000
G1 F12000
G1 X128.948 Y134.629 E.92963
G1 X128.421 Y134.622 F30000
G1 F12000
G1 X149.179 Y113.865 E.95385
G1 X149.179 Y113.332 F30000
G1 F12000
G1 X128.421 Y134.089 E.95385
G1 X128.421 Y133.556 F30000
G1 F12000
G1 X149.179 Y112.798 E.95385
G1 X149.179 Y112.265 F30000
G1 F12000
G1 X128.421 Y133.022 E.95385
G1 X128.421 Y132.489 F30000
G1 F12000
G1 X149.179 Y111.731 E.95385
G1 X149.179 Y111.198 F30000
G1 F12000
G1 X128.421 Y131.956 E.95385
G1 X128.421 Y131.422 F30000
G1 F12000
G1 X149.179 Y110.665 E.95385
G1 X149.179 Y110.131 F30000
G1 F12000
G1 X128.421 Y130.889 E.95385
G1 X128.421 Y130.356 F30000
G1 F12000
G1 X149.179 Y109.598 E.95385
G1 X149.179 Y109.065 F30000
G1 F12000
G1 X128.421 Y129.822 E.95385
G1 X128.421 Y129.289 F30000
G1 F12000
G1 X149.179 Y108.531 E.95385
G1 X149.179 Y107.998 F30000
G1 F12000
G1 X128.421 Y128.756 E.95385
G1 X128.421 Y128.222 F30000
G1 F12000
G1 X149.179 Y107.465 E.95385
G1 X149.179 Y106.931 F30000
G1 F12000
G1 X128.421 Y127.689 E.95385
G1 X128.421 Y127.155 F30000
G1 F12000
G1 X149.179 Y106.398 E.95385
G1 X149.179 Y105.865 F30000
G1 F12000
G1 X128.421 Y126.622 E.95385
G1 X128.421 Y126.089 F30000
G1 F12000
G1 X149.179 Y105.331 E.95385
G1 X149.179 Y104.798 F30000
G1 F12000
G1 X128.421 Y125.555 E.95385
G1 X128.421 Y125.022 F30000
G1 F12000
G1 X149.179 Y104.265 E.95385
G1 X149.179 Y103.731 F30000
G1 F12000
G1 X128.421 Y124.489 E.95385
G1 X128.421 Y123.955 F30000
G1 F12000
G1 X149.179 Y103.198 E.95385
G1 X149.179 Y102.664 F30000
G1 F12000
G1 X128.421 Y123.422 E.95385
G1 X128.421 Y122.889 F30000
G1 F12000
G1 X149.179 Y102.131 E.95385
G1 X149.179 Y101.598 F30000
G1 F12000
G1 X128.421 Y122.355 E.95385
G1 X128.421 Y121.822 F30000
G1 F12000
G1 X149.179 Y101.064 E.95385
G1 X149.179 Y100.531 F30000
G1 F12000
G1 X128.421 Y121.289 E.95385
G1 X128.421 Y120.755 F30000
G1 F12000
G1 X149.179 Y99.998 E.95385
G1 X149.179 Y99.464 F30000
G1 F12000
G1 X128.421 Y120.222 E.95385
G1 X128.421 Y119.689 F30000
G1 F12000
G1 X149.179 Y98.931 E.95385
G1 X149.179 Y98.398 F30000
G1 F12000
G1 X128.421 Y119.155 E.95385
G1 X128.421 Y118.622 F30000
G1 F12000
G1 X149.179 Y97.864 E.95385
G1 X149.179 Y97.331 F30000
G1 F12000
G1 X128.421 Y118.088 E.95385
G1 X128.421 Y117.555 F30000
G1 F12000
G1 X149.179 Y96.798 E.95385
G1 X149.179 Y96.264 F30000
G1 F12000
G1 X128.421 Y117.022 E.95385
G1 X128.421 Y116.488 F30000
G1 F12000
G1 X149.179 Y95.731 E.95385
G1 X149.179 Y95.198 F30000
G1 F12000
G1 X128.421 Y115.955 E.95385
G1 X128.421 Y115.422 F30000
G1 F12000
G1 X149.179 Y94.664 E.95385
G1 X149.179 Y94.131 F30000
G1 F12000
G1 X128.421 Y114.888 E.95385
G1 X128.421 Y114.355 F30000
G1 F12000
G1 X149.179 Y93.598 E.95385
G1 X149.179 Y93.064 F30000
G1 F12000
G1 X128.421 Y113.822 E.95385
G1 X128.421 Y113.288 F30000
G1 F12000
G1 X149.179 Y92.531 E.95385
G1 X149.179 Y91.997 F30000
G1 F12000
G1 X128.421 Y112.755 E.95385
G1 X128.421 Y112.222 F30000
G1 F12000
G1 X149.179 Y91.464 E.95385
G1 X149.179 Y90.931 F30000
G1 F12000
G1 X128.421 Y111.688 E.95385
G1 X128.421 Y111.155 F30000
G1 F12000
G1 X149.179 Y90.397 E.95385
G1 X149.179 Y89.864 F30000
G1 F12000
G1 X128.421 Y110.622 E.95385
G1 X128.421 Y110.088 F30000
G1 F12000
G1 X149.179 Y89.331 E.95385
G1 X149.179 Y88.797 F30000
G1 F12000
G1 X128.421 Y109.555 E.95385
G1 X128.421 Y109.022 F30000
G1 F12000
G1 X149.179 Y88.264 E.95385
G1 X149.179 Y87.731 F30000
G1 F12000
G1 X128.421 Y108.488 E.95385
G1 X128.421 Y107.955 F30000
G1 F12000
G1 X149.179 Y87.197 E.95385
G1 X149.179 Y86.664 F30000
G1 F12000
G1 X128.421 Y107.421 E.95385
G1 X128.421 Y106.888 F30000
G1 F12000
G1 X149.179 Y86.131 E.95385
G1 X149.179 Y85.597 F30000
G1 F12000
G1 X128.421 Y106.355 E.95385
G1 X128.421 Y105.821 F30000
G1 F12000
G1 X149.179 Y85.064 E.95385
G1 X149.179 Y84.531 F30000
G1 F12000
G1 X128.421 Y105.288 E.95385
G1 X128.421 Y104.755 F30000
G1 F12000
G1 X149.179 Y83.997 E.95385
G1 X149.179 Y83.464 F30000
G1 F12000
G1 X128.421 Y104.221 E.95385
G1 X128.421 Y103.688 F30000
G1 F12000
G1 X149.179 Y82.93 E.95385
G1 X149.179 Y82.397 F30000
G1 F12000
G1 X128.421 Y103.155 E.95385
G1 X128.421 Y102.621 F30000
G1 F12000
G1 X149.179 Y81.864 E.95385
G1 X149.179 Y81.33 F30000
G1 F12000
G1 X128.421 Y102.088 E.95385
G1 X128.421 Y101.555 F30000
G1 F12000
G1 X149.179 Y80.797 E.95385
G1 X149.179 Y80.264 F30000
G1 F12000
G1 X128.421 Y101.021 E.95385
G1 X128.421 Y100.488 F30000
G1 F12000
G1 X149.179 Y79.73 E.95385
G1 X149.179 Y79.197 F30000
G1 F12000
G1 X128.421 Y99.955 E.95385
G1 X128.421 Y99.421 F30000
G1 F12000
G1 X149.179 Y78.664 E.95385
G1 X149.179 Y78.13 F30000
G1 F12000
G1 X128.421 Y98.888 E.95385
G1 X128.421 Y98.354 F30000
G1 F12000
G1 X149.179 Y77.597 E.95385
G1 X149.179 Y77.064 F30000
G1 F12000
G1 X128.421 Y97.821 E.95385
G1 X128.421 Y97.288 F30000
G1 F12000
G1 X149.179 Y76.53 E.95385
G1 X149.179 Y75.997 F30000
G1 F12000
G1 X128.421 Y96.754 E.95385
G1 X128.421 Y96.221 F30000
G1 F12000
G1 X149.179 Y75.464 E.95385
G1 X149.179 Y74.93 F30000
G1 F12000
G1 X128.421 Y95.688 E.95385
G1 X128.421 Y95.154 F30000
G1 F12000
G1 X149.179 Y74.397 E.95385
G1 X149.179 Y73.863 F30000
G1 F12000
G1 X128.421 Y94.621 E.95385
G1 X128.421 Y94.088 F30000
G1 F12000
G1 X149.179 Y73.33 E.95385
G1 X149.179 Y72.797 F30000
G1 F12000
G1 X128.421 Y93.554 E.95385
G1 X128.421 Y93.021 F30000
G1 F12000
G1 X149.179 Y72.263 E.95385
G1 X149.179 Y71.73 F30000
G1 F12000
G1 X128.421 Y92.488 E.95385
G1 X128.421 Y91.954 F30000
G1 F12000
G1 X149.179 Y71.197 E.95385
G1 X149.179 Y70.663 F30000
G1 F12000
G1 X128.421 Y91.421 E.95385
G1 X128.421 Y90.888 F30000
G1 F12000
G1 X149.179 Y70.13 E.95385
G1 X149.179 Y69.597 F30000
G1 F12000
G1 X128.421 Y90.354 E.95385
G1 X128.421 Y89.821 F30000
G1 F12000
G1 X149.179 Y69.063 E.95385
G1 X149.179 Y68.53 F30000
G1 F12000
G1 X128.421 Y89.287 E.95385
G1 X128.421 Y88.754 F30000
M73 P37 R39
G1 F12000
G1 X149.179 Y67.997 E.95385
G1 X149.179 Y67.463 F30000
G1 F12000
G1 X128.421 Y88.221 E.95385
G1 X128.421 Y87.687 F30000
G1 F12000
G1 X149.179 Y66.93 E.95385
G1 X149.179 Y66.397 F30000
G1 F12000
G1 X128.421 Y87.154 E.95385
G1 X128.421 Y86.621 F30000
G1 F12000
G1 X149.179 Y65.863 E.95385
G1 X149.179 Y65.33 F30000
G1 F12000
G1 X128.421 Y86.087 E.95385
G1 X128.421 Y85.554 F30000
G1 F12000
G1 X149.179 Y64.796 E.95385
G1 X149.179 Y64.263 F30000
G1 F12000
G1 X128.421 Y85.021 E.95385
G1 X128.421 Y84.487 F30000
G1 F12000
G1 X149.179 Y63.73 E.95385
G1 X149.179 Y63.196 F30000
G1 F12000
G1 X128.421 Y83.954 E.95385
G1 X128.421 Y83.421 F30000
G1 F12000
G1 X149.179 Y62.663 E.95385
G1 X149.179 Y62.13 F30000
G1 F12000
G1 X128.421 Y82.887 E.95385
G1 X128.421 Y82.354 F30000
G1 F12000
G1 X149.179 Y61.596 E.95385
G1 X149.179 Y61.063 F30000
G1 F12000
G1 X128.421 Y81.821 E.95385
G1 X128.421 Y81.287 F30000
G1 F12000
G1 X149.179 Y60.53 E.95385
G1 X149.179 Y59.996 F30000
G1 F12000
G1 X128.421 Y80.754 E.95385
G1 X128.421 Y80.22 F30000
G1 F12000
G1 X149.179 Y59.463 E.95385
G1 X149.179 Y58.93 F30000
G1 F12000
G1 X128.421 Y79.687 E.95385
G1 X128.421 Y79.154 F30000
G1 F12000
G1 X149.179 Y58.396 E.95385
G1 X149.179 Y57.863 F30000
G1 F12000
G1 X128.421 Y78.62 E.95385
G1 X128.421 Y78.087 F30000
G1 F12000
G1 X149.179 Y57.33 E.95385
G1 X149.179 Y56.796 F30000
G1 F12000
G1 X128.421 Y77.554 E.95385
G1 X128.421 Y77.02 F30000
G1 F12000
G1 X149.179 Y56.263 E.95385
G1 X149.179 Y55.73 F30000
G1 F12000
G1 X128.421 Y76.487 E.95385
G1 X128.421 Y75.954 F30000
G1 F12000
G1 X149.179 Y55.196 E.95385
G1 X149.179 Y54.663 F30000
G1 F12000
G1 X128.421 Y75.42 E.95385
G1 X128.421 Y74.887 F30000
G1 F12000
G1 X149.179 Y54.129 E.95385
G1 X149.179 Y53.596 F30000
G1 F12000
G1 X128.421 Y74.354 E.95385
G1 X128.421 Y73.82 F30000
G1 F12000
G1 X149.179 Y53.063 E.95385
G1 X149.179 Y52.529 F30000
G1 F12000
G1 X128.421 Y73.287 E.95385
G1 X128.421 Y72.754 F30000
G1 F12000
G1 X149.179 Y51.996 E.95385
G1 X149.179 Y51.463 F30000
G1 F12000
G1 X128.421 Y72.22 E.95385
G1 X128.421 Y71.687 F30000
G1 F12000
G1 X149.179 Y50.929 E.95385
G1 X149.179 Y50.396 F30000
G1 F12000
G1 X128.421 Y71.153 E.95385
G1 X128.421 Y70.62 F30000
G1 F12000
G1 X149.179 Y49.863 E.95385
G1 X149.179 Y49.329 F30000
G1 F12000
G1 X128.421 Y70.087 E.95385
G1 X128.421 Y69.553 F30000
G1 F12000
G1 X149.179 Y48.796 E.95385
G1 X149.179 Y48.263 F30000
G1 F12000
G1 X128.421 Y69.02 E.95385
G1 X128.421 Y68.487 F30000
G1 F12000
G1 X149.179 Y47.729 E.95385
G1 X149.179 Y47.196 F30000
G1 F12000
G1 X128.421 Y67.953 E.95385
G1 X128.421 Y67.42 F30000
G1 F12000
G1 X149.179 Y46.663 E.95385
G1 X149.179 Y46.129 F30000
G1 F12000
G1 X128.421 Y66.887 E.95385
G1 X128.421 Y66.353 F30000
G1 F12000
G1 X149.179 Y45.596 E.95385
G1 X149.179 Y45.062 F30000
G1 F12000
G1 X128.421 Y65.82 E.95385
G1 X128.421 Y65.287 F30000
G1 F12000
G1 X149.179 Y44.529 E.95385
G1 X149.179 Y43.996 F30000
G1 F12000
G1 X128.421 Y64.753 E.95385
G1 X128.421 Y64.22 F30000
G1 F12000
G1 X149.179 Y43.462 E.95385
G1 X149.179 Y42.929 F30000
G1 F12000
G1 X128.421 Y63.687 E.95385
G1 X128.421 Y63.153 F30000
G1 F12000
G1 X149.179 Y42.396 E.95385
G1 X149.179 Y41.862 F30000
G1 F12000
G1 X128.421 Y62.62 E.95385
G1 X128.421 Y62.087 F30000
G1 F12000
G1 X149.179 Y41.329 E.95385
G1 X149.179 Y40.796 F30000
G1 F12000
G1 X128.421 Y61.553 E.95385
G1 X128.421 Y61.02 F30000
G1 F12000
G1 X149.179 Y40.262 E.95385
G1 X149.179 Y39.729 F30000
G1 F12000
G1 X128.421 Y60.486 E.95385
G1 X128.421 Y59.953 F30000
G1 F12000
G1 X149.179 Y39.196 E.95385
G1 X149.179 Y38.662 F30000
G1 F12000
G1 X128.421 Y59.42 E.95385
G1 X128.421 Y58.886 F30000
G1 F12000
G1 X149.179 Y38.129 E.95385
G1 X149.179 Y37.596 F30000
G1 F12000
G1 X128.421 Y58.353 E.95385
G1 X128.421 Y57.82 F30000
G1 F12000
G1 X149.179 Y37.062 E.95385
G1 X149.179 Y36.529 F30000
G1 F12000
G1 X128.421 Y57.286 E.95385
G1 X128.421 Y56.753 F30000
G1 F12000
G1 X149.179 Y35.995 E.95385
G1 X149.179 Y35.462 F30000
G1 F12000
G1 X128.421 Y56.22 E.95385
G1 E-.728 F1800
;WIPE_START
G1 F30000
G1 X129.27 Y55.371 E-.072
;WIPE_END
G1 X129.105 Y63.002 Z1.2
G1 X127.579 Y133.865 Z1.2
G1 Z.8
G1 E.8 F1800
G1 F12000
G1 X126.815 Y134.629 E.0351
G1 X126.281 Y134.629 F30000
G1 F12000
G1 X127.579 Y133.331 E.05961
G1 X127.579 Y132.798 F30000
G1 F12000
G1 X125.748 Y134.629 E.08412
G1 X125.215 Y134.629 F30000
G1 F12000
G1 X127.579 Y132.265 E.10863
G1 X127.579 Y131.731 F30000
G1 F12000
G1 X124.681 Y134.629 E.13314
G1 X124.148 Y134.629 F30000
G1 F12000
G1 X127.579 Y131.198 E.15765
G1 X127.579 Y130.665 F30000
G1 F12000
G1 X123.615 Y134.629 E.18215
G1 X123.081 Y134.629 F30000
G1 F12000
G1 X127.579 Y130.131 E.20666
G1 X127.579 Y129.598 F30000
G1 F12000
G1 X122.548 Y134.629 E.23117
G1 X122.015 Y134.629 F30000
G1 F12000
G1 X127.579 Y129.065 E.25568
G1 X127.579 Y128.531 F30000
G1 F12000
G1 X121.481 Y134.629 E.28019
G1 X120.948 Y134.629 F30000
G1 F12000
G1 X127.579 Y127.998 E.3047
G1 X127.579 Y127.465 F30000
G1 F12000
G1 X120.415 Y134.629 E.32921
G1 X119.881 Y134.629 F30000
G1 F12000
G1 X127.579 Y126.931 E.35371
G1 X127.579 Y126.398 F30000
G1 F12000
G1 X119.348 Y134.629 E.37822
G1 X118.815 Y134.629 F30000
G1 F12000
G1 X127.579 Y125.865 E.40273
G1 X127.579 Y125.331 F30000
G1 F12000
G1 X118.281 Y134.629 E.42724
G1 X117.748 Y134.629 F30000
G1 F12000
G1 X127.579 Y124.798 E.45175
G1 X127.579 Y124.264 F30000
G1 F12000
G1 X117.214 Y134.629 E.47626
G1 X116.681 Y134.629 F30000
G1 F12000
G1 X127.579 Y123.731 E.50077
G1 X127.579 Y123.198 F30000
G1 F12000
G1 X116.148 Y134.629 E.52527
G1 X115.614 Y134.629 F30000
G1 F12000
G1 X127.579 Y122.664 E.54978
G1 X127.579 Y122.131 F30000
G1 F12000
G1 X115.081 Y134.629 E.57429
G1 X114.548 Y134.629 F30000
G1 F12000
G1 X127.579 Y121.598 E.5988
G1 X127.579 Y121.064 F30000
G1 F12000
G1 X114.014 Y134.629 E.62331
G1 X113.481 Y134.629 F30000
G1 F12000
G1 X127.579 Y120.531 E.64782
G1 X127.579 Y119.998 F30000
G1 F12000
G1 X112.948 Y134.629 E.67232
G1 X112.414 Y134.629 F30000
G1 F12000
G1 X127.579 Y119.464 E.69683
G1 X127.579 Y118.931 F30000
G1 F12000
G1 X111.881 Y134.629 E.72134
G1 X111.348 Y134.629 F30000
G1 F12000
G1 X127.579 Y118.398 E.74585
G1 X127.579 Y117.864 F30000
G1 F12000
G1 X110.814 Y134.629 E.77036
G1 X110.281 Y134.629 F30000
G1 F12000
G1 X127.579 Y117.331 E.79487
G1 X127.579 Y116.798 F30000
G1 F12000
G1 X109.748 Y134.629 E.81938
G1 X109.214 Y134.629 F30000
G1 F12000
G1 X127.579 Y116.264 E.84388
G1 X127.579 Y115.731 F30000
G1 F12000
G1 X108.681 Y134.629 E.86839
G1 X108.147 Y134.629 F30000
G1 F12000
G1 X127.579 Y115.198 E.8929
G1 X127.579 Y114.664 F30000
G1 F12000
G1 X107.614 Y134.629 E.91741
G1 X107.081 Y134.629 F30000
G1 F12000
G1 X127.579 Y114.131 E.94192
G1 X127.579 Y113.597 F30000
G1 F12000
G1 X106.821 Y134.355 E.95384
G1 X106.821 Y133.822 F30000
G1 F12000
G1 X127.579 Y113.064 E.95384
G1 X127.579 Y112.531 F30000
G1 F12000
G1 X106.821 Y133.288 E.95384
G1 X106.821 Y132.755 F30000
G1 F12000
G1 X127.579 Y111.997 E.95384
G1 X127.579 Y111.464 F30000
G1 F12000
G1 X106.821 Y132.222 E.95384
G1 X106.821 Y131.688 F30000
G1 F12000
G1 X127.579 Y110.931 E.95384
G1 X127.579 Y110.397 F30000
G1 F12000
G1 X106.821 Y131.155 E.95384
G1 X106.821 Y130.621 F30000
G1 F12000
G1 X127.579 Y109.864 E.95384
G1 X127.579 Y109.331 F30000
G1 F12000
G1 X106.821 Y130.088 E.95384
G1 X106.821 Y129.555 F30000
G1 F12000
G1 X127.579 Y108.797 E.95384
G1 X127.579 Y108.264 F30000
G1 F12000
G1 X106.821 Y129.021 E.95384
G1 X106.821 Y128.488 F30000
G1 F12000
G1 X127.579 Y107.731 E.95384
G1 X127.579 Y107.197 F30000
G1 F12000
G1 X106.821 Y127.955 E.95384
G1 X106.821 Y127.421 F30000
G1 F12000
G1 X127.579 Y106.664 E.95384
G1 X127.579 Y106.131 F30000
G1 F12000
G1 X106.821 Y126.888 E.95384
G1 X106.821 Y126.355 F30000
G1 F12000
G1 X127.579 Y105.597 E.95384
G1 X127.579 Y105.064 F30000
G1 F12000
G1 X106.821 Y125.821 E.95384
G1 X106.821 Y125.288 F30000
G1 F12000
G1 X127.579 Y104.53 E.95384
G1 X127.579 Y103.997 F30000
G1 F12000
G1 X106.821 Y124.755 E.95384
G1 X106.821 Y124.221 F30000
G1 F12000
G1 X127.579 Y103.464 E.95384
G1 X127.579 Y102.93 F30000
G1 F12000
G1 X106.821 Y123.688 E.95384
G1 X106.821 Y123.155 F30000
G1 F12000
G1 X127.579 Y102.397 E.95384
G1 X127.579 Y101.864 F30000
G1 F12000
G1 X106.821 Y122.621 E.95384
G1 X106.821 Y122.088 F30000
G1 F12000
G1 X127.579 Y101.33 E.95384
G1 X127.579 Y100.797 F30000
G1 F12000
G1 X106.821 Y121.555 E.95384
G1 X106.821 Y121.021 F30000
G1 F12000
G1 X127.579 Y100.264 E.95384
G1 X127.579 Y99.73 F30000
G1 F12000
G1 X106.821 Y120.488 E.95384
G1 X106.821 Y119.954 F30000
G1 F12000
G1 X127.579 Y99.197 E.95384
G1 X127.579 Y98.664 F30000
G1 F12000
G1 X106.821 Y119.421 E.95384
G1 X106.821 Y118.888 F30000
G1 F12000
G1 X127.579 Y98.13 E.95384
G1 X127.579 Y97.597 F30000
G1 F12000
G1 X106.821 Y118.354 E.95384
G1 X106.821 Y117.821 F30000
G1 F12000
G1 X127.579 Y97.064 E.95384
G1 X127.579 Y96.53 F30000
G1 F12000
G1 X106.821 Y117.288 E.95384
G1 X106.821 Y116.754 F30000
G1 F12000
G1 X127.579 Y95.997 E.95384
G1 X127.579 Y95.463 F30000
G1 F12000
G1 X106.821 Y116.221 E.95384
G1 X106.821 Y115.688 F30000
G1 F12000
G1 X127.579 Y94.93 E.95384
G1 X127.579 Y94.397 F30000
G1 F12000
G1 X106.821 Y115.154 E.95384
G1 X106.821 Y114.621 F30000
G1 F12000
G1 X127.579 Y93.863 E.95384
G1 X127.579 Y93.33 F30000
G1 F12000
G1 X106.821 Y114.088 E.95384
G1 X106.821 Y113.554 F30000
M73 P37 R38
G1 F12000
G1 X127.579 Y92.797 E.95384
G1 X127.579 Y92.263 F30000
G1 F12000
G1 X106.821 Y113.021 E.95384
G1 X106.821 Y112.488 F30000
G1 F12000
G1 X127.579 Y91.73 E.95384
G1 X127.579 Y91.197 F30000
G1 F12000
G1 X106.821 Y111.954 E.95384
G1 X106.821 Y111.421 F30000
G1 F12000
G1 X127.579 Y90.663 E.95384
G1 X127.579 Y90.13 F30000
G1 F12000
G1 X106.821 Y110.887 E.95384
G1 X106.821 Y110.354 F30000
G1 F12000
G1 X127.579 Y89.597 E.95384
G1 X127.579 Y89.063 F30000
G1 F12000
G1 X106.821 Y109.821 E.95384
G1 X106.821 Y109.287 F30000
G1 F12000
G1 X127.579 Y88.53 E.95384
G1 X127.579 Y87.997 F30000
G1 F12000
G1 X106.821 Y108.754 E.95384
G1 X106.821 Y108.221 F30000
G1 F12000
G1 X127.579 Y87.463 E.95384
G1 X127.579 Y86.93 F30000
M73 P38 R38
G1 F12000
G1 X106.821 Y107.687 E.95384
G1 X106.821 Y107.154 F30000
G1 F12000
G1 X127.579 Y86.396 E.95384
G1 X127.579 Y85.863 F30000
G1 F12000
G1 X106.821 Y106.621 E.95384
G1 X106.821 Y106.087 F30000
G1 F12000
G1 X127.579 Y85.33 E.95384
G1 X127.579 Y84.796 F30000
G1 F12000
G1 X106.821 Y105.554 E.95384
G1 X106.821 Y105.021 F30000
G1 F12000
G1 X127.579 Y84.263 E.95384
G1 X127.579 Y83.73 F30000
G1 F12000
G1 X106.821 Y104.487 E.95384
G1 X106.821 Y103.954 F30000
G1 F12000
G1 X127.579 Y83.196 E.95384
G1 X127.579 Y82.663 F30000
G1 F12000
G1 X106.821 Y103.421 E.95384
G1 X106.821 Y102.887 F30000
G1 F12000
G1 X127.579 Y82.13 E.95384
G1 X127.579 Y81.596 F30000
G1 F12000
G1 X106.821 Y102.354 E.95384
G1 X106.821 Y101.82 F30000
G1 F12000
G1 X127.579 Y81.063 E.95384
G1 X127.579 Y80.53 F30000
G1 F12000
G1 X106.821 Y101.287 E.95384
G1 X106.821 Y100.754 F30000
G1 F12000
G1 X127.579 Y79.996 E.95384
G1 X127.579 Y79.463 F30000
G1 F12000
G1 X106.821 Y100.22 E.95384
G1 X106.821 Y99.687 F30000
G1 F12000
G1 X127.579 Y78.93 E.95384
G1 X127.579 Y78.396 F30000
G1 F12000
G1 X106.821 Y99.154 E.95384
G1 X106.821 Y98.62 F30000
G1 F12000
G1 X127.579 Y77.863 E.95384
G1 X127.579 Y77.329 F30000
G1 F12000
G1 X106.821 Y98.087 E.95384
G1 X106.821 Y97.554 F30000
G1 F12000
G1 X127.579 Y76.796 E.95384
G1 X127.579 Y76.263 F30000
G1 F12000
G1 X106.821 Y97.02 E.95384
G1 X106.821 Y96.487 F30000
G1 F12000
G1 X127.579 Y75.729 E.95384
G1 X127.579 Y75.196 F30000
G1 F12000
G1 X106.821 Y95.954 E.95384
G1 X106.821 Y95.42 F30000
G1 F12000
G1 X127.579 Y74.663 E.95384
G1 X127.579 Y74.129 F30000
G1 F12000
G1 X106.821 Y94.887 E.95384
G1 X106.821 Y94.354 F30000
G1 F12000
G1 X127.579 Y73.596 E.95384
G1 X127.579 Y73.063 F30000
G1 F12000
G1 X106.821 Y93.82 E.95384
G1 X106.821 Y93.287 F30000
G1 F12000
G1 X127.579 Y72.529 E.95384
G1 X127.579 Y71.996 F30000
G1 F12000
G1 X106.821 Y92.753 E.95384
G1 X106.821 Y92.22 F30000
G1 F12000
G1 X127.579 Y71.463 E.95384
G1 X127.579 Y70.929 F30000
G1 F12000
G1 X106.821 Y91.687 E.95384
G1 X106.821 Y91.153 F30000
G1 F12000
G1 X127.579 Y70.396 E.95384
G1 X127.579 Y69.863 F30000
G1 F12000
G1 X106.821 Y90.62 E.95384
G1 X106.821 Y90.087 F30000
G1 F12000
G1 X127.579 Y69.329 E.95384
G1 X127.579 Y68.796 F30000
G1 F12000
G1 X106.821 Y89.553 E.95384
G1 X106.821 Y89.02 F30000
G1 F12000
G1 X127.579 Y68.263 E.95384
G1 X127.579 Y67.729 F30000
G1 F12000
G1 X106.821 Y88.487 E.95384
G1 X106.821 Y87.953 F30000
G1 F12000
G1 X127.579 Y67.196 E.95384
G1 X127.579 Y66.662 F30000
G1 F12000
G1 X106.821 Y87.42 E.95384
G1 X106.821 Y86.887 F30000
G1 F12000
G1 X127.579 Y66.129 E.95384
G1 X127.579 Y65.596 F30000
G1 F12000
G1 X106.821 Y86.353 E.95384
G1 X106.821 Y85.82 F30000
G1 F12000
G1 X127.579 Y65.062 E.95384
G1 X127.579 Y64.529 F30000
G1 F12000
G1 X106.821 Y85.287 E.95384
G1 X106.821 Y84.753 F30000
G1 F12000
G1 X127.579 Y63.996 E.95384
G1 X127.579 Y63.462 F30000
G1 F12000
G1 X106.821 Y84.22 E.95384
G1 X106.821 Y83.686 F30000
G1 F12000
G1 X127.579 Y62.929 E.95384
G1 X127.579 Y62.396 F30000
G1 F12000
G1 X106.821 Y83.153 E.95384
G1 X106.821 Y82.62 F30000
G1 F12000
G1 X127.579 Y61.862 E.95384
G1 X127.579 Y61.329 F30000
G1 F12000
G1 X106.821 Y82.086 E.95384
G1 X106.821 Y81.553 F30000
G1 F12000
G1 X127.579 Y60.796 E.95384
G1 X127.579 Y60.262 F30000
G1 F12000
G1 X106.821 Y81.02 E.95384
G1 X106.821 Y80.486 F30000
G1 F12000
G1 X127.579 Y59.729 E.95384
G1 X127.579 Y59.196 F30000
G1 F12000
G1 X106.821 Y79.953 E.95384
G1 X106.821 Y79.42 F30000
G1 F12000
G1 X127.579 Y58.662 E.95384
G1 X127.579 Y58.129 F30000
G1 F12000
G1 X106.821 Y78.886 E.95384
G1 X106.821 Y78.353 F30000
G1 F12000
G1 X127.579 Y57.595 E.95384
G1 X127.579 Y57.062 F30000
G1 F12000
G1 X106.821 Y77.82 E.95384
G1 X106.821 Y77.286 F30000
G1 F12000
G1 X127.579 Y56.529 E.95384
G1 X127.579 Y55.995 F30000
G1 F12000
G1 X106.821 Y76.753 E.95384
G1 X106.821 Y76.22 F30000
G1 F12000
G1 X127.579 Y55.462 E.95384
G1 X127.579 Y54.929 F30000
G1 F12000
G1 X106.821 Y75.686 E.95384
G1 X106.821 Y75.153 F30000
G1 F12000
G1 X127.579 Y54.395 E.95384
G1 X127.579 Y53.862 F30000
G1 F12000
G1 X106.821 Y74.62 E.95384
G1 X106.821 Y74.086 F30000
G1 F12000
G1 X127.579 Y53.329 E.95384
G1 X127.579 Y52.795 F30000
G1 F12000
G1 X106.821 Y73.553 E.95384
G1 X106.821 Y73.019 F30000
G1 F12000
G1 X127.579 Y52.262 E.95384
G1 X127.579 Y51.729 F30000
G1 F12000
G1 X106.821 Y72.486 E.95384
G1 X106.821 Y71.953 F30000
G1 F12000
G1 X127.579 Y51.195 E.95384
G1 X127.579 Y50.662 F30000
G1 F12000
G1 X106.821 Y71.419 E.95384
G1 X106.821 Y70.886 F30000
G1 F12000
G1 X127.579 Y50.129 E.95384
G1 X127.579 Y49.595 F30000
G1 F12000
G1 X106.821 Y70.353 E.95384
G1 X106.821 Y69.819 F30000
G1 F12000
G1 X127.579 Y49.062 E.95384
G1 X127.579 Y48.528 F30000
G1 F12000
G1 X106.821 Y69.286 E.95384
G1 X106.821 Y68.753 F30000
G1 F12000
G1 X127.579 Y47.995 E.95384
G1 X127.579 Y47.462 F30000
G1 F12000
G1 X106.821 Y68.219 E.95384
G1 X106.821 Y67.686 F30000
G1 F12000
G1 X127.579 Y46.928 E.95384
G1 X127.579 Y46.395 F30000
G1 F12000
G1 X106.821 Y67.153 E.95384
G1 X106.821 Y66.619 F30000
G1 F12000
G1 X127.579 Y45.862 E.95384
G1 X127.579 Y45.328 F30000
G1 F12000
G1 X106.821 Y66.086 E.95384
G1 X106.821 Y65.553 F30000
G1 F12000
G1 X127.579 Y44.795 E.95384
G1 X127.579 Y44.262 F30000
G1 F12000
G1 X106.821 Y65.019 E.95384
G1 X106.821 Y64.486 F30000
G1 F12000
G1 X127.579 Y43.728 E.95384
G1 X127.579 Y43.195 F30000
G1 F12000
G1 X106.821 Y63.952 E.95384
G1 X106.821 Y63.419 F30000
G1 F12000
G1 X127.579 Y42.662 E.95384
G1 X127.579 Y42.128 F30000
G1 F12000
G1 X106.821 Y62.886 E.95384
G1 X106.821 Y62.352 F30000
G1 F12000
G1 X127.579 Y41.595 E.95384
G1 X127.579 Y41.062 F30000
G1 F12000
G1 X106.821 Y61.819 E.95384
G1 X106.821 Y61.286 F30000
G1 F12000
G1 X127.579 Y40.528 E.95384
G1 X127.579 Y39.995 F30000
G1 F12000
G1 X106.821 Y60.752 E.95384
G1 X106.821 Y60.219 F30000
G1 F12000
G1 X127.579 Y39.461 E.95384
G1 X127.579 Y38.928 F30000
G1 F12000
G1 X106.821 Y59.686 E.95384
G1 X106.821 Y59.152 F30000
G1 F12000
G1 X127.579 Y38.395 E.95384
G1 X127.579 Y37.861 F30000
G1 F12000
G1 X106.821 Y58.619 E.95384
G1 X106.821 Y58.086 F30000
G1 F12000
G1 X127.579 Y37.328 E.95384
G1 X127.579 Y36.795 F30000
G1 F12000
G1 X106.821 Y57.552 E.95384
G1 X106.821 Y57.019 F30000
G1 F12000
G1 X127.579 Y36.261 E.95384
G1 X127.579 Y35.728 F30000
G1 F12000
G1 X106.821 Y56.486 E.95384
G1 X106.821 Y55.952 F30000
G1 F12000
G1 X127.579 Y35.195 E.95384
G1 E-.728 F1800
;WIPE_START
G1 F30000
G1 X126.73 Y36.043 E-.072
;WIPE_END
G1 X129.864 Y43.003 Z1.2
G1 X170.779 Y133.866 Z1.2
G1 Z.8
G1 E.8 F1800
G1 F12000
G1 X170.016 Y134.629 E.03503
G1 X169.483 Y134.629 F30000
G1 F12000
G1 X170.779 Y133.333 E.05954
G1 X170.779 Y132.8 F30000
G1 F12000
G1 X168.95 Y134.629 E.08405
G1 X168.416 Y134.629 F30000
G1 F12000
G1 X170.779 Y132.266 E.10856
G1 X170.779 Y131.733 F30000
G1 F12000
G1 X167.883 Y134.629 E.13307
G1 X167.35 Y134.629 F30000
G1 F12000
G1 X170.779 Y131.2 E.15758
G1 X170.779 Y130.666 F30000
G1 F12000
G1 X166.816 Y134.629 E.18208
G1 X166.283 Y134.629 F30000
G1 F12000
G1 X170.779 Y130.133 E.20659
G1 X170.779 Y129.6 F30000
G1 F12000
G1 X165.75 Y134.629 E.2311
G1 X165.216 Y134.629 F30000
G1 F12000
G1 X170.779 Y129.066 E.25561
G1 X170.779 Y128.533 F30000
G1 F12000
G1 X164.683 Y134.629 E.28012
G1 X164.149 Y134.629 F30000
G1 F12000
G1 X170.779 Y127.999 E.30463
G1 X170.779 Y127.466 F30000
G1 F12000
G1 X163.616 Y134.629 E.32914
G1 X163.083 Y134.629 F30000
G1 F12000
G1 X170.779 Y126.933 E.35364
G1 X170.779 Y126.399 F30000
G1 F12000
G1 X162.549 Y134.629 E.37815
G1 X162.016 Y134.629 F30000
G1 F12000
G1 X170.779 Y125.866 E.40266
G1 X170.779 Y125.333 F30000
G1 F12000
G1 X161.483 Y134.629 E.42717
G1 X160.949 Y134.629 F30000
G1 F12000
G1 X170.779 Y124.799 E.45168
G1 X170.779 Y124.266 F30000
G1 F12000
G1 X160.416 Y134.629 E.47619
G1 X159.883 Y134.629 F30000
G1 F12000
G1 X170.779 Y123.733 E.50069
G1 X170.779 Y123.199 F30000
G1 F12000
G1 X159.349 Y134.629 E.5252
G1 X158.816 Y134.629 F30000
G1 F12000
G1 X170.779 Y122.666 E.54971
G1 X170.779 Y122.133 F30000
G1 F12000
G1 X158.283 Y134.629 E.57422
G1 X157.749 Y134.629 F30000
G1 F12000
G1 X170.779 Y121.599 E.59873
G1 X170.779 Y121.066 F30000
G1 F12000
G1 X157.216 Y134.629 E.62324
G1 X156.683 Y134.629 F30000
G1 F12000
G1 X170.779 Y120.533 E.64775
G1 X170.779 Y119.999 F30000
G1 F12000
G1 X156.149 Y134.629 E.67225
G1 X155.616 Y134.629 F30000
G1 F12000
G1 X170.779 Y119.466 E.69676
G1 X170.779 Y118.933 F30000
G1 F12000
G1 X155.083 Y134.629 E.72127
G1 X154.549 Y134.629 F30000
G1 F12000
G1 X170.779 Y118.399 E.74578
G1 X170.779 Y117.866 F30000
G1 F12000
G1 X154.016 Y134.629 E.77029
G1 X153.482 Y134.629 F30000
G1 F12000
G1 X170.779 Y117.332 E.7948
G1 X170.779 Y116.799 F30000
G1 F12000
G1 X152.949 Y134.629 E.81931
G1 X152.416 Y134.629 F30000
G1 F12000
G1 X170.779 Y116.266 E.84381
G1 X170.779 Y115.732 F30000
G1 F12000
G1 X151.882 Y134.629 E.86832
G1 X151.349 Y134.629 F30000
G1 F12000
G1 X170.779 Y115.199 E.89283
G1 X170.779 Y114.666 F30000
G1 F12000
G1 X150.816 Y134.629 E.91734
G1 X150.282 Y134.629 F30000
G1 F12000
G1 X170.779 Y114.132 E.94185
G1 X170.779 Y113.599 F30000
G1 F12000
G1 X150.021 Y134.356 E.95385
G1 X150.021 Y133.823 F30000
G1 F12000
G1 X170.779 Y113.066 E.95385
G1 X170.779 Y112.532 F30000
G1 F12000
G1 X150.021 Y133.29 E.95385
G1 X150.021 Y132.756 F30000
G1 F12000
G1 X170.779 Y111.999 E.95385
G1 X170.779 Y111.466 F30000
G1 F12000
G1 X150.021 Y132.223 E.95385
G1 X150.021 Y131.69 F30000
G1 F12000
G1 X170.779 Y110.932 E.95385
G1 X170.779 Y110.399 F30000
G1 F12000
G1 X150.021 Y131.156 E.95385
G1 X150.021 Y130.623 F30000
G1 F12000
G1 X170.779 Y109.866 E.95385
G1 X170.779 Y109.332 F30000
G1 F12000
G1 X150.021 Y130.09 E.95385
G1 X150.021 Y129.556 F30000
G1 F12000
G1 X170.779 Y108.799 E.95385
G1 X170.779 Y108.265 F30000
G1 F12000
G1 X150.021 Y129.023 E.95385
G1 X150.021 Y128.49 F30000
G1 F12000
G1 X170.779 Y107.732 E.95385
G1 X170.779 Y107.199 F30000
G1 F12000
G1 X150.021 Y127.956 E.95385
G1 X150.021 Y127.423 F30000
G1 F12000
G1 X170.779 Y106.665 E.95385
G1 X170.779 Y106.132 F30000
M73 P39 R38
G1 F12000
G1 X150.021 Y126.89 E.95385
G1 X150.021 Y126.356 F30000
G1 F12000
G1 X170.779 Y105.599 E.95385
G1 X170.779 Y105.065 F30000
G1 F12000
G1 X150.021 Y125.823 E.95385
G1 X150.021 Y125.29 F30000
G1 F12000
G1 X170.779 Y104.532 E.95385
G1 X170.779 Y103.999 F30000
G1 F12000
G1 X150.021 Y124.756 E.95385
G1 X150.021 Y124.223 F30000
G1 F12000
G1 X170.779 Y103.465 E.95385
G1 X170.779 Y102.932 F30000
G1 F12000
G1 X150.021 Y123.689 E.95385
G1 X150.021 Y123.156 F30000
G1 F12000
G1 X170.779 Y102.399 E.95385
G1 X170.779 Y101.865 F30000
G1 F12000
G1 X150.021 Y122.623 E.95385
G1 X150.021 Y122.089 F30000
G1 F12000
G1 X170.779 Y101.332 E.95385
G1 X170.779 Y100.799 F30000
G1 F12000
G1 X150.021 Y121.556 E.95385
G1 X150.021 Y121.023 F30000
G1 F12000
G1 X170.779 Y100.265 E.95385
G1 X170.779 Y99.732 F30000
G1 F12000
G1 X150.021 Y120.489 E.95385
G1 X150.021 Y119.956 F30000
G1 F12000
G1 X170.779 Y99.198 E.95385
G1 X170.779 Y98.665 F30000
G1 F12000
G1 X150.021 Y119.423 E.95385
G1 X150.021 Y118.889 F30000
G1 F12000
G1 X170.779 Y98.132 E.95385
G1 X170.779 Y97.598 F30000
G1 F12000
G1 X150.021 Y118.356 E.95385
G1 X150.021 Y117.823 F30000
G1 F12000
G1 X170.779 Y97.065 E.95385
G1 X170.779 Y96.532 F30000
G1 F12000
G1 X150.021 Y117.289 E.95385
G1 X150.021 Y116.756 F30000
G1 F12000
G1 X170.779 Y95.998 E.95385
G1 X170.779 Y95.465 F30000
G1 F12000
G1 X150.021 Y116.223 E.95385
G1 X150.021 Y115.689 F30000
G1 F12000
G1 X170.779 Y94.932 E.95385
G1 X170.779 Y94.398 F30000
G1 F12000
G1 X150.021 Y115.156 E.95385
G1 X150.021 Y114.622 F30000
G1 F12000
G1 X170.779 Y93.865 E.95385
G1 X170.779 Y93.332 F30000
G1 F12000
G1 X150.021 Y114.089 E.95385
G1 X150.021 Y113.556 F30000
G1 F12000
G1 X170.779 Y92.798 E.95385
G1 X170.779 Y92.265 F30000
G1 F12000
G1 X150.021 Y113.022 E.95385
G1 X150.021 Y112.489 F30000
G1 F12000
G1 X170.779 Y91.732 E.95385
G1 X170.779 Y91.198 F30000
G1 F12000
G1 X150.021 Y111.956 E.95385
G1 X150.021 Y111.422 F30000
G1 F12000
G1 X170.779 Y90.665 E.95385
G1 X170.779 Y90.131 F30000
G1 F12000
G1 X150.021 Y110.889 E.95385
G1 X150.021 Y110.356 F30000
G1 F12000
G1 X170.779 Y89.598 E.95385
G1 X170.779 Y89.065 F30000
G1 F12000
G1 X150.021 Y109.822 E.95385
G1 X150.021 Y109.289 F30000
G1 F12000
G1 X170.779 Y88.531 E.95385
G1 X170.779 Y87.998 F30000
G1 F12000
G1 X150.021 Y108.756 E.95385
G1 X150.021 Y108.222 F30000
G1 F12000
G1 X170.779 Y87.465 E.95385
G1 X170.779 Y86.931 F30000
G1 F12000
G1 X150.021 Y107.689 E.95385
G1 X150.021 Y107.156 F30000
G1 F12000
G1 X170.779 Y86.398 E.95385
G1 X170.779 Y85.865 F30000
G1 F12000
G1 X150.021 Y106.622 E.95385
G1 X150.021 Y106.089 F30000
G1 F12000
G1 X170.779 Y85.331 E.95385
G1 X170.779 Y84.798 F30000
G1 F12000
G1 X150.021 Y105.555 E.95385
G1 X150.021 Y105.022 F30000
G1 F12000
G1 X170.779 Y84.265 E.95385
G1 X170.779 Y83.731 F30000
G1 F12000
G1 X150.021 Y104.489 E.95385
G1 X150.021 Y103.955 F30000
G1 F12000
G1 X170.779 Y83.198 E.95385
G1 X170.779 Y82.665 F30000
G1 F12000
G1 X150.021 Y103.422 E.95385
G1 X150.021 Y102.889 F30000
G1 F12000
G1 X170.779 Y82.131 E.95385
G1 X170.779 Y81.598 F30000
G1 F12000
G1 X150.021 Y102.355 E.95385
G1 X150.021 Y101.822 F30000
G1 F12000
G1 X170.779 Y81.065 E.95385
G1 X170.779 Y80.531 F30000
G1 F12000
G1 X150.021 Y101.289 E.95385
G1 X150.021 Y100.755 F30000
G1 F12000
G1 X170.779 Y79.998 E.95385
G1 X170.779 Y79.464 F30000
G1 F12000
G1 X150.021 Y100.222 E.95385
G1 X150.021 Y99.689 F30000
G1 F12000
G1 X170.779 Y78.931 E.95385
G1 X170.779 Y78.398 F30000
G1 F12000
G1 X150.021 Y99.155 E.95385
G1 X150.021 Y98.622 F30000
G1 F12000
G1 X170.779 Y77.864 E.95385
G1 X170.779 Y77.331 F30000
G1 F12000
G1 X150.021 Y98.089 E.95385
G1 X150.021 Y97.555 F30000
G1 F12000
G1 X170.779 Y76.798 E.95385
G1 X170.779 Y76.264 F30000
G1 F12000
G1 X150.021 Y97.022 E.95385
G1 X150.021 Y96.488 F30000
G1 F12000
G1 X170.779 Y75.731 E.95385
G1 X170.779 Y75.198 F30000
G1 F12000
G1 X150.021 Y95.955 E.95385
G1 X150.021 Y95.422 F30000
G1 F12000
G1 X170.779 Y74.664 E.95385
G1 X170.779 Y74.131 F30000
G1 F12000
G1 X150.021 Y94.888 E.95385
G1 X150.021 Y94.355 F30000
G1 F12000
G1 X170.779 Y73.598 E.95385
G1 X170.779 Y73.064 F30000
G1 F12000
G1 X150.021 Y93.822 E.95385
G1 X150.021 Y93.288 F30000
G1 F12000
G1 X170.779 Y72.531 E.95385
G1 X170.779 Y71.998 F30000
G1 F12000
G1 X150.021 Y92.755 E.95385
G1 X150.021 Y92.222 F30000
G1 F12000
G1 X170.779 Y71.464 E.95385
G1 X170.779 Y70.931 F30000
G1 F12000
G1 X150.021 Y91.688 E.95385
G1 X150.021 Y91.155 F30000
G1 F12000
G1 X170.779 Y70.397 E.95385
G1 X170.779 Y69.864 F30000
G1 F12000
G1 X150.021 Y90.622 E.95385
G1 X150.021 Y90.088 F30000
G1 F12000
G1 X170.779 Y69.331 E.95385
G1 X170.779 Y68.797 F30000
G1 F12000
G1 X150.021 Y89.555 E.95385
G1 X150.021 Y89.022 F30000
G1 F12000
G1 X170.779 Y68.264 E.95385
G1 X170.779 Y67.731 F30000
M73 P39 R37
G1 F12000
G1 X150.021 Y88.488 E.95385
G1 X150.021 Y87.955 F30000
G1 F12000
G1 X170.779 Y67.197 E.95385
G1 X170.779 Y66.664 F30000
G1 F12000
G1 X150.021 Y87.422 E.95385
G1 X150.021 Y86.888 F30000
G1 F12000
G1 X170.779 Y66.131 E.95385
G1 X170.779 Y65.597 F30000
G1 F12000
G1 X150.021 Y86.355 E.95385
G1 X150.021 Y85.821 F30000
G1 F12000
G1 X170.779 Y65.064 E.95385
G1 X170.779 Y64.531 F30000
G1 F12000
G1 X150.021 Y85.288 E.95385
G1 X150.021 Y84.755 F30000
G1 F12000
G1 X170.779 Y63.997 E.95385
G1 X170.779 Y63.464 F30000
G1 F12000
G1 X150.021 Y84.221 E.95385
G1 X150.021 Y83.688 F30000
G1 F12000
G1 X170.779 Y62.931 E.95385
G1 X170.779 Y62.397 F30000
G1 F12000
G1 X150.021 Y83.155 E.95385
G1 X150.021 Y82.621 F30000
G1 F12000
G1 X170.779 Y61.864 E.95385
G1 X170.779 Y61.33 F30000
G1 F12000
G1 X150.021 Y82.088 E.95385
G1 X150.021 Y81.555 F30000
G1 F12000
G1 X170.779 Y60.797 E.95385
G1 X170.779 Y60.264 F30000
G1 F12000
G1 X150.021 Y81.021 E.95385
G1 X150.021 Y80.488 F30000
G1 F12000
G1 X170.779 Y59.73 E.95385
G1 X170.779 Y59.197 F30000
G1 F12000
G1 X150.021 Y79.955 E.95385
G1 X150.021 Y79.421 F30000
G1 F12000
G1 X170.779 Y58.664 E.95385
G1 X170.779 Y58.13 F30000
G1 F12000
G1 X150.021 Y78.888 E.95385
G1 X150.021 Y78.355 F30000
G1 F12000
G1 X170.779 Y57.597 E.95385
G1 X170.779 Y57.064 F30000
G1 F12000
G1 X150.021 Y77.821 E.95385
G1 X150.021 Y77.288 F30000
G1 F12000
G1 X170.779 Y56.53 E.95385
G1 X170.779 Y55.997 F30000
G1 F12000
G1 X150.021 Y76.754 E.95385
G1 X150.021 Y76.221 F30000
G1 F12000
G1 X170.779 Y55.464 E.95385
G1 X170.779 Y54.93 F30000
G1 F12000
G1 X150.021 Y75.688 E.95385
G1 X150.021 Y75.154 F30000
G1 F12000
G1 X170.779 Y54.397 E.95385
G1 X170.779 Y53.864 F30000
G1 F12000
G1 X150.021 Y74.621 E.95385
G1 X150.021 Y74.088 F30000
G1 F12000
G1 X170.779 Y53.33 E.95385
G1 X170.779 Y52.797 F30000
G1 F12000
G1 X150.021 Y73.554 E.95385
G1 X150.021 Y73.021 F30000
G1 F12000
G1 X170.779 Y52.263 E.95385
G1 X170.779 Y51.73 F30000
G1 F12000
G1 X150.021 Y72.488 E.95385
G1 X150.021 Y71.954 F30000
G1 F12000
G1 X170.779 Y51.197 E.95385
G1 X170.779 Y50.663 F30000
G1 F12000
G1 X150.021 Y71.421 E.95385
G1 X150.021 Y70.888 F30000
G1 F12000
G1 X170.779 Y50.13 E.95385
G1 X170.779 Y49.597 F30000
G1 F12000
G1 X150.021 Y70.354 E.95385
G1 X150.021 Y69.821 F30000
G1 F12000
G1 X170.779 Y49.063 E.95385
G1 X170.779 Y48.53 F30000
G1 F12000
G1 X150.021 Y69.288 E.95385
G1 X150.021 Y68.754 F30000
G1 F12000
G1 X170.779 Y47.997 E.95385
G1 X170.779 Y47.463 F30000
G1 F12000
G1 X150.021 Y68.221 E.95385
G1 X150.021 Y67.687 F30000
G1 F12000
G1 X170.779 Y46.93 E.95385
G1 X170.779 Y46.397 F30000
G1 F12000
G1 X150.021 Y67.154 E.95385
G1 X150.021 Y66.621 F30000
G1 F12000
G1 X170.779 Y45.863 E.95385
G1 X170.779 Y45.33 F30000
G1 F12000
G1 X150.021 Y66.087 E.95385
G1 X150.021 Y65.554 F30000
G1 F12000
G1 X170.779 Y44.797 E.95385
G1 X170.779 Y44.263 F30000
G1 F12000
G1 X150.021 Y65.021 E.95385
G1 X150.021 Y64.487 F30000
G1 F12000
G1 X170.779 Y43.73 E.95385
G1 X170.779 Y43.196 F30000
G1 F12000
G1 X150.021 Y63.954 E.95385
G1 X150.021 Y63.421 F30000
G1 F12000
G1 X170.779 Y42.663 E.95385
G1 X170.779 Y42.13 F30000
G1 F12000
G1 X150.021 Y62.887 E.95385
G1 X150.021 Y62.354 F30000
G1 F12000
G1 X170.779 Y41.596 E.95385
G1 X170.779 Y41.063 F30000
G1 F12000
G1 X150.021 Y61.821 E.95385
G1 X150.021 Y61.287 F30000
G1 F12000
G1 X170.779 Y40.53 E.95385
G1 X170.779 Y39.996 F30000
G1 F12000
G1 X150.021 Y60.754 E.95385
G1 X150.021 Y60.221 F30000
G1 F12000
G1 X170.779 Y39.463 E.95385
G1 X170.779 Y38.93 F30000
G1 F12000
G1 X150.021 Y59.687 E.95385
G1 X150.021 Y59.154 F30000
G1 F12000
G1 X170.779 Y38.396 E.95385
G1 X170.779 Y37.863 F30000
G1 F12000
G1 X150.021 Y58.62 E.95385
G1 X150.021 Y58.087 F30000
G1 F12000
G1 X170.779 Y37.33 E.95385
G1 X170.779 Y36.796 F30000
G1 F12000
G1 X150.021 Y57.554 E.95385
G1 X150.021 Y57.02 F30000
G1 F12000
G1 X170.779 Y36.263 E.95385
G1 X170.679 Y35.83 F30000
G1 F12000
G1 X150.021 Y56.487 E.94925
G1 X150.021 Y55.954 F30000
G1 F12000
G1 X170.679 Y35.296 E.94925
G1 X170.679 Y34.763 F30000
G1 F12000
G1 X150.021 Y55.42 E.94925
G1 X150.021 Y54.887 F30000
G1 F12000
G1 X170.679 Y34.23 E.94925
G1 X170.679 Y33.696 F30000
G1 F12000
G1 X150.021 Y54.354 E.94925
G1 X150.021 Y53.82 F30000
G1 F12000
G1 X170.679 Y33.163 E.94925
G1 X170.679 Y32.629 F30000
G1 F12000
G1 X150.021 Y53.287 E.94925
G1 X150.021 Y52.754 F30000
G1 F12000
G1 X170.679 Y32.096 E.94925
G1 X170.679 Y31.563 F30000
G1 F12000
G1 X150.021 Y52.22 E.94925
G1 X150.021 Y51.687 F30000
M73 P40 R37
G1 F12000
G1 X170.679 Y31.029 E.94925
G1 X170.679 Y30.496 F30000
G1 F12000
G1 X150.021 Y51.154 E.94925
G1 X150.021 Y50.62 F30000
G1 F12000
G1 X170.679 Y29.963 E.94925
G1 X170.679 Y29.429 F30000
G1 F12000
G1 X150.021 Y50.087 E.94925
G1 X150.021 Y49.554 F30000
G1 F12000
G1 X170.679 Y28.896 E.94925
G1 X170.679 Y28.363 F30000
G1 F12000
G1 X150.021 Y49.02 E.94925
G1 X150.021 Y48.487 F30000
G1 F12000
G1 X170.679 Y27.829 E.94925
G1 X170.679 Y27.296 F30000
G1 F12000
G1 X150.021 Y47.953 E.94925
G1 X150.021 Y47.42 F30000
G1 F12000
G1 X170.679 Y26.763 E.94925
G1 X170.679 Y26.229 F30000
G1 F12000
G1 X150.021 Y46.887 E.94925
G1 X150.021 Y46.353 F30000
G1 F12000
G1 X170.679 Y25.696 E.94925
G1 X170.679 Y25.163 F30000
G1 F12000
G1 X150.021 Y45.82 E.94925
G1 X150.021 Y45.287 F30000
G1 F12000
G1 X170.679 Y24.629 E.94925
G1 X170.679 Y24.096 F30000
G1 F12000
G1 X150.021 Y44.753 E.94925
G1 X150.021 Y44.22 F30000
G1 F12000
G1 X170.679 Y23.562 E.94925
G1 X170.679 Y23.029 F30000
G1 F12000
G1 X150.021 Y43.687 E.94925
G1 X150.021 Y43.153 F30000
G1 F12000
G1 X170.679 Y22.496 E.94925
G1 X170.679 Y21.962 F30000
G1 F12000
G1 X150.021 Y42.62 E.94925
G1 X150.021 Y42.087 F30000
G1 F12000
G1 X170.679 Y21.429 E.94925
G1 X170.679 Y20.896 F30000
G1 F12000
G1 X150.021 Y41.553 E.94925
G1 X150.021 Y41.02 F30000
G1 F12000
G1 X170.679 Y20.362 E.94925
G1 X170.679 Y19.829 F30000
G1 F12000
G1 X150.021 Y40.487 E.94925
G1 X150.021 Y39.953 F30000
G1 F12000
G1 X170.679 Y19.296 E.94925
G1 X170.679 Y18.762 F30000
G1 F12000
G1 X150.021 Y39.42 E.94925
G1 X150.021 Y38.886 F30000
G1 F12000
G1 X170.679 Y18.229 E.94925
G1 X170.679 Y17.696 F30000
G1 F12000
G1 X150.021 Y38.353 E.94925
G1 X150.021 Y37.82 F30000
G1 F12000
G1 X170.679 Y17.162 E.94925
G1 X170.679 Y16.629 F30000
G1 F12000
G1 X150.021 Y37.286 E.94925
G1 X150.021 Y36.753 F30000
G1 F12000
G1 X170.679 Y16.096 E.94925
G1 X170.679 Y15.562 F30000
G1 F12000
G1 X150.021 Y36.22 E.94925
G1 X150.021 Y35.686 F30000
G1 F12000
G1 X170.679 Y15.029 E.94925
G1 X170.679 Y14.495 F30000
G1 F12000
G1 X150.021 Y35.153 E.94925
G1 X149.612 Y35.029 F30000
G1 F12000
G1 X170.679 Y13.962 E.96805
G1 X170.679 Y13.429 F30000
G1 F12000
G1 X128.421 Y55.686 E1.94181
G1 X128.421 Y55.153 F30000
G1 F12000
G1 X170.679 Y12.895 E1.94181
G1 X170.679 Y12.362 F30000
G1 F12000
G1 X128.421 Y54.62 E1.94181
G1 X128.421 Y54.086 F30000
G1 F12000
G1 X170.679 Y11.829 E1.94181
G1 X170.679 Y11.295 F30000
G1 F12000
G1 X128.421 Y53.553 E1.94181
G1 X128.421 Y53.02 F30000
G1 F12000
G1 X170.679 Y10.762 E1.94181
G1 X170.679 Y10.229 F30000
G1 F12000
G1 X128.421 Y52.486 E1.94181
G1 X128.421 Y51.953 F30000
G1 F12000
G1 X170.679 Y9.695 E1.94181
G1 X170.519 Y9.321 F30000
G1 F12000
G1 X128.421 Y51.419 E1.93449
G1 X128.421 Y50.886 F30000
G1 F12000
G1 X169.986 Y9.321 E1.90998
G1 X169.453 Y9.321 F30000
G1 F12000
G1 X128.421 Y50.353 E1.88547
G1 X128.421 Y49.819 F30000
G1 F12000
G1 X168.919 Y9.321 E1.86096
G1 X168.386 Y9.321 F30000
G1 F12000
G1 X128.421 Y49.286 E1.83646
G1 X128.421 Y48.753 F30000
G1 F12000
G1 X167.853 Y9.321 E1.81195
G1 X167.319 Y9.321 F30000
G1 F12000
G1 X128.421 Y48.219 E1.78744
G1 X128.421 Y47.686 F30000
G1 F12000
G1 X166.786 Y9.321 E1.76293
G1 X166.253 Y9.321 F30000
G1 F12000
G1 X128.421 Y47.153 E1.73842
G1 X128.421 Y46.619 F30000
G1 F12000
G1 X165.719 Y9.321 E1.71391
G1 X165.186 Y9.321 F30000
G1 F12000
G1 X128.421 Y46.086 E1.6894
G1 X128.421 Y45.553 F30000
G1 F12000
G1 X164.653 Y9.321 E1.6649
G1 X164.119 Y9.321 F30000
G1 F12000
G1 X128.421 Y45.019 E1.64039
G1 X128.421 Y44.486 F30000
G1 F12000
G1 X163.586 Y9.321 E1.61588
G1 X163.053 Y9.321 F30000
G1 F12000
G1 X128.421 Y43.953 E1.59137
G1 X128.421 Y43.419 F30000
G1 F12000
G1 X162.519 Y9.321 E1.56686
G1 X161.986 Y9.321 F30000
G1 F12000
G1 X128.421 Y42.886 E1.54235
G1 X128.421 Y42.352 F30000
G1 F12000
G1 X161.452 Y9.321 E1.51784
G1 X160.919 Y9.321 F30000
G1 F12000
G1 X128.421 Y41.819 E1.49334
G1 X128.421 Y41.286 F30000
G1 F12000
G1 X160.386 Y9.321 E1.46883
G1 X159.852 Y9.321 F30000
G1 F12000
G1 X128.421 Y40.752 E1.44432
G1 X128.421 Y40.219 F30000
G1 F12000
G1 X159.319 Y9.321 E1.41981
G1 X158.786 Y9.321 F30000
G1 F12000
G1 X128.421 Y39.686 E1.3953
G1 X128.421 Y39.152 F30000
G1 F12000
G1 X158.252 Y9.321 E1.37079
G1 X157.719 Y9.321 F30000
G1 F12000
G1 X128.421 Y38.619 E1.34629
G1 X128.421 Y38.086 F30000
G1 F12000
G1 X157.186 Y9.321 E1.32178
G1 X156.652 Y9.321 F30000
G1 F12000
G1 X128.421 Y37.552 E1.29727
G1 X128.421 Y37.019 F30000
G1 F12000
G1 X156.119 Y9.321 E1.27276
G1 X155.586 Y9.321 F30000
G1 F12000
G1 X128.421 Y36.486 E1.24825
G1 X128.421 Y35.952 F30000
G1 F12000
G1 X155.052 Y9.321 E1.22374
G1 X154.519 Y9.321 F30000
G1 F12000
G1 X128.421 Y35.419 E1.19923
G1 X128.278 Y35.029 F30000
G1 F12000
G1 X153.986 Y9.321 E1.18131
G1 X153.452 Y9.321 F30000
G1 F12000
G1 X127.745 Y35.029 E1.18131
G1 E-.728 F1800
;WIPE_START
G1 F30000
G1 X128.593 Y34.18 E-.072
;WIPE_END
G1 X123.13 Y39.51 Z1.2
G1 X106.821 Y55.419 Z1.2
G1 Z.8
G1 E.8 F1800
G1 F12000
G1 X152.919 Y9.321 E2.11827
G1 X152.385 Y9.321 F30000
G1 F12000
G1 X106.821 Y54.885 E2.09376
G1 X106.821 Y54.352 F30000
G1 F12000
G1 X151.852 Y9.321 E2.06925
G1 X151.319 Y9.321 F30000
G1 F12000
G1 X106.821 Y53.819 E2.04474
G1 X106.821 Y53.285 F30000
G1 F12000
G1 X150.785 Y9.321 E2.02023
G1 X150.252 Y9.321 F30000
G1 F12000
G1 X106.821 Y52.752 E1.99573
G1 X106.821 Y52.219 F30000
G1 F12000
G1 X149.719 Y9.321 E1.97122
G1 X149.185 Y9.321 F30000
G1 F12000
G1 X106.821 Y51.685 E1.94671
G1 X106.821 Y51.152 F30000
G1 F12000
G1 X148.652 Y9.321 E1.9222
G1 X148.119 Y9.321 F30000
G1 F12000
G1 X106.821 Y50.619 E1.89769
G1 X106.821 Y50.085 F30000
G1 F12000
G1 X147.585 Y9.321 E1.87318
G1 X147.052 Y9.321 F30000
G1 F12000
G1 X106.821 Y49.552 E1.84867
G1 X106.821 Y49.019 F30000
G1 F12000
G1 X146.519 Y9.321 E1.82417
G1 X145.985 Y9.321 F30000
G1 F12000
G1 X106.821 Y48.485 E1.79966
G1 X106.821 Y47.952 F30000
G1 F12000
G1 X145.452 Y9.321 E1.77515
G1 X144.919 Y9.321 F30000
G1 F12000
G1 X106.821 Y47.419 E1.75064
G1 X106.821 Y46.885 F30000
G1 F12000
G1 X144.385 Y9.321 E1.72613
G1 X143.852 Y9.321 F30000
G1 F12000
G1 X106.821 Y46.352 E1.70162
G1 X106.821 Y45.818 F30000
G1 F12000
G1 X143.319 Y9.321 E1.67711
G1 X142.785 Y9.321 F30000
G1 F12000
G1 X106.821 Y45.285 E1.65261
G1 X106.821 Y44.752 F30000
G1 F12000
G1 X142.252 Y9.321 E1.6281
G1 X141.718 Y9.321 F30000
G1 F12000
G1 X106.821 Y44.218 E1.60359
G1 X106.821 Y43.685 F30000
G1 F12000
G1 X141.185 Y9.321 E1.57908
G1 X140.652 Y9.321 F30000
G1 F12000
G1 X106.821 Y43.152 E1.55457
G1 X106.821 Y42.618 F30000
G1 F12000
G1 X140.118 Y9.321 E1.53006
G1 X139.585 Y9.321 F30000
G1 F12000
G1 X106.821 Y42.085 E1.50556
G1 X106.821 Y41.552 F30000
G1 F12000
G1 X139.052 Y9.321 E1.48105
G1 X138.518 Y9.321 F30000
G1 F12000
G1 X106.821 Y41.018 E1.45654
G1 X106.821 Y40.485 F30000
G1 F12000
G1 X137.985 Y9.321 E1.43203
G1 X137.452 Y9.321 F30000
G1 F12000
G1 X106.821 Y39.952 E1.40752
G1 X106.821 Y39.418 F30000
G1 F12000
G1 X136.918 Y9.321 E1.38301
G1 X136.385 Y9.321 F30000
G1 F12000
G1 X106.821 Y38.885 E1.3585
G1 X106.821 Y38.352 F30000
G1 F12000
G1 X135.852 Y9.321 E1.334
G1 X135.318 Y9.321 F30000
G1 F12000
G1 X106.821 Y37.818 E1.30949
G1 X106.821 Y37.285 F30000
G1 F12000
G1 X134.785 Y9.321 E1.28498
G1 X134.252 Y9.321 F30000
M73 P41 R37
G1 F12000
G1 X106.821 Y36.752 E1.26047
G1 X106.821 Y36.218 F30000
G1 F12000
G1 X133.718 Y9.321 E1.23596
G1 X133.185 Y9.321 F30000
G1 F12000
G1 X106.821 Y35.685 E1.21145
G1 X106.821 Y35.151 F30000
G1 F12000
G1 X132.651 Y9.321 E1.18694
G1 X132.118 Y9.321 F30000
G1 F12000
G1 X106.821 Y34.618 E1.16244
G1 X106.821 Y34.085 F30000
G1 F12000
G1 X131.585 Y9.321 E1.13793
G1 X131.051 Y9.321 F30000
G1 F12000
G1 X106.821 Y33.551 E1.11342
G1 X106.821 Y33.018 F30000
G1 F12000
G1 X130.518 Y9.321 E1.08891
G1 X129.985 Y9.321 F30000
G1 F12000
G1 X106.821 Y32.485 E1.0644
G1 X106.821 Y31.951 F30000
G1 F12000
G1 X129.451 Y9.321 E1.03989
G1 X128.918 Y9.321 F30000
G1 F12000
G1 X106.821 Y31.418 E1.01539
G1 X106.821 Y30.885 F30000
G1 F12000
G1 X128.385 Y9.321 E.99088
G1 X127.851 Y9.321 F30000
G1 F12000
G1 X106.821 Y30.351 E.96637
G1 X106.821 Y29.818 F30000
M73 P41 R36
G1 F12000
G1 X127.318 Y9.321 E.94186
G1 X126.785 Y9.321 F30000
G1 F12000
G1 X106.821 Y29.285 E.91735
G1 X106.821 Y28.751 F30000
G1 F12000
G1 X126.251 Y9.321 E.89284
G1 X125.718 Y9.321 F30000
G1 F12000
G1 X106.821 Y28.218 E.86833
G1 X106.821 Y27.685 F30000
G1 F12000
G1 X125.185 Y9.321 E.84383
G1 X124.651 Y9.321 F30000
G1 F12000
G1 X106.821 Y27.151 E.81932
G1 X106.821 Y26.618 F30000
G1 F12000
G1 X124.118 Y9.321 E.79481
G1 X123.584 Y9.321 F30000
G1 F12000
G1 X106.821 Y26.084 E.7703
G1 X106.821 Y25.551 F30000
G1 F12000
G1 X123.051 Y9.321 E.74579
G1 X122.518 Y9.321 F30000
G1 F12000
G1 X106.821 Y25.018 E.72128
G1 X106.821 Y24.484 F30000
G1 F12000
G1 X121.984 Y9.321 E.69677
G1 X121.451 Y9.321 F30000
G1 F12000
G1 X106.821 Y23.951 E.67227
G1 X106.821 Y23.418 F30000
G1 F12000
G1 X120.918 Y9.321 E.64776
G1 X120.384 Y9.321 F30000
G1 F12000
G1 X106.821 Y22.884 E.62325
G1 X106.821 Y22.351 F30000
G1 F12000
G1 X119.851 Y9.321 E.59874
G1 X119.318 Y9.321 F30000
G1 F12000
G1 X106.821 Y21.818 E.57423
G1 X106.821 Y21.284 F30000
G1 F12000
G1 X118.784 Y9.321 E.54972
G1 X118.251 Y9.321 F30000
G1 F12000
G1 X106.821 Y20.751 E.52522
G1 X106.821 Y20.218 F30000
G1 F12000
G1 X117.718 Y9.321 E.50071
G1 X117.184 Y9.321 F30000
G1 F12000
G1 X106.821 Y19.684 E.4762
G1 X106.821 Y19.151 F30000
G1 F12000
G1 X116.651 Y9.321 E.45169
G1 X116.118 Y9.321 F30000
G1 F12000
G1 X106.821 Y18.618 E.42718
G1 X106.821 Y18.084 F30000
G1 F12000
G1 X115.584 Y9.321 E.40267
G1 X115.051 Y9.321 F30000
G1 F12000
G1 X106.821 Y17.551 E.37816
G1 X106.821 Y17.017 F30000
G1 F12000
G1 X114.517 Y9.321 E.35366
G1 X113.984 Y9.321 F30000
G1 F12000
G1 X106.821 Y16.484 E.32915
G1 X106.821 Y15.951 F30000
G1 F12000
G1 X113.451 Y9.321 E.30464
G1 X112.917 Y9.321 F30000
G1 F12000
G1 X106.821 Y15.417 E.28013
G1 X106.821 Y14.884 F30000
G1 F12000
G1 X112.384 Y9.321 E.25562
G1 X111.851 Y9.321 F30000
G1 F12000
G1 X106.821 Y14.351 E.23111
G1 X106.821 Y13.817 F30000
G1 F12000
G1 X111.317 Y9.321 E.2066
G1 X110.784 Y9.321 F30000
G1 F12000
G1 X106.821 Y13.284 E.1821
G1 X106.821 Y12.751 F30000
G1 F12000
G1 X110.251 Y9.321 E.15759
G1 X109.717 Y9.321 F30000
G1 F12000
G1 X106.821 Y12.217 E.13308
G1 X106.821 Y11.684 F30000
G1 F12000
G1 X109.184 Y9.321 E.10857
G1 X108.651 Y9.321 F30000
G1 F12000
G1 X106.821 Y11.151 E.08406
G1 X106.821 Y10.617 F30000
G1 F12000
G1 X108.117 Y9.321 E.05955
G1 X107.584 Y9.321 F30000
G1 F12000
G1 X106.821 Y10.084 E.03505
G1 E-.73529 F1800
;WIPE_START
G1 F30000
G1 X107.584 Y9.321 E-.06471
;WIPE_END
G1 X100.326 Y11.683 Z1.2
G1 X27.902 Y35.252 Z1.2
G1 Z.8
G1 E.8 F1800
SET_VELOCITY_LIMIT ACCEL=10000
;TYPE:Inner wall
;WIDTH:0.45
G1 F6000
G1 X27.902 Y9.102 E.84142
G1 X28.318 Y9.102 E.0134
G1 X28.318 Y35.668 E.85482
G1 X28.218 Y35.668 E.00322
G1 X28.218 Y134.832 E3.19074
G1 X49.382 Y134.832 E.68096
G1 X49.382 Y35.232 E3.2048
G1 X49.818 Y35.232 E.01406
G1 X49.818 Y134.832 E3.2048
G1 X70.982 Y134.832 E.68096
G1 X70.982 Y35.232 E3.2048
G1 X71.418 Y35.232 E.01406
G1 X71.418 Y134.832 E3.2048
G1 X92.598 Y134.832 E.68148
G1 X92.598 Y135.648 E.02627
G1 X6.602 Y135.648 E2.76706
G1 X6.602 Y134.832 E.02627
G1 X27.782 Y134.832 E.68148
G1 X27.782 Y35.668 E3.19074
G1 X6.602 Y35.668 E.68148
G1 X6.602 Y35.252 E.0134
G1 X27.862 Y35.252 E.68408
SET_VELOCITY_LIMIT ACCEL=5000
G1 X27.51 Y34.86 F30000
;TYPE:Outer wall
;WIDTH:0.42
G1 F3600
G1 X27.51 Y8.71 E.77941
G1 X92.99 Y8.71 E1.95166
G1 X92.99 Y136.04 E3.79512
G1 X6.21 Y136.04 E2.58651
G1 X6.21 Y23.56 E3.35251
G1 X6.99 Y23.56 E.02325
G1 X6.99 Y34.86 E.3368
G1 X27.47 Y34.86 E.61041
G1 E-.728 F1800
;WIPE_START
G1 F30000
G1 X27.472 Y33.66 E-.072
;WIPE_END
G1 X19.856 Y34.169 Z1.2
G1 X6.6 Y35.056 Z1.2
G1 Z.8
G1 E.8 F1800
SET_VELOCITY_LIMIT ACCEL=10000
;TYPE:Gap infill
;WIDTH:0.430846
G1 F15000
G1 X6.6 Y23.756 E.34649
G1 E-.728 F1800
;WIPE_START
G1 F30000
G1 X6.6 Y24.956 E-.072
;WIPE_END
G1 X6.607 Y32.588 Z1.2
G1 X6.61 Y35.865 Z1.2
G1 Z.8
G1 E.8 F1800
;WIDTH:0.451386
G1 F15000
G1 X6.61 Y134.635 E3.18895
G1 X6.806 Y135.24 F30000
;WIDTH:0.452224
G1 F15000
G1 X92.394 Y135.24 E2.76901
G1 X92.59 Y134.635 F30000
;WIDTH:0.451382
G1 F15000
G1 X92.59 Y9.315 E4.04611
;WIDTH:0.468902
G1 X92.572 Y9.23 E.00291
;WIDTH:0.492263
G1 F14749.079
G1 X92.555 Y9.145 E.00307
G1 X92.385 Y9.11 E.00614
;WIDTH:0.451382
G1 F15000
G1 X28.515 Y9.11 E2.06214
G1 E-.728 F1800
;WIPE_START
G1 F30000
G1 X29.715 Y9.11 E-.072
;WIPE_END
G1 X29.584 Y16.742 Z1.2
G1 X27.579 Y133.866 Z1.2
G1 Z.8
G1 E.8 F1800
SET_VELOCITY_LIMIT ACCEL=2000
;TYPE:Top surface
;WIDTH:0.420434
G1 F12000
G1 X26.816 Y134.629 E.03511
G1 X26.282 Y134.629 F30000
G1 F12000
G1 X27.579 Y133.332 E.05966
G1 X27.579 Y132.798 F30000
G1 F12000
G1 X25.748 Y134.629 E.08422
G1 X25.214 Y134.629 F30000
G1 F12000
G1 X27.579 Y132.264 E.10878
G1 X27.579 Y131.73 F30000
G1 F12000
G1 X24.68 Y134.629 E.13334
G1 X24.146 Y134.629 F30000
G1 F12000
G1 X27.579 Y131.196 E.15789
G1 X27.579 Y130.662 F30000
G1 F12000
G1 X23.612 Y134.629 E.18245
G1 X23.078 Y134.629 F30000
G1 F12000
G1 X27.579 Y130.128 E.20701
G1 X27.579 Y129.594 F30000
G1 F12000
G1 X22.544 Y134.629 E.23157
G1 X22.011 Y134.629 F30000
G1 F12000
G1 X27.579 Y129.061 E.25612
G1 X27.579 Y128.527 F30000
G1 F12000
G1 X21.477 Y134.629 E.28068
G1 X20.943 Y134.629 F30000
G1 F12000
G1 X27.579 Y127.993 E.30524
G1 X27.579 Y127.459 F30000
G1 F12000
G1 X20.409 Y134.629 E.3298
G1 X19.875 Y134.629 F30000
G1 F12000
G1 X27.579 Y126.925 E.35435
G1 X27.579 Y126.391 F30000
G1 F12000
G1 X19.341 Y134.629 E.37891
G1 X18.807 Y134.629 F30000
G1 F12000
G1 X27.579 Y125.857 E.40347
G1 X27.579 Y125.323 F30000
G1 F12000
G1 X18.273 Y134.629 E.42803
G1 X17.74 Y134.629 F30000
G1 F12000
G1 X27.579 Y124.79 E.45258
G1 X27.579 Y124.256 F30000
G1 F12000
G1 X17.206 Y134.629 E.47714
G1 X16.672 Y134.629 F30000
G1 F12000
G1 X27.579 Y123.722 E.5017
G1 X27.579 Y123.188 F30000
G1 F12000
G1 X16.138 Y134.629 E.52626
G1 X15.604 Y134.629 F30000
G1 F12000
G1 X27.579 Y122.654 E.55081
G1 X27.579 Y122.12 F30000
G1 F12000
G1 X15.07 Y134.629 E.57537
G1 X14.536 Y134.629 F30000
G1 F12000
G1 X27.579 Y121.586 E.59993
G1 X27.579 Y121.052 F30000
G1 F12000
G1 X14.002 Y134.629 E.62449
G1 X13.468 Y134.629 F30000
G1 F12000
G1 X27.579 Y120.518 E.64904
G1 X27.579 Y119.985 F30000
G1 F12000
G1 X12.935 Y134.629 E.6736
G1 X12.401 Y134.629 F30000
G1 F12000
G1 X27.579 Y119.451 E.69816
G1 X27.579 Y118.917 F30000
G1 F12000
G1 X11.867 Y134.629 E.72272
G1 X11.333 Y134.629 F30000
G1 F12000
G1 X27.579 Y118.383 E.74727
G1 X27.579 Y117.849 F30000
G1 F12000
G1 X10.799 Y134.629 E.77183
G1 X10.265 Y134.629 F30000
G1 F12000
G1 X27.579 Y117.315 E.79639
G1 X27.579 Y116.781 F30000
G1 F12000
G1 X9.731 Y134.629 E.82095
G1 X9.197 Y134.629 F30000
G1 F12000
G1 X27.579 Y116.247 E.8455
G1 X27.579 Y115.713 F30000
G1 F12000
G1 X8.663 Y134.629 E.87006
G1 X8.13 Y134.629 F30000
G1 F12000
G1 X27.579 Y115.18 E.89462
G1 X27.579 Y114.646 F30000
G1 F12000
G1 X7.596 Y134.629 E.91918
G1 X7.062 Y134.629 F30000
G1 F12000
G1 X27.579 Y114.112 E.94373
G1 X27.579 Y113.578 F30000
M73 P42 R36
G1 F12000
G1 X6.821 Y134.335 E.9548
G1 X6.821 Y133.802 F30000
G1 F12000
G1 X27.579 Y113.044 E.9548
G1 X27.579 Y112.51 F30000
G1 F12000
G1 X6.821 Y133.268 E.9548
G1 X6.821 Y132.734 F30000
G1 F12000
G1 X27.579 Y111.976 E.9548
G1 X27.579 Y111.442 F30000
G1 F12000
G1 X6.821 Y132.2 E.9548
G1 X6.821 Y131.666 F30000
G1 F12000
G1 X27.579 Y110.908 E.9548
G1 X27.579 Y110.375 F30000
G1 F12000
G1 X6.821 Y131.132 E.9548
G1 X6.821 Y130.598 F30000
G1 F12000
G1 X27.579 Y109.841 E.9548
G1 X27.579 Y109.307 F30000
G1 F12000
G1 X6.821 Y130.064 E.9548
G1 X6.821 Y129.53 F30000
G1 F12000
G1 X27.579 Y108.773 E.9548
G1 X27.579 Y108.239 F30000
G1 F12000
G1 X6.821 Y128.997 E.9548
G1 X6.821 Y128.463 F30000
G1 F12000
G1 X27.579 Y107.705 E.9548
G1 X27.579 Y107.171 F30000
G1 F12000
G1 X6.821 Y127.929 E.9548
G1 X6.821 Y127.395 F30000
G1 F12000
G1 X27.579 Y106.637 E.9548
G1 X27.579 Y106.104 F30000
G1 F12000
G1 X6.821 Y126.861 E.9548
G1 X6.821 Y126.327 F30000
G1 F12000
G1 X27.579 Y105.57 E.9548
G1 X27.579 Y105.036 F30000
G1 F12000
G1 X6.821 Y125.793 E.9548
G1 X6.821 Y125.259 F30000
G1 F12000
G1 X27.579 Y104.502 E.9548
G1 X27.579 Y103.968 F30000
G1 F12000
G1 X6.821 Y124.725 E.9548
G1 X6.821 Y124.192 F30000
G1 F12000
G1 X27.579 Y103.434 E.9548
G1 X27.579 Y102.9 F30000
G1 F12000
G1 X6.821 Y123.658 E.9548
G1 X6.821 Y123.124 F30000
G1 F12000
G1 X27.579 Y102.366 E.9548
G1 X27.579 Y101.832 F30000
G1 F12000
G1 X6.821 Y122.59 E.9548
G1 X6.821 Y122.056 F30000
G1 F12000
G1 X27.579 Y101.299 E.9548
G1 X27.579 Y100.765 F30000
G1 F12000
G1 X6.821 Y121.522 E.9548
G1 X6.821 Y120.988 F30000
G1 F12000
G1 X27.579 Y100.231 E.9548
G1 X27.579 Y99.697 F30000
G1 F12000
G1 X6.821 Y120.454 E.9548
G1 X6.821 Y119.921 F30000
G1 F12000
G1 X27.579 Y99.163 E.9548
G1 X27.579 Y98.629 F30000
G1 F12000
G1 X6.821 Y119.387 E.9548
G1 X6.821 Y118.853 F30000
G1 F12000
G1 X27.579 Y98.095 E.9548
G1 X27.579 Y97.561 F30000
G1 F12000
G1 X6.821 Y118.319 E.9548
G1 X6.821 Y117.785 F30000
G1 F12000
G1 X27.579 Y97.027 E.9548
G1 X27.579 Y96.494 F30000
G1 F12000
G1 X6.821 Y117.251 E.9548
G1 X6.821 Y116.717 F30000
G1 F12000
G1 X27.579 Y95.96 E.9548
G1 X27.579 Y95.426 F30000
G1 F12000
G1 X6.821 Y116.183 E.9548
G1 X6.821 Y115.649 F30000
G1 F12000
G1 X27.579 Y94.892 E.9548
G1 X27.579 Y94.358 F30000
G1 F12000
G1 X6.821 Y115.116 E.9548
G1 X6.821 Y114.582 F30000
G1 F12000
G1 X27.579 Y93.824 E.9548
G1 X27.579 Y93.29 F30000
G1 F12000
G1 X6.821 Y114.048 E.9548
G1 X6.821 Y113.514 F30000
G1 F12000
G1 X27.579 Y92.756 E.9548
G1 X27.579 Y92.223 F30000
G1 F12000
G1 X6.821 Y112.98 E.9548
G1 X6.821 Y112.446 F30000
G1 F12000
G1 X27.579 Y91.689 E.9548
G1 X27.579 Y91.155 F30000
G1 F12000
G1 X6.821 Y111.912 E.9548
G1 X6.821 Y111.378 F30000
G1 F12000
G1 X27.579 Y90.621 E.9548
G1 X27.579 Y90.087 F30000
G1 F12000
G1 X6.821 Y110.844 E.9548
G1 X6.821 Y110.311 F30000
G1 F12000
G1 X27.579 Y89.553 E.9548
G1 X27.579 Y89.019 F30000
G1 F12000
G1 X6.821 Y109.777 E.9548
G1 X6.821 Y109.243 F30000
G1 F12000
G1 X27.579 Y88.485 E.9548
G1 X27.579 Y87.951 F30000
G1 F12000
G1 X6.821 Y108.709 E.9548
G1 X6.821 Y108.175 F30000
G1 F12000
G1 X27.579 Y87.418 E.9548
G1 X27.579 Y86.884 F30000
G1 F12000
G1 X6.821 Y107.641 E.9548
G1 X6.821 Y107.107 F30000
G1 F12000
G1 X27.579 Y86.35 E.9548
G1 X27.579 Y85.816 F30000
G1 F12000
G1 X6.821 Y106.573 E.9548
G1 X6.821 Y106.04 F30000
G1 F12000
G1 X27.579 Y85.282 E.9548
G1 X27.579 Y84.748 F30000
G1 F12000
G1 X6.821 Y105.506 E.9548
G1 X6.821 Y104.972 F30000
G1 F12000
G1 X27.579 Y84.214 E.9548
G1 X27.579 Y83.68 F30000
G1 F12000
G1 X6.821 Y104.438 E.9548
G1 X6.821 Y103.904 F30000
G1 F12000
G1 X27.579 Y83.146 E.9548
G1 X27.579 Y82.613 F30000
G1 F12000
G1 X6.821 Y103.37 E.9548
G1 X6.821 Y102.836 F30000
G1 F12000
G1 X27.579 Y82.079 E.9548
G1 X27.579 Y81.545 F30000
G1 F12000
G1 X6.821 Y102.302 E.9548
G1 X6.821 Y101.768 F30000
G1 F12000
G1 X27.579 Y81.011 E.9548
G1 X27.579 Y80.477 F30000
G1 F12000
G1 X6.821 Y101.235 E.9548
G1 X6.821 Y100.701 F30000
G1 F12000
G1 X27.579 Y79.943 E.9548
G1 X27.579 Y79.409 F30000
G1 F12000
G1 X6.821 Y100.167 E.9548
G1 X6.821 Y99.633 F30000
G1 F12000
G1 X27.579 Y78.875 E.9548
G1 X27.579 Y78.341 F30000
G1 F12000
G1 X6.821 Y99.099 E.9548
G1 X6.821 Y98.565 F30000
G1 F12000
G1 X27.579 Y77.808 E.9548
G1 X27.579 Y77.274 F30000
G1 F12000
G1 X6.821 Y98.031 E.9548
G1 X6.821 Y97.497 F30000
G1 F12000
G1 X27.579 Y76.74 E.9548
G1 X27.579 Y76.206 F30000
G1 F12000
G1 X6.821 Y96.963 E.9548
G1 X6.821 Y96.43 F30000
G1 F12000
G1 X27.579 Y75.672 E.9548
G1 X27.579 Y75.138 F30000
G1 F12000
G1 X6.821 Y95.896 E.9548
G1 X6.821 Y95.362 F30000
G1 F12000
G1 X27.579 Y74.604 E.9548
G1 X27.579 Y74.07 F30000
G1 F12000
G1 X6.821 Y94.828 E.9548
G1 X6.821 Y94.294 F30000
G1 F12000
G1 X27.579 Y73.537 E.9548
G1 X27.579 Y73.003 F30000
G1 F12000
G1 X6.821 Y93.76 E.9548
G1 X6.821 Y93.226 F30000
G1 F12000
G1 X27.579 Y72.469 E.9548
G1 X27.579 Y71.935 F30000
G1 F12000
G1 X6.821 Y92.692 E.9548
G1 X6.821 Y92.158 F30000
G1 F12000
G1 X27.579 Y71.401 E.9548
G1 X27.579 Y70.867 F30000
G1 F12000
G1 X6.821 Y91.625 E.9548
G1 X6.821 Y91.091 F30000
G1 F12000
G1 X27.579 Y70.333 E.9548
G1 X27.579 Y69.799 F30000
G1 F12000
G1 X6.821 Y90.557 E.9548
G1 X6.821 Y90.023 F30000
G1 F12000
G1 X27.579 Y69.265 E.9548
G1 X27.579 Y68.732 F30000
G1 F12000
G1 X6.821 Y89.489 E.9548
G1 X6.821 Y88.955 F30000
G1 F12000
G1 X27.579 Y68.198 E.9548
G1 X27.579 Y67.664 F30000
G1 F12000
G1 X6.821 Y88.421 E.9548
G1 X6.821 Y87.887 F30000
G1 F12000
G1 X27.579 Y67.13 E.9548
G1 X27.579 Y66.596 F30000
G1 F12000
G1 X6.821 Y87.354 E.9548
G1 X6.821 Y86.82 F30000
G1 F12000
G1 X27.579 Y66.062 E.9548
G1 X27.579 Y65.528 F30000
G1 F12000
G1 X6.821 Y86.286 E.9548
G1 X6.821 Y85.752 F30000
G1 F12000
G1 X27.579 Y64.994 E.9548
G1 X27.579 Y64.46 F30000
G1 F12000
G1 X6.821 Y85.218 E.9548
G1 X6.821 Y84.684 F30000
G1 F12000
G1 X27.579 Y63.927 E.9548
G1 X27.579 Y63.393 F30000
G1 F12000
G1 X6.821 Y84.15 E.9548
G1 X6.821 Y83.616 F30000
G1 F12000
G1 X27.579 Y62.859 E.9548
G1 X27.579 Y62.325 F30000
G1 F12000
G1 X6.821 Y83.082 E.9548
G1 X6.821 Y82.549 F30000
G1 F12000
G1 X27.579 Y61.791 E.9548
G1 X27.579 Y61.257 F30000
M73 P42 R35
G1 F12000
G1 X6.821 Y82.015 E.9548
G1 X6.821 Y81.481 F30000
G1 F12000
G1 X27.579 Y60.723 E.9548
G1 X27.579 Y60.189 F30000
G1 F12000
G1 X6.821 Y80.947 E.9548
G1 X6.821 Y80.413 F30000
G1 F12000
G1 X27.579 Y59.656 E.9548
G1 X27.579 Y59.122 F30000
G1 F12000
G1 X6.821 Y79.879 E.9548
G1 X6.821 Y79.345 F30000
G1 F12000
G1 X27.579 Y58.588 E.9548
G1 X27.579 Y58.054 F30000
G1 F12000
G1 X6.821 Y78.811 E.9548
G1 X6.821 Y78.277 F30000
G1 F12000
G1 X27.579 Y57.52 E.9548
G1 X27.579 Y56.986 F30000
G1 F12000
G1 X6.821 Y77.744 E.9548
G1 X6.821 Y77.21 F30000
G1 F12000
G1 X27.579 Y56.452 E.9548
G1 X27.579 Y55.918 F30000
G1 F12000
G1 X6.821 Y76.676 E.9548
G1 X6.821 Y76.142 F30000
G1 F12000
G1 X27.579 Y55.384 E.9548
G1 X27.579 Y54.851 F30000
G1 F12000
G1 X6.821 Y75.608 E.9548
G1 X6.821 Y75.074 F30000
G1 F12000
G1 X27.579 Y54.317 E.9548
G1 X27.579 Y53.783 F30000
G1 F12000
G1 X6.821 Y74.54 E.9548
G1 X6.821 Y74.006 F30000
G1 F12000
G1 X27.579 Y53.249 E.9548
G1 X27.579 Y52.715 F30000
G1 F12000
G1 X6.821 Y73.473 E.9548
G1 X6.821 Y72.939 F30000
G1 F12000
G1 X27.579 Y52.181 E.9548
G1 X27.579 Y51.647 F30000
G1 F12000
G1 X6.821 Y72.405 E.9548
G1 X6.821 Y71.871 F30000
G1 F12000
G1 X27.579 Y51.113 E.9548
G1 X27.579 Y50.579 F30000
G1 F12000
G1 X6.821 Y71.337 E.9548
G1 X6.821 Y70.803 F30000
G1 F12000
G1 X27.579 Y50.046 E.9548
G1 X27.579 Y49.512 F30000
G1 F12000
G1 X6.821 Y70.269 E.9548
G1 X6.821 Y69.735 F30000
G1 F12000
G1 X27.579 Y48.978 E.9548
G1 X27.579 Y48.444 F30000
G1 F12000
G1 X6.821 Y69.201 E.9548
G1 X6.821 Y68.668 F30000
G1 F12000
G1 X27.579 Y47.91 E.9548
G1 X27.579 Y47.376 F30000
G1 F12000
G1 X6.821 Y68.134 E.9548
G1 X6.821 Y67.6 F30000
G1 F12000
G1 X27.579 Y46.842 E.9548
G1 X27.579 Y46.308 F30000
G1 F12000
G1 X6.821 Y67.066 E.9548
G1 X6.821 Y66.532 F30000
G1 F12000
G1 X27.579 Y45.774 E.9548
G1 X27.579 Y45.241 F30000
G1 F12000
G1 X6.821 Y65.998 E.9548
G1 X6.821 Y65.464 F30000
G1 F12000
G1 X27.579 Y44.707 E.9548
G1 X27.579 Y44.173 F30000
G1 F12000
G1 X6.821 Y64.93 E.9548
G1 X6.821 Y64.396 F30000
G1 F12000
G1 X27.579 Y43.639 E.9548
G1 X27.579 Y43.105 F30000
G1 F12000
G1 X6.821 Y63.863 E.9548
G1 X6.821 Y63.329 F30000
G1 F12000
G1 X27.579 Y42.571 E.9548
G1 X27.579 Y42.037 F30000
G1 F12000
G1 X6.821 Y62.795 E.9548
G1 X6.821 Y62.261 F30000
G1 F12000
G1 X27.579 Y41.503 E.9548
G1 X27.579 Y40.97 F30000
G1 F12000
G1 X6.821 Y61.727 E.9548
G1 X6.821 Y61.193 F30000
G1 F12000
G1 X27.579 Y40.436 E.9548
G1 X27.579 Y39.902 F30000
G1 F12000
G1 X6.821 Y60.659 E.9548
G1 X6.821 Y60.125 F30000
G1 F12000
G1 X27.579 Y39.368 E.9548
G1 X27.579 Y38.834 F30000
G1 F12000
G1 X6.821 Y59.591 E.9548
G1 X6.821 Y59.058 F30000
M73 P43 R35
G1 F12000
G1 X27.579 Y38.3 E.9548
G1 X27.579 Y37.766 F30000
G1 F12000
G1 X6.821 Y58.524 E.9548
G1 X6.821 Y57.99 F30000
G1 F12000
G1 X27.579 Y37.232 E.9548
G1 X27.579 Y36.698 F30000
G1 F12000
G1 X6.821 Y57.456 E.9548
G1 X6.821 Y56.922 F30000
G1 F12000
G1 X27.579 Y36.165 E.9548
G1 X27.338 Y35.871 F30000
G1 F12000
G1 X6.821 Y56.388 E.94373
G1 X6.821 Y55.854 F30000
G1 F12000
G1 X26.804 Y35.871 E.91917
G1 X26.27 Y35.871 F30000
G1 F12000
G1 X6.821 Y55.32 E.89462
G1 X6.821 Y54.787 F30000
G1 F12000
G1 X25.737 Y35.871 E.87006
G1 X25.203 Y35.871 F30000
G1 F12000
G1 X6.821 Y54.253 E.8455
G1 X6.821 Y53.719 F30000
G1 F12000
G1 X24.669 Y35.871 E.82094
G1 X24.135 Y35.871 F30000
G1 F12000
G1 X6.821 Y53.185 E.79639
G1 X6.821 Y52.651 F30000
G1 F12000
G1 X23.601 Y35.871 E.77183
G1 X23.067 Y35.871 F30000
G1 F12000
G1 X6.821 Y52.117 E.74727
G1 X6.821 Y51.583 F30000
G1 F12000
G1 X22.533 Y35.871 E.72271
G1 X21.999 Y35.871 F30000
G1 F12000
G1 X6.821 Y51.049 E.69816
G1 X6.821 Y50.515 F30000
G1 F12000
G1 X21.465 Y35.871 E.6736
G1 X20.932 Y35.871 F30000
G1 F12000
G1 X6.821 Y49.982 E.64904
G1 X6.821 Y49.448 F30000
G1 F12000
G1 X20.398 Y35.871 E.62448
G1 X19.864 Y35.871 F30000
G1 F12000
G1 X6.821 Y48.914 E.59993
G1 X6.821 Y48.38 F30000
G1 F12000
G1 X19.33 Y35.871 E.57537
G1 X18.796 Y35.871 F30000
G1 F12000
G1 X6.821 Y47.846 E.55081
G1 X6.821 Y47.312 F30000
G1 F12000
G1 X18.262 Y35.871 E.52625
G1 X17.728 Y35.871 F30000
G1 F12000
G1 X6.821 Y46.778 E.5017
G1 X6.821 Y46.244 F30000
G1 F12000
G1 X17.194 Y35.871 E.47714
G1 X16.66 Y35.871 F30000
G1 F12000
G1 X6.821 Y45.71 E.45258
G1 X6.821 Y45.177 F30000
G1 F12000
G1 X16.127 Y35.871 E.42802
G1 X15.593 Y35.871 F30000
G1 F12000
G1 X6.821 Y44.643 E.40347
G1 X6.821 Y44.109 F30000
G1 F12000
G1 X15.059 Y35.871 E.37891
G1 X14.525 Y35.871 F30000
G1 F12000
G1 X6.821 Y43.575 E.35435
G1 X6.821 Y43.041 F30000
G1 F12000
G1 X13.991 Y35.871 E.32979
G1 X13.457 Y35.871 F30000
G1 F12000
G1 X6.821 Y42.507 E.30524
G1 X6.821 Y41.973 F30000
G1 F12000
G1 X12.923 Y35.871 E.28068
G1 X12.389 Y35.871 F30000
G1 F12000
G1 X6.821 Y41.439 E.25612
G1 X6.821 Y40.905 F30000
G1 F12000
G1 X11.856 Y35.871 E.23156
G1 X11.322 Y35.871 F30000
G1 F12000
G1 X6.821 Y40.372 E.20701
G1 X6.821 Y39.838 F30000
G1 F12000
G1 X10.788 Y35.871 E.18245
G1 X10.254 Y35.871 F30000
G1 F12000
G1 X6.821 Y39.304 E.15789
G1 X6.821 Y38.77 F30000
G1 F12000
G1 X9.72 Y35.871 E.13333
G1 X9.186 Y35.871 F30000
G1 F12000
G1 X6.821 Y38.236 E.10878
G1 X6.821 Y37.702 F30000
G1 F12000
G1 X8.652 Y35.871 E.08422
G1 X8.118 Y35.871 F30000
G1 F12000
G1 X6.821 Y37.168 E.05966
G1 X6.821 Y36.634 F30000
G1 F12000
G1 X7.584 Y35.871 E.0351
G1 E-.73524 F1800
;WIPE_START
G1 F30000
G1 X6.821 Y36.634 E-.06476
;WIPE_END
G1 X9.872 Y43.631 Z1.2
G1 X49.179 Y133.764 Z1.2
G1 Z.8
G1 E.8 F1800
;WIDTH:0.420923
G1 F12000
G1 X48.314 Y134.629 E.03984
G1 X47.779 Y134.629 F30000
G1 F12000
G1 X49.179 Y133.229 E.06446
G1 X49.179 Y132.695 F30000
G1 F12000
G1 X47.245 Y134.629 E.08908
G1 X46.71 Y134.629 F30000
G1 F12000
G1 X49.179 Y132.16 E.1137
G1 X49.179 Y131.625 F30000
G1 F12000
G1 X46.175 Y134.629 E.13832
G1 X45.641 Y134.629 F30000
G1 F12000
G1 X49.179 Y131.091 E.16294
G1 X49.179 Y130.556 F30000
G1 F12000
G1 X45.106 Y134.629 E.18757
G1 X44.572 Y134.629 F30000
G1 F12000
G1 X49.179 Y130.022 E.21219
G1 X49.179 Y129.487 F30000
G1 F12000
G1 X44.037 Y134.629 E.23681
G1 X43.503 Y134.629 F30000
G1 F12000
G1 X49.179 Y128.953 E.26143
G1 X49.179 Y128.418 F30000
G1 F12000
G1 X42.968 Y134.629 E.28605
G1 X42.433 Y134.629 F30000
G1 F12000
G1 X49.179 Y127.883 E.31067
G1 X49.179 Y127.349 F30000
G1 F12000
G1 X41.899 Y134.629 E.33529
G1 X41.364 Y134.629 F30000
G1 F12000
G1 X49.179 Y126.814 E.35991
G1 X49.179 Y126.28 F30000
G1 F12000
G1 X40.83 Y134.629 E.38454
G1 X40.295 Y134.629 F30000
G1 F12000
G1 X49.179 Y125.745 E.40916
G1 X49.179 Y125.211 F30000
G1 F12000
G1 X39.761 Y134.629 E.43378
G1 X39.226 Y134.629 F30000
G1 F12000
G1 X49.179 Y124.676 E.4584
G1 X49.179 Y124.141 F30000
G1 F12000
G1 X38.691 Y134.629 E.48302
G1 X38.157 Y134.629 F30000
G1 F12000
G1 X49.179 Y123.607 E.50764
G1 X49.179 Y123.072 F30000
G1 F12000
G1 X37.622 Y134.629 E.53226
G1 X37.088 Y134.629 F30000
G1 F12000
G1 X49.179 Y122.538 E.55688
G1 X49.179 Y122.003 F30000
G1 F12000
G1 X36.553 Y134.629 E.5815
G1 X36.019 Y134.629 F30000
G1 F12000
G1 X49.179 Y121.469 E.60613
G1 X49.179 Y120.934 F30000
G1 F12000
G1 X35.484 Y134.629 E.63075
G1 X34.949 Y134.629 F30000
G1 F12000
G1 X49.179 Y120.399 E.65537
G1 X49.179 Y119.865 F30000
G1 F12000
G1 X34.415 Y134.629 E.67999
G1 X33.88 Y134.629 F30000
G1 F12000
G1 X49.179 Y119.33 E.70461
G1 X49.179 Y118.796 F30000
G1 F12000
G1 X33.346 Y134.629 E.72923
G1 X32.811 Y134.629 F30000
G1 F12000
G1 X49.179 Y118.261 E.75385
G1 X49.179 Y117.726 F30000
G1 F12000
G1 X32.276 Y134.629 E.77847
G1 X31.742 Y134.629 F30000
G1 F12000
G1 X49.179 Y117.192 E.8031
G1 X49.179 Y116.657 F30000
G1 F12000
G1 X31.207 Y134.629 E.82772
G1 X30.673 Y134.629 F30000
G1 F12000
G1 X49.179 Y116.123 E.85234
G1 X49.179 Y115.588 F30000
G1 F12000
G1 X30.138 Y134.629 E.87696
G1 X29.604 Y134.629 F30000
G1 F12000
G1 X49.179 Y115.054 E.90158
G1 X49.179 Y114.519 F30000
G1 F12000
G1 X29.069 Y134.629 E.9262
G1 X28.534 Y134.629 F30000
G1 F12000
G1 X49.179 Y113.984 E.95082
G1 X49.179 Y113.45 F30000
G1 F12000
G1 X28.421 Y134.207 E.95604
G1 X28.421 Y133.673 F30000
G1 F12000
G1 X49.179 Y112.915 E.95604
G1 X49.179 Y112.381 F30000
G1 F12000
G1 X28.421 Y133.138 E.95604
G1 X28.421 Y132.604 F30000
G1 F12000
G1 X49.179 Y111.846 E.95604
G1 X49.179 Y111.312 F30000
G1 F12000
G1 X28.421 Y132.069 E.95604
G1 X28.421 Y131.534 F30000
G1 F12000
G1 X49.179 Y110.777 E.95604
G1 X49.179 Y110.242 F30000
G1 F12000
G1 X28.421 Y131 E.95604
G1 X28.421 Y130.465 F30000
G1 F12000
G1 X49.179 Y109.708 E.95604
G1 X49.179 Y109.173 F30000
G1 F12000
G1 X28.421 Y129.931 E.95604
G1 X28.421 Y129.396 F30000
G1 F12000
G1 X49.179 Y108.639 E.95604
G1 X49.179 Y108.104 F30000
G1 F12000
G1 X28.421 Y128.862 E.95604
G1 X28.421 Y128.327 F30000
G1 F12000
G1 X49.179 Y107.57 E.95604
G1 X49.179 Y107.035 F30000
G1 F12000
G1 X28.421 Y127.792 E.95604
G1 X28.421 Y127.258 F30000
G1 F12000
G1 X49.179 Y106.5 E.95604
G1 X49.179 Y105.966 F30000
G1 F12000
G1 X28.421 Y126.723 E.95604
G1 X28.421 Y126.189 F30000
G1 F12000
G1 X49.179 Y105.431 E.95604
G1 X49.179 Y104.897 F30000
G1 F12000
G1 X28.421 Y125.654 E.95604
G1 X28.421 Y125.12 F30000
G1 F12000
G1 X49.179 Y104.362 E.95604
G1 X49.179 Y103.827 F30000
G1 F12000
G1 X28.421 Y124.585 E.95604
G1 X28.421 Y124.05 F30000
G1 F12000
G1 X49.179 Y103.293 E.95604
G1 X49.179 Y102.758 F30000
G1 F12000
G1 X28.421 Y123.516 E.95604
G1 X28.421 Y122.981 F30000
G1 F12000
G1 X49.179 Y102.224 E.95604
G1 X49.179 Y101.689 F30000
G1 F12000
G1 X28.421 Y122.447 E.95604
G1 X28.421 Y121.912 F30000
G1 F12000
G1 X49.179 Y101.155 E.95604
G1 X49.179 Y100.62 F30000
G1 F12000
G1 X28.421 Y121.378 E.95604
G1 X28.421 Y120.843 F30000
G1 F12000
G1 X49.179 Y100.085 E.95604
G1 X49.179 Y99.551 F30000
G1 F12000
G1 X28.421 Y120.308 E.95604
G1 X28.421 Y119.774 F30000
G1 F12000
G1 X49.179 Y99.016 E.95604
G1 X49.179 Y98.482 F30000
G1 F12000
G1 X28.421 Y119.239 E.95604
G1 X28.421 Y118.705 F30000
G1 F12000
G1 X49.179 Y97.947 E.95604
G1 X49.179 Y97.413 F30000
G1 F12000
G1 X28.421 Y118.17 E.95604
G1 X28.421 Y117.635 F30000
G1 F12000
G1 X49.179 Y96.878 E.95604
G1 X49.179 Y96.343 F30000
G1 F12000
G1 X28.421 Y117.101 E.95604
G1 X28.421 Y116.566 F30000
G1 F12000
G1 X49.179 Y95.809 E.95604
G1 X49.179 Y95.274 F30000
G1 F12000
G1 X28.421 Y116.032 E.95604
G1 X28.421 Y115.497 F30000
G1 F12000
G1 X49.179 Y94.74 E.95604
G1 X49.179 Y94.205 F30000
G1 F12000
G1 X28.421 Y114.963 E.95604
G1 X28.421 Y114.428 F30000
G1 F12000
G1 X49.179 Y93.671 E.95604
G1 X49.179 Y93.136 F30000
G1 F12000
G1 X28.421 Y113.893 E.95604
G1 X28.421 Y113.359 F30000
G1 F12000
G1 X49.179 Y92.601 E.95604
G1 X49.179 Y92.067 F30000
G1 F12000
G1 X28.421 Y112.824 E.95604
G1 X28.421 Y112.29 F30000
G1 F12000
G1 X49.179 Y91.532 E.95604
G1 X49.179 Y90.998 F30000
G1 F12000
G1 X28.421 Y111.755 E.95604
G1 X28.421 Y111.221 F30000
G1 F12000
G1 X49.179 Y90.463 E.95604
G1 X49.179 Y89.928 F30000
G1 F12000
G1 X28.421 Y110.686 E.95604
G1 X28.421 Y110.151 F30000
G1 F12000
G1 X49.179 Y89.394 E.95604
G1 X49.179 Y88.859 F30000
G1 F12000
G1 X28.421 Y109.617 E.95604
G1 X28.421 Y109.082 F30000
G1 F12000
G1 X49.179 Y88.325 E.95604
G1 X49.179 Y87.79 F30000
G1 F12000
G1 X28.421 Y108.548 E.95604
G1 X28.421 Y108.013 F30000
G1 F12000
G1 X49.179 Y87.256 E.95604
G1 X49.179 Y86.721 F30000
G1 F12000
G1 X28.421 Y107.479 E.95604
G1 X28.421 Y106.944 F30000
G1 F12000
G1 X49.179 Y86.186 E.95604
G1 X49.179 Y85.652 F30000
G1 F12000
G1 X28.421 Y106.409 E.95604
G1 X28.421 Y105.875 F30000
G1 F12000
G1 X49.179 Y85.117 E.95604
G1 X49.179 Y84.583 F30000
G1 F12000
G1 X28.421 Y105.34 E.95604
G1 X28.421 Y104.806 F30000
G1 F12000
G1 X49.179 Y84.048 E.95604
G1 X49.179 Y83.514 F30000
G1 F12000
G1 X28.421 Y104.271 E.95604
G1 X28.421 Y103.736 F30000
G1 F12000
G1 X49.179 Y82.979 E.95604
G1 X49.179 Y82.444 F30000
G1 F12000
G1 X28.421 Y103.202 E.95604
G1 X28.421 Y102.667 F30000
G1 F12000
G1 X49.179 Y81.91 E.95604
G1 X49.179 Y81.375 F30000
G1 F12000
G1 X28.421 Y102.133 E.95604
G1 X28.421 Y101.598 F30000
G1 F12000
G1 X49.179 Y80.841 E.95604
G1 X49.179 Y80.306 F30000
G1 F12000
G1 X28.421 Y101.064 E.95604
G1 X28.421 Y100.529 F30000
G1 F12000
G1 X49.179 Y79.772 E.95604
G1 X49.179 Y79.237 F30000
G1 F12000
G1 X28.421 Y99.994 E.95604
G1 X28.421 Y99.46 F30000
G1 F12000
G1 X49.179 Y78.702 E.95604
G1 X49.179 Y78.168 F30000
G1 F12000
G1 X28.421 Y98.925 E.95604
G1 X28.421 Y98.391 F30000
G1 F12000
G1 X49.179 Y77.633 E.95604
G1 X49.179 Y77.099 F30000
G1 F12000
G1 X28.421 Y97.856 E.95604
G1 X28.421 Y97.322 F30000
G1 F12000
G1 X49.179 Y76.564 E.95604
G1 X49.179 Y76.029 F30000
G1 F12000
G1 X28.421 Y96.787 E.95604
G1 X28.421 Y96.252 F30000
G1 F12000
G1 X49.179 Y75.495 E.95604
G1 X49.179 Y74.96 F30000
G1 F12000
G1 X28.421 Y95.718 E.95604
G1 X28.421 Y95.183 F30000
G1 F12000
G1 X49.179 Y74.426 E.95604
G1 X49.179 Y73.891 F30000
G1 F12000
G1 X28.421 Y94.649 E.95604
G1 X28.421 Y94.114 F30000
G1 F12000
G1 X49.179 Y73.357 E.95604
G1 X49.179 Y72.822 F30000
G1 F12000
G1 X28.421 Y93.58 E.95604
G1 X28.421 Y93.045 F30000
G1 F12000
G1 X49.179 Y72.287 E.95604
G1 X49.179 Y71.753 F30000
G1 F12000
G1 X28.421 Y92.51 E.95604
G1 X28.421 Y91.976 F30000
G1 F12000
G1 X49.179 Y71.218 E.95604
G1 X49.179 Y70.684 F30000
M73 P44 R35
G1 F12000
G1 X28.421 Y91.441 E.95604
G1 X28.421 Y90.907 F30000
G1 F12000
G1 X49.179 Y70.149 E.95604
G1 X49.179 Y69.615 F30000
G1 F12000
G1 X28.421 Y90.372 E.95604
G1 X28.421 Y89.837 F30000
G1 F12000
G1 X49.179 Y69.08 E.95604
G1 X49.179 Y68.545 F30000
G1 F12000
G1 X28.421 Y89.303 E.95604
G1 X28.421 Y88.768 F30000
G1 F12000
G1 X49.179 Y68.011 E.95604
G1 X49.179 Y67.476 F30000
G1 F12000
G1 X28.421 Y88.234 E.95604
G1 X28.421 Y87.699 F30000
G1 F12000
G1 X49.179 Y66.942 E.95604
G1 X49.179 Y66.407 F30000
G1 F12000
G1 X28.421 Y87.165 E.95604
G1 X28.421 Y86.63 F30000
G1 F12000
G1 X49.179 Y65.873 E.95604
G1 X49.179 Y65.338 F30000
G1 F12000
G1 X28.421 Y86.095 E.95604
G1 X28.421 Y85.561 F30000
G1 F12000
G1 X49.179 Y64.803 E.95604
G1 X49.179 Y64.269 F30000
G1 F12000
G1 X28.421 Y85.026 E.95604
G1 X28.421 Y84.492 F30000
G1 F12000
G1 X49.179 Y63.734 E.95604
G1 X49.179 Y63.2 F30000
G1 F12000
G1 X28.421 Y83.957 E.95604
G1 X28.421 Y83.423 F30000
G1 F12000
G1 X49.179 Y62.665 E.95604
G1 X49.179 Y62.13 F30000
G1 F12000
G1 X28.421 Y82.888 E.95604
G1 X28.421 Y82.353 F30000
G1 F12000
G1 X49.179 Y61.596 E.95604
G1 X49.179 Y61.061 F30000
G1 F12000
G1 X28.421 Y81.819 E.95604
G1 X28.421 Y81.284 F30000
G1 F12000
G1 X49.179 Y60.527 E.95604
G1 X49.179 Y59.992 F30000
G1 F12000
G1 X28.421 Y80.75 E.95604
G1 X28.421 Y80.215 F30000
G1 F12000
G1 X49.179 Y59.458 E.95604
G1 X49.179 Y58.923 F30000
G1 F12000
G1 X28.421 Y79.681 E.95604
G1 X28.421 Y79.146 F30000
G1 F12000
G1 X49.179 Y58.388 E.95604
G1 X49.179 Y57.854 F30000
G1 F12000
G1 X28.421 Y78.611 E.95604
G1 X28.421 Y78.077 F30000
G1 F12000
G1 X49.179 Y57.319 E.95604
G1 X49.179 Y56.785 F30000
G1 F12000
G1 X28.421 Y77.542 E.95604
G1 X28.421 Y77.008 F30000
G1 F12000
G1 X49.179 Y56.25 E.95604
G1 X49.179 Y55.716 F30000
G1 F12000
G1 X28.421 Y76.473 E.95604
G1 X28.421 Y75.938 F30000
G1 F12000
G1 X49.179 Y55.181 E.95604
G1 X49.179 Y54.646 F30000
G1 F12000
G1 X28.421 Y75.404 E.95604
G1 X28.421 Y74.869 F30000
G1 F12000
G1 X49.179 Y54.112 E.95604
G1 X49.179 Y53.577 F30000
G1 F12000
G1 X28.421 Y74.335 E.95604
G1 X28.421 Y73.8 F30000
G1 F12000
G1 X49.179 Y53.043 E.95604
G1 X49.179 Y52.508 F30000
G1 F12000
G1 X28.421 Y73.266 E.95604
G1 X28.421 Y72.731 F30000
G1 F12000
G1 X49.179 Y51.974 E.95604
G1 X49.179 Y51.439 F30000
G1 F12000
G1 X28.421 Y72.196 E.95604
G1 X28.421 Y71.662 F30000
G1 F12000
G1 X49.179 Y50.904 E.95604
G1 X49.179 Y50.37 F30000
G1 F12000
G1 X28.421 Y71.127 E.95604
G1 X28.421 Y70.593 F30000
G1 F12000
G1 X49.179 Y49.835 E.95604
G1 X49.179 Y49.301 F30000
G1 F12000
G1 X28.421 Y70.058 E.95604
G1 X28.421 Y69.524 F30000
M73 P44 R34
G1 F12000
G1 X49.179 Y48.766 E.95604
G1 X49.179 Y48.231 F30000
G1 F12000
G1 X28.421 Y68.989 E.95604
G1 X28.421 Y68.454 F30000
G1 F12000
G1 X49.179 Y47.697 E.95604
G1 X49.179 Y47.162 F30000
G1 F12000
G1 X28.421 Y67.92 E.95604
G1 X28.421 Y67.385 F30000
G1 F12000
G1 X49.179 Y46.628 E.95604
G1 X49.179 Y46.093 F30000
G1 F12000
G1 X28.421 Y66.851 E.95604
G1 X28.421 Y66.316 F30000
G1 F12000
G1 X49.179 Y45.559 E.95604
G1 X49.179 Y45.024 F30000
G1 F12000
G1 X28.421 Y65.782 E.95604
G1 X28.421 Y65.247 F30000
G1 F12000
G1 X49.179 Y44.489 E.95604
G1 X49.179 Y43.955 F30000
G1 F12000
G1 X28.421 Y64.712 E.95604
G1 X28.421 Y64.178 F30000
G1 F12000
G1 X49.179 Y43.42 E.95604
G1 X49.179 Y42.886 F30000
G1 F12000
G1 X28.421 Y63.643 E.95604
G1 X28.421 Y63.109 F30000
G1 F12000
G1 X49.179 Y42.351 E.95604
G1 X49.179 Y41.817 F30000
G1 F12000
G1 X28.421 Y62.574 E.95604
G1 X28.421 Y62.039 F30000
G1 F12000
G1 X49.179 Y41.282 E.95604
G1 X49.179 Y40.747 F30000
G1 F12000
G1 X28.421 Y61.505 E.95604
G1 X28.421 Y60.97 F30000
G1 F12000
G1 X49.179 Y40.213 E.95604
G1 X49.179 Y39.678 F30000
G1 F12000
G1 X28.421 Y60.436 E.95604
G1 X28.421 Y59.901 F30000
G1 F12000
G1 X49.179 Y39.144 E.95604
G1 X49.179 Y38.609 F30000
G1 F12000
G1 X28.421 Y59.367 E.95604
G1 X28.421 Y58.832 F30000
G1 F12000
G1 X49.179 Y38.075 E.95604
G1 X49.179 Y37.54 F30000
G1 F12000
G1 X28.421 Y58.297 E.95604
G1 X28.421 Y57.763 F30000
G1 F12000
G1 X49.179 Y37.005 E.95604
G1 X49.179 Y36.471 F30000
G1 F12000
G1 X28.421 Y57.228 E.95604
G1 X28.421 Y56.694 F30000
G1 F12000
G1 X49.179 Y35.936 E.95604
G1 X49.179 Y35.402 F30000
G1 F12000
G1 X28.421 Y56.159 E.95604
G1 E-.728 F1800
;WIPE_START
G1 F30000
G1 X29.27 Y55.311 E-.072
;WIPE_END
G1 X32.772 Y62.092 Z1.2
G1 X70.231 Y134.629 Z1.2
G1 Z.8
G1 E.8 F1800
G1 F12000
G1 X70.779 Y134.081 E.02521
G1 X70.779 Y133.547 F30000
G1 F12000
G1 X69.697 Y134.629 E.04983
G1 X69.162 Y134.629 F30000
G1 F12000
G1 X70.779 Y133.012 E.07445
G1 X70.779 Y132.478 F30000
G1 F12000
G1 X68.628 Y134.629 E.09907
G1 X68.093 Y134.629 F30000
G1 F12000
G1 X70.779 Y131.943 E.12369
G1 X70.779 Y131.409 F30000
G1 F12000
G1 X67.559 Y134.629 E.14831
G1 X67.024 Y134.629 F30000
G1 F12000
G1 X70.779 Y130.874 E.17294
G1 X70.779 Y130.339 F30000
G1 F12000
G1 X66.489 Y134.629 E.19756
G1 X65.955 Y134.629 F30000
G1 F12000
G1 X70.779 Y129.805 E.22218
G1 X70.779 Y129.27 F30000
G1 F12000
G1 X65.42 Y134.629 E.2468
G1 X64.886 Y134.629 F30000
G1 F12000
G1 X70.779 Y128.736 E.27142
G1 X70.779 Y128.201 F30000
G1 F12000
G1 X64.351 Y134.629 E.29604
G1 X63.817 Y134.629 F30000
G1 F12000
G1 X70.779 Y127.667 E.32066
G1 X70.779 Y127.132 F30000
G1 F12000
G1 X63.282 Y134.629 E.34528
G1 X62.747 Y134.629 F30000
G1 F12000
G1 X70.779 Y126.597 E.3699
G1 X70.779 Y126.063 F30000
G1 F12000
G1 X62.213 Y134.629 E.39453
G1 X61.678 Y134.629 F30000
G1 F12000
G1 X70.779 Y125.528 E.41915
G1 X70.779 Y124.994 F30000
G1 F12000
G1 X61.144 Y134.629 E.44377
G1 X60.609 Y134.629 F30000
G1 F12000
G1 X70.779 Y124.459 E.46839
G1 X70.779 Y123.924 F30000
G1 F12000
G1 X60.074 Y134.629 E.49301
G1 X59.54 Y134.629 F30000
G1 F12000
G1 X70.779 Y123.39 E.51763
G1 X70.779 Y122.855 F30000
G1 F12000
G1 X59.005 Y134.629 E.54225
G1 X58.471 Y134.629 F30000
G1 F12000
G1 X70.779 Y122.321 E.56687
G1 X70.779 Y121.786 F30000
G1 F12000
G1 X57.936 Y134.629 E.5915
G1 X57.402 Y134.629 F30000
G1 F12000
G1 X70.779 Y121.252 E.61612
G1 X70.779 Y120.717 F30000
G1 F12000
G1 X56.867 Y134.629 E.64074
G1 X56.332 Y134.629 F30000
G1 F12000
G1 X70.779 Y120.182 E.66536
G1 X70.779 Y119.648 F30000
G1 F12000
G1 X55.798 Y134.629 E.68998
G1 X55.263 Y134.629 F30000
G1 F12000
G1 X70.779 Y119.113 E.7146
G1 X70.779 Y118.579 F30000
G1 F12000
G1 X54.729 Y134.629 E.73922
G1 X54.194 Y134.629 F30000
G1 F12000
G1 X70.779 Y118.044 E.76384
G1 X70.779 Y117.51 F30000
G1 F12000
G1 X53.66 Y134.629 E.78846
G1 X53.125 Y134.629 F30000
G1 F12000
G1 X70.779 Y116.975 E.81309
G1 X70.779 Y116.44 F30000
G1 F12000
G1 X52.59 Y134.629 E.83771
G1 X52.056 Y134.629 F30000
G1 F12000
G1 X70.779 Y115.906 E.86233
G1 X70.779 Y115.371 F30000
G1 F12000
G1 X51.521 Y134.629 E.88695
G1 X50.987 Y134.629 F30000
G1 F12000
G1 X70.779 Y114.837 E.91157
G1 X70.779 Y114.302 F30000
G1 F12000
G1 X50.452 Y134.629 E.93619
G1 X50.021 Y134.525 F30000
G1 F12000
G1 X70.779 Y113.768 E.95604
G1 X70.779 Y113.233 F30000
G1 F12000
G1 X50.021 Y133.99 E.95604
G1 X50.021 Y133.456 F30000
G1 F12000
G1 X70.779 Y112.698 E.95604
G1 X70.779 Y112.164 F30000
G1 F12000
G1 X50.021 Y132.921 E.95604
G1 X50.021 Y132.387 F30000
G1 F12000
G1 X70.779 Y111.629 E.95604
G1 X70.779 Y111.095 F30000
G1 F12000
G1 X50.021 Y131.852 E.95604
G1 X50.021 Y131.318 F30000
G1 F12000
G1 X70.779 Y110.56 E.95604
G1 X70.779 Y110.025 F30000
G1 F12000
G1 X50.021 Y130.783 E.95604
G1 X50.021 Y130.248 F30000
G1 F12000
G1 X70.779 Y109.491 E.95604
G1 X70.779 Y108.956 F30000
G1 F12000
G1 X50.021 Y129.714 E.95604
G1 X50.021 Y129.179 F30000
G1 F12000
G1 X70.779 Y108.422 E.95604
G1 X70.779 Y107.887 F30000
G1 F12000
G1 X50.021 Y128.645 E.95604
G1 X50.021 Y128.11 F30000
G1 F12000
G1 X70.779 Y107.353 E.95604
G1 X70.779 Y106.818 F30000
G1 F12000
G1 X50.021 Y127.576 E.95604
G1 X50.021 Y127.041 F30000
G1 F12000
G1 X70.779 Y106.283 E.95604
G1 X70.779 Y105.749 F30000
G1 F12000
G1 X50.021 Y126.506 E.95604
G1 X50.021 Y125.972 F30000
G1 F12000
G1 X70.779 Y105.214 E.95604
G1 X70.779 Y104.68 F30000
G1 F12000
G1 X50.021 Y125.437 E.95604
G1 X50.021 Y124.903 F30000
G1 F12000
G1 X70.779 Y104.145 E.95604
G1 X70.779 Y103.611 F30000
G1 F12000
G1 X50.021 Y124.368 E.95604
G1 X50.021 Y123.833 F30000
G1 F12000
G1 X70.779 Y103.076 E.95604
G1 X70.779 Y102.541 F30000
G1 F12000
G1 X50.021 Y123.299 E.95604
G1 X50.021 Y122.764 F30000
G1 F12000
G1 X70.779 Y102.007 E.95604
G1 X70.779 Y101.472 F30000
G1 F12000
G1 X50.021 Y122.23 E.95604
G1 X50.021 Y121.695 F30000
G1 F12000
G1 X70.779 Y100.938 E.95604
G1 X70.779 Y100.403 F30000
G1 F12000
G1 X50.021 Y121.161 E.95604
G1 X50.021 Y120.626 F30000
G1 F12000
G1 X70.779 Y99.869 E.95604
G1 X70.779 Y99.334 F30000
G1 F12000
G1 X50.021 Y120.091 E.95604
G1 X50.021 Y119.557 F30000
G1 F12000
G1 X70.779 Y98.799 E.95604
G1 X70.779 Y98.265 F30000
G1 F12000
G1 X50.021 Y119.022 E.95604
G1 X50.021 Y118.488 F30000
G1 F12000
G1 X70.779 Y97.73 E.95604
G1 X70.779 Y97.196 F30000
G1 F12000
G1 X50.021 Y117.953 E.95604
G1 X50.021 Y117.419 F30000
G1 F12000
G1 X70.779 Y96.661 E.95604
G1 X70.779 Y96.126 F30000
G1 F12000
G1 X50.021 Y116.884 E.95604
G1 X50.021 Y116.349 F30000
G1 F12000
G1 X70.779 Y95.592 E.95604
G1 X70.779 Y95.057 F30000
G1 F12000
G1 X50.021 Y115.815 E.95604
G1 X50.021 Y115.28 F30000
G1 F12000
G1 X70.779 Y94.523 E.95604
G1 X70.779 Y93.988 F30000
G1 F12000
G1 X50.021 Y114.746 E.95604
G1 X50.021 Y114.211 F30000
G1 F12000
G1 X70.779 Y93.454 E.95604
G1 X70.779 Y92.919 F30000
G1 F12000
G1 X50.021 Y113.677 E.95604
G1 X50.021 Y113.142 F30000
G1 F12000
G1 X70.779 Y92.384 E.95604
G1 X70.779 Y91.85 F30000
G1 F12000
G1 X50.021 Y112.607 E.95604
G1 X50.021 Y112.073 F30000
G1 F12000
G1 X70.779 Y91.315 E.95604
G1 X70.779 Y90.781 F30000
G1 F12000
G1 X50.021 Y111.538 E.95604
G1 X50.021 Y111.004 F30000
G1 F12000
G1 X70.779 Y90.246 E.95604
G1 X70.779 Y89.712 F30000
M73 P45 R34
G1 F12000
G1 X50.021 Y110.469 E.95604
G1 X50.021 Y109.934 F30000
G1 F12000
G1 X70.779 Y89.177 E.95604
G1 X70.779 Y88.642 F30000
G1 F12000
G1 X50.021 Y109.4 E.95604
G1 X50.021 Y108.865 F30000
G1 F12000
G1 X70.779 Y88.108 E.95604
G1 X70.779 Y87.573 F30000
G1 F12000
G1 X50.021 Y108.331 E.95604
G1 X50.021 Y107.796 F30000
G1 F12000
G1 X70.779 Y87.039 E.95604
G1 X70.779 Y86.504 F30000
G1 F12000
G1 X50.021 Y107.262 E.95604
G1 X50.021 Y106.727 F30000
G1 F12000
G1 X70.779 Y85.97 E.95604
G1 X70.779 Y85.435 F30000
G1 F12000
G1 X50.021 Y106.192 E.95604
G1 X50.021 Y105.658 F30000
G1 F12000
G1 X70.779 Y84.9 E.95604
G1 X70.779 Y84.366 F30000
G1 F12000
G1 X50.021 Y105.123 E.95604
G1 X50.021 Y104.589 F30000
G1 F12000
G1 X70.779 Y83.831 E.95604
G1 X70.779 Y83.297 F30000
G1 F12000
G1 X50.021 Y104.054 E.95604
G1 X50.021 Y103.52 F30000
G1 F12000
G1 X70.779 Y82.762 E.95604
G1 X70.779 Y82.227 F30000
G1 F12000
G1 X50.021 Y102.985 E.95604
G1 X50.021 Y102.45 F30000
G1 F12000
G1 X70.779 Y81.693 E.95604
G1 X70.779 Y81.158 F30000
G1 F12000
G1 X50.021 Y101.916 E.95604
G1 X50.021 Y101.381 F30000
G1 F12000
G1 X70.779 Y80.624 E.95604
G1 X70.779 Y80.089 F30000
G1 F12000
G1 X50.021 Y100.847 E.95604
G1 X50.021 Y100.312 F30000
G1 F12000
G1 X70.779 Y79.555 E.95604
G1 X70.779 Y79.02 F30000
G1 F12000
G1 X50.021 Y99.778 E.95604
G1 X50.021 Y99.243 F30000
G1 F12000
G1 X70.779 Y78.485 E.95604
G1 X70.779 Y77.951 F30000
G1 F12000
G1 X50.021 Y98.708 E.95604
G1 X50.021 Y98.174 F30000
G1 F12000
G1 X70.779 Y77.416 E.95604
G1 X70.779 Y76.882 F30000
G1 F12000
G1 X50.021 Y97.639 E.95604
G1 X50.021 Y97.105 F30000
G1 F12000
G1 X70.779 Y76.347 E.95604
G1 X70.779 Y75.813 F30000
G1 F12000
G1 X50.021 Y96.57 E.95604
G1 X50.021 Y96.035 F30000
G1 F12000
G1 X70.779 Y75.278 E.95604
G1 X70.779 Y74.743 F30000
G1 F12000
G1 X50.021 Y95.501 E.95604
G1 X50.021 Y94.966 F30000
G1 F12000
G1 X70.779 Y74.209 E.95604
G1 X70.779 Y73.674 F30000
G1 F12000
G1 X50.021 Y94.432 E.95604
G1 X50.021 Y93.897 F30000
G1 F12000
G1 X70.779 Y73.14 E.95604
G1 X70.779 Y72.605 F30000
G1 F12000
G1 X50.021 Y93.363 E.95604
G1 X50.021 Y92.828 F30000
G1 F12000
G1 X70.779 Y72.071 E.95604
G1 X70.779 Y71.536 F30000
G1 F12000
G1 X50.021 Y92.293 E.95604
G1 X50.021 Y91.759 F30000
G1 F12000
G1 X70.779 Y71.001 E.95604
G1 X70.779 Y70.467 F30000
G1 F12000
G1 X50.021 Y91.224 E.95604
G1 X50.021 Y90.69 F30000
G1 F12000
G1 X70.779 Y69.932 E.95604
G1 X70.779 Y69.398 F30000
G1 F12000
G1 X50.021 Y90.155 E.95604
G1 X50.021 Y89.621 F30000
G1 F12000
G1 X70.779 Y68.863 E.95604
G1 X70.779 Y68.328 F30000
G1 F12000
G1 X50.021 Y89.086 E.95604
G1 X50.021 Y88.551 F30000
G1 F12000
G1 X70.779 Y67.794 E.95604
G1 X70.779 Y67.259 F30000
G1 F12000
G1 X50.021 Y88.017 E.95604
G1 X50.021 Y87.482 F30000
G1 F12000
G1 X70.779 Y66.725 E.95604
G1 X70.779 Y66.19 F30000
G1 F12000
G1 X50.021 Y86.948 E.95604
G1 X50.021 Y86.413 F30000
G1 F12000
G1 X70.779 Y65.656 E.95604
G1 X70.779 Y65.121 F30000
G1 F12000
G1 X50.021 Y85.879 E.95604
G1 X50.021 Y85.344 F30000
G1 F12000
G1 X70.779 Y64.586 E.95604
G1 X70.779 Y64.052 F30000
G1 F12000
G1 X50.021 Y84.809 E.95604
G1 X50.021 Y84.275 F30000
G1 F12000
G1 X70.779 Y63.517 E.95604
G1 X70.779 Y62.983 F30000
G1 F12000
G1 X50.021 Y83.74 E.95604
G1 X50.021 Y83.206 F30000
G1 F12000
G1 X70.779 Y62.448 E.95604
G1 X70.779 Y61.914 F30000
G1 F12000
G1 X50.021 Y82.671 E.95604
G1 X50.021 Y82.136 F30000
G1 F12000
G1 X70.779 Y61.379 E.95604
G1 X70.779 Y60.844 F30000
G1 F12000
G1 X50.021 Y81.602 E.95604
G1 X50.021 Y81.067 F30000
G1 F12000
G1 X70.779 Y60.31 E.95604
G1 X70.779 Y59.775 F30000
G1 F12000
G1 X50.021 Y80.533 E.95604
G1 X50.021 Y79.998 F30000
G1 F12000
G1 X70.779 Y59.241 E.95604
G1 X70.779 Y58.706 F30000
G1 F12000
G1 X50.021 Y79.464 E.95604
G1 X50.021 Y78.929 F30000
G1 F12000
G1 X70.779 Y58.172 E.95604
G1 X70.779 Y57.637 F30000
G1 F12000
G1 X50.021 Y78.394 E.95604
G1 X50.021 Y77.86 F30000
G1 F12000
G1 X70.779 Y57.102 E.95604
G1 X70.779 Y56.568 F30000
G1 F12000
G1 X50.021 Y77.325 E.95604
G1 X50.021 Y76.791 F30000
G1 F12000
G1 X70.779 Y56.033 E.95604
G1 X70.779 Y55.499 F30000
G1 F12000
G1 X50.021 Y76.256 E.95604
G1 X50.021 Y75.722 F30000
G1 F12000
G1 X70.779 Y54.964 E.95604
G1 X70.779 Y54.429 F30000
G1 F12000
G1 X50.021 Y75.187 E.95604
G1 X50.021 Y74.652 F30000
G1 F12000
G1 X70.779 Y53.895 E.95604
G1 X70.779 Y53.36 F30000
G1 F12000
G1 X50.021 Y74.118 E.95604
G1 X50.021 Y73.583 F30000
G1 F12000
G1 X70.779 Y52.826 E.95604
G1 X70.779 Y52.291 F30000
G1 F12000
G1 X50.021 Y73.049 E.95604
G1 X50.021 Y72.514 F30000
G1 F12000
G1 X70.779 Y51.757 E.95604
G1 X70.779 Y51.222 F30000
G1 F12000
G1 X50.021 Y71.98 E.95604
G1 X50.021 Y71.445 F30000
G1 F12000
G1 X70.779 Y50.687 E.95604
G1 X70.779 Y50.153 F30000
G1 F12000
G1 X50.021 Y70.91 E.95604
G1 X50.021 Y70.376 F30000
G1 F12000
G1 X70.779 Y49.618 E.95604
G1 X70.779 Y49.084 F30000
G1 F12000
G1 X50.021 Y69.841 E.95604
G1 X50.021 Y69.307 F30000
G1 F12000
G1 X70.779 Y48.549 E.95604
G1 X70.779 Y48.015 F30000
G1 F12000
G1 X50.021 Y68.772 E.95604
G1 X50.021 Y68.237 F30000
G1 F12000
G1 X70.779 Y47.48 E.95604
G1 X70.779 Y46.945 F30000
G1 F12000
G1 X50.021 Y67.703 E.95604
G1 X50.021 Y67.168 F30000
G1 F12000
G1 X70.779 Y46.411 E.95604
G1 X70.779 Y45.876 F30000
G1 F12000
G1 X50.021 Y66.634 E.95604
G1 X50.021 Y66.099 F30000
G1 F12000
G1 X70.779 Y45.342 E.95604
G1 X70.779 Y44.807 F30000
G1 F12000
G1 X50.021 Y65.565 E.95604
G1 X50.021 Y65.03 F30000
G1 F12000
G1 X70.779 Y44.273 E.95604
G1 X70.779 Y43.738 F30000
G1 F12000
G1 X50.021 Y64.495 E.95604
G1 X50.021 Y63.961 F30000
G1 F12000
G1 X70.779 Y43.203 E.95604
G1 X70.779 Y42.669 F30000
G1 F12000
G1 X50.021 Y63.426 E.95604
G1 X50.021 Y62.892 F30000
G1 F12000
G1 X70.779 Y42.134 E.95604
G1 X70.779 Y41.6 F30000
G1 F12000
G1 X50.021 Y62.357 E.95604
G1 X50.021 Y61.823 F30000
G1 F12000
G1 X70.779 Y41.065 E.95604
G1 X70.779 Y40.53 F30000
G1 F12000
G1 X50.021 Y61.288 E.95604
G1 X50.021 Y60.753 F30000
G1 F12000
G1 X70.779 Y39.996 E.95604
G1 X70.779 Y39.461 F30000
G1 F12000
G1 X50.021 Y60.219 E.95604
G1 X50.021 Y59.684 F30000
G1 F12000
G1 X70.779 Y38.927 E.95604
G1 X70.779 Y38.392 F30000
G1 F12000
G1 X50.021 Y59.15 E.95604
G1 X50.021 Y58.615 F30000
G1 F12000
G1 X70.779 Y37.858 E.95604
G1 X70.779 Y37.323 F30000
G1 F12000
G1 X50.021 Y58.081 E.95604
G1 X50.021 Y57.546 F30000
G1 F12000
G1 X70.779 Y36.788 E.95604
G1 X70.779 Y36.254 F30000
G1 F12000
G1 X50.021 Y57.011 E.95604
G1 X50.021 Y56.477 F30000
G1 F12000
G1 X70.779 Y35.719 E.95604
G1 X70.779 Y35.185 F30000
G1 F12000
G1 X50.021 Y55.942 E.95604
G1 E-.728 F1800
;WIPE_START
G1 F30000
G1 X50.87 Y55.094 E-.072
;WIPE_END
G1 X54.428 Y61.846 Z1.2
G1 X92.379 Y133.865 Z1.2
G1 Z.8
G1 E.8 F1800
G1 F12000
G1 X91.615 Y134.629 E.0352
G1 X91.08 Y134.629 F30000
G1 F12000
G1 X92.379 Y133.33 E.05982
G1 X92.379 Y132.795 F30000
G1 F12000
G1 X90.545 Y134.629 E.08444
G1 X90.011 Y134.629 F30000
G1 F12000
G1 X92.379 Y132.261 E.10906
G1 X92.379 Y131.726 F30000
G1 F12000
G1 X89.476 Y134.629 E.13368
G1 X88.942 Y134.629 F30000
G1 F12000
G1 X92.379 Y131.192 E.1583
G1 X92.379 Y130.657 F30000
G1 F12000
G1 X88.407 Y134.629 E.18293
G1 X87.872 Y134.629 F30000
G1 F12000
G1 X92.379 Y130.122 E.20755
G1 X92.379 Y129.588 F30000
G1 F12000
G1 X87.338 Y134.629 E.23217
G1 X86.803 Y134.629 F30000
G1 F12000
G1 X92.379 Y129.053 E.25679
G1 X92.379 Y128.519 F30000
G1 F12000
G1 X86.269 Y134.629 E.28141
G1 X85.734 Y134.629 F30000
G1 F12000
G1 X92.379 Y127.984 E.30603
G1 X92.379 Y127.45 F30000
G1 F12000
G1 X85.2 Y134.629 E.33065
G1 X84.665 Y134.629 F30000
G1 F12000
G1 X92.379 Y126.915 E.35527
G1 X92.379 Y126.38 F30000
G1 F12000
G1 X84.13 Y134.629 E.3799
G1 X83.596 Y134.629 F30000
G1 F12000
G1 X92.379 Y125.846 E.40452
G1 X92.379 Y125.311 F30000
G1 F12000
G1 X83.061 Y134.629 E.42914
G1 X82.527 Y134.629 F30000
G1 F12000
G1 X92.379 Y124.777 E.45376
G1 X92.379 Y124.242 F30000
G1 F12000
G1 X81.992 Y134.629 E.47838
G1 X81.458 Y134.629 F30000
G1 F12000
G1 X92.379 Y123.708 E.503
G1 X92.379 Y123.173 F30000
G1 F12000
G1 X80.923 Y134.629 E.52762
G1 X80.388 Y134.629 F30000
G1 F12000
G1 X92.379 Y122.638 E.55224
G1 X92.379 Y122.104 F30000
G1 F12000
G1 X79.854 Y134.629 E.57686
G1 X79.319 Y134.629 F30000
G1 F12000
G1 X92.379 Y121.569 E.60149
G1 X92.379 Y121.035 F30000
G1 F12000
G1 X78.785 Y134.629 E.62611
G1 X78.25 Y134.629 F30000
G1 F12000
G1 X92.379 Y120.5 E.65073
G1 X92.379 Y119.966 F30000
G1 F12000
G1 X77.716 Y134.629 E.67535
G1 X77.181 Y134.629 F30000
G1 F12000
G1 X92.379 Y119.431 E.69997
G1 X92.379 Y118.896 F30000
G1 F12000
G1 X76.646 Y134.629 E.72459
G1 X76.112 Y134.629 F30000
G1 F12000
G1 X92.379 Y118.362 E.74921
G1 X92.379 Y117.827 F30000
M73 P45 R33
G1 F12000
G1 X75.577 Y134.629 E.77383
G1 X75.043 Y134.629 F30000
G1 F12000
G1 X92.379 Y117.293 E.79846
G1 X92.379 Y116.758 F30000
G1 F12000
G1 X74.508 Y134.629 E.82308
G1 X73.973 Y134.629 F30000
G1 F12000
G1 X92.379 Y116.223 E.8477
G1 X92.379 Y115.689 F30000
G1 F12000
G1 X73.439 Y134.629 E.87232
G1 X72.904 Y134.629 F30000
G1 F12000
G1 X92.379 Y115.154 E.89694
G1 X92.379 Y114.62 F30000
G1 F12000
G1 X72.37 Y134.629 E.92156
G1 X71.835 Y134.629 F30000
G1 F12000
G1 X92.379 Y114.085 E.94618
G1 X92.379 Y113.551 F30000
G1 F12000
G1 X71.621 Y134.308 E.95604
G1 X71.621 Y133.774 F30000
G1 F12000
G1 X92.379 Y113.016 E.95604
G1 X92.379 Y112.481 F30000
G1 F12000
G1 X71.621 Y133.239 E.95604
G1 X71.621 Y132.704 F30000
G1 F12000
G1 X92.379 Y111.947 E.95604
G1 X92.379 Y111.412 F30000
G1 F12000
G1 X71.621 Y132.17 E.95604
G1 X71.621 Y131.635 F30000
G1 F12000
G1 X92.379 Y110.878 E.95604
G1 X92.379 Y110.343 F30000
G1 F12000
G1 X71.621 Y131.101 E.95604
G1 X71.621 Y130.566 F30000
G1 F12000
G1 X92.379 Y109.809 E.95604
G1 X92.379 Y109.274 F30000
G1 F12000
G1 X71.621 Y130.031 E.95604
G1 X71.621 Y129.497 F30000
M73 P46 R33
G1 F12000
G1 X92.379 Y108.739 E.95604
G1 X92.379 Y108.205 F30000
G1 F12000
G1 X71.621 Y128.962 E.95604
G1 X71.621 Y128.428 F30000
G1 F12000
G1 X92.379 Y107.67 E.95604
G1 X92.379 Y107.136 F30000
G1 F12000
G1 X71.621 Y127.893 E.95604
G1 X71.621 Y127.359 F30000
G1 F12000
G1 X92.379 Y106.601 E.95604
G1 X92.379 Y106.067 F30000
G1 F12000
G1 X71.621 Y126.824 E.95604
G1 X71.621 Y126.289 F30000
G1 F12000
G1 X92.379 Y105.532 E.95604
G1 X92.379 Y104.997 F30000
G1 F12000
G1 X71.621 Y125.755 E.95604
G1 X71.621 Y125.22 F30000
G1 F12000
G1 X92.379 Y104.463 E.95604
G1 X92.379 Y103.928 F30000
G1 F12000
G1 X71.621 Y124.686 E.95604
G1 X71.621 Y124.151 F30000
G1 F12000
G1 X92.379 Y103.394 E.95604
G1 X92.379 Y102.859 F30000
G1 F12000
G1 X71.621 Y123.617 E.95604
G1 X71.621 Y123.082 F30000
G1 F12000
G1 X92.379 Y102.324 E.95604
G1 X92.379 Y101.79 F30000
G1 F12000
G1 X71.621 Y122.547 E.95604
G1 X71.621 Y122.013 F30000
G1 F12000
G1 X92.379 Y101.255 E.95604
G1 X92.379 Y100.721 F30000
G1 F12000
G1 X71.621 Y121.478 E.95604
G1 X71.621 Y120.944 F30000
G1 F12000
G1 X92.379 Y100.186 E.95604
G1 X92.379 Y99.652 F30000
G1 F12000
G1 X71.621 Y120.409 E.95604
G1 X71.621 Y119.875 F30000
G1 F12000
G1 X92.379 Y99.117 E.95604
G1 X92.379 Y98.582 F30000
G1 F12000
G1 X71.621 Y119.34 E.95604
G1 X71.621 Y118.805 F30000
G1 F12000
G1 X92.379 Y98.048 E.95604
G1 X92.379 Y97.513 F30000
G1 F12000
G1 X71.621 Y118.271 E.95604
G1 X71.621 Y117.736 F30000
G1 F12000
G1 X92.379 Y96.979 E.95604
G1 X92.379 Y96.444 F30000
G1 F12000
G1 X71.621 Y117.202 E.95604
G1 X71.621 Y116.667 F30000
G1 F12000
G1 X92.379 Y95.91 E.95604
G1 X92.379 Y95.375 F30000
G1 F12000
G1 X71.621 Y116.132 E.95604
G1 X71.621 Y115.598 F30000
G1 F12000
G1 X92.379 Y94.84 E.95604
G1 X92.379 Y94.306 F30000
G1 F12000
G1 X71.621 Y115.063 E.95604
G1 X71.621 Y114.529 F30000
G1 F12000
G1 X92.379 Y93.771 E.95604
G1 X92.379 Y93.237 F30000
G1 F12000
G1 X71.621 Y113.994 E.95604
G1 X71.621 Y113.46 F30000
G1 F12000
G1 X92.379 Y92.702 E.95604
G1 X92.379 Y92.168 F30000
G1 F12000
G1 X71.621 Y112.925 E.95604
G1 X71.621 Y112.39 F30000
G1 F12000
G1 X92.379 Y91.633 E.95604
G1 X92.379 Y91.098 F30000
G1 F12000
G1 X71.621 Y111.856 E.95604
G1 X71.621 Y111.321 F30000
G1 F12000
G1 X92.379 Y90.564 E.95604
G1 X92.379 Y90.029 F30000
G1 F12000
G1 X71.621 Y110.787 E.95604
G1 X71.621 Y110.252 F30000
G1 F12000
G1 X92.379 Y89.495 E.95604
G1 X92.379 Y88.96 F30000
G1 F12000
G1 X71.621 Y109.718 E.95604
G1 X71.621 Y109.183 F30000
G1 F12000
G1 X92.379 Y88.425 E.95604
G1 X92.379 Y87.891 F30000
G1 F12000
G1 X71.621 Y108.648 E.95604
G1 X71.621 Y108.114 F30000
G1 F12000
G1 X92.379 Y87.356 E.95604
G1 X92.379 Y86.822 F30000
G1 F12000
G1 X71.621 Y107.579 E.95604
G1 X71.621 Y107.045 F30000
G1 F12000
G1 X92.379 Y86.287 E.95604
G1 X92.379 Y85.753 F30000
G1 F12000
G1 X71.621 Y106.51 E.95604
G1 X71.621 Y105.976 F30000
G1 F12000
G1 X92.379 Y85.218 E.95604
G1 X92.379 Y84.683 F30000
G1 F12000
G1 X71.621 Y105.441 E.95604
G1 X71.621 Y104.906 F30000
G1 F12000
G1 X92.379 Y84.149 E.95604
G1 X92.379 Y83.614 F30000
G1 F12000
G1 X71.621 Y104.372 E.95604
G1 X71.621 Y103.837 F30000
G1 F12000
G1 X92.379 Y83.08 E.95604
G1 X92.379 Y82.545 F30000
G1 F12000
G1 X71.621 Y103.303 E.95604
G1 X71.621 Y102.768 F30000
G1 F12000
G1 X92.379 Y82.011 E.95604
G1 X92.379 Y81.476 F30000
G1 F12000
G1 X71.621 Y102.233 E.95604
G1 X71.621 Y101.699 F30000
G1 F12000
G1 X92.379 Y80.941 E.95604
G1 X92.379 Y80.407 F30000
G1 F12000
G1 X71.621 Y101.164 E.95604
G1 X71.621 Y100.63 F30000
G1 F12000
G1 X92.379 Y79.872 E.95604
G1 X92.379 Y79.338 F30000
G1 F12000
G1 X71.621 Y100.095 E.95604
G1 X71.621 Y99.561 F30000
G1 F12000
G1 X92.379 Y78.803 E.95604
G1 X92.379 Y78.269 F30000
G1 F12000
G1 X71.621 Y99.026 E.95604
G1 X71.621 Y98.491 F30000
G1 F12000
G1 X92.379 Y77.734 E.95604
G1 X92.379 Y77.199 F30000
G1 F12000
G1 X71.621 Y97.957 E.95604
G1 X71.621 Y97.422 F30000
G1 F12000
G1 X92.379 Y76.665 E.95604
G1 X92.379 Y76.13 F30000
G1 F12000
G1 X71.621 Y96.888 E.95604
G1 X71.621 Y96.353 F30000
G1 F12000
G1 X92.379 Y75.596 E.95604
G1 X92.379 Y75.061 F30000
G1 F12000
G1 X71.621 Y95.819 E.95604
G1 X71.621 Y95.284 F30000
G1 F12000
G1 X92.379 Y74.526 E.95604
G1 X92.379 Y73.992 F30000
G1 F12000
G1 X71.621 Y94.749 E.95604
G1 X71.621 Y94.215 F30000
G1 F12000
G1 X92.379 Y73.457 E.95604
G1 X92.379 Y72.923 F30000
G1 F12000
G1 X71.621 Y93.68 E.95604
G1 X71.621 Y93.146 F30000
G1 F12000
G1 X92.379 Y72.388 E.95604
G1 X92.379 Y71.854 F30000
G1 F12000
G1 X71.621 Y92.611 E.95604
G1 X71.621 Y92.077 F30000
G1 F12000
G1 X92.379 Y71.319 E.95604
G1 X92.379 Y70.784 F30000
G1 F12000
G1 X71.621 Y91.542 E.95604
G1 X71.621 Y91.007 F30000
G1 F12000
G1 X92.379 Y70.25 E.95604
G1 X92.379 Y69.715 F30000
G1 F12000
G1 X71.621 Y90.473 E.95604
G1 X71.621 Y89.938 F30000
G1 F12000
G1 X92.379 Y69.181 E.95604
G1 X92.379 Y68.646 F30000
G1 F12000
G1 X71.621 Y89.404 E.95604
G1 X71.621 Y88.869 F30000
G1 F12000
G1 X92.379 Y68.112 E.95604
G1 X92.379 Y67.577 F30000
G1 F12000
G1 X71.621 Y88.334 E.95604
G1 X71.621 Y87.8 F30000
G1 F12000
G1 X92.379 Y67.042 E.95604
G1 X92.379 Y66.508 F30000
G1 F12000
G1 X71.621 Y87.265 E.95604
G1 X71.621 Y86.731 F30000
G1 F12000
G1 X92.379 Y65.973 E.95604
G1 X92.379 Y65.439 F30000
G1 F12000
G1 X71.621 Y86.196 E.95604
G1 X71.621 Y85.662 F30000
G1 F12000
G1 X92.379 Y64.904 E.95604
G1 X92.379 Y64.37 F30000
G1 F12000
G1 X71.621 Y85.127 E.95604
G1 X71.621 Y84.592 F30000
G1 F12000
G1 X92.379 Y63.835 E.95604
G1 X92.379 Y63.3 F30000
G1 F12000
G1 X71.621 Y84.058 E.95604
G1 X71.621 Y83.523 F30000
G1 F12000
G1 X92.379 Y62.766 E.95604
G1 X92.379 Y62.231 F30000
G1 F12000
G1 X71.621 Y82.989 E.95604
G1 X71.621 Y82.454 F30000
G1 F12000
G1 X92.379 Y61.697 E.95604
G1 X92.379 Y61.162 F30000
G1 F12000
G1 X71.621 Y81.92 E.95604
G1 X71.621 Y81.385 F30000
G1 F12000
G1 X92.379 Y60.627 E.95604
G1 X92.379 Y60.093 F30000
G1 F12000
G1 X71.621 Y80.85 E.95604
G1 X71.621 Y80.316 F30000
G1 F12000
G1 X92.379 Y59.558 E.95604
G1 X92.379 Y59.024 F30000
G1 F12000
G1 X71.621 Y79.781 E.95604
G1 X71.621 Y79.247 F30000
G1 F12000
G1 X92.379 Y58.489 E.95604
G1 X92.379 Y57.955 F30000
G1 F12000
G1 X71.621 Y78.712 E.95604
G1 X71.621 Y78.178 F30000
G1 F12000
G1 X92.379 Y57.42 E.95604
G1 X92.379 Y56.885 F30000
G1 F12000
G1 X71.621 Y77.643 E.95604
G1 X71.621 Y77.108 F30000
G1 F12000
G1 X92.379 Y56.351 E.95604
G1 X92.379 Y55.816 F30000
G1 F12000
G1 X71.621 Y76.574 E.95604
G1 X71.621 Y76.039 F30000
G1 F12000
G1 X92.379 Y55.282 E.95604
G1 X92.379 Y54.747 F30000
G1 F12000
G1 X71.621 Y75.505 E.95604
G1 X71.621 Y74.97 F30000
G1 F12000
G1 X92.379 Y54.213 E.95604
G1 X92.379 Y53.678 F30000
G1 F12000
G1 X71.621 Y74.436 E.95604
G1 X71.621 Y73.901 F30000
G1 F12000
G1 X92.379 Y53.143 E.95604
G1 X92.379 Y52.609 F30000
G1 F12000
G1 X71.621 Y73.366 E.95604
G1 X71.621 Y72.832 F30000
G1 F12000
G1 X92.379 Y52.074 E.95604
G1 X92.379 Y51.54 F30000
G1 F12000
G1 X71.621 Y72.297 E.95604
G1 X71.621 Y71.763 F30000
G1 F12000
G1 X92.379 Y51.005 E.95604
G1 X92.379 Y50.471 F30000
G1 F12000
G1 X71.621 Y71.228 E.95604
G1 X71.621 Y70.693 F30000
G1 F12000
G1 X92.379 Y49.936 E.95604
G1 X92.379 Y49.401 F30000
G1 F12000
G1 X71.621 Y70.159 E.95604
G1 X71.621 Y69.624 F30000
G1 F12000
G1 X92.379 Y48.867 E.95604
G1 X92.379 Y48.332 F30000
G1 F12000
G1 X71.621 Y69.09 E.95604
G1 X71.621 Y68.555 F30000
G1 F12000
G1 X92.379 Y47.798 E.95604
G1 X92.379 Y47.263 F30000
G1 F12000
G1 X71.621 Y68.021 E.95604
G1 X71.621 Y67.486 F30000
G1 F12000
G1 X92.379 Y46.728 E.95604
G1 X92.379 Y46.194 F30000
G1 F12000
G1 X71.621 Y66.951 E.95604
G1 X71.621 Y66.417 F30000
G1 F12000
G1 X92.379 Y45.659 E.95604
G1 X92.379 Y45.125 F30000
G1 F12000
G1 X71.621 Y65.882 E.95604
G1 X71.621 Y65.348 F30000
G1 F12000
G1 X92.379 Y44.59 E.95604
G1 X92.379 Y44.056 F30000
G1 F12000
G1 X71.621 Y64.813 E.95604
G1 X71.621 Y64.279 F30000
G1 F12000
G1 X92.379 Y43.521 E.95604
G1 X92.379 Y42.986 F30000
G1 F12000
G1 X71.621 Y63.744 E.95604
G1 X71.621 Y63.209 F30000
G1 F12000
G1 X92.379 Y42.452 E.95604
G1 X92.379 Y41.917 F30000
G1 F12000
G1 X71.621 Y62.675 E.95604
G1 X71.621 Y62.14 F30000
G1 F12000
G1 X92.379 Y41.383 E.95604
G1 X92.379 Y40.848 F30000
G1 F12000
G1 X71.621 Y61.606 E.95604
G1 X71.621 Y61.071 F30000
G1 F12000
G1 X92.379 Y40.314 E.95604
G1 X92.379 Y39.779 F30000
G1 F12000
G1 X71.621 Y60.537 E.95604
G1 X71.621 Y60.002 F30000
G1 F12000
G1 X92.379 Y39.244 E.95604
G1 X92.379 Y38.71 F30000
G1 F12000
G1 X71.621 Y59.467 E.95604
G1 X71.621 Y58.933 F30000
G1 F12000
G1 X92.379 Y38.175 E.95604
G1 X92.379 Y37.641 F30000
G1 F12000
G1 X71.621 Y58.398 E.95604
G1 X71.621 Y57.864 F30000
G1 F12000
G1 X92.379 Y37.106 E.95604
G1 X92.379 Y36.572 F30000
G1 F12000
G1 X71.621 Y57.329 E.95604
G1 X71.621 Y56.794 F30000
G1 F12000
G1 X92.379 Y36.037 E.95604
G1 X92.379 Y35.502 F30000
G1 F12000
G1 X71.621 Y56.26 E.95604
G1 X71.621 Y55.725 F30000
G1 F12000
G1 X92.379 Y34.968 E.95604
G1 X92.379 Y34.433 F30000
G1 F12000
G1 X71.621 Y55.191 E.95604
G1 X71.621 Y54.656 F30000
G1 F12000
G1 X92.379 Y33.899 E.95604
G1 X92.379 Y33.364 F30000
M73 P47 R33
G1 F12000
G1 X71.621 Y54.122 E.95604
G1 X71.621 Y53.587 F30000
G1 F12000
G1 X92.379 Y32.829 E.95604
G1 X92.379 Y32.295 F30000
G1 F12000
G1 X71.621 Y53.052 E.95604
G1 X71.621 Y52.518 F30000
G1 F12000
G1 X92.379 Y31.76 E.95604
G1 X92.379 Y31.226 F30000
G1 F12000
G1 X71.621 Y51.983 E.95604
G1 X71.621 Y51.449 F30000
G1 F12000
G1 X92.379 Y30.691 E.95604
G1 X92.379 Y30.157 F30000
G1 F12000
G1 X71.621 Y50.914 E.95604
G1 X71.621 Y50.38 F30000
G1 F12000
G1 X92.379 Y29.622 E.95604
G1 X92.379 Y29.087 F30000
G1 F12000
G1 X71.621 Y49.845 E.95604
G1 X71.621 Y49.31 F30000
G1 F12000
G1 X92.379 Y28.553 E.95604
G1 X92.379 Y28.018 F30000
G1 F12000
G1 X71.621 Y48.776 E.95604
G1 X71.621 Y48.241 F30000
G1 F12000
G1 X92.379 Y27.484 E.95604
G1 X92.379 Y26.949 F30000
G1 F12000
G1 X71.621 Y47.707 E.95604
G1 X71.621 Y47.172 F30000
G1 F12000
G1 X92.379 Y26.415 E.95604
G1 X92.379 Y25.88 F30000
G1 F12000
G1 X71.621 Y46.638 E.95604
G1 X71.621 Y46.103 F30000
G1 F12000
G1 X92.379 Y25.345 E.95604
G1 X92.379 Y24.811 F30000
G1 F12000
G1 X71.621 Y45.568 E.95604
G1 X71.621 Y45.034 F30000
G1 F12000
G1 X92.379 Y24.276 E.95604
G1 X92.379 Y23.742 F30000
G1 F12000
G1 X71.621 Y44.499 E.95604
G1 X71.621 Y43.965 F30000
G1 F12000
G1 X92.379 Y23.207 E.95604
G1 X92.379 Y22.673 F30000
G1 F12000
G1 X71.621 Y43.43 E.95604
G1 X71.621 Y42.895 F30000
G1 F12000
G1 X92.379 Y22.138 E.95604
G1 X92.379 Y21.603 F30000
G1 F12000
G1 X71.621 Y42.361 E.95604
G1 X71.621 Y41.826 F30000
G1 F12000
G1 X92.379 Y21.069 E.95604
G1 X92.379 Y20.534 F30000
G1 F12000
G1 X71.621 Y41.292 E.95604
G1 X71.621 Y40.757 F30000
G1 F12000
G1 X92.379 Y20 E.95604
G1 X92.379 Y19.465 F30000
G1 F12000
G1 X71.621 Y40.223 E.95604
G1 X71.621 Y39.688 F30000
G1 F12000
G1 X92.379 Y18.93 E.95604
G1 X92.379 Y18.396 F30000
G1 F12000
G1 X71.621 Y39.153 E.95604
G1 X71.621 Y38.619 F30000
G1 F12000
G1 X92.379 Y17.861 E.95604
G1 X92.379 Y17.327 F30000
G1 F12000
G1 X71.621 Y38.084 E.95604
G1 X71.621 Y37.55 F30000
G1 F12000
G1 X92.379 Y16.792 E.95604
G1 X92.379 Y16.258 F30000
G1 F12000
G1 X71.621 Y37.015 E.95604
G1 X71.621 Y36.481 F30000
G1 F12000
G1 X92.379 Y15.723 E.95604
G1 X92.379 Y15.188 F30000
G1 F12000
G1 X71.621 Y35.946 E.95604
G1 X71.621 Y35.411 F30000
G1 F12000
G1 X92.379 Y14.654 E.95604
G1 X92.379 Y14.119 F30000
G1 F12000
G1 X71.469 Y35.029 E.96303
G1 X70.935 Y35.029 F30000
G1 F12000
G1 X92.379 Y13.585 E.98765
G1 X92.379 Y13.05 F30000
G1 F12000
G1 X50.021 Y55.408 E1.95087
G1 X50.021 Y54.873 F30000
G1 F12000
G1 X92.379 Y12.516 E1.95087
G1 X92.379 Y11.981 F30000
G1 F12000
G1 X50.021 Y54.338 E1.95087
G1 X50.021 Y53.804 F30000
G1 F12000
G1 X92.379 Y11.446 E1.95087
G1 X92.379 Y10.912 F30000
G1 F12000
G1 X50.021 Y53.269 E1.95087
G1 X50.021 Y52.735 F30000
G1 F12000
G1 X92.379 Y10.377 E1.95087
G1 X92.379 Y9.843 F30000
G1 F12000
G1 X50.021 Y52.2 E1.95087
G1 X50.021 Y51.666 F30000
G1 F12000
G1 X92.366 Y9.321 E1.95027
G1 X91.831 Y9.321 F30000
G1 F12000
G1 X50.021 Y51.131 E1.92565
G1 X50.021 Y50.596 F30000
G1 F12000
G1 X91.296 Y9.321 E1.90103
G1 X90.762 Y9.321 F30000
G1 F12000
G1 X50.021 Y50.062 E1.8764
G1 X50.021 Y49.527 F30000
G1 F12000
G1 X90.227 Y9.321 E1.85178
G1 X89.693 Y9.321 F30000
G1 F12000
G1 X50.021 Y48.993 E1.82716
G1 X50.021 Y48.458 F30000
G1 F12000
G1 X89.158 Y9.321 E1.80254
G1 X88.624 Y9.321 F30000
G1 F12000
G1 X50.021 Y47.924 E1.77792
G1 X50.021 Y47.389 F30000
G1 F12000
G1 X88.089 Y9.321 E1.7533
G1 X87.554 Y9.321 F30000
G1 F12000
G1 X50.021 Y46.854 E1.72868
G1 X50.021 Y46.32 F30000
G1 F12000
G1 X87.02 Y9.321 E1.70406
G1 X86.485 Y9.321 F30000
G1 F12000
G1 X50.021 Y45.785 E1.67944
G1 X50.021 Y45.251 F30000
M73 P47 R32
G1 F12000
G1 X85.951 Y9.321 E1.65481
G1 X85.416 Y9.321 F30000
G1 F12000
G1 X50.021 Y44.716 E1.63019
G1 X50.021 Y44.182 F30000
G1 F12000
G1 X84.882 Y9.321 E1.60557
G1 X84.347 Y9.321 F30000
G1 F12000
G1 X50.021 Y43.647 E1.58095
G1 X50.021 Y43.112 F30000
G1 F12000
G1 X83.812 Y9.321 E1.55633
G1 X83.278 Y9.321 F30000
G1 F12000
G1 X50.021 Y42.578 E1.53171
G1 X50.021 Y42.043 F30000
G1 F12000
G1 X82.743 Y9.321 E1.50709
G1 X82.209 Y9.321 F30000
G1 F12000
G1 X50.021 Y41.509 E1.48247
G1 X50.021 Y40.974 F30000
G1 F12000
G1 X81.674 Y9.321 E1.45784
G1 X81.14 Y9.321 F30000
G1 F12000
G1 X50.021 Y40.439 E1.43322
G1 X50.021 Y39.905 F30000
G1 F12000
G1 X80.605 Y9.321 E1.4086
G1 X80.07 Y9.321 F30000
G1 F12000
G1 X50.021 Y39.37 E1.38398
G1 X50.021 Y38.836 F30000
G1 F12000
G1 X79.536 Y9.321 E1.35936
G1 X79.001 Y9.321 F30000
G1 F12000
G1 X50.021 Y38.301 E1.33474
G1 X50.021 Y37.767 F30000
G1 F12000
G1 X78.467 Y9.321 E1.31012
G1 X77.932 Y9.321 F30000
G1 F12000
G1 X50.021 Y37.232 E1.2855
G1 X50.021 Y36.697 F30000
G1 F12000
G1 X77.397 Y9.321 E1.26088
G1 X76.863 Y9.321 F30000
G1 F12000
G1 X50.021 Y36.163 E1.23625
G1 X50.021 Y35.628 F30000
G1 F12000
G1 X76.328 Y9.321 E1.21163
G1 X75.794 Y9.321 F30000
G1 F12000
G1 X50.021 Y35.094 E1.18701
G1 X49.552 Y35.029 F30000
G1 F12000
G1 X75.259 Y9.321 E1.18402
G1 X74.725 Y9.321 F30000
G1 F12000
G1 X28.421 Y55.625 E2.13261
G1 X28.421 Y55.09 F30000
G1 F12000
G1 X74.19 Y9.321 E2.10799
G1 X73.655 Y9.321 F30000
G1 F12000
G1 X28.421 Y54.555 E2.08336
G1 X28.421 Y54.021 F30000
G1 F12000
G1 X73.121 Y9.321 E2.05874
G1 X72.586 Y9.321 F30000
G1 F12000
G1 X28.421 Y53.486 E2.03412
G1 X28.421 Y52.952 F30000
G1 F12000
G1 X72.052 Y9.321 E2.0095
G1 X71.517 Y9.321 F30000
G1 F12000
G1 X28.421 Y52.417 E1.98488
G1 X28.421 Y51.883 F30000
G1 F12000
G1 X70.983 Y9.321 E1.96026
G1 X70.448 Y9.321 F30000
G1 F12000
G1 X28.421 Y51.348 E1.93564
G1 X28.421 Y50.813 F30000
G1 F12000
G1 X69.913 Y9.321 E1.91102
G1 X69.379 Y9.321 F30000
G1 F12000
G1 X28.421 Y50.279 E1.8864
G1 X28.421 Y49.744 F30000
G1 F12000
G1 X68.844 Y9.321 E1.86177
G1 X68.31 Y9.321 F30000
G1 F12000
G1 X28.421 Y49.21 E1.83715
G1 X28.421 Y48.675 F30000
G1 F12000
G1 X67.775 Y9.321 E1.81253
G1 X67.241 Y9.321 F30000
G1 F12000
G1 X28.421 Y48.14 E1.78791
G1 X28.421 Y47.606 F30000
G1 F12000
G1 X66.706 Y9.321 E1.76329
G1 X66.171 Y9.321 F30000
G1 F12000
G1 X28.421 Y47.071 E1.73867
G1 X28.421 Y46.537 F30000
G1 F12000
G1 X65.637 Y9.321 E1.71405
G1 X65.102 Y9.321 F30000
G1 F12000
G1 X28.421 Y46.002 E1.68943
G1 X28.421 Y45.468 F30000
G1 F12000
G1 X64.568 Y9.321 E1.6648
G1 X64.033 Y9.321 F30000
G1 F12000
G1 X28.421 Y44.933 E1.64018
G1 X28.421 Y44.398 F30000
G1 F12000
G1 X63.498 Y9.321 E1.61556
G1 X62.964 Y9.321 F30000
G1 F12000
G1 X28.421 Y43.864 E1.59094
G1 X28.421 Y43.329 F30000
G1 F12000
G1 X62.429 Y9.321 E1.56632
G1 X61.895 Y9.321 F30000
G1 F12000
G1 X28.421 Y42.795 E1.5417
G1 X28.421 Y42.26 F30000
G1 F12000
G1 X61.36 Y9.321 E1.51708
G1 X60.826 Y9.321 F30000
G1 F12000
G1 X28.421 Y41.726 E1.49246
G1 X28.421 Y41.191 F30000
G1 F12000
G1 X60.291 Y9.321 E1.46784
G1 X59.756 Y9.321 F30000
G1 F12000
G1 X28.421 Y40.656 E1.44321
G1 X28.421 Y40.122 F30000
G1 F12000
G1 X59.222 Y9.321 E1.41859
G1 X58.687 Y9.321 F30000
G1 F12000
G1 X28.421 Y39.587 E1.39397
G1 X28.421 Y39.053 F30000
G1 F12000
G1 X58.153 Y9.321 E1.36935
G1 X57.618 Y9.321 F30000
G1 F12000
G1 X28.421 Y38.518 E1.34473
G1 X28.421 Y37.984 F30000
M73 P48 R32
G1 F12000
G1 X57.084 Y9.321 E1.32011
G1 X56.549 Y9.321 F30000
G1 F12000
G1 X28.421 Y37.449 E1.29549
G1 X28.421 Y36.914 F30000
G1 F12000
G1 X56.014 Y9.321 E1.27087
G1 X55.48 Y9.321 F30000
G1 F12000
G1 X28.421 Y36.38 E1.24624
G1 X28.521 Y35.745 F30000
G1 F12000
G1 X54.945 Y9.321 E1.21702
G1 X54.411 Y9.321 F30000
G1 F12000
G1 X28.521 Y35.211 E1.1924
G1 X28.521 Y34.676 F30000
G1 F12000
G1 X53.876 Y9.321 E1.16778
G1 X53.342 Y9.321 F30000
G1 F12000
G1 X28.521 Y34.141 E1.14315
G1 X28.521 Y33.607 F30000
G1 F12000
G1 X52.807 Y9.321 E1.11853
G1 X52.272 Y9.321 F30000
G1 F12000
G1 X28.521 Y33.072 E1.09391
G1 X28.521 Y32.538 F30000
G1 F12000
G1 X51.738 Y9.321 E1.06929
G1 X51.203 Y9.321 F30000
G1 F12000
G1 X28.521 Y32.003 E1.04467
G1 X28.521 Y31.469 F30000
G1 F12000
G1 X50.669 Y9.321 E1.02005
G1 X50.134 Y9.321 F30000
G1 F12000
G1 X28.521 Y30.934 E.99543
G1 X28.521 Y30.399 F30000
G1 F12000
G1 X49.599 Y9.321 E.97081
G1 X49.065 Y9.321 F30000
G1 F12000
G1 X28.521 Y29.865 E.94618
G1 X28.521 Y29.33 F30000
G1 F12000
G1 X48.53 Y9.321 E.92156
G1 X47.996 Y9.321 F30000
G1 F12000
G1 X28.521 Y28.796 E.89694
G1 X28.521 Y28.261 F30000
G1 F12000
G1 X47.461 Y9.321 E.87232
G1 X46.927 Y9.321 F30000
G1 F12000
G1 X28.521 Y27.727 E.8477
G1 X28.521 Y27.192 F30000
G1 F12000
G1 X46.392 Y9.321 E.82308
G1 X45.857 Y9.321 F30000
G1 F12000
G1 X28.521 Y26.657 E.79846
G1 X28.521 Y26.123 F30000
G1 F12000
G1 X45.323 Y9.321 E.77384
G1 X44.788 Y9.321 F30000
G1 F12000
G1 X28.521 Y25.588 E.74922
G1 X28.521 Y25.054 F30000
G1 F12000
G1 X44.254 Y9.321 E.72459
G1 X43.719 Y9.321 F30000
G1 F12000
G1 X28.521 Y24.519 E.69997
G1 X28.521 Y23.985 F30000
G1 F12000
G1 X43.185 Y9.321 E.67535
G1 X42.65 Y9.321 F30000
G1 F12000
G1 X28.521 Y23.45 E.65073
G1 X28.521 Y22.915 F30000
G1 F12000
G1 X42.115 Y9.321 E.62611
G1 X41.581 Y9.321 F30000
G1 F12000
G1 X28.521 Y22.381 E.60149
G1 X28.521 Y21.846 F30000
G1 F12000
G1 X41.046 Y9.321 E.57687
G1 X40.512 Y9.321 F30000
G1 F12000
G1 X28.521 Y21.312 E.55225
G1 X28.521 Y20.777 F30000
G1 F12000
G1 X39.977 Y9.321 E.52762
G1 X39.442 Y9.321 F30000
G1 F12000
G1 X28.521 Y20.242 E.503
G1 X28.521 Y19.708 F30000
G1 F12000
G1 X38.908 Y9.321 E.47838
G1 X38.373 Y9.321 F30000
G1 F12000
G1 X28.521 Y19.173 E.45376
G1 X28.521 Y18.639 F30000
G1 F12000
G1 X37.839 Y9.321 E.42914
G1 X37.304 Y9.321 F30000
G1 F12000
G1 X28.521 Y18.104 E.40452
G1 X28.521 Y17.57 F30000
G1 F12000
G1 X36.77 Y9.321 E.3799
G1 X36.235 Y9.321 F30000
G1 F12000
G1 X28.521 Y17.035 E.35528
G1 X28.521 Y16.5 F30000
G1 F12000
G1 X35.7 Y9.321 E.33066
G1 X35.166 Y9.321 F30000
G1 F12000
G1 X28.521 Y15.966 E.30603
G1 X28.521 Y15.431 F30000
G1 F12000
G1 X34.631 Y9.321 E.28141
G1 X34.097 Y9.321 F30000
G1 F12000
G1 X28.521 Y14.897 E.25679
G1 X28.521 Y14.362 F30000
G1 F12000
G1 X33.562 Y9.321 E.23217
G1 X33.028 Y9.321 F30000
G1 F12000
G1 X28.521 Y13.828 E.20755
G1 X28.521 Y13.293 F30000
G1 F12000
G1 X32.493 Y9.321 E.18293
G1 X31.958 Y9.321 F30000
G1 F12000
G1 X28.521 Y12.758 E.15831
G1 X28.521 Y12.224 F30000
G1 F12000
G1 X31.424 Y9.321 E.13369
G1 X30.889 Y9.321 F30000
G1 F12000
G1 X28.521 Y11.689 E.10906
G1 X28.521 Y11.155 F30000
G1 F12000
G1 X30.355 Y9.321 E.08444
G1 X29.82 Y9.321 F30000
G1 F12000
G1 X28.521 Y10.62 E.05982
G1 X28.521 Y10.086 F30000
G1 F12000
G1 X29.286 Y9.321 E.0352
M106 S137
;LAYER_CHANGE
;Z:1
;HEIGHT:0.2
;BEFORE_LAYER_CHANGE
;1
G92 E0

G1 E-.73515 F1800
;WIPE_START
G1 F30000
G1 X28.521 Y10.086 E-.06485
;WIPE_END
M73 L5
;LAYER:5
SET_PRINT_STATS_INFO TOTAL_LAYER=80 CURRENT_LAYER=5
;_SET_FAN_SPEED_CHANGING_LAYER

G1 X29.3758 Y10.706 Z1.05714
G1 X29.4235 Y11.761 Z1.11429
G1 X28.6284 Y12.456 Z1.17143
G1 X27.5893 Y12.2678 Z1.22857
G1 X27.0886 Y11.338 Z1.28571
G1 X27.5033 Y10.3668 Z1.34286
G1 X28.5212 Y10.0855 Z1.4
G1 X171.79 Y36.04 Z1.4
G1 Z1
G1 E.8 F1800
SET_VELOCITY_LIMIT ACCEL=5000
;TYPE:Outer wall
;WIDTH:0.42
G1 F3600
G1 X171.79 Y134.46 E2.93345
G1 X192.21 Y134.46 E.60863
G1 X192.21 Y36.04 E2.93345
G1 X171.83 Y36.04 E.60743
G1 E-.728 F1800
;WIPE_START
G1 F30000
G1 X171.83 Y37.24 E-.072
;WIPE_END
G1 X171.298 Y34.86 Z1.4
G1 Z1
G1 E.8 F1800
SET_VELOCITY_LIMIT ACCEL=10000
;TYPE:Inner wall
;WIDTH:0.45
G1 F6000
G1 X171.298 Y35.252 E.01262
G1 X192.598 Y35.252 E.68536
G1 X192.598 Y35.648 E.01274
G1 X171.398 Y35.648 E.68215
G1 X171.398 Y134.852 E3.19206
G1 X192.598 Y134.852 E.68215
G1 X192.598 Y135.648 E.02561
G1 X106.602 Y135.648 E2.76706
G1 X106.602 Y134.852 E.02561
G1 X127.802 Y134.852 E.68215
G1 X127.802 Y35.252 E3.2048
G1 X128.198 Y35.252 E.01274
G1 X128.198 Y134.852 E3.2048
G1 X149.402 Y134.852 E.68228
G1 X149.402 Y35.252 E3.2048
G1 X149.798 Y35.252 E.01274
G1 X149.798 Y134.852 E3.2048
G1 X171.002 Y134.852 E.68228
G1 X171.002 Y35.648 E3.19206
G1 X170.902 Y35.648 E.00322
G1 X170.902 Y9.102 E.85416
G1 X171.298 Y9.102 E.01274
G1 X171.298 Y34.82 E.82752
G1 E-.728 F1800
;WIPE_START
G1 F30000
G1 X171.298 Y35.252 E-.02592
G1 X172.066 Y35.252 E-.04608
;WIPE_END
G1 X170.51 Y29.91 Z1.4
G1 Z1
G1 E.8 F1800
SET_VELOCITY_LIMIT ACCEL=5000
;TYPE:Outer wall
;WIDTH:0.42
G1 F3600
G1 X170.51 Y9.49 E.60863
G1 X150.09 Y9.49 E.60863
G1 X150.09 Y29.91 E.60863
G1 X170.47 Y29.91 E.60743
G1 X170.51 Y30.29 F30000
G1 F3600
G1 X149.71 Y30.29 E.61995
G1 X149.71 Y9.49 E.61995
G1 X106.99 Y9.49 E1.27329
G1 X106.99 Y134.46 E3.72478
G1 X127.41 Y134.46 E.60863
G1 X127.41 Y34.86 E2.96862
G1 X128.59 Y34.86 E.03517
G1 X128.59 Y134.46 E2.96862
G1 X149.01 Y134.46 E.60863
G1 X149.01 Y34.86 E2.96862
G1 X150.19 Y34.86 E.03517
G1 X150.19 Y134.46 E2.96862
G1 X170.61 Y134.46 E.60863
M73 P49 R32
G1 X170.61 Y36.04 E2.93345
G1 X170.51 Y36.04 E.00298
G1 X170.51 Y30.33 E.17019
G1 E-.728 F1800
M73 P49 R31
;WIPE_START
G1 F30000
G1 X169.31 Y30.328 E-.072
;WIPE_END
G1 X171.69 Y34.86 Z1.4
G1 Z1
G1 E.8 F1800
G1 F3600
G1 X192.21 Y34.86 E.61161
G1 X192.21 Y23.56 E.3368
G1 X192.99 Y23.56 E.02325
G1 X192.99 Y136.04 E3.35251
G1 X106.21 Y136.04 E2.58651
G1 X106.21 Y8.71 E3.79512
G1 X171.69 Y8.71 E1.95166
G1 X171.69 Y34.82 E.77822
G1 E-.728 F1800
;WIPE_START
G1 F30000
G1 X172.89 Y34.822 E-.072
;WIPE_END
G1 X180.522 Y34.913 Z1.4
G1 X192.6 Y35.056 Z1.4
G1 Z1
G1 E.8 F1800
SET_VELOCITY_LIMIT ACCEL=10000
;TYPE:Gap infill
;WIDTH:0.430842
G1 F15000
G1 X192.6 Y23.756 E.34648
G1 E-.728 F1800
;WIPE_START
G1 F30000
G1 X192.6 Y24.956 E-.072
;WIPE_END
G1 X192.6 Y32.588 Z1.4
G1 X192.6 Y35.844 Z1.4
G1 Z1
G1 E.8 F1800
G1 F15000
G1 X192.6 Y134.656 E3.02982
G1 X192.394 Y135.25 F30000
;WIDTH:0.431684
G1 F15000
G1 X106.806 Y135.25 E2.63005
G1 X106.6 Y134.656 F30000
;WIDTH:0.430846
G1 F15000
G1 X106.6 Y9.294 E3.84394
;WIDTH:0.46967
G1 X106.633 Y9.133 E.00554
G1 X106.714 Y9.117 E.00277
;WIDTH:0.447482
G1 X106.794 Y9.1 E.00262
;WIDTH:0.430842
G1 X170.706 Y9.1 E1.9597
G1 E-.728 F1800
;WIPE_START
G1 F30000
G1 X169.506 Y9.1 E-.072
;WIPE_END
G1 X161.955 Y10.212 Z1.4
G1 X28.298 Y29.898 Z1.4
G1 Z1
G1 E.8 F1800
;TYPE:Inner wall
;WIDTH:0.45
G1 F6000
G1 X28.298 Y35.648 E.18502
G1 X28.198 Y35.648 E.00322
G1 X28.198 Y134.852 E3.19206
G1 X49.402 Y134.852 E.68228
G1 X49.402 Y35.252 E3.2048
G1 X49.798 Y35.252 E.01274
G1 X49.798 Y134.852 E3.2048
G1 X71.002 Y134.852 E.68228
G1 X71.002 Y35.252 E3.2048
G1 X71.398 Y35.252 E.01274
G1 X71.398 Y134.852 E3.2048
G1 X92.598 Y134.852 E.68215
G1 X92.598 Y135.648 E.02561
G1 X6.602 Y135.648 E2.76706
G1 X6.602 Y134.852 E.02561
G1 X27.802 Y134.852 E.68215
G1 X27.802 Y35.648 E3.19206
G1 X6.602 Y35.648 E.68215
G1 X6.602 Y35.252 E.01274
G1 X27.902 Y35.252 E.68536
G1 X27.902 Y9.102 E.84142
G1 X28.298 Y9.102 E.01274
G1 X28.298 Y29.858 E.66785
G1 E-.728 F1800
;WIPE_START
G1 F30000
G1 X28.298 Y31.058 E-.072
;WIPE_END
G1 X27.41 Y36.04 Z1.4
G1 Z1
G1 E.8 F1800
SET_VELOCITY_LIMIT ACCEL=5000
;TYPE:Outer wall
;WIDTH:0.42
G1 F3600
G1 X6.99 Y36.04 E.60863
G1 X6.99 Y134.46 E2.93345
G1 X27.41 Y134.46 E.60863
G1 X27.41 Y36.08 E2.93225
G1 E-.728 F1800
;WIPE_START
G1 F30000
G1 X26.21 Y36.078 E-.072
;WIPE_END
G1 X28.69 Y29.91 Z1.4
G1 Z1
G1 E.8 F1800
G1 F3600
G1 X49.11 Y29.91 E.60863
G1 X49.11 Y9.49 E.60863
G1 X28.69 Y9.49 E.60863
G1 X28.69 Y29.87 E.60743
G1 X28.69 Y30.29 F30000
G1 F3600
G1 X28.69 Y36.04 E.17138
G1 X28.59 Y36.04 E.00298
G1 X28.59 Y134.46 E2.93345
G1 X49.01 Y134.46 E.60863
G1 X49.01 Y34.86 E2.96862
G1 X50.19 Y34.86 E.03517
G1 X50.19 Y134.46 E2.96862
G1 X70.61 Y134.46 E.60863
G1 X70.61 Y34.86 E2.96862
G1 X71.79 Y34.86 E.03517
G1 X71.79 Y134.46 E2.96862
G1 X92.21 Y134.46 E.60863
G1 X92.21 Y9.49 E3.72478
G1 X49.49 Y9.49 E1.27329
M73 P50 R31
G1 X49.49 Y30.29 E.61995
G1 X28.73 Y30.29 E.61876
G1 E-.728 F1800
;WIPE_START
G1 F30000
G1 X28.722 Y31.49 E-.072
;WIPE_END
G1 X27.51 Y34.86 Z1.4
G1 Z1
G1 E.8 F1800
G1 F3600
G1 X27.51 Y8.71 E.77941
G1 X92.99 Y8.71 E1.95166
G1 X92.99 Y136.04 E3.79512
G1 X6.21 Y136.04 E2.58651
G1 X6.21 Y23.56 E3.35251
G1 X6.99 Y23.56 E.02325
G1 X6.99 Y34.86 E.3368
G1 X27.47 Y34.86 E.61041
G1 E-.728 F1800
;WIPE_START
G1 F30000
G1 X27.472 Y33.66 E-.072
;WIPE_END
G1 X19.856 Y34.169 Z1.4
G1 X6.6 Y35.056 Z1.4
G1 Z1
G1 E.8 F1800
SET_VELOCITY_LIMIT ACCEL=10000
;TYPE:Gap infill
;WIDTH:0.430846
G1 F15000
G1 X6.6 Y23.756 E.34649
G1 E-.728 F1800
;WIPE_START
G1 F30000
G1 X6.6 Y24.956 E-.072
;WIPE_END
G1 X6.6 Y32.588 Z1.4
G1 X6.6 Y35.844 Z1.4
G1 Z1
G1 E.8 F1800
G1 F15000
G1 X6.6 Y134.656 E3.02985
G1 X6.806 Y135.25 F30000
;WIDTH:0.431684
G1 F15000
G1 X92.394 Y135.25 E2.63005
G1 X92.6 Y134.656 F30000
;WIDTH:0.430842
G1 F15000
G1 X92.6 Y9.294 E3.8439
;WIDTH:0.447481
G1 X92.583 Y9.214 E.00262
;WIDTH:0.469667
G1 X92.567 Y9.133 E.00277
G1 X92.406 Y9.1 E.00554
;WIDTH:0.430842
G1 X28.494 Y9.1 E1.9597
;LAYER_CHANGE
;Z:1.2
;HEIGHT:0.2
;BEFORE_LAYER_CHANGE
;1.2
G92 E0

G1 E-.728 F1800
;WIPE_START
G1 F30000
G1 X29.694 Y9.1 E-.072
;WIPE_END
M73 L6
;LAYER:6
SET_PRINT_STATS_INFO TOTAL_LAYER=80 CURRENT_LAYER=6
;_SET_FAN_SPEED_CHANGING_LAYER

G1 X30.5434 Y9.72741 Z1.25714
G1 X30.5825 Y10.7827 Z1.31429
G1 X29.7818 Y11.4713 Z1.37143
G1 X28.7443 Y11.2746 Z1.42857
G1 X28.2512 Y10.3407 Z1.48571
G1 X28.6738 Y9.37295 Z1.54286
G1 X29.694 Y9.1 Z1.6
G1 X171.79 Y36.04 Z1.6
G1 Z1.2
G1 E.8 F1800
SET_VELOCITY_LIMIT ACCEL=5000
;TYPE:Outer wall
;WIDTH:0.42
G1 F3600
G1 X171.79 Y134.46 E2.93345
G1 X192.21 Y134.46 E.60863
G1 X192.21 Y36.04 E2.93345
G1 X171.83 Y36.04 E.60743
G1 E-.728 F1800
;WIPE_START
G1 F30000
G1 X171.83 Y37.24 E-.072
;WIPE_END
G1 X171.69 Y35.252 Z1.6
G1 Z1.2
G1 E.8 F1800
SET_VELOCITY_LIMIT ACCEL=10000
;TYPE:Inner wall
;WIDTH:0.45
G1 F6000
G1 X192.598 Y35.252 E.67275
G1 X192.598 Y35.648 E.01274
G1 X171.398 Y35.648 E.68215
G1 X171.398 Y134.852 E3.19206
G1 X192.598 Y134.852 E.68215
G1 X192.598 Y135.648 E.02561
G1 X106.602 Y135.648 E2.76706
G1 X106.602 Y134.852 E.02561
G1 X127.802 Y134.852 E.68215
G1 X127.802 Y35.252 E3.2048
G1 X128.198 Y35.252 E.01274
G1 X128.198 Y134.852 E3.2048
G1 X149.402 Y134.852 E.68228
G1 X149.402 Y35.252 E3.2048
G1 X149.798 Y35.252 E.01274
G1 X149.798 Y134.852 E3.2048
G1 X171.002 Y134.852 E.68228
M73 P50 R30
G1 X171.002 Y35.648 E3.19206
G1 X170.902 Y35.648 E.00322
G1 X170.902 Y9.102 E.85416
G1 X171.298 Y9.102 E.01274
G1 X171.298 Y35.252 E.84142
G1 X171.65 Y35.252 E.01133
G1 E-.728 F1800
;WIPE_START
G1 F30000
G1 X172.85 Y35.252 E-.072
;WIPE_END
G1 X170.51 Y29.91 Z1.6
G1 Z1.2
G1 E.8 F1800
SET_VELOCITY_LIMIT ACCEL=5000
;TYPE:Outer wall
;WIDTH:0.42
G1 F3600
G1 X170.51 Y9.49 E.60863
G1 X150.09 Y9.49 E.60863
G1 X150.09 Y29.91 E.60863
G1 X170.47 Y29.91 E.60743
G1 X170.51 Y30.29 F30000
G1 F3600
G1 X149.71 Y30.29 E.61995
G1 X149.71 Y9.49 E.61995
G1 X106.99 Y9.49 E1.27329
G1 X106.99 Y134.46 E3.72478
G1 X127.41 Y134.46 E.60863
G1 X127.41 Y34.86 E2.96862
G1 X128.59 Y34.86 E.03517
G1 X128.59 Y134.46 E2.96862
G1 X149.01 Y134.46 E.60863
G1 X149.01 Y34.86 E2.96862
G1 X150.19 Y34.86 E.03517
G1 X150.19 Y134.46 E2.96862
G1 X170.61 Y134.46 E.60863
M73 P51 R30
G1 X170.61 Y36.04 E2.93345
G1 X170.51 Y36.04 E.00298
G1 X170.51 Y30.33 E.17019
G1 E-.728 F1800
;WIPE_START
G1 F30000
G1 X169.31 Y30.328 E-.072
;WIPE_END
G1 X171.69 Y34.86 Z1.6
G1 Z1.2
G1 E.8 F1800
G1 F3600
G1 X192.21 Y34.86 E.61161
G1 X192.21 Y23.56 E.3368
G1 X192.99 Y23.56 E.02325
G1 X192.99 Y136.04 E3.35251
G1 X106.21 Y136.04 E2.58651
G1 X106.21 Y8.71 E3.79512
G1 X171.69 Y8.71 E1.95166
G1 X171.69 Y34.82 E.77822
G1 E-.728 F1800
;WIPE_START
G1 F30000
G1 X172.89 Y34.822 E-.072
;WIPE_END
G1 X180.522 Y34.913 Z1.6
G1 X192.6 Y35.056 Z1.6
G1 Z1.2
G1 E.8 F1800
SET_VELOCITY_LIMIT ACCEL=10000
;TYPE:Gap infill
;WIDTH:0.430842
G1 F15000
G1 X192.6 Y23.756 E.34648
G1 E-.728 F1800
;WIPE_START
G1 F30000
G1 X192.6 Y24.956 E-.072
;WIPE_END
G1 X192.6 Y32.588 Z1.6
G1 X192.6 Y35.844 Z1.6
G1 Z1.2
G1 E.8 F1800
G1 F15000
G1 X192.6 Y134.656 E3.02982
G1 X192.394 Y135.25 F30000
;WIDTH:0.431684
G1 F15000
G1 X106.806 Y135.25 E2.63005
G1 X106.6 Y134.656 F30000
;WIDTH:0.430846
G1 F15000
G1 X106.6 Y9.294 E3.84394
;WIDTH:0.46967
G1 X106.633 Y9.133 E.00554
G1 X106.714 Y9.117 E.00277
;WIDTH:0.447482
G1 X106.794 Y9.1 E.00262
;WIDTH:0.430842
G1 X170.706 Y9.1 E1.9597
G1 E-.728 F1800
;WIPE_START
G1 F30000
G1 X169.506 Y9.1 E-.072
;WIPE_END
G1 X161.955 Y10.212 Z1.6
G1 X28.298 Y29.898 Z1.6
G1 Z1.2
G1 E.8 F1800
;TYPE:Inner wall
;WIDTH:0.45
G1 F6000
G1 X28.298 Y35.648 E.18502
G1 X28.198 Y35.648 E.00322
G1 X28.198 Y134.852 E3.19206
G1 X49.402 Y134.852 E.68228
G1 X49.402 Y35.252 E3.2048
G1 X49.798 Y35.252 E.01274
G1 X49.798 Y134.852 E3.2048
G1 X71.002 Y134.852 E.68228
G1 X71.002 Y35.252 E3.2048
G1 X71.398 Y35.252 E.01274
G1 X71.398 Y134.852 E3.2048
G1 X92.598 Y134.852 E.68215
G1 X92.598 Y135.648 E.02561
G1 X6.602 Y135.648 E2.76706
G1 X6.602 Y134.852 E.02561
G1 X27.802 Y134.852 E.68215
G1 X27.802 Y35.648 E3.19206
G1 X6.602 Y35.648 E.68215
G1 X6.602 Y35.252 E.01274
G1 X27.902 Y35.252 E.68536
G1 X27.902 Y9.102 E.84142
G1 X28.298 Y9.102 E.01274
G1 X28.298 Y29.858 E.66785
G1 E-.728 F1800
;WIPE_START
G1 F30000
G1 X28.298 Y31.058 E-.072
;WIPE_END
G1 X27.41 Y36.04 Z1.6
G1 Z1.2
G1 E.8 F1800
SET_VELOCITY_LIMIT ACCEL=5000
;TYPE:Outer wall
;WIDTH:0.42
G1 F3600
G1 X6.99 Y36.04 E.60863
G1 X6.99 Y134.46 E2.93345
G1 X27.41 Y134.46 E.60863
G1 X27.41 Y36.08 E2.93225
G1 E-.728 F1800
;WIPE_START
G1 F30000
G1 X26.21 Y36.078 E-.072
;WIPE_END
G1 X28.69 Y29.91 Z1.6
G1 Z1.2
G1 E.8 F1800
G1 F3600
G1 X49.11 Y29.91 E.60863
G1 X49.11 Y9.49 E.60863
G1 X28.69 Y9.49 E.60863
G1 X28.69 Y29.87 E.60743
G1 X28.69 Y30.29 F30000
G1 F3600
G1 X28.69 Y36.04 E.17138
G1 X28.59 Y36.04 E.00298
G1 X28.59 Y134.46 E2.93345
G1 X49.01 Y134.46 E.60863
G1 X49.01 Y34.86 E2.96862
G1 X50.19 Y34.86 E.03517
G1 X50.19 Y134.46 E2.96862
G1 X70.61 Y134.46 E.60863
G1 X70.61 Y34.86 E2.96862
G1 X71.79 Y34.86 E.03517
G1 X71.79 Y134.46 E2.96862
G1 X92.21 Y134.46 E.60863
M73 P52 R30
G1 X92.21 Y9.49 E3.72478
G1 X49.49 Y9.49 E1.27329
G1 X49.49 Y30.29 E.61995
G1 X28.73 Y30.29 E.61876
G1 E-.728 F1800
;WIPE_START
G1 F30000
G1 X28.722 Y31.49 E-.072
;WIPE_END
G1 X27.51 Y34.86 Z1.6
G1 Z1.2
G1 E.8 F1800
G1 F3600
G1 X27.51 Y8.71 E.77941
G1 X92.99 Y8.71 E1.95166
G1 X92.99 Y136.04 E3.79512
G1 X6.21 Y136.04 E2.58651
G1 X6.21 Y23.56 E3.35251
M73 P52 R29
G1 X6.99 Y23.56 E.02325
G1 X6.99 Y34.86 E.3368
G1 X27.47 Y34.86 E.61041
G1 E-.728 F1800
;WIPE_START
G1 F30000
G1 X27.472 Y33.66 E-.072
;WIPE_END
G1 X19.856 Y34.169 Z1.6
G1 X6.6 Y35.056 Z1.6
G1 Z1.2
G1 E.8 F1800
SET_VELOCITY_LIMIT ACCEL=10000
;TYPE:Gap infill
;WIDTH:0.430846
G1 F15000
G1 X6.6 Y23.756 E.34649
G1 E-.728 F1800
;WIPE_START
G1 F30000
G1 X6.6 Y24.956 E-.072
;WIPE_END
G1 X6.6 Y32.588 Z1.6
G1 X6.6 Y35.844 Z1.6
G1 Z1.2
G1 E.8 F1800
G1 F15000
G1 X6.6 Y134.656 E3.02985
G1 X6.806 Y135.25 F30000
;WIDTH:0.431684
G1 F15000
G1 X92.394 Y135.25 E2.63005
G1 X92.6 Y134.656 F30000
;WIDTH:0.430842
G1 F15000
G1 X92.6 Y9.294 E3.8439
;WIDTH:0.447481
G1 X92.583 Y9.214 E.00262
;WIDTH:0.469667
G1 X92.567 Y9.133 E.00277
G1 X92.406 Y9.1 E.00554
;WIDTH:0.430842
G1 X28.494 Y9.1 E1.9597
;LAYER_CHANGE
;Z:1.4
;HEIGHT:0.2
;BEFORE_LAYER_CHANGE
;1.4
G92 E0

G1 E-.728 F1800
;WIPE_START
G1 F30000
G1 X29.694 Y9.1 E-.072
;WIPE_END
M73 L7
;LAYER:7
SET_PRINT_STATS_INFO TOTAL_LAYER=80 CURRENT_LAYER=7
;_SET_FAN_SPEED_CHANGING_LAYER

G1 X30.5434 Y9.72741 Z1.45714
G1 X30.5825 Y10.7827 Z1.51429
G1 X29.7818 Y11.4713 Z1.57143
G1 X28.7443 Y11.2746 Z1.62857
G1 X28.2512 Y10.3407 Z1.68571
G1 X28.6738 Y9.37295 Z1.74286
G1 X29.694 Y9.1 Z1.8
G1 X171.79 Y36.04 Z1.8
G1 Z1.4
G1 E.8 F1800
SET_VELOCITY_LIMIT ACCEL=5000
;TYPE:Outer wall
;WIDTH:0.42
G1 F3600
G1 X171.79 Y134.46 E2.93345
G1 X192.21 Y134.46 E.60863
G1 X192.21 Y36.04 E2.93345
G1 X171.83 Y36.04 E.60743
G1 E-.728 F1800
;WIPE_START
G1 F30000
G1 X171.83 Y37.24 E-.072
;WIPE_END
G1 X171.69 Y35.252 Z1.8
G1 Z1.4
G1 E.8 F1800
SET_VELOCITY_LIMIT ACCEL=10000
;TYPE:Inner wall
;WIDTH:0.45
G1 F6000
G1 X192.598 Y35.252 E.67275
G1 X192.598 Y35.648 E.01274
G1 X171.398 Y35.648 E.68215
G1 X171.398 Y134.852 E3.19206
G1 X192.598 Y134.852 E.68215
G1 X192.598 Y135.648 E.02561
G1 X106.602 Y135.648 E2.76706
G1 X106.602 Y134.852 E.02561
G1 X127.802 Y134.852 E.68215
G1 X127.802 Y35.252 E3.2048
G1 X128.198 Y35.252 E.01274
G1 X128.198 Y134.852 E3.2048
G1 X149.402 Y134.852 E.68228
G1 X149.402 Y35.252 E3.2048
G1 X149.798 Y35.252 E.01274
G1 X149.798 Y134.852 E3.2048
G1 X171.002 Y134.852 E.68228
G1 X171.002 Y35.648 E3.19206
G1 X170.902 Y35.648 E.00322
G1 X170.902 Y9.102 E.85416
G1 X171.298 Y9.102 E.01274
G1 X171.298 Y35.252 E.84142
G1 X171.65 Y35.252 E.01133
G1 E-.728 F1800
;WIPE_START
G1 F30000
G1 X172.85 Y35.252 E-.072
;WIPE_END
G1 X170.51 Y29.91 Z1.8
G1 Z1.4
G1 E.8 F1800
SET_VELOCITY_LIMIT ACCEL=5000
;TYPE:Outer wall
;WIDTH:0.42
G1 F3600
G1 X170.51 Y9.49 E.60863
G1 X150.09 Y9.49 E.60863
G1 X150.09 Y29.91 E.60863
G1 X170.47 Y29.91 E.60743
G1 X170.51 Y30.29 F30000
G1 F3600
G1 X149.71 Y30.29 E.61995
G1 X149.71 Y9.49 E.61995
G1 X106.99 Y9.49 E1.27329
G1 X106.99 Y134.46 E3.72478
G1 X127.41 Y134.46 E.60863
G1 X127.41 Y34.86 E2.96862
G1 X128.59 Y34.86 E.03517
G1 X128.59 Y134.46 E2.96862
G1 X149.01 Y134.46 E.60863
G1 X149.01 Y34.86 E2.96862
G1 X150.19 Y34.86 E.03517
M73 P53 R29
G1 X150.19 Y134.46 E2.96862
G1 X170.61 Y134.46 E.60863
G1 X170.61 Y36.04 E2.93345
G1 X170.51 Y36.04 E.00298
G1 X170.51 Y30.33 E.17019
G1 E-.728 F1800
;WIPE_START
G1 F30000
G1 X169.31 Y30.328 E-.072
;WIPE_END
G1 X171.69 Y34.86 Z1.8
G1 Z1.4
G1 E.8 F1800
G1 F3600
G1 X192.21 Y34.86 E.61161
G1 X192.21 Y23.56 E.3368
G1 X192.99 Y23.56 E.02325
G1 X192.99 Y136.04 E3.35251
G1 X106.21 Y136.04 E2.58651
G1 X106.21 Y8.71 E3.79512
G1 X171.69 Y8.71 E1.95166
G1 X171.69 Y34.82 E.77822
G1 E-.728 F1800
;WIPE_START
G1 F30000
G1 X172.89 Y34.822 E-.072
;WIPE_END
G1 X180.522 Y34.913 Z1.8
G1 X192.6 Y35.056 Z1.8
G1 Z1.4
G1 E.8 F1800
SET_VELOCITY_LIMIT ACCEL=10000
;TYPE:Gap infill
;WIDTH:0.430842
G1 F15000
G1 X192.6 Y23.756 E.34648
G1 E-.728 F1800
;WIPE_START
G1 F30000
G1 X192.6 Y24.956 E-.072
;WIPE_END
G1 X192.6 Y32.588 Z1.8
G1 X192.6 Y35.844 Z1.8
G1 Z1.4
G1 E.8 F1800
G1 F15000
G1 X192.6 Y134.656 E3.02982
G1 X192.394 Y135.25 F30000
;WIDTH:0.431684
G1 F15000
G1 X106.806 Y135.25 E2.63005
G1 X106.6 Y134.656 F30000
;WIDTH:0.430846
G1 F15000
G1 X106.6 Y9.294 E3.84394
;WIDTH:0.46967
G1 X106.633 Y9.133 E.00554
G1 X106.714 Y9.117 E.00277
;WIDTH:0.447482
G1 X106.794 Y9.1 E.00262
;WIDTH:0.430842
G1 X170.706 Y9.1 E1.9597
G1 E-.728 F1800
;WIPE_START
G1 F30000
G1 X169.506 Y9.1 E-.072
;WIPE_END
G1 X161.955 Y10.212 Z1.8
G1 X28.298 Y29.898 Z1.8
G1 Z1.4
G1 E.8 F1800
;TYPE:Inner wall
;WIDTH:0.45
G1 F6000
G1 X28.298 Y35.648 E.18502
G1 X28.198 Y35.648 E.00322
G1 X28.198 Y134.852 E3.19206
G1 X49.402 Y134.852 E.68228
G1 X49.402 Y35.252 E3.2048
G1 X49.798 Y35.252 E.01274
G1 X49.798 Y134.852 E3.2048
G1 X71.002 Y134.852 E.68228
G1 X71.002 Y35.252 E3.2048
G1 X71.398 Y35.252 E.01274
G1 X71.398 Y134.852 E3.2048
G1 X92.598 Y134.852 E.68215
G1 X92.598 Y135.648 E.02561
G1 X6.602 Y135.648 E2.76706
G1 X6.602 Y134.852 E.02561
G1 X27.802 Y134.852 E.68215
G1 X27.802 Y35.648 E3.19206
G1 X6.602 Y35.648 E.68215
G1 X6.602 Y35.252 E.01274
G1 X27.902 Y35.252 E.68536
G1 X27.902 Y9.102 E.84142
G1 X28.298 Y9.102 E.01274
G1 X28.298 Y29.858 E.66785
G1 E-.728 F1800
;WIPE_START
G1 F30000
G1 X28.298 Y31.058 E-.072
;WIPE_END
G1 X27.41 Y36.04 Z1.8
G1 Z1.4
G1 E.8 F1800
SET_VELOCITY_LIMIT ACCEL=5000
;TYPE:Outer wall
;WIDTH:0.42
G1 F3600
G1 X6.99 Y36.04 E.60863
G1 X6.99 Y134.46 E2.93345
G1 X27.41 Y134.46 E.60863
G1 X27.41 Y36.08 E2.93225
G1 E-.728 F1800
;WIPE_START
G1 F30000
G1 X26.21 Y36.078 E-.072
;WIPE_END
G1 X28.69 Y29.91 Z1.8
G1 Z1.4
G1 E.8 F1800
G1 F3600
G1 X49.11 Y29.91 E.60863
G1 X49.11 Y9.49 E.60863
G1 X28.69 Y9.49 E.60863
G1 X28.69 Y29.87 E.60743
G1 X28.69 Y30.29 F30000
G1 F3600
G1 X28.69 Y36.04 E.17138
G1 X28.59 Y36.04 E.00298
G1 X28.59 Y134.46 E2.93345
G1 X49.01 Y134.46 E.60863
M73 P53 R28
G1 X49.01 Y34.86 E2.96862
G1 X50.19 Y34.86 E.03517
G1 X50.19 Y134.46 E2.96862
G1 X70.61 Y134.46 E.60863
G1 X70.61 Y34.86 E2.96862
G1 X71.79 Y34.86 E.03517
G1 X71.79 Y134.46 E2.96862
G1 X92.21 Y134.46 E.60863
M73 P54 R28
G1 X92.21 Y9.49 E3.72478
G1 X49.49 Y9.49 E1.27329
G1 X49.49 Y30.29 E.61995
G1 X28.73 Y30.29 E.61876
G1 E-.728 F1800
;WIPE_START
G1 F30000
G1 X28.722 Y31.49 E-.072
;WIPE_END
G1 X27.51 Y34.86 Z1.8
G1 Z1.4
G1 E.8 F1800
G1 F3600
G1 X27.51 Y8.71 E.77941
G1 X92.99 Y8.71 E1.95166
G1 X92.99 Y136.04 E3.79512
G1 X6.21 Y136.04 E2.58651
G1 X6.21 Y23.56 E3.35251
G1 X6.99 Y23.56 E.02325
G1 X6.99 Y34.86 E.3368
G1 X27.47 Y34.86 E.61041
G1 E-.728 F1800
;WIPE_START
G1 F30000
G1 X27.472 Y33.66 E-.072
;WIPE_END
G1 X19.856 Y34.169 Z1.8
G1 X6.6 Y35.056 Z1.8
G1 Z1.4
G1 E.8 F1800
SET_VELOCITY_LIMIT ACCEL=10000
;TYPE:Gap infill
;WIDTH:0.430846
G1 F15000
G1 X6.6 Y23.756 E.34649
G1 E-.728 F1800
;WIPE_START
G1 F30000
G1 X6.6 Y24.956 E-.072
;WIPE_END
G1 X6.6 Y32.588 Z1.8
G1 X6.6 Y35.844 Z1.8
G1 Z1.4
G1 E.8 F1800
G1 F15000
G1 X6.6 Y134.656 E3.02985
G1 X6.806 Y135.25 F30000
;WIDTH:0.431684
G1 F15000
G1 X92.394 Y135.25 E2.63005
G1 X92.6 Y134.656 F30000
;WIDTH:0.430842
G1 F15000
G1 X92.6 Y9.294 E3.8439
;WIDTH:0.447481
G1 X92.583 Y9.214 E.00262
;WIDTH:0.469667
G1 X92.567 Y9.133 E.00277
G1 X92.406 Y9.1 E.00554
;WIDTH:0.430842
G1 X28.494 Y9.1 E1.9597
;LAYER_CHANGE
;Z:1.6
;HEIGHT:0.2
;BEFORE_LAYER_CHANGE
;1.6
G92 E0

G1 E-.728 F1800
;WIPE_START
G1 F30000
G1 X29.694 Y9.1 E-.072
;WIPE_END
M73 L8
;LAYER:8
SET_PRINT_STATS_INFO TOTAL_LAYER=80 CURRENT_LAYER=8
;_SET_FAN_SPEED_CHANGING_LAYER

G1 X30.5434 Y9.72741 Z1.65714
G1 X30.5825 Y10.7827 Z1.71429
G1 X29.7818 Y11.4713 Z1.77143
G1 X28.7443 Y11.2746 Z1.82857
G1 X28.2512 Y10.3407 Z1.88571
G1 X28.6738 Y9.37295 Z1.94286
G1 X29.694 Y9.1 Z2
G1 X171.79 Y36.04 Z2
G1 Z1.6
G1 E.8 F1800
SET_VELOCITY_LIMIT ACCEL=5000
;TYPE:Outer wall
;WIDTH:0.42
G1 F3600
G1 X171.79 Y134.46 E2.93345
G1 X192.21 Y134.46 E.60863
G1 X192.21 Y36.04 E2.93345
G1 X171.83 Y36.04 E.60743
G1 E-.728 F1800
;WIPE_START
G1 F30000
G1 X171.83 Y37.24 E-.072
;WIPE_END
G1 X171.69 Y35.252 Z2
G1 Z1.6
G1 E.8 F1800
SET_VELOCITY_LIMIT ACCEL=10000
;TYPE:Inner wall
;WIDTH:0.45
G1 F6000
G1 X192.598 Y35.252 E.67275
G1 X192.598 Y35.648 E.01274
G1 X171.398 Y35.648 E.68215
G1 X171.398 Y134.852 E3.19206
G1 X192.598 Y134.852 E.68215
G1 X192.598 Y135.648 E.02561
G1 X106.602 Y135.648 E2.76706
G1 X106.602 Y134.852 E.02561
G1 X127.802 Y134.852 E.68215
G1 X127.802 Y35.252 E3.2048
G1 X128.198 Y35.252 E.01274
G1 X128.198 Y134.852 E3.2048
G1 X149.402 Y134.852 E.68228
G1 X149.402 Y35.252 E3.2048
G1 X149.798 Y35.252 E.01274
G1 X149.798 Y134.852 E3.2048
G1 X171.002 Y134.852 E.68228
G1 X171.002 Y35.648 E3.19206
G1 X170.902 Y35.648 E.00322
G1 X170.902 Y9.102 E.85416
G1 X171.298 Y9.102 E.01274
G1 X171.298 Y35.252 E.84142
G1 X171.65 Y35.252 E.01133
G1 E-.728 F1800
;WIPE_START
G1 F30000
G1 X172.85 Y35.252 E-.072
;WIPE_END
G1 X170.51 Y29.91 Z2
G1 Z1.6
G1 E.8 F1800
SET_VELOCITY_LIMIT ACCEL=5000
;TYPE:Outer wall
;WIDTH:0.42
G1 F3600
G1 X170.51 Y9.49 E.60863
G1 X150.09 Y9.49 E.60863
G1 X150.09 Y29.91 E.60863
G1 X170.47 Y29.91 E.60743
G1 X170.51 Y30.29 F30000
G1 F3600
G1 X149.71 Y30.29 E.61995
G1 X149.71 Y9.49 E.61995
G1 X106.99 Y9.49 E1.27329
G1 X106.99 Y134.46 E3.72478
G1 X127.41 Y134.46 E.60863
G1 X127.41 Y34.86 E2.96862
G1 X128.59 Y34.86 E.03517
G1 X128.59 Y134.46 E2.96862
G1 X149.01 Y134.46 E.60863
M73 P55 R28
G1 X149.01 Y34.86 E2.96862
G1 X150.19 Y34.86 E.03517
G1 X150.19 Y134.46 E2.96862
G1 X170.61 Y134.46 E.60863
G1 X170.61 Y36.04 E2.93345
G1 X170.51 Y36.04 E.00298
G1 X170.51 Y30.33 E.17019
G1 E-.728 F1800
;WIPE_START
G1 F30000
G1 X169.31 Y30.328 E-.072
;WIPE_END
G1 X171.69 Y34.86 Z2
G1 Z1.6
G1 E.8 F1800
G1 F3600
G1 X192.21 Y34.86 E.61161
G1 X192.21 Y23.56 E.3368
G1 X192.99 Y23.56 E.02325
G1 X192.99 Y136.04 E3.35251
G1 X106.21 Y136.04 E2.58651
G1 X106.21 Y8.71 E3.79512
G1 X171.69 Y8.71 E1.95166
G1 X171.69 Y34.82 E.77822
G1 E-.728 F1800
;WIPE_START
G1 F30000
G1 X172.89 Y34.822 E-.072
;WIPE_END
G1 X180.522 Y34.913 Z2
G1 X192.6 Y35.056 Z2
G1 Z1.6
G1 E.8 F1800
SET_VELOCITY_LIMIT ACCEL=10000
;TYPE:Gap infill
;WIDTH:0.430842
G1 F15000
G1 X192.6 Y23.756 E.34648
G1 E-.728 F1800
;WIPE_START
G1 F30000
G1 X192.6 Y24.956 E-.072
;WIPE_END
G1 X192.6 Y32.588 Z2
G1 X192.6 Y35.844 Z2
G1 Z1.6
G1 E.8 F1800
G1 F15000
G1 X192.6 Y134.656 E3.02982
G1 X192.394 Y135.25 F30000
;WIDTH:0.431684
G1 F15000
G1 X106.806 Y135.25 E2.63005
G1 X106.6 Y134.656 F30000
;WIDTH:0.430846
G1 F15000
G1 X106.6 Y9.294 E3.84394
;WIDTH:0.46967
G1 X106.633 Y9.133 E.00554
G1 X106.714 Y9.117 E.00277
;WIDTH:0.447482
G1 X106.794 Y9.1 E.00262
;WIDTH:0.430842
G1 X170.706 Y9.1 E1.9597
G1 E-.728 F1800
;WIPE_START
G1 F30000
G1 X169.506 Y9.1 E-.072
;WIPE_END
G1 X161.955 Y10.212 Z2
G1 X28.298 Y29.898 Z2
G1 Z1.6
M73 P55 R27
G1 E.8 F1800
;TYPE:Inner wall
;WIDTH:0.45
G1 F6000
G1 X28.298 Y35.648 E.18502
G1 X28.198 Y35.648 E.00322
G1 X28.198 Y134.852 E3.19206
G1 X49.402 Y134.852 E.68228
G1 X49.402 Y35.252 E3.2048
G1 X49.798 Y35.252 E.01274
G1 X49.798 Y134.852 E3.2048
G1 X71.002 Y134.852 E.68228
G1 X71.002 Y35.252 E3.2048
G1 X71.398 Y35.252 E.01274
G1 X71.398 Y134.852 E3.2048
G1 X92.598 Y134.852 E.68215
G1 X92.598 Y135.648 E.02561
G1 X6.602 Y135.648 E2.76706
G1 X6.602 Y134.852 E.02561
G1 X27.802 Y134.852 E.68215
G1 X27.802 Y35.648 E3.19206
G1 X6.602 Y35.648 E.68215
G1 X6.602 Y35.252 E.01274
G1 X27.902 Y35.252 E.68536
G1 X27.902 Y9.102 E.84142
G1 X28.298 Y9.102 E.01274
G1 X28.298 Y29.858 E.66785
G1 E-.728 F1800
;WIPE_START
G1 F30000
G1 X28.298 Y31.058 E-.072
;WIPE_END
G1 X27.41 Y36.04 Z2
G1 Z1.6
G1 E.8 F1800
SET_VELOCITY_LIMIT ACCEL=5000
;TYPE:Outer wall
;WIDTH:0.42
G1 F3600
G1 X6.99 Y36.04 E.60863
G1 X6.99 Y134.46 E2.93345
G1 X27.41 Y134.46 E.60863
G1 X27.41 Y36.08 E2.93225
G1 E-.728 F1800
;WIPE_START
G1 F30000
G1 X26.21 Y36.078 E-.072
;WIPE_END
G1 X28.69 Y29.91 Z2
G1 Z1.6
G1 E.8 F1800
G1 F3600
G1 X49.11 Y29.91 E.60863
G1 X49.11 Y9.49 E.60863
G1 X28.69 Y9.49 E.60863
G1 X28.69 Y29.87 E.60743
G1 X28.69 Y30.29 F30000
G1 F3600
G1 X28.69 Y36.04 E.17138
G1 X28.59 Y36.04 E.00298
G1 X28.59 Y134.46 E2.93345
G1 X49.01 Y134.46 E.60863
G1 X49.01 Y34.86 E2.96862
G1 X50.19 Y34.86 E.03517
G1 X50.19 Y134.46 E2.96862
G1 X70.61 Y134.46 E.60863
G1 X70.61 Y34.86 E2.96862
G1 X71.79 Y34.86 E.03517
M73 P56 R27
G1 X71.79 Y134.46 E2.96862
G1 X92.21 Y134.46 E.60863
G1 X92.21 Y9.49 E3.72478
G1 X49.49 Y9.49 E1.27329
G1 X49.49 Y30.29 E.61995
G1 X28.73 Y30.29 E.61876
G1 E-.728 F1800
;WIPE_START
G1 F30000
G1 X28.722 Y31.49 E-.072
;WIPE_END
G1 X27.51 Y34.86 Z2
G1 Z1.6
G1 E.8 F1800
G1 F3600
G1 X27.51 Y8.71 E.77941
G1 X92.99 Y8.71 E1.95166
G1 X92.99 Y136.04 E3.79512
G1 X6.21 Y136.04 E2.58651
G1 X6.21 Y23.56 E3.35251
G1 X6.99 Y23.56 E.02325
G1 X6.99 Y34.86 E.3368
G1 X27.47 Y34.86 E.61041
G1 E-.728 F1800
;WIPE_START
G1 F30000
G1 X27.472 Y33.66 E-.072
;WIPE_END
G1 X19.856 Y34.169 Z2
G1 X6.6 Y35.056 Z2
G1 Z1.6
G1 E.8 F1800
SET_VELOCITY_LIMIT ACCEL=10000
;TYPE:Gap infill
;WIDTH:0.430846
G1 F15000
G1 X6.6 Y23.756 E.34649
G1 E-.728 F1800
;WIPE_START
G1 F30000
G1 X6.6 Y24.956 E-.072
;WIPE_END
G1 X6.6 Y32.588 Z2
G1 X6.6 Y35.844 Z2
G1 Z1.6
G1 E.8 F1800
G1 F15000
G1 X6.6 Y134.656 E3.02985
G1 X6.806 Y135.25 F30000
;WIDTH:0.431684
G1 F15000
G1 X92.394 Y135.25 E2.63005
G1 X92.6 Y134.656 F30000
;WIDTH:0.430842
G1 F15000
G1 X92.6 Y9.294 E3.8439
;WIDTH:0.447481
G1 X92.583 Y9.214 E.00262
;WIDTH:0.469667
G1 X92.567 Y9.133 E.00277
G1 X92.406 Y9.1 E.00554
;WIDTH:0.430842
G1 X28.494 Y9.1 E1.9597
;LAYER_CHANGE
;Z:1.8
;HEIGHT:0.2
;BEFORE_LAYER_CHANGE
;1.8
G92 E0

G1 E-.728 F1800
;WIPE_START
G1 F30000
G1 X29.694 Y9.1 E-.072
;WIPE_END
M73 L9
;LAYER:9
SET_PRINT_STATS_INFO TOTAL_LAYER=80 CURRENT_LAYER=9
;_SET_FAN_SPEED_CHANGING_LAYER

G1 X30.5434 Y9.72741 Z1.85714
G1 X30.5825 Y10.7827 Z1.91429
G1 X29.7818 Y11.4713 Z1.97143
G1 X28.7443 Y11.2746 Z2.02857
G1 X28.2512 Y10.3407 Z2.08571
G1 X28.6738 Y9.37295 Z2.14286
G1 X29.694 Y9.1 Z2.2
G1 X171.79 Y36.04 Z2.2
G1 Z1.8
G1 E.8 F1800
SET_VELOCITY_LIMIT ACCEL=5000
;TYPE:Outer wall
;WIDTH:0.42
G1 F3600
G1 X171.79 Y134.46 E2.93345
G1 X192.21 Y134.46 E.60863
G1 X192.21 Y36.04 E2.93345
G1 X171.83 Y36.04 E.60743
G1 E-.728 F1800
;WIPE_START
G1 F30000
G1 X171.83 Y37.24 E-.072
;WIPE_END
G1 X171.69 Y35.252 Z2.2
G1 Z1.8
G1 E.8 F1800
SET_VELOCITY_LIMIT ACCEL=10000
;TYPE:Inner wall
;WIDTH:0.45
G1 F6000
G1 X192.598 Y35.252 E.67275
G1 X192.598 Y35.648 E.01274
G1 X171.398 Y35.648 E.68215
G1 X171.398 Y134.852 E3.19206
G1 X192.598 Y134.852 E.68215
G1 X192.598 Y135.648 E.02561
G1 X106.602 Y135.648 E2.76706
G1 X106.602 Y134.852 E.02561
G1 X127.802 Y134.852 E.68215
G1 X127.802 Y35.252 E3.2048
G1 X128.198 Y35.252 E.01274
G1 X128.198 Y134.852 E3.2048
G1 X149.402 Y134.852 E.68228
G1 X149.402 Y35.252 E3.2048
G1 X149.798 Y35.252 E.01274
G1 X149.798 Y134.852 E3.2048
G1 X171.002 Y134.852 E.68228
G1 X171.002 Y35.648 E3.19206
G1 X170.902 Y35.648 E.00322
G1 X170.902 Y9.102 E.85416
G1 X171.298 Y9.102 E.01274
G1 X171.298 Y35.252 E.84142
G1 X171.65 Y35.252 E.01133
G1 E-.728 F1800
;WIPE_START
G1 F30000
G1 X172.85 Y35.252 E-.072
;WIPE_END
G1 X170.51 Y29.91 Z2.2
G1 Z1.8
G1 E.8 F1800
SET_VELOCITY_LIMIT ACCEL=5000
;TYPE:Outer wall
;WIDTH:0.42
G1 F3600
G1 X170.51 Y9.49 E.60863
G1 X150.09 Y9.49 E.60863
G1 X150.09 Y29.91 E.60863
G1 X170.47 Y29.91 E.60743
G1 X170.51 Y30.29 F30000
G1 F3600
G1 X149.71 Y30.29 E.61995
G1 X149.71 Y9.49 E.61995
G1 X106.99 Y9.49 E1.27329
G1 X106.99 Y134.46 E3.72478
G1 X127.41 Y134.46 E.60863
G1 X127.41 Y34.86 E2.96862
G1 X128.59 Y34.86 E.03517
G1 X128.59 Y134.46 E2.96862
G1 X149.01 Y134.46 E.60863
M73 P57 R26
G1 X149.01 Y34.86 E2.96862
G1 X150.19 Y34.86 E.03517
G1 X150.19 Y134.46 E2.96862
G1 X170.61 Y134.46 E.60863
G1 X170.61 Y36.04 E2.93345
G1 X170.51 Y36.04 E.00298
G1 X170.51 Y30.33 E.17019
G1 E-.728 F1800
;WIPE_START
G1 F30000
G1 X169.31 Y30.328 E-.072
;WIPE_END
G1 X171.69 Y34.86 Z2.2
G1 Z1.8
G1 E.8 F1800
G1 F3600
G1 X192.21 Y34.86 E.61161
G1 X192.21 Y23.56 E.3368
G1 X192.99 Y23.56 E.02325
G1 X192.99 Y136.04 E3.35251
G1 X106.21 Y136.04 E2.58651
G1 X106.21 Y8.71 E3.79512
G1 X171.69 Y8.71 E1.95166
G1 X171.69 Y34.82 E.77822
G1 E-.728 F1800
;WIPE_START
G1 F30000
G1 X172.89 Y34.822 E-.072
;WIPE_END
G1 X180.522 Y34.913 Z2.2
G1 X192.6 Y35.056 Z2.2
G1 Z1.8
G1 E.8 F1800
SET_VELOCITY_LIMIT ACCEL=10000
;TYPE:Gap infill
;WIDTH:0.430842
G1 F15000
G1 X192.6 Y23.756 E.34648
G1 E-.728 F1800
;WIPE_START
G1 F30000
G1 X192.6 Y24.956 E-.072
;WIPE_END
G1 X192.6 Y32.588 Z2.2
G1 X192.6 Y35.844 Z2.2
G1 Z1.8
G1 E.8 F1800
G1 F15000
G1 X192.6 Y134.656 E3.02982
G1 X192.394 Y135.25 F30000
;WIDTH:0.431684
G1 F15000
G1 X106.806 Y135.25 E2.63005
G1 X106.6 Y134.656 F30000
;WIDTH:0.430846
G1 F15000
G1 X106.6 Y9.294 E3.84394
;WIDTH:0.46967
G1 X106.633 Y9.133 E.00554
G1 X106.714 Y9.117 E.00277
;WIDTH:0.447482
G1 X106.794 Y9.1 E.00262
;WIDTH:0.430842
G1 X170.706 Y9.1 E1.9597
G1 E-.728 F1800
;WIPE_START
G1 F30000
G1 X169.506 Y9.1 E-.072
;WIPE_END
G1 X161.955 Y10.212 Z2.2
G1 X28.298 Y29.898 Z2.2
G1 Z1.8
G1 E.8 F1800
;TYPE:Inner wall
;WIDTH:0.45
G1 F6000
G1 X28.298 Y35.648 E.18502
G1 X28.198 Y35.648 E.00322
G1 X28.198 Y134.852 E3.19206
G1 X49.402 Y134.852 E.68228
G1 X49.402 Y35.252 E3.2048
G1 X49.798 Y35.252 E.01274
G1 X49.798 Y134.852 E3.2048
G1 X71.002 Y134.852 E.68228
G1 X71.002 Y35.252 E3.2048
G1 X71.398 Y35.252 E.01274
G1 X71.398 Y134.852 E3.2048
G1 X92.598 Y134.852 E.68215
G1 X92.598 Y135.648 E.02561
G1 X6.602 Y135.648 E2.76706
G1 X6.602 Y134.852 E.02561
G1 X27.802 Y134.852 E.68215
G1 X27.802 Y35.648 E3.19206
G1 X6.602 Y35.648 E.68215
G1 X6.602 Y35.252 E.01274
G1 X27.902 Y35.252 E.68536
G1 X27.902 Y9.102 E.84142
G1 X28.298 Y9.102 E.01274
G1 X28.298 Y29.858 E.66785
G1 E-.728 F1800
;WIPE_START
G1 F30000
G1 X28.298 Y31.058 E-.072
;WIPE_END
G1 X27.41 Y36.04 Z2.2
G1 Z1.8
G1 E.8 F1800
SET_VELOCITY_LIMIT ACCEL=5000
;TYPE:Outer wall
;WIDTH:0.42
G1 F3600
G1 X6.99 Y36.04 E.60863
G1 X6.99 Y134.46 E2.93345
G1 X27.41 Y134.46 E.60863
G1 X27.41 Y36.08 E2.93225
G1 E-.728 F1800
;WIPE_START
G1 F30000
G1 X26.21 Y36.078 E-.072
;WIPE_END
G1 X28.69 Y29.91 Z2.2
G1 Z1.8
G1 E.8 F1800
G1 F3600
G1 X49.11 Y29.91 E.60863
G1 X49.11 Y9.49 E.60863
G1 X28.69 Y9.49 E.60863
G1 X28.69 Y29.87 E.60743
G1 X28.69 Y30.29 F30000
G1 F3600
G1 X28.69 Y36.04 E.17138
G1 X28.59 Y36.04 E.00298
G1 X28.59 Y134.46 E2.93345
G1 X49.01 Y134.46 E.60863
G1 X49.01 Y34.86 E2.96862
G1 X50.19 Y34.86 E.03517
G1 X50.19 Y134.46 E2.96862
G1 X70.61 Y134.46 E.60863
M73 P58 R26
G1 X70.61 Y34.86 E2.96862
G1 X71.79 Y34.86 E.03517
G1 X71.79 Y134.46 E2.96862
G1 X92.21 Y134.46 E.60863
G1 X92.21 Y9.49 E3.72478
G1 X49.49 Y9.49 E1.27329
G1 X49.49 Y30.29 E.61995
G1 X28.73 Y30.29 E.61876
G1 E-.728 F1800
;WIPE_START
G1 F30000
G1 X28.722 Y31.49 E-.072
;WIPE_END
G1 X27.51 Y34.86 Z2.2
G1 Z1.8
G1 E.8 F1800
G1 F3600
G1 X27.51 Y8.71 E.77941
G1 X92.99 Y8.71 E1.95166
G1 X92.99 Y136.04 E3.79512
G1 X6.21 Y136.04 E2.58651
G1 X6.21 Y23.56 E3.35251
G1 X6.99 Y23.56 E.02325
G1 X6.99 Y34.86 E.3368
G1 X27.47 Y34.86 E.61041
G1 E-.728 F1800
;WIPE_START
G1 F30000
G1 X27.472 Y33.66 E-.072
;WIPE_END
G1 X19.856 Y34.169 Z2.2
G1 X6.6 Y35.056 Z2.2
G1 Z1.8
G1 E.8 F1800
SET_VELOCITY_LIMIT ACCEL=10000
;TYPE:Gap infill
;WIDTH:0.430846
G1 F15000
G1 X6.6 Y23.756 E.34649
G1 E-.728 F1800
;WIPE_START
G1 F30000
G1 X6.6 Y24.956 E-.072
;WIPE_END
G1 X6.6 Y32.588 Z2.2
G1 X6.6 Y35.844 Z2.2
G1 Z1.8
G1 E.8 F1800
G1 F15000
G1 X6.6 Y134.656 E3.02985
G1 X6.806 Y135.25 F30000
;WIDTH:0.431684
G1 F15000
G1 X92.394 Y135.25 E2.63005
G1 X92.6 Y134.656 F30000
;WIDTH:0.430842
G1 F15000
G1 X92.6 Y9.294 E3.8439
;WIDTH:0.447481
G1 X92.583 Y9.214 E.00262
;WIDTH:0.469667
G1 X92.567 Y9.133 E.00277
G1 X92.406 Y9.1 E.00554
;WIDTH:0.430842
G1 X28.494 Y9.1 E1.9597
;LAYER_CHANGE
;Z:2
;HEIGHT:0.2
;BEFORE_LAYER_CHANGE
;2
G92 E0

G1 E-.728 F1800
;WIPE_START
G1 F30000
G1 X29.694 Y9.1 E-.072
;WIPE_END
M73 L10
;LAYER:10
SET_PRINT_STATS_INFO TOTAL_LAYER=80 CURRENT_LAYER=10
;_SET_FAN_SPEED_CHANGING_LAYER

G1 X30.5434 Y9.72741 Z2.05714
G1 X30.5825 Y10.7827 Z2.11429
G1 X29.7818 Y11.4713 Z2.17143
G1 X28.7443 Y11.2746 Z2.22857
G1 X28.2512 Y10.3407 Z2.28571
G1 X28.6738 Y9.37295 Z2.34286
G1 X29.694 Y9.1 Z2.4
G1 X171.79 Y36.04 Z2.4
G1 Z2
G1 E.8 F1800
SET_VELOCITY_LIMIT ACCEL=5000
;TYPE:Outer wall
;WIDTH:0.42
G1 F3600
G1 X171.79 Y134.46 E2.93345
G1 X192.21 Y134.46 E.60863
G1 X192.21 Y36.04 E2.93345
G1 X171.83 Y36.04 E.60743
G1 E-.728 F1800
;WIPE_START
G1 F30000
G1 X171.83 Y37.24 E-.072
;WIPE_END
G1 X171.69 Y35.252 Z2.4
G1 Z2
G1 E.8 F1800
SET_VELOCITY_LIMIT ACCEL=10000
;TYPE:Inner wall
;WIDTH:0.45
G1 F6000
G1 X192.598 Y35.252 E.67275
G1 X192.598 Y35.648 E.01274
G1 X171.398 Y35.648 E.68215
G1 X171.398 Y134.852 E3.19206
G1 X192.598 Y134.852 E.68215
M73 P58 R25
G1 X192.598 Y135.648 E.02561
G1 X106.602 Y135.648 E2.76706
G1 X106.602 Y134.852 E.02561
G1 X127.802 Y134.852 E.68215
G1 X127.802 Y35.252 E3.2048
G1 X128.198 Y35.252 E.01274
G1 X128.198 Y134.852 E3.2048
G1 X149.402 Y134.852 E.68228
G1 X149.402 Y35.252 E3.2048
G1 X149.798 Y35.252 E.01274
G1 X149.798 Y134.852 E3.2048
G1 X171.002 Y134.852 E.68228
G1 X171.002 Y35.648 E3.19206
G1 X170.902 Y35.648 E.00322
G1 X170.902 Y9.102 E.85416
G1 X171.298 Y9.102 E.01274
G1 X171.298 Y35.252 E.84142
G1 X171.65 Y35.252 E.01133
G1 E-.728 F1800
;WIPE_START
G1 F30000
G1 X172.85 Y35.252 E-.072
;WIPE_END
G1 X170.51 Y29.91 Z2.4
G1 Z2
G1 E.8 F1800
SET_VELOCITY_LIMIT ACCEL=5000
;TYPE:Outer wall
;WIDTH:0.42
G1 F3600
G1 X170.51 Y9.49 E.60863
G1 X150.09 Y9.49 E.60863
G1 X150.09 Y29.91 E.60863
G1 X170.47 Y29.91 E.60743
G1 X170.51 Y30.29 F30000
G1 F3600
G1 X149.71 Y30.29 E.61995
G1 X149.71 Y9.49 E.61995
G1 X106.99 Y9.49 E1.27329
G1 X106.99 Y134.46 E3.72478
G1 X127.41 Y134.46 E.60863
G1 X127.41 Y34.86 E2.96862
G1 X128.59 Y34.86 E.03517
M73 P59 R25
G1 X128.59 Y134.46 E2.96862
G1 X149.01 Y134.46 E.60863
G1 X149.01 Y34.86 E2.96862
G1 X150.19 Y34.86 E.03517
G1 X150.19 Y134.46 E2.96862
G1 X170.61 Y134.46 E.60863
G1 X170.61 Y36.04 E2.93345
G1 X170.51 Y36.04 E.00298
G1 X170.51 Y30.33 E.17019
G1 E-.728 F1800
;WIPE_START
G1 F30000
G1 X169.31 Y30.328 E-.072
;WIPE_END
G1 X171.69 Y34.86 Z2.4
G1 Z2
G1 E.8 F1800
G1 F3600
G1 X192.21 Y34.86 E.61161
G1 X192.21 Y23.56 E.3368
G1 X192.99 Y23.56 E.02325
G1 X192.99 Y136.04 E3.35251
G1 X106.21 Y136.04 E2.58651
G1 X106.21 Y8.71 E3.79512
G1 X171.69 Y8.71 E1.95166
G1 X171.69 Y34.82 E.77822
G1 E-.728 F1800
;WIPE_START
G1 F30000
G1 X172.89 Y34.822 E-.072
;WIPE_END
G1 X180.522 Y34.913 Z2.4
G1 X192.6 Y35.056 Z2.4
G1 Z2
G1 E.8 F1800
SET_VELOCITY_LIMIT ACCEL=10000
;TYPE:Gap infill
;WIDTH:0.430842
G1 F15000
G1 X192.6 Y23.756 E.34648
G1 E-.728 F1800
;WIPE_START
G1 F30000
G1 X192.6 Y24.956 E-.072
;WIPE_END
G1 X192.6 Y32.588 Z2.4
G1 X192.6 Y35.844 Z2.4
G1 Z2
G1 E.8 F1800
G1 F15000
G1 X192.6 Y134.656 E3.02982
G1 X192.394 Y135.25 F30000
;WIDTH:0.431684
G1 F15000
G1 X106.806 Y135.25 E2.63005
G1 X106.6 Y134.656 F30000
;WIDTH:0.430846
G1 F15000
G1 X106.6 Y9.294 E3.84394
;WIDTH:0.46967
G1 X106.633 Y9.133 E.00554
G1 X106.714 Y9.117 E.00277
;WIDTH:0.447482
G1 X106.794 Y9.1 E.00262
;WIDTH:0.430842
G1 X170.706 Y9.1 E1.9597
G1 E-.728 F1800
;WIPE_START
G1 F30000
G1 X169.506 Y9.1 E-.072
;WIPE_END
G1 X161.955 Y10.212 Z2.4
G1 X28.298 Y29.898 Z2.4
G1 Z2
G1 E.8 F1800
;TYPE:Inner wall
;WIDTH:0.45
G1 F6000
G1 X28.298 Y35.648 E.18502
G1 X28.198 Y35.648 E.00322
G1 X28.198 Y134.852 E3.19206
G1 X49.402 Y134.852 E.68228
G1 X49.402 Y35.252 E3.2048
G1 X49.798 Y35.252 E.01274
G1 X49.798 Y134.852 E3.2048
G1 X71.002 Y134.852 E.68228
G1 X71.002 Y35.252 E3.2048
G1 X71.398 Y35.252 E.01274
G1 X71.398 Y134.852 E3.2048
G1 X92.598 Y134.852 E.68215
G1 X92.598 Y135.648 E.02561
G1 X6.602 Y135.648 E2.76706
G1 X6.602 Y134.852 E.02561
G1 X27.802 Y134.852 E.68215
G1 X27.802 Y35.648 E3.19206
G1 X6.602 Y35.648 E.68215
G1 X6.602 Y35.252 E.01274
G1 X27.902 Y35.252 E.68536
G1 X27.902 Y9.102 E.84142
G1 X28.298 Y9.102 E.01274
G1 X28.298 Y29.858 E.66785
G1 E-.728 F1800
;WIPE_START
G1 F30000
G1 X28.298 Y31.058 E-.072
;WIPE_END
G1 X27.41 Y36.04 Z2.4
G1 Z2
G1 E.8 F1800
SET_VELOCITY_LIMIT ACCEL=5000
;TYPE:Outer wall
;WIDTH:0.42
G1 F3600
G1 X6.99 Y36.04 E.60863
G1 X6.99 Y134.46 E2.93345
G1 X27.41 Y134.46 E.60863
G1 X27.41 Y36.08 E2.93225
G1 E-.728 F1800
;WIPE_START
G1 F30000
G1 X26.21 Y36.078 E-.072
;WIPE_END
G1 X28.69 Y29.91 Z2.4
G1 Z2
G1 E.8 F1800
G1 F3600
G1 X49.11 Y29.91 E.60863
G1 X49.11 Y9.49 E.60863
G1 X28.69 Y9.49 E.60863
G1 X28.69 Y29.87 E.60743
G1 X28.69 Y30.29 F30000
G1 F3600
G1 X28.69 Y36.04 E.17138
G1 X28.59 Y36.04 E.00298
G1 X28.59 Y134.46 E2.93345
G1 X49.01 Y134.46 E.60863
G1 X49.01 Y34.86 E2.96862
G1 X50.19 Y34.86 E.03517
G1 X50.19 Y134.46 E2.96862
G1 X70.61 Y134.46 E.60863
M73 P60 R25
G1 X70.61 Y34.86 E2.96862
G1 X71.79 Y34.86 E.03517
G1 X71.79 Y134.46 E2.96862
G1 X92.21 Y134.46 E.60863
G1 X92.21 Y9.49 E3.72478
G1 X49.49 Y9.49 E1.27329
G1 X49.49 Y30.29 E.61995
M73 P60 R24
G1 X28.73 Y30.29 E.61876
G1 E-.728 F1800
;WIPE_START
G1 F30000
G1 X28.722 Y31.49 E-.072
;WIPE_END
G1 X27.51 Y34.86 Z2.4
G1 Z2
G1 E.8 F1800
G1 F3600
G1 X27.51 Y8.71 E.77941
G1 X92.99 Y8.71 E1.95166
G1 X92.99 Y136.04 E3.79512
G1 X6.21 Y136.04 E2.58651
G1 X6.21 Y23.56 E3.35251
G1 X6.99 Y23.56 E.02325
G1 X6.99 Y34.86 E.3368
G1 X27.47 Y34.86 E.61041
G1 E-.728 F1800
;WIPE_START
G1 F30000
G1 X27.472 Y33.66 E-.072
;WIPE_END
G1 X19.856 Y34.169 Z2.4
G1 X6.6 Y35.056 Z2.4
G1 Z2
G1 E.8 F1800
SET_VELOCITY_LIMIT ACCEL=10000
;TYPE:Gap infill
;WIDTH:0.430846
G1 F15000
G1 X6.6 Y23.756 E.34649
G1 E-.728 F1800
;WIPE_START
G1 F30000
G1 X6.6 Y24.956 E-.072
;WIPE_END
G1 X6.6 Y32.588 Z2.4
G1 X6.6 Y35.844 Z2.4
G1 Z2
G1 E.8 F1800
G1 F15000
G1 X6.6 Y134.656 E3.02985
G1 X6.806 Y135.25 F30000
;WIDTH:0.431684
G1 F15000
G1 X92.394 Y135.25 E2.63005
G1 X92.6 Y134.656 F30000
;WIDTH:0.430842
G1 F15000
G1 X92.6 Y9.294 E3.8439
;WIDTH:0.447481
G1 X92.583 Y9.214 E.00262
;WIDTH:0.469667
G1 X92.567 Y9.133 E.00277
G1 X92.406 Y9.1 E.00554
;WIDTH:0.430842
G1 X28.494 Y9.1 E1.9597
;LAYER_CHANGE
;Z:2.2
;HEIGHT:0.2
;BEFORE_LAYER_CHANGE
;2.2
G92 E0

G1 E-.728 F1800
;WIPE_START
G1 F30000
G1 X29.694 Y9.1 E-.072
;WIPE_END
M73 L11
;LAYER:11
SET_PRINT_STATS_INFO TOTAL_LAYER=80 CURRENT_LAYER=11
;_SET_FAN_SPEED_CHANGING_LAYER

G1 X30.5434 Y9.72741 Z2.25714
G1 X30.5825 Y10.7827 Z2.31429
G1 X29.7818 Y11.4713 Z2.37143
G1 X28.7443 Y11.2746 Z2.42857
G1 X28.2512 Y10.3407 Z2.48571
G1 X28.6738 Y9.37295 Z2.54286
G1 X29.694 Y9.1 Z2.6
G1 X171.79 Y36.04 Z2.6
G1 Z2.2
G1 E.8 F1800
SET_VELOCITY_LIMIT ACCEL=5000
;TYPE:Outer wall
;WIDTH:0.42
G1 F3600
G1 X171.79 Y134.46 E2.93345
G1 X192.21 Y134.46 E.60863
G1 X192.21 Y36.04 E2.93345
G1 X171.83 Y36.04 E.60743
G1 E-.728 F1800
;WIPE_START
G1 F30000
G1 X171.83 Y37.24 E-.072
;WIPE_END
G1 X171.69 Y35.252 Z2.6
G1 Z2.2
G1 E.8 F1800
SET_VELOCITY_LIMIT ACCEL=10000
;TYPE:Inner wall
;WIDTH:0.45
G1 F6000
G1 X192.598 Y35.252 E.67275
G1 X192.598 Y35.648 E.01274
G1 X171.398 Y35.648 E.68215
G1 X171.398 Y134.852 E3.19206
G1 X192.598 Y134.852 E.68215
G1 X192.598 Y135.648 E.02561
G1 X106.602 Y135.648 E2.76706
G1 X106.602 Y134.852 E.02561
G1 X127.802 Y134.852 E.68215
G1 X127.802 Y35.252 E3.2048
G1 X128.198 Y35.252 E.01274
G1 X128.198 Y134.852 E3.2048
G1 X149.402 Y134.852 E.68228
G1 X149.402 Y35.252 E3.2048
G1 X149.798 Y35.252 E.01274
G1 X149.798 Y134.852 E3.2048
G1 X171.002 Y134.852 E.68228
G1 X171.002 Y35.648 E3.19206
G1 X170.902 Y35.648 E.00322
G1 X170.902 Y9.102 E.85416
G1 X171.298 Y9.102 E.01274
G1 X171.298 Y35.252 E.84142
G1 X171.65 Y35.252 E.01133
G1 E-.728 F1800
;WIPE_START
G1 F30000
G1 X172.85 Y35.252 E-.072
;WIPE_END
G1 X170.51 Y29.91 Z2.6
G1 Z2.2
G1 E.8 F1800
SET_VELOCITY_LIMIT ACCEL=5000
;TYPE:Outer wall
;WIDTH:0.42
G1 F3600
G1 X170.51 Y9.49 E.60863
G1 X150.09 Y9.49 E.60863
G1 X150.09 Y29.91 E.60863
G1 X170.47 Y29.91 E.60743
G1 X170.51 Y30.29 F30000
G1 F3600
G1 X149.71 Y30.29 E.61995
G1 X149.71 Y9.49 E.61995
G1 X106.99 Y9.49 E1.27329
G1 X106.99 Y134.46 E3.72478
G1 X127.41 Y134.46 E.60863
G1 X127.41 Y34.86 E2.96862
M73 P61 R24
G1 X128.59 Y34.86 E.03517
G1 X128.59 Y134.46 E2.96862
G1 X149.01 Y134.46 E.60863
G1 X149.01 Y34.86 E2.96862
G1 X150.19 Y34.86 E.03517
G1 X150.19 Y134.46 E2.96862
G1 X170.61 Y134.46 E.60863
G1 X170.61 Y36.04 E2.93345
G1 X170.51 Y36.04 E.00298
G1 X170.51 Y30.33 E.17019
G1 E-.728 F1800
;WIPE_START
G1 F30000
G1 X169.31 Y30.328 E-.072
;WIPE_END
G1 X171.69 Y34.86 Z2.6
G1 Z2.2
G1 E.8 F1800
G1 F3600
G1 X192.21 Y34.86 E.61161
G1 X192.21 Y23.56 E.3368
G1 X192.99 Y23.56 E.02325
G1 X192.99 Y136.04 E3.35251
G1 X106.21 Y136.04 E2.58651
G1 X106.21 Y8.71 E3.79512
G1 X171.69 Y8.71 E1.95166
G1 X171.69 Y34.82 E.77822
G1 E-.728 F1800
;WIPE_START
G1 F30000
G1 X172.89 Y34.822 E-.072
;WIPE_END
G1 X180.522 Y34.913 Z2.6
G1 X192.6 Y35.056 Z2.6
G1 Z2.2
G1 E.8 F1800
SET_VELOCITY_LIMIT ACCEL=10000
;TYPE:Gap infill
;WIDTH:0.430842
G1 F15000
G1 X192.6 Y23.756 E.34648
G1 E-.728 F1800
;WIPE_START
G1 F30000
G1 X192.6 Y24.956 E-.072
;WIPE_END
G1 X192.6 Y32.588 Z2.6
G1 X192.6 Y35.844 Z2.6
G1 Z2.2
G1 E.8 F1800
G1 F15000
G1 X192.6 Y134.656 E3.02982
G1 X192.394 Y135.25 F30000
;WIDTH:0.431684
G1 F15000
G1 X106.806 Y135.25 E2.63005
G1 X106.6 Y134.656 F30000
;WIDTH:0.430846
G1 F15000
G1 X106.6 Y9.294 E3.84394
;WIDTH:0.46967
G1 X106.633 Y9.133 E.00554
G1 X106.714 Y9.117 E.00277
;WIDTH:0.447482
G1 X106.794 Y9.1 E.00262
;WIDTH:0.430842
G1 X170.706 Y9.1 E1.9597
G1 E-.728 F1800
;WIPE_START
G1 F30000
G1 X169.506 Y9.1 E-.072
;WIPE_END
G1 X161.955 Y10.212 Z2.6
G1 X28.298 Y29.898 Z2.6
G1 Z2.2
G1 E.8 F1800
;TYPE:Inner wall
;WIDTH:0.45
G1 F6000
G1 X28.298 Y35.648 E.18502
G1 X28.198 Y35.648 E.00322
G1 X28.198 Y134.852 E3.19206
G1 X49.402 Y134.852 E.68228
G1 X49.402 Y35.252 E3.2048
G1 X49.798 Y35.252 E.01274
G1 X49.798 Y134.852 E3.2048
G1 X71.002 Y134.852 E.68228
G1 X71.002 Y35.252 E3.2048
G1 X71.398 Y35.252 E.01274
G1 X71.398 Y134.852 E3.2048
G1 X92.598 Y134.852 E.68215
G1 X92.598 Y135.648 E.02561
G1 X6.602 Y135.648 E2.76706
G1 X6.602 Y134.852 E.02561
G1 X27.802 Y134.852 E.68215
G1 X27.802 Y35.648 E3.19206
G1 X6.602 Y35.648 E.68215
G1 X6.602 Y35.252 E.01274
G1 X27.902 Y35.252 E.68536
G1 X27.902 Y9.102 E.84142
G1 X28.298 Y9.102 E.01274
G1 X28.298 Y29.858 E.66785
G1 E-.728 F1800
;WIPE_START
G1 F30000
G1 X28.298 Y31.058 E-.072
;WIPE_END
G1 X27.41 Y36.04 Z2.6
G1 Z2.2
G1 E.8 F1800
SET_VELOCITY_LIMIT ACCEL=5000
;TYPE:Outer wall
;WIDTH:0.42
G1 F3600
G1 X6.99 Y36.04 E.60863
G1 X6.99 Y134.46 E2.93345
G1 X27.41 Y134.46 E.60863
M73 P61 R23
G1 X27.41 Y36.08 E2.93225
G1 E-.728 F1800
;WIPE_START
G1 F30000
G1 X26.21 Y36.078 E-.072
;WIPE_END
G1 X28.69 Y29.91 Z2.6
G1 Z2.2
G1 E.8 F1800
G1 F3600
G1 X49.11 Y29.91 E.60863
G1 X49.11 Y9.49 E.60863
G1 X28.69 Y9.49 E.60863
G1 X28.69 Y29.87 E.60743
G1 X28.69 Y30.29 F30000
G1 F3600
G1 X28.69 Y36.04 E.17138
G1 X28.59 Y36.04 E.00298
G1 X28.59 Y134.46 E2.93345
G1 X49.01 Y134.46 E.60863
G1 X49.01 Y34.86 E2.96862
G1 X50.19 Y34.86 E.03517
M73 P62 R23
G1 X50.19 Y134.46 E2.96862
G1 X70.61 Y134.46 E.60863
G1 X70.61 Y34.86 E2.96862
G1 X71.79 Y34.86 E.03517
G1 X71.79 Y134.46 E2.96862
G1 X92.21 Y134.46 E.60863
G1 X92.21 Y9.49 E3.72478
G1 X49.49 Y9.49 E1.27329
G1 X49.49 Y30.29 E.61995
G1 X28.73 Y30.29 E.61876
G1 E-.728 F1800
;WIPE_START
G1 F30000
G1 X28.722 Y31.49 E-.072
;WIPE_END
G1 X27.51 Y34.86 Z2.6
G1 Z2.2
G1 E.8 F1800
G1 F3600
G1 X27.51 Y8.71 E.77941
G1 X92.99 Y8.71 E1.95166
G1 X92.99 Y136.04 E3.79512
G1 X6.21 Y136.04 E2.58651
G1 X6.21 Y23.56 E3.35251
G1 X6.99 Y23.56 E.02325
G1 X6.99 Y34.86 E.3368
G1 X27.47 Y34.86 E.61041
G1 E-.728 F1800
;WIPE_START
G1 F30000
G1 X27.472 Y33.66 E-.072
;WIPE_END
G1 X19.856 Y34.169 Z2.6
G1 X6.6 Y35.056 Z2.6
G1 Z2.2
G1 E.8 F1800
SET_VELOCITY_LIMIT ACCEL=10000
;TYPE:Gap infill
;WIDTH:0.430846
G1 F15000
G1 X6.6 Y23.756 E.34649
G1 E-.728 F1800
;WIPE_START
G1 F30000
G1 X6.6 Y24.956 E-.072
;WIPE_END
G1 X6.6 Y32.588 Z2.6
G1 X6.6 Y35.844 Z2.6
G1 Z2.2
G1 E.8 F1800
G1 F15000
G1 X6.6 Y134.656 E3.02985
G1 X6.806 Y135.25 F30000
;WIDTH:0.431684
G1 F15000
G1 X92.394 Y135.25 E2.63005
G1 X92.6 Y134.656 F30000
;WIDTH:0.430842
G1 F15000
G1 X92.6 Y9.294 E3.8439
;WIDTH:0.447481
G1 X92.583 Y9.214 E.00262
;WIDTH:0.469667
G1 X92.567 Y9.133 E.00277
G1 X92.406 Y9.1 E.00554
;WIDTH:0.430842
G1 X28.494 Y9.1 E1.9597
;LAYER_CHANGE
;Z:2.4
;HEIGHT:0.2
;BEFORE_LAYER_CHANGE
;2.4
G92 E0

G1 E-.728 F1800
;WIPE_START
G1 F30000
G1 X29.694 Y9.1 E-.072
;WIPE_END
M73 L12
;LAYER:12
SET_PRINT_STATS_INFO TOTAL_LAYER=80 CURRENT_LAYER=12
;_SET_FAN_SPEED_CHANGING_LAYER

G1 X30.5434 Y9.72741 Z2.45714
G1 X30.5825 Y10.7827 Z2.51429
G1 X29.7818 Y11.4713 Z2.57143
G1 X28.7443 Y11.2746 Z2.62857
G1 X28.2512 Y10.3407 Z2.68571
G1 X28.6738 Y9.37295 Z2.74286
G1 X29.694 Y9.1 Z2.8
G1 X171.79 Y36.04 Z2.8
G1 Z2.4
G1 E.8 F1800
SET_VELOCITY_LIMIT ACCEL=5000
;TYPE:Outer wall
;WIDTH:0.42
G1 F3600
G1 X171.79 Y134.46 E2.93345
G1 X192.21 Y134.46 E.60863
G1 X192.21 Y36.04 E2.93345
G1 X171.83 Y36.04 E.60743
G1 E-.728 F1800
;WIPE_START
G1 F30000
G1 X171.83 Y37.24 E-.072
;WIPE_END
G1 X171.69 Y35.252 Z2.8
G1 Z2.4
G1 E.8 F1800
SET_VELOCITY_LIMIT ACCEL=10000
;TYPE:Inner wall
;WIDTH:0.45
G1 F6000
G1 X192.598 Y35.252 E.67275
G1 X192.598 Y35.648 E.01274
G1 X171.398 Y35.648 E.68215
G1 X171.398 Y134.852 E3.19206
G1 X192.598 Y134.852 E.68215
G1 X192.598 Y135.648 E.02561
G1 X106.602 Y135.648 E2.76706
G1 X106.602 Y134.852 E.02561
G1 X127.802 Y134.852 E.68215
G1 X127.802 Y35.252 E3.2048
G1 X128.198 Y35.252 E.01274
G1 X128.198 Y134.852 E3.2048
G1 X149.402 Y134.852 E.68228
G1 X149.402 Y35.252 E3.2048
G1 X149.798 Y35.252 E.01274
G1 X149.798 Y134.852 E3.2048
G1 X171.002 Y134.852 E.68228
G1 X171.002 Y35.648 E3.19206
G1 X170.902 Y35.648 E.00322
G1 X170.902 Y9.102 E.85416
G1 X171.298 Y9.102 E.01274
G1 X171.298 Y35.252 E.84142
G1 X171.65 Y35.252 E.01133
G1 E-.728 F1800
;WIPE_START
G1 F30000
G1 X172.85 Y35.252 E-.072
;WIPE_END
G1 X170.51 Y29.91 Z2.8
G1 Z2.4
G1 E.8 F1800
SET_VELOCITY_LIMIT ACCEL=5000
;TYPE:Outer wall
;WIDTH:0.42
G1 F3600
G1 X170.51 Y9.49 E.60863
G1 X150.09 Y9.49 E.60863
G1 X150.09 Y29.91 E.60863
G1 X170.47 Y29.91 E.60743
G1 X170.51 Y30.29 F30000
G1 F3600
G1 X149.71 Y30.29 E.61995
G1 X149.71 Y9.49 E.61995
G1 X106.99 Y9.49 E1.27329
G1 X106.99 Y134.46 E3.72478
G1 X127.41 Y134.46 E.60863
M73 P63 R23
G1 X127.41 Y34.86 E2.96862
G1 X128.59 Y34.86 E.03517
G1 X128.59 Y134.46 E2.96862
G1 X149.01 Y134.46 E.60863
G1 X149.01 Y34.86 E2.96862
G1 X150.19 Y34.86 E.03517
G1 X150.19 Y134.46 E2.96862
G1 X170.61 Y134.46 E.60863
G1 X170.61 Y36.04 E2.93345
G1 X170.51 Y36.04 E.00298
G1 X170.51 Y30.33 E.17019
G1 E-.728 F1800
;WIPE_START
G1 F30000
G1 X169.31 Y30.328 E-.072
;WIPE_END
G1 X171.69 Y34.86 Z2.8
G1 Z2.4
G1 E.8 F1800
G1 F3600
G1 X192.21 Y34.86 E.61161
G1 X192.21 Y23.56 E.3368
G1 X192.99 Y23.56 E.02325
G1 X192.99 Y136.04 E3.35251
G1 X106.21 Y136.04 E2.58651
G1 X106.21 Y8.71 E3.79512
G1 X171.69 Y8.71 E1.95166
M73 P63 R22
G1 X171.69 Y34.82 E.77822
G1 E-.728 F1800
;WIPE_START
G1 F30000
G1 X172.89 Y34.822 E-.072
;WIPE_END
G1 X180.522 Y34.913 Z2.8
G1 X192.6 Y35.056 Z2.8
G1 Z2.4
G1 E.8 F1800
SET_VELOCITY_LIMIT ACCEL=10000
;TYPE:Gap infill
;WIDTH:0.430842
G1 F15000
G1 X192.6 Y23.756 E.34648
G1 E-.728 F1800
;WIPE_START
G1 F30000
G1 X192.6 Y24.956 E-.072
;WIPE_END
G1 X192.6 Y32.588 Z2.8
G1 X192.6 Y35.844 Z2.8
G1 Z2.4
G1 E.8 F1800
G1 F15000
G1 X192.6 Y134.656 E3.02982
G1 X192.394 Y135.25 F30000
;WIDTH:0.431684
G1 F15000
G1 X106.806 Y135.25 E2.63005
G1 X106.6 Y134.656 F30000
;WIDTH:0.430846
G1 F15000
G1 X106.6 Y9.294 E3.84394
;WIDTH:0.46967
G1 X106.633 Y9.133 E.00554
G1 X106.714 Y9.117 E.00277
;WIDTH:0.447482
G1 X106.794 Y9.1 E.00262
;WIDTH:0.430842
G1 X170.706 Y9.1 E1.9597
G1 E-.728 F1800
;WIPE_START
G1 F30000
G1 X169.506 Y9.1 E-.072
;WIPE_END
G1 X161.955 Y10.212 Z2.8
G1 X28.298 Y29.898 Z2.8
G1 Z2.4
G1 E.8 F1800
;TYPE:Inner wall
;WIDTH:0.45
G1 F6000
G1 X28.298 Y35.648 E.18502
G1 X28.198 Y35.648 E.00322
G1 X28.198 Y134.852 E3.19206
G1 X49.402 Y134.852 E.68228
G1 X49.402 Y35.252 E3.2048
G1 X49.798 Y35.252 E.01274
G1 X49.798 Y134.852 E3.2048
G1 X71.002 Y134.852 E.68228
G1 X71.002 Y35.252 E3.2048
G1 X71.398 Y35.252 E.01274
G1 X71.398 Y134.852 E3.2048
G1 X92.598 Y134.852 E.68215
G1 X92.598 Y135.648 E.02561
G1 X6.602 Y135.648 E2.76706
G1 X6.602 Y134.852 E.02561
G1 X27.802 Y134.852 E.68215
G1 X27.802 Y35.648 E3.19206
G1 X6.602 Y35.648 E.68215
G1 X6.602 Y35.252 E.01274
G1 X27.902 Y35.252 E.68536
G1 X27.902 Y9.102 E.84142
G1 X28.298 Y9.102 E.01274
G1 X28.298 Y29.858 E.66785
G1 E-.728 F1800
;WIPE_START
G1 F30000
G1 X28.298 Y31.058 E-.072
;WIPE_END
G1 X27.41 Y36.04 Z2.8
G1 Z2.4
G1 E.8 F1800
SET_VELOCITY_LIMIT ACCEL=5000
;TYPE:Outer wall
;WIDTH:0.42
G1 F3600
G1 X6.99 Y36.04 E.60863
G1 X6.99 Y134.46 E2.93345
G1 X27.41 Y134.46 E.60863
G1 X27.41 Y36.08 E2.93225
G1 E-.728 F1800
;WIPE_START
G1 F30000
G1 X26.21 Y36.078 E-.072
;WIPE_END
G1 X28.69 Y29.91 Z2.8
G1 Z2.4
G1 E.8 F1800
G1 F3600
G1 X49.11 Y29.91 E.60863
G1 X49.11 Y9.49 E.60863
G1 X28.69 Y9.49 E.60863
G1 X28.69 Y29.87 E.60743
G1 X28.69 Y30.29 F30000
G1 F3600
G1 X28.69 Y36.04 E.17138
G1 X28.59 Y36.04 E.00298
G1 X28.59 Y134.46 E2.93345
G1 X49.01 Y134.46 E.60863
G1 X49.01 Y34.86 E2.96862
M73 P64 R22
G1 X50.19 Y34.86 E.03517
G1 X50.19 Y134.46 E2.96862
G1 X70.61 Y134.46 E.60863
G1 X70.61 Y34.86 E2.96862
G1 X71.79 Y34.86 E.03517
G1 X71.79 Y134.46 E2.96862
G1 X92.21 Y134.46 E.60863
G1 X92.21 Y9.49 E3.72478
G1 X49.49 Y9.49 E1.27329
G1 X49.49 Y30.29 E.61995
G1 X28.73 Y30.29 E.61876
G1 E-.728 F1800
;WIPE_START
G1 F30000
G1 X28.722 Y31.49 E-.072
;WIPE_END
G1 X27.51 Y34.86 Z2.8
G1 Z2.4
G1 E.8 F1800
G1 F3600
G1 X27.51 Y8.71 E.77941
G1 X92.99 Y8.71 E1.95166
G1 X92.99 Y136.04 E3.79512
G1 X6.21 Y136.04 E2.58651
G1 X6.21 Y23.56 E3.35251
G1 X6.99 Y23.56 E.02325
G1 X6.99 Y34.86 E.3368
G1 X27.47 Y34.86 E.61041
G1 E-.728 F1800
;WIPE_START
G1 F30000
G1 X27.472 Y33.66 E-.072
;WIPE_END
G1 X19.856 Y34.169 Z2.8
G1 X6.6 Y35.056 Z2.8
G1 Z2.4
G1 E.8 F1800
SET_VELOCITY_LIMIT ACCEL=10000
;TYPE:Gap infill
;WIDTH:0.430846
G1 F15000
G1 X6.6 Y23.756 E.34649
G1 E-.728 F1800
;WIPE_START
G1 F30000
G1 X6.6 Y24.956 E-.072
;WIPE_END
G1 X6.6 Y32.588 Z2.8
G1 X6.6 Y35.844 Z2.8
G1 Z2.4
G1 E.8 F1800
G1 F15000
G1 X6.6 Y134.656 E3.02985
G1 X6.806 Y135.25 F30000
;WIDTH:0.431684
G1 F15000
G1 X92.394 Y135.25 E2.63005
G1 X92.6 Y134.656 F30000
;WIDTH:0.430842
G1 F15000
G1 X92.6 Y9.294 E3.8439
;WIDTH:0.447481
G1 X92.583 Y9.214 E.00262
;WIDTH:0.469667
G1 X92.567 Y9.133 E.00277
G1 X92.406 Y9.1 E.00554
;WIDTH:0.430842
G1 X28.494 Y9.1 E1.9597
;LAYER_CHANGE
;Z:2.6
;HEIGHT:0.2
;BEFORE_LAYER_CHANGE
;2.6
G92 E0

G1 E-.728 F1800
;WIPE_START
G1 F30000
G1 X29.694 Y9.1 E-.072
;WIPE_END
M73 L13
;LAYER:13
SET_PRINT_STATS_INFO TOTAL_LAYER=80 CURRENT_LAYER=13
;_SET_FAN_SPEED_CHANGING_LAYER

G1 X30.5434 Y9.72741 Z2.65714
G1 X30.5825 Y10.7827 Z2.71429
G1 X29.7818 Y11.4713 Z2.77143
G1 X28.7443 Y11.2746 Z2.82857
G1 X28.2512 Y10.3407 Z2.88571
G1 X28.6738 Y9.37295 Z2.94286
G1 X29.694 Y9.1 Z3
G1 X171.79 Y36.04 Z3
G1 Z2.6
G1 E.8 F1800
SET_VELOCITY_LIMIT ACCEL=5000
;TYPE:Outer wall
;WIDTH:0.42
G1 F3600
G1 X171.79 Y134.46 E2.93345
G1 X192.21 Y134.46 E.60863
G1 X192.21 Y36.04 E2.93345
G1 X171.83 Y36.04 E.60743
G1 E-.728 F1800
;WIPE_START
G1 F30000
G1 X171.83 Y37.24 E-.072
;WIPE_END
G1 X171.69 Y35.252 Z3
G1 Z2.6
G1 E.8 F1800
SET_VELOCITY_LIMIT ACCEL=10000
;TYPE:Inner wall
;WIDTH:0.45
G1 F6000
G1 X192.598 Y35.252 E.67275
G1 X192.598 Y35.648 E.01274
G1 X171.398 Y35.648 E.68215
G1 X171.398 Y134.852 E3.19206
G1 X192.598 Y134.852 E.68215
G1 X192.598 Y135.648 E.02561
G1 X106.602 Y135.648 E2.76706
G1 X106.602 Y134.852 E.02561
G1 X127.802 Y134.852 E.68215
G1 X127.802 Y35.252 E3.2048
G1 X128.198 Y35.252 E.01274
G1 X128.198 Y134.852 E3.2048
G1 X149.402 Y134.852 E.68228
G1 X149.402 Y35.252 E3.2048
G1 X149.798 Y35.252 E.01274
G1 X149.798 Y134.852 E3.2048
G1 X171.002 Y134.852 E.68228
G1 X171.002 Y35.648 E3.19206
G1 X170.902 Y35.648 E.00322
G1 X170.902 Y9.102 E.85416
G1 X171.298 Y9.102 E.01274
G1 X171.298 Y35.252 E.84142
G1 X171.65 Y35.252 E.01133
G1 E-.728 F1800
;WIPE_START
G1 F30000
G1 X172.85 Y35.252 E-.072
;WIPE_END
G1 X170.51 Y29.91 Z3
G1 Z2.6
G1 E.8 F1800
SET_VELOCITY_LIMIT ACCEL=5000
;TYPE:Outer wall
;WIDTH:0.42
G1 F3600
G1 X170.51 Y9.49 E.60863
G1 X150.09 Y9.49 E.60863
G1 X150.09 Y29.91 E.60863
G1 X170.47 Y29.91 E.60743
G1 X170.51 Y30.29 F30000
G1 F3600
G1 X149.71 Y30.29 E.61995
G1 X149.71 Y9.49 E.61995
G1 X106.99 Y9.49 E1.27329
G1 X106.99 Y134.46 E3.72478
M73 P65 R21
G1 X127.41 Y134.46 E.60863
G1 X127.41 Y34.86 E2.96862
G1 X128.59 Y34.86 E.03517
G1 X128.59 Y134.46 E2.96862
G1 X149.01 Y134.46 E.60863
G1 X149.01 Y34.86 E2.96862
G1 X150.19 Y34.86 E.03517
G1 X150.19 Y134.46 E2.96862
G1 X170.61 Y134.46 E.60863
G1 X170.61 Y36.04 E2.93345
G1 X170.51 Y36.04 E.00298
G1 X170.51 Y30.33 E.17019
G1 E-.728 F1800
;WIPE_START
G1 F30000
G1 X169.31 Y30.328 E-.072
;WIPE_END
G1 X171.69 Y34.86 Z3
G1 Z2.6
G1 E.8 F1800
G1 F3600
G1 X192.21 Y34.86 E.61161
G1 X192.21 Y23.56 E.3368
G1 X192.99 Y23.56 E.02325
G1 X192.99 Y136.04 E3.35251
G1 X106.21 Y136.04 E2.58651
G1 X106.21 Y8.71 E3.79512
G1 X171.69 Y8.71 E1.95166
G1 X171.69 Y34.82 E.77822
G1 E-.728 F1800
;WIPE_START
G1 F30000
G1 X172.89 Y34.822 E-.072
;WIPE_END
G1 X180.522 Y34.913 Z3
G1 X192.6 Y35.056 Z3
G1 Z2.6
G1 E.8 F1800
SET_VELOCITY_LIMIT ACCEL=10000
;TYPE:Gap infill
;WIDTH:0.430842
G1 F15000
G1 X192.6 Y23.756 E.34648
G1 E-.728 F1800
;WIPE_START
G1 F30000
G1 X192.6 Y24.956 E-.072
;WIPE_END
G1 X192.6 Y32.588 Z3
G1 X192.6 Y35.844 Z3
G1 Z2.6
G1 E.8 F1800
G1 F15000
G1 X192.6 Y134.656 E3.02982
G1 X192.394 Y135.25 F30000
;WIDTH:0.431684
G1 F15000
G1 X106.806 Y135.25 E2.63005
G1 X106.6 Y134.656 F30000
;WIDTH:0.430846
G1 F15000
G1 X106.6 Y9.294 E3.84394
;WIDTH:0.46967
G1 X106.633 Y9.133 E.00554
G1 X106.714 Y9.117 E.00277
;WIDTH:0.447482
G1 X106.794 Y9.1 E.00262
;WIDTH:0.430842
G1 X170.706 Y9.1 E1.9597
G1 E-.728 F1800
;WIPE_START
G1 F30000
G1 X169.506 Y9.1 E-.072
;WIPE_END
G1 X161.955 Y10.212 Z3
G1 X28.298 Y29.898 Z3
G1 Z2.6
G1 E.8 F1800
;TYPE:Inner wall
;WIDTH:0.45
G1 F6000
G1 X28.298 Y35.648 E.18502
G1 X28.198 Y35.648 E.00322
G1 X28.198 Y134.852 E3.19206
G1 X49.402 Y134.852 E.68228
G1 X49.402 Y35.252 E3.2048
G1 X49.798 Y35.252 E.01274
G1 X49.798 Y134.852 E3.2048
G1 X71.002 Y134.852 E.68228
G1 X71.002 Y35.252 E3.2048
G1 X71.398 Y35.252 E.01274
G1 X71.398 Y134.852 E3.2048
G1 X92.598 Y134.852 E.68215
G1 X92.598 Y135.648 E.02561
G1 X6.602 Y135.648 E2.76706
G1 X6.602 Y134.852 E.02561
G1 X27.802 Y134.852 E.68215
G1 X27.802 Y35.648 E3.19206
G1 X6.602 Y35.648 E.68215
G1 X6.602 Y35.252 E.01274
G1 X27.902 Y35.252 E.68536
G1 X27.902 Y9.102 E.84142
G1 X28.298 Y9.102 E.01274
G1 X28.298 Y29.858 E.66785
G1 E-.728 F1800
;WIPE_START
G1 F30000
G1 X28.298 Y31.058 E-.072
;WIPE_END
G1 X27.41 Y36.04 Z3
G1 Z2.6
G1 E.8 F1800
SET_VELOCITY_LIMIT ACCEL=5000
;TYPE:Outer wall
;WIDTH:0.42
G1 F3600
G1 X6.99 Y36.04 E.60863
G1 X6.99 Y134.46 E2.93345
G1 X27.41 Y134.46 E.60863
G1 X27.41 Y36.08 E2.93225
G1 E-.728 F1800
;WIPE_START
G1 F30000
G1 X26.21 Y36.078 E-.072
;WIPE_END
G1 X28.69 Y29.91 Z3
G1 Z2.6
G1 E.8 F1800
G1 F3600
G1 X49.11 Y29.91 E.60863
G1 X49.11 Y9.49 E.60863
G1 X28.69 Y9.49 E.60863
G1 X28.69 Y29.87 E.60743
G1 X28.69 Y30.29 F30000
G1 F3600
G1 X28.69 Y36.04 E.17138
G1 X28.59 Y36.04 E.00298
G1 X28.59 Y134.46 E2.93345
G1 X49.01 Y134.46 E.60863
M73 P66 R21
G1 X49.01 Y34.86 E2.96862
G1 X50.19 Y34.86 E.03517
G1 X50.19 Y134.46 E2.96862
G1 X70.61 Y134.46 E.60863
G1 X70.61 Y34.86 E2.96862
G1 X71.79 Y34.86 E.03517
G1 X71.79 Y134.46 E2.96862
G1 X92.21 Y134.46 E.60863
G1 X92.21 Y9.49 E3.72478
G1 X49.49 Y9.49 E1.27329
G1 X49.49 Y30.29 E.61995
G1 X28.73 Y30.29 E.61876
G1 E-.728 F1800
;WIPE_START
G1 F30000
G1 X28.722 Y31.49 E-.072
;WIPE_END
G1 X27.51 Y34.86 Z3
G1 Z2.6
G1 E.8 F1800
G1 F3600
G1 X27.51 Y8.71 E.77941
G1 X92.99 Y8.71 E1.95166
G1 X92.99 Y136.04 E3.79512
G1 X6.21 Y136.04 E2.58651
G1 X6.21 Y23.56 E3.35251
G1 X6.99 Y23.56 E.02325
G1 X6.99 Y34.86 E.3368
G1 X27.47 Y34.86 E.61041
G1 E-.728 F1800
;WIPE_START
G1 F30000
G1 X27.472 Y33.66 E-.072
;WIPE_END
G1 X19.856 Y34.169 Z3
G1 X6.6 Y35.056 Z3
G1 Z2.6
G1 E.8 F1800
SET_VELOCITY_LIMIT ACCEL=10000
;TYPE:Gap infill
;WIDTH:0.430846
G1 F15000
G1 X6.6 Y23.756 E.34649
G1 E-.728 F1800
;WIPE_START
G1 F30000
G1 X6.6 Y24.956 E-.072
;WIPE_END
G1 X6.6 Y32.588 Z3
G1 X6.6 Y35.844 Z3
G1 Z2.6
G1 E.8 F1800
G1 F15000
G1 X6.6 Y134.656 E3.02985
G1 X6.806 Y135.25 F30000
;WIDTH:0.431684
G1 F15000
G1 X92.394 Y135.25 E2.63005
G1 X92.6 Y134.656 F30000
;WIDTH:0.430842
G1 F15000
G1 X92.6 Y9.294 E3.8439
;WIDTH:0.447481
G1 X92.583 Y9.214 E.00262
M73 P66 R20
;WIDTH:0.469667
G1 X92.567 Y9.133 E.00277
G1 X92.406 Y9.1 E.00554
;WIDTH:0.430842
G1 X28.494 Y9.1 E1.9597
;LAYER_CHANGE
;Z:2.8
;HEIGHT:0.2
;BEFORE_LAYER_CHANGE
;2.8
G92 E0

G1 E-.728 F1800
;WIPE_START
G1 F30000
G1 X29.694 Y9.1 E-.072
;WIPE_END
M73 L14
;LAYER:14
SET_PRINT_STATS_INFO TOTAL_LAYER=80 CURRENT_LAYER=14
;_SET_FAN_SPEED_CHANGING_LAYER

G1 X30.5434 Y9.72741 Z2.85714
G1 X30.5825 Y10.7827 Z2.91429
G1 X29.7818 Y11.4713 Z2.97143
G1 X28.7443 Y11.2746 Z3.02857
G1 X28.2512 Y10.3407 Z3.08571
G1 X28.6738 Y9.37295 Z3.14286
G1 X29.694 Y9.1 Z3.2
G1 X171.79 Y36.04 Z3.2
G1 Z2.8
G1 E.8 F1800
SET_VELOCITY_LIMIT ACCEL=5000
;TYPE:Outer wall
;WIDTH:0.42
G1 F3600
G1 X171.79 Y134.46 E2.93345
G1 X192.21 Y134.46 E.60863
G1 X192.21 Y36.04 E2.93345
G1 X171.83 Y36.04 E.60743
G1 E-.728 F1800
;WIPE_START
G1 F30000
G1 X171.83 Y37.24 E-.072
;WIPE_END
G1 X171.69 Y35.252 Z3.2
G1 Z2.8
G1 E.8 F1800
SET_VELOCITY_LIMIT ACCEL=10000
;TYPE:Inner wall
;WIDTH:0.45
G1 F6000
G1 X192.598 Y35.252 E.67275
G1 X192.598 Y35.648 E.01274
G1 X171.398 Y35.648 E.68215
G1 X171.398 Y134.852 E3.19206
G1 X192.598 Y134.852 E.68215
G1 X192.598 Y135.648 E.02561
G1 X106.602 Y135.648 E2.76706
G1 X106.602 Y134.852 E.02561
G1 X127.802 Y134.852 E.68215
G1 X127.802 Y35.252 E3.2048
G1 X128.198 Y35.252 E.01274
G1 X128.198 Y134.852 E3.2048
G1 X149.402 Y134.852 E.68228
G1 X149.402 Y35.252 E3.2048
G1 X149.798 Y35.252 E.01274
G1 X149.798 Y134.852 E3.2048
G1 X171.002 Y134.852 E.68228
G1 X171.002 Y35.648 E3.19206
G1 X170.902 Y35.648 E.00322
G1 X170.902 Y9.102 E.85416
G1 X171.298 Y9.102 E.01274
G1 X171.298 Y35.252 E.84142
G1 X171.65 Y35.252 E.01133
G1 E-.728 F1800
;WIPE_START
G1 F30000
G1 X172.85 Y35.252 E-.072
;WIPE_END
G1 X170.51 Y29.91 Z3.2
G1 Z2.8
G1 E.8 F1800
SET_VELOCITY_LIMIT ACCEL=5000
;TYPE:Outer wall
;WIDTH:0.42
G1 F3600
G1 X170.51 Y9.49 E.60863
G1 X150.09 Y9.49 E.60863
G1 X150.09 Y29.91 E.60863
G1 X170.47 Y29.91 E.60743
G1 X170.51 Y30.29 F30000
G1 F3600
G1 X149.71 Y30.29 E.61995
G1 X149.71 Y9.49 E.61995
M73 P67 R20
G1 X106.99 Y9.49 E1.27329
G1 X106.99 Y134.46 E3.72478
G1 X127.41 Y134.46 E.60863
G1 X127.41 Y34.86 E2.96862
G1 X128.59 Y34.86 E.03517
G1 X128.59 Y134.46 E2.96862
G1 X149.01 Y134.46 E.60863
G1 X149.01 Y34.86 E2.96862
G1 X150.19 Y34.86 E.03517
G1 X150.19 Y134.46 E2.96862
G1 X170.61 Y134.46 E.60863
G1 X170.61 Y36.04 E2.93345
G1 X170.51 Y36.04 E.00298
G1 X170.51 Y30.33 E.17019
G1 E-.728 F1800
;WIPE_START
G1 F30000
G1 X169.31 Y30.328 E-.072
;WIPE_END
G1 X171.69 Y34.86 Z3.2
G1 Z2.8
G1 E.8 F1800
G1 F3600
G1 X192.21 Y34.86 E.61161
G1 X192.21 Y23.56 E.3368
G1 X192.99 Y23.56 E.02325
G1 X192.99 Y136.04 E3.35251
G1 X106.21 Y136.04 E2.58651
G1 X106.21 Y8.71 E3.79512
G1 X171.69 Y8.71 E1.95166
G1 X171.69 Y34.82 E.77822
G1 E-.728 F1800
;WIPE_START
G1 F30000
G1 X172.89 Y34.822 E-.072
;WIPE_END
G1 X180.522 Y34.913 Z3.2
G1 X192.6 Y35.056 Z3.2
G1 Z2.8
G1 E.8 F1800
SET_VELOCITY_LIMIT ACCEL=10000
;TYPE:Gap infill
;WIDTH:0.430842
G1 F15000
G1 X192.6 Y23.756 E.34648
G1 E-.728 F1800
;WIPE_START
G1 F30000
G1 X192.6 Y24.956 E-.072
;WIPE_END
G1 X192.6 Y32.588 Z3.2
G1 X192.6 Y35.844 Z3.2
G1 Z2.8
G1 E.8 F1800
G1 F15000
G1 X192.6 Y134.656 E3.02982
G1 X192.394 Y135.25 F30000
;WIDTH:0.431684
G1 F15000
G1 X106.806 Y135.25 E2.63005
G1 X106.6 Y134.656 F30000
;WIDTH:0.430846
G1 F15000
G1 X106.6 Y9.294 E3.84394
;WIDTH:0.46967
G1 X106.633 Y9.133 E.00554
G1 X106.714 Y9.117 E.00277
;WIDTH:0.447482
G1 X106.794 Y9.1 E.00262
;WIDTH:0.430842
G1 X170.706 Y9.1 E1.9597
G1 E-.728 F1800
;WIPE_START
G1 F30000
G1 X169.506 Y9.1 E-.072
;WIPE_END
G1 X161.955 Y10.212 Z3.2
G1 X28.298 Y29.898 Z3.2
G1 Z2.8
G1 E.8 F1800
;TYPE:Inner wall
;WIDTH:0.45
G1 F6000
G1 X28.298 Y35.648 E.18502
G1 X28.198 Y35.648 E.00322
G1 X28.198 Y134.852 E3.19206
G1 X49.402 Y134.852 E.68228
G1 X49.402 Y35.252 E3.2048
G1 X49.798 Y35.252 E.01274
G1 X49.798 Y134.852 E3.2048
G1 X71.002 Y134.852 E.68228
G1 X71.002 Y35.252 E3.2048
G1 X71.398 Y35.252 E.01274
G1 X71.398 Y134.852 E3.2048
G1 X92.598 Y134.852 E.68215
G1 X92.598 Y135.648 E.02561
G1 X6.602 Y135.648 E2.76706
G1 X6.602 Y134.852 E.02561
G1 X27.802 Y134.852 E.68215
G1 X27.802 Y35.648 E3.19206
G1 X6.602 Y35.648 E.68215
G1 X6.602 Y35.252 E.01274
G1 X27.902 Y35.252 E.68536
G1 X27.902 Y9.102 E.84142
G1 X28.298 Y9.102 E.01274
G1 X28.298 Y29.858 E.66785
G1 E-.728 F1800
;WIPE_START
G1 F30000
G1 X28.298 Y31.058 E-.072
;WIPE_END
G1 X27.41 Y36.04 Z3.2
G1 Z2.8
G1 E.8 F1800
SET_VELOCITY_LIMIT ACCEL=5000
;TYPE:Outer wall
;WIDTH:0.42
G1 F3600
G1 X6.99 Y36.04 E.60863
G1 X6.99 Y134.46 E2.93345
G1 X27.41 Y134.46 E.60863
G1 X27.41 Y36.08 E2.93225
G1 E-.728 F1800
;WIPE_START
G1 F30000
G1 X26.21 Y36.078 E-.072
;WIPE_END
G1 X28.69 Y29.91 Z3.2
G1 Z2.8
G1 E.8 F1800
G1 F3600
G1 X49.11 Y29.91 E.60863
G1 X49.11 Y9.49 E.60863
G1 X28.69 Y9.49 E.60863
G1 X28.69 Y29.87 E.60743
G1 X28.69 Y30.29 F30000
M73 P68 R20
G1 F3600
G1 X28.69 Y36.04 E.17138
G1 X28.59 Y36.04 E.00298
G1 X28.59 Y134.46 E2.93345
G1 X49.01 Y134.46 E.60863
G1 X49.01 Y34.86 E2.96862
G1 X50.19 Y34.86 E.03517
G1 X50.19 Y134.46 E2.96862
G1 X70.61 Y134.46 E.60863
G1 X70.61 Y34.86 E2.96862
G1 X71.79 Y34.86 E.03517
M73 P68 R19
G1 X71.79 Y134.46 E2.96862
G1 X92.21 Y134.46 E.60863
G1 X92.21 Y9.49 E3.72478
G1 X49.49 Y9.49 E1.27329
G1 X49.49 Y30.29 E.61995
G1 X28.73 Y30.29 E.61876
G1 E-.728 F1800
;WIPE_START
G1 F30000
G1 X28.722 Y31.49 E-.072
;WIPE_END
G1 X27.51 Y34.86 Z3.2
G1 Z2.8
G1 E.8 F1800
G1 F3600
G1 X27.51 Y8.71 E.77941
G1 X92.99 Y8.71 E1.95166
G1 X92.99 Y136.04 E3.79512
G1 X6.21 Y136.04 E2.58651
G1 X6.21 Y23.56 E3.35251
G1 X6.99 Y23.56 E.02325
G1 X6.99 Y34.86 E.3368
G1 X27.47 Y34.86 E.61041
G1 E-.728 F1800
;WIPE_START
G1 F30000
G1 X27.472 Y33.66 E-.072
;WIPE_END
G1 X19.856 Y34.169 Z3.2
G1 X6.6 Y35.056 Z3.2
G1 Z2.8
G1 E.8 F1800
SET_VELOCITY_LIMIT ACCEL=10000
;TYPE:Gap infill
;WIDTH:0.430846
G1 F15000
G1 X6.6 Y23.756 E.34649
G1 E-.728 F1800
;WIPE_START
G1 F30000
G1 X6.6 Y24.956 E-.072
;WIPE_END
G1 X6.6 Y32.588 Z3.2
G1 X6.6 Y35.844 Z3.2
G1 Z2.8
G1 E.8 F1800
G1 F15000
G1 X6.6 Y134.656 E3.02985
G1 X6.806 Y135.25 F30000
;WIDTH:0.431684
G1 F15000
G1 X92.394 Y135.25 E2.63005
G1 X92.6 Y134.656 F30000
;WIDTH:0.430842
G1 F15000
G1 X92.6 Y9.294 E3.8439
;WIDTH:0.447481
G1 X92.583 Y9.214 E.00262
;WIDTH:0.469667
G1 X92.567 Y9.133 E.00277
G1 X92.406 Y9.1 E.00554
;WIDTH:0.430842
G1 X28.494 Y9.1 E1.9597
;LAYER_CHANGE
;Z:3
;HEIGHT:0.2
;BEFORE_LAYER_CHANGE
;3
G92 E0

G1 E-.728 F1800
;WIPE_START
G1 F30000
G1 X29.694 Y9.1 E-.072
;WIPE_END
M73 L15
;LAYER:15
SET_PRINT_STATS_INFO TOTAL_LAYER=80 CURRENT_LAYER=15
;_SET_FAN_SPEED_CHANGING_LAYER

G1 X30.5434 Y9.72741 Z3.05714
G1 X30.5825 Y10.7827 Z3.11429
G1 X29.7818 Y11.4713 Z3.17143
G1 X28.7443 Y11.2746 Z3.22857
G1 X28.2512 Y10.3407 Z3.28571
G1 X28.6738 Y9.37295 Z3.34286
G1 X29.694 Y9.1 Z3.4
G1 X171.79 Y36.04 Z3.4
G1 Z3
G1 E.8 F1800
SET_VELOCITY_LIMIT ACCEL=5000
;TYPE:Outer wall
;WIDTH:0.42
G1 F3600
G1 X171.79 Y134.46 E2.93345
G1 X192.21 Y134.46 E.60863
G1 X192.21 Y36.04 E2.93345
G1 X171.83 Y36.04 E.60743
G1 E-.728 F1800
;WIPE_START
G1 F30000
G1 X171.83 Y37.24 E-.072
;WIPE_END
G1 X171.69 Y35.252 Z3.4
G1 Z3
G1 E.8 F1800
SET_VELOCITY_LIMIT ACCEL=10000
;TYPE:Inner wall
;WIDTH:0.45
G1 F6000
G1 X192.598 Y35.252 E.67275
G1 X192.598 Y35.648 E.01274
G1 X171.398 Y35.648 E.68215
G1 X171.398 Y134.852 E3.19206
G1 X192.598 Y134.852 E.68215
G1 X192.598 Y135.648 E.02561
G1 X106.602 Y135.648 E2.76706
G1 X106.602 Y134.852 E.02561
G1 X127.802 Y134.852 E.68215
G1 X127.802 Y35.252 E3.2048
G1 X128.198 Y35.252 E.01274
G1 X128.198 Y134.852 E3.2048
G1 X149.402 Y134.852 E.68228
G1 X149.402 Y35.252 E3.2048
G1 X149.798 Y35.252 E.01274
G1 X149.798 Y134.852 E3.2048
G1 X171.002 Y134.852 E.68228
G1 X171.002 Y35.648 E3.19206
G1 X170.902 Y35.648 E.00322
G1 X170.902 Y9.102 E.85416
G1 X171.298 Y9.102 E.01274
G1 X171.298 Y35.252 E.84142
G1 X171.65 Y35.252 E.01133
G1 E-.728 F1800
;WIPE_START
G1 F30000
G1 X172.85 Y35.252 E-.072
;WIPE_END
G1 X170.51 Y29.91 Z3.4
G1 Z3
G1 E.8 F1800
SET_VELOCITY_LIMIT ACCEL=5000
;TYPE:Outer wall
;WIDTH:0.42
G1 F3600
G1 X170.51 Y9.49 E.60863
G1 X150.09 Y9.49 E.60863
G1 X150.09 Y29.91 E.60863
M73 P69 R19
G1 X170.47 Y29.91 E.60743
G1 X170.51 Y30.29 F30000
G1 F3600
G1 X149.71 Y30.29 E.61995
G1 X149.71 Y9.49 E.61995
G1 X106.99 Y9.49 E1.27329
G1 X106.99 Y134.46 E3.72478
G1 X127.41 Y134.46 E.60863
G1 X127.41 Y34.86 E2.96862
G1 X128.59 Y34.86 E.03517
G1 X128.59 Y134.46 E2.96862
G1 X149.01 Y134.46 E.60863
G1 X149.01 Y34.86 E2.96862
G1 X150.19 Y34.86 E.03517
G1 X150.19 Y134.46 E2.96862
G1 X170.61 Y134.46 E.60863
G1 X170.61 Y36.04 E2.93345
G1 X170.51 Y36.04 E.00298
G1 X170.51 Y30.33 E.17019
G1 E-.728 F1800
;WIPE_START
G1 F30000
G1 X169.31 Y30.328 E-.072
;WIPE_END
G1 X171.69 Y34.86 Z3.4
G1 Z3
G1 E.8 F1800
G1 F3600
G1 X192.21 Y34.86 E.61161
G1 X192.21 Y23.56 E.3368
G1 X192.99 Y23.56 E.02325
G1 X192.99 Y136.04 E3.35251
G1 X106.21 Y136.04 E2.58651
G1 X106.21 Y8.71 E3.79512
G1 X171.69 Y8.71 E1.95166
G1 X171.69 Y34.82 E.77822
G1 E-.728 F1800
;WIPE_START
G1 F30000
G1 X172.89 Y34.822 E-.072
;WIPE_END
G1 X180.522 Y34.913 Z3.4
G1 X192.6 Y35.056 Z3.4
G1 Z3
G1 E.8 F1800
SET_VELOCITY_LIMIT ACCEL=10000
;TYPE:Gap infill
;WIDTH:0.430842
G1 F15000
G1 X192.6 Y23.756 E.34648
G1 E-.728 F1800
;WIPE_START
G1 F30000
G1 X192.6 Y24.956 E-.072
;WIPE_END
G1 X192.6 Y32.588 Z3.4
G1 X192.6 Y35.844 Z3.4
G1 Z3
G1 E.8 F1800
G1 F15000
G1 X192.6 Y134.656 E3.02982
G1 X192.394 Y135.25 F30000
;WIDTH:0.431684
G1 F15000
G1 X106.806 Y135.25 E2.63005
G1 X106.6 Y134.656 F30000
;WIDTH:0.430846
G1 F15000
G1 X106.6 Y9.294 E3.84394
;WIDTH:0.46967
G1 X106.633 Y9.133 E.00554
G1 X106.714 Y9.117 E.00277
;WIDTH:0.447482
G1 X106.794 Y9.1 E.00262
;WIDTH:0.430842
G1 X170.706 Y9.1 E1.9597
G1 E-.728 F1800
;WIPE_START
G1 F30000
G1 X169.506 Y9.1 E-.072
;WIPE_END
G1 X161.955 Y10.212 Z3.4
G1 X28.298 Y29.898 Z3.4
G1 Z3
G1 E.8 F1800
;TYPE:Inner wall
;WIDTH:0.45
G1 F6000
G1 X28.298 Y35.648 E.18502
G1 X28.198 Y35.648 E.00322
G1 X28.198 Y134.852 E3.19206
G1 X49.402 Y134.852 E.68228
G1 X49.402 Y35.252 E3.2048
G1 X49.798 Y35.252 E.01274
G1 X49.798 Y134.852 E3.2048
G1 X71.002 Y134.852 E.68228
G1 X71.002 Y35.252 E3.2048
G1 X71.398 Y35.252 E.01274
M73 P69 R18
G1 X71.398 Y134.852 E3.2048
G1 X92.598 Y134.852 E.68215
G1 X92.598 Y135.648 E.02561
G1 X6.602 Y135.648 E2.76706
G1 X6.602 Y134.852 E.02561
G1 X27.802 Y134.852 E.68215
G1 X27.802 Y35.648 E3.19206
G1 X6.602 Y35.648 E.68215
G1 X6.602 Y35.252 E.01274
G1 X27.902 Y35.252 E.68536
G1 X27.902 Y9.102 E.84142
G1 X28.298 Y9.102 E.01274
G1 X28.298 Y29.858 E.66785
G1 E-.728 F1800
;WIPE_START
G1 F30000
G1 X28.298 Y31.058 E-.072
;WIPE_END
G1 X27.41 Y36.04 Z3.4
G1 Z3
G1 E.8 F1800
SET_VELOCITY_LIMIT ACCEL=5000
;TYPE:Outer wall
;WIDTH:0.42
G1 F3600
G1 X6.99 Y36.04 E.60863
G1 X6.99 Y134.46 E2.93345
G1 X27.41 Y134.46 E.60863
G1 X27.41 Y36.08 E2.93225
G1 E-.728 F1800
;WIPE_START
G1 F30000
G1 X26.21 Y36.078 E-.072
;WIPE_END
G1 X28.69 Y29.91 Z3.4
G1 Z3
G1 E.8 F1800
G1 F3600
G1 X49.11 Y29.91 E.60863
G1 X49.11 Y9.49 E.60863
M73 P70 R18
G1 X28.69 Y9.49 E.60863
G1 X28.69 Y29.87 E.60743
G1 X28.69 Y30.29 F30000
G1 F3600
G1 X28.69 Y36.04 E.17138
G1 X28.59 Y36.04 E.00298
G1 X28.59 Y134.46 E2.93345
G1 X49.01 Y134.46 E.60863
G1 X49.01 Y34.86 E2.96862
G1 X50.19 Y34.86 E.03517
G1 X50.19 Y134.46 E2.96862
G1 X70.61 Y134.46 E.60863
G1 X70.61 Y34.86 E2.96862
G1 X71.79 Y34.86 E.03517
G1 X71.79 Y134.46 E2.96862
G1 X92.21 Y134.46 E.60863
G1 X92.21 Y9.49 E3.72478
G1 X49.49 Y9.49 E1.27329
G1 X49.49 Y30.29 E.61995
G1 X28.73 Y30.29 E.61876
G1 E-.728 F1800
;WIPE_START
G1 F30000
G1 X28.722 Y31.49 E-.072
;WIPE_END
G1 X27.51 Y34.86 Z3.4
G1 Z3
G1 E.8 F1800
G1 F3600
G1 X27.51 Y8.71 E.77941
G1 X92.99 Y8.71 E1.95166
G1 X92.99 Y136.04 E3.79512
G1 X6.21 Y136.04 E2.58651
G1 X6.21 Y23.56 E3.35251
G1 X6.99 Y23.56 E.02325
G1 X6.99 Y34.86 E.3368
G1 X27.47 Y34.86 E.61041
G1 E-.728 F1800
;WIPE_START
G1 F30000
G1 X27.472 Y33.66 E-.072
;WIPE_END
G1 X19.856 Y34.169 Z3.4
G1 X6.6 Y35.056 Z3.4
G1 Z3
G1 E.8 F1800
SET_VELOCITY_LIMIT ACCEL=10000
;TYPE:Gap infill
;WIDTH:0.430846
G1 F15000
G1 X6.6 Y23.756 E.34649
G1 E-.728 F1800
;WIPE_START
G1 F30000
G1 X6.6 Y24.956 E-.072
;WIPE_END
G1 X6.6 Y32.588 Z3.4
G1 X6.6 Y35.844 Z3.4
G1 Z3
G1 E.8 F1800
G1 F15000
G1 X6.6 Y134.656 E3.02985
G1 X6.806 Y135.25 F30000
;WIDTH:0.431684
G1 F15000
G1 X92.394 Y135.25 E2.63005
G1 X92.6 Y134.656 F30000
;WIDTH:0.430842
G1 F15000
G1 X92.6 Y9.294 E3.8439
;WIDTH:0.447481
G1 X92.583 Y9.214 E.00262
;WIDTH:0.469667
G1 X92.567 Y9.133 E.00277
G1 X92.406 Y9.1 E.00554
;WIDTH:0.430842
G1 X28.494 Y9.1 E1.9597
;LAYER_CHANGE
;Z:3.2
;HEIGHT:0.2
;BEFORE_LAYER_CHANGE
;3.2
G92 E0

G1 E-.728 F1800
;WIPE_START
G1 F30000
G1 X29.694 Y9.1 E-.072
;WIPE_END
M73 L16
;LAYER:16
SET_PRINT_STATS_INFO TOTAL_LAYER=80 CURRENT_LAYER=16
;_SET_FAN_SPEED_CHANGING_LAYER

G1 X30.5434 Y9.72741 Z3.25714
G1 X30.5825 Y10.7827 Z3.31429
G1 X29.7818 Y11.4713 Z3.37143
G1 X28.7443 Y11.2746 Z3.42857
G1 X28.2512 Y10.3407 Z3.48571
G1 X28.6738 Y9.37295 Z3.54286
G1 X29.694 Y9.1 Z3.6
G1 X171.79 Y36.04 Z3.6
G1 Z3.2
G1 E.8 F1800
SET_VELOCITY_LIMIT ACCEL=5000
;TYPE:Outer wall
;WIDTH:0.42
G1 F3600
G1 X171.79 Y134.46 E2.93345
G1 X192.21 Y134.46 E.60863
G1 X192.21 Y36.04 E2.93345
G1 X171.83 Y36.04 E.60743
G1 E-.728 F1800
;WIPE_START
G1 F30000
G1 X171.83 Y37.24 E-.072
;WIPE_END
G1 X171.69 Y35.252 Z3.6
G1 Z3.2
G1 E.8 F1800
SET_VELOCITY_LIMIT ACCEL=10000
;TYPE:Inner wall
;WIDTH:0.45
G1 F6000
G1 X192.598 Y35.252 E.67275
G1 X192.598 Y35.648 E.01274
G1 X171.398 Y35.648 E.68215
G1 X171.398 Y134.852 E3.19206
G1 X192.598 Y134.852 E.68215
G1 X192.598 Y135.648 E.02561
G1 X106.602 Y135.648 E2.76706
G1 X106.602 Y134.852 E.02561
G1 X127.802 Y134.852 E.68215
G1 X127.802 Y35.252 E3.2048
G1 X128.198 Y35.252 E.01274
G1 X128.198 Y134.852 E3.2048
G1 X149.402 Y134.852 E.68228
G1 X149.402 Y35.252 E3.2048
G1 X149.798 Y35.252 E.01274
G1 X149.798 Y134.852 E3.2048
G1 X171.002 Y134.852 E.68228
G1 X171.002 Y35.648 E3.19206
G1 X170.902 Y35.648 E.00322
G1 X170.902 Y9.102 E.85416
G1 X171.298 Y9.102 E.01274
M73 P71 R18
G1 X171.298 Y35.252 E.84142
G1 X171.65 Y35.252 E.01133
G1 E-.728 F1800
;WIPE_START
G1 F30000
G1 X172.85 Y35.252 E-.072
;WIPE_END
G1 X170.51 Y29.91 Z3.6
G1 Z3.2
G1 E.8 F1800
SET_VELOCITY_LIMIT ACCEL=5000
;TYPE:Outer wall
;WIDTH:0.42
G1 F3600
G1 X170.51 Y9.49 E.60863
G1 X150.09 Y9.49 E.60863
G1 X150.09 Y29.91 E.60863
G1 X170.47 Y29.91 E.60743
G1 X170.51 Y30.29 F30000
G1 F3600
G1 X149.71 Y30.29 E.61995
G1 X149.71 Y9.49 E.61995
G1 X106.99 Y9.49 E1.27329
G1 X106.99 Y134.46 E3.72478
G1 X127.41 Y134.46 E.60863
G1 X127.41 Y34.86 E2.96862
G1 X128.59 Y34.86 E.03517
G1 X128.59 Y134.46 E2.96862
G1 X149.01 Y134.46 E.60863
G1 X149.01 Y34.86 E2.96862
G1 X150.19 Y34.86 E.03517
G1 X150.19 Y134.46 E2.96862
G1 X170.61 Y134.46 E.60863
G1 X170.61 Y36.04 E2.93345
G1 X170.51 Y36.04 E.00298
M73 P71 R17
G1 X170.51 Y30.33 E.17019
G1 E-.728 F1800
;WIPE_START
G1 F30000
G1 X169.31 Y30.328 E-.072
;WIPE_END
G1 X171.69 Y34.86 Z3.6
G1 Z3.2
G1 E.8 F1800
G1 F3600
G1 X192.21 Y34.86 E.61161
G1 X192.21 Y23.56 E.3368
G1 X192.99 Y23.56 E.02325
G1 X192.99 Y136.04 E3.35251
G1 X106.21 Y136.04 E2.58651
G1 X106.21 Y8.71 E3.79512
G1 X171.69 Y8.71 E1.95166
G1 X171.69 Y34.82 E.77822
G1 E-.728 F1800
;WIPE_START
G1 F30000
G1 X172.89 Y34.822 E-.072
;WIPE_END
G1 X180.522 Y34.913 Z3.6
G1 X192.6 Y35.056 Z3.6
G1 Z3.2
G1 E.8 F1800
SET_VELOCITY_LIMIT ACCEL=10000
;TYPE:Gap infill
;WIDTH:0.430842
G1 F15000
G1 X192.6 Y23.756 E.34648
G1 E-.728 F1800
;WIPE_START
G1 F30000
G1 X192.6 Y24.956 E-.072
;WIPE_END
G1 X192.6 Y32.588 Z3.6
G1 X192.6 Y35.844 Z3.6
G1 Z3.2
G1 E.8 F1800
G1 F15000
G1 X192.6 Y134.656 E3.02982
G1 X192.394 Y135.25 F30000
;WIDTH:0.431684
G1 F15000
G1 X106.806 Y135.25 E2.63005
G1 X106.6 Y134.656 F30000
;WIDTH:0.430846
G1 F15000
G1 X106.6 Y9.294 E3.84394
;WIDTH:0.46967
G1 X106.633 Y9.133 E.00554
G1 X106.714 Y9.117 E.00277
;WIDTH:0.447482
G1 X106.794 Y9.1 E.00262
;WIDTH:0.430842
G1 X170.706 Y9.1 E1.9597
G1 E-.728 F1800
;WIPE_START
G1 F30000
G1 X169.506 Y9.1 E-.072
;WIPE_END
G1 X161.955 Y10.212 Z3.6
G1 X28.298 Y29.898 Z3.6
G1 Z3.2
G1 E.8 F1800
;TYPE:Inner wall
;WIDTH:0.45
G1 F6000
G1 X28.298 Y35.648 E.18502
G1 X28.198 Y35.648 E.00322
G1 X28.198 Y134.852 E3.19206
G1 X49.402 Y134.852 E.68228
G1 X49.402 Y35.252 E3.2048
G1 X49.798 Y35.252 E.01274
G1 X49.798 Y134.852 E3.2048
G1 X71.002 Y134.852 E.68228
G1 X71.002 Y35.252 E3.2048
G1 X71.398 Y35.252 E.01274
G1 X71.398 Y134.852 E3.2048
G1 X92.598 Y134.852 E.68215
G1 X92.598 Y135.648 E.02561
G1 X6.602 Y135.648 E2.76706
G1 X6.602 Y134.852 E.02561
G1 X27.802 Y134.852 E.68215
G1 X27.802 Y35.648 E3.19206
G1 X6.602 Y35.648 E.68215
G1 X6.602 Y35.252 E.01274
G1 X27.902 Y35.252 E.68536
G1 X27.902 Y9.102 E.84142
G1 X28.298 Y9.102 E.01274
G1 X28.298 Y29.858 E.66785
G1 E-.728 F1800
;WIPE_START
G1 F30000
G1 X28.298 Y31.058 E-.072
;WIPE_END
G1 X27.41 Y36.04 Z3.6
G1 Z3.2
G1 E.8 F1800
SET_VELOCITY_LIMIT ACCEL=5000
;TYPE:Outer wall
;WIDTH:0.42
G1 F3600
G1 X6.99 Y36.04 E.60863
G1 X6.99 Y134.46 E2.93345
G1 X27.41 Y134.46 E.60863
G1 X27.41 Y36.08 E2.93225
G1 E-.728 F1800
M73 P72 R17
;WIPE_START
G1 F30000
G1 X26.21 Y36.078 E-.072
;WIPE_END
G1 X28.69 Y29.91 Z3.6
G1 Z3.2
G1 E.8 F1800
G1 F3600
G1 X49.11 Y29.91 E.60863
G1 X49.11 Y9.49 E.60863
G1 X28.69 Y9.49 E.60863
G1 X28.69 Y29.87 E.60743
G1 X28.69 Y30.29 F30000
G1 F3600
G1 X28.69 Y36.04 E.17138
G1 X28.59 Y36.04 E.00298
G1 X28.59 Y134.46 E2.93345
G1 X49.01 Y134.46 E.60863
G1 X49.01 Y34.86 E2.96862
G1 X50.19 Y34.86 E.03517
G1 X50.19 Y134.46 E2.96862
G1 X70.61 Y134.46 E.60863
G1 X70.61 Y34.86 E2.96862
G1 X71.79 Y34.86 E.03517
G1 X71.79 Y134.46 E2.96862
G1 X92.21 Y134.46 E.60863
G1 X92.21 Y9.49 E3.72478
G1 X49.49 Y9.49 E1.27329
G1 X49.49 Y30.29 E.61995
G1 X28.73 Y30.29 E.61876
G1 E-.728 F1800
;WIPE_START
G1 F30000
G1 X28.722 Y31.49 E-.072
;WIPE_END
G1 X27.51 Y34.86 Z3.6
G1 Z3.2
G1 E.8 F1800
G1 F3600
G1 X27.51 Y8.71 E.77941
G1 X92.99 Y8.71 E1.95166
G1 X92.99 Y136.04 E3.79512
G1 X6.21 Y136.04 E2.58651
G1 X6.21 Y23.56 E3.35251
G1 X6.99 Y23.56 E.02325
G1 X6.99 Y34.86 E.3368
G1 X27.47 Y34.86 E.61041
G1 E-.728 F1800
;WIPE_START
G1 F30000
G1 X27.472 Y33.66 E-.072
;WIPE_END
G1 X19.856 Y34.169 Z3.6
G1 X6.6 Y35.056 Z3.6
G1 Z3.2
G1 E.8 F1800
SET_VELOCITY_LIMIT ACCEL=10000
;TYPE:Gap infill
;WIDTH:0.430846
G1 F15000
G1 X6.6 Y23.756 E.34649
G1 E-.728 F1800
;WIPE_START
G1 F30000
G1 X6.6 Y24.956 E-.072
;WIPE_END
G1 X6.6 Y32.588 Z3.6
G1 X6.6 Y35.844 Z3.6
G1 Z3.2
G1 E.8 F1800
G1 F15000
G1 X6.6 Y134.656 E3.02985
G1 X6.806 Y135.25 F30000
;WIDTH:0.431684
G1 F15000
G1 X92.394 Y135.25 E2.63005
G1 X92.6 Y134.656 F30000
;WIDTH:0.430842
G1 F15000
G1 X92.6 Y9.294 E3.8439
;WIDTH:0.447481
G1 X92.583 Y9.214 E.00262
;WIDTH:0.469667
G1 X92.567 Y9.133 E.00277
G1 X92.406 Y9.1 E.00554
;WIDTH:0.430842
G1 X28.494 Y9.1 E1.9597
M106 S150
;LAYER_CHANGE
;Z:3.4
;HEIGHT:0.2
;BEFORE_LAYER_CHANGE
;3.4
G92 E0

G1 E-.728 F1800
;WIPE_START
G1 F30000
G1 X29.694 Y9.1 E-.072
;WIPE_END
M73 L17
;LAYER:17
SET_PRINT_STATS_INFO TOTAL_LAYER=80 CURRENT_LAYER=17
;_SET_FAN_SPEED_CHANGING_LAYER

G1 X30.5433 Y9.72763 Z3.45714
G1 X30.5821 Y10.783 Z3.51429
G1 X29.7812 Y11.4713 Z3.57143
G1 X28.7437 Y11.2743 Z3.62857
G1 X28.2508 Y10.3404 Z3.68571
G1 X28.6737 Y9.37269 Z3.74286
G1 X29.694 Y9.1 Z3.8
G1 X171.59 Y36.04 Z3.8
G1 Z3.4
G1 E.8 F1800
SET_VELOCITY_LIMIT ACCEL=5000
;TYPE:Outer wall
;WIDTH:0.42
G1 F3600
G1 X171.59 Y134.46 E2.93345
G1 X192.41 Y134.46 E.62055
G1 X192.41 Y36.04 E2.93345
G1 X171.63 Y36.04 E.61936
G1 E-.728 F1800
;WIPE_START
G1 F30000
G1 X171.63 Y37.24 E-.072
;WIPE_END
G1 X171.298 Y34.86 Z3.8
G1 Z3.4
G1 E.8 F1800
SET_VELOCITY_LIMIT ACCEL=10000
;TYPE:Inner wall
;WIDTH:0.45
G1 F6000
G1 X171.298 Y35.252 E.01262
G1 X192.598 Y35.252 E.68536
G1 X192.598 Y35.648 E.01274
G1 X170.902 Y35.648 E.6981
G1 X170.902 Y9.102 E.85416
G1 X171.298 Y9.102 E.01274
G1 X171.298 Y34.82 E.82752
G1 E-.728 F1800
;WIPE_START
G1 F30000
G1 X171.298 Y35.252 E-.02592
G1 X172.066 Y35.252 E-.04608
;WIPE_END
G1 X170.51 Y29.91 Z3.8
G1 Z3.4
G1 E.8 F1800
SET_VELOCITY_LIMIT ACCEL=5000
;TYPE:Outer wall
;WIDTH:0.42
G1 F3600
G1 X170.51 Y9.49 E.60863
G1 X149.89 Y9.49 E.61459
G1 X149.89 Y29.91 E.60863
G1 X170.47 Y29.91 E.6134
G1 X170.51 Y30.29 F30000
G1 F3600
G1 X149.71 Y30.29 E.61995
G1 X149.71 Y9.49 E.61995
G1 X106.79 Y9.49 E1.27925
G1 X106.79 Y134.46 E3.72478
G1 X127.61 Y134.46 E.62055
M73 P72 R16
G1 X127.61 Y34.86 E2.96862
G1 X128.39 Y34.86 E.02325
M73 P73 R16
G1 X128.39 Y134.46 E2.96862
G1 X149.21 Y134.46 E.62055
G1 X149.21 Y34.86 E2.96862
G1 X149.99 Y34.86 E.02325
G1 X149.99 Y134.46 E2.96862
G1 X170.81 Y134.46 E.62055
G1 X170.81 Y36.04 E2.93345
G1 X170.51 Y36.04 E.00894
G1 X170.51 Y30.33 E.17019
G1 E-.728 F1800
;WIPE_START
G1 F30000
G1 X169.31 Y30.328 E-.072
;WIPE_END
G1 X165.383 Y36.873 Z3.8
G1 X106.602 Y134.852 Z3.8
G1 Z3.4
G1 E.8 F1800
SET_VELOCITY_LIMIT ACCEL=10000
;TYPE:Inner wall
;WIDTH:0.45
G1 F6000
G1 X192.598 Y134.852 E2.76706
G1 X192.598 Y135.648 E.02561
G1 X106.602 Y135.648 E2.76706
G1 X106.602 Y134.892 E.02432
G1 E-.728 F1800
;WIPE_START
G1 F30000
G1 X107.802 Y134.892 E-.072
;WIPE_END
G1 X111.91 Y128.459 Z3.8
G1 X171.69 Y34.86 Z3.8
G1 Z3.4
G1 E.8 F1800
SET_VELOCITY_LIMIT ACCEL=5000
;TYPE:Outer wall
;WIDTH:0.42
G1 F3600
G1 X192.21 Y34.86 E.61161
G1 X192.21 Y23.56 E.3368
G1 X192.99 Y23.56 E.02325
G1 X192.99 Y136.04 E3.35251
G1 X106.21 Y136.04 E2.58651
G1 X106.21 Y8.71 E3.79512
G1 X171.69 Y8.71 E1.95166
G1 X171.69 Y34.82 E.77822
G1 E-.728 F1800
;WIPE_START
G1 F30000
G1 X172.89 Y34.822 E-.072
;WIPE_END
G1 X171.2 Y35.844 Z3.8
G1 Z3.4
G1 E.8 F1800
SET_VELOCITY_LIMIT ACCEL=10000
;TYPE:Gap infill
;WIDTH:0.43084
G1 F15000
G1 X171.2 Y134.656 E3.0298
G1 E-.728 F1800
;WIPE_START
G1 F30000
G1 X171.2 Y133.456 E-.072
;WIPE_END
G1 X168.132 Y126.467 Z3.8
G1 X128 Y35.056 Z3.8
G1 Z3.4
G1 E.8 F1800
;WIDTH:0.430842
G1 F15000
G1 X128 Y134.656 E3.05398
G1 E-.728 F1800
;WIPE_START
G1 F30000
G1 X128 Y133.456 E-.072
;WIPE_END
G1 X135.621 Y133.879 Z3.8
G1 X149.6 Y134.656 Z3.8
G1 Z3.4
G1 E.8 F1800
G1 F15000
G1 X149.6 Y35.056 E3.05398
G1 E-.728 F1800
;WIPE_START
G1 F30000
G1 X149.6 Y36.256 E-.072
;WIPE_END
G1 X154.284 Y30.23 Z3.8
G1 X170.706 Y9.1 Z3.8
G1 Z3.4
G1 E.8 F1800
;WIDTH:0.430842
G1 F15000
G1 X106.594 Y9.106 E1.96583
;WIDTH:0.395278
G1 X106.57 Y9.153 E.00146
;WIDTH:0.348297
G1 X106.547 Y9.2 E.00127
;WIDTH:0.301316
G1 X106.523 Y9.247 E.00107
;WIDTH:0.230864
G1 X106.5 Y9.294 E.00078
G1 X106.5 Y134.656 E1.86233
G1 X106.806 Y135.25 F30000
;WIDTH:0.431684
G1 F15000
G1 X192.394 Y135.25 E2.63005
G1 X192.7 Y134.656 F30000
;WIDTH:0.23084
G1 F15000
G1 X192.7 Y35.844 E1.46773
G1 X192.6 Y35.056 F30000
;WIDTH:0.430842
G1 F15000
G1 X192.6 Y23.756 E.34648
G1 E-.728 F1800
;WIPE_START
G1 F30000
G1 X192.6 Y24.956 E-.072
;WIPE_END
G1 X184.982 Y25.432 Z3.8
G1 X27.902 Y35.252 Z3.8
G1 Z3.4
G1 E.8 F1800
;TYPE:Inner wall
;WIDTH:0.45
G1 F6000
G1 X27.902 Y9.102 E.84142
G1 X28.298 Y9.102 E.01274
G1 X28.298 Y35.648 E.85416
G1 X6.602 Y35.648 E.6981
G1 X6.602 Y35.252 E.01274
G1 X27.862 Y35.252 E.68408
G1 E-.728 F1800
;WIPE_START
G1 F30000
G1 X27.864 Y34.052 E-.072
;WIPE_END
G1 X27.61 Y36.04 Z3.8
G1 Z3.4
G1 E.8 F1800
SET_VELOCITY_LIMIT ACCEL=5000
;TYPE:Outer wall
;WIDTH:0.42
G1 F3600
G1 X6.79 Y36.04 E.62055
G1 X6.79 Y134.46 E2.93345
G1 X27.61 Y134.46 E.62055
G1 X27.61 Y36.08 E2.93225
G1 E-.728 F1800
;WIPE_START
G1 F30000
G1 X26.41 Y36.078 E-.072
;WIPE_END
G1 X28.69 Y29.91 Z3.8
G1 Z3.4
G1 E.8 F1800
G1 F3600
G1 X49.31 Y29.91 E.61459
G1 X49.31 Y9.49 E.60863
G1 X28.69 Y9.49 E.61459
G1 X28.69 Y29.87 E.60743
G1 X28.69 Y30.29 F30000
G1 F3600
G1 X28.69 Y36.04 E.17138
G1 X28.39 Y36.04 E.00894
G1 X28.39 Y134.46 E2.93345
G1 X49.21 Y134.46 E.62055
G1 X49.21 Y34.86 E2.96862
G1 X49.99 Y34.86 E.02325
G1 X49.99 Y134.46 E2.96862
G1 X70.81 Y134.46 E.62055
G1 X70.81 Y34.86 E2.96862
G1 X71.59 Y34.86 E.02325
M73 P74 R16
G1 X71.59 Y134.46 E2.96862
G1 X92.41 Y134.46 E.62055
G1 X92.41 Y9.49 E3.72478
G1 X49.49 Y9.49 E1.27925
G1 X49.49 Y30.29 E.61995
G1 X28.73 Y30.29 E.61876
G1 E-.728 F1800
;WIPE_START
G1 F30000
G1 X28.722 Y31.49 E-.072
;WIPE_END
G1 X32.734 Y37.983 Z3.8
G1 X92.598 Y134.852 Z3.8
G1 Z3.4
G1 E.8 F1800
SET_VELOCITY_LIMIT ACCEL=10000
;TYPE:Inner wall
;WIDTH:0.45
G1 F6000
G1 X92.598 Y135.648 E.02561
G1 X6.602 Y135.648 E2.76706
G1 X6.602 Y134.852 E.02561
G1 X92.558 Y134.852 E2.76577
G1 E-.728 F1800
;WIPE_START
G1 F30000
G1 X92.598 Y135.648 E-.04781
G1 X92.195 Y135.648 E-.02419
;WIPE_END
G1 X88.072 Y129.225 Z3.8
G1 X27.51 Y34.86 Z3.8
G1 Z3.4
G1 E.8 F1800
SET_VELOCITY_LIMIT ACCEL=5000
;TYPE:Outer wall
;WIDTH:0.42
G1 F3600
G1 X27.51 Y8.71 E.77941
G1 X92.99 Y8.71 E1.95166
G1 X92.99 Y136.04 E3.79512
G1 X6.21 Y136.04 E2.58651
G1 X6.21 Y23.56 E3.35251
G1 X6.99 Y23.56 E.02325
G1 X6.99 Y34.86 E.3368
G1 X27.47 Y34.86 E.61041
G1 E-.728 F1800
;WIPE_START
G1 F30000
G1 X27.472 Y33.66 E-.072
;WIPE_END
G1 X28 Y35.844 Z3.8
G1 Z3.4
G1 E.8 F1800
SET_VELOCITY_LIMIT ACCEL=10000
;TYPE:Gap infill
;WIDTH:0.430842
G1 F15000
G1 X28 Y134.656 E3.02982
G1 E-.728 F1800
;WIPE_START
G1 F30000
G1 X28 Y133.456 E-.072
;WIPE_END
G1 X35.621 Y133.879 Z3.8
G1 X49.6 Y134.656 Z3.8
G1 Z3.4
G1 E.8 F1800
G1 F15000
G1 X49.6 Y35.056 E3.05398
G1 E-.728 F1800
;WIPE_START
G1 F30000
G1 X49.6 Y36.256 E-.072
;WIPE_END
G1 X57.221 Y35.833 Z3.8
G1 X71.2 Y35.056 Z3.8
G1 Z3.4
G1 E.8 F1800
;WIDTH:0.43084
G1 F15000
G1 X71.2 Y134.656 E3.05396
G1 E-.728 F1800
;WIPE_START
G1 F30000
G1 X71.2 Y133.456 E-.072
;WIPE_END
G1 X67.327 Y126.879 Z3.8
G1 X6.6 Y23.756 Z3.8
G1 Z3.4
G1 E.8 F1800
;WIDTH:0.430846
G1 F15000
G1 X6.6 Y35.056 E.34649
G1 X6.5 Y35.844 F30000
;WIDTH:0.230844
G1 F15000
G1 X6.5 Y134.656 E1.46776
G1 X6.806 Y135.25 F30000
;WIDTH:0.431684
G1 F15000
G1 X92.394 Y135.25 E2.63005
G1 X92.7 Y134.656 F30000
;WIDTH:0.23084
G1 F15000
G1 X92.7 Y9.294 E1.86209
;WIDTH:0.25433
G1 X92.677 Y9.247 E.00088
;WIDTH:0.30131
G1 X92.653 Y9.2 E.00107
;WIDTH:0.34829
G1 X92.63 Y9.153 E.00127
;WIDTH:0.39527
G1 X92.606 Y9.106 E.00146
;WIDTH:0.430841
G1 X28.494 Y9.1 E1.96582
M106 S158
;LAYER_CHANGE
;Z:3.6
;HEIGHT:0.2
;BEFORE_LAYER_CHANGE
;3.6
G92 E0

G1 E-.728 F1800
;WIPE_START
G1 F30000
G1 X29.694 Y9.1 E-.072
;WIPE_END
M73 L18
;LAYER:18
SET_PRINT_STATS_INFO TOTAL_LAYER=80 CURRENT_LAYER=18
;_SET_FAN_SPEED_CHANGING_LAYER

G1 X30.5431 Y9.72796 Z3.65714
G1 X30.5817 Y10.7833 Z3.71429
G1 X29.7806 Y11.4714 Z3.77143
M73 P74 R15
G1 X28.7431 Y11.2742 Z3.82857
G1 X28.2505 Y10.3401 Z3.88571
G1 X28.6737 Y9.37254 Z3.94286
G1 X29.694 Y9.10012 Z4
G1 X171.39 Y36.04 Z4
G1 Z3.6
G1 E.8 F1800
SET_VELOCITY_LIMIT ACCEL=5000
;TYPE:Outer wall
;WIDTH:0.42
G1 F3600
G1 X171.39 Y134.46 E2.93345
G1 X192.61 Y134.46 E.63247
G1 X192.61 Y36.04 E2.93345
G1 X171.43 Y36.04 E.63128
G1 E-.728 F1800
;WIPE_START
G1 F30000
G1 X171.43 Y37.24 E-.072
;WIPE_END
G1 X171.298 Y34.86 Z4
G1 Z3.6
G1 E.8 F1800
SET_VELOCITY_LIMIT ACCEL=10000
;TYPE:Inner wall
;WIDTH:0.45
G1 F6000
G1 X171.298 Y35.252 E.01262
G1 X192.598 Y35.252 E.68536
G1 X192.598 Y35.648 E.01274
G1 X170.902 Y35.648 E.6981
G1 X170.902 Y9.102 E.85416
G1 X171.298 Y9.102 E.01274
G1 X171.298 Y34.82 E.82752
G1 E-.728 F1800
;WIPE_START
G1 F30000
G1 X171.298 Y35.252 E-.02592
G1 X172.066 Y35.252 E-.04608
;WIPE_END
G1 X170.51 Y29.91 Z4
G1 Z3.6
G1 E.8 F1800
SET_VELOCITY_LIMIT ACCEL=5000
;TYPE:Outer wall
;WIDTH:0.42
G1 F3600
G1 X170.51 Y9.49 E.60863
G1 X106.59 Y9.49 E1.90516
G1 X106.59 Y134.46 E3.72478
G1 X127.81 Y134.46 E.63247
G1 X127.81 Y34.86 E2.96862
G1 X128.19 Y34.86 E.01133
G1 X128.19 Y134.46 E2.96862
G1 X149.41 Y134.46 E.63247
G1 X149.41 Y34.86 E2.96862
G1 X149.79 Y34.86 E.01133
G1 X149.79 Y134.46 E2.96862
G1 X171.01 Y134.46 E.63247
G1 X171.01 Y36.04 E2.93345
G1 X170.51 Y36.04 E.0149
M73 P75 R15
G1 X170.51 Y30.29 E.17138
G1 X149.71 Y30.29 E.61995
G1 X149.71 Y29.91 E.01133
G1 X170.47 Y29.91 E.61876
G1 E-.728 F1800
;WIPE_START
G1 F30000
G1 X170.472 Y28.71 E-.072
;WIPE_END
G1 X166.537 Y35.25 Z4
G1 X106.602 Y134.852 Z4
G1 Z3.6
G1 E.8 F1800
SET_VELOCITY_LIMIT ACCEL=10000
;TYPE:Inner wall
;WIDTH:0.45
G1 F6000
G1 X192.598 Y134.852 E2.76706
G1 X192.598 Y135.648 E.02561
G1 X106.602 Y135.648 E2.76706
G1 X106.602 Y134.892 E.02432
G1 E-.728 F1800
;WIPE_START
G1 F30000
G1 X107.802 Y134.892 E-.072
;WIPE_END
G1 X111.91 Y128.459 Z4
G1 X171.69 Y34.86 Z4
G1 Z3.6
G1 E.8 F1800
SET_VELOCITY_LIMIT ACCEL=5000
;TYPE:Outer wall
;WIDTH:0.42
G1 F3600
G1 X192.21 Y34.86 E.61161
G1 X192.21 Y23.56 E.3368
G1 X192.99 Y23.56 E.02325
G1 X192.99 Y136.04 E3.35251
G1 X106.21 Y136.04 E2.58651
G1 X106.21 Y8.71 E3.79512
G1 X171.69 Y8.71 E1.95166
G1 X171.69 Y34.82 E.77822
G1 E-.728 F1800
;WIPE_START
G1 F30000
G1 X172.89 Y34.822 E-.072
;WIPE_END
G1 X180.522 Y34.913 Z4
G1 X192.6 Y35.056 Z4
G1 Z3.6
G1 E.8 F1800
SET_VELOCITY_LIMIT ACCEL=10000
;TYPE:Gap infill
;WIDTH:0.430842
G1 F15000
G1 X192.6 Y23.756 E.34648
G1 E-.728 F1800
;WIPE_START
G1 F30000
G1 X192.6 Y24.956 E-.072
;WIPE_END
G1 X186.408 Y20.494 Z4
G1 X170.318 Y8.898 Z4
G1 Z3.6
G1 E.8 F1800
SET_VELOCITY_LIMIT ACCEL=2000
;TYPE:Top surface
;WIDTH:0.421372
G1 F12000
G1 X169.914 Y9.302 E.01865
G1 X169.378 Y9.302 F30000
G1 F12000
G1 X169.783 Y8.898 E.01865
G1 X169.248 Y8.898 F30000
G1 F12000
G1 X168.843 Y9.302 E.01865
G1 X168.308 Y9.302 F30000
G1 F12000
G1 X168.712 Y8.898 E.01865
G1 X168.177 Y8.898 F30000
G1 F12000
G1 X167.773 Y9.302 E.01865
G1 X167.238 Y9.302 F30000
G1 F12000
G1 X167.642 Y8.898 E.01865
G1 X167.107 Y8.898 F30000
G1 F12000
G1 X166.702 Y9.302 E.01865
G1 X166.167 Y9.302 F30000
G1 F12000
G1 X166.572 Y8.898 E.01865
G1 X166.036 Y8.898 F30000
G1 F12000
G1 X165.632 Y9.302 E.01865
G1 X165.097 Y9.302 F30000
G1 F12000
G1 X165.501 Y8.898 E.01865
G1 X164.966 Y8.898 F30000
G1 F12000
G1 X164.561 Y9.302 E.01865
G1 X164.026 Y9.302 F30000
G1 F12000
G1 X164.431 Y8.898 E.01865
G1 X163.895 Y8.898 F30000
G1 F12000
G1 X163.491 Y9.302 E.01865
G1 X162.956 Y9.302 F30000
G1 F12000
G1 X163.36 Y8.898 E.01865
G1 X162.825 Y8.898 F30000
G1 F12000
G1 X162.421 Y9.302 E.01865
G1 X161.885 Y9.302 F30000
G1 F12000
G1 X162.29 Y8.898 E.01865
G1 X161.755 Y8.898 F30000
G1 F12000
G1 X161.35 Y9.302 E.01865
G1 X160.815 Y9.302 F30000
G1 F12000
G1 X161.219 Y8.898 E.01865
G1 X160.684 Y8.898 F30000
G1 F12000
G1 X160.28 Y9.302 E.01865
G1 X159.745 Y9.302 F30000
G1 F12000
G1 X160.149 Y8.898 E.01865
G1 X159.614 Y8.898 F30000
G1 F12000
G1 X159.209 Y9.302 E.01865
G1 X158.674 Y9.302 F30000
G1 F12000
G1 X159.079 Y8.898 E.01865
G1 X158.543 Y8.898 F30000
G1 F12000
G1 X158.139 Y9.302 E.01865
G1 X157.604 Y9.302 F30000
G1 F12000
G1 X158.008 Y8.898 E.01865
G1 X157.473 Y8.898 F30000
G1 F12000
G1 X157.068 Y9.302 E.01865
G1 X156.533 Y9.302 F30000
G1 F12000
G1 X156.938 Y8.898 E.01865
G1 X156.402 Y8.898 F30000
G1 F12000
G1 X155.998 Y9.302 E.01865
G1 X155.463 Y9.302 F30000
G1 F12000
G1 X155.867 Y8.898 E.01865
G1 X155.332 Y8.898 F30000
G1 F12000
G1 X154.928 Y9.302 E.01865
G1 X154.392 Y9.302 F30000
G1 F12000
G1 X154.797 Y8.898 E.01865
G1 X154.262 Y8.898 F30000
G1 F12000
G1 X153.857 Y9.302 E.01865
G1 X153.322 Y9.302 F30000
G1 F12000
G1 X153.726 Y8.898 E.01865
G1 X153.191 Y8.898 F30000
G1 F12000
G1 X152.787 Y9.302 E.01865
G1 X152.252 Y9.302 F30000
G1 F12000
G1 X152.656 Y8.898 E.01865
G1 X152.121 Y8.898 F30000
G1 F12000
G1 X151.716 Y9.302 E.01865
G1 X151.181 Y9.302 F30000
G1 F12000
G1 X151.586 Y8.898 E.01865
G1 X151.05 Y8.898 F30000
G1 F12000
G1 X150.646 Y9.302 E.01865
G1 X150.111 Y9.302 F30000
G1 F12000
G1 X150.515 Y8.898 E.01865
G1 X149.98 Y8.898 F30000
G1 F12000
G1 X149.576 Y9.302 E.01865
G1 X149.04 Y9.302 F30000
G1 F12000
G1 X149.445 Y8.898 E.01865
G1 X148.91 Y8.898 F30000
G1 F12000
G1 X148.505 Y9.302 E.01865
G1 X147.97 Y9.302 F30000
G1 F12000
G1 X148.374 Y8.898 E.01865
G1 X147.839 Y8.898 F30000
G1 F12000
G1 X147.435 Y9.302 E.01865
G1 X146.899 Y9.302 F30000
G1 F12000
G1 X147.304 Y8.898 E.01865
G1 X146.769 Y8.898 F30000
G1 F12000
G1 X146.364 Y9.302 E.01865
G1 X145.829 Y9.302 F30000
G1 F12000
G1 X146.233 Y8.898 E.01865
G1 X145.698 Y8.898 F30000
G1 F12000
G1 X145.294 Y9.302 E.01865
G1 X144.759 Y9.302 F30000
G1 F12000
G1 X145.163 Y8.898 E.01865
G1 X144.628 Y8.898 F30000
G1 F12000
G1 X144.223 Y9.302 E.01865
G1 X143.688 Y9.302 F30000
G1 F12000
G1 X144.093 Y8.898 E.01865
G1 X143.557 Y8.898 F30000
G1 F12000
G1 X143.153 Y9.302 E.01865
G1 X142.618 Y9.302 F30000
G1 F12000
G1 X143.022 Y8.898 E.01865
G1 X142.487 Y8.898 F30000
G1 F12000
G1 X142.083 Y9.302 E.01865
G1 X141.547 Y9.302 F30000
G1 F12000
G1 X141.952 Y8.898 E.01865
G1 X141.417 Y8.898 F30000
G1 F12000
G1 X141.012 Y9.302 E.01865
G1 X140.477 Y9.302 F30000
G1 F12000
G1 X140.881 Y8.898 E.01865
G1 X140.346 Y8.898 F30000
G1 F12000
G1 X139.942 Y9.302 E.01865
G1 X139.406 Y9.302 F30000
G1 F12000
G1 X139.811 Y8.898 E.01865
G1 X139.276 Y8.898 F30000
G1 F12000
G1 X138.871 Y9.302 E.01865
G1 X138.336 Y9.302 F30000
G1 F12000
G1 X138.741 Y8.898 E.01865
G1 X138.205 Y8.898 F30000
G1 F12000
G1 X137.801 Y9.302 E.01865
G1 X137.266 Y9.302 F30000
G1 F12000
G1 X137.67 Y8.898 E.01865
G1 X137.135 Y8.898 F30000
G1 F12000
G1 X136.73 Y9.302 E.01865
G1 X136.195 Y9.302 F30000
G1 F12000
G1 X136.6 Y8.898 E.01865
G1 X136.064 Y8.898 F30000
G1 F12000
G1 X135.66 Y9.302 E.01865
G1 X135.125 Y9.302 F30000
G1 F12000
G1 X135.529 Y8.898 E.01865
G1 X134.994 Y8.898 F30000
G1 F12000
G1 X134.59 Y9.302 E.01865
G1 X134.054 Y9.302 F30000
G1 F12000
G1 X134.459 Y8.898 E.01865
G1 X133.924 Y8.898 F30000
G1 F12000
G1 X133.519 Y9.302 E.01865
G1 X132.984 Y9.302 F30000
G1 F12000
G1 X133.388 Y8.898 E.01865
G1 X132.853 Y8.898 F30000
G1 F12000
G1 X132.449 Y9.302 E.01865
G1 X131.914 Y9.302 F30000
G1 F12000
G1 X132.318 Y8.898 E.01865
G1 X131.783 Y8.898 F30000
G1 F12000
G1 X131.378 Y9.302 E.01865
G1 X130.843 Y9.302 F30000
G1 F12000
G1 X131.248 Y8.898 E.01865
G1 X130.712 Y8.898 F30000
G1 F12000
G1 X130.308 Y9.302 E.01865
G1 X129.773 Y9.302 F30000
G1 F12000
G1 X130.177 Y8.898 E.01865
G1 X129.642 Y8.898 F30000
G1 F12000
G1 X129.237 Y9.302 E.01865
G1 X128.702 Y9.302 F30000
G1 F12000
G1 X129.107 Y8.898 E.01865
G1 X128.571 Y8.898 F30000
G1 F12000
G1 X128.167 Y9.302 E.01865
G1 X127.632 Y9.302 F30000
G1 F12000
G1 X128.036 Y8.898 E.01865
G1 X127.501 Y8.898 F30000
G1 F12000
G1 X127.097 Y9.302 E.01865
G1 X126.561 Y9.302 F30000
G1 F12000
G1 X126.966 Y8.898 E.01865
G1 X126.431 Y8.898 F30000
G1 F12000
G1 X126.026 Y9.302 E.01865
G1 X125.491 Y9.302 F30000
G1 F12000
G1 X125.895 Y8.898 E.01865
G1 X125.36 Y8.898 F30000
G1 F12000
G1 X124.956 Y9.302 E.01865
G1 X124.421 Y9.302 F30000
G1 F12000
G1 X124.825 Y8.898 E.01865
G1 X124.29 Y8.898 F30000
G1 F12000
G1 X123.885 Y9.302 E.01865
G1 X123.35 Y9.302 F30000
G1 F12000
G1 X123.755 Y8.898 E.01865
G1 X123.219 Y8.898 F30000
G1 F12000
G1 X122.815 Y9.302 E.01865
G1 X122.28 Y9.302 F30000
G1 F12000
G1 X122.684 Y8.898 E.01865
G1 X122.149 Y8.898 F30000
G1 F12000
G1 X121.744 Y9.302 E.01865
G1 X121.209 Y9.302 F30000
G1 F12000
G1 X121.614 Y8.898 E.01865
G1 X121.079 Y8.898 F30000
G1 F12000
G1 X120.674 Y9.302 E.01865
G1 X120.139 Y9.302 F30000
G1 F12000
G1 X120.543 Y8.898 E.01865
G1 X120.008 Y8.898 F30000
G1 F12000
G1 X119.604 Y9.302 E.01865
G1 X119.068 Y9.302 F30000
G1 F12000
G1 X119.473 Y8.898 E.01865
G1 X118.938 Y8.898 F30000
G1 F12000
G1 X118.533 Y9.302 E.01865
G1 X117.998 Y9.302 F30000
G1 F12000
G1 X118.402 Y8.898 E.01865
G1 X117.867 Y8.898 F30000
G1 F12000
G1 X117.463 Y9.302 E.01865
G1 X116.928 Y9.302 F30000
G1 F12000
G1 X117.332 Y8.898 E.01865
G1 X116.797 Y8.898 F30000
G1 F12000
G1 X116.392 Y9.302 E.01865
G1 X115.857 Y9.302 F30000
G1 F12000
G1 X116.262 Y8.898 E.01865
G1 X115.726 Y8.898 F30000
G1 F12000
G1 X115.322 Y9.302 E.01865
G1 X114.787 Y9.302 F30000
G1 F12000
G1 X115.191 Y8.898 E.01865
G1 X114.656 Y8.898 F30000
G1 F12000
G1 X114.252 Y9.302 E.01865
G1 X113.716 Y9.302 F30000
G1 F12000
G1 X114.121 Y8.898 E.01865
G1 X113.586 Y8.898 F30000
G1 F12000
G1 X113.181 Y9.302 E.01865
G1 X112.646 Y9.302 F30000
G1 F12000
G1 X113.05 Y8.898 E.01865
G1 X112.515 Y8.898 F30000
G1 F12000
G1 X112.111 Y9.302 E.01865
G1 X111.575 Y9.302 F30000
G1 F12000
G1 X111.98 Y8.898 E.01865
G1 X111.445 Y8.898 F30000
G1 F12000
G1 X111.04 Y9.302 E.01865
G1 X110.505 Y9.302 F30000
G1 F12000
G1 X110.909 Y8.898 E.01865
G1 X110.374 Y8.898 F30000
G1 F12000
G1 X109.97 Y9.302 E.01865
G1 X109.435 Y9.302 F30000
G1 F12000
G1 X109.839 Y8.898 E.01865
G1 X109.304 Y8.898 F30000
G1 F12000
G1 X108.899 Y9.302 E.01865
G1 X108.364 Y9.302 F30000
G1 F12000
G1 X108.769 Y8.898 E.01865
G1 X108.233 Y8.898 F30000
G1 F12000
G1 X107.829 Y9.302 E.01865
G1 X107.294 Y9.302 F30000
G1 F12000
G1 X107.698 Y8.898 E.01865
G1 X107.163 Y8.898 F30000
G1 F12000
G1 X106.759 Y9.302 E.01865
G1 E-.76568 F1800
;WIPE_START
G1 F30000
G1 X107.163 Y8.898 E-.03432
;WIPE_END
G1 X107.141 Y16.53 Z4
G1 X106.806 Y135.25 Z4
G1 Z3.6
G1 E.8 F1800
SET_VELOCITY_LIMIT ACCEL=10000
;TYPE:Gap infill
;WIDTH:0.431684
G1 F15000
G1 X192.394 Y135.25 E2.63005
G1 E-.728 F1800
;WIPE_START
G1 F30000
G1 X191.194 Y135.25 E-.072
;WIPE_END
G1 X184.685 Y131.264 Z4
G1 X27.902 Y35.252 Z4
G1 Z3.6
G1 E.8 F1800
;TYPE:Inner wall
;WIDTH:0.45
G1 F6000
G1 X27.902 Y9.102 E.84142
G1 X28.298 Y9.102 E.01274
G1 X28.298 Y35.648 E.85416
G1 X6.602 Y35.648 E.6981
G1 X6.602 Y35.252 E.01274
G1 X27.862 Y35.252 E.68408
SET_VELOCITY_LIMIT ACCEL=5000
G1 X27.81 Y36.04 F30000
;TYPE:Outer wall
;WIDTH:0.42
G1 F3600
G1 X6.59 Y36.04 E.63247
G1 X6.59 Y134.46 E2.93345
G1 X27.81 Y134.46 E.63247
G1 X27.81 Y36.08 E2.93225
G1 E-.728 F1800
;WIPE_START
G1 F30000
G1 X26.61 Y36.078 E-.072
;WIPE_END
G1 X28.69 Y29.91 Z4
G1 Z3.6
G1 E.8 F1800
G1 F3600
G1 X49.49 Y29.91 E.61995
G1 X49.49 Y30.29 E.01133
G1 X28.69 Y30.29 E.61995
G1 X28.69 Y36.04 E.17138
G1 X28.19 Y36.04 E.0149
G1 X28.19 Y134.46 E2.93345
G1 X49.41 Y134.46 E.63247
G1 X49.41 Y34.86 E2.96862
G1 X49.79 Y34.86 E.01133
G1 X49.79 Y134.46 E2.96862
G1 X71.01 Y134.46 E.63247
G1 X71.01 Y34.86 E2.96862
G1 X71.39 Y34.86 E.01133
G1 X71.39 Y134.46 E2.96862
G1 X92.61 Y134.46 E.63247
G1 X92.61 Y9.49 E3.72478
G1 X28.69 Y9.49 E1.90516
M73 P76 R15
G1 X28.69 Y29.87 E.60743
G1 E-.728 F1800
;WIPE_START
G1 F30000
G1 X29.89 Y29.872 E-.072
;WIPE_END
G1 X33.804 Y36.425 Z4
G1 X92.598 Y134.852 Z4
G1 Z3.6
G1 E.8 F1800
SET_VELOCITY_LIMIT ACCEL=10000
;TYPE:Inner wall
;WIDTH:0.45
G1 F6000
G1 X92.598 Y135.648 E.02561
G1 X6.602 Y135.648 E2.76706
G1 X6.602 Y134.852 E.02561
G1 X92.558 Y134.852 E2.76577
G1 E-.728 F1800
M73 P76 R14
;WIPE_START
G1 F30000
G1 X92.598 Y135.648 E-.04781
G1 X92.195 Y135.648 E-.02419
;WIPE_END
G1 X88.072 Y129.225 Z4
G1 X27.51 Y34.86 Z4
G1 Z3.6
G1 E.8 F1800
SET_VELOCITY_LIMIT ACCEL=5000
;TYPE:Outer wall
;WIDTH:0.42
G1 F3600
G1 X27.51 Y8.71 E.77941
G1 X92.99 Y8.71 E1.95166
G1 X92.99 Y136.04 E3.79512
G1 X6.21 Y136.04 E2.58651
G1 X6.21 Y23.56 E3.35251
G1 X6.99 Y23.56 E.02325
G1 X6.99 Y34.86 E.3368
G1 X27.47 Y34.86 E.61041
G1 E-.728 F1800
;WIPE_START
G1 F30000
G1 X27.472 Y33.66 E-.072
;WIPE_END
G1 X19.856 Y34.169 Z4
G1 X6.6 Y35.056 Z4
G1 Z3.6
G1 E.8 F1800
SET_VELOCITY_LIMIT ACCEL=10000
;TYPE:Gap infill
;WIDTH:0.430846
G1 F15000
G1 X6.6 Y23.756 E.34649
G1 E-.728 F1800
;WIPE_START
G1 F30000
G1 X6.6 Y24.956 E-.072
;WIPE_END
G1 X14.107 Y23.581 Z4
G1 X92.037 Y9.302 Z4
G1 Z3.6
G1 E.8 F1800
SET_VELOCITY_LIMIT ACCEL=2000
;TYPE:Top surface
;WIDTH:0.421372
G1 F12000
G1 X92.441 Y8.898 E.01865
G1 X91.906 Y8.898 F30000
G1 F12000
G1 X91.502 Y9.302 E.01865
G1 X90.967 Y9.302 F30000
G1 F12000
G1 X91.371 Y8.898 E.01865
G1 X90.836 Y8.898 F30000
G1 F12000
G1 X90.431 Y9.302 E.01865
G1 X89.896 Y9.302 F30000
G1 F12000
G1 X90.301 Y8.898 E.01865
G1 X89.765 Y8.898 F30000
G1 F12000
G1 X89.361 Y9.302 E.01865
G1 X88.826 Y9.302 F30000
G1 F12000
G1 X89.23 Y8.898 E.01865
G1 X88.695 Y8.898 F30000
G1 F12000
G1 X88.291 Y9.302 E.01865
G1 X87.755 Y9.302 F30000
G1 F12000
G1 X88.16 Y8.898 E.01865
G1 X87.625 Y8.898 F30000
G1 F12000
G1 X87.22 Y9.302 E.01865
G1 X86.685 Y9.302 F30000
G1 F12000
G1 X87.089 Y8.898 E.01865
G1 X86.554 Y8.898 F30000
G1 F12000
G1 X86.15 Y9.302 E.01865
G1 X85.614 Y9.302 F30000
G1 F12000
G1 X86.019 Y8.898 E.01865
G1 X85.484 Y8.898 F30000
G1 F12000
G1 X85.079 Y9.302 E.01865
G1 X84.544 Y9.302 F30000
G1 F12000
G1 X84.949 Y8.898 E.01865
G1 X84.413 Y8.898 F30000
G1 F12000
G1 X84.009 Y9.302 E.01865
G1 X83.474 Y9.302 F30000
G1 F12000
G1 X83.878 Y8.898 E.01865
G1 X83.343 Y8.898 F30000
G1 F12000
G1 X82.938 Y9.302 E.01865
G1 X82.403 Y9.302 F30000
G1 F12000
G1 X82.808 Y8.898 E.01865
G1 X82.272 Y8.898 F30000
G1 F12000
G1 X81.868 Y9.302 E.01865
G1 X81.333 Y9.302 F30000
G1 F12000
G1 X81.737 Y8.898 E.01865
G1 X81.202 Y8.898 F30000
G1 F12000
G1 X80.798 Y9.302 E.01865
G1 X80.262 Y9.302 F30000
G1 F12000
G1 X80.667 Y8.898 E.01865
G1 X80.132 Y8.898 F30000
G1 F12000
G1 X79.727 Y9.302 E.01865
G1 X79.192 Y9.302 F30000
G1 F12000
G1 X79.596 Y8.898 E.01865
G1 X79.061 Y8.898 F30000
G1 F12000
G1 X78.657 Y9.302 E.01865
G1 X78.122 Y9.302 F30000
G1 F12000
G1 X78.526 Y8.898 E.01865
G1 X77.991 Y8.898 F30000
G1 F12000
G1 X77.586 Y9.302 E.01865
G1 X77.051 Y9.302 F30000
G1 F12000
G1 X77.456 Y8.898 E.01865
G1 X76.92 Y8.898 F30000
G1 F12000
G1 X76.516 Y9.302 E.01865
G1 X75.981 Y9.302 F30000
G1 F12000
G1 X76.385 Y8.898 E.01865
G1 X75.85 Y8.898 F30000
G1 F12000
G1 X75.445 Y9.302 E.01865
G1 X74.91 Y9.302 F30000
G1 F12000
G1 X75.315 Y8.898 E.01865
G1 X74.779 Y8.898 F30000
G1 F12000
G1 X74.375 Y9.302 E.01865
G1 X73.84 Y9.302 F30000
G1 F12000
G1 X74.244 Y8.898 E.01865
G1 X73.709 Y8.898 F30000
G1 F12000
G1 X73.305 Y9.302 E.01865
G1 X72.769 Y9.302 F30000
G1 F12000
G1 X73.174 Y8.898 E.01865
G1 X72.639 Y8.898 F30000
G1 F12000
G1 X72.234 Y9.302 E.01865
G1 X71.699 Y9.302 F30000
G1 F12000
G1 X72.103 Y8.898 E.01865
G1 X71.568 Y8.898 F30000
G1 F12000
G1 X71.164 Y9.302 E.01865
G1 X70.629 Y9.302 F30000
G1 F12000
G1 X71.033 Y8.898 E.01865
G1 X70.498 Y8.898 F30000
G1 F12000
G1 X70.093 Y9.302 E.01865
G1 X69.558 Y9.302 F30000
G1 F12000
G1 X69.963 Y8.898 E.01865
G1 X69.427 Y8.898 F30000
G1 F12000
G1 X69.023 Y9.302 E.01865
G1 X68.488 Y9.302 F30000
G1 F12000
G1 X68.892 Y8.898 E.01865
G1 X68.357 Y8.898 F30000
G1 F12000
G1 X67.952 Y9.302 E.01865
G1 X67.417 Y9.302 F30000
G1 F12000
G1 X67.822 Y8.898 E.01865
G1 X67.287 Y8.898 F30000
G1 F12000
G1 X66.882 Y9.302 E.01865
G1 X66.347 Y9.302 F30000
G1 F12000
G1 X66.751 Y8.898 E.01865
G1 X66.216 Y8.898 F30000
G1 F12000
G1 X65.812 Y9.302 E.01865
G1 X65.276 Y9.302 F30000
G1 F12000
G1 X65.681 Y8.898 E.01865
G1 X65.146 Y8.898 F30000
G1 F12000
G1 X64.741 Y9.302 E.01865
G1 X64.206 Y9.302 F30000
G1 F12000
G1 X64.61 Y8.898 E.01865
G1 X64.075 Y8.898 F30000
G1 F12000
G1 X63.671 Y9.302 E.01865
G1 X63.136 Y9.302 F30000
G1 F12000
G1 X63.54 Y8.898 E.01865
G1 X63.005 Y8.898 F30000
G1 F12000
G1 X62.6 Y9.302 E.01865
G1 X62.065 Y9.302 F30000
G1 F12000
G1 X62.47 Y8.898 E.01865
G1 X61.934 Y8.898 F30000
G1 F12000
G1 X61.53 Y9.302 E.01865
G1 X60.995 Y9.302 F30000
G1 F12000
G1 X61.399 Y8.898 E.01865
G1 X60.864 Y8.898 F30000
G1 F12000
G1 X60.46 Y9.302 E.01865
G1 X59.924 Y9.302 F30000
G1 F12000
G1 X60.329 Y8.898 E.01865
G1 X59.794 Y8.898 F30000
G1 F12000
G1 X59.389 Y9.302 E.01865
G1 X58.854 Y9.302 F30000
G1 F12000
G1 X59.258 Y8.898 E.01865
G1 X58.723 Y8.898 F30000
G1 F12000
G1 X58.319 Y9.302 E.01865
G1 X57.783 Y9.302 F30000
G1 F12000
G1 X58.188 Y8.898 E.01865
G1 X57.653 Y8.898 F30000
G1 F12000
G1 X57.248 Y9.302 E.01865
G1 X56.713 Y9.302 F30000
G1 F12000
G1 X57.117 Y8.898 E.01865
G1 X56.582 Y8.898 F30000
G1 F12000
G1 X56.178 Y9.302 E.01865
G1 X55.643 Y9.302 F30000
G1 F12000
G1 X56.047 Y8.898 E.01865
G1 X55.512 Y8.898 F30000
G1 F12000
G1 X55.107 Y9.302 E.01865
G1 X54.572 Y9.302 F30000
G1 F12000
G1 X54.977 Y8.898 E.01865
G1 X54.441 Y8.898 F30000
G1 F12000
G1 X54.037 Y9.302 E.01865
G1 X53.502 Y9.302 F30000
G1 F12000
G1 X53.906 Y8.898 E.01865
G1 X53.371 Y8.898 F30000
G1 F12000
G1 X52.967 Y9.302 E.01865
G1 X52.431 Y9.302 F30000
G1 F12000
G1 X52.836 Y8.898 E.01865
G1 X52.301 Y8.898 F30000
G1 F12000
G1 X51.896 Y9.302 E.01865
G1 X51.361 Y9.302 F30000
G1 F12000
G1 X51.765 Y8.898 E.01865
G1 X51.23 Y8.898 F30000
G1 F12000
G1 X50.826 Y9.302 E.01865
G1 X50.29 Y9.302 F30000
G1 F12000
G1 X50.695 Y8.898 E.01865
G1 X50.16 Y8.898 F30000
G1 F12000
G1 X49.755 Y9.302 E.01865
G1 X49.22 Y9.302 F30000
G1 F12000
G1 X49.625 Y8.898 E.01865
G1 X49.089 Y8.898 F30000
G1 F12000
G1 X48.685 Y9.302 E.01865
G1 X48.15 Y9.302 F30000
G1 F12000
G1 X48.554 Y8.898 E.01865
G1 X48.019 Y8.898 F30000
G1 F12000
G1 X47.614 Y9.302 E.01865
G1 X47.079 Y9.302 F30000
G1 F12000
G1 X47.484 Y8.898 E.01865
G1 X46.948 Y8.898 F30000
G1 F12000
G1 X46.544 Y9.302 E.01865
G1 X46.009 Y9.302 F30000
G1 F12000
G1 X46.413 Y8.898 E.01865
G1 X45.878 Y8.898 F30000
G1 F12000
G1 X45.474 Y9.302 E.01865
G1 X44.938 Y9.302 F30000
G1 F12000
G1 X45.343 Y8.898 E.01865
G1 X44.808 Y8.898 F30000
G1 F12000
G1 X44.403 Y9.302 E.01865
G1 X43.868 Y9.302 F30000
G1 F12000
G1 X44.272 Y8.898 E.01865
G1 X43.737 Y8.898 F30000
G1 F12000
G1 X43.333 Y9.302 E.01865
G1 X42.798 Y9.302 F30000
G1 F12000
G1 X43.202 Y8.898 E.01865
G1 X42.667 Y8.898 F30000
G1 F12000
G1 X42.262 Y9.302 E.01865
G1 X41.727 Y9.302 F30000
G1 F12000
G1 X42.132 Y8.898 E.01865
G1 X41.596 Y8.898 F30000
G1 F12000
G1 X41.192 Y9.302 E.01865
G1 X40.657 Y9.302 F30000
G1 F12000
G1 X41.061 Y8.898 E.01865
G1 X40.526 Y8.898 F30000
G1 F12000
G1 X40.121 Y9.302 E.01865
G1 X39.586 Y9.302 F30000
G1 F12000
G1 X39.991 Y8.898 E.01865
G1 X39.455 Y8.898 F30000
G1 F12000
G1 X39.051 Y9.302 E.01865
G1 X38.516 Y9.302 F30000
G1 F12000
G1 X38.92 Y8.898 E.01865
G1 X38.385 Y8.898 F30000
G1 F12000
G1 X37.981 Y9.302 E.01865
G1 X37.445 Y9.302 F30000
G1 F12000
G1 X37.85 Y8.898 E.01865
G1 X37.315 Y8.898 F30000
G1 F12000
G1 X36.91 Y9.302 E.01865
G1 X36.375 Y9.302 F30000
G1 F12000
G1 X36.779 Y8.898 E.01865
G1 X36.244 Y8.898 F30000
G1 F12000
G1 X35.84 Y9.302 E.01865
G1 X35.305 Y9.302 F30000
G1 F12000
G1 X35.709 Y8.898 E.01865
G1 X35.174 Y8.898 F30000
G1 F12000
G1 X34.769 Y9.302 E.01865
G1 X34.234 Y9.302 F30000
G1 F12000
G1 X34.639 Y8.898 E.01865
G1 X34.103 Y8.898 F30000
G1 F12000
G1 X33.699 Y9.302 E.01865
G1 X33.164 Y9.302 F30000
G1 F12000
G1 X33.568 Y8.898 E.01865
G1 X33.033 Y8.898 F30000
G1 F12000
G1 X32.628 Y9.302 E.01865
G1 X32.093 Y9.302 F30000
G1 F12000
G1 X32.498 Y8.898 E.01865
G1 X31.963 Y8.898 F30000
G1 F12000
G1 X31.558 Y9.302 E.01865
G1 X31.023 Y9.302 F30000
G1 F12000
G1 X31.427 Y8.898 E.01865
G1 X30.892 Y8.898 F30000
G1 F12000
G1 X30.488 Y9.302 E.01865
G1 X29.952 Y9.302 F30000
G1 F12000
G1 X30.357 Y8.898 E.01865
G1 X29.822 Y8.898 F30000
G1 F12000
G1 X29.417 Y9.302 E.01865
G1 X28.882 Y9.302 F30000
G1 F12000
G1 X29.286 Y8.898 E.01865
G1 E-.76568 F1800
;WIPE_START
G1 F30000
G1 X28.882 Y9.302 E-.03432
;WIPE_END
G1 X27.564 Y16.82 Z4
G1 X6.806 Y135.25 Z4
G1 Z3.6
G1 E.8 F1800
SET_VELOCITY_LIMIT ACCEL=10000
;TYPE:Gap infill
;WIDTH:0.431684
G1 F15000
G1 X92.394 Y135.25 E2.63005
M106 S232
;LAYER_CHANGE
;Z:3.8
;HEIGHT:0.2
;BEFORE_LAYER_CHANGE
;3.8
G92 E0

G1 E-.728 F1800
;WIPE_START
G1 F30000
G1 X91.194 Y135.25 E-.072
;WIPE_END
M73 L19
;LAYER:19
SET_PRINT_STATS_INFO TOTAL_LAYER=80 CURRENT_LAYER=19
;_SET_FAN_SPEED_CHANGING_LAYER

G1 X92.1574 Y135.683 Z3.85714
G1 X92.4188 Y136.707 Z3.91429
G1 X91.782 Y137.549 Z3.97143
G1 X90.7263 Y137.576 Z4.02857
G1 X90.0467 Y136.768 Z4.08571
G1 X90.2551 Y135.733 Z4.14286
G1 X91.1944 Y135.25 Z4.2
G1 X106.602 Y134.852 Z4.2
G1 Z3.8
G1 E.8 F1800
;TYPE:Inner wall
;WIDTH:0.45
G1 F6000
G1 X192.598 Y134.852 E2.76706
G1 X192.598 Y135.648 E.02561
G1 X106.602 Y135.648 E2.76706
G1 X106.602 Y134.892 E.02432
SET_VELOCITY_LIMIT ACCEL=5000
G1 X106.21 Y134.46 F30000
;TYPE:Outer wall
;WIDTH:0.42
G1 F3600
G1 X192.99 Y134.46 E2.58651
G1 X192.99 Y136.04 E.04709
G1 X106.21 Y136.04 E2.58651
G1 X106.21 Y134.5 E.0459
G1 E-.728 F1800
;WIPE_START
G1 F30000
G1 X107.41 Y134.499 E-.072
;WIPE_END
G1 X106.806 Y135.25 Z4.2
G1 Z3.8
G1 E.8 F1800
SET_VELOCITY_LIMIT ACCEL=10000
;TYPE:Gap infill
;WIDTH:0.431684
G1 F15000
G1 X192.394 Y135.25 E2.63005
G1 E-.728 F1800
;WIPE_START
G1 F30000
G1 X191.194 Y135.25 E-.072
;WIPE_END
G1 X189.671 Y127.771 Z4.2
G1 X170.902 Y35.648 Z4.2
G1 Z3.8
G1 E.8 F1800
;TYPE:Inner wall
;WIDTH:0.45
G1 F6000
G1 X170.902 Y9.102 E.85416
G1 X171.298 Y9.102 E.01274
G1 X171.298 Y35.252 E.84142
G1 X192.598 Y35.252 E.68536
G1 X192.598 Y35.648 E.01274
G1 X170.942 Y35.648 E.69681
SET_VELOCITY_LIMIT ACCEL=5000
G1 X170.51 Y36.04 F30000
;TYPE:Outer wall
;WIDTH:0.42
G1 F3600
G1 X170.51 Y8.71 E.81458
G1 X171.69 Y8.71 E.03517
G1 X171.69 Y34.86 E.77941
G1 X192.21 Y34.86 E.61161
G1 X192.21 Y23.56 E.3368
G1 X192.99 Y23.56 E.02325
G1 X192.99 Y36.04 E.37197
G1 X170.55 Y36.04 E.66883
G1 E-.728 F1800
;WIPE_START
G1 F30000
G1 X170.548 Y34.84 E-.072
;WIPE_END
G1 X178.18 Y34.915 Z4.2
G1 X192.6 Y35.056 Z4.2
G1 Z3.8
G1 E.8 F1800
SET_VELOCITY_LIMIT ACCEL=10000
;TYPE:Gap infill
;WIDTH:0.430842
G1 F15000
G1 X192.6 Y23.756 E.34648
G1 E-.728 F1800
;WIPE_START
G1 F30000
G1 X192.6 Y24.956 E-.072
;WIPE_END
G1 X186.029 Y28.839 Z4.2
G1 X6.602 Y134.852 Z4.2
G1 Z3.8
G1 E.8 F1800
;TYPE:Inner wall
;WIDTH:0.45
G1 F6000
G1 X92.598 Y134.852 E2.76706
G1 X92.598 Y135.648 E.02561
G1 X6.602 Y135.648 E2.76706
G1 X6.602 Y134.892 E.02432
SET_VELOCITY_LIMIT ACCEL=5000
G1 X6.21 Y134.46 F30000
;TYPE:Outer wall
;WIDTH:0.42
G1 F3600
G1 X92.99 Y134.46 E2.58651
G1 X92.99 Y136.04 E.04709
G1 X6.21 Y136.04 E2.58651
G1 X6.21 Y134.5 E.0459
G1 E-.728 F1800
;WIPE_START
G1 F30000
G1 X7.41 Y134.499 E-.072
;WIPE_END
G1 X6.806 Y135.25 Z4.2
G1 Z3.8
G1 E.8 F1800
SET_VELOCITY_LIMIT ACCEL=10000
;TYPE:Gap infill
;WIDTH:0.431684
G1 F15000
G1 X92.394 Y135.25 E2.63005
G1 E-.728 F1800
;WIPE_START
G1 F30000
G1 X91.194 Y135.25 E-.072
;WIPE_END
G1 X87.112 Y128.801 Z4.2
G1 X27.902 Y35.252 Z4.2
G1 Z3.8
M73 P77 R14
G1 E.8 F1800
;TYPE:Inner wall
;WIDTH:0.45
G1 F6000
G1 X27.902 Y9.102 E.84142
G1 X28.298 Y9.102 E.01274
G1 X28.298 Y35.648 E.85416
G1 X6.602 Y35.648 E.6981
G1 X6.602 Y35.252 E.01274
G1 X27.862 Y35.252 E.68408
SET_VELOCITY_LIMIT ACCEL=5000
G1 X27.51 Y34.86 F30000
;TYPE:Outer wall
;WIDTH:0.42
G1 F3600
G1 X27.51 Y8.71 E.77941
G1 X28.69 Y8.71 E.03517
G1 X28.69 Y36.04 E.81458
G1 X6.21 Y36.04 E.67003
G1 X6.21 Y23.56 E.37197
G1 X6.99 Y23.56 E.02325
G1 X6.99 Y34.86 E.3368
G1 X27.47 Y34.86 E.61041
G1 E-.728 F1800
;WIPE_START
G1 F30000
G1 X27.472 Y33.66 E-.072
;WIPE_END
G1 X19.856 Y34.169 Z4.2
G1 X6.6 Y35.056 Z4.2
G1 Z3.8
G1 E.8 F1800
SET_VELOCITY_LIMIT ACCEL=10000
;TYPE:Gap infill
;WIDTH:0.430846
G1 F15000
G1 X6.6 Y23.756 E.34649
M106 S229
;LAYER_CHANGE
;Z:4
;HEIGHT:0.2
;BEFORE_LAYER_CHANGE
;4
G92 E0

G1 E-.728 F1800
;WIPE_START
G1 F30000
G1 X6.6 Y24.956 E-.072
;WIPE_END
M73 L20
;LAYER:20
SET_PRINT_STATS_INFO TOTAL_LAYER=80 CURRENT_LAYER=20
;_SET_FAN_SPEED_CHANGING_LAYER

G1 X6.90147 Y25.9681 Z4.05714
G1 X6.29814 Y26.8349 Z4.11429
G1 X5.24434 Y26.9036 Z4.17143
G1 X4.53359 Y26.1225 Z4.22857
G1 X4.70111 Y25.0798 Z4.28571
G1 X5.62075 Y24.5607 Z4.34286
G1 X6.6 Y24.956 Z4.4
G1 X106.602 Y134.852 Z4.4
G1 Z4
G1 E.8 F1800
;TYPE:Inner wall
;WIDTH:0.45
G1 F6000
G1 X135.118 Y134.852 E.91756
G1 X135.118 Y135.648 E.02561
G1 X106.602 Y135.648 E.91756
G1 X106.602 Y134.892 E.02432
G1 E-.728 F1800
;WIPE_START
G1 F30000
G1 X107.802 Y134.89 E-.072
;WIPE_END
G1 X115.435 Y134.885 Z4.4
G1 X164.082 Y134.852 Z4.4
G1 Z4
G1 E.8 F1800
G1 F6000
G1 X192.598 Y134.852 E.91756
G1 X192.598 Y135.648 E.02561
G1 X164.082 Y135.648 E.91756
G1 X164.082 Y134.892 E.02432
G1 E-.728 F1800
;WIPE_START
G1 F30000
G1 X165.282 Y134.89 E-.072
;WIPE_END
G1 X157.649 Y134.835 Z4.4
G1 X106.21 Y134.46 Z4.4
G1 Z4
G1 E.8 F1800
SET_VELOCITY_LIMIT ACCEL=5000
;TYPE:Outer wall
;WIDTH:0.42
G1 F3600
G1 X192.99 Y134.46 E2.58651
G1 X192.99 Y136.04 E.04709
G1 X106.21 Y136.04 E2.58651
G1 X106.21 Y134.5 E.0459
G1 E-.728 F1800
;WIPE_START
G1 F30000
G1 X107.41 Y134.499 E-.072
;WIPE_END
G1 X106.806 Y135.25 Z4.4
G1 Z4
G1 E.8 F1800
SET_VELOCITY_LIMIT ACCEL=10000
;TYPE:Gap infill
;WIDTH:0.431684
G1 F15000
G1 X134.915 Y135.25 E.86377
G1 E-.728 F1800
;WIPE_START
G1 F30000
G1 X133.715 Y135.25 E-.072
;WIPE_END
G1 X141.346 Y135.406 Z4.4
G1 X163.103 Y135.852 Z4.4
G1 Z4
G1 E.8 F1800
SET_VELOCITY_LIMIT ACCEL=2000
;TYPE:Top surface
;WIDTH:0.426523
G1 F12000
G1 X163.879 Y135.076 E.03627
G1 X163.765 Y134.648 F30000
G1 F12000
G1 X162.56 Y135.852 E.0563
G1 X162.018 Y135.852 F30000
G1 F12000
G1 X163.222 Y134.648 E.0563
G1 X162.68 Y134.648 F30000
G1 F12000
G1 X161.475 Y135.852 E.0563
G1 X160.933 Y135.852 F30000
G1 F12000
G1 X162.137 Y134.648 E.0563
G1 X161.595 Y134.648 F30000
G1 F12000
G1 X160.39 Y135.852 E.0563
G1 X159.848 Y135.852 F30000
G1 F12000
G1 X161.052 Y134.648 E.0563
G1 X160.51 Y134.648 F30000
G1 F12000
G1 X159.305 Y135.852 E.0563
G1 X158.763 Y135.852 F30000
G1 F12000
G1 X159.967 Y134.648 E.0563
G1 X159.425 Y134.648 F30000
G1 F12000
G1 X158.22 Y135.852 E.0563
G1 X157.678 Y135.852 F30000
G1 F12000
G1 X158.882 Y134.648 E.0563
G1 X158.34 Y134.648 F30000
G1 F12000
G1 X157.135 Y135.852 E.0563
G1 X156.593 Y135.852 F30000
G1 F12000
G1 X157.797 Y134.648 E.0563
G1 X157.255 Y134.648 F30000
G1 F12000
G1 X156.05 Y135.852 E.0563
G1 X155.508 Y135.852 F30000
G1 F12000
G1 X156.712 Y134.648 E.0563
G1 X156.17 Y134.648 F30000
G1 F12000
G1 X154.965 Y135.852 E.0563
G1 X154.423 Y135.852 F30000
G1 F12000
G1 X155.627 Y134.648 E.0563
G1 X155.085 Y134.648 F30000
G1 F12000
G1 X153.88 Y135.852 E.0563
G1 X153.338 Y135.852 F30000
G1 F12000
G1 X154.542 Y134.648 E.0563
G1 X154 Y134.648 F30000
G1 F12000
G1 X152.795 Y135.852 E.0563
G1 X152.253 Y135.852 F30000
G1 F12000
G1 X153.457 Y134.648 E.0563
G1 X152.915 Y134.648 F30000
G1 F12000
G1 X151.71 Y135.852 E.0563
G1 X151.168 Y135.852 F30000
G1 F12000
G1 X152.372 Y134.648 E.0563
G1 X151.83 Y134.648 F30000
G1 F12000
G1 X150.625 Y135.852 E.0563
G1 X150.083 Y135.852 F30000
G1 F12000
G1 X151.287 Y134.648 E.0563
G1 X150.745 Y134.648 F30000
G1 F12000
G1 X149.54 Y135.852 E.0563
G1 X148.998 Y135.852 F30000
G1 F12000
G1 X150.202 Y134.648 E.0563
G1 X149.66 Y134.648 F30000
G1 F12000
G1 X148.455 Y135.852 E.0563
G1 X147.913 Y135.852 F30000
G1 F12000
G1 X149.117 Y134.648 E.0563
G1 X148.575 Y134.648 F30000
G1 F12000
G1 X147.37 Y135.852 E.0563
G1 X146.828 Y135.852 F30000
G1 F12000
G1 X148.032 Y134.648 E.0563
G1 X147.49 Y134.648 F30000
G1 F12000
G1 X146.285 Y135.852 E.0563
G1 X145.743 Y135.852 F30000
G1 F12000
G1 X146.947 Y134.648 E.0563
G1 X146.405 Y134.648 F30000
G1 F12000
G1 X145.2 Y135.852 E.0563
G1 X144.658 Y135.852 F30000
G1 F12000
G1 X145.862 Y134.648 E.0563
G1 X145.32 Y134.648 F30000
G1 F12000
G1 X144.115 Y135.852 E.0563
G1 X143.573 Y135.852 F30000
G1 F12000
G1 X144.777 Y134.648 E.0563
G1 X144.235 Y134.648 F30000
G1 F12000
G1 X143.03 Y135.852 E.0563
G1 X142.488 Y135.852 F30000
G1 F12000
G1 X143.692 Y134.648 E.0563
G1 X143.15 Y134.648 F30000
G1 F12000
G1 X141.945 Y135.852 E.0563
G1 X141.403 Y135.852 F30000
G1 F12000
G1 X142.607 Y134.648 E.0563
G1 X142.065 Y134.648 F30000
G1 F12000
G1 X140.86 Y135.852 E.0563
G1 X140.318 Y135.852 F30000
G1 F12000
G1 X141.522 Y134.648 E.0563
G1 X140.98 Y134.648 F30000
G1 F12000
G1 X139.775 Y135.852 E.0563
G1 X139.233 Y135.852 F30000
G1 F12000
G1 X140.437 Y134.648 E.0563
G1 X139.895 Y134.648 F30000
G1 F12000
G1 X138.69 Y135.852 E.0563
G1 X138.148 Y135.852 F30000
G1 F12000
G1 X139.352 Y134.648 E.0563
G1 X138.81 Y134.648 F30000
G1 F12000
G1 X137.605 Y135.852 E.0563
G1 X137.063 Y135.852 F30000
G1 F12000
G1 X138.267 Y134.648 E.0563
G1 X137.725 Y134.648 F30000
G1 F12000
G1 X136.52 Y135.852 E.0563
G1 X135.978 Y135.852 F30000
G1 F12000
G1 X137.182 Y134.648 E.0563
G1 X136.64 Y134.648 F30000
G1 F12000
G1 X135.435 Y135.852 E.0563
G1 X135.321 Y135.424 F30000
G1 F12000
G1 X136.097 Y134.648 E.03627
G1 E-.73415 F1800
;WIPE_START
G1 F30000
G1 X135.321 Y135.424 E-.06585
;WIPE_END
G1 X142.954 Y135.378 Z4.4
G1 X164.285 Y135.25 Z4.4
G1 Z4
G1 E.8 F1800
SET_VELOCITY_LIMIT ACCEL=10000
;TYPE:Gap infill
;WIDTH:0.431684
G1 F15000
G1 X192.394 Y135.25 E.86377
G1 E-.728 F1800
;WIPE_START
G1 F30000
G1 X191.194 Y135.25 E-.072
;WIPE_END
G1 X189.671 Y127.771 Z4.4
G1 X170.902 Y35.648 Z4.4
G1 Z4
G1 E.8 F1800
;TYPE:Inner wall
;WIDTH:0.45
G1 F6000
G1 X170.902 Y9.102 E.85416
G1 X171.298 Y9.102 E.01274
G1 X171.298 Y35.252 E.84142
G1 X192.598 Y35.252 E.68536
G1 X192.598 Y35.648 E.01274
G1 X170.942 Y35.648 E.69681
SET_VELOCITY_LIMIT ACCEL=5000
G1 X170.51 Y36.04 F30000
;TYPE:Outer wall
;WIDTH:0.42
G1 F3600
G1 X170.51 Y8.71 E.81458
G1 X171.69 Y8.71 E.03517
G1 X171.69 Y34.86 E.77941
G1 X192.21 Y34.86 E.61161
G1 X192.21 Y23.56 E.3368
G1 X192.99 Y23.56 E.02325
G1 X192.99 Y36.04 E.37197
G1 X170.55 Y36.04 E.66883
G1 E-.728 F1800
;WIPE_START
G1 F30000
G1 X170.548 Y34.84 E-.072
;WIPE_END
G1 X178.18 Y34.915 Z4.4
G1 X192.6 Y35.056 Z4.4
G1 Z4
G1 E.8 F1800
SET_VELOCITY_LIMIT ACCEL=10000
;TYPE:Gap infill
;WIDTH:0.430842
G1 F15000
G1 X192.6 Y23.756 E.34648
G1 E-.728 F1800
;WIPE_START
G1 F30000
G1 X192.6 Y24.956 E-.072
;WIPE_END
G1 X186.029 Y28.839 Z4.4
G1 X6.602 Y134.852 Z4.4
G1 Z4
G1 E.8 F1800
;TYPE:Inner wall
;WIDTH:0.45
G1 F6000
G1 X35.118 Y134.852 E.91756
G1 X35.118 Y135.648 E.02561
G1 X6.602 Y135.648 E.91756
G1 X6.602 Y134.892 E.02432
G1 E-.728 F1800
;WIPE_START
G1 F30000
G1 X7.802 Y134.89 E-.072
;WIPE_END
G1 X15.435 Y134.885 Z4.4
G1 X64.082 Y134.852 Z4.4
G1 Z4
G1 E.8 F1800
G1 F6000
G1 X92.598 Y134.852 E.91756
G1 X92.598 Y135.648 E.02561
G1 X64.082 Y135.648 E.91756
G1 X64.082 Y134.892 E.02432
G1 E-.728 F1800
;WIPE_START
G1 F30000
G1 X65.282 Y134.89 E-.072
;WIPE_END
G1 X57.649 Y134.835 Z4.4
G1 X6.21 Y134.46 Z4.4
G1 Z4
G1 E.8 F1800
SET_VELOCITY_LIMIT ACCEL=5000
;TYPE:Outer wall
;WIDTH:0.42
G1 F3600
G1 X92.99 Y134.46 E2.58651
G1 X92.99 Y136.04 E.04709
G1 X6.21 Y136.04 E2.58651
G1 X6.21 Y134.5 E.0459
G1 E-.728 F1800
;WIPE_START
G1 F30000
G1 X7.41 Y134.499 E-.072
;WIPE_END
G1 X6.806 Y135.25 Z4.4
G1 Z4
G1 E.8 F1800
SET_VELOCITY_LIMIT ACCEL=10000
;TYPE:Gap infill
;WIDTH:0.431684
G1 F15000
G1 X34.915 Y135.25 E.86377
G1 E-.728 F1800
;WIPE_START
G1 F30000
G1 X33.715 Y135.25 E-.072
;WIPE_END
G1 X41.346 Y135.406 Z4.4
G1 X63.103 Y135.852 Z4.4
G1 Z4
G1 E.8 F1800
SET_VELOCITY_LIMIT ACCEL=2000
;TYPE:Top surface
;WIDTH:0.426523
G1 F12000
G1 X63.879 Y135.076 E.03627
G1 X63.765 Y134.648 F30000
G1 F12000
G1 X62.56 Y135.852 E.0563
G1 X62.018 Y135.852 F30000
G1 F12000
G1 X63.222 Y134.648 E.0563
G1 X62.68 Y134.648 F30000
G1 F12000
G1 X61.475 Y135.852 E.0563
G1 X60.933 Y135.852 F30000
G1 F12000
G1 X62.137 Y134.648 E.0563
G1 X61.595 Y134.648 F30000
G1 F12000
G1 X60.39 Y135.852 E.0563
G1 X59.848 Y135.852 F30000
G1 F12000
G1 X61.052 Y134.648 E.0563
G1 X60.51 Y134.648 F30000
G1 F12000
G1 X59.305 Y135.852 E.0563
G1 X58.763 Y135.852 F30000
G1 F12000
G1 X59.967 Y134.648 E.0563
G1 X59.425 Y134.648 F30000
G1 F12000
G1 X58.22 Y135.852 E.0563
G1 X57.678 Y135.852 F30000
G1 F12000
G1 X58.882 Y134.648 E.0563
G1 X58.34 Y134.648 F30000
G1 F12000
G1 X57.135 Y135.852 E.0563
G1 X56.593 Y135.852 F30000
G1 F12000
G1 X57.797 Y134.648 E.0563
G1 X57.255 Y134.648 F30000
G1 F12000
G1 X56.05 Y135.852 E.0563
G1 X55.508 Y135.852 F30000
G1 F12000
G1 X56.712 Y134.648 E.0563
G1 X56.17 Y134.648 F30000
G1 F12000
G1 X54.965 Y135.852 E.0563
G1 X54.423 Y135.852 F30000
G1 F12000
G1 X55.627 Y134.648 E.0563
G1 X55.085 Y134.648 F30000
G1 F12000
G1 X53.88 Y135.852 E.0563
G1 X53.338 Y135.852 F30000
G1 F12000
G1 X54.542 Y134.648 E.0563
G1 X54 Y134.648 F30000
G1 F12000
G1 X52.795 Y135.852 E.0563
G1 X52.253 Y135.852 F30000
G1 F12000
G1 X53.457 Y134.648 E.0563
G1 X52.915 Y134.648 F30000
G1 F12000
G1 X51.71 Y135.852 E.0563
G1 X51.168 Y135.852 F30000
G1 F12000
G1 X52.372 Y134.648 E.0563
G1 X51.83 Y134.648 F30000
G1 F12000
G1 X50.625 Y135.852 E.0563
G1 X50.083 Y135.852 F30000
G1 F12000
G1 X51.287 Y134.648 E.0563
G1 X50.745 Y134.648 F30000
G1 F12000
G1 X49.54 Y135.852 E.0563
G1 X48.998 Y135.852 F30000
G1 F12000
G1 X50.202 Y134.648 E.0563
G1 X49.66 Y134.648 F30000
G1 F12000
G1 X48.455 Y135.852 E.0563
G1 X47.913 Y135.852 F30000
G1 F12000
G1 X49.117 Y134.648 E.0563
G1 X48.575 Y134.648 F30000
G1 F12000
G1 X47.37 Y135.852 E.0563
G1 X46.828 Y135.852 F30000
G1 F12000
G1 X48.032 Y134.648 E.0563
G1 X47.49 Y134.648 F30000
G1 F12000
G1 X46.285 Y135.852 E.0563
G1 X45.743 Y135.852 F30000
G1 F12000
G1 X46.947 Y134.648 E.0563
G1 X46.405 Y134.648 F30000
G1 F12000
G1 X45.2 Y135.852 E.0563
G1 X44.658 Y135.852 F30000
M73 P77 R13
G1 F12000
G1 X45.862 Y134.648 E.0563
G1 X45.32 Y134.648 F30000
G1 F12000
G1 X44.115 Y135.852 E.0563
G1 X43.573 Y135.852 F30000
G1 F12000
G1 X44.777 Y134.648 E.0563
G1 X44.235 Y134.648 F30000
G1 F12000
G1 X43.03 Y135.852 E.0563
G1 X42.488 Y135.852 F30000
G1 F12000
G1 X43.692 Y134.648 E.0563
G1 X43.15 Y134.648 F30000
G1 F12000
G1 X41.945 Y135.852 E.0563
G1 X41.403 Y135.852 F30000
G1 F12000
G1 X42.607 Y134.648 E.0563
G1 X42.065 Y134.648 F30000
G1 F12000
G1 X40.86 Y135.852 E.0563
G1 X40.318 Y135.852 F30000
G1 F12000
G1 X41.522 Y134.648 E.0563
G1 X40.98 Y134.648 F30000
G1 F12000
G1 X39.775 Y135.852 E.0563
G1 X39.233 Y135.852 F30000
G1 F12000
G1 X40.437 Y134.648 E.0563
G1 X39.895 Y134.648 F30000
G1 F12000
G1 X38.69 Y135.852 E.0563
G1 X38.148 Y135.852 F30000
G1 F12000
G1 X39.352 Y134.648 E.0563
G1 X38.81 Y134.648 F30000
G1 F12000
G1 X37.605 Y135.852 E.0563
G1 X37.063 Y135.852 F30000
G1 F12000
G1 X38.267 Y134.648 E.0563
G1 X37.725 Y134.648 F30000
G1 F12000
G1 X36.52 Y135.852 E.0563
G1 X35.978 Y135.852 F30000
G1 F12000
G1 X37.182 Y134.648 E.0563
G1 X36.64 Y134.648 F30000
G1 F12000
G1 X35.435 Y135.852 E.0563
G1 X35.321 Y135.424 F30000
G1 F12000
G1 X36.097 Y134.648 E.03627
G1 E-.73415 F1800
;WIPE_START
G1 F30000
G1 X35.321 Y135.424 E-.06585
;WIPE_END
G1 X42.954 Y135.378 Z4.4
G1 X64.285 Y135.25 Z4.4
G1 Z4
G1 E.8 F1800
SET_VELOCITY_LIMIT ACCEL=10000
;TYPE:Gap infill
;WIDTH:0.431684
G1 F15000
G1 X92.394 Y135.25 E.86377
G1 E-.728 F1800
;WIPE_START
G1 F30000
G1 X91.194 Y135.25 E-.072
;WIPE_END
G1 X87.112 Y128.801 Z4.4
G1 X27.902 Y35.252 Z4.4
G1 Z4
G1 E.8 F1800
;TYPE:Inner wall
;WIDTH:0.45
G1 F6000
G1 X27.902 Y9.102 E.84142
G1 X28.298 Y9.102 E.01274
G1 X28.298 Y35.648 E.85416
G1 X6.602 Y35.648 E.6981
G1 X6.602 Y35.252 E.01274
G1 X27.862 Y35.252 E.68408
SET_VELOCITY_LIMIT ACCEL=5000
G1 X27.51 Y34.86 F30000
;TYPE:Outer wall
;WIDTH:0.42
G1 F3600
G1 X27.51 Y8.71 E.77941
G1 X28.69 Y8.71 E.03517
G1 X28.69 Y36.04 E.81458
G1 X6.21 Y36.04 E.67003
G1 X6.21 Y23.56 E.37197
G1 X6.99 Y23.56 E.02325
G1 X6.99 Y34.86 E.3368
G1 X27.47 Y34.86 E.61041
G1 E-.728 F1800
;WIPE_START
G1 F30000
G1 X27.472 Y33.66 E-.072
;WIPE_END
G1 X19.856 Y34.169 Z4.4
G1 X6.6 Y35.056 Z4.4
G1 Z4
G1 E.8 F1800
SET_VELOCITY_LIMIT ACCEL=10000
;TYPE:Gap infill
;WIDTH:0.430846
G1 F15000
G1 X6.6 Y23.756 E.34649
M106 S235
;LAYER_CHANGE
;Z:4.2
;HEIGHT:0.2
;BEFORE_LAYER_CHANGE
;4.2
G92 E0

G1 E-.728 F1800
;WIPE_START
G1 F30000
G1 X6.6 Y24.956 E-.072
;WIPE_END
M73 L21
;LAYER:21
SET_PRINT_STATS_INFO TOTAL_LAYER=80 CURRENT_LAYER=21
;_SET_FAN_SPEED_CHANGING_LAYER

G1 X7.5197 Y25.4751 Z4.25714
G1 X7.68734 Y26.5177 Z4.31429
G1 X6.97668 Y27.2989 Z4.37143
G1 X5.92287 Y27.2303 Z4.42857
G1 X5.31944 Y26.3636 Z4.48571
G1 X5.62079 Y25.3515 Z4.54286
G1 X6.6 Y24.956 Z4.6
G1 X170.902 Y35.648 Z4.6
G1 Z4.2
G1 E.8 F1800
;TYPE:Inner wall
;WIDTH:0.45
G1 F6000
G1 X170.902 Y9.102 E.85416
G1 X171.298 Y9.102 E.01274
G1 X171.298 Y35.252 E.84142
G1 X192.598 Y35.252 E.68536
G1 X192.598 Y35.648 E.01274
G1 X170.942 Y35.648 E.69681
SET_VELOCITY_LIMIT ACCEL=5000
G1 X170.51 Y36.04 F30000
;TYPE:Outer wall
;WIDTH:0.42
G1 F3600
G1 X170.51 Y8.71 E.81458
G1 X171.69 Y8.71 E.03517
G1 X171.69 Y34.86 E.77941
G1 X192.21 Y34.86 E.61161
G1 X192.21 Y23.56 E.3368
G1 X192.99 Y23.56 E.02325
G1 X192.99 Y36.04 E.37197
G1 X170.55 Y36.04 E.66883
G1 E-.728 F1800
;WIPE_START
G1 F30000
G1 X170.548 Y34.84 E-.072
;WIPE_END
G1 X178.18 Y34.915 Z4.6
G1 X192.6 Y35.056 Z4.6
G1 Z4.2
G1 E.8 F1800
SET_VELOCITY_LIMIT ACCEL=10000
;TYPE:Gap infill
;WIDTH:0.430842
G1 F15000
G1 X192.6 Y23.756 E.34648
G1 E-.728 F1800
;WIPE_START
G1 F30000
G1 X192.6 Y24.956 E-.072
;WIPE_END
G1 X190.684 Y32.344 Z4.6
G1 X164.102 Y134.852 Z4.6
G1 Z4.2
M73 P78 R13
G1 E.8 F1800
;TYPE:Inner wall
;WIDTH:0.45
G1 F6000
G1 X192.598 Y134.852 E.9169
G1 X192.598 Y135.648 E.02561
G1 X164.102 Y135.648 E.9169
G1 X164.102 Y134.892 E.02432
SET_VELOCITY_LIMIT ACCEL=5000
G1 X163.71 Y134.46 F30000
;TYPE:Outer wall
;WIDTH:0.42
G1 F3600
G1 X192.99 Y134.46 E.8727
G1 X192.99 Y136.04 E.04709
G1 X163.71 Y136.04 E.8727
G1 X163.71 Y134.5 E.0459
G1 E-.728 F1800
;WIPE_START
G1 F30000
G1 X164.91 Y134.498 E-.072
;WIPE_END
G1 X164.306 Y135.25 Z4.6
G1 Z4.2
G1 E.8 F1800
SET_VELOCITY_LIMIT ACCEL=10000
;TYPE:Gap infill
;WIDTH:0.431684
G1 F15000
G1 X192.394 Y135.25 E.86314
G1 E-.728 F1800
;WIPE_START
G1 F30000
G1 X191.194 Y135.25 E-.072
;WIPE_END
G1 X183.562 Y135.214 Z4.6
G1 X106.602 Y134.852 Z4.6
G1 Z4.2
G1 E.8 F1800
;TYPE:Inner wall
;WIDTH:0.45
G1 F6000
G1 X135.098 Y134.852 E.9169
G1 X135.098 Y135.648 E.02561
G1 X106.602 Y135.648 E.9169
G1 X106.602 Y134.892 E.02432
SET_VELOCITY_LIMIT ACCEL=5000
G1 X106.21 Y134.46 F30000
;TYPE:Outer wall
;WIDTH:0.42
G1 F3600
G1 X135.49 Y134.46 E.8727
G1 X135.49 Y136.04 E.04709
G1 X106.21 Y136.04 E.8727
G1 X106.21 Y134.5 E.0459
G1 E-.728 F1800
;WIPE_START
G1 F30000
G1 X107.41 Y134.498 E-.072
;WIPE_END
G1 X106.806 Y135.25 Z4.6
G1 Z4.2
G1 E.8 F1800
SET_VELOCITY_LIMIT ACCEL=10000
;TYPE:Gap infill
;WIDTH:0.431684
G1 F15000
G1 X134.894 Y135.25 E.86314
G1 E-.728 F1800
;WIPE_START
G1 F30000
G1 X133.694 Y135.25 E-.072
;WIPE_END
G1 X128.148 Y130.007 Z4.6
G1 X27.902 Y35.252 Z4.6
G1 Z4.2
G1 E.8 F1800
;TYPE:Inner wall
;WIDTH:0.45
G1 F6000
G1 X27.902 Y9.102 E.84142
G1 X28.298 Y9.102 E.01274
G1 X28.298 Y35.648 E.85416
G1 X6.602 Y35.648 E.6981
G1 X6.602 Y35.252 E.01274
G1 X27.862 Y35.252 E.68408
SET_VELOCITY_LIMIT ACCEL=5000
G1 X27.51 Y34.86 F30000
;TYPE:Outer wall
;WIDTH:0.42
G1 F3600
G1 X27.51 Y8.71 E.77941
G1 X28.69 Y8.71 E.03517
G1 X28.69 Y36.04 E.81458
G1 X6.21 Y36.04 E.67003
G1 X6.21 Y23.56 E.37197
G1 X6.99 Y23.56 E.02325
G1 X6.99 Y34.86 E.3368
G1 X27.47 Y34.86 E.61041
G1 E-.728 F1800
;WIPE_START
G1 F30000
G1 X27.472 Y33.66 E-.072
;WIPE_END
G1 X19.856 Y34.169 Z4.6
G1 X6.6 Y35.056 Z4.6
G1 Z4.2
G1 E.8 F1800
SET_VELOCITY_LIMIT ACCEL=10000
;TYPE:Gap infill
;WIDTH:0.430846
G1 F15000
G1 X6.6 Y23.756 E.34649
G1 E-.728 F1800
;WIPE_START
G1 F30000
G1 X6.6 Y24.956 E-.072
;WIPE_END
G1 X6.6 Y32.588 Z4.6
G1 X6.602 Y134.852 Z4.6
G1 Z4.2
G1 E.8 F1800
;TYPE:Inner wall
;WIDTH:0.45
G1 F6000
G1 X35.098 Y134.852 E.9169
G1 X35.098 Y135.648 E.02561
G1 X6.602 Y135.648 E.9169
G1 X6.602 Y134.892 E.02432
SET_VELOCITY_LIMIT ACCEL=5000
G1 X6.21 Y134.46 F30000
;TYPE:Outer wall
;WIDTH:0.42
G1 F3600
G1 X35.49 Y134.46 E.8727
G1 X35.49 Y136.04 E.04709
G1 X6.21 Y136.04 E.8727
G1 X6.21 Y134.5 E.0459
G1 E-.728 F1800
;WIPE_START
G1 F30000
G1 X7.41 Y134.498 E-.072
;WIPE_END
G1 X6.806 Y135.25 Z4.6
G1 Z4.2
G1 E.8 F1800
SET_VELOCITY_LIMIT ACCEL=10000
;TYPE:Gap infill
;WIDTH:0.431684
G1 F15000
G1 X34.894 Y135.25 E.86314
G1 E-.728 F1800
;WIPE_START
G1 F30000
G1 X33.694 Y135.25 E-.072
;WIPE_END
G1 X41.326 Y135.15 Z4.6
G1 X64.102 Y134.852 Z4.6
G1 Z4.2
G1 E.8 F1800
;TYPE:Inner wall
;WIDTH:0.45
G1 F6000
G1 X92.598 Y134.852 E.9169
G1 X92.598 Y135.648 E.02561
G1 X64.102 Y135.648 E.9169
G1 X64.102 Y134.892 E.02432
SET_VELOCITY_LIMIT ACCEL=5000
G1 X63.71 Y134.46 F30000
;TYPE:Outer wall
;WIDTH:0.42
G1 F3600
G1 X92.99 Y134.46 E.8727
G1 X92.99 Y136.04 E.04709
G1 X63.71 Y136.04 E.8727
G1 X63.71 Y134.5 E.0459
G1 E-.728 F1800
;WIPE_START
G1 F30000
G1 X64.91 Y134.498 E-.072
;WIPE_END
G1 X64.306 Y135.25 Z4.6
G1 Z4.2
G1 E.8 F1800
SET_VELOCITY_LIMIT ACCEL=10000
;TYPE:Gap infill
;WIDTH:0.431684
G1 F15000
G1 X92.394 Y135.25 E.86314
;LAYER_CHANGE
;Z:4.4
;HEIGHT:0.2
;BEFORE_LAYER_CHANGE
;4.4
G92 E0

G1 E-.728 F1800
;WIPE_START
G1 F30000
G1 X91.194 Y135.25 E-.072
;WIPE_END
M73 L22
;LAYER:22
SET_PRINT_STATS_INFO TOTAL_LAYER=80 CURRENT_LAYER=22
;_SET_FAN_SPEED_CHANGING_LAYER

G1 X92.1466 Y134.793 Z4.45714
G1 X93.0973 Y135.253 Z4.51429
G1 X93.3305 Y136.283 Z4.57143
G1 X92.6707 Y137.108 Z4.62857
G1 X91.6147 Y137.106 Z4.68571
G1 X90.9576 Y136.279 Z4.74286
G1 X91.1944 Y135.25 Z4.8
G1 X170.902 Y35.648 Z4.8
G1 Z4.4
G1 E.8 F1800
;TYPE:Inner wall
;WIDTH:0.45
G1 F6000
G1 X170.902 Y9.102 E.85416
G1 X171.298 Y9.102 E.01274
G1 X171.298 Y35.252 E.84142
G1 X192.598 Y35.252 E.68536
G1 X192.598 Y35.648 E.01274
G1 X170.942 Y35.648 E.69681
SET_VELOCITY_LIMIT ACCEL=5000
G1 X170.51 Y36.04 F30000
;TYPE:Outer wall
;WIDTH:0.42
G1 F3600
G1 X170.51 Y8.71 E.81458
G1 X171.69 Y8.71 E.03517
G1 X171.69 Y34.86 E.77941
G1 X192.21 Y34.86 E.61161
G1 X192.21 Y23.56 E.3368
G1 X192.99 Y23.56 E.02325
G1 X192.99 Y36.04 E.37197
G1 X170.55 Y36.04 E.66883
G1 E-.728 F1800
;WIPE_START
G1 F30000
G1 X170.548 Y34.84 E-.072
;WIPE_END
G1 X178.18 Y34.915 Z4.8
G1 X192.6 Y35.056 Z4.8
G1 Z4.4
G1 E.8 F1800
SET_VELOCITY_LIMIT ACCEL=10000
;TYPE:Gap infill
;WIDTH:0.430842
G1 F15000
G1 X192.6 Y23.756 E.34648
G1 E-.728 F1800
;WIPE_START
G1 F30000
G1 X192.6 Y24.956 E-.072
;WIPE_END
G1 X192.6 Y32.588 Z4.8
G1 X192.598 Y134.852 Z4.8
G1 Z4.4
G1 E.8 F1800
;TYPE:Inner wall
;WIDTH:0.45
G1 F6000
G1 X192.598 Y135.648 E.02561
G1 X163.902 Y135.648 E.92334
G1 X163.902 Y134.852 E.02561
G1 X192.558 Y134.852 E.92205
SET_VELOCITY_LIMIT ACCEL=5000
G1 X192.99 Y134.46 F30000
;TYPE:Outer wall
;WIDTH:0.42
G1 F3600
G1 X192.99 Y136.04 E.04709
G1 X192.36 Y136.04 E.01878
G1 X164.34 Y136.04 E.83515
G1 F3060
G1 X163.51 Y136.04 E.02474
G1 X163.51 Y134.46 E.04709
G1 X164.34 Y134.46 E.02474
G1 F3600
G1 X192.32 Y134.46 E.83395
G1 X192.95 Y134.46 E.01878
G1 E-.728 F1800
;WIPE_START
G1 F30000
G1 X192.98 Y135.66 E-.072
;WIPE_END
G1 X192.394 Y135.25 Z4.8
G1 Z4.4
G1 E.8 F1800
SET_VELOCITY_LIMIT ACCEL=10000
;TYPE:Gap infill
;WIDTH:0.431684
G1 F15000
G1 X164.106 Y135.25 E.86928
G1 E-.728 F1800
;WIPE_START
G1 F30000
G1 X165.306 Y135.25 E-.072
;WIPE_END
G1 X157.673 Y135.198 Z4.8
G1 X106.602 Y134.852 Z4.8
G1 Z4.4
G1 E.8 F1800
;TYPE:Inner wall
;WIDTH:0.45
G1 F6000
G1 X135.298 Y134.852 E.92334
G1 X135.298 Y135.648 E.02561
G1 X106.602 Y135.648 E.92334
G1 X106.602 Y134.892 E.02432
SET_VELOCITY_LIMIT ACCEL=5000
G1 X106.21 Y134.46 F30000
;TYPE:Outer wall
;WIDTH:0.42
G1 F3600
G1 X106.84 Y134.46 E.01878
G1 X134.86 Y134.46 E.83515
G1 F3060
G1 X135.69 Y134.46 E.02474
G1 X135.69 Y136.04 E.04709
G1 X134.86 Y136.04 E.02474
G1 F3600
G1 X106.84 Y136.04 E.83515
G1 X106.21 Y136.04 E.01878
G1 X106.21 Y134.5 E.0459
G1 E-.728 F1800
;WIPE_START
G1 F30000
G1 X107.41 Y134.498 E-.072
;WIPE_END
G1 X106.806 Y135.25 Z4.8
G1 Z4.4
G1 E.8 F1800
SET_VELOCITY_LIMIT ACCEL=10000
;TYPE:Gap infill
;WIDTH:0.431684
G1 F15000
G1 X135.094 Y135.25 E.86928
G1 E-.728 F1800
;WIPE_START
G1 F30000
G1 X133.894 Y135.25 E-.072
;WIPE_END
G1 X128.343 Y130.012 Z4.8
G1 X27.902 Y35.252 Z4.8
G1 Z4.4
G1 E.8 F1800
;TYPE:Inner wall
;WIDTH:0.45
G1 F6000
G1 X27.902 Y9.102 E.84142
G1 X28.298 Y9.102 E.01274
G1 X28.298 Y35.648 E.85416
G1 X6.602 Y35.648 E.6981
G1 X6.602 Y35.252 E.01274
G1 X27.862 Y35.252 E.68408
SET_VELOCITY_LIMIT ACCEL=5000
G1 X27.51 Y34.86 F30000
;TYPE:Outer wall
;WIDTH:0.42
G1 F3600
G1 X27.51 Y8.71 E.77941
G1 X28.69 Y8.71 E.03517
G1 X28.69 Y36.04 E.81458
G1 X6.21 Y36.04 E.67003
G1 X6.21 Y23.56 E.37197
G1 X6.99 Y23.56 E.02325
G1 X6.99 Y34.86 E.3368
G1 X27.47 Y34.86 E.61041
G1 E-.728 F1800
;WIPE_START
G1 F30000
G1 X27.472 Y33.66 E-.072
;WIPE_END
G1 X19.856 Y34.169 Z4.8
G1 X6.6 Y35.056 Z4.8
G1 Z4.4
G1 E.8 F1800
SET_VELOCITY_LIMIT ACCEL=10000
;TYPE:Gap infill
;WIDTH:0.430846
G1 F15000
G1 X6.6 Y23.756 E.34649
G1 E-.728 F1800
;WIPE_START
G1 F30000
G1 X6.6 Y24.956 E-.072
;WIPE_END
G1 X6.6 Y32.588 Z4.8
G1 X6.602 Y134.852 Z4.8
G1 Z4.4
G1 E.8 F1800
;TYPE:Inner wall
;WIDTH:0.45
G1 F6000
G1 X35.298 Y134.852 E.92334
G1 X35.298 Y135.648 E.02561
G1 X6.602 Y135.648 E.92334
G1 X6.602 Y134.892 E.02432
SET_VELOCITY_LIMIT ACCEL=5000
G1 X6.21 Y134.46 F30000
;TYPE:Outer wall
;WIDTH:0.42
G1 F3600
G1 X6.84 Y134.46 E.01878
G1 X34.86 Y134.46 E.83515
G1 F3060
G1 X35.69 Y134.46 E.02474
G1 X35.69 Y136.04 E.04709
G1 X34.86 Y136.04 E.02474
G1 F3600
G1 X6.84 Y136.04 E.83515
G1 X6.21 Y136.04 E.01878
G1 X6.21 Y134.5 E.0459
G1 E-.728 F1800
;WIPE_START
G1 F30000
G1 X7.41 Y134.498 E-.072
;WIPE_END
G1 X6.806 Y135.25 Z4.8
G1 Z4.4
G1 E.8 F1800
SET_VELOCITY_LIMIT ACCEL=10000
;TYPE:Gap infill
;WIDTH:0.431684
G1 F15000
G1 X35.094 Y135.25 E.86928
G1 E-.728 F1800
;WIPE_START
G1 F30000
G1 X33.894 Y135.25 E-.072
;WIPE_END
G1 X41.527 Y135.198 Z4.8
G1 X92.598 Y134.852 Z4.8
G1 Z4.4
G1 E.8 F1800
;TYPE:Inner wall
;WIDTH:0.45
G1 F6000
G1 X92.598 Y135.648 E.02561
G1 X63.902 Y135.648 E.92334
G1 X63.902 Y134.852 E.02561
G1 X92.558 Y134.852 E.92205
SET_VELOCITY_LIMIT ACCEL=5000
G1 X92.99 Y134.46 F30000
;TYPE:Outer wall
;WIDTH:0.42
G1 F3600
G1 X92.99 Y136.04 E.04709
G1 X92.36 Y136.04 E.01878
G1 X64.34 Y136.04 E.83515
G1 F3060
G1 X63.51 Y136.04 E.02474
G1 X63.51 Y134.46 E.04709
G1 X64.34 Y134.46 E.02474
G1 F3600
G1 X92.32 Y134.46 E.83395
G1 X92.95 Y134.46 E.01878
G1 E-.728 F1800
;WIPE_START
G1 F30000
G1 X92.98 Y135.66 E-.072
;WIPE_END
G1 X92.394 Y135.25 Z4.8
G1 Z4.4
G1 E.8 F1800
SET_VELOCITY_LIMIT ACCEL=10000
;TYPE:Gap infill
;WIDTH:0.431684
G1 F15000
G1 X64.106 Y135.25 E.86928
;LAYER_CHANGE
;Z:4.6
;HEIGHT:0.2
;BEFORE_LAYER_CHANGE
;4.6
G92 E0

G1 E-.728 F1800
;WIPE_START
G1 F30000
G1 X65.306 Y135.25 E-.072
;WIPE_END
M73 L23
;LAYER:23
SET_PRINT_STATS_INFO TOTAL_LAYER=80 CURRENT_LAYER=23
;_SET_FAN_SPEED_CHANGING_LAYER

G1 X66.3122 Y134.93 Z4.65714
G1 X67.1895 Y135.518 Z4.71429
G1 X67.2771 Y136.571 Z4.77143
G1 X66.5089 Y137.295 Z4.82857
G1 X65.4634 Y137.146 Z4.88571
G1 X64.9279 Y136.236 Z4.94286
G1 X65.3056 Y135.25 Z5
G1 X170.902 Y35.648 Z5
G1 Z4.6
G1 E.8 F1800
;TYPE:Inner wall
;WIDTH:0.45
G1 F6000
G1 X170.902 Y9.102 E.85416
G1 X171.298 Y9.102 E.01274
G1 X171.298 Y35.252 E.84142
G1 X192.598 Y35.252 E.68536
G1 X192.598 Y35.648 E.01274
G1 X170.942 Y35.648 E.69681
SET_VELOCITY_LIMIT ACCEL=5000
G1 X170.51 Y36.04 F30000
;TYPE:Outer wall
;WIDTH:0.42
G1 F3600
G1 X170.51 Y8.71 E.81458
G1 X171.69 Y8.71 E.03517
G1 X171.69 Y34.86 E.77941
G1 X192.21 Y34.86 E.61161
G1 X192.21 Y23.56 E.3368
G1 X192.99 Y23.56 E.02325
G1 X192.99 Y36.04 E.37197
G1 X170.55 Y36.04 E.66883
G1 E-.728 F1800
;WIPE_START
G1 F30000
G1 X170.548 Y34.84 E-.072
;WIPE_END
G1 X178.18 Y34.915 Z5
G1 X192.6 Y35.056 Z5
G1 Z4.6
G1 E.8 F1800
SET_VELOCITY_LIMIT ACCEL=10000
;TYPE:Gap infill
;WIDTH:0.430842
G1 F15000
G1 X192.6 Y23.756 E.34648
G1 E-.728 F1800
;WIPE_START
G1 F30000
G1 X192.6 Y24.956 E-.072
;WIPE_END
G1 X192.6 Y32.588 Z5
G1 X192.598 Y134.852 Z5
G1 Z4.6
G1 E.8 F1800
;TYPE:Inner wall
;WIDTH:0.45
G1 F6000
G1 X192.598 Y135.648 E.02561
G1 X163.702 Y135.648 E.92977
G1 X163.702 Y134.852 E.02561
G1 X192.558 Y134.852 E.92849
SET_VELOCITY_LIMIT ACCEL=5000
G1 X192.99 Y134.46 F30000
;TYPE:Outer wall
;WIDTH:0.42
G1 F3600
G1 X192.99 Y136.04 E.04709
G1 X192.36 Y136.04 E.01878
G1 X164.14 Y136.04 E.84111
G1 F3060
G1 X163.31 Y136.04 E.02474
G1 X163.31 Y134.46 E.04709
G1 X164.14 Y134.46 E.02474
G1 F3600
G1 X192.32 Y134.46 E.83992
G1 X192.95 Y134.46 E.01878
M73 P79 R13
G1 E-.728 F1800
;WIPE_START
G1 F30000
G1 X192.98 Y135.66 E-.072
;WIPE_END
G1 X192.394 Y135.25 Z5
G1 Z4.6
G1 E.8 F1800
SET_VELOCITY_LIMIT ACCEL=10000
;TYPE:Gap infill
;WIDTH:0.431684
G1 F15000
G1 X163.906 Y135.25 E.87543
G1 E-.728 F1800
;WIPE_START
G1 F30000
G1 X165.106 Y135.25 E-.072
;WIPE_END
G1 X157.473 Y135.198 Z5
G1 X106.602 Y134.852 Z5
G1 Z4.6
G1 E.8 F1800
;TYPE:Inner wall
;WIDTH:0.45
G1 F6000
G1 X135.498 Y134.852 E.92977
G1 X135.498 Y135.648 E.02561
G1 X106.602 Y135.648 E.92977
G1 X106.602 Y134.892 E.02432
SET_VELOCITY_LIMIT ACCEL=5000
G1 X106.21 Y134.46 F30000
;TYPE:Outer wall
;WIDTH:0.42
G1 F3600
G1 X106.84 Y134.46 E.01878
G1 X135.06 Y134.46 E.84111
G1 F3060
G1 X135.89 Y134.46 E.02474
G1 X135.89 Y136.04 E.04709
G1 X135.06 Y136.04 E.02474
G1 F3600
G1 X106.84 Y136.04 E.84111
G1 X106.21 Y136.04 E.01878
G1 X106.21 Y134.5 E.0459
G1 E-.728 F1800
;WIPE_START
G1 F30000
G1 X107.41 Y134.498 E-.072
;WIPE_END
G1 X106.806 Y135.25 Z5
G1 Z4.6
G1 E.8 F1800
SET_VELOCITY_LIMIT ACCEL=10000
;TYPE:Gap infill
;WIDTH:0.431684
G1 F15000
G1 X135.294 Y135.25 E.87543
G1 E-.728 F1800
;WIPE_START
G1 F30000
G1 X134.094 Y135.25 E-.072
;WIPE_END
G1 X128.538 Y130.018 Z5
G1 X27.902 Y35.252 Z5
G1 Z4.6
G1 E.8 F1800
;TYPE:Inner wall
;WIDTH:0.45
G1 F6000
G1 X27.902 Y9.102 E.84142
G1 X28.298 Y9.102 E.01274
G1 X28.298 Y35.648 E.85416
G1 X6.602 Y35.648 E.6981
G1 X6.602 Y35.252 E.01274
G1 X27.862 Y35.252 E.68408
SET_VELOCITY_LIMIT ACCEL=5000
G1 X27.51 Y34.86 F30000
;TYPE:Outer wall
;WIDTH:0.42
G1 F3600
G1 X27.51 Y8.71 E.77941
G1 X28.69 Y8.71 E.03517
G1 X28.69 Y36.04 E.81458
G1 X6.21 Y36.04 E.67003
G1 X6.21 Y23.56 E.37197
G1 X6.99 Y23.56 E.02325
G1 X6.99 Y34.86 E.3368
G1 X27.47 Y34.86 E.61041
G1 E-.728 F1800
;WIPE_START
G1 F30000
G1 X27.472 Y33.66 E-.072
;WIPE_END
G1 X19.856 Y34.169 Z5
G1 X6.6 Y35.056 Z5
G1 Z4.6
G1 E.8 F1800
SET_VELOCITY_LIMIT ACCEL=10000
;TYPE:Gap infill
;WIDTH:0.430846
G1 F15000
G1 X6.6 Y23.756 E.34649
G1 E-.728 F1800
;WIPE_START
G1 F30000
G1 X6.6 Y24.956 E-.072
;WIPE_END
G1 X6.6 Y32.588 Z5
G1 X6.602 Y134.852 Z5
G1 Z4.6
G1 E.8 F1800
;TYPE:Inner wall
;WIDTH:0.45
G1 F6000
G1 X35.498 Y134.852 E.92977
G1 X35.498 Y135.648 E.02561
G1 X6.602 Y135.648 E.92977
G1 X6.602 Y134.892 E.02432
SET_VELOCITY_LIMIT ACCEL=5000
G1 X6.21 Y134.46 F30000
;TYPE:Outer wall
;WIDTH:0.42
G1 F3600
G1 X6.84 Y134.46 E.01878
G1 X35.06 Y134.46 E.84111
G1 F3060
G1 X35.89 Y134.46 E.02474
G1 X35.89 Y136.04 E.04709
G1 X35.06 Y136.04 E.02474
G1 F3600
G1 X6.84 Y136.04 E.84111
G1 X6.21 Y136.04 E.01878
G1 X6.21 Y134.5 E.0459
G1 E-.728 F1800
;WIPE_START
G1 F30000
G1 X7.41 Y134.498 E-.072
;WIPE_END
G1 X6.806 Y135.25 Z5
G1 Z4.6
G1 E.8 F1800
SET_VELOCITY_LIMIT ACCEL=10000
;TYPE:Gap infill
;WIDTH:0.431684
G1 F15000
G1 X35.294 Y135.25 E.87543
G1 E-.728 F1800
;WIPE_START
G1 F30000
G1 X34.094 Y135.25 E-.072
;WIPE_END
G1 X41.727 Y135.198 Z5
G1 X92.598 Y134.852 Z5
G1 Z4.6
G1 E.8 F1800
;TYPE:Inner wall
;WIDTH:0.45
G1 F6000
G1 X92.598 Y135.648 E.02561
G1 X63.702 Y135.648 E.92977
G1 X63.702 Y134.852 E.02561
G1 X92.558 Y134.852 E.92849
SET_VELOCITY_LIMIT ACCEL=5000
G1 X92.99 Y134.46 F30000
;TYPE:Outer wall
;WIDTH:0.42
G1 F3600
G1 X92.99 Y136.04 E.04709
G1 X92.36 Y136.04 E.01878
G1 X64.14 Y136.04 E.84111
G1 F3060
G1 X63.31 Y136.04 E.02474
G1 X63.31 Y134.46 E.04709
G1 X64.14 Y134.46 E.02474
G1 F3600
G1 X92.32 Y134.46 E.83992
G1 X92.95 Y134.46 E.01878
G1 E-.728 F1800
;WIPE_START
G1 F30000
G1 X92.98 Y135.66 E-.072
;WIPE_END
G1 X92.394 Y135.25 Z5
G1 Z4.6
G1 E.8 F1800
SET_VELOCITY_LIMIT ACCEL=10000
;TYPE:Gap infill
;WIDTH:0.431684
G1 F15000
G1 X63.906 Y135.25 E.87543
;LAYER_CHANGE
;Z:4.8
;HEIGHT:0.2
;BEFORE_LAYER_CHANGE
;4.8
G92 E0

G1 E-.728 F1800
;WIPE_START
G1 F30000
G1 X65.106 Y135.25 E-.072
;WIPE_END
M73 L24
;LAYER:24
SET_PRINT_STATS_INFO TOTAL_LAYER=80 CURRENT_LAYER=24
;_SET_FAN_SPEED_CHANGING_LAYER

G1 X66.1125 Y134.931 Z4.85714
G1 X66.9893 Y135.52 Z4.91429
G1 X67.0758 Y136.572 Z4.97143
G1 X66.3069 Y137.296 Z5.02857
G1 X65.2616 Y137.147 Z5.08571
G1 X64.7269 Y136.236 Z5.14286
G1 X65.1056 Y135.25 Z5.2
G1 X170.902 Y35.648 Z5.2
M73 P79 R12
G1 Z4.8
G1 E.8 F1800
;TYPE:Inner wall
;WIDTH:0.45
G1 F6000
G1 X170.902 Y9.102 E.85416
G1 X171.298 Y9.102 E.01274
G1 X171.298 Y35.252 E.84142
G1 X192.598 Y35.252 E.68536
G1 X192.598 Y35.648 E.01274
G1 X170.942 Y35.648 E.69681
SET_VELOCITY_LIMIT ACCEL=5000
G1 X170.51 Y36.04 F30000
;TYPE:Outer wall
;WIDTH:0.42
G1 F3600
G1 X170.51 Y8.71 E.81458
G1 X171.69 Y8.71 E.03517
G1 X171.69 Y34.86 E.77941
G1 X192.21 Y34.86 E.61161
G1 X192.21 Y23.56 E.3368
G1 X192.99 Y23.56 E.02325
G1 X192.99 Y36.04 E.37197
G1 X170.55 Y36.04 E.66883
G1 E-.728 F1800
;WIPE_START
G1 F30000
G1 X170.548 Y34.84 E-.072
;WIPE_END
G1 X178.18 Y34.915 Z5.2
G1 X192.6 Y35.056 Z5.2
G1 Z4.8
G1 E.8 F1800
SET_VELOCITY_LIMIT ACCEL=10000
;TYPE:Gap infill
;WIDTH:0.430842
G1 F15000
G1 X192.6 Y23.756 E.34648
G1 E-.728 F1800
;WIPE_START
G1 F30000
G1 X192.6 Y24.956 E-.072
;WIPE_END
G1 X192.6 Y32.588 Z5.2
G1 X192.598 Y134.852 Z5.2
G1 Z4.8
G1 E.8 F1800
;TYPE:Inner wall
;WIDTH:0.45
G1 F6000
G1 X192.598 Y135.648 E.02561
G1 X163.502 Y135.648 E.93621
G1 X163.502 Y134.852 E.02561
G1 X192.558 Y134.852 E.93492
SET_VELOCITY_LIMIT ACCEL=5000
G1 X192.99 Y134.46 F30000
;TYPE:Outer wall
;WIDTH:0.42
G1 F3600
G1 X192.99 Y136.04 E.04709
G1 X192.36 Y136.04 E.01878
G1 X163.94 Y136.04 E.84707
G1 F3060
G1 X163.11 Y136.04 E.02474
G1 X163.11 Y134.46 E.04709
G1 X163.94 Y134.46 E.02474
G1 F3600
G1 X192.32 Y134.46 E.84588
G1 X192.95 Y134.46 E.01878
G1 E-.728 F1800
;WIPE_START
G1 F30000
G1 X192.98 Y135.66 E-.072
;WIPE_END
G1 X192.394 Y135.25 Z5.2
G1 Z4.8
G1 E.8 F1800
SET_VELOCITY_LIMIT ACCEL=10000
;TYPE:Gap infill
;WIDTH:0.431684
G1 F15000
G1 X163.706 Y135.25 E.88158
G1 E-.728 F1800
;WIPE_START
G1 F30000
G1 X164.906 Y135.25 E-.072
;WIPE_END
G1 X157.273 Y135.198 Z5.2
G1 X106.602 Y134.852 Z5.2
G1 Z4.8
G1 E.8 F1800
;TYPE:Inner wall
;WIDTH:0.45
G1 F6000
G1 X135.698 Y134.852 E.93621
G1 X135.698 Y135.648 E.02561
G1 X106.602 Y135.648 E.93621
G1 X106.602 Y134.892 E.02432
SET_VELOCITY_LIMIT ACCEL=5000
G1 X106.21 Y134.46 F30000
;TYPE:Outer wall
;WIDTH:0.42
G1 F3600
G1 X106.84 Y134.46 E.01878
G1 X135.26 Y134.46 E.84707
G1 F3060
G1 X136.09 Y134.46 E.02474
G1 X136.09 Y136.04 E.04709
G1 X135.26 Y136.04 E.02474
G1 F3600
G1 X106.84 Y136.04 E.84707
G1 X106.21 Y136.04 E.01878
G1 X106.21 Y134.5 E.0459
G1 E-.728 F1800
;WIPE_START
G1 F30000
G1 X107.41 Y134.498 E-.072
;WIPE_END
G1 X106.806 Y135.25 Z5.2
G1 Z4.8
G1 E.8 F1800
SET_VELOCITY_LIMIT ACCEL=10000
;TYPE:Gap infill
;WIDTH:0.431684
G1 F15000
G1 X135.494 Y135.25 E.88158
G1 E-.728 F1800
;WIPE_START
G1 F30000
G1 X134.294 Y135.25 E-.072
;WIPE_END
G1 X128.733 Y130.023 Z5.2
G1 X27.902 Y35.252 Z5.2
G1 Z4.8
G1 E.8 F1800
;TYPE:Inner wall
;WIDTH:0.45
G1 F6000
G1 X27.902 Y9.102 E.84142
G1 X28.298 Y9.102 E.01274
G1 X28.298 Y35.648 E.85416
G1 X6.602 Y35.648 E.6981
G1 X6.602 Y35.252 E.01274
G1 X27.862 Y35.252 E.68408
SET_VELOCITY_LIMIT ACCEL=5000
G1 X27.51 Y34.86 F30000
;TYPE:Outer wall
;WIDTH:0.42
G1 F3600
G1 X27.51 Y8.71 E.77941
G1 X28.69 Y8.71 E.03517
G1 X28.69 Y36.04 E.81458
G1 X6.21 Y36.04 E.67003
G1 X6.21 Y23.56 E.37197
G1 X6.99 Y23.56 E.02325
G1 X6.99 Y34.86 E.3368
G1 X27.47 Y34.86 E.61041
G1 E-.728 F1800
;WIPE_START
G1 F30000
G1 X27.472 Y33.66 E-.072
;WIPE_END
G1 X19.856 Y34.169 Z5.2
G1 X6.6 Y35.056 Z5.2
G1 Z4.8
G1 E.8 F1800
SET_VELOCITY_LIMIT ACCEL=10000
;TYPE:Gap infill
;WIDTH:0.430846
G1 F15000
G1 X6.6 Y23.756 E.34649
G1 E-.728 F1800
;WIPE_START
G1 F30000
G1 X6.6 Y24.956 E-.072
;WIPE_END
G1 X6.6 Y32.588 Z5.2
G1 X6.602 Y134.852 Z5.2
G1 Z4.8
G1 E.8 F1800
;TYPE:Inner wall
;WIDTH:0.45
G1 F6000
G1 X35.698 Y134.852 E.93621
G1 X35.698 Y135.648 E.02561
G1 X6.602 Y135.648 E.93621
G1 X6.602 Y134.892 E.02432
SET_VELOCITY_LIMIT ACCEL=5000
G1 X6.21 Y134.46 F30000
;TYPE:Outer wall
;WIDTH:0.42
G1 F3600
G1 X6.84 Y134.46 E.01878
G1 X35.26 Y134.46 E.84707
G1 F3060
G1 X36.09 Y134.46 E.02474
G1 X36.09 Y136.04 E.04709
G1 X35.26 Y136.04 E.02474
G1 F3600
G1 X6.84 Y136.04 E.84707
G1 X6.21 Y136.04 E.01878
G1 X6.21 Y134.5 E.0459
G1 E-.728 F1800
;WIPE_START
G1 F30000
G1 X7.41 Y134.498 E-.072
;WIPE_END
G1 X6.806 Y135.25 Z5.2
G1 Z4.8
G1 E.8 F1800
SET_VELOCITY_LIMIT ACCEL=10000
;TYPE:Gap infill
;WIDTH:0.431684
G1 F15000
G1 X35.494 Y135.25 E.88158
G1 E-.728 F1800
;WIPE_START
G1 F30000
G1 X34.294 Y135.25 E-.072
;WIPE_END
G1 X41.927 Y135.198 Z5.2
G1 X92.598 Y134.852 Z5.2
G1 Z4.8
G1 E.8 F1800
;TYPE:Inner wall
;WIDTH:0.45
G1 F6000
G1 X92.598 Y135.648 E.02561
G1 X63.502 Y135.648 E.93621
G1 X63.502 Y134.852 E.02561
G1 X92.558 Y134.852 E.93492
SET_VELOCITY_LIMIT ACCEL=5000
G1 X92.99 Y134.46 F30000
;TYPE:Outer wall
;WIDTH:0.42
G1 F3600
G1 X92.99 Y136.04 E.04709
G1 X92.36 Y136.04 E.01878
G1 X63.94 Y136.04 E.84707
G1 F3060
G1 X63.11 Y136.04 E.02474
G1 X63.11 Y134.46 E.04709
G1 X63.94 Y134.46 E.02474
G1 F3600
G1 X92.32 Y134.46 E.84588
G1 X92.95 Y134.46 E.01878
G1 E-.728 F1800
;WIPE_START
G1 F30000
G1 X92.98 Y135.66 E-.072
;WIPE_END
G1 X92.394 Y135.25 Z5.2
G1 Z4.8
G1 E.8 F1800
SET_VELOCITY_LIMIT ACCEL=10000
;TYPE:Gap infill
;WIDTH:0.431684
G1 F15000
G1 X63.706 Y135.25 E.88158
;LAYER_CHANGE
;Z:5
;HEIGHT:0.2
;BEFORE_LAYER_CHANGE
;5
G92 E0

G1 E-.728 F1800
;WIPE_START
G1 F30000
G1 X64.906 Y135.25 E-.072
;WIPE_END
M73 L25
;LAYER:25
SET_PRINT_STATS_INFO TOTAL_LAYER=80 CURRENT_LAYER=25
;_SET_FAN_SPEED_CHANGING_LAYER

G1 X65.9128 Y134.932 Z5.05714
G1 X66.789 Y135.522 Z5.11429
G1 X66.8746 Y136.574 Z5.17143
G1 X66.105 Y137.297 Z5.22857
G1 X65.0598 Y137.147 Z5.28571
G1 X64.526 Y136.235 Z5.34286
G1 X64.9056 Y135.25 Z5.4
G1 X170.902 Y35.648 Z5.4
G1 Z5
G1 E.8 F1800
;TYPE:Inner wall
;WIDTH:0.45
G1 F6000
G1 X170.902 Y9.102 E.85416
G1 X171.298 Y9.102 E.01274
G1 X171.298 Y35.252 E.84142
G1 X192.598 Y35.252 E.68536
G1 X192.598 Y35.648 E.01274
G1 X170.942 Y35.648 E.69681
SET_VELOCITY_LIMIT ACCEL=5000
G1 X170.51 Y36.04 F30000
;TYPE:Outer wall
;WIDTH:0.42
G1 F3600
G1 X170.51 Y8.71 E.81458
G1 X171.69 Y8.71 E.03517
G1 X171.69 Y34.86 E.77941
G1 X192.21 Y34.86 E.61161
G1 X192.21 Y23.56 E.3368
G1 X192.99 Y23.56 E.02325
G1 X192.99 Y36.04 E.37197
G1 X170.55 Y36.04 E.66883
G1 E-.728 F1800
;WIPE_START
G1 F30000
G1 X170.548 Y34.84 E-.072
;WIPE_END
G1 X178.18 Y34.915 Z5.4
G1 X192.6 Y35.056 Z5.4
G1 Z5
G1 E.8 F1800
SET_VELOCITY_LIMIT ACCEL=10000
;TYPE:Gap infill
;WIDTH:0.430842
G1 F15000
G1 X192.6 Y23.756 E.34648
G1 E-.728 F1800
;WIPE_START
G1 F30000
G1 X192.6 Y24.956 E-.072
;WIPE_END
G1 X192.6 Y32.588 Z5.4
G1 X192.598 Y134.852 Z5.4
G1 Z5
G1 E.8 F1800
;TYPE:Inner wall
;WIDTH:0.45
G1 F6000
G1 X192.598 Y135.648 E.02561
G1 X163.302 Y135.648 E.94264
G1 X163.302 Y134.852 E.02561
G1 X192.558 Y134.852 E.94136
SET_VELOCITY_LIMIT ACCEL=5000
G1 X192.99 Y134.46 F30000
;TYPE:Outer wall
;WIDTH:0.42
G1 F3600
G1 X192.99 Y136.04 E.04709
G1 X192.36 Y136.04 E.01878
G1 X163.74 Y136.04 E.85303
G1 F3060
G1 X162.91 Y136.04 E.02474
G1 X162.91 Y134.46 E.04709
G1 X163.74 Y134.46 E.02474
G1 F3600
G1 X192.32 Y134.46 E.85184
G1 X192.95 Y134.46 E.01878
G1 E-.728 F1800
;WIPE_START
G1 F30000
G1 X192.98 Y135.66 E-.072
;WIPE_END
G1 X192.394 Y135.25 Z5.4
G1 Z5
G1 E.8 F1800
SET_VELOCITY_LIMIT ACCEL=10000
;TYPE:Gap infill
;WIDTH:0.431684
G1 F15000
G1 X163.506 Y135.25 E.88772
G1 E-.728 F1800
;WIPE_START
G1 F30000
G1 X164.706 Y135.25 E-.072
;WIPE_END
G1 X157.073 Y135.198 Z5.4
G1 X106.602 Y134.852 Z5.4
G1 Z5
G1 E.8 F1800
;TYPE:Inner wall
;WIDTH:0.45
G1 F6000
G1 X135.898 Y134.852 E.94264
G1 X135.898 Y135.648 E.02561
G1 X106.602 Y135.648 E.94264
G1 X106.602 Y134.892 E.02432
SET_VELOCITY_LIMIT ACCEL=5000
G1 X106.21 Y134.46 F30000
;TYPE:Outer wall
;WIDTH:0.42
G1 F3600
G1 X106.84 Y134.46 E.01878
G1 X135.46 Y134.46 E.85303
G1 F3060
M73 P80 R12
G1 X136.29 Y134.46 E.02474
G1 X136.29 Y136.04 E.04709
G1 X135.46 Y136.04 E.02474
G1 F3600
G1 X106.84 Y136.04 E.85303
G1 X106.21 Y136.04 E.01878
G1 X106.21 Y134.5 E.0459
G1 E-.728 F1800
;WIPE_START
G1 F30000
G1 X107.41 Y134.498 E-.072
;WIPE_END
G1 X106.806 Y135.25 Z5.4
G1 Z5
G1 E.8 F1800
SET_VELOCITY_LIMIT ACCEL=10000
;TYPE:Gap infill
;WIDTH:0.431684
G1 F15000
G1 X135.694 Y135.25 E.88772
G1 E-.728 F1800
;WIPE_START
G1 F30000
G1 X134.494 Y135.25 E-.072
;WIPE_END
G1 X128.928 Y130.028 Z5.4
G1 X27.902 Y35.252 Z5.4
G1 Z5
G1 E.8 F1800
;TYPE:Inner wall
;WIDTH:0.45
G1 F6000
G1 X27.902 Y9.102 E.84142
G1 X28.298 Y9.102 E.01274
G1 X28.298 Y35.648 E.85416
G1 X6.602 Y35.648 E.6981
G1 X6.602 Y35.252 E.01274
G1 X27.862 Y35.252 E.68408
SET_VELOCITY_LIMIT ACCEL=5000
G1 X27.51 Y34.86 F30000
;TYPE:Outer wall
;WIDTH:0.42
G1 F3600
G1 X27.51 Y8.71 E.77941
G1 X28.69 Y8.71 E.03517
G1 X28.69 Y36.04 E.81458
G1 X6.21 Y36.04 E.67003
G1 X6.21 Y23.56 E.37197
G1 X6.99 Y23.56 E.02325
G1 X6.99 Y34.86 E.3368
G1 X27.47 Y34.86 E.61041
G1 E-.728 F1800
;WIPE_START
G1 F30000
G1 X27.472 Y33.66 E-.072
;WIPE_END
G1 X19.856 Y34.169 Z5.4
G1 X6.6 Y35.056 Z5.4
G1 Z5
G1 E.8 F1800
SET_VELOCITY_LIMIT ACCEL=10000
;TYPE:Gap infill
;WIDTH:0.430846
G1 F15000
G1 X6.6 Y23.756 E.34649
G1 E-.728 F1800
;WIPE_START
G1 F30000
G1 X6.6 Y24.956 E-.072
;WIPE_END
G1 X6.6 Y32.588 Z5.4
G1 X6.602 Y134.852 Z5.4
G1 Z5
G1 E.8 F1800
;TYPE:Inner wall
;WIDTH:0.45
G1 F6000
G1 X35.898 Y134.852 E.94264
G1 X35.898 Y135.648 E.02561
G1 X6.602 Y135.648 E.94264
G1 X6.602 Y134.892 E.02432
SET_VELOCITY_LIMIT ACCEL=5000
G1 X6.21 Y134.46 F30000
;TYPE:Outer wall
;WIDTH:0.42
G1 F3600
G1 X6.84 Y134.46 E.01878
G1 X35.46 Y134.46 E.85303
G1 F3060
G1 X36.29 Y134.46 E.02474
G1 X36.29 Y136.04 E.04709
G1 X35.46 Y136.04 E.02474
G1 F3600
G1 X6.84 Y136.04 E.85303
G1 X6.21 Y136.04 E.01878
G1 X6.21 Y134.5 E.0459
G1 E-.728 F1800
;WIPE_START
G1 F30000
G1 X7.41 Y134.498 E-.072
;WIPE_END
G1 X6.806 Y135.25 Z5.4
G1 Z5
G1 E.8 F1800
SET_VELOCITY_LIMIT ACCEL=10000
;TYPE:Gap infill
;WIDTH:0.431684
G1 F15000
G1 X35.694 Y135.25 E.88772
G1 E-.728 F1800
;WIPE_START
G1 F30000
G1 X34.494 Y135.25 E-.072
;WIPE_END
G1 X42.127 Y135.198 Z5.4
G1 X92.598 Y134.852 Z5.4
G1 Z5
G1 E.8 F1800
;TYPE:Inner wall
;WIDTH:0.45
G1 F6000
G1 X92.598 Y135.648 E.02561
G1 X63.302 Y135.648 E.94264
G1 X63.302 Y134.852 E.02561
G1 X92.558 Y134.852 E.94136
SET_VELOCITY_LIMIT ACCEL=5000
G1 X92.99 Y134.46 F30000
;TYPE:Outer wall
;WIDTH:0.42
G1 F3600
G1 X92.99 Y136.04 E.04709
G1 X92.36 Y136.04 E.01878
G1 X63.74 Y136.04 E.85303
G1 F3060
G1 X62.91 Y136.04 E.02474
G1 X62.91 Y134.46 E.04709
G1 X63.74 Y134.46 E.02474
G1 F3600
G1 X92.32 Y134.46 E.85184
G1 X92.95 Y134.46 E.01878
G1 E-.728 F1800
;WIPE_START
G1 F30000
G1 X92.98 Y135.66 E-.072
;WIPE_END
G1 X92.394 Y135.25 Z5.4
G1 Z5
G1 E.8 F1800
SET_VELOCITY_LIMIT ACCEL=10000
;TYPE:Gap infill
;WIDTH:0.431684
G1 F15000
G1 X63.506 Y135.25 E.88772
;LAYER_CHANGE
;Z:5.2
;HEIGHT:0.2
;BEFORE_LAYER_CHANGE
;5.2
G92 E0

G1 E-.728 F1800
;WIPE_START
G1 F30000
G1 X64.706 Y135.25 E-.072
;WIPE_END
M73 L26
;LAYER:26
SET_PRINT_STATS_INFO TOTAL_LAYER=80 CURRENT_LAYER=26
;_SET_FAN_SPEED_CHANGING_LAYER

G1 X65.7131 Y134.933 Z5.25714
G1 X66.5888 Y135.524 Z5.31429
G1 X66.6734 Y136.576 Z5.37143
G1 X65.9031 Y137.299 Z5.42857
G1 X64.858 Y137.147 Z5.48571
G1 X64.3251 Y136.235 Z5.54286
G1 X64.7056 Y135.25 Z5.6
G1 X170.902 Y35.648 Z5.6
G1 Z5.2
G1 E.8 F1800
;TYPE:Inner wall
;WIDTH:0.45
G1 F6000
G1 X170.902 Y9.102 E.85416
G1 X171.298 Y9.102 E.01274
G1 X171.298 Y35.252 E.84142
G1 X192.598 Y35.252 E.68536
G1 X192.598 Y35.648 E.01274
G1 X170.942 Y35.648 E.69681
SET_VELOCITY_LIMIT ACCEL=5000
G1 X170.51 Y36.04 F30000
;TYPE:Outer wall
;WIDTH:0.42
G1 F3600
G1 X170.51 Y8.71 E.81458
G1 X171.69 Y8.71 E.03517
G1 X171.69 Y34.86 E.77941
G1 X192.21 Y34.86 E.61161
G1 X192.21 Y23.56 E.3368
G1 X192.99 Y23.56 E.02325
G1 X192.99 Y36.04 E.37197
G1 X170.55 Y36.04 E.66883
G1 E-.728 F1800
;WIPE_START
G1 F30000
G1 X170.548 Y34.84 E-.072
;WIPE_END
G1 X178.18 Y34.915 Z5.6
G1 X192.6 Y35.056 Z5.6
G1 Z5.2
G1 E.8 F1800
SET_VELOCITY_LIMIT ACCEL=10000
;TYPE:Gap infill
;WIDTH:0.430842
G1 F15000
G1 X192.6 Y23.756 E.34648
G1 E-.728 F1800
;WIPE_START
G1 F30000
G1 X192.6 Y24.956 E-.072
;WIPE_END
G1 X192.6 Y32.588 Z5.6
G1 X192.598 Y134.852 Z5.6
G1 Z5.2
G1 E.8 F1800
;TYPE:Inner wall
;WIDTH:0.45
G1 F6000
G1 X192.598 Y135.648 E.02561
G1 X163.102 Y135.648 E.94908
G1 X163.102 Y134.852 E.02561
G1 X192.558 Y134.852 E.94779
SET_VELOCITY_LIMIT ACCEL=5000
G1 X192.99 Y134.46 F30000
;TYPE:Outer wall
;WIDTH:0.42
G1 F3600
G1 X192.99 Y136.04 E.04709
G1 X192.36 Y136.04 E.01878
G1 X163.54 Y136.04 E.85899
G1 F3060
G1 X162.71 Y136.04 E.02474
G1 X162.71 Y134.46 E.04709
G1 X163.54 Y134.46 E.02474
G1 F3600
G1 X192.32 Y134.46 E.8578
G1 X192.95 Y134.46 E.01878
G1 E-.728 F1800
;WIPE_START
G1 F30000
G1 X192.98 Y135.66 E-.072
;WIPE_END
G1 X192.394 Y135.25 Z5.6
G1 Z5.2
G1 E.8 F1800
SET_VELOCITY_LIMIT ACCEL=10000
;TYPE:Gap infill
;WIDTH:0.431684
G1 F15000
G1 X163.306 Y135.25 E.89387
G1 E-.728 F1800
;WIPE_START
G1 F30000
G1 X164.506 Y135.25 E-.072
;WIPE_END
G1 X156.873 Y135.198 Z5.6
G1 X106.602 Y134.852 Z5.6
G1 Z5.2
G1 E.8 F1800
;TYPE:Inner wall
;WIDTH:0.45
G1 F6000
G1 X136.098 Y134.852 E.94908
G1 X136.098 Y135.648 E.02561
G1 X106.602 Y135.648 E.94908
G1 X106.602 Y134.892 E.02432
SET_VELOCITY_LIMIT ACCEL=5000
G1 X106.21 Y134.46 F30000
;TYPE:Outer wall
;WIDTH:0.42
G1 F3600
G1 X106.84 Y134.46 E.01878
G1 X135.66 Y134.46 E.85899
G1 F3060
G1 X136.49 Y134.46 E.02474
G1 X136.49 Y136.04 E.04709
G1 X135.66 Y136.04 E.02474
G1 F3600
G1 X106.84 Y136.04 E.85899
G1 X106.21 Y136.04 E.01878
G1 X106.21 Y134.5 E.0459
G1 E-.728 F1800
;WIPE_START
G1 F30000
G1 X107.41 Y134.498 E-.072
;WIPE_END
G1 X106.806 Y135.25 Z5.6
G1 Z5.2
G1 E.8 F1800
SET_VELOCITY_LIMIT ACCEL=10000
;TYPE:Gap infill
;WIDTH:0.431684
G1 F15000
G1 X135.894 Y135.25 E.89387
G1 E-.728 F1800
;WIPE_START
G1 F30000
G1 X134.694 Y135.25 E-.072
;WIPE_END
G1 X129.123 Y130.033 Z5.6
G1 X27.902 Y35.252 Z5.6
G1 Z5.2
G1 E.8 F1800
;TYPE:Inner wall
;WIDTH:0.45
G1 F6000
G1 X27.902 Y9.102 E.84142
G1 X28.298 Y9.102 E.01274
G1 X28.298 Y35.648 E.85416
G1 X6.602 Y35.648 E.6981
G1 X6.602 Y35.252 E.01274
G1 X27.862 Y35.252 E.68408
SET_VELOCITY_LIMIT ACCEL=5000
G1 X27.51 Y34.86 F30000
;TYPE:Outer wall
;WIDTH:0.42
G1 F3600
G1 X27.51 Y8.71 E.77941
G1 X28.69 Y8.71 E.03517
G1 X28.69 Y36.04 E.81458
G1 X6.21 Y36.04 E.67003
G1 X6.21 Y23.56 E.37197
G1 X6.99 Y23.56 E.02325
G1 X6.99 Y34.86 E.3368
G1 X27.47 Y34.86 E.61041
G1 E-.728 F1800
;WIPE_START
G1 F30000
G1 X27.472 Y33.66 E-.072
;WIPE_END
G1 X19.856 Y34.169 Z5.6
G1 X6.6 Y35.056 Z5.6
G1 Z5.2
G1 E.8 F1800
SET_VELOCITY_LIMIT ACCEL=10000
;TYPE:Gap infill
;WIDTH:0.430846
G1 F15000
G1 X6.6 Y23.756 E.34649
G1 E-.728 F1800
;WIPE_START
G1 F30000
G1 X6.6 Y24.956 E-.072
;WIPE_END
G1 X6.6 Y32.588 Z5.6
G1 X6.602 Y134.852 Z5.6
G1 Z5.2
G1 E.8 F1800
;TYPE:Inner wall
;WIDTH:0.45
G1 F6000
G1 X36.098 Y134.852 E.94908
G1 X36.098 Y135.648 E.02561
G1 X6.602 Y135.648 E.94908
G1 X6.602 Y134.892 E.02432
SET_VELOCITY_LIMIT ACCEL=5000
G1 X6.21 Y134.46 F30000
;TYPE:Outer wall
;WIDTH:0.42
G1 F3600
G1 X6.84 Y134.46 E.01878
G1 X35.66 Y134.46 E.85899
G1 F3060
G1 X36.49 Y134.46 E.02474
G1 X36.49 Y136.04 E.04709
G1 X35.66 Y136.04 E.02474
G1 F3600
G1 X6.84 Y136.04 E.85899
G1 X6.21 Y136.04 E.01878
G1 X6.21 Y134.5 E.0459
G1 E-.728 F1800
;WIPE_START
G1 F30000
G1 X7.41 Y134.498 E-.072
;WIPE_END
G1 X6.806 Y135.25 Z5.6
G1 Z5.2
G1 E.8 F1800
SET_VELOCITY_LIMIT ACCEL=10000
;TYPE:Gap infill
;WIDTH:0.431684
G1 F15000
G1 X35.894 Y135.25 E.89387
G1 E-.728 F1800
;WIPE_START
G1 F30000
G1 X34.694 Y135.25 E-.072
;WIPE_END
G1 X42.327 Y135.198 Z5.6
G1 X92.598 Y134.852 Z5.6
G1 Z5.2
G1 E.8 F1800
;TYPE:Inner wall
;WIDTH:0.45
G1 F6000
G1 X92.598 Y135.648 E.02561
G1 X63.102 Y135.648 E.94908
G1 X63.102 Y134.852 E.02561
G1 X92.558 Y134.852 E.94779
SET_VELOCITY_LIMIT ACCEL=5000
G1 X92.99 Y134.46 F30000
;TYPE:Outer wall
;WIDTH:0.42
G1 F3600
G1 X92.99 Y136.04 E.04709
G1 X92.36 Y136.04 E.01878
G1 X63.54 Y136.04 E.85899
G1 F3060
G1 X62.71 Y136.04 E.02474
G1 X62.71 Y134.46 E.04709
G1 X63.54 Y134.46 E.02474
G1 F3600
G1 X92.32 Y134.46 E.8578
G1 X92.95 Y134.46 E.01878
G1 E-.728 F1800
;WIPE_START
G1 F30000
G1 X92.98 Y135.66 E-.072
;WIPE_END
G1 X92.394 Y135.25 Z5.6
G1 Z5.2
G1 E.8 F1800
SET_VELOCITY_LIMIT ACCEL=10000
;TYPE:Gap infill
;WIDTH:0.431684
G1 F15000
G1 X63.306 Y135.25 E.89387
;LAYER_CHANGE
;Z:5.4
;HEIGHT:0.2
;BEFORE_LAYER_CHANGE
;5.4
G92 E0

G1 E-.728 F1800
;WIPE_START
G1 F30000
G1 X64.506 Y135.25 E-.072
;WIPE_END
M73 L27
;LAYER:27
SET_PRINT_STATS_INFO TOTAL_LAYER=80 CURRENT_LAYER=27
;_SET_FAN_SPEED_CHANGING_LAYER

G1 X65.5134 Y134.934 Z5.45714
G1 X66.3885 Y135.525 Z5.51429
G1 X66.4721 Y136.578 Z5.57143
G1 X65.7012 Y137.3 Z5.62857
G1 X64.6562 Y137.147 Z5.68571
G1 X64.1242 Y136.235 Z5.74286
G1 X64.5056 Y135.25 Z5.8
G1 X170.902 Y35.648 Z5.8
G1 Z5.4
G1 E.8 F1800
;TYPE:Inner wall
;WIDTH:0.45
G1 F6000
G1 X170.902 Y9.102 E.85416
G1 X171.298 Y9.102 E.01274
G1 X171.298 Y35.252 E.84142
G1 X192.598 Y35.252 E.68536
G1 X192.598 Y35.648 E.01274
G1 X170.942 Y35.648 E.69681
SET_VELOCITY_LIMIT ACCEL=5000
G1 X170.51 Y36.04 F30000
;TYPE:Outer wall
;WIDTH:0.42
G1 F3600
G1 X170.51 Y8.71 E.81458
G1 X171.69 Y8.71 E.03517
G1 X171.69 Y34.86 E.77941
G1 X192.21 Y34.86 E.61161
G1 X192.21 Y23.56 E.3368
G1 X192.99 Y23.56 E.02325
G1 X192.99 Y36.04 E.37197
G1 X170.55 Y36.04 E.66883
G1 E-.728 F1800
;WIPE_START
G1 F30000
G1 X170.548 Y34.84 E-.072
;WIPE_END
G1 X178.18 Y34.915 Z5.8
G1 X192.6 Y35.056 Z5.8
G1 Z5.4
G1 E.8 F1800
SET_VELOCITY_LIMIT ACCEL=10000
;TYPE:Gap infill
;WIDTH:0.430842
G1 F15000
G1 X192.6 Y23.756 E.34648
G1 E-.728 F1800
;WIPE_START
G1 F30000
G1 X192.6 Y24.956 E-.072
;WIPE_END
G1 X192.6 Y32.588 Z5.8
G1 X192.598 Y134.852 Z5.8
G1 Z5.4
G1 E.8 F1800
;TYPE:Inner wall
;WIDTH:0.45
G1 F6000
G1 X192.598 Y135.648 E.02561
G1 X162.902 Y135.648 E.95551
G1 X162.902 Y134.852 E.02561
G1 X192.558 Y134.852 E.95423
SET_VELOCITY_LIMIT ACCEL=5000
G1 X192.99 Y134.46 F30000
;TYPE:Outer wall
;WIDTH:0.42
G1 F3600
G1 X192.99 Y136.04 E.04709
G1 X192.36 Y136.04 E.01878
G1 X163.34 Y136.04 E.86495
G1 F3060
G1 X162.51 Y136.04 E.02474
G1 X162.51 Y134.46 E.04709
G1 X163.34 Y134.46 E.02474
G1 F3600
G1 X192.32 Y134.46 E.86376
G1 X192.95 Y134.46 E.01878
M73 P80 R11
G1 E-.728 F1800
;WIPE_START
G1 F30000
G1 X192.98 Y135.66 E-.072
;WIPE_END
G1 X192.394 Y135.25 Z5.8
G1 Z5.4
G1 E.8 F1800
SET_VELOCITY_LIMIT ACCEL=10000
;TYPE:Gap infill
;WIDTH:0.431684
G1 F15000
G1 X163.106 Y135.25 E.90001
G1 E-.728 F1800
;WIPE_START
G1 F30000
G1 X164.306 Y135.25 E-.072
;WIPE_END
G1 X156.673 Y135.197 Z5.8
G1 X106.602 Y134.852 Z5.8
G1 Z5.4
G1 E.8 F1800
;TYPE:Inner wall
;WIDTH:0.45
G1 F6000
G1 X136.298 Y134.852 E.95551
G1 X136.298 Y135.648 E.02561
G1 X106.602 Y135.648 E.95551
G1 X106.602 Y134.892 E.02432
SET_VELOCITY_LIMIT ACCEL=5000
G1 X106.21 Y134.46 F30000
;TYPE:Outer wall
;WIDTH:0.42
G1 F3600
G1 X106.84 Y134.46 E.01878
G1 X135.86 Y134.46 E.86495
G1 F3060
G1 X136.69 Y134.46 E.02474
G1 X136.69 Y136.04 E.04709
G1 X135.86 Y136.04 E.02474
G1 F3600
G1 X106.84 Y136.04 E.86495
G1 X106.21 Y136.04 E.01878
G1 X106.21 Y134.5 E.0459
G1 E-.728 F1800
;WIPE_START
G1 F30000
G1 X107.41 Y134.498 E-.072
;WIPE_END
G1 X106.806 Y135.25 Z5.8
G1 Z5.4
G1 E.8 F1800
SET_VELOCITY_LIMIT ACCEL=10000
;TYPE:Gap infill
;WIDTH:0.431684
G1 F15000
G1 X136.094 Y135.25 E.90001
G1 E-.728 F1800
;WIPE_START
G1 F30000
G1 X134.894 Y135.25 E-.072
;WIPE_END
G1 X129.318 Y130.038 Z5.8
G1 X27.902 Y35.252 Z5.8
G1 Z5.4
M73 P81 R11
G1 E.8 F1800
;TYPE:Inner wall
;WIDTH:0.45
G1 F6000
G1 X27.902 Y9.102 E.84142
G1 X28.298 Y9.102 E.01274
G1 X28.298 Y35.648 E.85416
G1 X6.602 Y35.648 E.6981
G1 X6.602 Y35.252 E.01274
G1 X27.862 Y35.252 E.68408
SET_VELOCITY_LIMIT ACCEL=5000
G1 X27.51 Y34.86 F30000
;TYPE:Outer wall
;WIDTH:0.42
G1 F3600
G1 X27.51 Y8.71 E.77941
G1 X28.69 Y8.71 E.03517
G1 X28.69 Y36.04 E.81458
G1 X6.21 Y36.04 E.67003
G1 X6.21 Y23.56 E.37197
G1 X6.99 Y23.56 E.02325
G1 X6.99 Y34.86 E.3368
G1 X27.47 Y34.86 E.61041
G1 E-.728 F1800
;WIPE_START
G1 F30000
G1 X27.472 Y33.66 E-.072
;WIPE_END
G1 X19.856 Y34.169 Z5.8
G1 X6.6 Y35.056 Z5.8
G1 Z5.4
G1 E.8 F1800
SET_VELOCITY_LIMIT ACCEL=10000
;TYPE:Gap infill
;WIDTH:0.430846
G1 F15000
G1 X6.6 Y23.756 E.34649
G1 E-.728 F1800
;WIPE_START
G1 F30000
G1 X6.6 Y24.956 E-.072
;WIPE_END
G1 X6.6 Y32.588 Z5.8
G1 X6.602 Y134.852 Z5.8
G1 Z5.4
G1 E.8 F1800
;TYPE:Inner wall
;WIDTH:0.45
G1 F6000
G1 X36.298 Y134.852 E.95551
G1 X36.298 Y135.648 E.02561
G1 X6.602 Y135.648 E.95551
G1 X6.602 Y134.892 E.02432
SET_VELOCITY_LIMIT ACCEL=5000
G1 X6.21 Y134.46 F30000
;TYPE:Outer wall
;WIDTH:0.42
G1 F3600
G1 X6.84 Y134.46 E.01878
G1 X35.86 Y134.46 E.86495
G1 F3060
G1 X36.69 Y134.46 E.02474
G1 X36.69 Y136.04 E.04709
G1 X35.86 Y136.04 E.02474
G1 F3600
G1 X6.84 Y136.04 E.86495
G1 X6.21 Y136.04 E.01878
G1 X6.21 Y134.5 E.0459
G1 E-.728 F1800
;WIPE_START
G1 F30000
G1 X7.41 Y134.498 E-.072
;WIPE_END
G1 X6.806 Y135.25 Z5.8
G1 Z5.4
G1 E.8 F1800
SET_VELOCITY_LIMIT ACCEL=10000
;TYPE:Gap infill
;WIDTH:0.431684
G1 F15000
G1 X36.094 Y135.25 E.90001
G1 E-.728 F1800
;WIPE_START
G1 F30000
G1 X34.894 Y135.25 E-.072
;WIPE_END
G1 X42.527 Y135.197 Z5.8
G1 X92.598 Y134.852 Z5.8
G1 Z5.4
G1 E.8 F1800
;TYPE:Inner wall
;WIDTH:0.45
G1 F6000
G1 X92.598 Y135.648 E.02561
G1 X62.902 Y135.648 E.95551
G1 X62.902 Y134.852 E.02561
G1 X92.558 Y134.852 E.95423
SET_VELOCITY_LIMIT ACCEL=5000
G1 X92.99 Y134.46 F30000
;TYPE:Outer wall
;WIDTH:0.42
G1 F3600
G1 X92.99 Y136.04 E.04709
G1 X92.36 Y136.04 E.01878
G1 X63.34 Y136.04 E.86495
G1 F3060
G1 X62.51 Y136.04 E.02474
G1 X62.51 Y134.46 E.04709
G1 X63.34 Y134.46 E.02474
G1 F3600
G1 X92.32 Y134.46 E.86376
G1 X92.95 Y134.46 E.01878
G1 E-.728 F1800
;WIPE_START
G1 F30000
G1 X92.98 Y135.66 E-.072
;WIPE_END
G1 X92.394 Y135.25 Z5.8
G1 Z5.4
G1 E.8 F1800
SET_VELOCITY_LIMIT ACCEL=10000
;TYPE:Gap infill
;WIDTH:0.431684
G1 F15000
G1 X63.106 Y135.25 E.90001
;LAYER_CHANGE
;Z:5.6
;HEIGHT:0.2
;BEFORE_LAYER_CHANGE
;5.6
G92 E0

G1 E-.728 F1800
;WIPE_START
G1 F30000
G1 X64.306 Y135.25 E-.072
;WIPE_END
M73 L28
;LAYER:28
SET_PRINT_STATS_INFO TOTAL_LAYER=80 CURRENT_LAYER=28
;_SET_FAN_SPEED_CHANGING_LAYER

G1 X65.3137 Y134.935 Z5.65714
G1 X66.1883 Y135.527 Z5.71429
G1 X66.2709 Y136.58 Z5.77143
G1 X65.4992 Y137.301 Z5.82857
G1 X64.4544 Y137.147 Z5.88571
G1 X63.9232 Y136.234 Z5.94286
G1 X64.3056 Y135.25 Z6
G1 X170.902 Y35.648 Z6
G1 Z5.6
G1 E.8 F1800
;TYPE:Inner wall
;WIDTH:0.45
G1 F6000
G1 X170.902 Y9.102 E.85416
G1 X171.298 Y9.102 E.01274
G1 X171.298 Y35.252 E.84142
G1 X192.598 Y35.252 E.68536
G1 X192.598 Y35.648 E.01274
G1 X170.942 Y35.648 E.69681
SET_VELOCITY_LIMIT ACCEL=5000
G1 X170.51 Y36.04 F30000
;TYPE:Outer wall
;WIDTH:0.42
G1 F3600
G1 X170.51 Y8.71 E.81458
G1 X171.69 Y8.71 E.03517
G1 X171.69 Y34.86 E.77941
G1 X192.21 Y34.86 E.61161
G1 X192.21 Y23.56 E.3368
G1 X192.99 Y23.56 E.02325
G1 X192.99 Y36.04 E.37197
G1 X170.55 Y36.04 E.66883
G1 E-.728 F1800
;WIPE_START
G1 F30000
G1 X170.548 Y34.84 E-.072
;WIPE_END
G1 X178.18 Y34.915 Z6
G1 X192.6 Y35.056 Z6
G1 Z5.6
G1 E.8 F1800
SET_VELOCITY_LIMIT ACCEL=10000
;TYPE:Gap infill
;WIDTH:0.430842
G1 F15000
G1 X192.6 Y23.756 E.34648
G1 E-.728 F1800
;WIPE_START
G1 F30000
G1 X192.6 Y24.956 E-.072
;WIPE_END
G1 X192.6 Y32.588 Z6
G1 X192.598 Y134.852 Z6
G1 Z5.6
G1 E.8 F1800
;TYPE:Inner wall
;WIDTH:0.45
G1 F6000
G1 X192.598 Y135.648 E.02561
G1 X162.702 Y135.648 E.96195
G1 X162.702 Y134.852 E.02561
G1 X192.558 Y134.852 E.96066
SET_VELOCITY_LIMIT ACCEL=5000
G1 X192.99 Y134.46 F30000
;TYPE:Outer wall
;WIDTH:0.42
G1 F3600
G1 X192.99 Y136.04 E.04709
G1 X192.36 Y136.04 E.01878
G1 X163.14 Y136.04 E.87091
G1 F3060
G1 X162.31 Y136.04 E.02474
G1 X162.31 Y134.46 E.04709
G1 X163.14 Y134.46 E.02474
G1 F3600
G1 X192.32 Y134.46 E.86972
G1 X192.95 Y134.46 E.01878
G1 E-.728 F1800
;WIPE_START
G1 F30000
G1 X192.98 Y135.66 E-.072
;WIPE_END
G1 X192.394 Y135.25 Z6
G1 Z5.6
G1 E.8 F1800
SET_VELOCITY_LIMIT ACCEL=10000
;TYPE:Gap infill
;WIDTH:0.431684
G1 F15000
G1 X162.906 Y135.25 E.90616
G1 E-.728 F1800
;WIPE_START
G1 F30000
G1 X164.106 Y135.25 E-.072
;WIPE_END
G1 X156.473 Y135.197 Z6
G1 X106.602 Y134.852 Z6
G1 Z5.6
G1 E.8 F1800
;TYPE:Inner wall
;WIDTH:0.45
G1 F6000
G1 X136.498 Y134.852 E.96195
G1 X136.498 Y135.648 E.02561
G1 X106.602 Y135.648 E.96195
G1 X106.602 Y134.892 E.02432
SET_VELOCITY_LIMIT ACCEL=5000
G1 X106.21 Y134.46 F30000
;TYPE:Outer wall
;WIDTH:0.42
G1 F3600
G1 X106.84 Y134.46 E.01878
G1 X136.06 Y134.46 E.87091
G1 F3060
G1 X136.89 Y134.46 E.02474
G1 X136.89 Y136.04 E.04709
G1 X136.06 Y136.04 E.02474
G1 F3600
G1 X106.84 Y136.04 E.87091
G1 X106.21 Y136.04 E.01878
G1 X106.21 Y134.5 E.0459
G1 E-.728 F1800
;WIPE_START
G1 F30000
G1 X107.41 Y134.498 E-.072
;WIPE_END
G1 X106.806 Y135.25 Z6
G1 Z5.6
G1 E.8 F1800
SET_VELOCITY_LIMIT ACCEL=10000
;TYPE:Gap infill
;WIDTH:0.431684
G1 F15000
G1 X136.294 Y135.25 E.90616
G1 E-.728 F1800
;WIPE_START
G1 F30000
G1 X135.094 Y135.25 E-.072
;WIPE_END
G1 X129.513 Y130.044 Z6
G1 X27.902 Y35.252 Z6
G1 Z5.6
G1 E.8 F1800
;TYPE:Inner wall
;WIDTH:0.45
G1 F6000
G1 X27.902 Y9.102 E.84142
G1 X28.298 Y9.102 E.01274
G1 X28.298 Y35.648 E.85416
G1 X6.602 Y35.648 E.6981
G1 X6.602 Y35.252 E.01274
G1 X27.862 Y35.252 E.68408
SET_VELOCITY_LIMIT ACCEL=5000
G1 X27.51 Y34.86 F30000
;TYPE:Outer wall
;WIDTH:0.42
G1 F3600
G1 X27.51 Y8.71 E.77941
G1 X28.69 Y8.71 E.03517
G1 X28.69 Y36.04 E.81458
G1 X6.21 Y36.04 E.67003
G1 X6.21 Y23.56 E.37197
G1 X6.99 Y23.56 E.02325
G1 X6.99 Y34.86 E.3368
G1 X27.47 Y34.86 E.61041
G1 E-.728 F1800
;WIPE_START
G1 F30000
G1 X27.472 Y33.66 E-.072
;WIPE_END
G1 X19.856 Y34.169 Z6
G1 X6.6 Y35.056 Z6
G1 Z5.6
G1 E.8 F1800
SET_VELOCITY_LIMIT ACCEL=10000
;TYPE:Gap infill
;WIDTH:0.430846
G1 F15000
G1 X6.6 Y23.756 E.34649
G1 E-.728 F1800
;WIPE_START
G1 F30000
G1 X6.6 Y24.956 E-.072
;WIPE_END
G1 X6.6 Y32.588 Z6
G1 X6.602 Y134.852 Z6
G1 Z5.6
G1 E.8 F1800
;TYPE:Inner wall
;WIDTH:0.45
G1 F6000
G1 X36.498 Y134.852 E.96195
G1 X36.498 Y135.648 E.02561
G1 X6.602 Y135.648 E.96195
G1 X6.602 Y134.892 E.02432
SET_VELOCITY_LIMIT ACCEL=5000
G1 X6.21 Y134.46 F30000
;TYPE:Outer wall
;WIDTH:0.42
G1 F3600
G1 X6.84 Y134.46 E.01878
G1 X36.06 Y134.46 E.87091
G1 F3060
G1 X36.89 Y134.46 E.02474
G1 X36.89 Y136.04 E.04709
G1 X36.06 Y136.04 E.02474
G1 F3600
G1 X6.84 Y136.04 E.87091
G1 X6.21 Y136.04 E.01878
G1 X6.21 Y134.5 E.0459
G1 E-.728 F1800
;WIPE_START
G1 F30000
G1 X7.41 Y134.498 E-.072
;WIPE_END
G1 X6.806 Y135.25 Z6
G1 Z5.6
G1 E.8 F1800
SET_VELOCITY_LIMIT ACCEL=10000
;TYPE:Gap infill
;WIDTH:0.431684
G1 F15000
G1 X36.294 Y135.25 E.90616
G1 E-.728 F1800
;WIPE_START
G1 F30000
G1 X35.094 Y135.25 E-.072
;WIPE_END
G1 X42.727 Y135.197 Z6
G1 X92.598 Y134.852 Z6
G1 Z5.6
G1 E.8 F1800
;TYPE:Inner wall
;WIDTH:0.45
G1 F6000
G1 X92.598 Y135.648 E.02561
G1 X62.702 Y135.648 E.96195
G1 X62.702 Y134.852 E.02561
G1 X92.558 Y134.852 E.96066
SET_VELOCITY_LIMIT ACCEL=5000
G1 X92.99 Y134.46 F30000
;TYPE:Outer wall
;WIDTH:0.42
G1 F3600
G1 X92.99 Y136.04 E.04709
G1 X92.36 Y136.04 E.01878
G1 X63.14 Y136.04 E.87091
G1 F3060
G1 X62.31 Y136.04 E.02474
G1 X62.31 Y134.46 E.04709
G1 X63.14 Y134.46 E.02474
G1 F3600
G1 X92.32 Y134.46 E.86972
G1 X92.95 Y134.46 E.01878
G1 E-.728 F1800
;WIPE_START
G1 F30000
G1 X92.98 Y135.66 E-.072
;WIPE_END
G1 X92.394 Y135.25 Z6
G1 Z5.6
G1 E.8 F1800
SET_VELOCITY_LIMIT ACCEL=10000
;TYPE:Gap infill
;WIDTH:0.431684
G1 F15000
G1 X62.906 Y135.25 E.90616
;LAYER_CHANGE
;Z:5.8
;HEIGHT:0.2
;BEFORE_LAYER_CHANGE
;5.8
G92 E0

G1 E-.728 F1800
;WIPE_START
G1 F30000
G1 X64.106 Y135.25 E-.072
;WIPE_END
M73 L29
;LAYER:29
SET_PRINT_STATS_INFO TOTAL_LAYER=80 CURRENT_LAYER=29
;_SET_FAN_SPEED_CHANGING_LAYER

G1 X65.1139 Y134.936 Z5.85714
G1 X65.988 Y135.529 Z5.91429
G1 X66.0696 Y136.582 Z5.97143
G1 X65.2973 Y137.302 Z6.02857
G1 X64.2527 Y137.147 Z6.08571
G1 X63.7223 Y136.234 Z6.14286
G1 X64.1056 Y135.25 Z6.2
G1 X170.902 Y35.648 Z6.2
G1 Z5.8
G1 E.8 F1800
;TYPE:Inner wall
;WIDTH:0.45
G1 F6000
G1 X170.902 Y9.102 E.85416
G1 X171.198 Y9.102 E.00952
G1 X171.198 Y35.252 E.84142
G1 X192.598 Y35.252 E.68858
G1 X192.598 Y35.648 E.01274
G1 X170.942 Y35.648 E.69681
SET_VELOCITY_LIMIT ACCEL=5000
G1 X170.51 Y36.04 F30000
;TYPE:Outer wall
;WIDTH:0.42
G1 F3600
G1 X170.51 Y8.71 E.81458
G1 X171.59 Y8.71 E.03219
G1 X171.59 Y34.86 E.77941
G1 X192.31 Y34.86 E.61757
G1 X192.31 Y23.56 E.3368
G1 X192.99 Y23.56 E.02027
G1 X192.99 Y36.04 E.37197
G1 X170.55 Y36.04 E.66883
G1 E-.728 F1800
;WIPE_START
G1 F30000
G1 X170.548 Y34.84 E-.072
;WIPE_END
G1 X178.18 Y34.915 Z6.2
G1 X192.65 Y35.056 Z6.2
G1 Z5.8
G1 E.8 F1800
SET_VELOCITY_LIMIT ACCEL=10000
;TYPE:Gap infill
;WIDTH:0.330842
G1 F15000
G1 X192.65 Y23.756 E.25717
G1 E-.728 F1800
;WIPE_START
G1 F30000
G1 X192.65 Y24.956 E-.072
;WIPE_END
G1 X192.646 Y32.588 Z6.2
G1 X192.598 Y134.852 Z6.2
G1 Z5.8
G1 E.8 F1800
;TYPE:Inner wall
;WIDTH:0.45
G1 F6000
G1 X192.598 Y135.648 E.02561
G1 X162.502 Y135.648 E.96838
G1 X162.502 Y134.852 E.02561
G1 X192.558 Y134.852 E.9671
SET_VELOCITY_LIMIT ACCEL=5000
G1 X192.99 Y134.46 F30000
;TYPE:Outer wall
;WIDTH:0.42
G1 F3600
G1 X192.99 Y136.04 E.04709
G1 X192.36 Y136.04 E.01878
G1 X162.94 Y136.04 E.87687
G1 F3060
G1 X162.11 Y136.04 E.02474
G1 X162.11 Y134.46 E.04709
G1 X162.94 Y134.46 E.02474
G1 F3600
G1 X192.32 Y134.46 E.87568
G1 X192.95 Y134.46 E.01878
G1 E-.728 F1800
;WIPE_START
G1 F30000
G1 X192.98 Y135.66 E-.072
;WIPE_END
G1 X192.394 Y135.25 Z6.2
G1 Z5.8
G1 E.8 F1800
SET_VELOCITY_LIMIT ACCEL=10000
;TYPE:Gap infill
;WIDTH:0.431684
G1 F15000
G1 X162.706 Y135.25 E.9123
G1 E-.728 F1800
;WIPE_START
G1 F30000
G1 X163.906 Y135.25 E-.072
;WIPE_END
G1 X156.273 Y135.197 Z6.2
G1 X106.602 Y134.852 Z6.2
G1 Z5.8
G1 E.8 F1800
;TYPE:Inner wall
;WIDTH:0.45
G1 F6000
G1 X136.698 Y134.852 E.96838
G1 X136.698 Y135.648 E.02561
G1 X106.602 Y135.648 E.96838
G1 X106.602 Y134.892 E.02432
SET_VELOCITY_LIMIT ACCEL=5000
G1 X106.21 Y134.46 F30000
;TYPE:Outer wall
;WIDTH:0.42
G1 F3600
G1 X106.84 Y134.46 E.01878
G1 X136.26 Y134.46 E.87687
G1 F3060
G1 X137.09 Y134.46 E.02474
G1 X137.09 Y136.04 E.04709
G1 X136.26 Y136.04 E.02474
G1 F3600
G1 X106.84 Y136.04 E.87687
G1 X106.21 Y136.04 E.01878
G1 X106.21 Y134.5 E.0459
G1 E-.728 F1800
;WIPE_START
G1 F30000
G1 X107.41 Y134.498 E-.072
;WIPE_END
G1 X106.806 Y135.25 Z6.2
G1 Z5.8
G1 E.8 F1800
SET_VELOCITY_LIMIT ACCEL=10000
;TYPE:Gap infill
;WIDTH:0.431684
G1 F15000
G1 X136.494 Y135.25 E.9123
G1 E-.728 F1800
;WIPE_START
G1 F30000
G1 X135.294 Y135.25 E-.072
;WIPE_END
G1 X129.711 Y130.046 Z6.2
G1 X28.002 Y35.252 Z6.2
G1 Z5.8
G1 E.8 F1800
;TYPE:Inner wall
;WIDTH:0.45
G1 F6000
G1 X28.002 Y9.102 E.84142
G1 X28.298 Y9.102 E.00952
G1 X28.298 Y35.648 E.85416
G1 X6.602 Y35.648 E.6981
G1 X6.602 Y35.252 E.01274
G1 X27.962 Y35.252 E.68729
SET_VELOCITY_LIMIT ACCEL=5000
G1 X27.61 Y34.86 F30000
;TYPE:Outer wall
;WIDTH:0.42
G1 F3600
G1 X27.61 Y8.71 E.77941
G1 X28.69 Y8.71 E.03219
M73 P82 R11
G1 X28.69 Y36.04 E.81458
G1 X6.21 Y36.04 E.67003
G1 X6.21 Y23.56 E.37197
G1 X6.89 Y23.56 E.02027
G1 X6.89 Y34.86 E.3368
G1 X27.57 Y34.86 E.61638
G1 E-.728 F1800
;WIPE_START
G1 F30000
G1 X27.572 Y33.66 E-.072
;WIPE_END
G1 X19.956 Y34.166 Z6.2
G1 X6.55 Y35.056 Z6.2
G1 Z5.8
G1 E.8 F1800
SET_VELOCITY_LIMIT ACCEL=10000
;TYPE:Gap infill
;WIDTH:0.330844
G1 F15000
G1 X6.55 Y23.756 E.25717
G1 E-.728 F1800
;WIPE_START
G1 F30000
G1 X6.55 Y24.956 E-.072
;WIPE_END
G1 X6.554 Y32.588 Z6.2
G1 X6.602 Y134.852 Z6.2
G1 Z5.8
G1 E.8 F1800
;TYPE:Inner wall
;WIDTH:0.45
G1 F6000
G1 X36.698 Y134.852 E.96838
G1 X36.698 Y135.648 E.02561
G1 X6.602 Y135.648 E.96838
G1 X6.602 Y134.892 E.02432
SET_VELOCITY_LIMIT ACCEL=5000
G1 X6.21 Y134.46 F30000
;TYPE:Outer wall
;WIDTH:0.42
G1 F3600
G1 X6.84 Y134.46 E.01878
G1 X36.26 Y134.46 E.87687
G1 F3060
G1 X37.09 Y134.46 E.02474
G1 X37.09 Y136.04 E.04709
G1 X36.26 Y136.04 E.02474
G1 F3600
G1 X6.84 Y136.04 E.87687
G1 X6.21 Y136.04 E.01878
G1 X6.21 Y134.5 E.0459
G1 E-.728 F1800
;WIPE_START
G1 F30000
G1 X7.41 Y134.498 E-.072
;WIPE_END
G1 X6.806 Y135.25 Z6.2
G1 Z5.8
G1 E.8 F1800
SET_VELOCITY_LIMIT ACCEL=10000
;TYPE:Gap infill
;WIDTH:0.431684
G1 F15000
G1 X36.494 Y135.25 E.9123
G1 E-.728 F1800
;WIPE_START
G1 F30000
G1 X35.294 Y135.25 E-.072
;WIPE_END
G1 X42.927 Y135.197 Z6.2
G1 X92.598 Y134.852 Z6.2
G1 Z5.8
G1 E.8 F1800
;TYPE:Inner wall
;WIDTH:0.45
G1 F6000
G1 X92.598 Y135.648 E.02561
G1 X62.502 Y135.648 E.96838
G1 X62.502 Y134.852 E.02561
G1 X92.558 Y134.852 E.9671
SET_VELOCITY_LIMIT ACCEL=5000
G1 X92.99 Y134.46 F30000
;TYPE:Outer wall
;WIDTH:0.42
G1 F3600
G1 X92.99 Y136.04 E.04709
G1 X92.36 Y136.04 E.01878
G1 X62.94 Y136.04 E.87687
G1 F3060
G1 X62.11 Y136.04 E.02474
G1 X62.11 Y134.46 E.04709
G1 X62.94 Y134.46 E.02474
G1 F3600
G1 X92.32 Y134.46 E.87568
G1 X92.95 Y134.46 E.01878
G1 E-.728 F1800
;WIPE_START
G1 F30000
G1 X92.98 Y135.66 E-.072
;WIPE_END
G1 X92.394 Y135.25 Z6.2
G1 Z5.8
G1 E.8 F1800
SET_VELOCITY_LIMIT ACCEL=10000
;TYPE:Gap infill
;WIDTH:0.431684
G1 F15000
G1 X62.706 Y135.25 E.9123
;LAYER_CHANGE
;Z:6
;HEIGHT:0.2
;BEFORE_LAYER_CHANGE
;6
G92 E0

G1 E-.728 F1800
;WIPE_START
G1 F30000
G1 X63.906 Y135.25 E-.072
;WIPE_END
M73 L30
;LAYER:30
SET_PRINT_STATS_INFO TOTAL_LAYER=80 CURRENT_LAYER=30
;_SET_FAN_SPEED_CHANGING_LAYER

G1 X64.9142 Y134.937 Z6.05714
G1 X65.7877 Y135.531 Z6.11429
G1 X65.8684 Y136.584 Z6.17143
G1 X65.0954 Y137.303 Z6.22857
G1 X64.0509 Y137.147 Z6.28571
G1 X63.5214 Y136.234 Z6.34286
G1 X63.9056 Y135.25 Z6.4
G1 X170.902 Y35.648 Z6.4
G1 Z6
G1 E.8 F1800
;TYPE:Inner wall
;WIDTH:0.45
G1 F6000
G1 X170.902 Y35.252 E.01274
G1 X192.598 Y35.252 E.6981
G1 X192.598 Y35.648 E.01274
G1 X170.942 Y35.648 E.69681
SET_VELOCITY_LIMIT ACCEL=5000
G1 X170.51 Y36.04 F30000
;TYPE:Outer wall
;WIDTH:0.42
G1 F3600
G1 X170.51 Y8.71 E.81458
G1 X171.39 Y8.71 E.02623
G1 X171.39 Y34.86 E.77941
G1 X192.51 Y34.86 E.62949
G1 X192.51 Y23.56 E.3368
G1 X192.99 Y23.56 E.01431
G1 X192.99 Y36.04 E.37197
G1 X170.55 Y36.04 E.66883
G1 E-.728 F1800
;WIPE_START
G1 F30000
G1 X170.548 Y34.84 E-.072
;WIPE_END
G1 X171.202 Y34.265 Z6.4
G1 Z6
G1 E.8 F1800
SET_VELOCITY_LIMIT ACCEL=2000
;TYPE:Top surface
;WIDTH:0.420668
G1 F12000
G1 X170.698 Y34.769 E.02322
G1 X170.698 Y34.235 F30000
G1 F12000
G1 X171.202 Y33.731 E.02322
G1 X171.202 Y33.197 F30000
G1 F12000
G1 X170.698 Y33.701 E.02322
G1 X170.698 Y33.167 F30000
G1 F12000
G1 X171.202 Y32.662 E.02322
G1 X171.202 Y32.128 F30000
G1 F12000
G1 X170.698 Y32.633 E.02322
G1 X170.698 Y32.098 F30000
G1 F12000
G1 X171.202 Y31.594 E.02322
G1 X171.202 Y31.06 F30000
G1 F12000
G1 X170.698 Y31.564 E.02322
G1 X170.698 Y31.03 F30000
G1 F12000
G1 X171.202 Y30.526 E.02322
G1 X171.202 Y29.991 F30000
G1 F12000
G1 X170.698 Y30.496 E.02322
G1 X170.698 Y29.962 F30000
G1 F12000
G1 X171.202 Y29.457 E.02322
G1 X171.202 Y28.923 F30000
G1 F12000
G1 X170.698 Y29.427 E.02322
G1 X170.698 Y28.893 F30000
G1 F12000
G1 X171.202 Y28.389 E.02322
G1 X171.202 Y27.854 F30000
G1 F12000
G1 X170.698 Y28.359 E.02322
G1 X170.698 Y27.825 F30000
G1 F12000
G1 X171.202 Y27.32 E.02322
G1 X171.202 Y26.786 F30000
G1 F12000
G1 X170.698 Y27.29 E.02322
G1 X170.698 Y26.756 F30000
G1 F12000
G1 X171.202 Y26.252 E.02322
G1 X171.202 Y25.718 F30000
G1 F12000
G1 X170.698 Y26.222 E.02322
G1 X170.698 Y25.688 F30000
G1 F12000
G1 X171.202 Y25.183 E.02322
G1 X171.202 Y24.649 F30000
G1 F12000
G1 X170.698 Y25.154 E.02322
G1 X170.698 Y24.619 F30000
G1 F12000
G1 X171.202 Y24.115 E.02322
G1 X171.202 Y23.581 F30000
G1 F12000
G1 X170.698 Y24.085 E.02322
G1 X170.698 Y23.551 F30000
G1 F12000
G1 X171.202 Y23.047 E.02322
G1 X171.202 Y22.512 F30000
G1 F12000
G1 X170.698 Y23.017 E.02322
G1 X170.698 Y22.483 F30000
G1 F12000
G1 X171.202 Y21.978 E.02322
G1 X171.202 Y21.444 F30000
G1 F12000
G1 X170.698 Y21.948 E.02322
G1 X170.698 Y21.414 F30000
G1 F12000
G1 X171.202 Y20.91 E.02322
G1 X171.202 Y20.375 F30000
G1 F12000
G1 X170.698 Y20.88 E.02322
G1 X170.698 Y20.346 F30000
G1 F12000
G1 X171.202 Y19.841 E.02322
G1 X171.202 Y19.307 F30000
G1 F12000
G1 X170.698 Y19.811 E.02322
G1 X170.698 Y19.277 F30000
G1 F12000
G1 X171.202 Y18.773 E.02322
G1 X171.202 Y18.239 F30000
G1 F12000
G1 X170.698 Y18.743 E.02322
G1 X170.698 Y18.209 F30000
G1 F12000
G1 X171.202 Y17.704 E.02322
G1 X171.202 Y17.17 F30000
G1 F12000
G1 X170.698 Y17.675 E.02322
G1 X170.698 Y17.14 F30000
G1 F12000
G1 X171.202 Y16.636 E.02322
G1 X171.202 Y16.102 F30000
G1 F12000
G1 X170.698 Y16.606 E.02322
G1 X170.698 Y16.072 F30000
G1 F12000
G1 X171.202 Y15.567 E.02322
G1 X171.202 Y15.033 F30000
G1 F12000
G1 X170.698 Y15.538 E.02322
G1 X170.698 Y15.003 F30000
G1 F12000
G1 X171.202 Y14.499 E.02322
G1 X171.202 Y13.965 F30000
G1 F12000
G1 X170.698 Y14.469 E.02322
G1 X170.698 Y13.935 F30000
G1 F12000
G1 X171.202 Y13.431 E.02322
G1 X171.202 Y12.896 F30000
G1 F12000
G1 X170.698 Y13.401 E.02322
G1 X170.698 Y12.867 F30000
G1 F12000
G1 X171.202 Y12.362 E.02322
G1 X171.202 Y11.828 F30000
G1 F12000
G1 X170.698 Y12.332 E.02322
G1 X170.698 Y11.798 F30000
G1 F12000
G1 X171.202 Y11.294 E.02322
G1 X171.202 Y10.76 F30000
G1 F12000
G1 X170.698 Y11.264 E.02322
G1 X170.698 Y10.73 F30000
G1 F12000
G1 X171.202 Y10.225 E.02322
G1 X171.202 Y9.691 F30000
G1 F12000
G1 X170.698 Y10.196 E.02322
G1 X170.698 Y9.661 F30000
G1 F12000
G1 X171.202 Y9.157 E.02322
G1 E-.7572 F1800
;WIPE_START
G1 F30000
G1 X170.698 Y9.661 E-.0428
;WIPE_END
G1 X177.129 Y13.772 Z6.4
G1 X192.75 Y23.756 Z6.4
G1 Z6
G1 E.8 F1800
SET_VELOCITY_LIMIT ACCEL=10000
;TYPE:Gap infill
;WIDTH:0.130838
G1 F15000
G1 X192.75 Y34.229 E.07278
G1 E-.728 F1800
;WIPE_START
G1 F30000
G1 X192.75 Y33.029 E-.072
;WIPE_END
G1 X192.739 Y40.661 Z6.4
G1 X192.598 Y134.852 Z6.4
G1 Z6
G1 E.8 F1800
;TYPE:Inner wall
;WIDTH:0.45
G1 F6000
G1 X192.598 Y135.648 E.02561
G1 X162.302 Y135.648 E.97482
G1 X162.302 Y134.852 E.02561
G1 X192.558 Y134.852 E.97353
SET_VELOCITY_LIMIT ACCEL=5000
G1 X192.99 Y134.46 F30000
;TYPE:Outer wall
;WIDTH:0.42
G1 F3600
G1 X192.99 Y136.04 E.04709
G1 X192.36 Y136.04 E.01878
G1 X162.74 Y136.04 E.88284
G1 F3060
G1 X161.91 Y136.04 E.02474
G1 X161.91 Y134.46 E.04709
G1 X162.74 Y134.46 E.02474
G1 F3600
G1 X192.32 Y134.46 E.88164
G1 X192.95 Y134.46 E.01878
G1 E-.728 F1800
;WIPE_START
G1 F30000
G1 X192.98 Y135.66 E-.072
;WIPE_END
G1 X192.394 Y135.25 Z6.4
G1 Z6
G1 E.8 F1800
SET_VELOCITY_LIMIT ACCEL=10000
;TYPE:Gap infill
;WIDTH:0.431684
G1 F15000
G1 X162.506 Y135.25 E.91845
G1 E-.728 F1800
;WIPE_START
G1 F30000
G1 X163.706 Y135.25 E-.072
;WIPE_END
G1 X156.073 Y135.197 Z6.4
G1 X106.602 Y134.852 Z6.4
G1 Z6
G1 E.8 F1800
;TYPE:Inner wall
;WIDTH:0.45
G1 F6000
G1 X136.898 Y134.852 E.97482
G1 X136.898 Y135.648 E.02561
G1 X106.602 Y135.648 E.97482
G1 X106.602 Y134.892 E.02432
SET_VELOCITY_LIMIT ACCEL=5000
G1 X106.21 Y134.46 F30000
;TYPE:Outer wall
;WIDTH:0.42
G1 F3600
G1 X106.84 Y134.46 E.01878
G1 X136.46 Y134.46 E.88284
G1 F3060
G1 X137.29 Y134.46 E.02474
G1 X137.29 Y136.04 E.04709
G1 X136.46 Y136.04 E.02474
G1 F3600
G1 X106.84 Y136.04 E.88284
G1 X106.21 Y136.04 E.01878
G1 X106.21 Y134.5 E.0459
G1 E-.728 F1800
;WIPE_START
G1 F30000
G1 X107.41 Y134.498 E-.072
;WIPE_END
G1 X106.806 Y135.25 Z6.4
G1 Z6
M73 P82 R10
G1 E.8 F1800
SET_VELOCITY_LIMIT ACCEL=10000
;TYPE:Gap infill
;WIDTH:0.431684
G1 F15000
G1 X136.694 Y135.25 E.91845
G1 E-.728 F1800
;WIPE_START
G1 F30000
G1 X135.494 Y135.25 E-.072
;WIPE_END
G1 X129.911 Y130.046 Z6.4
G1 X28.202 Y35.252 Z6.4
G1 Z6
G1 E.8 F1800
;TYPE:Inner wall
;WIDTH:0.45
G1 F6000
G1 X28.298 Y35.252 E.00308
G1 X28.298 Y35.648 E.01274
G1 X6.602 Y35.648 E.6981
G1 X6.602 Y35.252 E.01274
G1 X28.162 Y35.252 E.69373
SET_VELOCITY_LIMIT ACCEL=5000
G1 X27.81 Y34.86 F30000
;TYPE:Outer wall
;WIDTH:0.42
G1 F3600
G1 X27.81 Y8.71 E.77941
G1 X28.69 Y8.71 E.02623
G1 X28.69 Y36.04 E.81458
G1 X6.21 Y36.04 E.67003
G1 X6.21 Y23.56 E.37197
G1 X6.69 Y23.56 E.01431
G1 X6.69 Y34.86 E.3368
G1 X27.77 Y34.86 E.6283
G1 X27.998 Y34.77 F30000
SET_VELOCITY_LIMIT ACCEL=2000
;TYPE:Top surface
;WIDTH:0.420668
G1 F12000
G1 X28.502 Y34.265 E.02322
G1 X28.502 Y33.731 F30000
G1 F12000
G1 X27.998 Y34.235 E.02322
G1 X27.998 Y33.701 F30000
G1 F12000
G1 X28.502 Y33.197 E.02322
G1 X28.502 Y32.662 F30000
G1 F12000
G1 X27.998 Y33.167 E.02322
G1 X27.998 Y32.633 F30000
G1 F12000
G1 X28.502 Y32.128 E.02322
G1 X28.502 Y31.594 F30000
G1 F12000
G1 X27.998 Y32.098 E.02322
G1 X27.998 Y31.564 F30000
G1 F12000
G1 X28.502 Y31.06 E.02322
G1 X28.502 Y30.526 F30000
G1 F12000
G1 X27.998 Y31.03 E.02322
G1 X27.998 Y30.496 F30000
G1 F12000
G1 X28.502 Y29.991 E.02322
G1 X28.502 Y29.457 F30000
G1 F12000
G1 X27.998 Y29.962 E.02322
G1 X27.998 Y29.427 F30000
G1 F12000
G1 X28.502 Y28.923 E.02322
G1 X28.502 Y28.389 F30000
G1 F12000
G1 X27.998 Y28.893 E.02322
G1 X27.998 Y28.359 F30000
G1 F12000
G1 X28.502 Y27.854 E.02322
G1 X28.502 Y27.32 F30000
G1 F12000
G1 X27.998 Y27.825 E.02322
G1 X27.998 Y27.29 F30000
G1 F12000
G1 X28.502 Y26.786 E.02322
G1 X28.502 Y26.252 F30000
G1 F12000
G1 X27.998 Y26.756 E.02322
G1 X27.998 Y26.222 F30000
G1 F12000
G1 X28.502 Y25.718 E.02322
G1 X28.502 Y25.183 F30000
G1 F12000
G1 X27.998 Y25.688 E.02322
G1 X27.998 Y25.154 F30000
G1 F12000
G1 X28.502 Y24.649 E.02322
G1 X28.502 Y24.115 F30000
G1 F12000
G1 X27.998 Y24.619 E.02322
G1 X27.998 Y24.085 F30000
G1 F12000
G1 X28.502 Y23.581 E.02322
G1 X28.502 Y23.047 F30000
G1 F12000
G1 X27.998 Y23.551 E.02322
G1 X27.998 Y23.017 F30000
G1 F12000
G1 X28.502 Y22.512 E.02322
G1 X28.502 Y21.978 F30000
G1 F12000
G1 X27.998 Y22.483 E.02322
G1 X27.998 Y21.948 F30000
G1 F12000
G1 X28.502 Y21.444 E.02322
G1 X28.502 Y20.91 F30000
G1 F12000
G1 X27.998 Y21.414 E.02322
G1 X27.998 Y20.88 F30000
G1 F12000
G1 X28.502 Y20.375 E.02322
G1 X28.502 Y19.841 F30000
G1 F12000
G1 X27.998 Y20.346 E.02322
G1 X27.998 Y19.811 F30000
G1 F12000
G1 X28.502 Y19.307 E.02322
G1 X28.502 Y18.773 F30000
G1 F12000
G1 X27.998 Y19.277 E.02322
G1 X27.998 Y18.743 F30000
G1 F12000
G1 X28.502 Y18.239 E.02322
G1 X28.502 Y17.704 F30000
G1 F12000
G1 X27.998 Y18.209 E.02322
G1 X27.998 Y17.675 F30000
G1 F12000
G1 X28.502 Y17.17 E.02322
G1 X28.502 Y16.636 F30000
G1 F12000
G1 X27.998 Y17.14 E.02322
G1 X27.998 Y16.606 F30000
G1 F12000
G1 X28.502 Y16.102 E.02322
G1 X28.502 Y15.567 F30000
G1 F12000
G1 X27.998 Y16.072 E.02322
G1 X27.998 Y15.538 F30000
G1 F12000
G1 X28.502 Y15.033 E.02322
G1 X28.502 Y14.499 F30000
G1 F12000
G1 X27.998 Y15.004 E.02322
G1 X27.998 Y14.469 F30000
G1 F12000
G1 X28.502 Y13.965 E.02322
G1 X28.502 Y13.431 F30000
G1 F12000
G1 X27.998 Y13.935 E.02322
G1 X27.998 Y13.401 F30000
G1 F12000
G1 X28.502 Y12.896 E.02322
G1 X28.502 Y12.362 F30000
G1 F12000
G1 X27.998 Y12.867 E.02322
G1 X27.998 Y12.332 F30000
G1 F12000
G1 X28.502 Y11.828 E.02322
G1 X28.502 Y11.294 F30000
G1 F12000
G1 X27.998 Y11.798 E.02322
G1 X27.998 Y11.264 F30000
G1 F12000
G1 X28.502 Y10.76 E.02322
G1 X28.502 Y10.225 F30000
G1 F12000
G1 X27.998 Y10.73 E.02322
G1 X27.998 Y10.196 F30000
G1 F12000
G1 X28.502 Y9.691 E.02322
G1 X28.502 Y9.157 F30000
G1 F12000
G1 X27.998 Y9.661 E.02322
G1 E-.7572 F1800
;WIPE_START
G1 F30000
G1 X28.502 Y9.157 E-.0428
;WIPE_END
G1 X22.138 Y13.37 Z6.4
G1 X6.45 Y23.756 Z6.4
G1 Z6
G1 E.8 F1800
SET_VELOCITY_LIMIT ACCEL=10000
;TYPE:Gap infill
;WIDTH:0.130842
G1 F15000
G1 X6.45 Y34.229 E.07278
G1 E-.728 F1800
;WIPE_START
G1 F30000
G1 X6.45 Y33.029 E-.072
;WIPE_END
G1 X6.461 Y40.661 Z6.4
G1 X6.602 Y134.852 Z6.4
G1 Z6
G1 E.8 F1800
;TYPE:Inner wall
;WIDTH:0.45
G1 F6000
G1 X36.898 Y134.852 E.97482
G1 X36.898 Y135.648 E.02561
G1 X6.602 Y135.648 E.97482
G1 X6.602 Y134.892 E.02432
SET_VELOCITY_LIMIT ACCEL=5000
G1 X6.21 Y134.46 F30000
;TYPE:Outer wall
;WIDTH:0.42
G1 F3600
G1 X6.84 Y134.46 E.01878
G1 X36.46 Y134.46 E.88284
G1 F3060
G1 X37.29 Y134.46 E.02474
G1 X37.29 Y136.04 E.04709
G1 X36.46 Y136.04 E.02474
G1 F3600
G1 X6.84 Y136.04 E.88284
G1 X6.21 Y136.04 E.01878
G1 X6.21 Y134.5 E.0459
G1 E-.728 F1800
;WIPE_START
G1 F30000
G1 X7.41 Y134.498 E-.072
;WIPE_END
G1 X6.806 Y135.25 Z6.4
G1 Z6
G1 E.8 F1800
SET_VELOCITY_LIMIT ACCEL=10000
;TYPE:Gap infill
;WIDTH:0.431684
G1 F15000
G1 X36.694 Y135.25 E.91845
G1 E-.728 F1800
;WIPE_START
G1 F30000
G1 X35.494 Y135.25 E-.072
;WIPE_END
G1 X43.127 Y135.197 Z6.4
G1 X92.598 Y134.852 Z6.4
G1 Z6
G1 E.8 F1800
;TYPE:Inner wall
;WIDTH:0.45
G1 F6000
G1 X92.598 Y135.648 E.02561
G1 X62.302 Y135.648 E.97482
G1 X62.302 Y134.852 E.02561
G1 X92.558 Y134.852 E.97353
SET_VELOCITY_LIMIT ACCEL=5000
G1 X92.99 Y134.46 F30000
;TYPE:Outer wall
;WIDTH:0.42
G1 F3600
G1 X92.99 Y136.04 E.04709
G1 X92.36 Y136.04 E.01878
G1 X62.74 Y136.04 E.88284
G1 F3060
G1 X61.91 Y136.04 E.02474
G1 X61.91 Y134.46 E.04709
G1 X62.74 Y134.46 E.02474
G1 F3600
G1 X92.32 Y134.46 E.88164
G1 X92.95 Y134.46 E.01878
G1 E-.728 F1800
;WIPE_START
G1 F30000
G1 X92.98 Y135.66 E-.072
;WIPE_END
G1 X92.394 Y135.25 Z6.4
G1 Z6
G1 E.8 F1800
SET_VELOCITY_LIMIT ACCEL=10000
;TYPE:Gap infill
;WIDTH:0.431684
G1 F15000
G1 X62.506 Y135.25 E.91845
M106 S242
;LAYER_CHANGE
;Z:6.2
;HEIGHT:0.2
;BEFORE_LAYER_CHANGE
;6.2
G92 E0

G1 E-.728 F1800
;WIPE_START
G1 F30000
G1 X63.706 Y135.25 E-.072
;WIPE_END
M73 L31
;LAYER:31
SET_PRINT_STATS_INFO TOTAL_LAYER=80 CURRENT_LAYER=31
;_SET_FAN_SPEED_CHANGING_LAYER

G1 X64.7145 Y134.938 Z6.25714
G1 X65.5875 Y135.532 Z6.31429
G1 X65.6671 Y136.585 Z6.37143
G1 X64.8935 Y137.304 Z6.42857
G1 X63.8491 Y137.148 Z6.48571
G1 X63.3205 Y136.233 Z6.54286
G1 X63.7056 Y135.25 Z6.6
G1 X170.902 Y35.648 Z6.6
G1 Z6.2
G1 E.8 F1800
;TYPE:Inner wall
;WIDTH:0.45
G1 F6000
G1 X170.902 Y35.252 E.01274
G1 X192.598 Y35.252 E.6981
G1 X192.598 Y35.648 E.01274
G1 X170.942 Y35.648 E.69681
SET_VELOCITY_LIMIT ACCEL=5000
G1 X170.51 Y36.04 F30000
;TYPE:Outer wall
;WIDTH:0.42
G1 F3600
G1 X170.51 Y34.86 E.03517
G1 X192.99 Y34.86 E.67003
G1 X192.99 Y36.04 E.03517
G1 X170.55 Y36.04 E.66883
G1 E-.728 F1800
;WIPE_START
G1 F30000
G1 X170.51 Y34.86 E-.07084
G1 X170.529 Y34.86 E-.00116
;WIPE_END
G1 X172.174 Y42.313 Z6.6
G1 X192.598 Y134.852 Z6.6
G1 Z6.2
G1 E.8 F1800
SET_VELOCITY_LIMIT ACCEL=10000
;TYPE:Inner wall
;WIDTH:0.45
G1 F6000
G1 X192.598 Y135.648 E.02561
G1 X162.102 Y135.648 E.98125
G1 X162.102 Y134.852 E.02561
G1 X192.558 Y134.852 E.97997
SET_VELOCITY_LIMIT ACCEL=5000
G1 X192.99 Y134.46 F30000
;TYPE:Outer wall
;WIDTH:0.42
G1 F3600
G1 X192.99 Y136.04 E.04709
G1 X192.36 Y136.04 E.01878
G1 X162.54 Y136.04 E.8888
G1 F3060
G1 X161.71 Y136.04 E.02474
G1 X161.71 Y134.46 E.04709
G1 X162.54 Y134.46 E.02474
G1 F3600
G1 X192.32 Y134.46 E.8876
G1 X192.95 Y134.46 E.01878
G1 E-.728 F1800
;WIPE_START
G1 F30000
G1 X192.98 Y135.66 E-.072
;WIPE_END
G1 X192.394 Y135.25 Z6.6
G1 Z6.2
G1 E.8 F1800
SET_VELOCITY_LIMIT ACCEL=10000
;TYPE:Gap infill
;WIDTH:0.431684
G1 F15000
G1 X162.306 Y135.25 E.9246
G1 E-.728 F1800
;WIPE_START
G1 F30000
G1 X163.506 Y135.25 E-.072
;WIPE_END
G1 X155.873 Y135.197 Z6.6
G1 X106.602 Y134.852 Z6.6
G1 Z6.2
G1 E.8 F1800
;TYPE:Inner wall
;WIDTH:0.45
G1 F6000
G1 X137.098 Y134.852 E.98125
G1 X137.098 Y135.648 E.02561
G1 X106.602 Y135.648 E.98125
G1 X106.602 Y134.892 E.02432
SET_VELOCITY_LIMIT ACCEL=5000
G1 X106.21 Y134.46 F30000
;TYPE:Outer wall
;WIDTH:0.42
G1 F3600
G1 X106.84 Y134.46 E.01878
G1 X136.66 Y134.46 E.8888
G1 F3060
G1 X137.49 Y134.46 E.02474
G1 X137.49 Y136.04 E.04709
G1 X136.66 Y136.04 E.02474
G1 F3600
G1 X106.84 Y136.04 E.8888
G1 X106.21 Y136.04 E.01878
G1 X106.21 Y134.5 E.0459
G1 E-.728 F1800
;WIPE_START
G1 F30000
G1 X107.41 Y134.498 E-.072
;WIPE_END
G1 X106.806 Y135.25 Z6.6
G1 Z6.2
G1 E.8 F1800
SET_VELOCITY_LIMIT ACCEL=10000
;TYPE:Gap infill
;WIDTH:0.431684
G1 F15000
G1 X136.894 Y135.25 E.9246
G1 E-.728 F1800
;WIPE_START
G1 F30000
G1 X135.694 Y135.25 E-.072
;WIPE_END
G1 X130.108 Y130.049 Z6.6
G1 X28.298 Y35.252 Z6.6
M73 P83 R10
G1 Z6.2
G1 E.8 F1800
;TYPE:Inner wall
;WIDTH:0.45
G1 F6000
G1 X28.298 Y35.648 E.01274
G1 X6.602 Y35.648 E.6981
G1 X6.602 Y35.252 E.01274
G1 X28.258 Y35.252 E.69681
SET_VELOCITY_LIMIT ACCEL=5000
G1 X28.69 Y34.86 F30000
;TYPE:Outer wall
;WIDTH:0.42
G1 F3600
G1 X28.69 Y36.04 E.03517
G1 X6.21 Y36.04 E.67003
G1 X6.21 Y34.86 E.03517
G1 X28.65 Y34.86 E.66883
G1 E-.728 F1800
;WIPE_START
G1 F30000
G1 X28.69 Y36.04 E-.07084
G1 X28.671 Y36.04 E-.00116
;WIPE_END
G1 X27.007 Y43.489 Z6.6
G1 X6.602 Y134.852 Z6.6
G1 Z6.2
G1 E.8 F1800
SET_VELOCITY_LIMIT ACCEL=10000
;TYPE:Inner wall
;WIDTH:0.45
G1 F6000
G1 X37.098 Y134.852 E.98125
G1 X37.098 Y135.648 E.02561
G1 X6.602 Y135.648 E.98125
G1 X6.602 Y134.892 E.02432
SET_VELOCITY_LIMIT ACCEL=5000
G1 X6.21 Y134.46 F30000
;TYPE:Outer wall
;WIDTH:0.42
G1 F3600
G1 X6.84 Y134.46 E.01878
G1 X36.66 Y134.46 E.8888
G1 F3060
G1 X37.49 Y134.46 E.02474
G1 X37.49 Y136.04 E.04709
G1 X36.66 Y136.04 E.02474
G1 F3600
G1 X6.84 Y136.04 E.8888
G1 X6.21 Y136.04 E.01878
G1 X6.21 Y134.5 E.0459
G1 E-.728 F1800
;WIPE_START
G1 F30000
G1 X7.41 Y134.498 E-.072
;WIPE_END
G1 X6.806 Y135.25 Z6.6
G1 Z6.2
G1 E.8 F1800
SET_VELOCITY_LIMIT ACCEL=10000
;TYPE:Gap infill
;WIDTH:0.431684
G1 F15000
G1 X36.894 Y135.25 E.9246
G1 E-.728 F1800
;WIPE_START
G1 F30000
G1 X35.694 Y135.25 E-.072
;WIPE_END
G1 X43.327 Y135.197 Z6.6
G1 X92.598 Y134.852 Z6.6
G1 Z6.2
G1 E.8 F1800
;TYPE:Inner wall
;WIDTH:0.45
G1 F6000
G1 X92.598 Y135.648 E.02561
G1 X62.102 Y135.648 E.98125
G1 X62.102 Y134.852 E.02561
G1 X92.558 Y134.852 E.97997
SET_VELOCITY_LIMIT ACCEL=5000
G1 X92.99 Y134.46 F30000
;TYPE:Outer wall
;WIDTH:0.42
G1 F3600
G1 X92.99 Y136.04 E.04709
G1 X92.36 Y136.04 E.01878
G1 X62.54 Y136.04 E.8888
G1 F3060
G1 X61.71 Y136.04 E.02474
G1 X61.71 Y134.46 E.04709
G1 X62.54 Y134.46 E.02474
G1 F3600
G1 X92.32 Y134.46 E.8876
G1 X92.95 Y134.46 E.01878
G1 E-.728 F1800
;WIPE_START
G1 F30000
G1 X92.98 Y135.66 E-.072
;WIPE_END
G1 X92.394 Y135.25 Z6.6
G1 Z6.2
G1 E.8 F1800
SET_VELOCITY_LIMIT ACCEL=10000
;TYPE:Gap infill
;WIDTH:0.431684
G1 F15000
G1 X62.306 Y135.25 E.9246
;LAYER_CHANGE
;Z:6.4
;HEIGHT:0.2
;BEFORE_LAYER_CHANGE
;6.4
G92 E0

G1 E-.728 F1800
;WIPE_START
G1 F30000
G1 X63.506 Y135.25 E-.072
;WIPE_END
M73 L32
;LAYER:32
SET_PRINT_STATS_INFO TOTAL_LAYER=80 CURRENT_LAYER=32
;_SET_FAN_SPEED_CHANGING_LAYER

G1 X64.5148 Y134.939 Z6.45714
G1 X65.3872 Y135.534 Z6.51429
G1 X65.4659 Y136.587 Z6.57143
G1 X64.6916 Y137.305 Z6.62857
G1 X63.6474 Y137.148 Z6.68571
G1 X63.1196 Y136.233 Z6.74286
G1 X63.5056 Y135.25 Z6.8
G1 X170.902 Y35.648 Z6.8
G1 Z6.4
G1 E.8 F1800
;TYPE:Inner wall
;WIDTH:0.45
G1 F6000
G1 X170.902 Y35.252 E.01274
G1 X192.598 Y35.252 E.6981
G1 X192.598 Y35.648 E.01274
G1 X170.942 Y35.648 E.69681
SET_VELOCITY_LIMIT ACCEL=5000
G1 X170.51 Y36.04 F30000
;TYPE:Outer wall
;WIDTH:0.42
G1 F3600
G1 X170.51 Y34.86 E.03517
G1 X192.99 Y34.86 E.67003
G1 X192.99 Y36.04 E.03517
G1 X170.55 Y36.04 E.66883
G1 E-.728 F1800
;WIPE_START
G1 F30000
G1 X170.51 Y34.86 E-.07084
G1 X170.529 Y34.86 E-.00116
;WIPE_END
G1 X172.174 Y42.313 Z6.8
G1 X192.598 Y134.852 Z6.8
G1 Z6.4
G1 E.8 F1800
SET_VELOCITY_LIMIT ACCEL=10000
;TYPE:Inner wall
;WIDTH:0.45
G1 F6000
G1 X192.598 Y135.648 E.02561
G1 X161.902 Y135.648 E.98769
G1 X161.902 Y134.852 E.02561
G1 X192.558 Y134.852 E.9864
SET_VELOCITY_LIMIT ACCEL=5000
G1 X192.99 Y134.46 F30000
;TYPE:Outer wall
;WIDTH:0.42
G1 F3600
G1 X192.99 Y136.04 E.04709
G1 X192.36 Y136.04 E.01878
G1 X162.34 Y136.04 E.89476
G1 F3060
G1 X161.51 Y136.04 E.02474
G1 X161.51 Y134.46 E.04709
G1 X162.34 Y134.46 E.02474
G1 F3600
G1 X192.32 Y134.46 E.89357
G1 X192.95 Y134.46 E.01878
G1 E-.728 F1800
;WIPE_START
G1 F30000
G1 X192.98 Y135.66 E-.072
;WIPE_END
G1 X192.394 Y135.25 Z6.8
G1 Z6.4
G1 E.8 F1800
SET_VELOCITY_LIMIT ACCEL=10000
;TYPE:Gap infill
;WIDTH:0.431684
G1 F15000
G1 X162.106 Y135.25 E.93074
G1 E-.728 F1800
;WIPE_START
G1 F30000
G1 X163.306 Y135.25 E-.072
;WIPE_END
G1 X155.673 Y135.196 Z6.8
G1 X106.602 Y134.852 Z6.8
G1 Z6.4
G1 E.8 F1800
;TYPE:Inner wall
;WIDTH:0.45
G1 F6000
G1 X137.298 Y134.852 E.98769
G1 X137.298 Y135.648 E.02561
G1 X106.602 Y135.648 E.98769
G1 X106.602 Y134.892 E.02432
SET_VELOCITY_LIMIT ACCEL=5000
G1 X106.21 Y134.46 F30000
;TYPE:Outer wall
;WIDTH:0.42
G1 F3600
G1 X106.84 Y134.46 E.01878
G1 X136.86 Y134.46 E.89476
G1 F3060
G1 X137.69 Y134.46 E.02474
G1 X137.69 Y136.04 E.04709
G1 X136.86 Y136.04 E.02474
G1 F3600
G1 X106.84 Y136.04 E.89476
G1 X106.21 Y136.04 E.01878
G1 X106.21 Y134.5 E.0459
G1 E-.728 F1800
;WIPE_START
G1 F30000
G1 X107.41 Y134.498 E-.072
;WIPE_END
G1 X106.806 Y135.25 Z6.8
G1 Z6.4
G1 E.8 F1800
SET_VELOCITY_LIMIT ACCEL=10000
;TYPE:Gap infill
;WIDTH:0.431684
G1 F15000
G1 X137.094 Y135.25 E.93074
G1 E-.728 F1800
;WIPE_START
G1 F30000
G1 X135.894 Y135.25 E-.072
;WIPE_END
G1 X130.304 Y130.054 Z6.8
G1 X28.298 Y35.252 Z6.8
G1 Z6.4
G1 E.8 F1800
;TYPE:Inner wall
;WIDTH:0.45
G1 F6000
G1 X28.298 Y35.648 E.01274
G1 X6.602 Y35.648 E.6981
G1 X6.602 Y35.252 E.01274
G1 X28.258 Y35.252 E.69681
SET_VELOCITY_LIMIT ACCEL=5000
G1 X28.69 Y34.86 F30000
;TYPE:Outer wall
;WIDTH:0.42
G1 F3600
G1 X28.69 Y36.04 E.03517
G1 X6.21 Y36.04 E.67003
G1 X6.21 Y34.86 E.03517
G1 X28.65 Y34.86 E.66883
G1 E-.728 F1800
;WIPE_START
G1 F30000
G1 X28.69 Y36.04 E-.07084
G1 X28.671 Y36.04 E-.00116
;WIPE_END
G1 X27.007 Y43.489 Z6.8
G1 X6.602 Y134.852 Z6.8
G1 Z6.4
G1 E.8 F1800
SET_VELOCITY_LIMIT ACCEL=10000
;TYPE:Inner wall
;WIDTH:0.45
G1 F6000
G1 X37.298 Y134.852 E.98769
G1 X37.298 Y135.648 E.02561
G1 X6.602 Y135.648 E.98769
G1 X6.602 Y134.892 E.02432
SET_VELOCITY_LIMIT ACCEL=5000
G1 X6.21 Y134.46 F30000
;TYPE:Outer wall
;WIDTH:0.42
G1 F3600
G1 X6.84 Y134.46 E.01878
G1 X36.86 Y134.46 E.89476
G1 F3060
G1 X37.69 Y134.46 E.02474
G1 X37.69 Y136.04 E.04709
G1 X36.86 Y136.04 E.02474
G1 F3600
G1 X6.84 Y136.04 E.89476
G1 X6.21 Y136.04 E.01878
G1 X6.21 Y134.5 E.0459
G1 E-.728 F1800
;WIPE_START
G1 F30000
G1 X7.41 Y134.498 E-.072
;WIPE_END
G1 X6.806 Y135.25 Z6.8
G1 Z6.4
G1 E.8 F1800
SET_VELOCITY_LIMIT ACCEL=10000
;TYPE:Gap infill
;WIDTH:0.431684
G1 F15000
G1 X37.094 Y135.25 E.93074
G1 E-.728 F1800
;WIPE_START
G1 F30000
G1 X35.894 Y135.25 E-.072
;WIPE_END
G1 X43.527 Y135.196 Z6.8
G1 X92.598 Y134.852 Z6.8
G1 Z6.4
G1 E.8 F1800
;TYPE:Inner wall
;WIDTH:0.45
G1 F6000
G1 X92.598 Y135.648 E.02561
G1 X61.902 Y135.648 E.98769
G1 X61.902 Y134.852 E.02561
G1 X92.558 Y134.852 E.9864
SET_VELOCITY_LIMIT ACCEL=5000
G1 X92.99 Y134.46 F30000
;TYPE:Outer wall
;WIDTH:0.42
G1 F3600
G1 X92.99 Y136.04 E.04709
G1 X92.36 Y136.04 E.01878
G1 X62.34 Y136.04 E.89476
G1 F3060
G1 X61.51 Y136.04 E.02474
G1 X61.51 Y134.46 E.04709
G1 X62.34 Y134.46 E.02474
G1 F3600
G1 X92.32 Y134.46 E.89357
G1 X92.95 Y134.46 E.01878
G1 E-.728 F1800
;WIPE_START
G1 F30000
G1 X92.98 Y135.66 E-.072
;WIPE_END
G1 X92.394 Y135.25 Z6.8
G1 Z6.4
G1 E.8 F1800
SET_VELOCITY_LIMIT ACCEL=10000
;TYPE:Gap infill
;WIDTH:0.431684
G1 F15000
G1 X62.106 Y135.25 E.93074
;LAYER_CHANGE
;Z:6.6
;HEIGHT:0.2
;BEFORE_LAYER_CHANGE
;6.6
G92 E0

G1 E-.728 F1800
;WIPE_START
G1 F30000
G1 X63.306 Y135.25 E-.072
;WIPE_END
M73 L33
;LAYER:33
SET_PRINT_STATS_INFO TOTAL_LAYER=80 CURRENT_LAYER=33
;_SET_FAN_SPEED_CHANGING_LAYER

G1 X64.3151 Y134.94 Z6.65714
G1 X65.187 Y135.536 Z6.71429
G1 X65.2646 Y136.589 Z6.77143
G1 X64.4897 Y137.306 Z6.82857
G1 X63.4456 Y137.148 Z6.88571
G1 X62.9187 Y136.233 Z6.94286
G1 X63.3056 Y135.25 Z7
G1 X170.902 Y35.648 Z7
G1 Z6.6
G1 E.8 F1800
;TYPE:Inner wall
;WIDTH:0.45
G1 F6000
G1 X170.902 Y35.252 E.01274
G1 X192.598 Y35.252 E.6981
G1 X192.598 Y35.648 E.01274
G1 X170.942 Y35.648 E.69681
SET_VELOCITY_LIMIT ACCEL=5000
G1 X170.51 Y36.04 F30000
;TYPE:Outer wall
;WIDTH:0.42
G1 F3600
G1 X170.51 Y34.86 E.03517
G1 X192.99 Y34.86 E.67003
G1 X192.99 Y36.04 E.03517
G1 X170.55 Y36.04 E.66883
G1 E-.728 F1800
;WIPE_START
G1 F30000
G1 X170.51 Y34.86 E-.07084
G1 X170.529 Y34.86 E-.00116
;WIPE_END
G1 X172.174 Y42.313 Z7
G1 X192.598 Y134.852 Z7
G1 Z6.6
G1 E.8 F1800
SET_VELOCITY_LIMIT ACCEL=10000
;TYPE:Inner wall
;WIDTH:0.45
G1 F6000
G1 X192.598 Y135.648 E.02561
G1 X161.702 Y135.648 E.99413
G1 X161.702 Y134.852 E.02561
G1 X192.558 Y134.852 E.99284
SET_VELOCITY_LIMIT ACCEL=5000
G1 X192.99 Y134.46 F30000
;TYPE:Outer wall
;WIDTH:0.42
G1 F3600
G1 X192.99 Y136.04 E.04709
G1 X192.36 Y136.04 E.01878
G1 X162.14 Y136.04 E.90072
G1 F3060
G1 X161.31 Y136.04 E.02474
G1 X161.31 Y134.46 E.04709
G1 X162.14 Y134.46 E.02474
G1 F3600
G1 X192.32 Y134.46 E.89953
G1 X192.95 Y134.46 E.01878
G1 E-.728 F1800
;WIPE_START
G1 F30000
G1 X192.98 Y135.66 E-.072
;WIPE_END
G1 X192.394 Y135.25 Z7
G1 Z6.6
G1 E.8 F1800
SET_VELOCITY_LIMIT ACCEL=10000
;TYPE:Gap infill
;WIDTH:0.431684
G1 F15000
G1 X161.906 Y135.25 E.93689
G1 E-.728 F1800
;WIPE_START
G1 F30000
G1 X163.106 Y135.25 E-.072
;WIPE_END
G1 X155.473 Y135.196 Z7
G1 X106.602 Y134.852 Z7
G1 Z6.6
G1 E.8 F1800
;TYPE:Inner wall
;WIDTH:0.45
G1 F6000
G1 X137.498 Y134.852 E.99413
G1 X137.498 Y135.648 E.02561
G1 X106.602 Y135.648 E.99413
G1 X106.602 Y134.892 E.02432
SET_VELOCITY_LIMIT ACCEL=5000
G1 X106.21 Y134.46 F30000
;TYPE:Outer wall
;WIDTH:0.42
G1 F3600
G1 X106.84 Y134.46 E.01878
G1 X137.06 Y134.46 E.90072
G1 F3060
G1 X137.89 Y134.46 E.02474
G1 X137.89 Y136.04 E.04709
G1 X137.06 Y136.04 E.02474
G1 F3600
G1 X106.84 Y136.04 E.90072
G1 X106.21 Y136.04 E.01878
G1 X106.21 Y134.5 E.0459
G1 E-.728 F1800
;WIPE_START
G1 F30000
G1 X107.41 Y134.498 E-.072
;WIPE_END
G1 X106.806 Y135.25 Z7
G1 Z6.6
G1 E.8 F1800
SET_VELOCITY_LIMIT ACCEL=10000
;TYPE:Gap infill
;WIDTH:0.431684
G1 F15000
G1 X137.294 Y135.25 E.93689
G1 E-.728 F1800
;WIPE_START
G1 F30000
G1 X136.094 Y135.25 E-.072
;WIPE_END
G1 X130.499 Y130.059 Z7
G1 X28.298 Y35.252 Z7
G1 Z6.6
G1 E.8 F1800
;TYPE:Inner wall
;WIDTH:0.45
G1 F6000
G1 X28.298 Y35.648 E.01274
G1 X6.602 Y35.648 E.6981
G1 X6.602 Y35.252 E.01274
G1 X28.258 Y35.252 E.69681
SET_VELOCITY_LIMIT ACCEL=5000
G1 X28.69 Y34.86 F30000
;TYPE:Outer wall
;WIDTH:0.42
G1 F3600
G1 X28.69 Y36.04 E.03517
G1 X6.21 Y36.04 E.67003
G1 X6.21 Y34.86 E.03517
G1 X28.65 Y34.86 E.66883
G1 E-.728 F1800
;WIPE_START
G1 F30000
G1 X28.69 Y36.04 E-.07084
G1 X28.671 Y36.04 E-.00116
;WIPE_END
G1 X27.007 Y43.489 Z7
G1 X6.602 Y134.852 Z7
G1 Z6.6
G1 E.8 F1800
SET_VELOCITY_LIMIT ACCEL=10000
;TYPE:Inner wall
;WIDTH:0.45
G1 F6000
G1 X37.498 Y134.852 E.99413
G1 X37.498 Y135.648 E.02561
G1 X6.602 Y135.648 E.99413
G1 X6.602 Y134.892 E.02432
SET_VELOCITY_LIMIT ACCEL=5000
G1 X6.21 Y134.46 F30000
;TYPE:Outer wall
;WIDTH:0.42
G1 F3600
G1 X6.84 Y134.46 E.01878
G1 X37.06 Y134.46 E.90072
G1 F3060
G1 X37.89 Y134.46 E.02474
G1 X37.89 Y136.04 E.04709
G1 X37.06 Y136.04 E.02474
G1 F3600
G1 X6.84 Y136.04 E.90072
G1 X6.21 Y136.04 E.01878
G1 X6.21 Y134.5 E.0459
G1 E-.728 F1800
;WIPE_START
G1 F30000
G1 X7.41 Y134.498 E-.072
;WIPE_END
G1 X6.806 Y135.25 Z7
G1 Z6.6
G1 E.8 F1800
SET_VELOCITY_LIMIT ACCEL=10000
;TYPE:Gap infill
;WIDTH:0.431684
G1 F15000
G1 X37.294 Y135.25 E.93689
G1 E-.728 F1800
;WIPE_START
G1 F30000
G1 X36.094 Y135.25 E-.072
;WIPE_END
G1 X43.727 Y135.196 Z7
G1 X92.598 Y134.852 Z7
G1 Z6.6
G1 E.8 F1800
;TYPE:Inner wall
;WIDTH:0.45
G1 F6000
G1 X92.598 Y135.648 E.02561
G1 X61.702 Y135.648 E.99413
G1 X61.702 Y134.852 E.02561
G1 X92.558 Y134.852 E.99284
SET_VELOCITY_LIMIT ACCEL=5000
G1 X92.99 Y134.46 F30000
;TYPE:Outer wall
;WIDTH:0.42
G1 F3600
G1 X92.99 Y136.04 E.04709
G1 X92.36 Y136.04 E.01878
G1 X62.14 Y136.04 E.90072
G1 F3060
G1 X61.31 Y136.04 E.02474
G1 X61.31 Y134.46 E.04709
G1 X62.14 Y134.46 E.02474
G1 F3600
G1 X92.32 Y134.46 E.89953
G1 X92.95 Y134.46 E.01878
G1 E-.728 F1800
;WIPE_START
G1 F30000
G1 X92.98 Y135.66 E-.072
;WIPE_END
G1 X92.394 Y135.25 Z7
G1 Z6.6
G1 E.8 F1800
SET_VELOCITY_LIMIT ACCEL=10000
;TYPE:Gap infill
;WIDTH:0.431684
G1 F15000
G1 X61.906 Y135.25 E.93689
;LAYER_CHANGE
;Z:6.8
;HEIGHT:0.2
;BEFORE_LAYER_CHANGE
;6.8
G92 E0

G1 E-.728 F1800
;WIPE_START
G1 F30000
G1 X63.106 Y135.25 E-.072
;WIPE_END
M73 L34
;LAYER:34
SET_PRINT_STATS_INFO TOTAL_LAYER=80 CURRENT_LAYER=34
;_SET_FAN_SPEED_CHANGING_LAYER

G1 X64.1154 Y134.941 Z6.85714
G1 X64.9867 Y135.538 Z6.91429
G1 X65.0634 Y136.591 Z6.97143
G1 X64.2878 Y137.307 Z7.02857
G1 X63.2439 Y137.148 Z7.08571
G1 X62.7177 Y136.232 Z7.14286
G1 X63.1056 Y135.25 Z7.2
G1 X170.902 Y35.648 Z7.2
G1 Z6.8
G1 E.8 F1800
;TYPE:Inner wall
;WIDTH:0.45
G1 F6000
G1 X170.902 Y35.252 E.01274
G1 X192.598 Y35.252 E.6981
G1 X192.598 Y35.648 E.01274
G1 X170.942 Y35.648 E.69681
SET_VELOCITY_LIMIT ACCEL=5000
G1 X170.51 Y36.04 F30000
;TYPE:Outer wall
;WIDTH:0.42
G1 F3600
G1 X170.51 Y34.86 E.03517
G1 X192.99 Y34.86 E.67003
G1 X192.99 Y36.04 E.03517
G1 X170.55 Y36.04 E.66883
G1 E-.728 F1800
;WIPE_START
G1 F30000
G1 X170.51 Y34.86 E-.07084
G1 X170.529 Y34.86 E-.00116
;WIPE_END
G1 X172.174 Y42.313 Z7.2
G1 X192.598 Y134.852 Z7.2
G1 Z6.8
G1 E.8 F1800
SET_VELOCITY_LIMIT ACCEL=10000
;TYPE:Inner wall
;WIDTH:0.45
G1 F6000
G1 X192.598 Y135.648 E.02561
G1 X161.502 Y135.648 E1.00056
G1 X161.502 Y134.852 E.02561
M73 P84 R10
G1 X192.558 Y134.852 E.99927
SET_VELOCITY_LIMIT ACCEL=5000
G1 X192.99 Y134.46 F30000
;TYPE:Outer wall
;WIDTH:0.42
G1 F3600
G1 X192.99 Y136.04 E.04709
G1 X192.36 Y136.04 E.01878
G1 X161.94 Y136.04 E.90668
G1 F3060
G1 X161.11 Y136.04 E.02474
G1 X161.11 Y134.46 E.04709
G1 X161.94 Y134.46 E.02474
G1 F3600
G1 X192.32 Y134.46 E.90549
G1 X192.95 Y134.46 E.01878
G1 E-.728 F1800
;WIPE_START
G1 F30000
G1 X192.98 Y135.66 E-.072
;WIPE_END
G1 X192.394 Y135.25 Z7.2
G1 Z6.8
G1 E.8 F1800
SET_VELOCITY_LIMIT ACCEL=10000
;TYPE:Gap infill
;WIDTH:0.431684
G1 F15000
G1 X161.706 Y135.25 E.94303
G1 E-.728 F1800
;WIPE_START
G1 F30000
G1 X162.906 Y135.25 E-.072
;WIPE_END
G1 X155.273 Y135.196 Z7.2
G1 X106.602 Y134.852 Z7.2
G1 Z6.8
G1 E.8 F1800
;TYPE:Inner wall
;WIDTH:0.45
G1 F6000
G1 X137.698 Y134.852 E1.00056
G1 X137.698 Y135.648 E.02561
G1 X106.602 Y135.648 E1.00056
G1 X106.602 Y134.892 E.02432
SET_VELOCITY_LIMIT ACCEL=5000
G1 X106.21 Y134.46 F30000
;TYPE:Outer wall
;WIDTH:0.42
G1 F3600
G1 X106.84 Y134.46 E.01878
G1 X137.26 Y134.46 E.90668
G1 F3060
M73 P84 R9
G1 X138.09 Y134.46 E.02474
G1 X138.09 Y136.04 E.04709
G1 X137.26 Y136.04 E.02474
G1 F3600
G1 X106.84 Y136.04 E.90668
G1 X106.21 Y136.04 E.01878
G1 X106.21 Y134.5 E.0459
G1 E-.728 F1800
;WIPE_START
G1 F30000
G1 X107.41 Y134.498 E-.072
;WIPE_END
G1 X106.806 Y135.25 Z7.2
G1 Z6.8
G1 E.8 F1800
SET_VELOCITY_LIMIT ACCEL=10000
;TYPE:Gap infill
;WIDTH:0.431684
G1 F15000
G1 X137.494 Y135.25 E.94303
G1 E-.728 F1800
;WIPE_START
G1 F30000
G1 X136.294 Y135.25 E-.072
;WIPE_END
G1 X130.694 Y130.064 Z7.2
G1 X28.298 Y35.252 Z7.2
G1 Z6.8
G1 E.8 F1800
;TYPE:Inner wall
;WIDTH:0.45
G1 F6000
G1 X28.298 Y35.648 E.01274
G1 X6.602 Y35.648 E.6981
G1 X6.602 Y35.252 E.01274
G1 X28.258 Y35.252 E.69681
SET_VELOCITY_LIMIT ACCEL=5000
G1 X28.69 Y34.86 F30000
;TYPE:Outer wall
;WIDTH:0.42
G1 F3600
G1 X28.69 Y36.04 E.03517
G1 X6.21 Y36.04 E.67003
G1 X6.21 Y34.86 E.03517
G1 X28.65 Y34.86 E.66883
G1 E-.728 F1800
;WIPE_START
G1 F30000
G1 X28.69 Y36.04 E-.07084
G1 X28.671 Y36.04 E-.00116
;WIPE_END
G1 X27.007 Y43.489 Z7.2
G1 X6.602 Y134.852 Z7.2
G1 Z6.8
G1 E.8 F1800
SET_VELOCITY_LIMIT ACCEL=10000
;TYPE:Inner wall
;WIDTH:0.45
G1 F6000
G1 X37.698 Y134.852 E1.00056
G1 X37.698 Y135.648 E.02561
G1 X6.602 Y135.648 E1.00056
G1 X6.602 Y134.892 E.02432
SET_VELOCITY_LIMIT ACCEL=5000
G1 X6.21 Y134.46 F30000
;TYPE:Outer wall
;WIDTH:0.42
G1 F3600
G1 X6.84 Y134.46 E.01878
G1 X37.26 Y134.46 E.90668
G1 F3060
G1 X38.09 Y134.46 E.02474
G1 X38.09 Y136.04 E.04709
G1 X37.26 Y136.04 E.02474
G1 F3600
G1 X6.84 Y136.04 E.90668
G1 X6.21 Y136.04 E.01878
G1 X6.21 Y134.5 E.0459
G1 E-.728 F1800
;WIPE_START
G1 F30000
G1 X7.41 Y134.498 E-.072
;WIPE_END
G1 X6.806 Y135.25 Z7.2
G1 Z6.8
G1 E.8 F1800
SET_VELOCITY_LIMIT ACCEL=10000
;TYPE:Gap infill
;WIDTH:0.431684
G1 F15000
G1 X37.494 Y135.25 E.94303
G1 E-.728 F1800
;WIPE_START
G1 F30000
G1 X36.294 Y135.25 E-.072
;WIPE_END
G1 X43.927 Y135.196 Z7.2
G1 X92.598 Y134.852 Z7.2
G1 Z6.8
G1 E.8 F1800
;TYPE:Inner wall
;WIDTH:0.45
G1 F6000
G1 X92.598 Y135.648 E.02561
G1 X61.502 Y135.648 E1.00056
G1 X61.502 Y134.852 E.02561
G1 X92.558 Y134.852 E.99927
SET_VELOCITY_LIMIT ACCEL=5000
G1 X92.99 Y134.46 F30000
;TYPE:Outer wall
;WIDTH:0.42
G1 F3600
G1 X92.99 Y136.04 E.04709
G1 X92.36 Y136.04 E.01878
G1 X61.94 Y136.04 E.90668
G1 F3060
G1 X61.11 Y136.04 E.02474
G1 X61.11 Y134.46 E.04709
G1 X61.94 Y134.46 E.02474
G1 F3600
G1 X92.32 Y134.46 E.90549
G1 X92.95 Y134.46 E.01878
G1 E-.728 F1800
;WIPE_START
G1 F30000
G1 X92.98 Y135.66 E-.072
;WIPE_END
G1 X92.394 Y135.25 Z7.2
G1 Z6.8
G1 E.8 F1800
SET_VELOCITY_LIMIT ACCEL=10000
;TYPE:Gap infill
;WIDTH:0.431684
G1 F15000
G1 X61.706 Y135.25 E.94303
;LAYER_CHANGE
;Z:7
;HEIGHT:0.2
;BEFORE_LAYER_CHANGE
;7
G92 E0

G1 E-.728 F1800
;WIPE_START
G1 F30000
G1 X62.906 Y135.25 E-.072
;WIPE_END
M73 L35
;LAYER:35
SET_PRINT_STATS_INFO TOTAL_LAYER=80 CURRENT_LAYER=35
;_SET_FAN_SPEED_CHANGING_LAYER

G1 X63.9157 Y134.942 Z7.05714
G1 X64.7864 Y135.539 Z7.11429
G1 X64.8622 Y136.593 Z7.17143
G1 X64.0859 Y137.309 Z7.22857
G1 X63.0421 Y137.148 Z7.28571
G1 X62.5168 Y136.232 Z7.34286
G1 X62.9056 Y135.25 Z7.4
G1 X170.902 Y35.648 Z7.4
G1 Z7
G1 E.8 F1800
;TYPE:Inner wall
;WIDTH:0.45
G1 F6000
G1 X170.902 Y35.252 E.01274
G1 X192.598 Y35.252 E.6981
G1 X192.598 Y35.648 E.01274
G1 X170.942 Y35.648 E.69681
SET_VELOCITY_LIMIT ACCEL=5000
G1 X170.51 Y36.04 F30000
;TYPE:Outer wall
;WIDTH:0.42
G1 F3600
G1 X170.51 Y34.86 E.03517
G1 X192.99 Y34.86 E.67003
G1 X192.99 Y36.04 E.03517
G1 X170.55 Y36.04 E.66883
G1 E-.728 F1800
;WIPE_START
G1 F30000
G1 X170.51 Y34.86 E-.07084
G1 X170.529 Y34.86 E-.00116
;WIPE_END
G1 X172.174 Y42.313 Z7.4
G1 X192.598 Y134.852 Z7.4
G1 Z7
G1 E.8 F1800
SET_VELOCITY_LIMIT ACCEL=10000
;TYPE:Inner wall
;WIDTH:0.45
G1 F6000
G1 X192.598 Y135.648 E.02561
G1 X161.302 Y135.648 E1.007
G1 X161.302 Y134.852 E.02561
G1 X192.558 Y134.852 E1.00571
SET_VELOCITY_LIMIT ACCEL=5000
G1 X192.99 Y134.46 F30000
;TYPE:Outer wall
;WIDTH:0.42
G1 F3600
G1 X192.99 Y136.04 E.04709
G1 X192.36 Y136.04 E.01878
G1 X161.74 Y136.04 E.91264
G1 F3060
G1 X160.91 Y136.04 E.02474
G1 X160.91 Y134.46 E.04709
G1 X161.74 Y134.46 E.02474
G1 F3600
G1 X192.32 Y134.46 E.91145
G1 X192.95 Y134.46 E.01878
G1 E-.728 F1800
;WIPE_START
G1 F30000
G1 X192.98 Y135.66 E-.072
;WIPE_END
G1 X192.394 Y135.25 Z7.4
G1 Z7
G1 E.8 F1800
SET_VELOCITY_LIMIT ACCEL=10000
;TYPE:Gap infill
;WIDTH:0.431684
G1 F15000
G1 X161.506 Y135.25 E.94918
G1 E-.728 F1800
;WIPE_START
G1 F30000
G1 X162.706 Y135.25 E-.072
;WIPE_END
G1 X155.073 Y135.196 Z7.4
G1 X106.602 Y134.852 Z7.4
G1 Z7
G1 E.8 F1800
;TYPE:Inner wall
;WIDTH:0.45
G1 F6000
G1 X137.898 Y134.852 E1.007
G1 X137.898 Y135.648 E.02561
G1 X106.602 Y135.648 E1.007
G1 X106.602 Y134.892 E.02432
SET_VELOCITY_LIMIT ACCEL=5000
G1 X106.21 Y134.46 F30000
;TYPE:Outer wall
;WIDTH:0.42
G1 F3600
G1 X106.84 Y134.46 E.01878
G1 X137.46 Y134.46 E.91264
G1 F3060
G1 X138.29 Y134.46 E.02474
G1 X138.29 Y136.04 E.04709
G1 X137.46 Y136.04 E.02474
G1 F3600
G1 X106.84 Y136.04 E.91264
G1 X106.21 Y136.04 E.01878
G1 X106.21 Y134.5 E.0459
G1 E-.728 F1800
;WIPE_START
G1 F30000
G1 X107.41 Y134.499 E-.072
;WIPE_END
G1 X106.806 Y135.25 Z7.4
G1 Z7
G1 E.8 F1800
SET_VELOCITY_LIMIT ACCEL=10000
;TYPE:Gap infill
;WIDTH:0.431684
G1 F15000
G1 X137.694 Y135.25 E.94918
G1 E-.728 F1800
;WIPE_START
G1 F30000
G1 X136.494 Y135.25 E-.072
;WIPE_END
G1 X130.889 Y130.07 Z7.4
G1 X28.298 Y35.252 Z7.4
G1 Z7
G1 E.8 F1800
;TYPE:Inner wall
;WIDTH:0.45
G1 F6000
G1 X28.298 Y35.648 E.01274
G1 X6.602 Y35.648 E.6981
G1 X6.602 Y35.252 E.01274
G1 X28.258 Y35.252 E.69681
SET_VELOCITY_LIMIT ACCEL=5000
G1 X28.69 Y34.86 F30000
;TYPE:Outer wall
;WIDTH:0.42
G1 F3600
G1 X28.69 Y36.04 E.03517
G1 X6.21 Y36.04 E.67003
G1 X6.21 Y34.86 E.03517
G1 X28.65 Y34.86 E.66883
G1 E-.728 F1800
;WIPE_START
G1 F30000
G1 X28.69 Y36.04 E-.07084
G1 X28.671 Y36.04 E-.00116
;WIPE_END
G1 X27.007 Y43.489 Z7.4
G1 X6.602 Y134.852 Z7.4
G1 Z7
G1 E.8 F1800
SET_VELOCITY_LIMIT ACCEL=10000
;TYPE:Inner wall
;WIDTH:0.45
G1 F6000
G1 X37.898 Y134.852 E1.007
G1 X37.898 Y135.648 E.02561
G1 X6.602 Y135.648 E1.007
G1 X6.602 Y134.892 E.02432
SET_VELOCITY_LIMIT ACCEL=5000
G1 X6.21 Y134.46 F30000
;TYPE:Outer wall
;WIDTH:0.42
G1 F3600
G1 X6.84 Y134.46 E.01878
G1 X37.46 Y134.46 E.91264
G1 F3060
G1 X38.29 Y134.46 E.02474
G1 X38.29 Y136.04 E.04709
G1 X37.46 Y136.04 E.02474
G1 F3600
G1 X6.84 Y136.04 E.91264
G1 X6.21 Y136.04 E.01878
G1 X6.21 Y134.5 E.0459
G1 E-.728 F1800
;WIPE_START
G1 F30000
G1 X7.41 Y134.499 E-.072
;WIPE_END
G1 X6.806 Y135.25 Z7.4
G1 Z7
G1 E.8 F1800
SET_VELOCITY_LIMIT ACCEL=10000
;TYPE:Gap infill
;WIDTH:0.431684
G1 F15000
G1 X37.694 Y135.25 E.94918
G1 E-.728 F1800
;WIPE_START
G1 F30000
G1 X36.494 Y135.25 E-.072
;WIPE_END
G1 X44.127 Y135.196 Z7.4
G1 X92.598 Y134.852 Z7.4
G1 Z7
G1 E.8 F1800
;TYPE:Inner wall
;WIDTH:0.45
G1 F6000
G1 X92.598 Y135.648 E.02561
G1 X61.302 Y135.648 E1.007
G1 X61.302 Y134.852 E.02561
G1 X92.558 Y134.852 E1.00571
SET_VELOCITY_LIMIT ACCEL=5000
G1 X92.99 Y134.46 F30000
;TYPE:Outer wall
;WIDTH:0.42
G1 F3600
G1 X92.99 Y136.04 E.04709
G1 X92.36 Y136.04 E.01878
G1 X61.74 Y136.04 E.91264
G1 F3060
G1 X60.91 Y136.04 E.02474
G1 X60.91 Y134.46 E.04709
G1 X61.74 Y134.46 E.02474
G1 F3600
G1 X92.32 Y134.46 E.91145
G1 X92.95 Y134.46 E.01878
G1 E-.728 F1800
;WIPE_START
G1 F30000
G1 X92.98 Y135.66 E-.072
;WIPE_END
G1 X92.394 Y135.25 Z7.4
G1 Z7
G1 E.8 F1800
SET_VELOCITY_LIMIT ACCEL=10000
;TYPE:Gap infill
;WIDTH:0.431684
G1 F15000
G1 X61.506 Y135.25 E.94918
;LAYER_CHANGE
;Z:7.2
;HEIGHT:0.2
;BEFORE_LAYER_CHANGE
;7.2
G92 E0

G1 E-.728 F1800
;WIPE_START
G1 F30000
G1 X62.706 Y135.25 E-.072
;WIPE_END
M73 L36
;LAYER:36
SET_PRINT_STATS_INFO TOTAL_LAYER=80 CURRENT_LAYER=36
;_SET_FAN_SPEED_CHANGING_LAYER

G1 X63.716 Y134.943 Z7.25714
G1 X64.5862 Y135.541 Z7.31429
G1 X64.6609 Y136.594 Z7.37143
G1 X63.884 Y137.31 Z7.42857
G1 X62.8404 Y137.148 Z7.48571
G1 X62.3159 Y136.232 Z7.54286
G1 X62.7056 Y135.25 Z7.6
G1 X170.902 Y35.648 Z7.6
G1 Z7.2
G1 E.8 F1800
;TYPE:Inner wall
;WIDTH:0.45
G1 F6000
G1 X170.902 Y35.252 E.01274
G1 X192.598 Y35.252 E.6981
G1 X192.598 Y35.648 E.01274
G1 X170.942 Y35.648 E.69681
SET_VELOCITY_LIMIT ACCEL=5000
G1 X170.51 Y36.04 F30000
;TYPE:Outer wall
;WIDTH:0.42
G1 F3600
G1 X170.51 Y34.86 E.03517
G1 X192.99 Y34.86 E.67003
G1 X192.99 Y36.04 E.03517
G1 X170.55 Y36.04 E.66883
G1 E-.728 F1800
;WIPE_START
G1 F30000
G1 X170.51 Y34.86 E-.07084
G1 X170.529 Y34.86 E-.00116
;WIPE_END
G1 X172.174 Y42.313 Z7.6
G1 X192.598 Y134.852 Z7.6
G1 Z7.2
G1 E.8 F1800
SET_VELOCITY_LIMIT ACCEL=10000
;TYPE:Inner wall
;WIDTH:0.45
G1 F6000
G1 X192.598 Y135.648 E.02561
G1 X161.102 Y135.648 E1.01343
G1 X161.102 Y134.852 E.02561
G1 X192.558 Y134.852 E1.01214
SET_VELOCITY_LIMIT ACCEL=5000
G1 X192.99 Y134.46 F30000
;TYPE:Outer wall
;WIDTH:0.42
G1 F3600
G1 X192.99 Y136.04 E.04709
G1 X192.36 Y136.04 E.01878
G1 X161.54 Y136.04 E.9186
G1 F3060
G1 X160.71 Y136.04 E.02474
G1 X160.71 Y134.46 E.04709
G1 X161.54 Y134.46 E.02474
G1 F3600
G1 X192.32 Y134.46 E.91741
G1 X192.95 Y134.46 E.01878
G1 E-.728 F1800
;WIPE_START
G1 F30000
G1 X192.98 Y135.66 E-.072
;WIPE_END
G1 X192.394 Y135.25 Z7.6
G1 Z7.2
G1 E.8 F1800
SET_VELOCITY_LIMIT ACCEL=10000
;TYPE:Gap infill
;WIDTH:0.431684
G1 F15000
G1 X161.306 Y135.25 E.95533
G1 E-.728 F1800
;WIPE_START
G1 F30000
G1 X162.506 Y135.25 E-.072
;WIPE_END
G1 X154.873 Y135.196 Z7.6
G1 X106.602 Y134.852 Z7.6
G1 Z7.2
G1 E.8 F1800
;TYPE:Inner wall
;WIDTH:0.45
G1 F6000
G1 X138.098 Y134.852 E1.01343
G1 X138.098 Y135.648 E.02561
G1 X106.602 Y135.648 E1.01343
G1 X106.602 Y134.892 E.02432
SET_VELOCITY_LIMIT ACCEL=5000
G1 X106.21 Y134.46 F30000
;TYPE:Outer wall
;WIDTH:0.42
G1 F3600
G1 X106.84 Y134.46 E.01878
G1 X137.66 Y134.46 E.9186
G1 F3060
G1 X138.49 Y134.46 E.02474
G1 X138.49 Y136.04 E.04709
G1 X137.66 Y136.04 E.02474
G1 F3600
G1 X106.84 Y136.04 E.9186
G1 X106.21 Y136.04 E.01878
G1 X106.21 Y134.5 E.0459
G1 E-.728 F1800
;WIPE_START
G1 F30000
G1 X107.41 Y134.499 E-.072
;WIPE_END
G1 X106.806 Y135.25 Z7.6
G1 Z7.2
G1 E.8 F1800
SET_VELOCITY_LIMIT ACCEL=10000
;TYPE:Gap infill
;WIDTH:0.431684
G1 F15000
G1 X137.894 Y135.25 E.95533
G1 E-.728 F1800
;WIPE_START
G1 F30000
G1 X136.694 Y135.25 E-.072
;WIPE_END
G1 X131.084 Y130.075 Z7.6
G1 X28.298 Y35.252 Z7.6
G1 Z7.2
G1 E.8 F1800
;TYPE:Inner wall
;WIDTH:0.45
G1 F6000
G1 X28.298 Y35.648 E.01274
G1 X6.602 Y35.648 E.6981
G1 X6.602 Y35.252 E.01274
G1 X28.258 Y35.252 E.69681
SET_VELOCITY_LIMIT ACCEL=5000
G1 X28.69 Y34.86 F30000
;TYPE:Outer wall
;WIDTH:0.42
G1 F3600
G1 X28.69 Y36.04 E.03517
G1 X6.21 Y36.04 E.67003
G1 X6.21 Y34.86 E.03517
G1 X28.65 Y34.86 E.66883
G1 E-.728 F1800
;WIPE_START
G1 F30000
G1 X28.69 Y36.04 E-.07084
G1 X28.671 Y36.04 E-.00116
;WIPE_END
G1 X27.007 Y43.489 Z7.6
G1 X6.602 Y134.852 Z7.6
G1 Z7.2
G1 E.8 F1800
SET_VELOCITY_LIMIT ACCEL=10000
;TYPE:Inner wall
;WIDTH:0.45
G1 F6000
G1 X38.098 Y134.852 E1.01343
G1 X38.098 Y135.648 E.02561
G1 X6.602 Y135.648 E1.01343
G1 X6.602 Y134.892 E.02432
SET_VELOCITY_LIMIT ACCEL=5000
G1 X6.21 Y134.46 F30000
;TYPE:Outer wall
;WIDTH:0.42
G1 F3600
G1 X6.84 Y134.46 E.01878
G1 X37.66 Y134.46 E.9186
G1 F3060
G1 X38.49 Y134.46 E.02474
G1 X38.49 Y136.04 E.04709
G1 X37.66 Y136.04 E.02474
G1 F3600
G1 X6.84 Y136.04 E.9186
G1 X6.21 Y136.04 E.01878
G1 X6.21 Y134.5 E.0459
G1 E-.728 F1800
;WIPE_START
G1 F30000
G1 X7.41 Y134.499 E-.072
;WIPE_END
G1 X6.806 Y135.25 Z7.6
G1 Z7.2
G1 E.8 F1800
SET_VELOCITY_LIMIT ACCEL=10000
;TYPE:Gap infill
;WIDTH:0.431684
G1 F15000
G1 X37.894 Y135.25 E.95533
G1 E-.728 F1800
;WIPE_START
G1 F30000
G1 X36.694 Y135.25 E-.072
;WIPE_END
G1 X44.327 Y135.196 Z7.6
G1 X92.598 Y134.852 Z7.6
G1 Z7.2
M73 P85 R9
G1 E.8 F1800
;TYPE:Inner wall
;WIDTH:0.45
G1 F6000
G1 X92.598 Y135.648 E.02561
G1 X61.102 Y135.648 E1.01343
G1 X61.102 Y134.852 E.02561
G1 X92.558 Y134.852 E1.01214
SET_VELOCITY_LIMIT ACCEL=5000
G1 X92.99 Y134.46 F30000
;TYPE:Outer wall
;WIDTH:0.42
G1 F3600
G1 X92.99 Y136.04 E.04709
G1 X92.36 Y136.04 E.01878
G1 X61.54 Y136.04 E.9186
G1 F3060
G1 X60.71 Y136.04 E.02474
G1 X60.71 Y134.46 E.04709
G1 X61.54 Y134.46 E.02474
G1 F3600
G1 X92.32 Y134.46 E.91741
G1 X92.95 Y134.46 E.01878
G1 E-.728 F1800
;WIPE_START
G1 F30000
G1 X92.98 Y135.66 E-.072
;WIPE_END
G1 X92.394 Y135.25 Z7.6
G1 Z7.2
G1 E.8 F1800
SET_VELOCITY_LIMIT ACCEL=10000
;TYPE:Gap infill
;WIDTH:0.431684
G1 F15000
G1 X61.306 Y135.25 E.95533
;LAYER_CHANGE
;Z:7.4
;HEIGHT:0.2
;BEFORE_LAYER_CHANGE
;7.4
G92 E0

G1 E-.728 F1800
;WIPE_START
G1 F30000
G1 X62.506 Y135.25 E-.072
;WIPE_END
M73 L37
;LAYER:37
SET_PRINT_STATS_INFO TOTAL_LAYER=80 CURRENT_LAYER=37
;_SET_FAN_SPEED_CHANGING_LAYER

G1 X63.5162 Y134.944 Z7.45714
G1 X64.3859 Y135.543 Z7.51429
G1 X64.4597 Y136.596 Z7.57143
G1 X63.6821 Y137.311 Z7.62857
G1 X62.6386 Y137.148 Z7.68571
G1 X62.115 Y136.231 Z7.74286
G1 X62.5056 Y135.25 Z7.8
G1 X170.902 Y35.648 Z7.8
G1 Z7.4
G1 E.8 F1800
;TYPE:Inner wall
;WIDTH:0.45
G1 F6000
G1 X170.902 Y35.252 E.01274
G1 X192.598 Y35.252 E.6981
G1 X192.598 Y35.648 E.01274
G1 X170.942 Y35.648 E.69681
SET_VELOCITY_LIMIT ACCEL=5000
G1 X170.51 Y36.04 F30000
;TYPE:Outer wall
;WIDTH:0.42
G1 F3600
G1 X170.51 Y34.86 E.03517
G1 X192.99 Y34.86 E.67003
G1 X192.99 Y36.04 E.03517
G1 X170.55 Y36.04 E.66883
G1 E-.728 F1800
;WIPE_START
G1 F30000
G1 X170.51 Y34.86 E-.07084
G1 X170.529 Y34.86 E-.00116
;WIPE_END
G1 X172.174 Y42.313 Z7.8
G1 X192.598 Y134.852 Z7.8
G1 Z7.4
G1 E.8 F1800
SET_VELOCITY_LIMIT ACCEL=10000
;TYPE:Inner wall
;WIDTH:0.45
G1 F6000
G1 X192.598 Y135.648 E.02561
G1 X160.902 Y135.648 E1.01987
G1 X160.902 Y134.852 E.02561
G1 X192.558 Y134.852 E1.01858
SET_VELOCITY_LIMIT ACCEL=5000
G1 X192.99 Y134.46 F30000
;TYPE:Outer wall
;WIDTH:0.42
G1 F3600
G1 X192.99 Y136.04 E.04709
G1 X192.36 Y136.04 E.01878
G1 X161.34 Y136.04 E.92456
G1 F3060
G1 X160.51 Y136.04 E.02474
G1 X160.51 Y134.46 E.04709
G1 X161.34 Y134.46 E.02474
G1 F3600
G1 X192.32 Y134.46 E.92337
G1 X192.95 Y134.46 E.01878
G1 E-.728 F1800
;WIPE_START
G1 F30000
G1 X192.98 Y135.66 E-.072
;WIPE_END
G1 X192.394 Y135.25 Z7.8
G1 Z7.4
G1 E.8 F1800
SET_VELOCITY_LIMIT ACCEL=10000
;TYPE:Gap infill
;WIDTH:0.431684
G1 F15000
G1 X161.106 Y135.25 E.96147
G1 E-.728 F1800
;WIPE_START
G1 F30000
G1 X162.306 Y135.25 E-.072
;WIPE_END
G1 X154.673 Y135.195 Z7.8
G1 X106.602 Y134.852 Z7.8
G1 Z7.4
G1 E.8 F1800
;TYPE:Inner wall
;WIDTH:0.45
G1 F6000
G1 X138.298 Y134.852 E1.01987
G1 X138.298 Y135.648 E.02561
G1 X106.602 Y135.648 E1.01987
G1 X106.602 Y134.892 E.02432
SET_VELOCITY_LIMIT ACCEL=5000
G1 X106.21 Y134.46 F30000
;TYPE:Outer wall
;WIDTH:0.42
G1 F3600
G1 X106.84 Y134.46 E.01878
G1 X137.86 Y134.46 E.92456
G1 F3060
G1 X138.69 Y134.46 E.02474
G1 X138.69 Y136.04 E.04709
G1 X137.86 Y136.04 E.02474
G1 F3600
G1 X106.84 Y136.04 E.92456
G1 X106.21 Y136.04 E.01878
G1 X106.21 Y134.5 E.0459
G1 E-.728 F1800
;WIPE_START
G1 F30000
G1 X107.41 Y134.499 E-.072
;WIPE_END
G1 X106.806 Y135.25 Z7.8
G1 Z7.4
G1 E.8 F1800
SET_VELOCITY_LIMIT ACCEL=10000
;TYPE:Gap infill
;WIDTH:0.431684
G1 F15000
G1 X138.094 Y135.25 E.96147
G1 E-.728 F1800
;WIPE_START
G1 F30000
G1 X136.894 Y135.25 E-.072
;WIPE_END
G1 X131.28 Y130.08 Z7.8
G1 X28.298 Y35.252 Z7.8
G1 Z7.4
G1 E.8 F1800
;TYPE:Inner wall
;WIDTH:0.45
G1 F6000
G1 X28.298 Y35.648 E.01274
G1 X6.602 Y35.648 E.6981
G1 X6.602 Y35.252 E.01274
G1 X28.258 Y35.252 E.69681
SET_VELOCITY_LIMIT ACCEL=5000
G1 X28.69 Y34.86 F30000
;TYPE:Outer wall
;WIDTH:0.42
G1 F3600
G1 X28.69 Y36.04 E.03517
G1 X6.21 Y36.04 E.67003
G1 X6.21 Y34.86 E.03517
G1 X28.65 Y34.86 E.66883
G1 E-.728 F1800
;WIPE_START
G1 F30000
G1 X28.69 Y36.04 E-.07084
G1 X28.671 Y36.04 E-.00116
;WIPE_END
G1 X27.007 Y43.489 Z7.8
G1 X6.602 Y134.852 Z7.8
G1 Z7.4
G1 E.8 F1800
SET_VELOCITY_LIMIT ACCEL=10000
;TYPE:Inner wall
;WIDTH:0.45
G1 F6000
G1 X38.298 Y134.852 E1.01987
G1 X38.298 Y135.648 E.02561
G1 X6.602 Y135.648 E1.01987
G1 X6.602 Y134.892 E.02432
SET_VELOCITY_LIMIT ACCEL=5000
G1 X6.21 Y134.46 F30000
;TYPE:Outer wall
;WIDTH:0.42
G1 F3600
G1 X6.84 Y134.46 E.01878
G1 X37.86 Y134.46 E.92456
G1 F3060
G1 X38.69 Y134.46 E.02474
G1 X38.69 Y136.04 E.04709
G1 X37.86 Y136.04 E.02474
G1 F3600
G1 X6.84 Y136.04 E.92456
G1 X6.21 Y136.04 E.01878
G1 X6.21 Y134.5 E.0459
G1 E-.728 F1800
;WIPE_START
G1 F30000
G1 X7.41 Y134.499 E-.072
;WIPE_END
G1 X6.806 Y135.25 Z7.8
G1 Z7.4
G1 E.8 F1800
SET_VELOCITY_LIMIT ACCEL=10000
;TYPE:Gap infill
;WIDTH:0.431684
G1 F15000
G1 X38.094 Y135.25 E.96147
G1 E-.728 F1800
;WIPE_START
G1 F30000
G1 X36.894 Y135.25 E-.072
;WIPE_END
G1 X44.527 Y135.195 Z7.8
G1 X92.598 Y134.852 Z7.8
G1 Z7.4
G1 E.8 F1800
;TYPE:Inner wall
;WIDTH:0.45
G1 F6000
G1 X92.598 Y135.648 E.02561
G1 X60.902 Y135.648 E1.01987
G1 X60.902 Y134.852 E.02561
G1 X92.558 Y134.852 E1.01858
SET_VELOCITY_LIMIT ACCEL=5000
G1 X92.99 Y134.46 F30000
;TYPE:Outer wall
;WIDTH:0.42
G1 F3600
G1 X92.99 Y136.04 E.04709
G1 X92.36 Y136.04 E.01878
G1 X61.34 Y136.04 E.92456
G1 F3060
G1 X60.51 Y136.04 E.02474
G1 X60.51 Y134.46 E.04709
G1 X61.34 Y134.46 E.02474
G1 F3600
G1 X92.32 Y134.46 E.92337
G1 X92.95 Y134.46 E.01878
G1 E-.728 F1800
;WIPE_START
G1 F30000
G1 X92.98 Y135.66 E-.072
;WIPE_END
G1 X92.394 Y135.25 Z7.8
G1 Z7.4
G1 E.8 F1800
SET_VELOCITY_LIMIT ACCEL=10000
;TYPE:Gap infill
;WIDTH:0.431684
G1 F15000
G1 X61.106 Y135.25 E.96147
;LAYER_CHANGE
;Z:7.6
;HEIGHT:0.2
;BEFORE_LAYER_CHANGE
;7.6
G92 E0

G1 E-.728 F1800
;WIPE_START
G1 F30000
G1 X62.306 Y135.25 E-.072
;WIPE_END
M73 L38
;LAYER:38
SET_PRINT_STATS_INFO TOTAL_LAYER=80 CURRENT_LAYER=38
;_SET_FAN_SPEED_CHANGING_LAYER

G1 X63.3165 Y134.945 Z7.65714
G1 X64.1856 Y135.544 Z7.71429
G1 X64.2585 Y136.598 Z7.77143
G1 X63.4802 Y137.312 Z7.82857
G1 X62.4369 Y137.148 Z7.88571
G1 X61.9141 Y136.231 Z7.94286
G1 X62.3056 Y135.25 Z8
G1 X170.902 Y35.648 Z8
G1 Z7.6
G1 E.8 F1800
;TYPE:Inner wall
;WIDTH:0.45
G1 F6000
G1 X170.902 Y35.252 E.01274
G1 X192.598 Y35.252 E.6981
G1 X192.598 Y35.648 E.01274
G1 X170.942 Y35.648 E.69681
SET_VELOCITY_LIMIT ACCEL=5000
G1 X170.51 Y36.04 F30000
;TYPE:Outer wall
;WIDTH:0.42
G1 F3600
G1 X170.51 Y34.86 E.03517
G1 X192.99 Y34.86 E.67003
G1 X192.99 Y36.04 E.03517
G1 X170.55 Y36.04 E.66883
G1 E-.728 F1800
;WIPE_START
G1 F30000
G1 X170.51 Y34.86 E-.07084
G1 X170.529 Y34.86 E-.00116
;WIPE_END
G1 X172.174 Y42.313 Z8
G1 X192.598 Y134.852 Z8
G1 Z7.6
G1 E.8 F1800
SET_VELOCITY_LIMIT ACCEL=10000
;TYPE:Inner wall
;WIDTH:0.45
G1 F6000
G1 X192.598 Y135.648 E.02561
G1 X160.702 Y135.648 E1.0263
G1 X160.702 Y134.852 E.02561
G1 X192.558 Y134.852 E1.02502
SET_VELOCITY_LIMIT ACCEL=5000
G1 X192.99 Y134.46 F30000
;TYPE:Outer wall
;WIDTH:0.42
G1 F3600
G1 X192.99 Y136.04 E.04709
G1 X192.36 Y136.04 E.01878
G1 X161.14 Y136.04 E.93052
G1 F3060
G1 X160.31 Y136.04 E.02474
G1 X160.31 Y134.46 E.04709
G1 X161.14 Y134.46 E.02474
G1 F3600
G1 X192.32 Y134.46 E.92933
G1 X192.95 Y134.46 E.01878
G1 E-.728 F1800
;WIPE_START
G1 F30000
G1 X192.98 Y135.66 E-.072
;WIPE_END
G1 X192.394 Y135.25 Z8
G1 Z7.6
G1 E.8 F1800
SET_VELOCITY_LIMIT ACCEL=10000
;TYPE:Gap infill
;WIDTH:0.431684
G1 F15000
G1 X160.906 Y135.25 E.96762
G1 E-.728 F1800
;WIPE_START
G1 F30000
G1 X162.106 Y135.25 E-.072
;WIPE_END
G1 X154.473 Y135.195 Z8
G1 X106.602 Y134.852 Z8
G1 Z7.6
G1 E.8 F1800
;TYPE:Inner wall
;WIDTH:0.45
G1 F6000
G1 X138.498 Y134.852 E1.0263
G1 X138.498 Y135.648 E.02561
G1 X106.602 Y135.648 E1.0263
G1 X106.602 Y134.892 E.02432
SET_VELOCITY_LIMIT ACCEL=5000
G1 X106.21 Y134.46 F30000
;TYPE:Outer wall
;WIDTH:0.42
G1 F3600
G1 X106.84 Y134.46 E.01878
G1 X138.06 Y134.46 E.93052
G1 F3060
G1 X138.89 Y134.46 E.02474
G1 X138.89 Y136.04 E.04709
G1 X138.06 Y136.04 E.02474
G1 F3600
G1 X106.84 Y136.04 E.93052
G1 X106.21 Y136.04 E.01878
G1 X106.21 Y134.5 E.0459
G1 E-.728 F1800
;WIPE_START
G1 F30000
G1 X107.41 Y134.499 E-.072
;WIPE_END
G1 X106.806 Y135.25 Z8
G1 Z7.6
G1 E.8 F1800
SET_VELOCITY_LIMIT ACCEL=10000
;TYPE:Gap infill
;WIDTH:0.431684
G1 F15000
G1 X138.294 Y135.25 E.96762
G1 E-.728 F1800
;WIPE_START
G1 F30000
G1 X137.094 Y135.25 E-.072
;WIPE_END
G1 X131.475 Y130.085 Z8
G1 X28.298 Y35.252 Z8
G1 Z7.6
G1 E.8 F1800
;TYPE:Inner wall
;WIDTH:0.45
G1 F6000
G1 X28.298 Y35.648 E.01274
G1 X6.602 Y35.648 E.6981
G1 X6.602 Y35.252 E.01274
G1 X28.258 Y35.252 E.69681
SET_VELOCITY_LIMIT ACCEL=5000
G1 X28.69 Y34.86 F30000
;TYPE:Outer wall
;WIDTH:0.42
G1 F3600
G1 X28.69 Y36.04 E.03517
G1 X6.21 Y36.04 E.67003
G1 X6.21 Y34.86 E.03517
G1 X28.65 Y34.86 E.66883
G1 E-.728 F1800
;WIPE_START
G1 F30000
G1 X28.69 Y36.04 E-.07084
G1 X28.671 Y36.04 E-.00116
M73 P85 R8
;WIPE_END
G1 X27.007 Y43.489 Z8
G1 X6.602 Y134.852 Z8
G1 Z7.6
G1 E.8 F1800
SET_VELOCITY_LIMIT ACCEL=10000
;TYPE:Inner wall
;WIDTH:0.45
G1 F6000
G1 X38.498 Y134.852 E1.0263
G1 X38.498 Y135.648 E.02561
G1 X6.602 Y135.648 E1.0263
G1 X6.602 Y134.892 E.02432
SET_VELOCITY_LIMIT ACCEL=5000
G1 X6.21 Y134.46 F30000
;TYPE:Outer wall
;WIDTH:0.42
G1 F3600
G1 X6.84 Y134.46 E.01878
G1 X38.06 Y134.46 E.93052
G1 F3060
G1 X38.89 Y134.46 E.02474
G1 X38.89 Y136.04 E.04709
G1 X38.06 Y136.04 E.02474
G1 F3600
G1 X6.84 Y136.04 E.93052
G1 X6.21 Y136.04 E.01878
G1 X6.21 Y134.5 E.0459
G1 E-.728 F1800
;WIPE_START
G1 F30000
G1 X7.41 Y134.499 E-.072
;WIPE_END
G1 X6.806 Y135.25 Z8
G1 Z7.6
G1 E.8 F1800
SET_VELOCITY_LIMIT ACCEL=10000
;TYPE:Gap infill
;WIDTH:0.431684
G1 F15000
G1 X38.294 Y135.25 E.96762
G1 E-.728 F1800
;WIPE_START
G1 F30000
G1 X37.094 Y135.25 E-.072
;WIPE_END
G1 X44.727 Y135.195 Z8
G1 X92.598 Y134.852 Z8
G1 Z7.6
G1 E.8 F1800
;TYPE:Inner wall
;WIDTH:0.45
G1 F6000
G1 X92.598 Y135.648 E.02561
G1 X60.702 Y135.648 E1.0263
G1 X60.702 Y134.852 E.02561
G1 X92.558 Y134.852 E1.02502
SET_VELOCITY_LIMIT ACCEL=5000
G1 X92.99 Y134.46 F30000
;TYPE:Outer wall
;WIDTH:0.42
G1 F3600
G1 X92.99 Y136.04 E.04709
G1 X92.36 Y136.04 E.01878
G1 X61.14 Y136.04 E.93052
G1 F3060
G1 X60.31 Y136.04 E.02474
G1 X60.31 Y134.46 E.04709
G1 X61.14 Y134.46 E.02474
G1 F3600
G1 X92.32 Y134.46 E.92933
G1 X92.95 Y134.46 E.01878
G1 E-.728 F1800
;WIPE_START
G1 F30000
G1 X92.98 Y135.66 E-.072
;WIPE_END
G1 X92.394 Y135.25 Z8
G1 Z7.6
G1 E.8 F1800
SET_VELOCITY_LIMIT ACCEL=10000
;TYPE:Gap infill
;WIDTH:0.431684
G1 F15000
G1 X60.906 Y135.25 E.96762
;LAYER_CHANGE
;Z:7.8
;HEIGHT:0.2
;BEFORE_LAYER_CHANGE
;7.8
G92 E0

G1 E-.728 F1800
;WIPE_START
G1 F30000
G1 X62.106 Y135.25 E-.072
;WIPE_END
M73 L39
;LAYER:39
SET_PRINT_STATS_INFO TOTAL_LAYER=80 CURRENT_LAYER=39
;_SET_FAN_SPEED_CHANGING_LAYER

G1 X63.1168 Y134.945 Z7.85714
G1 X63.9853 Y135.546 Z7.91429
G1 X64.0572 Y136.6 Z7.97143
G1 X63.2783 Y137.313 Z8.02857
G1 X62.2351 Y137.149 Z8.08571
G1 X61.7132 Y136.23 Z8.14286
G1 X62.1056 Y135.25 Z8.2
G1 X170.902 Y35.648 Z8.2
G1 Z7.8
G1 E.8 F1800
;TYPE:Inner wall
;WIDTH:0.45
G1 F6000
G1 X170.902 Y35.252 E.01274
G1 X192.598 Y35.252 E.6981
G1 X192.598 Y35.648 E.01274
G1 X170.942 Y35.648 E.69681
SET_VELOCITY_LIMIT ACCEL=5000
G1 X170.51 Y36.04 F30000
;TYPE:Outer wall
;WIDTH:0.42
G1 F3600
G1 X170.51 Y34.86 E.03517
G1 X192.99 Y34.86 E.67003
G1 X192.99 Y36.04 E.03517
G1 X170.55 Y36.04 E.66883
G1 E-.728 F1800
;WIPE_START
G1 F30000
G1 X170.51 Y34.86 E-.07084
G1 X170.529 Y34.86 E-.00116
;WIPE_END
G1 X172.174 Y42.313 Z8.2
G1 X192.598 Y134.852 Z8.2
G1 Z7.8
G1 E.8 F1800
SET_VELOCITY_LIMIT ACCEL=10000
;TYPE:Inner wall
;WIDTH:0.45
G1 F6000
G1 X192.598 Y135.648 E.02561
G1 X160.502 Y135.648 E1.03274
G1 X160.502 Y134.852 E.02561
G1 X192.558 Y134.852 E1.03145
SET_VELOCITY_LIMIT ACCEL=5000
G1 X192.99 Y134.46 F30000
;TYPE:Outer wall
;WIDTH:0.42
G1 F3600
G1 X192.99 Y136.04 E.04709
G1 X192.36 Y136.04 E.01878
G1 X160.94 Y136.04 E.93649
G1 F3060
G1 X160.11 Y136.04 E.02474
G1 X160.11 Y134.46 E.04709
G1 X160.94 Y134.46 E.02474
G1 F3600
G1 X192.32 Y134.46 E.93529
G1 X192.95 Y134.46 E.01878
G1 E-.728 F1800
;WIPE_START
G1 F30000
G1 X192.98 Y135.66 E-.072
;WIPE_END
G1 X192.394 Y135.25 Z8.2
G1 Z7.8
G1 E.8 F1800
SET_VELOCITY_LIMIT ACCEL=10000
;TYPE:Gap infill
;WIDTH:0.431684
G1 F15000
G1 X160.706 Y135.25 E.97376
G1 E-.728 F1800
;WIPE_START
G1 F30000
G1 X161.906 Y135.25 E-.072
;WIPE_END
G1 X154.273 Y135.195 Z8.2
G1 X106.602 Y134.852 Z8.2
G1 Z7.8
G1 E.8 F1800
;TYPE:Inner wall
;WIDTH:0.45
G1 F6000
G1 X138.698 Y134.852 E1.03274
G1 X138.698 Y135.648 E.02561
G1 X106.602 Y135.648 E1.03274
G1 X106.602 Y134.892 E.02432
SET_VELOCITY_LIMIT ACCEL=5000
G1 X106.21 Y134.46 F30000
;TYPE:Outer wall
;WIDTH:0.42
G1 F3600
G1 X106.84 Y134.46 E.01878
G1 X138.26 Y134.46 E.93649
G1 F3060
G1 X139.09 Y134.46 E.02474
G1 X139.09 Y136.04 E.04709
G1 X138.26 Y136.04 E.02474
G1 F3600
G1 X106.84 Y136.04 E.93649
G1 X106.21 Y136.04 E.01878
M73 P86 R8
G1 X106.21 Y134.5 E.0459
G1 E-.728 F1800
;WIPE_START
G1 F30000
G1 X107.41 Y134.499 E-.072
;WIPE_END
G1 X106.806 Y135.25 Z8.2
G1 Z7.8
G1 E.8 F1800
SET_VELOCITY_LIMIT ACCEL=10000
;TYPE:Gap infill
;WIDTH:0.431684
G1 F15000
G1 X138.494 Y135.25 E.97376
G1 E-.728 F1800
;WIPE_START
G1 F30000
G1 X137.294 Y135.25 E-.072
;WIPE_END
G1 X131.67 Y130.09 Z8.2
G1 X28.298 Y35.252 Z8.2
G1 Z7.8
G1 E.8 F1800
;TYPE:Inner wall
;WIDTH:0.45
G1 F6000
G1 X28.298 Y35.648 E.01274
G1 X6.602 Y35.648 E.6981
G1 X6.602 Y35.252 E.01274
G1 X28.258 Y35.252 E.69681
SET_VELOCITY_LIMIT ACCEL=5000
G1 X28.69 Y34.86 F30000
;TYPE:Outer wall
;WIDTH:0.42
G1 F3600
G1 X28.69 Y36.04 E.03517
G1 X6.21 Y36.04 E.67003
G1 X6.21 Y34.86 E.03517
G1 X28.65 Y34.86 E.66883
G1 E-.728 F1800
;WIPE_START
G1 F30000
G1 X28.69 Y36.04 E-.07084
G1 X28.671 Y36.04 E-.00116
;WIPE_END
G1 X27.007 Y43.489 Z8.2
G1 X6.602 Y134.852 Z8.2
G1 Z7.8
G1 E.8 F1800
SET_VELOCITY_LIMIT ACCEL=10000
;TYPE:Inner wall
;WIDTH:0.45
G1 F6000
G1 X38.698 Y134.852 E1.03274
G1 X38.698 Y135.648 E.02561
G1 X6.602 Y135.648 E1.03274
G1 X6.602 Y134.892 E.02432
SET_VELOCITY_LIMIT ACCEL=5000
G1 X6.21 Y134.46 F30000
;TYPE:Outer wall
;WIDTH:0.42
G1 F3600
G1 X6.84 Y134.46 E.01878
G1 X38.26 Y134.46 E.93649
G1 F3060
G1 X39.09 Y134.46 E.02474
G1 X39.09 Y136.04 E.04709
G1 X38.26 Y136.04 E.02474
G1 F3600
G1 X6.84 Y136.04 E.93649
G1 X6.21 Y136.04 E.01878
G1 X6.21 Y134.5 E.0459
G1 E-.728 F1800
;WIPE_START
G1 F30000
G1 X7.41 Y134.499 E-.072
;WIPE_END
G1 X6.806 Y135.25 Z8.2
G1 Z7.8
G1 E.8 F1800
SET_VELOCITY_LIMIT ACCEL=10000
;TYPE:Gap infill
;WIDTH:0.431684
G1 F15000
G1 X38.494 Y135.25 E.97376
G1 E-.728 F1800
;WIPE_START
G1 F30000
G1 X37.294 Y135.25 E-.072
;WIPE_END
G1 X44.927 Y135.195 Z8.2
G1 X92.598 Y134.852 Z8.2
G1 Z7.8
G1 E.8 F1800
;TYPE:Inner wall
;WIDTH:0.45
G1 F6000
G1 X92.598 Y135.648 E.02561
G1 X60.502 Y135.648 E1.03274
G1 X60.502 Y134.852 E.02561
G1 X92.558 Y134.852 E1.03145
SET_VELOCITY_LIMIT ACCEL=5000
G1 X92.99 Y134.46 F30000
;TYPE:Outer wall
;WIDTH:0.42
G1 F3600
G1 X92.99 Y136.04 E.04709
G1 X92.36 Y136.04 E.01878
G1 X60.94 Y136.04 E.93649
G1 F3060
G1 X60.11 Y136.04 E.02474
G1 X60.11 Y134.46 E.04709
G1 X60.94 Y134.46 E.02474
G1 F3600
G1 X92.32 Y134.46 E.93529
G1 X92.95 Y134.46 E.01878
G1 E-.728 F1800
;WIPE_START
G1 F30000
G1 X92.98 Y135.66 E-.072
;WIPE_END
G1 X92.394 Y135.25 Z8.2
G1 Z7.8
G1 E.8 F1800
SET_VELOCITY_LIMIT ACCEL=10000
;TYPE:Gap infill
;WIDTH:0.431684
G1 F15000
G1 X60.706 Y135.25 E.97376
;LAYER_CHANGE
;Z:8
;HEIGHT:0.2
;BEFORE_LAYER_CHANGE
;8
G92 E0

G1 E-.728 F1800
;WIPE_START
G1 F30000
G1 X61.906 Y135.25 E-.072
;WIPE_END
M73 L40
;LAYER:40
SET_PRINT_STATS_INFO TOTAL_LAYER=80 CURRENT_LAYER=40
;_SET_FAN_SPEED_CHANGING_LAYER

G1 X62.9171 Y134.946 Z8.05714
G1 X63.7851 Y135.548 Z8.11429
G1 X63.856 Y136.602 Z8.17143
G1 X63.0764 Y137.314 Z8.22857
G1 X62.0334 Y137.149 Z8.28571
G1 X61.5123 Y136.23 Z8.34286
G1 X61.9056 Y135.25 Z8.4
G1 X170.902 Y35.648 Z8.4
G1 Z8
G1 E.8 F1800
;TYPE:Inner wall
;WIDTH:0.45
G1 F6000
G1 X170.902 Y35.252 E.01274
G1 X192.598 Y35.252 E.6981
G1 X192.598 Y35.648 E.01274
G1 X170.942 Y35.648 E.69681
SET_VELOCITY_LIMIT ACCEL=5000
G1 X170.51 Y36.04 F30000
;TYPE:Outer wall
;WIDTH:0.42
G1 F3600
G1 X170.51 Y34.86 E.03517
G1 X192.99 Y34.86 E.67003
G1 X192.99 Y36.04 E.03517
G1 X170.55 Y36.04 E.66883
G1 E-.728 F1800
;WIPE_START
G1 F30000
G1 X170.51 Y34.86 E-.07084
G1 X170.529 Y34.86 E-.00116
;WIPE_END
G1 X172.174 Y42.313 Z8.4
G1 X192.598 Y134.852 Z8.4
G1 Z8
G1 E.8 F1800
SET_VELOCITY_LIMIT ACCEL=10000
;TYPE:Inner wall
;WIDTH:0.45
G1 F6000
G1 X192.598 Y135.648 E.02561
G1 X160.302 Y135.648 E1.03917
G1 X160.302 Y134.852 E.02561
G1 X192.558 Y134.852 E1.03789
SET_VELOCITY_LIMIT ACCEL=5000
G1 X192.99 Y134.46 F30000
;TYPE:Outer wall
;WIDTH:0.42
G1 F3600
G1 X192.99 Y136.04 E.04709
G1 X192.36 Y136.04 E.01878
G1 X160.74 Y136.04 E.94245
G1 F3060
G1 X159.91 Y136.04 E.02474
G1 X159.91 Y134.46 E.04709
G1 X160.74 Y134.46 E.02474
G1 F3600
G1 X192.32 Y134.46 E.94125
G1 X192.95 Y134.46 E.01878
G1 E-.728 F1800
;WIPE_START
G1 F30000
G1 X192.98 Y135.66 E-.072
;WIPE_END
G1 X192.394 Y135.25 Z8.4
G1 Z8
G1 E.8 F1800
SET_VELOCITY_LIMIT ACCEL=10000
;TYPE:Gap infill
;WIDTH:0.431684
G1 F15000
G1 X160.506 Y135.25 E.97991
G1 E-.728 F1800
;WIPE_START
G1 F30000
G1 X161.706 Y135.25 E-.072
;WIPE_END
G1 X154.073 Y135.195 Z8.4
G1 X106.602 Y134.852 Z8.4
G1 Z8
G1 E.8 F1800
;TYPE:Inner wall
;WIDTH:0.45
G1 F6000
G1 X138.898 Y134.852 E1.03917
G1 X138.898 Y135.648 E.02561
G1 X106.602 Y135.648 E1.03917
G1 X106.602 Y134.892 E.02432
SET_VELOCITY_LIMIT ACCEL=5000
G1 X106.21 Y134.46 F30000
;TYPE:Outer wall
;WIDTH:0.42
G1 F3600
G1 X106.84 Y134.46 E.01878
G1 X138.46 Y134.46 E.94245
G1 F3060
G1 X139.29 Y134.46 E.02474
G1 X139.29 Y136.04 E.04709
G1 X138.46 Y136.04 E.02474
G1 F3600
G1 X106.84 Y136.04 E.94245
G1 X106.21 Y136.04 E.01878
G1 X106.21 Y134.5 E.0459
G1 E-.728 F1800
;WIPE_START
G1 F30000
G1 X107.41 Y134.499 E-.072
;WIPE_END
G1 X106.806 Y135.25 Z8.4
G1 Z8
G1 E.8 F1800
SET_VELOCITY_LIMIT ACCEL=10000
;TYPE:Gap infill
;WIDTH:0.431684
G1 F15000
G1 X138.694 Y135.25 E.97991
G1 E-.728 F1800
;WIPE_START
G1 F30000
G1 X137.494 Y135.25 E-.072
;WIPE_END
G1 X131.866 Y130.095 Z8.4
G1 X28.298 Y35.252 Z8.4
G1 Z8
G1 E.8 F1800
;TYPE:Inner wall
;WIDTH:0.45
G1 F6000
G1 X28.298 Y35.648 E.01274
G1 X6.602 Y35.648 E.6981
G1 X6.602 Y35.252 E.01274
G1 X28.258 Y35.252 E.69681
SET_VELOCITY_LIMIT ACCEL=5000
G1 X28.69 Y34.86 F30000
;TYPE:Outer wall
;WIDTH:0.42
G1 F3600
G1 X28.69 Y36.04 E.03517
G1 X6.21 Y36.04 E.67003
G1 X6.21 Y34.86 E.03517
G1 X28.65 Y34.86 E.66883
G1 E-.728 F1800
;WIPE_START
G1 F30000
G1 X28.69 Y36.04 E-.07084
G1 X28.671 Y36.04 E-.00116
;WIPE_END
G1 X27.007 Y43.489 Z8.4
G1 X6.602 Y134.852 Z8.4
G1 Z8
G1 E.8 F1800
SET_VELOCITY_LIMIT ACCEL=10000
;TYPE:Inner wall
;WIDTH:0.45
G1 F6000
G1 X38.898 Y134.852 E1.03917
G1 X38.898 Y135.648 E.02561
G1 X6.602 Y135.648 E1.03917
G1 X6.602 Y134.892 E.02432
SET_VELOCITY_LIMIT ACCEL=5000
G1 X6.21 Y134.46 F30000
;TYPE:Outer wall
;WIDTH:0.42
G1 F3600
G1 X6.84 Y134.46 E.01878
G1 X38.46 Y134.46 E.94245
G1 F3060
G1 X39.29 Y134.46 E.02474
G1 X39.29 Y136.04 E.04709
G1 X38.46 Y136.04 E.02474
G1 F3600
G1 X6.84 Y136.04 E.94245
G1 X6.21 Y136.04 E.01878
G1 X6.21 Y134.5 E.0459
G1 E-.728 F1800
;WIPE_START
G1 F30000
G1 X7.41 Y134.499 E-.072
;WIPE_END
G1 X6.806 Y135.25 Z8.4
G1 Z8
G1 E.8 F1800
SET_VELOCITY_LIMIT ACCEL=10000
;TYPE:Gap infill
;WIDTH:0.431684
G1 F15000
G1 X38.694 Y135.25 E.97991
G1 E-.728 F1800
;WIPE_START
G1 F30000
G1 X37.494 Y135.25 E-.072
;WIPE_END
G1 X45.127 Y135.195 Z8.4
G1 X92.598 Y134.852 Z8.4
G1 Z8
G1 E.8 F1800
;TYPE:Inner wall
;WIDTH:0.45
G1 F6000
G1 X92.598 Y135.648 E.02561
G1 X60.302 Y135.648 E1.03917
G1 X60.302 Y134.852 E.02561
G1 X92.558 Y134.852 E1.03789
SET_VELOCITY_LIMIT ACCEL=5000
G1 X92.99 Y134.46 F30000
;TYPE:Outer wall
;WIDTH:0.42
G1 F3600
G1 X92.99 Y136.04 E.04709
G1 X92.36 Y136.04 E.01878
G1 X60.74 Y136.04 E.94245
G1 F3060
G1 X59.91 Y136.04 E.02474
G1 X59.91 Y134.46 E.04709
G1 X60.74 Y134.46 E.02474
G1 F3600
G1 X92.32 Y134.46 E.94125
G1 X92.95 Y134.46 E.01878
G1 E-.728 F1800
;WIPE_START
G1 F30000
G1 X92.98 Y135.66 E-.072
;WIPE_END
G1 X92.394 Y135.25 Z8.4
G1 Z8
G1 E.8 F1800
SET_VELOCITY_LIMIT ACCEL=10000
;TYPE:Gap infill
;WIDTH:0.431684
G1 F15000
G1 X60.506 Y135.25 E.97991
;LAYER_CHANGE
;Z:8.2
;HEIGHT:0.2
;BEFORE_LAYER_CHANGE
;8.2
G92 E0

G1 E-.728 F1800
;WIPE_START
G1 F30000
G1 X61.706 Y135.25 E-.072
;WIPE_END
M73 L41
;LAYER:41
SET_PRINT_STATS_INFO TOTAL_LAYER=80 CURRENT_LAYER=41
;_SET_FAN_SPEED_CHANGING_LAYER

G1 X62.7174 Y134.947 Z8.25714
G1 X63.5848 Y135.55 Z8.31429
G1 X63.6547 Y136.603 Z8.37143
G1 X62.8745 Y137.315 Z8.42857
G1 X61.8317 Y137.149 Z8.48571
G1 X61.3114 Y136.23 Z8.54286
G1 X61.7056 Y135.25 Z8.6
G1 X170.902 Y35.648 Z8.6
G1 Z8.2
G1 E.8 F1800
;TYPE:Inner wall
;WIDTH:0.45
G1 F6000
G1 X170.902 Y35.252 E.01274
G1 X192.598 Y35.252 E.6981
G1 X192.598 Y35.648 E.01274
G1 X170.942 Y35.648 E.69681
SET_VELOCITY_LIMIT ACCEL=5000
G1 X170.51 Y36.04 F30000
;TYPE:Outer wall
;WIDTH:0.42
G1 F3600
G1 X170.51 Y34.86 E.03517
G1 X192.99 Y34.86 E.67003
G1 X192.99 Y36.04 E.03517
G1 X170.55 Y36.04 E.66883
G1 E-.728 F1800
;WIPE_START
G1 F30000
G1 X170.51 Y34.86 E-.07084
G1 X170.529 Y34.86 E-.00116
;WIPE_END
G1 X172.174 Y42.313 Z8.6
G1 X192.598 Y134.852 Z8.6
G1 Z8.2
G1 E.8 F1800
SET_VELOCITY_LIMIT ACCEL=10000
;TYPE:Inner wall
;WIDTH:0.45
G1 F6000
G1 X192.598 Y135.648 E.02561
G1 X160.102 Y135.648 E1.04561
G1 X160.102 Y134.852 E.02561
G1 X192.558 Y134.852 E1.04432
SET_VELOCITY_LIMIT ACCEL=5000
G1 X192.99 Y134.46 F30000
;TYPE:Outer wall
;WIDTH:0.42
G1 F3600
G1 X192.99 Y136.04 E.04709
G1 X192.36 Y136.04 E.01878
G1 X160.54 Y136.04 E.94841
G1 F3060
G1 X159.71 Y136.04 E.02474
G1 X159.71 Y134.46 E.04709
G1 X160.54 Y134.46 E.02474
G1 F3600
G1 X192.32 Y134.46 E.94722
G1 X192.95 Y134.46 E.01878
G1 E-.728 F1800
;WIPE_START
G1 F30000
G1 X192.98 Y135.66 E-.072
;WIPE_END
G1 X192.394 Y135.25 Z8.6
G1 Z8.2
G1 E.8 F1800
SET_VELOCITY_LIMIT ACCEL=10000
;TYPE:Gap infill
;WIDTH:0.431684
G1 F15000
G1 X160.306 Y135.25 E.98605
G1 E-.728 F1800
;WIPE_START
G1 F30000
G1 X161.506 Y135.25 E-.072
;WIPE_END
G1 X153.873 Y135.195 Z8.6
G1 X106.602 Y134.852 Z8.6
G1 Z8.2
G1 E.8 F1800
;TYPE:Inner wall
;WIDTH:0.45
G1 F6000
G1 X139.098 Y134.852 E1.04561
G1 X139.098 Y135.648 E.02561
G1 X106.602 Y135.648 E1.04561
G1 X106.602 Y134.892 E.02432
SET_VELOCITY_LIMIT ACCEL=5000
G1 X106.21 Y134.46 F30000
;TYPE:Outer wall
;WIDTH:0.42
G1 F3600
G1 X106.84 Y134.46 E.01878
G1 X138.66 Y134.46 E.94841
G1 F3060
G1 X139.49 Y134.46 E.02474
G1 X139.49 Y136.04 E.04709
G1 X138.66 Y136.04 E.02474
G1 F3600
G1 X106.84 Y136.04 E.94841
G1 X106.21 Y136.04 E.01878
G1 X106.21 Y134.5 E.0459
G1 E-.728 F1800
;WIPE_START
G1 F30000
G1 X107.41 Y134.499 E-.072
;WIPE_END
G1 X106.806 Y135.25 Z8.6
G1 Z8.2
G1 E.8 F1800
SET_VELOCITY_LIMIT ACCEL=10000
;TYPE:Gap infill
;WIDTH:0.431684
G1 F15000
G1 X138.894 Y135.25 E.98605
G1 E-.728 F1800
;WIPE_START
G1 F30000
G1 X137.694 Y135.25 E-.072
;WIPE_END
G1 X132.061 Y130.1 Z8.6
G1 X28.298 Y35.252 Z8.6
G1 Z8.2
G1 E.8 F1800
;TYPE:Inner wall
;WIDTH:0.45
G1 F6000
G1 X28.298 Y35.648 E.01274
G1 X6.602 Y35.648 E.6981
G1 X6.602 Y35.252 E.01274
G1 X28.258 Y35.252 E.69681
SET_VELOCITY_LIMIT ACCEL=5000
G1 X28.69 Y34.86 F30000
;TYPE:Outer wall
;WIDTH:0.42
G1 F3600
G1 X28.69 Y36.04 E.03517
G1 X6.21 Y36.04 E.67003
G1 X6.21 Y34.86 E.03517
G1 X28.65 Y34.86 E.66883
G1 E-.728 F1800
;WIPE_START
G1 F30000
G1 X28.69 Y36.04 E-.07084
G1 X28.671 Y36.04 E-.00116
;WIPE_END
G1 X27.007 Y43.489 Z8.6
G1 X6.602 Y134.852 Z8.6
G1 Z8.2
G1 E.8 F1800
SET_VELOCITY_LIMIT ACCEL=10000
;TYPE:Inner wall
;WIDTH:0.45
G1 F6000
G1 X39.098 Y134.852 E1.04561
G1 X39.098 Y135.648 E.02561
G1 X6.602 Y135.648 E1.04561
G1 X6.602 Y134.892 E.02432
SET_VELOCITY_LIMIT ACCEL=5000
G1 X6.21 Y134.46 F30000
;TYPE:Outer wall
;WIDTH:0.42
G1 F3600
G1 X6.84 Y134.46 E.01878
G1 X38.66 Y134.46 E.94841
G1 F3060
G1 X39.49 Y134.46 E.02474
G1 X39.49 Y136.04 E.04709
G1 X38.66 Y136.04 E.02474
G1 F3600
G1 X6.84 Y136.04 E.94841
G1 X6.21 Y136.04 E.01878
G1 X6.21 Y134.5 E.0459
G1 E-.728 F1800
;WIPE_START
G1 F30000
G1 X7.41 Y134.499 E-.072
;WIPE_END
G1 X6.806 Y135.25 Z8.6
G1 Z8.2
G1 E.8 F1800
SET_VELOCITY_LIMIT ACCEL=10000
;TYPE:Gap infill
;WIDTH:0.431684
G1 F15000
G1 X38.894 Y135.25 E.98605
G1 E-.728 F1800
;WIPE_START
G1 F30000
G1 X37.694 Y135.25 E-.072
;WIPE_END
G1 X45.327 Y135.195 Z8.6
G1 X92.598 Y134.852 Z8.6
G1 Z8.2
G1 E.8 F1800
;TYPE:Inner wall
;WIDTH:0.45
G1 F6000
G1 X92.598 Y135.648 E.02561
G1 X60.102 Y135.648 E1.04561
G1 X60.102 Y134.852 E.02561
G1 X92.558 Y134.852 E1.04432
SET_VELOCITY_LIMIT ACCEL=5000
G1 X92.99 Y134.46 F30000
;TYPE:Outer wall
;WIDTH:0.42
G1 F3600
G1 X92.99 Y136.04 E.04709
G1 X92.36 Y136.04 E.01878
G1 X60.54 Y136.04 E.94841
G1 F3060
G1 X59.71 Y136.04 E.02474
G1 X59.71 Y134.46 E.04709
G1 X60.54 Y134.46 E.02474
G1 F3600
G1 X92.32 Y134.46 E.94722
G1 X92.95 Y134.46 E.01878
G1 E-.728 F1800
;WIPE_START
G1 F30000
G1 X92.98 Y135.66 E-.072
;WIPE_END
G1 X92.394 Y135.25 Z8.6
G1 Z8.2
G1 E.8 F1800
SET_VELOCITY_LIMIT ACCEL=10000
;TYPE:Gap infill
;WIDTH:0.431684
G1 F15000
G1 X60.306 Y135.25 E.98605
;LAYER_CHANGE
;Z:8.4
;HEIGHT:0.2
;BEFORE_LAYER_CHANGE
;8.4
G92 E0

G1 E-.728 F1800
;WIPE_START
G1 F30000
G1 X61.506 Y135.25 E-.072
;WIPE_END
M73 L42
;LAYER:42
SET_PRINT_STATS_INFO TOTAL_LAYER=80 CURRENT_LAYER=42
;_SET_FAN_SPEED_CHANGING_LAYER

G1 X62.5176 Y134.948 Z8.45714
G1 X63.3845 Y135.551 Z8.51429
G1 X63.4535 Y136.605 Z8.57143
G1 X62.6726 Y137.316 Z8.62857
G1 X61.6299 Y137.149 Z8.68571
G1 X61.1106 Y136.229 Z8.74286
G1 X61.5056 Y135.25 Z8.8
G1 X170.902 Y35.648 Z8.8
G1 Z8.4
G1 E.8 F1800
;TYPE:Inner wall
;WIDTH:0.45
G1 F6000
G1 X170.902 Y35.252 E.01274
G1 X192.598 Y35.252 E.6981
G1 X192.598 Y35.648 E.01274
G1 X170.942 Y35.648 E.69681
SET_VELOCITY_LIMIT ACCEL=5000
G1 X170.51 Y36.04 F30000
M73 P87 R8
;TYPE:Outer wall
;WIDTH:0.42
G1 F3600
G1 X170.51 Y34.86 E.03517
G1 X192.99 Y34.86 E.67003
G1 X192.99 Y36.04 E.03517
G1 X170.55 Y36.04 E.66883
G1 E-.728 F1800
;WIPE_START
G1 F30000
G1 X170.51 Y34.86 E-.07084
G1 X170.529 Y34.86 E-.00116
;WIPE_END
G1 X172.174 Y42.313 Z8.8
G1 X192.598 Y134.852 Z8.8
G1 Z8.4
G1 E.8 F1800
SET_VELOCITY_LIMIT ACCEL=10000
;TYPE:Inner wall
;WIDTH:0.45
G1 F6000
G1 X192.598 Y135.648 E.02561
G1 X159.902 Y135.648 E1.05204
G1 X159.902 Y134.852 E.02561
G1 X192.558 Y134.852 E1.05076
SET_VELOCITY_LIMIT ACCEL=5000
G1 X192.99 Y134.46 F30000
;TYPE:Outer wall
;WIDTH:0.42
G1 F3600
G1 X192.99 Y136.04 E.04709
G1 X192.36 Y136.04 E.01878
G1 X160.34 Y136.04 E.95437
G1 F3060
G1 X159.51 Y136.04 E.02474
G1 X159.51 Y134.46 E.04709
G1 X160.34 Y134.46 E.02474
G1 F3600
G1 X192.32 Y134.46 E.95318
G1 X192.95 Y134.46 E.01878
G1 E-.728 F1800
;WIPE_START
G1 F30000
G1 X192.98 Y135.66 E-.072
;WIPE_END
G1 X192.394 Y135.25 Z8.8
G1 Z8.4
G1 E.8 F1800
SET_VELOCITY_LIMIT ACCEL=10000
;TYPE:Gap infill
;WIDTH:0.431684
G1 F15000
G1 X160.106 Y135.25 E.9922
G1 E-.728 F1800
;WIPE_START
G1 F30000
G1 X161.306 Y135.25 E-.072
;WIPE_END
G1 X153.673 Y135.194 Z8.8
G1 X106.602 Y134.852 Z8.8
G1 Z8.4
G1 E.8 F1800
;TYPE:Inner wall
;WIDTH:0.45
G1 F6000
G1 X139.298 Y134.852 E1.05204
G1 X139.298 Y135.648 E.02561
G1 X106.602 Y135.648 E1.05204
G1 X106.602 Y134.892 E.02432
SET_VELOCITY_LIMIT ACCEL=5000
G1 X106.21 Y134.46 F30000
;TYPE:Outer wall
;WIDTH:0.42
G1 F3600
G1 X106.84 Y134.46 E.01878
G1 X138.86 Y134.46 E.95437
G1 F3060
G1 X139.69 Y134.46 E.02474
G1 X139.69 Y136.04 E.04709
G1 X138.86 Y136.04 E.02474
G1 F3600
G1 X106.84 Y136.04 E.95437
G1 X106.21 Y136.04 E.01878
G1 X106.21 Y134.5 E.0459
G1 E-.728 F1800
;WIPE_START
G1 F30000
G1 X107.41 Y134.499 E-.072
;WIPE_END
G1 X106.806 Y135.25 Z8.8
G1 Z8.4
G1 E.8 F1800
SET_VELOCITY_LIMIT ACCEL=10000
;TYPE:Gap infill
;WIDTH:0.431684
G1 F15000
G1 X139.094 Y135.25 E.9922
G1 E-.728 F1800
;WIPE_START
G1 F30000
G1 X137.894 Y135.25 E-.072
;WIPE_END
G1 X132.256 Y130.106 Z8.8
G1 X28.298 Y35.252 Z8.8
G1 Z8.4
G1 E.8 F1800
;TYPE:Inner wall
;WIDTH:0.45
G1 F6000
G1 X28.298 Y35.648 E.01274
G1 X6.602 Y35.648 E.6981
G1 X6.602 Y35.252 E.01274
G1 X28.258 Y35.252 E.69681
SET_VELOCITY_LIMIT ACCEL=5000
G1 X28.69 Y34.86 F30000
;TYPE:Outer wall
;WIDTH:0.42
G1 F3600
G1 X28.69 Y36.04 E.03517
G1 X6.21 Y36.04 E.67003
G1 X6.21 Y34.86 E.03517
G1 X28.65 Y34.86 E.66883
G1 E-.728 F1800
;WIPE_START
G1 F30000
G1 X28.69 Y36.04 E-.07084
G1 X28.671 Y36.04 E-.00116
;WIPE_END
G1 X27.007 Y43.489 Z8.8
G1 X6.602 Y134.852 Z8.8
G1 Z8.4
G1 E.8 F1800
SET_VELOCITY_LIMIT ACCEL=10000
;TYPE:Inner wall
;WIDTH:0.45
G1 F6000
G1 X39.298 Y134.852 E1.05204
G1 X39.298 Y135.648 E.02561
G1 X6.602 Y135.648 E1.05204
G1 X6.602 Y134.892 E.02432
SET_VELOCITY_LIMIT ACCEL=5000
G1 X6.21 Y134.46 F30000
;TYPE:Outer wall
;WIDTH:0.42
G1 F3600
G1 X6.84 Y134.46 E.01878
G1 X38.86 Y134.46 E.95437
G1 F3060
G1 X39.69 Y134.46 E.02474
G1 X39.69 Y136.04 E.04709
G1 X38.86 Y136.04 E.02474
G1 F3600
G1 X6.84 Y136.04 E.95437
G1 X6.21 Y136.04 E.01878
M73 P87 R7
G1 X6.21 Y134.5 E.0459
G1 E-.728 F1800
;WIPE_START
G1 F30000
G1 X7.41 Y134.499 E-.072
;WIPE_END
G1 X6.806 Y135.25 Z8.8
G1 Z8.4
G1 E.8 F1800
SET_VELOCITY_LIMIT ACCEL=10000
;TYPE:Gap infill
;WIDTH:0.431684
G1 F15000
G1 X39.094 Y135.25 E.9922
G1 E-.728 F1800
;WIPE_START
G1 F30000
G1 X37.894 Y135.25 E-.072
;WIPE_END
G1 X45.527 Y135.194 Z8.8
G1 X92.598 Y134.852 Z8.8
G1 Z8.4
G1 E.8 F1800
;TYPE:Inner wall
;WIDTH:0.45
G1 F6000
G1 X92.598 Y135.648 E.02561
G1 X59.902 Y135.648 E1.05204
G1 X59.902 Y134.852 E.02561
G1 X92.558 Y134.852 E1.05076
SET_VELOCITY_LIMIT ACCEL=5000
G1 X92.99 Y134.46 F30000
;TYPE:Outer wall
;WIDTH:0.42
G1 F3600
G1 X92.99 Y136.04 E.04709
G1 X92.36 Y136.04 E.01878
G1 X60.34 Y136.04 E.95437
G1 F3060
G1 X59.51 Y136.04 E.02474
G1 X59.51 Y134.46 E.04709
G1 X60.34 Y134.46 E.02474
G1 F3600
G1 X92.32 Y134.46 E.95318
G1 X92.95 Y134.46 E.01878
G1 E-.728 F1800
;WIPE_START
G1 F30000
G1 X92.98 Y135.66 E-.072
;WIPE_END
G1 X92.394 Y135.25 Z8.8
G1 Z8.4
G1 E.8 F1800
SET_VELOCITY_LIMIT ACCEL=10000
;TYPE:Gap infill
;WIDTH:0.431684
G1 F15000
G1 X60.106 Y135.25 E.9922
;LAYER_CHANGE
;Z:8.6
;HEIGHT:0.200001
;BEFORE_LAYER_CHANGE
;8.6
G92 E0

G1 E-.728 F1800
;WIPE_START
G1 F30000
G1 X61.306 Y135.25 E-.072
;WIPE_END
M73 L43
;LAYER:43
SET_PRINT_STATS_INFO TOTAL_LAYER=80 CURRENT_LAYER=43
;_SET_FAN_SPEED_CHANGING_LAYER

G1 X62.3179 Y134.949 Z8.65714
G1 X63.1843 Y135.553 Z8.71429
G1 X63.2523 Y136.607 Z8.77143
G1 X62.4708 Y137.317 Z8.82857
G1 X61.4282 Y137.149 Z8.88571
G1 X60.9097 Y136.229 Z8.94286
G1 X61.3056 Y135.25 Z9
G1 X170.902 Y35.648 Z9
G1 Z8.6
G1 E.8 F1800
;TYPE:Inner wall
;WIDTH:0.45
G1 F6000
G1 X170.902 Y35.252 E.01274
G1 X192.598 Y35.252 E.6981
G1 X192.598 Y35.648 E.01274
G1 X170.942 Y35.648 E.69681
SET_VELOCITY_LIMIT ACCEL=5000
G1 X170.51 Y36.04 F30000
;TYPE:Outer wall
;WIDTH:0.42
G1 F3600
G1 X170.51 Y34.86 E.03517
G1 X192.99 Y34.86 E.67003
G1 X192.99 Y36.04 E.03517
G1 X170.55 Y36.04 E.66883
G1 E-.728 F1800
;WIPE_START
G1 F30000
G1 X170.51 Y34.86 E-.07084
G1 X170.529 Y34.86 E-.00116
;WIPE_END
G1 X172.174 Y42.313 Z9
G1 X192.598 Y134.852 Z9
G1 Z8.6
G1 E.8 F1800
SET_VELOCITY_LIMIT ACCEL=10000
;TYPE:Inner wall
;WIDTH:0.45
G1 F6000
G1 X192.598 Y135.648 E.02561
G1 X159.702 Y135.648 E1.05848
G1 X159.702 Y134.852 E.02561
G1 X192.558 Y134.852 E1.05719
SET_VELOCITY_LIMIT ACCEL=5000
G1 X192.99 Y134.46 F30000
;TYPE:Outer wall
;WIDTH:0.42
G1 F3600
G1 X192.99 Y136.04 E.04709
G1 X192.36 Y136.04 E.01878
G1 X160.14 Y136.04 E.96033
G1 F3060
G1 X159.31 Y136.04 E.02474
G1 X159.31 Y134.46 E.04709
G1 X160.14 Y134.46 E.02474
G1 F3600
G1 X192.32 Y134.46 E.95914
G1 X192.95 Y134.46 E.01878
G1 E-.728 F1800
;WIPE_START
G1 F30000
G1 X192.98 Y135.66 E-.072
;WIPE_END
G1 X192.394 Y135.25 Z9
G1 Z8.6
G1 E.8 F1800
SET_VELOCITY_LIMIT ACCEL=10000
;TYPE:Gap infill
;WIDTH:0.431684
G1 F15000
G1 X159.906 Y135.25 E.99835
G1 E-.728 F1800
;WIPE_START
G1 F30000
G1 X161.106 Y135.25 E-.072
;WIPE_END
G1 X153.473 Y135.194 Z9
G1 X106.602 Y134.852 Z9
G1 Z8.6
G1 E.8 F1800
;TYPE:Inner wall
;WIDTH:0.45
G1 F6000
G1 X139.498 Y134.852 E1.05848
G1 X139.498 Y135.648 E.02561
G1 X106.602 Y135.648 E1.05848
G1 X106.602 Y134.892 E.02432
SET_VELOCITY_LIMIT ACCEL=5000
G1 X106.21 Y134.46 F30000
;TYPE:Outer wall
;WIDTH:0.42
G1 F3600
G1 X106.84 Y134.46 E.01878
G1 X139.06 Y134.46 E.96033
G1 F3060
G1 X139.89 Y134.46 E.02474
G1 X139.89 Y136.04 E.04709
G1 X139.06 Y136.04 E.02474
G1 F3600
G1 X106.84 Y136.04 E.96033
G1 X106.21 Y136.04 E.01878
G1 X106.21 Y134.5 E.0459
G1 E-.728 F1800
;WIPE_START
G1 F30000
G1 X107.41 Y134.499 E-.072
;WIPE_END
G1 X106.806 Y135.25 Z9
G1 Z8.6
G1 E.8 F1800
SET_VELOCITY_LIMIT ACCEL=10000
;TYPE:Gap infill
;WIDTH:0.431684
G1 F15000
G1 X139.294 Y135.25 E.99835
G1 E-.728 F1800
;WIPE_START
G1 F30000
G1 X138.094 Y135.25 E-.072
;WIPE_END
G1 X132.452 Y130.111 Z9
G1 X28.298 Y35.252 Z9
G1 Z8.6
G1 E.8 F1800
;TYPE:Inner wall
;WIDTH:0.45
G1 F6000
G1 X28.298 Y35.648 E.01274
G1 X6.602 Y35.648 E.6981
G1 X6.602 Y35.252 E.01274
G1 X28.258 Y35.252 E.69681
SET_VELOCITY_LIMIT ACCEL=5000
G1 X28.69 Y34.86 F30000
;TYPE:Outer wall
;WIDTH:0.42
G1 F3600
G1 X28.69 Y36.04 E.03517
G1 X6.21 Y36.04 E.67003
G1 X6.21 Y34.86 E.03517
G1 X28.65 Y34.86 E.66883
G1 E-.728 F1800
;WIPE_START
G1 F30000
G1 X28.69 Y36.04 E-.07084
G1 X28.671 Y36.04 E-.00116
;WIPE_END
G1 X27.007 Y43.489 Z9
G1 X6.602 Y134.852 Z9
G1 Z8.6
G1 E.8 F1800
SET_VELOCITY_LIMIT ACCEL=10000
;TYPE:Inner wall
;WIDTH:0.45
G1 F6000
G1 X39.498 Y134.852 E1.05848
G1 X39.498 Y135.648 E.02561
G1 X6.602 Y135.648 E1.05848
G1 X6.602 Y134.892 E.02432
SET_VELOCITY_LIMIT ACCEL=5000
G1 X6.21 Y134.46 F30000
;TYPE:Outer wall
;WIDTH:0.42
G1 F3600
G1 X6.84 Y134.46 E.01878
G1 X39.06 Y134.46 E.96033
G1 F3060
G1 X39.89 Y134.46 E.02474
G1 X39.89 Y136.04 E.04709
G1 X39.06 Y136.04 E.02474
G1 F3600
G1 X6.84 Y136.04 E.96033
G1 X6.21 Y136.04 E.01878
G1 X6.21 Y134.5 E.0459
G1 E-.728 F1800
;WIPE_START
G1 F30000
G1 X7.41 Y134.499 E-.072
;WIPE_END
G1 X6.806 Y135.25 Z9
G1 Z8.6
G1 E.8 F1800
SET_VELOCITY_LIMIT ACCEL=10000
;TYPE:Gap infill
;WIDTH:0.431684
G1 F15000
G1 X39.294 Y135.25 E.99835
G1 E-.728 F1800
;WIPE_START
G1 F30000
G1 X38.094 Y135.25 E-.072
;WIPE_END
G1 X45.727 Y135.194 Z9
G1 X92.598 Y134.852 Z9
G1 Z8.6
G1 E.8 F1800
;TYPE:Inner wall
;WIDTH:0.45
G1 F6000
G1 X92.598 Y135.648 E.02561
G1 X59.702 Y135.648 E1.05848
G1 X59.702 Y134.852 E.02561
G1 X92.558 Y134.852 E1.05719
SET_VELOCITY_LIMIT ACCEL=5000
G1 X92.99 Y134.46 F30000
;TYPE:Outer wall
;WIDTH:0.42
G1 F3600
G1 X92.99 Y136.04 E.04709
G1 X92.36 Y136.04 E.01878
G1 X60.14 Y136.04 E.96033
G1 F3060
G1 X59.31 Y136.04 E.02474
G1 X59.31 Y134.46 E.04709
G1 X60.14 Y134.46 E.02474
G1 F3600
G1 X92.32 Y134.46 E.95914
G1 X92.95 Y134.46 E.01878
G1 E-.728 F1800
;WIPE_START
G1 F30000
G1 X92.98 Y135.66 E-.072
;WIPE_END
G1 X92.394 Y135.25 Z9
G1 Z8.6
G1 E.8 F1800
SET_VELOCITY_LIMIT ACCEL=10000
;TYPE:Gap infill
;WIDTH:0.431684
G1 F15000
G1 X59.906 Y135.25 E.99835
;LAYER_CHANGE
;Z:8.8
;HEIGHT:0.2
;BEFORE_LAYER_CHANGE
;8.8
G92 E0

G1 E-.728 F1800
;WIPE_START
G1 F30000
G1 X61.106 Y135.25 E-.072
;WIPE_END
M73 L44
;LAYER:44
SET_PRINT_STATS_INFO TOTAL_LAYER=80 CURRENT_LAYER=44
;_SET_FAN_SPEED_CHANGING_LAYER

G1 X62.1182 Y134.95 Z8.85714
G1 X62.984 Y135.555 Z8.91429
G1 X63.051 Y136.609 Z8.97143
G1 X62.2689 Y137.318 Z9.02857
G1 X61.2265 Y137.149 Z9.08571
G1 X60.7088 Y136.229 Z9.14286
G1 X61.1056 Y135.25 Z9.2
G1 X170.902 Y35.648 Z9.2
G1 Z8.8
G1 E.8 F1800
;TYPE:Inner wall
;WIDTH:0.45
G1 F6000
G1 X170.902 Y35.252 E.01274
G1 X192.598 Y35.252 E.6981
G1 X192.598 Y35.648 E.01274
G1 X170.942 Y35.648 E.69681
SET_VELOCITY_LIMIT ACCEL=5000
G1 X170.51 Y36.04 F30000
;TYPE:Outer wall
;WIDTH:0.42
G1 F3600
G1 X170.51 Y34.86 E.03517
G1 X192.99 Y34.86 E.67003
G1 X192.99 Y36.04 E.03517
G1 X170.55 Y36.04 E.66883
G1 E-.728 F1800
;WIPE_START
G1 F30000
G1 X170.51 Y34.86 E-.07084
G1 X170.529 Y34.86 E-.00116
;WIPE_END
G1 X172.174 Y42.313 Z9.2
G1 X192.598 Y134.852 Z9.2
G1 Z8.8
G1 E.8 F1800
SET_VELOCITY_LIMIT ACCEL=10000
;TYPE:Inner wall
;WIDTH:0.45
G1 F6000
G1 X192.598 Y135.648 E.02561
G1 X159.502 Y135.648 E1.06491
G1 X159.502 Y134.852 E.02561
G1 X192.558 Y134.852 E1.06363
SET_VELOCITY_LIMIT ACCEL=5000
G1 X192.99 Y134.46 F30000
;TYPE:Outer wall
;WIDTH:0.42
G1 F3600
G1 X192.99 Y136.04 E.04709
G1 X192.36 Y136.04 E.01878
G1 X159.94 Y136.04 E.96629
G1 F3060
G1 X159.11 Y136.04 E.02474
G1 X159.11 Y134.46 E.04709
G1 X159.94 Y134.46 E.02474
G1 F3600
G1 X192.32 Y134.46 E.9651
G1 X192.95 Y134.46 E.01878
G1 E-.728 F1800
;WIPE_START
G1 F30000
G1 X192.98 Y135.66 E-.072
;WIPE_END
G1 X192.394 Y135.25 Z9.2
G1 Z8.8
G1 E.8 F1800
SET_VELOCITY_LIMIT ACCEL=10000
;TYPE:Gap infill
;WIDTH:0.431684
G1 F15000
G1 X159.706 Y135.25 E1.00449
G1 E-.728 F1800
;WIPE_START
G1 F30000
G1 X160.906 Y135.25 E-.072
;WIPE_END
G1 X153.273 Y135.194 Z9.2
G1 X106.602 Y134.852 Z9.2
G1 Z8.8
G1 E.8 F1800
;TYPE:Inner wall
;WIDTH:0.45
G1 F6000
G1 X139.698 Y134.852 E1.06491
G1 X139.698 Y135.648 E.02561
G1 X106.602 Y135.648 E1.06491
G1 X106.602 Y134.892 E.02432
SET_VELOCITY_LIMIT ACCEL=5000
G1 X106.21 Y134.46 F30000
;TYPE:Outer wall
;WIDTH:0.42
G1 F3600
G1 X106.84 Y134.46 E.01878
G1 X139.26 Y134.46 E.96629
G1 F3060
G1 X140.09 Y134.46 E.02474
G1 X140.09 Y136.04 E.04709
G1 X139.26 Y136.04 E.02474
G1 F3600
G1 X106.84 Y136.04 E.96629
G1 X106.21 Y136.04 E.01878
G1 X106.21 Y134.5 E.0459
G1 E-.728 F1800
;WIPE_START
G1 F30000
G1 X107.41 Y134.499 E-.072
;WIPE_END
G1 X106.806 Y135.25 Z9.2
G1 Z8.8
G1 E.8 F1800
SET_VELOCITY_LIMIT ACCEL=10000
;TYPE:Gap infill
;WIDTH:0.431684
G1 F15000
G1 X139.494 Y135.25 E1.00449
G1 E-.728 F1800
;WIPE_START
G1 F30000
G1 X138.294 Y135.25 E-.072
;WIPE_END
G1 X132.647 Y130.116 Z9.2
G1 X28.298 Y35.252 Z9.2
G1 Z8.8
G1 E.8 F1800
;TYPE:Inner wall
;WIDTH:0.45
G1 F6000
G1 X28.298 Y35.648 E.01274
G1 X6.602 Y35.648 E.6981
G1 X6.602 Y35.252 E.01274
G1 X28.258 Y35.252 E.69681
SET_VELOCITY_LIMIT ACCEL=5000
G1 X28.69 Y34.86 F30000
;TYPE:Outer wall
;WIDTH:0.42
G1 F3600
G1 X28.69 Y36.04 E.03517
G1 X6.21 Y36.04 E.67003
G1 X6.21 Y34.86 E.03517
G1 X28.65 Y34.86 E.66883
G1 E-.728 F1800
;WIPE_START
G1 F30000
G1 X28.69 Y36.04 E-.07084
G1 X28.671 Y36.04 E-.00116
;WIPE_END
G1 X27.007 Y43.489 Z9.2
G1 X6.602 Y134.852 Z9.2
G1 Z8.8
M73 P88 R7
G1 E.8 F1800
SET_VELOCITY_LIMIT ACCEL=10000
;TYPE:Inner wall
;WIDTH:0.45
G1 F6000
G1 X39.698 Y134.852 E1.06491
G1 X39.698 Y135.648 E.02561
G1 X6.602 Y135.648 E1.06491
G1 X6.602 Y134.892 E.02432
SET_VELOCITY_LIMIT ACCEL=5000
G1 X6.21 Y134.46 F30000
;TYPE:Outer wall
;WIDTH:0.42
G1 F3600
G1 X6.84 Y134.46 E.01878
G1 X39.26 Y134.46 E.96629
G1 F3060
G1 X40.09 Y134.46 E.02474
G1 X40.09 Y136.04 E.04709
G1 X39.26 Y136.04 E.02474
G1 F3600
G1 X6.84 Y136.04 E.96629
G1 X6.21 Y136.04 E.01878
G1 X6.21 Y134.5 E.0459
G1 E-.728 F1800
;WIPE_START
G1 F30000
G1 X7.41 Y134.499 E-.072
;WIPE_END
G1 X6.806 Y135.25 Z9.2
G1 Z8.8
G1 E.8 F1800
SET_VELOCITY_LIMIT ACCEL=10000
;TYPE:Gap infill
;WIDTH:0.431684
G1 F15000
G1 X39.494 Y135.25 E1.00449
G1 E-.728 F1800
;WIPE_START
G1 F30000
G1 X38.294 Y135.25 E-.072
;WIPE_END
G1 X45.927 Y135.194 Z9.2
G1 X92.598 Y134.852 Z9.2
G1 Z8.8
G1 E.8 F1800
;TYPE:Inner wall
;WIDTH:0.45
G1 F6000
G1 X92.598 Y135.648 E.02561
G1 X59.502 Y135.648 E1.06491
G1 X59.502 Y134.852 E.02561
G1 X92.558 Y134.852 E1.06363
SET_VELOCITY_LIMIT ACCEL=5000
G1 X92.99 Y134.46 F30000
;TYPE:Outer wall
;WIDTH:0.42
G1 F3600
G1 X92.99 Y136.04 E.04709
G1 X92.36 Y136.04 E.01878
G1 X59.94 Y136.04 E.96629
G1 F3060
G1 X59.11 Y136.04 E.02474
G1 X59.11 Y134.46 E.04709
G1 X59.94 Y134.46 E.02474
G1 F3600
G1 X92.32 Y134.46 E.9651
G1 X92.95 Y134.46 E.01878
G1 E-.728 F1800
;WIPE_START
G1 F30000
G1 X92.98 Y135.66 E-.072
;WIPE_END
G1 X92.394 Y135.25 Z9.2
G1 Z8.8
G1 E.8 F1800
SET_VELOCITY_LIMIT ACCEL=10000
;TYPE:Gap infill
;WIDTH:0.431684
G1 F15000
G1 X59.706 Y135.25 E1.00449
;LAYER_CHANGE
;Z:9
;HEIGHT:0.2
;BEFORE_LAYER_CHANGE
;9
G92 E0

G1 E-.728 F1800
;WIPE_START
G1 F30000
G1 X60.906 Y135.25 E-.072
;WIPE_END
M73 L45
;LAYER:45
SET_PRINT_STATS_INFO TOTAL_LAYER=80 CURRENT_LAYER=45
;_SET_FAN_SPEED_CHANGING_LAYER

G1 X61.9185 Y134.951 Z9.05714
G1 X62.7836 Y135.557 Z9.11429
G1 X62.8496 Y136.611 Z9.17143
G1 X62.0666 Y137.319 Z9.22857
G1 X61.0244 Y137.149 Z9.28571
G1 X60.5077 Y136.228 Z9.34286
G1 X60.9056 Y135.25 Z9.4
G1 X170.51 Y36.04 Z9.4
G1 Z9
G1 E.8 F1800
SET_VELOCITY_LIMIT ACCEL=5000
;TYPE:Outer wall
;WIDTH:0.42
G1 F3600
G1 X170.51 Y34.86 E.03517
G1 X192.99 Y34.86 E.67003
G1 X192.99 Y36.04 E.03517
G1 X170.55 Y36.04 E.66883
G1 E-.728 F1800
;WIPE_START
G1 F30000
G1 X170.51 Y34.86 E-.07084
G1 X170.529 Y34.86 E-.00116
;WIPE_END
G1 X178.161 Y34.927 Z9.4
G1 X192.037 Y35.049 Z9.4
G1 Z9
G1 E.8 F1800
SET_VELOCITY_LIMIT ACCEL=2000
;TYPE:Top surface
;WIDTH:0.420831
G1 F12000
G1 X192.801 Y35.813 E.03518
G1 X192.306 Y35.851 F30000
G1 F12000
G1 X191.503 Y35.049 E.03697
G1 X190.969 Y35.049 F30000
G1 F12000
G1 X191.771 Y35.851 E.03697
G1 X191.237 Y35.851 F30000
G1 F12000
G1 X190.434 Y35.049 E.03697
G1 X189.9 Y35.049 F30000
G1 F12000
G1 X190.703 Y35.851 E.03697
G1 X190.168 Y35.851 F30000
G1 F12000
G1 X189.365 Y35.049 E.03697
G1 X188.831 Y35.049 F30000
G1 F12000
G1 X189.634 Y35.851 E.03697
G1 X189.099 Y35.851 F30000
G1 F12000
G1 X188.296 Y35.049 E.03697
G1 X187.762 Y35.049 F30000
G1 F12000
G1 X188.565 Y35.851 E.03697
G1 X188.03 Y35.851 F30000
G1 F12000
G1 X187.227 Y35.049 E.03697
G1 X186.693 Y35.049 F30000
G1 F12000
G1 X187.496 Y35.851 E.03697
G1 X186.961 Y35.851 F30000
G1 F12000
G1 X186.159 Y35.049 E.03697
G1 X185.624 Y35.049 F30000
G1 F12000
G1 X186.427 Y35.851 E.03697
G1 X185.893 Y35.851 F30000
G1 F12000
G1 X185.09 Y35.049 E.03697
G1 X184.555 Y35.049 F30000
G1 F12000
G1 X185.358 Y35.851 E.03697
G1 X184.824 Y35.851 F30000
G1 F12000
G1 X184.021 Y35.049 E.03697
G1 X183.486 Y35.049 F30000
G1 F12000
G1 X184.289 Y35.851 E.03697
G1 X183.755 Y35.851 F30000
G1 F12000
G1 X182.952 Y35.049 E.03697
G1 X182.417 Y35.049 F30000
G1 F12000
G1 X183.22 Y35.851 E.03697
G1 X182.686 Y35.851 F30000
G1 F12000
G1 X181.883 Y35.049 E.03697
G1 X181.348 Y35.049 F30000
G1 F12000
G1 X182.151 Y35.851 E.03697
G1 X181.617 Y35.851 F30000
G1 F12000
G1 X180.814 Y35.049 E.03697
G1 X180.28 Y35.049 F30000
G1 F12000
G1 X181.083 Y35.851 E.03697
G1 X180.548 Y35.851 F30000
G1 F12000
G1 X179.745 Y35.049 E.03697
G1 X179.211 Y35.049 F30000
G1 F12000
G1 X180.014 Y35.851 E.03697
G1 X179.479 Y35.851 F30000
G1 F12000
G1 X178.676 Y35.049 E.03697
G1 X178.142 Y35.049 F30000
G1 F12000
G1 X178.945 Y35.851 E.03697
G1 X178.41 Y35.851 F30000
G1 F12000
G1 X177.607 Y35.049 E.03697
G1 X177.073 Y35.049 F30000
G1 F12000
G1 X177.876 Y35.851 E.03697
G1 X177.341 Y35.851 F30000
G1 F12000
G1 X176.538 Y35.049 E.03697
G1 X176.004 Y35.049 F30000
G1 F12000
G1 X176.807 Y35.851 E.03697
G1 X176.272 Y35.851 F30000
G1 F12000
G1 X175.47 Y35.049 E.03697
G1 X174.935 Y35.049 F30000
G1 F12000
G1 X175.738 Y35.851 E.03697
G1 X175.204 Y35.851 F30000
G1 F12000
G1 X174.401 Y35.049 E.03697
G1 X173.866 Y35.049 F30000
G1 F12000
G1 X174.669 Y35.851 E.03697
G1 X174.135 Y35.851 F30000
G1 F12000
G1 X173.332 Y35.049 E.03697
G1 X172.797 Y35.049 F30000
G1 F12000
G1 X173.6 Y35.851 E.03697
G1 X173.066 Y35.851 F30000
G1 F12000
G1 X172.263 Y35.049 E.03697
G1 X171.728 Y35.049 F30000
G1 F12000
G1 X172.531 Y35.851 E.03697
G1 X171.997 Y35.851 F30000
G1 F12000
G1 X171.194 Y35.049 E.03697
G1 X170.699 Y35.088 F30000
G1 F12000
G1 X171.462 Y35.851 E.03518
G1 E-.73518 F1800
;WIPE_START
G1 F30000
G1 X170.699 Y35.088 E-.06482
;WIPE_END
G1 X172.335 Y42.542 Z9.4
G1 X192.598 Y134.852 Z9.4
G1 Z9
G1 E.8 F1800
SET_VELOCITY_LIMIT ACCEL=10000
;TYPE:Inner wall
;WIDTH:0.45
G1 F6000
G1 X192.598 Y135.648 E.02561
G1 X159.302 Y135.648 E1.07135
G1 X159.302 Y134.852 E.02561
G1 X192.558 Y134.852 E1.07006
SET_VELOCITY_LIMIT ACCEL=5000
G1 X192.99 Y134.46 F30000
;TYPE:Outer wall
;WIDTH:0.42
G1 F3600
G1 X192.99 Y136.04 E.04709
G1 X192.36 Y136.04 E.01878
G1 X159.74 Y136.04 E.97225
G1 F3060
G1 X158.91 Y136.04 E.02474
G1 X158.91 Y134.46 E.04709
G1 X159.74 Y134.46 E.02474
G1 F3600
G1 X192.32 Y134.46 E.97106
G1 X192.95 Y134.46 E.01878
G1 E-.728 F1800
;WIPE_START
G1 F30000
G1 X192.98 Y135.66 E-.072
;WIPE_END
G1 X192.394 Y135.25 Z9.4
G1 Z9
G1 E.8 F1800
SET_VELOCITY_LIMIT ACCEL=10000
;TYPE:Gap infill
;WIDTH:0.431684
G1 F15000
G1 X159.506 Y135.25 E1.01064
G1 E-.728 F1800
;WIPE_START
G1 F30000
G1 X160.706 Y135.25 E-.072
;WIPE_END
G1 X153.073 Y135.194 Z9.4
G1 X106.602 Y134.852 Z9.4
G1 Z9
G1 E.8 F1800
;TYPE:Inner wall
;WIDTH:0.45
G1 F6000
G1 X139.898 Y134.852 E1.07135
G1 X139.898 Y135.648 E.02561
G1 X106.602 Y135.648 E1.07135
G1 X106.602 Y134.892 E.02432
SET_VELOCITY_LIMIT ACCEL=5000
G1 X106.21 Y134.46 F30000
;TYPE:Outer wall
;WIDTH:0.42
G1 F3600
G1 X106.84 Y134.46 E.01878
G1 X139.46 Y134.46 E.97225
G1 F3060
G1 X140.29 Y134.46 E.02474
G1 X140.29 Y136.04 E.04709
G1 X139.46 Y136.04 E.02474
G1 F3600
G1 X106.84 Y136.04 E.97225
G1 X106.21 Y136.04 E.01878
G1 X106.21 Y134.5 E.0459
G1 E-.728 F1800
;WIPE_START
G1 F30000
G1 X107.41 Y134.499 E-.072
;WIPE_END
G1 X106.806 Y135.25 Z9.4
G1 Z9
G1 E.8 F1800
SET_VELOCITY_LIMIT ACCEL=10000
;TYPE:Gap infill
;WIDTH:0.431684
G1 F15000
G1 X139.694 Y135.25 E1.01064
G1 E-.728 F1800
;WIPE_START
G1 F30000
G1 X138.494 Y135.25 E-.072
;WIPE_END
G1 X132.861 Y130.1 Z9.4
G1 X28.69 Y34.86 Z9.4
G1 Z9
G1 E.8 F1800
SET_VELOCITY_LIMIT ACCEL=5000
;TYPE:Outer wall
;WIDTH:0.42
G1 F3600
G1 X28.69 Y36.04 E.03517
G1 X6.21 Y36.04 E.67003
G1 X6.21 Y34.86 E.03517
G1 X28.65 Y34.86 E.66883
G1 E-.728 F1800
;WIPE_START
G1 F30000
G1 X28.69 Y36.04 E-.07084
G1 X28.671 Y36.04 E-.00116
;WIPE_END
G1 X27.737 Y35.049 Z9.4
G1 Z9
G1 E.8 F1800
SET_VELOCITY_LIMIT ACCEL=2000
;TYPE:Top surface
;WIDTH:0.420831
G1 F12000
G1 X28.501 Y35.813 E.03518
G1 X28.006 Y35.851 F30000
G1 F12000
G1 X27.203 Y35.049 E.03697
G1 X26.669 Y35.049 F30000
G1 F12000
G1 X27.471 Y35.851 E.03697
G1 X26.937 Y35.851 F30000
G1 F12000
G1 X26.134 Y35.049 E.03697
G1 X25.6 Y35.049 F30000
G1 F12000
G1 X26.403 Y35.851 E.03697
G1 X25.868 Y35.851 F30000
G1 F12000
G1 X25.065 Y35.049 E.03697
G1 X24.531 Y35.049 F30000
G1 F12000
G1 X25.334 Y35.851 E.03697
G1 X24.799 Y35.851 F30000
G1 F12000
G1 X23.996 Y35.049 E.03697
G1 X23.462 Y35.049 F30000
G1 F12000
G1 X24.265 Y35.851 E.03697
G1 X23.73 Y35.851 F30000
G1 F12000
G1 X22.927 Y35.049 E.03697
G1 X22.393 Y35.049 F30000
G1 F12000
G1 X23.196 Y35.851 E.03697
G1 X22.661 Y35.851 F30000
G1 F12000
G1 X21.859 Y35.049 E.03697
G1 X21.324 Y35.049 F30000
G1 F12000
G1 X22.127 Y35.851 E.03697
G1 X21.593 Y35.851 F30000
G1 F12000
G1 X20.79 Y35.049 E.03697
G1 X20.255 Y35.049 F30000
G1 F12000
G1 X21.058 Y35.851 E.03697
G1 X20.524 Y35.851 F30000
G1 F12000
G1 X19.721 Y35.049 E.03697
G1 X19.186 Y35.049 F30000
G1 F12000
G1 X19.989 Y35.851 E.03697
G1 X19.455 Y35.851 F30000
G1 F12000
G1 X18.652 Y35.049 E.03697
G1 X18.117 Y35.049 F30000
G1 F12000
G1 X18.92 Y35.851 E.03697
G1 X18.386 Y35.851 F30000
G1 F12000
G1 X17.583 Y35.049 E.03697
G1 X17.048 Y35.049 F30000
G1 F12000
G1 X17.851 Y35.851 E.03697
G1 X17.317 Y35.851 F30000
G1 F12000
G1 X16.514 Y35.049 E.03697
G1 X15.98 Y35.049 F30000
G1 F12000
G1 X16.783 Y35.851 E.03697
G1 X16.248 Y35.851 F30000
G1 F12000
G1 X15.445 Y35.049 E.03697
G1 X14.911 Y35.049 F30000
G1 F12000
G1 X15.714 Y35.851 E.03697
G1 X15.179 Y35.851 F30000
G1 F12000
G1 X14.376 Y35.049 E.03697
G1 X13.842 Y35.049 F30000
G1 F12000
G1 X14.645 Y35.851 E.03697
G1 X14.11 Y35.851 F30000
G1 F12000
G1 X13.307 Y35.049 E.03697
G1 X12.773 Y35.049 F30000
G1 F12000
G1 X13.576 Y35.851 E.03697
G1 X13.041 Y35.851 F30000
G1 F12000
G1 X12.238 Y35.049 E.03697
G1 X11.704 Y35.049 F30000
G1 F12000
G1 X12.507 Y35.851 E.03697
G1 X11.972 Y35.851 F30000
G1 F12000
G1 X11.17 Y35.049 E.03697
G1 X10.635 Y35.049 F30000
G1 F12000
G1 X11.438 Y35.851 E.03697
G1 X10.904 Y35.851 F30000
G1 F12000
G1 X10.101 Y35.049 E.03697
G1 X9.566 Y35.049 F30000
G1 F12000
G1 X10.369 Y35.851 E.03697
G1 X9.835 Y35.851 F30000
G1 F12000
G1 X9.032 Y35.049 E.03697
G1 X8.497 Y35.049 F30000
G1 F12000
G1 X9.3 Y35.851 E.03697
G1 X8.766 Y35.851 F30000
G1 F12000
G1 X7.963 Y35.049 E.03697
G1 X7.428 Y35.049 F30000
G1 F12000
G1 X8.231 Y35.851 E.03697
G1 X7.697 Y35.851 F30000
G1 F12000
G1 X6.894 Y35.049 E.03697
G1 X6.399 Y35.088 F30000
G1 F12000
G1 X7.162 Y35.851 E.03518
G1 E-.73518 F1800
;WIPE_START
G1 F30000
G1 X6.399 Y35.088 E-.06482
;WIPE_END
G1 X6.414 Y42.72 Z9.4
G1 X6.602 Y134.852 Z9.4
G1 Z9
G1 E.8 F1800
SET_VELOCITY_LIMIT ACCEL=10000
;TYPE:Inner wall
;WIDTH:0.45
G1 F6000
G1 X39.898 Y134.852 E1.07135
G1 X39.898 Y135.648 E.02561
G1 X6.602 Y135.648 E1.07135
G1 X6.602 Y134.892 E.02432
SET_VELOCITY_LIMIT ACCEL=5000
G1 X6.21 Y134.46 F30000
;TYPE:Outer wall
;WIDTH:0.42
G1 F3600
G1 X6.84 Y134.46 E.01878
G1 X39.46 Y134.46 E.97225
G1 F3060
G1 X40.29 Y134.46 E.02474
G1 X40.29 Y136.04 E.04709
G1 X39.46 Y136.04 E.02474
G1 F3600
G1 X6.84 Y136.04 E.97225
G1 X6.21 Y136.04 E.01878
G1 X6.21 Y134.5 E.0459
G1 E-.728 F1800
;WIPE_START
G1 F30000
G1 X7.41 Y134.499 E-.072
;WIPE_END
G1 X6.806 Y135.25 Z9.4
G1 Z9
G1 E.8 F1800
SET_VELOCITY_LIMIT ACCEL=10000
;TYPE:Gap infill
;WIDTH:0.431684
G1 F15000
G1 X39.694 Y135.25 E1.01064
G1 E-.728 F1800
;WIPE_START
G1 F30000
G1 X38.494 Y135.25 E-.072
;WIPE_END
G1 X46.127 Y135.194 Z9.4
G1 X92.598 Y134.852 Z9.4
G1 Z9
G1 E.8 F1800
;TYPE:Inner wall
;WIDTH:0.45
G1 F6000
G1 X92.598 Y135.648 E.02561
G1 X59.302 Y135.648 E1.07135
G1 X59.302 Y134.852 E.02561
G1 X92.558 Y134.852 E1.07006
SET_VELOCITY_LIMIT ACCEL=5000
G1 X92.99 Y134.46 F30000
;TYPE:Outer wall
;WIDTH:0.42
G1 F3600
G1 X92.99 Y136.04 E.04709
G1 X92.36 Y136.04 E.01878
G1 X59.74 Y136.04 E.97225
G1 F3060
G1 X58.91 Y136.04 E.02474
G1 X58.91 Y134.46 E.04709
G1 X59.74 Y134.46 E.02474
G1 F3600
G1 X92.32 Y134.46 E.97106
G1 X92.95 Y134.46 E.01878
G1 E-.728 F1800
;WIPE_START
G1 F30000
G1 X92.98 Y135.66 E-.072
;WIPE_END
G1 X92.394 Y135.25 Z9.4
G1 Z9
G1 E.8 F1800
SET_VELOCITY_LIMIT ACCEL=10000
;TYPE:Gap infill
;WIDTH:0.431684
G1 F15000
G1 X59.506 Y135.25 E1.01064
M106 S245
;LAYER_CHANGE
;Z:9.2
;HEIGHT:0.2
;BEFORE_LAYER_CHANGE
;9.2
G92 E0

G1 E-.728 F1800
;WIPE_START
G1 F30000
G1 X60.706 Y135.25 E-.072
;WIPE_END
M73 L46
;LAYER:46
SET_PRINT_STATS_INFO TOTAL_LAYER=80 CURRENT_LAYER=46
;_SET_FAN_SPEED_CHANGING_LAYER

G1 X61.6585 Y135.705 Z9.25714
G1 X61.8966 Y136.734 Z9.31429
G1 X61.2406 Y137.562 Z9.37143
G1 X60.1846 Y137.565 Z9.42857
G1 X59.5237 Y136.741 Z9.48571
G1 X59.7555 Y135.711 Z9.54286
G1 X60.7056 Y135.25 Z9.6
G1 X192.598 Y134.852 Z9.6
G1 Z9.2
G1 E.8 F1800
;TYPE:Inner wall
;WIDTH:0.45
G1 F6000
G1 X192.598 Y135.648 E.02561
G1 X159.102 Y135.648 E1.07778
G1 X159.102 Y134.852 E.02561
G1 X192.558 Y134.852 E1.0765
SET_VELOCITY_LIMIT ACCEL=5000
G1 X192.99 Y134.46 F30000
;TYPE:Outer wall
;WIDTH:0.42
G1 F3600
G1 X192.99 Y136.04 E.04709
G1 X192.36 Y136.04 E.01878
G1 X159.54 Y136.04 E.97821
G1 F3060
G1 X158.71 Y136.04 E.02474
G1 X158.71 Y134.46 E.04709
G1 X159.54 Y134.46 E.02474
G1 F3600
G1 X192.32 Y134.46 E.97702
G1 X192.95 Y134.46 E.01878
G1 E-.728 F1800
;WIPE_START
G1 F30000
G1 X192.98 Y135.66 E-.072
;WIPE_END
G1 X192.394 Y135.25 Z9.6
G1 Z9.2
G1 E.8 F1800
SET_VELOCITY_LIMIT ACCEL=10000
;TYPE:Gap infill
;WIDTH:0.431684
G1 F15000
G1 X159.306 Y135.25 E1.01678
G1 E-.728 F1800
;WIPE_START
G1 F30000
G1 X160.506 Y135.25 E-.072
;WIPE_END
G1 X152.873 Y135.194 Z9.6
G1 X106.602 Y134.852 Z9.6
G1 Z9.2
G1 E.8 F1800
;TYPE:Inner wall
;WIDTH:0.45
G1 F6000
G1 X140.098 Y134.852 E1.07779
G1 X140.098 Y135.648 E.02561
G1 X106.602 Y135.648 E1.07779
G1 X106.602 Y134.892 E.02432
SET_VELOCITY_LIMIT ACCEL=5000
G1 X106.21 Y134.46 F30000
;TYPE:Outer wall
;WIDTH:0.42
G1 F3600
G1 X106.84 Y134.46 E.01878
G1 X139.66 Y134.46 E.97821
G1 F3060
G1 X140.49 Y134.46 E.02474
G1 X140.49 Y136.04 E.04709
G1 X139.66 Y136.04 E.02474
G1 F3600
G1 X106.84 Y136.04 E.97821
G1 X106.21 Y136.04 E.01878
G1 X106.21 Y134.5 E.0459
G1 E-.728 F1800
;WIPE_START
G1 F30000
G1 X107.41 Y134.499 E-.072
;WIPE_END
G1 X106.806 Y135.25 Z9.6
G1 Z9.2
G1 E.8 F1800
SET_VELOCITY_LIMIT ACCEL=10000
;TYPE:Gap infill
;WIDTH:0.431684
G1 F15000
G1 X139.894 Y135.25 E1.01678
G1 E-.728 F1800
;WIPE_START
G1 F30000
G1 X138.694 Y135.25 E-.072
;WIPE_END
G1 X131.062 Y135.184 Z9.6
G1 X92.598 Y134.852 Z9.6
G1 Z9.2
G1 E.8 F1800
;TYPE:Inner wall
;WIDTH:0.45
G1 F6000
G1 X92.598 Y135.648 E.02561
G1 X59.102 Y135.648 E1.07778
G1 X59.102 Y134.852 E.02561
G1 X92.558 Y134.852 E1.0765
SET_VELOCITY_LIMIT ACCEL=5000
G1 X92.99 Y134.46 F30000
;TYPE:Outer wall
;WIDTH:0.42
G1 F3600
G1 X92.99 Y136.04 E.04709
G1 X92.36 Y136.04 E.01878
G1 X59.54 Y136.04 E.97821
G1 F3060
G1 X58.71 Y136.04 E.02474
G1 X58.71 Y134.46 E.04709
G1 X59.54 Y134.46 E.02474
G1 F3600
G1 X92.32 Y134.46 E.97702
G1 X92.95 Y134.46 E.01878
M73 P88 R6
G1 E-.728 F1800
;WIPE_START
G1 F30000
G1 X92.98 Y135.66 E-.072
;WIPE_END
G1 X92.394 Y135.25 Z9.6
G1 Z9.2
G1 E.8 F1800
SET_VELOCITY_LIMIT ACCEL=10000
;TYPE:Gap infill
;WIDTH:0.431684
G1 F15000
G1 X59.306 Y135.25 E1.01678
G1 E-.728 F1800
;WIPE_START
G1 F30000
G1 X60.506 Y135.25 E-.072
;WIPE_END
G1 X52.873 Y135.194 Z9.6
G1 X6.602 Y134.852 Z9.6
G1 Z9.2
G1 E.8 F1800
;TYPE:Inner wall
;WIDTH:0.45
G1 F6000
G1 X40.098 Y134.852 E1.07779
G1 X40.098 Y135.648 E.02561
G1 X6.602 Y135.648 E1.07779
G1 X6.602 Y134.892 E.02432
SET_VELOCITY_LIMIT ACCEL=5000
G1 X6.21 Y134.46 F30000
;TYPE:Outer wall
;WIDTH:0.42
G1 F3600
G1 X6.84 Y134.46 E.01878
G1 X39.66 Y134.46 E.97821
G1 F3060
G1 X40.49 Y134.46 E.02474
G1 X40.49 Y136.04 E.04709
G1 X39.66 Y136.04 E.02474
G1 F3600
G1 X6.84 Y136.04 E.97821
G1 X6.21 Y136.04 E.01878
G1 X6.21 Y134.5 E.0459
G1 E-.728 F1800
;WIPE_START
G1 F30000
G1 X7.41 Y134.499 E-.072
;WIPE_END
G1 X6.806 Y135.25 Z9.6
G1 Z9.2
G1 E.8 F1800
SET_VELOCITY_LIMIT ACCEL=10000
;TYPE:Gap infill
;WIDTH:0.431684
G1 F15000
G1 X39.894 Y135.25 E1.01678
;LAYER_CHANGE
;Z:9.4
;HEIGHT:0.2
;BEFORE_LAYER_CHANGE
;9.4
G92 E0

G1 E-.728 F1800
;WIPE_START
G1 F30000
G1 X38.694 Y135.25 E-.072
;WIPE_END
M73 L47
;LAYER:47
SET_PRINT_STATS_INFO TOTAL_LAYER=80 CURRENT_LAYER=47
;_SET_FAN_SPEED_CHANGING_LAYER

G1 X39.647 Y135.706 Z9.45714
G1 X39.8847 Y136.735 Z9.51429
G1 X39.2284 Y137.562 Z9.57143
G1 X38.1723 Y137.565 Z9.62857
G1 X37.5118 Y136.741 Z9.68571
G1 X37.7441 Y135.711 Z9.74286
G1 X38.6944 Y135.25 Z9.8
G1 X192.598 Y134.852 Z9.8
G1 Z9.4
G1 E.8 F1800
;TYPE:Inner wall
;WIDTH:0.45
G1 F6000
G1 X192.598 Y135.648 E.02561
G1 X158.902 Y135.648 E1.08422
G1 X158.902 Y134.852 E.02561
G1 X192.558 Y134.852 E1.08293
SET_VELOCITY_LIMIT ACCEL=5000
G1 X192.99 Y134.46 F30000
;TYPE:Outer wall
;WIDTH:0.42
G1 F3600
G1 X192.99 Y136.04 E.04709
G1 X192.36 Y136.04 E.01878
G1 X159.34 Y136.04 E.98417
G1 F3060
M73 P89 R6
G1 X158.51 Y136.04 E.02474
G1 X158.51 Y134.46 E.04709
G1 X159.34 Y134.46 E.02474
G1 F3600
G1 X192.32 Y134.46 E.98298
G1 X192.95 Y134.46 E.01878
G1 E-.728 F1800
;WIPE_START
G1 F30000
G1 X192.98 Y135.66 E-.072
;WIPE_END
G1 X192.394 Y135.25 Z9.8
G1 Z9.4
G1 E.8 F1800
SET_VELOCITY_LIMIT ACCEL=10000
;TYPE:Gap infill
;WIDTH:0.431684
G1 F15000
G1 X159.106 Y135.25 E1.02293
G1 E-.728 F1800
;WIPE_START
G1 F30000
G1 X160.306 Y135.25 E-.072
;WIPE_END
G1 X152.673 Y135.193 Z9.8
G1 X106.602 Y134.852 Z9.8
G1 Z9.4
G1 E.8 F1800
;TYPE:Inner wall
;WIDTH:0.45
G1 F6000
G1 X140.298 Y134.852 E1.08422
G1 X140.298 Y135.648 E.02561
G1 X106.602 Y135.648 E1.08422
G1 X106.602 Y134.892 E.02432
SET_VELOCITY_LIMIT ACCEL=5000
G1 X106.21 Y134.46 F30000
;TYPE:Outer wall
;WIDTH:0.42
G1 F3600
G1 X106.84 Y134.46 E.01878
G1 X139.86 Y134.46 E.98417
G1 F3060
G1 X140.69 Y134.46 E.02474
G1 X140.69 Y136.04 E.04709
G1 X139.86 Y136.04 E.02474
G1 F3600
G1 X106.84 Y136.04 E.98417
G1 X106.21 Y136.04 E.01878
G1 X106.21 Y134.5 E.0459
G1 E-.728 F1800
;WIPE_START
G1 F30000
G1 X107.41 Y134.499 E-.072
;WIPE_END
G1 X106.806 Y135.25 Z9.8
G1 Z9.4
G1 E.8 F1800
SET_VELOCITY_LIMIT ACCEL=10000
;TYPE:Gap infill
;WIDTH:0.431684
G1 F15000
G1 X140.094 Y135.25 E1.02293
G1 E-.728 F1800
;WIPE_START
G1 F30000
G1 X138.894 Y135.25 E-.072
;WIPE_END
G1 X131.262 Y135.184 Z9.8
G1 X92.598 Y134.852 Z9.8
G1 Z9.4
G1 E.8 F1800
;TYPE:Inner wall
;WIDTH:0.45
G1 F6000
G1 X92.598 Y135.648 E.02561
G1 X58.902 Y135.648 E1.08422
G1 X58.902 Y134.852 E.02561
G1 X92.558 Y134.852 E1.08293
SET_VELOCITY_LIMIT ACCEL=5000
G1 X92.99 Y134.46 F30000
;TYPE:Outer wall
;WIDTH:0.42
G1 F3600
G1 X92.99 Y136.04 E.04709
G1 X92.36 Y136.04 E.01878
G1 X59.34 Y136.04 E.98417
G1 F3060
G1 X58.51 Y136.04 E.02474
G1 X58.51 Y134.46 E.04709
G1 X59.34 Y134.46 E.02474
G1 F3600
G1 X92.32 Y134.46 E.98298
G1 X92.95 Y134.46 E.01878
G1 E-.728 F1800
;WIPE_START
G1 F30000
G1 X92.98 Y135.66 E-.072
;WIPE_END
G1 X92.394 Y135.25 Z9.8
G1 Z9.4
G1 E.8 F1800
SET_VELOCITY_LIMIT ACCEL=10000
;TYPE:Gap infill
;WIDTH:0.431684
G1 F15000
G1 X59.106 Y135.25 E1.02293
G1 E-.728 F1800
;WIPE_START
G1 F30000
G1 X60.306 Y135.25 E-.072
;WIPE_END
G1 X52.673 Y135.193 Z9.8
G1 X6.602 Y134.852 Z9.8
G1 Z9.4
G1 E.8 F1800
;TYPE:Inner wall
;WIDTH:0.45
G1 F6000
G1 X40.298 Y134.852 E1.08422
G1 X40.298 Y135.648 E.02561
G1 X6.602 Y135.648 E1.08422
G1 X6.602 Y134.892 E.02432
SET_VELOCITY_LIMIT ACCEL=5000
G1 X6.21 Y134.46 F30000
;TYPE:Outer wall
;WIDTH:0.42
G1 F3600
G1 X6.84 Y134.46 E.01878
G1 X39.86 Y134.46 E.98417
G1 F3060
G1 X40.69 Y134.46 E.02474
G1 X40.69 Y136.04 E.04709
G1 X39.86 Y136.04 E.02474
G1 F3600
G1 X6.84 Y136.04 E.98417
G1 X6.21 Y136.04 E.01878
G1 X6.21 Y134.5 E.0459
G1 E-.728 F1800
;WIPE_START
G1 F30000
G1 X7.41 Y134.499 E-.072
;WIPE_END
G1 X6.806 Y135.25 Z9.8
G1 Z9.4
G1 E.8 F1800
SET_VELOCITY_LIMIT ACCEL=10000
;TYPE:Gap infill
;WIDTH:0.431684
G1 F15000
G1 X40.094 Y135.25 E1.02293
;LAYER_CHANGE
;Z:9.6
;HEIGHT:0.200001
;BEFORE_LAYER_CHANGE
;9.6
G92 E0

G1 E-.728 F1800
;WIPE_START
G1 F30000
G1 X38.894 Y135.25 E-.072
;WIPE_END
M73 L48
;LAYER:48
SET_PRINT_STATS_INFO TOTAL_LAYER=80 CURRENT_LAYER=48
;_SET_FAN_SPEED_CHANGING_LAYER

G1 X39.847 Y135.706 Z9.65714
G1 X40.0847 Y136.735 Z9.71429
G1 X39.4284 Y137.562 Z9.77143
G1 X38.3724 Y137.565 Z9.82857
G1 X37.7118 Y136.741 Z9.88571
G1 X37.9441 Y135.711 Z9.94286
G1 X38.8944 Y135.25 Z10
G1 X192.598 Y134.852 Z10
G1 Z9.6
G1 E.8 F1800
;TYPE:Inner wall
;WIDTH:0.45
G1 F6000
G1 X192.598 Y135.648 E.02561
G1 X158.702 Y135.648 E1.09066
G1 X158.702 Y134.852 E.02561
G1 X192.558 Y134.852 E1.08937
SET_VELOCITY_LIMIT ACCEL=5000
G1 X192.99 Y134.46 F30000
;TYPE:Outer wall
;WIDTH:0.42
G1 F3600
G1 X192.99 Y136.04 E.04709
G1 X192.36 Y136.04 E.01878
G1 X159.14 Y136.04 E.99014
G1 F3060
G1 X158.31 Y136.04 E.02474
G1 X158.31 Y134.46 E.04709
G1 X159.14 Y134.46 E.02474
G1 F3600
G1 X192.32 Y134.46 E.98894
G1 X192.95 Y134.46 E.01878
G1 E-.728 F1800
;WIPE_START
G1 F30000
G1 X192.98 Y135.66 E-.072
;WIPE_END
G1 X192.394 Y135.25 Z10
G1 Z9.6
G1 E.8 F1800
SET_VELOCITY_LIMIT ACCEL=10000
;TYPE:Gap infill
;WIDTH:0.431684
G1 F15000
G1 X158.906 Y135.25 E1.02907
G1 E-.728 F1800
;WIPE_START
G1 F30000
G1 X160.106 Y135.25 E-.072
;WIPE_END
G1 X152.473 Y135.193 Z10
G1 X106.602 Y134.852 Z10
G1 Z9.6
G1 E.8 F1800
;TYPE:Inner wall
;WIDTH:0.45
G1 F6000
G1 X140.498 Y134.852 E1.09066
G1 X140.498 Y135.648 E.02561
G1 X106.602 Y135.648 E1.09066
G1 X106.602 Y134.892 E.02432
SET_VELOCITY_LIMIT ACCEL=5000
G1 X106.21 Y134.46 F30000
;TYPE:Outer wall
;WIDTH:0.42
G1 F3600
G1 X106.84 Y134.46 E.01878
G1 X140.06 Y134.46 E.99014
G1 F3060
G1 X140.89 Y134.46 E.02474
G1 X140.89 Y136.04 E.04709
G1 X140.06 Y136.04 E.02474
G1 F3600
G1 X106.84 Y136.04 E.99014
G1 X106.21 Y136.04 E.01878
G1 X106.21 Y134.5 E.0459
G1 E-.728 F1800
;WIPE_START
G1 F30000
G1 X107.41 Y134.499 E-.072
;WIPE_END
G1 X106.806 Y135.25 Z10
G1 Z9.6
G1 E.8 F1800
SET_VELOCITY_LIMIT ACCEL=10000
;TYPE:Gap infill
;WIDTH:0.431684
G1 F15000
G1 X140.294 Y135.25 E1.02908
G1 E-.728 F1800
;WIPE_START
G1 F30000
G1 X139.094 Y135.25 E-.072
;WIPE_END
G1 X131.462 Y135.185 Z10
G1 X92.598 Y134.852 Z10
G1 Z9.6
G1 E.8 F1800
;TYPE:Inner wall
;WIDTH:0.45
G1 F6000
G1 X92.598 Y135.648 E.02561
G1 X58.702 Y135.648 E1.09066
G1 X58.702 Y134.852 E.02561
G1 X92.558 Y134.852 E1.08937
SET_VELOCITY_LIMIT ACCEL=5000
G1 X92.99 Y134.46 F30000
;TYPE:Outer wall
;WIDTH:0.42
G1 F3600
G1 X92.99 Y136.04 E.04709
G1 X92.36 Y136.04 E.01878
G1 X59.14 Y136.04 E.99014
G1 F3060
G1 X58.31 Y136.04 E.02474
G1 X58.31 Y134.46 E.04709
G1 X59.14 Y134.46 E.02474
G1 F3600
G1 X92.32 Y134.46 E.98894
G1 X92.95 Y134.46 E.01878
G1 E-.728 F1800
;WIPE_START
G1 F30000
G1 X92.98 Y135.66 E-.072
;WIPE_END
G1 X92.394 Y135.25 Z10
G1 Z9.6
G1 E.8 F1800
SET_VELOCITY_LIMIT ACCEL=10000
;TYPE:Gap infill
;WIDTH:0.431684
G1 F15000
G1 X58.906 Y135.25 E1.02907
G1 E-.728 F1800
;WIPE_START
G1 F30000
G1 X60.106 Y135.25 E-.072
;WIPE_END
G1 X52.473 Y135.193 Z10
G1 X6.602 Y134.852 Z10
G1 Z9.6
G1 E.8 F1800
;TYPE:Inner wall
;WIDTH:0.45
G1 F6000
G1 X40.498 Y134.852 E1.09066
G1 X40.498 Y135.648 E.02561
G1 X6.602 Y135.648 E1.09066
G1 X6.602 Y134.892 E.02432
SET_VELOCITY_LIMIT ACCEL=5000
G1 X6.21 Y134.46 F30000
;TYPE:Outer wall
;WIDTH:0.42
G1 F3600
G1 X6.84 Y134.46 E.01878
G1 X40.06 Y134.46 E.99014
G1 F3060
G1 X40.89 Y134.46 E.02474
G1 X40.89 Y136.04 E.04709
G1 X40.06 Y136.04 E.02474
G1 F3600
G1 X6.84 Y136.04 E.99014
G1 X6.21 Y136.04 E.01878
G1 X6.21 Y134.5 E.0459
G1 E-.728 F1800
;WIPE_START
G1 F30000
G1 X7.41 Y134.499 E-.072
;WIPE_END
G1 X6.806 Y135.25 Z10
G1 Z9.6
G1 E.8 F1800
SET_VELOCITY_LIMIT ACCEL=10000
;TYPE:Gap infill
;WIDTH:0.431684
G1 F15000
G1 X40.294 Y135.25 E1.02908
;LAYER_CHANGE
;Z:9.8
;HEIGHT:0.2
;BEFORE_LAYER_CHANGE
;9.8
G92 E0

G1 E-.728 F1800
;WIPE_START
G1 F30000
G1 X39.094 Y135.25 E-.072
;WIPE_END
M73 L49
;LAYER:49
SET_PRINT_STATS_INFO TOTAL_LAYER=80 CURRENT_LAYER=49
;_SET_FAN_SPEED_CHANGING_LAYER

G1 X40.047 Y135.706 Z9.85714
G1 X40.2847 Y136.735 Z9.91429
G1 X39.6284 Y137.562 Z9.97143
G1 X38.5724 Y137.565 Z10.0286
G1 X37.9118 Y136.741 Z10.0857
G1 X38.1441 Y135.711 Z10.1429
G1 X39.0944 Y135.25 Z10.2
G1 X192.598 Y134.852 Z10.2
G1 Z9.8
G1 E.8 F1800
;TYPE:Inner wall
;WIDTH:0.45
G1 F6000
G1 X192.598 Y135.648 E.02561
G1 X158.502 Y135.648 E1.09709
G1 X158.502 Y134.852 E.02561
G1 X192.558 Y134.852 E1.0958
SET_VELOCITY_LIMIT ACCEL=5000
G1 X192.99 Y134.46 F30000
;TYPE:Outer wall
;WIDTH:0.42
G1 F3600
G1 X192.99 Y136.04 E.04709
G1 X192.36 Y136.04 E.01878
G1 X158.94 Y136.04 E.9961
G1 F3060
G1 X158.11 Y136.04 E.02474
G1 X158.11 Y134.46 E.04709
G1 X158.94 Y134.46 E.02474
G1 F3600
G1 X192.32 Y134.46 E.9949
G1 X192.95 Y134.46 E.01878
G1 E-.728 F1800
;WIPE_START
G1 F30000
G1 X192.98 Y135.66 E-.072
;WIPE_END
G1 X192.394 Y135.25 Z10.2
G1 Z9.8
G1 E.8 F1800
SET_VELOCITY_LIMIT ACCEL=10000
;TYPE:Gap infill
;WIDTH:0.431684
G1 F15000
G1 X158.706 Y135.25 E1.03522
G1 E-.728 F1800
;WIPE_START
G1 F30000
G1 X159.906 Y135.25 E-.072
;WIPE_END
G1 X152.273 Y135.193 Z10.2
G1 X106.602 Y134.852 Z10.2
G1 Z9.8
G1 E.8 F1800
;TYPE:Inner wall
;WIDTH:0.45
G1 F6000
G1 X140.698 Y134.852 E1.09709
G1 X140.698 Y135.648 E.02561
G1 X106.602 Y135.648 E1.09709
G1 X106.602 Y134.892 E.02432
SET_VELOCITY_LIMIT ACCEL=5000
G1 X106.21 Y134.46 F30000
;TYPE:Outer wall
;WIDTH:0.42
G1 F3600
G1 X106.84 Y134.46 E.01878
G1 X140.26 Y134.46 E.9961
G1 F3060
G1 X141.09 Y134.46 E.02474
G1 X141.09 Y136.04 E.04709
G1 X140.26 Y136.04 E.02474
G1 F3600
G1 X106.84 Y136.04 E.9961
G1 X106.21 Y136.04 E.01878
G1 X106.21 Y134.5 E.0459
G1 E-.728 F1800
;WIPE_START
G1 F30000
G1 X107.41 Y134.499 E-.072
;WIPE_END
G1 X106.806 Y135.25 Z10.2
G1 Z9.8
G1 E.8 F1800
SET_VELOCITY_LIMIT ACCEL=10000
;TYPE:Gap infill
;WIDTH:0.431684
G1 F15000
G1 X140.494 Y135.25 E1.03522
G1 E-.728 F1800
;WIPE_START
G1 F30000
G1 X139.294 Y135.25 E-.072
;WIPE_END
G1 X131.662 Y135.185 Z10.2
G1 X92.598 Y134.852 Z10.2
G1 Z9.8
G1 E.8 F1800
;TYPE:Inner wall
;WIDTH:0.45
G1 F6000
G1 X92.598 Y135.648 E.02561
G1 X58.502 Y135.648 E1.09709
G1 X58.502 Y134.852 E.02561
G1 X92.558 Y134.852 E1.0958
SET_VELOCITY_LIMIT ACCEL=5000
G1 X92.99 Y134.46 F30000
;TYPE:Outer wall
;WIDTH:0.42
G1 F3600
G1 X92.99 Y136.04 E.04709
G1 X92.36 Y136.04 E.01878
G1 X58.94 Y136.04 E.9961
G1 F3060
G1 X58.11 Y136.04 E.02474
G1 X58.11 Y134.46 E.04709
G1 X58.94 Y134.46 E.02474
G1 F3600
G1 X92.32 Y134.46 E.9949
G1 X92.95 Y134.46 E.01878
G1 E-.728 F1800
;WIPE_START
G1 F30000
G1 X92.98 Y135.66 E-.072
;WIPE_END
G1 X92.394 Y135.25 Z10.2
G1 Z9.8
G1 E.8 F1800
SET_VELOCITY_LIMIT ACCEL=10000
;TYPE:Gap infill
;WIDTH:0.431684
G1 F15000
G1 X58.706 Y135.25 E1.03522
G1 E-.728 F1800
;WIPE_START
G1 F30000
G1 X59.906 Y135.25 E-.072
;WIPE_END
G1 X52.273 Y135.193 Z10.2
G1 X6.602 Y134.852 Z10.2
G1 Z9.8
G1 E.8 F1800
;TYPE:Inner wall
;WIDTH:0.45
G1 F6000
G1 X40.698 Y134.852 E1.09709
G1 X40.698 Y135.648 E.02561
G1 X6.602 Y135.648 E1.09709
G1 X6.602 Y134.892 E.02432
SET_VELOCITY_LIMIT ACCEL=5000
G1 X6.21 Y134.46 F30000
;TYPE:Outer wall
;WIDTH:0.42
G1 F3600
G1 X6.84 Y134.46 E.01878
G1 X40.26 Y134.46 E.9961
G1 F3060
G1 X41.09 Y134.46 E.02474
G1 X41.09 Y136.04 E.04709
G1 X40.26 Y136.04 E.02474
G1 F3600
G1 X6.84 Y136.04 E.9961
G1 X6.21 Y136.04 E.01878
G1 X6.21 Y134.5 E.0459
G1 E-.728 F1800
;WIPE_START
G1 F30000
G1 X7.41 Y134.499 E-.072
;WIPE_END
G1 X6.806 Y135.25 Z10.2
G1 Z9.8
G1 E.8 F1800
SET_VELOCITY_LIMIT ACCEL=10000
;TYPE:Gap infill
;WIDTH:0.431684
G1 F15000
G1 X40.494 Y135.25 E1.03522
;LAYER_CHANGE
;Z:10
;HEIGHT:0.2
;BEFORE_LAYER_CHANGE
;10
G92 E0

G1 E-.728 F1800
;WIPE_START
G1 F30000
G1 X39.294 Y135.25 E-.072
;WIPE_END
M73 L50
;LAYER:50
SET_PRINT_STATS_INFO TOTAL_LAYER=80 CURRENT_LAYER=50
;_SET_FAN_SPEED_CHANGING_LAYER

G1 X40.247 Y135.706 Z10.0571
G1 X40.4847 Y136.735 Z10.1143
G1 X39.8284 Y137.562 Z10.1714
G1 X38.7724 Y137.565 Z10.2286
G1 X38.1118 Y136.741 Z10.2857
G1 X38.3441 Y135.711 Z10.3429
G1 X39.2944 Y135.25 Z10.4
G1 X192.598 Y134.852 Z10.4
G1 Z10
G1 E.8 F1800
;TYPE:Inner wall
;WIDTH:0.45
G1 F6000
G1 X192.598 Y135.648 E.02561
G1 X158.302 Y135.648 E1.10353
G1 X158.302 Y134.852 E.02561
G1 X192.558 Y134.852 E1.10224
SET_VELOCITY_LIMIT ACCEL=5000
G1 X192.99 Y134.46 F30000
;TYPE:Outer wall
;WIDTH:0.42
G1 F3600
G1 X192.99 Y136.04 E.04709
G1 X192.36 Y136.04 E.01878
G1 X158.74 Y136.04 E1.00206
G1 F3060
G1 X157.91 Y136.04 E.02474
G1 X157.91 Y134.46 E.04709
G1 X158.74 Y134.46 E.02474
G1 F3600
G1 X192.32 Y134.46 E1.00087
G1 X192.95 Y134.46 E.01878
G1 E-.728 F1800
;WIPE_START
G1 F30000
G1 X192.98 Y135.66 E-.072
;WIPE_END
G1 X192.394 Y135.25 Z10.4
G1 Z10
G1 E.8 F1800
SET_VELOCITY_LIMIT ACCEL=10000
;TYPE:Gap infill
;WIDTH:0.431684
G1 F15000
G1 X158.506 Y135.25 E1.04137
G1 E-.728 F1800
;WIPE_START
G1 F30000
G1 X159.706 Y135.25 E-.072
;WIPE_END
G1 X152.073 Y135.193 Z10.4
G1 X106.602 Y134.852 Z10.4
G1 Z10
G1 E.8 F1800
;TYPE:Inner wall
;WIDTH:0.45
G1 F6000
G1 X140.898 Y134.852 E1.10353
G1 X140.898 Y135.648 E.02561
G1 X106.602 Y135.648 E1.10353
G1 X106.602 Y134.892 E.02432
SET_VELOCITY_LIMIT ACCEL=5000
G1 X106.21 Y134.46 F30000
;TYPE:Outer wall
;WIDTH:0.42
G1 F3600
G1 X106.84 Y134.46 E.01878
G1 X140.46 Y134.46 E1.00206
G1 F3060
G1 X141.29 Y134.46 E.02474
G1 X141.29 Y136.04 E.04709
G1 X140.46 Y136.04 E.02474
G1 F3600
G1 X106.84 Y136.04 E1.00206
G1 X106.21 Y136.04 E.01878
G1 X106.21 Y134.5 E.0459
G1 E-.728 F1800
;WIPE_START
G1 F30000
G1 X107.41 Y134.499 E-.072
;WIPE_END
G1 X106.806 Y135.25 Z10.4
G1 Z10
G1 E.8 F1800
SET_VELOCITY_LIMIT ACCEL=10000
;TYPE:Gap infill
;WIDTH:0.431684
G1 F15000
G1 X140.694 Y135.25 E1.04137
G1 E-.728 F1800
;WIPE_START
G1 F30000
G1 X139.494 Y135.25 E-.072
;WIPE_END
G1 X131.862 Y135.185 Z10.4
G1 X92.598 Y134.852 Z10.4
G1 Z10
G1 E.8 F1800
;TYPE:Inner wall
;WIDTH:0.45
G1 F6000
G1 X92.598 Y135.648 E.02561
G1 X58.302 Y135.648 E1.10353
G1 X58.302 Y134.852 E.02561
M73 P90 R6
G1 X92.558 Y134.852 E1.10224
SET_VELOCITY_LIMIT ACCEL=5000
G1 X92.99 Y134.46 F30000
;TYPE:Outer wall
;WIDTH:0.42
G1 F3600
G1 X92.99 Y136.04 E.04709
G1 X92.36 Y136.04 E.01878
G1 X58.74 Y136.04 E1.00206
G1 F3060
G1 X57.91 Y136.04 E.02474
G1 X57.91 Y134.46 E.04709
G1 X58.74 Y134.46 E.02474
G1 F3600
G1 X92.32 Y134.46 E1.00087
G1 X92.95 Y134.46 E.01878
G1 E-.728 F1800
;WIPE_START
G1 F30000
G1 X92.98 Y135.66 E-.072
;WIPE_END
G1 X92.394 Y135.25 Z10.4
G1 Z10
G1 E.8 F1800
SET_VELOCITY_LIMIT ACCEL=10000
;TYPE:Gap infill
;WIDTH:0.431684
G1 F15000
G1 X58.506 Y135.25 E1.04137
G1 E-.728 F1800
;WIPE_START
G1 F30000
G1 X59.706 Y135.25 E-.072
;WIPE_END
G1 X52.073 Y135.193 Z10.4
G1 X6.602 Y134.852 Z10.4
G1 Z10
G1 E.8 F1800
;TYPE:Inner wall
;WIDTH:0.45
G1 F6000
G1 X40.898 Y134.852 E1.10353
G1 X40.898 Y135.648 E.02561
G1 X6.602 Y135.648 E1.10353
G1 X6.602 Y134.892 E.02432
SET_VELOCITY_LIMIT ACCEL=5000
G1 X6.21 Y134.46 F30000
;TYPE:Outer wall
;WIDTH:0.42
G1 F3600
G1 X6.84 Y134.46 E.01878
G1 X40.46 Y134.46 E1.00206
G1 F3060
G1 X41.29 Y134.46 E.02474
G1 X41.29 Y136.04 E.04709
G1 X40.46 Y136.04 E.02474
G1 F3600
G1 X6.84 Y136.04 E1.00206
G1 X6.21 Y136.04 E.01878
G1 X6.21 Y134.5 E.0459
G1 E-.728 F1800
;WIPE_START
G1 F30000
G1 X7.41 Y134.499 E-.072
;WIPE_END
G1 X6.806 Y135.25 Z10.4
G1 Z10
G1 E.8 F1800
SET_VELOCITY_LIMIT ACCEL=10000
;TYPE:Gap infill
;WIDTH:0.431684
G1 F15000
G1 X40.694 Y135.25 E1.04137
;LAYER_CHANGE
;Z:10.2
;HEIGHT:0.2
;BEFORE_LAYER_CHANGE
;10.2
G92 E0

G1 E-.728 F1800
;WIPE_START
G1 F30000
G1 X39.494 Y135.25 E-.072
;WIPE_END
M73 L51
;LAYER:51
SET_PRINT_STATS_INFO TOTAL_LAYER=80 CURRENT_LAYER=51
;_SET_FAN_SPEED_CHANGING_LAYER

G1 X40.447 Y135.706 Z10.2571
G1 X40.6847 Y136.735 Z10.3143
G1 X40.0284 Y137.562 Z10.3714
G1 X38.9724 Y137.565 Z10.4286
G1 X38.3118 Y136.741 Z10.4857
G1 X38.5441 Y135.711 Z10.5429
G1 X39.4944 Y135.25 Z10.6
G1 X192.598 Y134.852 Z10.6
G1 Z10.2
G1 E.8 F1800
;TYPE:Inner wall
;WIDTH:0.45
G1 F6000
G1 X192.598 Y135.648 E.02561
G1 X158.102 Y135.648 E1.10996
G1 X158.102 Y134.852 E.02561
G1 X192.558 Y134.852 E1.10867
SET_VELOCITY_LIMIT ACCEL=5000
G1 X192.99 Y134.46 F30000
;TYPE:Outer wall
;WIDTH:0.42
G1 F3600
G1 X192.99 Y136.04 E.04709
G1 X192.36 Y136.04 E.01878
G1 X158.54 Y136.04 E1.00802
G1 F3060
G1 X157.71 Y136.04 E.02474
G1 X157.71 Y134.46 E.04709
G1 X158.54 Y134.46 E.02474
G1 F3600
G1 X192.32 Y134.46 E1.00683
G1 X192.95 Y134.46 E.01878
G1 E-.728 F1800
;WIPE_START
G1 F30000
G1 X192.98 Y135.66 E-.072
;WIPE_END
G1 X192.394 Y135.25 Z10.6
G1 Z10.2
G1 E.8 F1800
SET_VELOCITY_LIMIT ACCEL=10000
;TYPE:Gap infill
;WIDTH:0.431684
G1 F15000
G1 X158.306 Y135.25 E1.04751
G1 E-.728 F1800
;WIPE_START
G1 F30000
G1 X159.506 Y135.25 E-.072
;WIPE_END
G1 X151.873 Y135.193 Z10.6
G1 X106.602 Y134.852 Z10.6
G1 Z10.2
G1 E.8 F1800
;TYPE:Inner wall
;WIDTH:0.45
G1 F6000
G1 X141.098 Y134.852 E1.10996
G1 X141.098 Y135.648 E.02561
G1 X106.602 Y135.648 E1.10996
G1 X106.602 Y134.892 E.02432
SET_VELOCITY_LIMIT ACCEL=5000
G1 X106.21 Y134.46 F30000
;TYPE:Outer wall
;WIDTH:0.42
G1 F3600
G1 X106.84 Y134.46 E.01878
G1 X140.66 Y134.46 E1.00802
G1 F3060
G1 X141.49 Y134.46 E.02474
G1 X141.49 Y136.04 E.04709
G1 X140.66 Y136.04 E.02474
G1 F3600
G1 X106.84 Y136.04 E1.00802
G1 X106.21 Y136.04 E.01878
G1 X106.21 Y134.5 E.0459
G1 E-.728 F1800
;WIPE_START
G1 F30000
G1 X107.41 Y134.499 E-.072
;WIPE_END
G1 X106.806 Y135.25 Z10.6
G1 Z10.2
G1 E.8 F1800
SET_VELOCITY_LIMIT ACCEL=10000
;TYPE:Gap infill
;WIDTH:0.431684
G1 F15000
G1 X140.894 Y135.25 E1.04751
G1 E-.728 F1800
;WIPE_START
G1 F30000
G1 X139.694 Y135.25 E-.072
;WIPE_END
G1 X132.062 Y135.186 Z10.6
G1 X92.598 Y134.852 Z10.6
G1 Z10.2
G1 E.8 F1800
;TYPE:Inner wall
;WIDTH:0.45
G1 F6000
G1 X92.598 Y135.648 E.02561
G1 X58.102 Y135.648 E1.10996
G1 X58.102 Y134.852 E.02561
G1 X92.558 Y134.852 E1.10867
SET_VELOCITY_LIMIT ACCEL=5000
G1 X92.99 Y134.46 F30000
;TYPE:Outer wall
;WIDTH:0.42
G1 F3600
G1 X92.99 Y136.04 E.04709
G1 X92.36 Y136.04 E.01878
G1 X58.54 Y136.04 E1.00802
G1 F3060
G1 X57.71 Y136.04 E.02474
G1 X57.71 Y134.46 E.04709
G1 X58.54 Y134.46 E.02474
G1 F3600
G1 X92.32 Y134.46 E1.00683
G1 X92.95 Y134.46 E.01878
G1 E-.728 F1800
;WIPE_START
G1 F30000
G1 X92.98 Y135.66 E-.072
;WIPE_END
G1 X92.394 Y135.25 Z10.6
G1 Z10.2
G1 E.8 F1800
SET_VELOCITY_LIMIT ACCEL=10000
;TYPE:Gap infill
;WIDTH:0.431684
G1 F15000
G1 X58.306 Y135.25 E1.04751
G1 E-.728 F1800
;WIPE_START
G1 F30000
G1 X59.506 Y135.25 E-.072
;WIPE_END
G1 X51.873 Y135.193 Z10.6
G1 X6.602 Y134.852 Z10.6
G1 Z10.2
G1 E.8 F1800
;TYPE:Inner wall
;WIDTH:0.45
G1 F6000
G1 X41.098 Y134.852 E1.10996
G1 X41.098 Y135.648 E.02561
G1 X6.602 Y135.648 E1.10996
G1 X6.602 Y134.892 E.02432
SET_VELOCITY_LIMIT ACCEL=5000
G1 X6.21 Y134.46 F30000
;TYPE:Outer wall
;WIDTH:0.42
G1 F3600
G1 X6.84 Y134.46 E.01878
G1 X40.66 Y134.46 E1.00802
G1 F3060
G1 X41.49 Y134.46 E.02474
G1 X41.49 Y136.04 E.04709
G1 X40.66 Y136.04 E.02474
G1 F3600
G1 X6.84 Y136.04 E1.00802
G1 X6.21 Y136.04 E.01878
G1 X6.21 Y134.5 E.0459
G1 E-.728 F1800
;WIPE_START
G1 F30000
G1 X7.41 Y134.499 E-.072
;WIPE_END
G1 X6.806 Y135.25 Z10.6
G1 Z10.2
G1 E.8 F1800
SET_VELOCITY_LIMIT ACCEL=10000
;TYPE:Gap infill
;WIDTH:0.431684
G1 F15000
G1 X40.894 Y135.25 E1.04751
;LAYER_CHANGE
;Z:10.4
;HEIGHT:0.2
;BEFORE_LAYER_CHANGE
;10.4
G92 E0

G1 E-.728 F1800
;WIPE_START
G1 F30000
G1 X39.694 Y135.25 E-.072
;WIPE_END
M73 L52
;LAYER:52
SET_PRINT_STATS_INFO TOTAL_LAYER=80 CURRENT_LAYER=52
;_SET_FAN_SPEED_CHANGING_LAYER

G1 X40.647 Y135.706 Z10.4571
G1 X40.8847 Y136.735 Z10.5143
G1 X40.2284 Y137.562 Z10.5714
G1 X39.1724 Y137.565 Z10.6286
G1 X38.5118 Y136.741 Z10.6857
G1 X38.7441 Y135.711 Z10.7429
G1 X39.6944 Y135.25 Z10.8
G1 X192.598 Y134.852 Z10.8
G1 Z10.4
G1 E.8 F1800
;TYPE:Inner wall
;WIDTH:0.45
G1 F6000
G1 X192.598 Y135.648 E.02561
G1 X157.902 Y135.648 E1.1164
G1 X157.902 Y134.852 E.02561
G1 X192.558 Y134.852 E1.11511
SET_VELOCITY_LIMIT ACCEL=5000
G1 X192.99 Y134.46 F30000
;TYPE:Outer wall
;WIDTH:0.42
G1 F3600
G1 X192.99 Y136.04 E.04709
G1 X192.36 Y136.04 E.01878
G1 X158.34 Y136.04 E1.01398
G1 F3060
M73 P90 R5
G1 X157.51 Y136.04 E.02474
G1 X157.51 Y134.46 E.04709
G1 X158.34 Y134.46 E.02474
G1 F3600
G1 X192.32 Y134.46 E1.01279
G1 X192.95 Y134.46 E.01878
G1 E-.728 F1800
;WIPE_START
G1 F30000
G1 X192.98 Y135.66 E-.072
;WIPE_END
G1 X192.394 Y135.25 Z10.8
G1 Z10.4
G1 E.8 F1800
SET_VELOCITY_LIMIT ACCEL=10000
;TYPE:Gap infill
;WIDTH:0.431684
G1 F15000
G1 X158.106 Y135.25 E1.05366
G1 E-.728 F1800
;WIPE_START
G1 F30000
G1 X159.306 Y135.25 E-.072
;WIPE_END
G1 X151.673 Y135.192 Z10.8
G1 X106.602 Y134.852 Z10.8
G1 Z10.4
G1 E.8 F1800
;TYPE:Inner wall
;WIDTH:0.45
G1 F6000
G1 X141.298 Y134.852 E1.1164
G1 X141.298 Y135.648 E.02561
G1 X106.602 Y135.648 E1.1164
G1 X106.602 Y134.892 E.02432
SET_VELOCITY_LIMIT ACCEL=5000
G1 X106.21 Y134.46 F30000
;TYPE:Outer wall
;WIDTH:0.42
G1 F3600
G1 X106.84 Y134.46 E.01878
G1 X140.86 Y134.46 E1.01398
G1 F3060
G1 X141.69 Y134.46 E.02474
G1 X141.69 Y136.04 E.04709
G1 X140.86 Y136.04 E.02474
G1 F3600
G1 X106.84 Y136.04 E1.01398
G1 X106.21 Y136.04 E.01878
G1 X106.21 Y134.5 E.0459
G1 E-.728 F1800
;WIPE_START
G1 F30000
G1 X107.41 Y134.499 E-.072
;WIPE_END
G1 X106.806 Y135.25 Z10.8
G1 Z10.4
G1 E.8 F1800
SET_VELOCITY_LIMIT ACCEL=10000
;TYPE:Gap infill
;WIDTH:0.431684
G1 F15000
G1 X141.094 Y135.25 E1.05366
G1 E-.728 F1800
;WIPE_START
G1 F30000
G1 X139.894 Y135.25 E-.072
;WIPE_END
G1 X132.262 Y135.186 Z10.8
G1 X92.598 Y134.852 Z10.8
G1 Z10.4
G1 E.8 F1800
;TYPE:Inner wall
;WIDTH:0.45
G1 F6000
G1 X92.598 Y135.648 E.02561
G1 X57.902 Y135.648 E1.1164
G1 X57.902 Y134.852 E.02561
G1 X92.558 Y134.852 E1.11511
SET_VELOCITY_LIMIT ACCEL=5000
G1 X92.99 Y134.46 F30000
;TYPE:Outer wall
;WIDTH:0.42
G1 F3600
G1 X92.99 Y136.04 E.04709
G1 X92.36 Y136.04 E.01878
G1 X58.34 Y136.04 E1.01398
G1 F3060
G1 X57.51 Y136.04 E.02474
G1 X57.51 Y134.46 E.04709
G1 X58.34 Y134.46 E.02474
G1 F3600
G1 X92.32 Y134.46 E1.01279
G1 X92.95 Y134.46 E.01878
G1 E-.728 F1800
;WIPE_START
G1 F30000
G1 X92.98 Y135.66 E-.072
;WIPE_END
G1 X92.394 Y135.25 Z10.8
G1 Z10.4
G1 E.8 F1800
SET_VELOCITY_LIMIT ACCEL=10000
;TYPE:Gap infill
;WIDTH:0.431684
G1 F15000
G1 X58.106 Y135.25 E1.05366
G1 E-.728 F1800
;WIPE_START
G1 F30000
G1 X59.306 Y135.25 E-.072
;WIPE_END
G1 X51.673 Y135.192 Z10.8
G1 X6.602 Y134.852 Z10.8
G1 Z10.4
G1 E.8 F1800
;TYPE:Inner wall
;WIDTH:0.45
G1 F6000
G1 X41.298 Y134.852 E1.1164
G1 X41.298 Y135.648 E.02561
G1 X6.602 Y135.648 E1.1164
G1 X6.602 Y134.892 E.02432
SET_VELOCITY_LIMIT ACCEL=5000
G1 X6.21 Y134.46 F30000
;TYPE:Outer wall
;WIDTH:0.42
G1 F3600
G1 X6.84 Y134.46 E.01878
G1 X40.86 Y134.46 E1.01398
G1 F3060
G1 X41.69 Y134.46 E.02474
G1 X41.69 Y136.04 E.04709
G1 X40.86 Y136.04 E.02474
G1 F3600
G1 X6.84 Y136.04 E1.01398
G1 X6.21 Y136.04 E.01878
G1 X6.21 Y134.5 E.0459
G1 E-.728 F1800
;WIPE_START
G1 F30000
G1 X7.41 Y134.499 E-.072
;WIPE_END
G1 X6.806 Y135.25 Z10.8
G1 Z10.4
G1 E.8 F1800
SET_VELOCITY_LIMIT ACCEL=10000
;TYPE:Gap infill
;WIDTH:0.431684
G1 F15000
G1 X41.094 Y135.25 E1.05366
;LAYER_CHANGE
;Z:10.6
;HEIGHT:0.200001
;BEFORE_LAYER_CHANGE
;10.6
G92 E0

G1 E-.728 F1800
;WIPE_START
G1 F30000
G1 X39.894 Y135.25 E-.072
;WIPE_END
M73 L53
;LAYER:53
SET_PRINT_STATS_INFO TOTAL_LAYER=80 CURRENT_LAYER=53
;_SET_FAN_SPEED_CHANGING_LAYER

G1 X40.847 Y135.706 Z10.6571
G1 X41.0847 Y136.735 Z10.7143
G1 X40.4284 Y137.562 Z10.7714
G1 X39.3724 Y137.565 Z10.8286
G1 X38.7118 Y136.741 Z10.8857
G1 X38.9441 Y135.711 Z10.9429
G1 X39.8944 Y135.25 Z11
G1 X192.598 Y134.852 Z11
G1 Z10.6
G1 E.8 F1800
;TYPE:Inner wall
;WIDTH:0.45
G1 F6000
G1 X192.598 Y135.648 E.02561
G1 X157.702 Y135.648 E1.12283
G1 X157.702 Y134.852 E.02561
G1 X192.558 Y134.852 E1.12155
SET_VELOCITY_LIMIT ACCEL=5000
G1 X192.99 Y134.46 F30000
;TYPE:Outer wall
;WIDTH:0.42
G1 F3600
G1 X192.99 Y136.04 E.04709
G1 X192.36 Y136.04 E.01878
G1 X158.14 Y136.04 E1.01994
G1 F3060
G1 X157.31 Y136.04 E.02474
G1 X157.31 Y134.46 E.04709
G1 X158.14 Y134.46 E.02474
G1 F3600
G1 X192.32 Y134.46 E1.01875
G1 X192.95 Y134.46 E.01878
G1 E-.728 F1800
;WIPE_START
G1 F30000
G1 X192.98 Y135.66 E-.072
;WIPE_END
G1 X192.394 Y135.25 Z11
G1 Z10.6
G1 E.8 F1800
SET_VELOCITY_LIMIT ACCEL=10000
;TYPE:Gap infill
;WIDTH:0.431684
G1 F15000
G1 X157.906 Y135.25 E1.0598
G1 E-.728 F1800
;WIPE_START
G1 F30000
G1 X159.106 Y135.25 E-.072
;WIPE_END
G1 X151.473 Y135.192 Z11
G1 X106.602 Y134.852 Z11
G1 Z10.6
G1 E.8 F1800
;TYPE:Inner wall
;WIDTH:0.45
G1 F6000
G1 X141.498 Y134.852 E1.12283
G1 X141.498 Y135.648 E.02561
G1 X106.602 Y135.648 E1.12283
G1 X106.602 Y134.892 E.02432
SET_VELOCITY_LIMIT ACCEL=5000
G1 X106.21 Y134.46 F30000
;TYPE:Outer wall
;WIDTH:0.42
G1 F3600
G1 X106.84 Y134.46 E.01878
G1 X141.06 Y134.46 E1.01994
G1 F3060
G1 X141.89 Y134.46 E.02474
G1 X141.89 Y136.04 E.04709
G1 X141.06 Y136.04 E.02474
G1 F3600
G1 X106.84 Y136.04 E1.01994
G1 X106.21 Y136.04 E.01878
G1 X106.21 Y134.5 E.0459
G1 E-.728 F1800
;WIPE_START
G1 F30000
G1 X107.41 Y134.499 E-.072
;WIPE_END
G1 X106.806 Y135.25 Z11
G1 Z10.6
G1 E.8 F1800
SET_VELOCITY_LIMIT ACCEL=10000
;TYPE:Gap infill
;WIDTH:0.431684
G1 F15000
G1 X141.294 Y135.25 E1.0598
G1 E-.728 F1800
;WIPE_START
G1 F30000
G1 X140.094 Y135.25 E-.072
;WIPE_END
G1 X132.462 Y135.186 Z11
G1 X92.598 Y134.852 Z11
G1 Z10.6
G1 E.8 F1800
;TYPE:Inner wall
;WIDTH:0.45
G1 F6000
G1 X92.598 Y135.648 E.02561
G1 X57.702 Y135.648 E1.12283
G1 X57.702 Y134.852 E.02561
G1 X92.558 Y134.852 E1.12155
SET_VELOCITY_LIMIT ACCEL=5000
G1 X92.99 Y134.46 F30000
;TYPE:Outer wall
;WIDTH:0.42
G1 F3600
G1 X92.99 Y136.04 E.04709
G1 X92.36 Y136.04 E.01878
G1 X58.14 Y136.04 E1.01994
G1 F3060
G1 X57.31 Y136.04 E.02474
G1 X57.31 Y134.46 E.04709
G1 X58.14 Y134.46 E.02474
G1 F3600
G1 X92.32 Y134.46 E1.01875
G1 X92.95 Y134.46 E.01878
G1 E-.728 F1800
;WIPE_START
G1 F30000
G1 X92.98 Y135.66 E-.072
;WIPE_END
G1 X92.394 Y135.25 Z11
G1 Z10.6
G1 E.8 F1800
SET_VELOCITY_LIMIT ACCEL=10000
;TYPE:Gap infill
;WIDTH:0.431684
G1 F15000
G1 X57.906 Y135.25 E1.0598
G1 E-.728 F1800
;WIPE_START
G1 F30000
G1 X59.106 Y135.25 E-.072
;WIPE_END
G1 X51.473 Y135.192 Z11
G1 X6.602 Y134.852 Z11
G1 Z10.6
G1 E.8 F1800
;TYPE:Inner wall
;WIDTH:0.45
G1 F6000
G1 X41.498 Y134.852 E1.12283
G1 X41.498 Y135.648 E.02561
G1 X6.602 Y135.648 E1.12283
G1 X6.602 Y134.892 E.02432
SET_VELOCITY_LIMIT ACCEL=5000
G1 X6.21 Y134.46 F30000
;TYPE:Outer wall
;WIDTH:0.42
G1 F3600
G1 X6.84 Y134.46 E.01878
G1 X41.06 Y134.46 E1.01994
G1 F3060
G1 X41.89 Y134.46 E.02474
G1 X41.89 Y136.04 E.04709
G1 X41.06 Y136.04 E.02474
G1 F3600
G1 X6.84 Y136.04 E1.01994
G1 X6.21 Y136.04 E.01878
M73 P91 R5
G1 X6.21 Y134.5 E.0459
G1 E-.728 F1800
;WIPE_START
G1 F30000
G1 X7.41 Y134.499 E-.072
;WIPE_END
G1 X6.806 Y135.25 Z11
G1 Z10.6
G1 E.8 F1800
SET_VELOCITY_LIMIT ACCEL=10000
;TYPE:Gap infill
;WIDTH:0.431684
G1 F15000
G1 X41.294 Y135.25 E1.0598
;LAYER_CHANGE
;Z:10.8
;HEIGHT:0.2
;BEFORE_LAYER_CHANGE
;10.8
G92 E0

G1 E-.728 F1800
;WIPE_START
G1 F30000
G1 X40.094 Y135.25 E-.072
;WIPE_END
M73 L54
;LAYER:54
SET_PRINT_STATS_INFO TOTAL_LAYER=80 CURRENT_LAYER=54
;_SET_FAN_SPEED_CHANGING_LAYER

G1 X41.047 Y135.706 Z10.8571
G1 X41.2847 Y136.735 Z10.9143
G1 X40.6284 Y137.562 Z10.9714
G1 X39.5724 Y137.565 Z11.0286
G1 X38.9118 Y136.741 Z11.0857
G1 X39.1441 Y135.711 Z11.1429
G1 X40.0944 Y135.25 Z11.2
G1 X192.598 Y134.852 Z11.2
G1 Z10.8
G1 E.8 F1800
;TYPE:Inner wall
;WIDTH:0.45
G1 F6000
G1 X192.598 Y135.648 E.02561
G1 X157.502 Y135.648 E1.12927
G1 X157.502 Y134.852 E.02561
G1 X192.558 Y134.852 E1.12798
SET_VELOCITY_LIMIT ACCEL=5000
G1 X192.99 Y134.46 F30000
;TYPE:Outer wall
;WIDTH:0.42
G1 F3600
G1 X192.99 Y136.04 E.04709
G1 X192.36 Y136.04 E.01878
G1 X157.94 Y136.04 E1.0259
G1 F3060
G1 X157.11 Y136.04 E.02474
G1 X157.11 Y134.46 E.04709
G1 X157.94 Y134.46 E.02474
G1 F3600
G1 X192.32 Y134.46 E1.02471
G1 X192.95 Y134.46 E.01878
G1 E-.728 F1800
;WIPE_START
G1 F30000
G1 X192.98 Y135.66 E-.072
;WIPE_END
G1 X192.394 Y135.25 Z11.2
G1 Z10.8
G1 E.8 F1800
SET_VELOCITY_LIMIT ACCEL=10000
;TYPE:Gap infill
;WIDTH:0.431684
G1 F15000
G1 X157.706 Y135.25 E1.06595
G1 E-.728 F1800
;WIPE_START
G1 F30000
G1 X158.906 Y135.25 E-.072
;WIPE_END
G1 X151.273 Y135.192 Z11.2
G1 X106.602 Y134.852 Z11.2
G1 Z10.8
G1 E.8 F1800
;TYPE:Inner wall
;WIDTH:0.45
G1 F6000
G1 X141.698 Y134.852 E1.12927
G1 X141.698 Y135.648 E.02561
G1 X106.602 Y135.648 E1.12927
G1 X106.602 Y134.892 E.02432
SET_VELOCITY_LIMIT ACCEL=5000
G1 X106.21 Y134.46 F30000
;TYPE:Outer wall
;WIDTH:0.42
G1 F3600
G1 X106.84 Y134.46 E.01878
G1 X141.26 Y134.46 E1.0259
G1 F3060
G1 X142.09 Y134.46 E.02474
G1 X142.09 Y136.04 E.04709
G1 X141.26 Y136.04 E.02474
G1 F3600
G1 X106.84 Y136.04 E1.0259
G1 X106.21 Y136.04 E.01878
G1 X106.21 Y134.5 E.0459
G1 E-.728 F1800
;WIPE_START
G1 F30000
G1 X107.41 Y134.499 E-.072
;WIPE_END
G1 X106.806 Y135.25 Z11.2
G1 Z10.8
G1 E.8 F1800
SET_VELOCITY_LIMIT ACCEL=10000
;TYPE:Gap infill
;WIDTH:0.431684
G1 F15000
G1 X141.494 Y135.25 E1.06595
G1 E-.728 F1800
;WIPE_START
G1 F30000
G1 X140.294 Y135.25 E-.072
;WIPE_END
G1 X132.662 Y135.186 Z11.2
G1 X92.598 Y134.852 Z11.2
G1 Z10.8
G1 E.8 F1800
;TYPE:Inner wall
;WIDTH:0.45
G1 F6000
G1 X92.598 Y135.648 E.02561
G1 X57.502 Y135.648 E1.12927
G1 X57.502 Y134.852 E.02561
G1 X92.558 Y134.852 E1.12798
SET_VELOCITY_LIMIT ACCEL=5000
G1 X92.99 Y134.46 F30000
;TYPE:Outer wall
;WIDTH:0.42
G1 F3600
G1 X92.99 Y136.04 E.04709
G1 X92.36 Y136.04 E.01878
G1 X57.94 Y136.04 E1.0259
G1 F3060
G1 X57.11 Y136.04 E.02474
G1 X57.11 Y134.46 E.04709
G1 X57.94 Y134.46 E.02474
G1 F3600
G1 X92.32 Y134.46 E1.02471
G1 X92.95 Y134.46 E.01878
G1 E-.728 F1800
;WIPE_START
G1 F30000
G1 X92.98 Y135.66 E-.072
;WIPE_END
G1 X92.394 Y135.25 Z11.2
G1 Z10.8
G1 E.8 F1800
SET_VELOCITY_LIMIT ACCEL=10000
;TYPE:Gap infill
;WIDTH:0.431684
G1 F15000
G1 X57.706 Y135.25 E1.06595
G1 E-.728 F1800
;WIPE_START
G1 F30000
G1 X58.906 Y135.25 E-.072
;WIPE_END
G1 X51.273 Y135.192 Z11.2
G1 X6.602 Y134.852 Z11.2
G1 Z10.8
G1 E.8 F1800
;TYPE:Inner wall
;WIDTH:0.45
G1 F6000
G1 X41.698 Y134.852 E1.12927
G1 X41.698 Y135.648 E.02561
G1 X6.602 Y135.648 E1.12927
G1 X6.602 Y134.892 E.02432
SET_VELOCITY_LIMIT ACCEL=5000
G1 X6.21 Y134.46 F30000
;TYPE:Outer wall
;WIDTH:0.42
G1 F3600
G1 X6.84 Y134.46 E.01878
G1 X41.26 Y134.46 E1.0259
G1 F3060
G1 X42.09 Y134.46 E.02474
G1 X42.09 Y136.04 E.04709
G1 X41.26 Y136.04 E.02474
G1 F3600
G1 X6.84 Y136.04 E1.0259
G1 X6.21 Y136.04 E.01878
G1 X6.21 Y134.5 E.0459
G1 E-.728 F1800
;WIPE_START
G1 F30000
G1 X7.41 Y134.499 E-.072
;WIPE_END
G1 X6.806 Y135.25 Z11.2
G1 Z10.8
G1 E.8 F1800
SET_VELOCITY_LIMIT ACCEL=10000
;TYPE:Gap infill
;WIDTH:0.431684
G1 F15000
G1 X41.494 Y135.25 E1.06595
;LAYER_CHANGE
;Z:11
;HEIGHT:0.2
;BEFORE_LAYER_CHANGE
;11
G92 E0

G1 E-.728 F1800
;WIPE_START
G1 F30000
G1 X40.294 Y135.25 E-.072
;WIPE_END
M73 L55
;LAYER:55
SET_PRINT_STATS_INFO TOTAL_LAYER=80 CURRENT_LAYER=55
;_SET_FAN_SPEED_CHANGING_LAYER

G1 X41.247 Y135.706 Z11.0571
G1 X41.4847 Y136.735 Z11.1143
G1 X40.8284 Y137.562 Z11.1714
G1 X39.7724 Y137.565 Z11.2286
G1 X39.1118 Y136.741 Z11.2857
G1 X39.3441 Y135.711 Z11.3429
G1 X40.2944 Y135.25 Z11.4
G1 X192.598 Y134.852 Z11.4
G1 Z11
G1 E.8 F1800
;TYPE:Inner wall
;WIDTH:0.45
G1 F6000
G1 X192.598 Y135.648 E.02561
G1 X157.302 Y135.648 E1.1357
G1 X157.302 Y134.852 E.02561
G1 X192.558 Y134.852 E1.13442
SET_VELOCITY_LIMIT ACCEL=5000
G1 X192.99 Y134.46 F30000
;TYPE:Outer wall
;WIDTH:0.42
G1 F3600
G1 X192.99 Y136.04 E.04709
G1 X192.36 Y136.04 E.01878
G1 X157.74 Y136.04 E1.03186
G1 F3060
G1 X156.91 Y136.04 E.02474
G1 X156.91 Y134.46 E.04709
G1 X157.74 Y134.46 E.02474
G1 F3600
G1 X192.32 Y134.46 E1.03067
G1 X192.95 Y134.46 E.01878
G1 E-.728 F1800
;WIPE_START
G1 F30000
G1 X192.98 Y135.66 E-.072
;WIPE_END
G1 X192.394 Y135.25 Z11.4
G1 Z11
G1 E.8 F1800
SET_VELOCITY_LIMIT ACCEL=10000
;TYPE:Gap infill
;WIDTH:0.431684
G1 F15000
G1 X157.506 Y135.25 E1.0721
G1 E-.728 F1800
;WIPE_START
G1 F30000
G1 X158.706 Y135.25 E-.072
;WIPE_END
G1 X151.073 Y135.192 Z11.4
G1 X106.602 Y134.852 Z11.4
G1 Z11
G1 E.8 F1800
;TYPE:Inner wall
;WIDTH:0.45
G1 F6000
G1 X141.898 Y134.852 E1.1357
G1 X141.898 Y135.648 E.02561
G1 X106.602 Y135.648 E1.1357
G1 X106.602 Y134.892 E.02432
SET_VELOCITY_LIMIT ACCEL=5000
G1 X106.21 Y134.46 F30000
;TYPE:Outer wall
;WIDTH:0.42
G1 F3600
G1 X106.84 Y134.46 E.01878
G1 X141.46 Y134.46 E1.03186
G1 F3060
G1 X142.29 Y134.46 E.02474
G1 X142.29 Y136.04 E.04709
G1 X141.46 Y136.04 E.02474
G1 F3600
G1 X106.84 Y136.04 E1.03186
G1 X106.21 Y136.04 E.01878
G1 X106.21 Y134.5 E.0459
G1 E-.728 F1800
;WIPE_START
G1 F30000
G1 X107.41 Y134.499 E-.072
;WIPE_END
G1 X106.806 Y135.25 Z11.4
G1 Z11
G1 E.8 F1800
SET_VELOCITY_LIMIT ACCEL=10000
;TYPE:Gap infill
;WIDTH:0.431684
G1 F15000
G1 X141.694 Y135.25 E1.0721
G1 E-.728 F1800
;WIPE_START
G1 F30000
G1 X140.494 Y135.25 E-.072
;WIPE_END
G1 X132.862 Y135.187 Z11.4
G1 X92.598 Y134.852 Z11.4
G1 Z11
G1 E.8 F1800
;TYPE:Inner wall
;WIDTH:0.45
G1 F6000
G1 X92.598 Y135.648 E.02561
G1 X57.302 Y135.648 E1.1357
G1 X57.302 Y134.852 E.02561
G1 X92.558 Y134.852 E1.13442
SET_VELOCITY_LIMIT ACCEL=5000
G1 X92.99 Y134.46 F30000
;TYPE:Outer wall
;WIDTH:0.42
G1 F3600
G1 X92.99 Y136.04 E.04709
G1 X92.36 Y136.04 E.01878
G1 X57.74 Y136.04 E1.03186
G1 F3060
G1 X56.91 Y136.04 E.02474
G1 X56.91 Y134.46 E.04709
G1 X57.74 Y134.46 E.02474
G1 F3600
G1 X92.32 Y134.46 E1.03067
G1 X92.95 Y134.46 E.01878
G1 E-.728 F1800
;WIPE_START
G1 F30000
G1 X92.98 Y135.66 E-.072
;WIPE_END
G1 X92.394 Y135.25 Z11.4
G1 Z11
G1 E.8 F1800
SET_VELOCITY_LIMIT ACCEL=10000
;TYPE:Gap infill
;WIDTH:0.431684
G1 F15000
G1 X57.506 Y135.25 E1.0721
G1 E-.728 F1800
;WIPE_START
G1 F30000
G1 X58.706 Y135.25 E-.072
;WIPE_END
G1 X51.073 Y135.192 Z11.4
G1 X6.602 Y134.852 Z11.4
G1 Z11
G1 E.8 F1800
;TYPE:Inner wall
;WIDTH:0.45
G1 F6000
G1 X41.898 Y134.852 E1.1357
G1 X41.898 Y135.648 E.02561
G1 X6.602 Y135.648 E1.1357
G1 X6.602 Y134.892 E.02432
SET_VELOCITY_LIMIT ACCEL=5000
G1 X6.21 Y134.46 F30000
;TYPE:Outer wall
;WIDTH:0.42
G1 F3600
G1 X6.84 Y134.46 E.01878
G1 X41.46 Y134.46 E1.03186
G1 F3060
G1 X42.29 Y134.46 E.02474
G1 X42.29 Y136.04 E.04709
G1 X41.46 Y136.04 E.02474
G1 F3600
G1 X6.84 Y136.04 E1.03186
G1 X6.21 Y136.04 E.01878
G1 X6.21 Y134.5 E.0459
G1 E-.728 F1800
;WIPE_START
G1 F30000
G1 X7.41 Y134.499 E-.072
;WIPE_END
G1 X6.806 Y135.25 Z11.4
G1 Z11
G1 E.8 F1800
SET_VELOCITY_LIMIT ACCEL=10000
;TYPE:Gap infill
;WIDTH:0.431684
G1 F15000
G1 X41.694 Y135.25 E1.0721
;LAYER_CHANGE
;Z:11.2
;HEIGHT:0.2
;BEFORE_LAYER_CHANGE
;11.2
G92 E0

G1 E-.728 F1800
;WIPE_START
G1 F30000
G1 X40.494 Y135.25 E-.072
;WIPE_END
M73 L56
;LAYER:56
SET_PRINT_STATS_INFO TOTAL_LAYER=80 CURRENT_LAYER=56
;_SET_FAN_SPEED_CHANGING_LAYER

G1 X41.447 Y135.706 Z11.2571
G1 X41.6847 Y136.735 Z11.3143
G1 X41.0285 Y137.562 Z11.3714
G1 X39.9724 Y137.565 Z11.4286
G1 X39.3118 Y136.741 Z11.4857
G1 X39.5441 Y135.711 Z11.5429
G1 X40.4944 Y135.25 Z11.6
G1 X192.598 Y134.852 Z11.6
G1 Z11.2
G1 E.8 F1800
;TYPE:Inner wall
;WIDTH:0.45
G1 F6000
G1 X192.598 Y135.648 E.02561
G1 X157.102 Y135.648 E1.14214
G1 X157.102 Y134.852 E.02561
G1 X192.558 Y134.852 E1.14085
SET_VELOCITY_LIMIT ACCEL=5000
G1 X192.99 Y134.46 F30000
;TYPE:Outer wall
;WIDTH:0.42
G1 F3600
G1 X192.99 Y136.04 E.04709
G1 X192.36 Y136.04 E.01878
G1 X157.54 Y136.04 E1.03782
G1 F3060
G1 X156.71 Y136.04 E.02474
G1 X156.71 Y134.46 E.04709
G1 X157.54 Y134.46 E.02474
G1 F3600
G1 X192.32 Y134.46 E1.03663
G1 X192.95 Y134.46 E.01878
G1 E-.728 F1800
;WIPE_START
G1 F30000
G1 X192.98 Y135.66 E-.072
;WIPE_END
G1 X192.394 Y135.25 Z11.6
G1 Z11.2
G1 E.8 F1800
SET_VELOCITY_LIMIT ACCEL=10000
;TYPE:Gap infill
;WIDTH:0.431684
G1 F15000
G1 X157.306 Y135.25 E1.07824
G1 E-.728 F1800
;WIPE_START
G1 F30000
G1 X158.506 Y135.25 E-.072
;WIPE_END
G1 X150.873 Y135.191 Z11.6
G1 X106.602 Y134.852 Z11.6
G1 Z11.2
G1 E.8 F1800
;TYPE:Inner wall
;WIDTH:0.45
G1 F6000
G1 X142.098 Y134.852 E1.14214
G1 X142.098 Y135.648 E.02561
G1 X106.602 Y135.648 E1.14214
G1 X106.602 Y134.892 E.02432
SET_VELOCITY_LIMIT ACCEL=5000
G1 X106.21 Y134.46 F30000
;TYPE:Outer wall
;WIDTH:0.42
G1 F3600
G1 X106.84 Y134.46 E.01878
G1 X141.66 Y134.46 E1.03782
G1 F3060
G1 X142.49 Y134.46 E.02474
G1 X142.49 Y136.04 E.04709
G1 X141.66 Y136.04 E.02474
G1 F3600
G1 X106.84 Y136.04 E1.03782
G1 X106.21 Y136.04 E.01878
G1 X106.21 Y134.5 E.0459
G1 E-.728 F1800
;WIPE_START
G1 F30000
G1 X107.41 Y134.499 E-.072
;WIPE_END
G1 X106.806 Y135.25 Z11.6
G1 Z11.2
G1 E.8 F1800
SET_VELOCITY_LIMIT ACCEL=10000
;TYPE:Gap infill
;WIDTH:0.431684
G1 F15000
G1 X141.894 Y135.25 E1.07824
G1 E-.728 F1800
;WIPE_START
G1 F30000
G1 X140.694 Y135.25 E-.072
;WIPE_END
G1 X133.062 Y135.187 Z11.6
G1 X92.598 Y134.852 Z11.6
G1 Z11.2
G1 E.8 F1800
;TYPE:Inner wall
;WIDTH:0.45
G1 F6000
G1 X92.598 Y135.648 E.02561
G1 X57.102 Y135.648 E1.14214
G1 X57.102 Y134.852 E.02561
G1 X92.558 Y134.852 E1.14085
SET_VELOCITY_LIMIT ACCEL=5000
G1 X92.99 Y134.46 F30000
;TYPE:Outer wall
;WIDTH:0.42
G1 F3600
G1 X92.99 Y136.04 E.04709
G1 X92.36 Y136.04 E.01878
G1 X57.54 Y136.04 E1.03782
G1 F3060
G1 X56.71 Y136.04 E.02474
G1 X56.71 Y134.46 E.04709
G1 X57.54 Y134.46 E.02474
G1 F3600
G1 X92.32 Y134.46 E1.03663
G1 X92.95 Y134.46 E.01878
G1 E-.728 F1800
;WIPE_START
G1 F30000
G1 X92.98 Y135.66 E-.072
;WIPE_END
G1 X92.394 Y135.25 Z11.6
G1 Z11.2
G1 E.8 F1800
SET_VELOCITY_LIMIT ACCEL=10000
;TYPE:Gap infill
;WIDTH:0.431684
G1 F15000
G1 X57.306 Y135.25 E1.07824
G1 E-.728 F1800
;WIPE_START
G1 F30000
G1 X58.506 Y135.25 E-.072
;WIPE_END
G1 X50.873 Y135.191 Z11.6
G1 X6.602 Y134.852 Z11.6
G1 Z11.2
G1 E.8 F1800
;TYPE:Inner wall
;WIDTH:0.45
G1 F6000
G1 X42.098 Y134.852 E1.14214
G1 X42.098 Y135.648 E.02561
G1 X6.602 Y135.648 E1.14214
G1 X6.602 Y134.892 E.02432
SET_VELOCITY_LIMIT ACCEL=5000
G1 X6.21 Y134.46 F30000
;TYPE:Outer wall
;WIDTH:0.42
G1 F3600
G1 X6.84 Y134.46 E.01878
G1 X41.66 Y134.46 E1.03782
G1 F3060
G1 X42.49 Y134.46 E.02474
G1 X42.49 Y136.04 E.04709
G1 X41.66 Y136.04 E.02474
G1 F3600
G1 X6.84 Y136.04 E1.03782
G1 X6.21 Y136.04 E.01878
G1 X6.21 Y134.5 E.0459
G1 E-.728 F1800
;WIPE_START
G1 F30000
G1 X7.41 Y134.499 E-.072
;WIPE_END
G1 X6.806 Y135.25 Z11.6
G1 Z11.2
G1 E.8 F1800
SET_VELOCITY_LIMIT ACCEL=10000
;TYPE:Gap infill
;WIDTH:0.431684
G1 F15000
G1 X41.894 Y135.25 E1.07824
;LAYER_CHANGE
;Z:11.4
;HEIGHT:0.2
;BEFORE_LAYER_CHANGE
;11.4
G92 E0

G1 E-.728 F1800
;WIPE_START
G1 F30000
G1 X40.694 Y135.25 E-.072
;WIPE_END
M73 L57
;LAYER:57
SET_PRINT_STATS_INFO TOTAL_LAYER=80 CURRENT_LAYER=57
;_SET_FAN_SPEED_CHANGING_LAYER

G1 X41.647 Y135.706 Z11.4571
G1 X41.8847 Y136.735 Z11.5143
G1 X41.2285 Y137.562 Z11.5714
G1 X40.1724 Y137.565 Z11.6286
G1 X39.5118 Y136.741 Z11.6857
G1 X39.7441 Y135.711 Z11.7429
G1 X40.6944 Y135.25 Z11.8
G1 X192.598 Y134.852 Z11.8
G1 Z11.4
G1 E.8 F1800
;TYPE:Inner wall
;WIDTH:0.45
G1 F6000
G1 X192.598 Y135.648 E.02561
G1 X156.902 Y135.648 E1.14857
G1 X156.902 Y134.852 E.02561
G1 X192.558 Y134.852 E1.14729
SET_VELOCITY_LIMIT ACCEL=5000
G1 X192.99 Y134.46 F30000
;TYPE:Outer wall
;WIDTH:0.42
G1 F3600
G1 X192.99 Y136.04 E.04709
G1 X192.36 Y136.04 E.01878
G1 X157.34 Y136.04 E1.04378
G1 F3060
G1 X156.51 Y136.04 E.02474
G1 X156.51 Y134.46 E.04709
G1 X157.34 Y134.46 E.02474
G1 F3600
G1 X192.32 Y134.46 E1.04259
G1 X192.95 Y134.46 E.01878
G1 E-.728 F1800
;WIPE_START
G1 F30000
G1 X192.98 Y135.66 E-.072
;WIPE_END
G1 X192.394 Y135.25 Z11.8
G1 Z11.4
G1 E.8 F1800
SET_VELOCITY_LIMIT ACCEL=10000
;TYPE:Gap infill
;WIDTH:0.431684
G1 F15000
G1 X157.106 Y135.25 E1.08439
G1 E-.728 F1800
;WIPE_START
G1 F30000
G1 X158.306 Y135.25 E-.072
;WIPE_END
G1 X150.673 Y135.191 Z11.8
G1 X106.602 Y134.852 Z11.8
M73 P92 R5
G1 Z11.4
G1 E.8 F1800
;TYPE:Inner wall
;WIDTH:0.45
G1 F6000
G1 X142.298 Y134.852 E1.14857
G1 X142.298 Y135.648 E.02561
G1 X106.602 Y135.648 E1.14857
G1 X106.602 Y134.892 E.02432
SET_VELOCITY_LIMIT ACCEL=5000
G1 X106.21 Y134.46 F30000
;TYPE:Outer wall
;WIDTH:0.42
G1 F3600
G1 X106.84 Y134.46 E.01878
G1 X141.86 Y134.46 E1.04378
G1 F3060
G1 X142.69 Y134.46 E.02474
G1 X142.69 Y136.04 E.04709
G1 X141.86 Y136.04 E.02474
G1 F3600
G1 X106.84 Y136.04 E1.04378
G1 X106.21 Y136.04 E.01878
M73 P92 R4
G1 X106.21 Y134.5 E.0459
G1 E-.728 F1800
;WIPE_START
G1 F30000
G1 X107.41 Y134.499 E-.072
;WIPE_END
G1 X106.806 Y135.25 Z11.8
G1 Z11.4
G1 E.8 F1800
SET_VELOCITY_LIMIT ACCEL=10000
;TYPE:Gap infill
;WIDTH:0.431684
G1 F15000
G1 X142.094 Y135.25 E1.08439
G1 E-.728 F1800
;WIPE_START
G1 F30000
G1 X140.894 Y135.25 E-.072
;WIPE_END
G1 X133.262 Y135.187 Z11.8
G1 X92.598 Y134.852 Z11.8
G1 Z11.4
G1 E.8 F1800
;TYPE:Inner wall
;WIDTH:0.45
G1 F6000
G1 X92.598 Y135.648 E.02561
G1 X56.902 Y135.648 E1.14857
G1 X56.902 Y134.852 E.02561
G1 X92.558 Y134.852 E1.14729
SET_VELOCITY_LIMIT ACCEL=5000
G1 X92.99 Y134.46 F30000
;TYPE:Outer wall
;WIDTH:0.42
G1 F3600
G1 X92.99 Y136.04 E.04709
G1 X92.36 Y136.04 E.01878
G1 X57.34 Y136.04 E1.04378
G1 F3060
G1 X56.51 Y136.04 E.02474
G1 X56.51 Y134.46 E.04709
G1 X57.34 Y134.46 E.02474
G1 F3600
G1 X92.32 Y134.46 E1.04259
G1 X92.95 Y134.46 E.01878
G1 E-.728 F1800
;WIPE_START
G1 F30000
G1 X92.98 Y135.66 E-.072
;WIPE_END
G1 X92.394 Y135.25 Z11.8
G1 Z11.4
G1 E.8 F1800
SET_VELOCITY_LIMIT ACCEL=10000
;TYPE:Gap infill
;WIDTH:0.431684
G1 F15000
G1 X57.106 Y135.25 E1.08439
G1 E-.728 F1800
;WIPE_START
G1 F30000
G1 X58.306 Y135.25 E-.072
;WIPE_END
G1 X50.673 Y135.191 Z11.8
G1 X6.602 Y134.852 Z11.8
G1 Z11.4
G1 E.8 F1800
;TYPE:Inner wall
;WIDTH:0.45
G1 F6000
G1 X42.298 Y134.852 E1.14857
G1 X42.298 Y135.648 E.02561
G1 X6.602 Y135.648 E1.14857
G1 X6.602 Y134.892 E.02432
SET_VELOCITY_LIMIT ACCEL=5000
G1 X6.21 Y134.46 F30000
;TYPE:Outer wall
;WIDTH:0.42
G1 F3600
G1 X6.84 Y134.46 E.01878
G1 X41.86 Y134.46 E1.04378
G1 F3060
G1 X42.69 Y134.46 E.02474
G1 X42.69 Y136.04 E.04709
G1 X41.86 Y136.04 E.02474
G1 F3600
G1 X6.84 Y136.04 E1.04378
G1 X6.21 Y136.04 E.01878
G1 X6.21 Y134.5 E.0459
G1 E-.728 F1800
;WIPE_START
G1 F30000
G1 X7.41 Y134.499 E-.072
;WIPE_END
G1 X6.806 Y135.25 Z11.8
G1 Z11.4
G1 E.8 F1800
SET_VELOCITY_LIMIT ACCEL=10000
;TYPE:Gap infill
;WIDTH:0.431684
G1 F15000
G1 X42.094 Y135.25 E1.08439
;LAYER_CHANGE
;Z:11.6
;HEIGHT:0.200001
;BEFORE_LAYER_CHANGE
;11.6
G92 E0

G1 E-.728 F1800
;WIPE_START
G1 F30000
G1 X40.894 Y135.25 E-.072
;WIPE_END
M73 L58
;LAYER:58
SET_PRINT_STATS_INFO TOTAL_LAYER=80 CURRENT_LAYER=58
;_SET_FAN_SPEED_CHANGING_LAYER

G1 X41.847 Y135.706 Z11.6571
G1 X42.0847 Y136.735 Z11.7143
G1 X41.4285 Y137.562 Z11.7714
G1 X40.3724 Y137.565 Z11.8286
G1 X39.7118 Y136.741 Z11.8857
G1 X39.9441 Y135.711 Z11.9429
G1 X40.8944 Y135.25 Z12
G1 X192.598 Y134.852 Z12
G1 Z11.6
G1 E.8 F1800
;TYPE:Inner wall
;WIDTH:0.45
G1 F6000
G1 X192.598 Y135.648 E.02561
G1 X156.702 Y135.648 E1.15501
G1 X156.702 Y134.852 E.02561
G1 X192.558 Y134.852 E1.15372
SET_VELOCITY_LIMIT ACCEL=5000
G1 X192.99 Y134.46 F30000
;TYPE:Outer wall
;WIDTH:0.42
G1 F3600
G1 X192.99 Y136.04 E.04709
G1 X192.36 Y136.04 E.01878
G1 X157.14 Y136.04 E1.04975
G1 F3060
G1 X156.31 Y136.04 E.02474
G1 X156.31 Y134.46 E.04709
G1 X157.14 Y134.46 E.02474
G1 F3600
G1 X192.32 Y134.46 E1.04855
G1 X192.95 Y134.46 E.01878
G1 E-.728 F1800
;WIPE_START
G1 F30000
G1 X192.98 Y135.66 E-.072
;WIPE_END
G1 X192.394 Y135.25 Z12
G1 Z11.6
G1 E.8 F1800
SET_VELOCITY_LIMIT ACCEL=10000
;TYPE:Gap infill
;WIDTH:0.431684
G1 F15000
G1 X156.906 Y135.25 E1.09053
G1 E-.728 F1800
;WIPE_START
G1 F30000
G1 X158.106 Y135.25 E-.072
;WIPE_END
G1 X150.473 Y135.191 Z12
G1 X106.602 Y134.852 Z12
G1 Z11.6
G1 E.8 F1800
;TYPE:Inner wall
;WIDTH:0.45
G1 F6000
G1 X142.498 Y134.852 E1.15501
G1 X142.498 Y135.648 E.02561
G1 X106.602 Y135.648 E1.15501
G1 X106.602 Y134.892 E.02432
SET_VELOCITY_LIMIT ACCEL=5000
G1 X106.21 Y134.46 F30000
;TYPE:Outer wall
;WIDTH:0.42
G1 F3600
G1 X106.84 Y134.46 E.01878
G1 X142.06 Y134.46 E1.04975
G1 F3060
G1 X142.89 Y134.46 E.02474
G1 X142.89 Y136.04 E.04709
G1 X142.06 Y136.04 E.02474
G1 F3600
G1 X106.84 Y136.04 E1.04975
G1 X106.21 Y136.04 E.01878
G1 X106.21 Y134.5 E.0459
G1 E-.728 F1800
;WIPE_START
G1 F30000
G1 X107.41 Y134.499 E-.072
;WIPE_END
G1 X106.806 Y135.25 Z12
G1 Z11.6
G1 E.8 F1800
SET_VELOCITY_LIMIT ACCEL=10000
;TYPE:Gap infill
;WIDTH:0.431684
G1 F15000
G1 X142.294 Y135.25 E1.09053
G1 E-.728 F1800
;WIPE_START
G1 F30000
G1 X141.094 Y135.25 E-.072
;WIPE_END
G1 X133.462 Y135.187 Z12
G1 X92.598 Y134.852 Z12
G1 Z11.6
G1 E.8 F1800
;TYPE:Inner wall
;WIDTH:0.45
G1 F6000
G1 X92.598 Y135.648 E.02561
G1 X56.702 Y135.648 E1.15501
G1 X56.702 Y134.852 E.02561
G1 X92.558 Y134.852 E1.15372
SET_VELOCITY_LIMIT ACCEL=5000
G1 X92.99 Y134.46 F30000
;TYPE:Outer wall
;WIDTH:0.42
G1 F3600
G1 X92.99 Y136.04 E.04709
G1 X92.36 Y136.04 E.01878
G1 X57.14 Y136.04 E1.04975
G1 F3060
G1 X56.31 Y136.04 E.02474
G1 X56.31 Y134.46 E.04709
G1 X57.14 Y134.46 E.02474
G1 F3600
G1 X92.32 Y134.46 E1.04855
G1 X92.95 Y134.46 E.01878
G1 E-.728 F1800
;WIPE_START
G1 F30000
G1 X92.98 Y135.66 E-.072
;WIPE_END
G1 X92.394 Y135.25 Z12
G1 Z11.6
G1 E.8 F1800
SET_VELOCITY_LIMIT ACCEL=10000
;TYPE:Gap infill
;WIDTH:0.431684
G1 F15000
G1 X56.906 Y135.25 E1.09053
G1 E-.728 F1800
;WIPE_START
G1 F30000
G1 X58.106 Y135.25 E-.072
;WIPE_END
G1 X50.473 Y135.191 Z12
G1 X6.602 Y134.852 Z12
G1 Z11.6
G1 E.8 F1800
;TYPE:Inner wall
;WIDTH:0.45
G1 F6000
G1 X42.498 Y134.852 E1.15501
G1 X42.498 Y135.648 E.02561
G1 X6.602 Y135.648 E1.15501
G1 X6.602 Y134.892 E.02432
SET_VELOCITY_LIMIT ACCEL=5000
G1 X6.21 Y134.46 F30000
;TYPE:Outer wall
;WIDTH:0.42
G1 F3600
G1 X6.84 Y134.46 E.01878
G1 X42.06 Y134.46 E1.04975
G1 F3060
G1 X42.89 Y134.46 E.02474
G1 X42.89 Y136.04 E.04709
G1 X42.06 Y136.04 E.02474
G1 F3600
G1 X6.84 Y136.04 E1.04975
G1 X6.21 Y136.04 E.01878
G1 X6.21 Y134.5 E.0459
G1 E-.728 F1800
;WIPE_START
G1 F30000
G1 X7.41 Y134.499 E-.072
;WIPE_END
G1 X6.806 Y135.25 Z12
G1 Z11.6
G1 E.8 F1800
SET_VELOCITY_LIMIT ACCEL=10000
;TYPE:Gap infill
;WIDTH:0.431684
G1 F15000
G1 X42.294 Y135.25 E1.09053
;LAYER_CHANGE
;Z:11.8
;HEIGHT:0.2
;BEFORE_LAYER_CHANGE
;11.8
G92 E0

G1 E-.728 F1800
;WIPE_START
G1 F30000
G1 X41.094 Y135.25 E-.072
;WIPE_END
M73 L59
;LAYER:59
SET_PRINT_STATS_INFO TOTAL_LAYER=80 CURRENT_LAYER=59
;_SET_FAN_SPEED_CHANGING_LAYER

G1 X42.047 Y135.706 Z11.8571
G1 X42.2847 Y136.735 Z11.9143
G1 X41.6285 Y137.562 Z11.9714
G1 X40.5724 Y137.565 Z12.0286
G1 X39.9118 Y136.741 Z12.0857
G1 X40.1441 Y135.711 Z12.1429
G1 X41.0944 Y135.25 Z12.2
G1 X192.598 Y134.852 Z12.2
G1 Z11.8
G1 E.8 F1800
;TYPE:Inner wall
;WIDTH:0.45
G1 F6000
G1 X192.598 Y135.648 E.02561
G1 X156.502 Y135.648 E1.16144
G1 X156.502 Y134.852 E.02561
G1 X192.558 Y134.852 E1.16016
SET_VELOCITY_LIMIT ACCEL=5000
G1 X192.99 Y134.46 F30000
;TYPE:Outer wall
;WIDTH:0.42
G1 F3600
G1 X192.99 Y136.04 E.04709
G1 X192.36 Y136.04 E.01878
G1 X156.94 Y136.04 E1.05571
G1 F3060
G1 X156.11 Y136.04 E.02474
G1 X156.11 Y134.46 E.04709
G1 X156.94 Y134.46 E.02474
G1 F3600
G1 X192.32 Y134.46 E1.05451
G1 X192.95 Y134.46 E.01878
G1 E-.728 F1800
;WIPE_START
G1 F30000
G1 X192.98 Y135.66 E-.072
;WIPE_END
G1 X192.394 Y135.25 Z12.2
G1 Z11.8
G1 E.8 F1800
SET_VELOCITY_LIMIT ACCEL=10000
;TYPE:Gap infill
;WIDTH:0.431684
G1 F15000
G1 X156.706 Y135.25 E1.09668
G1 E-.728 F1800
;WIPE_START
G1 F30000
G1 X157.906 Y135.25 E-.072
;WIPE_END
G1 X150.273 Y135.191 Z12.2
G1 X106.602 Y134.852 Z12.2
G1 Z11.8
G1 E.8 F1800
;TYPE:Inner wall
;WIDTH:0.45
G1 F6000
G1 X142.698 Y134.852 E1.16144
G1 X142.698 Y135.648 E.02561
G1 X106.602 Y135.648 E1.16144
G1 X106.602 Y134.892 E.02432
SET_VELOCITY_LIMIT ACCEL=5000
G1 X106.21 Y134.46 F30000
;TYPE:Outer wall
;WIDTH:0.42
G1 F3600
G1 X106.84 Y134.46 E.01878
G1 X142.26 Y134.46 E1.05571
G1 F3060
G1 X143.09 Y134.46 E.02474
G1 X143.09 Y136.04 E.04709
G1 X142.26 Y136.04 E.02474
G1 F3600
G1 X106.84 Y136.04 E1.05571
G1 X106.21 Y136.04 E.01878
G1 X106.21 Y134.5 E.0459
G1 E-.728 F1800
;WIPE_START
G1 F30000
G1 X107.41 Y134.499 E-.072
;WIPE_END
G1 X106.806 Y135.25 Z12.2
G1 Z11.8
G1 E.8 F1800
SET_VELOCITY_LIMIT ACCEL=10000
;TYPE:Gap infill
;WIDTH:0.431684
G1 F15000
G1 X142.494 Y135.25 E1.09668
G1 E-.728 F1800
;WIPE_START
G1 F30000
G1 X141.294 Y135.25 E-.072
;WIPE_END
G1 X133.662 Y135.188 Z12.2
G1 X92.598 Y134.852 Z12.2
G1 Z11.8
G1 E.8 F1800
;TYPE:Inner wall
;WIDTH:0.45
G1 F6000
G1 X92.598 Y135.648 E.02561
G1 X56.502 Y135.648 E1.16144
G1 X56.502 Y134.852 E.02561
G1 X92.558 Y134.852 E1.16016
SET_VELOCITY_LIMIT ACCEL=5000
G1 X92.99 Y134.46 F30000
;TYPE:Outer wall
;WIDTH:0.42
G1 F3600
G1 X92.99 Y136.04 E.04709
G1 X92.36 Y136.04 E.01878
G1 X56.94 Y136.04 E1.05571
G1 F3060
G1 X56.11 Y136.04 E.02474
G1 X56.11 Y134.46 E.04709
G1 X56.94 Y134.46 E.02474
G1 F3600
G1 X92.32 Y134.46 E1.05451
G1 X92.95 Y134.46 E.01878
G1 E-.728 F1800
;WIPE_START
G1 F30000
G1 X92.98 Y135.66 E-.072
;WIPE_END
G1 X92.394 Y135.25 Z12.2
G1 Z11.8
G1 E.8 F1800
SET_VELOCITY_LIMIT ACCEL=10000
;TYPE:Gap infill
;WIDTH:0.431684
G1 F15000
G1 X56.706 Y135.25 E1.09668
G1 E-.728 F1800
;WIPE_START
G1 F30000
G1 X57.906 Y135.25 E-.072
;WIPE_END
G1 X50.273 Y135.191 Z12.2
G1 X6.602 Y134.852 Z12.2
G1 Z11.8
G1 E.8 F1800
;TYPE:Inner wall
;WIDTH:0.45
G1 F6000
G1 X42.698 Y134.852 E1.16144
G1 X42.698 Y135.648 E.02561
G1 X6.602 Y135.648 E1.16144
G1 X6.602 Y134.892 E.02432
SET_VELOCITY_LIMIT ACCEL=5000
G1 X6.21 Y134.46 F30000
;TYPE:Outer wall
;WIDTH:0.42
G1 F3600
G1 X6.84 Y134.46 E.01878
G1 X42.26 Y134.46 E1.05571
G1 F3060
G1 X43.09 Y134.46 E.02474
G1 X43.09 Y136.04 E.04709
G1 X42.26 Y136.04 E.02474
G1 F3600
G1 X6.84 Y136.04 E1.05571
G1 X6.21 Y136.04 E.01878
G1 X6.21 Y134.5 E.0459
G1 E-.728 F1800
;WIPE_START
G1 F30000
G1 X7.41 Y134.499 E-.072
;WIPE_END
G1 X6.806 Y135.25 Z12.2
G1 Z11.8
G1 E.8 F1800
SET_VELOCITY_LIMIT ACCEL=10000
;TYPE:Gap infill
;WIDTH:0.431684
G1 F15000
G1 X42.494 Y135.25 E1.09668
;LAYER_CHANGE
;Z:12
;HEIGHT:0.2
;BEFORE_LAYER_CHANGE
;12
G92 E0

G1 E-.728 F1800
;WIPE_START
G1 F30000
G1 X41.294 Y135.25 E-.072
;WIPE_END
M73 L60
;LAYER:60
SET_PRINT_STATS_INFO TOTAL_LAYER=80 CURRENT_LAYER=60
;_SET_FAN_SPEED_CHANGING_LAYER

G1 X42.247 Y135.706 Z12.0571
G1 X42.4847 Y136.735 Z12.1143
G1 X41.8285 Y137.562 Z12.1714
G1 X40.7724 Y137.565 Z12.2286
G1 X40.1118 Y136.741 Z12.2857
G1 X40.3441 Y135.711 Z12.3429
G1 X41.2944 Y135.25 Z12.4
G1 X192.598 Y134.852 Z12.4
G1 Z12
G1 E.8 F1800
;TYPE:Inner wall
;WIDTH:0.45
G1 F6000
G1 X192.598 Y135.648 E.02561
G1 X156.302 Y135.648 E1.16788
G1 X156.302 Y134.852 E.02561
G1 X192.558 Y134.852 E1.16659
SET_VELOCITY_LIMIT ACCEL=5000
G1 X192.99 Y134.46 F30000
;TYPE:Outer wall
;WIDTH:0.42
G1 F3600
G1 X192.99 Y136.04 E.04709
G1 X192.36 Y136.04 E.01878
G1 X156.74 Y136.04 E1.06167
G1 F3060
G1 X155.91 Y136.04 E.02474
G1 X155.91 Y134.46 E.04709
G1 X156.74 Y134.46 E.02474
G1 F3600
G1 X192.32 Y134.46 E1.06048
G1 X192.95 Y134.46 E.01878
G1 E-.728 F1800
;WIPE_START
G1 F30000
G1 X192.98 Y135.66 E-.072
;WIPE_END
G1 X192.394 Y135.25 Z12.4
G1 Z12
G1 E.8 F1800
SET_VELOCITY_LIMIT ACCEL=10000
;TYPE:Gap infill
;WIDTH:0.431684
G1 F15000
G1 X156.506 Y135.25 E1.10282
G1 E-.728 F1800
;WIPE_START
G1 F30000
G1 X157.706 Y135.25 E-.072
;WIPE_END
G1 X150.073 Y135.191 Z12.4
G1 X106.602 Y134.852 Z12.4
G1 Z12
G1 E.8 F1800
;TYPE:Inner wall
;WIDTH:0.45
G1 F6000
G1 X142.898 Y134.852 E1.16788
G1 X142.898 Y135.648 E.02561
G1 X106.602 Y135.648 E1.16788
G1 X106.602 Y134.892 E.02432
SET_VELOCITY_LIMIT ACCEL=5000
G1 X106.21 Y134.46 F30000
;TYPE:Outer wall
;WIDTH:0.42
G1 F3600
G1 X106.84 Y134.46 E.01878
G1 X142.46 Y134.46 E1.06167
G1 F3060
G1 X143.29 Y134.46 E.02474
G1 X143.29 Y136.04 E.04709
G1 X142.46 Y136.04 E.02474
G1 F3600
G1 X106.84 Y136.04 E1.06167
G1 X106.21 Y136.04 E.01878
G1 X106.21 Y134.5 E.0459
G1 E-.728 F1800
;WIPE_START
G1 F30000
G1 X107.41 Y134.499 E-.072
;WIPE_END
G1 X106.806 Y135.25 Z12.4
G1 Z12
G1 E.8 F1800
SET_VELOCITY_LIMIT ACCEL=10000
;TYPE:Gap infill
;WIDTH:0.431684
G1 F15000
G1 X142.694 Y135.25 E1.10282
G1 E-.728 F1800
;WIPE_START
G1 F30000
G1 X141.494 Y135.25 E-.072
;WIPE_END
G1 X133.862 Y135.188 Z12.4
G1 X92.598 Y134.852 Z12.4
G1 Z12
G1 E.8 F1800
;TYPE:Inner wall
;WIDTH:0.45
G1 F6000
G1 X92.598 Y135.648 E.02561
G1 X56.302 Y135.648 E1.16788
G1 X56.302 Y134.852 E.02561
M73 P93 R4
G1 X92.558 Y134.852 E1.16659
SET_VELOCITY_LIMIT ACCEL=5000
G1 X92.99 Y134.46 F30000
;TYPE:Outer wall
;WIDTH:0.42
G1 F3600
G1 X92.99 Y136.04 E.04709
G1 X92.36 Y136.04 E.01878
G1 X56.74 Y136.04 E1.06167
G1 F3060
G1 X55.91 Y136.04 E.02474
G1 X55.91 Y134.46 E.04709
G1 X56.74 Y134.46 E.02474
G1 F3600
G1 X92.32 Y134.46 E1.06048
G1 X92.95 Y134.46 E.01878
G1 E-.728 F1800
;WIPE_START
G1 F30000
G1 X92.98 Y135.66 E-.072
;WIPE_END
G1 X92.394 Y135.25 Z12.4
G1 Z12
G1 E.8 F1800
SET_VELOCITY_LIMIT ACCEL=10000
;TYPE:Gap infill
;WIDTH:0.431684
G1 F15000
G1 X56.506 Y135.25 E1.10282
G1 E-.728 F1800
;WIPE_START
G1 F30000
G1 X57.706 Y135.25 E-.072
;WIPE_END
G1 X50.073 Y135.191 Z12.4
G1 X6.602 Y134.852 Z12.4
G1 Z12
G1 E.8 F1800
;TYPE:Inner wall
;WIDTH:0.45
G1 F6000
G1 X42.898 Y134.852 E1.16788
G1 X42.898 Y135.648 E.02561
G1 X6.602 Y135.648 E1.16788
G1 X6.602 Y134.892 E.02432
SET_VELOCITY_LIMIT ACCEL=5000
G1 X6.21 Y134.46 F30000
;TYPE:Outer wall
;WIDTH:0.42
G1 F3600
G1 X6.84 Y134.46 E.01878
G1 X42.46 Y134.46 E1.06167
G1 F3060
G1 X43.29 Y134.46 E.02474
G1 X43.29 Y136.04 E.04709
G1 X42.46 Y136.04 E.02474
G1 F3600
G1 X6.84 Y136.04 E1.06167
G1 X6.21 Y136.04 E.01878
G1 X6.21 Y134.5 E.0459
G1 E-.728 F1800
;WIPE_START
G1 F30000
G1 X7.41 Y134.499 E-.072
;WIPE_END
G1 X6.806 Y135.25 Z12.4
G1 Z12
G1 E.8 F1800
SET_VELOCITY_LIMIT ACCEL=10000
;TYPE:Gap infill
;WIDTH:0.431684
G1 F15000
G1 X42.694 Y135.25 E1.10282
;LAYER_CHANGE
;Z:12.2
;HEIGHT:0.2
;BEFORE_LAYER_CHANGE
;12.2
G92 E0

G1 E-.728 F1800
;WIPE_START
G1 F30000
G1 X41.494 Y135.25 E-.072
;WIPE_END
M73 L61
;LAYER:61
SET_PRINT_STATS_INFO TOTAL_LAYER=80 CURRENT_LAYER=61
;_SET_FAN_SPEED_CHANGING_LAYER

G1 X42.447 Y135.706 Z12.2571
G1 X42.6847 Y136.735 Z12.3143
G1 X42.0285 Y137.562 Z12.3714
G1 X40.9725 Y137.565 Z12.4286
G1 X40.3119 Y136.741 Z12.4857
G1 X40.5441 Y135.711 Z12.5429
G1 X41.4944 Y135.25 Z12.6
G1 X192.598 Y134.852 Z12.6
G1 Z12.2
G1 E.8 F1800
;TYPE:Inner wall
;WIDTH:0.45
G1 F6000
G1 X192.598 Y135.648 E.02561
G1 X156.102 Y135.648 E1.17432
G1 X156.102 Y134.852 E.02561
G1 X192.558 Y134.852 E1.17303
SET_VELOCITY_LIMIT ACCEL=5000
G1 X192.99 Y134.46 F30000
;TYPE:Outer wall
;WIDTH:0.42
G1 F3600
G1 X192.99 Y136.04 E.04709
G1 X192.36 Y136.04 E.01878
G1 X156.54 Y136.04 E1.06763
G1 F3060
G1 X155.71 Y136.04 E.02474
G1 X155.71 Y134.46 E.04709
G1 X156.54 Y134.46 E.02474
G1 F3600
G1 X192.32 Y134.46 E1.06644
G1 X192.95 Y134.46 E.01878
G1 E-.728 F1800
;WIPE_START
G1 F30000
G1 X192.98 Y135.66 E-.072
;WIPE_END
G1 X192.394 Y135.25 Z12.6
G1 Z12.2
G1 E.8 F1800
SET_VELOCITY_LIMIT ACCEL=10000
;TYPE:Gap infill
;WIDTH:0.431684
G1 F15000
G1 X156.306 Y135.25 E1.10897
G1 E-.728 F1800
;WIPE_START
G1 F30000
G1 X157.506 Y135.25 E-.072
;WIPE_END
G1 X149.873 Y135.19 Z12.6
G1 X106.602 Y134.852 Z12.6
G1 Z12.2
G1 E.8 F1800
;TYPE:Inner wall
;WIDTH:0.45
G1 F6000
G1 X143.098 Y134.852 E1.17432
G1 X143.098 Y135.648 E.02561
G1 X106.602 Y135.648 E1.17432
G1 X106.602 Y134.892 E.02432
SET_VELOCITY_LIMIT ACCEL=5000
G1 X106.21 Y134.46 F30000
;TYPE:Outer wall
;WIDTH:0.42
G1 F3600
G1 X106.84 Y134.46 E.01878
G1 X142.66 Y134.46 E1.06763
G1 F3060
G1 X143.49 Y134.46 E.02474
G1 X143.49 Y136.04 E.04709
G1 X142.66 Y136.04 E.02474
G1 F3600
G1 X106.84 Y136.04 E1.06763
G1 X106.21 Y136.04 E.01878
G1 X106.21 Y134.5 E.0459
G1 E-.728 F1800
;WIPE_START
G1 F30000
G1 X107.41 Y134.499 E-.072
;WIPE_END
G1 X106.806 Y135.25 Z12.6
G1 Z12.2
G1 E.8 F1800
SET_VELOCITY_LIMIT ACCEL=10000
;TYPE:Gap infill
;WIDTH:0.431684
G1 F15000
G1 X142.894 Y135.25 E1.10897
G1 E-.728 F1800
;WIPE_START
G1 F30000
G1 X141.694 Y135.25 E-.072
;WIPE_END
G1 X134.062 Y135.188 Z12.6
G1 X92.598 Y134.852 Z12.6
G1 Z12.2
G1 E.8 F1800
;TYPE:Inner wall
;WIDTH:0.45
G1 F6000
G1 X92.598 Y135.648 E.02561
G1 X56.102 Y135.648 E1.17432
G1 X56.102 Y134.852 E.02561
G1 X92.558 Y134.852 E1.17303
SET_VELOCITY_LIMIT ACCEL=5000
G1 X92.99 Y134.46 F30000
;TYPE:Outer wall
;WIDTH:0.42
G1 F3600
G1 X92.99 Y136.04 E.04709
G1 X92.36 Y136.04 E.01878
G1 X56.54 Y136.04 E1.06763
G1 F3060
G1 X55.71 Y136.04 E.02474
G1 X55.71 Y134.46 E.04709
G1 X56.54 Y134.46 E.02474
G1 F3600
G1 X92.32 Y134.46 E1.06644
G1 X92.95 Y134.46 E.01878
G1 E-.728 F1800
;WIPE_START
G1 F30000
G1 X92.98 Y135.66 E-.072
;WIPE_END
G1 X92.394 Y135.25 Z12.6
G1 Z12.2
G1 E.8 F1800
SET_VELOCITY_LIMIT ACCEL=10000
;TYPE:Gap infill
;WIDTH:0.431684
G1 F15000
G1 X56.306 Y135.25 E1.10897
G1 E-.728 F1800
;WIPE_START
G1 F30000
G1 X57.506 Y135.25 E-.072
;WIPE_END
G1 X49.873 Y135.19 Z12.6
G1 X6.602 Y134.852 Z12.6
G1 Z12.2
G1 E.8 F1800
;TYPE:Inner wall
;WIDTH:0.45
G1 F6000
G1 X43.098 Y134.852 E1.17432
G1 X43.098 Y135.648 E.02561
G1 X6.602 Y135.648 E1.17432
G1 X6.602 Y134.892 E.02432
SET_VELOCITY_LIMIT ACCEL=5000
G1 X6.21 Y134.46 F30000
;TYPE:Outer wall
;WIDTH:0.42
G1 F3600
G1 X6.84 Y134.46 E.01878
G1 X42.66 Y134.46 E1.06763
G1 F3060
G1 X43.49 Y134.46 E.02474
G1 X43.49 Y136.04 E.04709
G1 X42.66 Y136.04 E.02474
G1 F3600
G1 X6.84 Y136.04 E1.06763
G1 X6.21 Y136.04 E.01878
G1 X6.21 Y134.5 E.0459
G1 E-.728 F1800
;WIPE_START
G1 F30000
G1 X7.41 Y134.499 E-.072
;WIPE_END
G1 X6.806 Y135.25 Z12.6
G1 Z12.2
G1 E.8 F1800
SET_VELOCITY_LIMIT ACCEL=10000
;TYPE:Gap infill
;WIDTH:0.431684
G1 F15000
G1 X42.894 Y135.25 E1.10897
;LAYER_CHANGE
;Z:12.4
;HEIGHT:0.2
;BEFORE_LAYER_CHANGE
;12.4
G92 E0

G1 E-.728 F1800
;WIPE_START
G1 F30000
G1 X41.694 Y135.25 E-.072
;WIPE_END
M73 L62
;LAYER:62
SET_PRINT_STATS_INFO TOTAL_LAYER=80 CURRENT_LAYER=62
;_SET_FAN_SPEED_CHANGING_LAYER

G1 X42.647 Y135.706 Z12.4571
G1 X42.8848 Y136.735 Z12.5143
G1 X42.2285 Y137.562 Z12.5714
G1 X41.1725 Y137.565 Z12.6286
G1 X40.5119 Y136.741 Z12.6857
G1 X40.7441 Y135.711 Z12.7429
G1 X41.6944 Y135.25 Z12.8
G1 X192.598 Y134.852 Z12.8
G1 Z12.4
G1 E.8 F1800
;TYPE:Inner wall
;WIDTH:0.45
G1 F6000
G1 X192.598 Y135.648 E.02561
G1 X155.902 Y135.648 E1.18075
G1 X155.902 Y134.852 E.02561
G1 X192.558 Y134.852 E1.17946
SET_VELOCITY_LIMIT ACCEL=5000
G1 X192.99 Y134.46 F30000
;TYPE:Outer wall
;WIDTH:0.42
G1 F3600
G1 X192.99 Y136.04 E.04709
G1 X192.36 Y136.04 E.01878
G1 X156.34 Y136.04 E1.07359
G1 F3060
G1 X155.51 Y136.04 E.02474
G1 X155.51 Y134.46 E.04709
G1 X156.34 Y134.46 E.02474
G1 F3600
G1 X192.32 Y134.46 E1.0724
G1 X192.95 Y134.46 E.01878
G1 E-.728 F1800
;WIPE_START
G1 F30000
G1 X192.98 Y135.66 E-.072
;WIPE_END
G1 X192.394 Y135.25 Z12.8
G1 Z12.4
G1 E.8 F1800
SET_VELOCITY_LIMIT ACCEL=10000
;TYPE:Gap infill
;WIDTH:0.431684
G1 F15000
G1 X156.106 Y135.25 E1.11512
G1 E-.728 F1800
;WIPE_START
G1 F30000
G1 X157.306 Y135.25 E-.072
;WIPE_END
G1 X149.673 Y135.19 Z12.8
G1 X106.602 Y134.852 Z12.8
G1 Z12.4
G1 E.8 F1800
;TYPE:Inner wall
;WIDTH:0.45
G1 F6000
G1 X143.298 Y134.852 E1.18075
G1 X143.298 Y135.648 E.02561
G1 X106.602 Y135.648 E1.18075
G1 X106.602 Y134.892 E.02432
SET_VELOCITY_LIMIT ACCEL=5000
G1 X106.21 Y134.46 F30000
;TYPE:Outer wall
;WIDTH:0.42
G1 F3600
G1 X106.84 Y134.46 E.01878
G1 X142.86 Y134.46 E1.07359
G1 F3060
G1 X143.69 Y134.46 E.02474
G1 X143.69 Y136.04 E.04709
G1 X142.86 Y136.04 E.02474
G1 F3600
G1 X106.84 Y136.04 E1.07359
G1 X106.21 Y136.04 E.01878
G1 X106.21 Y134.5 E.0459
G1 E-.728 F1800
;WIPE_START
G1 F30000
G1 X107.41 Y134.499 E-.072
;WIPE_END
G1 X106.806 Y135.25 Z12.8
G1 Z12.4
G1 E.8 F1800
SET_VELOCITY_LIMIT ACCEL=10000
;TYPE:Gap infill
;WIDTH:0.431684
G1 F15000
G1 X143.094 Y135.25 E1.11512
G1 E-.728 F1800
;WIPE_START
G1 F30000
G1 X141.894 Y135.25 E-.072
;WIPE_END
G1 X134.262 Y135.188 Z12.8
G1 X92.598 Y134.852 Z12.8
G1 Z12.4
G1 E.8 F1800
;TYPE:Inner wall
;WIDTH:0.45
G1 F6000
G1 X92.598 Y135.648 E.02561
G1 X55.902 Y135.648 E1.18075
G1 X55.902 Y134.852 E.02561
G1 X92.558 Y134.852 E1.17946
SET_VELOCITY_LIMIT ACCEL=5000
G1 X92.99 Y134.46 F30000
;TYPE:Outer wall
;WIDTH:0.42
G1 F3600
G1 X92.99 Y136.04 E.04709
G1 X92.36 Y136.04 E.01878
G1 X56.34 Y136.04 E1.07359
G1 F3060
M73 P93 R3
G1 X55.51 Y136.04 E.02474
G1 X55.51 Y134.46 E.04709
G1 X56.34 Y134.46 E.02474
G1 F3600
G1 X92.32 Y134.46 E1.0724
G1 X92.95 Y134.46 E.01878
G1 E-.728 F1800
;WIPE_START
G1 F30000
G1 X92.98 Y135.66 E-.072
;WIPE_END
G1 X92.394 Y135.25 Z12.8
G1 Z12.4
G1 E.8 F1800
SET_VELOCITY_LIMIT ACCEL=10000
;TYPE:Gap infill
;WIDTH:0.431684
G1 F15000
G1 X56.106 Y135.25 E1.11512
G1 E-.728 F1800
;WIPE_START
G1 F30000
G1 X57.306 Y135.25 E-.072
;WIPE_END
G1 X49.673 Y135.19 Z12.8
G1 X6.602 Y134.852 Z12.8
G1 Z12.4
G1 E.8 F1800
;TYPE:Inner wall
;WIDTH:0.45
G1 F6000
G1 X43.298 Y134.852 E1.18075
G1 X43.298 Y135.648 E.02561
G1 X6.602 Y135.648 E1.18075
G1 X6.602 Y134.892 E.02432
SET_VELOCITY_LIMIT ACCEL=5000
G1 X6.21 Y134.46 F30000
;TYPE:Outer wall
;WIDTH:0.42
G1 F3600
G1 X6.84 Y134.46 E.01878
G1 X42.86 Y134.46 E1.07359
G1 F3060
G1 X43.69 Y134.46 E.02474
G1 X43.69 Y136.04 E.04709
G1 X42.86 Y136.04 E.02474
G1 F3600
G1 X6.84 Y136.04 E1.07359
G1 X6.21 Y136.04 E.01878
G1 X6.21 Y134.5 E.0459
G1 E-.728 F1800
;WIPE_START
G1 F30000
G1 X7.41 Y134.499 E-.072
;WIPE_END
G1 X6.806 Y135.25 Z12.8
G1 Z12.4
G1 E.8 F1800
SET_VELOCITY_LIMIT ACCEL=10000
;TYPE:Gap infill
;WIDTH:0.431684
G1 F15000
G1 X43.094 Y135.25 E1.11512
;LAYER_CHANGE
;Z:12.6
;HEIGHT:0.200001
;BEFORE_LAYER_CHANGE
;12.6
G92 E0

G1 E-.728 F1800
;WIPE_START
G1 F30000
G1 X41.894 Y135.25 E-.072
;WIPE_END
M73 L63
;LAYER:63
SET_PRINT_STATS_INFO TOTAL_LAYER=80 CURRENT_LAYER=63
;_SET_FAN_SPEED_CHANGING_LAYER

G1 X42.847 Y135.706 Z12.6571
G1 X43.0848 Y136.735 Z12.7143
G1 X42.4285 Y137.562 Z12.7714
G1 X41.3725 Y137.565 Z12.8286
G1 X40.7119 Y136.741 Z12.8857
G1 X40.9441 Y135.711 Z12.9429
G1 X41.8944 Y135.25 Z13
G1 X192.598 Y134.852 Z13
G1 Z12.6
G1 E.8 F1800
;TYPE:Inner wall
;WIDTH:0.45
G1 F6000
G1 X192.598 Y135.648 E.02561
G1 X155.702 Y135.648 E1.18719
G1 X155.702 Y134.852 E.02561
G1 X192.558 Y134.852 E1.1859
SET_VELOCITY_LIMIT ACCEL=5000
G1 X192.99 Y134.46 F30000
;TYPE:Outer wall
;WIDTH:0.42
G1 F3600
G1 X192.99 Y136.04 E.04709
G1 X192.36 Y136.04 E.01878
G1 X156.14 Y136.04 E1.07955
G1 F3060
G1 X155.31 Y136.04 E.02474
G1 X155.31 Y134.46 E.04709
G1 X156.14 Y134.46 E.02474
G1 F3600
G1 X192.32 Y134.46 E1.07836
G1 X192.95 Y134.46 E.01878
G1 E-.728 F1800
;WIPE_START
G1 F30000
G1 X192.98 Y135.66 E-.072
;WIPE_END
G1 X192.394 Y135.25 Z13
G1 Z12.6
G1 E.8 F1800
SET_VELOCITY_LIMIT ACCEL=10000
;TYPE:Gap infill
;WIDTH:0.431684
G1 F15000
G1 X155.906 Y135.25 E1.12126
G1 E-.728 F1800
;WIPE_START
G1 F30000
G1 X157.106 Y135.25 E-.072
;WIPE_END
G1 X149.473 Y135.19 Z13
G1 X106.602 Y134.852 Z13
G1 Z12.6
G1 E.8 F1800
;TYPE:Inner wall
;WIDTH:0.45
G1 F6000
G1 X143.498 Y134.852 E1.18719
G1 X143.498 Y135.648 E.02561
G1 X106.602 Y135.648 E1.18719
G1 X106.602 Y134.892 E.02432
SET_VELOCITY_LIMIT ACCEL=5000
G1 X106.21 Y134.46 F30000
;TYPE:Outer wall
;WIDTH:0.42
G1 F3600
G1 X106.84 Y134.46 E.01878
G1 X143.06 Y134.46 E1.07955
G1 F3060
G1 X143.89 Y134.46 E.02474
G1 X143.89 Y136.04 E.04709
G1 X143.06 Y136.04 E.02474
G1 F3600
G1 X106.84 Y136.04 E1.07955
G1 X106.21 Y136.04 E.01878
G1 X106.21 Y134.5 E.0459
G1 E-.728 F1800
;WIPE_START
G1 F30000
G1 X107.41 Y134.499 E-.072
;WIPE_END
G1 X106.806 Y135.25 Z13
G1 Z12.6
G1 E.8 F1800
SET_VELOCITY_LIMIT ACCEL=10000
;TYPE:Gap infill
;WIDTH:0.431684
G1 F15000
G1 X143.294 Y135.25 E1.12126
G1 E-.728 F1800
;WIPE_START
G1 F30000
G1 X142.094 Y135.25 E-.072
;WIPE_END
G1 X134.462 Y135.189 Z13
G1 X92.598 Y134.852 Z13
G1 Z12.6
G1 E.8 F1800
;TYPE:Inner wall
;WIDTH:0.45
G1 F6000
G1 X92.598 Y135.648 E.02561
G1 X55.702 Y135.648 E1.18719
G1 X55.702 Y134.852 E.02561
G1 X92.558 Y134.852 E1.1859
SET_VELOCITY_LIMIT ACCEL=5000
G1 X92.99 Y134.46 F30000
;TYPE:Outer wall
;WIDTH:0.42
G1 F3600
G1 X92.99 Y136.04 E.04709
G1 X92.36 Y136.04 E.01878
G1 X56.14 Y136.04 E1.07955
G1 F3060
G1 X55.31 Y136.04 E.02474
G1 X55.31 Y134.46 E.04709
G1 X56.14 Y134.46 E.02474
G1 F3600
G1 X92.32 Y134.46 E1.07836
G1 X92.95 Y134.46 E.01878
G1 E-.728 F1800
;WIPE_START
G1 F30000
G1 X92.98 Y135.66 E-.072
;WIPE_END
G1 X92.394 Y135.25 Z13
G1 Z12.6
G1 E.8 F1800
SET_VELOCITY_LIMIT ACCEL=10000
;TYPE:Gap infill
;WIDTH:0.431684
G1 F15000
G1 X55.906 Y135.25 E1.12126
G1 E-.728 F1800
;WIPE_START
G1 F30000
G1 X57.106 Y135.25 E-.072
;WIPE_END
G1 X49.473 Y135.19 Z13
G1 X6.602 Y134.852 Z13
G1 Z12.6
G1 E.8 F1800
;TYPE:Inner wall
;WIDTH:0.45
G1 F6000
G1 X43.498 Y134.852 E1.18719
G1 X43.498 Y135.648 E.02561
M73 P94 R3
G1 X6.602 Y135.648 E1.18719
G1 X6.602 Y134.892 E.02432
SET_VELOCITY_LIMIT ACCEL=5000
G1 X6.21 Y134.46 F30000
;TYPE:Outer wall
;WIDTH:0.42
G1 F3600
G1 X6.84 Y134.46 E.01878
G1 X43.06 Y134.46 E1.07955
G1 F3060
G1 X43.89 Y134.46 E.02474
G1 X43.89 Y136.04 E.04709
G1 X43.06 Y136.04 E.02474
G1 F3600
G1 X6.84 Y136.04 E1.07955
G1 X6.21 Y136.04 E.01878
G1 X6.21 Y134.5 E.0459
G1 E-.728 F1800
;WIPE_START
G1 F30000
G1 X7.41 Y134.499 E-.072
;WIPE_END
G1 X6.806 Y135.25 Z13
G1 Z12.6
G1 E.8 F1800
SET_VELOCITY_LIMIT ACCEL=10000
;TYPE:Gap infill
;WIDTH:0.431684
G1 F15000
G1 X43.294 Y135.25 E1.12126
;LAYER_CHANGE
;Z:12.8
;HEIGHT:0.2
;BEFORE_LAYER_CHANGE
;12.8
G92 E0

G1 E-.728 F1800
;WIPE_START
G1 F30000
G1 X42.094 Y135.25 E-.072
;WIPE_END
M73 L64
;LAYER:64
SET_PRINT_STATS_INFO TOTAL_LAYER=80 CURRENT_LAYER=64
;_SET_FAN_SPEED_CHANGING_LAYER

G1 X43.0471 Y135.706 Z12.8571
G1 X43.2848 Y136.735 Z12.9143
G1 X42.6285 Y137.562 Z12.9714
G1 X41.5725 Y137.565 Z13.0286
G1 X40.9119 Y136.741 Z13.0857
G1 X41.1441 Y135.711 Z13.1429
G1 X42.0944 Y135.25 Z13.2
G1 X192.598 Y134.852 Z13.2
G1 Z12.8
G1 E.8 F1800
;TYPE:Inner wall
;WIDTH:0.45
G1 F6000
G1 X192.598 Y135.648 E.02561
G1 X155.502 Y135.648 E1.19362
G1 X155.502 Y134.852 E.02561
G1 X192.558 Y134.852 E1.19233
SET_VELOCITY_LIMIT ACCEL=5000
G1 X192.99 Y134.46 F30000
;TYPE:Outer wall
;WIDTH:0.42
G1 F3600
G1 X192.99 Y136.04 E.04709
G1 X192.36 Y136.04 E.01878
G1 X155.94 Y136.04 E1.08551
G1 F3060
G1 X155.11 Y136.04 E.02474
G1 X155.11 Y134.46 E.04709
G1 X155.94 Y134.46 E.02474
G1 F3600
G1 X192.32 Y134.46 E1.08432
G1 X192.95 Y134.46 E.01878
G1 E-.728 F1800
;WIPE_START
G1 F30000
G1 X192.98 Y135.66 E-.072
;WIPE_END
G1 X192.394 Y135.25 Z13.2
G1 Z12.8
G1 E.8 F1800
SET_VELOCITY_LIMIT ACCEL=10000
;TYPE:Gap infill
;WIDTH:0.431684
G1 F15000
G1 X155.706 Y135.25 E1.12741
G1 E-.728 F1800
;WIPE_START
G1 F30000
G1 X156.906 Y135.25 E-.072
;WIPE_END
G1 X149.273 Y135.19 Z13.2
G1 X106.602 Y134.852 Z13.2
G1 Z12.8
G1 E.8 F1800
;TYPE:Inner wall
;WIDTH:0.45
G1 F6000
G1 X143.698 Y134.852 E1.19362
G1 X143.698 Y135.648 E.02561
G1 X106.602 Y135.648 E1.19362
G1 X106.602 Y134.892 E.02432
SET_VELOCITY_LIMIT ACCEL=5000
G1 X106.21 Y134.46 F30000
;TYPE:Outer wall
;WIDTH:0.42
G1 F3600
G1 X106.84 Y134.46 E.01878
G1 X143.26 Y134.46 E1.08551
G1 F3060
G1 X144.09 Y134.46 E.02474
G1 X144.09 Y136.04 E.04709
G1 X143.26 Y136.04 E.02474
G1 F3600
G1 X106.84 Y136.04 E1.08551
G1 X106.21 Y136.04 E.01878
G1 X106.21 Y134.5 E.0459
G1 E-.728 F1800
;WIPE_START
G1 F30000
G1 X107.41 Y134.499 E-.072
;WIPE_END
G1 X106.806 Y135.25 Z13.2
G1 Z12.8
G1 E.8 F1800
SET_VELOCITY_LIMIT ACCEL=10000
;TYPE:Gap infill
;WIDTH:0.431684
G1 F15000
G1 X143.494 Y135.25 E1.12741
G1 E-.728 F1800
;WIPE_START
G1 F30000
G1 X142.294 Y135.25 E-.072
;WIPE_END
G1 X134.662 Y135.189 Z13.2
G1 X92.598 Y134.852 Z13.2
G1 Z12.8
G1 E.8 F1800
;TYPE:Inner wall
;WIDTH:0.45
G1 F6000
G1 X92.598 Y135.648 E.02561
G1 X55.502 Y135.648 E1.19362
G1 X55.502 Y134.852 E.02561
G1 X92.558 Y134.852 E1.19233
SET_VELOCITY_LIMIT ACCEL=5000
G1 X92.99 Y134.46 F30000
;TYPE:Outer wall
;WIDTH:0.42
G1 F3600
G1 X92.99 Y136.04 E.04709
G1 X92.36 Y136.04 E.01878
G1 X55.94 Y136.04 E1.08551
G1 F3060
G1 X55.11 Y136.04 E.02474
G1 X55.11 Y134.46 E.04709
G1 X55.94 Y134.46 E.02474
G1 F3600
G1 X92.32 Y134.46 E1.08432
G1 X92.95 Y134.46 E.01878
G1 E-.728 F1800
;WIPE_START
G1 F30000
G1 X92.98 Y135.66 E-.072
;WIPE_END
G1 X92.394 Y135.25 Z13.2
G1 Z12.8
G1 E.8 F1800
SET_VELOCITY_LIMIT ACCEL=10000
;TYPE:Gap infill
;WIDTH:0.431684
G1 F15000
G1 X55.706 Y135.25 E1.12741
G1 E-.728 F1800
;WIPE_START
G1 F30000
G1 X56.906 Y135.25 E-.072
;WIPE_END
G1 X49.273 Y135.19 Z13.2
G1 X6.602 Y134.852 Z13.2
G1 Z12.8
G1 E.8 F1800
;TYPE:Inner wall
;WIDTH:0.45
G1 F6000
G1 X43.698 Y134.852 E1.19362
G1 X43.698 Y135.648 E.02561
G1 X6.602 Y135.648 E1.19362
G1 X6.602 Y134.892 E.02432
SET_VELOCITY_LIMIT ACCEL=5000
G1 X6.21 Y134.46 F30000
;TYPE:Outer wall
;WIDTH:0.42
G1 F3600
G1 X6.84 Y134.46 E.01878
G1 X43.26 Y134.46 E1.08551
G1 F3060
G1 X44.09 Y134.46 E.02474
G1 X44.09 Y136.04 E.04709
G1 X43.26 Y136.04 E.02474
G1 F3600
G1 X6.84 Y136.04 E1.08551
G1 X6.21 Y136.04 E.01878
G1 X6.21 Y134.5 E.0459
G1 E-.728 F1800
;WIPE_START
G1 F30000
G1 X7.41 Y134.499 E-.072
;WIPE_END
G1 X6.806 Y135.25 Z13.2
G1 Z12.8
G1 E.8 F1800
SET_VELOCITY_LIMIT ACCEL=10000
;TYPE:Gap infill
;WIDTH:0.431684
G1 F15000
G1 X43.494 Y135.25 E1.12741
;LAYER_CHANGE
;Z:13
;HEIGHT:0.2
;BEFORE_LAYER_CHANGE
;13
G92 E0

G1 E-.728 F1800
;WIPE_START
G1 F30000
G1 X42.294 Y135.25 E-.072
;WIPE_END
M73 L65
;LAYER:65
SET_PRINT_STATS_INFO TOTAL_LAYER=80 CURRENT_LAYER=65
;_SET_FAN_SPEED_CHANGING_LAYER

G1 X43.2471 Y135.706 Z13.0571
G1 X43.4848 Y136.735 Z13.1143
G1 X42.8285 Y137.562 Z13.1714
G1 X41.7725 Y137.565 Z13.2286
G1 X41.1119 Y136.741 Z13.2857
G1 X41.3441 Y135.711 Z13.3429
G1 X42.2944 Y135.25 Z13.4
G1 X192.598 Y134.852 Z13.4
G1 Z13
G1 E.8 F1800
;TYPE:Inner wall
;WIDTH:0.45
G1 F6000
G1 X192.598 Y135.648 E.02561
G1 X155.302 Y135.648 E1.20006
G1 X155.302 Y134.852 E.02561
G1 X192.558 Y134.852 E1.19877
SET_VELOCITY_LIMIT ACCEL=5000
G1 X192.99 Y134.46 F30000
;TYPE:Outer wall
;WIDTH:0.42
G1 F3600
G1 X192.99 Y136.04 E.04709
G1 X192.36 Y136.04 E.01878
G1 X155.74 Y136.04 E1.09147
G1 F3060
G1 X154.91 Y136.04 E.02474
G1 X154.91 Y134.46 E.04709
G1 X155.74 Y134.46 E.02474
G1 F3600
G1 X192.32 Y134.46 E1.09028
G1 X192.95 Y134.46 E.01878
G1 E-.728 F1800
;WIPE_START
G1 F30000
G1 X192.98 Y135.66 E-.072
;WIPE_END
G1 X192.394 Y135.25 Z13.4
G1 Z13
G1 E.8 F1800
SET_VELOCITY_LIMIT ACCEL=10000
;TYPE:Gap infill
;WIDTH:0.431684
G1 F15000
G1 X155.506 Y135.25 E1.13355
G1 E-.728 F1800
;WIPE_START
G1 F30000
G1 X156.706 Y135.25 E-.072
;WIPE_END
G1 X149.073 Y135.189 Z13.4
G1 X106.602 Y134.852 Z13.4
G1 Z13
G1 E.8 F1800
;TYPE:Inner wall
;WIDTH:0.45
G1 F6000
G1 X143.898 Y134.852 E1.20006
G1 X143.898 Y135.648 E.02561
G1 X106.602 Y135.648 E1.20006
G1 X106.602 Y134.892 E.02432
SET_VELOCITY_LIMIT ACCEL=5000
G1 X106.21 Y134.46 F30000
;TYPE:Outer wall
;WIDTH:0.42
G1 F3600
G1 X106.84 Y134.46 E.01878
G1 X143.46 Y134.46 E1.09147
G1 F3060
G1 X144.29 Y134.46 E.02474
G1 X144.29 Y136.04 E.04709
G1 X143.46 Y136.04 E.02474
G1 F3600
G1 X106.84 Y136.04 E1.09147
G1 X106.21 Y136.04 E.01878
G1 X106.21 Y134.5 E.0459
G1 E-.728 F1800
;WIPE_START
G1 F30000
G1 X107.41 Y134.499 E-.072
;WIPE_END
G1 X106.806 Y135.25 Z13.4
G1 Z13
G1 E.8 F1800
SET_VELOCITY_LIMIT ACCEL=10000
;TYPE:Gap infill
;WIDTH:0.431684
G1 F15000
G1 X143.694 Y135.25 E1.13355
G1 E-.728 F1800
;WIPE_START
G1 F30000
G1 X142.494 Y135.25 E-.072
;WIPE_END
G1 X134.862 Y135.189 Z13.4
G1 X92.598 Y134.852 Z13.4
G1 Z13
G1 E.8 F1800
;TYPE:Inner wall
;WIDTH:0.45
G1 F6000
G1 X92.598 Y135.648 E.02561
G1 X55.302 Y135.648 E1.20006
G1 X55.302 Y134.852 E.02561
G1 X92.558 Y134.852 E1.19877
SET_VELOCITY_LIMIT ACCEL=5000
G1 X92.99 Y134.46 F30000
;TYPE:Outer wall
;WIDTH:0.42
G1 F3600
G1 X92.99 Y136.04 E.04709
G1 X92.36 Y136.04 E.01878
G1 X55.74 Y136.04 E1.09147
G1 F3060
G1 X54.91 Y136.04 E.02474
G1 X54.91 Y134.46 E.04709
G1 X55.74 Y134.46 E.02474
G1 F3600
G1 X92.32 Y134.46 E1.09028
G1 X92.95 Y134.46 E.01878
G1 E-.728 F1800
;WIPE_START
G1 F30000
G1 X92.98 Y135.66 E-.072
;WIPE_END
G1 X92.394 Y135.25 Z13.4
G1 Z13
G1 E.8 F1800
SET_VELOCITY_LIMIT ACCEL=10000
;TYPE:Gap infill
;WIDTH:0.431684
G1 F15000
G1 X55.506 Y135.25 E1.13355
G1 E-.728 F1800
;WIPE_START
G1 F30000
G1 X56.706 Y135.25 E-.072
;WIPE_END
G1 X49.073 Y135.189 Z13.4
G1 X6.602 Y134.852 Z13.4
G1 Z13
G1 E.8 F1800
;TYPE:Inner wall
;WIDTH:0.45
G1 F6000
G1 X43.898 Y134.852 E1.20006
G1 X43.898 Y135.648 E.02561
G1 X6.602 Y135.648 E1.20006
G1 X6.602 Y134.892 E.02432
SET_VELOCITY_LIMIT ACCEL=5000
G1 X6.21 Y134.46 F30000
;TYPE:Outer wall
;WIDTH:0.42
G1 F3600
G1 X6.84 Y134.46 E.01878
G1 X43.46 Y134.46 E1.09147
G1 F3060
G1 X44.29 Y134.46 E.02474
G1 X44.29 Y136.04 E.04709
G1 X43.46 Y136.04 E.02474
G1 F3600
G1 X6.84 Y136.04 E1.09147
G1 X6.21 Y136.04 E.01878
G1 X6.21 Y134.5 E.0459
G1 E-.728 F1800
;WIPE_START
G1 F30000
G1 X7.41 Y134.499 E-.072
;WIPE_END
G1 X6.806 Y135.25 Z13.4
G1 Z13
G1 E.8 F1800
SET_VELOCITY_LIMIT ACCEL=10000
;TYPE:Gap infill
;WIDTH:0.431684
G1 F15000
G1 X43.694 Y135.25 E1.13355
M106 S240
;LAYER_CHANGE
;Z:13.2
;HEIGHT:0.2
;BEFORE_LAYER_CHANGE
;13.2
G92 E0

G1 E-.728 F1800
;WIPE_START
G1 F30000
G1 X42.494 Y135.25 E-.072
;WIPE_END
M73 L66
;LAYER:66
SET_PRINT_STATS_INFO TOTAL_LAYER=80 CURRENT_LAYER=66
;_SET_FAN_SPEED_CHANGING_LAYER

G1 X43.4487 Y135.702 Z13.2571
G1 X43.69 Y136.73 Z13.3143
G1 X43.0368 Y137.56 Z13.3714
G1 X41.9807 Y137.567 Z13.4286
G1 X41.3172 Y136.745 Z13.4857
G1 X41.5458 Y135.714 Z13.5429
G1 X42.4944 Y135.25 Z13.6
G1 X106.602 Y134.852 Z13.6
G1 Z13.2
G1 E.8 F1800
;TYPE:Inner wall
;WIDTH:0.45
G1 F6000
G1 X106.9 Y134.852 E.00959
G1 X143.6 Y134.852 E1.18088
M106 S255
G1 F3000
G1 X144.5 Y134.852 E.02896
G1 F1980
G1 X144.7 Y134.852 E.00644
SET_VELOCITY_LIMIT ACCEL=2500
;TYPE:Overhang wall
;WIDTH:0.4
G1 F3000
G1 X154.5 Y134.852 E.2766
SET_VELOCITY_LIMIT ACCEL=10000
;TYPE:Inner wall
;WIDTH:0.45
G1 F1980
G1 X154.7 Y134.852 E.00644
M106 S240
G1 F3000
G1 X155.6 Y134.852 E.02896
G1 F6000
G1 X192.3 Y134.852 E1.18088
G1 X192.598 Y134.852 E.00959
G1 X192.598 Y135.648 E.02561
G1 X192.3 Y135.648 E.00959
G1 X155.6 Y135.648 E1.18088
M106 S255
G1 F3000
G1 X154.7 Y135.648 E.02896
G1 F1980
G1 X154.5 Y135.648 E.00644
SET_VELOCITY_LIMIT ACCEL=2500
;TYPE:Overhang wall
;WIDTH:0.4
G1 F3000
G1 X144.7 Y135.648 E.2766
SET_VELOCITY_LIMIT ACCEL=10000
;TYPE:Inner wall
;WIDTH:0.45
G1 F1980
G1 X144.5 Y135.648 E.00644
M106 S240
G1 F3000
G1 X143.6 Y135.648 E.02896
G1 F6000
G1 X106.9 Y135.648 E1.18088
G1 X106.602 Y135.648 E.00959
G1 X106.602 Y134.892 E.02433
SET_VELOCITY_LIMIT ACCEL=5000
G1 X106.21 Y134.46 F30000
;TYPE:Outer wall
;WIDTH:0.42
G1 F3600
G1 X106.84 Y134.46 E.01878
G1 X143.66 Y134.46 E1.09743
M106 S255
G1 F3000
G1 X144.5 Y134.46 E.02504
G1 F2580
G1 X144.7 Y134.46 E.00596
SET_VELOCITY_LIMIT ACCEL=2500
;TYPE:Overhang wall
;WIDTH:0.4
G1 F3000
G1 X154.5 Y134.46 E.2766
SET_VELOCITY_LIMIT ACCEL=5000
;TYPE:Outer wall
;WIDTH:0.42
G1 F2580
G1 X154.7 Y134.46 E.00596
M106 S240
G1 F3000
G1 X155.54 Y134.46 E.02504
G1 F3600
G1 X192.36 Y134.46 E1.09743
G1 X192.99 Y134.46 E.01878
G1 X192.99 Y136.04 E.04709
G1 X192.36 Y136.04 E.01878
G1 X155.54 Y136.04 E1.09743
M106 S255
G1 F3000
G1 X154.7 Y136.04 E.02504
G1 F2580
G1 X154.5 Y136.04 E.00596
SET_VELOCITY_LIMIT ACCEL=2500
;TYPE:Overhang wall
;WIDTH:0.4
G1 F3000
G1 X144.7 Y136.04 E.2766
SET_VELOCITY_LIMIT ACCEL=5000
;TYPE:Outer wall
;WIDTH:0.42
G1 F2580
G1 X144.5 Y136.04 E.00596
M106 S240
G1 F3000
G1 X143.66 Y136.04 E.02504
G1 F3600
G1 X106.84 Y136.04 E1.09743
G1 X106.21 Y136.04 E.01878
G1 X106.21 Y134.5 E.0459
G1 E-.728 F1800
;WIPE_START
G1 F30000
G1 X107.41 Y134.499 E-.072
;WIPE_END
G1 X106.806 Y135.25 Z13.6
G1 Z13.2
G1 E.8 F1800
SET_VELOCITY_LIMIT ACCEL=10000
;TYPE:Gap infill
;WIDTH:0.431684
G1 F15000
G1 X192.394 Y135.25 E2.63005
G1 E-.728 F1800
;WIPE_START
G1 F30000
G1 X191.194 Y135.25 E-.072
;WIPE_END
G1 X183.562 Y135.234 Z13.6
G1 X6.602 Y134.852 Z13.6
G1 Z13.2
G1 E.8 F1800
;TYPE:Inner wall
;WIDTH:0.45
G1 F6000
G1 X6.9 Y134.852 E.00959
G1 X43.6 Y134.852 E1.18088
M106 S255
G1 F3000
G1 X44.5 Y134.852 E.02896
G1 F1980
G1 X44.7 Y134.852 E.00644
SET_VELOCITY_LIMIT ACCEL=2500
;TYPE:Overhang wall
;WIDTH:0.4
G1 F3000
G1 X54.5 Y134.852 E.2766
SET_VELOCITY_LIMIT ACCEL=10000
;TYPE:Inner wall
;WIDTH:0.45
G1 F1980
G1 X54.7 Y134.852 E.00644
M106 S240
G1 F3000
G1 X55.6 Y134.852 E.02896
G1 F6000
G1 X92.3 Y134.852 E1.18088
G1 X92.598 Y134.852 E.00959
G1 X92.598 Y135.648 E.02561
G1 X92.3 Y135.648 E.00959
G1 X55.6 Y135.648 E1.18088
M106 S255
G1 F3000
G1 X54.7 Y135.648 E.02896
G1 F1980
G1 X54.5 Y135.648 E.00644
SET_VELOCITY_LIMIT ACCEL=2500
;TYPE:Overhang wall
;WIDTH:0.4
G1 F3000
G1 X44.7 Y135.648 E.2766
SET_VELOCITY_LIMIT ACCEL=10000
;TYPE:Inner wall
;WIDTH:0.45
G1 F1980
G1 X44.5 Y135.648 E.00644
M106 S240
G1 F3000
G1 X43.6 Y135.648 E.02896
G1 F6000
G1 X6.9 Y135.648 E1.18088
G1 X6.602 Y135.648 E.00959
G1 X6.602 Y134.892 E.02433
SET_VELOCITY_LIMIT ACCEL=5000
G1 X6.21 Y134.46 F30000
;TYPE:Outer wall
;WIDTH:0.42
G1 F3600
G1 X6.84 Y134.46 E.01878
G1 X43.66 Y134.46 E1.09743
M106 S255
G1 F3000
G1 X44.5 Y134.46 E.02504
G1 F2580
G1 X44.7 Y134.46 E.00596
SET_VELOCITY_LIMIT ACCEL=2500
;TYPE:Overhang wall
;WIDTH:0.4
G1 F3000
G1 X54.5 Y134.46 E.2766
SET_VELOCITY_LIMIT ACCEL=5000
;TYPE:Outer wall
;WIDTH:0.42
G1 F2580
G1 X54.7 Y134.46 E.00596
M106 S240
G1 F3000
G1 X55.54 Y134.46 E.02504
G1 F3600
G1 X92.36 Y134.46 E1.09743
G1 X92.99 Y134.46 E.01878
G1 X92.99 Y136.04 E.04709
G1 X92.36 Y136.04 E.01878
G1 X55.54 Y136.04 E1.09743
M106 S255
G1 F3000
G1 X54.7 Y136.04 E.02504
G1 F2580
G1 X54.5 Y136.04 E.00596
SET_VELOCITY_LIMIT ACCEL=2500
;TYPE:Overhang wall
;WIDTH:0.4
G1 F3000
G1 X44.7 Y136.04 E.2766
SET_VELOCITY_LIMIT ACCEL=5000
;TYPE:Outer wall
;WIDTH:0.42
G1 F2580
G1 X44.5 Y136.04 E.00596
M106 S240
G1 F3000
G1 X43.66 Y136.04 E.02504
G1 F3600
G1 X6.84 Y136.04 E1.09743
G1 X6.21 Y136.04 E.01878
G1 X6.21 Y134.5 E.0459
G1 E-.728 F1800
;WIPE_START
G1 F30000
G1 X7.41 Y134.499 E-.072
;WIPE_END
G1 X6.806 Y135.25 Z13.6
G1 Z13.2
G1 E.8 F1800
M73 P95 R3
SET_VELOCITY_LIMIT ACCEL=10000
;TYPE:Gap infill
;WIDTH:0.431684
G1 F15000
G1 X92.394 Y135.25 E2.63005
;LAYER_CHANGE
;Z:13.4
;HEIGHT:0.2
;BEFORE_LAYER_CHANGE
;13.4
G92 E0

G1 E-.728 F1800
;WIPE_START
G1 F30000
G1 X91.194 Y135.25 E-.072
;WIPE_END
M73 L67
;LAYER:67
SET_PRINT_STATS_INFO TOTAL_LAYER=80 CURRENT_LAYER=67
;_SET_FAN_SPEED_CHANGING_LAYER

G1 X92.1574 Y135.683 Z13.4571
G1 X92.4188 Y136.707 Z13.5143
G1 X91.782 Y137.549 Z13.5714
G1 X90.7263 Y137.576 Z13.6286
G1 X90.0467 Y136.768 Z13.6857
G1 X90.2551 Y135.733 Z13.7429
G1 X91.1944 Y135.25 Z13.8
G1 X106.602 Y134.852 Z13.8
G1 Z13.4
G1 E.8 F1800
;TYPE:Inner wall
;WIDTH:0.45
G1 F6000
G1 X192.598 Y134.852 E2.76706
G1 X192.598 Y135.648 E.02561
G1 X106.602 Y135.648 E2.76706
G1 X106.602 Y134.892 E.02432
SET_VELOCITY_LIMIT ACCEL=5000
G1 X106.21 Y134.46 F30000
;TYPE:Outer wall
;WIDTH:0.42
G1 F3600
G1 X192.99 Y134.46 E2.58651
G1 X192.99 Y136.04 E.04709
G1 X106.21 Y136.04 E2.58651
G1 X106.21 Y134.5 E.0459
G1 E-.728 F1800
;WIPE_START
G1 F30000
G1 X107.41 Y134.499 E-.072
;WIPE_END
G1 X106.806 Y135.25 Z13.8
G1 Z13.4
G1 E.8 F1800
SET_VELOCITY_LIMIT ACCEL=10000
;TYPE:Gap infill
;WIDTH:0.431684
G1 F15000
G1 X192.394 Y135.25 E2.63005
G1 E-.728 F1800
;WIPE_START
G1 F30000
G1 X191.194 Y135.25 E-.072
;WIPE_END
G1 X183.562 Y135.234 Z13.8
G1 X6.602 Y134.852 Z13.8
G1 Z13.4
G1 E.8 F1800
;TYPE:Inner wall
;WIDTH:0.45
G1 F6000
G1 X92.598 Y134.852 E2.76706
G1 X92.598 Y135.648 E.02561
G1 X6.602 Y135.648 E2.76706
G1 X6.602 Y134.892 E.02432
SET_VELOCITY_LIMIT ACCEL=5000
G1 X6.21 Y134.46 F30000
;TYPE:Outer wall
;WIDTH:0.42
G1 F3600
G1 X92.99 Y134.46 E2.58651
G1 X92.99 Y136.04 E.04709
M73 P95 R2
G1 X6.21 Y136.04 E2.58651
G1 X6.21 Y134.5 E.0459
G1 E-.728 F1800
;WIPE_START
G1 F30000
G1 X7.41 Y134.499 E-.072
;WIPE_END
G1 X6.806 Y135.25 Z13.8
G1 Z13.4
G1 E.8 F1800
SET_VELOCITY_LIMIT ACCEL=10000
;TYPE:Gap infill
;WIDTH:0.431684
G1 F15000
G1 X92.394 Y135.25 E2.63005
;LAYER_CHANGE
;Z:13.6
;HEIGHT:0.200001
;BEFORE_LAYER_CHANGE
;13.6
G92 E0

G1 E-.728 F1800
;WIPE_START
G1 F30000
G1 X91.194 Y135.25 E-.072
;WIPE_END
M73 L68
;LAYER:68
SET_PRINT_STATS_INFO TOTAL_LAYER=80 CURRENT_LAYER=68
;_SET_FAN_SPEED_CHANGING_LAYER

G1 X92.1574 Y135.683 Z13.6571
G1 X92.4188 Y136.707 Z13.7143
G1 X91.782 Y137.549 Z13.7714
G1 X90.7263 Y137.576 Z13.8286
G1 X90.0467 Y136.768 Z13.8857
G1 X90.2551 Y135.733 Z13.9429
G1 X91.1944 Y135.25 Z14
G1 X106.602 Y134.852 Z14
G1 Z13.6
G1 E.8 F1800
;TYPE:Inner wall
;WIDTH:0.45
G1 F6000
G1 X192.598 Y134.852 E2.76706
G1 X192.598 Y135.648 E.02561
G1 X106.602 Y135.648 E2.76706
G1 X106.602 Y134.892 E.02432
SET_VELOCITY_LIMIT ACCEL=5000
G1 X106.21 Y134.46 F30000
;TYPE:Outer wall
;WIDTH:0.42
G1 F3600
G1 X192.99 Y134.46 E2.58651
G1 X192.99 Y136.04 E.04709
G1 X106.21 Y136.04 E2.58651
G1 X106.21 Y134.5 E.0459
G1 E-.728 F1800
;WIPE_START
G1 F30000
G1 X107.41 Y134.499 E-.072
;WIPE_END
G1 X106.806 Y135.25 Z14
G1 Z13.6
G1 E.8 F1800
SET_VELOCITY_LIMIT ACCEL=10000
;TYPE:Gap infill
;WIDTH:0.431684
G1 F15000
G1 X192.394 Y135.25 E2.63005
G1 E-.728 F1800
;WIPE_START
G1 F30000
G1 X191.194 Y135.25 E-.072
;WIPE_END
G1 X183.562 Y135.234 Z14
G1 X6.602 Y134.852 Z14
G1 Z13.6
G1 E.8 F1800
;TYPE:Inner wall
;WIDTH:0.45
G1 F6000
G1 X92.598 Y134.852 E2.76706
G1 X92.598 Y135.648 E.02561
G1 X6.602 Y135.648 E2.76706
G1 X6.602 Y134.892 E.02432
SET_VELOCITY_LIMIT ACCEL=5000
G1 X6.21 Y134.46 F30000
;TYPE:Outer wall
;WIDTH:0.42
G1 F3600
G1 X92.99 Y134.46 E2.58651
G1 X92.99 Y136.04 E.04709
G1 X6.21 Y136.04 E2.58651
G1 X6.21 Y134.5 E.0459
G1 E-.728 F1800
;WIPE_START
G1 F30000
G1 X7.41 Y134.499 E-.072
;WIPE_END
G1 X6.806 Y135.25 Z14
G1 Z13.6
G1 E.8 F1800
SET_VELOCITY_LIMIT ACCEL=10000
;TYPE:Gap infill
;WIDTH:0.431684
G1 F15000
G1 X92.394 Y135.25 E2.63005
;LAYER_CHANGE
;Z:13.8
;HEIGHT:0.2
;BEFORE_LAYER_CHANGE
;13.8
G92 E0

G1 E-.728 F1800
;WIPE_START
G1 F30000
G1 X91.194 Y135.25 E-.072
;WIPE_END
M73 L69
;LAYER:69
SET_PRINT_STATS_INFO TOTAL_LAYER=80 CURRENT_LAYER=69
;_SET_FAN_SPEED_CHANGING_LAYER

G1 X92.1574 Y135.683 Z13.8571
G1 X92.4188 Y136.707 Z13.9143
G1 X91.782 Y137.549 Z13.9714
G1 X90.7263 Y137.576 Z14.0286
G1 X90.0467 Y136.768 Z14.0857
G1 X90.2551 Y135.733 Z14.1429
G1 X91.1944 Y135.25 Z14.2
G1 X106.602 Y134.852 Z14.2
G1 Z13.8
G1 E.8 F1800
;TYPE:Inner wall
;WIDTH:0.45
G1 F6000
G1 X192.598 Y134.852 E2.76706
G1 X192.598 Y135.648 E.02561
G1 X106.602 Y135.648 E2.76706
G1 X106.602 Y134.892 E.02432
SET_VELOCITY_LIMIT ACCEL=5000
G1 X106.21 Y134.46 F30000
;TYPE:Outer wall
;WIDTH:0.42
G1 F3600
G1 X192.99 Y134.46 E2.58651
G1 X192.99 Y136.04 E.04709
G1 X106.21 Y136.04 E2.58651
G1 X106.21 Y134.5 E.0459
G1 E-.728 F1800
;WIPE_START
G1 F30000
G1 X107.41 Y134.499 E-.072
;WIPE_END
G1 X106.806 Y135.25 Z14.2
G1 Z13.8
G1 E.8 F1800
SET_VELOCITY_LIMIT ACCEL=10000
;TYPE:Gap infill
;WIDTH:0.431684
G1 F15000
G1 X192.394 Y135.25 E2.63005
G1 E-.728 F1800
;WIPE_START
G1 F30000
G1 X191.194 Y135.25 E-.072
;WIPE_END
G1 X183.562 Y135.234 Z14.2
G1 X6.602 Y134.852 Z14.2
G1 Z13.8
G1 E.8 F1800
;TYPE:Inner wall
;WIDTH:0.45
G1 F6000
G1 X92.598 Y134.852 E2.76706
G1 X92.598 Y135.648 E.02561
G1 X6.602 Y135.648 E2.76706
G1 X6.602 Y134.892 E.02432
SET_VELOCITY_LIMIT ACCEL=5000
G1 X6.21 Y134.46 F30000
;TYPE:Outer wall
;WIDTH:0.42
G1 F3600
G1 X92.99 Y134.46 E2.58651
G1 X92.99 Y136.04 E.04709
G1 X6.21 Y136.04 E2.58651
G1 X6.21 Y134.5 E.0459
G1 E-.728 F1800
;WIPE_START
G1 F30000
G1 X7.41 Y134.499 E-.072
;WIPE_END
G1 X6.806 Y135.25 Z14.2
G1 Z13.8
G1 E.8 F1800
SET_VELOCITY_LIMIT ACCEL=10000
;TYPE:Gap infill
;WIDTH:0.431684
G1 F15000
G1 X92.394 Y135.25 E2.63005
;LAYER_CHANGE
;Z:14
;HEIGHT:0.2
;BEFORE_LAYER_CHANGE
;14
G92 E0

G1 E-.728 F1800
;WIPE_START
G1 F30000
G1 X91.194 Y135.25 E-.072
;WIPE_END
M73 L70
;LAYER:70
SET_PRINT_STATS_INFO TOTAL_LAYER=80 CURRENT_LAYER=70
;_SET_FAN_SPEED_CHANGING_LAYER

G1 X92.1574 Y135.683 Z14.0571
G1 X92.4188 Y136.707 Z14.1143
G1 X91.782 Y137.549 Z14.1714
G1 X90.7263 Y137.576 Z14.2286
G1 X90.0467 Y136.768 Z14.2857
G1 X90.2551 Y135.733 Z14.3429
G1 X91.1944 Y135.25 Z14.4
G1 X106.602 Y134.852 Z14.4
G1 Z14
G1 E.8 F1800
;TYPE:Inner wall
;WIDTH:0.45
G1 F6000
G1 X192.598 Y134.852 E2.76706
G1 X192.598 Y135.648 E.02561
G1 X106.602 Y135.648 E2.76706
G1 X106.602 Y134.892 E.02432
SET_VELOCITY_LIMIT ACCEL=5000
G1 X106.21 Y134.46 F30000
;TYPE:Outer wall
;WIDTH:0.42
G1 F3600
G1 X192.99 Y134.46 E2.58651
G1 X192.99 Y136.04 E.04709
M73 P96 R2
G1 X106.21 Y136.04 E2.58651
G1 X106.21 Y134.5 E.0459
G1 E-.728 F1800
;WIPE_START
G1 F30000
G1 X107.41 Y134.499 E-.072
;WIPE_END
G1 X106.806 Y135.25 Z14.4
G1 Z14
G1 E.8 F1800
SET_VELOCITY_LIMIT ACCEL=10000
;TYPE:Gap infill
;WIDTH:0.431684
G1 F15000
G1 X192.394 Y135.25 E2.63005
G1 E-.728 F1800
;WIPE_START
G1 F30000
G1 X191.194 Y135.25 E-.072
;WIPE_END
G1 X183.562 Y135.234 Z14.4
G1 X6.602 Y134.852 Z14.4
G1 Z14
G1 E.8 F1800
;TYPE:Inner wall
;WIDTH:0.45
G1 F6000
G1 X92.598 Y134.852 E2.76706
G1 X92.598 Y135.648 E.02561
G1 X6.602 Y135.648 E2.76706
G1 X6.602 Y134.892 E.02432
SET_VELOCITY_LIMIT ACCEL=5000
G1 X6.21 Y134.46 F30000
;TYPE:Outer wall
;WIDTH:0.42
G1 F3600
G1 X92.99 Y134.46 E2.58651
G1 X92.99 Y136.04 E.04709
G1 X6.21 Y136.04 E2.58651
G1 X6.21 Y134.5 E.0459
G1 E-.728 F1800
;WIPE_START
G1 F30000
G1 X7.41 Y134.499 E-.072
;WIPE_END
G1 X6.806 Y135.25 Z14.4
G1 Z14
G1 E.8 F1800
SET_VELOCITY_LIMIT ACCEL=10000
;TYPE:Gap infill
;WIDTH:0.431684
G1 F15000
G1 X92.394 Y135.25 E2.63005
;LAYER_CHANGE
;Z:14.2
;HEIGHT:0.2
;BEFORE_LAYER_CHANGE
;14.2
G92 E0

G1 E-.728 F1800
;WIPE_START
G1 F30000
G1 X91.194 Y135.25 E-.072
;WIPE_END
M73 L71
;LAYER:71
SET_PRINT_STATS_INFO TOTAL_LAYER=80 CURRENT_LAYER=71
;_SET_FAN_SPEED_CHANGING_LAYER

G1 X92.1574 Y135.683 Z14.2571
G1 X92.4188 Y136.707 Z14.3143
G1 X91.782 Y137.549 Z14.3714
G1 X90.7263 Y137.576 Z14.4286
G1 X90.0467 Y136.768 Z14.4857
G1 X90.2551 Y135.733 Z14.5429
G1 X91.1944 Y135.25 Z14.6
G1 X106.602 Y134.852 Z14.6
G1 Z14.2
G1 E.8 F1800
;TYPE:Inner wall
;WIDTH:0.45
G1 F6000
G1 X192.598 Y134.852 E2.76706
G1 X192.598 Y135.648 E.02561
G1 X106.602 Y135.648 E2.76706
G1 X106.602 Y134.892 E.02432
SET_VELOCITY_LIMIT ACCEL=5000
G1 X106.21 Y134.46 F30000
;TYPE:Outer wall
;WIDTH:0.42
G1 F3600
G1 X192.99 Y134.46 E2.58651
G1 X192.99 Y136.04 E.04709
G1 X106.21 Y136.04 E2.58651
G1 X106.21 Y134.5 E.0459
G1 E-.728 F1800
;WIPE_START
G1 F30000
G1 X107.41 Y134.499 E-.072
;WIPE_END
G1 X106.806 Y135.25 Z14.6
G1 Z14.2
G1 E.8 F1800
SET_VELOCITY_LIMIT ACCEL=10000
;TYPE:Gap infill
;WIDTH:0.431684
G1 F15000
G1 X192.394 Y135.25 E2.63005
G1 E-.728 F1800
;WIPE_START
G1 F30000
G1 X191.194 Y135.25 E-.072
;WIPE_END
G1 X183.562 Y135.234 Z14.6
G1 X6.602 Y134.852 Z14.6
G1 Z14.2
G1 E.8 F1800
;TYPE:Inner wall
;WIDTH:0.45
G1 F6000
G1 X92.598 Y134.852 E2.76706
G1 X92.598 Y135.648 E.02561
G1 X6.602 Y135.648 E2.76706
G1 X6.602 Y134.892 E.02432
SET_VELOCITY_LIMIT ACCEL=5000
G1 X6.21 Y134.46 F30000
;TYPE:Outer wall
;WIDTH:0.42
G1 F3600
G1 X92.99 Y134.46 E2.58651
G1 X92.99 Y136.04 E.04709
G1 X6.21 Y136.04 E2.58651
G1 X6.21 Y134.5 E.0459
G1 E-.728 F1800
;WIPE_START
G1 F30000
G1 X7.41 Y134.499 E-.072
;WIPE_END
G1 X6.806 Y135.25 Z14.6
G1 Z14.2
G1 E.8 F1800
SET_VELOCITY_LIMIT ACCEL=10000
;TYPE:Gap infill
;WIDTH:0.431684
G1 F15000
G1 X92.394 Y135.25 E2.63005
;LAYER_CHANGE
;Z:14.4
;HEIGHT:0.2
;BEFORE_LAYER_CHANGE
;14.4
G92 E0

G1 E-.728 F1800
;WIPE_START
G1 F30000
G1 X91.194 Y135.25 E-.072
;WIPE_END
M73 L72
;LAYER:72
SET_PRINT_STATS_INFO TOTAL_LAYER=80 CURRENT_LAYER=72
;_SET_FAN_SPEED_CHANGING_LAYER

G1 X92.1574 Y135.683 Z14.4571
G1 X92.4188 Y136.707 Z14.5143
G1 X91.782 Y137.549 Z14.5714
G1 X90.7263 Y137.576 Z14.6286
G1 X90.0467 Y136.768 Z14.6857
G1 X90.2551 Y135.733 Z14.7429
G1 X91.1944 Y135.25 Z14.8
G1 X106.602 Y134.852 Z14.8
G1 Z14.4
G1 E.8 F1800
;TYPE:Inner wall
;WIDTH:0.45
G1 F6000
G1 X192.598 Y134.852 E2.76706
G1 X192.598 Y135.648 E.02561
G1 X106.602 Y135.648 E2.76706
G1 X106.602 Y134.892 E.02432
SET_VELOCITY_LIMIT ACCEL=5000
G1 X106.21 Y134.46 F30000
;TYPE:Outer wall
;WIDTH:0.42
G1 F3600
G1 X192.99 Y134.46 E2.58651
G1 X192.99 Y136.04 E.04709
G1 X106.21 Y136.04 E2.58651
G1 X106.21 Y134.5 E.0459
G1 E-.728 F1800
;WIPE_START
G1 F30000
G1 X107.41 Y134.499 E-.072
;WIPE_END
G1 X106.806 Y135.25 Z14.8
G1 Z14.4
G1 E.8 F1800
SET_VELOCITY_LIMIT ACCEL=10000
;TYPE:Gap infill
;WIDTH:0.431684
G1 F15000
G1 X192.394 Y135.25 E2.63005
G1 E-.728 F1800
;WIPE_START
G1 F30000
G1 X191.194 Y135.25 E-.072
;WIPE_END
G1 X183.562 Y135.234 Z14.8
G1 X6.602 Y134.852 Z14.8
G1 Z14.4
G1 E.8 F1800
;TYPE:Inner wall
;WIDTH:0.45
G1 F6000
G1 X92.598 Y134.852 E2.76706
G1 X92.598 Y135.648 E.02561
G1 X6.602 Y135.648 E2.76706
G1 X6.602 Y134.892 E.02432
SET_VELOCITY_LIMIT ACCEL=5000
G1 X6.21 Y134.46 F30000
;TYPE:Outer wall
;WIDTH:0.42
G1 F3600
G1 X92.99 Y134.46 E2.58651
G1 X92.99 Y136.04 E.04709
G1 X6.21 Y136.04 E2.58651
G1 X6.21 Y134.5 E.0459
M73 P96 R1
G1 E-.728 F1800
;WIPE_START
G1 F30000
G1 X7.41 Y134.499 E-.072
;WIPE_END
G1 X6.806 Y135.25 Z14.8
G1 Z14.4
G1 E.8 F1800
SET_VELOCITY_LIMIT ACCEL=10000
;TYPE:Gap infill
;WIDTH:0.431684
G1 F15000
G1 X92.394 Y135.25 E2.63005
;LAYER_CHANGE
;Z:14.6
;HEIGHT:0.200001
;BEFORE_LAYER_CHANGE
;14.6
G92 E0

G1 E-.728 F1800
;WIPE_START
G1 F30000
G1 X91.194 Y135.25 E-.072
;WIPE_END
M73 L73
;LAYER:73
SET_PRINT_STATS_INFO TOTAL_LAYER=80 CURRENT_LAYER=73
;_SET_FAN_SPEED_CHANGING_LAYER

G1 X92.1574 Y135.683 Z14.6571
G1 X92.4188 Y136.707 Z14.7143
G1 X91.782 Y137.549 Z14.7714
G1 X90.7263 Y137.576 Z14.8286
G1 X90.0467 Y136.768 Z14.8857
G1 X90.2551 Y135.733 Z14.9429
G1 X91.1944 Y135.25 Z15
G1 X106.602 Y134.852 Z15
G1 Z14.6
G1 E.8 F1800
;TYPE:Inner wall
;WIDTH:0.45
G1 F6000
G1 X192.598 Y134.852 E2.76706
G1 X192.598 Y135.648 E.02561
G1 X106.602 Y135.648 E2.76706
G1 X106.602 Y134.892 E.02432
SET_VELOCITY_LIMIT ACCEL=5000
G1 X106.21 Y134.46 F30000
;TYPE:Outer wall
;WIDTH:0.42
G1 F3600
G1 X192.99 Y134.46 E2.58651
G1 X192.99 Y136.04 E.04709
G1 X106.21 Y136.04 E2.58651
G1 X106.21 Y134.5 E.0459
G1 E-.728 F1800
;WIPE_START
G1 F30000
G1 X107.41 Y134.499 E-.072
;WIPE_END
G1 X106.806 Y135.25 Z15
G1 Z14.6
G1 E.8 F1800
M73 P97 R1
SET_VELOCITY_LIMIT ACCEL=10000
;TYPE:Gap infill
;WIDTH:0.431684
G1 F15000
G1 X192.394 Y135.25 E2.63005
G1 E-.728 F1800
;WIPE_START
G1 F30000
G1 X191.194 Y135.25 E-.072
;WIPE_END
G1 X183.562 Y135.234 Z15
G1 X6.602 Y134.852 Z15
G1 Z14.6
G1 E.8 F1800
;TYPE:Inner wall
;WIDTH:0.45
G1 F6000
G1 X92.598 Y134.852 E2.76706
G1 X92.598 Y135.648 E.02561
G1 X6.602 Y135.648 E2.76706
G1 X6.602 Y134.892 E.02432
SET_VELOCITY_LIMIT ACCEL=5000
G1 X6.21 Y134.46 F30000
;TYPE:Outer wall
;WIDTH:0.42
G1 F3600
G1 X92.99 Y134.46 E2.58651
G1 X92.99 Y136.04 E.04709
G1 X6.21 Y136.04 E2.58651
G1 X6.21 Y134.5 E.0459
G1 E-.728 F1800
;WIPE_START
G1 F30000
G1 X7.41 Y134.499 E-.072
;WIPE_END
G1 X6.806 Y135.25 Z15
G1 Z14.6
G1 E.8 F1800
SET_VELOCITY_LIMIT ACCEL=10000
;TYPE:Gap infill
;WIDTH:0.431684
G1 F15000
G1 X92.394 Y135.25 E2.63005
;LAYER_CHANGE
;Z:14.8
;HEIGHT:0.2
;BEFORE_LAYER_CHANGE
;14.8
G92 E0

G1 E-.728 F1800
;WIPE_START
G1 F30000
G1 X91.194 Y135.25 E-.072
;WIPE_END
M73 L74
;LAYER:74
SET_PRINT_STATS_INFO TOTAL_LAYER=80 CURRENT_LAYER=74
;_SET_FAN_SPEED_CHANGING_LAYER

G1 X92.1574 Y135.683 Z14.8571
G1 X92.4188 Y136.707 Z14.9143
G1 X91.782 Y137.549 Z14.9714
G1 X90.7263 Y137.576 Z15.0286
G1 X90.0467 Y136.768 Z15.0857
G1 X90.2551 Y135.733 Z15.1429
G1 X91.1944 Y135.25 Z15.2
G1 X106.602 Y134.852 Z15.2
G1 Z14.8
G1 E.8 F1800
;TYPE:Inner wall
;WIDTH:0.45
G1 F6000
G1 X192.598 Y134.852 E2.76706
G1 X192.598 Y135.648 E.02561
G1 X106.602 Y135.648 E2.76706
G1 X106.602 Y134.892 E.02432
SET_VELOCITY_LIMIT ACCEL=5000
G1 X106.21 Y134.46 F30000
;TYPE:Outer wall
;WIDTH:0.42
G1 F3600
G1 X192.99 Y134.46 E2.58651
G1 X192.99 Y136.04 E.04709
G1 X106.21 Y136.04 E2.58651
G1 X106.21 Y134.5 E.0459
G1 E-.728 F1800
;WIPE_START
G1 F30000
G1 X107.41 Y134.499 E-.072
;WIPE_END
G1 X106.806 Y135.25 Z15.2
G1 Z14.8
G1 E.8 F1800
SET_VELOCITY_LIMIT ACCEL=10000
;TYPE:Gap infill
;WIDTH:0.431684
G1 F15000
G1 X192.394 Y135.25 E2.63005
G1 E-.728 F1800
;WIPE_START
G1 F30000
G1 X191.194 Y135.25 E-.072
;WIPE_END
G1 X183.562 Y135.234 Z15.2
G1 X6.602 Y134.852 Z15.2
G1 Z14.8
G1 E.8 F1800
;TYPE:Inner wall
;WIDTH:0.45
G1 F6000
G1 X92.598 Y134.852 E2.76706
G1 X92.598 Y135.648 E.02561
G1 X6.602 Y135.648 E2.76706
G1 X6.602 Y134.892 E.02432
SET_VELOCITY_LIMIT ACCEL=5000
G1 X6.21 Y134.46 F30000
;TYPE:Outer wall
;WIDTH:0.42
G1 F3600
G1 X92.99 Y134.46 E2.58651
G1 X92.99 Y136.04 E.04709
G1 X6.21 Y136.04 E2.58651
G1 X6.21 Y134.5 E.0459
G1 E-.728 F1800
;WIPE_START
G1 F30000
G1 X7.41 Y134.499 E-.072
;WIPE_END
G1 X6.806 Y135.25 Z15.2
G1 Z14.8
G1 E.8 F1800
SET_VELOCITY_LIMIT ACCEL=10000
;TYPE:Gap infill
;WIDTH:0.431684
G1 F15000
G1 X92.394 Y135.25 E2.63005
;LAYER_CHANGE
;Z:15
;HEIGHT:0.2
;BEFORE_LAYER_CHANGE
;15
G92 E0

G1 E-.728 F1800
;WIPE_START
G1 F30000
G1 X91.194 Y135.25 E-.072
;WIPE_END
M73 L75
;LAYER:75
SET_PRINT_STATS_INFO TOTAL_LAYER=80 CURRENT_LAYER=75
;_SET_FAN_SPEED_CHANGING_LAYER

G1 X92.1574 Y135.683 Z15.0571
G1 X92.4188 Y136.707 Z15.1143
G1 X91.782 Y137.549 Z15.1714
G1 X90.7263 Y137.576 Z15.2286
G1 X90.0467 Y136.768 Z15.2857
G1 X90.2551 Y135.733 Z15.3429
G1 X91.1944 Y135.25 Z15.4
G1 X106.602 Y134.852 Z15.4
G1 Z15
G1 E.8 F1800
;TYPE:Inner wall
;WIDTH:0.45
G1 F6000
G1 X192.598 Y134.852 E2.76706
G1 X192.598 Y135.648 E.02561
G1 X106.602 Y135.648 E2.76706
G1 X106.602 Y134.892 E.02432
SET_VELOCITY_LIMIT ACCEL=5000
G1 X106.21 Y134.46 F30000
;TYPE:Outer wall
;WIDTH:0.42
G1 F3600
G1 X192.99 Y134.46 E2.58651
G1 X192.99 Y136.04 E.04709
G1 X106.21 Y136.04 E2.58651
G1 X106.21 Y134.5 E.0459
G1 E-.728 F1800
;WIPE_START
G1 F30000
G1 X107.41 Y134.499 E-.072
;WIPE_END
G1 X106.806 Y135.25 Z15.4
G1 Z15
G1 E.8 F1800
SET_VELOCITY_LIMIT ACCEL=10000
;TYPE:Gap infill
;WIDTH:0.431684
G1 F15000
G1 X192.394 Y135.25 E2.63005
G1 E-.728 F1800
;WIPE_START
G1 F30000
G1 X191.194 Y135.25 E-.072
;WIPE_END
G1 X183.562 Y135.234 Z15.4
G1 X6.602 Y134.852 Z15.4
G1 Z15
G1 E.8 F1800
;TYPE:Inner wall
;WIDTH:0.45
G1 F6000
G1 X92.598 Y134.852 E2.76706
G1 X92.598 Y135.648 E.02561
G1 X6.602 Y135.648 E2.76706
G1 X6.602 Y134.892 E.02432
SET_VELOCITY_LIMIT ACCEL=5000
G1 X6.21 Y134.46 F30000
;TYPE:Outer wall
;WIDTH:0.42
G1 F3600
G1 X92.99 Y134.46 E2.58651
G1 X92.99 Y136.04 E.04709
G1 X6.21 Y136.04 E2.58651
G1 X6.21 Y134.5 E.0459
G1 E-.728 F1800
;WIPE_START
G1 F30000
G1 X7.41 Y134.499 E-.072
;WIPE_END
G1 X6.806 Y135.25 Z15.4
G1 Z15
G1 E.8 F1800
SET_VELOCITY_LIMIT ACCEL=10000
;TYPE:Gap infill
;WIDTH:0.431684
G1 F15000
G1 X92.394 Y135.25 E2.63005
;LAYER_CHANGE
;Z:15.2
;HEIGHT:0.2
;BEFORE_LAYER_CHANGE
;15.2
G92 E0

G1 E-.728 F1800
;WIPE_START
G1 F30000
G1 X91.194 Y135.25 E-.072
;WIPE_END
M73 L76
;LAYER:76
SET_PRINT_STATS_INFO TOTAL_LAYER=80 CURRENT_LAYER=76
;_SET_FAN_SPEED_CHANGING_LAYER

G1 X92.1574 Y135.683 Z15.2571
G1 X92.4188 Y136.707 Z15.3143
G1 X91.782 Y137.549 Z15.3714
G1 X90.7263 Y137.576 Z15.4286
G1 X90.0467 Y136.768 Z15.4857
G1 X90.2551 Y135.733 Z15.5429
G1 X91.1944 Y135.25 Z15.6
G1 X106.602 Y134.852 Z15.6
G1 Z15.2
G1 E.8 F1800
;TYPE:Inner wall
;WIDTH:0.45
G1 F6000
G1 X192.598 Y134.852 E2.76706
G1 X192.598 Y135.648 E.02561
G1 X106.602 Y135.648 E2.76706
G1 X106.602 Y134.892 E.02432
SET_VELOCITY_LIMIT ACCEL=5000
G1 X106.21 Y134.46 F30000
;TYPE:Outer wall
;WIDTH:0.42
G1 F3600
G1 X192.99 Y134.46 E2.58651
G1 X192.99 Y136.04 E.04709
G1 X106.21 Y136.04 E2.58651
G1 X106.21 Y134.5 E.0459
G1 E-.728 F1800
;WIPE_START
G1 F30000
G1 X107.41 Y134.499 E-.072
;WIPE_END
G1 X106.806 Y135.25 Z15.6
G1 Z15.2
G1 E.8 F1800
SET_VELOCITY_LIMIT ACCEL=10000
;TYPE:Gap infill
;WIDTH:0.431684
G1 F15000
G1 X192.394 Y135.25 E2.63005
G1 E-.728 F1800
;WIPE_START
G1 F30000
G1 X191.194 Y135.25 E-.072
;WIPE_END
G1 X183.562 Y135.234 Z15.6
G1 X6.602 Y134.852 Z15.6
G1 Z15.2
G1 E.8 F1800
;TYPE:Inner wall
;WIDTH:0.45
G1 F6000
G1 X92.598 Y134.852 E2.76706
G1 X92.598 Y135.648 E.02561
G1 X6.602 Y135.648 E2.76706
G1 X6.602 Y134.892 E.02432
SET_VELOCITY_LIMIT ACCEL=5000
G1 X6.21 Y134.46 F30000
;TYPE:Outer wall
;WIDTH:0.42
G1 F3600
G1 X92.99 Y134.46 E2.58651
G1 X92.99 Y136.04 E.04709
M73 P98 R1
G1 X6.21 Y136.04 E2.58651
G1 X6.21 Y134.5 E.0459
G1 E-.728 F1800
;WIPE_START
G1 F30000
G1 X7.41 Y134.499 E-.072
;WIPE_END
G1 X6.806 Y135.25 Z15.6
G1 Z15.2
G1 E.8 F1800
SET_VELOCITY_LIMIT ACCEL=10000
;TYPE:Gap infill
;WIDTH:0.431684
G1 F15000
G1 X92.394 Y135.25 E2.63005
;LAYER_CHANGE
;Z:15.4
;HEIGHT:0.2
;BEFORE_LAYER_CHANGE
;15.4
G92 E0

G1 E-.728 F1800
;WIPE_START
G1 F30000
G1 X91.194 Y135.25 E-.072
;WIPE_END
M73 L77
;LAYER:77
SET_PRINT_STATS_INFO TOTAL_LAYER=80 CURRENT_LAYER=77
;_SET_FAN_SPEED_CHANGING_LAYER

G1 X92.1574 Y135.683 Z15.4571
G1 X92.4188 Y136.707 Z15.5143
G1 X91.782 Y137.549 Z15.5714
G1 X90.7263 Y137.576 Z15.6286
G1 X90.0467 Y136.768 Z15.6857
G1 X90.2551 Y135.733 Z15.7429
G1 X91.1944 Y135.25 Z15.8
G1 X106.602 Y134.852 Z15.8
G1 Z15.4
G1 E.8 F1800
;TYPE:Inner wall
;WIDTH:0.45
G1 F6000
G1 X192.598 Y134.852 E2.76706
G1 X192.598 Y135.648 E.02561
G1 X106.602 Y135.648 E2.76706
G1 X106.602 Y134.892 E.02432
SET_VELOCITY_LIMIT ACCEL=5000
G1 X106.21 Y134.46 F30000
;TYPE:Outer wall
;WIDTH:0.42
G1 F3600
G1 X192.99 Y134.46 E2.58651
G1 X192.99 Y136.04 E.04709
G1 X106.21 Y136.04 E2.58651
G1 X106.21 Y134.5 E.0459
G1 E-.728 F1800
;WIPE_START
G1 F30000
G1 X107.41 Y134.499 E-.072
;WIPE_END
G1 X106.806 Y135.25 Z15.8
G1 Z15.4
G1 E.8 F1800
SET_VELOCITY_LIMIT ACCEL=10000
;TYPE:Gap infill
;WIDTH:0.431684
G1 F15000
G1 X192.394 Y135.25 E2.63005
G1 E-.728 F1800
;WIPE_START
G1 F30000
G1 X191.194 Y135.25 E-.072
;WIPE_END
G1 X183.562 Y135.234 Z15.8
G1 X6.602 Y134.852 Z15.8
G1 Z15.4
G1 E.8 F1800
;TYPE:Inner wall
;WIDTH:0.45
G1 F6000
G1 X92.598 Y134.852 E2.76706
G1 X92.598 Y135.648 E.02561
G1 X6.602 Y135.648 E2.76706
G1 X6.602 Y134.892 E.02432
SET_VELOCITY_LIMIT ACCEL=5000
G1 X6.21 Y134.46 F30000
;TYPE:Outer wall
;WIDTH:0.42
G1 F3600
G1 X92.99 Y134.46 E2.58651
G1 X92.99 Y136.04 E.04709
G1 X6.21 Y136.04 E2.58651
G1 X6.21 Y134.5 E.0459
G1 E-.728 F1800
;WIPE_START
G1 F30000
G1 X7.41 Y134.499 E-.072
;WIPE_END
G1 X6.806 Y135.25 Z15.8
G1 Z15.4
G1 E.8 F1800
SET_VELOCITY_LIMIT ACCEL=10000
;TYPE:Gap infill
;WIDTH:0.431684
G1 F15000
G1 X92.394 Y135.25 E2.63005
;LAYER_CHANGE
;Z:15.6
;HEIGHT:0.200001
;BEFORE_LAYER_CHANGE
;15.6
G92 E0

G1 E-.728 F1800
;WIPE_START
G1 F30000
G1 X91.194 Y135.25 E-.072
;WIPE_END
M73 L78
;LAYER:78
SET_PRINT_STATS_INFO TOTAL_LAYER=80 CURRENT_LAYER=78
;_SET_FAN_SPEED_CHANGING_LAYER

G1 X92.1574 Y135.683 Z15.6571
G1 X92.4188 Y136.707 Z15.7143
G1 X91.782 Y137.549 Z15.7714
G1 X90.7263 Y137.576 Z15.8286
G1 X90.0467 Y136.768 Z15.8857
G1 X90.2551 Y135.733 Z15.9429
G1 X91.1944 Y135.25 Z16
G1 X106.602 Y134.852 Z16
G1 Z15.6
G1 E.8 F1800
;TYPE:Inner wall
;WIDTH:0.45
G1 F6000
G1 X192.598 Y134.852 E2.76706
G1 X192.598 Y135.648 E.02561
M73 P98 R0
G1 X106.602 Y135.648 E2.76706
G1 X106.602 Y134.892 E.02432
SET_VELOCITY_LIMIT ACCEL=5000
G1 X106.21 Y134.46 F30000
;TYPE:Outer wall
;WIDTH:0.42
G1 F3600
G1 X192.99 Y134.46 E2.58651
G1 X192.99 Y136.04 E.04709
G1 X106.21 Y136.04 E2.58651
G1 X106.21 Y134.5 E.0459
G1 E-.728 F1800
;WIPE_START
G1 F30000
G1 X107.41 Y134.499 E-.072
;WIPE_END
G1 X106.806 Y135.25 Z16
G1 Z15.6
G1 E.8 F1800
SET_VELOCITY_LIMIT ACCEL=10000
;TYPE:Gap infill
;WIDTH:0.431684
G1 F15000
G1 X192.394 Y135.25 E2.63005
G1 E-.728 F1800
;WIPE_START
G1 F30000
G1 X191.194 Y135.25 E-.072
;WIPE_END
G1 X183.562 Y135.234 Z16
G1 X6.602 Y134.852 Z16
G1 Z15.6
G1 E.8 F1800
;TYPE:Inner wall
;WIDTH:0.45
G1 F6000
G1 X92.598 Y134.852 E2.76706
G1 X92.598 Y135.648 E.02561
G1 X6.602 Y135.648 E2.76706
G1 X6.602 Y134.892 E.02432
SET_VELOCITY_LIMIT ACCEL=5000
G1 X6.21 Y134.46 F30000
;TYPE:Outer wall
;WIDTH:0.42
G1 F3600
G1 X92.99 Y134.46 E2.58651
G1 X92.99 Y136.04 E.04709
G1 X6.21 Y136.04 E2.58651
G1 X6.21 Y134.5 E.0459
G1 E-.728 F1800
;WIPE_START
G1 F30000
G1 X7.41 Y134.499 E-.072
;WIPE_END
G1 X6.806 Y135.25 Z16
G1 Z15.6
G1 E.8 F1800
SET_VELOCITY_LIMIT ACCEL=10000
;TYPE:Gap infill
;WIDTH:0.431684
G1 F15000
G1 X92.394 Y135.25 E2.63005
;LAYER_CHANGE
;Z:15.8
;HEIGHT:0.2
;BEFORE_LAYER_CHANGE
;15.8
G92 E0

G1 E-.728 F1800
;WIPE_START
G1 F30000
G1 X91.194 Y135.25 E-.072
;WIPE_END
M73 L79
;LAYER:79
SET_PRINT_STATS_INFO TOTAL_LAYER=80 CURRENT_LAYER=79
;_SET_FAN_SPEED_CHANGING_LAYER

G1 X92.1574 Y135.683 Z15.8571
G1 X92.4188 Y136.707 Z15.9143
G1 X91.782 Y137.549 Z15.9714
G1 X90.7263 Y137.576 Z16.0286
G1 X90.0467 Y136.768 Z16.0857
G1 X90.2551 Y135.733 Z16.1429
G1 X91.1944 Y135.25 Z16.2
G1 X106.602 Y134.852 Z16.2
G1 Z15.8
G1 E.8 F1800
;TYPE:Inner wall
;WIDTH:0.45
G1 F6000
G1 X192.598 Y134.852 E2.76706
G1 X192.598 Y135.648 E.02561
G1 X106.602 Y135.648 E2.76706
G1 X106.602 Y134.892 E.02432
SET_VELOCITY_LIMIT ACCEL=5000
G1 X106.21 Y134.46 F30000
;TYPE:Outer wall
;WIDTH:0.42
G1 F3600
G1 X192.99 Y134.46 E2.58651
G1 X192.99 Y136.04 E.04709
G1 X106.21 Y136.04 E2.58651
G1 X106.21 Y134.5 E.0459
G1 E-.728 F1800
;WIPE_START
G1 F30000
G1 X107.41 Y134.499 E-.072
;WIPE_END
G1 X106.806 Y135.25 Z16.2
G1 Z15.8
G1 E.8 F1800
SET_VELOCITY_LIMIT ACCEL=10000
;TYPE:Gap infill
;WIDTH:0.431684
G1 F15000
G1 X192.394 Y135.25 E2.63005
G1 E-.728 F1800
;WIPE_START
G1 F30000
G1 X191.194 Y135.25 E-.072
;WIPE_END
G1 X183.562 Y135.234 Z16.2
G1 X6.602 Y134.852 Z16.2
G1 Z15.8
G1 E.8 F1800
;TYPE:Inner wall
;WIDTH:0.45
G1 F6000
G1 X92.598 Y134.852 E2.76706
G1 X92.598 Y135.648 E.02561
G1 X6.602 Y135.648 E2.76706
G1 X6.602 Y134.892 E.02432
SET_VELOCITY_LIMIT ACCEL=5000
G1 X6.21 Y134.46 F30000
;TYPE:Outer wall
;WIDTH:0.42
G1 F3600
G1 X92.99 Y134.46 E2.58651
G1 X92.99 Y136.04 E.04709
G1 X6.21 Y136.04 E2.58651
G1 X6.21 Y134.5 E.0459
M73 P99 R0
G1 E-.728 F1800
;WIPE_START
G1 F30000
G1 X7.41 Y134.499 E-.072
;WIPE_END
G1 X6.806 Y135.25 Z16.2
G1 Z15.8
G1 E.8 F1800
SET_VELOCITY_LIMIT ACCEL=10000
;TYPE:Gap infill
;WIDTH:0.431684
G1 F15000
G1 X92.394 Y135.25 E2.63005
M106 S245
;LAYER_CHANGE
;Z:16
;HEIGHT:0.2
;BEFORE_LAYER_CHANGE
;16
G92 E0

G1 E-.728 F1800
;WIPE_START
G1 F30000
G1 X91.194 Y135.25 E-.072
;WIPE_END
M73 L80
;LAYER:80
SET_PRINT_STATS_INFO TOTAL_LAYER=80 CURRENT_LAYER=80
;_SET_FAN_SPEED_CHANGING_LAYER

G1 X92.1686 Y135.658 Z16.0571
G1 X92.4574 Y136.673 Z16.1143
G1 X91.8432 Y137.532 Z16.1714
G1 X90.7886 Y137.588 Z16.2286
G1 X90.0877 Y136.798 Z16.2857
G1 X90.2683 Y135.758 Z16.3429
G1 X91.1944 Y135.25 Z16.4
G1 X106.21 Y134.46 Z16.4
G1 Z16
G1 E.8 F1800
SET_VELOCITY_LIMIT ACCEL=5000
;TYPE:Outer wall
;WIDTH:0.42
G1 F3600
G1 X192.99 Y134.46 E2.58651
G1 X192.99 Y136.04 E.04709
G1 X106.21 Y136.04 E2.58651
G1 X106.21 Y134.5 E.0459
G1 E-.728 F1800
;WIPE_START
G1 F30000
G1 X107.41 Y134.499 E-.072
;WIPE_END
G1 X115.042 Y134.552 Z16.4
G1 X192.801 Y135.087 Z16.4
G1 Z16
G1 E.8 F1800
SET_VELOCITY_LIMIT ACCEL=2000
;TYPE:Top surface
;WIDTH:0.420968
G1 F12000
G1 X192.037 Y135.851 E.03521
G1 X191.502 Y135.851 F30000
G1 F12000
G1 X192.705 Y134.649 E.05541
G1 X192.171 Y134.649 F30000
G1 F12000
G1 X190.968 Y135.851 E.05541
G1 X190.433 Y135.851 F30000
G1 F12000
G1 X191.636 Y134.649 E.05541
G1 X191.101 Y134.649 F30000
G1 F12000
G1 X189.899 Y135.851 E.05541
G1 X189.364 Y135.851 F30000
G1 F12000
G1 X190.567 Y134.649 E.05541
G1 X190.032 Y134.649 F30000
G1 F12000
G1 X188.829 Y135.851 E.05541
G1 X188.295 Y135.851 F30000
G1 F12000
G1 X189.498 Y134.649 E.05541
G1 X188.963 Y134.649 F30000
G1 F12000
G1 X187.76 Y135.851 E.05541
G1 X187.225 Y135.851 F30000
G1 F12000
G1 X188.428 Y134.649 E.05541
G1 X187.894 Y134.649 F30000
G1 F12000
G1 X186.691 Y135.851 E.05541
G1 X186.156 Y135.851 F30000
G1 F12000
G1 X187.359 Y134.649 E.05541
G1 X186.824 Y134.649 F30000
G1 F12000
G1 X185.621 Y135.851 E.05541
G1 X185.087 Y135.851 F30000
G1 F12000
G1 X186.29 Y134.649 E.05541
G1 X185.755 Y134.649 F30000
G1 F12000
G1 X184.552 Y135.851 E.05541
G1 X184.018 Y135.851 F30000
G1 F12000
G1 X185.22 Y134.649 E.05541
G1 X184.686 Y134.649 F30000
G1 F12000
G1 X183.483 Y135.851 E.05541
G1 X182.948 Y135.851 F30000
G1 F12000
G1 X184.151 Y134.649 E.05541
G1 X183.617 Y134.649 F30000
G1 F12000
G1 X182.414 Y135.851 E.05541
G1 X181.879 Y135.851 F30000
G1 F12000
G1 X183.082 Y134.649 E.05541
G1 X182.547 Y134.649 F30000
G1 F12000
G1 X181.344 Y135.851 E.05541
G1 X180.81 Y135.851 F30000
G1 F12000
G1 X182.013 Y134.649 E.05541
G1 X181.478 Y134.649 F30000
G1 F12000
G1 X180.275 Y135.851 E.05541
G1 X179.74 Y135.851 F30000
G1 F12000
G1 X180.943 Y134.649 E.05541
G1 X180.409 Y134.649 F30000
G1 F12000
G1 X179.206 Y135.851 E.05541
G1 X178.671 Y135.851 F30000
G1 F12000
G1 X179.874 Y134.649 E.05541
G1 X179.339 Y134.649 F30000
G1 F12000
G1 X178.136 Y135.851 E.05541
G1 X177.602 Y135.851 F30000
G1 F12000
G1 X178.805 Y134.649 E.05541
G1 X178.27 Y134.649 F30000
G1 F12000
G1 X177.067 Y135.851 E.05541
G1 X176.533 Y135.851 F30000
G1 F12000
G1 X177.735 Y134.649 E.05541
G1 X177.201 Y134.649 F30000
G1 F12000
G1 X175.998 Y135.851 E.05541
G1 X175.463 Y135.851 F30000
G1 F12000
G1 X176.666 Y134.649 E.05541
G1 X176.132 Y134.649 F30000
G1 F12000
G1 X174.929 Y135.851 E.05541
G1 X174.394 Y135.851 F30000
G1 F12000
G1 X175.597 Y134.649 E.05541
G1 X175.062 Y134.649 F30000
G1 F12000
G1 X173.859 Y135.851 E.05541
G1 X173.325 Y135.851 F30000
G1 F12000
G1 X174.528 Y134.649 E.05541
G1 X173.993 Y134.649 F30000
G1 F12000
G1 X172.79 Y135.851 E.05541
G1 X172.255 Y135.851 F30000
G1 F12000
G1 X173.458 Y134.649 E.05541
G1 X172.924 Y134.649 F30000
G1 F12000
G1 X171.721 Y135.851 E.05541
G1 X171.186 Y135.851 F30000
G1 F12000
G1 X172.389 Y134.649 E.05541
G1 X171.854 Y134.649 F30000
G1 F12000
G1 X170.652 Y135.851 E.05541
G1 X170.117 Y135.851 F30000
G1 F12000
G1 X171.32 Y134.649 E.05541
G1 X170.785 Y134.649 F30000
G1 F12000
G1 X169.582 Y135.851 E.05541
G1 X169.048 Y135.851 F30000
G1 F12000
G1 X170.251 Y134.649 E.05541
G1 X169.716 Y134.649 F30000
G1 F12000
G1 X168.513 Y135.851 E.05541
G1 X167.978 Y135.851 F30000
G1 F12000
G1 X169.181 Y134.649 E.05541
G1 X168.647 Y134.649 F30000
G1 F12000
G1 X167.444 Y135.851 E.05541
G1 X166.909 Y135.851 F30000
G1 F12000
G1 X168.112 Y134.649 E.05541
G1 X167.577 Y134.649 F30000
G1 F12000
G1 X166.374 Y135.851 E.05541
G1 X165.84 Y135.851 F30000
G1 F12000
G1 X167.043 Y134.649 E.05541
G1 X166.508 Y134.649 F30000
G1 F12000
G1 X165.305 Y135.851 E.05541
G1 X164.77 Y135.851 F30000
G1 F12000
G1 X165.973 Y134.649 E.05541
G1 X165.439 Y134.649 F30000
G1 F12000
G1 X164.236 Y135.851 E.05541
G1 X163.701 Y135.851 F30000
G1 F12000
G1 X164.904 Y134.649 E.05541
G1 X164.369 Y134.649 F30000
G1 F12000
G1 X163.167 Y135.851 E.05541
G1 X162.632 Y135.851 F30000
G1 F12000
G1 X163.835 Y134.649 E.05541
G1 X163.3 Y134.649 F30000
G1 F12000
G1 X162.097 Y135.851 E.05541
G1 X161.563 Y135.851 F30000
G1 F12000
G1 X162.766 Y134.649 E.05541
G1 X162.231 Y134.649 F30000
G1 F12000
G1 X161.028 Y135.851 E.05541
G1 X160.493 Y135.851 F30000
G1 F12000
G1 X161.696 Y134.649 E.05541
G1 X161.162 Y134.649 F30000
G1 F12000
G1 X159.959 Y135.851 E.05541
G1 X159.424 Y135.851 F30000
G1 F12000
G1 X160.627 Y134.649 E.05541
G1 X160.092 Y134.649 F30000
G1 F12000
G1 X158.889 Y135.851 E.05541
G1 X158.355 Y135.851 F30000
G1 F12000
G1 X159.558 Y134.649 E.05541
G1 X159.023 Y134.649 F30000
G1 F12000
G1 X157.82 Y135.851 E.05541
G1 X157.285 Y135.851 F30000
G1 F12000
G1 X158.488 Y134.649 E.05541
G1 X157.954 Y134.649 F30000
G1 F12000
G1 X156.751 Y135.851 E.05541
G1 X156.216 Y135.851 F30000
G1 F12000
G1 X157.419 Y134.649 E.05541
G1 X156.884 Y134.649 F30000
G1 F12000
G1 X155.682 Y135.851 E.05541
G1 X155.147 Y135.851 F30000
G1 F12000
G1 X156.35 Y134.649 E.05541
G1 X155.815 Y134.649 F30000
G1 F12000
G1 X154.612 Y135.851 E.05541
G1 X154.078 Y135.851 F30000
G1 F12000
G1 X155.281 Y134.649 E.05541
G1 X154.746 Y134.649 F30000
G1 F12000
G1 X153.543 Y135.851 E.05541
G1 X153.008 Y135.851 F30000
G1 F12000
G1 X154.211 Y134.649 E.05541
G1 X153.677 Y134.649 F30000
G1 F12000
G1 X152.474 Y135.851 E.05541
G1 X151.939 Y135.851 F30000
G1 F12000
G1 X153.142 Y134.649 E.05541
G1 X152.607 Y134.649 F30000
G1 F12000
G1 X151.404 Y135.851 E.05541
G1 X150.87 Y135.851 F30000
G1 F12000
G1 X152.073 Y134.649 E.05541
G1 X151.538 Y134.649 F30000
G1 F12000
G1 X150.335 Y135.851 E.05541
G1 X149.801 Y135.851 F30000
G1 F12000
G1 X151.003 Y134.649 E.05541
G1 X150.469 Y134.649 F30000
G1 F12000
G1 X149.266 Y135.851 E.05541
G1 X148.731 Y135.851 F30000
G1 F12000
G1 X149.934 Y134.649 E.05541
G1 X149.4 Y134.649 F30000
G1 F12000
G1 X148.197 Y135.851 E.05541
G1 X147.662 Y135.851 F30000
G1 F12000
G1 X148.865 Y134.649 E.05541
G1 X148.33 Y134.649 F30000
G1 F12000
G1 X147.127 Y135.851 E.05541
G1 X146.593 Y135.851 F30000
G1 F12000
G1 X147.796 Y134.649 E.05541
G1 X147.261 Y134.649 F30000
G1 F12000
G1 X146.058 Y135.851 E.05541
G1 X145.523 Y135.851 F30000
G1 F12000
G1 X146.726 Y134.649 E.05541
G1 X146.192 Y134.649 F30000
G1 F12000
G1 X144.989 Y135.851 E.05541
G1 X144.454 Y135.851 F30000
G1 F12000
G1 X145.657 Y134.649 E.05541
G1 X145.122 Y134.649 F30000
G1 F12000
G1 X143.919 Y135.851 E.05541
G1 X143.385 Y135.851 F30000
G1 F12000
G1 X144.588 Y134.649 E.05541
G1 X144.053 Y134.649 F30000
G1 F12000
G1 X142.85 Y135.851 E.05541
G1 X142.316 Y135.851 F30000
G1 F12000
G1 X143.518 Y134.649 E.05541
G1 X142.984 Y134.649 F30000
G1 F12000
G1 X141.781 Y135.851 E.05541
G1 X141.246 Y135.851 F30000
G1 F12000
G1 X142.449 Y134.649 E.05541
G1 X141.915 Y134.649 F30000
G1 F12000
G1 X140.712 Y135.851 E.05541
G1 X140.177 Y135.851 F30000
G1 F12000
G1 X141.38 Y134.649 E.05541
G1 X140.845 Y134.649 F30000
G1 F12000
G1 X139.642 Y135.851 E.05541
G1 X139.108 Y135.851 F30000
G1 F12000
G1 X140.311 Y134.649 E.05541
G1 X139.776 Y134.649 F30000
G1 F12000
G1 X138.573 Y135.851 E.05541
G1 X138.038 Y135.851 F30000
G1 F12000
G1 X139.241 Y134.649 E.05541
G1 X138.707 Y134.649 F30000
G1 F12000
G1 X137.504 Y135.851 E.05541
G1 X136.969 Y135.851 F30000
G1 F12000
G1 X138.172 Y134.649 E.05541
G1 X137.637 Y134.649 F30000
G1 F12000
G1 X136.434 Y135.851 E.05541
G1 X135.9 Y135.851 F30000
G1 F12000
G1 X137.103 Y134.649 E.05541
G1 X136.568 Y134.649 F30000
G1 F12000
G1 X135.365 Y135.851 E.05541
G1 X134.831 Y135.851 F30000
G1 F12000
G1 X136.033 Y134.649 E.05541
G1 X135.499 Y134.649 F30000
G1 F12000
G1 X134.296 Y135.851 E.05541
G1 X133.761 Y135.851 F30000
G1 F12000
G1 X134.964 Y134.649 E.05541
G1 X134.43 Y134.649 F30000
G1 F12000
G1 X133.227 Y135.851 E.05541
G1 X132.692 Y135.851 F30000
G1 F12000
G1 X133.895 Y134.649 E.05541
G1 X133.36 Y134.649 F30000
G1 F12000
G1 X132.157 Y135.851 E.05541
G1 X131.623 Y135.851 F30000
G1 F12000
G1 X132.826 Y134.649 E.05541
G1 X132.291 Y134.649 F30000
G1 F12000
G1 X131.088 Y135.851 E.05541
G1 X130.553 Y135.851 F30000
G1 F12000
G1 X131.756 Y134.649 E.05541
G1 X131.222 Y134.649 F30000
G1 F12000
G1 X130.019 Y135.851 E.05541
G1 X129.484 Y135.851 F30000
G1 F12000
G1 X130.687 Y134.649 E.05541
G1 X130.152 Y134.649 F30000
G1 F12000
G1 X128.95 Y135.851 E.05541
G1 X128.415 Y135.851 F30000
G1 F12000
G1 X129.618 Y134.649 E.05541
G1 X129.083 Y134.649 F30000
G1 F12000
G1 X127.88 Y135.851 E.05541
G1 X127.346 Y135.851 F30000
G1 F12000
G1 X128.549 Y134.649 E.05541
G1 X128.014 Y134.649 F30000
G1 F12000
G1 X126.811 Y135.851 E.05541
G1 X126.276 Y135.851 F30000
G1 F12000
G1 X127.479 Y134.649 E.05541
G1 X126.945 Y134.649 F30000
G1 F12000
G1 X125.742 Y135.851 E.05541
G1 X125.207 Y135.851 F30000
G1 F12000
G1 X126.41 Y134.649 E.05541
G1 X125.875 Y134.649 F30000
G1 F12000
G1 X124.672 Y135.851 E.05541
G1 X124.138 Y135.851 F30000
G1 F12000
G1 X125.341 Y134.649 E.05541
G1 X124.806 Y134.649 F30000
G1 F12000
G1 X123.603 Y135.851 E.05541
G1 X123.068 Y135.851 F30000
G1 F12000
G1 X124.271 Y134.649 E.05541
G1 X123.737 Y134.649 F30000
G1 F12000
G1 X122.534 Y135.851 E.05541
G1 X121.999 Y135.851 F30000
G1 F12000
G1 X123.202 Y134.649 E.05541
G1 X122.667 Y134.649 F30000
G1 F12000
G1 X121.465 Y135.851 E.05541
G1 X120.93 Y135.851 F30000
G1 F12000
G1 X122.133 Y134.649 E.05541
G1 X121.598 Y134.649 F30000
G1 F12000
G1 X120.395 Y135.851 E.05541
G1 X119.861 Y135.851 F30000
G1 F12000
G1 X121.064 Y134.649 E.05541
G1 X120.529 Y134.649 F30000
G1 F12000
G1 X119.326 Y135.851 E.05541
G1 X118.791 Y135.851 F30000
G1 F12000
G1 X119.994 Y134.649 E.05541
G1 X119.46 Y134.649 F30000
G1 F12000
G1 X118.257 Y135.851 E.05541
G1 X117.722 Y135.851 F30000
G1 F12000
G1 X118.925 Y134.649 E.05541
G1 X118.39 Y134.649 F30000
G1 F12000
G1 X117.187 Y135.851 E.05541
G1 X116.653 Y135.851 F30000
G1 F12000
G1 X117.856 Y134.649 E.05541
G1 X117.321 Y134.649 F30000
G1 F12000
G1 X116.118 Y135.851 E.05541
G1 X115.584 Y135.851 F30000
G1 F12000
G1 X116.786 Y134.649 E.05541
G1 X116.252 Y134.649 F30000
G1 F12000
G1 X115.049 Y135.851 E.05541
G1 X114.514 Y135.851 F30000
G1 F12000
G1 X115.717 Y134.649 E.05541
G1 X115.183 Y134.649 F30000
G1 F12000
G1 X113.98 Y135.851 E.05541
G1 X113.445 Y135.851 F30000
G1 F12000
G1 X114.648 Y134.649 E.05541
G1 X114.113 Y134.649 F30000
G1 F12000
G1 X112.91 Y135.851 E.05541
G1 X112.376 Y135.851 F30000
G1 F12000
G1 X113.579 Y134.649 E.05541
G1 X113.044 Y134.649 F30000
G1 F12000
G1 X111.841 Y135.851 E.05541
G1 X111.306 Y135.851 F30000
G1 F12000
G1 X112.509 Y134.649 E.05541
G1 X111.975 Y134.649 F30000
G1 F12000
G1 X110.772 Y135.851 E.05541
G1 X110.237 Y135.851 F30000
G1 F12000
G1 X111.44 Y134.649 E.05541
G1 X110.905 Y134.649 F30000
G1 F12000
G1 X109.702 Y135.851 E.05541
G1 X109.168 Y135.851 F30000
G1 F12000
G1 X110.371 Y134.649 E.05541
G1 X109.836 Y134.649 F30000
G1 F12000
G1 X108.633 Y135.851 E.05541
G1 X108.099 Y135.851 F30000
G1 F12000
G1 X109.301 Y134.649 E.05541
G1 X108.767 Y134.649 F30000
G1 F12000
G1 X107.564 Y135.851 E.05541
G1 X107.029 Y135.851 F30000
G1 F12000
G1 X108.232 Y134.649 E.05541
G1 X107.698 Y134.649 F30000
G1 F12000
G1 X106.495 Y135.851 E.05541
G1 X106.399 Y135.413 F30000
G1 F12000
G1 X107.163 Y134.649 E.03521
G1 E-.73514 F1800
;WIPE_START
G1 F30000
G1 X106.399 Y135.413 E-.06486
;WIPE_END
G1 X98.766 Y135.34 Z16.4
G1 X6.21 Y134.46 Z16.4
G1 Z16
G1 E.8 F1800
SET_VELOCITY_LIMIT ACCEL=5000
;TYPE:Outer wall
;WIDTH:0.42
G1 F3600
G1 X92.99 Y134.46 E2.58651
G1 X92.99 Y136.04 E.04709
G1 X6.21 Y136.04 E2.58651
G1 X6.21 Y134.5 E.0459
G1 E-.728 F1800
;WIPE_START
G1 F30000
G1 X7.41 Y134.499 E-.072
;WIPE_END
G1 X15.042 Y134.552 Z16.4
G1 X92.801 Y135.087 Z16.4
G1 Z16
G1 E.8 F1800
SET_VELOCITY_LIMIT ACCEL=2000
;TYPE:Top surface
;WIDTH:0.420968
G1 F12000
G1 X92.037 Y135.851 E.03521
G1 X91.502 Y135.851 F30000
G1 F12000
G1 X92.705 Y134.649 E.05541
G1 X92.171 Y134.649 F30000
G1 F12000
G1 X90.968 Y135.851 E.05541
G1 X90.433 Y135.851 F30000
G1 F12000
G1 X91.636 Y134.649 E.05541
G1 X91.101 Y134.649 F30000
G1 F12000
G1 X89.899 Y135.851 E.05541
G1 X89.364 Y135.851 F30000
G1 F12000
G1 X90.567 Y134.649 E.05541
G1 X90.032 Y134.649 F30000
G1 F12000
G1 X88.829 Y135.851 E.05541
G1 X88.295 Y135.851 F30000
G1 F12000
G1 X89.498 Y134.649 E.05541
G1 X88.963 Y134.649 F30000
G1 F12000
G1 X87.76 Y135.851 E.05541
G1 X87.225 Y135.851 F30000
G1 F12000
G1 X88.428 Y134.649 E.05541
G1 X87.894 Y134.649 F30000
G1 F12000
G1 X86.691 Y135.851 E.05541
G1 X86.156 Y135.851 F30000
G1 F12000
G1 X87.359 Y134.649 E.05541
G1 X86.824 Y134.649 F30000
G1 F12000
G1 X85.621 Y135.851 E.05541
G1 X85.087 Y135.851 F30000
G1 F12000
G1 X86.29 Y134.649 E.05541
G1 X85.755 Y134.649 F30000
G1 F12000
G1 X84.552 Y135.851 E.05541
G1 X84.018 Y135.851 F30000
G1 F12000
G1 X85.22 Y134.649 E.05541
G1 X84.686 Y134.649 F30000
G1 F12000
G1 X83.483 Y135.851 E.05541
G1 X82.948 Y135.851 F30000
G1 F12000
G1 X84.151 Y134.649 E.05541
G1 X83.617 Y134.649 F30000
G1 F12000
G1 X82.414 Y135.851 E.05541
G1 X81.879 Y135.851 F30000
G1 F12000
G1 X83.082 Y134.649 E.05541
G1 X82.547 Y134.649 F30000
G1 F12000
G1 X81.344 Y135.851 E.05541
G1 X80.81 Y135.851 F30000
G1 F12000
G1 X82.013 Y134.649 E.05541
G1 X81.478 Y134.649 F30000
G1 F12000
G1 X80.275 Y135.851 E.05541
G1 X79.74 Y135.851 F30000
G1 F12000
G1 X80.943 Y134.649 E.05541
G1 X80.409 Y134.649 F30000
G1 F12000
G1 X79.206 Y135.851 E.05541
G1 X78.671 Y135.851 F30000
G1 F12000
G1 X79.874 Y134.649 E.05541
G1 X79.339 Y134.649 F30000
G1 F12000
G1 X78.136 Y135.851 E.05541
G1 X77.602 Y135.851 F30000
G1 F12000
G1 X78.805 Y134.649 E.05541
G1 X78.27 Y134.649 F30000
G1 F12000
G1 X77.067 Y135.851 E.05541
G1 X76.533 Y135.851 F30000
G1 F12000
G1 X77.735 Y134.649 E.05541
G1 X77.201 Y134.649 F30000
G1 F12000
G1 X75.998 Y135.851 E.05541
G1 X75.463 Y135.851 F30000
G1 F12000
G1 X76.666 Y134.649 E.05541
G1 X76.132 Y134.649 F30000
G1 F12000
G1 X74.929 Y135.851 E.05541
G1 X74.394 Y135.851 F30000
G1 F12000
G1 X75.597 Y134.649 E.05541
G1 X75.062 Y134.649 F30000
G1 F12000
G1 X73.859 Y135.851 E.05541
G1 X73.325 Y135.851 F30000
G1 F12000
G1 X74.528 Y134.649 E.05541
G1 X73.993 Y134.649 F30000
G1 F12000
G1 X72.79 Y135.851 E.05541
G1 X72.255 Y135.851 F30000
G1 F12000
G1 X73.458 Y134.649 E.05541
G1 X72.924 Y134.649 F30000
G1 F12000
G1 X71.721 Y135.851 E.05541
G1 X71.186 Y135.851 F30000
G1 F12000
G1 X72.389 Y134.649 E.05541
G1 X71.854 Y134.649 F30000
G1 F12000
G1 X70.652 Y135.851 E.05541
G1 X70.117 Y135.851 F30000
G1 F12000
G1 X71.32 Y134.649 E.05541
G1 X70.785 Y134.649 F30000
G1 F12000
G1 X69.582 Y135.851 E.05541
G1 X69.048 Y135.851 F30000
G1 F12000
G1 X70.251 Y134.649 E.05541
G1 X69.716 Y134.649 F30000
G1 F12000
G1 X68.513 Y135.851 E.05541
G1 X67.978 Y135.851 F30000
G1 F12000
G1 X69.181 Y134.649 E.05541
G1 X68.647 Y134.649 F30000
G1 F12000
G1 X67.444 Y135.851 E.05541
G1 X66.909 Y135.851 F30000
G1 F12000
G1 X68.112 Y134.649 E.05541
G1 X67.577 Y134.649 F30000
G1 F12000
G1 X66.374 Y135.851 E.05541
G1 X65.84 Y135.851 F30000
G1 F12000
G1 X67.043 Y134.649 E.05541
G1 X66.508 Y134.649 F30000
G1 F12000
G1 X65.305 Y135.851 E.05541
G1 X64.77 Y135.851 F30000
G1 F12000
G1 X65.973 Y134.649 E.05541
G1 X65.439 Y134.649 F30000
G1 F12000
G1 X64.236 Y135.851 E.05541
G1 X63.701 Y135.851 F30000
G1 F12000
G1 X64.904 Y134.649 E.05541
G1 X64.369 Y134.649 F30000
G1 F12000
G1 X63.167 Y135.851 E.05541
G1 X62.632 Y135.851 F30000
G1 F12000
G1 X63.835 Y134.649 E.05541
G1 X63.3 Y134.649 F30000
G1 F12000
G1 X62.097 Y135.851 E.05541
G1 X61.563 Y135.851 F30000
G1 F12000
G1 X62.766 Y134.649 E.05541
G1 X62.231 Y134.649 F30000
G1 F12000
G1 X61.028 Y135.851 E.05541
G1 X60.493 Y135.851 F30000
G1 F12000
G1 X61.696 Y134.649 E.05541
G1 X61.162 Y134.649 F30000
G1 F12000
G1 X59.959 Y135.851 E.05541
G1 X59.424 Y135.851 F30000
G1 F12000
G1 X60.627 Y134.649 E.05541
G1 X60.092 Y134.649 F30000
G1 F12000
G1 X58.889 Y135.851 E.05541
G1 X58.355 Y135.851 F30000
G1 F12000
G1 X59.558 Y134.649 E.05541
G1 X59.023 Y134.649 F30000
G1 F12000
G1 X57.82 Y135.851 E.05541
G1 X57.285 Y135.851 F30000
G1 F12000
G1 X58.488 Y134.649 E.05541
G1 X57.954 Y134.649 F30000
G1 F12000
G1 X56.751 Y135.851 E.05541
G1 X56.216 Y135.851 F30000
G1 F12000
G1 X57.419 Y134.649 E.05541
G1 X56.884 Y134.649 F30000
G1 F12000
G1 X55.682 Y135.851 E.05541
G1 X55.147 Y135.851 F30000
G1 F12000
G1 X56.35 Y134.649 E.05541
G1 X55.815 Y134.649 F30000
G1 F12000
G1 X54.612 Y135.851 E.05541
G1 X54.078 Y135.851 F30000
G1 F12000
G1 X55.281 Y134.649 E.05541
G1 X54.746 Y134.649 F30000
G1 F12000
G1 X53.543 Y135.851 E.05541
G1 X53.008 Y135.851 F30000
G1 F12000
G1 X54.211 Y134.649 E.05541
G1 X53.677 Y134.649 F30000
G1 F12000
G1 X52.474 Y135.851 E.05541
G1 X51.939 Y135.851 F30000
G1 F12000
G1 X53.142 Y134.649 E.05541
G1 X52.607 Y134.649 F30000
G1 F12000
G1 X51.404 Y135.851 E.05541
G1 X50.87 Y135.851 F30000
G1 F12000
G1 X52.073 Y134.649 E.05541
G1 X51.538 Y134.649 F30000
G1 F12000
G1 X50.335 Y135.851 E.05541
G1 X49.801 Y135.851 F30000
G1 F12000
G1 X51.003 Y134.649 E.05541
G1 X50.469 Y134.649 F30000
G1 F12000
G1 X49.266 Y135.851 E.05541
G1 X48.731 Y135.851 F30000
G1 F12000
G1 X49.934 Y134.649 E.05541
G1 X49.4 Y134.649 F30000
G1 F12000
G1 X48.197 Y135.851 E.05541
G1 X47.662 Y135.851 F30000
G1 F12000
G1 X48.865 Y134.649 E.05541
G1 X48.33 Y134.649 F30000
G1 F12000
G1 X47.127 Y135.851 E.05541
G1 X46.593 Y135.851 F30000
G1 F12000
G1 X47.796 Y134.649 E.05541
G1 X47.261 Y134.649 F30000
G1 F12000
G1 X46.058 Y135.851 E.05541
G1 X45.523 Y135.851 F30000
G1 F12000
G1 X46.726 Y134.649 E.05541
G1 X46.192 Y134.649 F30000
G1 F12000
G1 X44.989 Y135.851 E.05541
G1 X44.454 Y135.851 F30000
G1 F12000
G1 X45.657 Y134.649 E.05541
G1 X45.122 Y134.649 F30000
G1 F12000
G1 X43.919 Y135.851 E.05541
G1 X43.385 Y135.851 F30000
G1 F12000
G1 X44.588 Y134.649 E.05541
G1 X44.053 Y134.649 F30000
G1 F12000
G1 X42.85 Y135.851 E.05541
G1 X42.316 Y135.851 F30000
G1 F12000
G1 X43.518 Y134.649 E.05541
G1 X42.984 Y134.649 F30000
G1 F12000
G1 X41.781 Y135.851 E.05541
G1 X41.246 Y135.851 F30000
G1 F12000
G1 X42.449 Y134.649 E.05541
G1 X41.915 Y134.649 F30000
G1 F12000
G1 X40.712 Y135.851 E.05541
G1 X40.177 Y135.851 F30000
G1 F12000
G1 X41.38 Y134.649 E.05541
G1 X40.845 Y134.649 F30000
G1 F12000
G1 X39.642 Y135.851 E.05541
G1 X39.108 Y135.851 F30000
G1 F12000
G1 X40.311 Y134.649 E.05541
G1 X39.776 Y134.649 F30000
G1 F12000
G1 X38.573 Y135.851 E.05541
G1 X38.038 Y135.851 F30000
G1 F12000
G1 X39.241 Y134.649 E.05541
G1 X38.707 Y134.649 F30000
G1 F12000
G1 X37.504 Y135.851 E.05541
G1 X36.969 Y135.851 F30000
G1 F12000
G1 X38.172 Y134.649 E.05541
G1 X37.637 Y134.649 F30000
G1 F12000
G1 X36.434 Y135.851 E.05541
G1 X35.9 Y135.851 F30000
G1 F12000
G1 X37.103 Y134.649 E.05541
G1 X36.568 Y134.649 F30000
G1 F12000
G1 X35.365 Y135.851 E.05541
G1 X34.831 Y135.851 F30000
G1 F12000
G1 X36.033 Y134.649 E.05541
G1 X35.499 Y134.649 F30000
G1 F12000
G1 X34.296 Y135.851 E.05541
G1 X33.761 Y135.851 F30000
G1 F12000
G1 X34.964 Y134.649 E.05541
G1 X34.43 Y134.649 F30000
G1 F12000
G1 X33.227 Y135.851 E.05541
G1 X32.692 Y135.851 F30000
G1 F12000
G1 X33.895 Y134.649 E.05541
G1 X33.36 Y134.649 F30000
G1 F12000
G1 X32.157 Y135.851 E.05541
G1 X31.623 Y135.851 F30000
G1 F12000
G1 X32.826 Y134.649 E.05541
G1 X32.291 Y134.649 F30000
G1 F12000
G1 X31.088 Y135.851 E.05541
G1 X30.553 Y135.851 F30000
G1 F12000
G1 X31.756 Y134.649 E.05541
G1 X31.222 Y134.649 F30000
G1 F12000
G1 X30.019 Y135.851 E.05541
G1 X29.484 Y135.851 F30000
G1 F12000
G1 X30.687 Y134.649 E.05541
G1 X30.152 Y134.649 F30000
G1 F12000
G1 X28.95 Y135.851 E.05541
G1 X28.415 Y135.851 F30000
G1 F12000
G1 X29.618 Y134.649 E.05541
G1 X29.083 Y134.649 F30000
G1 F12000
G1 X27.88 Y135.851 E.05541
G1 X27.346 Y135.851 F30000
G1 F12000
G1 X28.549 Y134.649 E.05541
G1 X28.014 Y134.649 F30000
G1 F12000
G1 X26.811 Y135.851 E.05541
G1 X26.276 Y135.851 F30000
G1 F12000
G1 X27.479 Y134.649 E.05541
G1 X26.945 Y134.649 F30000
G1 F12000
G1 X25.742 Y135.851 E.05541
G1 X25.207 Y135.851 F30000
G1 F12000
G1 X26.41 Y134.649 E.05541
G1 X25.875 Y134.649 F30000
G1 F12000
G1 X24.672 Y135.851 E.05541
G1 X24.138 Y135.851 F30000
G1 F12000
G1 X25.341 Y134.649 E.05541
G1 X24.806 Y134.649 F30000
G1 F12000
G1 X23.603 Y135.851 E.05541
G1 X23.068 Y135.851 F30000
G1 F12000
G1 X24.271 Y134.649 E.05541
G1 X23.737 Y134.649 F30000
G1 F12000
G1 X22.534 Y135.851 E.05541
G1 X21.999 Y135.851 F30000
G1 F12000
G1 X23.202 Y134.649 E.05541
G1 X22.667 Y134.649 F30000
G1 F12000
G1 X21.465 Y135.851 E.05541
G1 X20.93 Y135.851 F30000
G1 F12000
G1 X22.133 Y134.649 E.05541
G1 X21.598 Y134.649 F30000
G1 F12000
G1 X20.395 Y135.851 E.05541
G1 X19.861 Y135.851 F30000
G1 F12000
G1 X21.064 Y134.649 E.05541
G1 X20.529 Y134.649 F30000
G1 F12000
G1 X19.326 Y135.851 E.05541
G1 X18.791 Y135.851 F30000
G1 F12000
G1 X19.994 Y134.649 E.05541
G1 X19.46 Y134.649 F30000
G1 F12000
G1 X18.257 Y135.851 E.05541
G1 X17.722 Y135.851 F30000
G1 F12000
G1 X18.925 Y134.649 E.05541
G1 X18.39 Y134.649 F30000
G1 F12000
G1 X17.187 Y135.851 E.05541
G1 X16.653 Y135.851 F30000
G1 F12000
G1 X17.856 Y134.649 E.05541
G1 X17.321 Y134.649 F30000
G1 F12000
G1 X16.118 Y135.851 E.05541
G1 X15.584 Y135.851 F30000
G1 F12000
G1 X16.786 Y134.649 E.05541
G1 X16.252 Y134.649 F30000
G1 F12000
G1 X15.049 Y135.851 E.05541
G1 X14.514 Y135.851 F30000
G1 F12000
G1 X15.717 Y134.649 E.05541
G1 X15.183 Y134.649 F30000
G1 F12000
G1 X13.98 Y135.851 E.05541
G1 X13.445 Y135.851 F30000
G1 F12000
G1 X14.648 Y134.649 E.05541
G1 X14.113 Y134.649 F30000
G1 F12000
G1 X12.91 Y135.851 E.05541
G1 X12.376 Y135.851 F30000
G1 F12000
G1 X13.579 Y134.649 E.05541
G1 X13.044 Y134.649 F30000
G1 F12000
G1 X11.841 Y135.851 E.05541
G1 X11.306 Y135.851 F30000
G1 F12000
G1 X12.509 Y134.649 E.05541
G1 X11.975 Y134.649 F30000
G1 F12000
G1 X10.772 Y135.851 E.05541
G1 X10.237 Y135.851 F30000
G1 F12000
G1 X11.44 Y134.649 E.05541
G1 X10.905 Y134.649 F30000
G1 F12000
G1 X9.702 Y135.851 E.05541
G1 X9.168 Y135.851 F30000
G1 F12000
G1 X10.371 Y134.649 E.05541
G1 X9.836 Y134.649 F30000
G1 F12000
G1 X8.633 Y135.851 E.05541
G1 X8.099 Y135.851 F30000
G1 F12000
G1 X9.301 Y134.649 E.05541
G1 X8.767 Y134.649 F30000
G1 F12000
G1 X7.564 Y135.851 E.05541
G1 X7.029 Y135.851 F30000
G1 F12000
G1 X8.232 Y134.649 E.05541
G1 X7.698 Y134.649 F30000
G1 F12000
G1 X6.495 Y135.851 E.05541
G1 X6.399 Y135.413 F30000
G1 F12000
G1 X7.163 Y134.649 E.03521
G1 E-.73514 F1800
;WIPE_START
G1 F30000
G1 X6.399 Y135.413 E-.06486
;WIPE_END
M106 S0
M106 P2 S0
;TYPE:Custom
; filament end gcode 
;===== CC2_END_GCODE ================
;===== date: 2026-01-16-001 =====================


M140 S0 ;Turn-off bed
M83
G92 E0 ; zero the extruder
G1 E-1.5 F1800
G2 I0 J1 Z16.5 F3000 ; lower z a little
M106 S0
M106 P2 S0
G90
G1 Z80 F20000 ; Move print head up 
G180 S9
M104 S0
M84
M73 P100 R0
; EXECUTABLE_BLOCK_END

; filament used [mm] = 10992.59, 0.00, 0.00, 0.00
; filament used [cm3] = 26.44, 0.00, 0.00, 0.00
; filament used [g] = 33.05, 0.00, 0.00, 0.00
; filament cost = 0.66, 0.00, 0.00, 0.00
; total filament used [g] = 33.05
; total filament cost = 0.66
; total layers count = 80
; estimated printing time (normal mode) = 1h 2m 48s
; estimated first layer printing time (normal mode) = 1m 50s

; CONFIG_BLOCK_START
; accel_to_decel_enable = 0
; accel_to_decel_factor = 50%
; activate_air_filtration = 0,0,0,0
; activate_air_filtration_during_print = 1
; activate_air_filtration_on_completion = 1
; activate_chamber_temp_control = 0
; adaptive_bed_mesh_margin = 0
; adaptive_pressure_advance = 0
; adaptive_pressure_advance_bridges = 0
; adaptive_pressure_advance_model = "0,0,0\n0,0,0"
; adaptive_pressure_advance_overhangs = 0
; additional_cooling_fan_speed = 0,0,0,0
; additional_fan_full_speed_layer = 0
; align_infill_direction_to_model = 0
; alternate_extra_wall = 0
; auxiliary_fan = 1
; bbl_calib_mark_logo = 1
; bed_custom_model = 
; bed_custom_texture = 
; bed_exclude_area = 246x0,256x0,256x20,246x20
; bed_mesh_max = 243,245
; bed_mesh_min = 10,10
; bed_mesh_probe_distance = 22,22
; bed_temperature_formula = by_highest_temp
; bed_texture_area = 0x-10,256x-10,256x256,0x256
; before_layer_change_gcode = ;BEFORE_LAYER_CHANGE\n;[layer_z]\nG92 E0\n
; best_object_pos = 0.5,0.5
; bottom_shell_layers = 4
; bottom_shell_thickness = 0.6
; bottom_solid_infill_flow_ratio = 1
; bottom_surface_density = 100%
; bottom_surface_filament_id = 0
; bottom_surface_pattern = monotonic
; bridge_acceleration = 50%
; bridge_angle = 0
; bridge_density = 100%
; bridge_flow = 1
; bridge_line_width = 100%
; bridge_no_support = 1
; bridge_speed = 50
; brim_ears_detection_length = 1
; brim_ears_max_angle = 125
; brim_flow_ratio = 1
; brim_object_gap = 0.1
; brim_type = no_brim
; brim_use_efc_outline = 0
; brim_width = 0
; calib_flowrate_topinfill_special_order = 0
; chamber_minimal_temperature = 0
; chamber_temperature = 0,0,0,0
; change_extrusion_role_gcode = 
; change_filament_gcode = \n;==========CC2_CHANGE_FILAMENT_GCODE==========\n;===== date: 2026-01-16-001 =====================\nM106 S0\nM106 P2 S0\nG1 Z{min(max_layer_z+3, printable_height+0.5)} F1200\nM6211 T[next_extruder] L[flush_length] M{old_filament_e_feedrate} N{new_filament_e_feedrate} Q[old_filament_temp] R[nozzle_temperature_range_high] S[new_filament_temp]\nT[next_extruder]\n
; close_additional_fan_first_x_layers = 1
; close_fan_the_first_x_layers = 1,1,1,1
; combine_brims = 0
; compatible_printers_condition = 
; complete_print_exhaust_fan_speed = 70,70,70,70
; cool_plate_temp = 35,35,35,35
; cool_plate_temp_initial_layer = 35,35,35,35
; cooling_tube_length = 5
; cooling_tube_retraction = 90
; counterbore_hole_bridging = none
; curr_bed_type = Textured PEI Plate
; default_acceleration = 10000
; default_bed_type = 4
; default_filament_colour = ""
; default_filament_profile = "Elegoo PLA @ECC2"
; default_jerk = 0
; default_junction_deviation = 0
; default_print_profile = 0.20mm Standard @Elegoo CC2 0.4 nozzle
; deretraction_speed = 30
; detect_narrow_internal_solid_infill = 1
; detect_overhang_wall = 1
; detect_thin_wall = 0
; different_settings_to_system = ;;;;;
; disable_m73 = 0
; dont_filter_internal_bridges = disabled
; dont_slow_down_outer_wall = 0
; draft_shield = disabled
; during_print_exhaust_fan_speed = 70,70,70,70
; elefant_foot_compensation = 0.1
; elefant_foot_compensation_layers = 1
; elefant_foot_layers_density = 100%
; emit_machine_limits_to_gcode = 1
; enable_arc_fitting = 0
; enable_extra_bridge_layer = disabled
; enable_filament_ramming = 0
; enable_long_retraction_when_cut = 0
; enable_overhang_bridge_fan = 1
; enable_overhang_speed = 1
; enable_power_loss_recovery = printer_configuration
; enable_pressure_advance = 0
; enable_prime_tower = 0
; enable_support = 0
; enable_tower_interface_cooldown_during_tower = 0
; enable_tower_interface_features = 0
; enable_wrapping_detection = 0
; enforce_support_layers = 0
; eng_plate_temp = 0,0,0,0
; eng_plate_temp_initial_layer = 0,0,0,0
; ensure_vertical_shell_thickness = ensure_all
; exclude_object = 0
; extra_loading_move = -2
; extra_perimeters_on_overhangs = 0
; extra_solid_infills = 
; extruder_ams_count = 
; extruder_clearance_height_to_lid = 90
; extruder_clearance_height_to_rod = 36
; extruder_clearance_radius = 65
; extruder_colour = #1A1A1A;#F2F2F2;#F2751E;#7A3FC0
; extruder_offset = 0x1.5
; extruder_printable_area = 
; extruder_printable_height = 0
; extruder_type = Direct Drive
; extrusion_rate_smoothing_external_perimeter_only = 0
; fan_cooling_layer_time = 80,80,80,80
; fan_kickstart = 0
; fan_max_speed = 100,100,100,100
; fan_min_speed = 50,50,50,50
; fan_speedup_overhangs = 1
; fan_speedup_time = 0.5
; filament_adaptive_volumetric_speed = 0
; filament_adhesiveness_category = 0
; filament_change_extrusion_role_gcode = ""
; filament_change_length = 10
; filament_colour = #1A1A1A;#F2F2F2;#F2751E;#7A3FC0
; filament_cooling_before_tower = 10
; filament_cooling_final_speed = 3.4
; filament_cooling_initial_speed = 2.2
; filament_cooling_moves = 4
; filament_cost = 20,20,20,20
; filament_density = 1.25,1.25,1.25,1.25
; filament_diameter = 1.75,1.75,1.75,1.75
; filament_end_gcode = "; filament end gcode \n";"; filament end gcode \n";"; filament end gcode \n";"; filament end gcode \n"
; filament_extruder_variant = "Direct Drive Standard";"Direct Drive Standard";"Direct Drive Standard";"Direct Drive Standard"
; filament_flow_ratio = 0.98,0.98,0.98,0.98
; filament_flush_temp = 0
; filament_flush_volumetric_speed = 0
; filament_ids = GPLAB00;GPLAB00;GPLAB00;GPLAB00
; filament_is_support = 0,0,0,0
; filament_loading_speed = 28
; filament_loading_speed_start = 3
; filament_map = 1,1,1,1
; filament_map_mode = Auto For Flush
; filament_max_volumetric_speed = 21,21,21,21
; filament_minimal_purge_on_wipe_tower = 15,15,15,15
; filament_multitool_ramming = 0
; filament_multitool_ramming_flow = 10
; filament_multitool_ramming_volume = 10
; filament_notes = ""
; filament_printable = 3
; filament_ramming_parameters = "120 100 6.6 6.8 7.2 7.6 7.9 8.2 8.7 9.4 9.9 10.0| 0.05 6.6 0.45 6.8 0.95 7.8 1.45 8.3 1.95 9.7 2.45 10 2.95 7.6 3.45 7.6 3.95 7.6 4.45 7.6 4.95 7.6"
; filament_self_index = 1,2,3,4
; filament_settings_id = "Tak PLA black @CC2";"Tak PLA white @CC2";"Tak PLA orange @CC2";"Tak PLA purple @CC2"
; filament_shrink = 100%
; filament_shrinkage_compensation_z = 100%
; filament_soluble = 0,0,0,0
; filament_stamping_distance = 0
; filament_stamping_loading_speed = 0
; filament_start_gcode = "; filament start gcode\n{if  (bed_temperature[current_extruder] >55)||(bed_temperature_initial_layer[current_extruder] >55)}M106 P3 S200\n{elsif(bed_temperature[current_extruder] >50)||(bed_temperature_initial_layer[current_extruder] >50)}M106 P3 S150\n{elsif(bed_temperature[current_extruder] >45)||(bed_temperature_initial_layer[current_extruder] >45)}M106 P3 S50\n{endif}\n\n{if activate_air_filtration[current_extruder] && support_air_filtration}\nM106 P3 S{during_print_exhaust_fan_speed_num[current_extruder]} \n{endif}";"; filament start gcode\n{if  (bed_temperature[current_extruder] >55)||(bed_temperature_initial_layer[current_extruder] >55)}M106 P3 S200\n{elsif(bed_temperature[current_extruder] >50)||(bed_temperature_initial_layer[current_extruder] >50)}M106 P3 S150\n{elsif(bed_temperature[current_extruder] >45)||(bed_temperature_initial_layer[current_extruder] >45)}M106 P3 S50\n{endif}\n\n{if activate_air_filtration[current_extruder] && support_air_filtration}\nM106 P3 S{during_print_exhaust_fan_speed_num[current_extruder]} \n{endif}";"; filament start gcode\n{if  (bed_temperature[current_extruder] >55)||(bed_temperature_initial_layer[current_extruder] >55)}M106 P3 S200\n{elsif(bed_temperature[current_extruder] >50)||(bed_temperature_initial_layer[current_extruder] >50)}M106 P3 S150\n{elsif(bed_temperature[current_extruder] >45)||(bed_temperature_initial_layer[current_extruder] >45)}M106 P3 S50\n{endif}\n\n{if activate_air_filtration[current_extruder] && support_air_filtration}\nM106 P3 S{during_print_exhaust_fan_speed_num[current_extruder]} \n{endif}";"; filament start gcode\n{if  (bed_temperature[current_extruder] >55)||(bed_temperature_initial_layer[current_extruder] >55)}M106 P3 S200\n{elsif(bed_temperature[current_extruder] >50)||(bed_temperature_initial_layer[current_extruder] >50)}M106 P3 S150\n{elsif(bed_temperature[current_extruder] >45)||(bed_temperature_initial_layer[current_extruder] >45)}M106 P3 S50\n{endif}\n\n{if activate_air_filtration[current_extruder] && support_air_filtration}\nM106 P3 S{during_print_exhaust_fan_speed_num[current_extruder]} \n{endif}"
; filament_toolchange_delay = 0
; filament_tower_interface_pre_extrusion_dist = 10
; filament_tower_interface_pre_extrusion_length = 0
; filament_tower_interface_print_temp = -1
; filament_tower_interface_purge_volume = 20
; filament_tower_ironing_area = 4
; filament_type = PLA;PLA;PLA;PLA
; filament_unloading_speed = 90
; filament_unloading_speed_start = 100
; filament_vendor = Generic;Generic;Generic;Generic
; file_start_gcode = 
; filename_format = ECC2_{nozzle_diameter[0]}_{input_filename_base}_{filament_name}_{layer_height}_{print_time}.gcode
; fill_multiline = 1
; filter_out_gap_fill = 1
; first_layer_flow_ratio = 1
; first_layer_print_sequence = 0
; first_x_layer_fan_speed = 0
; flush_into_infill = 0
; flush_into_objects = 0
; flush_into_support = 1
; flush_multiplier = 1
; flush_volumes_matrix = 0,900,562,406,174,0,315,252,218,521,0,303,192,557,494,0
; flush_volumes_vector = 140,140,140,140,140,140,140,140
; full_fan_speed_layer = 0,0,0,0
; fuzzy_skin = disabled_fuzzy
; fuzzy_skin_first_layer = 0
; fuzzy_skin_layers_between_ripple_offset = 1
; fuzzy_skin_mode = displacement
; fuzzy_skin_noise_type = classic
; fuzzy_skin_octaves = 4
; fuzzy_skin_persistence = 0.5
; fuzzy_skin_point_distance = 0.3
; fuzzy_skin_ripple_offset = 50%
; fuzzy_skin_ripples_per_layer = 15
; fuzzy_skin_scale = 1
; fuzzy_skin_thickness = 0.2
; gap_fill_flow_ratio = 1
; gap_fill_target = everywhere
; gap_infill_speed = 250
; gcode_add_line_number = 0
; gcode_comments = 0
; gcode_flavor = klipper
; gcode_label_objects = 0
; grab_length = 0
; gyroid_optimized = 0
; has_scarf_joint_seam = 0
; head_wrap_detect_zone = 
; high_current_on_filament_swap = 0
; hole_to_polyhole = 0
; hole_to_polyhole_threshold = 0.01
; hole_to_polyhole_twisted = 1
; host_type = elegoolink
; hot_plate_temp = 60,60,60,60
; hot_plate_temp_initial_layer = 60,60,60,60
; idle_temperature = 0
; independent_support_layer_height = 0
; infill_anchor = 400%
; infill_anchor_max = 40
; infill_combination = 0
; infill_combination_max_layer_height = 100%
; infill_direction = 45
; infill_jerk = 9
; infill_lock_depth = 1
; infill_overhang_angle = 60
; infill_shift_step = 0.4
; infill_wall_overlap = 15%
; inherits_group = ;;;;;
; initial_layer_acceleration = 500
; initial_layer_infill_speed = 105
; initial_layer_jerk = 9
; initial_layer_line_width = 0.5
; initial_layer_min_bead_width = 85%
; initial_layer_print_height = 0.2
; initial_layer_speed = 50
; initial_layer_travel_acceleration = 100%
; initial_layer_travel_jerk = 100%
; initial_layer_travel_speed = 100%
; inner_wall_acceleration = 0
; inner_wall_filament_id = 0
; inner_wall_flow_ratio = 1
; inner_wall_jerk = 9
; inner_wall_line_width = 0.45
; inner_wall_speed = 100
; input_shaping_damp_x = 0.1
; input_shaping_damp_y = 0.1
; input_shaping_emit = 0
; input_shaping_freq_x = 0
; input_shaping_freq_y = 0
; input_shaping_type = Default
; interface_shells = 0
; interlocking_beam = 0
; interlocking_beam_layer_count = 2
; interlocking_beam_width = 0.8
; interlocking_boundary_avoidance = 2
; interlocking_depth = 2
; interlocking_orientation = 22.5
; internal_bridge_angle = 0
; internal_bridge_density = 100%
; internal_bridge_fan_speed = -1
; internal_bridge_flow = 0.95
; internal_bridge_speed = 150%
; internal_solid_filament_id = 0
; internal_solid_infill_acceleration = 100%
; internal_solid_infill_flow_ratio = 1
; internal_solid_infill_line_width = 0.42
; internal_solid_infill_pattern = monotonic
; internal_solid_infill_speed = 250
; ironing_angle = 0
; ironing_angle_fixed = 0
; ironing_fan_speed = -1
; ironing_flow = 10%
; ironing_inset = 0
; ironing_pattern = rectilinear
; ironing_spacing = 0.15
; ironing_speed = 30
; ironing_type = no ironing
; is_infill_first = 0
; lateral_lattice_angle_1 = -45
; lateral_lattice_angle_2 = 45
; layer_change_gcode = M73 L{layer_num+1}\n;LAYER:{layer_num+1}\nSET_PRINT_STATS_INFO TOTAL_LAYER=[total_layer_count] CURRENT_LAYER={layer_num+1}
; layer_height = 0.2
; lightning_overhang_angle = 45
; lightning_prune_angle = 45
; lightning_straightening_angle = 45
; line_width = 0.42
; long_retractions_when_cut = 0
; long_retractions_when_ec = 0
; machine_end_gcode = ;===== CC2_END_GCODE ================\n;===== date: 2026-01-16-001 =====================\n\n\nM140 S0 ;Turn-off bed\nM83\nG92 E0 ; zero the extruder\nG1 E-1.5 F1800\nG2 I0 J1 Z{max_layer_z+0.5} F3000 ; lower z a little\nM106 S0\nM106 P2 S0\nG90\n{if max_layer_z > 75}G1 Z{min(max_layer_z+5, printable_height+0.5)} F20000{else}G1 Z80 F20000 {endif}; Move print head up \nG180 S9\nM104 S0\nM84\n
; machine_load_filament_time = 51
; machine_max_acceleration_e = 5000,5000
; machine_max_acceleration_extruding = 20000,20000
; machine_max_acceleration_retracting = 5000,5000
; machine_max_acceleration_travel = 20000,20000
; machine_max_acceleration_x = 20000,20000
; machine_max_acceleration_y = 20000,20000
; machine_max_acceleration_z = 500,500
; machine_max_jerk_e = 1,1
; machine_max_jerk_x = 9,9
; machine_max_jerk_y = 9,9
; machine_max_jerk_z = 3,3
; machine_max_junction_deviation = 0.01
; machine_max_speed_e = 30,30
; machine_max_speed_x = 500,200
; machine_max_speed_y = 500,200
; machine_max_speed_z = 20,20
; machine_min_extruding_rate = 0,0
; machine_min_travel_rate = 0,0
; machine_pause_gcode = M600
; machine_start_gcode = ;===== CC2_START_GCODE ================\n;===== date: 2026-01-16-001 =====================\n\nG90\nM104 S140\nM140 S[bed_temperature_initial_layer_single]\nM190 S[bed_temperature_initial_layer_single] A\nM106 S0\nBED_MESH_CALIBRATE mesh_min={adaptive_bed_mesh_min[0]},{adaptive_bed_mesh_min[1]} mesh_max={adaptive_bed_mesh_max[0]},{adaptive_bed_mesh_max[1]} ALGORITHM=[bed_mesh_algo] PROBE_COUNT={bed_mesh_probe_count[0]},{bed_mesh_probe_count[1]} ADAPTIVE=0 ADAPTIVE_MARGIN=0 FROM_SLICER=1\nM204 S{min(20000,max(1000,outer_wall_acceleration))} ;Call exterior wall print acceleration\nG28\nM109 S[nozzle_temperature_initial_layer]\nM6211 A1 L200 T[initial_no_support_extruder] Q[nozzle_temperature_initial_layer] R[nozzle_temperature_initial_layer] S[nozzle_temperature_initial_layer]\nT[initial_no_support_extruder]\n\n{if first_layer_print_min[1] > 0.5}\nG180 S7\nG1 X{print_bed_max[0]*0.5-1} Y-1.2 F20000\nG1 Z0.5 F900\nM109 S[nozzle_temperature_initial_layer]\nM83\nG92 E0 ;Reset Extruder\nG1 E6 F{min(1200, max(120, filament_max_volumetric_speed[initial_no_support_extruder]*60/2/2.5043))} \nM106 S200\nG1 X{print_bed_max[0]*0.5-41} E20 F{min(12000, max(1200, filament_max_volumetric_speed[initial_no_support_extruder]*60/2/2.5043))} \nG1 F6000\nG1 X{print_bed_max[0]*0.5-46} E0.8\n{else}\nG1 E30 F{min(1200, max(120, filament_max_volumetric_speed[initial_no_support_extruder]*60/2/2.5043))}\n{endif}\nM106 S0\nG180 S8\nG1 F20000\nG92 E0 ;Reset Extruder\nSET_PRINT_STATS_INFO TOTAL_LAYER=[total_layer_count] CURRENT_LAYER=0\n;LAYER_COUNT:[total_layer_count]\n;LAYER:0
; machine_tool_change_time = 0
; machine_unload_filament_time = 0
; make_overhang_printable = 0
; make_overhang_printable_angle = 55
; make_overhang_printable_hole_size = 0
; manual_filament_change = 0
; master_extruder_id = 1
; max_bridge_length = 10
; max_layer_height = 0.28
; max_resonance_avoidance_speed = 120
; max_travel_detour_distance = 0
; max_volumetric_extrusion_rate_slope = 0
; max_volumetric_extrusion_rate_slope_segment_length = 3
; min_bead_width = 85%
; min_feature_size = 25%
; min_layer_height = 0.08
; min_length_factor = 0.5
; min_resonance_avoidance_speed = 70
; min_skirt_length = 0
; min_width_top_surface = 50%
; minimum_sparse_infill_area = 15
; mmu_segmented_region_interlocking_depth = 0
; mmu_segmented_region_max_width = 0
; notes = 
; nozzle_diameter = 0.4
; nozzle_flush_dataset = 0
; nozzle_height = 2.5
; nozzle_hrc = 0
; nozzle_temperature = 210,210,210,210
; nozzle_temperature_initial_layer = 210,210,210,210
; nozzle_temperature_range_high = 240,240,240,240
; nozzle_temperature_range_low = 190,190,190,190
; nozzle_type = hardened_steel
; nozzle_volume = 107
; nozzle_volume_type = Standard
; only_one_wall_first_layer = 0
; only_one_wall_top = 1
; ooze_prevention = 0
; other_layers_print_sequence = 0
; other_layers_print_sequence_nums = 0
; outer_wall_acceleration = 5000
; outer_wall_filament_id = 0
; outer_wall_flow_ratio = 1
; outer_wall_jerk = 9
; outer_wall_line_width = 0.42
; outer_wall_speed = 60
; overhang_1_4_speed = 0
; overhang_2_4_speed = 50
; overhang_3_4_speed = 30
; overhang_4_4_speed = 10
; overhang_fan_speed = 100,100,100,100
; overhang_fan_threshold = 50%,50%,50%,50%
; overhang_flow_ratio = 1
; overhang_reverse = 0
; overhang_reverse_internal_only = 0
; overhang_reverse_threshold = 50%
; parallel_printheads_bed_exclude_areas = 
; parallel_printheads_count = 1
; parking_pos_retraction = 90
; part_cooling_fan_min_pwm = 0
; physical_extruder_map = 0
; post_process = 
; precise_outer_wall = 0
; precise_z_height = 0
; preferred_orientation = 0
; preheat_steps = 1
; preheat_time = 30
; pressure_advance = 0.024,0.024,0.024,0.024
; prime_tower_brim_width = 3
; prime_tower_enable_framework = 0
; prime_tower_flat_ironing = 0
; prime_tower_infill_gap = 150%
; prime_tower_skip_points = 1
; prime_tower_width = 35
; prime_volume = 45
; print_compatible_printers = "Elegoo Centauri Carbon 2 0.4 nozzle"
; print_extruder_id = 1
; print_extruder_variant = "Direct Drive Standard"
; print_flow_ratio = 0.97
; print_order = default
; print_sequence = by layer
; print_settings_id = Tak v16 PLA - no supports
; printable_area = 0x0,256x0,256x256,0x256
; printable_height = 256
; printer_extruder_id = 1
; printer_extruder_variant = "Direct Drive Standard"
; printer_model = Elegoo Centauri Carbon 2
; printer_notes = 
; printer_settings_id = Elegoo Centauri Carbon 2 0.4 nozzle
; printer_structure = corexy
; printer_technology = FFF
; printer_variant = 0.4
; printing_by_object_gcode = 
; process_change_extrusion_role_gcode = 
; purge_in_prime_tower = 0
; raft_contact_distance = 0.1
; raft_expansion = 1.5
; raft_first_layer_density = 90%
; raft_first_layer_expansion = 2
; raft_layers = 0
; reduce_crossing_wall = 0
; reduce_fan_stop_start_freq = 1,1,1,1
; reduce_infill_retraction = 0
; relative_bridge_angle = 0
; required_nozzle_HRC = 3,3,3,3
; resolution = 0.012
; resonance_avoidance = 0
; retract_before_wipe = 0%
; retract_length_toolchange = 2
; retract_lift_above = 0
; retract_lift_below = 255
; retract_lift_enforce = All Surfaces
; retract_restart_extra = 0
; retract_restart_extra_toolchange = 0.5
; retract_when_changing_layer = 1
; retraction_distances_when_cut = 18
; retraction_distances_when_ec = 10
; retraction_length = 0.8
; retraction_minimum_travel = 0.8
; retraction_speed = 30
; role_based_wipe_speed = 0
; scan_first_layer = 1
; scarf_angle_threshold = 155
; scarf_joint_flow_ratio = 1
; scarf_joint_speed = 100%
; scarf_overhang_threshold = 40%
; seam_gap = 10%
; seam_position = aligned
; seam_slope_conditional = 1
; seam_slope_entire_loop = 0
; seam_slope_inner_walls = 1
; seam_slope_min_length = 0
; seam_slope_start_height = 0
; seam_slope_steps = 10
; seam_slope_type = none
; set_other_flow_ratios = 0
; silent_mode = 0
; single_extruder_multi_material = 1
; single_extruder_multi_material_priming = 0
; single_loop_draft_shield = 0
; skeleton_infill_density = 25%
; skeleton_infill_line_width = 100%
; skin_infill_density = 25%
; skin_infill_depth = 2
; skin_infill_line_width = 100%
; skirt_distance = 0
; skirt_height = 4
; skirt_loops = 0
; skirt_speed = 50
; skirt_start_angle = -135
; skirt_type = combined
; slice_closing_radius = 0.049
; slicing_mode = regular
; slow_down_for_layer_cooling = 1,1,1,1
; slow_down_layer_time = 4,4,4,4
; slow_down_layers = 0
; slow_down_min_speed = 20,20,20,20
; slowdown_for_curled_perimeters = 0
; small_area_infill_flow_compensation = 0
; small_area_infill_flow_compensation_model = 0,0;"\n0.2,0.4444";"\n0.4,0.6145";"\n0.6,0.7059";"\n0.8,0.7619";"\n1.5,0.8571";"\n2,0.8889";"\n3,0.9231";"\n5,0.9520";"\n10,1"
; small_perimeter_speed = 50%
; small_perimeter_threshold = 0
; solid_infill_direction = 45
; solid_infill_rotate_template = 
; sparse_infill_acceleration = 100%
; sparse_infill_density = 20%
; sparse_infill_filament_id = 0
; sparse_infill_flow_ratio = 1
; sparse_infill_line_width = 0.45
; sparse_infill_pattern = gyroid
; sparse_infill_rotate_template = 
; sparse_infill_speed = 200
; spiral_finishing_flow_ratio = 0
; spiral_mode = 0
; spiral_mode_max_xy_smoothing = 200%
; spiral_mode_smooth = 0
; spiral_starting_flow_ratio = 0
; staggered_inner_seams = 0
; standby_temperature_delta = -5
; start_end_points = 30x-3,54x245
; supertack_plate_temp = 35
; supertack_plate_temp_initial_layer = 35
; support_air_filtration = 0
; support_angle = 0
; support_base_pattern = rectilinear
; support_base_pattern_spacing = 1
; support_bottom_interface_spacing = 0.5
; support_bottom_z_distance = 0.2
; support_chamber_temp_control = 0
; support_critical_regions_only = 0
; support_expansion = 0
; support_filament = 0
; support_flow_ratio = 1
; support_interface_bottom_layers = 2
; support_interface_filament = 0
; support_interface_flow_ratio = 1
; support_interface_loop_pattern = 0
; support_interface_not_for_body = 1
; support_interface_pattern = auto
; support_interface_spacing = 0.5
; support_interface_speed = 80
; support_interface_top_layers = 2
; support_ironing = 0
; support_ironing_flow = 10%
; support_ironing_pattern = rectilinear
; support_ironing_spacing = 0.1
; support_line_width = 0.42
; support_material_interface_fan_speed = -1
; support_mms = 1
; support_multi_bed_types = 1
; support_object_first_layer_gap = 0.2
; support_object_skip_flush = 0
; support_object_xy_distance = 0.35
; support_on_build_plate_only = 1
; support_parallel_printheads = 0
; support_remove_small_overhang = 1
; support_speed = 150
; support_style = default
; support_threshold_angle = 30
; support_threshold_overlap = 50%
; support_top_z_distance = 0.2
; support_type = tree(auto)
; support_wan_network = 1
; symmetric_infill_y_axis = 0
; temperature_vitrification = 45,45,45,45
; template_custom_gcode = 
; textured_cool_plate_temp = 40
; textured_cool_plate_temp_initial_layer = 40
; textured_plate_temp = 60,60,60,60
; textured_plate_temp_initial_layer = 60,60,60,60
; thick_bridges = 0
; thick_internal_bridges = 1
; thumbnails = 144x144/PNG
; thumbnails_format = PNG
; time_cost = 0
; time_lapse_gcode = 
; timelapse_type = 0
; tool_change_on_wipe_tower = 0
; top_bottom_infill_wall_overlap = 5%
; top_shell_layers = 5
; top_shell_thickness = 1
; top_solid_infill_flow_ratio = 1.09
; top_surface_acceleration = 2000
; top_surface_density = 100%
; top_surface_filament_id = 0
; top_surface_jerk = 9
; top_surface_line_width = 0.42
; top_surface_pattern = monotonicline
; top_surface_speed = 200
; travel_acceleration = 0
; travel_jerk = 12
; travel_slope = 3
; travel_speed = 500
; travel_speed_z = 0
; tree_support_angle_slow = 30
; tree_support_auto_brim = 1
; tree_support_branch_angle = 45
; tree_support_branch_angle_organic = 45
; tree_support_branch_diameter = 2
; tree_support_branch_diameter_angle = 5
; tree_support_branch_diameter_organic = 2
; tree_support_branch_distance = 5
; tree_support_branch_distance_organic = 2
; tree_support_brim_width = 3
; tree_support_tip_diameter = 0.8
; tree_support_top_rate = 30%
; tree_support_wall_count = 0
; upward_compatible_machine = 
; use_3mf = 0
; use_firmware_retraction = 0
; use_relative_e_distances = 1
; volumetric_speed_coefficients = ""
; wall_direction = ccw
; wall_distribution_count = 1
; wall_generator = classic
; wall_loops = 4
; wall_maximum_deviation = 0.025
; wall_maximum_resolution = 0.5
; wall_sequence = inner wall/outer wall
; wall_transition_angle = 10
; wall_transition_filter_deviation = 25%
; wall_transition_length = 100%
; wipe = 1
; wipe_before_external_loop = 0
; wipe_distance = 1.2
; wipe_on_loops = 0
; wipe_speed = 100%
; wipe_tower_bridging = 10
; wipe_tower_cone_angle = 30
; wipe_tower_extra_flow = 100%
; wipe_tower_extra_rib_length = 0
; wipe_tower_extra_spacing = 100%
; wipe_tower_filament = 0
; wipe_tower_fillet_wall = 1
; wipe_tower_max_purge_speed = 90
; wipe_tower_no_sparse_layers = 0
; wipe_tower_rib_width = 8
; wipe_tower_rotation_angle = 0
; wipe_tower_type = type2
; wipe_tower_wall_type = rib
; wipe_tower_x = 212.000
; wipe_tower_x = 212
; wipe_tower_y = 212.000
; wipe_tower_y = 212
; wiping_volumes_extruders = 70,70,70,70,70,70,70,70,70,70
; wrapping_detection_gcode = 
; wrapping_detection_layers = 20
; wrapping_exclude_area = 
; xy_contour_compensation = 0
; xy_hole_compensation = 0
; z_hop = 0.4
; z_hop_types = Auto Lift
; z_offset = 0
; zaa_dont_alternate_fill_direction = 0
; zaa_enabled = 0
; zaa_min_z = 0.05
; zaa_minimize_perimeter_height = 35
; first_layer_bed_temperature = 60
; bed_shape = 0x0,256x0,256x256,0x256
; first_layer_temperature = 210
; first_layer_height = 0.200
; CONFIG_BLOCK_END


